sample,entry,label,hold,n,mean_pct,median_pct,win_rate,std_pct,t_pooled,t_dateclust,base_rate_pct,excess_pct,n_days,p_pooled,p_dateclust,t_excess_welch,p_excess_welch,t_excess_dateclust,p_excess_dateclust,mean_net5bps,t_net5bps_pooled,t_net5bps_dateclust,breakeven_bps,signals_per_day
full,BASE_RATE,"unconditional (any symbol, any day)",1,173283,0.06654572939465868,0.07553240250404158,0.5246504273356302,1.9513282993228283,14.196059983471256,3.4738633432217627,0.06654572939465868,0.0,,,,,,,,,,,,
full,a1_ret5_topdec,(a) top-decile 5d return,1,17622,0.08459551853883479,0.07785824442272382,0.5228691408466689,2.298578377991074,4.885574476960552,3.1218904075347758,0.06654572939465868,0.018049789144176112,2937.0,1.0312771276943522e-06,0.0017969381706222087,1.117650164516351,0.26371643489274166,0.9069573187311731,0.3644293681793451,0.034595518538834816,1.997966148915517,1.2767037703126003,8.459551853883479,5.9959169785641375
full,a1_ret5_topdec_INV,(a-inv) bottom-decile 5d return,1,14685,0.09544973789292065,0.08630330445478229,0.5236636023152877,2.4437283598839157,4.733242840565188,3.024118885526617,0.06654572939465868,0.02890400849826197,2937.0,2.209608623182646e-06,0.002493584283269401,1.5239922414596183,0.12751064931630163,1.4150378589114894,0.15705739613790115,0.045449737892920686,2.25380028521992,1.4399768269495716,9.544973789292065,4.996597482136782
full,a2_ret10_topdec,(a) top-decile 10d return,1,17622,0.07552204335114135,0.07032797674562108,0.520769492679605,2.3134957542189527,4.333438360963266,2.7443061764949643,0.06654572939465868,0.00897631395648267,2937.0,1.4679839543507711e-05,0.006063895159090338,0.552532157588253,0.5805838084920674,0.454381347720581,0.64955437498989,0.025522043351141378,1.464449276005084,0.9274153359391453,7.552204335114135,5.9959169785641375
full,a2_ret10_topdec_INV,(a-inv) bottom-decile 10d return,1,14685,0.06504698150022294,0.0648751450409879,0.5179434797412326,2.448230710161031,3.219673121677184,2.0220766236259324,0.06654572939465868,-0.0014987478944357424,2937.0,0.0012833684317083982,0.04316843658375635,-0.07888643581227164,0.9371229522705309,-0.06997523134425994,0.9442133738251233,0.015046981500222968,0.7447903158807713,0.46775651761224946,6.504698150022294,4.996597482136782
full,a3_ret20_topdec,(a) top-decile 20d return,1,17622,0.10115304840626893,0.09527000645666028,0.5279763931449325,2.2966055886408747,5.846825825614516,3.681475164355253,0.06654572939465868,0.03460731901161025,2937.0,5.010416526118888e-09,0.000231888380690215,2.1445868721804926,0.03198589284867848,1.7259779266504085,0.08435138390973362,0.05115304840626896,2.95673703554096,1.8617202373613306,10.115304840626893,5.9959169785641375
full,a3_ret20_topdec_INV,(a-inv) bottom-decile 20d return,1,14685,0.0754024132652743,0.06616981899936203,0.5184201566224038,2.491876475142637,3.666871669285101,2.360980846234864,0.06654572939465868,0.008856683870615625,2937.0,0.00024553594043830174,0.01822667197454786,0.45849040691780046,0.646600152995054,0.4183349465016485,0.6757022423303192,0.025402413265274322,1.2353369806109957,0.7953937887433069,7.540241326527431,4.996597482136782
full,b1_ma20_up,(b) close>SMA20 & SMA20 rising,1,84289,0.05738758716053702,0.06870319000282787,0.5237219566016919,1.7575571339555982,9.479686263310018,2.863357225360041,0.06654572939465868,-0.00915814223412166,2915.0,0.0,0.004191776794585822,-1.910913238764807,0.05601573146933703,-0.7640242514585699,0.4448527906663584,0.007387587160537052,1.2203337339979083,0.31973792841891496,5.7387587160537015,28.67948281728479
full,b1_ma20_up_INV,(b-inv) close<SMA20 & SMA20 falling,1,59826,0.08893951746878256,0.09509716380226019,0.5291177748804867,2.2092827115005136,9.846649025465462,3.018171388849475,0.06654572939465868,0.022393788074123885,2930.0,0.0,0.002543050371045741,3.2587464360165597,0.0011190563765266504,0.0415690296268965,0.9668422626692057,0.03893951746878258,4.311061861457295,0.8245227834498041,8.893951746878257,20.355903368492683
full,b2_ma50_up,(b) close>SMA50 & SMA50 rising,1,89233,0.049034418146171994,0.06849822121013371,0.5244136137975861,1.745669922269743,8.39076666527425,3.028584749078282,0.06654572939465868,-0.017511311248486684,2920.0,0.0,0.0024570215083006275,-3.82578744534743,0.00013035473044142876,-0.05001398102558849,0.9601112470180326,-0.0009655818538279786,-0.165230308383419,0.5799970748839698,4.903441814617199,30.361687648860155
full,b2_ma50_up_INV,(b-inv) close<SMA50 & SMA50 falling,1,55799,0.10025513091215583,0.08692096421201168,0.5254036810695533,2.2754119162685833,10.40782037273989,2.897870578057696,0.06654572939465868,0.033709401517497156,2923.0,0.0,0.0037570559242132706,4.545313869025346,5.4853452318148754e-06,0.19753870754754058,0.843405993902077,0.05025513091215587,5.217153182918314,0.742862163692085,10.025513091215583,18.98570942497448
full,c1_rsi_gt60,(c) RSI(14)>60,1,49881,0.05380162659691372,0.06459745586573362,0.5243279004029591,1.690231175626187,7.109136841657842,2.626058926390168,0.06654572939465868,-0.01274410279774496,2829.0,1.1677325773007396e-12,0.008637986206353254,-1.8734470422473242,0.06100667915160063,-0.48784024147010735,0.6256630051865641,0.0038016265969137457,0.5023320930578737,0.2706922263088069,5.380162659691372,16.972099353521607
full,c1_rsi_gt60_INV,(c-inv) RSI(14)<40,1,27188,0.11471022109871923,0.10780980517147709,0.5306017360600265,2.505818438583729,7.548160859632244,2.776613163340652,0.06654572939465868,0.04816449170406055,2777.0,4.418687638008123e-14,0.005492851012329325,3.5854793196235235,0.0003364596663741892,0.46538898253740935,0.6416529225936332,0.06471022109871924,4.25806134307028,0.9405909156366962,11.471022109871923,9.250765566519224
full,c2_rsi_gt70,(c) RSI(14)>70,1,14047,0.04618119429477704,0.06078093159256337,0.5233857763223464,1.7626038653198364,3.1052904885911277,2.345196268107475,0.06654572939465868,-0.02036453509988164,2353.0,0.0019009223557961974,0.019017065964284985,-1.4144572571473983,0.15722768878744464,0.8272803135515123,0.40807819930163647,-0.00381880570522294,-0.25678203466356636,0.46618976541636775,4.618119429477704,4.779516842463423
full,c2_rsi_gt70_INV,(c-inv) RSI(14)<30,1,5329,0.2232941128363849,0.1715149093060253,0.5462563332707825,3.419008584304086,4.767601436243232,2.4734355398478596,0.06654572939465868,0.1567483834417262,1522.0,1.8643213626212685e-06,0.013382094289323465,3.4364101385413197,0.0005894778654171873,0.9771582047585928,0.3284908359700387,0.1732941128363849,3.7000405015452773,1.5669298451671985,22.32941128363849,1.8132017693092888
full,d_macd_cross_up,(d) MACD bullish crossover,1,6860,0.050613321970635235,0.04823390961148366,0.5151603498542274,1.7641889774303254,2.3761934609918365,1.909484444284226,0.06654572939465868,-0.015932407424023444,2193.0,0.017492288872588357,0.05619962655580002,-0.7597647118295725,0.44739523973250006,0.37076672868042687,0.7108112845187169,0.0006133219706352647,0.02879423043900732,0.29295784821504683,5.061332197063524,2.3341272541680844
full,d_macd_cross_up_INV,(d-inv) MACD bearish crossover,1,6872,0.02792329375307694,0.06053898319041684,0.5186263096623981,1.9758249230759983,1.1715471212560558,0.7857496491156807,0.06654572939465868,-0.03862243564158174,2205.0,0.2413789287495005,0.43201416994753217,-1.654401500341443,0.09804596183716674,-1.5843923074204793,0.11310447139314994,-0.022076706246923025,-0.9262482384460193,-0.7387298830246857,2.792329375307694,2.338210275603947
full,e_20d_high,(e) new 20-day high,1,14328,0.017314766314201625,0.03829720775101464,0.513749302065885,1.7290897281488848,1.198648621149294,1.3240312975224515,0.06654572939465868,-0.04923096308045705,2425.0,0.230664603922083,0.18549265060799325,-3.51532807981984,0.0004392110303639285,-0.49900904527993545,0.6177730118234781,-0.03268523368579835,-2.2626993387309327,-0.5234078863742542,1.7314766314201626,4.875127594419871
full,e_20d_high_INV,(e-inv) new 20-day low,1,8609,0.1208834414202894,0.10767414450478796,0.5246834707863863,2.6656633724413745,4.207633117580008,1.9774118222664003,0.06654572939465868,0.054337712025630716,1864.0,2.5805938923539884e-05,0.047995098722316776,1.9641383587135874,0.04951404887946409,0.5480269213598231,0.5836734176554774,0.0708834414202894,2.4672652606827,0.722245303995193,12.088344142028939,2.9292276284450494
full,f_relvol_up,(f) relvol>1.5 & up day,1,6930,-0.06561842214400959,-1.1394791754604228e-05,0.49927849927849927,2.370569489885058,-2.3043036613943735,-0.3044747995456632,0.06654572939465868,-0.13216415153866828,2130.0,0.02120560357756851,0.7607661889837156,-4.76900577012496,1.8513735815517407e-06,-1.5611307060143635,0.11849291443889687,-0.11561842214400957,-4.060139588336679,-1.4207321126551393,-6.56184221440096,2.3579448792106157
full,f_relvol_up_INV,(f-inv) relvol>1.5 & down day,1,7937,0.09818743180075162,0.13157137231889493,0.5299231447650246,2.657530344661426,3.2915909434377264,2.2722237363067808,0.06654572939465868,0.031641702406092945,2056.0,0.0009962240016068158,0.02307300032409021,1.0981170992894096,0.2721533596220618,0.7438372634819759,0.45697493345542006,0.04818743180075166,1.615413614491372,1.0431773755526548,9.818743180075163,2.700578428036747
full,g_adx_bull,(g) ADX>25 & +DI>-DI,1,39120,0.04519352816426219,0.06313582969648124,0.5223415132924335,1.8215900278311414,4.907101374824477,2.365625911608234,0.06654572939465868,-0.021352201230396488,2861.0,9.243226366528745e-07,0.017999621564340318,-2.579942478010601,0.009881677354319995,-0.6145480983366726,0.5388531994540189,-0.00480647183573778,-0.5218854449132173,0.14578828087484672,4.519352816426219,13.310649880911875
full,g_adx_bull_INV,(g-inv) ADX>25 & -DI>+DI,1,26816,0.1038674471374847,0.11034443504093217,0.5329653937947494,2.5295587834820554,6.724061544534895,2.5545844890399874,0.06654572939465868,0.03732171774282603,2826.0,1.7672752150588167e-11,0.010631462461145214,2.731176927443291,0.006310858193546043,0.047954092617515306,0.9617528292684139,0.05386744713748473,3.487214134761479,0.6103518994890569,10.38674471374847,9.124191902007485
full,BASE_RATE,"unconditional (any symbol, any day)",2,173224,0.13225956581397155,0.13500142318512154,0.5303248972428762,2.706872043901442,20.33589998565148,3.8051358265953414,0.13225956581397155,0.0,,,,,,,,,,,,
full,a1_ret5_topdec,(a) top-decile 5d return,2,17616,0.1655620900495778,0.12949502099594,0.5249205267938238,3.1931179033129222,6.881761167330901,3.540951436524733,0.13225956581397155,0.03330252423560626,2936.0,5.9117155615240335e-12,0.00039868695311939817,1.4843402937029815,0.13771866575165248,1.0085914135879805,0.3131706269393857,0.1155620900495778,4.803458952956176,2.4715787813884065,16.556209004957783,5.993875467846206
full,a1_ret5_topdec_INV,(a-inv) bottom-decile 5d return,2,14680,0.18120495157210367,0.1317714405852599,0.52425068119891,3.343730699914439,6.566013875008629,3.219093948539049,0.13225956581397155,0.04894538575813212,2936.0,5.167999361788134e-11,0.00128596345389842,1.884150180675253,0.05954466415159976,1.4083246396342533,0.15903496283074947,0.13120495157210368,4.7542494011233964,2.3308472641601927,18.120495157210367,4.9948962232051715
full,a2_ret10_topdec,(a) top-decile 10d return,2,17616,0.1553746221105743,0.14333615246614473,0.5264532243415078,3.185759088814215,6.473226530393737,3.2245917182452604,0.13225956581397155,0.023115056296602737,2936.0,9.59319290672056e-11,0.0012615243951636934,1.032449367857265,0.30186165519408115,0.6761128956746743,0.4989689697249098,0.10537462211057427,4.3901236264372,2.1869088346304446,15.537462211057429,5.993875467846206
full,a2_ret10_topdec_INV,(a-inv) bottom-decile 10d return,2,14680,0.13223665953532177,0.13154876587470055,0.5241825613079019,3.38338556552609,4.735473444349743,2.281302017770585,0.13225956581397155,-2.2906278649786893e-05,2936.0,2.185443209290483e-06,0.022530581412668393,-0.0008720775454142526,0.9993041828788882,-0.0006168872301106912,0.9995077952345564,0.08223665953532179,2.944943699803055,1.418718969398426,13.223665953532176,4.9948962232051715
full,a3_ret20_topdec,(a) top-decile 20d return,2,17616,0.20790993729307514,0.17639440899555048,0.532413714804723,3.14776539417903,8.766506147933537,4.384706807487889,0.13225956581397155,0.07565037147910358,2936.0,0.0,1.1614209902255368e-05,3.4162715535925723,0.0006348490512082527,2.151854325634019,0.03140882955248392,0.15790993729307518,6.658260081855406,3.3302341678980145,20.790993729307512,5.993875467846206
full,a3_ret20_topdec_INV,(a-inv) bottom-decile 20d return,2,14680,0.16011128692751384,0.10326575767767299,0.5188010899182561,3.4562139048856073,5.612861978551617,2.7648837663334898,0.13225956581397155,0.027851721113542283,2936.0,1.9900733061462006e-08,0.005694308207759402,1.0393443778412421,0.2986446026358487,0.7392721405884723,0.45974176274273715,0.11011128692751389,3.8600617586980706,1.9014581392616097,16.011128692751385,4.9948962232051715
full,b1_ma20_up,(b) close>SMA20 & SMA20 rising,2,84266,0.11173759957276844,0.118798435219436,0.5290627299266608,2.4891659713986303,13.030817773932228,3.36726614125699,0.13225956581397155,-0.020521966241203116,2914.0,0.0,0.0007591738446826035,-3.0837169939008215,0.0020443196394532848,-0.7375332285224482,0.46079814382764583,0.06173759957276844,7.1998272104352985,1.9306640526495156,11.173759957276843,28.671657026199387
full,b1_ma20_up_INV,(b-inv) close<SMA20 & SMA20 falling,2,59803,0.17012852780437346,0.16932341430371256,0.5336688794876511,3.0146014250806727,13.800941950953886,3.08778800838813,0.13225956581397155,0.037868961990401906,2929.0,0.0,0.002016522648100816,4.006644432923866,6.158747019435751e-05,-0.27821220595311963,0.7808494656095677,0.12012852780437351,9.744907925072221,1.8651334144657468,17.012852780437346,20.34807757740728
full,b2_ma50_up,(b) close>SMA50 & SMA50 rising,2,89203,0.09535817919457892,0.11230614638080283,0.5279418853625999,2.441576757086737,11.664800031961258,3.4247500001910978,0.13225956581397155,-0.03690138661939263,2919.0,0.0,0.0006153653898464118,-5.813479796579651,6.1187359623460225e-09,-0.3714773781742436,0.710282002094901,0.045358179194578976,5.548491955147442,1.9890768957626015,9.535817919457893,30.3514800952705
full,b2_ma50_up_INV,(b-inv) close<SMA50 & SMA50 falling,2,55782,0.1991514496388271,0.1687638351958176,0.5331827471227277,3.114664091415323,15.101472520623929,3.3053086048239697,0.13225956581397155,0.06689188382485556,2922.0,0.0,0.0009487187584940049,6.553258888979344,5.629474664203826e-11,0.44213858761352465,0.6583889226721842,0.14915144963882715,11.31001819076308,2.1234598170022347,19.91514496388271,18.97992514460701
full,c1_rsi_gt60,(c) RSI(14)>60,2,49870,0.10488221375075504,0.11631072237953122,0.5293763785843192,2.3769970631438295,9.853553624063018,3.2608803830553654,0.13225956581397155,-0.02737735206321651,2828.0,0.0,0.0011106688358237804,-2.880083259117632,0.003975701650740016,-0.37121148161268464,0.7104800220222569,0.05488221375075507,5.156115768928082,1.912116343552683,10.488221375075504,16.968356583872065
full,c1_rsi_gt60_INV,(c-inv) RSI(14)<40,2,27178,0.2197350126413237,0.2127715686103815,0.5401059680624034,3.3506398090934826,10.811358438559452,3.218840382232933,0.13225956581397155,0.08747544682735214,2776.0,0.0,0.0012871010976263086,4.846654146771589,1.2556103616834235e-06,0.8613919698928022,0.3890221972319936,0.16973501264132373,8.35126837175545,2.204350916522432,21.97350126413237,9.247363048656005
full,c2_rsi_gt70,(c) RSI(14)>70,2,14046,0.08810190494120058,0.07997589477310996,0.5222127296027339,2.474024025029243,4.220439880261876,2.9883641722140264,0.13225956581397155,-0.04415766087277097,2352.0,2.4382607773709708e-05,0.0028047513708706617,-2.1877482063854923,0.02868794850727907,0.895277607807963,0.37063870727766046,0.0381019049412006,1.8252363468770951,1.863634286999764,8.810190494120059,4.779176590677101
full,c2_rsi_gt70_INV,(c-inv) RSI(14)<30,2,5329,0.29569731309434405,0.36781737509656853,0.5535747795083505,4.337477546447712,4.976603019781726,2.2367485490344445,0.13225956581397155,0.1634377472803725,1522.0,6.470984308393213e-07,0.025302778987463803,2.821452482948734,0.004780671924174751,0.634113694479094,0.526006626171978,0.2456973130943441,4.1351001045702676,1.7179184837507417,29.569731309434406,1.8132017693092888
full,d_macd_cross_up,(d) MACD bullish crossover,2,6860,0.16137800575325284,0.12428731424856121,0.5290087463556852,2.492350350321063,5.362870513012233,2.783515541662336,0.13225956581397155,0.029118439939281288,2193.0,8.190972522470474e-08,0.005377328616074095,0.9837701139875299,0.32522855692530417,0.1428853307854115,0.8863807440292617,0.11137800575325285,3.7012839517022402,1.7017689854861773,16.137800575325283,2.3341272541680844
full,d_macd_cross_up_INV,(d-inv) MACD bearish crossover,2,6871,0.10730852166883091,0.13606637054059956,0.5300538495124436,2.659041262495249,3.3451770566736214,2.22554317372575,0.13225956581397155,-0.02495104414514064,2204.0,0.0008223005847600717,0.02604479617884392,-0.7931165079834169,0.42770994574693244,-0.40534075571014555,0.6852270525165667,0.05730852166883098,1.7865044533004706,1.2834142257982468,10.730852166883091,2.337870023817625
full,e_20d_high,(e) new 20-day high,2,14325,0.038906899312023804,0.06367985017066147,0.5151134380453752,2.47134183388134,1.8842612442142834,1.6756724606867461,0.13225956581397155,-0.09335266650194775,2424.0,0.0595296469618769,0.09380236693597199,-4.678564225232505,2.8889068430792975e-06,-0.7151255606998481,0.47453146088236786,-0.011093100687976162,-0.5372388978337482,0.508267302714246,3.8906899312023806,4.8741068390609055
full,e_20d_high_INV,(e-inv) new 20-day low,2,8604,0.2019988217333975,0.2361095865663132,0.5421896792189679,3.4517714218906126,5.428214593326933,2.139595411447238,0.13225956581397155,0.06973925591942595,1863.0,5.6920577140573414e-08,0.03238747776984274,1.9420609562524853,0.05212972140014083,0.5800000214300468,0.5619146033455646,0.15199882173339752,4.084589282360711,1.3256544170154576,20.199882173339752,2.92752636951344
full,f_relvol_up,(f) relvol>1.5 & up day,2,6927,-0.0035032864813710506,0.03449043833116949,0.5075790385448246,3.1328409857032624,-0.09307003884443368,1.1331143232737995,0.13225956581397155,-0.1357628522953426,2129.0,0.9258479196361193,0.2571662471434908,-3.7006870619699317,0.00021501650755473278,-0.7764289037258445,0.43749578409506285,-0.053503286481371023,-1.4213947325190661,0.40127822725071555,-0.35032864813710507,2.35692412385165
full,f_relvol_up_INV,(f-inv) relvol>1.5 & down day,2,7935,0.19960699275993765,0.2766109462304156,0.5509766855702584,3.400946540252769,5.2281665238500015,2.599731055176564,0.13225956581397155,0.0673474269459661,2055.0,1.711992831943121e-07,0.0093296847409019,1.8219297923048892,0.06846563915110715,1.135383624180924,0.25621461797096723,0.14960699275993772,3.9185514518625735,1.8382534669893864,19.960699275993765,2.6998979244641035
full,g_adx_bull,(g) ADX>25 & +DI>-DI,2,39106,0.0979244537760581,0.10619511644167634,0.5260829540224007,2.5328919284937297,7.645329292098582,2.910861153731269,0.13225956581397155,-0.03433511203791345,2860.0,2.0872192862952943e-14,0.003604341478218309,-2.9853239683702806,0.002832781298796938,-0.47153870052483066,0.6372560898222699,0.04792445377605813,3.7416418078760194,1.6518661558641075,9.79244537760581,13.305886355903368
full,g_adx_bull_INV,(g-inv) ADX>25 & -DI>+DI,2,26809,0.1917578499555966,0.2120740670753518,0.5402663284717819,3.401395436327512,9.23073608531477,2.8135221932869476,0.13225956581397155,0.05949828414162506,2825.0,0.0,0.004900200350373307,3.225469577258696,0.001257662015010208,-0.14589021328728516,0.8840080575921512,0.14175784995559662,6.823863019244142,1.7178975799947038,19.17578499555966,9.121810139503232
full,BASE_RATE,"unconditional (any symbol, any day)",3,173165,0.19893166953797625,0.19989138126808026,0.5370831288077845,3.310785928699158,25.003619735487575,3.9533508260825814,0.19893166953797625,0.0,,,,,,,,,,,,
full,a1_ret5_topdec,(a) top-decile 5d return,3,17610,0.2300834686048328,0.21866171999719297,0.5370812038614423,3.8387625935367025,7.953784860263159,3.5277624847245415,0.19893166953797625,0.031151799066856556,2935.0,1.7763568394002505e-15,0.00041908801894674497,1.1530546290672379,0.24888796258846302,0.6921385405049659,0.4888503304408536,0.18008346860483287,6.225328463875174,2.7611358109100372,23.008346860483282,5.991833957128275
full,a1_ret5_topdec_INV,(a-inv) bottom-decile 5d return,3,14675,0.27947465040727004,0.19209139598590497,0.528313458262351,4.1257988422127925,8.205847220926595,3.460835256544117,0.19893166953797625,0.08054298086929379,2935.0,2.220446049250313e-16,0.0005385022467541134,2.5137270557962785,0.011946285045714156,1.6778662112946732,0.09337322004140969,0.22947465040727005,6.737762868916769,2.841667247656595,27.947465040727003,4.993194964273562
full,a2_ret10_topdec,(a) top-decile 10d return,3,17610,0.24719580958836848,0.23196556939955038,0.5371379897785349,3.8667840497514208,8.483417952403551,3.6267284497257943,0.19893166953797625,0.04826414005039223,2935.0,0.0,0.0002870348751646823,1.7746186226395997,0.07596088020865133,0.9987307694505039,0.31792513093591257,0.19719580958836846,6.767487175395199,2.8931544349063207,24.719580958836847,5.991833957128275
full,a2_ret10_topdec_INV,(a-inv) bottom-decile 10d return,3,14675,0.21294444761703352,0.18107129380200426,0.5281090289608177,4.152838354035847,6.211698223831631,2.5658525569400497,0.19893166953797625,0.014012778079057264,2935.0,5.241500566910418e-10,0.010292256748339446,0.4346611524933274,0.6638084000021736,0.2720277890085656,0.7856006522219228,0.16294444761703353,4.753172703832406,1.9633826203783404,21.294444761703353,4.993194964273562
full,a3_ret20_topdec,(a) top-decile 20d return,3,17610,0.31568892084610795,0.2490537402295323,0.5429301533219761,3.813814214948059,10.98447956821129,4.726649308134976,0.19893166953797625,0.1167572513081317,2935.0,0.0,2.2825497199008282e-06,4.347481923001206,1.3770941660107283e-05,2.3605989497239075,0.01824545012271206,0.26568892084610796,9.244716332496406,3.978024792667878,31.568892084610795,5.991833957128275
full,a3_ret20_topdec_INV,(a-inv) bottom-decile 20d return,3,14675,0.2423150268178519,0.1620946430940906,0.5243611584327087,4.283604139276649,6.8526740120329395,2.8662813781456173,0.19893166953797625,0.043383357279875634,2935.0,7.248202038567797e-12,0.0041532491328086785,1.3070199464037873,0.19120593729321955,0.8103730863162888,0.41772578133840366,0.1923150268178519,5.438672969253185,2.274844393038581,24.231502681785187,4.993194964273562
full,b1_ma20_up,(b) close>SMA20 & SMA20 rising,3,84235,0.16945058673107585,0.18091066197460925,0.5362141627589482,3.028892963164332,16.23698691885925,3.6548356344979283,0.19893166953797625,-0.0294810828069004,2913.0,0.0,0.0002573467963620235,-3.6220639253981957,0.00029226187218345245,-0.6134020174635475,0.5396105524032397,0.11945058673107589,11.445918551351053,2.6380472455481256,16.945058673107585,28.66110922082341
full,b1_ma20_up_INV,(b-inv) close<SMA20 & SMA20 falling,3,59786,0.25575932225564413,0.24667339221704498,0.541146756765798,3.7098953335673257,16.8565838093206,3.274262040674868,0.19893166953797625,0.056827652717667876,2928.0,0.0,0.0010593832235996636,4.899332656509343,9.616271303691803e-07,-0.22030634866167076,0.8256325761063621,0.2057593222556442,13.56118412248698,2.4246167293303964,25.57593222556441,20.34229329703981
full,b2_ma50_up,(b) close>SMA50 & SMA50 rising,3,89172,0.14415499320761607,0.1717848439075409,0.5349885614318396,2.978894000240595,14.450700294583129,3.522286366502572,0.19893166953797625,-0.05477667633036018,2918.0,0.0,0.0004278417157106418,-7.053703705604298,1.7421619702417956e-12,-0.5993168379012164,0.548961621627271,0.0941549932076161,9.438490875735313,2.4960958600864687,14.415499320761608,30.34093228989452
full,b2_ma50_up_INV,(b-inv) close<SMA50 & SMA50 falling,3,55764,0.29197106340656925,0.24733298045204188,0.5396313033498314,3.8303042327440266,18.000455726503517,3.384853004002037,0.19893166953797625,0.093039393868593,2921.0,0.0,0.0007121638143452458,7.427162248908312,1.1102230246251565e-13,0.2940411688284338,0.7687264449736833,0.24197106340656924,14.917880433513279,2.5610894029958904,29.197106340656926,18.973800612453214
full,c1_rsi_gt60,(c) RSI(14)>60,3,49854,0.1618941813471502,0.18156428115759793,0.5387531592249368,2.896627188004456,12.479254507584335,3.5123218808300525,0.19893166953797625,-0.03703748819082606,2827.0,0.0,0.00044420964944036356,-3.1913420396099395,0.00141613522796602,-0.10765954566699408,0.9142657608135278,0.11189418134715022,8.625115216183545,2.5630363956295255,16.18941813471502,16.962912555290917
full,c1_rsi_gt60_INV,(c-inv) RSI(14)<40,3,27174,0.3368544742296237,0.3047653761576341,0.548539044675057,4.130208867790327,13.444575394197114,3.491744990119158,0.19893166953797625,0.13792280469164747,2775.0,0.0,0.000479876160475623,6.205354822268659,5.457363450034336e-10,1.0645343507726313,0.2870867016942469,0.28685447422962373,11.448969513505688,2.776158004186933,33.68544742296237,9.246002041510717
full,c2_rsi_gt70,(c) RSI(14)>70,3,14044,0.1489070048429635,0.15313807973438287,0.5338934776416975,2.9739898663456747,5.933638094610377,2.8400867741723173,0.19893166953797625,-0.050024664695012766,2351.0,2.9629456665958287e-09,0.004510126355738109,-2.0578698271988114,0.03960263083513693,0.570176534116177,0.5685579700953416,0.09890700484296355,3.9412408595481474,2.041251858070908,14.89070048429635,4.7784960871044575
full,c2_rsi_gt70_INV,(c-inv) RSI(14)<30,3,5329,0.45054823278349526,0.5255761944225945,0.570651154062676,5.373978261042132,6.120237074948096,2.175304015958192,0.19893166953797625,0.251616563245519,1522.0,9.343623652569022e-10,0.029607341788703945,3.5065063594563637,0.00045403058689119646,0.4131886989071895,0.6794683673049595,0.4005482327834952,5.441038197933624,1.8099599448240096,45.054823278349524,1.8132017693092888
full,d_macd_cross_up,(d) MACD bullish crossover,3,6857,0.19060954740878644,0.19020411899510759,0.5393029021437946,3.1247630354308065,5.051200835921657,2.578445788710086,0.19893166953797625,-0.008322122129189813,2192.0,4.3904114743753553e-07,0.009924587092652537,-0.22447219410616642,0.8223899007741511,-0.3770960500138898,0.7061022265296457,0.14060954740878645,3.7261882894386855,1.7452607237405482,19.060954740878643,2.333106498809119
full,d_macd_cross_up_INV,(d-inv) MACD bearish crossover,3,6867,0.15845011603038198,0.20511763283721507,0.5363331877093345,3.3126662887661804,3.9636782823152044,2.887411498052422,0.19893166953797625,-0.040481553507594276,2203.0,7.38036994523128e-05,0.003884258629689885,-1.033379238590842,0.3014264584338484,0.057227633407626724,0.9543638659498341,0.108450116030382,2.7129129368498885,2.18413836907668,15.845011603038198,2.3365090166723377
full,e_20d_high,(e) new 20-day high,3,14325,0.08785470121332112,0.1106443350916475,0.5232111692844678,2.9962044496825793,3.509464686568892,2.3592925494037216,0.19893166953797625,-0.11107696832465513,2424.0,0.0004490096789702136,0.01830981497991724,-4.587400968756754,4.487981997591817e-06,-0.2119420404187889,0.8321522520260296,0.03785470121332115,1.5121528534505286,1.496507268722666,8.785470121332112,4.8741068390609055
full,e_20d_high_INV,(e-inv) new 20-day low,3,8603,0.36607542976728896,0.312528086136421,0.5487620597466,4.100526938957332,8.280486871772732,2.566208309593325,0.19893166953797625,0.1671437602293127,1862.0,0.0,0.010281706089789289,3.914079992219073,9.074954973953275e-05,0.6769841092292569,0.49841603673304924,0.316075429767289,7.149505904675792,1.96190599577982,36.607542976728894,2.927186117727118
full,f_relvol_up,(f) relvol>1.5 & up day,3,6927,-0.0048303758843642325,0.04833831059340987,0.5085895770174679,3.924485393767688,-0.10244029117541287,1.7244777631945016,0.19893166953797625,-0.2037620454223405,2129.0,0.9184072041379423,0.0846216299018141,-4.437143636270478,9.116046680635037e-06,-0.458154237636617,0.6468416347241286,-0.054830375884364284,-1.1628162704755831,1.146465236578653,-0.48303758843642325,2.35692412385165
full,f_relvol_up_INV,(f-inv) relvol>1.5 & down day,3,7934,0.23484593683444463,0.3167261818060707,0.5476430552054449,4.189021473549613,4.993632319218809,2.6376742463597767,0.19893166953797625,0.03591426729646838,2054.0,5.925415604846052e-07,0.008347672729910549,0.788922281245098,0.4301574321139625,0.8447311798502994,0.39826094662995937,0.18484593683444472,3.9304603549665433,2.043681809644056,23.484593683444462,2.6995576726777815
full,g_adx_bull,(g) ADX>25 & +DI>-DI,3,39089,0.15490229417594906,0.1542971389335568,0.5338074650157333,3.0621465325709742,10.00136232267249,3.231838355896087,0.19893166953797625,-0.044029375362027195,2859.0,0.0,0.0012299661160497521,-3.1539770197292816,0.0016106176795820382,-0.29604615846863036,0.7671948310883687,0.10490229417594911,6.773081432490122,2.3413708506276794,15.490229417594906,13.300102075535897
full,g_adx_bull_INV,(g-inv) ADX>25 & -DI>+DI,3,26804,0.2770874895322893,0.2832761720202859,0.5438367407849575,4.157480065577252,10.911552510294035,2.8157095181499745,0.19893166953797625,0.07815581999431304,2824.0,0.0,0.004866965023520464,3.4658479917118212,0.0005285620228834276,-0.348652548083792,0.7273501724828555,0.22708748953228927,8.942580087772862,2.0447985729393827,27.70874895322893,9.120108880571623
full,BASE_RATE,"unconditional (any symbol, any day)",4,173106,0.26529808473074384,0.27042199303045633,0.5416334500248403,3.818330964312871,28.90790413997748,4.053258042852302,0.26529808473074384,0.0,,,,,,,,,,,,
full,a1_ret5_topdec,(a) top-decile 5d return,4,17604,0.2939375132185399,0.27907257408986696,0.5389684162690298,4.37733414927713,8.90945205900599,3.5699487410433326,0.26529808473074384,0.028639428487796048,2934.0,0.0,0.0003570510879880029,0.9285538837056722,0.35312033069652626,0.5071872341265496,0.6120234513611733,0.24393751321853982,7.393917011871344,2.9626855336436857,29.39375132185399,5.989792446410344
full,a1_ret5_topdec_INV,(a-inv) bottom-decile 5d return,4,14670,0.37104630132720995,0.2509972782656855,0.5321745057941377,4.828704893469124,9.30705969448243,3.547041084335014,0.26529808473074384,0.1057482165964661,2934.0,0.0,0.0003895838324048384,2.821987300215343,0.004772706722303344,1.7542576229895523,0.0793863735217839,0.32104630132720996,8.052895502413724,3.069062854711452,37.10463013272099,4.991493705341953
full,a2_ret10_topdec,(a) top-decile 10d return,4,17604,0.3318831208529592,0.2942908469360739,0.5411838218586685,4.425998921709606,9.949002533850988,3.8112610675427234,0.26529808473074384,0.06658503612221534,2934.0,0.0,0.00013825965351266234,2.1371705613492598,0.03258412149910983,1.0896269707210118,0.2758774974405789,0.2818831208529592,8.450131107626982,3.2370738269039774,33.18831208529592,5.989792446410344
full,a2_ret10_topdec_INV,(a-inv) bottom-decile 10d return,4,14670,0.28206835142805714,0.22861046094189152,0.5308111792774369,4.8071884612689955,7.106868319368794,2.655007074617767,0.26529808473074384,0.016770266697313296,2934.0,1.1870504579292174e-12,0.0079306745260046,0.44941107133061986,0.6531351461546524,0.26240087123950284,0.7930124010561088,0.23206835142805718,5.8470906301335255,2.184375211600172,28.206835142805716,4.991493705341953
full,a3_ret20_topdec,(a) top-decile 20d return,4,17604,0.425405174515183,0.3387371736627398,0.5456146330379459,4.4085493760678025,12.803029285793428,4.959164905048452,0.26529808473074384,0.16010708978443916,2934.0,0.0,7.079685255817481e-07,5.157537968528878,2.502181222219235e-07,2.5351847217973673,0.011238804450438344,0.3754051745151831,11.298225154016647,4.376289425136833,42.5405174515183,5.989792446410344
full,a3_ret20_topdec_INV,(a-inv) bottom-decile 20d return,4,14670,0.3298809898343977,0.23474271597858642,0.5308111792774369,4.960193876711923,8.055151149366644,2.999940772963362,0.26529808473074384,0.06458290510365383,2934.0,8.881784197001252e-16,0.0027003210803977495,1.6804029219908458,0.09287894792522033,0.9442121270867685,0.345061259333479,0.2798809898343977,6.834233394540823,2.545240310461818,32.98809898343977,4.991493705341953
full,b1_ma20_up,(b) close>SMA20 & SMA20 rising,4,84197,0.2261542555955162,0.23531806784895526,0.5394729028350179,3.4833451064644247,18.838944625634568,3.9277429289962122,0.26529808473074384,-0.039143829135227654,2912.0,0.0,8.574679252371098e-05,-4.169462247176807,3.053191842083969e-05,-0.7121024070593578,0.47640136384864595,0.17615425559551626,14.67387937492167,3.126235647251999,22.615425559551618,28.648179652943178
full,b1_ma20_up_INV,(b-inv) close<SMA20 & SMA20 falling,4,59769,0.3401744123187013,0.34413937880397594,0.5468553932640666,4.280730671202236,19.42771543762909,3.320487309394883,0.26529808473074384,0.07487632758795748,2927.0,0.0,0.0008986044444567742,5.595228751467464,2.203310711657025e-08,-0.37354041272422134,0.7087462733244061,0.2901744123187012,16.572163295243413,2.660928124745443,34.01744123187013,20.336509016672338
full,b2_ma50_up,(b) close>SMA50 & SMA50 rising,4,89140,0.19122415235636583,0.22303533635196215,0.5379066636751177,3.4416196994974975,16.58884619086145,3.737460922319517,0.26529808473074384,-0.07407393237437801,2917.0,0.0,0.0001858879696130522,-8.2704019391207,0.0,-0.7426009316028369,0.4577233243426402,0.14122415235636587,12.25130671521341,2.937605307905115,19.122415235636584,30.33004423273222
full,b2_ma50_up_INV,(b-inv) close<SMA50 & SMA50 falling,4,55747,0.3836195722984096,0.3604392003358381,0.546773817425153,4.410921782907344,20.534406288671644,3.3912103332763666,0.26529808473074384,0.11832148756766575,2920.0,0.0,0.0006958467632225407,8.196130361018286,2.220446049250313e-16,0.1709630472426223,0.8642528217861589,0.3336195722984096,17.858003965708523,2.760973865196848,38.36195722984096,18.968016332085742
full,c1_rsi_gt60,(c) RSI(14)>60,4,49833,0.2218427035635245,0.23894899340666242,0.5427527943330724,3.3291997747230044,14.875234099738753,3.664939151470728,0.26529808473074384,-0.04345538116721934,2826.0,0.0,0.00024739739525747595,-3.2518356513764424,0.0011466230157217705,-0.1672532912941796,0.8671707545157499,0.17184270356352446,11.52258065186927,2.9211115119473896,22.18427035635245,16.955767267778157
full,c1_rsi_gt60_INV,(c-inv) RSI(14)<40,4,27168,0.46887897009968493,0.4476450689028688,0.558561542991755,4.753381463430906,16.258741285614594,3.823744355682411,0.26529808473074384,0.2035808853689411,2774.0,0.0,0.00013144019971500498,7.955815729161534,1.7763568394002505e-15,1.5874875706803908,0.11240225981757535,0.41887897009968506,14.524952576541343,3.273449263941135,46.88789700996849,9.243960530792787
full,c2_rsi_gt70,(c) RSI(14)>70,4,14041,0.21147035522588975,0.21519633657247628,0.540773449184531,3.4186673224425688,7.329792388680625,2.7462824003827477,0.26529808473074384,-0.053827729504854094,2350.0,2.304822999121825e-13,0.006027485557442258,-1.9254163626338727,0.054177290168520464,0.3367030474535192,0.7363407658480765,0.16147035522588976,5.59673803672405,2.135025442124889,21.147035522588975,4.777475331745491
full,c2_rsi_gt70_INV,(c-inv) RSI(14)<30,4,5329,0.4852267299365282,0.6214847493274833,0.574028898480015,6.208190233617016,5.705616283077275,2.215465624593336,0.26529808473074384,0.21992864520578437,1522.0,1.1592288462480838e-08,0.02672812129411728,2.6531431895131163,0.007974603340576536,0.2561786484249517,0.7978128947305161,0.43522672993652817,5.117683268358196,1.9255660161566903,48.52267299365282,1.8132017693092888
full,d_macd_cross_up,(d) MACD bullish crossover,4,6853,0.18354353027221837,0.22961384485944425,0.531737924996352,3.6046969000526197,4.215127283810604,1.7477281646015317,0.26529808473074384,-0.08175455445852547,2191.0,2.496373543925401e-05,0.08051110942796758,-1.9110205839547736,0.05600193571212131,-1.715491184744383,0.08625521022392135,0.13354353027221838,3.066863632795765,1.0814376243680741,18.354353027221837,2.331745491663831
full,d_macd_cross_up_INV,(d-inv) MACD bearish crossover,4,6867,0.2670966816385216,0.25925307346228443,0.5370613077035096,3.76417305655103,5.880069163060488,3.0424906541265027,0.26529808473074384,0.001798596907777783,2203.0,4.100950912189205e-09,0.002346291031059433,0.040381041824647336,0.9677893443525101,0.048590876951360745,0.9612453405164969,0.2170966816385217,4.779331196757646,2.468909535566327,26.709668163852164,2.3365090166723377
full,e_20d_high,(e) new 20-day high,4,14323,0.16537586329650805,0.18454454344434268,0.5318019967883824,3.4613374298497313,5.718013568051979,2.6683058217657423,0.26529808473074384,-0.09992222143423579,2423.0,1.0777653880467142e-08,0.00762348310667238,-3.5725863984574335,0.00035347280709951967,0.11719348613834737,0.9067067286591017,0.11537586329650801,3.9892203046118473,2.0117638258737296,16.537586329650804,4.873426335488261
full,e_20d_high_INV,(e-inv) new 20-day low,4,8603,0.44783136290697034,0.4878079283379577,0.563756829013135,4.731743892674736,8.778458015562107,2.5402583569873602,0.26529808473074384,0.1825332781762265,1862.0,0.0,0.01107706090693128,3.704362917586144,0.000211922672753051,0.36504073444184826,0.7150809995550029,0.3978313629069703,7.79835046362791,2.062291568001054,44.78313629069704,2.927186117727118
full,f_relvol_up,(f) relvol>1.5 & up day,4,6926,0.05868657593180206,0.08824986201276808,0.5127057464626047,4.361011354560859,1.1199349488714285,1.823400274988474,0.26529808473074384,-0.2066115087989418,2128.0,0.2627414838722195,0.06824278869943567,-4.04388331434061,5.2573091621432866e-05,-0.9472913819963322,0.34349032105526756,0.008686575931802065,0.1657687438325864,1.3104525887964753,5.868657593180206,2.3565838720653285
full,f_relvol_up_INV,(f-inv) relvol>1.5 & down day,4,7933,0.31464990388276787,0.4161435621236276,0.5557796546073365,4.778329371891377,5.865030137019644,1.9818034933294695,0.26529808473074384,0.049351819152024023,2053.0,4.490511296140198e-09,0.04750123834541098,0.9500251202916692,0.34209948869406714,-0.6411088763247436,0.5214519475826525,0.26464990388276793,4.933037140256355,1.507146609689872,31.464990388276785,2.69921742089146
full,g_adx_bull,(g) ADX>25 & +DI>-DI,4,39073,0.21657782118162267,0.21264397166402826,0.5375067181941494,3.5163362034179078,12.174803679985951,3.692332195410657,0.26529808473074384,-0.04872026354912118,2858.0,0.0,0.00022220695378671884,-3.034288403040618,0.0024110382129796104,0.031905172092920854,0.9745476740073544,0.16657782118162268,9.364081046070421,2.9958253806675597,21.657782118162267,13.294658046954746
full,g_adx_bull_INV,(g-inv) ADX>25 & -DI>+DI,4,26800,0.36519253377318756,0.392341759470749,0.5522014925373134,4.80118630481595,12.452046343584136,2.9004091273490893,0.26529808473074384,0.09989444904244371,2823.0,0.0,0.003726758801603669,3.836384698387525,0.00012485877471402063,-0.28428634980170425,0.7761909460689052,0.31519253377318757,10.747185866984442,2.3021513908577567,36.519253377318755,9.118747873426335
full,BASE_RATE,"unconditional (any symbol, any day)",5,173047,0.3309433560904034,0.3294880724341587,0.544568816564286,4.256361263422083,32.34426019098429,4.107102102293317,0.3309433560904034,0.0,,,,,,,,,,,,
full,a1_ret5_topdec,(a) top-decile 5d return,5,17598,0.36202888637678765,0.35978027691030423,0.5421070576201841,4.852195112610041,9.897753302939504,3.656472894599353,0.3309433560904034,0.031085530286384278,2933.0,0.0,0.0002557094359649792,0.9086186520752194,0.363551457468708,0.4576762884752724,0.6471850257502134,0.3120288863767877,8.530769385993407,3.1514754990608904,36.20288863767877,5.987750935692413
full,a1_ret5_topdec_INV,(a-inv) bottom-decile 5d return,5,14665,0.463247576926529,0.30959400181616026,0.5341288782816229,5.425435925358784,10.339976487862797,3.636627401317041,0.3309433560904034,0.13230422083612564,2933.0,0.0,0.0002762310498576337,3.1432771108172193,0.0016706759628326573,1.8306455920002491,0.06715345884773738,0.41324757692652897,9.223945125490154,3.244112946579396,46.3247576926529,4.989792446410344
full,a2_ret10_topdec,(a) top-decile 10d return,5,17598,0.42001153720926526,0.3678653683361399,0.5446641663825434,4.9422133943711986,11.273827447266681,3.9846818731395914,0.3309433560904034,0.08906818111886189,2933.0,0.0,6.757058818074313e-05,2.5601520640117137,0.010462637167136357,1.208568424955482,0.22682869316543375,0.3700115372092652,9.931741998593678,3.5103280137652146,42.001153720926524,5.987750935692413
full,a2_ret10_topdec_INV,(a-inv) bottom-decile 10d return,5,14665,0.36772553234465494,0.2628202319232109,0.5301056938288442,5.379682246437936,8.277671633508675,2.8564176261942875,0.3309433560904034,0.036782176254251564,2933.0,0.0,0.004284511640626931,0.8808546803477757,0.3783964794559549,0.4850020777008543,0.6276748716939733,0.31772553234465495,7.152148531981102,2.4680277300696587,36.77255323446549,4.989792446410344
full,a3_ret20_topdec,(a) top-decile 20d return,5,17598,0.5287786245048048,0.392956748112705,0.5494374360722809,4.9173438399194245,14.26510493005603,5.047742103194315,0.3309433560904034,0.19783526841440147,2933.0,0.0,4.470620633689748e-07,5.712827810147663,1.1111409570219166e-08,2.589134838178705,0.009621741052297406,0.4787786245048048,12.916231860213696,4.570440084043914,52.877862450480485,5.987750935692413
full,a3_ret20_topdec_INV,(a-inv) bottom-decile 20d return,5,14665,0.404087976684478,0.2809470056218677,0.5301056938288442,5.534429367069231,8.84186975103664,3.011283635797898,0.3309433560904034,0.07314462059407462,2933.0,0.0,0.0026014572599044605,1.70550638183316,0.08810002306553155,0.889373071971541,0.3738026120007434,0.354087976684478,7.747817185604758,2.6386811569385498,40.4087976684478,4.989792446410344
full,b1_ma20_up,(b) close>SMA20 & SMA20 rising,5,84167,0.28042580754447455,0.2844750516000749,0.5416493400026139,3.874324843730086,20.99872236732689,4.12375918130024,0.3309433560904034,-0.050517548545928825,2911.0,0.0,3.727386021479262e-05,-4.826857767180678,1.387041075995299e-06,-0.6912140269159457,0.4894310502228376,0.23042580754447456,17.254644289920165,3.460201063750774,28.042580754447457,28.637972099353522
full,b1_ma20_up_INV,(b-inv) close<SMA20 & SMA20 falling,5,59746,0.4250750140414003,0.41815302624950146,0.5500284537877013,4.771566436144815,21.77504293851168,3.362434342964103,0.3309433560904034,0.09413165795099693,2926.0,0.0,0.000772584963255829,6.309151081899615,2.8057023371275136e-10,-0.4013134927060968,0.688189330871749,0.37507501404140037,19.21372526289892,2.823699863971172,42.50750140414003,20.328683225586936
full,b2_ma50_up,(b) close>SMA50 & SMA50 rising,5,89110,0.24106139229893633,0.2742022508664177,0.5406688362697789,3.8415111184285617,18.73220008251799,3.7289169159642483,0.3309433560904034,-0.08988196379146704,2916.0,0.0,0.00019230453859320207,-9.002055735783465,0.0,-0.749066056714072,0.4538173922840891,0.19106139229893637,14.84684127332127,3.0824144199362005,24.106139229893632,30.319836679142565
full,b2_ma50_up_INV,(b-inv) close<SMA50 & SMA50 falling,5,55727,0.4720427171264007,0.43041958871392616,0.5493925745150465,4.9026167177904485,22.72930684755643,3.4188708318726193,0.3309433560904034,0.14109936103599735,2919.0,0.0,0.0006288156896605557,8.781820256810416,0.0,0.042861527480049406,0.965811917172803,0.42204271712640073,20.32175918048056,2.9048827914495883,47.20427171264007,18.961211296359306
full,c1_rsi_gt60,(c) RSI(14)>60,5,49815,0.2771053690492297,0.2932024022092472,0.5462812405901837,3.7130503451416095,16.65689967585958,3.812338981766205,0.3309433560904034,-0.05383798704117365,2825.0,0.0,0.00013765790593822658,-3.6125275345084207,0.0003032268967246843,-0.13604773819770777,0.8917835421448372,0.22710536904922973,13.651382364338208,3.204829273990513,27.71053690492297,16.949642735624362
full,c1_rsi_gt60_INV,(c-inv) RSI(14)<40,5,27160,0.5793696773755928,0.5427371704704642,0.5621502209131075,5.278047232139995,18.09036677801192,3.9709585747152394,0.3309433560904034,0.24842632128518938,2773.0,0.0,7.158402676399334e-05,8.737714910610242,0.0,1.7786640112227259,0.07529486279074193,0.5293696773755928,16.529155733972043,3.5177107108791588,57.93696773755927,9.24123851650221
full,c2_rsi_gt70,(c) RSI(14)>70,5,14035,0.26505566337737574,0.2648961055081944,0.5451371571072319,3.8156450671327846,8.229535574729992,2.6787771538296083,0.3309433560904034,-0.06588769271302763,2349.0,2.220446049250313e-16,0.007389155254222679,-2.111429616430556,0.034735401679080846,0.15210358815664982,0.8791052341991901,0.21505566337737572,6.677119099287038,2.1806889926535,26.505566337737573,4.77543382102756
full,c2_rsi_gt70_INV,(c-inv) RSI(14)<30,5,5329,0.5682377022506612,0.6211240733292378,0.5646462750985175,6.879093514339016,6.030060818018119,2.1737301525394765,0.3309433560904034,0.2372943461602578,1522.0,1.638979840734578e-09,0.029725406799201215,2.5832825280264466,0.009786514395002888,0.2340269838941544,0.8149640301501617,0.5182377022506611,5.499467653033253,1.9343012713897987,56.82377022506612,1.8132017693092888
full,d_macd_cross_up,(d) MACD bullish crossover,5,6851,0.25964113015384244,0.23925186602899995,0.5351043643263758,4.03428149556891,5.327019375183619,1.9038187050718747,0.3309433560904034,-0.07130222593656094,2190.0,9.98375175864652e-08,0.05693379956713773,-1.489276752205059,0.13641450692421309,-1.829774676308891,0.06728363900692536,0.20964113015384248,4.301176633699007,1.354131602887887,25.964113015384243,2.3310649880911876
full,d_macd_cross_up_INV,(d-inv) MACD bearish crossover,5,6864,0.3359054363662009,0.26653485383558717,0.5356934731934732,4.220870790970924,6.593311771246076,3.1945572028273403,0.3309433560904034,0.004962080275797531,2202.0,4.3012260420027815e-11,0.0014004552851369922,0.09935452329809628,0.920856789191665,-0.019588930625561107,0.9843712942216059,0.2859054363662009,5.611887974928277,2.7038838784984094,33.59054363662009,2.335488261313372
full,e_20d_high,(e) new 20-day high,5,14318,0.23058755450431007,0.25509378042800623,0.5390417656097221,3.848794958571349,7.168895791545091,2.7997057521724233,0.3309433560904034,-0.10035580158609331,2422.0,7.560618797697316e-13,0.0051149207891159065,-3.2254411605932494,0.001257786870694222,-0.20076564981750208,0.8408818234907782,0.18058755450431013,5.614411247278179,2.243468522002791,23.058755450431008,4.871725076556652
full,e_20d_high_INV,(e-inv) new 20-day low,5,8599,0.5734570863698167,0.5201864084912966,0.5601814164437725,5.167538169417169,10.290612032003182,3.187159432072848,0.3309433560904034,0.24251373027941336,1861.0,0.0,0.0014367755253417158,4.502232265239434,6.724343623698559e-06,0.832978859829632,0.4048566520252965,0.5234570863698168,9.393368604674876,2.7809647370735004,57.345708636981676,2.9258251105818305
full,f_relvol_up,(f) relvol>1.5 & up day,5,6924,0.052155913260513616,0.13184206982496116,0.5144425187752744,4.912984188148821,0.8833579411401289,1.909667342080776,0.3309433560904034,-0.27878744282988976,2127.0,0.37704290746603863,0.05617605840841833,-4.844445894629191,1.2696550966140308e-06,-1.23505582599279,0.2168097280818162,0.002155913260513639,0.03651442338995247,1.4710672945143326,5.215591326051362,2.3559033684926844
full,f_relvol_up_INV,(f-inv) relvol>1.5 & down day,5,7933,0.4140054929976035,0.44599537004528234,0.5470818101600907,5.255501007841894,7.016341304401061,2.505228735306725,0.3309433560904034,0.0830621369072001,2053.0,2.277511512716046e-12,0.012237222633125988,1.4531741770183217,0.14617539996681117,-0.2199286057323086,0.8259267575325884,0.3640054929976035,6.168968331931627,2.097036737631417,41.40054929976035,2.69921742089146
full,g_adx_bull,(g) ADX>25 & +DI>-DI,5,39057,0.2783180121355746,0.24823568208693914,0.5396727859282587,3.941344188982573,13.955531847991084,3.9379005620209213,0.3309433560904034,-0.05262534395482876,2857.0,0.0,8.219764257377804e-05,-2.928688301547019,0.0034039558215548382,0.16383400131313203,0.8698618241436855,0.2283180121355746,11.448412071425373,3.3668427275011075,27.831801213557462,13.289214018373597
full,g_adx_bull_INV,(g-inv) ADX>25 & -DI>+DI,5,26797,0.45405397208991594,0.4948798085224082,0.5567787438892413,5.3149635347139474,13.984607385264525,3.0301861628510705,0.3309433560904034,0.12311061599951256,2822.0,0.0,0.0024440304210426866,4.267148233717727,1.9798761062173043e-05,-0.09643205928389287,0.9231774311360899,0.40405397208991584,12.444635460682925,2.539101900256574,45.405397208991594,9.11772711806737
full,BASE_RATE,"unconditional (any symbol, any day)",10,172752,0.6620701698885918,0.6373344634404199,0.5581700935445031,5.956075156915762,46.20142742289196,4.23895690964949,0.6620701698885918,0.0,,,,,,,,,,,,
full,a1_ret5_topdec,(a) top-decile 5d return,10,17568,0.7868855611398953,0.659049555229041,0.5543602003642987,6.836428554253543,15.256097594866693,4.206892119410182,0.6620701698885918,0.12481539125130348,2928.0,0.0,2.589066581926147e-05,2.5887777924936883,0.009631722468847359,1.1197313167500622,0.26282827553484744,0.7368855611398953,14.286700115214986,3.9395792897455992,78.68855611398953,5.977543382102756
full,a1_ret5_topdec_INV,(a-inv) bottom-decile 5d return,10,14640,0.8139131677044292,0.6067547825365671,0.5476775956284153,7.260966867750472,13.56294991437726,3.7090638082028193,0.6620701698885918,0.15184299781583743,2928.0,0.0,0.00020802700281929987,2.685837386065913,0.007234829046677049,1.3902601625153,0.1644498902730962,0.7639131677044293,12.72975600300276,3.4812100299758426,81.39131677044293,4.981286151752297
full,a2_ret10_topdec,(a) top-decile 10d return,10,17568,0.9516049559918417,0.7852672746219924,0.5647199453551912,6.958190159525778,18.126817537951563,4.732902800552526,0.6620701698885918,0.2895347861032499,2928.0,0.0,2.2133149384373496e-06,5.909229782439441,3.437109707959962e-09,2.2017794568422966,0.02768089088138259,0.9016049559918417,17.174383577629325,4.484222779985614,95.16049559918417,5.977543382102756
full,a2_ret10_topdec_INV,(a-inv) bottom-decile 10d return,10,14640,0.6929597297213104,0.5276325506133328,0.5422814207650273,7.294953122648407,11.493598706907786,2.95285279370364,0.6620701698885918,0.03088955983271857,2928.0,0.0,0.0031485206678087962,0.5439982990713644,0.5864426433295318,0.23620358717317527,0.8132746961054549,0.6429597297213102,10.6642865395521,2.73979187060417,69.29597297213104,4.981286151752297
full,a3_ret20_topdec,(a) top-decile 20d return,10,17568,0.9936128558434946,0.7524179216633842,0.5620446265938069,7.0099343432338825,18.787301849187102,4.903186983080538,0.6620701698885918,0.33154268595490277,2928.0,0.0,9.429414802308855e-07,6.720889415800584,1.8061996343021747e-11,2.4898439444265663,0.012779919610687696,0.9436128558434944,17.84189832815283,4.656451700105654,99.36128558434946,5.977543382102756
full,a3_ret20_topdec_INV,(a-inv) bottom-decile 20d return,10,14640,0.7423507573629307,0.606068609548549,0.5461748633879782,7.346080238631531,12.227115836697216,3.1243173384555263,0.6620701698885918,0.08028058747433886,2928.0,0.0,0.00178218136111985,1.4046085893327733,0.16013770107400305,0.5944580484283416,0.552205793223913,0.6923507573629306,11.40357550111974,2.9138833012118583,74.23507573629307,4.981286151752297
full,b1_ma20_up,(b) close>SMA20 & SMA20 rising,10,84020,0.5714056665188693,0.562939620540237,0.5557486312782671,5.507958985732484,30.07081396082177,4.386285933005487,0.6620701698885918,-0.09066450336972254,2906.0,0.0,1.153025304034827e-05,-6.1810247493022565,6.368683358459748e-10,-0.22257744131493035,0.8238643952606428,0.5214056665188692,27.439512267226405,4.04367808533568,57.14056665188693,28.587955086764204
full,b1_ma20_up_INV,(b-inv) close<SMA20 & SMA20 falling,10,59654,0.8158613574074383,0.7816517556026081,0.5652261373922955,6.54193071673019,30.460021686687575,3.7330678116613383,0.6620701698885918,0.15379118751884646,2921.0,0.0,0.00018916164049898043,7.440502041364908,1.0036416142611415e-13,-0.28773147227072854,0.7735522969249653,0.7658613574074382,28.59328162049052,3.441647868144827,81.58613574074383,20.29738006124532
full,b2_ma50_up,(b) close>SMA50 & SMA50 rising,10,88950,0.4852346511497822,0.5107018631610449,0.5510736368746487,5.455966688988221,26.52485832166777,3.6074111068587147,0.6620701698885918,-0.1768355187388096,2911.0,0.0,0.0003092674419242769,-12.657368656020171,0.0,-0.8762509394928939,0.3808936295726115,0.4352346511497822,23.791659212863806,3.288761053294776,48.52346511497822,30.265396393331066
full,b2_ma50_up_INV,(b-inv) close<SMA50 & SMA50 falling,10,55619,0.931937271540025,0.862420001481512,0.5694277135511246,6.712792449620317,32.74123444313951,3.6096328380508838,0.6620701698885918,0.26986710165143324,2914.0,0.0,0.00030663071671988007,12.146264585950934,0.0,-0.08141562005106794,0.9351114273439165,0.8819372715400251,30.984612219573183,3.337043999184765,93.1937271540025,18.92446410343654
full,c1_rsi_gt60,(c) RSI(14)>60,10,49735,0.552670105579219,0.5454754955660279,0.5587815421735196,5.3390801037096836,23.085038236852228,3.896556503222146,0.6620701698885918,-0.10940006430937277,2820.0,0.0,9.757005232380322e-05,-5.166028108664254,2.3912084623489704e-07,-0.3186484042895216,0.7499931439133061,0.5026701055792191,20.996537519714813,3.584977727513974,55.2670105579219,16.92242259271861
full,c1_rsi_gt60_INV,(c-inv) RSI(14)<40,10,27132,0.9736465389728101,0.9983584510477095,0.5802005012531328,7.132655200498337,22.48490196080392,4.203294444539852,0.6620701698885918,0.31157636908421826,2768.0,0.0,2.630580391049797e-05,8.068191655441968,6.661338147750939e-16,1.551094396189663,0.12087906393386039,0.9236465389728103,21.330227186089207,3.9438579225189647,97.364653897281,9.2317114664852
full,c2_rsi_gt70,(c) RSI(14)>70,10,14015,0.560518936785326,0.5104938286900396,0.5560470924009989,5.453493470455089,12.167799451731161,3.102953086281796,0.6620701698885918,-0.10155123310326575,2344.0,0.0,0.001916000104255966,-2.28041793874143,0.02258291268439483,-0.006701004702501102,0.9946534118194252,0.510518936785326,11.082394601583223,2.831861875824258,56.05189367853261,4.768628785301122
full,c2_rsi_gt70_INV,(c-inv) RSI(14)<30,10,5329,0.7465894216813408,1.2587454955436117,0.5916682304372303,9.027633662638246,6.037133297543493,2.1384538616505977,0.6620701698885918,0.084519251792749,1522.0,1.5687613430515057e-09,0.03247992497555252,0.7005629942320079,0.48357577940975194,-0.2875093190263563,0.7737223674719393,0.6965894216813403,5.632819150957557,1.998079012301563,74.65894216813408,1.8132017693092888
full,d_macd_cross_up,(d) MACD bullish crossover,10,6841,0.6283934881391632,0.5523428312983913,0.5515275544511037,5.802837056309401,8.95676326093117,2.8553823092292263,0.6620701698885918,-0.033676681749428616,2186.0,0.0,0.004298505093375926,-0.4892648586907338,0.6246541966715058,-1.8434780465061646,0.06525924414503237,0.5783934881391632,8.244091707995885,2.539758810114798,62.83934881391632,2.3276624702279687
full,d_macd_cross_up_INV,(d-inv) MACD bearish crossover,10,6842,0.6078193771080448,0.6215122456242672,0.5564162525577316,5.965734585050093,8.4275657278957,3.973245816061697,0.6620701698885918,-0.05425079278054701,2197.0,0.0,7.089981262309308e-05,-0.7676052080520837,0.44272176734723745,-0.15157415263064947,0.8795228210332195,0.5578193771080447,7.734303383414895,3.662064872922446,60.78193771080448,2.3280027220142907
full,e_20d_high,(e) new 20-day high,10,14305,0.5322175057470045,0.5745919961226198,0.5602936036350926,5.45981177130329,11.65884197431771,3.536669683453501,0.6620701698885918,-0.12985266414158725,2418.0,0.0,0.0004052061106913918,-2.9450541621178608,0.003228981330493319,-0.01869427116597167,0.9850849984048908,0.48221750574700467,10.563533961294569,3.2324161885521034,53.22175057470046,4.867301803334468
full,e_20d_high_INV,(e-inv) new 20-day low,10,8580,0.976947584140928,1.052983539355301,0.5808857808857809,7.292230095832442,12.409507431626057,3.243993739105421,0.6620701698885918,0.3148774142523362,1856.0,0.0,0.0011786633699042426,4.139033064444049,3.487726867490437e-05,0.13083899418876552,0.8959026752283572,0.926947584140928,11.774391094113525,3.0108919974926525,97.6947584140928,2.9193603266417147
full,f_relvol_up,(f) relvol>1.5 & up day,10,6912,0.33089297884916063,0.40352049100148557,0.5368923611111112,6.721849102044485,4.092612797703477,2.7009974227541482,0.6620701698885918,-0.33117719103943116,2122.0,4.265396396974097e-05,0.006913187421085265,-4.199472063052592,2.6753803525902953e-05,-1.3826921668754943,0.16675927474437469,0.28089297884916076,3.4741933903262807,2.4373012983465787,33.089297884916064,2.351820347056822
full,f_relvol_up_INV,(f-inv) relvol>1.5 & down day,10,7927,0.47210241893121213,0.6877670996797036,0.5527942475085152,7.268738716003757,5.782712445641283,2.7500090690792773,0.6620701698885918,-0.18996775095737967,2050.0,7.350565045527446e-09,0.005959361531687524,-2.401232926518651,0.016339931863120327,-0.1487298302058006,0.8817668219210717,0.4221024189312121,5.170269868167023,2.5126094801235794,47.210241893121214,2.697175910173528
full,g_adx_bull,(g) ADX>25 & +DI>-DI,10,38966,0.5895278365616092,0.5121490923375882,0.5537904840117025,5.590420210436002,20.816263482031612,3.782815543807489,0.6620701698885918,-0.07254233332698257,2852.0,0.0,0.0001550643280419095,-2.8550820475202014,0.004302571207309036,-0.03915812249714324,0.9687643214159323,0.5395278365616092,19.050760464952603,3.4873550414040206,58.952783656160925,13.258251105818305
full,g_adx_bull_INV,(g-inv) ADX>25 & -DI>+DI,10,26780,0.876567986660997,0.9681594092435741,0.5753174010455564,7.06596954857062,20.30107943369722,3.36602058643806,0.6620701698885918,0.2144978167724052,2817.0,0.0,0.0007626101673001706,5.553794129815091,2.795346798478704e-08,0.11025764149234954,0.9122050495768637,0.826567986660997,19.14309284608365,3.100004032862713,87.6567986660997,9.111942837699898
in_sample,BASE_RATE,"unconditional (any symbol, any day)",1,89149,0.059892552711756294,0.07258870262827344,0.5261752795881053,1.9236265119455327,9.296303797454268,2.064480637240987,0.059892552711756294,0.0,,,,,,,,,,,,
in_sample,a1_ret5_topdec,(a) top-decile 5d return,1,9066,0.04055384396236614,0.05262433049807447,0.5183101698654313,2.2576012120362448,1.710380173469382,1.050990735120366,0.059892552711756294,-0.019338708749390157,1511.0,0.08719559487699424,0.29326284504779876,-0.8742144968782505,0.3820014526750306,-0.7298841128831083,0.4654610241568051,-0.009446156037633824,-0.39839670974865404,-0.24480595445569836,4.055384396236613,6.0
in_sample,a1_ret5_topdec_INV,(a-inv) bottom-decile 5d return,1,7555,0.09775012407299635,0.06841774147434698,0.5209794837855725,2.458075794172657,3.456521650700081,2.069140188961273,0.059892552711756294,0.03785757136124006,1511.0,0.0005471952482816178,0.03853293337762276,1.4250826872853566,0.1541333005157377,1.3083086962641162,0.19076862672076134,0.04775012407299638,1.6884821297891557,1.0107578039854181,9.775012407299636,5.0
in_sample,a2_ret10_topdec,(a) top-decile 10d return,1,9066,0.04374504382402865,0.041248198970722516,0.5140083829693359,2.279180996945904,1.8275021563092462,1.1195158998620138,0.059892552711756294,-0.016147508887727646,1511.0,0.0676243022899583,0.2629201116196065,-0.7236221029799276,0.4692977679673911,-0.6054962651582451,0.5448493055290253,-0.006254956175971353,-0.26130836547313274,-0.1600758001319834,4.374504382402865,6.0
in_sample,a2_ret10_topdec_INV,(a-inv) bottom-decile 10d return,1,7555,0.08202162785388668,0.067912195216846,0.5204500330906684,2.485116838954539,2.86879031831609,1.7168764599053818,0.059892552711756294,0.02212907514213039,1511.0,0.004120448581566016,0.08600174682795858,0.8244709175500723,0.4096720338695772,0.7452809042409981,0.4561019225910432,0.0320216278538867,1.1199891829457023,0.670276614945084,8.20216278538867,5.0
in_sample,a3_ret20_topdec,(a) top-decile 20d return,1,9066,0.07946294483484576,0.08922440681686794,0.528568277079197,2.2147652194644785,3.4162120342303033,2.0407919288908483,0.059892552711756294,0.01957039212308946,1511.0,0.000634987834214451,0.041271513163263496,0.9003086584529247,0.3679560145858116,0.7340499414337164,0.4629183009514364,0.029462944834845756,1.2666490893064195,0.7566764627875018,7.946294483484576,6.0
in_sample,a3_ret20_topdec_INV,(a-inv) bottom-decile 20d return,1,7555,0.07108840149417098,0.07320281193285982,0.5229649238914627,2.537255983475407,2.4352956762965507,1.4985718135807968,0.059892552711756294,0.011195848782414683,1511.0,0.01487962544985133,0.13398474950598382,0.4090355246537531,0.6825135910809503,0.37475345202745297,0.7078438353682359,0.02108840149417101,0.722431393860663,0.4445519016942746,7.108840149417098,5.0
in_sample,b1_ma20_up,(b) close>SMA20 & SMA20 rising,1,44505,0.04823956800306102,0.06129377730630381,0.523446803729918,1.6528869273875193,6.15693640460634,1.431904605181723,0.059892552711756294,-0.011652984708695274,1490.0,7.416560698914054e-10,0.1521711241158461,-1.8066748663522252,0.07081298874928765,-1.0757140988666982,0.2820551400061764,-0.0017604319969389648,-0.22468832741411726,-0.3273285877604572,4.823956800306102,29.454003970880212
in_sample,b1_ma20_up_INV,(b-inv) close<SMA20 & SMA20 falling,1,29747,0.07555750524354685,0.09879714037597243,0.5316838672807342,2.302278812512062,5.6603238535052975,2.0551750401284967,0.059892552711756294,0.015664952531790552,1504.0,1.5108760020865475e-08,0.03986210102882115,1.5604279460315735,0.11865878505106187,0.33341031464033316,0.738824578200836,0.025557505243546868,1.9146179601858995,0.5547680732755209,7.555750524354685,19.68696227663799
in_sample,b2_ma50_up,(b) close>SMA50 & SMA50 rising,1,47235,0.04361244691793135,0.06355667777044882,0.5251190854239441,1.6206823378729496,5.84850027259497,2.062938361609792,0.059892552711756294,-0.016280105793824946,1497.0,4.9602482121713365e-09,0.0391184847988828,-2.6345602242716253,0.008424635704556538,0.6331852881192785,0.5266126518218062,-0.006387553082068637,-0.8565812877225564,0.43586805702610704,4.361244691793135,31.26075446724024
in_sample,b2_ma50_up_INV,(b-inv) close<SMA50 & SMA50 falling,1,27687,0.08721779536878574,0.08766833054596468,0.5272149384187524,2.405616829416378,6.032767687819862,1.8575317855399542,0.059892552711756294,0.027325242657029444,1497.0,1.6117502887880164e-09,0.06323553333661591,2.487285216465519,0.012872215421350752,0.3874806451933288,0.6984004109113826,0.03721779536878577,2.574317687844905,0.3755185183935417,8.721779536878573,18.323626737260092
in_sample,c1_rsi_gt60,(c) RSI(14)>60,1,26092,0.03711763296920621,0.0529178220255333,0.5220757320251418,1.5528104561116465,3.8611396646289737,1.3921079299266628,0.059892552711756294,-0.02277491974255008,1426.0,0.00011285936393945484,0.16388971728697088,-2.5491286400160784,0.010799245724634421,-0.994566487137428,0.31994715363251536,-0.012882367030793776,-1.340080558428189,-0.4139707156829696,3.7117632969206213,17.26803441429517
in_sample,c1_rsi_gt60_INV,(c-inv) RSI(14)<40,1,13206,0.06391717860513403,0.12215010108872493,0.5353627139179161,2.7473555675871792,2.6735503819310242,1.533831420964494,0.059892552711756294,0.004024625893377737,1391.0,0.007505300153557881,0.12507113084296018,0.19105837350028765,0.8484798599531329,0.16094823852753262,0.8721341686796398,0.013917178605134032,0.5821326752393554,0.31465507678477356,6.3917178605134035,8.739907346128392
in_sample,c2_rsi_gt70,(c) RSI(14)>70,1,7166,0.03507864330744381,0.05155269902377135,0.5220485626569914,1.6242247479217007,1.8282478308734538,0.5811911689299536,0.059892552711756294,-0.02481390940431248,1139.0,0.06751236548512285,0.5611116188603673,-1.3254791227677742,0.1850122893658619,-0.14995791355486562,0.8807978198297486,-0.014921356692556169,-0.7776793922091624,-0.7879892153389232,3.5078643307443813,4.742554599602912
in_sample,c2_rsi_gt70_INV,(c-inv) RSI(14)<30,1,2805,0.09077352219942057,0.1098604727904684,0.5329768270944741,3.88890600937183,1.2362268537062406,1.5728051135827064,0.059892552711756294,0.030880969487664278,715.0,0.21637425153260237,0.11576395124215333,0.43267995939355663,0.6652472910020344,1.3297615505053135,0.18359684796274545,0.04077352219942058,0.5552866281025836,0.9671338038625673,9.077352219942057,1.85638649900728
in_sample,d_macd_cross_up,(d) MACD bullish crossover,1,3522,0.03742852960220143,0.055454840403568184,0.5193072118114708,1.6761729026471575,1.3251914534146363,1.1567464372378014,0.059892552711756294,-0.022464023109554865,1102.0,0.18510765931957396,0.24737597121352906,-0.8063112343184461,0.4200634144150257,0.25499808882760655,0.7987245753456842,-0.012571470397798535,-0.4451044512055278,-0.013555192831388533,3.742852960220143,2.330906684315023
in_sample,d_macd_cross_up_INV,(d-inv) MACD bearish crossover,1,3533,0.021868442542607894,0.08796655239566853,0.5295782621001981,1.883926018623209,0.6899630423644489,0.7120641959531752,0.059892552711756294,-0.038024110169148403,1090.0,0.49021742894612386,0.47642502426709465,-1.2231129019362068,0.22128705621244582,-0.8117935733365736,0.416910090345193,-0.02813155745739206,-0.8875682359150688,-0.4502845878618034,2.1868442542607895,2.3381866313699535
in_sample,e_20d_high,(e) new 20-day high,1,7454,-0.00212414301049781,0.01879614560215126,0.5072444325194526,1.6115720721908908,-0.11379645009191755,1.0771178054242563,0.059892552711756294,-0.06201669572225411,1206.0,0.9093991527301637,0.2814276394436144,-3.405333669403959,0.0006608325605887977,-0.09976893535410322,0.9205277709633315,-0.052124143010497795,-2.7924402497212184,-0.3569213463452743,-0.21241430104978098,4.933156849768365
in_sample,e_20d_high_INV,(e-inv) new 20-day low,1,4188,0.06711486441340138,0.113812350876763,0.529847182425979,2.9158583488853975,1.4895518709527942,0.9128705508826114,0.059892552711756294,0.007222311701645084,904.0,0.1363421049208451,0.36131062750736853,0.1665300232206326,0.8677398579194442,-0.05342133151141786,0.957396209390081,0.01711486441340147,0.37984846622136753,0.0489463562362719,6.711486441340138,2.771674387822634
in_sample,f_relvol_up,(f) relvol>1.5 & up day,1,3652,-0.054219084997339344,-2.3227574980078103e-05,0.49808324205914567,2.3390900349962878,-1.400782249550122,-0.7157302183552094,0.059892552711756294,-0.11411163770909563,1108.0,0.1612791982278725,0.4741579479807998,-3.0314843022446287,0.002433545738346643,-1.2664293219412337,0.20535941863061913,-0.10421908499733933,-2.692561933418691,-1.485816710333242,-5.421908499733934,2.416942422236929
in_sample,f_relvol_up_INV,(f-inv) relvol>1.5 & down day,1,4272,-0.01013476729265362,0.09434437674996632,0.5231741573033708,2.784882200517595,-0.2378606349090264,0.5211822022671322,0.059892552711756294,-0.07002732000440992,1047.0,0.811989188100045,0.6022398512245903,-1.706990314796887,0.08782385258456982,-0.5262922577966718,0.5986851614827322,-0.060134767292653594,-1.4113490241364934,-0.3574231943863133,-1.013476729265362,2.827266710787558
in_sample,g_adx_bull,(g) ADX>25 & +DI>-DI,1,19387,0.024896947853081577,0.05469589780551232,0.5223603445607882,1.6911747303454543,2.049806821489064,1.1447888672752107,0.059892552711756294,-0.034995604858674714,1463.0,0.04038328568344962,0.25229662808441633,-3.131789776170285,0.0017374423382561233,-1.0255735949343328,0.30509261908601437,-0.025103052146918416,-2.0667757282778796,-0.5176603740014688,2.4896947853081577,12.830575777630708
in_sample,g_adx_bull_INV,(g-inv) ADX>25 & -DI>+DI,1,14504,0.07071692921962082,0.11106405048727508,0.5346111417539989,2.733419441444747,3.115738568819528,1.7523377447161756,0.059892552711756294,0.010824376507864525,1423.0,0.0018348486205244097,0.07971574941973403,0.5487984524572085,0.5831437724434532,0.42182887135710345,0.6731499305522601,0.02071692921962082,0.9127734491498178,0.379401979416612,7.071692921962082,9.598941098610192
in_sample,BASE_RATE,"unconditional (any symbol, any day)",2,89149,0.11973680040557451,0.12481213860278118,0.5305724124779863,2.6543786602569477,13.46861719505662,2.2598803422794056,0.11973680040557451,0.0,,,,,,,,,,,,
in_sample,a1_ret5_topdec,(a) top-decile 5d return,2,9066,0.0955941902786395,0.06607093548793852,0.5150011030222811,3.1125924327517707,2.924267509487181,1.4173768371061806,0.11973680040557451,-0.024142610126935013,1511.0,0.0034526788849662537,0.1563727810982598,-0.7915320871235552,0.42863355947739645,-0.5354224540527351,0.5923577667503723,0.045594190278639535,1.394745944963502,0.6760259072145274,9.55941902786395,6.0
in_sample,a1_ret5_topdec_INV,(a-inv) bottom-decile 5d return,2,7555,0.17664037868952376,0.13486525873980248,0.5266710787557909,3.3652495700764042,4.562364128994191,2.0404905018135393,0.11973680040557451,0.05690357828394925,1511.0,5.058082591880009e-06,0.041301496101518786,1.5638760208580258,0.11784668683861987,1.105129273931874,0.2691035775531436,0.1266403786895238,3.270936833932359,1.4629072456657308,17.664037868952377,5.0
in_sample,a2_ret10_topdec,(a) top-decile 10d return,2,9066,0.09846202595197015,0.09689727022644812,0.5199647032870064,3.06941638663896,3.0543641777122477,1.4409489495269103,0.11973680040557451,-0.02127477445360436,1511.0,0.002255381140969792,0.14959910572625423,-0.7064699316663122,0.4798959451879694,-0.45972290743424005,0.6457151248374484,0.04846202595197018,1.5033275480159591,0.7092206839365767,9.846202595197015,6.0
in_sample,a2_ret10_topdec_INV,(a-inv) bottom-decile 10d return,2,7555,0.16457658078618786,0.14125607950941088,0.528788881535407,3.455969151548822,4.1391904783904305,1.8639253180347852,0.11973680040557451,0.044839780380613356,1511.0,3.485334855946043e-05,0.062332192726912705,1.2018383471961571,0.22942616499359025,0.8402289226545205,0.4007800447634453,0.1145765807861879,2.8816632960242115,1.2976462918420089,16.457658078618785,5.0
in_sample,a3_ret20_topdec,(a) top-decile 20d return,2,9066,0.172234329758856,0.1545237249812481,0.5320979483785573,2.9834901139342898,5.496711884641822,2.5990048481931236,0.11973680040557451,0.05249752935328149,1511.0,3.869381082211021e-08,0.009349445280016688,1.7889432956853495,0.07362394814354456,1.1205080379081522,0.26249732926877534,0.12223432975885608,3.9010044863729294,1.8445080960555071,17.2234329758856,6.0
in_sample,a3_ret20_topdec_INV,(a-inv) bottom-decile 20d return,2,7555,0.14295629866876847,0.09520906114028893,0.5192587690271343,3.505550089145477,3.5445764897299585,1.635230048984487,0.11973680040557451,0.023219498263193958,1511.0,0.0003932443853422729,0.10200083116801517,0.6140382330285422,0.5391900627449115,0.4352674685840256,0.6633682951006239,0.0929562986687685,2.3048352111932275,1.0632965055827601,14.295629866876848,5.0
in_sample,b1_ma20_up,(b) close>SMA20 & SMA20 rising,2,44505,0.10104295602596809,0.10365016096010038,0.5286821705426357,2.3223030922880707,9.178919166690854,1.8727894460051828,0.11973680040557451,-0.018693844379606417,1490.0,0.0,0.06109746594642074,-2.1003117456201337,0.035701426713885986,-0.7167018693223085,0.4735580722190069,0.05104295602596813,4.636831559746803,0.9023400543436678,10.104295602596808,29.454003970880212
in_sample,b1_ma20_up_INV,(b-inv) close<SMA20 & SMA20 falling,2,29747,0.13534919726183012,0.15855415613377222,0.5327596060106902,3.149690718639299,7.411555420251808,1.941234332880492,0.11973680040557451,0.015612396856255609,1504.0,1.247890679678676e-13,0.052229860489674707,1.1327339676349517,0.25732598862950296,-0.043327957079639254,0.9654401056164867,0.08534919726183011,4.673616972817091,1.112695328555875,13.534919726183011,19.68696227663799
in_sample,b2_ma50_up,(b) close>SMA50 & SMA50 rising,2,47235,0.08784215765244714,0.10548886157364379,0.5289721604742246,2.249911755710173,8.48534431614038,2.4422438092088696,0.11973680040557451,-0.03189464275312737,1497.0,0.0,0.014596285354298022,-3.7426189422960747,0.00018211228486375575,0.5174860915352582,0.604816875539149,0.03784215765244717,3.655462774686697,1.4511625081141961,8.784215765244713,31.26075446724024
in_sample,b2_ma50_up_INV,(b-inv) close<SMA50 & SMA50 falling,2,27687,0.1735140989442155,0.15300340497830245,0.5314768663993932,3.29701456051482,8.756929524686717,2.178026593519804,0.11973680040557451,0.05377729853864098,1497.0,0.0,0.029404056933937994,3.5633216439760234,0.00036619153175676544,0.6707532536644357,0.5023777315491023,0.1235140989442155,6.233523767468666,1.373669366349311,17.35140989442155,18.323626737260092
in_sample,c1_rsi_gt60,(c) RSI(14)>60,2,26092,0.07495207872308741,0.09497790401629125,0.5277862946497011,2.1689635831951635,5.581939264232481,1.773504951604339,0.11973680040557451,-0.044784721682487094,1426.0,2.3785144520616086e-08,0.07614507212219657,-3.6113785577982873,0.0003045737000992865,-0.9046287215234806,0.3656621141020291,0.024952078723087422,1.8582671797962955,0.7797263075837483,7.495207872308741,17.26803441429517
in_sample,c1_rsi_gt60_INV,(c-inv) RSI(14)<40,2,13206,0.13120660335679574,0.200581992087856,0.5380887475389974,3.714023809368127,4.059725370063928,2.011396444824084,0.11973680040557451,0.011469802951221228,1391.0,4.913046723897807e-05,0.04428359857267683,0.4019919890732289,0.6876899219242749,0.7935688537057776,0.4274464705855019,0.08120660335679576,2.512651798231518,1.348065517988183,13.120660335679574,8.739907346128392
in_sample,c2_rsi_gt70,(c) RSI(14)>70,2,7166,0.048652611747844805,0.07533875464124096,0.5235835891710857,2.317491804620622,1.7771592801024338,0.6663966044475265,0.11973680040557451,-0.0710841886577297,1139.0,0.07554203701391171,0.5051576322995521,-2.6714726349013307,0.007551922981806403,-0.47991620657056716,0.6312869768102993,-0.0013473882521551662,-0.0492167521988092,-0.18536742969029146,4.8652611747844805,4.742554599602912
in_sample,c2_rsi_gt70_INV,(c-inv) RSI(14)<30,2,2805,0.1226886728819549,0.2938808504955537,0.5458110516934046,5.175210549910572,1.25557563107304,1.3384074035407176,0.11973680040557451,0.0029518724763803877,715.0,0.2092698712055907,0.18076366679394829,0.031069900436543507,0.9752137940475034,1.2597683053530786,0.20775295650927328,0.0726886728819548,0.7438838825278843,0.9900012701701553,12.268867288195489,1.85638649900728
in_sample,d_macd_cross_up,(d) MACD bullish crossover,2,3522,0.15061009516802415,0.10256604532195013,0.5275411697898921,2.3444996968443537,3.8124010267920454,1.4353345944849223,0.11973680040557451,0.03087329476244964,1102.0,0.00013762334438993662,0.15119177419283547,0.7928256754742439,0.42787939518833285,-0.6123488988404524,0.5403069436323504,0.10061009516802419,2.546748474571413,0.6400929701260161,15.061009516802415,2.330906684315023
in_sample,d_macd_cross_up_INV,(d-inv) MACD bearish crossover,2,3533,0.08322337296763455,0.12694532527355307,0.5326917633739032,2.502613042228606,1.9766211068357253,1.176279165466961,0.11973680040557451,-0.03651342743793996,1090.0,0.048084474510219355,0.23948333852329107,-0.8826623076519277,0.37741875295572225,-0.5946803562007621,0.5520571550244078,0.03322337296763457,0.789081455201785,0.4383513662685418,8.322337296763454,2.3381866313699535
in_sample,e_20d_high,(e) new 20-day high,2,7454,-0.017352652428859503,0.025591509884237418,0.5069761202039174,2.304787331027545,-0.6500244674917347,0.8017950906313391,0.11973680040557451,-0.13708945283443402,1206.0,0.5156764170903265,0.42267149897286993,-5.286429883553934,1.2472659216555826e-07,-0.7857392455654696,0.4320202661046588,-0.06735265242885946,-2.5230074888385663,-0.07426030207194698,-1.7352652428859503,4.933156849768365
in_sample,e_20d_high_INV,(e-inv) new 20-day low,2,4188,0.10210370698291005,0.2782638338781007,0.5487106017191977,3.826911102521565,1.7266188285560538,0.6228270225502337,0.11973680040557451,-0.01763309342266446,904.0,0.08423614216514053,0.5333981986319729,-0.3094271264109387,0.7569966382905453,0.2918622109853634,0.7703919773686458,0.05210370698291011,0.8810967218782568,0.03526447360816184,10.210370698291005,2.771674387822634
in_sample,f_relvol_up,(f) relvol>1.5 & up day,2,3652,-0.17038938609428403,-0.09219319599464426,0.47562979189485216,3.0781352881744546,-3.3451856019636197,-0.32165542453362517,0.11973680040557451,-0.29012618649985855,1108.0,0.0008222752487903051,0.747713750589809,-5.848466803311162,4.9612463026704745e-09,-1.416466643545491,0.15663892372450672,-0.22038938609428402,-4.326815291066607,-0.8236603674107678,-17.038938609428403,2.416942422236929
in_sample,f_relvol_up_INV,(f-inv) relvol>1.5 & down day,2,4272,0.00283775528484845,0.17476064811499104,0.5374531835205992,3.697906895090071,0.05015735089137242,1.2175289859797223,0.11973680040557451,-0.11689904512072606,1047.0,0.9599969978069414,0.2234030149092332,-2.143868072557867,0.0320434590508758,0.6029849807626693,0.5465186807695346,-0.04716224471515148,-0.8335931112992212,0.6639028041176149,0.283775528484845,2.827266710787558
in_sample,g_adx_bull,(g) ADX>25 & +DI>-DI,2,19387,0.0657753093813048,0.09041668854232743,0.5255583638520658,2.3310817063846088,3.9288071228310253,1.8902196934112712,0.11973680040557451,-0.05396149102426971,1463.0,8.53682739678785e-05,0.0587285839042373,-3.5021787434652802,0.00046146991979156837,-0.4976531726649642,0.6187285188954834,0.01577530938130481,0.9422707159435935,0.9344189783885328,6.577530938130479,12.830575777630708
in_sample,g_adx_bull_INV,(g-inv) ADX>25 & -DI>+DI,2,14504,0.12043165934853153,0.1603610844788439,0.5311638168781025,3.6831507199753375,3.937903547541363,1.8659121499492837,0.11973680040557451,0.0006948589429570246,1423.0,8.219662012365347e-05,0.06205365743880309,0.026077594633062265,0.9791954478773282,0.24335401634327394,0.8077311627830566,0.07043165934853157,2.3029914451742473,1.1014426622211768,12.043165934853153,9.598941098610192
in_sample,BASE_RATE,"unconditional (any symbol, any day)",3,89149,0.1819327699731226,0.20559289142381143,0.541935411502092,3.2427054777284825,16.751807147132215,2.347238873330776,0.1819327699731226,0.0,,,,,,,,,,,,
in_sample,a1_ret5_topdec,(a) top-decile 5d return,3,9066,0.14598283579554694,0.1652792895328492,0.5322082506066622,3.7619342223112975,3.694863982758118,1.5490485978854065,0.1819327699731226,-0.035949934177575665,1511.0,0.00022000452797210635,0.12137003805999402,-0.9743032139131583,0.3299060093577877,-0.5869262515983883,0.5572532380315549,0.09598283579554695,2.429350827522225,1.018490128650403,14.598283579554694,6.0
in_sample,a1_ret5_topdec_INV,(a-inv) bottom-decile 5d return,3,7555,0.2697444899854431,0.19077313100848148,0.5297154202514891,4.16241592912208,5.632800134110212,2.152455732944063,0.1819327699731226,0.08781172001232049,1511.0,1.7730690249351255e-08,0.03136147819480106,1.952562700592868,0.050871434528915405,1.2305714833089731,0.21848317622700497,0.2197444899854431,4.588700932229538,1.7534752508848706,26.97444899854431,5.0
in_sample,a2_ret10_topdec,(a) top-decile 10d return,3,9066,0.18426237461384012,0.1891887974568629,0.5349658063092875,3.700240298009423,4.741487308798492,1.9278263333041883,0.1819327699731226,0.0023296046407175197,1511.0,2.1215494980797445e-06,0.053876731115418464,0.06409551467036996,0.9488941732788552,0.036516479510137485,0.9708705387237389,0.1342623746138401,3.454874315034773,1.4047064241680054,18.426237461384012,6.0
in_sample,a2_ret10_topdec_INV,(a-inv) bottom-decile 10d return,3,7555,0.22641348425019667,0.19762552004749523,0.5347452018530774,4.207566987003096,4.677227381527968,1.7822676071095227,0.1819327699731226,0.04448071427707406,1511.0,2.907797691076297e-06,0.07470560247036873,0.9790582776742482,0.32755118517072557,0.6047518988849272,0.545343858503136,0.17641348425019673,3.64433232295464,1.388680711653235,22.641348425019668,5.0
in_sample,a3_ret20_topdec,(a) top-decile 20d return,3,9066,0.2759141507894837,0.2365534606105668,0.5457754246635782,3.606495532626713,7.284444411198598,3.0217340807876436,0.1819327699731226,0.09398138081636112,1511.0,3.228528555609955e-13,0.0025133123207063957,2.6467629641503154,0.008126629393383489,1.482281705894462,0.1382653539371419,0.22591415078948368,5.964388083830947,2.47414816101125,27.591415078948373,6.0
in_sample,a3_ret20_topdec_INV,(a-inv) bottom-decile 20d return,3,7555,0.21786766338388766,0.12985042113538015,0.5232296492389146,4.408135630029127,4.295908884899519,1.665028985411787,0.1819327699731226,0.035934893410765056,1511.0,1.7397903616434007e-05,0.09590697315830088,0.7568946991386362,0.44911295140505736,0.46973745546857937,0.6385426042476812,0.1678676633838877,3.3100101934241284,1.2829096383846035,21.786766338388766,5.0
in_sample,b1_ma20_up,(b) close>SMA20 & SMA20 rising,3,44505,0.16223597848985846,0.1808375148165453,0.5401415571284125,2.816705004959504,12.150949325968494,2.2115495962874294,0.1819327699731226,-0.019696791483264142,1490.0,0.0,0.026997801382928177,-1.8115096311146743,0.0700619995781504,-0.28705630153955286,0.774069210968594,0.11223597848985846,8.40611126998572,1.5221137965791216,16.223597848985847,29.454003970880212
in_sample,b1_ma20_up_INV,(b-inv) close<SMA20 & SMA20 falling,3,29747,0.20602374549828315,0.25483610331715756,0.5453323024170504,3.8562944202070093,9.214434369390395,1.9973562209544373,0.1819327699731226,0.02409097552516054,1504.0,0.0,0.04578650001334905,1.4289244824261529,0.1530259398436642,-0.1405651718357338,0.8882134638425334,0.15602374549828313,6.978178944777899,1.4299829203976488,20.602374549828316,19.68696227663799
in_sample,b2_ma50_up,(b) close>SMA50 & SMA50 rising,3,47235,0.13726745314114244,0.17445120420744864,0.5398539218799618,2.759798481799192,10.809912144159735,2.455404200502916,0.1819327699731226,-0.04466531683198016,1497.0,0.0,0.01407262560482514,-4.291924685574725,1.771310332365772e-05,0.27415694102558363,0.7839640168384026,0.08726745314114245,6.872375642683067,1.738985887448573,13.726745314114245,31.26075446724024
in_sample,b2_ma50_up_INV,(b-inv) close<SMA50 & SMA50 falling,3,27687,0.2532636718813582,0.25192559102722445,0.5423845125871347,4.04074914985085,10.429151089298141,2.1614428015759537,0.1819327699731226,0.07133090190823557,1497.0,0.0,0.030661150842075546,3.8608119847902387,0.00011301084094883507,0.4050852816067178,0.6854148249741714,0.20326367188135813,8.370199836671649,1.6022133833463286,25.32636718813582,18.323626737260092
in_sample,c1_rsi_gt60,(c) RSI(14)>60,3,26092,0.1274625652452207,0.1684953048931015,0.540587153150391,2.6656540344102635,7.723827329441383,2.167251969062835,0.1819327699731226,-0.0544702047279019,1426.0,1.1324274851176597e-14,0.03021564668608301,-3.584975400183712,0.00033710997876879034,-0.316983294222475,0.7512562783929511,0.07746256524522073,4.693985856150075,1.481520881890723,12.746256524522071,17.26803441429517
in_sample,c1_rsi_gt60_INV,(c-inv) RSI(14)<40,3,13206,0.21226221026520442,0.2923662579507602,0.5487657125548993,4.532586966889116,5.3816095205508665,2.1152910908382347,0.1819327699731226,0.030329440292081816,1391.0,7.382276656642262e-08,0.034405145329700515,0.8709266211855711,0.38379422018305265,0.8734344182422127,0.38242633777530655,0.1622622102652045,4.113929910075932,1.64812417056338,21.22622102652044,8.739907346128392
in_sample,c2_rsi_gt70,(c) RSI(14)>70,3,7166,0.0920909264668691,0.1501076378969235,0.5380965671225231,2.768607633417445,2.815748309790415,0.7585093385829741,0.1819327699731226,-0.0898418435062535,1139.0,0.004866377448437209,0.4481461245914331,-2.819088293342629,0.004816026870846146,-0.6029583357412612,0.5465364066112046,0.04209092646686913,1.286961263216714,0.15424455140839707,9.20909264668691,4.742554599602912
in_sample,c2_rsi_gt70_INV,(c-inv) RSI(14)<30,3,2805,0.17114776079718683,0.45330811977095653,0.5618538324420678,6.301395657572313,1.4384703179951415,1.4846379857523497,0.1819327699731226,-0.010785009175935778,715.0,0.15030065342482835,0.13763974736724927,-0.09322694436707585,0.9257232690909953,1.2281532804942379,0.21938943305786873,0.12114776079718673,1.01822809241915,1.2423039985355964,17.114776079718684,1.85638649900728
in_sample,d_macd_cross_up,(d) MACD bullish crossover,3,3522,0.21899330623953445,0.2017656108588728,0.5440090857467348,3.048943967900413,4.26261464803355,1.1636546459989605,0.1819327699731226,0.03706053626641184,1102.0,2.020487763410017e-05,0.24456399625937086,0.7340769926889716,0.46290181485361104,-1.0064884469809523,0.31418066631156494,0.1689933062395344,3.2893852098307415,0.5718550926352282,21.899330623953446,2.330906684315023
in_sample,d_macd_cross_up_INV,(d-inv) MACD bearish crossover,3,3533,0.11213895561590878,0.20729303261601828,0.5459949051797339,3.0689162721868186,2.1719173061188397,1.5050433135123598,0.1819327699731226,-0.06979381435721382,1090.0,0.02986190086977114,0.13231294134898097,-1.3760793166262406,0.1687970783081778,-0.5631524402581128,0.5733310851828697,0.062138955615908806,1.2035128412342408,0.9832886995597274,11.213895561590878,2.3381866313699535
in_sample,e_20d_high,(e) new 20-day high,3,7454,0.01722208392662847,0.08980555462108075,0.5207942044539844,2.7849867207982038,0.5338967372110214,1.016575011996169,0.1819327699731226,-0.16471068604649414,1206.0,0.5934129795962693,0.30935564637056245,-5.249572389547306,1.5245268247809918e-07,-0.7229899795214714,0.4696860405189498,-0.032777916073371535,-1.0161384951266867,0.38671861464145485,1.722208392662847,4.933156849768365
in_sample,e_20d_high_INV,(e-inv) new 20-day low,3,4188,0.2593462451756677,0.3913935896871834,0.5542024832855779,4.370301431235518,3.8403597447911464,1.078230067440046,0.1819327699731226,0.07741347520254507,904.0,0.0001228541462596766,0.28093109689754003,1.1874682414319935,0.235042976393129,0.5587015589949641,0.5763654151922788,0.20934624517566772,3.0999673511804575,0.6572554909754792,25.934624517566768,2.771674387822634
in_sample,f_relvol_up,(f) relvol>1.5 & up day,3,3652,-0.2784091745014776,-0.12233277350102156,0.4786418400876232,4.087316939980525,-4.116334052942044,-0.046337084120960256,0.1819327699731226,-0.4603419444746002,1108.0,3.849462621552391e-05,0.9630415821863396,-7.005840323839631,2.454925152051146e-12,-1.5036169259294225,0.13268003043552046,-0.3284091745014776,-4.855593824160573,-0.43236669800579497,-27.840917450147764,2.416942422236929
in_sample,f_relvol_up_INV,(f-inv) relvol>1.5 & down day,3,4272,0.021720242903105647,0.23053730192500455,0.5362827715355806,4.5162457342229905,0.31434223405991807,1.2586187813761893,0.1819327699731226,-0.16021252707001696,1047.0,0.7532611245108247,0.20816805992856358,-2.40579626536306,0.016137261380274603,0.6222985420185849,0.5337455797148616,-0.028279757096894412,-0.40927360086007847,0.8400356296588931,2.1720242903105644,2.827266710787558
in_sample,g_adx_bull,(g) ADX>25 & +DI>-DI,3,19387,0.1123639259557904,0.15042403240286273,0.5371640790220251,2.8224155215509823,5.543209061021214,2.1547577510351332,0.1819327699731226,-0.06956884401733221,1463.0,2.9697793113570015e-08,0.031180795956453844,-3.717979793603784,0.00020082232879126138,-0.4034656113603034,0.6866057279403934,0.0623639259557904,3.076577081998787,1.4758092174663107,11.236392595579039,12.830575777630708
in_sample,g_adx_bull_INV,(g-inv) ADX>25 & -DI>+DI,3,14504,0.17069485109838253,0.22107997535941726,0.5361969111969112,4.4937466244553015,4.57462748699133,1.7104440259540146,0.1819327699731226,-0.011237918874740072,1423.0,4.770680418264561e-06,0.08718379570489976,-0.345625540277721,0.7296241492133708,-0.09248152568087396,0.9263154686821855,0.12069485109838253,3.2346258825039533,1.1832334042399835,17.069485109838254,9.598941098610192
in_sample,BASE_RATE,"unconditional (any symbol, any day)",4,89149,0.24470479697971056,0.2772083185209162,0.5476898226564516,3.751210647377329,19.47732309587348,2.4076275109208956,0.24470479697971056,0.0,,,,,,,,,,,,
in_sample,a1_ret5_topdec,(a) top-decile 5d return,4,9066,0.21088708226643219,0.22842490675889504,0.5370615486432826,4.230625326302064,4.746279075090374,1.808997002289593,0.24470479697971056,-0.03381771471327838,1511.0,2.0719279589798134e-06,0.07045146906997579,-0.8129351934181082,0.4162552153699668,-0.4505178678374873,0.6523370734622422,0.1608870822664322,3.6209661768129013,1.3800951978623004,21.08870822664322,6.0
in_sample,a1_ret5_topdec_INV,(a-inv) bottom-decile 5d return,4,7555,0.348662453070527,0.2181080795527368,0.5301125082726671,4.928535287372105,6.149000740596489,2.1378414372112173,0.24470479697971056,0.10395765609081645,1511.0,7.797260614950119e-10,0.03252961462189541,1.9548495969583872,0.05060082517519682,1.1719448795762715,0.24121918692896793,0.2986624530705271,5.267202215053409,1.8312639123896997,34.8662453070527,5.0
in_sample,a2_ret10_topdec,(a) top-decile 10d return,4,9066,0.2722879942918816,0.2654942949946615,0.542686962276638,4.188726447473445,6.189482670873067,2.274617655397856,0.24470479697971056,0.027583197312171043,1511.0,6.036198207937105e-10,0.022928876055815728,0.6690844379974443,0.5034416163835838,0.3570406295869146,0.7210613895934541,0.22228799429188167,5.052913523384657,1.8569316569179595,27.22879942918816,6.0
in_sample,a2_ret10_topdec_INV,(a-inv) bottom-decile 10d return,4,7555,0.2812786009441443,0.227117087006401,0.5330244870946393,4.916273683759733,4.972993321446689,1.7069551751552647,0.24470479697971056,0.03657380396443374,1511.0,6.592693313489661e-07,0.08783038424086764,0.6893623249289303,0.49059528601431523,0.40103052968040276,0.6883976467120783,0.2312786009441443,4.088995515578367,1.4035273336085439,28.12786009441443,5.0
in_sample,a3_ret20_topdec,(a) top-decile 20d return,4,9066,0.37553314787054765,0.35256592438850376,0.5550408118243989,4.12267251534469,8.673158779395832,3.257302705935345,0.24470479697971056,0.13082835089083708,1511.0,0.0,0.001124764171657855,3.2195385470025664,0.0012839709706615743,1.6927354220220099,0.09050583964436298,0.32553314787054766,7.518379390601956,2.8236122681662943,37.55331478705477,6.0
in_sample,a3_ret20_topdec_INV,(a-inv) bottom-decile 20d return,4,7555,0.2956227419803709,0.1889082824765076,0.5260092653871609,5.197398662623239,4.943892795873612,1.705020511725981,0.24470479697971056,0.05091794500066035,1511.0,7.657782497005883e-07,0.08819059897462633,0.9105081459067271,0.3625545877466805,0.5136171119090799,0.6075197133772618,0.24562274198037087,4.1077100376131055,1.4166427468246603,29.56227419803709,5.0
in_sample,b1_ma20_up,(b) close>SMA20 & SMA20 rising,4,44505,0.21838732374027484,0.24047939294709053,0.5456240871812156,3.20655905373719,14.367876500929675,2.6097034355031785,0.24470479697971056,-0.02631747323943573,1490.0,0.0,0.009062074596667191,-2.092397455696211,0.03640297621144106,-0.23291416812071303,0.8158280564074303,0.1683873237402749,11.07833655537469,2.0569838259370603,21.838732374027483,29.454003970880212
in_sample,b1_ma20_up_INV,(b-inv) close<SMA20 & SMA20 falling,4,29747,0.2834141610371794,0.3561367760076317,0.5520892863145863,4.50804454858959,10.843136725013066,2.043145129884214,0.24470479697971056,0.03870936405746886,1504.0,0.0,0.041038073545746734,1.972574173008961,0.04854409792902392,-0.17581414998154987,0.8604399527211835,0.23341416103717944,8.9301877239237,1.6075437134713495,28.341416103717943,19.68696227663799
in_sample,b2_ma50_up,(b) close>SMA50 & SMA50 rising,4,47235,0.18420680392626507,0.2349638277568511,0.5448502170001058,3.1890551778629384,12.553811222347528,2.635407004858053,0.24470479697971056,-0.0604979930534455,1497.0,0.0,0.008403644970318425,-5.024986576864887,5.034677497128826e-07,-0.007178630606017141,0.9942723306655408,0.13420680392626508,9.146279319407448,2.0772718019759884,18.420680392626508,31.26075446724024
in_sample,b2_ma50_up_INV,(b-inv) close<SMA50 & SMA50 falling,4,27687,0.3386446001257141,0.3589196319812471,0.5502221259074656,4.691873302052796,12.009801496482568,2.19712642405496,0.24470479697971056,0.09393980314600356,1497.0,0.0,0.028011418422992485,4.3845947485540435,1.1620189825034544e-05,0.4112767427110467,0.680869621259105,0.2886446001257142,10.236585344206084,1.7736686024426396,33.86446001257141,18.323626737260092
in_sample,c1_rsi_gt60,(c) RSI(14)>60,4,26092,0.18663636354729557,0.23634181751678307,0.5488655526598191,3.030375061630411,9.948407485397905,2.5857837359708724,0.24470479697971056,-0.058068433432414995,1426.0,0.0,0.009715786967152473,-3.3317453763667793,0.0008630317959896772,0.06024036174233817,0.9519642000459836,0.13663636354729558,7.283222819260517,2.0380337295915276,18.663636354729558,17.26803441429517
in_sample,c1_rsi_gt60_INV,(c-inv) RSI(14)<40,4,13206,0.3002832317220574,0.41526269997678167,0.5589126154778131,5.278437546036589,6.537494556871892,2.327878090855337,0.24470479697971056,0.05557843474234683,1391.0,6.255795881315862e-11,0.0199185779293245,1.3713383514435507,0.17026950557031517,1.3512955558189033,0.17660077509014593,0.2502832317220573,5.448939841481887,1.9692307097946622,30.028323172205738,8.739907346128392
in_sample,c2_rsi_gt70,(c) RSI(14)>70,4,7166,0.14975882357395637,0.20299852834950727,0.5450739603684064,3.1680793417460644,4.001610114924878,1.1331973302182525,0.24470479697971056,-0.0949459734057542,1139.0,6.291290459259358e-05,0.2571313950970806,-2.6002621824498413,0.00931525604225758,-0.24413087274220727,0.8071294628008847,0.09975882357395638,2.6655919694068153,0.6766230890200924,14.975882357395637,4.742554599602912
in_sample,c2_rsi_gt70_INV,(c-inv) RSI(14)<30,4,2805,0.06973553746435375,0.41523744658358286,0.5525846702317291,7.455048137206465,0.4954161194444863,1.571508190873119,0.24470479697971056,-0.1749692595153568,715.0,0.620306418559472,0.11606465334158389,-1.2786543324106023,0.20101880796342564,1.176630112473554,0.23934317340776978,0.019735537464353543,0.14020546397508024,1.3868888046695185,6.973553746435375,1.85638649900728
in_sample,d_macd_cross_up,(d) MACD bullish crossover,4,3522,0.2540489613722027,0.27409178494067765,0.5445769449176604,3.546043266148976,4.2517534159962285,1.1372298190781687,0.24470479697971056,0.00934416439249211,1102.0,2.12103323629087e-05,0.25544222442590714,0.15917800174625285,0.873528634937613,-1.242823615248186,0.21393283828932486,0.20404896137220271,3.414955384421705,0.6830337906717654,25.404896137220266,2.330906684315023
in_sample,d_macd_cross_up_INV,(d-inv) MACD bearish crossover,4,3533,0.19346591315147538,0.26202374732333666,0.5400509482026606,3.5233354627005107,3.2637905543655683,1.4821065172918766,0.24470479697971056,-0.05123888382823519,1090.0,0.0010993239968697388,0.13831195494083204,-0.8796399554288041,0.37905438665677393,-0.7024400859045692,0.4824047537889702,0.14346591315147542,2.4202852305594673,1.067580368691926,19.34659131514754,2.3381866313699535
in_sample,e_20d_high,(e) new 20-day high,4,7454,0.08147433534401477,0.14460631491692855,0.5307217601287899,3.187814230685515,2.2065944190560347,1.4038134476546424,0.24470479697971056,-0.1632304616356958,1206.0,0.027342407220349196,0.1603744084531149,-4.539169229473319,5.6476297416452326e-06,-0.4039830512107953,0.6862251826276298,0.03147433534401477,0.8524290799102919,0.913120114558713,8.147433534401477,4.933156849768365
in_sample,e_20d_high_INV,(e-inv) new 20-day low,4,4188,0.288434359902999,0.532234856253222,0.5730659025787965,5.206096619351202,3.5854040716020936,1.1880607851487281,0.24470479697971056,0.04372956292328842,904.0,0.0003365566999891101,0.23480946262543556,0.5635379970515928,0.5730685938059161,0.5068745572450617,0.6122428386937575,0.23843435990299894,2.9638754727195136,0.8693148161634857,28.8434359902999,2.771674387822634
in_sample,f_relvol_up,(f) relvol>1.5 & up day,4,3652,-0.2195185778735925,-0.06245629256352303,0.49151150054764514,4.496386152976954,-2.9503467653665862,0.22915898834791867,0.24470479697971056,-0.46422337485330306,1108.0,0.0031741745388798037,0.8187453469833441,-6.412891085744211,1.4278556115243646e-10,-1.616816337639779,0.10591793173275166,-0.2695185778735926,-3.622350655412175,-0.1199458721401755,-21.95185778735925,2.416942422236929
in_sample,f_relvol_up_INV,(f-inv) relvol>1.5 & down day,4,4272,0.055067135273999306,0.32767936318408575,0.547752808988764,5.266985510527396,0.6833543800171064,0.8555903206357197,0.24470479697971056,-0.18963766170571125,1047.0,0.49438293953361434,0.3922244257748755,-2.442279309013477,0.01459484999517402,-0.3370144794988713,0.7361059849121188,0.005067135273999407,0.06288050152595484,0.5469547137222052,5.50671352739993,2.827266710787558
in_sample,g_adx_bull,(g) ADX>25 & +DI>-DI,4,19387,0.1687289232041498,0.21608853893144708,0.5452107082065302,3.2232530574090825,7.28870606863069,2.760183625282641,0.24470479697971056,-0.07597587377556075,1463.0,3.1308289294429414e-13,0.00577688811022492,-3.5399262160962417,0.0004002389129387218,0.2460807054864983,0.805619758701017,0.11872892320414984,5.128819686907066,2.2254917869838504,16.87289232041498,12.830575777630708
in_sample,g_adx_bull_INV,(g-inv) ADX>25 & -DI>+DI,4,14504,0.23074857330270773,0.3085517200702159,0.5451599558742416,5.257188611098509,5.286026812071356,1.6223039026437518,0.24470479697971056,-0.013956223677002833,1423.0,1.250015804199478e-07,0.10473829349120134,-0.36735169396065476,0.7133566990991029,-0.2390664716748809,0.8110540397559207,0.1807485733027078,4.140618470773212,1.2196470454832833,23.074857330270774,9.598941098610192
in_sample,BASE_RATE,"unconditional (any symbol, any day)",5,89149,0.3047354059002926,0.33479292241820335,0.5511110612569967,4.164720827231559,21.84717357774629,2.420030880919446,0.3047354059002926,0.0,,,,,,,,,,,,
in_sample,a1_ret5_topdec,(a) top-decile 5d return,5,9066,0.2713248653143226,0.2979338067022219,0.5413633355393779,4.599795411211337,5.616411731322294,1.9750450137981994,0.3047354059002926,-0.03341054058596998,1511.0,1.9496377401395648e-08,0.048263039943926334,-0.7372538080597777,0.4609680169344057,-0.37420631972949486,0.7082508225450432,0.22132486531432266,4.58141412341492,1.6110818710338672,27.13248653143226,6.0
in_sample,a1_ret5_topdec_INV,(a-inv) bottom-decile 5d return,5,7555,0.4422358271200534,0.2979907045924213,0.5367306419589676,5.56452105594142,6.907857461790231,2.209917276762634,0.3047354059002926,0.1375004212197608,1511.0,4.920286400533769e-12,0.027110903965678723,2.2921978105806735,0.021894231241522455,1.3043935784218976,0.19209942354761012,0.3922358271200534,6.1268423293465455,1.9600599448551146,44.22358271200534,5.0
in_sample,a2_ret10_topdec,(a) top-decile 10d return,5,9066,0.3541852479067612,0.3484066246146056,0.5469887491727333,4.625838122211599,7.290341879999994,2.477999608674622,0.3047354059002926,0.049449842006468625,1511.0,3.090860900556436e-13,0.013212129016839658,1.0856198989322208,0.2776471923233004,0.546953325875304,0.584410798461559,0.3041852479067612,6.261171139111434,2.128182722833155,35.41852479067612,6.0
in_sample,a2_ret10_topdec_INV,(a-inv) bottom-decile 10d return,5,7555,0.3601472386165401,0.2599110177721409,0.5335539377895433,5.534086110703076,5.656547143921171,1.7961872548918552,0.3047354059002926,0.0554118327162475,1511.0,1.544485694893183e-08,0.07246474101427647,0.9285429776355862,0.3531259850573585,0.5212995874720441,0.602158088333359,0.3101472386165401,4.871236785073207,1.5468187935659155,36.014723861654005,5.0
in_sample,a3_ret20_topdec,(a) top-decile 20d return,5,9066,0.4549687629690633,0.3999383011747626,0.558349878667549,4.548460394254158,9.524123537659268,3.2393163510609293,0.3047354059002926,0.15023335706877072,1511.0,0.0,0.001198165988085309,3.348963808602509,0.0008111439047495672,1.647117784623337,0.09953383827625828,0.40496876296906326,8.47744469804991,2.8833230813338395,45.49687629690633,6.0
in_sample,a3_ret20_topdec_INV,(a-inv) bottom-decile 20d return,5,7555,0.3672041345835209,0.23364206001945664,0.5294506949040371,5.831258180178212,5.473467284008477,1.7139689727914604,0.3047354059002926,0.062468728683228336,1511.0,4.41314387256142e-08,0.08653442436031034,0.9961560902483919,0.31917431038211186,0.5212387117056065,0.6022004898043898,0.317204134583521,4.728177842998177,1.4805880258781823,36.72041345835209,5.0
in_sample,b1_ma20_up,(b) close>SMA20 & SMA20 rising,5,44505,0.2686629612484668,0.2940980994062592,0.5495786990225817,3.5436311792784485,15.994242845047495,2.889515173086933,0.3047354059002926,-0.0360724446518258,1490.0,0.0,0.0038583638629585693,-2.5832785884971323,0.009786626155253497,0.06625458201499301,0.947175142031212,0.21866296124846676,13.017605728653995,2.430662303258816,26.866296124846677,29.454003970880212
in_sample,b1_ma20_up_INV,(b-inv) close<SMA20 & SMA20 falling,5,29747,0.3581468583545321,0.42434005419991205,0.554173530103876,5.031230108822896,12.277460679691758,2.0253285980681115,0.3047354059002926,0.053411452454239505,1504.0,0.0,0.042833633853238684,2.4439731641114553,0.014526507027516011,-0.19105520376419935,0.8484823432961188,0.30814685835453204,10.563434660295796,1.674629591082779,35.81468583545321,19.68696227663799
in_sample,b2_ma50_up,(b) close>SMA50 & SMA50 rising,5,47235,0.2314327181724097,0.2834406238941156,0.5492537313432836,3.5427825637830455,14.1975111172233,2.6503207180741755,0.3047354059002926,-0.07330268772788287,1497.0,0.0,0.008041539388099928,-5.484492133975942,4.146589338560602e-08,0.14297275129320133,0.8863117013958239,0.18143271817240977,11.130202564366352,2.20503273891474,23.143271817240972,31.26075446724024
in_sample,b2_ma50_up_INV,(b-inv) close<SMA50 & SMA50 falling,5,27687,0.4120650941196378,0.42897352854973647,0.5513417849532272,5.204357841463415,13.174575400373568,2.198083993898184,0.3047354059002926,0.10732968821934524,1497.0,0.0,0.02794312092535378,4.514864049565377,6.3357396922203435e-06,0.29745463113855847,0.7661194403446743,0.36206509411963783,11.57597173454735,1.8555235503317808,41.20650941196378,18.323626737260092
in_sample,c1_rsi_gt60,(c) RSI(14)>60,5,26092,0.23202022662674313,0.2820702049990409,0.5522765598650927,3.3629594661901008,11.144430977874634,2.910354214071222,0.3047354059002926,-0.07271517927354945,1426.0,0.0,0.0036101934705068395,-3.758687756498166,0.0001708068381296446,0.3888164677632358,0.6974119179999219,0.18202022662674316,8.742823337907332,2.4571054450804635,23.202022662674313,17.26803441429517
in_sample,c1_rsi_gt60_INV,(c-inv) RSI(14)<40,5,13206,0.3624287647345551,0.45989502553137607,0.5536119945479328,5.873125409273407,7.091515081568767,2.3580853811178963,0.3047354059002926,0.05769335883426252,1391.0,1.326494469822137e-12,0.018369467401442297,1.279650000424297,0.20066825653528375,1.4514914966908188,0.14664304834169362,0.3124287647345551,6.113182817190879,2.065859676847821,36.24287647345551,8.739907346128392
in_sample,c2_rsi_gt70,(c) RSI(14)>70,5,7166,0.21539435384926248,0.24560897550891525,0.5512140664247837,3.5182770607667613,5.182540207004533,1.4424789542026752,0.3047354059002926,-0.0893410520510301,1139.0,2.188841612404957e-07,0.14916730454078442,-2.203288698127439,0.027574407047937788,-0.06829034934142435,0.9455545063055002,0.16539435384926243,3.9795049104917495,1.065111277850343,21.539435384926247,4.742554599602912
in_sample,c2_rsi_gt70_INV,(c-inv) RSI(14)<30,5,2805,0.034286973692423804,0.2641304559661828,0.5276292335115864,8.30783770887108,0.2185785712640073,1.451782886541328,0.3047354059002926,-0.2704484322078688,715.0,0.8269783468245742,0.14656198381638585,-1.7735852482557106,0.07613177954922867,0.9706998822258834,0.3316977505384351,-0.015713026307576195,-0.10017013666337876,1.3019369774092864,3.4286973692423803,1.85638649900728
in_sample,d_macd_cross_up,(d) MACD bullish crossover,5,3522,0.2711206801712774,0.29983053416394734,0.5485519591141397,3.9325127888224984,4.0915435443189665,0.7490421809207469,0.3047354059002926,-0.033614725729015194,1102.0,4.2851146275335594e-05,0.4538317822726359,-0.5163256126348889,0.6056270104742398,-1.9515344623819861,0.05099350079730014,0.2211206801712774,3.3369822283518147,0.3863453153331094,27.11206801712774,2.330906684315023
in_sample,d_macd_cross_up_INV,(d-inv) MACD bearish crossover,5,3533,0.3334331752580699,0.3189936717918229,0.5454288140390603,4.01929304911076,4.930954043091647,1.9590653400840994,0.3047354059002926,0.028697769357777347,1090.0,8.182898527664406e-07,0.0501051352224926,0.43240609412588377,0.6654462896780362,-0.051827159825662876,0.958666414216625,0.2834331752580699,4.191532412464281,1.5966401630479383,33.343317525806995,2.3381866313699535
in_sample,e_20d_high,(e) new 20-day high,5,7454,0.12483060695156027,0.21382577496871225,0.5409176281191307,3.528173459907916,3.0546808874380447,1.4566563404436044,0.3047354059002926,-0.1799047989487323,1206.0,0.002253001045990688,0.14521126715175114,-4.518505303979692,6.227771363720436e-06,-0.7028380731453027,0.4821566672203461,0.07483060695156024,1.831150472087506,1.045047248307925,12.483060695156027,4.933156849768365
in_sample,e_20d_high_INV,(e-inv) new 20-day low,5,4188,0.3595822470505322,0.4715719209739788,0.5542024832855779,5.601010731815207,4.154656986511451,1.5991336497281636,0.3047354059002926,0.054846841150239634,904.0,3.2577588574334015e-05,0.10979090923205415,0.6564116038648139,0.5115593262888807,0.8178730905854273,0.41342965723371217,0.3095822470505324,3.576950909447032,1.3284628690123337,35.95822470505322,2.771674387822634
in_sample,f_relvol_up,(f) relvol>1.5 & up day,5,3652,-0.3083864798933385,-0.06264917049629282,0.4923329682365827,5.163255263890594,-3.609417483491729,0.12429469456602799,0.3047354059002926,-0.6131218857936311,1108.0,0.00030688537276413186,0.9010819478513132,-7.383156759356109,1.545430450278218e-13,-2.046228192928821,0.040733924758861395,-0.3583864798933384,-4.194627555726431,-0.1706474400576224,-30.83864798933385,2.416942422236929
in_sample,f_relvol_up_INV,(f-inv) relvol>1.5 & down day,5,4272,0.032636508986436,0.2557418035145642,0.5271535580524345,5.715982181868372,0.3731886727403084,0.8984758093531006,0.3047354059002926,-0.2720988969138566,1047.0,0.7090080260656904,0.36893193627401866,-3.2270425831284024,0.0012507684449316603,-0.5068456492898833,0.6122631234947922,-0.01736349101356393,-0.19854630187877256,0.640029003606175,3.2636508986435997,2.827266710787558
in_sample,g_adx_bull,(g) ADX>25 & +DI>-DI,5,19387,0.2233455253455461,0.2549906026273696,0.5468612988084799,3.601896096804793,8.633787999187248,3.006954204505588,0.3047354059002926,-0.08138988055474647,1463.0,0.0,0.0026387951290949285,-3.4010610591975015,0.0006712483279973647,0.46766718221031817,0.6400226132694489,0.17334552534554618,6.700955902858123,2.571317650380201,22.33455253455461,12.830575777630708
in_sample,g_adx_bull_INV,(g-inv) ADX>25 & -DI>+DI,5,14504,0.2841054263952622,0.36668307437160985,0.5434362934362934,5.813518649117502,5.8855134208554265,1.6289470703845341,0.3047354059002926,-0.02062997950503037,1423.0,3.96820176717938e-09,0.10332422433311361,-0.49083747612019796,0.6235414016592653,-0.15051106330336064,0.8803614229116026,0.23410542639526227,4.849715988977588,1.3020341969971698,28.41054263952622,9.598941098610192
in_sample,BASE_RATE,"unconditional (any symbol, any day)",10,89149,0.6202481769969527,0.6735347136680003,0.568206037083983,5.798474892088167,31.938164505989516,2.4870218906711394,0.6202481769969527,0.0,,,,,,,,,,,,
in_sample,a1_ret5_topdec,(a) top-decile 5d return,10,9066,0.6774547095782454,0.5995032582480242,0.5551511140525038,6.346173198914896,10.164270234858945,2.653410868788219,0.6202481769969527,0.05720653258129271,1511.0,0.0,0.007968281194637328,0.9141723484781763,0.36062629133956503,0.4320839621164246,0.6656803905713566,0.6274547095782452,9.414089441135713,2.4575740968776567,67.74547095782454,6.0
in_sample,a1_ret5_topdec_INV,(a-inv) bottom-decile 5d return,10,7555,0.7264660150563093,0.5687976892190028,0.5490403706154864,7.302902146459359,8.646434486091886,2.068442590077377,0.6202481769969527,0.10621783805935658,1511.0,0.0,0.03859842381120915,1.3446501301493603,0.17873824641564484,0.7140197394666263,0.47521497350367814,0.6764660150563091,8.051332010071606,1.9260792484200908,72.64660150563093,5.0
in_sample,a2_ret10_topdec,(a) top-decile 10d return,10,9066,0.873249916835452,0.7332335458611339,0.5673946613721598,6.302742025878055,13.1921894259778,3.2644235239183708,0.6202481769969527,0.2530017398384993,1511.0,0.0,0.0010968706976273168,4.068212779376385,4.737511071395417e-05,1.721107800760458,0.08523126401935777,0.8232499168354518,12.436839258079434,3.0775111944131917,87.32499168354519,6.0
in_sample,a2_ret10_topdec_INV,(a-inv) bottom-decile 10d return,10,7555,0.6516824970913605,0.6431776405614098,0.5510258107213766,7.418084414755379,7.6359226435446,1.7417816916997213,0.6202481769969527,0.03143432009440783,1511.0,2.2426505097428162e-14,0.08154665150305807,0.3921245574792909,0.6949661833502319,0.1798526358953375,0.8572682598332884,0.6016824970913605,7.050060457769637,1.6081443990400466,65.16824970913605,5.0
in_sample,a3_ret20_topdec,(a) top-decile 20d return,10,9066,0.8588091524998039,0.7093758446918841,0.5677255680564748,6.446607250781377,12.684498726495129,3.0588474046215874,0.6202481769969527,0.23856097550285127,1511.0,0.0,0.00222190293994573,3.7584931497722796,0.00017093971774650996,1.6658415150939971,0.09574498489963412,0.808809152499804,11.946005273696372,2.880760841633876,85.88091524998039,6.0
in_sample,a3_ret20_topdec_INV,(a-inv) bottom-decile 20d return,10,7555,0.6831327884827934,0.6691870354235352,0.5508934480476506,7.48659846119446,7.931180329592733,1.7863831898445053,0.6202481769969527,0.06288461148584068,1511.0,2.220446049250313e-15,0.07403723552626795,0.7776854907886913,0.43675444782957573,0.32949935830653954,0.7417782788941971,0.6331327884827933,7.350679696091631,1.6556338523831917,68.31327884827934,5.0
in_sample,b1_ma20_up,(b) close>SMA20 & SMA20 rising,10,44505,0.5600710852495651,0.5937932574909155,0.5669700033704078,5.00429112335291,23.610489326934125,3.4419242964690735,0.6202481769969527,-0.06017709174738761,1490.0,0.0,0.0005775918679635783,-3.095222871871938,0.001966650588852259,1.2747188126845446,0.2024087856616088,0.5100710852495652,21.502677484048743,3.1992635361807285,56.00710852495651,29.454003970880212
in_sample,b1_ma20_up_INV,(b-inv) close<SMA20 & SMA20 falling,10,29747,0.7147427011329089,0.8288462769414418,0.5738057619255723,6.904757321020233,17.85348062695415,2.2566044119736106,0.6202481769969527,0.09449452413595627,1504.0,0.0,0.024032804442301936,3.1320589690539005,0.0017358500666204701,-0.05822254200060254,0.9535713652570263,0.6647427011329091,16.604536034819432,2.0717132713535857,71.4742701132909,19.68696227663799
in_sample,b2_ma50_up,(b) close>SMA50 & SMA50 rising,10,47235,0.4732475177980969,0.5439668915013574,0.5619561765639886,4.9754588847343895,20.672222123664376,2.4477563544620957,0.6202481769969527,-0.1470006591988558,1497.0,0.0,0.01437488248517016,-7.907403017281238,2.6645352591003757e-15,0.26164631763475127,0.7935941312556907,0.42324751779809683,18.48814071317467,2.238003030763531,47.32475177980969,31.26075446724024
in_sample,b2_ma50_up_INV,(b-inv) close<SMA50 & SMA50 falling,10,27687,0.8390250164447655,0.9163785306285366,0.5762632282298552,7.10543680951353,19.64816872183608,2.2281568198515456,0.6202481769969527,0.2187768394478128,1497.0,0.0,0.025870059381150945,6.695208131022129,2.1536550320888637e-11,0.02751227273507198,0.9780511513262791,0.7890250164447654,18.4772758201505,2.052655119994766,83.90250164447654,18.323626737260092
in_sample,c1_rsi_gt60,(c) RSI(14)>60,10,26092,0.5067756101764405,0.5459622573465883,0.5688716848076039,4.825885318225848,16.962598906191314,3.195484237962433,0.6202481769969527,-0.11347256682051221,1426.0,0.0,0.0013959640769836135,-4.151209022565,3.307235455252133e-05,0.48818648720130736,0.6254177550021409,0.45677561017644047,15.289018078151312,2.958974388679626,50.677561017644045,17.26803441429517
in_sample,c1_rsi_gt60_INV,(c-inv) RSI(14)<40,10,13206,0.6416085712925012,0.9197838918669321,0.576253218234136,7.950852590734152,9.273466381063026,2.4064337506600153,0.6202481769969527,0.02136039429554848,1391.0,0.0,0.016109125511653666,0.34900639457403704,0.7270845088903795,1.2056119239101895,0.2279671594122883,0.591608571292501,8.55079318154654,2.2464458599054167,64.16085712925012,8.739907346128392
in_sample,c2_rsi_gt70,(c) RSI(14)>70,10,7166,0.4718830105100817,0.48623400702179076,0.5639129221322914,4.9479315171754585,8.073262307202357,2.0565443884486228,0.6202481769969527,-0.14836516648687098,1139.0,6.661338147750939e-16,0.03973007229967651,-2.604780335392684,0.009193317928156475,0.0793176364508447,0.9367799786369753,0.42188301051008165,7.2178318162343125,1.8497570575462425,47.18830105100817,4.742554599602912
in_sample,c2_rsi_gt70_INV,(c-inv) RSI(14)<30,10,2805,-0.1099332694594637,0.9685458684873582,0.5647058823529412,10.778636133587069,-0.5401716233893683,1.1072369670233932,0.6202481769969527,-0.7301814464564164,715.0,0.5890786802480581,0.268191488667604,-3.6884858843276365,0.0002255925390584057,0.20445141482467946,0.8380007553710813,-0.1599332694594637,-0.7858532200731405,1.0203870047139445,-10.99332694594637,1.85638649900728
in_sample,d_macd_cross_up,(d) MACD bullish crossover,10,3522,0.7154645171612264,0.6019320847335918,0.5638841567291312,5.608374357807416,7.570869861484946,1.7526455459404746,0.6202481769969527,0.09521634016427372,1102.0,3.708144902248023e-14,0.07966286814131873,1.0266139486965484,0.30460228325501504,-1.515270791508312,0.12970384199603013,0.6654645171612263,7.041782137363827,1.5395505294628666,71.54645171612263,2.330906684315023
in_sample,d_macd_cross_up_INV,(d-inv) MACD bearish crossover,10,3533,0.5043457473375578,0.6365113600914407,0.5629776393999434,5.887979538039947,5.09136098023611,2.5593732396279902,0.6202481769969527,-0.1159024296593949,1090.0,3.555024772339266e-07,0.010486109020010126,-1.194673986158701,0.23221442999173236,-0.12388752944919346,0.9014043269358152,0.45434574733755767,4.586611906102599,2.341747384301962,50.434574733755774,2.3381866313699535
in_sample,e_20d_high,(e) new 20-day high,10,7454,0.42155351547734576,0.5608850266766385,0.567748859672659,4.825202974301899,7.542786632582783,2.624369975792987,0.6202481769969527,-0.1986946615196069,1206.0,4.596323321948148e-14,0.008680943074982128,-3.6408540240188114,0.0002717351793570799,-0.2801415183679659,0.779368932367069,0.3715535154773457,6.648144985004334,2.379678360104467,42.155351547734575,4.933156849768365
in_sample,e_20d_high_INV,(e-inv) new 20-day low,10,4188,0.6243386277094939,1.007994840041404,0.5783190066857689,8.04589981648307,5.021678692470448,1.6727237059255189,0.6202481769969527,0.004090450712541216,904.0,5.122181869765541e-07,0.09438170022162984,0.03410787801475917,0.9727911263943345,0.24707233176329932,0.8048522460840954,0.5743386277094937,4.619518833253227,1.5172846198244934,62.43386277094939,2.771674387822634
in_sample,f_relvol_up,(f) relvol>1.5 & up day,10,3652,-0.03468397873684004,0.22011755274934375,0.5235487404162102,6.929056373897345,-0.3024963934046646,1.2211111185048895,0.6202481769969527,-0.6549321557337927,1108.0,0.7622736824069278,0.22204395052098969,-5.870454835864045,4.3460115506377406e-09,-1.490235135120545,0.13616242107290044,-0.08468397873684029,-0.7385714984262314,1.035843591282717,-3.4683978736840038,2.416942422236929
in_sample,f_relvol_up_INV,(f-inv) relvol>1.5 & down day,10,4272,-0.2057885024684659,0.3918009404358824,0.5299625468164794,7.955117372091733,-1.6907918161759197,1.005694649760946,0.6202481769969527,-0.8260366794654186,1047.0,0.09087657077306277,0.31456247764078604,-7.039172478715939,1.9340085088970227e-12,-0.31707075723357653,0.751189913277198,-0.25578850246846563,-2.1015999507156518,0.8615083620972465,-20.57885024684659,2.827266710787558
in_sample,g_adx_bull,(g) ADX>25 & +DI>-DI,10,19387,0.5492989408500754,0.5092394761897934,0.5636251096095322,5.16651755116893,14.803559640141755,2.972294691179704,0.6202481769969527,-0.07094923614687731,1463.0,0.0,0.0029558282527162305,-2.0875163584034806,0.03684148391634379,0.8235033692219716,0.410221801997523,0.4992989408500753,13.456063901552463,2.760685884929488,54.92989408500753,12.830575777630708
in_sample,g_adx_bull_INV,(g-inv) ADX>25 & -DI>+DI,10,14504,0.5550414270145925,0.8054272518632111,0.5668091560948704,7.549371453320347,8.85438700418996,1.6119161188468956,0.6202481769969527,-0.0652067499823602,1423.0,0.0,0.1069801941086872,-1.1849874955580117,0.23602239097069266,-0.578541325162053,0.5628987054738936,0.5050414270145923,8.056754019223849,1.4360656779848315,55.504142701459244,9.598941098610192
out_of_sample,BASE_RATE,"unconditional (any symbol, any day)",1,84134,0.07359548393032873,0.07878424717059351,0.5230346827679654,1.980245558652651,10.779978285315618,2.9735891060291233,0.07359548393032873,0.0,,,,,,,,,,,,
out_of_sample,a1_ret5_topdec,(a) top-decile 5d return,1,8556,0.13126239812161467,0.1100416170129459,0.5276998597475456,2.3404435128834047,5.187732315050074,3.460752275313507,0.07359548393032873,0.05766691419128593,1426.0,2.1287028761918236e-07,0.0005386682540318155,2.4442894270061757,0.014513777890917012,1.9355344004641806,0.05292475149089082,0.08126239812161469,3.2116400032809276,2.1424949812074225,13.126239812161467,5.991596638655462
out_of_sample,a1_ret5_topdec_INV,(a-inv) bottom-decile 5d return,1,7130,0.09301223191950245,0.10154032776080735,0.526507713884993,2.428603187740093,3.2339125372245516,2.242704419247477,0.07359548393032873,0.019416747989173713,1426.0,0.0012210684381774861,0.024915881478077884,0.7168677456686021,0.4734557055639257,0.6740413580316551,0.5002850201389011,0.04301223191950248,1.4954785321017936,1.0371079224402464,9.301223191950244,4.992997198879552
out_of_sample,a2_ret10_topdec,(a) top-decile 10d return,1,8556,0.10919318380378322,0.10819872469780556,0.5279336138382422,2.3489733620172784,4.299845245474219,2.821517607958048,0.07359548393032873,0.035597699873454486,1426.0,1.7091741903341173e-05,0.004779701354066024,1.5038298418555325,0.13262518527142775,1.2175893431029636,0.22338006618236994,0.05919318380378326,2.3309287363627598,1.5295332964518333,10.919318380378321,5.991596638655462
out_of_sample,a2_ret10_topdec_INV,(a-inv) bottom-decile 10d return,1,7130,0.0470605224256185,0.06220317705123435,0.5152875175315568,2.4085732259547283,1.649839338332084,1.10082734234294,0.07359548393032873,-0.026534961504710235,1426.0,0.09897580052971078,0.27097180925367415,-0.9872963661686688,0.3234973715694096,-0.8600431738815968,0.38976524392630507,-0.002939477574381455,-0.10305167657296277,-0.06875948500566419,4.70605224256185,4.992997198879552
out_of_sample,a3_ret20_topdec,(a) top-decile 20d return,1,8556,0.12413604033924261,0.10681260189377983,0.5273492286115007,2.3801700536464225,4.824199834443607,3.205073583552824,0.07359548393032873,0.050540556408913875,1426.0,1.4056643169446659e-06,0.0013502795606168405,2.1093974405558877,0.034910290238627795,1.6785110370210636,0.0932473776529954,0.07413604033924265,2.8810897508369897,1.9141215059797416,12.41360403392426,5.991596638655462
out_of_sample,a3_ret20_topdec_INV,(a-inv) bottom-decile 20d return,1,7130,0.07997357160057379,0.052567206039888514,0.5136044880785414,2.4430419034611868,2.76414194148282,1.8846971002660227,0.07359548393032873,0.006378087670245058,1426.0,0.0057072706524277095,0.05947074409138242,0.23417536989110183,0.8148488354280665,0.21268392472374925,0.8315735061197758,0.02997357160057385,1.0359823218973265,0.7063721470682974,7.997357160057379,4.992997198879552
out_of_sample,b1_ma20_up,(b) close>SMA20 & SMA20 rising,1,39784,0.06762116328670506,0.0793542954990456,0.5240297607078223,1.867677616518547,7.22162523151627,2.678381106253223,0.07359548393032873,-0.005974320643623673,1425.0,5.138112157965224e-13,0.007397899098627203,-0.8335766643386274,0.40451958003760047,-0.07185997071470293,0.9427133463970168,0.017621163286705106,1.8818581523124573,0.8333695741081836,6.762116328670506,27.859943977591037
out_of_sample,b1_ma20_up_INV,(b-inv) close<SMA20 & SMA20 falling,1,30079,0.1021738243827121,0.0904721714040102,0.5265800059842415,2.1132471571778,8.385347263865096,2.232639796153685,0.07359548393032873,0.02857834045238336,1426.0,0.0,0.025572707528263905,3.0307664722766248,0.0024393383369174515,-0.2848886168497774,0.775729477214449,0.052173824382712126,4.281875893127261,0.6175075262529123,10.21738243827121,21.063725490196077
out_of_sample,b2_ma50_up,(b) close>SMA50 & SMA50 rising,1,41998,0.05513248974400872,0.07629718592141455,0.5236201723891614,1.8763223520968118,6.021635421759946,2.256395338991328,0.07359548393032873,-0.01846299418632001,1423.0,1.726634835108598e-09,0.02404588328939372,-2.7005075279720847,0.006923377018934973,-0.850321165264127,0.3951465524398219,0.005132489744008753,0.5605765708721927,0.3826894630722123,5.513248974400872,29.410364145658264
out_of_sample,b2_ma50_up_INV,(b-inv) close<SMA50 & SMA50 falling,1,28112,0.11309536672566212,0.0868135164884376,0.5236198064883324,2.139409508360547,8.863326822930736,2.269779063514465,0.07359548393032873,0.03949988279533338,1426.0,0.0,0.02322099148806589,3.937971796220674,8.217325030335232e-05,-0.0954626428347689,0.9239473614066969,0.06309536672566213,4.9448078422059565,0.694191127394512,11.309536672566212,19.686274509803923
out_of_sample,c1_rsi_gt60,(c) RSI(14)>60,1,23789,0.07210078846728003,0.08127863264766333,0.5267980999621674,1.8289801723142485,6.0802174269026805,2.269520790497128,0.07359548393032873,-0.0014946954630487008,1403.0,1.2001968308084088e-09,0.023236674380987754,-0.1440223527857639,0.8854828186796193,0.08498996062143901,0.9322693720944226,0.022100788467280065,1.8637465975566654,0.7200453969212952,7.2100788467280035,16.658963585434172
out_of_sample,c1_rsi_gt60_INV,(c-inv) RSI(14)<40,1,13982,0.16268425336665557,0.09236672309079763,0.5261049921327421,2.253092403772504,8.537901969385679,2.4668869742525152,0.07359548393032873,0.08908876943632683,1386.0,0.0,0.013629337066338731,5.240657425815919,1.6000551728012624e-07,0.49894948725812166,0.6178149698389666,0.11268425336665559,5.913830557218004,1.0711351729815657,16.26842533666556,9.791316526610645
out_of_sample,c2_rsi_gt70,(c) RSI(14)>70,1,6881,0.05774359516314353,0.0715490526602025,0.5247783752361576,1.8960597137140975,2.526257338658312,2.619193834242493,0.07359548393032873,-0.015851888767185206,1214.0,0.011528500050681734,0.00881378504269259,-0.7208321567996862,0.4710127880388755,1.1990619198204855,0.23050386970471415,0.007743595163143567,0.33877894255147867,1.323105321204954,5.774359516314353,4.818627450980392
out_of_sample,c2_rsi_gt70_INV,(c-inv) RSI(14)<30,1,2524,0.37056838254188595,0.22661608457049676,0.561014263074485,2.7993928141562936,6.650421839983255,1.9260261757851145,0.07359548393032873,0.29697289861155723,807.0,2.922551090023262e-11,0.0541011055118199,5.453753477913394,4.931756159010092e-08,0.21302980000252394,0.8313037190911781,0.32056838254188597,5.753094632199744,1.2491019972131239,37.0568382541886,1.7675070028011204
out_of_sample,d_macd_cross_up,(d) MACD bullish crossover,1,3338,0.06452489738154712,0.038767248709259405,0.5107849011384062,1.8526797083423723,2.012195362797965,1.5358623057883405,0.07359548393032873,-0.009070586548781609,1091.0,0.04419934713541074,0.12457215470034155,-0.287802608744106,0.7734978403331061,0.26958470355856196,0.7874797695768541,0.01452489738154715,0.45295587195499853,0.41966718782084494,6.452489738154712,2.3375350140056024
out_of_sample,d_macd_cross_up_INV,(d-inv) MACD bearish crossover,1,3339,0.034329939253702,0.01908107380175217,0.5070380353399221,2.068887565026242,0.958836052302145,0.42568999166618327,0.07359548393032873,-0.03926554467662673,1115.0,0.3376413439106485,0.6703337558185154,-1.1210637760837197,0.26226071638542847,-1.371383870970976,0.17025532270728627,-0.015670060746297964,-0.4376651841495731,-0.5868590398559536,3.4329939253702,2.338235294117647
out_of_sample,e_20d_high,(e) new 20-day high,1,6874,0.03839385128747913,0.05980725258437625,0.5208030258946756,1.8479849858999555,1.7225347969087714,0.8242153586681489,0.07359548393032873,-0.035201632642849603,1219.0,0.08497268497196808,0.409817201722972,-1.6373149079281246,0.10156468753689119,-0.5653299292543278,0.5718493751746929,-0.011606148712520824,-0.5207082474149911,-0.3831984627406778,3.839385128747913,4.813725490196078
out_of_sample,e_20d_high_INV,(e-inv) new 20-day low,1,4421,0.17181825266318618,0.09908045298070434,0.519791902284551,2.4039926490084356,4.752218713931322,1.8823159484825114,0.07359548393032873,0.09822276873285744,960.0,2.0119656194417246e-06,0.0597931303629653,2.816228667921211,0.0048591068030559015,0.7787770167847426,0.4361110786713045,0.12181825266318623,3.3692984943761126,0.9703053177754486,17.18182526631862,3.09593837535014
out_of_sample,f_relvol_up,(f) relvol>1.5 & up day,1,3278,-0.07831835480405834,3.731088848990538e-06,0.5006101281269066,2.405449309008467,-1.864111223258643,0.3583140789438946,0.07359548393032873,-0.15191383873438707,1022.0,0.062306086768264546,0.7201082831691212,-3.712722662720428,0.00020504153376244005,-0.93625907159215,0.3491398154973935,-0.1283183548040583,-3.054197013443069,-0.45762391280347653,-7.831835480405834,2.295518207282913
out_of_sample,f_relvol_up_INV,(f-inv) relvol>1.5 & down day,1,3665,0.22445003330880814,0.19315673496520525,0.5377899045020463,2.4953643159335424,5.445311182305872,2.715233497077406,0.07359548393032873,0.15085454937847942,1009.0,5.171489569910648e-08,0.006622905693033143,3.774222182883147,0.00016050766507436087,1.4463428319150808,0.14808106781527863,0.17445003330880823,4.232277015629236,1.8537013150017425,22.445003330880812,2.566526610644258
out_of_sample,g_adx_bull,(g) ADX>25 & +DI>-DI,1,19733,0.06513422661319843,0.07332524097125592,0.5223230122130441,1.9410412576519338,4.713798915582408,2.1664787717837752,0.07359548393032873,-0.008461257317130308,1398.0,2.431406129543845e-06,0.03027462030464556,-0.6955649969319495,0.48670129336379064,-0.0436489733561842,0.9651842137784938,0.015134226613198463,1.0952720974354437,0.6828594455551883,6.513422661319843,13.818627450980392
out_of_sample,g_adx_bull_INV,(g-inv) ADX>25 & -DI>+DI,1,12312,0.14292000658198584,0.10931511433981411,0.5310266406757634,2.2654841787668527,6.999971911718848,1.8618453897268414,0.07359548393032873,0.0693245226516571,1403.0,2.560174294785611e-12,0.06262488648745279,3.751621129085501,0.00017569483254620266,-0.2836877423339424,0.776649689180281,0.09292000658198586,4.551059376963498,0.4847929090819889,14.292000658198583,8.621848739495798
out_of_sample,BASE_RATE,"unconditional (any symbol, any day)",2,84075,0.1455380910996473,0.14925586476541852,0.5300624442462087,2.761397428304645,15.282035221186733,3.276984941039467,0.1455380910996473,0.0,,,,,,,,,,,,
out_of_sample,a1_ret5_topdec,(a) top-decile 5d return,2,8550,0.23975261394704284,0.20892216735735047,0.535438596491228,3.2748918177403996,6.769388668004796,3.722641301429714,0.1455380910996473,0.09421452284739554,1425.0,1.2932765969253524e-11,0.00019714951073224185,2.853760791412109,0.004320504994880903,1.9526987354504104,0.05085530363278412,0.18975261394704288,5.357644170924979,2.946290787426147,23.975261394704283,5.987394957983193
out_of_sample,a1_ret5_topdec_INV,(a-inv) bottom-decile 5d return,2,7125,0.1860450004321586,0.1275958789548559,0.5216842105263158,3.320990086039507,4.72871194186243,2.6247531958352366,0.1455380910996473,0.040506909332511304,1425.0,2.259486834965685e-06,0.008671179522953487,1.091889050275786,0.27488187113175355,0.8737779029251573,0.3822392164314914,0.1360450004321586,3.45786028476919,1.9193450446518479,18.60450004321586,4.989495798319328
out_of_sample,a2_ret10_topdec,(a) top-decile 10d return,2,8550,0.21572194337068007,0.19922372486004258,0.5333333333333333,3.303761512352382,6.037660543095808,3.1904918135539972,0.1455380910996473,0.07018385227103277,1425.0,1.563645657398638e-09,0.0014203086476591853,2.1088162812479503,0.03496044270714682,1.3944253608723594,0.16318919415628996,0.16572194337068014,4.638252479002591,2.451000094792754,21.572194337068005,5.987394957983193
out_of_sample,a2_ret10_topdec_INV,(a-inv) bottom-decile 10d return,2,7125,0.09794499566861394,0.126096353439209,0.519298245614035,3.30457724158746,2.5018356581048353,1.3254992772794125,0.1455380910996473,-0.047593095431033364,1425.0,0.012355126188405396,0.18500560897830298,-1.2888509143303137,0.1974499215653096,-0.928649596628955,0.3530707098330321,0.047944995668613974,1.2246720618300866,0.6488443505876541,9.794499566861393,4.989495798319328
out_of_sample,a3_ret20_topdec,(a) top-decile 20d return,2,8550,0.24573859903637688,0.19479334718790486,0.5327485380116959,3.3128254040651,6.858953957146358,3.625253751591377,0.1455380910996473,0.10020050793672958,1425.0,6.936673457857978e-12,0.0002886778567159354,3.0031714685001054,0.0026718184810849976,1.9024063866920384,0.0571180467162864,0.195738599036377,5.4633746741109315,2.887629754830754,24.573859903637686,5.987394957983193
out_of_sample,a3_ret20_topdec_INV,(a-inv) bottom-decile 20d return,2,7125,0.17830159377590984,0.1108703642605402,0.5183157894736842,3.403270486052979,4.422330458519935,2.3738413985657414,0.1455380910996473,0.032763502676262546,1425.0,9.764196246431212e-06,0.017604110352644975,0.8631681264481377,0.3880450354361351,0.6163611582983473,0.5376561827673147,0.12830159377590983,3.182204006235403,1.7081599124122318,17.830159377590984,4.989495798319328
out_of_sample,b1_ma20_up,(b) close>SMA20 & SMA20 rising,2,39761,0.12370825199726347,0.1439424806714662,0.5294886949523402,2.6635466496447684,9.261194647946141,2.9812940302565867,0.1455380910996473,-0.021829839102383827,1424.0,0.0,0.0028703305711128557,-2.1791174818192487,0.0293229418960137,-0.3324822032235512,0.7395251758788959,0.07370825199726352,5.518035037158416,1.9078033559272896,12.370825199726347,27.843837535014007
out_of_sample,b1_ma20_up_INV,(b-inv) close<SMA20 & SMA20 falling,2,30056,0.20455029868702712,0.18217286778980935,0.5345688048975247,2.874295317494909,12.33770328946718,2.4776306537371635,0.1455380910996473,0.05901220758737982,1425.0,0.0,0.013225797590168398,4.539149583613723,5.648155899651286e-06,-0.354086184963589,0.7232742950754498,0.15455029868702713,9.321891685020557,1.566105337480889,20.455029868702713,21.047619047619047
out_of_sample,b2_ma50_up,(b) close>SMA50 & SMA50 rising,2,41968,0.10381746430567776,0.12326501738756379,0.5267823103316813,2.640710134658412,8.05394800681891,2.405542180967632,0.1455380910996473,-0.04172062679396954,1422.0,8.881784197001252e-16,0.01614848760945975,-4.374670193290188,1.2161620776884874e-05,-1.112812676597043,0.26578888987302074,0.053817464305677784,4.175049566810277,1.360816040132835,10.381746430567777,29.389355742296917
out_of_sample,b2_ma50_up_INV,(b-inv) close<SMA50 & SMA50 falling,2,28095,0.22441649070242245,0.1850909728120964,0.5348638547784303,2.9236960372012635,12.865807998138848,2.529979670820077,0.1455380910996473,0.07887839960277515,1425.0,0.0,0.011406913562193033,5.69891738086578,1.2057063569770321e-08,-0.0351712822105074,0.9719431615339575,0.1744164907024225,9.999305639540127,1.6546035617247716,22.441649070242246,19.67436974789916
out_of_sample,c1_rsi_gt60,(c) RSI(14)>60,2,23778,0.13772505516474717,0.15002791465208443,0.5311212044747246,2.585737908882397,8.213270262770585,2.807457447000308,0.1455380910996473,-0.007813035934900125,1402.0,2.220446049250313e-16,0.004993427659364169,-0.5355493046490736,0.5922700734003084,0.20702067055181295,0.8359937154090349,0.08772505516474718,5.231506976146433,1.8904642790488073,13.772505516474718,16.65126050420168
out_of_sample,c1_rsi_gt60_INV,(c-inv) RSI(14)<40,2,13972,0.30340994629516543,0.2274870477905755,0.5420125966218151,2.9642449529316828,12.098875645536987,2.610293882593083,0.1455380910996473,0.15787185519551813,1385.0,0.0,0.009046446939168229,6.987261112518397,2.8030910925735952e-12,0.42776513931707655,0.6688221196776298,0.25340994629516544,10.105059062845452,1.8226555184404805,30.340994629516544,9.784313725490197
out_of_sample,c2_rsi_gt70,(c) RSI(14)>70,2,6880,0.12919109607834992,0.08613738288645312,0.5207848837209302,2.6267060151649844,4.079578866815155,3.3371576361074253,0.1455380910996473,-0.016346995021297384,1213.0,4.5117361429092284e-05,0.0008463992803133813,-0.5362078723654461,0.59181489335082,1.448745236377674,0.14740874243538915,0.07919109607834995,2.5006856649411544,2.5816643303511952,12.919109607834992,4.817927170868347
out_of_sample,c2_rsi_gt70_INV,(c-inv) RSI(14)<30,2,2524,0.48796721634147233,0.45029173271610157,0.562202852614897,3.1455135032771064,7.793701472090056,1.8232127744816755,0.1455380910996473,0.342429125241825,807.0,6.661338147750939e-15,0.06827117103196434,5.573033982845131,2.5034071260421342e-08,-0.13629796400836874,0.8915857333512953,0.43796721634147245,6.995112836308005,1.4375292333786642,48.79672163414723,1.7675070028011204
out_of_sample,d_macd_cross_up,(d) MACD bullish crossover,2,3338,0.1727394740220291,0.15966931384409078,0.530557219892151,2.639693843474442,3.780778194533337,2.465592991967806,0.1455380910996473,0.027201382922381806,1091.0,0.00015633891482536022,0.01367866640256743,0.6063625601932817,0.5442740243440332,0.7858848425161976,0.4319349553475671,0.12273947402202919,2.6864197058502075,1.7294144703477283,17.27394740220291,2.3375350140056024
out_of_sample,d_macd_cross_up_INV,(d-inv) MACD bearish crossover,2,3338,0.132800681753111,0.14744607599016524,0.5272618334331935,2.8153092370903154,2.725319134850948,1.9129425361281147,0.1455380910996473,-0.012737409346536305,1114.0,0.006423936134144714,0.05575540932902978,-0.2669537442192065,0.789504775729603,-0.08402759943419623,0.9330344881866095,0.08280068175311102,1.6992253306348026,1.298622272756158,13.280068175311099,2.3375350140056024
out_of_sample,e_20d_high,(e) new 20-day high,2,6871,0.09994003840044534,0.12119734165418894,0.5239412021539805,2.638986889490828,3.1391513389171877,1.52679659092402,0.1455380910996473,-0.04559805269920196,1218.0,0.001694379160025905,0.1268115995817416,-1.4883535904497238,0.1366576689155039,-0.2688668899348655,0.7880321170457907,0.04994003840044537,1.5686339621181822,0.7439870633638208,9.994003840044535,4.811624649859944
out_of_sample,e_20d_high_INV,(e-inv) new 20-day low,2,4416,0.2967363082766587,0.1987011548977402,0.5360054347826086,3.051142216649243,6.462830571121734,2.330397600475934,0.1455380910996473,0.1511982171770114,959.0,1.0276224315930449e-10,0.019785146483404903,3.4002042526534413,0.0006733553380313673,0.5059458015968756,0.6128946979429997,0.24673630827665877,5.373845099701739,1.7630304099407803,29.67363082766587,3.092436974789916
out_of_sample,f_relvol_up,(f) relvol>1.5 & up day,2,3275,0.1825938236824024,0.24022691550644737,0.543206106870229,3.182904655812862,3.282979009085152,2.124003304869894,0.1455380910996473,0.0370557325827551,1021.0,0.0010271631378824253,0.033669867223035554,0.6830506102597778,0.49457486284221597,0.3665308229194578,0.7139690170659871,0.13259382368240247,2.3839948750994777,1.5827051815072846,18.25938236824024,2.2934173669467786
out_of_sample,f_relvol_up_INV,(f-inv) relvol>1.5 & down day,2,3663,0.4290905260642186,0.40842026757303973,0.5667485667485668,3.0021815976673287,8.650285203748352,2.4515037878174546,0.1455380910996473,0.2835524349645713,1008.0,0.0,0.014226068920780932,5.865705349136475,4.472273884559286e-09,0.9731754414907183,0.33046611430057027,0.3790905260642186,7.642306155237067,1.9272229850915372,42.90905260642186,2.5651260504201683
out_of_sample,g_adx_bull,(g) ADX>25 & +DI>-DI,2,19719,0.12953231737872978,0.12189275432494817,0.5265987119022263,2.7164174142267283,6.6961330263307435,2.2173154674681177,0.1455380910996473,-0.01600577372091752,1397.0,2.1400659022674517e-11,0.02660154165594797,-0.9409163850610459,0.3467477102115346,-0.24463416045461422,0.8067397113503434,0.0795323173787298,4.111398513030707,1.3844498440311432,12.953231737872978,13.808823529411764
out_of_sample,g_adx_bull_INV,(g-inv) ADX>25 & -DI>+DI,2,12305,0.2758305901884184,0.2694660966275686,0.550995530272247,3.0338931800972704,10.085163700340097,2.1197994395693285,0.1455380910996473,0.13029249908877108,1402.0,0.0,0.034022962596559125,5.233796897864615,1.660629209698783e-07,-0.3882574881701805,0.6978254939240607,0.2258305901884184,8.25701916904446,1.333825415533682,27.583059018841837,8.616946778711485
out_of_sample,BASE_RATE,"unconditional (any symbol, any day)",3,84016,0.216969125466694,0.192917049218444,0.5319343934488668,3.3814531771973444,18.598399009145744,3.4394341843358966,0.216969125466694,0.0,,,,,,,,,,,,
out_of_sample,a1_ret5_topdec,(a) top-decile 5d return,3,8544,0.3193222720983939,0.29197725002516606,0.5422518726591761,3.9168843190855114,7.535621651923019,3.5662478297941327,0.216969125466694,0.10235314663169992,1424.0,4.8627768478581856e-14,0.0003621289332320643,2.586034530128927,0.009708720376365054,1.5505375922383238,0.12101253793983213,0.26932227209839393,6.3556817745064755,3.007838952399064,31.932227209839393,5.983193277310924
out_of_sample,a1_ret5_topdec_INV,(a-inv) bottom-decile 5d return,3,7120,0.28979927989981263,0.19281766369443343,0.5268258426966292,4.08685273997553,5.983403754064278,2.8954252525228017,0.216969125466694,0.07283015443311863,1424.0,2.185221781303426e-09,0.003786451948953662,1.5952470260957476,0.11065700651196853,1.1438645344890848,0.25267982117846555,0.23979927989981262,4.951067897996447,2.3958682395578648,28.979927989981263,4.985994397759104
out_of_sample,a2_ret10_topdec,(a) top-decile 10d return,3,8544,0.3139741945929417,0.30260735126392824,0.5394428838951311,4.035139503150423,7.1922706383173916,3.2470699127356877,0.216969125466694,0.09700506912624768,1424.0,6.372680161348399e-13,0.0011659974392195238,2.3850733019473607,0.01707571856259049,1.3326235099842971,0.18265538600969222,0.2639741945929417,6.046910484174476,2.7299780675053142,31.397419459294166,5.983193277310924
out_of_sample,a2_ret10_topdec_INV,(a-inv) bottom-decile 10d return,3,7120,0.19865251338058013,0.14966131267417637,0.5210674157303371,4.094213010299973,4.09414883888716,1.89515876523511,0.216969125466694,-0.018316612086113876,1424.0,4.237220670422204e-05,0.058071371201018795,-0.4005260648501073,0.6887690896086998,-0.2555735221427452,0.79828016578921,0.1486525133805802,3.063668839108967,1.418155294958258,19.865251338058012,4.985994397759104
out_of_sample,a3_ret20_topdec,(a) top-decile 20d return,3,8544,0.35789375059018047,0.27600178597571023,0.5399110486891385,4.021913521392457,8.225304918997507,3.6708202619784056,0.216969125466694,0.14092462512348647,1424.0,2.220446049250313e-16,0.00024177331903363353,3.4753954172073698,0.0005101008473897828,1.8422619997358662,0.06543683535894829,0.30789375059018037,7.076178271014177,3.1579836650938433,35.78937505901805,5.983193277310924
out_of_sample,a3_ret20_topdec_INV,(a-inv) bottom-decile 20d return,3,7120,0.2682560142818406,0.1901109940541601,0.525561797752809,4.147529449212243,5.457578435445736,2.5484118097079334,0.216969125466694,0.05128688881514659,1424.0,4.8267195573714616e-08,0.010821464398019565,1.107986509139028,0.2678676422838637,0.6866250917907275,0.4923190123440646,0.21825601428184063,4.440345243105866,2.073415598247328,26.825601428184058,4.985994397759104
out_of_sample,b1_ma20_up,(b) close>SMA20 & SMA20 rising,3,39730,0.1775322917342317,0.18187803500765432,0.5318147495595268,3.2501913812210272,10.887488456408697,3.0286755013328976,0.216969125466694,-0.03943683373246229,1423.0,0.0,0.0024562836166279745,-3.214657734571705,0.0013060014004713238,-0.5737623968649043,0.5661285979382784,0.12753229173423172,7.821148144442404,2.2713969927715083,17.753229173423172,27.822128851540615
out_of_sample,b1_ma20_up_INV,(b-inv) close<SMA20 & SMA20 falling,3,30039,0.30501143456967655,0.2379593464379548,0.5370018975332068,3.558369094116989,14.856204289045198,2.7210207056676134,0.216969125466694,0.08804230910298255,1424.0,0.0,0.0065080684970812985,5.50107601283732,3.77480415814091e-08,-0.17041543872027287,0.8646834313877181,0.25501143456967656,12.420852265275176,2.074041579599682,30.501143456967654,21.035714285714285
out_of_sample,b2_ma50_up,(b) close>SMA50 & SMA50 rising,3,41937,0.1519126524355027,0.16733452610042665,0.5295085485370914,3.207814438327183,9.698026995647101,2.5372753762888243,0.216969125466694,-0.0650564730311913,1421.0,0.0,0.011171903668474537,-5.569096598696,2.56063501513637e-08,-1.1248517800117608,0.2606518482181659,0.1019126524355027,6.5060522522120285,1.7992057156422556,15.19126524355027,29.36764705882353
out_of_sample,b2_ma50_up_INV,(b-inv) close<SMA50 & SMA50 falling,3,28077,0.3301407948293894,0.24321664926330033,0.5369163372155145,3.6104576668824304,15.32188810332131,2.6730144878088096,0.216969125466694,0.1131716693626954,1424.0,0.0,0.007517300383854453,6.6458208680546855,3.01532132596094e-11,0.031101962671476625,0.9751882244426555,0.28014079482938936,13.001379952966946,2.0607087136636943,33.01407948293894,19.66176470588235
out_of_sample,c1_rsi_gt60,(c) RSI(14)>60,3,23762,0.19970201432970822,0.19763100816303503,0.5367393317060853,3.1303018484736067,9.834170272980371,2.79615222400081,0.216969125466694,-0.017267111136985785,1401.0,0.0,0.005171503595730487,-0.972570345092919,0.3307668872303169,0.08621607681055743,0.9312946508473627,0.14970201432970828,7.371959186630452,2.1380878208110636,19.97020143297082,16.640056022408963
out_of_sample,c1_rsi_gt60_INV,(c-inv) RSI(14)<40,3,13968,0.45464982345027943,0.3148180051428251,0.5483247422680413,3.706176483693344,14.498332112812596,2.9146739318008996,0.216969125466694,0.23768069798358543,1384.0,0.0,0.003560603396573825,8.443714876713122,0.0,0.6437887764552969,0.519712412726453,0.40464982345027944,12.903881684702165,2.3576914889877894,45.46498234502794,9.781512605042018
out_of_sample,c2_rsi_gt70,(c) RSI(14)>70,3,6878,0.20810212226708283,0.15505308398060524,0.5295143937191044,3.172988175856625,5.439251513974122,3.075091736504137,0.216969125466694,-0.008867003199611173,1212.0,5.3504876529331113e-08,0.002104378158488851,-0.24042196348938785,0.8100031530585599,1.0985345812487173,0.2719711258808828,0.1581021222670829,4.132380768323279,2.5371854449254134,20.810212226708284,4.8165266106442575
out_of_sample,c2_rsi_gt70_INV,(c-inv) RSI(14)<30,3,2524,0.7610547002643175,0.618280484257161,0.5804278922345484,4.083373039433699,9.363570630494696,1.5960174698482448,0.216969125466694,0.5440855747976235,807.0,0.0,0.11048489300196951,6.830363672011088,8.470113499470244e-12,-0.37188518832105805,0.7099783335198948,0.7110547002643174,8.748399958318128,1.3209121171412204,76.10547002643176,1.7675070028011204
out_of_sample,d_macd_cross_up,(d) MACD bullish crossover,3,3335,0.16063425547418542,0.18008748882045733,0.5343328335832084,3.2030706892389973,2.896140057443602,2.484907464786428,0.216969125466694,-0.056334869992508585,1090.0,0.003777837508827986,0.012958511400707806,-1.0340198872462967,0.30112686616614637,0.4537973235065438,0.6499747102024451,0.11063425547418546,1.9946698047586067,1.898221043727953,16.063425547418543,2.335434173669468
out_of_sample,d_macd_cross_up_INV,(d-inv) MACD bearish crossover,3,3334,0.2075254998769128,0.1920241196292749,0.5260947810437913,3.552569774404371,3.3729635649181513,2.531387938559027,0.216969125466694,-0.009443625589781207,1113.0,0.0007436379216532174,0.011361211450323205,-0.156933893982162,0.8752969472769905,0.46758456924839376,0.6400817018840521,0.15752549987691286,2.560301128996129,2.053906058111901,20.75254998769128,2.334733893557423
out_of_sample,e_20d_high,(e) new 20-day high,3,6871,0.16448045135958908,0.1483211509806237,0.5258332120506477,3.208111014248694,4.249862460225315,2.277464737562276,0.216969125466694,-0.05248867410710492,1218.0,2.13901818080231e-05,0.022758488046837222,-1.4083726231946367,0.15902076137930354,0.34497814103936375,0.7301108040495026,0.11448045135958912,2.957957426801552,1.6849914526118597,16.448045135958907,4.811624649859944
out_of_sample,e_20d_high_INV,(e-inv) new 20-day low,3,4415,0.4673170662496695,0.26119861224689345,0.5436013590033975,3.8248371595938027,8.118280363327848,2.535655526026053,0.216969125466694,0.2503479407829755,958.0,4.440892098500626e-16,0.01122370779156956,4.49539073164516,6.944231154992764e-06,0.4198561707111661,0.6745905278106608,0.4173170662496694,7.249675196767273,2.1012344121412854,46.731706624966954,3.0917366946778713
out_of_sample,f_relvol_up,(f) relvol>1.5 & up day,3,3275,0.3002413103903527,0.3240773909470862,0.5419847328244275,3.7114566655461227,4.629474591790062,2.835576988620561,0.216969125466694,0.08327218492365868,1021.0,3.6659470241673375e-06,0.004574298845648972,1.314307793285188,0.18874264571340582,0.8569951674108112,0.3914475553969834,0.2502413103903527,3.8585156278534973,2.3891283881823306,30.024131039035268,2.2934173669467786
out_of_sample,f_relvol_up_INV,(f-inv) relvol>1.5 & down day,3,3662,0.48347318000065986,0.4246088833024242,0.5608956854178044,3.7569470323057654,7.787471764595334,2.5057719401123,0.216969125466694,0.26650405453396586,1007.0,6.8833827526759706e-15,0.012218440065906222,4.40854046023356,1.0406958026010216e-05,0.5774821124799276,0.5636138187806279,0.4334731800006599,6.982104260591833,2.083303689367211,48.34731800006599,2.5644257703081235
out_of_sample,g_adx_bull,(g) ADX>25 & +DI>-DI,3,19702,0.19676054941319485,0.16050834145749926,0.5305045173078875,3.2805244321860454,8.418794474662056,2.416076305142156,0.216969125466694,-0.020208576053499155,1396.0,0.0,0.015688773184720617,-0.9789464370708381,0.3276064457892949,-0.10326847413538216,0.9177498958112682,0.14676054941319489,6.27944425944623,1.8277862792318327,19.676054941319485,13.796918767507004
out_of_sample,g_adx_bull_INV,(g-inv) ADX>25 & -DI>+DI,3,12300,0.40254430480427156,0.38078980956511854,0.5528455284552846,3.7184028357549272,12.006316972842411,2.3007533721286366,0.216969125466694,0.18557517933757756,1401.0,0.0,0.021405575402990484,6.081998681511352,1.1869354388238662e-09,-0.37724794155507385,0.7059893554803254,0.3525443048042716,10.515013179750591,1.735036568382462,40.25443048042715,8.61344537815126
out_of_sample,BASE_RATE,"unconditional (any symbol, any day)",4,83957,0.2871648857088262,0.25981724799446493,0.5352025441595102,3.8882369514713417,21.39966950934848,3.5527948520881263,0.2871648857088262,0.0,,,,,,,,,,,,
out_of_sample,a1_ret5_topdec,(a) top-decile 5d return,4,8538,0.38212388087042654,0.3437854540198404,0.5409932068400094,4.526495988399583,7.80045822291875,3.3027279737892696,0.2871648857088262,0.09495899516160033,1423.0,6.217248937900877e-15,0.000957492226835388,2.0762633616142843,0.03786959993513328,1.1214153015635047,0.26211112585050467,0.33212388087042655,6.779786836829198,2.8705738819976103,38.212388087042655,5.9789915966386555
out_of_sample,a1_ret5_topdec_INV,(a-inv) bottom-decile 5d return,4,7115,0.39481439318655487,0.30415646213166614,0.5343640196767393,4.720620319754963,7.054745602253272,3.070838187345863,0.2871648857088262,0.10764950747772867,1423.0,1.7292833831561438e-12,0.0021345879832035397,2.041239710456787,0.04122700638833354,1.3275553035953351,0.18432505857928883,0.3448143931865549,6.161320017472247,2.681941753940655,39.48143931865549,4.98249299719888
out_of_sample,a2_ret10_topdec,(a) top-decile 10d return,4,8538,0.39516368039883987,0.32506695136733654,0.5395877254626377,4.664165760397217,7.828546226822263,3.1354012340057595,0.2871648857088262,0.10799879469001367,1423.0,4.884981308350689e-15,0.0017161920630153205,2.297437312792876,0.021593835278346685,1.1336291092038875,0.25695015734145943,0.3451636803988398,6.838001470922519,2.738679395748611,39.516368039883986,5.9789915966386555
out_of_sample,a2_ret10_topdec_INV,(a-inv) bottom-decile 10d return,4,7115,0.2829069410142781,0.22939510027530918,0.5284609978917779,4.688925100719596,5.089296571762015,2.1532696200234565,0.2871648857088262,-0.004257944694548099,1423.0,3.5939416842545313e-07,0.031297494932087666,-0.08124864513208083,0.93524421413983,-0.047678007017953244,0.9619728620225814,0.2329069410142781,4.189831794843522,1.7727081512409038,28.29069410142781,4.98249299719888
out_of_sample,a3_ret20_topdec,(a) top-decile 20d return,4,8538,0.47836134616665466,0.31583552448557484,0.535605528226751,4.692745243939328,9.419051606737094,3.7634388283809392,0.2871648857088262,0.19119646045782845,1423.0,0.0,0.00016759273614774806,4.044546492559957,5.242450458697867e-05,1.894747458487102,0.058125867037241985,0.42836134616665467,8.43453940877037,3.370071047043752,47.83613461666547,5.9789915966386555
out_of_sample,a3_ret20_topdec_INV,(a-inv) bottom-decile 20d return,4,7115,0.3662578081811541,0.2897551572448309,0.5359100491918483,4.695312496790092,6.57975681019873,2.7686395617396213,0.2871648857088262,0.07909292247232791,1423.0,4.7121861967980294e-11,0.005629087118361964,1.5073072371444631,0.13173192340233486,0.8437387622264861,0.39881540199231824,0.3162578081811542,5.681515644655534,2.3906763484106337,36.62578081811541,4.98249299719888
out_of_sample,b1_ma20_up,(b) close>SMA20 & SMA20 rising,4,39692,0.23486299544781689,0.2286152121178775,0.5325758339211932,3.7696239223507706,12.412751530249492,2.975707591549046,0.2871648857088262,-0.052301890261009315,1422.0,0.0,0.0029231343428759438,-3.702506756623674,0.0002134796734047928,-0.772678070466819,0.43971292808883833,0.1848629954478169,9.770199963839062,2.3908452584120017,23.486299544781687,27.795518207282914
out_of_sample,b1_ma20_up_INV,(b-inv) close<SMA20 & SMA20 falling,4,30022,0.3964147425722297,0.3277702640655189,0.5416694424089001,4.042202364155519,16.99227609510188,2.75626594246234,0.2871648857088262,0.1092498568634035,1423.0,0.0,0.0058465439495376526,5.968859061538945,2.3891837397371773e-09,-0.3436539090695363,0.7311065774730867,0.34641474257222976,14.849031373066127,2.245656123406674,39.64147425722297,21.023809523809526
out_of_sample,b2_ma50_up,(b) close>SMA50 & SMA50 rising,4,41905,0.19913405458988956,0.20532713429559646,0.5300799427275982,3.7057515920246487,11.000239863668684,2.6622978676722178,0.2871648857088262,-0.08803083111893664,1420.0,0.0,0.007760916641635696,-6.551303753227373,5.703704175630264e-11,-1.041220337728032,0.29777329883240666,0.14913405458988954,8.238221110441533,2.086151027948299,19.913405458988954,29.345238095238095
out_of_sample,b2_ma50_up_INV,(b-inv) close<SMA50 & SMA50 falling,4,28060,0.42799669469846013,0.3630464638635922,0.5433713471133286,4.114548834754534,17.424568303602303,2.652872944606961,0.2871648857088262,0.14083180898963393,1423.0,0.0,0.007980990638836616,7.224527311621198,5.027089855502709e-13,-0.14815962828211737,0.8822167920792736,0.37799669469846015,15.388972174071611,2.1777178018330243,42.799669469846016,19.649859943977592
out_of_sample,c1_rsi_gt60,(c) RSI(14)>60,4,23741,0.26053542180215994,0.24205625478073145,0.5360347078893054,3.629018505747974,11.061833021650026,2.6042809333226953,0.2871648857088262,-0.026629463906666262,1400.0,0.0,0.009206725643559288,-1.2977296768974695,0.1943802420645553,-0.23961392512339147,0.8106295685372884,0.21053542180215992,8.938929167514994,2.0973517102149732,26.053542180215995,16.62535014005602
out_of_sample,c1_rsi_gt60_INV,(c-inv) RSI(14)<40,4,13962,0.6283457600305653,0.48613139547345474,0.5582294800171895,4.190691391960733,17.716862952169365,3.1830588172096155,0.2871648857088262,0.3411808743217391,1383.0,0.0,0.0014572800831731403,10.686562685321343,0.0,0.9304517369989252,0.3521372417798514,0.5783457600305653,16.30706089101536,2.7534383359527514,62.83457600305653,9.777310924369749
out_of_sample,c2_rsi_gt70,(c) RSI(14)>70,4,6875,0.2757939677084722,0.2411899478241386,0.536290909090909,3.6607801977263095,6.246654134687695,2.6486100827362034,0.2871648857088262,-0.011370918000354002,1211.0,4.1933834182827923e-10,0.008082352200050824,-0.2672652788208813,0.7892649181543114,0.5699303329754805,0.5687249505944934,0.22579396770847224,5.114168499379908,2.233738931272331,27.579396770847218,4.814425770308123
out_of_sample,c2_rsi_gt70_INV,(c-inv) RSI(14)<30,4,2524,0.9469750638844084,0.8347682098614695,0.5978605388272583,4.383851900543659,10.852438776184055,1.5693013434043361,0.2871648857088262,0.6598101781755823,807.0,0.0,0.1165777394429206,7.703379364088269,1.3322676295501878e-14,-0.5385805357852566,0.5901763209995099,0.8969750638844083,10.279433256288508,1.3409194587577868,94.69750638844084,1.7675070028011204
out_of_sample,d_macd_cross_up,(d) MACD bullish crossover,4,3331,0.10899530801639586,0.16012276628920574,0.5181627138997298,3.6647508232574837,1.7165271156795872,1.3451642913126165,0.2871648857088262,-0.17816957769243036,1089.0,0.08606560942789887,0.17857218499612593,-2.855902986486572,0.0042914623932011065,-1.177069039168796,0.23916795143144198,0.05899530801639587,0.9290954606300988,0.8548971464027838,10.899530801639585,2.3326330532212887
out_of_sample,d_macd_cross_up_INV,(d-inv) MACD bearish crossover,4,3334,0.3451223280286639,0.25122987790612283,0.5338932213557288,4.002662814867007,4.9785955714592705,2.7885119794692232,0.2871648857088262,0.05795744231983768,1113.0,6.404731562881238e-07,0.005295078907803674,0.8541784625544494,0.39300611470003344,0.5751748713236364,0.5651730357305809,0.29512232802866395,4.257315728468965,2.3900166403052143,34.512232802866386,2.334733893557423
out_of_sample,e_20d_high,(e) new 20-day high,4,6869,0.25642288460352286,0.2411899478241386,0.532974232057068,3.7336684306216315,5.692038015159837,2.3249101880157266,0.2871648857088262,-0.03074200110530334,1217.0,1.255318959891838e-08,0.02007676309609918,-0.7094944628480626,0.4780176864214103,0.4712462693467842,0.6374648805729282,0.20642288460352284,4.5821452643703,1.88262695687981,25.642288460352287,4.810224089635854
out_of_sample,e_20d_high_INV,(e-inv) new 20-day low,4,4415,0.5990328688142482,0.4502838398688258,0.5549263873159683,4.227988601031813,9.414173520838917,2.4474685176388262,0.2871648857088262,0.311867983105422,958.0,0.0,0.014386369291254697,5.057120690645322,4.2563388635841193e-07,0.05787525317968907,0.9538479951747412,0.5490328688142482,8.628392471839573,2.0882154736178746,59.90328688142482,3.0917366946778713
out_of_sample,f_relvol_up,(f) relvol>1.5 & up day,4,3274,0.3690119338112465,0.34688776769679075,0.5363469761759316,4.1837769693666855,5.046743403686712,2.5875751162612293,0.2871648857088262,0.08184704810242027,1020.0,4.494042598057746e-07,0.009665411923080125,1.1450265331453326,0.25219816638764314,0.18395320738204188,0.8540501634981099,0.3190119338112465,4.3629249494211955,2.20155028318053,36.90119338112465,2.2927170868347337
out_of_sample,f_relvol_up_INV,(f-inv) relvol>1.5 & down day,4,3661,0.6175555546603311,0.5735922182463771,0.5651461349358099,4.11583272996356,9.078585340105091,2.11584621990421,0.2871648857088262,0.3303906689515049,1006.0,0.0,0.03435788865241296,4.978763844375982,6.399166490034247e-07,-0.5734427375995328,0.5663449602398654,0.5675555546603311,8.343543344968436,1.7403953152458236,61.75555546603311,2.5637254901960786
out_of_sample,g_adx_bull,(g) ADX>25 & +DI>-DI,4,19686,0.26369996814338564,0.20731718185547088,0.5299197399166921,3.7823313308558117,9.78203579080689,2.4944926190618384,0.2871648857088262,-0.023464917565440557,1395.0,0.0,0.012613734980492008,-0.9863130423523041,0.3239795216164256,-0.10547744706020554,0.9159969647896378,0.21369996814338565,7.92726958440979,2.0365363811230486,26.369996814338563,13.785714285714286
out_of_sample,g_adx_bull_INV,(g-inv) ADX>25 & -DI>+DI,4,12296,0.5237786758245733,0.5195654093423596,0.5605074821080026,4.194812904462043,13.845771028007926,2.544930267356722,0.2871648857088262,0.23661379011574707,1400.0,0.0,0.010929956286269249,6.853752162524271,7.193801110361164e-12,-0.1705611690555509,0.8645688330371948,0.47377867582457334,12.524051409868564,2.096929952137955,52.37786758245733,8.61064425770308
out_of_sample,BASE_RATE,"unconditional (any symbol, any day)",5,83898,0.35879160696048584,0.3215877013138191,0.5376171064864478,4.3514748971639,23.882599553843633,3.6498297228864605,0.35879160696048584,0.0,,,,,,,,,,,,
out_of_sample,a1_ret5_topdec,(a) top-decile 5d return,5,8532,0.45840988203458277,0.43164661749459654,0.5428973277074542,5.105245873079365,8.293975185872089,3.2248655900774095,0.35879160696048584,0.09961827507409693,1422.0,0.0,0.0012603182475849906,1.931817669702602,0.05338201436983203,0.9682923780309851,0.33289837027041225,0.4084098820345828,7.389328982668469,2.873120817935465,45.84098820345828,5.974789915966387
out_of_sample,a1_ret5_topdec_INV,(a-inv) bottom-decile 5d return,5,7110,0.4855744081203297,0.3322315564338485,0.5313642756680731,5.273927062193358,7.763480572860562,3.1462459091849926,0.35879160696048584,0.12678280115984386,1422.0,8.215650382226158e-15,0.00165380891317235,2.150830375247927,0.03148959063559276,1.2884216326530182,0.1975992323928042,0.43557440812032977,6.964068531880769,2.822274355436497,48.55744081203297,4.9789915966386555
out_of_sample,a2_ret10_topdec,(a) top-decile 10d return,5,8532,0.4899577560110119,0.3906710106809319,0.5421940928270043,5.256939711370118,8.608967413183748,3.1709961668983797,0.35879160696048584,0.13116614905052604,1422.0,0.0,0.0015191714773701293,2.4761906724295484,0.013279263876125214,1.1180713582426516,0.2635365179718736,0.4399577560110118,7.730425609572594,2.847397231276355,48.99577560110119,5.974789915966387
out_of_sample,a2_ret10_topdec_INV,(a-inv) bottom-decile 10d return,5,7110,0.37577813559583756,0.2648103280741054,0.5264416315049226,5.210980209615494,6.080606283176917,2.3804647087619872,0.35879160696048584,0.016986528635351716,1422.0,1.1972896007961253e-09,0.017290817187607832,0.29142144815385207,0.7707290128111062,0.15724992968559193,0.8750478795384853,0.3257781355958376,5.271537619091999,2.0637266546722386,37.57781355958375,4.9789915966386555
out_of_sample,a3_ret20_topdec,(a) top-decile 20d return,5,8532,0.6072080905951744,0.3841809568970622,0.5399671823722456,5.280294555113984,10.621963950294266,3.904777648679084,0.35879160696048584,0.2484164836346886,1422.0,0.0,9.431205825904954e-05,4.670639914180163,3.002628844672728e-06,2.0028245606549997,0.045196122656073756,0.5572080905951744,9.747307953872774,3.5832422715028933,60.72080905951744,5.974789915966387
out_of_sample,a3_ret20_topdec_INV,(a-inv) bottom-decile 20d return,5,7110,0.44328030116728134,0.349100637156452,0.5308016877637131,5.200614505025895,7.1871807930317635,2.8166232853192783,0.35879160696048584,0.0844886942067955,1422.0,6.614708780716683e-13,0.004853141274062667,1.4521890862021292,0.1464490364623392,0.7551097505390656,0.45018313319111325,0.3932803011672814,6.376499518214691,2.4989210010194443,44.32803011672814,4.9789915966386555
out_of_sample,b1_ma20_up,(b) close>SMA20 & SMA20 rising,5,39662,0.29362497738976284,0.2707420838891972,0.5327517523069941,4.214624212392929,13.874631060800823,2.958985017529463,0.35879160696048584,-0.065166629570723,1421.0,0.0,0.0030865410724989495,-4.120933151260034,3.773409119034454e-05,-1.0136425775884532,0.31075333327565335,0.24362497738976288,11.511986168642451,2.4761188854526504,29.362497738976284,27.774509803921568
out_of_sample,b1_ma20_up_INV,(b-inv) close<SMA20 & SMA20 falling,5,29999,0.49144095447999064,0.4112546734504674,0.5459181972732424,4.498412123833914,18.92193271428063,2.875083481266435,0.35879160696048584,0.1326493475195048,1422.0,0.0,0.004039206861704336,6.49012187067545,8.576694909834259e-11,-0.3694636325288574,0.7117821756382454,0.4414409544799906,16.9967845818562,2.4481636476334017,49.144095447999064,21.007703081232492
out_of_sample,b2_ma50_up,(b) close>SMA50 & SMA50 rising,5,41875,0.2519225367136584,0.26051646225238034,0.5309850746268656,4.152782053801987,12.41381565099471,2.6383677243046337,0.35879160696048584,-0.10686907024682746,1419.0,0.0,0.008330619308653642,-7.1042959959911105,1.2092549184217205e-12,-1.1813635511046787,0.2374583310859606,0.20192253671365837,9.949999627836652,2.165000463380272,25.19225367136584,29.324229691876752
out_of_sample,b2_ma50_up_INV,(b-inv) close<SMA50 & SMA50 falling,5,28040,0.5312652723399616,0.43252759684511144,0.5474679029957203,4.584555905444659,19.40453140692085,2.705002258343993,0.35879160696048584,0.17247366537947573,1422.0,0.0,0.0068303925099246765,7.921506388039793,2.220446049250313e-15,-0.21170847100519943,0.8323344789933125,0.48126527233996164,17.57827506971915,2.3129203005494166,53.12652723399616,19.635854341736696
out_of_sample,c1_rsi_gt60,(c) RSI(14)>60,5,23723,0.32669275412226095,0.3068160167678746,0.5396872233697256,4.062913518352125,12.384735287883025,2.509070948925684,0.35879160696048584,-0.03209885283822489,1399.0,0.0,0.012104916864069226,-1.3968991893210265,0.16244388843015378,-0.4109177183012075,0.6811328697863757,0.27669275412226096,10.489263911243894,2.099547071329658,32.66927541222609,16.612745098039216
out_of_sample,c1_rsi_gt60_INV,(c-inv) RSI(14)<40,5,13954,0.7846815372249223,0.6316900553216764,0.5702307582055325,4.636053983669892,19.99375238122152,3.40181222757672,0.35879160696048584,0.42588993026443644,1382.0,0.0,0.0006694061416294694,12.030687522978345,0.0,1.1053003012250862,0.2690294874518586,0.7346815372249224,18.719748123906463,3.042111697588674,78.46815372249223,9.77170868347339
out_of_sample,c2_rsi_gt70,(c) RSI(14)>70,5,6869,0.31686421543421944,0.2976149078992574,0.5387974959965061,4.102583690017651,6.401216332261135,2.2836319494218666,0.35879160696048584,-0.0419273915262664,1210.0,1.541440308727715e-10,0.02239317046611511,-0.8790799989209852,0.3793579015787998,0.22420432364985776,0.82259831932239,0.26686421543421945,5.391128095650204,1.9498886028158557,31.686421543421943,4.810224089635854
out_of_sample,c2_rsi_gt70_INV,(c-inv) RSI(14)<30,5,2524,1.1616338169914917,0.9952644934561383,0.6057844690966719,4.749375391286918,12.287893090991084,1.645906357887286,0.35879160696048584,0.8028422100310059,807.0,0.0,0.09978303977877667,8.64492551729326,0.0,-0.4129233709458309,0.6796627575384977,1.1116338169914917,11.75898747068057,1.4531463085937812,116.16338169914917,1.7675070028011204
out_of_sample,d_macd_cross_up,(d) MACD bullish crossover,5,3329,0.2474960489999207,0.16117310505927573,0.5208771402823671,4.1397849960837,3.4494303617501014,2.0677198921783018,0.35879160696048584,-0.11129555796056514,1088.0,0.0005617706061484817,0.03866637026834452,-1.5794645902592106,0.11422953231761035,-0.6874906938286981,0.4917735631746294,0.19749604899992068,2.7525646187031874,1.643981484265657,24.749604899992068,2.331232492997199
out_of_sample,d_macd_cross_up_INV,(d-inv) MACD bearish crossover,5,3331,0.3385276214442637,0.20224094559027073,0.5253677574302011,4.4252547907211905,4.41512643856163,2.538649807160994,0.35879160696048584,-0.02026398551622216,1112.0,1.0095096807383186e-05,0.011128114914300102,-0.26987837295041295,0.7872538259092667,0.012731758930138348,0.9898418005552898,0.28852762144426364,3.763019171845056,2.2043450245838456,33.85276214442637,2.3326330532212887
out_of_sample,e_20d_high,(e) new 20-day high,5,6864,0.3454349156724623,0.30221871410867074,0.537004662004662,4.166364066945275,6.869065431304064,2.458915882978197,0.35879160696048584,-0.013356691288023526,1216.0,6.462386181738111e-12,0.013935726521027814,-0.2760668416093936,0.7824967279258523,0.2979934272189734,0.7657081801844821,0.29543491567246233,5.874802095484064,2.081513444090466,34.543491567246235,4.80672268907563
out_of_sample,e_20d_high_INV,(e-inv) new 20-day low,5,4411,0.7765193913050158,0.5801910254698672,0.5658580820675584,4.7109438273772035,10.947448442068762,2.959189144918901,0.35879160696048584,0.41772778434452995,957.0,0.0,0.003084497182732404,6.075233054051938,1.2380776404086191e-09,0.41749007014042055,0.676319985933064,0.7265193913050159,10.24254341557158,2.653405014405491,77.65193913050157,3.088935574229692
out_of_sample,f_relvol_up,(f) relvol>1.5 & up day,5,3272,0.454570589237857,0.39970291129477475,0.539119804400978,4.585075786648119,5.671023701595898,2.9014608065454994,0.35879160696048584,0.09577898227737114,1019.0,1.4194675657108746e-08,0.0037142723954068924,1.221365042805695,0.22194783665255224,0.19144836113298155,0.8481743339952341,0.40457058923785705,5.047245587056629,2.565257025989039,45.457058923785695,2.291316526610644
out_of_sample,f_relvol_up_INV,(f-inv) relvol>1.5 & down day,5,3661,0.8590227832723119,0.6599139703467705,0.5703359737776563,4.62216529006175,11.244990037112752,3.0208221571533214,0.35879160696048584,0.500231176311826,1006.0,0.0,0.0025208937704861434,6.713488414086964,1.900257728948418e-11,0.22960644550268913,0.818397597893461,0.8090227832723118,10.59046781394908,2.6816615661296783,85.90227832723119,2.5637254901960786
out_of_sample,g_adx_bull,(g) ADX>25 & +DI>-DI,5,19670,0.3324995882107287,0.24426238479343665,0.5325876970005083,4.248854732305996,10.97542657920563,2.6015056726661574,0.35879160696048584,-0.026292018749757118,1394.0,0.0,0.00928155300998279,-0.984556739024015,0.32484184829749596,-0.08976023920237149,0.9284777451181809,0.28249958821072874,9.324984448093918,2.2238647152719606,33.24995882107287,13.77450980392157
out_of_sample,g_adx_bull_INV,(g-inv) ADX>25 & -DI>+DI,5,12293,0.6545692008180747,0.6488625341469323,0.5725209468803384,4.650883697026614,15.604470200350702,2.754458722283432,0.35879160696048584,0.29577759385758884,1399.0,0.0,0.005878930521265202,7.715865213280979,1.199040866595169e-14,0.0015940052238572454,0.9987281683806346,0.6045692008180747,14.412505303373548,2.381142634585417,65.45692008180747,8.608543417366947
out_of_sample,BASE_RATE,"unconditional (any symbol, any day)",10,83603,0.7066665222239953,0.5918683963188176,0.5474683922825736,6.119380241055166,33.390122203067875,3.873482763899351,0.7066665222239953,0.0,,,,,,,,,,,,
out_of_sample,a1_ret5_topdec,(a) top-decile 5d return,10,8502,0.9035757634755714,0.7257509651318328,0.5535168195718655,7.321713128435724,11.379217928402376,3.3038860659244613,0.7066665222239953,0.19690924125157616,1417.0,0.0,0.0009535457636307143,2.662220269005673,0.007762706161262178,1.0834579493100038,0.27860520598562033,0.8535757634755715,10.749540905823073,3.121063208147921,90.35757634755714,5.953781512605042
out_of_sample,a1_ret5_topdec_INV,(a-inv) bottom-decile 5d return,10,7085,0.9071613311845349,0.6553488767511606,0.5462244177840508,7.215328810434362,10.582744956147682,3.5575713264057467,0.7066665222239953,0.20049480896053962,1417.0,0.0,0.00037429948539013935,2.477228144993291,0.013240723480155925,1.247467416792622,0.21222616028583485,0.8571613311845347,9.99945593178367,3.3614887111028877,90.71613311845348,4.961484593837535
out_of_sample,a2_ret10_topdec,(a) top-decile 10d return,10,8502,1.0351578594253668,0.8483564403416688,0.5618677958127499,7.594543543924823,12.567979326719236,3.432358696423052,0.7066665222239953,0.32849133720137147,1417.0,0.0,0.000598355596734379,4.29412074935175,1.7538700579411426e-05,1.4800795475254571,0.13885201901980349,0.9851578594253667,11.960923155900229,3.266569553000598,103.51578594253668,5.953781512605042
out_of_sample,a2_ret10_topdec_INV,(a-inv) bottom-decile 10d return,10,7085,0.7369751838524707,0.42214974974119635,0.5329569513055752,7.161582728788484,8.661912219886098,2.6946955494658718,0.7066665222239953,0.030308661628475453,1417.0,0.0,0.00704529722446301,0.3770958214497652,0.7061023963811885,0.1560005252970143,0.8760326071639548,0.6869751838524707,8.074245741443313,2.5118742273570596,73.69751838524708,4.961484593837535
out_of_sample,a3_ret20_topdec,(a) top-decile 20d return,10,8502,1.1373590772636193,0.8190108294085507,0.5559868266290284,7.562292912289537,13.867706877980076,3.8996710845395075,0.7066665222239953,0.430692555039624,1417.0,0.0,9.632345359777972e-05,5.652334230327081,1.5828342636581283e-08,1.8850602664359801,0.05942170168629035,1.0873590772636192,13.258061817101654,3.7282357321298814,113.73590772636193,5.953781512605042
out_of_sample,a3_ret20_topdec_INV,(a-inv) bottom-decile 20d return,10,7085,0.8054970883282713,0.5434281610481984,0.5411432604093155,7.193207855975744,9.425649632697462,2.9477696566866576,0.7066665222239953,0.09883056610427599,1417.0,0.0,0.0032007546170471635,1.2246024202531112,0.22072505557985744,0.5177197419924308,0.6046538220205679,0.7554970883282713,8.840566845355582,2.7647913629472938,80.54970883282712,4.961484593837535
out_of_sample,b1_ma20_up,(b) close>SMA20 & SMA20 rising,10,39515,0.5841715918482473,0.5181805499619552,0.54311021131216,6.025063517887573,19.273464884636656,2.7516601799690146,0.7066665222239953,-0.12249493037574799,1416.0,0.0,0.0059294014035846665,-5.489088684489356,4.0401274992163394e-08,-1.1671775514714333,0.24313867453682692,0.5341715918482473,17.62382416660227,2.509201624144493,58.417159184824726,27.67156862745098
out_of_sample,b1_ma20_up_INV,(b-inv) close<SMA20 & SMA20 falling,10,29907,0.9164390371546018,0.7210179475305667,0.5566924131474237,6.158351053683811,25.73508243419785,3.2575202286829734,0.7066665222239953,0.20977251493060656,1417.0,0.0,0.0011239024755691496,7.377667137292694,1.6120438317557273e-13,-0.34121239164819184,0.7329436952848538,0.8664390371546018,24.33100199944786,3.015360452247938,91.64390371546018,20.94327731092437
out_of_sample,b2_ma50_up,(b) close>SMA50 & SMA50 rising,10,41715,0.49880799991801544,0.4666942578965605,0.5387510487834113,5.953453398171806,17.11238630208284,2.7204193266764802,0.7066665222239953,-0.20785852230597984,1414.0,0.0,0.006519917875087877,-9.807689459591177,0.0,-1.3020126260591478,0.19291206946482986,0.44880799991801545,15.39705832970715,2.4720171563892586,49.880799991801545,29.212184873949578
out_of_sample,b2_ma50_up_INV,(b-inv) close<SMA50 & SMA50 falling,10,27932,1.0240345652111713,0.814779786817954,0.56265215523414,6.2982615247127,27.17346012480626,3.039853301866686,0.7066665222239953,0.317368042987176,1417.0,0.0,0.002366934072762339,10.471760099159638,0.0,-0.13465982643806304,0.8928808376620199,0.9740345652111714,25.846675802872625,2.819876764273302,102.40345652111714,19.560224089635856
out_of_sample,c1_rsi_gt60,(c) RSI(14)>60,10,23643,0.6033184655187065,0.5440556633308224,0.5476462377870829,5.8531249115073285,15.849301112439845,2.373839020127397,0.7066665222239953,-0.1033480567052888,1394.0,0.0,0.01760422374447823,-3.1486949642223228,0.0016400128492517485,-0.6863158892082077,0.4925139314141138,0.5533184655187064,14.535790751140581,2.1670157698798493,60.33184655187065,16.55672268907563
out_of_sample,c1_rsi_gt60_INV,(c-inv) RSI(14)<40,10,13926,1.2885175285739998,1.089854195736839,0.5839437024271148,6.242719175208233,24.35733265458718,3.8681972800731925,0.7066665222239953,0.5818510063500045,1377.0,0.0,0.00010964294411097697,12.097552219086928,0.0,0.9966993180979054,0.3189104807909433,1.2385175285739995,23.412163803002226,3.6455506465148537,128.8517528574,9.752100840336135
out_of_sample,c2_rsi_gt70,(c) RSI(14)>70,10,6849,0.6532572997125271,0.5283737676072375,0.5478171995911812,5.9354948863183745,9.108375350591514,2.325593450353978,0.7066665222239953,-0.05340922251146818,1205.0,0.0,0.020040249320444126,-0.7750280824750344,0.43832306575603663,-0.05750090915735132,0.954146181905819,0.603257299712527,8.411224675459389,2.1448229386348574,65.32572997125271,4.796218487394958
out_of_sample,c2_rsi_gt70_INV,(c-inv) RSI(14)<30,10,2524,1.698469829228867,1.6071923956599954,0.6216323296354992,6.423783102873844,13.28347318134135,1.996357294250688,0.7066665222239953,0.9918033070048716,807.0,0.0,0.045895045761136455,7.8880094917304895,3.1086244689504383e-15,-0.473601216929834,0.6357843075155984,1.6484698292288669,12.892430816244637,1.881858480930211,169.8469829228867,1.7675070028011204
out_of_sample,d_macd_cross_up,(d) MACD bullish crossover,10,3319,0.5359969336903214,0.456968649157119,0.5384151852967761,6.001774671527574,5.145010258302325,2.33434384962001,0.7066665222239953,-0.17066958853367387,1084.0,2.675061927526201e-07,0.019577724403264662,-1.6704048204005584,0.09483929657841328,-1.1543149067596543,0.24837108722763568,0.4859969336903213,4.665062525870434,2.09813482712358,53.59969336903214,2.324229691876751
out_of_sample,d_macd_cross_up_INV,(d-inv) MACD bearish crossover,10,3309,0.7182975680959961,0.5886319225311132,0.5494106980961015,6.04658593590078,6.833489793131426,3.0702714335461807,0.7066665222239953,0.011631045872000811,1107.0,8.287370789616944e-12,0.0021386431034131625,0.11285207346891285,0.910147833338268,-0.09707916117286124,0.9226635296595473,0.668297568095996,6.35781716825779,2.8471518955094335,71.82975680959962,2.3172268907563027
out_of_sample,e_20d_high,(e) new 20-day high,10,6851,0.6526217362929159,0.591245381711003,0.5521821631878557,6.073515838460774,8.89402507937553,2.4335229190820202,0.7066665222239953,-0.05404478593107942,1212.0,0.0,0.014952688760902166,-0.7681799252388585,0.44238029823914093,0.15240342352853659,0.8788687570358522,0.6026217362929158,8.212617720045436,2.2391290040519363,65.26217362929158,4.7976190476190474
out_of_sample,e_20d_high_INV,(e-inv) new 20-day low,10,4392,1.3131785289348366,1.1067850589389527,0.5833333333333334,6.475665278650374,13.439111172028136,2.969304720252391,0.7066665222239953,0.6065120067108413,952.0,0.0,0.002984744541430606,6.395910391145391,1.5959367161144655e-10,-0.023097934576736256,0.9815721532168504,1.2631785289348365,12.927409568784247,2.793740342471295,131.31785289348366,3.0756302521008405
out_of_sample,f_relvol_up,(f) relvol>1.5 & up day,10,3260,0.7404288834823128,0.6325514552117717,0.551840490797546,6.458389284398471,6.545878394642271,2.703028021892114,0.7066665222239953,0.03376236125831755,1014.0,5.914668754769536e-11,0.006871095344244127,0.3051102524943301,0.7602821829176973,-0.6046750340930597,0.5453949397472737,0.6904288834823128,6.103845503930583,2.5131171424104646,74.04288834823129,2.2829131652661063
out_of_sample,f_relvol_up_INV,(f-inv) relvol>1.5 & down day,10,3655,1.2644280047641598,1.0851202467152987,0.5794801641586868,6.282519439851455,12.167572864349243,3.5652018194677897,0.7066665222239953,0.5577614825401646,1003.0,0.0,0.0003635763073126519,5.4951359286297885,3.904095846607447e-08,0.12361104834591193,0.9016232442673622,1.21442800476416,11.68642356923304,3.3477449603355884,126.44280047641598,2.5595238095238093
out_of_sample,g_adx_bull,(g) ADX>25 & +DI>-DI,10,19579,0.6293622306143957,0.5173743421700516,0.5440523009346749,5.980500061862804,14.725106020828942,2.378804803229645,0.7066665222239953,-0.07730429160959962,1389.0,0.0,0.01736887067817694,-2.0521338516206207,0.0401566558896167,-0.5855759479537185,0.5581605153796809,0.5793622306143956,13.555262542419536,2.1718412336598383,62.93622306143957,13.71078431372549
out_of_sample,g_adx_bull_INV,(g-inv) ADX>25 & -DI>+DI,10,12276,1.256449154884478,1.1911891795954643,0.5853698273053112,6.427913587380473,21.65725093958777,3.3198251224809057,0.7066665222239953,0.5497826326604828,1394.0,0.0,0.0009007385295878301,10.344533873750258,0.0,0.6146041334391812,0.5388161840159387,1.206449154884478,20.795407431818486,3.1150618231023643,125.64491548844781,8.596638655462185
