n,mean_pct,std_pct,median_pct,win_rate,mean_R,t,p,breakeven_bps,mean_risk_pct,trades_per_yr,symbol,n_min,entry_rule,stop,target,direction_mode,window,bonf_bar_per_symbol,bonf_bar_total
691,-0.04208817238357197,0.5567465291840673,-0.2541899659491984,0.4703328509406657,-0.05601050108235032,-1.9871999747296356,0.046900240665531,-4.208817238357197,0.5389159095590976,121.98537941034316,NVDA,5,close,atr10,1R,long_only,full,3.577254387307179,3.9247896514051925
710,-0.013927697952012678,0.5271434414603731,0.2269384477914252,0.504225352112676,0.017181522604981892,-0.7040114240740356,0.4814256592187487,-1.3927697952012679,0.49915443562671685,125.3395360077332,NVDA,5,close,atr10,1R,short_only,full,3.577254387307179,3.9247896514051925
1401,-0.02781698262882029,0.541935545928527,-0.24050678288610036,0.4875089221984297,-0.01891818358198924,-1.9212392448556788,0.05470155263560961,-2.781698262882029,0.5187655551750932,247.32491541807636,NVDA,5,close,atr10,1R,long_short,full,3.577254387307179,3.9247896514051925
691,-0.04186126437147744,0.6872182195113156,-0.30752698628804304,0.32127351664254705,-0.04656405790117707,-1.6012409945744228,0.10932355230173085,-4.1861264371477445,0.5389159095590976,121.98537941034316,NVDA,5,close,atr10,2R,long_only,full,3.577254387307179,3.9247896514051925
710,0.016739228977589973,0.6984626185485645,-0.30498062970417367,0.36056338028169016,0.08901250852047485,0.6385890343874289,0.5230903167296985,1.6739228977589973,0.49915443562671685,125.3395360077332,NVDA,5,close,atr10,2R,short_only,full,3.577254387307179,3.9247896514051925
1401,-0.012163655322342632,0.6933117946793705,-0.3059564589999319,0.34118486795146324,0.022143552490952026,-0.656681201777034,0.5113859240993843,-1.2163655322342632,0.5187655551750932,247.32491541807636,NVDA,5,close,atr10,2R,long_short,full,3.577254387307179,3.9247896514051925
691,-0.045586748234830166,0.7881481288845441,-0.32622501172391044,0.24746743849493488,-0.04624528354223608,-1.5204417600947577,0.1283999856654563,-4.558674823483017,0.5389159095590976,121.98537941034316,NVDA,5,close,atr10,3R,long_only,full,3.577254387307179,3.9247896514051925
710,0.018675071865035586,0.8290771919511003,-0.32536097368782596,0.27887323943661974,0.09615489462370055,0.6002006871467976,0.5483724957635663,1.8675071865035586,0.49915443562671685,125.3395360077332,NVDA,5,close,atr10,3R,short_only,full,3.577254387307179,3.9247896514051925
1401,-0.013020087085005268,0.809498606009324,-0.3259048288433002,0.2633832976445396,0.02592040275170753,-0.6020282230712793,0.5471553509069125,-1.3020087085005267,0.5187655551750932,247.32491541807636,NVDA,5,close,atr10,3R,long_short,full,3.577254387307179,3.9247896514051925
691,0.033017473812606696,1.262098062915392,-0.34228210290752764,0.1808972503617945,0.17112128744588379,0.6876853390017413,0.49165095443802853,3.3017473812606695,0.5389159095590976,121.98537941034316,NVDA,5,close,atr10,eod,long_only,full,3.577254387307179,3.9247896514051925
710,0.04153431559117367,1.276086241767224,-0.3395232650785096,0.18591549295774648,0.12059254069276772,0.8672737596891279,0.3857920305672047,4.153431559117367,0.49915443562671685,125.3395360077332,NVDA,5,close,atr10,eod,short_only,full,3.577254387307179,3.9247896514051925
1401,0.03733364630567062,1.2687601886213544,-0.34044961339308855,0.18344039971448964,0.1455142851655751,1.1013869682058812,0.2707282747515496,3.733364630567062,0.5187655551750932,247.32491541807636,NVDA,5,close,atr10,eod,long_short,full,3.577254387307179,3.9247896514051925
697,0.08112014670259014,1.3808793174978424,0.24429345751583567,0.5351506456241033,0.04772737034896773,1.5509199823514563,0.12092086107127997,8.112014670259015,1.4940778310667013,123.04458675688738,NVDA,5,close,or,1R,long_only,full,3.577254387307179,3.9247896514051925
718,0.029246976397878377,1.511567103302495,0.22254277998755323,0.5153203342618384,0.04339545610793478,0.518460608330632,0.604136937159131,2.924697639787838,1.5394218130706208,126.75181246979217,NVDA,5,close,or,1R,short_only,full,3.577254387307179,3.9247896514051925
1415,0.05479863696493428,1.448388489984858,0.23824887079961768,0.5250883392226149,0.04552926828178634,1.423190090665073,0.15468105743575222,5.479863696493428,1.517086296846782,249.79639922667954,NVDA,5,close,or,1R,long_short,full,3.577254387307179,3.9247896514051925
697,0.16139755228341102,1.67761286227858,-0.08355527106884389,0.48637015781922527,0.09442083183342713,2.5399290534845242,0.01108749574980572,16.1397552283411,1.4940778310667013,123.04458675688738,NVDA,5,close,or,2R,long_only,full,3.577254387307179,3.9247896514051925
718,0.026741876662137815,1.8077968054714095,-0.45066950150376184,0.4415041782729805,0.04982234220542942,0.3963733881074958,0.691829595037623,2.6741876662137813,1.5394218130706208,126.75181246979217,NVDA,5,close,or,2R,short_only,full,3.577254387307179,3.9247896514051925
1415,0.09307050274554943,1.7455689381447999,-0.2848468120342303,0.4636042402826855,0.07179064416353148,2.005641349101653,0.044894526936908985,9.307050274554943,1.517086296846782,249.79639922667954,NVDA,5,close,or,2R,long_short,full,3.577254387307179,3.9247896514051925
697,0.19457388680203422,1.797719518169911,-0.13779407890737538,0.47919655667144906,0.11491503884991155,2.857452434597746,0.0042705663528967985,19.457388680203422,1.4940778310667013,123.04458675688738,NVDA,5,close,or,3R,long_only,full,3.577254387307179,3.9247896514051925
718,0.05864611361309981,1.914494792724238,-0.45639387231348444,0.4373259052924791,0.07318736462620366,0.8208187529809033,0.4117495151346189,5.864611361309981,1.5394218130706208,126.75181246979217,NVDA,5,close,or,3R,short_only,full,3.577254387307179,3.9247896514051925
1415,0.12560134888708377,1.8584790534003182,-0.29462489221040283,0.4579505300353357,0.09374156175265201,2.5422300787554977,0.011014764055977233,12.560134888708378,1.517086296846782,249.79639922667954,NVDA,5,close,or,3R,long_short,full,3.577254387307179,3.9247896514051925
697,0.218228063702309,1.9121797451795444,-0.14172160946453832,0.47776183644189385,0.13403243333036538,3.0129940546560205,0.0025868398542647775,21.8228063702309,1.4940778310667013,123.04458675688738,NVDA,5,close,or,eod,long_only,full,3.577254387307179,3.9247896514051925
718,0.04290745567171008,1.91667051054431,-0.4660885289616776,0.435933147632312,0.05928210985583096,0.5998567133415748,0.548601732884519,4.290745567171008,1.5394218130706208,126.75181246979217,NVDA,5,close,or,eod,short_only,full,3.577254387307179,3.9247896514051925
1415,0.12926679404437966,1.9157902821759336,-0.3067442649122138,0.4565371024734982,0.0961025872139585,2.5381496926096463,0.011144030665077853,12.926679404437966,1.517086296846782,249.79639922667954,NVDA,5,close,or,eod,long_short,full,3.577254387307179,3.9247896514051925
695,-0.034089463883787224,0.6595520821969072,-0.24642280934641064,0.4848920863309353,-0.02509488838694449,-1.3625846049824089,0.17301346343646307,-3.4089463883787223,0.5385582897704405,122.69151764137264,NVDA,5,touch,atr10,1R,long_only,full,3.577254387307179,3.9247896514051925
712,0.00348512409225312,0.629079394309448,0.24257935087829335,0.5098314606741573,0.0445232543795963,0.1478266663357345,0.882479563850479,0.348512409225312,0.4981738592098119,125.69260512324794,NVDA,5,touch,atr10,1R,short_only,full,3.577254387307179,3.9247896514051925
1407,-0.015075173450993526,0.6443564638845097,-0.21771571832641654,0.4975124378109453,0.010134761683970255,-0.8775728463139081,0.3801755704341825,-1.5075173450993526,0.518122103161224,248.3841227646206,NVDA,5,touch,atr10,1R,long_short,full,3.577254387307179,3.9247896514051925
695,-0.04928362608705505,0.751973109364496,-0.3258616883572888,0.34676258992805753,-0.05395759705580975,-1.72779712007662,0.08402460390668365,-4.928362608705505,0.5385582897704405,122.69151764137264,NVDA,5,touch,atr10,2R,long_only,full,3.577254387307179,3.9247896514051925
712,0.04471866198416248,0.7645884317602727,-0.2974833674312196,0.40168539325842695,0.14154696818703758,1.5606340373639769,0.1186101229948302,4.471866198416248,0.4981738592098119,125.69260512324794,NVDA,5,touch,atr10,2R,short_only,full,3.577254387307179,3.9247896514051925
1407,-0.0017145933175405548,0.7595699766118386,-0.31132403179712437,0.3745557924662402,0.04497577213602202,-0.08467211058329872,0.9325220688522666,-0.17145933175405548,0.518122103161224,248.3841227646206,NVDA,5,touch,atr10,2R,long_short,full,3.577254387307179,3.9247896514051925
695,-0.032710895122566135,0.8571973917197827,-0.33938060684473015,0.28345323741007195,-0.014703007500943926,-1.006013920004436,0.31440887406064943,-3.2710895122566135,0.5385582897704405,122.69151764137264,NVDA,5,touch,atr10,3R,long_only,full,3.577254387307179,3.9247896514051925
712,0.05823962902630959,0.9021761336714625,-0.32871913150784926,0.3160112359550562,0.17259143410862546,1.7225318575570336,0.08497321694481808,5.823962902630959,0.4981738592098119,125.69260512324794,NVDA,5,touch,atr10,3R,short_only,full,3.577254387307179,3.9247896514051925
1407,0.013313819301029825,0.8811080518224654,-0.3340622777429546,0.2999289267945984,0.08007570069096324,0.5667878567238724,0.5708583217757326,1.3313819301029826,0.518122103161224,248.3841227646206,NVDA,5,touch,atr10,3R,long_short,full,3.577254387307179,3.9247896514051925
695,0.0681753031759788,1.4296377978811445,-0.35949770919844953,0.1971223021582734,0.25620099722967177,1.257168406473857,0.20869266089355043,6.817530317597879,0.5385582897704405,122.69151764137264,NVDA,5,touch,atr10,eod,long_only,full,3.577254387307179,3.9247896514051925
712,0.11505874463224225,1.4249900505182647,-0.353344650099228,0.21348314606741572,0.3159218610285875,2.1545064373820333,0.031200477684582895,11.505874463224226,0.4981738592098119,125.69260512324794,NVDA,5,touch,atr10,eod,short_only,full,3.577254387307179,3.9247896514051925
1407,0.09190025720359754,1.4269727044249345,-0.35610469175154347,0.20540156361051884,0.2864222161527904,2.4157284260003657,0.01570376900744863,9.190025720359754,0.518122103161224,248.3841227646206,NVDA,5,touch,atr10,eod,long_short,full,3.577254387307179,3.9247896514051925
702,0.03284575292323063,1.237511643255917,0.2518501634297745,0.5128205128205128,0.02491752346404497,0.7032317720968839,0.48191132203767295,3.284575292323063,1.2053290760385895,123.92725954567423,NVDA,5,touch,or,1R,long_only,full,3.577254387307179,3.9247896514051925
719,0.04052000381633972,1.2656591772750612,0.46050795422829793,0.521557719054242,0.056090696106914265,0.8584542404847845,0.39064168782821396,4.052000381633972,1.2128373007003106,126.92834702754953,NVDA,5,touch,or,1R,short_only,full,3.577254387307179,3.9247896514051925
1421,0.03672878345957506,1.2513981434626866,0.380157366069007,0.5172413793103449,0.040690578446608665,1.1063895786487998,0.2685579342249522,3.672878345957506,1.2091281003396293,250.85560657322378,NVDA,5,touch,or,1R,long_short,full,3.577254387307179,3.9247896514051925
702,0.0929186257616488,1.5731152637834969,-0.5968447080295236,0.4287749287749288,0.07233438318776396,1.5649871976596001,0.11758591117636952,9.291862576164881,1.2053290760385895,123.92725954567423,NVDA,5,touch,or,2R,long_only,full,3.577254387307179,3.9247896514051925
719,0.055249406425782174,1.6216045148185982,-0.6622516556291367,0.41168289290681503,0.08834432236920246,0.9135811220645061,0.36093698964054366,5.524940642578217,1.2128373007003106,126.92834702754953,NVDA,5,touch,or,2R,short_only,full,3.577254387307179,3.9247896514051925
1421,0.07385869001042564,1.5973826556990354,-0.6232609905397752,0.4201266713581985,0.08043511948013152,1.7429690482009204,0.08133902153627237,7.385869001042564,1.2091281003396293,250.85560657322378,NVDA,5,touch,or,2R,long_short,full,3.577254387307179,3.9247896514051925
702,0.11004158325440748,1.7055474769194507,-0.6508105011660495,0.4074074074074074,0.09063138814755092,1.709470352142415,0.08736385897344112,11.004158325440748,1.2053290760385895,123.92725954567423,NVDA,5,touch,or,3R,long_only,full,3.577254387307179,3.9247896514051925
719,0.07531282081626019,1.7933808197570864,-0.7004171602204324,0.38803894297635605,0.11878943456441309,1.1260582033906223,0.26014088399700785,7.531282081626019,1.2128373007003106,126.92834702754953,NVDA,5,touch,or,3R,short_only,full,3.577254387307179,3.9247896514051925
1421,0.09246946489196702,1.7500108714978442,-0.6856868856389251,0.3976073187895848,0.10487884442744108,1.9918408584010652,0.04638852167302554,9.246946489196702,1.2091281003396293,250.85560657322378,NVDA,5,touch,or,3R,long_short,full,3.577254387307179,3.9247896514051925
702,0.1516947577408358,1.8894099553278239,-0.6623980139128782,0.4045584045584046,0.12246635748461236,2.1272225563299925,0.0334015958251106,15.16947577408358,1.2053290760385895,123.92725954567423,NVDA,5,touch,or,eod,long_only,full,3.577254387307179,3.9247896514051925
719,0.05828087960684147,1.839033767769431,-0.7004171602204324,0.38247566063977745,0.10416277980497948,0.8497689129172358,0.3954535762958715,5.8280879606841465,1.2128373007003106,126.92834702754953,NVDA,5,touch,or,eod,short_only,full,3.577254387307179,3.9247896514051925
1421,0.1044290445963306,1.8640193642845342,-0.6856868856389251,0.39338494018296977,0.11320508207880237,2.1118736135720604,0.03469729115263798,10.44290445963306,1.2091281003396293,250.85560657322378,NVDA,5,touch,or,eod,long_short,full,3.577254387307179,3.9247896514051925
680,-0.003222830354027315,0.46592995053973923,-0.1610277096584934,0.49558823529411766,-0.006336047463724607,-0.18037289400431458,0.8568598327563082,-0.3222830354027315,0.504544362784627,120.04349927501208,NVDA,15,close,atr10,1R,long_only,full,3.577254387307179,3.9247896514051925
693,-0.0279072349694683,0.5293093413496461,-0.24810858097182625,0.4733044733044733,-0.04200683461426205,-1.387950148678207,0.16515222568241628,-2.79072349694683,0.5360628798250082,122.3384485258579,NVDA,15,close,atr10,1R,short_only,full,3.577254387307179,3.9247896514051925
1373,-0.01568189255249826,0.49889838302261486,-0.22819621121991504,0.48434085943190097,-0.024340312209043213,-1.1647203033681572,0.24413222776071786,-1.5681892552498258,0.5204528349688835,242.38194780087,NVDA,15,close,atr10,1R,long_short,full,3.577254387307179,3.9247896514051925
680,-0.0034268809388633753,0.6211918214294772,-0.30265992132867986,0.3338235294117647,-0.02170069597379442,-0.14385592139684994,0.8856142431812335,-0.34268809388633753,0.504544362784627,120.04349927501208,NVDA,15,close,atr10,2R,long_only,full,3.577254387307179,3.9247896514051925
693,-0.0004682337313250737,0.68366059748442,-0.30757652197253177,0.341991341991342,0.02535369164841505,-0.01802971093758356,0.9856151513596525,-0.046823373132507375,0.5360628798250082,122.3384485258579,NVDA,15,close,atr10,2R,short_only,full,3.577254387307179,3.9247896514051925
1373,-0.001933550629450381,0.6532326930471356,-0.30623567256270134,0.33794610342316095,0.0020492607794402188,-0.10967885421054015,0.9126640711213958,-0.1933550629450381,0.5204528349688835,242.38194780087,NVDA,15,close,atr10,2R,long_short,full,3.577254387307179,3.9247896514051925
680,0.0023193211175483418,0.7472163659197606,-0.3193779748292215,0.26176470588235295,-0.011154169298607484,0.0809410740855326,0.9354888147117799,0.2319321117548342,0.504544362784627,120.04349927501208,NVDA,15,close,atr10,3R,long_only,full,3.577254387307179,3.9247896514051925
693,0.005446869495603833,0.7961452900326138,-0.32756920063182987,0.2727272727272727,0.04156518701109363,0.18010312858123487,0.8570716065199075,0.5446869495603833,0.5360628798250082,122.3384485258579,NVDA,15,close,atr10,3R,short_only,full,3.577254387307179,3.9247896514051925
1373,0.003897901617178678,0.7720204336799088,-0.32380318616658976,0.2672978878368536,0.015455090659602908,0.18708430144815386,0.8515945364775235,0.3897901617178678,0.5204528349688835,242.38194780087,NVDA,15,close,atr10,3R,long_short,full,3.577254387307179,3.9247896514051925
680,0.069737845137165,1.1874396585200737,-0.3301176451762733,0.20147058823529412,0.15405091366403936,1.5314803560409138,0.12565071772953695,6.9737845137165,0.504544362784627,120.04349927501208,NVDA,15,close,atr10,eod,long_only,full,3.577254387307179,3.9247896514051925
693,0.006866263767768894,1.1778881234032068,-0.33933798773789325,0.1847041847041847,-0.02460350055890238,0.1534557115556927,0.8780389136245763,0.6866263767768893,0.5360628798250082,122.3384485258579,NVDA,15,close,atr10,eod,short_only,full,3.577254387307179,3.9247896514051925
1373,0.03800441040374076,1.1826153306092728,-0.3357030034559321,0.1930080116533139,0.06387792818953199,1.1907641838843226,0.23374617300621314,3.800441040374076,0.5204528349688835,242.38194780087,NVDA,15,close,atr10,eod,long_short,full,3.577254387307179,3.9247896514051925
687,0.11243287079984575,1.5374135845998378,0.23584243479236738,0.5312954876273653,0.06147948156362159,1.9168183318909693,0.055261015187168194,11.243287079984574,1.942339390866865,121.27924117931367,NVDA,15,close,or,1R,long_only,full,3.577254387307179,3.9247896514051925
700,0.03174129525781807,1.6360204111591667,0.0394902112630086,0.5071428571428571,0.01716488352999191,0.513316172404955,0.607730173019172,3.1741295257818067,1.9442677544710878,123.57419043015949,NVDA,15,close,or,1R,short_only,full,3.577254387307179,3.9247896514051925
1387,0.07170893217012737,1.5878853060936307,0.1412429378531127,0.5191059841384282,0.03911450779034057,1.681869736878543,0.09259410220021747,7.170893217012737,1.9433126097010078,244.85343160947318,NVDA,15,close,or,1R,long_short,full,3.577254387307179,3.9247896514051925
687,0.17914488688409938,1.7578839624208176,0.09604402450420635,0.5094614264919942,0.09807114927127304,2.671114972285175,0.007559974764476118,17.91448868840994,1.942339390866865,121.27924117931367,NVDA,15,close,or,2R,long_only,full,3.577254387307179,3.9247896514051925
700,0.007749445930376636,1.8186669990717526,-0.10774666280973694,0.47,0.0004757449272959415,0.11273700320500082,0.9102390639298816,0.7749445930376636,1.9442677544710878,123.57419043015949,NVDA,15,close,or,2R,short_only,full,3.577254387307179,3.9247896514051925
1387,0.09264394336023062,1.790227119673715,-0.03451621393941218,0.48954578226387885,0.04881607858577632,1.9272902798114067,0.05394346428492991,9.264394336023061,1.9433126097010078,244.85343160947318,NVDA,15,close,or,2R,long_short,full,3.577254387307179,3.9247896514051925
687,0.21816074227324497,1.8743127955480574,0.07456565505927545,0.5094614264919942,0.11887060148913511,3.0507941228777304,0.0022823701460774615,21.816074227324496,1.942339390866865,121.27924117931367,NVDA,15,close,or,3R,long_only,full,3.577254387307179,3.9247896514051925
700,0.009018885947533245,1.8384463984599733,-0.10774666280973694,0.4685714285714286,0.0003848040472932825,0.12979290198515742,0.8967302788060829,0.9018885947533245,1.9442677544710878,123.57419043015949,NVDA,15,close,or,3R,short_only,full,3.577254387307179,3.9247896514051925
1387,0.11260969726387349,1.858574099589978,-0.0380004836425238,0.48882480173035325,0.05907243407075783,2.2564937802668212,0.02403972439175872,11.260969726387348,1.9433126097010078,244.85343160947318,NVDA,15,close,or,3R,long_short,full,3.577254387307179,3.9247896514051925
687,0.21685676841964724,1.9012234075593268,0.07398198097198863,0.5080058224163028,0.11949668968358011,2.989635195301738,0.0027931081156342685,21.685676841964725,1.942339390866865,121.27924117931367,NVDA,15,close,or,eod,long_only,full,3.577254387307179,3.9247896514051925
700,0.0061261530255116775,1.8488577761156686,-0.10774666280973694,0.4685714285714286,-0.005042154040373562,0.08766643712899529,0.9301417961749618,0.6126153025511677,1.9442677544710878,123.57419043015949,NVDA,15,close,or,eod,short_only,full,3.577254387307179,3.9247896514051925
1387,0.1105038983577187,1.877262251318211,-0.03802264054715563,0.48810382119682766,0.05664363228865037,2.192254057655369,0.02836116709191394,11.05038983577187,1.9433126097010078,244.85343160947318,NVDA,15,close,or,eod,long_short,full,3.577254387307179,3.9247896514051925
679,0.03243909034945586,0.5331033317895885,0.2600908010186269,0.524300441826215,0.08071161583768856,1.5855945984650888,0.1128313023429881,3.2439090349455855,0.5051467151678878,119.86696471725472,NVDA,15,touch,atr10,1R,long_only,full,3.577254387307179,3.9247896514051925
712,-0.012791395258478134,0.5829601417480991,-0.24441379762421472,0.4845505617977528,-0.02592341423633859,-0.5854894227873862,0.5582186766512458,-1.2791395258478133,0.5312356000490749,125.69260512324794,NVDA,15,touch,atr10,1R,short_only,full,3.577254387307179,3.9247896514051925
1391,0.009287324890901573,0.5594357988538609,0.21710055719245278,0.5039539899352984,0.02612919929368616,0.619161508285534,0.535809966437478,0.9287324890901573,0.5185006231732116,245.55956984050266,NVDA,15,touch,atr10,1R,long_short,full,3.577254387307179,3.9247896514051925
679,0.02978807424937264,0.6669946873972015,-0.3031220964584044,0.38291605301914583,0.10885368969884641,1.1637372612511256,0.24453050418497613,2.978807424937264,0.5051467151678878,119.86696471725472,NVDA,15,touch,atr10,2R,long_only,full,3.577254387307179,3.9247896514051925
712,0.0041294997454756725,0.7168216603114723,-0.30686237510583136,0.3553370786516854,0.009243739615798052,0.15371856462342973,0.8778316463092992,0.41294997454756727,0.5312356000490749,125.69260512324794,NVDA,15,touch,atr10,2R,short_only,full,3.577254387307179,3.9247896514051925
1391,0.016654425761396627,0.6928173245445515,-0.30483380608203986,0.3687994248741912,0.0578671444370704,0.8965499463059458,0.369959117254421,1.6654425761396627,0.5185006231732116,245.55956984050266,NVDA,15,touch,atr10,2R,long_short,full,3.577254387307179,3.9247896514051925
679,0.04820884183297426,0.7929231346454404,-0.31640566960189404,0.3122238586156112,0.15914316082634547,1.5842747338237024,0.11313121289644346,4.8208841832974265,0.5051467151678878,119.86696471725472,NVDA,15,touch,atr10,3R,long_only,full,3.577254387307179,3.9247896514051925
712,0.0010991102338675158,0.8296412112342334,-0.3355230887377524,0.2752808988764045,0.007791338942514737,0.035350123188525255,0.9718005557586131,0.10991102338675157,0.5312356000490749,125.69260512324794,NVDA,15,touch,atr10,3R,short_only,full,3.577254387307179,3.9247896514051925
1391,0.024095161819628463,0.8119754913990472,-0.3266980891384896,0.293314162473041,0.08167191914317691,1.106752448800012,0.26840097218309733,2.409516181962846,0.5185006231732116,245.55956984050266,NVDA,15,touch,atr10,3R,long_short,full,3.577254387307179,3.9247896514051925
679,0.11457402320585879,1.2505782989958245,-0.33416405023548224,0.23711340206185566,0.3329637303817181,2.3873173940038397,0.01697183176702355,11.457402320585878,0.5051467151678878,119.86696471725472,NVDA,15,touch,atr10,eod,long_only,full,3.577254387307179,3.9247896514051925
712,0.06510090800904436,1.340065142893024,-0.35130689613723953,0.18679775280898878,0.08126312684550706,1.29628689998035,0.19487666011065619,6.510090800904436,0.5312356000490749,125.69260512324794,NVDA,15,touch,atr10,eod,short_only,full,3.577254387307179,3.9247896514051925
1391,0.08925061700878341,1.296925485872557,-0.34049834460681855,0.2113587347232207,0.2041277636543405,2.5666093232070613,0.01026982465649251,8.925061700878341,0.5185006231732116,245.55956984050266,NVDA,15,touch,atr10,eod,long_short,full,3.577254387307179,3.9247896514051925
686,0.13432732201758332,1.4856968874191572,0.38966671143841386,0.5524781341107872,0.09355490448163264,2.368079078916432,0.017880713612289156,13.432732201758332,1.7026491783151878,121.10270662155631,NVDA,15,touch,or,1R,long_only,full,3.577254387307179,3.9247896514051925
719,0.0058283193708186165,1.5874578005813698,0.04284490145672421,0.5090403337969402,0.017969597682423188,0.09844770524308864,0.9215767953227314,0.5828319370818617,1.7048205879978633,126.92834702754953,NVDA,15,touch,or,1R,short_only,full,3.577254387307179,3.9247896514051925
1405,0.06856875767379414,1.5394086877153144,0.24429345751583567,0.5302491103202847,0.05487459445413684,1.6695925952468043,0.09499999644445256,6.856875767379414,1.7037603836972826,248.03105364910584,NVDA,15,touch,or,1R,long_short,full,3.577254387307179,3.9247896514051925
686,0.1832005711811423,1.741222074433452,0.042691941886935515,0.5072886297376094,0.12473356028111794,2.7557176441776567,0.005856352777586782,18.32005711811423,1.7026491783151878,121.10270662155631,NVDA,15,touch,or,2R,long_only,full,3.577254387307179,3.9247896514051925
719,-0.006474646956108541,1.8244392412560426,-0.2958690685742184,0.44923504867872044,0.002414674783667321,-0.09515927684556243,0.9241883155204014,-0.6474646956108541,1.7048205879978633,126.92834702754953,NVDA,15,touch,or,2R,short_only,full,3.577254387307179,3.9247896514051925
1405,0.0861354595507627,1.7861786232077317,-0.14475770317778175,0.47758007117437723,0.06213763240021617,1.8075705201312964,0.07067336986717265,8.613545955076269,1.7037603836972826,248.03105364910584,NVDA,15,touch,or,2R,long_short,full,3.577254387307179,3.9247896514051925
686,0.19847804551425438,1.8221877525793586,0.01599949201421141,0.5029154518950437,0.1323297152427149,2.8528662364333672,0.004332685494063737,19.847804551425437,1.7026491783151878,121.10270662155631,NVDA,15,touch,or,3R,long_only,full,3.577254387307179,3.9247896514051925
719,-0.0009332836041833163,1.8870902961199987,-0.3335017685699831,0.44367176634214184,0.009744366580298045,-0.013261278631190318,0.9894193406463674,-0.09332836041833162,1.7048205879978633,126.92834702754953,NVDA,15,touch,or,3R,short_only,full,3.577254387307179,3.9247896514051925
1405,0.09643053972339552,1.857702981348227,-0.15810554423442047,0.47259786476868326,0.06959742649660974,1.9457027000263831,0.05169046214084316,9.643053972339551,1.7037603836972826,248.03105364910584,NVDA,15,touch,or,3R,long_short,full,3.577254387307179,3.9247896514051925
686,0.21931275747728618,1.915925137501943,0.009052299574299531,0.5014577259475219,0.1455235200301091,2.998108997458009,0.0027166049599012254,21.93127574772862,1.7026491783151878,121.10270662155631,NVDA,15,touch,or,eod,long_only,full,3.577254387307179,3.9247896514051925
719,-0.013332534203702803,1.8891491074905673,-0.3335017685699831,0.44367176634214184,-0.0030538875419293134,-0.1892391175767429,0.84990541012681,-1.3332534203702804,1.7048205879978633,126.92834702754953,NVDA,15,touch,or,eod,short_only,full,3.577254387307179,3.9247896514051925
1405,0.10025797831811814,1.9051467866951468,-0.15810554423442047,0.4718861209964413,0.06948995700925813,1.9725529158055874,0.048546521885225236,10.025797831811815,1.7037603836972826,248.03105364910584,NVDA,15,touch,or,eod,long_short,full,3.577254387307179,3.9247896514051925
669,0.017926351055844322,0.46548181862094357,0.24084089400310313,0.5276532137518685,0.05951958645209439,0.9960983793858659,0.31920234722122,1.7926351055844323,0.5341551387592843,118.101619139681,NVDA,30,close,atr10,1R,long_only,full,3.577254387307179,3.9247896514051925
640,-0.004020383786361548,0.4956446687841831,-0.13135834432161203,0.49375,-7.544571321707049e-05,-0.20520458519770926,0.837412287205465,-0.40203837863615477,0.5192359447115835,112.98211696471725,NVDA,30,close,atr10,1R,short_only,full,3.577254387307179,3.9247896514051925
1309,0.007196091087156958,0.480406929765655,0.22586351974525753,0.5110771581359816,0.03038221396485273,0.5419474932794893,0.5878546777641738,0.7196091087156958,0.5268608040071617,231.08373610439827,NVDA,30,close,atr10,1R,long_short,full,3.577254387307179,3.9247896514051925
669,-0.0059163309717936785,0.6149462750637588,-0.30118499725408615,0.351270553064275,0.01945090057244199,-0.24884467114658648,0.8034809351415229,-0.5916330971793679,0.5341551387592843,118.101619139681,NVDA,30,close,atr10,2R,long_only,full,3.577254387307179,3.9247896514051925
640,-0.016178055293532417,0.648474464301667,-0.3166223837712199,0.325,-0.029736908218079484,-0.6311366834751071,0.5279511573129141,-1.6178055293532418,0.5192359447115835,112.98211696471725,NVDA,30,close,atr10,2R,short_only,full,3.577254387307179,3.9247896514051925
1309,-0.010933522389603302,0.6313402129040157,-0.30850521268663267,0.3384262796027502,-0.004598142686483719,-0.6265654877057384,0.5309440970800048,-1.0933522389603303,0.5268608040071617,231.08373610439827,NVDA,30,close,atr10,2R,long_short,full,3.577254387307179,3.9247896514051925
669,0.006632634893413483,0.7309812163595509,-0.3135279339438202,0.28998505231689087,0.05156710495222549,0.23468910727486325,0.8144500427778887,0.6632634893413483,0.5341551387592843,118.101619139681,NVDA,30,close,atr10,3R,long_only,full,3.577254387307179,3.9247896514051925
640,-0.0019912528607935187,0.7584612697482439,-0.3308961201634979,0.2703125,0.026864595337284147,-0.0664175713496759,0.9470453811766586,-0.19912528607935187,0.5192359447115835,112.98211696471725,NVDA,30,close,atr10,3R,short_only,full,3.577254387307179,3.9247896514051925
1309,0.002416219184710284,0.7442709345309069,-0.3234159233891347,0.28036669213139803,0.03948948375011513,0.11745596908741773,0.906498734037295,0.24162191847102837,0.5268608040071617,231.08373610439827,NVDA,30,close,atr10,3R,long_short,full,3.577254387307179,3.9247896514051925
669,0.03047204405955328,0.9953600299695755,-0.3259951403750422,0.23019431988041852,0.09591018806578958,0.7918345537787194,0.4284571516621827,3.047204405955328,0.5341551387592843,118.101619139681,NVDA,30,close,atr10,eod,long_only,full,3.577254387307179,3.9247896514051925
640,0.008970769454149013,1.0993646641787735,-0.3407577387621762,0.2015625,0.010821883011602796,0.20643242238874238,0.8364531467943355,0.8970769454149013,0.5192359447115835,112.98211696471725,NVDA,30,close,atr10,eod,short_only,full,3.577254387307179,3.9247896514051925
1309,0.019959579775780376,1.0471541817317727,-0.333785204824985,0.21619556913674562,0.05430857214930409,0.6896211706409292,0.49043245036782457,1.9959579775780376,0.5268608040071617,231.08373610439827,NVDA,30,close,atr10,eod,long_short,full,3.577254387307179,3.9247896514051925
676,0.07145448327898948,1.48602359335726,0.18039563813214116,0.5369822485207101,0.031033531743957975,1.250193182368325,0.21122898668813694,7.145448327898948,2.260069883725265,119.3373610439826,NVDA,30,close,or,1R,long_only,full,3.577254387307179,3.9247896514051925
645,0.005460403975792137,1.6566846632695782,-0.016943409013894236,0.49147286821705427,0.008511983221707872,0.08370757867840428,0.9332889313825488,0.5460403975792137,2.308986887186529,113.86478975350411,NVDA,30,close,or,1R,short_only,full,3.577254387307179,3.9247896514051925
1321,0.03923178747992642,1.571416600140405,0.0707703135937108,0.5147615442846328,0.020037014865190893,0.907398732091231,0.3641959796852152,3.923178747992642,2.2839544160738767,233.2021507974867,NVDA,30,close,or,1R,long_short,full,3.577254387307179,3.9247896514051925
676,0.13777486676896056,1.6684612371861067,0.1647368714639906,0.5295857988165681,0.05954192999156306,2.14697618149903,0.031795177892111504,13.777486676896055,2.260069883725265,119.3373610439826,NVDA,30,close,or,2R,long_only,full,3.577254387307179,3.9247896514051925
645,-0.0014348637843687793,1.777987963486034,-0.07454184891913936,0.4697674418604651,0.0054594338207271265,-0.020495650890276846,0.9836479814357779,-0.14348637843687792,2.308986887186529,113.86478975350411,NVDA,30,close,or,2R,short_only,full,3.577254387307179,3.9247896514051925
1321,0.06980342376601019,1.723561278529411,0.0048295180140978,0.5003785011355034,0.03313526077870221,1.4719782904882737,0.14102674011678396,6.980342376601019,2.2839544160738767,233.2021507974867,NVDA,30,close,or,2R,long_short,full,3.577254387307179,3.9247896514051925
676,0.13198311014118716,1.6687319326522927,0.16362451699009906,0.5281065088757396,0.05785063186378936,2.0563883248861443,0.03974510074993587,13.198311014118715,2.260069883725265,119.3373610439826,NVDA,30,close,or,3R,long_only,full,3.577254387307179,3.9247896514051925
645,0.002247023968664416,1.7906367478432792,-0.07454184891913936,0.4697674418604651,0.008444264669614725,0.0318698536669261,0.9745758397108917,0.22470239686644158,2.308986887186529,113.86478975350411,NVDA,30,close,or,3R,short_only,full,3.577254387307179,3.9247896514051925
1321,0.06863732998881988,1.7298874436728564,0.0,0.4996214988644966,0.03372715961530893,1.4420952402409566,0.14927550763922515,6.863732998881988,2.2839544160738767,233.2021507974867,NVDA,30,close,or,3R,long_short,full,3.577254387307179,3.9247896514051925
676,0.13881304404604794,1.7157834978961686,0.16362451699009906,0.5281065088757396,0.059973833611032784,2.103493330960836,0.03542266765093194,13.881304404604794,2.260069883725265,119.3373610439826,NVDA,30,close,or,eod,long_only,full,3.577254387307179,3.9247896514051925
645,-0.001748665051777487,1.7971870500949958,-0.07454184891913936,0.4697674418604651,0.002441918554865709,-0.02471116424126459,0.9802853500238742,-0.1748665051777487,2.308986887186529,113.86478975350411,NVDA,30,close,or,eod,short_only,full,3.577254387307179,3.9247896514051925
1321,0.07018147525869185,1.756741600604056,0.0,0.4996214988644966,0.03188292883341903,1.4519979933588814,0.14650216319413145,7.018147525869185,2.2839544160738767,233.2021507974867,NVDA,30,close,or,eod,long_short,full,3.577254387307179,3.9247896514051925
674,0.03496333078589915,0.4809262511088938,0.2630526145469162,0.5385756676557863,0.08643664822692548,1.8874013608985747,0.059106362226619025,3.4963330785899154,0.5318236879520243,118.98429192846785,NVDA,30,touch,atr10,1R,long_only,full,3.577254387307179,3.9247896514051925
681,0.03135010907165521,0.5388712576792016,0.24534886000509015,0.5154185022026432,0.047142513621968495,1.5181951240889724,0.12896521634270197,3.135010907165521,0.5116325439613919,120.22003383276945,NVDA,30,touch,atr10,1R,short_only,full,3.577254387307179,3.9247896514051925
1355,0.033147386883758845,0.510685343449861,0.2581321553011502,0.5269372693726937,0.06668808315978475,2.389271765408763,0.016881809433936024,3.3147386883758845,0.5216759617102378,239.2043257612373,NVDA,30,touch,atr10,1R,long_short,full,3.577254387307179,3.9247896514051925
674,0.041925476431095066,0.6412481218193685,-0.2972515976064164,0.3887240356083086,0.11646225520324367,1.69739081860754,0.08962279723365052,4.192547643109506,0.5318236879520243,118.98429192846785,NVDA,30,touch,atr10,2R,long_only,full,3.577254387307179,3.9247896514051925
681,0.03565669572201484,0.6927891293558903,-0.3053640652136683,0.3641703377386197,0.057446378600473615,1.3431161970969643,0.17923435165786428,3.5656695722014837,0.5116325439613919,120.22003383276945,NVDA,30,touch,atr10,2R,short_only,full,3.577254387307179,3.9247896514051925
1355,0.03877489365405917,0.6674102548933697,-0.3015194946447962,0.3763837638376384,0.08680187736819835,2.138589290123524,0.032468945639003266,3.8774893654059173,0.5216759617102378,239.2043257612373,NVDA,30,touch,atr10,2R,long_short,full,3.577254387307179,3.9247896514051925
674,0.0395447869500078,0.7616931685026723,-0.32018725953085864,0.31008902077151335,0.11724701744172503,1.3478424425696354,0.17770906369583295,3.95447869500078,0.5318236879520243,118.98429192846785,NVDA,30,touch,atr10,3R,long_only,full,3.577254387307179,3.9247896514051925
681,0.012291919255125676,0.7975044487681568,-0.3346538444214216,0.27606461086637296,0.021888676229896757,0.40221673871878066,0.6875245244053321,1.2291919255125676,0.5116325439613919,120.22003383276945,NVDA,30,touch,atr10,3R,short_only,full,3.577254387307179,3.9247896514051925
1355,0.02584795824136225,0.779728126238101,-0.32557255685980474,0.29298892988929887,0.06932153377733016,1.220260885932546,0.22236599234672294,2.584795824136225,0.5216759617102378,239.2043257612373,NVDA,30,touch,atr10,3R,long_short,full,3.577254387307179,3.9247896514051925
674,0.0905024153683046,1.119157689204279,-0.32912687639023114,0.24480712166172106,0.23240704190241065,2.0994176081648632,0.035780103838439103,9.050241536830459,0.5318236879520243,118.98429192846785,NVDA,30,touch,atr10,eod,long_only,full,3.577254387307179,3.9247896514051925
681,0.06712936095709011,1.2164010127515863,-0.34282997938905097,0.21145374449339208,0.09499678931756958,1.4401551964786417,0.14982349579788568,6.712936095709011,0.5116325439613919,120.22003383276945,NVDA,30,touch,atr10,eod,short_only,full,3.577254387307179,3.9247896514051925
1355,0.07875551495942118,1.1686691225546688,-0.33641085644300484,0.22804428044280442,0.16334698137822118,2.4806132178800158,0.013115660437827525,7.875551495942118,0.5216759617102378,239.2043257612373,NVDA,30,touch,atr10,eod,long_short,full,3.577254387307179,3.9247896514051925
681,0.15007579688976197,1.4725916929437424,0.291777868081247,0.5594713656387665,0.07501723851112725,2.6595114707256817,0.007825406527828482,15.007579688976197,2.0634811796775554,120.22003383276945,NVDA,30,touch,or,1R,long_only,full,3.577254387307179,3.9247896514051925
687,0.01198362458383858,1.6598031904299269,-0.02493610124057198,0.49053857350800584,0.004906225551376629,0.1892387055698995,0.8499057330268893,1.198362458383858,2.0775525083191853,121.27924117931367,NVDA,30,touch,or,1R,short_only,full,3.577254387307179,3.9247896514051925
1368,0.08072687702560306,1.570348158579312,0.13524282070541993,0.5248538011695907,0.03980797980984897,1.901363930414474,0.05725436060075717,8.072687702560307,2.0705477021752157,241.49927501208313,NVDA,30,touch,or,1R,long_short,full,3.577254387307179,3.9247896514051925
681,0.19737267000825015,1.6689016979472577,0.16282709402779155,0.5374449339207048,0.09345234645598458,3.0862408519109423,0.0020270455545370325,19.737267000825014,2.0634811796775554,120.22003383276945,NVDA,30,touch,or,2R,long_only,full,3.577254387307179,3.9247896514051925
687,0.013150225656968606,1.7905339437648315,-0.11592282851701628,0.4643377001455604,0.01404544416351699,0.19249923829966287,0.8473511645025682,1.3150225656968606,2.0775525083191853,121.27924117931367,NVDA,30,touch,or,2R,short_only,full,3.577254387307179,3.9247896514051925
1368,0.10485745124411974,1.7328718685115638,0.003451780190427755,0.5007309941520468,0.053574757366126956,2.238081484882418,0.025215741827121274,10.485745124411974,2.0705477021752157,241.49927501208313,NVDA,30,touch,or,2R,long_short,full,3.577254387307179,3.9247896514051925
681,0.20136104084784864,1.72257678596835,0.1583747474195795,0.5345080763582967,0.0931742244991832,3.0504956721456797,0.0022846397297269228,20.136104084784865,2.0634811796775554,120.22003383276945,NVDA,30,touch,or,3R,long_only,full,3.577254387307179,3.9247896514051925
687,0.010207757274949254,1.818155702948341,-0.12218149505721831,0.46142649199417757,0.012746908148895477,0.14715588355031103,0.8830089812510811,1.0207757274949254,2.0775525083191853,121.27924117931367,NVDA,30,touch,or,3R,short_only,full,3.577254387307179,3.9247896514051925
1368,0.10536520326408993,1.773152598470961,-0.006338078288890791,0.49780701754385964,0.052784190630288705,2.1978302431057197,0.02796120539543856,10.536520326408993,2.0705477021752157,241.49927501208313,NVDA,30,touch,or,3R,long_short,full,3.577254387307179,3.9247896514051925
681,0.206016105074199,1.7490794886330647,0.1583747474195795,0.5345080763582967,0.0977622367445071,3.0737262160286445,0.002114033438942897,20.601610507419903,2.0634811796775554,120.22003383276945,NVDA,30,touch,or,eod,long_only,full,3.577254387307179,3.9247896514051925
687,0.008919018690115365,1.8349815928140032,-0.12218149505721831,0.46142649199417757,0.007300658246511925,0.12739832863789544,0.8986251390163409,0.8919018690115365,2.0775525083191853,121.27924117931367,NVDA,30,touch,or,eod,short_only,full,3.577254387307179,3.9247896514051925
1368,0.10703533142956051,1.7947874772391215,-0.006338078288890791,0.49780701754385964,0.052333066840908646,2.2057545115874495,0.02740119286018672,10.70353314295605,2.0705477021752157,241.49927501208313,NVDA,30,touch,or,eod,long_short,full,3.577254387307179,3.9247896514051925
724,-0.0039931953525184985,0.19117968346347194,-0.09625244753470424,0.48756906077348067,-0.024861878453038624,-0.562015252311792,0.5741056273469478,-0.3993195352518498,0.17816845685919777,127.8110198163364,QQQ,5,close,atr10,1R,long_only,full,3.577254387307179,3.9247896514051925
683,0.010052131243666915,0.19289379451586383,0.09674638102355533,0.5226939970717424,0.04537099894717105,1.3619157604108836,0.17322447176126898,1.0052131243666915,0.17958902703116492,120.57310294828419,QQQ,5,close,atr10,1R,short_only,full,3.577254387307179,3.9247896514051925
1407,0.002824827437243148,0.19207375174320532,0.08958086842599296,0.5046197583511016,0.009231266724177586,0.5516593102592234,0.5811817927537144,0.2824827437243148,0.17885804422767934,248.3841227646206,QQQ,5,close,atr10,1R,long_short,full,3.577254387307179,3.9247896514051925
724,0.00970085570283863,0.2744935007433325,-0.12546637785892287,0.3494475138121547,0.04677675255068313,0.9509271819367263,0.341641342173193,0.9700855702838631,0.17816845685919777,127.8110198163364,QQQ,5,close,atr10,2R,long_only,full,3.577254387307179,3.9247896514051925
683,0.0111915656266318,0.27722949308732686,-0.1240424056759394,0.35431918008784774,0.06294054506722961,1.0550226092443848,0.2914149845054508,1.11915656266318,0.17958902703116492,120.57310294828419,QQQ,5,close,atr10,2R,short_only,full,3.577254387307179,3.9247896514051925
1407,0.010424491010550594,0.2757278675773365,-0.12493627899877327,0.35181236673773986,0.05462314223710904,1.4181469843648,0.15614785632705974,1.0424491010550594,0.17885804422767934,248.3841227646206,QQQ,5,close,atr10,2R,long_short,full,3.577254387307179,3.9247896514051925
724,0.019626710869264215,0.33948889271394606,-0.1349924495095554,0.2845303867403315,0.10649947894107549,1.5555760143126998,0.11980894599120284,1.9626710869264214,0.17816845685919777,127.8110198163364,QQQ,5,close,atr10,3R,long_only,full,3.577254387307179,3.9247896514051925
683,0.010566253592498891,0.33828996528125377,-0.13418001749443456,0.2708638360175695,0.07388344436602601,0.8162858458166832,0.4143366678238316,1.056625359249889,0.17958902703116492,120.57310294828419,QQQ,5,close,atr10,3R,short_only,full,3.577254387307179,3.9247896514051925
1407,0.0152284931577996,0.33881719203224464,-0.13470144947760918,0.27789623312011374,0.09066667750912182,1.6859261320938406,0.09181002792153037,1.52284931577996,0.17885804422767934,248.3841227646206,QQQ,5,close,atr10,3R,long_short,full,3.577254387307179,3.9247896514051925
724,0.02489005858980189,0.4861321620302243,-0.143355220476587,0.20165745856353592,0.1523112684344603,1.3776561887136072,0.16830946396731727,2.489005858980189,0.17816845685919777,127.8110198163364,QQQ,5,close,atr10,eod,long_only,full,3.577254387307179,3.9247896514051925
683,0.061865191460495635,0.6278518842589926,-0.14134937578644532,0.18594436310395315,0.35137089352538314,2.5751320920874567,0.010020181111683568,6.186519146049563,0.17958902703116492,120.57310294828419,QQQ,5,close,atr10,eod,short_only,full,3.577254387307179,3.9247896514051925
1407,0.042838897076428635,0.5595327485940189,-0.14264157005112724,0.19402985074626866,0.24894078082756643,2.8718372182348286,0.004080931192054216,4.283889707642864,0.17885804422767934,248.3841227646206,QQQ,5,close,atr10,eod,long_short,full,3.577254387307179,3.9247896514051925
733,0.0023411418478173273,0.48148969521922447,0.17593678622136957,0.5184174624829468,0.028234863174753218,0.13164146855231992,0.8952678837714789,0.23411418478173274,0.44877878758281514,129.39983083615272,QQQ,5,close,or,1R,long_only,full,3.577254387307179,3.9247896514051925
688,3.120604152416592e-05,0.50199339549284,-0.002687449610317362,0.498546511627907,0.00872239964493631,0.0016305529173795848,0.9986990075781428,0.003120604152416592,0.465959314774139,121.45577573707105,QQQ,5,close,or,1R,short_only,full,3.577254387307179,3.9247896514051925
1421,0.0012227492829125419,0.49135150587361687,0.14408089487332787,0.5087966220971147,0.01878759019198472,0.09380849410866121,0.9252612841201517,0.12227492829125419,0.45709701608924075,250.85560657322378,QQQ,5,close,or,1R,long_short,full,3.577254387307179,3.9247896514051925
733,0.030805472315146132,0.6366300079341813,-0.22676812480699926,0.41609822646657574,0.0809014401433975,1.3100647273153163,0.19017393968735852,3.080547231514613,0.44877878758281514,129.39983083615272,QQQ,5,close,or,2R,long_only,full,3.577254387307179,3.9247896514051925
688,0.013406708577311733,0.653150989365211,-0.251835169371504,0.3808139534883721,0.0419371995368762,0.5383972082436631,0.5903028533374604,1.3406708577311732,0.465959314774139,121.45577573707105,QQQ,5,close,or,2R,short_only,full,3.577254387307179,3.9247896514051925
1421,0.02238158107543461,0.6445130640663224,-0.23978464506892294,0.39901477832512317,0.062036276499986755,1.3090495231007255,0.1905175759815907,2.238158107543461,0.45709701608924075,250.85560657322378,QQQ,5,close,or,2R,long_short,full,3.577254387307179,3.9247896514051925
733,0.037062957464435754,0.6981032296581104,-0.2399565078829411,0.3956343792633015,0.09531201659142141,1.4373826928115065,0.1506092837648798,3.7062957464435753,0.44877878758281514,129.39983083615272,QQQ,5,close,or,3R,long_only,full,3.577254387307179,3.9247896514051925
688,0.04121353189983288,0.7563321349305954,-0.26197913664439465,0.35755813953488375,0.09693394520069674,1.4292937682850853,0.15291981637268748,4.121353189983288,0.465959314774139,121.45577573707105,QQQ,5,close,or,3R,short_only,full,3.577254387307179,3.9247896514051925
1421,0.03907252481950488,0.7266240906299576,-0.2523570852756547,0.3771991555242787,0.09609729940857933,2.0270232133513097,0.042660038741962225,3.9072524819504877,0.45709701608924075,250.85560657322378,QQQ,5,close,or,3R,long_short,full,3.577254387307179,3.9247896514051925
733,0.05147770260791135,0.8150036623881839,-0.2426800316539164,0.3874488403819918,0.10757487625442094,1.7100609255062482,0.08725460739590485,5.147770260791136,0.44877878758281514,129.39983083615272,QQQ,5,close,or,eod,long_only,full,3.577254387307179,3.9247896514051925
688,0.04164890627487262,0.8028360614553233,-0.26243692901800486,0.3502906976744186,0.11152353355980636,1.3607268313624012,0.17360003207619124,4.164890627487262,0.465959314774139,121.45577573707105,QQQ,5,close,or,eod,short_only,full,3.577254387307179,3.9247896514051925
1421,0.046718932814012244,0.8088656110106078,-0.2538396982948407,0.3694581280788177,0.10948668218412196,2.177276479238533,0.02945994501833038,4.671893281401225,0.45709701608924075,250.85560657322378,QQQ,5,close,or,eod,long_short,full,3.577254387307179,3.9247896514051925
711,0.0041021703571267575,0.2183033049624622,0.09847226194919735,0.510548523206751,0.011471224424391366,0.50105820899085,0.6163301572904045,0.41021703571267576,0.17632276526738647,125.51607056549058,QQQ,5,touch,atr10,1R,long_only,full,3.577254387307179,3.9247896514051925
696,-0.0007468812944195322,0.22203383263865448,-0.09020186644478334,0.49712643678160917,0.011446387436610757,-0.08874360091522403,0.9292856806906342,-0.07468812944195322,0.18147106113783917,122.86805219913,QQQ,5,touch,atr10,1R,short_only,full,3.577254387307179,3.9247896514051925
1407,0.001703492354656096,0.2200916127869409,0.09028644197458122,0.503909026297086,0.011458938323826117,0.29032453869238894,0.7715679677327325,0.1703492354656096,0.17886947026087266,248.3841227646206,QQQ,5,touch,atr10,1R,long_short,full,3.577254387307179,3.9247896514051925
711,0.019067029236441834,0.29143046103467435,-0.12175655605224163,0.3853727144866385,0.09649328545806837,1.7445478644798054,0.08106360276694691,1.9067029236441835,0.17632276526738647,125.51607056549058,QQQ,5,touch,atr10,2R,long_only,full,3.577254387307179,3.9247896514051925
696,0.007735398384750325,0.29299857337487617,-0.12746443000263835,0.3649425287356322,0.05393389078910484,0.6965010885050757,0.48611507583133795,0.7735398384750325,0.18147106113783917,122.86805219913,QQQ,5,touch,atr10,2R,short_only,full,3.577254387307179,3.9247896514051925
1407,0.01346161696012535,0.29215824191482365,-0.12479468973901045,0.3752665245202559,0.07544045056851711,1.7283278777994449,0.08392945773848126,1.346161696012535,0.17886947026087266,248.3841227646206,QQQ,5,touch,atr10,2R,long_short,full,3.577254387307179,3.9247896514051925
711,0.032403022958583744,0.3595670610724089,-0.13269430921605085,0.31645569620253167,0.17675444174763336,2.4029261765996566,0.016264470466902603,3.2403022958583745,0.17632276526738647,125.51607056549058,QQQ,5,touch,atr10,3R,long_only,full,3.577254387307179,3.9247896514051925
696,0.003835821375714919,0.3501726695482804,-0.14330581545701604,0.27729885057471265,0.05446819420419378,0.2889886244124047,0.772590082746091,0.3835821375714919,0.18147106113783917,122.86805219913,QQQ,5,touch,atr10,3R,short_only,full,3.577254387307179,3.9247896514051925
1407,0.018271699361087863,0.35511239223319463,-0.13729118516134997,0.2970859985785359,0.11626316364512168,1.930012676743102,0.05360526706338109,1.8271699361087863,0.17886947026087266,248.3841227646206,QQQ,5,touch,atr10,3R,long_short,full,3.577254387307179,3.9247896514051925
711,0.050087113774221696,0.5697078607569107,-0.14361935521809466,0.21237693389592124,0.27128088057235417,2.3442752102947235,0.019064098460376266,5.00871137742217,0.17632276526738647,125.51607056549058,QQQ,5,touch,atr10,eod,long_only,full,3.577254387307179,3.9247896514051925
696,0.0208902268615163,0.5734043521391697,-0.15474880688904952,0.17672413793103448,0.18175819740023727,0.9611403085771052,0.33648162466778087,2.08902268615163,0.18147106113783917,122.86805219913,QQQ,5,touch,atr10,eod,short_only,full,3.577254387307179,3.9247896514051925
1407,0.03564430404341648,0.5715226624954173,-0.14756994701403517,0.1947405828002843,0.22699673878998503,2.3393959415672403,0.019314951382530587,3.564430404341648,0.17886947026087266,248.3841227646206,QQQ,5,touch,atr10,eod,long_short,full,3.577254387307179,3.9247896514051925
720,-0.0064355514446682305,0.38507494685731636,-0.13974076000889707,0.49583333333333335,-0.00876534593044294,-0.4484424848851231,0.6538338861637043,-0.643555144466823,0.3473154665308438,127.10488158530691,QQQ,5,touch,or,1R,long_only,full,3.577254387307179,3.9247896514051925
701,0.002464848977342863,0.3922848133580009,0.09302171060282373,0.5049928673323824,0.01341932544712577,0.16635958506300372,0.8678739771559334,0.24648489773428628,0.3549795370919832,123.75072498791687,QQQ,5,touch,or,1R,short_only,full,3.577254387307179,3.9247896514051925
1421,-0.0020448542625220107,0.38853695518635334,0.008094325877567806,0.5003518648838846,0.0021786756287939823,-0.19839333026840733,0.8427373354095775,-0.20448542625220106,0.35109626418275,250.85560657322378,QQQ,5,touch,or,1R,long_short,full,3.577254387307179,3.9247896514051925
720,0.010719215847678902,0.5283683071063637,-0.21863097461306846,0.3763888888888889,0.053573714995067925,0.544367895921009,0.5861883333696358,1.0719215847678902,0.3473154665308438,127.10488158530691,QQQ,5,touch,or,2R,long_only,full,3.577254387307179,3.9247896514051925
701,-0.006436590054025879,0.5217259829383921,-0.22404096749118954,0.35520684736091296,0.01225044432967324,-0.3266422758723468,0.7439384643767699,-0.6436590054025879,0.3549795370919832,123.75072498791687,QQQ,5,touch,or,2R,short_only,full,3.577254387307179,3.9247896514051925
1421,0.0022560068842059624,0.5249873075816318,-0.2205025038452425,0.36593947923997183,0.03318834361122438,0.16199016797969015,0.8713135964259129,0.22560068842059625,0.35109626418275,250.85560657322378,QQQ,5,touch,or,2R,long_short,full,3.577254387307179,3.9247896514051925
720,0.03246680772452652,0.615945293954453,-0.22682565069063226,0.3375,0.10864706887685767,1.4143721488972028,0.15725266310875852,3.246680772452652,0.3473154665308438,127.10488158530691,QQQ,5,touch,or,3R,long_only,full,3.577254387307179,3.9247896514051925
701,0.011327814182162816,0.6113090775277827,-0.2365049118422694,0.31383737517831667,0.06134622241212342,0.4906189069158574,0.6236960114178904,1.1327814182162816,0.3549795370919832,123.75072498791687,QQQ,5,touch,or,3R,short_only,full,3.577254387307179,3.9247896514051925
1421,0.022038634274000865,0.613537581336961,-0.23070177761741034,0.32582688247712877,0.08531287227462071,1.3540682251562615,0.17571461239766806,2.2038634274000866,0.35109626418275,250.85560657322378,QQQ,5,touch,or,3R,long_short,full,3.577254387307179,3.9247896514051925
720,0.06083922686618599,0.8194144727809042,-0.23044108740621247,0.3138888888888889,0.16646390079157825,1.9922613254749975,0.0463423927077391,6.083922686618599,0.3473154665308438,127.10488158530691,QQQ,5,touch,or,eod,long_only,full,3.577254387307179,3.9247896514051925
701,0.020694781047604815,0.7126733400797858,-0.23931385637514657,0.289586305278174,0.09496936121826179,0.7688282486493478,0.4419952767932034,2.0694781047604813,0.3549795370919832,123.75072498791687,QQQ,5,touch,or,eod,short_only,full,3.577254387307179,3.9247896514051925
1421,0.04103538695146014,0.7686049779384203,-0.2350768197464459,0.3019000703729768,0.13119460294436164,2.0125764157241526,0.04415921014105573,4.103538695146014,0.35109626418275,250.85560657322378,QQQ,5,touch,or,eod,long_short,full,3.577254387307179,3.9247896514051925
721,0.00481087306172973,0.19155568766752823,0.10050739151854524,0.5228848821081831,0.04576976421636628,0.6743672618659134,0.5000778510591857,0.481087306172973,0.17870047087945046,127.28141614306428,QQQ,15,close,atr10,1R,long_only,full,3.577254387307179,3.9247896514051925
685,-0.0017042570664530113,0.19238607805448754,0.07784071350336062,0.5007299270072992,0.002128559883433142,-0.23184981189314618,0.8166546666740295,-0.17042570664530113,0.1788697944746687,120.92617206379893,QQQ,15,close,atr10,1R,short_only,full,3.577254387307179,3.9247896514051925
1406,0.0016367164914557757,0.19192000974427792,0.09304503316367915,0.5120910384068279,0.024507868791004122,0.31977599702724646,0.7491381445673273,0.16367164914557758,0.17878296494966703,248.20758820686322,QQQ,15,close,atr10,1R,long_short,full,3.577254387307179,3.9247896514051925
721,0.019429174934116132,0.27727720722540394,-0.121868089943636,0.37170596393897365,0.10855333755710084,1.881515583956825,0.05990181739870781,1.9429174934116131,0.17870047087945046,127.28141614306428,QQQ,15,close,atr10,2R,long_only,full,3.577254387307179,3.9247896514051925
685,0.0007679079516197916,0.27067212534641083,-0.12758513815089118,0.3445255474452555,0.034245348204601025,0.07425247211507646,0.9408094943364949,0.07679079516197916,0.1788697944746687,120.92617206379893,QQQ,15,close,atr10,2R,short_only,full,3.577254387307179,3.9247896514051925
1406,0.010337448132544303,0.274140520487224,-0.12458819684248637,0.3584637268847795,0.07235065426658707,1.4139458281812967,0.15737780869503037,1.0337448132544302,0.17878296494966703,248.20758820686322,QQQ,15,close,atr10,2R,long_short,full,3.577254387307179,3.9247896514051925
721,0.02132679273337961,0.3350641071563483,-0.132406876239251,0.29819694868238555,0.1398455232555123,1.7090913372219192,0.08743403198091926,2.132679273337961,0.17870047087945046,127.28141614306428,QQQ,15,close,atr10,3R,long_only,full,3.577254387307179,3.9247896514051925
685,-0.0005332846037551009,0.32456700568982716,-0.138669724167846,0.2656934306569343,0.05038509677928495,-0.043003119634453614,0.965699047047142,-0.05332846037551009,0.1788697944746687,120.92617206379893,QQQ,15,close,atr10,3R,short_only,full,3.577254387307179,3.9247896514051925
1406,0.01067661280739293,0.3300554314910327,-0.1352425281515548,0.28236130867709813,0.09626060708466185,1.2129398633965298,0.22515281327147818,1.0676612807392931,0.17878296494966703,248.20758820686322,QQQ,15,close,atr10,3R,long_short,full,3.577254387307179,3.9247896514051925
721,0.030371170609582405,0.4759145127463516,-0.14019970730608633,0.2288488210818308,0.21089452206576115,1.7135635489391292,0.08660891282902128,3.0371170609582405,0.17870047087945046,127.28141614306428,QQQ,15,close,atr10,eod,long_only,full,3.577254387307179,3.9247896514051925
685,0.016568011896711265,0.5317072780573934,-0.14451130810541182,0.16934306569343066,0.13774130986132896,0.8155358905404205,0.4147656292247017,1.6568011896711266,0.1788697944746687,120.92617206379893,QQQ,15,close,atr10,eod,short_only,full,3.577254387307179,3.9247896514051925
1406,0.02364630310011105,0.5037358610543947,-0.14321029788519138,0.19985775248933144,0.17525444357355913,1.7601636299715808,0.0783800666624892,2.364630310011105,0.17878296494966703,248.20758820686322,QQQ,15,close,atr10,eod,long_short,full,3.577254387307179,3.9247896514051925
731,0.05982924445366195,0.610869827294491,0.2120746827253453,0.5636114911080712,0.09353907346773727,2.648033849726793,0.00809614182123708,5.982924445366195,0.6148535224924075,129.046761720638,QQQ,15,close,or,1R,long_only,full,3.577254387307179,3.9247896514051925
689,0.007103275128035052,0.6271052061652964,-0.0112220850634128,0.49637155297532654,0.01721801380492345,0.29732254461637875,0.7662202713438144,0.7103275128035053,0.6372353443303955,121.63231029482841,QQQ,15,close,or,1R,short_only,full,3.577254387307179,3.9247896514051925
1420,0.03424601004143876,0.6191436227183861,0.13441029978081862,0.5309859154929577,0.05650723536373817,2.0843120911946706,0.037131788223418116,3.4246010041438764,0.6257134346377411,250.6790720154664,QQQ,15,close,or,1R,long_short,full,3.577254387307179,3.9247896514051925
731,0.06775183120442697,0.754685211877449,-0.016869807262460654,0.4952120383036936,0.10019062525835837,2.427246515571912,0.015213914300367781,6.775183120442698,0.6148535224924075,129.046761720638,QQQ,15,close,or,2R,long_only,full,3.577254387307179,3.9247896514051925
689,0.04342664495937693,0.7747983412186185,-0.18540291218233926,0.4397677793904209,0.088194664156457,1.4712185997089022,0.14123200867560604,4.342664495937694,0.6372353443303955,121.63231029482841,QQQ,15,close,or,2R,short_only,full,3.577254387307179,3.9247896514051925
1420,0.05594897675172312,0.7643373254919118,-0.11233375638253347,0.46830985915492956,0.09437004976595695,2.7583619413641802,0.005809183774803994,5.594897675172312,0.6257134346377411,250.6790720154664,QQQ,15,close,or,2R,long_short,full,3.577254387307179,3.9247896514051925
731,0.0757140455326391,0.8000248721003268,-0.037380183162893856,0.4897400820793434,0.11428337967757878,2.5587723631809163,0.010504249960034517,7.57140455326391,0.6148535224924075,129.046761720638,QQQ,15,close,or,3R,long_only,full,3.577254387307179,3.9247896514051925
689,0.04301954323202823,0.8272096420204141,-0.22944034551016326,0.41944847605224966,0.08886038650783104,1.3650853877614366,0.1722262141164277,4.301954323202823,0.6372353443303955,121.63231029482841,QQQ,15,close,or,3R,short_only,full,3.577254387307179,3.9247896514051925
1420,0.05985030462762438,0.813205809534126,-0.1450195834929326,0.4556338028169014,0.10194785693535612,2.773384377573609,0.0055476550511284195,5.985030462762438,0.6257134346377411,250.6790720154664,QQQ,15,close,or,3R,long_short,full,3.577254387307179,3.9247896514051925
731,0.0763373745770159,0.8186768471006483,-0.03968039247513908,0.4883720930232558,0.10991047255340528,2.5210612643360673,0.01170014794173957,7.63373745770159,0.6148535224924075,129.046761720638,QQQ,15,close,or,eod,long_only,full,3.577254387307179,3.9247896514051925
689,0.036815511574774806,0.8321556448655565,-0.23654741624077458,0.41654571843251087,0.07973270307243008,1.1612771670978905,0.24552920188106508,3.6815511574774806,0.6372353443303955,121.63231029482841,QQQ,15,close,or,eod,short_only,full,3.577254387307179,3.9247896514051925
1420,0.05716092133156229,0.8251898930448026,-0.15316619156964925,0.4535211267605634,0.09526787877003068,2.6102944040494966,0.009046433148163002,5.716092133156229,0.6257134346377411,250.6790720154664,QQQ,15,close,or,eod,long_short,full,3.577254387307179,3.9247896514051925
731,0.004614299570567135,0.20745641791135844,0.10051317961088078,0.5170998632010944,0.03614728890602669,0.6013642411770315,0.5475974103409409,0.46142995705671347,0.178241091300689,129.046761720638,QQQ,15,touch,atr10,1R,long_only,full,3.577254387307179,3.9247896514051925
676,0.0059873372504788865,0.20998980174472312,0.0979985132459188,0.5118343195266272,0.02341017485372346,0.7413253749422283,0.4584961797021765,0.5987337250478887,0.17954918524007224,119.3373610439826,QQQ,15,touch,atr10,1R,short_only,full,3.577254387307179,3.9247896514051925
1407,0.005273982208534684,0.20860426860033837,0.0989225943391748,0.5145700071073206,0.030027680448772267,0.9483366133367485,0.34295811726844594,0.5273982208534684,0.17886957140234008,248.3841227646206,QQQ,15,touch,atr10,1R,long_short,full,3.577254387307179,3.9247896514051925
731,0.019605804161626973,0.28429074981793945,-0.11961475076228686,0.3844049247606019,0.12395788603978103,1.864578275027446,0.06224054038040849,1.9605804161626974,0.178241091300689,129.046761720638,QQQ,15,touch,atr10,2R,long_only,full,3.577254387307179,3.9247896514051925
676,0.014591152480111178,0.2863659426768533,-0.12646970326326296,0.3727810650887574,0.07620817109910857,1.3247733335070042,0.1852463419007524,1.4591152480111178,0.17954918524007224,119.3373610439826,QQQ,15,touch,atr10,2R,short_only,full,3.577254387307179,3.9247896514051925
1407,0.017196490347337934,0.28519915294968146,-0.12378546114323812,0.378820184790334,0.10101630302635203,2.261718954403454,0.023714772895159664,1.7196490347337934,0.17886957140234008,248.3841227646206,QQQ,15,touch,atr10,2R,long_short,full,3.577254387307179,3.9247896514051925
731,0.02050630238539854,0.3475700605598664,-0.13467867875925268,0.2954856361149111,0.1218387636203076,1.5951579258377881,0.11067692474226831,2.050630238539854,0.178241091300689,129.046761720638,QQQ,15,touch,atr10,3R,long_only,full,3.577254387307179,3.9247896514051925
676,0.014016528042709992,0.3485195678948838,-0.13937543141439496,0.28550295857988167,0.08445704429903295,1.045650697066096,0.29572233350052457,1.4016528042709993,0.17954918524007224,119.3373610439826,QQQ,15,touch,atr10,3R,short_only,full,3.577254387307179,3.9247896514051925
1407,0.01738825870689288,0.3479178859067411,-0.13700639708429482,0.2906894100923952,0.10387853457895602,1.874676719242361,0.06083721157035882,1.738825870689288,0.17886957140234008,248.3841227646206,QQQ,15,touch,atr10,3R,long_short,full,3.577254387307179,3.9247896514051925
731,0.03521173557669531,0.5114075083472959,-0.1435375441356577,0.22024623803009577,0.19960442007817575,1.8615684950661369,0.06266393752451171,3.521173557669531,0.178241091300689,129.046761720638,QQQ,15,touch,atr10,eod,long_only,full,3.577254387307179,3.9247896514051925
676,0.04114435325265082,0.5946830123710132,-0.15017839130633875,0.1834319526627219,0.24065359014374307,1.7988628602384213,0.0720403768018496,4.114435325265082,0.17954918524007224,119.3373610439826,QQQ,15,touch,atr10,eod,short_only,full,3.577254387307179,3.9247896514051925
1407,0.03806209062214373,0.5527939899805314,-0.14560310775605392,0.2025586353944563,0.21932669368466015,2.5827143463534536,0.00980264485604776,3.806209062214373,0.17886957140234008,248.3841227646206,QQQ,15,touch,atr10,eod,long_short,full,3.577254387307179,3.9247896514051925
740,0.02856790019215107,0.5496824573947253,0.19681203887443197,0.5364864864864864,0.061142176765704194,1.413781526889852,0.15742605915131636,2.856790019215107,0.516984001968715,130.63557274045434,QQQ,15,touch,or,1R,long_only,full,3.577254387307179,3.9247896514051925
681,0.028701382755333755,0.5775542380809919,0.19293195320634393,0.5389133627019089,0.06550030401944992,1.2968316502529311,0.1946891180482595,2.8701382755333755,0.5459037236975187,120.22003383276945,QQQ,15,touch,or,1R,short_only,full,3.577254387307179,3.9247896514051925
1421,0.02863187037197331,0.5630127090852756,0.19410854339900036,0.5376495425756509,0.06323076554811154,1.9170284567477476,0.05523431653956479,2.863187037197331,0.5308434885959601,250.85560657322378,QQQ,15,touch,or,1R,long_short,full,3.577254387307179,3.9247896514051925
740,0.05577622809251487,0.7028156497637271,-0.19452283537014642,0.4486486486486487,0.11796852241333715,2.1588555170730244,0.030861377822446023,5.577622809251487,0.516984001968715,130.63557274045434,QQQ,15,touch,or,2R,long_only,full,3.577254387307179,3.9247896514051925
681,0.04001377199855149,0.7372387536777362,-0.22819828675748988,0.4243759177679883,0.09441902160321336,1.4163640429919198,0.1566689458841457,4.001377199855149,0.5459037236975187,120.22003383276945,QQQ,15,touch,or,2R,short_only,full,3.577254387307179,3.9247896514051925
1421,0.04822222907774423,0.7193068395531258,-0.21779967874547695,0.4370161857846587,0.1066826603079928,2.5271448242959025,0.011499407213913404,4.822222907774424,0.5308434885959601,250.85560657322378,QQQ,15,touch,or,2R,long_short,full,3.577254387307179,3.9247896514051925
740,0.0622497538952741,0.7809671032996481,-0.22250176756461576,0.42702702702702705,0.11965698573473219,2.1683069317652053,0.030135341384726066,6.22497538952741,0.516984001968715,130.63557274045434,QQQ,15,touch,or,3R,long_only,full,3.577254387307179,3.9247896514051925
681,0.04888549647084764,0.8068043243576537,-0.24875621890547137,0.4023494860499266,0.11336406505198517,1.5811947685769727,0.11383351115833618,4.888549647084764,0.5459037236975187,120.22003383276945,QQQ,15,touch,or,3R,short_only,full,3.577254387307179,3.9247896514051925
1421,0.055845067543385,0.7932022521155883,-0.23605865363251666,0.4152005629838142,0.11664116660387312,2.65398168133294,0.007954814526142773,5.5845067543385,0.5308434885959601,250.85560657322378,QQQ,15,touch,or,3R,long_short,full,3.577254387307179,3.9247896514051925
740,0.0685101877101619,0.8377844644528276,-0.2242848258325401,0.42567567567567566,0.1267738667392252,2.224532292554023,0.026112652329662422,6.85101877101619,0.516984001968715,130.63557274045434,QQQ,15,touch,or,eod,long_only,full,3.577254387307179,3.9247896514051925
681,0.04021864630037199,0.8252945538228049,-0.2512673878298769,0.3935389133627019,0.10167947628563286,1.2717215350020212,0.20347207633880826,4.021864630037199,0.5459037236975187,120.22003383276945,QQQ,15,touch,or,eod,short_only,full,3.577254387307179,3.9247896514051925
1421,0.05495175020131818,0.8316498112227678,-0.23754422094671473,0.41027445460942996,0.11474763176463239,2.4907955138911544,0.012745745260905661,5.495175020131818,0.5308434885959601,250.85560657322378,QQQ,15,touch,or,eod,long_short,full,3.577254387307179,3.9247896514051925
722,0.012390736807102117,0.19028228591535082,0.10597554516231075,0.53601108033241,0.07209077250672859,1.749715225282184,0.08016746517165085,1.2390736807102116,0.1778759474103986,127.45795070082166,QQQ,30,close,atr10,1R,long_only,full,3.577254387307179,3.9247896514051925
660,0.0015439933822614502,0.19419775946704013,0.08917813665980227,0.5060606060606061,0.012805534259620754,0.20425523084816286,0.8381540530094103,0.15439933822614502,0.18085328963476419,116.51280811986467,QQQ,30,close,atr10,1R,short_only,full,3.577254387307179,3.9247896514051925
1382,0.007210671206237543,0.1921688785089251,0.0978404993591202,0.5217076700434153,0.04377799591983193,1.3949115132844045,0.1630425247948195,0.7210671206237542,0.17929783298788146,243.9707588206863,QQQ,30,close,atr10,1R,long_short,full,3.577254387307179,3.9247896514051925
722,0.00931015579600426,0.270088302999721,-0.122021228452338,0.3601108033240997,0.05593448335738432,0.9262319786431358,0.3543254370074562,0.9310155796004259,0.1778759474103986,127.45795070082166,QQQ,30,close,atr10,2R,long_only,full,3.577254387307179,3.9247896514051925
660,0.001382589080584304,0.2741680627454604,-0.12849865622984308,0.3409090909090909,0.019492671031169546,0.12955322456588522,0.8969199126406417,0.1382589080584304,0.18085328963476419,116.51280811986467,QQQ,30,close,atr10,2R,short_only,full,3.577254387307179,3.9247896514051925
1382,0.005524197740883299,0.27197450398682504,-0.12564818728901872,0.3509406657018813,0.03853101292663052,0.7550836110095366,0.4501988161054129,0.5524197740883299,0.17929783298788146,243.9707588206863,QQQ,30,close,atr10,2R,long_short,full,3.577254387307179,3.9247896514051925
722,0.0060409238928287555,0.31802298410377494,-0.13140524225526062,0.2894736842105263,0.058575954663809264,0.5104032777032644,0.6097689610463473,0.6040923892828756,0.1778759474103986,127.45795070082166,QQQ,30,close,atr10,3R,long_only,full,3.577254387307179,3.9247896514051925
660,-0.0033035833466835904,0.32162349582371647,-0.13974136627108596,0.26666666666666666,0.03301940126912843,-0.26388181822645596,0.7918709861736053,-0.33035833466835907,0.18085328963476419,116.51280811986467,QQQ,30,close,atr10,3R,short_only,full,3.577254387307179,3.9247896514051925
1382,0.0015782793356086794,0.319665731807127,-0.13477433959154334,0.2785817655571635,0.04637094363595879,0.18354468355043424,0.8543706618246887,0.15782793356086794,0.17929783298788146,243.9707588206863,QQQ,30,close,atr10,3R,long_short,full,3.577254387307179,3.9247896514051925
722,0.013746746794727257,0.4094429745800427,-0.13501813180822808,0.2409972299168975,0.12890761116245733,0.902142428345467,0.3669812128929095,1.3746746794727256,0.1778759474103986,127.45795070082166,QQQ,30,close,atr10,eod,long_only,full,3.577254387307179,3.9247896514051925
660,0.023751864328909952,0.5240486912848041,-0.14449307978517706,0.19545454545454546,0.19867596317918076,1.164388830868912,0.24426647186637895,2.3751864328909953,0.18085328963476419,116.51280811986467,QQQ,30,close,atr10,eod,short_only,full,3.577254387307179,3.9247896514051925
1382,0.01852487817863506,0.4675453396455089,-0.14000436097850877,0.21924746743849494,0.1622267951935988,1.472942012912054,0.1407666722678531,1.852487817863506,0.17929783298788146,243.9707588206863,QQQ,30,close,atr10,eod,long_short,full,3.577254387307179,3.9247896514051925
732,0.05919723009978384,0.6409497129611729,0.15046562428550997,0.5765027322404371,0.08233087109036569,2.4988084693448065,0.012461163932516062,5.919723009978384,0.7549908063808479,129.22329627839537,QQQ,30,close,or,1R,long_only,full,3.577254387307179,3.9247896514051925
664,0.0023783010077100784,0.7073993143658006,0.0008858844747492015,0.5,0.01400212643819325,0.08663357275848645,0.9309627790128823,0.23783010077100786,0.8077614033860985,117.21894635089414,QQQ,30,close,or,1R,short_only,full,3.577254387307179,3.9247896514051925
1396,0.03217160766630463,0.6737288652436731,0.0810626836248437,0.5401146131805158,0.04983066589764184,1.784145702909819,0.07439999250962304,3.217160766630463,0.7800908611168695,246.4422426292895,QQQ,30,close,or,1R,long_short,full,3.577254387307179,3.9247896514051925
732,0.05770609552249384,0.7313799084441883,0.06007658677720812,0.5437158469945356,0.07259086031087333,2.134686998919958,0.032786585674209334,5.770609552249384,0.7549908063808479,129.22329627839537,QQQ,30,close,or,2R,long_only,full,3.577254387307179,3.9247896514051925
664,0.01660521093956507,0.8053118183916418,-0.07285195285313542,0.46536144578313254,0.0355166479203449,0.5313300320135298,0.5951900976727922,1.660521093956507,0.8077614033860985,117.21894635089414,QQQ,30,close,or,2R,short_only,full,3.577254387307179,3.9247896514051925
1396,0.03815667764064233,0.7674309690006945,0.007659441864166711,0.5064469914040115,0.054956707712513105,1.8576929860163056,0.0632126251223637,3.815667764064233,0.7800908611168695,246.4422426292895,QQQ,30,close,or,2R,long_short,full,3.577254387307179,3.9247896514051925
732,0.0642689172011622,0.7760039935908436,0.06007658677720812,0.5437158469945356,0.0803676689037508,2.2407456770615926,0.025042553532671263,6.42689172011622,0.7549908063808479,129.22329627839537,QQQ,30,close,or,3R,long_only,full,3.577254387307179,3.9247896514051925
664,0.029353826087546827,0.8494931344202888,-0.08583031209671248,0.4608433734939759,0.05746179900603207,0.890407651327665,0.3732470354447903,2.935382608754683,0.8077614033860985,117.21894635089414,QQQ,30,close,or,3R,short_only,full,3.577254387307179,3.9247896514051925
1396,0.04766173919296692,0.8116826244865272,0.006614237462423494,0.504297994269341,0.0694726133077012,2.1939480801939024,0.02823914231254765,4.766173919296692,0.7800908611168695,246.4422426292895,QQQ,30,close,or,3R,long_short,full,3.577254387307179,3.9247896514051925
732,0.06228974698918937,0.7815903869926316,0.05890542323826265,0.5423497267759563,0.0756764756271984,2.156219146669603,0.031066557165245978,6.228974698918937,0.7549908063808479,129.22329627839537,QQQ,30,close,or,eod,long_only,full,3.577254387307179,3.9247896514051925
664,0.022097384255898793,0.8392430527220707,-0.086919115881973,0.45933734939759036,0.047818307775402955,0.6784801600250273,0.49746729910711585,2.209738425589879,0.8077614033860985,117.21894635089414,QQQ,30,close,or,eod,short_only,full,3.577254387307179,3.9247896514051925
1396,0.0431724627091715,0.8094816122310706,0.004847777818164171,0.502865329512894,0.06242588576072835,1.9927028603809867,0.046293993990727644,4.31724627091715,0.7800908611168695,246.4422426292895,QQQ,30,close,or,eod,long_short,full,3.577254387307179,3.9247896514051925
733,0.00030682274035528364,0.20680283066583396,0.09109953761663882,0.504774897680764,0.006431443355021979,0.04016826308452102,0.9679589795897823,0.030682274035528364,0.1772385257646034,129.39983083615272,QQQ,30,touch,atr10,1R,long_only,full,3.577254387307179,3.9247896514051925
667,0.01379313375503512,0.2133920373593677,0.09782690802614888,0.5157421289355323,0.05452148889263622,1.6693509736614105,0.095047843684537,1.379313375503512,0.18068462801486593,117.74855002416626,QQQ,30,touch,atr10,1R,short_only,full,3.577254387307179,3.9247896514051925
1400,0.0067320866309206065,0.21000075741619573,0.0961915595879635,0.51,0.02934291505044248,1.1994795628791166,0.2303415268256408,0.6732086630920606,0.17888034733669278,247.14838086031898,QQQ,30,touch,atr10,1R,long_short,full,3.577254387307179,3.9247896514051925
733,0.0018750998768482328,0.2800273193311691,-0.1251067777682269,0.34652114597544337,0.006361405303337241,0.1812908935969991,0.8561392534551813,0.18750998768482327,0.1772385257646034,129.39983083615272,QQQ,30,touch,atr10,2R,long_only,full,3.577254387307179,3.9247896514051925
667,0.02674398528644004,0.29465987026582063,-0.12307814130944074,0.3823088455772114,0.11167419745678828,2.3440563532569487,0.019075289022675523,2.674398528644004,0.18068462801486593,117.74855002416626,QQQ,30,touch,atr10,2R,short_only,full,3.577254387307179,3.9247896514051925
1400,0.0137233474255609,0.2872574418182106,-0.1244675731616266,0.36357142857142855,0.05653542842216,1.787527729172303,0.07385223450208955,1.37233474255609,0.17888034733669278,247.14838086031898,QQQ,30,touch,atr10,2R,long_short,full,3.577254387307179,3.9247896514051925
733,-0.003464988127348442,0.33021042576262155,-0.1355609995554324,0.2660300136425648,-0.02242491668038186,-0.28409458572459434,0.7763378960679534,-0.34649881273484423,0.1772385257646034,129.39983083615272,QQQ,30,touch,atr10,3R,long_only,full,3.577254387307179,3.9247896514051925
667,0.025328117877059558,0.35721060393688725,-0.13833133624988642,0.29985007496251875,0.1308729567646771,1.8312240907221922,0.0670671023698386,2.5328117877059557,0.18068462801486593,117.74855002416626,QQQ,30,touch,atr10,3R,short_only,full,3.577254387307179,3.9247896514051925
1400,0.010252870233323087,0.3435167161288076,-0.13706844685780645,0.28214285714285714,0.05061057016808551,1.1167645078955406,0.2640950279322356,1.0252870233323088,0.17888034733669278,247.14838086031898,QQQ,30,touch,atr10,3R,long_short,full,3.577254387307179,3.9247896514051925
733,0.01153780194277183,0.4622876165842908,-0.14141272618779616,0.2100954979536153,0.08471538633558781,0.6757138285508865,0.4992223544129444,1.153780194277183,0.1772385257646034,129.39983083615272,QQQ,30,touch,atr10,eod,long_only,full,3.577254387307179,3.9247896514051925
667,0.049323059664635224,0.5861156384714765,-0.144818203268306,0.20089955022488756,0.2666143663763453,2.1733497283059675,0.029754005399255767,4.932305966463522,0.18068462801486593,117.74855002416626,QQQ,30,touch,atr10,eod,short_only,full,3.577254387307179,3.9247896514051925
1400,0.02953977830025961,0.5250863323837184,-0.1435977340958886,0.2057142857142857,0.17137725754072017,2.104943946628197,0.03529618764352693,2.953977830025961,0.17888034733669278,247.14838086031898,QQQ,30,touch,atr10,eod,long_short,full,3.577254387307179,3.9247896514051925
743,0.05978427381641589,0.6309257265305923,0.20643340562858198,0.5733512786002691,0.09039766340091258,2.5828734539312093,0.009798125465947605,5.978427381641589,0.6719684315747314,131.16517641372644,QQQ,30,touch,or,1R,long_only,full,3.577254387307179,3.9247896514051925
671,0.02603837480952913,0.6660929720625123,0.05268850004159555,0.5201192250372578,0.04967770908029612,1.0126055020048614,0.3112486307700819,2.603837480952913,0.706356348362697,118.45468825519575,QQQ,30,touch,or,1R,short_only,full,3.577254387307179,3.9247896514051925
1414,0.043770484400842344,0.6478408424733231,0.15108331007905595,0.5480905233380481,0.07107440360661721,2.5406084221167298,0.011065977745227995,4.377048440084234,0.6882868843079174,249.6198646689222,QQQ,30,touch,or,1R,long_short,full,3.577254387307179,3.9247896514051925
743,0.06542275360447461,0.7229383262722627,0.06125782738905114,0.5235531628532974,0.10454107775682557,2.4667320520117815,0.013635234736492752,6.542275360447461,0.6719684315747314,131.16517641372644,QQQ,30,touch,or,2R,long_only,full,3.577254387307179,3.9247896514051925
671,0.042348436107656415,0.7912602416146051,-0.09480575972873384,0.46050670640834573,0.08020566974423435,1.3863704488095066,0.1656338151613581,4.234843610765641,0.706356348362697,118.45468825519575,QQQ,30,touch,or,2R,short_only,full,3.577254387307179,3.9247896514051925
1414,0.054473059799407426,0.7559476970509077,-0.016706119184139195,0.49363507779349364,0.09299294566598491,2.709659542931377,0.006735230394462555,5.447305979940743,0.6882868843079174,249.6198646689222,QQQ,30,touch,or,2R,long_short,full,3.577254387307179,3.9247896514051925
743,0.07229179265916783,0.7640628764545416,0.0598574304837643,0.5208613728129206,0.10939583429277779,2.5790175772924453,0.009908174490073307,7.229179265916782,0.6719684315747314,131.16517641372644,QQQ,30,touch,or,3R,long_only,full,3.577254387307179,3.9247896514051925
671,0.05469201444006432,0.8465464593451926,-0.12375512791411841,0.4456035767511177,0.09660347043114868,1.6735333919717446,0.09422233864279517,5.4692014440064325,0.706356348362697,118.45468825519575,QQQ,30,touch,or,3R,short_only,full,3.577254387307179,3.9247896514051925
1414,0.0639399884264815,0.8040204814124794,-0.040770170836239565,0.48514851485148514,0.1033253419652296,2.990405935611158,0.002786069237181943,6.39399884264815,0.6882868843079174,249.6198646689222,QQQ,30,touch,or,3R,long_short,full,3.577254387307179,3.9247896514051925
743,0.07456624606036041,0.8109552937621155,0.05229055359780865,0.5195154777927322,0.10810640430728737,2.5063387771039265,0.012198867600398566,7.4566246060360415,0.6719684315747314,131.16517641372644,QQQ,30,touch,or,eod,long_only,full,3.577254387307179,3.9247896514051925
671,0.052835074558852196,0.8497654179015393,-0.12375512791411841,0.4456035767511177,0.10889305865862085,1.6105882695706475,0.10726949224639881,5.2835074558852195,0.706356348362697,118.45468825519575,QQQ,30,touch,or,eod,short_only,full,3.577254387307179,3.9247896514051925
1414,0.0642539291738597,0.8293746873525696,-0.04115177849241318,0.48444130127298446,0.10847970350795551,2.9132222514275536,0.0035771990298882894,6.42539291738597,0.6882868843079174,249.6198646689222,QQQ,30,touch,or,eod,long_short,full,3.577254387307179,3.9247896514051925
752,-0.006878710494305939,0.14229841833699106,-0.07140880036390101,0.4734042553191489,-0.05199759293561261,-1.3256103278234825,0.18496880351365164,-0.6878710494305939,0.1303160104469593,132.75398743354276,SPY,5,close,atr10,1R,long_only,full,3.577254387307179,3.9247896514051925
655,-0.0019690223856527285,0.1430045165825913,0.06303581789304372,0.5053435114503817,0.010687022900763359,-0.3523883558821408,0.7245470333253496,-0.19690223856527284,0.13077872407630248,115.63013533107781,SPY,5,close,atr10,1R,short_only,full,3.577254387307179,3.9247896514051925
1407,-0.004593105866610236,0.14259784441618326,-0.06582259337599064,0.488272921108742,-0.0228160553572002,-1.2082047638196183,0.22696850983449512,-0.4593105866610236,0.13053141728933298,248.3841227646206,SPY,5,close,atr10,1R,long_short,full,3.577254387307179,3.9247896514051925
752,-0.0008980083363765789,0.20041486054771496,-0.0889779312897988,0.3337765957446808,-0.0011818678758919177,-0.12287382214379958,0.9022070154199604,-0.08980083363765788,0.1303160104469593,132.75398743354276,SPY,5,close,atr10,2R,long_only,full,3.577254387307179,3.9247896514051925
655,-0.0010151891817225857,0.19969160865714192,-0.08997930179563664,0.3465648854961832,0.03968187451881613,-0.1301091427794645,0.8964800767189498,-0.10151891817225857,0.13077872407630248,115.63013533107781,SPY,5,close,atr10,2R,short_only,full,3.577254387307179,3.9247896514051925
1407,-0.0009525594761787352,0.20000737040680835,-0.08924281733449263,0.33972992181947403,0.017841409500464707,-0.17864593994235797,0.8582157198348033,-0.09525594761787352,0.13053141728933298,248.3841227646206,SPY,5,close,atr10,2R,long_short,full,3.577254387307179,3.9247896514051925
752,0.01394276836108821,0.2525190476933936,-0.09425570108137948,0.2845744680851064,0.11612871955259678,1.5141321802081424,0.12999231833330116,1.394276836108821,0.1303160104469593,132.75398743354276,SPY,5,close,atr10,3R,long_only,full,3.577254387307179,3.9247896514051925
655,-4.404657967240393e-05,0.2438842152794482,-0.09501113384585165,0.26564885496183205,0.060903917795430626,-0.004622204406569317,0.9963120275992439,-0.004404657967240393,0.13077872407630248,115.63013533107781,SPY,5,close,atr10,3R,short_only,full,3.577254387307179,3.9247896514051925
1407,0.0074314934597390974,0.24854663454689147,-0.09483022471028132,0.2757640369580668,0.09041994545810934,1.121541276456939,0.26205753199101256,0.7431493459739097,0.13053141728933298,248.3841227646206,SPY,5,close,atr10,3R,long_short,full,3.577254387307179,3.9247896514051925
752,0.021378820199890528,0.377596722600977,-0.09865732200890105,0.2047872340425532,0.12699279942344946,1.552617364313395,0.12051457475270677,2.137882019989053,0.1303160104469593,132.75398743354276,SPY,5,close,atr10,eod,long_only,full,3.577254387307179,3.9247896514051925
655,0.005440153414231527,0.38983002745370837,-0.10113307535203947,0.15725190839694655,0.11083820410950614,0.35715481431900986,0.7209759109253278,0.5440153414231528,0.13077872407630248,115.63013533107781,SPY,5,close,atr10,eod,short_only,full,3.577254387307179,3.9247896514051925
1407,0.013958900694128876,0.38328583286125134,-0.10034203718822512,0.18265813788201848,0.11947235881887741,1.3660780063827966,0.1719144806587618,1.3958900694128875,0.13053141728933298,248.3841227646206,SPY,5,close,atr10,eod,long_short,full,3.577254387307179,3.9247896514051925
759,0.0009809149343775563,0.3136206447655123,0.07221062081617606,0.5072463768115942,0.011517957174190893,0.08616831317386069,0.9313326194173333,0.09809149343775563,0.27405333512636393,133.98972933784438,SPY,5,close,or,1R,long_only,full,3.577254387307179,3.9247896514051925
662,0.0042080953128081485,0.32852267722913947,0.11247787287165349,0.5377643504531722,0.06695833761107133,0.32957116662494274,0.7417240121156217,0.42080953128081483,0.29186785049139863,116.86587723537941,SPY,5,close,or,1R,short_only,full,3.577254387307179,3.9247896514051925
1421,0.0024843585730271378,0.32053962341773445,0.1033648965428033,0.5214637579169599,0.03734591765921189,0.2921659465742015,0.77015974694547,0.24843585730271378,0.2823525674779846,250.85560657322378,SPY,5,close,or,1R,long_short,full,3.577254387307179,3.9247896514051925
759,0.008933080591690054,0.40686816591661096,-0.143887048666802,0.38735177865612647,0.055352234878058806,0.6048788910140022,0.5452594698522237,0.8933080591690055,0.27405333512636393,133.98972933784438,SPY,5,close,or,2R,long_only,full,3.577254387307179,3.9247896514051925
662,0.012304045263225354,0.444755289190903,-0.14714342119788948,0.37915407854984895,0.08323359136440783,0.7117964099696532,0.4765908561232495,1.2304045263225354,0.29186785049139863,116.86587723537941,SPY,5,close,or,2R,short_only,full,3.577254387307179,3.9247896514051925
1421,0.010503508890463005,0.4247909458186065,-0.14514436281625487,0.38353272343420125,0.06834129750575976,0.9320864507491051,0.3512918496644364,1.0503508890463005,0.2823525674779846,250.85560657322378,SPY,5,close,or,2R,long_short,full,3.577254387307179,3.9247896514051925
759,0.011242328590972038,0.4477060409327445,-0.14995423474653485,0.3544137022397892,0.07318898614325378,0.6918058151462003,0.48905928426673206,1.1242328590972037,0.27405333512636393,133.98972933784438,SPY,5,close,or,3R,long_only,full,3.577254387307179,3.9247896514051925
662,0.017237882390108455,0.5025328937781969,-0.16230717485978616,0.3338368580060423,0.11909585580076758,0.8825684816460595,0.3774694641025764,1.7237882390108457,0.29186785049139863,116.86587723537941,SPY,5,close,or,3R,short_only,full,3.577254387307179,3.9247896514051925
1421,0.014035471880928624,0.47387765397000065,-0.15338767639582537,0.3448275862068966,0.09457557848194073,1.11649768698824,0.26420915972053005,1.4035471880928625,0.2823525674779846,250.85560657322378,SPY,5,close,or,3R,long_short,full,3.577254387307179,3.9247896514051925
759,0.021839717637850146,0.5031563656058025,-0.15069857730325537,0.3412384716732543,0.09766096506986295,1.1958175850259745,0.23176775202764976,2.1839717637850145,0.27405333512636393,133.98972933784438,SPY,5,close,or,eod,long_only,full,3.577254387307179,3.9247896514051925
662,0.023091993169839196,0.5664386718286254,-0.16411361606182762,0.31419939577039274,0.15754826927594237,1.0489082934952063,0.2942203280963849,2.3091993169839196,0.29186785049139863,116.86587723537941,SPY,5,close,or,eod,short_only,full,3.577254387307179,3.9247896514051925
1421,0.022423114120733147,0.5333816589245896,-0.1566966034560366,0.3286418015482055,0.12556060995686122,1.5847285729876126,0.11302801703125365,2.2423114120733145,0.2823525674779846,250.85560657322378,SPY,5,close,or,eod,long_short,full,3.577254387307179,3.9247896514051925
709,-0.0015984142624288246,0.1516430873089486,-0.06753881437934531,0.4908321579689704,-0.020483123133127293,-0.280666026349843,0.7789665687721512,-0.15984142624288245,0.128625805747591,125.16300144997584,SPY,5,touch,atr10,1R,long_only,full,3.577254387307179,3.9247896514051925
698,-0.002335103067256667,0.16009196839947185,-0.06823110218589595,0.48424068767908307,-0.022463685320241743,-0.3853578596186114,0.6999722993832835,-0.2335103067256667,0.13248823134445034,123.22112131464475,SPY,5,touch,atr10,1R,short_only,full,3.577254387307179,3.9247896514051925
1407,-0.0019638789289319054,0.15583668679929324,-0.06799616385252287,0.48756218905472637,-0.02146566215701207,-0.4727070211734164,0.6364222167002609,-0.19638789289319053,0.130541920222792,248.3841227646206,SPY,5,touch,atr10,1R,long_short,full,3.577254387307179,3.9247896514051925
709,0.004557944605039328,0.20613362631870535,-0.08770520008202262,0.3526093088857546,0.02604990886307015,0.588766805741157,0.5560177161275177,0.4557944605039328,0.128625805747591,125.16300144997584,SPY,5,touch,atr10,2R,long_only,full,3.577254387307179,3.9247896514051925
698,0.004932025963058695,0.21438368046943201,-0.08966800521420502,0.36103151862464183,0.05067652273408907,0.6078009057975291,0.5433195284668493,0.4932025963058695,0.13248823134445034,123.22112131464475,SPY,5,touch,atr10,2R,short_only,full,3.577254387307179,3.9247896514051925
1407,0.004743522990183265,0.21019211687895262,-0.08843516864180485,0.35678749111584934,0.03826694971734962,0.8465091064344278,0.3972687959205645,0.47435229901832654,0.130541920222792,248.3841227646206,SPY,5,touch,atr10,2R,long_short,full,3.577254387307179,3.9247896514051925
709,0.01089164527481318,0.25549775271652686,-0.09417965230443837,0.28067700987306066,0.0708384572121832,1.135087971744078,0.25633846077531164,1.089164527481318,0.128625805747591,125.16300144997584,SPY,5,touch,atr10,3R,long_only,full,3.577254387307179,3.9247896514051925
698,0.002088016040833167,0.2576027279203258,-0.09863609262879808,0.27507163323782235,0.05623265963957247,0.21414655109003677,0.8304327751812544,0.2088016040833167,0.13248823134445034,123.22112131464475,SPY,5,touch,atr10,3R,short_only,full,3.577254387307179,3.9247896514051925
1407,0.006524244276008595,0.2564907095104997,-0.09620099240982942,0.27789623312011374,0.06359265287267908,0.9541257637107162,0.3400199862592834,0.6524244276008595,0.130541920222792,248.3841227646206,SPY,5,touch,atr10,3R,long_short,full,3.577254387307179,3.9247896514051925
709,0.01315182600061589,0.35323413636632545,-0.0989986098618076,0.19322990126939352,0.10581456813591637,0.991394499846498,0.3214929849085302,1.315182600061589,0.128625805747591,125.16300144997584,SPY,5,touch,atr10,eod,long_only,full,3.577254387307179,3.9247896514051925
698,-0.002446920033535419,0.39295053379765293,-0.10981336857303094,0.15329512893982808,0.05119777408451103,-0.16451655429480883,0.8693245158570115,-0.24469200335354188,0.13248823134445034,123.22112131464475,SPY,5,touch,atr10,eod,short_only,full,3.577254387307179,3.9247896514051925
1407,0.005413428891989298,0.3734138397107052,-0.10274823080654767,0.1734186211798152,0.0787196695944232,0.5437873183271739,0.5865878366097634,0.5413428891989298,0.130541920222792,248.3841227646206,SPY,5,touch,atr10,eod,long_short,full,3.577254387307179,3.9247896514051925
717,-0.0011229840927271563,0.24150001474181088,-0.06336437269271535,0.497907949790795,-0.007405896040392687,-0.12451337947860414,0.9009088075247975,-0.11229840927271563,0.21003703528649384,126.57527791203479,SPY,5,touch,or,1R,long_only,full,3.577254387307179,3.9247896514051925
704,0.0017179941277795238,0.24730248988471337,-0.00855434603260851,0.5,0.00030424319408901455,0.18432299380519196,0.8537600765131768,0.17179941277795238,0.21581244133480004,124.28032866118897,SPY,5,touch,or,1R,short_only,full,3.577254387307179,3.9247896514051925
1421,0.00028450969139438126,0.24430995631776353,-0.04443859244872803,0.4989444053483462,-0.0035860944773560117,0.043898829189550494,0.9649850485742237,0.028450969139438127,0.21289832019712548,250.85560657322378,SPY,5,touch,or,1R,long_short,full,3.577254387307179,3.9247896514051925
717,0.015227142390253943,0.34086752948957877,-0.12123065497318876,0.3612273361227336,0.05138249230674105,1.196168478653893,0.23163081897951487,1.5227142390253943,0.21003703528649384,126.57527791203479,SPY,5,touch,or,2R,long_only,full,3.577254387307179,3.9247896514051925
704,0.01222821712371794,0.3467191488818377,-0.1252067624923519,0.3693181818181818,0.07926248182867769,0.9357754409622873,0.3493888187472578,1.222821712371794,0.21581244133480004,124.28032866118897,SPY,5,touch,or,2R,short_only,full,3.577254387307179,3.9247896514051925
1421,0.013741397571364892,0.34366118731065903,-0.12311369305913232,0.36523574947220266,0.06519495720712344,1.5072922207733932,0.13173577070932918,1.3741397571364893,0.21289832019712548,250.85560657322378,SPY,5,touch,or,2R,long_short,full,3.577254387307179,3.9247896514051925
717,0.02331439196755308,0.40054271733123503,-0.12920179568596846,0.3110181311018131,0.10648587119261231,1.5586005734789985,0.11909094723083746,2.331439196755308,0.21003703528649384,126.57527791203479,SPY,5,touch,or,3R,long_only,full,3.577254387307179,3.9247896514051925
704,0.005792475986846498,0.3958746399833593,-0.14204990842233578,0.28551136363636365,0.05347350027168689,0.3882333954268152,0.6978433215999631,0.5792475986846498,0.21581244133480004,124.28032866118897,SPY,5,touch,or,3R,short_only,full,3.577254387307179,3.9247896514051925
1421,0.014633583487315615,0.3981931018487693,-0.13657757606321105,0.2983814215341309,0.08022217722475057,1.3853324154183901,0.16595084624497813,1.4633583487315616,0.21289832019712548,250.85560657322378,SPY,5,touch,or,3R,long_short,full,3.577254387307179,3.9247896514051925
717,0.033743790800655184,0.49172345530259015,-0.13407188000919495,0.2789400278940028,0.1467740724185942,1.8375218968179465,0.0661328869737503,3.3743790800655185,0.21003703528649384,126.57527791203479,SPY,5,touch,or,eod,long_only,full,3.577254387307179,3.9247896514051925
704,0.010686557863004383,0.4959183879843192,-0.14763386554598118,0.234375,0.09325033562964989,0.5717602507310694,0.5674844098073322,1.0686557863004382,0.21581244133480004,124.28032866118897,SPY,5,touch,or,eod,short_only,full,3.577254387307179,3.9247896514051925
1421,0.022320643729503768,0.4937669427653383,-0.14118506465367106,0.2568613652357495,0.12025703462871605,1.7040476846844173,0.08837217905761952,2.2320643729503766,0.21289832019712548,250.85560657322378,SPY,5,touch,or,eod,long_short,full,3.577254387307179,3.9247896514051925
726,0.00501894824375031,0.14109408945135116,0.0712672521000028,0.5247933884297521,0.05048590454703112,0.9584560571937644,0.3378328397147494,0.5018948243750311,0.1293947691211961,128.16408893185113,SPY,15,close,atr10,1R,long_only,full,3.577254387307179,3.9247896514051925
677,-0.006993492681006827,0.14428492178005317,-0.06765327441704562,0.4874446085672083,-0.025110782865583457,-1.2611522257791246,0.2072540073064122,-0.6993492681006827,0.13171400562985688,119.51389560173997,SPY,15,close,atr10,1R,short_only,full,3.577254387307179,3.9247896514051925
1403,-0.0007775040057583001,0.14271811343269494,0.06310618564803182,0.5067712045616536,0.01400767405641097,-0.20405741209925107,0.8383086342745338,-0.07775040057583002,0.1305138875220253,247.67798453359111,SPY,15,close,atr10,1R,long_short,full,3.577254387307179,3.9247896514051925
726,0.017489158390045747,0.2063790757571785,-0.08532463833503524,0.3760330578512397,0.12386832542906195,2.283345117331792,0.022410047364263663,1.7489158390045747,0.1293947691211961,128.16408893185113,SPY,15,close,atr10,2R,long_only,full,3.577254387307179,3.9247896514051925
677,-0.004258457492042348,0.2007009853545501,-0.09174671556565009,0.34268833087149186,0.025473093447594818,-0.5520738114315996,0.5808977837062652,-0.4258457492042348,0.13171400562985688,119.51389560173997,SPY,15,close,atr10,2R,short_only,full,3.577254387307179,3.9247896514051925
1403,0.006995119935182139,0.20387648472168735,-0.08800095010030799,0.35994297933000713,0.07638894406665764,1.2851590055782942,0.19873672571081302,0.6995119935182139,0.1305138875220253,247.67798453359111,SPY,15,close,atr10,2R,long_short,full,3.577254387307179,3.9247896514051925
726,0.026690451819214613,0.2564669038929721,-0.09127638142594885,0.3140495867768595,0.2095350375701295,2.8040961880823403,0.005045784938145559,2.669045181921461,0.1293947691211961,128.16408893185113,SPY,15,close,atr10,3R,long_only,full,3.577254387307179,3.9247896514051925
677,0.0005970147754521167,0.24077177203506342,-0.0961733144361176,0.27474150664697194,0.0774910418347232,0.06451695246921567,0.9485586091139342,0.05970147754521167,0.13171400562985688,119.51389560173997,SPY,15,close,atr10,3R,short_only,full,3.577254387307179,3.9247896514051925
1403,0.014099392034020592,0.24927000836778368,-0.09299852852533899,0.29508196721311475,0.14581886856594556,2.1186498835682226,0.03412006666921208,1.4099392034020592,0.1305138875220253,247.67798453359111,SPY,15,close,atr10,3R,long_short,full,3.577254387307179,3.9247896514051925
726,0.029916587854870218,0.3767889138575705,-0.09568285560390796,0.2327823691460055,0.21988425607530768,2.1393520253359877,0.03240716920697406,2.991658785487022,0.1293947691211961,128.16408893185113,SPY,15,close,atr10,eod,long_only,full,3.577254387307179,3.9247896514051925
677,0.01826782663549708,0.41707697173891606,-0.1019708800314787,0.16838995568685378,0.18165372303380292,1.1396329676877823,0.25443924449664035,1.826782663549708,0.13171400562985688,119.51389560173997,SPY,15,close,atr10,eod,short_only,full,3.577254387307179,3.9247896514051925
1403,0.024295624672036564,0.39664073277222095,-0.09814480362123346,0.20171062009978616,0.20143659330332,2.2943495980457858,0.02177042577907584,2.4295624672036564,0.1305138875220253,247.67798453359111,SPY,15,close,atr10,eod,long_short,full,3.577254387307179,3.9247896514051925
734,0.02277197109612722,0.4070337817956989,0.12501723770199666,0.5435967302452316,0.06264731803694101,1.5157172695509675,0.12959085894660594,2.2771971096127217,0.37693691538138097,129.5763653939101,SPY,15,close,or,1R,long_only,full,3.577254387307179,3.9247896514051925
683,-0.0013614025872123315,0.4400741361545409,0.03648051497208108,0.5036603221083455,0.013608930859674916,-0.08084833460421015,0.9355625683965192,-0.13614025872123314,0.4090105506183307,120.57310294828419,SPY,15,close,or,1R,short_only,full,3.577254387307179,3.9247896514051925
1417,0.01113958279286616,0.4233030481847349,0.10373292424573347,0.5243472124206069,0.039010607774363215,0.9906094233235326,0.3218763345203781,1.113958279286616,0.3923965433749143,250.1494683421943,SPY,15,close,or,1R,long_short,full,3.577254387307179,3.9247896514051925
734,0.02969309813326121,0.5013108196489529,-0.11619002365683925,0.4673024523160763,0.10977446651690051,1.6047096548401785,0.1085577161879252,2.969309813326121,0.37693691538138097,129.5763653939101,SPY,15,close,or,2R,long_only,full,3.577254387307179,3.9247896514051925
683,0.022075785777777735,0.5508783346956777,-0.15314989813507146,0.40995607613469986,0.08506456348845642,1.0472993413227334,0.2949615397919363,2.2075785777777734,0.4090105506183307,120.57310294828419,SPY,15,close,or,2R,short_only,full,3.577254387307179,3.9247896514051925
1417,0.026021521323949127,0.5256130878728759,-0.13561829614103985,0.43966125617501767,0.09786418862810214,1.8635945770449494,0.06237865978571078,2.6021521323949126,0.3923965433749143,250.1494683421943,SPY,15,close,or,2R,long_short,full,3.577254387307179,3.9247896514051925
734,0.03411537427015635,0.516717852468546,-0.12403537884419097,0.45776566757493187,0.12494046148333446,1.7887296402635118,0.07365836702302442,3.4115374270156353,0.37693691538138097,129.5763653939101,SPY,15,close,or,3R,long_only,full,3.577254387307179,3.9247896514051925
683,0.030042197223893407,0.6057534319113111,-0.16763546905275917,0.3850658857979502,0.09577916226273285,1.2961228330680001,0.1949331696502834,3.0042197223893408,0.4090105506183307,120.57310294828419,SPY,15,close,or,3R,short_only,full,3.577254387307179,3.9247896514051925
1417,0.03215208568681296,0.5612021143513516,-0.14737558099988146,0.4227240649258998,0.11088459178137898,2.156625704240412,0.031034840083929316,3.215208568681296,0.3923965433749143,250.1494683421943,SPY,15,close,or,3R,long_short,full,3.577254387307179,3.9247896514051925
734,0.03584274303045574,0.5373145284580815,-0.12810009173709164,0.4536784741144414,0.12067110052392936,1.8072602018015165,0.0707217182200075,3.5842743030455737,0.37693691538138097,129.5763653939101,SPY,15,close,or,eod,long_only,full,3.577254387307179,3.9247896514051925
683,0.025958196505474155,0.609948861282922,-0.16871593819413092,0.3806734992679356,0.09586414504381546,1.1122219013152979,0.26604275344457795,2.5958196505474156,0.4090105506183307,120.57310294828419,SPY,15,close,or,eod,short_only,full,3.577254387307179,3.9247896514051925
1417,0.031078349751300888,0.5732911100459449,-0.14937068416671082,0.41848976711362035,0.10871404294247713,2.040645978730109,0.04128602851637586,3.1078349751300887,0.3923965433749143,250.1494683421943,SPY,15,close,or,eod,long_short,full,3.577254387307179,3.9247896514051925
722,0.0058169636071349505,0.1540419641220352,0.07199382736830506,0.5235457063711911,0.04256499682107564,1.0146725184051317,0.3102619583155377,0.5816963607134951,0.13049576835898608,127.45795070082166,SPY,15,touch,atr10,1R,long_only,full,3.577254387307179,3.9247896514051925
684,-0.0008261396245366024,0.15465428449770138,-0.06746709889283867,0.489766081871345,-0.006145858330087717,-0.13970744418645087,0.8888911444855085,-0.08261396245366023,0.13067062418065395,120.74963750604157,SPY,15,touch,atr10,1R,short_only,full,3.577254387307179,3.9247896514051925
1406,0.0025851836565920316,0.1543209556928765,0.06481469595764192,0.5071123755334281,0.018867824044834,0.6281439161978716,0.5299096662526308,0.25851836565920316,0.13058083335331097,248.20758820686322,SPY,15,touch,atr10,1R,long_short,full,3.577254387307179,3.9247896514051925
722,0.014081239252670918,0.21305013893095406,-0.08415050190700207,0.37950138504155123,0.10624376557635253,1.7759374056049106,0.07574323475403544,1.4081239252670918,0.13049576835898608,127.45795070082166,SPY,15,touch,atr10,2R,long_only,full,3.577254387307179,3.9247896514051925
684,-0.0019740217754985116,0.20657800805211807,-0.09224933951884146,0.3435672514619883,0.0010290648708496497,-0.2499170607621276,0.8026514892168826,-0.19740217754985115,0.13067062418065395,120.74963750604157,SPY,15,touch,atr10,2R,short_only,full,3.577254387307179,3.9247896514051925
1406,0.006270571725453358,0.21000534917620303,-0.08836077027856491,0.3620199146514936,0.055058235503405197,1.1196168944840228,0.2628770530420841,0.6270571725453358,0.13058083335331097,248.20758820686322,SPY,15,touch,atr10,2R,long_short,full,3.577254387307179,3.9247896514051925
722,0.026794109975661288,0.26515335606022383,-0.09120653398203972,0.3171745152354571,0.21063611314912264,2.715256149739659,0.006622452660434153,2.6794109975661287,0.13049576835898608,127.45795070082166,SPY,15,touch,atr10,3R,long_only,full,3.577254387307179,3.9247896514051925
684,0.005155035619486713,0.25239426702551226,-0.09786100139079992,0.2821637426900585,0.08121778523108668,0.5341709123707756,0.5932232917601103,0.5155035619486713,0.13067062418065395,120.74963750604157,SPY,15,touch,atr10,3R,short_only,full,3.577254387307179,3.9247896514051925
1406,0.01626699272130609,0.25915874151447466,-0.09411965598959893,0.30014224751066854,0.14767584551332136,2.3536076682780953,0.018592222664282065,1.6266992721306088,0.13058083335331097,248.20758820686322,SPY,15,touch,atr10,3R,long_short,full,3.577254387307179,3.9247896514051925
722,0.03459389013762595,0.4074416543908157,-0.0971965053268247,0.2299168975069252,0.22696607275344133,2.281405971953041,0.0225244349860636,3.459389013762595,0.13049576835898608,127.45795070082166,SPY,15,touch,atr10,eod,long_only,full,3.577254387307179,3.9247896514051925
684,0.01588124895698234,0.4233154219364354,-0.10454273540563895,0.16374269005847952,0.1595075031884597,0.9811798348951927,0.32650406645192964,1.5881248956982341,0.13067062418065395,120.74963750604157,SPY,15,touch,atr10,eod,short_only,full,3.577254387307179,3.9247896514051925
1406,0.025490443076772305,0.4151971599927616,-0.1014341197765426,0.19772403982930298,0.1941483902623692,2.30205486828315,0.021332078133325272,2.5490443076772307,0.13058083335331097,248.20758820686322,SPY,15,touch,atr10,eod,long_short,full,3.577254387307179,3.9247896514051925
731,0.014160968340019035,0.3575888515857225,0.11876323876822223,0.5253077975376197,0.05133907512750625,1.0706996724263471,0.28430449013466896,1.4160968340019036,0.3135871534706693,129.046761720638,SPY,15,touch,or,1R,long_only,full,3.577254387307179,3.9247896514051925
689,-0.0059412577708588205,0.37621306294518325,-0.01727968402863322,0.49782293178519593,-0.006325028070581694,-0.4145282520970261,0.6784872808712483,-0.5941257770858821,0.33728355054355297,121.63231029482841,SPY,15,touch,or,1R,short_only,full,3.577254387307179,3.9247896514051925
1420,0.004407141727064919,0.36675176191463005,0.10186162053519394,0.5119718309859155,0.023359802519419923,0.45282352408081566,0.6506758230113896,0.44071417270649194,0.32508491233208964,250.6790720154664,SPY,15,touch,or,1R,long_short,full,3.577254387307179,3.9247896514051925
731,0.025036045572876413,0.459382497314616,-0.13760743531322916,0.41997264021887826,0.11082035549658897,1.473499448196618,0.1406164125247682,2.503604557287641,0.3135871534706693,129.046761720638,SPY,15,touch,or,2R,long_only,full,3.577254387307179,3.9247896514051925
689,0.007927119107253775,0.5075408044446664,-0.16581595870463003,0.37300435413642963,0.03900470308328226,0.4099718436087612,0.6818266021598356,0.7927119107253775,0.33728355054355297,121.63231029482841,SPY,15,touch,or,2R,short_only,full,3.577254387307179,3.9247896514051925
1420,0.016734601675120076,0.48325343727803816,-0.15383402226736642,0.3971830985915493,0.07597459175520282,1.304922140931648,0.19191936111004426,1.6734601675120075,0.32508491233208964,250.6790720154664,SPY,15,touch,or,2R,long_short,full,3.577254387307179,3.9247896514051925
731,0.03259734027888747,0.5172264791740233,-0.14882776794042854,0.39398084815321477,0.1387609754196092,1.7039627803130302,0.08838804091487384,3.259734027888747,0.3135871534706693,129.046761720638,SPY,15,touch,or,3R,long_only,full,3.577254387307179,3.9247896514051925
689,0.016021636882623546,0.5590891380078578,-0.17264087139145468,0.34107402031930334,0.06430595508451828,0.7522036572872818,0.451928594595266,1.6021636882623547,0.33728355054355297,121.63231029482841,SPY,15,touch,or,3R,short_only,full,3.577254387307179,3.9247896514051925
1420,0.024554622222531238,0.5378191205815599,-0.16127531237433795,0.3683098591549296,0.1026345606232165,1.7204465740229382,0.08535129722542822,2.4554622222531237,0.32508491233208964,250.6790720154664,SPY,15,touch,or,3R,long_short,full,3.577254387307179,3.9247896514051925
731,0.0368132762589843,0.5415564397029718,-0.14898351751970046,0.38850889192886456,0.1482374938557054,1.8378896580774402,0.06607866634855153,3.68132762589843,0.3135871534706693,129.046761720638,SPY,15,touch,or,eod,long_only,full,3.577254387307179,3.9247896514051925
689,0.008192107218884258,0.5766414000006553,-0.1784599781557114,0.3251088534107402,0.03939238698238017,0.37290604137288474,0.7092183754617929,0.8192107218884258,0.33728355054355297,121.63231029482841,SPY,15,touch,or,eod,short_only,full,3.577254387307179,3.9247896514051925
1420,0.022925962548682236,0.5588407576236106,-0.16313395678012269,0.35774647887323946,0.09542462157702856,1.5459081189428858,0.12212675948144991,2.2925962548682235,0.32508491233208964,250.6790720154664,SPY,15,touch,or,eod,long_short,full,3.577254387307179,3.9247896514051925
741,0.0035515610864121664,0.1396793521863508,0.06507970051926512,0.5087719298245614,0.017543859649122806,0.6921435573158917,0.48884718021707974,0.35515610864121666,0.12843954993802228,130.81210729821169,SPY,30,close,atr10,1R,long_only,full,3.577254387307179,3.9247896514051925
651,0.0024011636601892162,0.14500304987275212,0.059696605658017175,0.5023041474654378,0.003975176816422025,0.42250817788134304,0.6726541328622504,0.2401163660189216,0.1323596753266541,114.92399710004833,SPY,30,close,atr10,1R,short_only,full,3.577254387307179,3.9247896514051925
1392,0.003013551945269107,0.14214370212317806,0.06364613438105464,0.5057471264367817,0.011198160996760586,0.7909894246412686,0.428950162722725,0.30135519452691073,0.13027288444089535,245.73610439826,SPY,30,close,atr10,1R,long_short,full,3.577254387307179,3.9247896514051925
741,0.004906509907903437,0.20019020218437067,-0.08828401917510442,0.34143049932523617,0.020643640836709616,0.6671737735806286,0.5046611412826709,0.49065099079034374,0.12843954993802228,130.81210729821169,SPY,30,close,atr10,2R,long_only,full,3.577254387307179,3.9247896514051925
651,0.005464459052366399,0.2080937024205744,-0.09004066188886092,0.34408602150537637,0.026114828629163096,0.6700060633602826,0.5028539249622594,0.5464459052366399,0.1323596753266541,114.92399710004833,SPY,30,close,atr10,2R,short_only,full,3.577254387307179,3.9247896514051925
1392,0.005167447331068226,0.20385109192432288,-0.08886137167150544,0.3426724137931034,0.02320236443792169,0.9457636854187399,0.3442691316102877,0.5167447331068226,0.13027288444089535,245.73610439826,SPY,30,close,atr10,2R,long_short,full,3.577254387307179,3.9247896514051925
741,0.012261846344699427,0.2440794173558933,-0.09188058859245242,0.2874493927125506,0.08744516988033844,1.3675204063686839,0.17146224548093691,1.2261846344699427,0.12843954993802228,130.81210729821169,SPY,30,close,atr10,3R,long_only,full,3.577254387307179,3.9247896514051925
651,0.007848713012577137,0.2490725414012879,-0.09469486257604703,0.2780337941628264,0.07376016707437313,0.804013038455982,0.4213894449833324,0.7848713012577138,0.1323596753266541,114.92399710004833,SPY,30,close,atr10,3R,short_only,full,3.577254387307179,3.9247896514051925
1392,0.010197945626874996,0.2463481783793795,-0.09302321009724906,0.28304597701149425,0.08104507158530726,1.544482367199262,0.12247151967640812,1.0197945626874996,0.13027288444089535,245.73610439826,SPY,30,close,atr10,3R,long_short,full,3.577254387307179,3.9247896514051925
741,0.014022670406226343,0.3028336460668133,-0.09392519160654375,0.24021592442645073,0.12761931440976873,1.2604792621878254,0.2074965242837128,1.4022670406226343,0.12843954993802228,130.81210729821169,SPY,30,close,atr10,eod,long_only,full,3.577254387307179,3.9247896514051925
651,0.030532526492942053,0.4273680016202676,-0.0996147813950761,0.19047619047619047,0.23200238579107266,1.8228512686069243,0.0683259203042339,3.053252649294205,0.1323596753266541,114.92399710004833,SPY,30,close,atr10,eod,short_only,full,3.577254387307179,3.9247896514051925
1392,0.021743874653677435,0.3663376522319338,-0.09608280454205775,0.21695402298850575,0.17643639736180095,2.214496486965479,0.026794644103967036,2.1743874653677433,0.13027288444089535,245.73610439826,SPY,30,close,atr10,eod,long_short,full,3.577254387307179,3.9247896514051925
750,0.018178091165270336,0.4477971120710272,0.06773397569891473,0.5346666666666666,0.038394656193013924,1.1117256359197645,0.26625613388419156,1.8178091165270336,0.4818797962406185,132.40091831802803,SPY,30,close,or,1R,long_only,full,3.577254387307179,3.9247896514051925
656,0.009211061751284812,0.5071236346372193,0.042863806826652,0.5121951219512195,0.04233143937368141,0.4652086294052109,0.6417820596033288,0.9211061751284811,0.5126466684470447,115.80666988883519,SPY,30,close,or,1R,short_only,full,3.577254387307179,3.9247896514051925
1406,0.013994327797151915,0.4762460893118538,0.05741431114304299,0.5241820768136558,0.040231448345587076,1.1018266697342811,0.27053703344619784,1.3994327797151915,0.49623475226296243,248.20758820686322,SPY,30,close,or,1R,long_short,full,3.577254387307179,3.9247896514051925
750,0.02636231153575382,0.5073060193335123,0.0,0.49866666666666665,0.07588748814988497,1.4231284615034707,0.15469891902662525,2.6362311535753817,0.4818797962406185,132.40091831802803,SPY,30,close,or,2R,long_only,full,3.577254387307179,3.9247896514051925
656,0.017594764499929676,0.5980755363284984,-0.10645120172898043,0.43597560975609756,0.05681451338907804,0.7534932039724322,0.45115359363661267,1.7594764499929676,0.5126466684470447,115.80666988883519,SPY,30,close,or,2R,short_only,full,3.577254387307179,3.9247896514051925
1406,0.022271621026862885,0.5513354120653217,-0.051581794740868714,0.4694167852062589,0.06698857531696224,1.5147068883938588,0.12984664920416766,2.2271621026862887,0.49623475226296243,248.20758820686322,SPY,30,close,or,2R,long_short,full,3.577254387307179,3.9247896514051925
750,0.03247073587448151,0.5276053176895453,-0.0005327707274446667,0.496,0.09172070606750557,1.6854411717387978,0.09190348582677643,3.247073587448151,0.4818797962406185,132.40091831802803,SPY,30,close,or,3R,long_only,full,3.577254387307179,3.9247896514051925
656,0.029797142645037227,0.6377962960267661,-0.10932576063899788,0.43140243902439024,0.0921994844431006,1.1965877347690008,0.23146728343737522,2.979714264503723,0.5126466684470447,115.80666988883519,SPY,30,close,or,3R,short_only,full,3.577254387307179,3.9247896514051925
1406,0.031223312575395127,0.5814102733497112,-0.055721599855028725,0.46586059743954483,0.09194409057276183,2.0136729481875557,0.044043881998164114,3.122331257539513,0.49623475226296243,248.20758820686322,SPY,30,close,or,3R,long_short,full,3.577254387307179,3.9247896514051925
750,0.02998811188637928,0.5244805242590361,-0.010269227704219236,0.49333333333333335,0.08181406148305408,1.5658508350108433,0.11738354206935853,2.998811188637928,0.4818797962406185,132.40091831802803,SPY,30,close,or,eod,long_only,full,3.577254387307179,3.9247896514051925
656,0.02306792709102692,0.6298194770539817,-0.10932576063899788,0.43140243902439024,0.0804144709455902,0.938089776167582,0.34819827546630755,2.306792709102692,0.5126466684470447,115.80666988883519,SPY,30,close,or,eod,short_only,full,3.577254387307179,3.9247896514051925
1406,0.026759348567921844,0.575831182576277,-0.05746684301179447,0.4644381223328592,0.08116105195775086,1.7425009271200704,0.08142082937193895,2.6759348567921846,0.49623475226296243,248.20758820686322,SPY,30,close,or,eod,long_short,full,3.577254387307179,3.9247896514051925
747,0.0046689901270141314,0.15522286534910767,0.07230462932003225,0.5274431057563588,0.0578807439801259,0.8221055127060366,0.41101684827952134,0.46689901270141315,0.12968883764262248,131.87131464475593,SPY,30,touch,atr10,1R,long_only,full,3.577254387307179,3.9247896514051925
656,0.009306332905143117,0.15724533279078706,0.06755904525704304,0.5198170731707317,0.07497691721840417,1.5158378243460866,0.12956036518140523,0.9306332905143118,0.13130449003835282,115.80666988883519,SPY,30,touch,atr10,1R,short_only,full,3.577254387307179,3.9247896514051925
1403,0.006837270143017422,0.156133127566222,0.07131754936869099,0.5238774055595153,0.06587439304948484,1.6402744328889967,0.10094811910017865,0.6837270143017422,0.13044426741567955,247.67798453359111,SPY,30,touch,atr10,1R,long_short,full,3.577254387307179,3.9247896514051925
747,0.008648638844149388,0.21183730974780224,-0.08613114689987138,0.36947791164658633,0.07884502203204352,1.1158494672175818,0.2644865753130039,0.8648638844149388,0.12968883764262248,131.87131464475593,SPY,30,touch,atr10,2R,long_only,full,3.577254387307179,3.9247896514051925
656,0.017108543612449553,0.21556070936488236,-0.08575059313315715,0.38109756097560976,0.12580139382739797,2.0328032987981897,0.04207239973684529,1.7108543612449554,0.13130449003835282,115.80666988883519,SPY,30,touch,atr10,2R,short_only,full,3.577254387307179,3.9247896514051925
1403,0.012604232235457234,0.21355172971873032,-0.08601116963761145,0.37491090520313614,0.10080038902972886,2.2107627510991286,0.027052270531130018,1.2604232235457233,0.13044426741567955,247.67798453359111,SPY,30,touch,atr10,2R,long_short,full,3.577254387307179,3.9247896514051925
747,0.012578696503833298,0.25824562527213474,-0.09261481548316831,0.2971887550200803,0.11138616217678025,1.3312602553049309,0.18310339100573447,1.2578696503833298,0.12968883764262248,131.87131464475593,SPY,30,touch,atr10,3R,long_only,full,3.577254387307179,3.9247896514051925
656,0.012096858672944062,0.2570081473302365,-0.09450855062192008,0.2896341463414634,0.12410954127580746,1.2055289261472395,0.22799917818178628,1.2096858672944062,0.13130449003835282,115.80666988883519,SPY,30,touch,atr10,3R,short_only,full,3.577254387307179,3.9247896514051925
1403,0.012353403833082525,0.25757601832442534,-0.09394655542169028,0.2936564504632929,0.11733522610333894,1.7964289646761142,0.0724263207510718,1.2353403833082526,0.13044426741567955,247.67798453359111,SPY,30,touch,atr10,3R,long_short,full,3.577254387307179,3.9247896514051925
747,0.012350439961759677,0.3375722610771183,-0.09623303955360402,0.23962516733601072,0.128458447527193,0.9999446866795402,0.31733727701169334,1.2350439961759676,0.12968883764262248,131.87131464475593,SPY,30,touch,atr10,eod,long_only,full,3.577254387307179,3.9247896514051925
656,0.024027827462178738,0.420463173771771,-0.10191924461235499,0.18140243902439024,0.19954681213779604,1.4636541223412196,0.143288476617077,2.402782746217874,0.13130449003835282,115.80666988883519,SPY,30,touch,atr10,eod,short_only,full,3.577254387307179,3.9247896514051925
1403,0.01781043012589004,0.3785013051981835,-0.09857621864545943,0.21240199572344975,0.16169719819330533,1.7625273382602669,0.07798024158182137,1.781043012589004,0.13044426741567955,247.67798453359111,SPY,30,touch,atr10,eod,long_short,full,3.577254387307179,3.9247896514051925
756,0.008066740237160256,0.4421881642803348,0.05212513046203532,0.5145502645502645,0.01551569856376043,0.5015934491394104,0.615953528384964,0.8066740237160256,0.4249777673390103,133.46012566457225,SPY,30,touch,or,1R,long_only,full,3.577254387307179,3.9247896514051925
661,0.01381905282057679,0.4589781248691208,0.07122351905789663,0.5219364599092284,0.05139595718538905,0.7740820899631918,0.4388822480319954,1.3819052820576792,0.44070831975392394,116.68934267762204,SPY,30,touch,or,1R,short_only,full,3.577254387307179,3.9247896514051925
1417,0.010750070242550747,0.44994766415194337,0.05956192206323852,0.5179957657021877,0.03225306691160554,0.8993613618124799,0.36846021276523855,1.0750070242550747,0.4323157314506955,250.1494683421943,SPY,30,touch,or,1R,long_short,full,3.577254387307179,3.9247896514051925
756,0.019927256535427935,0.4991654347922344,-0.08109374454633668,0.46164021164021163,0.07363399158837469,1.0976500586954019,0.27235732507918353,1.9927256535427935,0.4249777673390103,133.46012566457225,SPY,30,touch,or,2R,long_only,full,3.577254387307179,3.9247896514051925
661,0.024888600031892257,0.5770039698971368,-0.147237925581237,0.42511346444780634,0.07468406004975107,1.1089766374149768,0.2674402606099271,2.4888600031892256,0.44070831975392394,116.68934267762204,SPY,30,touch,or,2R,short_only,full,3.577254387307179,3.9247896514051925
1417,0.022241616486848484,0.5366939978474199,-0.11698373734274578,0.4446012702893437,0.07412382592356864,1.5599997713141305,0.11875993523140327,2.2241616486848486,0.4323157314506955,250.1494683421943,SPY,30,touch,or,2R,long_short,full,3.577254387307179,3.9247896514051925
756,0.02178885773739632,0.5277684540789255,-0.10461082330758374,0.4537037037037037,0.07759240812531752,1.135146549020274,0.25631392064147374,2.178885773739632,0.4249777673390103,133.46012566457225,SPY,30,touch,or,3R,long_only,full,3.577254387307179,3.9247896514051925
661,0.03891160979871024,0.6198047499031698,-0.1518686446273711,0.4145234493192133,0.1294560007693335,1.6140798944170904,0.10651009779376075,3.8911609798710236,0.44070831975392394,116.68934267762204,SPY,30,touch,or,3R,short_only,full,3.577254387307179,3.9247896514051925
1417,0.02977625301793867,0.5724026212218484,-0.12612461111577522,0.4354269583627382,0.10178565776377525,1.9581833673637021,0.05020850009562006,2.977625301793867,0.4323157314506955,250.1494683421943,SPY,30,touch,or,3R,long_short,full,3.577254387307179,3.9247896514051925
756,0.020502119408851997,0.5269324544725569,-0.10576323059529036,0.4523809523809524,0.07647701194819664,1.0698052090049885,0.2847069971467602,2.0502119408851995,0.4249777673390103,133.46012566457225,SPY,30,touch,or,eod,long_only,full,3.577254387307179,3.9247896514051925
661,0.033438762424099565,0.6264331180157658,-0.15460070369975557,0.40998487140695916,0.12133992596783363,1.3723857997574826,0.16994336834846901,3.3438762424099564,0.44070831975392394,116.68934267762204,SPY,30,touch,or,eod,short_only,full,3.577254387307179,3.9247896514051925
1417,0.02653678492266897,0.5753203757891516,-0.1339793708475605,0.4326040931545519,0.09740459569341897,1.7362948385194035,0.08251171540789937,2.653678492266897,0.4323157314506955,250.1494683421943,SPY,30,touch,or,eod,long_short,full,3.577254387307179,3.9247896514051925
680,-0.017940553130990005,0.5305415767564501,-0.3126543118419163,0.46911764705882353,-0.06141838343098616,-0.8818015570976194,0.3778841294743689,-1.7940553130990005,0.5024664977729617,120.04349927501208,TSLA,5,close,atr10,1R,long_only,full,3.577254387307179,3.9247896514051925
720,-0.01333650240020166,0.5549736439999997,-0.3122774618316777,0.4847222222222222,-0.032468643988985045,-0.6448160471333669,0.5190464014780996,-1.333650240020166,0.5169533896002101,127.10488158530691,TSLA,5,close,atr10,1R,short_only,full,3.577254387307179,3.9247896514051925
1400,-0.015572755612298858,0.5430550856478723,-0.3126543118419163,0.47714285714285715,-0.04652994600367131,-1.0729651118112435,0.2832867698917987,-1.5572755612298859,0.509916899284118,247.14838086031898,TSLA,5,close,atr10,1R,long_short,full,3.577254387307179,3.9247896514051925
680,0.030506148135663047,0.7531304878660308,-0.3779371776183015,0.3514705882352941,0.04571771130067812,1.0562618696422206,0.29084859137542307,3.0506148135663045,0.5024664977729617,120.04349927501208,TSLA,5,close,atr10,2R,long_only,full,3.577254387307179,3.9247896514051925
720,0.02196079226687437,0.7603289557198872,-0.3860762781880776,0.3472222222222222,0.034212429930943464,0.7750196645133248,0.4383280398605982,2.196079226687437,0.5169533896002101,127.10488158530691,TSLA,5,close,atr10,2R,short_only,full,3.577254387307179,3.9247896514051925
1400,0.026111393688857436,0.7565827769432557,-0.38358399681529765,0.3492857142857143,0.03980070945338601,1.2913311279646467,0.1965888812092027,2.611139368885744,0.509916899284118,247.14838086031898,TSLA,5,close,atr10,2R,long_short,full,3.577254387307179,3.9247896514051925
680,0.020490212548699822,0.8916560140728778,-0.40630791993773396,0.2647058823529412,0.02853632255288427,0.599243837633913,0.549010293596722,2.049021254869982,0.5024664977729617,120.04349927501208,TSLA,5,close,atr10,3R,long_only,full,3.577254387307179,3.9247896514051925
720,0.026548889293783656,0.9144287252545941,-0.4089511463134866,0.2722222222222222,0.058123263974368795,0.7790453586832143,0.43595299582568114,2.6548889293783655,0.5169533896002101,127.10488158530691,TSLA,5,close,atr10,3R,short_only,full,3.577254387307179,3.9247896514051925
1400,0.0236061034461715,0.9031219913542271,-0.4076963828125261,0.26857142857142857,0.043752463855362016,0.9780068714733992,0.3280709255580301,2.36061034461715,0.509916899284118,247.14838086031898,TSLA,5,close,atr10,3R,long_short,full,3.577254387307179,3.9247896514051925
680,0.10893763841266359,1.5171263819831509,-0.42150411063089127,0.18970588235294117,0.21357102164378708,1.872451821524834,0.06114412135747882,10.89376384126636,0.5024664977729617,120.04349927501208,TSLA,5,close,atr10,eod,long_only,full,3.577254387307179,3.9247896514051925
720,0.08700856292536457,1.5263008989222824,-0.4274412946058905,0.19444444444444445,0.18952268494038155,1.5296359568134394,0.12610686402618332,8.700856292536457,0.5169533896002101,127.10488158530691,TSLA,5,close,atr10,eod,short_only,full,3.577254387307179,3.9247896514051925
1400,0.09765982816205267,1.5213473040671217,-0.425262696309642,0.19214285714285714,0.2012033056248928,2.4018816509336403,0.01631098453167401,9.765982816205266,0.509916899284118,247.14838086031898,TSLA,5,close,atr10,eod,long_short,full,3.577254387307179,3.9247896514051925
686,0.1414150707945687,1.652257547283638,0.40122383241847137,0.5349854227405247,0.07560774462601096,2.2417129918800542,0.02497992766941537,14.141507079456868,1.7884311178517118,121.10270662155631,TSLA,5,close,or,1R,long_only,full,3.577254387307179,3.9247896514051925
728,0.09672056784895829,1.687096254164885,0.40354361502176456,0.5343406593406593,0.07419036652106703,1.5468374072858913,0.12190245747052875,9.672056784895828,1.7730243698973895,128.51715804736588,TSLA,5,close,or,1R,short_only,full,3.577254387307179,3.9247896514051925
1414,0.11840403957504649,1.6698441634585255,0.4028937328937962,0.5346534653465347,0.07487800540366359,2.6663384851414755,0.007668244313170591,11.840403957504648,1.7804989307861203,249.6198646689222,TSLA,5,close,or,1R,long_short,full,3.577254387307179,3.9247896514051925
686,0.23980310276113528,2.044010552420148,-0.217925073922742,0.47230320699708456,0.12733995600065323,3.07279595415296,0.0021206343536839256,23.980310276113528,1.7884311178517118,121.10270662155631,TSLA,5,close,or,2R,long_only,full,3.577254387307179,3.9247896514051925
728,0.11656366453515933,2.0262298998889325,-0.23029855354099193,0.46016483516483514,0.08237098862234785,1.5521731346859016,0.12062080243761941,11.656366453515933,1.7730243698973895,128.51715804736588,TSLA,5,close,or,2R,short_only,full,3.577254387307179,3.9247896514051925
1414,0.17635309496162288,2.0350879358281584,-0.2222737408456554,0.46605374823196605,0.10418761636033758,3.25855166204425,0.0011198248506565367,17.63530949616229,1.7804989307861203,249.6198646689222,TSLA,5,close,or,2R,long_short,full,3.577254387307179,3.9247896514051925
686,0.2540720030291625,2.169822476570822,-0.32003731455690043,0.46355685131195334,0.1347172233211554,3.0668650455047572,0.0021631649637789963,25.407200302916248,1.7884311178517118,121.10270662155631,TSLA,5,close,or,3R,long_only,full,3.577254387307179,3.9247896514051925
728,0.12828638574878795,2.1252144789538976,-0.2926901012277623,0.4532967032967033,0.09985654983728072,1.6287089893386641,0.10337463886277165,12.828638574878795,1.7730243698973895,128.51715804736588,TSLA,5,close,or,3R,short_only,full,3.577254387307179,3.9247896514051925
1414,0.18931109116203898,2.1471320932243074,-0.3147664890933757,0.4582743988684583,0.11676915380470508,3.3154463150409743,0.0009149691349570332,18.9311091162039,1.7804989307861203,249.6198646689222,TSLA,5,close,or,3R,long_short,full,3.577254387307179,3.9247896514051925
686,0.2761831367360927,2.316958134984465,-0.32769191778823614,0.4620991253644315,0.15396674786401982,3.122058446578489,0.0017959128115643264,27.61831367360927,1.7884311178517118,121.10270662155631,TSLA,5,close,or,eod,long_only,full,3.577254387307179,3.9247896514051925
728,0.1537888707497021,2.228552839758551,-0.2926901012277623,0.4532967032967033,0.12142611496278952,1.8619484881990294,0.06261035143540372,15.37888707497021,1.7730243698973895,128.51715804736588,TSLA,5,close,or,eod,short_only,full,3.577254387307179,3.9247896514051925
1414,0.21316826711933715,2.271890520909336,-0.32003731455690043,0.45756718528995755,0.13721315468714876,3.5282541413417006,0.00041831033262806905,21.316826711933714,1.7804989307861203,249.6198646689222,TSLA,5,close,or,eod,long_short,full,3.577254387307179,3.9247896514051925
684,0.023561890027389468,0.682656392919316,0.2836460043358352,0.5073099415204678,0.04306525199399191,0.9026845594370476,0.36669333355502,2.356189002738947,0.5014137474996546,120.74963750604157,TSLA,5,touch,atr10,1R,long_only,full,3.577254387307179,3.9247896514051925
723,0.015677784679685995,0.6861118130400897,0.3165506912827128,0.5103734439834025,0.005700325032778931,0.6144109504085778,0.5389438014473582,1.5677784679685995,0.5175861639257276,127.63448525857902,TSLA,5,touch,atr10,1R,short_only,full,3.577254387307179,3.9247896514051925
1407,0.01951056936897468,0.6842021543216871,0.3055688941555562,0.5088841506751954,0.02386493771328332,1.069627487140295,0.2847870175694087,1.951056936897468,0.5097240936802165,248.3841227646206,TSLA,5,touch,atr10,1R,long_short,full,3.577254387307179,3.9247896514051925
684,0.05317917740620725,0.8388983420583686,-0.3805776316693516,0.3961988304093567,0.11024307166842927,1.6579076290377308,0.09733611207772164,5.317917740620725,0.5014137474996546,120.74963750604157,TSLA,5,touch,atr10,2R,long_only,full,3.577254387307179,3.9247896514051925
723,0.06092455844025776,0.8649058825128716,-0.3749795267195668,0.3914246196403873,0.07141363947920916,1.8940554448900135,0.058217650842919966,6.092455844025776,0.5175861639257276,127.63448525857902,TSLA,5,touch,atr10,2R,short_only,full,3.577254387307179,3.9247896514051925
1407,0.05715921328937606,0.8520678245437037,-0.3772173298543115,0.3937455579246624,0.09029020779294517,2.5162809256888647,0.01186006069311607,5.715921328937606,0.5097240936802165,248.3841227646206,TSLA,5,touch,atr10,2R,long_short,full,3.577254387307179,3.9247896514051925
684,0.08813689182973977,0.9976710086064738,-0.4048743053060553,0.32748538011695905,0.1866759119591851,2.3104598692522442,0.020862707839789385,8.813689182973977,0.5014137474996546,120.74963750604157,TSLA,5,touch,atr10,3R,long_only,full,3.577254387307179,3.9247896514051925
723,0.06674167063933761,1.0307602385575723,-0.41659493102540734,0.30567081604426005,0.08312935767478453,1.741039261221971,0.08167669678389089,6.674167063933761,0.5175861639257276,127.63448525857902,TSLA,5,touch,atr10,3R,short_only,full,3.577254387307179,3.9247896514051925
1407,0.07714275897923462,1.014505089092992,-0.41152001393292037,0.31627576403695806,0.13346755464033536,2.852252608282639,0.004341058812361354,7.714275897923462,0.5097240936802165,248.3841227646206,TSLA,5,touch,atr10,3R,long_short,full,3.577254387307179,3.9247896514051925
684,0.19927031267653764,1.6491505769700858,-0.4337328702034663,0.2324561403508772,0.4376904528837161,3.160169244220088,0.0015767751845299216,19.927031267653764,0.5014137474996546,120.74963750604157,TSLA,5,touch,atr10,eod,long_only,full,3.577254387307179,3.9247896514051925
723,0.10932832352597915,1.6597232101860633,-0.4431972561858331,0.21023513139695713,0.19662436343521977,1.7711941528685997,0.07652842126460335,10.932832352597915,0.5175861639257276,127.63448525857902,TSLA,5,touch,atr10,eod,short_only,full,3.577254387307179,3.9247896514051925
1407,0.15305278733477945,1.6546147747496687,-0.43727120861988283,0.22103766879886283,0.3138164069197767,3.469695748232496,0.0005210482320245902,15.305278733477945,0.5097240936802165,248.3841227646206,TSLA,5,touch,atr10,eod,long_short,full,3.577254387307179,3.9247896514051925
690,0.10933492805736307,1.4183566747432053,0.6441419851760999,0.5362318840579711,0.06898501173655533,2.0248740379932206,0.042880300097519086,10.933492805736307,1.4140356959427438,121.80884485258579,TSLA,5,touch,or,1R,long_only,full,3.577254387307179,3.9247896514051925
731,0.07207697824983404,1.4547365385085909,0.7128736649181586,0.5389876880984952,0.07852670295765517,1.3395869632990045,0.18037966450000997,7.207697824983404,1.4245568814421115,129.046761720638,TSLA,5,touch,or,1R,short_only,full,3.577254387307179,3.9247896514051925
1421,0.09016845282210359,1.4368018153633868,0.6782731651274785,0.5376495425756509,0.07389351017612181,2.3656734113325615,0.01799731263623139,9.016845282210358,1.4194480721567044,250.85560657322378,TSLA,5,touch,or,1R,long_short,full,3.577254387307179,3.9247896514051925
690,0.251873040959444,1.8998469734723245,-0.6688777673118607,0.45362318840579713,0.15622202617327607,3.482471810435406,0.0004968075241866821,25.187304095944402,1.4140356959427438,121.80884485258579,TSLA,5,touch,or,2R,long_only,full,3.577254387307179,3.9247896514051925
731,0.11753763639886354,1.854522068482602,-0.6641902344582331,0.4363885088919289,0.11404191823960455,1.7135770454785935,0.0866064322788418,11.753763639886355,1.4245568814421115,129.046761720638,TSLA,5,touch,or,2R,short_only,full,3.577254387307179,3.9247896514051925
1421,0.18276735430653457,1.8772074145634494,-0.6686974605313305,0.44475721323011963,0.13452346255644715,3.67014652546247,0.00024241147269243868,18.276735430653456,1.4194480721567044,250.85560657322378,TSLA,5,touch,or,2R,long_short,full,3.577254387307179,3.9247896514051925
690,0.2726680534731708,2.0769189137394304,-0.7154414760373367,0.43478260869565216,0.18006346501168174,3.4485717153671125,0.0005635597944890769,27.26680534731708,1.4140356959427438,121.80884485258579,TSLA,5,touch,or,3R,long_only,full,3.577254387307179,3.9247896514051925
731,0.1526437499981729,2.0646652668242633,-0.6995062308958369,0.4186046511627907,0.13377939264365757,1.9988861711601775,0.045620671326134676,15.26437499981729,1.4245568814421115,129.046761720638,TSLA,5,touch,or,3R,short_only,full,3.577254387307179,3.9247896514051925
1421,0.21092437589384394,2.070764566685216,-0.7053837376446859,0.42646023926812104,0.15625371349794095,3.8396628038406204,0.00012320340799476526,21.092437589384396,1.4194480721567044,250.85560657322378,TSLA,5,touch,or,3R,long_short,full,3.577254387307179,3.9247896514051925
690,0.3032266169201132,2.2835282026195025,-0.7308419445895707,0.43043478260869567,0.20683380047028135,3.4880723634281248,0.0004865163868061906,30.322661692011323,1.4140356959427438,121.80884485258579,TSLA,5,touch,or,eod,long_only,full,3.577254387307179,3.9247896514051925
731,0.17656864145038753,2.222770281283845,-0.7053837376446859,0.4158686730506156,0.16598718993032402,2.147720103829212,0.03173599731834531,17.656864145038753,1.4245568814421115,129.046761720638,TSLA,5,touch,or,eod,short_only,full,3.577254387307179,3.9247896514051925
1421,0.23807040293815018,2.252573196096088,-0.7082658467620285,0.42294159042927515,0.18582122319743913,3.9840385671876657,6.775386935231609e-05,23.807040293815017,1.4194480721567044,250.85560657322378,TSLA,5,touch,or,eod,long_short,full,3.577254387307179,3.9247896514051925
678,0.005373475807979861,0.5214045709744184,-0.2094006027904599,0.4941002949852507,-0.0076688812140116875,0.2683461141396498,0.7884329134283004,0.5373475807979861,0.4980573814761691,119.69043015949734,TSLA,15,close,atr10,1R,long_only,full,3.577254387307179,3.9247896514051925
693,-0.00688183100389411,0.5575046657956174,-0.24142544614789685,0.49783549783549785,-0.0031592187211455435,-0.32495416998730614,0.7452157579231429,-0.688183100389411,0.5226609704530812,122.3384485258579,TSLA,15,close,atr10,1R,short_only,full,3.577254387307179,3.9247896514051925
1371,-0.0008212197577594948,0.5397918383002016,-0.2234001214228618,0.4959883296863603,-0.005389380041468843,-0.056331563220794016,0.9550776749330527,-0.08212197577594949,0.5104937689021357,242.02887868535524,TSLA,15,close,atr10,1R,long_short,full,3.577254387307179,3.9247896514051925
678,0.037852413063637465,0.7309461602459525,-0.3718665061917626,0.35693215339233036,0.058756813014426396,1.3484133032900707,0.1775254875517982,3.7852413063637464,0.4980573814761691,119.69043015949734,TSLA,15,close,atr10,2R,long_only,full,3.577254387307179,3.9247896514051925
693,0.023133663010828046,0.7642698834859437,-0.39422364294198936,0.35353535353535354,0.05538334086031379,0.7968274301639939,0.4255512620587645,2.3133663010828047,0.5226609704530812,122.3384485258579,TSLA,15,close,atr10,2R,short_only,full,3.577254387307179,3.9247896514051925
1371,0.030412519710904473,0.7477393694411663,-0.38415903840976295,0.35521517140773157,0.05705162249451389,1.505985822508997,0.13207081320616787,3.041251971090447,0.5104937689021357,242.02887868535524,TSLA,15,close,atr10,2R,long_short,full,3.577254387307179,3.9247896514051925
678,0.05130520527859768,0.8890584432058957,-0.39478597631109624,0.28466076696165193,0.08785733374239782,1.502608931065326,0.1329399189675795,5.130520527859768,0.4980573814761691,119.69043015949734,TSLA,15,close,atr10,3R,long_only,full,3.577254387307179,3.9247896514051925
693,0.041811027556697404,0.9264849769298933,-0.41091424790685144,0.2828282828282828,0.09132225055259748,1.1880072109514175,0.23483056876168806,4.18110275566974,0.5226609704530812,122.3384485258579,TSLA,15,close,atr10,3R,short_only,full,3.577254387307179,3.9247896514051925
1371,0.04650617890275749,0.9078504542469288,-0.4024458635545963,0.28373450036469733,0.08960874683464318,1.8967717385273564,0.057858070837309095,4.650617890275749,0.5104937689021357,242.02887868535524,TSLA,15,close,atr10,3R,long_short,full,3.577254387307179,3.9247896514051925
678,0.08206370229539353,1.3831730779015283,-0.41215645853408417,0.20058997050147492,0.1412899808397775,1.5448610582217632,0.12237987453740828,8.206370229539353,0.4980573814761691,119.69043015949734,TSLA,15,close,atr10,eod,long_only,full,3.577254387307179,3.9247896514051925
693,0.09039458961789164,1.3938967809680318,-0.4269064339267069,0.21645021645021645,0.19280307878616784,1.7071765618664914,0.0877892400516056,9.039458961789164,0.5226609704530812,122.3384485258579,TSLA,15,close,atr10,eod,short_only,full,3.577254387307179,3.9247896514051925
1371,0.08627471973849433,1.3881034008308226,-0.42209385908208535,0.20860685630926332,0.16732833012996604,2.3013383056269032,0.021372516169891664,8.627471973849433,0.5104937689021357,242.02887868535524,TSLA,15,close,atr10,eod,long_short,full,3.577254387307179,3.9247896514051925
683,0.11643468581488399,1.7808205322175792,0.10559075247304531,0.5212298682284041,0.039913535479180355,1.7087265723622898,0.08750160958826592,11.6434685814884,2.281160947130464,120.57310294828419,TSLA,15,close,or,1R,long_only,full,3.577254387307179,3.9247896514051925
701,0.11767425951113648,1.8892518022801414,0.15618928617686376,0.5292439372325249,0.0636987556885286,1.6491138454151923,0.09912431367588193,11.767425951113648,2.285075018398527,123.75072498791687,TSLA,15,close,or,1R,short_only,full,3.577254387307179,3.9247896514051925
1384,0.11706253347461883,1.83587859300219,0.1418984249399364,0.5252890173410405,0.05196081825862625,2.3721492270584394,0.01768494645857288,11.706253347461884,2.2831434355400826,244.32382793620107,TSLA,15,close,or,1R,long_short,full,3.577254387307179,3.9247896514051925
683,0.19066240823532446,2.0680849203589817,-0.023216939078757135,0.49633967789165445,0.07207075284125261,2.4093897484545055,0.015979223237127194,19.066240823532446,2.281160947130464,120.57310294828419,TSLA,15,close,or,2R,long_only,full,3.577254387307179,3.9247896514051925
701,0.14739841331521591,2.1229939222491394,-0.03167082610182804,0.4921540656205421,0.07674566904530984,1.8382436171489405,0.06602651523850689,14.73984133152159,2.285075018398527,123.75072498791687,TSLA,15,close,or,2R,short_only,full,3.577254387307179,3.9247896514051925
1384,0.16874906976784174,2.095430567655388,-0.02667589627401664,0.49421965317919075,0.07443861140992612,2.995961012978972,0.002735814095925715,16.874906976784175,2.2831434355400826,244.32382793620107,TSLA,15,close,or,2R,long_short,full,3.577254387307179,3.9247896514051925
683,0.2054275513804496,2.1493296373368262,-0.03013485346927615,0.49487554904831627,0.0828948104452092,2.4978480410806054,0.012494974253382196,20.54275513804496,2.281160947130464,120.57310294828419,TSLA,15,close,or,3R,long_only,full,3.577254387307179,3.9247896514051925
701,0.16752257605620735,2.1939280781194057,-0.03167082610182804,0.4921540656205421,0.08988151747931786,2.0216685978980786,0.0432106000649819,16.752257605620734,2.285075018398527,123.75072498791687,TSLA,15,close,or,3R,short_only,full,3.577254387307179,3.9247896514051925
1384,0.18622857182676905,2.171331104677855,-0.030902839785552094,0.4934971098265896,0.08643359775078015,3.190717130614876,0.0014192015534115754,18.622857182676906,2.2831434355400826,244.32382793620107,TSLA,15,close,or,3R,long_short,full,3.577254387307179,3.9247896514051925
683,0.21357629864127256,2.198622170775054,-0.03013485346927615,0.49487554904831627,0.08740073684376183,2.5387083096219096,0.011126254439381533,21.357629864127254,2.281160947130464,120.57310294828419,TSLA,15,close,or,eod,long_only,full,3.577254387307179,3.9247896514051925
701,0.15731105756417663,2.1712538086556563,-0.03167082610182804,0.4921540656205421,0.08563467308449653,1.918260863795096,0.05507794219452955,15.731105756417662,2.285075018398527,123.75072498791687,TSLA,15,close,or,eod,short_only,full,3.577254387307179,3.9247896514051925
1384,0.1850777914194198,2.1841938686411826,-0.030902839785552094,0.4934971098265896,0.08650622044546344,3.152326331882597,0.00161975141067483,18.50777914194198,2.2831434355400826,244.32382793620107,TSLA,15,close,or,eod,long_short,full,3.577254387307179,3.9247896514051925
679,0.04187212171410216,0.5864517996145613,0.33073997665634375,0.5316642120765832,0.06840615880923459,1.8604908202246866,0.06281611602054804,4.1872121714102155,0.5014708442074021,119.86696471725472,TSLA,15,touch,atr10,1R,long_only,full,3.577254387307179,3.9247896514051925
716,0.032540691559570414,0.61466170608261,0.32851107424838455,0.5251396648044693,0.07696520104977322,1.416599657544949,0.15660000871804058,3.2540691559570414,0.5176147977638627,126.39874335427743,TSLA,15,touch,atr10,1R,short_only,full,3.577254387307179,3.9247896514051925
1395,0.03708265648783354,0.6008992687597221,0.3294016481547773,0.5283154121863799,0.072799186941296,2.304922176323235,0.021170932366446404,3.708265648783354,0.5097569164270621,246.26570807153215,TSLA,15,touch,atr10,1R,long_short,full,3.577254387307179,3.9247896514051925
679,0.06236486447279199,0.7779290245504737,-0.3664679769844943,0.38880706921944036,0.1141814081845736,2.0889829469741548,0.03670925826735916,6.2364864472792,0.5014708442074021,119.86696471725472,TSLA,15,touch,atr10,2R,long_only,full,3.577254387307179,3.9247896514051925
716,0.04267768948927401,0.7958912912735715,-0.384059120194875,0.3715083798882682,0.08891554103996988,1.434840603016268,0.15133252467563296,4.267768948927401,0.5176147977638627,126.39874335427743,TSLA,15,touch,atr10,2R,short_only,full,3.577254387307179,3.9247896514051925
1395,0.05226019258161001,0.7869790692122166,-0.3773567895203967,0.37992831541218636,0.10121340755694903,2.4802469699628706,0.01312914104873597,5.226019258161001,0.5097569164270621,246.26570807153215,TSLA,15,touch,atr10,2R,long_short,full,3.577254387307179,3.9247896514051925
679,0.08308762930605458,0.9542586903518745,-0.40736838645408807,0.30927835051546393,0.15530016128444538,2.2688465868217027,0.02327765682064098,8.308762930605457,0.5014708442074021,119.86696471725472,TSLA,15,touch,atr10,3R,long_only,full,3.577254387307179,3.9247896514051925
716,0.046122570747715995,0.9473075137117002,-0.41504543263740334,0.2918994413407821,0.10466315891440581,1.30280385467164,0.1926417344470841,4.612257074771599,0.5176147977638627,126.39874335427743,TSLA,15,touch,atr10,3R,short_only,full,3.577254387307179,3.9247896514051925
1395,0.06411488240442702,0.9505357865261023,-0.4098504601227034,0.3003584229390681,0.12931012996046806,2.519286048942623,0.011759308126634505,6.411488240442702,0.5097569164270621,246.26570807153215,TSLA,15,touch,atr10,3R,long_short,full,3.577254387307179,3.9247896514051925
679,0.11515114583320551,1.5228928626592333,-0.4296915907424823,0.20913107511045656,0.21833757883119967,1.9703065437614549,0.048803248928883214,11.515114583320551,0.5014708442074021,119.86696471725472,TSLA,15,touch,atr10,eod,long_only,full,3.577254387307179,3.9247896514051925
716,0.06595065684195135,1.4825098782435326,-0.4364566568621905,0.19832402234636873,0.13544725506702704,1.190359221296943,0.23390523352520143,6.595065684195135,0.5176147977638627,126.39874335427743,TSLA,15,touch,atr10,eod,short_only,full,3.577254387307179,3.9247896514051925
1395,0.08989842173446863,1.5019631922334813,-0.43343475515241714,0.203584229390681,0.1757931545909505,2.2355268033182227,0.0253827839826557,8.989842173446863,0.5097569164270621,246.26570807153215,TSLA,15,touch,atr10,eod,long_short,full,3.577254387307179,3.9247896514051925
686,0.17048848703089572,1.7421320385287464,0.26678183381626075,0.5335276967930029,0.0711462592804653,2.5631619471188367,0.010372365471610134,17.048848703089572,2.018083864536935,121.10270662155631,TSLA,15,touch,or,1R,long_only,full,3.577254387307179,3.9247896514051925
723,0.08015844848775829,1.7980673918545493,0.25241599211511745,0.5283540802213001,0.060888768705850076,1.198705467175935,0.2306424914533589,8.015844848775828,2.003868903727259,127.63448525857902,TSLA,15,touch,or,1R,short_only,full,3.577254387307179,3.9247896514051925
1409,0.12413744525184083,1.7710028489728271,0.25396825396824857,0.5308729595457772,0.06588283437950945,2.6311102112947253,0.008510643180205335,12.413744525184082,2.0107897434117428,248.73719188013533,TSLA,15,touch,or,1R,long_short,full,3.577254387307179,3.9247896514051925
686,0.23382077489696135,2.091501584785358,-0.09898764082367645,0.4897959183673469,0.09806284069095772,2.9281070841978116,0.0034103256785023017,23.382077489696133,2.018083864536935,121.10270662155631,TSLA,15,touch,or,2R,long_only,full,3.577254387307179,3.9247896514051925
723,0.12765741494562993,2.0833547623920454,-0.14934041317514204,0.47579529737206083,0.08703971198595552,1.6476006881034684,0.0994346391469838,12.765741494562993,2.003868903727259,127.63448525857902,TSLA,15,touch,or,2R,short_only,full,3.577254387307179,3.9247896514051925
1409,0.17934518281405673,2.0872587479366875,-0.11954572624029579,0.48261178140525196,0.09240654398853289,3.2252911338518104,0.00125844624020921,17.934518281405673,2.0107897434117428,248.73719188013533,TSLA,15,touch,or,2R,long_short,full,3.577254387307179,3.9247896514051925
686,0.24868234220959298,2.1837210716477182,-0.11328823868677025,0.4868804664723032,0.11373641243779826,2.9827018401698755,0.0028571618556076928,24.868234220959298,2.018083864536935,121.10270662155631,TSLA,15,touch,or,3R,long_only,full,3.577254387307179,3.9247896514051925
723,0.14837303831947884,2.2008122735629607,-0.16346601103062056,0.4702627939142462,0.09405435526604643,1.8127634635154093,0.06986831142176486,14.837303831947885,2.003868903727259,127.63448525857902,TSLA,15,touch,or,3R,short_only,full,3.577254387307179,3.9247896514051925
1409,0.19721064120707166,2.192303107486346,-0.13609913747698038,0.47835344215755854,0.10363696081595544,3.376643742874688,0.000733760208262213,19.721064120707165,2.0107897434117428,248.73719188013533,TSLA,15,touch,or,3R,long_short,full,3.577254387307179,3.9247896514051925
686,0.2641185854775657,2.2537842092941958,-0.11328823868677025,0.4868804664723032,0.12372716836715407,3.0693660758770247,0.0021451355888522095,26.411858547756573,2.018083864536935,121.10270662155631,TSLA,15,touch,or,eod,long_only,full,3.577254387307179,3.9247896514051925
723,0.14810805157707838,2.226736675769838,-0.16346601103062056,0.4702627939142462,0.0938395733232808,1.7884588620941457,0.07370200701071283,14.810805157707838,2.003868903727259,127.63448525857902,TSLA,15,touch,or,eod,short_only,full,3.577254387307179,3.9247896514051925
1409,0.20459011421422124,2.23990123112496,-0.13609913747698038,0.47835344215755854,0.10839095032831775,3.428556201476729,0.0006068008849244855,20.459011421422126,2.0107897434117428,248.73719188013533,TSLA,15,touch,or,eod,long_short,full,3.577254387307179,3.9247896514051925
647,0.015335164036300978,0.5177402269539847,0.24633270967340531,0.508500772797527,0.018768761096156387,0.7534052747506266,0.45120641406210016,1.533516403630098,0.4968830357980699,114.21785886901885,TSLA,30,close,atr10,1R,long_only,full,3.577254387307179,3.9247896514051925
663,0.008762578231017122,0.558275185449805,0.24146991105595114,0.5098039215686274,0.017861461091424332,0.4041479200251669,0.6861039484192308,0.8762578231017122,0.524274332546937,117.04241179313678,TSLA,30,close,atr10,1R,short_only,full,3.577254387307179,3.9247896514051925
1310,0.012008733205077168,0.5384412620304387,0.24390131036467821,0.5091603053435114,0.018309570330402678,0.8072248270982848,0.4195369644765592,1.2008733205077167,0.510745959267153,231.26027066215562,TSLA,30,close,atr10,1R,long_short,full,3.577254387307179,3.9247896514051925
647,0.021872967349047062,0.7170546680683907,-0.3744783841707564,0.3554868624420402,0.04650717313451806,0.7759032617483239,0.43780610659486774,2.1872967349047063,0.4968830357980699,114.21785886901885,TSLA,30,close,atr10,2R,long_only,full,3.577254387307179,3.9247896514051925
663,0.026754479594657286,0.7639872812813745,-0.38621966368732225,0.36048265460030166,0.05561433645447337,0.9017105345172718,0.3672106554602452,2.6754479594657288,0.524274332546937,117.04241179313678,TSLA,30,close,atr10,2R,short_only,full,3.577254387307179,3.9247896514051925
1310,0.024343534233657437,0.7409004019859462,-0.3805800801632015,0.3580152671755725,0.05111637105904507,1.189212450614525,0.23435607630329924,2.4343534233657436,0.510745959267153,231.26027066215562,TSLA,30,close,atr10,2R,long_short,full,3.577254387307179,3.9247896514051925
647,0.04882160601049232,0.8717241687088013,-0.3905193555821195,0.29675425038639874,0.1013058660218536,1.4245743319306845,0.1542802841483275,4.8821606010492316,0.4968830357980699,114.21785886901885,TSLA,30,close,atr10,3R,long_only,full,3.577254387307179,3.9247896514051925
663,0.02125381958013603,0.9105087235076915,-0.4117743308656031,0.28355957767722473,0.057391188468552644,0.6010486731000183,0.5478075680987524,2.125381958013603,0.524274332546937,117.04241179313678,TSLA,30,close,atr10,3R,short_only,full,3.577254387307179,3.9247896514051925
1310,0.03486935990108299,0.8913305879218337,-0.4024862522024212,0.2900763358778626,0.07908034600823637,1.4159268339859334,0.15679692742727425,3.486935990108299,0.510745959267153,231.26027066215562,TSLA,30,close,atr10,3R,long_short,full,3.577254387307179,3.9247896514051925
647,0.08549078177651699,1.3007531866678361,-0.407708738604726,0.22565687789799072,0.1824761928103893,1.671770010820814,0.09456968255018894,8.5490781776517,0.4968830357980699,114.21785886901885,TSLA,30,close,atr10,eod,long_only,full,3.577254387307179,3.9247896514051925
663,0.03005255696081227,1.2356503174277305,-0.4288060848016109,0.22473604826546004,0.05755430653916309,0.6262426015011935,0.531155828288211,3.0052556960812273,0.524274332546937,117.04241179313678,TSLA,30,close,atr10,eod,short_only,full,3.577254387307179,3.9247896514051925
1310,0.057433115323988586,1.2680399979037715,-0.41733733650584237,0.22519083969465647,0.11925236792655496,1.6393250274664544,0.10114558641002747,5.743311532398859,0.510745959267153,231.26027066215562,TSLA,30,close,atr10,eod,long_short,full,3.577254387307179,3.9247896514051925
653,0.12591881713079706,1.7963570416854815,0.13380625703544707,0.5329249617151608,0.04366219988923436,1.7912432432700574,0.07325426961399906,12.591881713079706,2.6625089156744615,115.27706621556307,TSLA,30,close,or,1R,long_only,full,3.577254387307179,3.9247896514051925
670,0.1614615115049416,1.8648712811922008,0.1136046422723253,0.5238805970149254,0.061357636927706204,2.241081002880826,0.02502082850333598,16.14615115049416,2.6900248953804824,118.27815369743837,TSLA,30,close,or,1R,short_only,full,3.577254387307179,3.9247896514051925
1323,0.143918518741286,1.8307689161890845,0.12571098837688846,0.528344671201814,0.0526236079132526,2.8593220436065825,0.00424547544640963,14.3918518741286,2.676443689977586,233.55521991300145,TSLA,30,close,or,1R,long_short,full,3.577254387307179,3.9247896514051925
653,0.15835717496756252,1.9750878836255887,0.040711736954286926,0.5145482388973966,0.05905933389200864,2.048839372423481,0.040477824354892,15.835717496756253,2.6625089156744615,115.27706621556307,TSLA,30,close,or,2R,long_only,full,3.577254387307179,3.9247896514051925
670,0.1630850038330859,1.9906930993553886,0.035724972050352896,0.5074626865671642,0.05819104196304227,2.1205431713403926,0.03396026481954184,16.30850038330859,2.6900248953804824,118.27815369743837,TSLA,30,close,or,2R,short_only,full,3.577254387307179,3.9247896514051925
1323,0.16075146471805435,1.9822575177857857,0.036771872201503394,0.5109599395313681,0.05861960933236581,2.9496792104336302,0.00318104026743371,16.075146471805436,2.676443689977586,233.55521991300145,TSLA,30,close,or,2R,long_short,full,3.577254387307179,3.9247896514051925
653,0.17169618961511135,2.0459635864763244,0.040711736954286926,0.5145482388973966,0.06308819311687186,2.1444669026447434,0.03199549463067508,17.169618961511134,2.6625089156744615,115.27706621556307,TSLA,30,close,or,3R,long_only,full,3.577254387307179,3.9247896514051925
670,0.16973751011134666,2.0186685863469465,0.035724972050352896,0.5074626865671642,0.06379747928510474,2.1764575638100414,0.02952106351533934,16.973751011134667,2.6900248953804824,118.27815369743837,TSLA,30,close,or,3R,short_only,full,3.577254387307179,3.9247896514051925
1323,0.17070426575455025,2.031417763038449,0.036771872201503394,0.5109599395313681,0.06344739321718632,3.056504575986875,0.002239340624139441,17.070426575455024,2.676443689977586,233.55521991300145,TSLA,30,close,or,3R,long_short,full,3.577254387307179,3.9247896514051925
653,0.17792960439289232,2.087364791708958,0.040711736954286926,0.5145482388973966,0.06476745285063093,2.178243616539972,0.02938790441807626,17.79296043928923,2.6625089156744615,115.27706621556307,TSLA,30,close,or,eod,long_only,full,3.577254387307179,3.9247896514051925
670,0.16069545777499222,1.9830330125390692,0.035724972050352896,0.5074626865671642,0.061114889992156876,2.0975438964665085,0.03594545558784068,16.069545777499222,2.6900248953804824,118.27815369743837,TSLA,30,close,or,eod,short_only,full,3.577254387307179,3.9247896514051925
1323,0.16920180527422787,2.034444504200814,0.036771872201503394,0.5109599395313681,0.0629177044642533,3.025095341802758,0.002485547613028549,16.920180527422787,2.676443689977586,233.55521991300145,TSLA,30,close,or,eod,long_short,full,3.577254387307179,3.9247896514051925
679,0.05062206158391954,0.5549381076343886,0.33071612881607193,0.5360824742268041,0.08230986749488103,2.377005387725439,0.017453833190270496,5.062206158391954,0.49964899754328695,119.86696471725472,TSLA,30,touch,atr10,1R,long_only,full,3.577254387307179,3.9247896514051925
685,0.0391275225906432,0.5892689127199338,0.32426964416153575,0.5255474452554745,0.0694974054229325,1.7378572755147763,0.0822359655076288,3.91275225906432,0.521213970771941,120.92617206379893,TSLA,30,touch,atr10,1R,short_only,full,3.577254387307179,3.9247896514051925
1364,0.04484951084316127,0.5722553991326502,0.32599586792294205,0.530791788856305,0.07587545655698899,2.894509618137023,0.003797512754439847,4.484951084316127,0.5104789144506389,240.79313678105365,TSLA,30,touch,atr10,1R,long_short,full,3.577254387307179,3.9247896514051925
679,0.059633519144730925,0.7517156190466197,-0.36838828751946734,0.3858615611192931,0.11460285783723467,2.067148859443239,0.038720129358940536,5.963351914473092,0.49964899754328695,119.86696471725472,TSLA,30,touch,atr10,2R,long_only,full,3.577254387307179,3.9247896514051925
685,0.07199063498983072,0.7912037764492502,-0.3748762893920685,0.38394160583941606,0.1217438762384807,2.381403230857982,0.017246821486189834,7.1990634989830715,0.521213970771941,120.92617206379893,TSLA,30,touch,atr10,2R,short_only,full,3.577254387307179,3.9247896514051925
1364,0.06583925547456475,0.7715408379727217,-0.37033968308723364,0.3848973607038123,0.11818907309005985,3.151615138435974,0.0016237013236524156,6.583925547456475,0.5104789144506389,240.79313678105365,TSLA,30,touch,atr10,2R,long_short,full,3.577254387307179,3.9247896514051925
679,0.06425552307121232,0.9002096587144579,-0.3936517018065016,0.31075110456553756,0.14582644601521974,1.8599517671258494,0.0628923502926042,6.425552307121232,0.49964899754328695,119.86696471725472,TSLA,30,touch,atr10,3R,long_only,full,3.577254387307179,3.9247896514051925
685,0.03653970025918077,0.9299339030577068,-0.415576808230888,0.2846715328467153,0.06850191551540429,1.028390805023706,0.3037660320428186,3.6539700259180767,0.521213970771941,120.92617206379893,TSLA,30,touch,atr10,3R,short_only,full,3.577254387307179,3.9247896514051925
1364,0.05033665311062463,0.9150271311398479,-0.4034679705888661,0.29765395894428154,0.10699411214984321,2.031690499056404,0.04218499836005041,5.033665311062463,0.5104789144506389,240.79313678105365,TSLA,30,touch,atr10,3R,long_short,full,3.577254387307179,3.9247896514051925
679,0.055986289626153346,1.2544839023585062,-0.41460337518342844,0.22827687776141384,0.15012026330331363,1.1629243947720869,0.24486017881980326,5.598628962615335,0.49964899754328695,119.86696471725472,TSLA,30,touch,atr10,eod,long_only,full,3.577254387307179,3.9247896514051925
685,0.09024056573752116,1.3657987851986009,-0.4289062897886422,0.22481751824817517,0.170481137119059,1.7292603072834714,0.08376251719190453,9.024056573752116,0.521213970771941,120.92617206379893,TSLA,30,touch,atr10,eod,short_only,full,3.577254387307179,3.9247896514051925
1364,0.07318876699879774,1.3111986967329776,-0.4229322451711466,0.22653958944281524,0.16034548219171949,2.0614988980227067,0.03925546849383599,7.318876699879774,0.5104789144506389,240.79313678105365,TSLA,30,touch,atr10,eod,long_short,full,3.577254387307179,3.9247896514051925
686,0.18089174682217674,1.8271712862218263,0.2476893835950377,0.5408163265306123,0.07153461287538287,2.592994220439101,0.009514436946958416,18.089174682217674,2.4373768398053697,121.10270662155631,TSLA,30,touch,or,1R,long_only,full,3.577254387307179,3.9247896514051925
692,0.16250349616728646,1.8498010220128747,0.1186650351924208,0.5245664739884393,0.06636575255407397,2.310951021904712,0.02083556037012979,16.250349616728645,2.4336774189252615,122.16191396810054,TSLA,30,touch,or,1R,short_only,full,3.577254387307179,3.9247896514051925
1378,0.17165758901870498,1.8379256004165452,0.2097389606511214,0.532656023222061,0.06893892975321614,3.4670466891447926,0.0005262104803767098,17.165758901870497,2.4355190754737044,243.26462058965683,TSLA,30,touch,or,1R,long_short,full,3.577254387307179,3.9247896514051925
686,0.1794822453335664,1.9939362042723914,0.10685886902924209,0.5145772594752187,0.06950829648234151,2.3576117797836966,0.018392916912083557,17.94822453335664,2.4373768398053697,121.10270662155631,TSLA,30,touch,or,2R,long_only,full,3.577254387307179,3.9247896514051925
692,0.20439078498497865,2.0670147357064184,-0.0006210022977079367,0.4985549132947977,0.07954634705450829,2.6011822759477994,0.009290307732192638,20.439078498497864,2.4336774189252615,122.16191396810054,TSLA,30,touch,or,2R,short_only,full,3.577254387307179,3.9247896514051925
1378,0.19199074274922479,2.0302641424074226,0.044655620771740054,0.5065312046444121,0.07454917528926416,3.5103656253559232,0.00044749091907170246,19.199074274922477,2.4355190754737044,243.26462058965683,TSLA,30,touch,or,2R,long_short,full,3.577254387307179,3.9247896514051925
686,0.1992977261549617,2.0705305613254836,0.10685886902924209,0.5145772594752187,0.08239467644409137,2.521057530927299,0.011700272082411978,19.92977261549617,2.4373768398053697,121.10270662155631,TSLA,30,touch,or,3R,long_only,full,3.577254387307179,3.9247896514051925
692,0.22003313902569369,2.1118004836647004,-0.0006210022977079367,0.4985549132947977,0.09089715831963321,2.7408688600735833,0.006127695915494558,22.003313902569367,2.4336774189252615,122.16191396810054,TSLA,30,touch,or,3R,short_only,full,3.577254387307179,3.9247896514051925
1378,0.20971057499860937,2.0906235002748597,0.044655620771740054,0.5065312046444121,0.08666442786490049,3.723652217830861,0.0001963613783264595,20.971057499860937,2.4355190754737044,243.26462058965683,TSLA,30,touch,or,3R,long_short,full,3.577254387307179,3.9247896514051925
686,0.20737190289003304,2.1268490077494855,0.10685886902924209,0.5145772594752187,0.08280767916446262,2.5537319602919224,0.010657526424007191,20.737190289003305,2.4373768398053697,121.10270662155631,TSLA,30,touch,or,eod,long_only,full,3.577254387307179,3.9247896514051925
692,0.2056891469796257,2.07205944699287,-0.0006210022977079367,0.4985549132947977,0.0843669336916974,2.6113327366357386,0.009019009476159745,20.56891469796257,2.4336774189252615,122.16191396810054,TSLA,30,touch,or,eod,short_only,full,3.577254387307179,3.9247896514051925
1378,0.20652686146042357,2.098751183015507,0.044655620771740054,0.5065312046444121,0.08359070103155003,3.6529203273270574,0.00025927469703512784,20.652686146042356,2.4355190754737044,243.26462058965683,TSLA,30,touch,or,eod,long_short,full,3.577254387307179,3.9247896514051925
404,-0.030030650807788942,0.4734593444539377,-0.25836192929098795,0.48267326732673266,-0.03293574321955986,-1.2748900575092763,0.202348158698471,-3.003065080778894,0.47037357026299403,71.31996133397777,NVDA,5,close,atr10,1R,long_only,is_2021_2024M05,3.577254387307179,3.9247896514051925
436,-0.0009581270295962488,0.47865424133073897,0.24840361001091943,0.5114678899082569,0.03134597101571398,-0.04179693398577831,0.966660579203759,-0.09581270295962488,0.47042804662859233,76.96906718221364,NVDA,5,close,atr10,1R,short_only,is_2021_2024M05,3.577254387307179,3.9247896514051925
840,-0.014940626561012743,0.4761011043383566,-0.23909238521383033,0.4976190476190476,0.0004295275025584678,-0.909513741290927,0.36307900773279944,-1.4940626561012744,0.4704018460908521,148.2890285161914,NVDA,5,close,atr10,1R,long_short,is_2021_2024M05,3.577254387307179,3.9247896514051925
404,-0.01934460577833064,0.6334121223412181,-0.3128922447263267,0.33663366336633666,-0.004972318152218012,-0.6138527355405129,0.5393126453902046,-1.9344605778330641,0.47037357026299403,71.31996133397777,NVDA,5,close,atr10,2R,long_only,is_2021_2024M05,3.577254387307179,3.9247896514051925
436,0.043083503161210214,0.6773975406493936,-0.3061445737125716,0.37844036697247707,0.1437312921166314,1.3280384161106975,0.1841654162322981,4.308350316121022,0.47042804662859233,76.96906718221364,NVDA,5,close,atr10,2R,short_only,is_2021_2024M05,3.577254387307179,3.9247896514051925
840,0.013058555528383423,0.656962861858396,-0.3115608556541571,0.35833333333333334,0.07221193670161336,0.5760948111664422,0.5645510985024762,1.3058555528383424,0.4704018460908521,148.2890285161914,NVDA,5,close,atr10,2R,long_short,is_2021_2024M05,3.577254387307179,3.9247896514051925
404,-0.011536347527338035,0.7531573631116941,-0.33378443663088386,0.2698019801980198,0.04353239180459009,-0.3078741932303964,0.7581780634343591,-1.1536347527338036,0.47037357026299403,71.31996133397777,NVDA,5,close,atr10,3R,long_only,is_2021_2024M05,3.577254387307179,3.9247896514051925
436,0.05518612669990255,0.8306851696403449,-0.33013715130875865,0.2981651376146789,0.18143921097799987,1.3871924017519424,0.16538310176028315,5.5186126699902545,0.47042804662859233,76.96906718221364,NVDA,5,close,atr10,3R,short_only,is_2021_2024M05,3.577254387307179,3.9247896514051925
840,0.02309579385727731,0.7945734821328976,-0.3319031551138766,0.2845238095238095,0.11511259794697899,0.8424390130405943,0.39954226336964993,2.3095793857277314,0.4704018460908521,148.2890285161914,NVDA,5,close,atr10,3R,long_short,is_2021_2024M05,3.577254387307179,3.9247896514051925
404,0.11440719391121412,1.3511335846781942,-0.35894684383515774,0.19801980198019803,0.3912082195172641,1.7019458061106654,0.08876552788611125,11.440719391121412,0.47037357026299403,71.31996133397777,NVDA,5,close,atr10,eod,long_only,is_2021_2024M05,3.577254387307179,3.9247896514051925
436,0.07609199822953178,1.3249591301502348,-0.35440456334490866,0.19724770642201836,0.18649056369205133,1.1991672291079838,0.23046292705165117,7.609199822953178,0.47042804662859233,76.96906718221364,NVDA,5,close,atr10,eod,short_only,is_2021_2024M05,3.577254387307179,3.9247896514051925
840,0.0945197828192933,1.3369503831403924,-0.35622238961259334,0.1976190476190476,0.2849500076841775,2.049024107514017,0.040459757647567596,9.45197828192933,0.4704018460908521,148.2890285161914,NVDA,5,close,atr10,eod,long_short,is_2021_2024M05,3.577254387307179,3.9247896514051925
410,0.17670041906034803,1.4655015403359053,0.5859838930425616,0.5804878048780487,0.11237460955131366,2.441424107223305,0.014629462892557399,17.670041906034804,1.5689898344377324,72.37916868052199,NVDA,5,close,or,1R,long_only,is_2021_2024M05,3.577254387307179,3.9247896514051925
444,-0.0372118146444757,1.5818563451698693,-0.04874334325544662,0.49774774774774777,0.010811987273732523,-0.49568444796727745,0.6201170612674618,-3.72118146444757,1.6046792661246567,78.38134364427259,NVDA,5,close,or,1R,short_only,is_2021_2024M05,3.577254387307179,3.9247896514051925
854,0.06548609615058017,1.5299535613373965,0.29825951503217596,0.5374707259953162,0.059571560029948296,1.2508343174595042,0.21099493159625604,6.548609615058017,1.587544995642644,150.76051232479458,NVDA,5,close,or,1R,long_short,is_2021_2024M05,3.577254387307179,3.9247896514051925
410,0.2970036854433678,1.7949424453481573,0.1181799587926805,0.526829268292683,0.19357526184336296,3.3504507564169344,0.0008068015316275989,29.70036854433678,1.5689898344377324,72.37916868052199,NVDA,5,close,or,2R,long_only,is_2021_2024M05,3.577254387307179,3.9247896514051925
444,-0.04225021232535411,1.8530809058284765,-0.5413241400796662,0.43018018018018017,0.028332054178376802,-0.4804254435349993,0.6309249058970394,-4.22502123253541,1.6046792661246567,78.38134364427259,NVDA,5,close,or,2R,short_only,is_2021_2024M05,3.577254387307179,3.9247896514051925
854,0.12062343882824775,1.8321982732932307,-0.1966964269176103,0.4765807962529274,0.10766427331496266,1.9239251476813037,0.054363966563774735,12.062343882824775,1.587544995642644,150.76051232479458,NVDA,5,close,or,2R,long_short,is_2021_2024M05,3.577254387307179,3.9247896514051925
410,0.33344100877574967,1.916751878608455,0.05790140761689806,0.5170731707317073,0.21655451557508304,3.5224516610590055,0.00042757500855072905,33.34410087757497,1.5689898344377324,72.37916868052199,NVDA,5,close,or,3R,long_only,is_2021_2024M05,3.577254387307179,3.9247896514051925
444,0.0005040715362019811,1.9827361939666488,-0.5565209422153862,0.42567567567567566,0.05583309553150448,0.005356963965506727,0.9957257816020737,0.050407153620198104,1.6046792661246567,78.38134364427259,NVDA,5,close,or,3R,short_only,is_2021_2024M05,3.577254387307179,3.9247896514051925
854,0.16034498988305745,1.9572839989008868,-0.25704319541211185,0.46955503512880564,0.13299443302315228,2.394034938624775,0.01666416132088333,16.034498988305746,1.587544995642644,150.76051232479458,NVDA,5,close,or,3R,long_short,is_2021_2024M05,3.577254387307179,3.9247896514051925
410,0.35372429306287234,2.000534368065507,0.055294566137624346,0.5146341463414634,0.23548127429678767,3.5802289414428037,0.00034329329472759795,35.37242930628723,1.5689898344377324,72.37916868052199,NVDA,5,close,or,eod,long_only,is_2021_2024M05,3.577254387307179,3.9247896514051925
444,-0.0066297834422080785,1.9914994557854828,-0.5565209422153862,0.42567567567567566,0.05221371539809825,-0.0701472476937743,0.9440764610719103,-0.6629783442208078,1.6046792661246567,78.38134364427259,NVDA,5,close,or,eod,short_only,is_2021_2024M05,3.577254387307179,3.9247896514051925
854,0.16637393010238558,2.0027892335102764,-0.2666375098645952,0.468384074941452,0.14019931159067747,2.427610252377354,0.015198666504813385,16.637393010238558,1.587544995642644,150.76051232479458,NVDA,5,close,or,eod,long_short,is_2021_2024M05,3.577254387307179,3.9247896514051925
416,-0.052373440153063965,0.6090308408952196,-0.2715502953831208,0.4735576923076923,-0.07065837241586836,-1.7539551392301465,0.07943819432345212,-5.237344015306396,0.47305250211718225,73.43837602706621,NVDA,5,touch,atr10,1R,long_only,is_2021_2024M05,3.577254387307179,3.9247896514051925
428,-0.016719747836672814,0.6131752338852643,-0.24997027824261864,0.4883177570093458,-0.02084143058651933,-0.5641141614367576,0.5726764409411187,-1.6719747836672814,0.46685694980404646,75.55679072015467,NVDA,5,touch,atr10,1R,short_only,is_2021_2024M05,3.577254387307179,3.9247896514051925
844,-0.03429313172721631,0.6110338572925078,-0.26364847982713,0.48104265402843605,-0.04539575262562976,-1.6304710644726501,0.10300197587971405,-3.4293131727216313,0.46991068174985745,148.99516674722088,NVDA,5,touch,atr10,1R,long_short,is_2021_2024M05,3.577254387307179,3.9247896514051925
416,-0.04084657118894152,0.7231514606870946,-0.33299215500410995,0.3557692307692308,-0.04257181688785964,-1.1520544443504384,0.24929870145844113,-4.084657118894152,0.47305250211718225,73.43837602706621,NVDA,5,touch,atr10,2R,long_only,is_2021_2024M05,3.577254387307179,3.9247896514051925
428,0.022247307854117777,0.7544106773117512,-0.31622683261182577,0.3855140186915888,0.06975612780961755,0.6100866511487781,0.5418044088180038,2.224730785411778,0.46685694980404646,75.55679072015467,NVDA,5,touch,atr10,2R,short_only,is_2021_2024M05,3.577254387307179,3.9247896514051925
844,-0.00885109698227164,0.7394044501667609,-0.3260763142989791,0.3708530805687204,0.014390695352093247,-0.34776531333824984,0.7280164414790822,-0.885109698227164,0.46991068174985745,148.99516674722088,NVDA,5,touch,atr10,2R,long_short,is_2021_2024M05,3.577254387307179,3.9247896514051925
416,-0.018139381324491197,0.842700350353517,-0.35669216595530845,0.2980769230769231,0.02078665533677171,-0.4390317830022491,0.6606385069018046,-1.8139381324491197,0.47305250211718225,73.43837602706621,NVDA,5,touch,atr10,3R,long_only,is_2021_2024M05,3.577254387307179,3.9247896514051925
428,0.04493092095535852,0.8995762286737798,-0.3526235014705315,0.3107476635514019,0.1289081059023925,1.0333066736694265,0.3014604051269343,4.493092095535852,0.46685694980404646,75.55679072015467,NVDA,5,touch,atr10,3R,short_only,is_2021_2024M05,3.577254387307179,3.9247896514051925
844,0.013844136893252498,0.872060890512076,-0.35425612970349635,0.30450236966824645,0.07561601652407704,0.46120106161099483,0.6446543601115298,1.3844136893252499,0.46991068174985745,148.99516674722088,NVDA,5,touch,atr10,3R,long_short,is_2021_2024M05,3.577254387307179,3.9247896514051925
416,0.1579439705163172,1.6020174187923655,-0.3919279088921473,0.2091346153846154,0.4889859395582024,2.0108629987909166,0.04433992958442934,15.79439705163172,0.47305250211718225,73.43837602706621,NVDA,5,touch,atr10,eod,long_only,is_2021_2024M05,3.577254387307179,3.9247896514051925
428,0.10214300238437753,1.400536015113077,-0.3924747532822467,0.2102803738317757,0.2697315077316995,1.5088157975362209,0.13134586251731029,10.214300238437753,0.46685694980404646,75.55679072015467,NVDA,5,touch,atr10,eod,short_only,is_2021_2024M05,3.577254387307179,3.9247896514051925
844,0.12964679710343782,1.5025872000253915,-0.39242225773042827,0.20971563981042654,0.3778000428499758,2.506647877162042,0.012188206311661842,12.964679710343782,0.46991068174985745,148.99516674722088,NVDA,5,touch,atr10,eod,long_short,is_2021_2024M05,3.577254387307179,3.9247896514051925
423,0.020001435316136202,1.2912341246104335,0.3017384564278579,0.5153664302600472,0.021254580905246363,0.31858575317871923,0.7500406582569661,2.0001435316136202,1.2586583894132557,74.6741179313678,NVDA,5,touch,or,1R,long_only,is_2021_2024M05,3.577254387307179,3.9247896514051925
435,-0.025680650702075026,1.32436750222117,0.12458984037697567,0.5011494252873563,0.02190824881697808,-0.40442885784555477,0.6858973829387327,-2.5680650702075027,1.2708287709832888,76.79253262445626,NVDA,5,touch,or,1R,short_only,is_2021_2024M05,3.577254387307179,3.9247896514051925
858,-0.0031590628399499267,1.3075742184396815,0.2309889017941283,0.5081585081585082,0.02158598596539007,-0.07076777804531378,0.9435825769004693,-0.31590628399499265,1.2648286877616992,151.46665055582406,NVDA,5,touch,or,1R,long_short,is_2021_2024M05,3.577254387307179,3.9247896514051925
423,0.13887734083847364,1.6697123306784856,-0.6886319963056872,0.4373522458628842,0.13003796267707998,1.7106451149412,0.08714664529446026,13.887734083847365,1.2586583894132557,74.6741179313678,NVDA,5,touch,or,2R,long_only,is_2021_2024M05,3.577254387307179,3.9247896514051925
435,-0.02287225721661795,1.6743730346069825,-0.7254919742450324,0.3931034482758621,0.04447831967845995,-0.2849058939027489,0.7757162403641751,-2.287225721661795,1.2708287709832888,76.79253262445626,NVDA,5,touch,or,2R,short_only,is_2021_2024M05,3.577254387307179,3.9247896514051925
858,0.05687142574061249,1.6730589155640008,-0.7077422460005338,0.4149184149184149,0.08665982199596145,0.9956954562540185,0.31939813848592746,5.687142574061249,1.2648286877616992,151.46665055582406,NVDA,5,touch,or,2R,long_short,is_2021_2024M05,3.577254387307179,3.9247896514051925
423,0.14873552566791728,1.817161075210536,-0.7283126787416683,0.408983451536643,0.1418882206949839,1.683416079122515,0.09229457272412422,14.873552566791728,1.2586583894132557,74.6741179313678,NVDA,5,touch,or,3R,long_only,is_2021_2024M05,3.577254387307179,3.9247896514051925
435,-0.006128842604588646,1.8311481236363047,-0.7646961827026093,0.367816091954023,0.077937822615057,-0.0698071038669201,0.9443471929058536,-0.6128842604588647,1.2708287709832888,76.79253262445626,NVDA,5,touch,or,3R,short_only,is_2021_2024M05,3.577254387307179,3.9247896514051925
858,0.07022037392136708,1.8248465431410597,-0.7507547211662953,0.3881118881118881,0.10946581607404193,1.1271466704253759,0.25968047384343307,7.022037392136708,1.2648286877616992,151.46665055582406,NVDA,5,touch,or,3R,long_short,is_2021_2024M05,3.577254387307179,3.9247896514051925
423,0.18944903527348778,1.9851967267347843,-0.7283126787416683,0.40425531914893614,0.16923853842700212,1.9627230884323454,0.04967835882989968,18.944903527348778,1.2586583894132557,74.6741179313678,NVDA,5,touch,or,eod,long_only,is_2021_2024M05,3.577254387307179,3.9247896514051925
435,-0.014132498905393361,1.8697111024218955,-0.7646961827026093,0.3632183908045977,0.08253720316088486,-0.15764822383356247,0.8747340015519165,-1.413249890539336,1.2708287709832888,76.79253262445626,NVDA,5,touch,or,eod,short_only,is_2021_2024M05,3.577254387307179,3.9247896514051925
858,0.0862346210918872,1.9290745321534808,-0.7507547211662953,0.38344988344988346,0.1252815677501245,1.3094119374302098,0.1903948499835022,8.62346210918872,1.2648286877616992,151.46665055582406,NVDA,5,touch,or,eod,long_short,is_2021_2024M05,3.577254387307179,3.9247896514051925
415,-0.024360817381384264,0.44444801978822235,-0.24564885713877688,0.4843373493975904,-0.025925591494367514,-1.1165930720623403,0.26416835515540704,-2.4360817381384265,0.4675927462365205,73.26184146930885,NVDA,15,close,atr10,1R,long_only,is_2021_2024M05,3.577254387307179,3.9247896514051925
414,-0.05334458721516625,0.458465312100397,-0.2795949038124095,0.4468599033816425,-0.09796860383070176,-2.3674676170111253,0.01791028733028943,-5.334458721516625,0.46938957251830216,73.08530691155147,NVDA,15,close,atr10,1R,short_only,is_2021_2024M05,3.577254387307179,3.9247896514051925
829,-0.03883522113432244,0.4514627971590243,-0.2638355488348819,0.46562123039806996,-0.061903645905998846,-2.476743772493634,0.013258704796101028,-3.8835221134322437,0.4684900756462402,146.34714838086032,NVDA,15,close,atr10,1R,long_short,is_2021_2024M05,3.577254387307179,3.9247896514051925
415,-0.020442146619426473,0.6070568333519439,-0.30788420847198983,0.3325301204819277,-0.02690324623205446,-0.6859953867559773,0.4927160175037484,-2.044214661942647,0.4675927462365205,73.26184146930885,NVDA,15,close,atr10,2R,long_only,is_2021_2024M05,3.577254387307179,3.9247896514051925
414,-0.03459357465504457,0.6312080249641571,-0.3266787146548367,0.3140096618357488,-0.0580336158552101,-1.1151238387045899,0.2647973572844935,-3.459357465504457,0.46938957251830216,73.08530691155147,NVDA,15,close,atr10,2R,short_only,is_2021_2024M05,3.577254387307179,3.9247896514051925
829,-0.027509325397165798,0.6189020302790953,-0.3165145770364684,0.3232810615199035,-0.04244965518740601,-1.2797799395243705,0.20062254094767207,-2.7509325397165796,0.4684900756462402,146.34714838086032,NVDA,15,close,atr10,2R,long_short,is_2021_2024M05,3.577254387307179,3.9247896514051925
415,0.01554670278678319,0.756122286133661,-0.32396019389375225,0.27951807228915665,0.06416198424032361,0.4188613668889545,0.6753174527891983,1.5546702786783189,0.4675927462365205,73.26184146930885,NVDA,15,close,atr10,3R,long_only,is_2021_2024M05,3.577254387307179,3.9247896514051925
414,-0.015709604606519424,0.7744406592257979,-0.3414492080508714,0.25120772946859904,-0.022355987939605946,-0.41274068352385224,0.6797966142781053,-1.5709604606519423,0.46938957251830216,73.08530691155147,NVDA,15,close,atr10,3R,short_only,is_2021_2024M05,3.577254387307179,3.9247896514051925
829,-6.2599096000017e-05,0.7650227520258743,-0.3338210594315176,0.26537997587454765,0.020955180280744796,-0.00235597661514618,0.9981202043721695,-0.0062599096000017,0.4684900756462402,146.34714838086032,NVDA,15,close,atr10,3R,long_short,is_2021_2024M05,3.577254387307179,3.9247896514051925
415,0.11580086678557978,1.264038267528286,-0.3399358659540672,0.21204819277108433,0.3118704740154177,1.8662749917895145,0.06200290178123735,11.58008667855798,0.4675927462365205,73.26184146930885,NVDA,15,close,atr10,eod,long_only,is_2021_2024M05,3.577254387307179,3.9247896514051925
414,-0.00390797934228578,1.1755957346812995,-0.3549695932213699,0.17391304347826086,-0.05814743653619992,-0.06763857170799746,0.9460733499093987,-0.390797934228578,0.46938957251830216,73.08530691155147,NVDA,15,close,atr10,eod,short_only,is_2021_2024M05,3.577254387307179,3.9247896514051925
829,0.05601864447323198,1.2214036177136334,-0.34852779814558044,0.19300361881785283,0.12708468997637096,1.3205372576853942,0.1866557051683264,5.601864447323198,0.4684900756462402,146.34714838086032,NVDA,15,close,atr10,eod,long_short,is_2021_2024M05,3.577254387307179,3.9247896514051925
422,0.14296449133573277,1.6631073389401476,0.3506785589544623,0.5497630331753555,0.08015946765475714,1.7658919584540094,0.07741397658086946,14.296449133573278,2.0703498969544376,74.49758337361044,NVDA,15,close,or,1R,long_only,is_2021_2024M05,3.577254387307179,3.9247896514051925
421,0.007023051437514057,1.6735574745997248,0.0375982582388332,0.505938242280285,0.002870602611540723,0.08610458250856096,0.9313832808412748,0.7023051437514057,2.016242887781469,74.32104881585306,NVDA,15,close,or,1R,short_only,is_2021_2024M05,3.577254387307179,3.9247896514051925
843,0.07507440094765438,1.668729894448228,0.19948403250245544,0.527876631079478,0.04156087669011407,1.3062298877151999,0.19147439182576598,7.507440094765439,2.0433284843069646,148.8186321894635,NVDA,15,close,or,1R,long_short,is_2021_2024M05,3.577254387307179,3.9247896514051925
422,0.24290777532017857,1.8926337135914397,0.2575558053771967,0.533175355450237,0.14531216590812976,2.636519999540376,0.008376126243850646,24.290777532017856,2.0703498969544376,74.49758337361044,NVDA,15,close,or,2R,long_only,is_2021_2024M05,3.577254387307179,3.9247896514051925
421,-0.029874254757528043,1.8629312812198038,-0.1631461445990142,0.4679334916864608,-0.015538802310374149,-0.3290343907886772,0.7421296938906252,-2.9874254757528043,2.016242887781469,74.32104881585306,NVDA,15,close,or,2R,short_only,is_2021_2024M05,3.577254387307179,3.9247896514051925
843,0.10667855270723137,1.8816988315999643,0.00909934666690104,0.5005931198102017,0.06498208569461832,1.6460415252710148,0.09975520997762599,10.667855270723138,2.0433284843069646,148.8186321894635,NVDA,15,close,or,2R,long_short,is_2021_2024M05,3.577254387307179,3.9247896514051925
422,0.290876683753577,2.0074073432610504,0.2484017962915152,0.533175355450237,0.17176127384628392,2.9766627122155502,0.0029140440456867367,29.0876683753577,2.0703498969544376,74.49758337361044,NVDA,15,close,or,3R,long_only,is_2021_2024M05,3.577254387307179,3.9247896514051925
421,-0.04131398141600243,1.859948311408714,-0.1631461445990142,0.4655581947743468,-0.02326235192175324,-0.45576106631921964,0.6485618040102024,-4.1313981416002425,2.016242887781469,74.32104881585306,NVDA,15,close,or,3R,short_only,is_2021_2024M05,3.577254387307179,3.9247896514051925
843,0.12497838003306347,1.9411485791375167,0.0,0.49940688018979834,0.07436513333816572,1.8693468908687139,0.06157456831817765,12.497838003306347,2.0433284843069646,148.8186321894635,NVDA,15,close,or,3R,long_short,is_2021_2024M05,3.577254387307179,3.9247896514051925
422,0.2747658014579111,1.9878871348272282,0.24055740915884874,0.5308056872037915,0.16278527431958015,2.8394039358433614,0.004519790185914863,27.476580145791107,2.0703498969544376,74.49758337361044,NVDA,15,close,or,eod,long_only,is_2021_2024M05,3.577254387307179,3.9247896514051925
421,-0.03593906014747943,1.8859616986277765,-0.1631461445990142,0.4655581947743468,-0.023665005035449733,-0.3909983232087794,0.6957984752866568,-3.5939060147479434,2.016242887781469,74.32104881585306,NVDA,15,close,or,eod,short_only,is_2021_2024M05,3.577254387307179,3.9247896514051925
843,0.11959765586375996,1.9427331552316258,-0.0007409108758300724,0.498220640569395,0.06967072199636833,1.787406375822053,0.07387183188351898,11.959765586375996,2.0433284843069646,148.8186321894635,NVDA,15,close,or,eod,long_short,is_2021_2024M05,3.577254387307179,3.9247896514051925
409,0.0313994253161217,0.5295499518302069,0.274307900272172,0.5378973105134475,0.1054880734912724,1.1991580318541037,0.23046650259835388,3.13994253161217,0.4679900814101165,72.20263412276462,NVDA,15,touch,atr10,1R,long_only,is_2021_2024M05,3.577254387307179,3.9247896514051925
426,-0.038635381836292323,0.5189453806201809,-0.2798450922041398,0.4647887323943662,-0.06848198295662783,-1.536626639059679,0.12438476525362341,-3.8635381836292324,0.46797680372072115,75.20372160463992,NVDA,15,touch,atr10,1R,short_only,is_2021_2024M05,3.577254387307179,3.9247896514051925
835,-0.004330907434690715,0.5250219189461758,0.013437154574507624,0.5005988023952096,0.01673209259689457,-0.23836621715476086,0.8115970671405015,-0.4330907434690715,0.46798330740331123,147.40635572740453,NVDA,15,touch,atr10,1R,long_short,is_2021_2024M05,3.577254387307179,3.9247896514051925
409,0.0220927915757416,0.6689202140773465,-0.30647815546684226,0.39364303178484106,0.13887760210193772,0.6679407337908928,0.5041714245079516,2.20927915757416,0.4679900814101165,72.20263412276462,NVDA,15,touch,atr10,2R,long_only,is_2021_2024M05,3.577254387307179,3.9247896514051925
426,-0.019387175822480025,0.6762916290873017,-0.3220201428921838,0.3333333333333333,-0.04968828146678268,-0.591677884354521,0.5540663086823383,-1.9387175822480025,0.46797680372072115,75.20372160463992,NVDA,15,touch,atr10,2R,short_only,is_2021_2024M05,3.577254387307179,3.9247896514051925
835,0.0009305567114991875,0.6726079073884021,-0.31464637459395517,0.362874251497006,0.04267512737106958,0.03997828086618862,0.9681104418054556,0.09305567114991875,0.46798330740331123,147.40635572740453,NVDA,15,touch,atr10,2R,long_short,is_2021_2024M05,3.577254387307179,3.9247896514051925
409,0.03958929356375649,0.8025813462731163,-0.3253934643639498,0.31784841075794623,0.18916074324451881,0.997585997637086,0.318480153725027,3.958929356375649,0.4679900814101165,72.20263412276462,NVDA,15,touch,atr10,3R,long_only,is_2021_2024M05,3.577254387307179,3.9247896514051925
426,-0.024063030046110736,0.8080263935933383,-0.35063003202257803,0.2535211267605634,-0.05653668965747895,-0.6146523777002455,0.538784316041161,-2.4063030046110736,0.46797680372072115,75.20372160463992,NVDA,15,touch,atr10,3R,short_only,is_2021_2024M05,3.577254387307179,3.9247896514051925
835,0.00711517397357274,0.8055105279374297,-0.33561648519998233,0.28502994011976046,0.06381091520110438,0.25524517446029177,0.7985337420806067,0.7115173973572739,0.46798330740331123,147.40635572740453,NVDA,15,touch,atr10,3R,long_short,is_2021_2024M05,3.577254387307179,3.9247896514051925
409,0.1597912560488127,1.3431713039581112,-0.3423864816862702,0.2469437652811736,0.5221614795503293,2.40593150844566,0.01613128872319125,15.97912560488127,0.4679900814101165,72.20263412276462,NVDA,15,touch,atr10,eod,long_only,is_2021_2024M05,3.577254387307179,3.9247896514051925
426,0.04488393416494553,1.355909834507336,-0.36370682910205526,0.16901408450704225,0.025582725871692396,0.6832268189263832,0.49446352844128594,4.488393416494553,0.46797680372072115,75.20372160463992,NVDA,15,touch,atr10,eod,short_only,is_2021_2024M05,3.577254387307179,3.9247896514051925
835,0.10116787985416908,1.3501001565977278,-0.3565001389660868,0.20718562874251498,0.2688171094100906,2.1653090886853783,0.03036402281253947,10.11678798541691,0.46798330740331123,147.40635572740453,NVDA,15,touch,atr10,eod,long_short,is_2021_2024M05,3.577254387307179,3.9247896514051925
416,0.1634249963146459,1.5983106760706784,0.611345762749995,0.5673076923076923,0.11494549739865606,2.085470009537392,0.03702665770316482,16.34249963146459,1.815127596315715,73.43837602706621,NVDA,15,touch,or,1R,long_only,is_2021_2024M05,3.577254387307179,3.9247896514051925
433,-0.04890045956591748,1.6421709644912386,-0.1077133382274763,0.49191685912240185,-0.012258286524975962,-0.6196386795484506,0.535495695374459,-4.890045956591748,1.771279185411319,76.43946350894151,NVDA,15,touch,or,1R,short_only,is_2021_2024M05,3.577254387307179,3.9247896514051925
849,0.055136512926796756,1.6233511253950934,0.2861929359207013,0.5288574793875147,0.050070069319819,0.9896478253065509,0.3223462852233112,5.5136512926796755,1.792764390283202,149.87783953600774,NVDA,15,touch,or,1R,long_short,is_2021_2024M05,3.577254387307179,3.9247896514051925
416,0.24258140025463323,1.8740664332378438,0.23800717819587117,0.5264423076923077,0.1723643666582548,2.6400927343775846,0.008288334433780076,24.258140025463323,1.815127596315715,73.43837602706621,NVDA,15,touch,or,2R,long_only,is_2021_2024M05,3.577254387307179,3.9247896514051925
433,-0.0425311182909611,1.9072224601472683,-0.5078336034575954,0.43648960739030024,-0.014886743716190937,-0.4640335672245933,0.6426236964010839,-4.2531118290961105,1.771279185411319,76.43946350894151,NVDA,15,touch,or,2R,short_only,is_2021_2024M05,3.577254387307179,3.9247896514051925
849,0.09717065758061397,1.8953074820268785,-0.14266532393420994,0.48056537102473496,0.07686409481828425,1.4938579745558747,0.13521274473576694,9.717065758061397,1.792764390283202,149.87783953600774,NVDA,15,touch,or,2R,long_short,is_2021_2024M05,3.577254387307179,3.9247896514051925
416,0.2626197556626252,1.94969291227682,0.16737431940853592,0.5216346153846154,0.18957321243259295,2.7473111285303116,0.006008610502360456,26.261975566262517,1.815127596315715,73.43837602706621,NVDA,15,touch,or,3R,long_only,is_2021_2024M05,3.577254387307179,3.9247896514051925
433,-0.06609840581534644,1.9355535698528088,-0.539616570585874,0.4295612009237875,-0.030774577407970752,-0.7106074194354163,0.4773275441286664,-6.609840581534645,1.771279185411319,76.43946350894151,NVDA,15,touch,or,3R,short_only,is_2021_2024M05,3.577254387307179,3.9247896514051925
849,0.09496962148128041,1.9482990108071474,-0.1569295610455967,0.4746760895170789,0.07719324423357755,1.4203093372259765,0.15551764402238355,9.496962148128041,1.792764390283202,149.87783953600774,NVDA,15,touch,or,3R,long_short,is_2021_2024M05,3.577254387307179,3.9247896514051925
416,0.2736139301423013,1.9965371917649026,0.1389164328133417,0.5192307692307693,0.19667747409712882,2.795165098333297,0.005187321660127919,27.361393014230128,1.815127596315715,73.43837602706621,NVDA,15,touch,or,eod,long_only,is_2021_2024M05,3.577254387307179,3.9247896514051925
433,-0.07824711149128455,1.9353704442405915,-0.539616570585874,0.4295612009237875,-0.0426564792630683,-0.8412947100260071,0.4001828534390004,-7.824711149128455,1.771279185411319,76.43946350894151,NVDA,15,touch,or,eod,short_only,is_2021_2024M05,3.577254387307179,3.9247896514051925
849,0.09416065449172101,1.9722869548767503,-0.1569295610455967,0.4734982332155477,0.07461433887337694,1.3910835386923142,0.16420009597984286,9.4160654491721,1.792764390283202,149.87783953600774,NVDA,15,touch,or,eod,long_short,is_2021_2024M05,3.577254387307179,3.9247896514051925
406,0.02126701428110848,0.4474663951049436,0.26610253707191284,0.5320197044334976,0.07334971040758238,0.9576550745361025,0.33823671765632213,2.1267014281108483,0.47142677378420883,71.6730304494925,NVDA,30,close,atr10,1R,long_only,is_2021_2024M05,3.577254387307179,3.9247896514051925
389,-0.03790044644198825,0.4627777056088024,-0.2638355488348819,0.4730077120822622,-0.04258335630386206,-1.615275841827013,0.10625097283900775,-3.790044644198825,0.47198328775557546,68.6719429676172,NVDA,30,close,atr10,1R,short_only,is_2021_2024M05,3.577254387307179,3.9247896514051925
795,-0.007684108009815576,0.45569774852633416,0.18998432168218626,0.5031446540880503,0.016622712985252964,-0.47544484425929945,0.634469937480528,-0.7684108009815576,0.4716990806205128,140.3449734171097,NVDA,30,close,atr10,1R,long_short,is_2021_2024M05,3.577254387307179,3.9247896514051925
406,-0.013556654108512914,0.6059725911152084,-0.3042405435476644,0.3472906403940887,0.014026940654221354,-0.45077783275216043,0.6521496794193753,-1.3556654108512913,0.47142677378420883,71.6730304494925,NVDA,30,close,atr10,2R,long_only,is_2021_2024M05,3.577254387307179,3.9247896514051925
389,-0.04987001510606372,0.6243328216615486,-0.3211088598515033,0.30848329048843187,-0.07764108861096262,-1.575426453964521,0.11515804219829606,-4.987001510606372,0.47198328775557546,68.6719429676172,NVDA,30,close,atr10,2R,short_only,is_2021_2024M05,3.577254387307179,3.9247896514051925
795,-0.031325078546308206,0.6149053105063763,-0.31504143866578294,0.3283018867924528,-0.030826975552264903,-1.436373847565639,0.15089599075263682,-3.1325078546308207,0.4716990806205128,140.3449734171097,NVDA,30,close,atr10,2R,long_short,is_2021_2024M05,3.577254387307179,3.9247896514051925
406,0.016651376214875717,0.7412971435004145,-0.32162663954824067,0.2955665024630542,0.08673475713310884,0.4526065382399438,0.650832089888775,1.6651376214875717,0.47142677378420883,71.6730304494925,NVDA,30,close,atr10,3R,long_only,is_2021_2024M05,3.577254387307179,3.9247896514051925
389,-0.0399263280261826,0.7541705769004391,-0.3436608665526453,0.2467866323907455,-0.047492426454451196,-1.0441540715103672,0.2964141123915618,-3.9926328026182603,0.47198328775557546,68.6719429676172,NVDA,30,close,atr10,3R,short_only,is_2021_2024M05,3.577254387307179,3.9247896514051925
795,-0.011032557055277337,0.7476884014797199,-0.3324256590679086,0.27169811320754716,0.02105629874875557,-0.41604384627239704,0.6773779190947153,-1.1032557055277337,0.4716990806205128,140.3449734171097,NVDA,30,close,atr10,3R,long_short,is_2021_2024M05,3.577254387307179,3.9247896514051925
406,0.0555482736247945,1.0478446709354685,-0.3377211597573832,0.2315270935960591,0.17697415592283655,1.0681608933570068,0.2854479417320044,5.55482736247945,0.47142677378420883,71.6730304494925,NVDA,30,close,atr10,eod,long_only,is_2021_2024M05,3.577254387307179,3.9247896514051925
389,0.006226301457271433,1.174412384102261,-0.36237155962202455,0.17994858611825193,0.023878536389613743,0.1045645138025341,0.9167213741775877,0.6226301457271433,0.47198328775557546,68.6719429676172,NVDA,30,close,atr10,eod,short_only,is_2021_2024M05,3.577254387307179,3.9247896514051925
795,0.031414629381817806,1.111147652175524,-0.3446592338027459,0.20628930817610064,0.10206321756003946,0.7971567572244644,0.4253599966938799,3.1414629381817805,0.4716990806205128,140.3449734171097,NVDA,30,close,atr10,eod,long_short,is_2021_2024M05,3.577254387307179,3.9247896514051925
413,0.1159815883178359,1.6254411257456243,0.26267062825647575,0.5544794188861986,0.05720438304900613,1.4500829093636791,0.14703540040992324,11.59815883178359,2.4030119991230894,72.9087723537941,NVDA,30,close,or,1R,long_only,is_2021_2024M05,3.577254387307179,3.9247896514051925
394,-0.02893077927217731,1.690961090302783,-0.08492330494918697,0.46954314720812185,-0.009099891494261787,-0.339605432126437,0.7341536867866996,-2.893077927217731,2.4041149637175203,69.55461575640406,NVDA,30,close,or,1R,short_only,is_2021_2024M05,3.577254387307179,3.9247896514051925
807,0.04523131219582201,1.6583074890378802,0.07456565505927545,0.5130111524163569,0.024832779368649808,0.7748379661110508,0.4384354118664082,4.523131219582201,2.4035504973265662,142.46338811019817,NVDA,30,close,or,1R,long_short,is_2021_2024M05,3.577254387307179,3.9247896514051925
413,0.20943491983941576,1.8369737107664528,0.25251867857236543,0.5472154963680388,0.10107756898935766,2.3169741026224693,0.020505142537157628,20.943491983941577,2.4030119991230894,72.9087723537941,NVDA,30,close,or,2R,long_only,is_2021_2024M05,3.577254387307179,3.9247896514051925
394,-0.03982022322287038,1.8148143352864994,-0.1851257703787592,0.44416243654822335,-0.010544012197902396,-0.43553152911943577,0.6631766585407528,-3.9820223222870377,2.4041149637175203,69.55461575640406,NVDA,30,close,or,2R,short_only,is_2021_2024M05,3.577254387307179,3.9247896514051925
807,0.0877415786169365,1.8293090829738343,-0.0016080283963769632,0.4969021065675341,0.04658078709619723,1.3625583842191864,0.17302173199087534,8.77415786169365,2.4035504973265662,142.46338811019817,NVDA,30,close,or,2R,long_short,is_2021_2024M05,3.577254387307179,3.9247896514051925
413,0.19290602853950023,1.8091979162350025,0.2513013821576029,0.5447941888619855,0.09520398271582216,2.1668794307285006,0.030244048747805286,19.290602853950023,2.4030119991230894,72.9087723537941,NVDA,30,close,or,3R,long_only,is_2021_2024M05,3.577254387307179,3.9247896514051925
394,-0.037779059299015316,1.826520242970216,-0.1851257703787592,0.44416243654822335,-0.008477266660005188,-0.41055822860998586,0.6813964983885956,-3.7779059299015314,2.4041149637175203,69.55461575640406,NVDA,30,close,or,3R,short_only,is_2021_2024M05,3.577254387307179,3.9247896514051925
807,0.08027910833085693,1.820208025702475,-0.012534993523587154,0.49566294919454773,0.04458389318165119,1.2529054042286651,0.21024013490323057,8.027910833085693,2.4035504973265662,142.46338811019817,NVDA,30,close,or,3R,long_short,is_2021_2024M05,3.577254387307179,3.9247896514051925
413,0.19297684978335214,1.8093613512221287,0.2513013821576029,0.5447941888619855,0.09525289801897475,2.16747915274364,0.030198337613776438,19.297684978335212,2.4030119991230894,72.9087723537941,NVDA,30,close,or,eod,long_only,is_2021_2024M05,3.577254387307179,3.9247896514051925
394,-0.03512669495368345,1.8473679526351194,-0.1851257703787592,0.44416243654822335,-0.0111704248378733,-0.37742615675201896,0.7058569314912364,-3.5126694953683453,2.4041149637175203,69.55461575640406,NVDA,30,close,or,eod,short_only,is_2021_2024M05,3.577254387307179,3.9247896514051925
807,0.08161031121285398,1.8304395821235133,-0.012534993523587154,0.49566294919454773,0.04329405141972056,1.266561850739249,0.20531200057492383,8.161031121285397,2.4035504973265662,142.46338811019817,NVDA,30,close,or,eod,long_short,is_2021_2024M05,3.577254387307179,3.9247896514051925
418,0.029578221358293154,0.46634974642475263,0.26510554909268597,0.5334928229665071,0.0882747353106748,1.2967266926641003,0.1947252416662928,2.9578221358293155,0.46947384170663864,73.79144514258095,NVDA,30,touch,atr10,1R,long_only,is_2021_2024M05,3.577254387307179,3.9247896514051925
401,0.0372664327353035,0.5032049745866453,0.26867064606740837,0.5286783042394015,0.07353115734559192,1.4830134272344515,0.13807084336264475,3.72664327353035,0.4682462186453143,70.79035766070565,NVDA,30,touch,atr10,1R,short_only,is_2021_2024M05,3.577254387307179,3.9247896514051925
819,0.033342534865229846,0.4844630351281494,0.26686237069468305,0.5311355311355311,0.08105596270506032,1.9696085424230902,0.048883251867381405,3.3342534865229845,0.4688727710746593,144.58180280328662,NVDA,30,touch,atr10,1R,long_short,is_2021_2024M05,3.577254387307179,3.9247896514051925
418,0.04932174598562829,0.6429282162790486,-0.300093378086693,0.39473684210526316,0.14560281773164202,1.5684262307935493,0.11678169344305278,4.9321745985628285,0.46947384170663864,73.79144514258095,NVDA,30,touch,atr10,2R,long_only,is_2021_2024M05,3.577254387307179,3.9247896514051925
401,0.02124684282476886,0.6764114761235399,-0.31556166399143687,0.3541147132169576,0.02909028837647497,0.629007210872188,0.5293443354250811,2.124684282476886,0.4682462186453143,70.79035766070565,NVDA,30,touch,atr10,2R,short_only,is_2021_2024M05,3.577254387307179,3.9247896514051925
819,0.03557567007902922,0.6592802335324057,-0.3072580162567313,0.37484737484737485,0.08855577954919758,1.5442762233244058,0.12252143007115546,3.5575670079029216,0.4688727710746593,144.58180280328662,NVDA,30,touch,atr10,2R,long_short,is_2021_2024M05,3.577254387307179,3.9247896514051925
418,0.027198745615502683,0.7669756398192084,-0.32797196924958094,0.3014354066985646,0.1059412411381804,0.7250291129800943,0.4684341703156505,2.7198745615502684,0.46947384170663864,73.79144514258095,NVDA,30,touch,atr10,3R,long_only,is_2021_2024M05,3.577254387307179,3.9247896514051925
401,-0.010187916132915099,0.7978289108548887,-0.3477839829697816,0.26184538653366585,-0.019716805224080158,-0.255710038578953,0.7981747431605901,-1.0187916132915098,0.4682462186453143,70.79035766070565,NVDA,30,touch,atr10,3R,short_only,is_2021_2024M05,3.577254387307179,3.9247896514051925
819,0.00889343259826761,0.7819787041903489,-0.33745882135277516,0.28205128205128205,0.04441636129536419,0.3254741060793025,0.7448222770642281,0.8893432598267611,0.4688727710746593,144.58180280328662,NVDA,30,touch,atr10,3R,long_short,is_2021_2024M05,3.577254387307179,3.9247896514051925
418,0.1349032383144021,1.2444385988845632,-0.34298453800452944,0.24162679425837322,0.3675257184494742,2.21634335809878,0.02666799571029621,13.49032383144021,0.46947384170663864,73.79144514258095,NVDA,30,touch,atr10,eod,long_only,is_2021_2024M05,3.577254387307179,3.9247896514051925
401,0.06136447901679077,1.26476388952447,-0.35881246033995723,0.19950124688279303,0.09209922655961857,0.9715827158458193,0.33125818461992296,6.136447901679077,0.4682462186453143,70.79035766070565,NVDA,30,touch,atr10,eod,short_only,is_2021_2024M05,3.577254387307179,3.9247896514051925
819,0.09889708144218948,1.2542034535704383,-0.35186889480907596,0.221001221001221,0.23267098920914198,2.256614808981559,0.024032154204251865,9.889708144218949,0.4688727710746593,144.58180280328662,NVDA,30,touch,atr10,eod,long_short,is_2021_2024M05,3.577254387307179,3.9247896514051925
425,0.16761762255471285,1.6004602670969814,0.3837298541826435,0.5741176470588235,0.09395258892911298,2.159082536180563,0.030843764259726125,16.761762255471286,2.1984249137069494,75.02718704688255,NVDA,30,touch,or,1R,long_only,is_2021_2024M05,3.577254387307179,3.9247896514051925
407,-0.02267102835637232,1.7003306890056902,-0.08207506611602489,0.47174447174447176,-0.015167427831110341,-0.26898931647718566,0.7879379039983343,-2.267102835637232,2.1682595845494026,71.84956500724988,NVDA,30,touch,or,1R,short_only,is_2021_2024M05,3.577254387307179,3.9247896514051925
832,0.07453170798642962,1.6518192628140085,0.14505213378761456,0.5240384615384616,0.04057296534568643,1.301488126904059,0.19309142596583806,7.4531707986429625,2.183668556775313,146.87675205413242,NVDA,30,touch,or,1R,long_short,is_2021_2024M05,3.577254387307179,3.9247896514051925
425,0.24477981353530145,1.8199144116051387,0.2556595604304996,0.5529411764705883,0.13447301064698142,2.7728035444669525,0.005557566069913422,24.477981353530147,2.1984249137069494,75.02718704688255,NVDA,30,touch,or,2R,long_only,is_2021_2024M05,3.577254387307179,3.9247896514051925
407,-0.008972043480326833,1.833347364640085,-0.17445313273284768,0.44717444717444715,0.0013918174833956254,-0.0987287902675024,0.921353609206714,-0.8972043480326832,2.1682595845494026,71.84956500724988,NVDA,30,touch,or,2R,short_only,is_2021_2024M05,3.577254387307179,3.9247896514051925
832,0.12064879694231984,1.8298054978141225,0.007836635190635849,0.5012019230769231,0.06937199427969845,1.90186519482309,0.057188780426673524,12.064879694231983,2.183668556775313,146.87675205413242,NVDA,30,touch,or,2R,long_short,is_2021_2024M05,3.577254387307179,3.9247896514051925
425,0.2447574445671566,1.8731654923467225,0.2536203288745417,0.548235294117647,0.13073490872382568,2.6937310150379674,0.0070657161422091885,24.47574445671566,2.1984249137069494,75.02718704688255,NVDA,30,touch,or,3R,long_only,is_2021_2024M05,3.577254387307179,3.9247896514051925
407,-0.012023247249846067,1.8583038436034034,-0.17474302496329727,0.44471744471744473,0.0014315760342288393,-0.1305275714076257,0.8961490419088065,-1.2023247249846067,2.1682595845494026,71.84956500724988,NVDA,30,touch,or,3R,short_only,is_2021_2024M05,3.577254387307179,3.9247896514051925
832,0.1191447744114834,1.8692054223283419,-0.01121633317460401,0.49759615384615385,0.06748195631437146,1.8385677174383175,0.06597879316909405,11.914477441148339,2.183668556775313,146.87675205413242,NVDA,30,touch,or,3R,long_short,is_2021_2024M05,3.577254387307179,3.9247896514051925
425,0.23570928344448028,1.8345265241948425,0.2536203288745417,0.548235294117647,0.12803690284772393,2.6487877383151566,0.008078105031990246,23.570928344448028,2.1984249137069494,75.02718704688255,NVDA,30,touch,or,eod,long_only,is_2021_2024M05,3.577254387307179,3.9247896514051925
407,-0.010249800880334966,1.8837896243408214,-0.17474302496329727,0.44471744471744473,-0.00407682188325061,-0.10976913266152268,0.912592471644821,-1.0249800880334967,2.1682595845494026,71.84956500724988,NVDA,30,touch,or,eod,short_only,is_2021_2024M05,3.577254387307179,3.9247896514051925
832,0.11539035637693244,1.8617375073660076,-0.01121633317460401,0.49759615384615385,0.06340915529302843,1.7877744632205044,0.07381240246817944,11.539035637693244,2.183668556775313,146.87675205413242,NVDA,30,touch,or,eod,long_short,is_2021_2024M05,3.577254387307179,3.9247896514051925
433,-0.005242596602610013,0.19602889492714393,-0.10043229379328453,0.4780600461893764,-0.04387990762124703,-0.5565065729998048,0.5778646022924421,-0.5242596602610012,0.18371801643865313,76.43946350894151,QQQ,5,close,atr10,1R,long_only,is_2021_2024M05,3.577254387307179,3.9247896514051925
411,0.021805890077606343,0.20126018457934047,0.1116562690802263,0.5571776155717761,0.11432771700794374,2.196528601994568,0.02805413026854353,2.1805890077606342,0.18859467466762456,72.55570323827936,QQQ,5,close,atr10,1R,short_only,is_2021_2024M05,3.577254387307179,3.9247896514051925
844,0.007929119067495346,0.19893606090698807,0.0977078744649611,0.5165876777251185,0.03316195697898686,1.1579309133652307,0.24689223094288115,0.7929119067495346,0.18609278721129202,148.99516674722088,QQQ,5,close,atr10,1R,long_short,is_2021_2024M05,3.577254387307179,3.9247896514051925
433,0.005511636327210564,0.2817405798082339,-0.12757519727603245,0.3325635103926097,-0.0023094688221709007,0.4070756247426472,0.6839524454848349,0.5511636327210564,0.18371801643865313,76.43946350894151,QQQ,5,close,atr10,2R,long_only,is_2021_2024M05,3.577254387307179,3.9247896514051925
411,0.023280031574554435,0.29437704600946896,-0.12493627899877327,0.3771289537712895,0.13135934717826003,1.6032473582657898,0.10888005356042685,2.3280031574554436,0.18859467466762456,72.55570323827936,QQQ,5,close,atr10,2R,short_only,is_2021_2024M05,3.577254387307179,3.9247896514051925
844,0.014164255339838918,0.2879293218994866,-0.12612498129311694,0.3542654028436019,0.06278281005955555,1.4291541543622353,0.15295993131943142,1.4164255339838918,0.18609278721129202,148.99516674722088,QQQ,5,close,atr10,2R,long_short,is_2021_2024M05,3.577254387307179,3.9247896514051925
433,0.015553455970092507,0.34824721057374874,-0.13652171817177397,0.27251732101616627,0.0633517291767701,0.9293583511318565,0.3527034044306552,1.5553455970092507,0.18371801643865313,76.43946350894151,QQQ,5,close,atr10,3R,long_only,is_2021_2024M05,3.577254387307179,3.9247896514051925
411,0.017276092493235556,0.3581977930818223,-0.13913724466487948,0.2798053527980535,0.11391078384433027,0.9777853492955356,0.3281804985539081,1.7276092493235558,0.18859467466762456,72.55570323827936,QQQ,5,close,atr10,3R,short_only,is_2021_2024M05,3.577254387307179,3.9247896514051925
844,0.01639232280778421,0.35291907538356737,-0.13820818220003778,0.27606635071090047,0.08797231148526208,1.3493872069263015,0.17721262777482538,1.6392322807784208,0.18609278721129202,148.99516674722088,QQQ,5,close,atr10,3R,long_short,is_2021_2024M05,3.577254387307179,3.9247896514051925
433,0.03282140593356888,0.5438433193101713,-0.145783398757379,0.18937644341801385,0.18957004667559188,1.2558198133626644,0.20918130633371956,3.282140593356888,0.18371801643865313,76.43946350894151,QQQ,5,close,atr10,eod,long_only,is_2021_2024M05,3.577254387307179,3.9247896514051925
411,0.08476908852809799,0.6809613221945612,-0.14616588139142495,0.1897810218978102,0.4347512015902389,2.523689839409465,0.011613033893458358,8.4769088528098,0.18859467466762456,72.55570323827936,QQQ,5,close,atr10,eod,short_only,is_2021_2024M05,3.577254387307179,3.9247896514051925
844,0.05811820397426967,0.6146300008354976,-0.14597464007440197,0.1895734597156398,0.308965135147061,2.7470695392176183,0.006013038380648261,5.811820397426967,0.18609278721129202,148.99516674722088,QQQ,5,close,atr10,eod,long_short,is_2021_2024M05,3.577254387307179,3.9247896514051925
442,-0.000807288163116281,0.5011109912491056,0.1644726323275635,0.5180995475113123,0.025541058885594527,-0.03386926645905617,0.9729814009336946,-0.0807288163116281,0.46908672270017365,78.02827452875785,QQQ,5,close,or,1R,long_only,is_2021_2024M05,3.577254387307179,3.9247896514051925
416,-0.027013936677884882,0.5343148199866351,-0.17576689345447555,0.47836538461538464,-0.03308781772081643,-1.0311867468915819,0.3024532543895133,-2.7013936677884884,0.494081192927657,73.43837602706621,QQQ,5,close,or,1R,short_only,is_2021_2024M05,3.577254387307179,3.9247896514051925
858,-0.013513541988458631,0.5173387921385096,-0.02423348247365065,0.4988344988344988,-0.0028850631053926002,-0.7651345171759588,0.4441914477700273,-1.351354198845863,0.4812052537195595,151.46665055582406,QQQ,5,close,or,1R,long_short,is_2021_2024M05,3.577254387307179,3.9247896514051925
442,0.04928853092200741,0.6836119854532553,-0.24110301731886796,0.4253393665158371,0.11209449543948996,1.5158189782303733,0.12956513184977547,4.928853092200741,0.46908672270017365,78.02827452875785,QQQ,5,close,or,2R,long_only,is_2021_2024M05,3.577254387307179,3.9247896514051925
416,-0.007439666434959986,0.688704370773911,-0.2740471287068955,0.36538461538461536,0.007854850025594905,-0.2203267813378556,0.8256166640935605,-0.7439666434959986,0.494081192927657,73.43837602706621,QQQ,5,close,or,2R,short_only,is_2021_2024M05,3.577254387307179,3.9247896514051925
858,0.02178395038529595,0.6862717106594685,-0.2598956784090334,0.3962703962703963,0.06155406129941964,0.9297885340350868,0.3524805841058507,2.178395038529595,0.4812052537195595,151.46665055582406,QQQ,5,close,or,2R,long_short,is_2021_2024M05,3.577254387307179,3.9247896514051925
442,0.06329800389881524,0.7559487463951103,-0.24835773085261767,0.4072398190045249,0.1472786154988879,1.7603896165671498,0.07834176867141363,6.329800389881523,0.46908672270017365,78.02827452875785,QQQ,5,close,or,3R,long_only,is_2021_2024M05,3.577254387307179,3.9247896514051925
416,0.030380457557946862,0.8071583637396484,-0.27972084686606924,0.34375,0.08107508566060016,0.7676835321491648,0.4426752220944914,3.0380457557946863,0.494081192927657,73.43837602706621,QQQ,5,close,or,3R,short_only,is_2021_2024M05,3.577254387307179,3.9247896514051925
858,0.04733798143051542,0.7809127830328642,-0.2731190496827842,0.3764568764568765,0.11517993436517263,1.7756233474541503,0.07579501914885856,4.733798143051542,0.4812052537195595,151.46665055582406,QQQ,5,close,or,3R,long_short,is_2021_2024M05,3.577254387307179,3.9247896514051925
442,0.07801259655400128,0.81013001149861,-0.2579685601872904,0.39819004524886875,0.17846093532392518,2.024515689272176,0.042917119340365906,7.801259655400128,0.46908672270017365,78.02827452875785,QQQ,5,close,or,eod,long_only,is_2021_2024M05,3.577254387307179,3.9247896514051925
416,0.03015197829056702,0.8507233959272429,-0.2803797301150273,0.33653846153846156,0.07028463629447507,0.7228931350098953,0.4697455415189111,3.015197829056702,0.494081192927657,73.43837602706621,QQQ,5,close,or,eod,short_only,is_2021_2024M05,3.577254387307179,3.9247896514051925
858,0.054807448305063476,0.8299189161290389,-0.2743680499222747,0.3682983682983683,0.1260118206429797,1.9344057005912443,0.053063266119140806,5.480744830506348,0.4812052537195595,151.46665055582406,QQQ,5,close,or,eod,long_short,is_2021_2024M05,3.577254387307179,3.9247896514051925
423,-0.004246846751350673,0.2225809698238689,-0.09842247210823407,0.48699763593380613,-0.03662333445717439,-0.3924178400040372,0.6947495065831686,-0.4246846751350673,0.18104908053430158,74.6741179313678,QQQ,5,touch,atr10,1R,long_only,is_2021_2024M05,3.577254387307179,3.9247896514051925
421,-0.007966189597499763,0.23279509167276669,-0.0983856544087406,0.4821852731591449,-0.03487407739921865,-0.7021305457792766,0.4825977545326505,-0.7966189597499763,0.19119020943075657,74.32104881585306,QQQ,5,touch,atr10,1R,short_only,is_2021_2024M05,3.577254387307179,3.9247896514051925
844,-0.006102111370105135,0.2276056646440111,-0.09840406325848733,0.48459715639810425,-0.035750778507649066,-0.7788759365333646,0.43605280023161863,-0.6102111370105135,0.1861076294269646,148.99516674722088,QQQ,5,touch,atr10,1R,long_short,is_2021_2024M05,3.577254387307179,3.9247896514051925
423,0.01313941306399472,0.29833949351828737,-0.125114703585672,0.3664302600472813,0.03992511160169979,0.9058064343722905,0.365038314742105,1.313941306399472,0.18104908053430158,74.6741179313678,QQQ,5,touch,atr10,2R,long_only,is_2021_2024M05,3.577254387307179,3.9247896514051925
421,-0.00041348114814181744,0.3063735052539687,-0.139031929597372,0.3491686460807601,-0.005295421626632424,-0.027691441000381727,0.9779082501796756,-0.04134811481418174,0.19119020943075657,74.32104881585306,QQQ,5,touch,atr10,2R,short_only,is_2021_2024M05,3.577254387307179,3.9247896514051925
844,0.006379023889457419,0.30227030273317507,-0.12830552532277295,0.3578199052132701,0.017368423818372943,0.6130981009588136,0.5398114758222665,0.6379023889457419,0.1861076294269646,148.99516674722088,QQQ,5,touch,atr10,2R,long_short,is_2021_2024M05,3.577254387307179,3.9247896514051925
423,0.03138362838900056,0.37125144430456775,-0.1328295724465493,0.3049645390070922,0.14270698174582655,1.7386220550227873,0.0821012644820589,3.138362838900056,0.18104908053430158,74.6741179313678,QQQ,5,touch,atr10,3R,long_only,is_2021_2024M05,3.577254387307179,3.9247896514051925
421,-0.008092283827828492,0.36131271993242686,-0.15122419768062742,0.26128266033254155,-0.017782007549996356,-0.4595459083126094,0.6458421927288895,-0.8092283827828493,0.19119020943075657,74.32104881585306,QQQ,5,touch,atr10,3R,short_only,is_2021_2024M05,3.577254387307179,3.9247896514051925
844,0.01169244468842588,0.36664255560679165,-0.14307307318658075,0.283175355450237,0.06265263992883431,0.9264749386287034,0.3541992152874416,1.169244468842588,0.1861076294269646,148.99516674722088,QQQ,5,touch,atr10,3R,long_short,is_2021_2024M05,3.577254387307179,3.9247896514051925
423,0.07067967741958639,0.6418476761641306,-0.14622541404409403,0.2033096926713948,0.35958356123992347,2.2648151905088802,0.023524022857684068,7.067967741958639,0.18104908053430158,74.6741179313678,QQQ,5,touch,atr10,eod,long_only,is_2021_2024M05,3.577254387307179,3.9247896514051925
421,0.01646597795188081,0.6036825240648989,-0.16286556205634128,0.166270783847981,0.13420552151871235,0.5596544660341926,0.5757151463050556,1.646597795188081,0.19119020943075657,74.32104881585306,QQQ,5,touch,atr10,eod,short_only,is_2021_2024M05,3.577254387307179,3.9247896514051925
844,0.04363706192680907,0.6233233939975145,-0.15249419671087966,0.1848341232227488,0.24716157697140462,2.0338236751828487,0.04196937658296496,4.363706192680907,0.1861076294269646,148.99516674722088,QQQ,5,touch,atr10,eod,long_short,is_2021_2024M05,3.577254387307179,3.9247896514051925
432,-0.00788338942206752,0.3999674633908101,-0.12773322289228412,0.4976851851851852,-0.004208859768022395,-0.40966625332311646,0.6820507886132317,-0.7883389422067519,0.36127734545589035,76.26292895118415,QQQ,5,touch,or,1R,long_only,is_2021_2024M05,3.577254387307179,3.9247896514051925
426,-0.01295451425026463,0.422082656197143,-0.12675014142179153,0.49061032863849763,-0.01559735884157009,-0.6334734619038027,0.5264245056231021,-1.295451425026463,0.37960806855155904,75.20372160463992,QQQ,5,touch,or,1R,short_only,is_2021_2024M05,3.577254387307179,3.9247896514051925
858,-0.010401220630473074,0.4108642020473337,-0.12675014142179153,0.49417249417249415,-0.009863289377965653,-0.7415315763136391,0.4583711934464887,-1.0401220630473074,0.3703786135663272,151.46665055582406,QQQ,5,touch,or,1R,long_short,is_2021_2024M05,3.577254387307179,3.9247896514051925
432,0.015273737754705086,0.5583115691496293,-0.22934552877658687,0.3726851851851852,0.05734060878493833,0.5686048709954394,0.5696243184541423,1.5273737754705086,0.36127734545589035,76.26292895118415,QQQ,5,touch,or,2R,long_only,is_2021_2024M05,3.577254387307179,3.9247896514051925
426,-0.03653952291376575,0.5477213895009971,-0.2454691452658429,0.3286384976525822,-0.0521696068033041,-1.376917662492366,0.16853770577739047,-3.6539522913765747,0.37960806855155904,75.20372160463992,QQQ,5,touch,or,2R,short_only,is_2021_2024M05,3.577254387307179,3.9247896514051925
858,-0.010451727332437773,0.5533636057584155,-0.23556773668948128,0.3508158508158508,0.0029684038425242627,-0.5532496177753372,0.5800924952345716,-1.0451727332437772,0.3703786135663272,151.46665055582406,QQQ,5,touch,or,2R,long_short,is_2021_2024M05,3.577254387307179,3.9247896514051925
432,0.057658851686901054,0.6655516663377119,-0.23556773668948128,0.34953703703703703,0.18611943692502841,1.8006366569975603,0.0717601674710231,5.765885168690105,0.36127734545589035,76.26292895118415,QQQ,5,touch,or,3R,long_only,is_2021_2024M05,3.577254387307179,3.9247896514051925
426,-0.006914824353132462,0.6462381809586492,-0.2528138076118851,0.29107981220657275,0.01567356929605279,-0.22084793307816003,0.825210839718187,-0.6914824353132462,0.37960806855155904,75.20372160463992,QQQ,5,touch,or,3R,short_only,is_2021_2024M05,3.577254387307179,3.9247896514051925
858,0.02559779575094036,0.6564461947357393,-0.24582134188735244,0.32051282051282054,0.1014924676826699,1.1422129459541648,0.2533655160626602,2.559779575094036,0.3703786135663272,151.46665055582406,QQQ,5,touch,or,3R,long_short,is_2021_2024M05,3.577254387307179,3.9247896514051925
432,0.09065251174825593,0.8089157832191024,-0.24668479426744694,0.32407407407407407,0.28316149666816465,2.329262345064442,0.019845171893303704,9.065251174825594,0.36127734545589035,76.26292895118415,QQQ,5,touch,or,eod,long_only,is_2021_2024M05,3.577254387307179,3.9247896514051925
426,-0.006468692462607077,0.7387179856385497,-0.2571411586678822,0.2652582159624413,-0.0034877987326629666,-0.18073515288414463,0.8565754651304665,-0.6468692462607076,0.37960806855155904,75.20372160463992,QQQ,5,touch,or,eod,short_only,is_2021_2024M05,3.577254387307179,3.9247896514051925
858,0.042431494272932344,0.7759287540450407,-0.25231698745577935,0.2948717948717949,0.14083911923139011,1.6018067670237675,0.10919834619137303,4.243149427293234,0.3703786135663272,151.46665055582406,QQQ,5,touch,or,eod,long_short,is_2021_2024M05,3.577254387307179,3.9247896514051925
436,0.003955312076261414,0.19747090884745971,0.100602981172277,0.5114678899082569,0.022935779816513843,0.41823548243719705,0.6757749555934478,0.39553120762614136,0.18464091775819155,76.96906718221364,QQQ,15,close,atr10,1R,long_only,is_2021_2024M05,3.577254387307179,3.9247896514051925
407,-0.005714064552020097,0.20037329140165186,-0.0883491793700556,0.4987714987714988,-0.00133153926252653,-0.5753107840176368,0.5650811294640923,-0.5714064552020097,0.1873770495901464,71.84956500724988,QQQ,15,close,atr10,1R,short_only,is_2021_2024M05,3.577254387307179,3.9247896514051925
843,-0.000713058371793834,0.19881800594946408,0.09189058166540669,0.505338078291815,0.011219529679895302,-0.10413174753354516,0.9170647969158039,-0.07130583717938341,0.18596192090837615,148.8186321894635,QQQ,15,close,atr10,1R,long_short,is_2021_2024M05,3.577254387307179,3.9247896514051925
436,0.014363269671233468,0.2846025627652816,-0.12569318963240797,0.3577981651376147,0.07339449541284404,1.0537989284480846,0.29197498421290424,1.4363269671233467,0.18464091775819155,76.96906718221364,QQQ,15,close,atr10,2R,long_only,is_2021_2024M05,3.577254387307179,3.9247896514051925
407,0.0049695318835831425,0.2821588923134503,-0.12947201825280788,0.35872235872235875,0.0772925393615521,0.3553194197201467,0.7223503086018084,0.49695318835831426,0.1873770495901464,71.84956500724988,QQQ,15,close,atr10,2R,short_only,is_2021_2024M05,3.577254387307179,3.9247896514051925
843,0.009827977524645468,0.28329607372117305,-0.12758513815089118,0.3582443653618031,0.07527646918167462,1.007250255884891,0.31381452789682296,0.9827977524645468,0.18596192090837615,148.8186321894635,QQQ,15,close,atr10,2R,long_short,is_2021_2024M05,3.577254387307179,3.9247896514051925
436,0.012830796693242623,0.3470155084220145,-0.13693766965356674,0.27522935779816515,0.07968625797726485,0.7720545449977977,0.4400821225118512,1.2830796693242623,0.18464091775819155,76.96906718221364,QQQ,15,close,atr10,3R,long_only,is_2021_2024M05,3.577254387307179,3.9247896514051925
407,-0.0015889830570226511,0.33713504540933376,-0.14267445821229838,0.2678132678132678,0.06103622036777503,-0.09508512264360176,0.9242472149417347,-0.15889830570226512,0.1873770495901464,71.84956500724988,QQQ,15,close,atr10,3R,short_only,is_2021_2024M05,3.577254387307179,3.9247896514051925
843,0.005868933871940173,0.34215389800196694,-0.14019970730608633,0.27164887307236063,0.07068202866876856,0.4980254211189092,0.618466124636349,0.5868933871940173,0.18596192090837615,148.8186321894635,QQQ,15,close,atr10,3R,long_short,is_2021_2024M05,3.577254387307179,3.9247896514051925
436,0.041802273053337384,0.5272987500704607,-0.14431390112790987,0.21788990825688073,0.3025073683093862,1.6553369162650067,0.09785617454486029,4.180227305333738,0.18464091775819155,76.96906718221364,QQQ,15,close,atr10,eod,long_only,is_2021_2024M05,3.577254387307179,3.9247896514051925
407,0.03186721748403254,0.5792590115661095,-0.14840504938778315,0.1769041769041769,0.16755846341736455,1.1098608959789915,0.26705897330656314,3.186721748403254,0.1873770495901464,71.84956500724988,QQQ,15,close,atr10,eod,short_only,is_2021_2024M05,3.577254387307179,3.9247896514051925
843,0.03700563293861962,0.5526867568215299,-0.14616224347750328,0.1981020166073547,0.2373541010602132,1.9440282230640256,0.0518920477750755,3.700563293861962,0.18596192090837615,148.8186321894635,QQQ,15,close,atr10,eod,long_short,is_2021_2024M05,3.577254387307179,3.9247896514051925
446,0.057676763598169416,0.6444728468691809,0.2075648395945775,0.5605381165919282,0.08268486386526029,1.8900081984296113,0.05875686361345478,5.767676359816941,0.6472766613770686,78.73441275978733,QQQ,15,close,or,1R,long_only,is_2021_2024M05,3.577254387307179,3.9247896514051925
411,0.0065138645004081145,0.6729345267387574,-0.008324315325072716,0.49878345498783455,0.01808110964377216,0.19623967667429693,0.8444225742626636,0.6513864500408114,0.6730516434279875,72.55570323827936,QQQ,15,close,or,1R,short_only,is_2021_2024M05,3.577254387307179,3.9247896514051925
857,0.033140064030864995,0.6583870216198311,0.1323879850548641,0.5309218203033839,0.05170219993873565,1.4735419114487989,0.1406049713794304,3.3140064030864993,0.6596378254644989,151.2901159980667,QQQ,15,close,or,1R,long_short,is_2021_2024M05,3.577254387307179,3.9247896514051925
446,0.07764853153541412,0.7817851321187189,-0.0280521351818281,0.4977578475336323,0.11455726726120163,2.0975545756900544,0.03594451132207599,7.764853153541412,0.6472766613770686,78.73441275978733,QQQ,15,close,or,2R,long_only,is_2021_2024M05,3.577254387307179,3.9247896514051925
411,0.06167063853661094,0.8347972028690612,-0.13167013167013009,0.45255474452554745,0.12476979053225593,1.4976777259702991,0.13421700163500438,6.167063853661094,0.6730516434279875,72.55570323827936,QQQ,15,close,or,2R,short_only,is_2021_2024M05,3.577254387307179,3.9247896514051925
857,0.06998585472968705,0.8072080891985474,-0.112066787897903,0.47607934655775963,0.11945498845653807,2.538137680209913,0.011144413198744818,6.9985854729687045,0.6596378254644989,151.2901159980667,QQQ,15,close,or,2R,long_short,is_2021_2024M05,3.577254387307179,3.9247896514051925
446,0.09004168856829042,0.8253550247947702,-0.06271839774696177,0.49327354260089684,0.1366998197101108,2.3039352025736184,0.021226281249147272,9.004168856829043,0.6472766613770686,78.73441275978733,QQQ,15,close,or,3R,long_only,is_2021_2024M05,3.577254387307179,3.9247896514051925
411,0.05890887634884635,0.8815146922324963,-0.20155841816052195,0.4306569343065693,0.12922985242561177,1.3547903506067724,0.1754843618173485,5.890887634884635,0.6730516434279875,72.55570323827936,QQQ,15,close,or,3R,short_only,is_2021_2024M05,3.577254387307179,3.9247896514051925
857,0.07511101666374957,0.8523908901154444,-0.14490128599891874,0.4632438739789965,0.1331173733227956,2.579617127526086,0.009890990992268645,7.511101666374957,0.6596378254644989,151.2901159980667,QQQ,15,close,or,3R,long_short,is_2021_2024M05,3.577254387307179,3.9247896514051925
446,0.09235190164097304,0.8431249678890016,-0.09674980063582643,0.4910313901345291,0.13703348617907557,2.3132433450036123,0.020709263664920652,9.235190164097304,0.6472766613770686,78.73441275978733,QQQ,15,close,or,eod,long_only,is_2021_2024M05,3.577254387307179,3.9247896514051925
411,0.053565489644817665,0.8949877582252173,-0.21569498191968753,0.4257907542579075,0.11404187675161698,1.2133578245357142,0.2249930437874248,5.3565489644817665,0.6730516434279875,72.55570323827936,QQQ,15,close,or,eod,short_only,is_2021_2024M05,3.577254387307179,3.9247896514051925
857,0.07375071689135827,0.8680906204610614,-0.16581512287844516,0.4597432905484247,0.1260071717395359,2.4870905273218606,0.012879262132835745,7.375071689135828,0.6596378254644989,151.2901159980667,QQQ,15,close,or,eod,long_short,is_2021_2024M05,3.577254387307179,3.9247896514051925
444,0.0013410646651720204,0.21271307924997643,0.09673114986780935,0.5045045045045045,0.01239414670020682,0.13284554971660834,0.8943155301176282,0.13410646651720204,0.18316567205072284,78.38134364427259,QQQ,15,touch,atr10,1R,long_only,is_2021_2024M05,3.577254387307179,3.9247896514051925
400,0.013201666961351322,0.21380026317644998,0.10576697111140587,0.525,0.047546969840550284,1.23495329380918,0.21684788729592874,1.3201666961351322,0.18935584203909525,70.61382310294829,QQQ,15,touch,atr10,1R,short_only,is_2021_2024M05,3.577254387307179,3.9247896514051925
844,0.006962203194166951,0.21318482098879854,0.10057945594311986,0.514218009478673,0.029054252453924106,0.948771517008287,0.3427368313085877,0.696220319416695,0.18609940190303206,148.99516674722088,QQQ,15,touch,atr10,1R,long_short,is_2021_2024M05,3.577254387307179,3.9247896514051925
444,0.008205590627867198,0.2875132086193907,-0.124650362787545,0.36261261261261263,0.0661804672876412,0.6013724524726533,0.5475919424256648,0.8205590627867198,0.18316567205072284,78.38134364427259,QQQ,15,touch,atr10,2R,long_only,is_2021_2024M05,3.577254387307179,3.9247896514051925
400,0.02604175054947815,0.3014040273248267,-0.126866109826394,0.385,0.12331287773209537,1.7280293684604717,0.08398295921204091,2.604175054947815,0.18935584203909525,70.61382310294829,QQQ,15,touch,atr10,2R,short_only,is_2021_2024M05,3.577254387307179,3.9247896514051925
844,0.016658746988820253,0.29413793614844885,-0.1258334332677167,0.3732227488151659,0.09325743906226404,1.645365984692821,0.09989435983767248,1.6658746988820254,0.18609940190303206,148.99516674722088,QQQ,15,touch,atr10,2R,long_short,is_2021_2024M05,3.577254387307179,3.9247896514051925
444,0.0028991299395973035,0.34895875051741065,-0.14086801554113654,0.2635135135135135,0.02859175482123869,0.175059253753272,0.8610330745957842,0.28991299395973036,0.18316567205072284,78.38134364427259,QQQ,15,touch,atr10,3R,long_only,is_2021_2024M05,3.577254387307179,3.9247896514051925
400,0.019625199912685742,0.3672011273834802,-0.14272734101889067,0.2875,0.10656137217562427,1.068907388848537,0.28511140219978426,1.9625199912685742,0.18935584203909525,70.61382310294829,QQQ,15,touch,atr10,3R,short_only,is_2021_2024M05,3.577254387307179,3.9247896514051925
844,0.01082617732020794,0.3576047052800909,-0.14228818003616273,0.27488151658767773,0.06554418010767736,0.8795147654292718,0.3791222307998059,1.082617732020794,0.18609940190303206,148.99516674722088,QQQ,15,touch,atr10,3R,long_short,is_2021_2024M05,3.577254387307179,3.9247896514051925
444,0.03960168910445238,0.5544627144760422,-0.14546624122297488,0.20270270270270271,0.24980220301760764,1.504987345549127,0.1323273301834016,3.9601689104452378,0.18316567205072284,78.38134364427259,QQQ,15,touch,atr10,eod,long_only,is_2021_2024M05,3.577254387307179,3.9247896514051925
400,0.04991167337897542,0.6315562705007675,-0.1524459221926931,0.1825,0.21795301035589482,1.5805930749258477,0.11397111024731243,4.991167337897542,0.18935584203909525,70.61382310294829,QQQ,15,touch,atr10,eod,short_only,is_2021_2024M05,3.577254387307179,3.9247896514051925
844,0.044487937575790316,0.5919185253055539,-0.1481255553329604,0.19312796208530805,0.23470779891253052,2.183491791866778,0.028999612771053895,4.448793757579032,0.18609940190303206,148.99516674722088,QQQ,15,touch,atr10,eod,long_short,is_2021_2024M05,3.577254387307179,3.9247896514051925
453,0.022848790121648897,0.574417864579527,0.209604170585556,0.5298013245033113,0.053862018325020564,0.8466119052379079,0.39721147589689676,2.2848790121648896,0.5418314272450078,79.97015466408892,QQQ,15,touch,or,1R,long_only,is_2021_2024M05,3.577254387307179,3.9247896514051925
405,0.023538823549060322,0.6178870883796276,0.19293195320634393,0.5407407407407407,0.06147282249002569,0.7666606002998401,0.44328333483004734,2.353882354906032,0.5787335924422835,71.49649589173514,QQQ,15,touch,or,1R,short_only,is_2021_2024M05,3.577254387307179,3.9247896514051925
858,0.023174505201021427,0.5949820118350911,0.19362689052169121,0.534965034965035,0.05745453078052997,1.1409070883422805,0.25390858936737093,2.3174505201021427,0.559250281446519,151.46665055582406,QQQ,15,touch,or,1R,long_short,is_2021_2024M05,3.577254387307179,3.9247896514051925
453,0.06822649576272397,0.7401180861726118,-0.20464028490179442,0.4481236203090508,0.13979328593056747,1.9620096972957966,0.04976135526252867,6.822649576272396,0.5418314272450078,79.97015466408892,QQQ,15,touch,or,2R,long_only,is_2021_2024M05,3.577254387307179,3.9247896514051925
405,0.02889778355222718,0.7916930379649454,-0.2564160237522309,0.4148148148148148,0.07125080656335163,0.7345734368103009,0.4625993204387262,2.889778355222718,0.5787335924422835,71.49649589173514,QQQ,15,touch,or,2R,short_only,is_2021_2024M05,3.577254387307179,3.9247896514051925
858,0.04966224349553143,0.7646989769505362,-0.23603939556523756,0.4324009324009324,0.10743931839709145,1.9023020227576017,0.05713168140312552,4.966224349553143,0.559250281446519,151.46665055582406,QQQ,15,touch,or,2R,long_short,is_2021_2024M05,3.577254387307179,3.9247896514051925
453,0.07428816967319682,0.8022194507597397,-0.23043497344511507,0.4260485651214128,0.15100128501721477,1.9709498387372268,0.048729613643538006,7.4288169673196816,0.5418314272450078,79.97015466408892,QQQ,15,touch,or,3R,long_only,is_2021_2024M05,3.577254387307179,3.9247896514051925
405,0.045367789645030764,0.8625635879670162,-0.2726350494547342,0.4,0.1146267615728452,1.058483301931024,0.2898351595258237,4.5367789645030765,0.5787335924422835,71.49649589173514,QQQ,15,touch,or,3R,short_only,is_2021_2024M05,3.577254387307179,3.9247896514051925
858,0.06063694133822332,0.8308861433614031,-0.24895581103470868,0.41375291375291373,0.13383149248228507,2.1376638551335376,0.03254403508685533,6.063694133822332,0.559250281446519,151.46665055582406,QQQ,15,touch,or,3R,long_short,is_2021_2024M05,3.577254387307179,3.9247896514051925
453,0.0848003005570456,0.8456634717432757,-0.23043497344511507,0.423841059602649,0.16974462865399628,2.134267842403138,0.03282086204238999,8.48003005570456,0.5418314272450078,79.97015466408892,QQQ,15,touch,or,eod,long_only,is_2021_2024M05,3.577254387307179,3.9247896514051925
405,0.03839667418452158,0.8884489750560166,-0.2730160396923373,0.39012345679012345,0.10523224075701716,0.8697383687451429,0.38444339904599234,3.8396674184521578,0.5787335924422835,71.49649589173514,QQQ,15,touch,or,eod,short_only,is_2021_2024M05,3.577254387307179,3.9247896514051925
858,0.06289649090567935,0.8659248481448117,-0.2496059820230443,0.40792540792540793,0.13929297702430335,2.1275993940204505,0.03337031252210121,6.289649090567935,0.559250281446519,151.46665055582406,QQQ,15,touch,or,eod,long_short,is_2021_2024M05,3.577254387307179,3.9247896514051925
428,0.013507462055285933,0.19621371594131296,0.10507144668216134,0.530373831775701,0.06296674332890284,1.42418457621493,0.15439304851741564,1.3507462055285933,0.1840027387149795,75.55679072015467,QQQ,30,close,atr10,1R,long_only,is_2021_2024M05,3.577254387307179,3.9247896514051925
398,0.0004446080580656401,0.20281337122037815,0.08964324535669949,0.5050251256281407,0.011229577462027199,0.04373431025452429,0.9651161897434242,0.04446080580656401,0.18973083858472048,70.26075398743355,QQQ,30,close,atr10,1R,short_only,is_2021_2024M05,3.577254387307179,3.9247896514051925
826,0.007213253954930393,0.1994067566934755,0.09842970206078003,0.5181598062953995,0.038037697305880434,1.039636159734949,0.29850897065129267,0.7213253954930393,0.1867627674657748,145.8175447075882,QQQ,30,close,atr10,1R,long_short,is_2021_2024M05,3.577254387307179,3.9247896514051925
428,0.013846065019386983,0.2816409883577045,-0.12560228665257372,0.3621495327102804,0.08344132064365525,1.0170736232203084,0.3091184070356774,1.3846065019386984,0.1840027387149795,75.55679072015467,QQQ,30,close,atr10,2R,long_only,is_2021_2024M05,3.577254387307179,3.9247896514051925
398,-0.0026329617552879555,0.2854139753814641,-0.13071063870651475,0.3341708542713568,-0.004408588882586719,-0.18403941844470004,0.8539825315935938,-0.26329617552879553,0.18973083858472048,70.26075398743355,QQQ,30,close,atr10,2R,short_only,is_2021_2024M05,3.577254387307179,3.9247896514051925
826,0.005905807566214314,0.28341300268977654,-0.12875774065962572,0.3486682808716707,0.04111170322059919,0.5988934236633967,0.5492439571467771,0.5905807566214314,0.1867627674657748,145.8175447075882,QQQ,30,close,atr10,2R,long_short,is_2021_2024M05,3.577254387307179,3.9247896514051925
428,0.009437412780199413,0.3350091641766159,-0.13385777258947998,0.28738317757009346,0.09449384988805312,0.5827981280198299,0.5600292053065965,0.9437412780199413,0.1840027387149795,75.55679072015467,QQQ,30,close,atr10,3R,long_only,is_2021_2024M05,3.577254387307179,3.9247896514051925
398,-0.009171141179690565,0.33908082612885443,-0.14479923461385746,0.2537688442211055,-0.010940560584543763,-0.5395872541359511,0.5894817085547235,-0.9171141179690565,0.18973083858472048,70.26075398743355,QQQ,30,close,atr10,3R,short_only,is_2021_2024M05,3.577254387307179,3.9247896514051925
826,0.0004710635356035144,0.33690121597631834,-0.14107495670889691,0.2711864406779661,0.04369131312280668,0.04018527387873033,0.9679454178895972,0.04710635356035144,0.1867627674657748,145.8175447075882,QQQ,30,close,atr10,3R,long_short,is_2021_2024M05,3.577254387307179,3.9247896514051925
428,0.022549031810143116,0.44349638611878,-0.14247522337630034,0.2336448598130841,0.22022708542836086,1.051864258768318,0.2928618320012175,2.2549031810143116,0.1840027387149795,75.55679072015467,QQQ,30,close,atr10,eod,long_only,is_2021_2024M05,3.577254387307179,3.9247896514051925
398,0.012302815080676328,0.5273482868748073,-0.14793173971502682,0.1884422110552764,0.06297246438179882,0.46542369836782016,0.6416280665007938,1.2302815080676328,0.18973083858472048,70.26075398743355,QQQ,30,close,atr10,eod,short_only,is_2021_2024M05,3.577254387307179,3.9247896514051925
826,0.01761199275647752,0.4854389708777683,-0.1453729151885675,0.211864406779661,0.14445548836234187,1.042710827846591,0.29708224149282114,1.761199275647752,0.1867627674657748,145.8175447075882,QQQ,30,close,atr10,eod,long_short,is_2021_2024M05,3.577254387307179,3.9247896514051925
438,0.07509244645313849,0.68281220630292,0.16454690045247056,0.5730593607305936,0.08952324718968821,2.301611572928377,0.02135708691068805,7.509244645313849,0.7867817432484947,77.32213629772836,QQQ,30,close,or,1R,long_only,is_2021_2024M05,3.577254387307179,3.9247896514051925
402,0.009397842495393322,0.7492376687493191,-0.0002363709042013445,0.5,0.011139260363698528,0.25149050026522907,0.8014349059274559,0.9397842495393322,0.845592409706533,70.96689221846303,QQQ,30,close,or,1R,short_only,is_2021_2024M05,3.577254387307179,3.9247896514051925
840,0.043652885987646155,0.715695354890646,0.09045991670886944,0.5380952380952381,0.0520109106372503,1.7677644896887457,0.07710028371700339,4.365288598764615,0.814926847910556,148.2890285161914,QQQ,30,close,or,1R,long_short,is_2021_2024M05,3.577254387307179,3.9247896514051925
438,0.07633435065887913,0.7749233270279874,0.06938938302335051,0.541095890410959,0.08680403901736358,2.061571190261533,0.03924857924500813,7.633435065887912,0.7867817432484947,77.32213629772836,QQQ,30,close,or,2R,long_only,is_2021_2024M05,3.577254387307179,3.9247896514051925
402,0.024253102655560285,0.8409565542817008,-0.061033365694703225,0.4701492537313433,0.04342859051553841,0.5782381904593895,0.5631033180991847,2.4253102655560284,0.845592409706533,70.96689221846303,QQQ,30,close,or,2R,short_only,is_2021_2024M05,3.577254387307179,3.9247896514051925
840,0.051409753400147966,0.8071345607869305,0.012806720499590488,0.5071428571428571,0.06604578866291867,1.8460319781719872,0.064887562366855,5.140975340014797,0.814926847910556,148.2890285161914,QQQ,30,close,or,2R,long_short,is_2021_2024M05,3.577254387307179,3.9247896514051925
438,0.07981307332062533,0.7912157304044024,0.06938938302335051,0.541095890410959,0.09102336757172017,2.1111358295245837,0.03476063854822442,7.981307332062533,0.7867817432484947,77.32213629772836,QQQ,30,close,or,3R,long_only,is_2021_2024M05,3.577254387307179,3.9247896514051925
402,0.032113486193533096,0.8721980738778454,-0.07047982252116344,0.4651741293532338,0.062485959826552,0.7382192364021831,0.46038123519752894,3.2113486193533096,0.845592409706533,70.96689221846303,QQQ,30,close,or,3R,short_only,is_2021_2024M05,3.577254387307179,3.9247896514051925
840,0.05698541376694549,0.8307995528840181,0.007659441864166711,0.5047619047619047,0.0773661795793897,1.987957497251039,0.04681639084313227,5.698541376694549,0.814926847910556,148.2890285161914,QQQ,30,close,or,3R,long_short,is_2021_2024M05,3.577254387307179,3.9247896514051925
438,0.07680204857344443,0.7885140632557638,0.06589867169468808,0.5388127853881278,0.08475332968189195,2.0384516558006385,0.04150478483497211,7.680204857344443,0.7867817432484947,77.32213629772836,QQQ,30,close,or,eod,long_only,is_2021_2024M05,3.577254387307179,3.9247896514051925
402,0.03202553901183684,0.8808943029083485,-0.07047982252116344,0.4651741293532338,0.06095576912671875,0.7289297461222831,0.46604463794242923,3.202553901183684,0.845592409706533,70.96689221846303,QQQ,30,close,or,eod,short_only,is_2021_2024M05,3.577254387307179,3.9247896514051925
840,0.055373290426103665,0.8338008612387849,0.0071908387465641245,0.5035714285714286,0.07336449713048762,1.9247646543531944,0.05425880777292047,5.5373290426103665,0.814926847910556,148.2890285161914,QQQ,30,close,or,eod,long_short,is_2021_2024M05,3.577254387307179,3.9247896514051925
439,0.0003045489938837793,0.20970964016940472,0.0981399173124273,0.5079726651480638,0.011754671686744928,0.03042783371054125,0.9757258470379517,0.030454899388377928,0.1840666803385477,77.49867085548574,QQQ,30,touch,atr10,1R,long_only,is_2021_2024M05,3.577254387307179,3.9247896514051925
401,0.02302345019706961,0.2163794197290236,0.1111064127143376,0.5411471321695761,0.0950733811848295,2.130721264902458,0.033112112136799876,2.3023450197069613,0.188498758282642,70.79035766070565,QQQ,30,touch,atr10,1R,short_only,is_2021_2024M05,3.577254387307179,3.9247896514051925
840,0.0111501196873094,0.21309516808264647,0.10212297439697782,0.5238095238095238,0.05152943657809245,1.5165110181309918,0.1293901864128646,1.11501196873094,0.18618246992852602,148.2890285161914,QQQ,30,touch,atr10,1R,long_short,is_2021_2024M05,3.577254387307179,3.9247896514051925
439,-0.0015516470180498407,0.28672239069165084,-0.13155321599829178,0.3416856492027335,0.0022094785432398866,-0.11338708282841206,0.9097236800761257,-0.15516470180498407,0.1840666803385477,77.49867085548574,QQQ,30,touch,atr10,2R,long_only,is_2021_2024M05,3.577254387307179,3.9247896514051925
401,0.042928129666768504,0.308908614262073,-0.12254247336152245,0.40399002493765584,0.17754943187498162,2.782813709211894,0.005388973894594251,4.29281296667685,0.188498758282642,70.79035766070565,QQQ,30,touch,atr10,2R,short_only,is_2021_2024M05,3.577254387307179,3.9247896514051925
840,0.01968215113744082,0.29817142076574044,-0.12712362648000905,0.37142857142857144,0.0859134324551785,1.9131375272359272,0.05573044865551968,1.9682151137440822,0.18618246992852602,148.2890285161914,QQQ,30,touch,atr10,2R,long_short,is_2021_2024M05,3.577254387307179,3.9247896514051925
439,0.0010593088640449722,0.34951849359303044,-0.14141272618779616,0.2642369020501139,0.010550875519575488,0.06350160563911433,0.9493670807112604,0.10593088640449722,0.1840666803385477,77.49867085548574,QQQ,30,touch,atr10,3R,long_only,is_2021_2024M05,3.577254387307179,3.9247896514051925
401,0.032751476208123624,0.37799789172614745,-0.1408114973262029,0.29925187032418954,0.13887027781168815,1.735056767035328,0.08273075088725346,3.2751476208123624,0.188498758282642,70.79035766070565,QQQ,30,touch,atr10,3R,short_only,is_2021_2024M05,3.577254387307179,3.9247896514051925
840,0.01618854589377776,0.36351961962789153,-0.14085233687974097,0.28095238095238095,0.0718081139947388,1.2906831150398352,0.19681358197942944,1.618854589377776,0.18618246992852602,148.2890285161914,QQQ,30,touch,atr10,3R,long_short,is_2021_2024M05,3.577254387307179,3.9247896514051925
439,0.027138907717654124,0.5187300936412341,-0.14569101495560674,0.20501138952164008,0.19452072258143,1.0961832975272976,0.27299856746867435,2.7138907717654126,0.1840666803385477,77.49867085548574,QQQ,30,touch,atr10,eod,long_only,is_2021_2024M05,3.577254387307179,3.9247896514051925
401,0.07354127439082211,0.62951532618804,-0.14580752580752096,0.2119700748129676,0.3034043773295102,2.3393598388548527,0.019316818194578644,7.354127439082212,0.188498758282642,70.79035766070565,QQQ,30,touch,atr10,eod,short_only,is_2021_2024M05,3.577254387307179,3.9247896514051925
840,0.049290513712821234,0.5744090597964404,-0.14574927038156385,0.20833333333333334,0.24649970538378727,2.487033907434674,0.012881312112142274,4.929051371282124,0.18618246992852602,148.2890285161914,QQQ,30,touch,atr10,eod,long_short,is_2021_2024M05,3.577254387307179,3.9247896514051925
449,0.0626529483505028,0.6645092589831969,0.20735806968486858,0.5634743875278396,0.08663019076634124,1.9978535374354778,0.04573254111269964,6.2652948350502795,0.7041473590432782,79.26401643305945,QQQ,30,touch,or,1R,long_only,is_2021_2024M05,3.577254387307179,3.9247896514051925
405,0.021115047308523593,0.6986617377838934,0.04654489311702841,0.5111111111111111,0.0366151304561245,0.6082086755139903,0.5430490814183726,2.111504730852359,0.7388544914255613,71.49649589173514,QQQ,30,touch,or,1R,short_only,is_2021_2024M05,3.577254387307179,3.9247896514051925
854,0.04295406085401383,0.6808343457706135,0.14348336891698224,0.5386416861826698,0.06291110478784266,1.8437061617394803,0.06522597455924473,4.295406085401383,0.7206068304892087,150.76051232479458,QQQ,30,touch,or,1R,long_short,is_2021_2024M05,3.577254387307179,3.9247896514051925
449,0.07662328819841482,0.7796762499025404,0.06125782738905114,0.5144766146993318,0.10947335926766365,2.0824263506450724,0.03730354362385446,7.662328819841482,0.7041473590432782,79.26401643305945,QQQ,30,touch,or,2R,long_only,is_2021_2024M05,3.577254387307179,3.9247896514051925
405,0.05734678022823991,0.8385732019369906,-0.06976975979269151,0.4617283950617284,0.09757521652275153,1.3762444200029236,0.1687459739537447,5.734678022823991,0.7388544914255613,71.49649589173514,QQQ,30,touch,or,2R,short_only,is_2021_2024M05,3.577254387307179,3.9247896514051925
854,0.06748161872778154,0.8077227864526745,-0.020427695077878935,0.4894613583138173,0.10383079742727794,2.441473935770449,0.014627444179836857,6.748161872778153,0.7206068304892087,150.76051232479458,QQQ,30,touch,or,2R,long_short,is_2021_2024M05,3.577254387307179,3.9247896514051925
449,0.08456183868114912,0.810820571095518,0.06031046779944445,0.512249443207127,0.11927778701641174,2.209901056438811,0.027112029912609747,8.456183868114913,0.7041473590432782,79.26401643305945,QQQ,30,touch,or,3R,long_only,is_2021_2024M05,3.577254387307179,3.9247896514051925
405,0.06440545241883179,0.8863142334026243,-0.11397021578362007,0.4444444444444444,0.10070481177232987,1.462387355097831,0.14363509254784912,6.4405452418831795,0.7388544914255613,71.49649589173514,QQQ,30,touch,or,3R,short_only,is_2021_2024M05,3.577254387307179,3.9247896514051925
854,0.07500289671834054,0.8470198288388241,-0.051493135106280945,0.48009367681498827,0.11046976011494435,2.587696835907171,0.009661997532255828,7.500289671834054,0.7206068304892087,150.76051232479458,QQQ,30,touch,or,3R,long_short,is_2021_2024M05,3.577254387307179,3.9247896514051925
449,0.08293894102719984,0.8130190249575718,0.05229055359780865,0.5100222717149221,0.11478684028736112,2.161627954510628,0.03064686493953306,8.293894102719984,0.7041473590432782,79.26401643305945,QQQ,30,touch,or,eod,long_only,is_2021_2024M05,3.577254387307179,3.9247896514051925
405,0.061476151735437336,0.8900880713230283,-0.11397021578362007,0.4444444444444444,0.1041452692090785,1.3899564867112693,0.1645420910698503,6.147615173543733,0.7388544914255613,71.49649589173514,QQQ,30,touch,or,eod,short_only,is_2021_2024M05,3.577254387307179,3.9247896514051925
854,0.07276045196026329,0.8500036520326443,-0.053344496283729004,0.47892271662763464,0.10974019358161817,2.501517421139642,0.01236623581722962,7.276045196026329,0.7206068304892087,150.76051232479458,QQQ,30,touch,or,eod,long_short,is_2021_2024M05,3.577254387307179,3.9247896514051925
454,-0.008051639702552361,0.14461855102978008,-0.0726580292374778,0.46916299559471364,-0.059696453496873754,-1.1862828536294845,0.23551061563509124,-0.8051639702552361,0.13454116413999484,80.1466892218463,SPY,5,close,atr10,1R,long_only,is_2021_2024M05,3.577254387307179,3.9247896514051925
390,0.004503961686977642,0.150833842406391,0.07078271308145133,0.5358974358974359,0.07179487179487179,0.5896960197500627,0.5553944641644806,0.4503961686977642,0.1387027900179055,68.84847752537458,SPY,5,close,atr10,1R,short_only,is_2021_2024M05,3.577254387307179,3.9247896514051925
844,-0.002249880766632097,0.1475679921525548,0.021051576998899986,0.5,0.0010637560573688583,-0.4429335306772278,0.6578138134131462,-0.2249880766632097,0.13646419031580662,148.99516674722088,SPY,5,close,atr10,1R,long_short,is_2021_2024M05,3.577254387307179,3.9247896514051925
454,-0.0026906251502116082,0.2035186378689379,-0.090478890771201,0.32819383259911894,-0.015228657555759577,-0.2816935717677469,0.7781784839590751,-0.2690625150211608,0.13454116413999484,80.1466892218463,SPY,5,close,atr10,2R,long_only,is_2021_2024M05,3.577254387307179,3.9247896514051925
390,-0.0017951138398108024,0.21023310857041988,-0.09120343592116342,0.3487179487179487,0.046132378999550167,-0.16862547528093702,0.8660912411262396,-0.17951138398108024,0.1387027900179055,68.84847752537458,SPY,5,close,atr10,2R,short_only,is_2021_2024M05,3.577254387307179,3.9247896514051925
844,-0.0022768225304766396,0.20652568664459744,-0.0906265276273205,0.33767772511848343,0.013125375923589715,-0.320277425555148,0.7487580343825688,-0.22768225304766396,0.13646419031580662,148.99516674722088,SPY,5,close,atr10,2R,long_short,is_2021_2024M05,3.577254387307179,3.9247896514051925
454,0.015295201384763518,0.25874068965967484,-0.09622800512520639,0.28193832599118945,0.11534965408725371,1.2595586493424027,0.20782862037820093,1.5295201384763517,0.13454116413999484,80.1466892218463,SPY,5,close,atr10,3R,long_only,is_2021_2024M05,3.577254387307179,3.9247896514051925
390,0.0012120374441242016,0.25878764740616916,-0.10052494777200023,0.26666666666666666,0.0719141685494204,0.09249213362294491,0.926307040891053,0.12120374441242016,0.1387027900179055,68.84847752537458,SPY,5,close,atr10,3R,short_only,is_2021_2024M05,3.577254387307179,3.9247896514051925
844,0.008787578236837767,0.2587042731060298,-0.09717663748754005,0.27488151658767773,0.0952787543719042,0.9868174618287534,0.32373213277261614,0.8787578236837768,0.13646419031580662,148.99516674722088,SPY,5,close,atr10,3R,long_short,is_2021_2024M05,3.577254387307179,3.9247896514051925
454,0.0397485239666056,0.42864109591096544,-0.10081484976418179,0.20704845814977973,0.2262351023323451,1.9758552527910198,0.04817117345008648,3.9748523966605602,0.13454116413999484,80.1466892218463,SPY,5,close,atr10,eod,long_only,is_2021_2024M05,3.577254387307179,3.9247896514051925
390,0.011337296266332494,0.4251535696763026,-0.10931959347277784,0.14615384615384616,0.11520212996805791,0.5266183274715862,0.5984586621176287,1.1337296266332495,0.1387027900179055,68.84847752537458,SPY,5,close,atr10,eod,short_only,is_2021_2024M05,3.577254387307179,3.9247896514051925
844,0.02662011306245097,0.4270153334008225,-0.10298550140472232,0.17890995260663506,0.17492839709292332,1.8110800596353007,0.07012845971410897,2.662011306245097,0.13646419031580662,148.99516674722088,SPY,5,close,atr10,eod,long_short,is_2021_2024M05,3.577254387307179,3.9247896514051925
461,0.0021147368399043747,0.33412693708540014,0.0664731559238686,0.5054229934924078,0.006959187193104437,0.13589244234549772,0.8919063101865496,0.21147368399043748,0.29140782997291165,81.38243112614789,SPY,5,close,or,1R,long_only,is_2021_2024M05,3.577254387307179,3.9247896514051925
397,0.01119237544807154,0.35328218525515326,0.12809943560149545,0.5591939546599496,0.1132196882664519,0.6312418521299696,0.5278824006257605,1.1192375448071539,0.3150884320861199,70.08421942967617,SPY,5,close,or,1R,short_only,is_2021_2024M05,3.577254387307179,3.9247896514051925
858,0.006314996195897809,0.34295108462983465,0.11112449335030777,0.5303030303030303,0.05612634211865099,0.5393672296642495,0.589633488170699,0.631499619589781,0.30236493840990886,151.46665055582406,SPY,5,close,or,1R,long_short,is_2021_2024M05,3.577254387307179,3.9247896514051925
461,0.020650818259599153,0.4429775593157376,-0.14413312659693497,0.3926247288503254,0.08238160416716103,1.0009352898035573,0.31685809402808784,2.0650818259599153,0.29140782997291165,81.38243112614789,SPY,5,close,or,2R,long_only,is_2021_2024M05,3.577254387307179,3.9247896514051925
397,0.015160116824472865,0.48129989660384387,-0.15691144098887919,0.3778337531486146,0.08369651710062538,0.6275986966449634,0.5302668627396039,1.5160116824472865,0.3150884320861199,70.08421942967617,SPY,5,close,or,2R,short_only,is_2021_2024M05,3.577254387307179,3.9247896514051925
858,0.01811024894754188,0.46084122620604406,-0.14783189278559286,0.38578088578088576,0.0829900195920857,1.1511097717826908,0.24968707839809,1.811024894754188,0.30236493840990886,151.46665055582406,SPY,5,close,or,2R,long_short,is_2021_2024M05,3.577254387307179,3.9247896514051925
461,0.03281071455250045,0.4977911965181968,-0.15029356743531805,0.36225596529284165,0.13594522328134304,1.415203648203044,0.15700879519514355,3.2810714552500455,0.29140782997291165,81.38243112614789,SPY,5,close,or,3R,long_only,is_2021_2024M05,3.577254387307179,3.9247896514051925
397,0.01868612471141138,0.5411766147870392,-0.17485489472278876,0.327455919395466,0.10270925144292983,0.6879794637553791,0.49146571375873593,1.868612471141138,0.3150884320861199,70.08421942967617,SPY,5,close,or,3R,short_only,is_2021_2024M05,3.577254387307179,3.9247896514051925
858,0.026275210861460407,0.5180590661722877,-0.16129454831348033,0.34615384615384615,0.12056680740739194,1.485629708545112,0.13737709245490204,2.6275210861460407,0.30236493840990886,151.46665055582406,SPY,5,close,or,3R,long_short,is_2021_2024M05,3.577254387307179,3.9247896514051925
461,0.05169243566817447,0.5719827704883712,-0.15074745613668342,0.3492407809110629,0.1894552666877852,1.9404145016127337,0.05232933560977049,5.169243566817447,0.29140782997291165,81.38243112614789,SPY,5,close,or,eod,long_only,is_2021_2024M05,3.577254387307179,3.9247896514051925
397,0.026469852017205194,0.6055640801834057,-0.1776418478838137,0.30730478589420657,0.1546542558825448,0.8709368378250752,0.38378864142977953,2.6469852017205193,0.3150884320861199,70.08421942967617,SPY,5,close,or,eod,short_only,is_2021_2024M05,3.577254387307179,3.9247896514051925
858,0.040021846263238806,0.5875483395941133,-0.16391317622610235,0.3298368298368298,0.17335270108209708,1.9952492673084243,0.046015700083287925,4.0021846263238805,0.30236493840990886,151.46665055582406,SPY,5,close,or,eod,long_short,is_2021_2024M05,3.577254387307179,3.9247896514051925
418,-0.0006840984917816006,0.15616010236493397,-0.0025046866098067735,0.5,-0.005423290494543704,-0.08956466149032903,0.928633167549433,-0.06840984917816006,0.13349805648985624,73.79144514258095,SPY,5,touch,atr10,1R,long_only,is_2021_2024M05,3.577254387307179,3.9247896514051925
426,-0.004190881658094462,0.1668500246709545,-0.07239586432929693,0.4788732394366197,-0.03564052585924364,-0.5184225951690575,0.6041634532103786,-0.41908816580944624,0.13939971819285044,75.20372160463992,SPY,5,touch,atr10,1R,short_only,is_2021_2024M05,3.577254387307179,3.9247896514051925
844,-0.002454109900370794,0.1615578546397733,-0.06820189730254113,0.48933649289099523,-0.020675117823171874,-0.44130327794071555,0.65899345337214,-0.2454109900370794,0.13647685730203105,148.99516674722088,SPY,5,touch,atr10,1R,long_short,is_2021_2024M05,3.577254387307179,3.9247896514051925
418,0.005400396906128742,0.21308463655728205,-0.08665241204405603,0.35645933014354064,0.031335271193139065,0.5181573733810715,0.6043484730023636,0.5400396906128743,0.13349805648985624,73.79144514258095,SPY,5,touch,atr10,2R,long_only,is_2021_2024M05,3.577254387307179,3.9247896514051925
426,0.002191782471760707,0.22221960676529137,-0.0928189215015636,0.3544600938967136,0.02661560359692264,0.2035728582005628,0.838687304990628,0.2191782471760707,0.13939971819285044,75.20372160463992,SPY,5,touch,atr10,2R,short_only,is_2021_2024M05,3.577254387307179,3.9247896514051925
844,0.0037808829854643093,0.21762015778307453,-0.08939553702641567,0.35545023696682465,0.02895306930215778,0.5047372289346681,0.6137434090914424,0.37808829854643095,0.13647685730203105,148.99516674722088,SPY,5,touch,atr10,2R,long_short,is_2021_2024M05,3.577254387307179,3.9247896514051925
418,0.015342218045566017,0.26533877883657736,-0.09451116831298359,0.291866028708134,0.10815969924874581,1.1821581087773174,0.2371429710676738,1.5342218045566018,0.13349805648985624,73.79144514258095,SPY,5,touch,atr10,3R,long_only,is_2021_2024M05,3.577254387307179,3.9247896514051925
426,-0.006572282726161986,0.26335059035597574,-0.10788813575342833,0.25821596244131456,-0.013417666629243884,-0.5150942963073225,0.6064871282114015,-0.6572282726161986,0.13939971819285044,75.20372160463992,SPY,5,touch,atr10,3R,short_only,is_2021_2024M05,3.577254387307179,3.9247896514051925
844,0.00428110746647108,0.2644076634859205,-0.10008451130566973,0.27488151658767773,0.046794820262935855,0.47038483815601523,0.6380800945649661,0.42811074664710796,0.13647685730203105,148.99516674722088,SPY,5,touch,atr10,3R,long_short,is_2021_2024M05,3.577254387307179,3.9247896514051925
418,0.02595477164565289,0.3918847704258339,-0.10074937376692408,0.19856459330143542,0.17836428483965677,1.3540882421661806,0.17570822691472365,2.595477164565289,0.13349805648985624,73.79144514258095,SPY,5,touch,atr10,eod,long_only,is_2021_2024M05,3.577254387307179,3.9247896514051925
426,-0.009375718676425828,0.41674221020798324,-0.11654386818037207,0.13615023474178403,-0.049902265620290924,-0.46434617931521,0.6423997435329107,-0.9375718676425828,0.13939971819285044,75.20372160463992,SPY,5,touch,atr10,eod,short_only,is_2021_2024M05,3.577254387307179,3.9247896514051925
844,0.00812208340251837,0.40476851773947314,-0.10969173878715613,0.1670616113744076,0.06314917761698177,0.5829508524268155,0.5599263860818515,0.812208340251837,0.13647685730203105,148.99516674722088,SPY,5,touch,atr10,eod,long_short,is_2021_2024M05,3.577254387307179,3.9247896514051925
426,-0.005685588541333036,0.25823570125559825,0.059783012787566966,0.5046948356807511,0.007408212354289279,-0.4544268073128306,0.6495216613876056,-0.5685588541333035,0.22278122658820054,75.20372160463992,SPY,5,touch,or,1R,long_only,is_2021_2024M05,3.577254387307179,3.9247896514051925
432,-0.0005856842684832864,0.264054914126488,0.06603780261093375,0.5023148148148148,0.005575020219001671,-0.046101088338962426,0.9632296785633319,-0.05856842684832864,0.22981044058578637,76.26292895118415,SPY,5,touch,or,1R,short_only,is_2021_2024M05,3.577254387307179,3.9247896514051925
858,-0.003117804571786313,0.26104195122521723,0.0626373655154126,0.5034965034965035,0.006485206523934677,-0.3498502804781534,0.7264510622030065,-0.3117804571786313,0.22632041125831365,151.46665055582406,SPY,5,touch,or,1R,long_short,is_2021_2024M05,3.577254387307179,3.9247896514051925
426,0.02384099008749173,0.36443014224382136,-0.12154060558100935,0.38028169014084506,0.1095210611647387,1.3502518971909678,0.1769351963933401,2.384099008749173,0.22278122658820054,75.20372160463992,SPY,5,touch,or,2R,long_only,is_2021_2024M05,3.577254387307179,3.9247896514051925
432,0.016354277030246955,0.3695087959211486,-0.1290743558126328,0.37962962962962965,0.10559622213305665,0.91991657195048,0.3576163581148206,1.6354277030246955,0.22981044058578637,76.26292895118415,SPY,5,touch,or,2R,short_only,is_2021_2024M05,3.577254387307179,3.9247896514051925
858,0.020071456240487368,0.3668009967492425,-0.12463487018940445,0.37995337995337997,0.10754491843550018,1.6028468191350307,0.10896847726987025,2.0071456240487366,0.22632041125831365,151.46665055582406,SPY,5,touch,or,2R,long_short,is_2021_2024M05,3.577254387307179,3.9247896514051925
426,0.040017993435680355,0.4384058994227153,-0.13311528551762056,0.32629107981220656,0.18631083729810743,1.8840122339537906,0.059563320662325836,4.0017993435680355,0.22278122658820054,75.20372160463992,SPY,5,touch,or,3R,long_only,is_2021_2024M05,3.577254387307179,3.9247896514051925
432,0.0005939211373430334,0.4126326587109746,-0.1523798029188495,0.2800925925925926,0.03486815720869335,0.02991624333703862,0.9761338513379583,0.05939211373430334,0.22981044058578637,76.26292895118415,SPY,5,touch,or,3R,short_only,is_2021_2024M05,3.577254387307179,3.9247896514051925
858,0.020168110879874156,0.4258326728823081,-0.14483654124540593,0.30303030303030304,0.11005997739294789,1.387298394721132,0.16535079241507078,2.0168110879874157,0.22632041125831365,151.46665055582406,SPY,5,touch,or,3R,long_short,is_2021_2024M05,3.577254387307179,3.9247896514051925
426,0.06336976840417069,0.5708346691640482,-0.14001398873148646,0.29107981220657275,0.2665004306381577,2.291271629557832,0.02194770839315119,6.336976840417069,0.22278122658820054,75.20372160463992,SPY,5,touch,or,eod,long_only,is_2021_2024M05,3.577254387307179,3.9247896514051925
432,0.010654343099844742,0.5224995942946095,-0.15744922157318564,0.22916666666666666,0.09572402016448674,0.42382111921327553,0.6716962747876973,1.0654343099844743,0.22981044058578637,76.26292895118415,SPY,5,touch,or,eod,short_only,is_2021_2024M05,3.577254387307179,3.9247896514051925
858,0.03682773608311146,0.5473482832097715,-0.14970454093406238,0.25990675990675993,0.1805151050849807,1.970856054798819,0.048740342886971044,3.6827736083111464,0.22632041125831365,151.46665055582406,SPY,5,touch,or,eod,long_short,is_2021_2024M05,3.577254387307179,3.9247896514051925
436,-3.2311239695305355e-05,0.14621831655204323,0.06610559185718247,0.5068807339449541,0.015820665395457144,-0.00461418588391143,0.9963184253864477,-0.0032311239695305355,0.13531821502033695,76.96906718221364,SPY,15,close,atr10,1R,long_only,is_2021_2024M05,3.577254387307179,3.9247896514051925
405,-0.010364094176249618,0.1487915381995416,-0.06767481620231006,0.48148148148148145,-0.037037037037037035,-1.4017824834233554,0.16098021075460656,-1.0364094176249619,0.13768769146145135,71.49649589173514,SPY,15,close,atr10,1R,short_only,is_2021_2024M05,3.577254387307179,3.9247896514051925
841,-0.005007783402958679,0.14746568818847391,-0.06341894251470888,0.4946492271105826,-0.009633995110084049,-0.9848102326026555,0.3247172934257705,-0.5007783402958679,0.1364592827476275,148.46556307394877,SPY,15,close,atr10,1R,long_short,is_2021_2024M05,3.577254387307179,3.9247896514051925
436,0.015658665774860733,0.2126456441604094,-0.08631797149552747,0.3669724770642202,0.09896422427782013,1.5375934066799992,0.12414806058363581,1.5658665774860734,0.13531821502033695,76.96906718221364,SPY,15,close,atr10,2R,long_only,is_2021_2024M05,3.577254387307179,3.9247896514051925
405,-0.015625859218111212,0.20031223980580398,-0.09818958181793676,0.3234567901234568,-0.02962962962962963,-1.5698708729516884,0.11644515509166098,-1.562585921811121,0.13768769146145135,71.49649589173514,SPY,15,close,atr10,2R,short_only,is_2021_2024M05,3.577254387307179,3.9247896514051925
841,0.0005929908376982632,0.20726650053394624,-0.09057735566107963,0.3460166468489893,0.03703733862678904,0.08296919303866541,0.9338760355237548,0.05929908376982632,0.1364592827476275,148.46556307394877,SPY,15,close,atr10,2R,long_short,is_2021_2024M05,3.577254387307179,3.9247896514051925
436,0.024845029833799194,0.2653640608000375,-0.09191945740317116,0.30275229357798167,0.1795539925457477,1.9549725453089983,0.05058631087542631,2.4845029833799193,0.13531821502033695,76.96906718221364,SPY,15,close,atr10,3R,long_only,is_2021_2024M05,3.577254387307179,3.9247896514051925
405,-0.009491409954395822,0.24683632501850367,-0.10286660148533852,0.254320987654321,0.0063543274968009674,-0.7738364307960197,0.4390275257567935,-0.9491409954395822,0.13768769146145135,71.49649589173514,SPY,15,close,atr10,3R,short_only,is_2021_2024M05,3.577254387307179,3.9247896514051925
841,0.008309645631398502,0.25703064985614515,-0.09642328749701909,0.2794292508917955,0.09614630604774123,0.9375524803965132,0.3484744417436838,0.8309645631398502,0.1364592827476275,148.46556307394877,SPY,15,close,atr10,3R,long_short,is_2021_2024M05,3.577254387307179,3.9247896514051925
436,0.043763080950289975,0.4176278459600512,-0.09664406609311893,0.231651376146789,0.3243528270256102,2.1880723870074372,0.028664329925485843,4.376308095028998,0.13531821502033695,76.96906718221364,SPY,15,close,atr10,eod,long_only,is_2021_2024M05,3.577254387307179,3.9247896514051925
405,0.014973391532703838,0.4498330629050916,-0.11236515076725863,0.145679012345679,0.10245619402464369,0.669878932290015,0.5029349708715438,1.497339153270384,0.13768769146145135,71.49649589173514,SPY,15,close,atr10,eod,short_only,is_2021_2024M05,3.577254387307179,3.9247896514051925
841,0.029898842883557063,0.43341529048054855,-0.10232385450649523,0.1902497027348395,0.21749416309529937,2.0005441955261807,0.04544153258151318,2.9898842883557064,0.1364592827476275,148.46556307394877,SPY,15,close,atr10,eod,long_short,is_2021_2024M05,3.577254387307179,3.9247896514051925
444,0.018322712386597245,0.42884395024318184,0.1145330082895171,0.5382882882882883,0.05310107283772174,0.9002890371139789,0.3679664536749927,1.8322712386597244,0.3977110512036394,78.38134364427259,SPY,15,close,or,1R,long_only,is_2021_2024M05,3.577254387307179,3.9247896514051925
411,-0.013058160656927019,0.46967534881503564,-0.02186017705527612,0.49635036496350365,-0.006166317460471002,-0.5636443420733661,0.5729962029584972,-1.3058160656927018,0.4385544463169179,72.55570323827936,SPY,15,close,or,1R,short_only,is_2021_2024M05,3.577254387307179,3.9247896514051925
855,0.0032378716604119025,0.44894484877919943,0.07109923729908736,0.5181286549707602,0.024611134343502778,0.2108869448534953,0.8329754915403313,0.32378716604119023,0.41734454288967165,150.93704688255195,SPY,15,close,or,1R,long_short,is_2021_2024M05,3.577254387307179,3.9247896514051925
444,0.035516765752333326,0.5187923617661582,-0.11146280945166592,0.47297297297297297,0.14409702386851386,1.4425514867407652,0.14914685789539583,3.5516765752333326,0.3977110512036394,78.38134364427259,SPY,15,close,or,2R,long_only,is_2021_2024M05,3.577254387307179,3.9247896514051925
411,0.016596211610514014,0.5787694781095014,-0.16871593819413092,0.41119221411192214,0.08058374314533737,0.581332033007029,0.5610166953364988,1.6596211610514013,0.4385544463169179,72.55570323827936,SPY,15,close,or,2R,short_only,is_2021_2024M05,3.577254387307179,3.9247896514051925
855,0.026421622182406148,0.5482004340726611,-0.14501720870876678,0.4432748538011696,0.11356607839807464,1.4092990537509584,0.15874675851420283,2.642162218240615,0.41734454288967165,150.93704688255195,SPY,15,close,or,2R,long_short,is_2021_2024M05,3.577254387307179,3.9247896514051925
444,0.04754782528373538,0.5617328149832228,-0.12031091917054622,0.4594594594594595,0.1700923395800534,1.7835789917508547,0.07449210181682542,4.754782528373537,0.3977110512036394,78.38134364427259,SPY,15,close,or,3R,long_only,is_2021_2024M05,3.577254387307179,3.9247896514051925
411,0.0192104354387902,0.628389823183932,-0.18843279003241503,0.3819951338199513,0.07912502977978218,0.6197677546613862,0.5354107008263949,1.92104354387902,0.4385544463169179,72.55570323827936,SPY,15,close,or,3R,short_only,is_2021_2024M05,3.577254387307179,3.9247896514051925
855,0.03392599227055121,0.5945256867068882,-0.15787811809282978,0.4222222222222222,0.12636419416729147,1.6685721592766125,0.09520220021833348,3.392599227055121,0.41734454288967165,150.93704688255195,SPY,15,close,or,3R,long_short,is_2021_2024M05,3.577254387307179,3.9247896514051925
444,0.05425567042923222,0.5963312103521203,-0.12403537884419097,0.45495495495495497,0.17823517086190235,1.917119036696917,0.05522281068900892,5.4255670429232215,0.3977110512036394,78.38134364427259,SPY,15,close,or,eod,long_only,is_2021_2024M05,3.577254387307179,3.9247896514051925
411,0.02221621996338584,0.6501265671772468,-0.19120007553583285,0.3771289537712895,0.09110358106032151,0.6927765265278991,0.48844980539695193,2.221621996338584,0.4385544463169179,72.55570323827936,SPY,15,close,or,eod,short_only,is_2021_2024M05,3.577254387307179,3.9247896514051925
855,0.03885425038073766,0.6226098975927649,-0.16022339719379905,0.41754385964912283,0.1363508627818442,1.8247592401613282,0.06803736921945847,3.8854250380737656,0.41734454288967165,150.93704688255195,SPY,15,close,or,eod,long_short,is_2021_2024M05,3.577254387307179,3.9247896514051925
426,0.008979086991302948,0.1586102442304502,0.07623785979324488,0.539906103286385,0.08103725983985703,1.1684381940658037,0.24263005619125377,0.8979086991302948,0.13518981809879968,75.20372160463992,SPY,15,touch,atr10,1R,long_only,is_2021_2024M05,3.577254387307179,3.9247896514051925
417,0.0015881272154329542,0.16073419726048196,-0.05832434364544145,0.49640287769784175,0.01681204790214589,0.20176462757627514,0.8401007359010113,0.15881272154329543,0.13795333901269033,73.61491058482359,SPY,15,touch,atr10,1R,short_only,is_2021_2024M05,3.577254387307179,3.9247896514051925
843,0.005323060625303199,0.15961237870597714,0.06935682176821008,0.5183867141162515,0.049267493080633364,0.9682970970216487,0.3328960141738935,0.5323060625303199,0.1365568266647456,148.8186321894635,SPY,15,touch,atr10,1R,long_short,is_2021_2024M05,3.577254387307179,3.9247896514051925
426,0.02103590506167223,0.22057676626838796,-0.08310488695991497,0.3967136150234742,0.15903066821605386,1.9683677284765495,0.049025742255395244,2.103590506167223,0.13518981809879968,75.20372160463992,SPY,15,touch,atr10,2R,long_only,is_2021_2024M05,3.577254387307179,3.9247896514051925
417,-0.0035557091388677222,0.21623681655761287,-0.094003806935516,0.33573141486810554,-0.005759759149591675,-0.33578757059877323,0.7370310637488793,-0.3555709138867722,0.13795333901269033,73.61491058482359,SPY,15,touch,atr10,2R,short_only,is_2021_2024M05,3.577254387307179,3.9247896514051925
843,0.00887136992332685,0.2186573985504682,-0.08803317004354198,0.3665480427046263,0.07751511873625055,1.1779864625449943,0.2388020031844822,0.887136992332685,0.1365568266647456,148.8186321894635,SPY,15,touch,atr10,2R,long_short,is_2021_2024M05,3.577254387307179,3.9247896514051925
426,0.036627973234030387,0.27644227242816577,-0.08879173316223664,0.3333333333333333,0.28162139299750094,2.7347223083095393,0.006243292112376508,3.662797323403039,0.13518981809879968,75.20372160463992,SPY,15,touch,atr10,3R,long_only,is_2021_2024M05,3.577254387307179,3.9247896514051925
417,0.0005562397398466157,0.2636716224201876,-0.10064240910928658,0.26618705035971224,0.042439633013600764,0.043079102750033536,0.9656384774220885,0.05562397398466157,0.13795333901269033,73.61491058482359,SPY,15,touch,atr10,3R,short_only,is_2021_2024M05,3.577254387307179,3.9247896514051925
843,0.018784660224451938,0.27064250977021936,-0.09564126568057797,0.3001186239620403,0.163307283966319,2.0152137564365393,0.043882256756105464,1.8784660224451937,0.1365568266647456,148.8186321894635,SPY,15,touch,atr10,3R,long_short,is_2021_2024M05,3.577254387307179,3.9247896514051925
426,0.06111890328860175,0.450939481298072,-0.0963150238984795,0.2535211267605634,0.43114688820280833,2.7974484435626152,0.005150798696522685,6.1118903288601745,0.13518981809879968,75.20372160463992,SPY,15,touch,atr10,eod,long_only,is_2021_2024M05,3.577254387307179,3.9247896514051925
417,0.02178354607164654,0.46154079910999485,-0.10985639782040163,0.15347721822541965,0.19411276492965054,0.9637990821353843,0.33514666695360673,2.1783546071646542,0.13795333901269033,73.61491058482359,SPY,15,touch,atr10,eod,short_only,is_2021_2024M05,3.577254387307179,3.9247896514051925
843,0.04166119989658477,0.45636766730002487,-0.10227405460650667,0.2040332147093713,0.31389513327409324,2.6505176060632927,0.00803685384058861,4.166119989658477,0.1365568266647456,148.8186321894635,SPY,15,touch,atr10,eod,long_short,is_2021_2024M05,3.577254387307179,3.9247896514051925
435,0.02301511737225473,0.3702407350255877,0.13142146394123635,0.5333333333333333,0.07272483678156241,1.296503289676195,0.19480214741984536,2.3015117372254728,0.3282593458676701,76.79253262445626,SPY,15,touch,or,1R,long_only,is_2021_2024M05,3.577254387307179,3.9247896514051925
422,-0.012476283179624566,0.40320638754902455,-0.08297529524246751,0.48578199052132703,-0.025341514202263292,-0.6356441369661493,0.5250083947351221,-1.2476283179624565,0.3621619087494157,74.49758337361044,SPY,15,touch,or,1R,short_only,is_2021_2024M05,3.577254387307179,3.9247896514051925
857,0.005538605081831083,0.3870056310906722,0.10391018545708726,0.5099183197199533,0.024435455083575884,0.4189609315734601,0.6752446850364715,0.5538605081831083,0.34495349001714104,151.2901159980667,SPY,15,touch,or,1R,long_short,is_2021_2024M05,3.577254387307179,3.9247896514051925
435,0.03844104606030608,0.4827877637741626,-0.14220576949121833,0.42298850574712643,0.14480330007972883,1.6606708836106205,0.0967795641757907,3.844104606030608,0.3282593458676701,76.79253262445626,SPY,15,touch,or,2R,long_only,is_2021_2024M05,3.577254387307179,3.9247896514051925
422,-0.006823876176550674,0.538191879336075,-0.18673661524584872,0.34834123222748814,-0.026405431508697414,-0.26046550945912844,0.7945047168254731,-0.6823876176550674,0.3621619087494157,74.49758337361044,SPY,15,touch,or,2R,short_only,is_2021_2024M05,3.577254387307179,3.9247896514051925
857,0.016151901154876035,0.5110235805499213,-0.1648684689053235,0.3862310385064177,0.060497483591612285,0.9252798798527704,0.35482034180827093,1.6151901154876036,0.34495349001714104,151.2901159980667,SPY,15,touch,or,2R,long_short,is_2021_2024M05,3.577254387307179,3.9247896514051925
435,0.05561607820445838,0.5432997606917264,-0.15336134453781894,0.4,0.21314117467654284,2.135037344829348,0.03275795978864715,5.561607820445838,0.3282593458676701,76.79253262445626,SPY,15,touch,or,3R,long_only,is_2021_2024M05,3.577254387307179,3.9247896514051925
422,0.009366907169082374,0.5901079606778812,-0.19083811291123473,0.3246445497630332,0.040515014428054316,0.3260776018085353,0.7443656428590244,0.9366907169082374,0.3621619087494157,74.49758337361044,SPY,15,touch,or,3R,short_only,is_2021_2024M05,3.577254387307179,3.9247896514051925
857,0.0328422740306793,0.5669723032174088,-0.17380565783154364,0.3628938156359393,0.12813739448417158,1.6957498504445316,0.08993326345205288,3.2842274030679297,0.34495349001714104,151.2901159980667,SPY,15,touch,or,3R,long_short,is_2021_2024M05,3.577254387307179,3.9247896514051925
435,0.06936620328102217,0.6011073818450829,-0.15336134453781894,0.39770114942528734,0.25508328801306684,2.4068027079495256,0.01609286102635865,6.936620328102217,0.3282593458676701,76.79253262445626,SPY,15,touch,or,eod,long_only,is_2021_2024M05,3.577254387307179,3.9247896514051925
422,0.003449707512924713,0.6165951222778737,-0.19530099964281286,0.3080568720379147,0.010287769582711822,0.11493132543333066,0.9084995555032438,0.3449707512924713,0.3621619087494157,74.49758337361044,SPY,15,touch,or,eod,short_only,is_2021_2024M05,3.577254387307179,3.9247896514051925
857,0.03690790548156228,0.6093198998556105,-0.17584762506915086,0.35355892648774795,0.13454220425856298,1.773227462273429,0.07619102319922,3.690790548156228,0.34495349001714104,151.2901159980667,SPY,15,touch,or,eod,long_short,is_2021_2024M05,3.577254387307179,3.9247896514051925
436,0.0014122482197104851,0.14588613451548268,-0.06258828117223918,0.49770642201834864,-0.0045871559633027525,0.20213441571276844,0.8398116432944218,0.14122482197104852,0.13447724557588264,76.96906718221364,SPY,30,close,atr10,1R,long_only,is_2021_2024M05,3.577254387307179,3.9247896514051925
396,-0.005183258867842547,0.1489181805837995,-0.07022873882665348,0.4696969696969697,-0.06060606060606061,-0.6926323483884769,0.48854030437355744,-0.5183258867842546,0.13799207566485328,69.9076848719188,SPY,30,close,atr10,1R,short_only,is_2021_2024M05,3.577254387307179,3.9247896514051925
832,-0.0017269594806152368,0.147285083229559,-0.06859194850102182,0.484375,-0.03125,-0.3382089113967927,0.735205760824718,-0.17269594806152366,0.13615016951246,146.87675205413242,SPY,30,close,atr10,1R,long_short,is_2021_2024M05,3.577254387307179,3.9247896514051925
436,0.001675160616294069,0.20653121735781257,-0.08897191783151054,0.33715596330275227,0.011587748654905349,0.16936122790063052,0.8655125185633827,0.16751606162940688,0.13447724557588264,76.96906718221364,SPY,30,close,atr10,2R,long_only,is_2021_2024M05,3.577254387307179,3.9247896514051925
396,-0.012060459112226127,0.20677743666028345,-0.09684976075018056,0.3005050505050505,-0.10089325836868508,-1.160668736030225,0.2457766406564461,-1.2060459112226127,0.13799207566485328,69.9076848719188,SPY,30,close,atr10,2R,short_only,is_2021_2024M05,3.577254387307179,3.9247896514051925
832,-0.004862466081415063,0.20663808969561515,-0.09205902057398771,0.31971153846153844,-0.04194888449574587,-0.6787469167014272,0.49729823340706436,-0.48624660814150633,0.13615016951246,146.87675205413242,SPY,30,close,atr10,2R,long_short,is_2021_2024M05,3.577254387307179,3.9247896514051925
436,0.010626497432475061,0.2516005113060082,-0.09246743606225387,0.28211009174311924,0.09308484253760975,0.8819051259896332,0.377828114838922,1.0626497432475062,0.13447724557588264,76.96906718221364,SPY,30,close,atr10,3R,long_only,is_2021_2024M05,3.577254387307179,3.9247896514051925
396,-0.007873431451521834,0.25206335033430805,-0.1022603775757216,0.24242424242424243,-0.05538006928365295,-0.6215870233252305,0.5342134559996872,-0.7873431451521834,0.13799207566485328,69.9076848719188,SPY,30,close,atr10,3R,short_only,is_2021_2024M05,3.577254387307179,3.9247896514051925
832,0.0018212428194188464,0.251839064328331,-0.09656964267803689,0.26322115384615385,0.0224212546996049,0.20859621244221838,0.8347634675694104,0.18212428194188465,0.13615016951246,146.87675205413242,SPY,30,close,atr10,3R,long_short,is_2021_2024M05,3.577254387307179,3.9247896514051925
436,0.014681197708196836,0.32450646892849605,-0.09602556992871664,0.22935779816513763,0.14369313007375448,0.9446727179128377,0.34482598952622645,1.4681197708196836,0.13447724557588264,76.96906718221364,SPY,30,close,atr10,eod,long_only,is_2021_2024M05,3.577254387307179,3.9247896514051925
396,0.016756425517204847,0.4543674927538854,-0.11048550965574605,0.14898989898989898,0.045637145844531386,0.7338743702539688,0.46302530888390603,1.6756425517204847,0.13799207566485328,69.9076848719188,SPY,30,close,atr10,eod,short_only,is_2021_2024M05,3.577254387307179,3.9247896514051925
832,0.015668926328830456,0.39147966250705263,-0.10105417324586322,0.19110576923076922,0.0970222529646531,1.154494043409944,0.24829767924200352,1.5668926328830455,0.13615016951246,146.87675205413242,SPY,30,close,atr10,eod,long_short,is_2021_2024M05,3.577254387307179,3.9247896514051925
445,0.024507456926536147,0.4812437321239138,0.08114870500191909,0.5415730337078651,0.053482488833190164,1.074269306208545,0.28270199760887316,2.450745692653615,0.5038847991884771,78.55787820202997,SPY,30,close,or,1R,long_only,is_2021_2024M05,3.577254387307179,3.9247896514051925
401,0.0042843941584594335,0.5290226530461026,0.030026165658642467,0.5087281795511222,0.023076612911325064,0.1621762804844649,0.8711670379480079,0.42843941584594336,0.5366932387723479,70.79035766070565,SPY,30,close,or,1R,short_only,is_2021_2024M05,3.577254387307179,3.9247896514051925
846,0.014921820791785834,0.5042548733602829,0.06796544664614222,0.5260047281323877,0.03907024740923283,0.8607100961417959,0.38939773112438525,1.4921820791785834,0.519435844428586,149.3482358627356,SPY,30,close,or,1R,long_short,is_2021_2024M05,3.577254387307179,3.9247896514051925
445,0.041072029285493465,0.5543818559051534,0.01330595701563556,0.5078651685393258,0.11422907738971542,1.5628495011373196,0.11808799784812685,4.107202928549347,0.5038847991884771,78.55787820202997,SPY,30,close,or,2R,long_only,is_2021_2024M05,3.577254387307179,3.9247896514051925
401,0.006972551161399066,0.6109500801268408,-0.14740400548035162,0.4339152119700748,0.029774067005015573,0.228537867067448,0.8192281212522365,0.6972551161399066,0.5366932387723479,70.79035766070565,SPY,30,close,or,2R,short_only,is_2021_2024M05,3.577254387307179,3.9247896514051925
846,0.02490903788151964,0.5817824938122272,-0.05079662484018852,0.4728132387706856,0.07419780178183759,1.2453214989122994,0.2130135960809323,2.490903788151964,0.519435844428586,149.3482358627356,SPY,30,close,or,2R,long_short,is_2021_2024M05,3.577254387307179,3.9247896514051925
445,0.05186443407542771,0.5847373470028264,0.012852919754938151,0.503370786516854,0.13791241270074037,1.871064745568363,0.061336107365404846,5.186443407542771,0.5038847991884771,78.55787820202997,SPY,30,close,or,3R,long_only,is_2021_2024M05,3.577254387307179,3.9247896514051925
401,0.019907139508980196,0.6491051796983557,-0.1489572989076521,0.428927680798005,0.06586812931619013,0.6141380017822838,0.5391241381501894,1.9907139508980196,0.5366932387723479,70.79035766070565,SPY,30,close,or,3R,short_only,is_2021_2024M05,3.577254387307179,3.9247896514051925
846,0.03671682754925105,0.6159246816981839,-0.055410870983308186,0.46808510638297873,0.10376376301137315,1.7338947175942478,0.08293676531311434,3.6716827549251048,0.519435844428586,149.3482358627356,SPY,30,close,or,3R,long_short,is_2021_2024M05,3.577254387307179,3.9247896514051925
445,0.04871938997914134,0.5833077171268536,0.0,0.49887640449438203,0.12041636485589473,1.7619116417045115,0.07808422736119924,4.871938997914134,0.5038847991884771,78.55787820202997,SPY,30,close,or,eod,long_only,is_2021_2024M05,3.577254387307179,3.9247896514051925
401,0.02500044504134222,0.666094197011361,-0.1489572989076521,0.428927680798005,0.08227027550864409,0.751595681293578,0.4522942412641189,2.5000445041342223,0.5366932387723479,70.79035766070565,SPY,30,close,or,eod,short_only,is_2021_2024M05,3.577254387307179,3.9247896514051925
846,0.037476722224936324,0.6236572053073596,-0.05817222187152603,0.4657210401891253,0.10233529886505842,1.7478366311404192,0.08049232029401931,3.7476722224936325,0.519435844428586,149.3482358627356,SPY,30,close,or,eod,long_short,is_2021_2024M05,3.577254387307179,3.9247896514051925
434,-0.0010593815104214678,0.16450417632589942,0.06965794253655927,0.5161290322580645,0.027540842941581257,-0.13415915851532836,0.893276720670197,-0.10593815104214678,0.13622863479195652,76.6159980666989,SPY,30,touch,atr10,1R,long_only,is_2021_2024M05,3.577254387307179,3.9247896514051925
408,0.005059043232188306,0.1600236730430256,0.0009549507923552192,0.5,0.03187650226592947,0.6385784194959133,0.5230972239821146,0.5059043232188306,0.13658155084048754,72.02609956500724,SPY,30,touch,atr10,1R,short_only,is_2021_2024M05,3.577254387307179,3.9247896514051925
842,0.0019053658707956205,0.16228100285306,0.06677884021888944,0.5083135391923991,0.029641732495422193,0.3406957724998881,0.7333326215362233,0.19053658707956206,0.13639964399362,148.64209763170612,SPY,30,touch,atr10,1R,long_short,is_2021_2024M05,3.577254387307179,3.9247896514051925
434,0.006177556464145666,0.22174656908409301,-0.08752974974945896,0.3709677419354839,0.07292641939710688,0.5803696314117831,0.5616653799230218,0.6177556464145666,0.13622863479195652,76.6159980666989,SPY,30,touch,atr10,2R,long_only,is_2021_2024M05,3.577254387307179,3.9247896514051925
408,0.01286587666363427,0.22052695781941087,-0.08909841679212908,0.3602941176470588,0.06769477370688005,1.1784408236124904,0.23862091083104242,1.286587666363427,0.13658155084048754,72.02609956500724,SPY,30,touch,atr10,2R,short_only,is_2021_2024M05,3.577254387307179,3.9247896514051925
842,0.009418452712828982,0.2210502584174894,-0.0880610040970623,0.3657957244655582,0.07039137017903972,1.2363589597269684,0.2163251640846462,0.9418452712828982,0.13639964399362,148.64209763170612,SPY,30,touch,atr10,2R,long_short,is_2021_2024M05,3.577254387307179,3.9247896514051925
434,0.014781816586669645,0.27052766093187175,-0.0943146283419938,0.30184331797235026,0.15346207890254365,1.1383111673662332,0.2549905725168431,1.4781816586669645,0.13622863479195652,76.6159980666989,SPY,30,touch,atr10,3R,long_only,is_2021_2024M05,3.577254387307179,3.9247896514051925
408,0.002750322103086217,0.2640722183302783,-0.09983120298964765,0.25735294117647056,0.0009212043821246382,0.2103734488833258,0.8333762136839713,0.2750322103086217,0.13658155084048754,72.02609956500724,SPY,30,touch,atr10,3R,short_only,is_2021_2024M05,3.577254387307179,3.9247896514051925
842,0.008951828760895255,0.2673279816407423,-0.09648477954529576,0.28028503562945367,0.07954678578576106,0.9716802876139942,0.3312096264261233,0.8951828760895255,0.13639964399362,148.64209763170612,SPY,30,touch,atr10,3R,long_short,is_2021_2024M05,3.577254387307179,3.9247896514051925
434,0.019079835711240112,0.3806496796027014,-0.09864625111654654,0.23732718894009217,0.18017089651776236,1.0442248569297956,0.2963813691731909,1.9079835711240112,0.13622863479195652,76.6159980666989,SPY,30,touch,atr10,eod,long_only,is_2021_2024M05,3.577254387307179,3.9247896514051925
408,0.02214140624661915,0.4602211508790444,-0.10794856574644929,0.1568627450980392,0.12433522764335905,0.9717816806241584,0.33115917140593343,2.214140624661915,0.13658155084048754,72.02609956500724,SPY,30,touch,atr10,eod,short_only,is_2021_2024M05,3.577254387307179,3.9247896514051925
842,0.020563352075176747,0.42083826960451803,-0.1017677121190364,0.19833729216152018,0.15311513297767143,1.4178645063908848,0.1562303266975169,2.056335207517675,0.13639964399362,148.64209763170612,SPY,30,touch,atr10,eod,long_short,is_2021_2024M05,3.577254387307179,3.9247896514051925
443,0.01221687358250048,0.46030295551052774,0.08628127696289603,0.5214446952595937,0.03534404589456232,0.5586221855483512,0.5764195956882201,1.221687358250048,0.44692638225876885,78.20480908651523,SPY,30,touch,or,1R,long_only,is_2021_2024M05,3.577254387307179,3.9247896514051925
413,0.0051218652242648755,0.4804835461557516,0.014924418480692744,0.5036319612590799,0.021968390034723433,0.21663301897748713,0.8284943513082339,0.5121865224264875,0.462028867107071,72.9087723537941,SPY,30,touch,or,1R,short_only,is_2021_2024M05,3.577254387307179,3.9247896514051925
856,0.008793697820875121,0.46988531915504056,0.05739917680287619,0.5128504672897196,0.028890604457513885,0.5475408726370906,0.584007198262843,0.8793697820875122,0.45421297833627905,151.11358144030933,SPY,30,touch,or,1R,long_short,is_2021_2024M05,3.577254387307179,3.9247896514051925
443,0.03383300230711468,0.540748299457565,-0.05888834010864812,0.46952595936794583,0.11629464572569924,1.3168831450848901,0.18787779703354635,3.3833002307114683,0.44692638225876885,78.20480908651523,SPY,30,touch,or,2R,long_only,is_2021_2024M05,3.577254387307179,3.9247896514051925
413,0.02418166542144243,0.6022541771204966,-0.15898251192369442,0.4188861985472155,0.06279571974352745,0.8159835675367095,0.4145095341762075,2.418166542144243,0.462028867107071,72.9087723537941,SPY,30,touch,or,2R,short_only,is_2021_2024M05,3.577254387307179,3.9247896514051925
856,0.029176457758303187,0.5709345203191791,-0.12380227146943844,0.44509345794392524,0.09048266391420748,1.4951444187859253,0.13487675550786404,2.9176457758303185,0.45421297833627905,151.11358144030933,SPY,30,touch,or,2R,long_short,is_2021_2024M05,3.577254387307179,3.9247896514051925
443,0.040803818646490575,0.5832141913656744,-0.09471306797483701,0.4582392776523702,0.1316159492918801,1.4725653889486316,0.1408682631885192,4.080381864649057,0.44692638225876885,78.20480908651523,SPY,30,touch,or,3R,long_only,is_2021_2024M05,3.577254387307179,3.9247896514051925
413,0.03384104662056653,0.6437713747374135,-0.1643166426112917,0.4019370460048426,0.09971205360608991,1.0682850485752142,0.28539195072816304,3.384104662056653,0.462028867107071,72.9087723537941,SPY,30,touch,or,3R,short_only,is_2021_2024M05,3.577254387307179,3.9247896514051925
856,0.03744444382557162,0.6128274426779292,-0.13812815602819334,0.4310747663551402,0.11622306504160984,1.7876646883732985,0.07383012203381445,3.744444382557162,0.45421297833627905,151.11358144030933,SPY,30,touch,or,3R,long_short,is_2021_2024M05,3.577254387307179,3.9247896514051925
443,0.04046007799368177,0.5846431469004824,-0.09471306797483701,0.4582392776523702,0.13250101200982195,1.4565913126127097,0.14522922715973485,4.046007799368177,0.44692638225876885,78.20480908651523,SPY,30,touch,or,eod,long_only,is_2021_2024M05,3.577254387307179,3.9247896514051925
413,0.03174870038460016,0.6594230361509726,-0.16839798733971434,0.39709443099273606,0.09642425815147125,0.9784460032740538,0.32785378502470897,3.1748700384600164,0.462028867107071,72.9087723537941,SPY,30,touch,or,eod,short_only,is_2021_2024M05,3.577254387307179,3.9247896514051925
856,0.036257041834159925,0.6214948443329869,-0.14113479001550241,0.4287383177570093,0.11509482118797754,1.7068357070974316,0.08785259355290798,3.6257041834159924,0.45421297833627905,151.11358144030933,SPY,30,touch,or,eod,long_short,is_2021_2024M05,3.577254387307179,3.9247896514051925
414,-0.017864297365022656,0.5538076227645762,-0.2968763326384671,0.46618357487922707,-0.06706401143253767,-0.6563374428186484,0.5116070311793313,-1.7864297365022657,0.5226577847862497,73.08530691155147,TSLA,5,close,atr10,1R,long_only,is_2021_2024M05,3.577254387307179,3.9247896514051925
428,0.004122234848084865,0.584474996851998,0.2287087989740015,0.5046728971962616,0.007703772966122599,0.14591121625766149,0.8839914770638615,0.41222348480848653,0.5356643026991409,75.55679072015467,TSLA,5,close,atr10,1R,short_only,is_2021_2024M05,3.577254387307179,3.9247896514051925
842,-0.006688245361210273,0.5693707295098585,-0.25776668962259286,0.4857482185273159,-0.029058534327280425,-0.340857697336705,0.7332107123353917,-0.6688245361210273,0.5292691739391209,148.64209763170612,TSLA,5,close,atr10,1R,long_short,is_2021_2024M05,3.577254387307179,3.9247896514051925
414,0.038261857525179147,0.7815861350025332,-0.38358399681529765,0.35507246376811596,0.05346159073523389,0.996068885621603,0.31921667637526063,3.826185752517915,0.5226577847862497,73.08530691155147,TSLA,5,close,atr10,2R,long_only,is_2021_2024M05,3.577254387307179,3.9247896514051925
428,0.027101387865586232,0.7844000528155626,-0.3875140529919087,0.35514018691588783,0.056027020421842696,0.7147856120497779,0.4747415270314521,2.7101387865586233,0.5356643026991409,75.55679072015467,TSLA,5,close,atr10,2R,short_only,is_2021_2024M05,3.577254387307179,3.9247896514051925
842,0.032588839693462095,0.782572054328634,-0.38587404517965884,0.35510688836104515,0.05476563337878326,1.2083718751508528,0.22690425296985017,3.2588839693462095,0.5292691739391209,148.64209763170612,TSLA,5,close,atr10,2R,long_short,is_2021_2024M05,3.577254387307179,3.9247896514051925
414,0.027539582789825122,0.9240460205938279,-0.41989739289700223,0.2632850241545894,0.019273782355793995,0.6064066093531504,0.5442447806548798,2.753958278982512,0.5226577847862497,73.08530691155147,TSLA,5,close,atr10,3R,long_only,is_2021_2024M05,3.577254387307179,3.9247896514051925
428,-0.0008476463812274862,0.9151618934214554,-0.4252061710173919,0.26635514018691586,0.02162023601182146,-0.019161904377811248,0.9847119479212958,-0.08476463812274862,0.5356643026991409,75.55679072015467,TSLA,5,close,atr10,3R,short_only,is_2021_2024M05,3.577254387307179,3.9247896514051925
842,0.013109969862021653,0.9191034932662749,-0.4242838782864881,0.2648456057007126,0.02046651651824026,0.4138979947271849,0.678948812523581,1.3109969862021653,0.5292691739391209,148.64209763170612,TSLA,5,close,atr10,3R,long_short,is_2021_2024M05,3.577254387307179,3.9247896514051925
414,0.08662166564854906,1.4985855208485406,-0.43853016914038023,0.18115942028985507,0.13612100390190066,1.1761024885328188,0.23955392362166794,8.662166564854907,0.5226577847862497,73.08530691155147,TSLA,5,close,atr10,eod,long_only,is_2021_2024M05,3.577254387307179,3.9247896514051925
428,0.09692864113977565,1.6150979221680628,-0.44294464757643104,0.18925233644859812,0.20956435859920797,1.2415812644286341,0.21439109792679267,9.692864113977565,0.5356643026991409,75.55679072015467,TSLA,5,close,atr10,eod,short_only,is_2021_2024M05,3.577254387307179,3.9247896514051925
842,0.09186084083886378,1.5579826955571303,-0.4394244324006106,0.18527315914489312,0.17345325545825166,1.7108968726019194,0.08710015205486954,9.186084083886378,0.5292691739391209,148.64209763170612,TSLA,5,close,atr10,eod,long_short,is_2021_2024M05,3.577254387307179,3.9247896514051925
420,0.09540933796391592,1.6559666725205606,0.3134166115990953,0.5238095238095238,0.04694256794987562,1.1807662617279004,0.237695590285111,9.540933796391592,1.7941309573148232,74.1445142580957,TSLA,5,close,or,1R,long_only,is_2021_2024M05,3.577254387307179,3.9247896514051925
436,0.05935599673653056,1.7097435221727033,0.3883743997374998,0.5344036697247706,0.06897164576177953,0.7248979639750637,0.46851463003679417,5.935599673653056,1.7712122250610465,76.96906718221364,TSLA,5,close,or,1R,short_only,is_2021_2024M05,3.577254387307179,3.9247896514051925
856,0.07704572023594862,1.6826853263228407,0.36988757200999456,0.5292056074766355,0.05816298608771453,1.339622687987138,0.18036804389173744,7.704572023594862,1.782457397428554,151.11358144030933,TSLA,5,close,or,1R,long_short,is_2021_2024M05,3.577254387307179,3.9247896514051925
420,0.1834928478107691,2.081644492418976,-0.40035259205409435,0.45714285714285713,0.08922522091676585,1.8064969155590367,0.07084075550393187,18.34928478107691,1.7941309573148232,74.1445142580957,TSLA,5,close,or,2R,long_only,is_2021_2024M05,3.577254387307179,3.9247896514051925
436,0.08695484454703932,2.0675263878664585,-0.3373201821435209,0.4541284403669725,0.06764562268622197,0.8781849023388588,0.3798433838514823,8.695484454703932,1.7712122250610465,76.96906718221364,TSLA,5,close,or,2R,short_only,is_2021_2024M05,3.577254387307179,3.9247896514051925
856,0.13432162184933663,2.073813978638576,-0.36398259011968265,0.45560747663551404,0.07823374331335799,1.8950165700633674,0.05809020645975993,13.432162184933663,1.782457397428554,151.11358144030933,TSLA,5,close,or,2R,long_short,is_2021_2024M05,3.577254387307179,3.9247896514051925
420,0.19793705152334187,2.191118250757927,-0.4677194490396742,0.45,0.0983403673749607,1.8513388960338424,0.0641208136978566,19.793705152334187,1.7941309573148232,74.1445142580957,TSLA,5,close,or,3R,long_only,is_2021_2024M05,3.577254387307179,3.9247896514051925
436,0.10953949842759703,2.1744058237657455,-0.37258133995120357,0.44724770642201833,0.10301721081246779,1.051897420359047,0.29284661559354985,10.953949842759702,1.7712122250610465,76.96906718221364,TSLA,5,close,or,3R,short_only,is_2021_2024M05,3.577254387307179,3.9247896514051925
856,0.15291212961943446,2.1817928133508366,-0.42407124837343185,0.4485981308411215,0.10072249791088721,2.0505261505374066,0.040313114600212474,15.291212961943446,1.782457397428554,151.11358144030933,TSLA,5,close,or,3R,long_short,is_2021_2024M05,3.577254387307179,3.9247896514051925
420,0.18669792701468066,2.2158678994852767,-0.5071573203075888,0.44761904761904764,0.09767749115795603,1.7267134621793483,0.0842191367216496,18.669792701468065,1.7941309573148232,74.1445142580957,TSLA,5,close,or,eod,long_only,is_2021_2024M05,3.577254387307179,3.9247896514051925
436,0.1588421717692467,2.3260016113665696,-0.37258133995120357,0.44724770642201833,0.1424460065477289,1.4259327695285953,0.15388774927678095,15.88421717692467,1.7712122250610465,76.96906718221364,TSLA,5,close,or,eod,short_only,is_2021_2024M05,3.577254387307179,3.9247896514051925
856,0.1725097152307914,2.2713467870710327,-0.43721003771318845,0.44742990654205606,0.12048014619293382,2.2221173671500867,0.026275374884496383,17.25097152307914,1.782457397428554,151.11358144030933,TSLA,5,close,or,eod,long_short,is_2021_2024M05,3.577254387307179,3.9247896514051925
398,0.016973945480144456,0.7189267864222427,0.2645453875051188,0.507537688442211,0.0328046935508307,0.4710203531043679,0.6376262005243749,1.6973945480144457,0.520093974654568,70.26075398743355,TSLA,5,touch,atr10,1R,long_only,is_2021_2024M05,3.577254387307179,3.9247896514051925
446,0.008602619962678658,0.7346956457155085,0.31485741168268006,0.5134529147982063,-0.016305137609328783,0.24728097301468704,0.8046907829615104,0.8602619962678658,0.5372193204504804,78.73441275978733,TSLA,5,touch,atr10,1R,short_only,is_2021_2024M05,3.577254387307179,3.9247896514051925
844,0.012550235550298782,0.7268838038863541,0.29995449718173733,0.5106635071090048,0.006853289880888606,0.5016006702103406,0.615948447872616,1.2550235550298783,0.5291436242102279,148.99516674722088,TSLA,5,touch,atr10,1R,long_short,is_2021_2024M05,3.577254387307179,3.9247896514051925
398,0.05360770982740455,0.8738677347336348,-0.3902311950857662,0.4020100502512563,0.10291478554849631,1.223835609971767,0.22101424791326885,5.360770982740455,0.520093974654568,70.26075398743355,TSLA,5,touch,atr10,2R,long_only,is_2021_2024M05,3.577254387307179,3.9247896514051925
446,0.06954288793363933,0.9114200726778929,-0.37450868728434816,0.40582959641255606,0.08488370651103613,1.6113933318389724,0.10709401969351662,6.954288793363933,0.5372193204504804,78.73441275978733,TSLA,5,touch,atr10,2R,short_only,is_2021_2024M05,3.577254387307179,3.9247896514051925
844,0.06202843190723952,0.8934159543108611,-0.38542868721562096,0.4040284360189573,0.09338651392443559,2.017011256254198,0.04369433865622563,6.202843190723952,0.5291436242102279,148.99516674722088,TSLA,5,touch,atr10,2R,long_short,is_2021_2024M05,3.577254387307179,3.9247896514051925
398,0.07961141237608355,1.031071820469641,-0.43353902945911954,0.32663316582914576,0.16123789547580053,1.5403802695217441,0.1234676879362211,7.961141237608355,0.520093974654568,70.26075398743355,TSLA,5,touch,atr10,3R,long_only,is_2021_2024M05,3.577254387307179,3.9247896514051925
446,0.06797381586423279,1.073859332027189,-0.4330755306544095,0.31614349775784756,0.08565372455227856,1.3367853717281728,0.18129270546607934,6.797381586423279,0.5372193204504804,78.73441275978733,TSLA,5,touch,atr10,3R,short_only,is_2021_2024M05,3.577254387307179,3.9247896514051925
844,0.07346168720512923,1.053292395790692,-0.433285046967461,0.32109004739336494,0.12129649709678297,2.0262040221277506,0.04274388164930354,7.346168720512923,0.5291436242102279,148.99516674722088,TSLA,5,touch,atr10,3R,long_short,is_2021_2024M05,3.577254387307179,3.9247896514051925
398,0.15288092317313967,1.6066825474081046,-0.4502395050481688,0.22110552763819097,0.323738277794729,1.8982996007544097,0.0576566265422902,15.288092317313968,0.520093974654568,70.26075398743355,TSLA,5,touch,atr10,eod,long_only,is_2021_2024M05,3.577254387307179,3.9247896514051925
446,0.12470031252425663,1.7818203178513672,-0.47149225334479555,0.21076233183856502,0.19570765399135762,1.4779885324821784,0.13941084767819212,12.470031252425663,0.5372193204504804,78.73441275978733,TSLA,5,touch,atr10,eod,short_only,is_2021_2024M05,3.577254387307179,3.9247896514051925
844,0.1379892734700569,1.7005398214541774,-0.46098114882654584,0.2156398104265403,0.25608228464744986,2.3573808166780608,0.018404362132835805,13.79892734700569,0.5291436242102279,148.99516674722088,TSLA,5,touch,atr10,eod,long_short,is_2021_2024M05,3.577254387307179,3.9247896514051925
404,0.1523632195353677,1.4126728779664448,0.687518975011789,0.556930693069307,0.10081434768337297,2.167849938151574,0.03017010586020219,15.23632195353677,1.4000761332300655,71.31996133397777,TSLA,5,touch,or,1R,long_only,is_2021_2024M05,3.577254387307179,3.9247896514051925
454,0.03756040514133297,1.471546107324846,0.6949751768031904,0.5352422907488987,0.0660706539065018,0.5438564960652198,0.5865402278572738,3.7560405141332973,1.4083803332374345,80.1466892218463,TSLA,5,touch,or,1R,short_only,is_2021_2024M05,3.577254387307179,3.9247896514051925
858,0.0916167419888738,1.4444236149908587,0.6884998163738814,0.5454545454545454,0.08243015540516839,1.8579067279974486,0.06318226080677336,9.16167419888738,1.4044701971034288,151.46665055582406,TSLA,5,touch,or,1R,long_short,is_2021_2024M05,3.577254387307179,3.9247896514051925
404,0.25582588696855857,1.9026209751457206,-0.693715294658362,0.45544554455445546,0.15695822306801055,2.7026069598544527,0.006879804524578148,25.582588696855858,1.4000761332300655,71.31996133397777,TSLA,5,touch,or,2R,long_only,is_2021_2024M05,3.577254387307179,3.9247896514051925
454,0.07449881709580045,1.8776995736976152,-0.7014622675237312,0.4251101321585903,0.09884839548371806,0.8453784946979054,0.39789954763167046,7.449881709580045,1.4083803332374345,80.1466892218463,TSLA,5,touch,or,2R,short_only,is_2021_2024M05,3.577254387307179,3.9247896514051925
858,0.15987892925033925,1.8905410190146308,-0.698652739709857,0.4393939393939394,0.12621013248145022,2.4771298361287295,0.013244371246338593,15.987892925033925,1.4044701971034288,151.46665055582406,TSLA,5,touch,or,2R,long_short,is_2021_2024M05,3.577254387307179,3.9247896514051925
404,0.28597776766269817,2.10708978693591,-0.7895124218706915,0.43316831683168316,0.1862500568145133,2.7279720240069123,0.006372501228045113,28.597776766269817,1.4000761332300655,71.31996133397777,TSLA,5,touch,or,3R,long_only,is_2021_2024M05,3.577254387307179,3.9247896514051925
454,0.12095781544591813,2.087567954719692,-0.7385989392246038,0.40748898678414097,0.13053556051472692,1.2345856920820109,0.2169847366737334,12.095781544591814,1.4083803332374345,80.1466892218463,TSLA,5,touch,or,3R,short_only,is_2021_2024M05,3.577254387307179,3.9247896514051925
858,0.19865951788831807,2.0971777927140045,-0.7637289993263543,0.4195804195804196,0.15676942590530232,2.7747110955991956,0.005525076458296141,19.865951788831808,1.4044701971034288,151.46665055582406,TSLA,5,touch,or,3R,long_short,is_2021_2024M05,3.577254387307179,3.9247896514051925
404,0.26984531447129195,2.1521544910066654,-0.7996419136801554,0.42574257425742573,0.19398430789978174,2.5201832477279513,0.011729375324915026,26.984531447129196,1.4000761332300655,71.31996133397777,TSLA,5,touch,or,eod,long_only,is_2021_2024M05,3.577254387307179,3.9247896514051925
454,0.1732820792345073,2.301310604644623,-0.7637289993263543,0.40308370044052866,0.19611831132258295,1.6043766703167484,0.10863105025674935,17.32820792345073,1.4083803332374345,80.1466892218463,TSLA,5,touch,or,eod,short_only,is_2021_2024M05,3.577254387307179,3.9247896514051925
858,0.21875008277257377,2.2315490086698673,-0.781372365450842,0.41375291375291373,0.1951134891980938,2.8713454198613193,0.0040872863019107974,21.875008277257376,1.4044701971034288,151.46665055582406,TSLA,5,touch,or,eod,long_short,is_2021_2024M05,3.577254387307179,3.9247896514051925
408,0.0002613076463170025,0.5417771267184696,-0.22841739502679945,0.4852941176470588,-0.022547797703676254,0.00974230078850012,0.992226891575114,0.02613076463170025,0.5170619749032467,72.02609956500724,TSLA,15,close,atr10,1R,long_only,is_2021_2024M05,3.577254387307179,3.9247896514051925
419,-0.015870050750696692,0.5836036789725406,-0.2799644104354066,0.4892601431980907,-0.017934845041012296,-0.5566308931197077,0.5777796419897123,-1.5870050750696691,0.5417732582475622,73.96797970033833,TSLA,15,close,atr10,1R,short_only,is_2021_2024M05,3.577254387307179,3.9247896514051925
827,-0.007911653863173612,0.5630742003729265,-0.24142544614789685,0.4873035066505441,-0.02021064272706658,-0.4040679502246529,0.6861627521972782,-0.7911653863173612,0.5295819600559288,145.99407926534556,TSLA,15,close,atr10,1R,long_short,is_2021_2024M05,3.577254387307179,3.9247896514051925
408,0.059160964049007864,0.7566923547719303,-0.36886698507460536,0.36764705882352944,0.09166856443087756,1.5792321537365175,0.11428281733423828,5.916096404900786,0.5170619749032467,72.02609956500724,TSLA,15,close,atr10,2R,long_only,is_2021_2024M05,3.577254387307179,3.9247896514051925
419,-0.0032778509489142012,0.78032855759993,-0.4033633820867901,0.3341288782816229,-0.004529436794212335,-0.0859842112615454,0.9314789683265783,-0.3277850948914201,0.5417732582475622,73.96797970033833,TSLA,15,close,atr10,2R,short_only,is_2021_2024M05,3.577254387307179,3.9247896514051925
827,0.02752630445513925,0.7689280581544894,-0.39167240142849585,0.35066505441354295,0.042929794765445076,1.0294729867855723,0.3032574672335362,2.752630445513925,0.5295819600559288,145.99407926534556,TSLA,15,close,atr10,2R,long_short,is_2021_2024M05,3.577254387307179,3.9247896514051925
408,0.05853456585644759,0.9215309735817077,-0.40482317220163466,0.28431372549019607,0.09039458745241322,1.2830174001300814,0.19948598009019358,5.853456585644759,0.5170619749032467,72.02609956500724,TSLA,15,close,atr10,3R,long_only,is_2021_2024M05,3.577254387307179,3.9247896514051925
419,0.027632108215047125,0.9450074486558855,-0.4258465052800738,0.2744630071599045,0.05938390948453578,0.5985298311792334,0.5494864602552858,2.7632108215047126,0.5417732582475622,73.96797970033833,TSLA,15,close,atr10,3R,short_only,is_2021_2024M05,3.577254387307179,3.9247896514051925
827,0.042877818877309994,0.9330623430203964,-0.4198306118277673,0.279322853688029,0.07468301058597955,1.3215231576555824,0.18632698620461108,4.287781887731,0.5295819600559288,145.99407926534556,TSLA,15,close,atr10,3R,long_short,is_2021_2024M05,3.577254387307179,3.9247896514051925
408,0.09103480359012951,1.4292301666251492,-0.431816644331143,0.20098039215686275,0.1425228473713533,1.2865757662984898,0.19824219483049665,9.103480359012952,0.5170619749032467,72.02609956500724,TSLA,15,close,atr10,eod,long_only,is_2021_2024M05,3.577254387307179,3.9247896514051925
419,0.08168187201407065,1.4603086834823569,-0.4402829245183602,0.20047732696897375,0.14906721524557473,1.1449539673802906,0.2522282265433906,8.168187201407065,0.5417732582475622,73.96797970033833,TSLA,15,close,atr10,eod,short_only,is_2021_2024M05,3.577254387307179,3.9247896514051925
827,0.08629613571785788,1.4441927330411488,-0.4364191710926526,0.2007255139056832,0.14583855491585002,1.7183789665201856,0.08572751429164782,8.629613571785788,0.5295819600559288,145.99407926534556,TSLA,15,close,atr10,eod,long_short,is_2021_2024M05,3.577254387307179,3.9247896514051925
413,0.054248874523623744,1.7871362075495905,0.06155282930764114,0.513317191283293,0.012926695560402792,0.6168905317316711,0.5373069324070527,5.424887452362374,2.3247088570079972,72.9087723537941,TSLA,15,close,or,1R,long_only,is_2021_2024M05,3.577254387307179,3.9247896514051925
427,0.09957001817324938,1.932213526543196,0.13109899823215937,0.5269320843091335,0.05826712491994425,1.0648474759993432,0.2869449568636848,9.957001817324938,2.2931400942546407,75.38025616239729,TSLA,15,close,or,1R,short_only,is_2021_2024M05,3.577254387307179,3.9247896514051925
840,0.07728712254551678,1.8613275098061177,0.1135998898810073,0.5202380952380953,0.035974747151503034,1.2034387334152261,0.2288065866029112,7.728712254551678,2.3086614026083745,148.2890285161914,TSLA,15,close,or,1R,long_short,is_2021_2024M05,3.577254387307179,3.9247896514051925
413,0.14394358954644565,2.071927687492553,-0.037076707588367556,0.4939467312348668,0.059295145022422675,1.4118636611279887,0.15799010933366375,14.394358954644565,2.3247088570079972,72.9087723537941,TSLA,15,close,or,2R,long_only,is_2021_2024M05,3.577254387307179,3.9247896514051925
427,0.1523438096582394,2.1963324020708543,-0.08626316113539172,0.48711943793911006,0.07497726566663089,1.4333118142595922,0.1517687472054836,15.23438096582394,2.2931400942546407,75.38025616239729,TSLA,15,close,or,2R,short_only,is_2021_2024M05,3.577254387307179,3.9247896514051925
840,0.1482137014366075,2.134805595828168,-0.03924739261975502,0.49047619047619045,0.06726688968322853,2.0121931389559626,0.04419958146705749,14.82137014366075,2.3086614026083745,148.2890285161914,TSLA,15,close,or,2R,long_short,is_2021_2024M05,3.577254387307179,3.9247896514051925
413,0.17494058752643823,2.1538804096246826,-0.037076707588367556,0.4939467312348668,0.0792747823157227,1.6506082838830565,0.09881858627755435,17.494058752643824,2.3247088570079972,72.9087723537941,TSLA,15,close,or,3R,long_only,is_2021_2024M05,3.577254387307179,3.9247896514051925
427,0.18915583447563028,2.273960656020617,-0.08626316113539172,0.48711943793911006,0.10230979654536114,1.7189004797923528,0.08563249479061241,18.915583447563026,2.2931400942546407,75.38025616239729,TSLA,15,close,or,3R,short_only,is_2021_2024M05,3.577254387307179,3.9247896514051925
840,0.18216667139227755,2.2144275300312386,-0.03924739261975502,0.49047619047619045,0.09098424788245557,2.384224211399272,0.017115171155635656,18.216667139227756,2.3086614026083745,148.2890285161914,TSLA,15,close,or,3R,long_short,is_2021_2024M05,3.577254387307179,3.9247896514051925
413,0.17910612892228644,2.17312682095642,-0.037076707588367556,0.4939467312348668,0.08216066512056748,1.674944423837067,0.09394513639626023,17.910612892228645,2.3247088570079972,72.9087723537941,TSLA,15,close,or,eod,long_only,is_2021_2024M05,3.577254387307179,3.9247896514051925
427,0.17753366767186132,2.2562141463630025,-0.08626316113539172,0.48711943793911006,0.09711554288353424,1.6259768008788493,0.10395459061343093,17.753366767186133,2.2931400942546407,75.38025616239729,TSLA,15,close,or,eod,short_only,is_2021_2024M05,3.577254387307179,3.9247896514051925
840,0.17830679445332037,2.2144331846008165,-0.03924739261975502,0.49047619047619045,0.08976272798340894,2.3336996146887254,0.019611456285850037,17.830679445332038,2.3086614026083745,148.2890285161914,TSLA,15,close,or,eod,long_short,is_2021_2024M05,3.577254387307179,3.9247896514051925
405,0.03490206635784003,0.6022967641898908,0.2974416568280254,0.5234567901234568,0.04572115847716007,1.1661868004998965,0.24353892808827915,3.490206635784003,0.5195510553324719,71.49649589173514,TSLA,15,touch,atr10,1R,long_only,is_2021_2024M05,3.577254387307179,3.9247896514051925
434,0.03534010090394665,0.6430707010810883,0.3249931620432903,0.5253456221198156,0.07764340423674168,1.1448640724629713,0.25226546871327726,3.5340100903946654,0.5378538153615906,76.6159980666989,TSLA,15,touch,atr10,1R,short_only,is_2021_2024M05,3.577254387307179,3.9247896514051925
839,0.03512865395379983,0.6233507412266679,0.31230557337113574,0.5244338498212158,0.06223397690345139,1.6323376927909952,0.1026083669668636,3.5128653953799827,0.5290187524154726,148.11249395843402,TSLA,15,touch,atr10,1R,long_short,is_2021_2024M05,3.577254387307179,3.9247896514051925
405,0.03870531378600895,0.7931536888370404,-0.39384835189741757,0.36790123456790125,0.050195090907274906,0.9820661813801626,0.3260672449182962,3.8705313786008952,0.5195510553324719,71.49649589173514,TSLA,15,touch,atr10,2R,long_only,is_2021_2024M05,3.577254387307179,3.9247896514051925
434,0.050780973931236664,0.8237036245822523,-0.38073870764903406,0.37557603686635943,0.10017405926256635,1.284324932906524,0.1990282864166546,5.078097393123667,0.5378538153615906,76.6159980666989,TSLA,15,touch,atr10,2R,short_only,is_2021_2024M05,3.577254387307179,3.9247896514051925
839,0.0449518412032066,0.8086415636506417,-0.384456754599076,0.37187127532777114,0.0760483355630514,1.610172500740497,0.1073602029694336,4.495184120320659,0.5290187524154726,148.11249395843402,TSLA,15,touch,atr10,2R,long_short,is_2021_2024M05,3.577254387307179,3.9247896514051925
405,0.06713503163500717,0.97273951605543,-0.4212647246216715,0.2962962962962963,0.09641056714841238,1.3889293355183132,0.16485423902911123,6.713503163500717,0.5195510553324719,71.49649589173514,TSLA,15,touch,atr10,3R,long_only,is_2021_2024M05,3.577254387307179,3.9247896514051925
434,0.04323667027486324,0.975659735277986,-0.4211182320669884,0.2880184331797235,0.09133211315043453,0.9232062230127358,0.3558997464702698,4.323667027486324,0.5378538153615906,76.6159980666989,TSLA,15,touch,atr10,3R,short_only,is_2021_2024M05,3.577254387307179,3.9247896514051925
839,0.05477282802320446,0.9737431577290752,-0.42122027851430843,0.29201430274135876,0.09378357187413064,1.6293025092241258,0.10324899523797271,5.477282802320446,0.5290187524154726,148.11249395843402,TSLA,15,touch,atr10,3R,long_short,is_2021_2024M05,3.577254387307179,3.9247896514051925
405,0.07853808418666272,1.520202753266891,-0.4475755156584945,0.19506172839506172,0.1086735311066503,1.039695824901803,0.2984812409430031,7.853808418666272,0.5195510553324719,71.49649589173514,TSLA,15,touch,atr10,eod,long_only,is_2021_2024M05,3.577254387307179,3.9247896514051925
434,0.08718245732785107,1.5877798467526765,-0.45360466546023115,0.1912442396313364,0.1614765077886708,1.14388847766056,0.2526698901396729,8.718245732785107,0.5378538153615906,76.6159980666989,TSLA,15,touch,atr10,eod,short_only,is_2021_2024M05,3.577254387307179,3.9247896514051925
839,0.08300966695576371,1.5546061751105837,-0.44953683267210415,0.19308700834326578,0.13598758579079437,1.5466400906491917,0.12195005676800141,8.30096669557637,0.5290187524154726,148.11249395843402,TSLA,15,touch,atr10,eod,long_short,is_2021_2024M05,3.577254387307179,3.9247896514051925
412,0.18122158286093934,1.7602161828837504,0.486901986924522,0.5436893203883495,0.08496879900126207,2.0897412620044227,0.0366410483048063,18.122158286093935,2.055008293493539,72.73223779603673,TSLA,15,touch,or,1R,long_only,is_2021_2024M05,3.577254387307179,3.9247896514051925
441,0.04511100641259362,1.843231110888354,0.17978752383547397,0.5215419501133787,0.05565061777856468,0.5139513591477389,0.6072859983646655,4.511100641259362,2.0120357716840966,77.85173997100048,TSLA,15,touch,or,1R,short_only,is_2021_2024M05,3.577254387307179,3.9247896514051925
853,0.11085257440405721,1.8038407465035367,0.29700364675364505,0.5322391559202814,0.06981133367979718,1.7948249836063792,0.07268158895106192,11.085257440405721,2.03279155009616,150.58397776703723,TSLA,15,touch,or,1R,long_short,is_2021_2024M05,3.577254387307179,3.9247896514051925
412,0.1802767245769538,2.0562728825285275,-0.10608643230193175,0.4878640776699029,0.07832847136601259,1.779539033935703,0.07515143130838364,18.027672457695378,2.055008293493539,72.73223779603673,TSLA,15,touch,or,2R,long_only,is_2021_2024M05,3.577254387307179,3.9247896514051925
441,0.11068302382926669,2.1525700173929483,-0.1777520565499594,0.46485260770975056,0.08517291976431626,1.0797992546740445,0.280231583166457,11.06830238292667,2.0120357716840966,77.85173997100048,TSLA,15,touch,or,2R,short_only,is_2021_2024M05,3.577254387307179,3.9247896514051925
853,0.14429686287738752,2.10566281042416,-0.132663518789803,0.47596717467760846,0.08186704316396325,2.0014400133273247,0.04534499222798938,14.429686287738752,2.03279155009616,150.58397776703723,TSLA,15,touch,or,2R,long_short,is_2021_2024M05,3.577254387307179,3.9247896514051925
412,0.2201795094827638,2.1674963101392906,-0.10608643230193175,0.4878640776699029,0.10840617035238516,2.0618978275927606,0.03921746441527718,22.01795094827638,2.055008293493539,72.73223779603673,TSLA,15,touch,or,3R,long_only,is_2021_2024M05,3.577254387307179,3.9247896514051925
441,0.13834637156995605,2.2694585932286793,-0.18729709481395868,0.4603174603174603,0.10045384040259175,1.2801616260536597,0.20048829873619955,13.834637156995605,2.0120357716840966,77.85173997100048,TSLA,15,touch,or,3R,short_only,is_2021_2024M05,3.577254387307179,3.9247896514051925
853,0.17787187311752556,2.219872784296817,-0.14934041317514204,0.47362250879249707,0.10429482509112033,2.340203946153196,0.019273212020606056,17.787187311752557,2.03279155009616,150.58397776703723,TSLA,15,touch,or,3R,long_short,is_2021_2024M05,3.577254387307179,3.9247896514051925
412,0.22781608242940163,2.1925663705685965,-0.10608643230193175,0.4878640776699029,0.11656068631052643,2.1090177687624734,0.03494304792019576,22.781608242940163,2.055008293493539,72.73223779603673,TSLA,15,touch,or,eod,long_only,is_2021_2024M05,3.577254387307179,3.9247896514051925
441,0.15136683918298732,2.326832497071598,-0.18729709481395868,0.4603174603174603,0.10905495612593356,1.3661076277915345,0.1719051845005155,15.136683918298733,2.0120357716840966,77.85173997100048,TSLA,15,touch,or,eod,short_only,is_2021_2024M05,3.577254387307179,3.9247896514051925
853,0.18829191329497175,2.261976575178892,-0.14934041317514204,0.47362250879249707,0.11268023260430667,2.431185410866476,0.01504951104259078,18.829191329497174,2.03279155009616,150.58397776703723,TSLA,15,touch,or,eod,long_short,is_2021_2024M05,3.577254387307179,3.9247896514051925
384,0.019346476754016285,0.5333930635456345,0.2327557259073834,0.5078125,0.016532435242471912,0.7107553450799865,0.47723585678238756,1.9346476754016284,0.5117405332534498,67.78927017883035,TSLA,30,close,atr10,1R,long_only,is_2021_2024M05,3.577254387307179,3.9247896514051925
406,0.012138449117014359,0.5859320653052961,0.07613514270599689,0.5024630541871922,0.00583439180645543,0.41742547821948367,0.6763672222248385,1.2138449117014358,0.5455613047993104,71.6730304494925,TSLA,30,close,atr10,1R,short_only,is_2021_2024M05,3.577254387307179,3.9247896514051925
790,0.015642097993734276,0.5606668294020406,0.22411082004164273,0.5050632911392405,0.01103445342598749,0.7841581943764863,0.43294729206992244,1.5642097993734276,0.5291218411618287,139.46230062832285,TSLA,30,close,atr10,1R,long_short,is_2021_2024M05,3.577254387307179,3.9247896514051925
384,0.04032374911646056,0.7390087490677156,-0.36966237593389806,0.3645833333333333,0.06452498738865846,1.06924428135323,0.28495961022755023,4.032374911646056,0.5117405332534498,67.78927017883035,TSLA,30,close,atr10,2R,long_only,is_2021_2024M05,3.577254387307179,3.9247896514051925
406,0.007174267871185831,0.783587139545028,-0.3930657376949863,0.3374384236453202,-0.01653594690367603,0.18448170569554254,0.8536355775881912,0.7174267871185831,0.5455613047993104,71.6730304494925,TSLA,30,close,atr10,2R,short_only,is_2021_2024M05,3.577254387307179,3.9247896514051925
790,0.023287433438509246,0.761943119897626,-0.38407516113992,0.35063291139240504,0.022865823689053644,0.8590384843244135,0.39031928415128125,2.3287433438509244,0.5291218411618287,139.46230062832285,TSLA,30,close,atr10,2R,long_short,is_2021_2024M05,3.577254387307179,3.9247896514051925
384,0.08429398870976779,0.9131666843149375,-0.3916964605334813,0.3125,0.15618232072593832,1.8088900024008874,0.070468093913018,8.42939887097678,0.5117405332534498,67.78927017883035,TSLA,30,close,atr10,3R,long_only,is_2021_2024M05,3.577254387307179,3.9247896514051925
406,-0.002156443283582386,0.9344963501778071,-0.42645091515792016,0.25862068965517243,-0.04055602774929842,-0.04649684096643316,0.9629142519086322,-0.2156443283582386,0.5455613047993104,71.6730304494925,TSLA,30,close,atr10,3R,short_only,is_2021_2024M05,3.577254387307179,3.9247896514051925
790,0.039865032520780226,0.9246163214372247,-0.4081067556302234,0.2848101265822785,0.05507375176271539,1.2118367339711444,0.22557488375792456,3.986503252078023,0.5291218411618287,139.46230062832285,TSLA,30,close,atr10,3R,long_short,is_2021_2024M05,3.577254387307179,3.9247896514051925
384,0.1337781041210402,1.3984105894441208,-0.4097117490358728,0.2421875,0.2520348860069748,1.874631650114872,0.060843415866443706,13.377810412104019,0.5117405332534498,67.78927017883035,TSLA,30,close,atr10,eod,long_only,is_2021_2024M05,3.577254387307179,3.9247896514051925
406,0.026117336461961224,1.2714318795572002,-0.44008416269718276,0.2019704433497537,-0.03244787128381473,0.4139032191408578,0.6789449862385486,2.6117336461961225,0.5455613047993104,71.6730304494925,TSLA,30,close,atr10,eod,short_only,is_2021_2024M05,3.577254387307179,3.9247896514051925
790,0.0784486463114376,1.3348987345700534,-0.42667003558691646,0.22151898734177214,0.10583235504487289,1.6517741994696826,0.09858059013746057,7.84486463114376,0.5291218411618287,139.46230062832285,TSLA,30,close,atr10,eod,long_short,is_2021_2024M05,3.577254387307179,3.9247896514051925
390,0.12833359078508766,1.8240622284973869,0.24388357898273955,0.5487179487179488,0.05147249721334092,1.3894182505381985,0.16470560376190635,12.833359078508765,2.7138495616844187,68.84847752537458,TSLA,30,close,or,1R,long_only,is_2021_2024M05,3.577254387307179,3.9247896514051925
413,0.17036634471958595,1.8841357572455497,0.11759221351279137,0.5230024213075061,0.05160400146835658,1.8375816258107878,0.06612407837870338,17.036634471958596,2.7272866829661293,72.9087723537941,TSLA,30,close,or,1R,short_only,is_2021_2024M05,3.577254387307179,3.9247896514051925
803,0.1499519312271148,1.854166632313214,0.15618928617686376,0.5354919053549191,0.051540132652097434,2.291717466748479,0.021921951844986465,14.99519312271148,2.720760559305025,141.75724987916868,TSLA,30,close,or,1R,long_short,is_2021_2024M05,3.577254387307179,3.9247896514051925
390,0.18419943369250702,2.0007830816509746,0.14540052778773752,0.5333333333333333,0.07991072989462127,1.818111809476753,0.06904704537944562,18.419943369250703,2.7138495616844187,68.84847752537458,TSLA,30,close,or,2R,long_only,is_2021_2024M05,3.577254387307179,3.9247896514051925
413,0.20366993998392272,2.0456049844309674,0.004198152812758566,0.5012106537530266,0.05738887646193866,2.0233927428171694,0.04303267181458237,20.36699399839227,2.7272866829661293,72.9087723537941,TSLA,30,close,or,2R,short_only,is_2021_2024M05,3.577254387307179,3.9247896514051925
803,0.194213529705402,2.0227227439039055,0.08291051177394898,0.5168119551681195,0.06832726106809832,2.720826796731207,0.006511887098658686,19.4213529705402,2.720760559305025,141.75724987916868,TSLA,30,close,or,2R,long_short,is_2021_2024M05,3.577254387307179,3.9247896514051925
390,0.20108731657866982,2.0620614601551726,0.14540052778773752,0.5333333333333333,0.08707660062289022,1.9258185996307053,0.05412702819572979,20.108731657866983,2.7138495616844187,68.84847752537458,TSLA,30,close,or,3R,long_only,is_2021_2024M05,3.577254387307179,3.9247896514051925
413,0.2015561934896541,2.0370755648054897,0.004198152812758566,0.5012106537530266,0.061120417855880134,2.0107775804455494,0.044348955233531884,20.15561934896541,2.7272866829661293,72.9087723537941,TSLA,30,close,or,3R,short_only,is_2021_2024M05,3.577254387307179,3.9247896514051925
803,0.20132846995879003,2.04796986732517,0.08291051177394898,0.5168119551681195,0.07372678308518765,2.7857324507731214,0.005340693257966267,20.132846995879003,2.720760559305025,141.75724987916868,TSLA,30,close,or,3R,long_short,is_2021_2024M05,3.577254387307179,3.9247896514051925
390,0.20111943848533057,2.0644664672627764,0.14540052778773752,0.5333333333333333,0.0865542778235837,1.9238823848000253,0.054369327701759396,20.111943848533056,2.7138495616844187,68.84847752537458,TSLA,30,close,or,eod,long_only,is_2021_2024M05,3.577254387307179,3.9247896514051925
413,0.19540440463389494,2.0199316994048555,0.004198152812758566,0.5012106537530266,0.05946082130099198,1.9659510041340362,0.04930427055936626,19.540440463389494,2.7272866829661293,72.9087723537941,TSLA,30,close,or,eod,short_only,is_2021_2024M05,3.577254387307179,3.9247896514051925
803,0.1981800748730729,2.040409763510353,0.08291051177394898,0.5168119551681195,0.07261953617497799,2.7523291374228074,0.005917301567200273,19.81800748730729,2.720760559305025,141.75724987916868,TSLA,30,close,or,eod,long_short,is_2021_2024M05,3.577254387307179,3.9247896514051925
408,0.07488063499723627,0.5633742860213893,0.33699544180536756,0.5637254901960784,0.13139288767346194,2.6847421393086566,0.00725857835410082,7.488063499723626,0.5169863717131546,72.02609956500724,TSLA,30,touch,atr10,1R,long_only,is_2021_2024M05,3.577254387307179,3.9247896514051925
413,0.03950810443852758,0.6221738341749996,0.3050054319906309,0.5205811138014528,0.0676489278643418,1.2904746457513758,0.19688590941011586,3.950810443852758,0.5418612270016014,72.9087723537941,TSLA,30,touch,atr10,1R,short_only,is_2021_2024M05,3.577254387307179,3.9247896514051925
821,0.05708665799267269,0.5935836662390936,0.32604924038376165,0.5420219244823387,0.0993268031409813,2.7556512655047283,0.00585754127051219,5.708665799267269,0.5294995449581346,144.93487191880135,TSLA,30,touch,atr10,1R,long_short,is_2021_2024M05,3.577254387307179,3.9247896514051925
408,0.08220779292274108,0.7686284510043041,-0.3594335448549786,0.39950980392156865,0.1499806875055915,2.160362420907631,0.03074462419939028,8.220779292274107,0.5169863717131546,72.02609956500724,TSLA,30,touch,atr10,2R,long_only,is_2021_2024M05,3.577254387307179,3.9247896514051925
413,0.06941378574621748,0.8152872676608893,-0.37946248755117873,0.3801452784503632,0.10908331132775831,1.730254935734874,0.08358473711442516,6.941378574621748,0.5418612270016014,72.9087723537941,TSLA,30,touch,atr10,2R,short_only,is_2021_2024M05,3.577254387307179,3.9247896514051925
821,0.07577183072553736,0.7919862750176972,-0.3718702326346571,0.38976857490864797,0.12940746416643786,2.7413324281625946,0.006119056407715817,7.577183072553736,0.5294995449581346,144.93487191880135,TSLA,30,touch,atr10,2R,long_short,is_2021_2024M05,3.577254387307179,3.9247896514051925
408,0.09899790405881537,0.9278463425880472,-0.39280763297508836,0.33088235294117646,0.2096530810813521,2.1551624984384157,0.031149120400446595,9.899790405881536,0.5169863717131546,72.02609956500724,TSLA,30,touch,atr10,3R,long_only,is_2021_2024M05,3.577254387307179,3.9247896514051925
413,0.028513323128741865,0.9562116490382709,-0.4289062897886422,0.27602905569007263,0.04015683596609608,0.6059947077523392,0.5445182674970153,2.8513323128741863,0.5418612270016014,72.9087723537941,TSLA,30,touch,atr10,3R,short_only,is_2021_2024M05,3.577254387307179,3.9247896514051925
821,0.0635409833229806,0.942307663984168,-0.41103620268393276,0.3032886723507917,0.12438883110254487,1.9321141746365227,0.053345415170865884,6.35409833229806,0.5294995449581346,144.93487191880135,TSLA,30,touch,atr10,3R,long_short,is_2021_2024M05,3.577254387307179,3.9247896514051925
408,0.09043161020195645,1.2972003815972988,-0.4250066335487636,0.2426470588235294,0.21448340305806715,1.4081317069828334,0.15909207381840607,9.043161020195644,0.5169863717131546,72.02609956500724,TSLA,30,touch,atr10,eod,long_only,is_2021_2024M05,3.577254387307179,3.9247896514051925
413,0.07905793253187395,1.4213223576450111,-0.449308921081134,0.20823244552058112,0.1113925654299361,1.1303889175640947,0.258312381866179,7.905793253187395,0.5418612270016014,72.9087723537941,TSLA,30,touch,atr10,eod,short_only,is_2021_2024M05,3.577254387307179,3.9247896514051925
821,0.08471013775647036,1.3602375907745912,-0.43484356552537917,0.22533495736906212,0.16262406573721686,1.7843999153088796,0.07435870483339868,8.471013775647036,0.5294995449581346,144.93487191880135,TSLA,30,touch,atr10,eod,long_short,is_2021_2024M05,3.577254387307179,3.9247896514051925
415,0.14659384953941237,1.8676676216811203,0.25396825396824857,0.5445783132530121,0.06361472921550711,1.5989696042094161,0.10982735661068066,14.659384953941238,2.489326692775893,73.26184146930885,TSLA,30,touch,or,1R,long_only,is_2021_2024M05,3.577254387307179,3.9247896514051925
420,0.16901777503447835,1.8833523437399526,0.08580450560248418,0.5166666666666667,0.06273128749252418,1.8391851371911665,0.06588795999858532,16.901777503447835,2.4679670182070903,74.1445142580957,TSLA,30,touch,or,1R,short_only,is_2021_2024M05,3.577254387307179,3.9247896514051925
835,0.1578729497884276,1.8744822398159793,0.17978752383547397,0.5305389221556887,0.0631703633189169,2.4337145101104354,0.014944777227091866,15.78729497884276,2.4785829043700285,147.40635572740453,TSLA,30,touch,or,1R,long_short,is_2021_2024M05,3.577254387307179,3.9247896514051925
415,0.16753457218575896,2.0282373380521648,0.12916862376703167,0.5228915662650603,0.0729927668694961,1.6827117057940744,0.09243091455081176,16.753457218575896,2.489326692775893,73.26184146930885,TSLA,30,touch,or,2R,long_only,is_2021_2024M05,3.577254387307179,3.9247896514051925
420,0.24143244755443524,2.15051687249781,-0.05124799550927189,0.4857142857142857,0.07907169366951225,2.3007923676710798,0.02140337007093085,24.143244755443526,2.4679670182070903,74.1445142580957,TSLA,30,touch,or,2R,short_only,is_2021_2024M05,3.577254387307179,3.9247896514051925
835,0.2047047609939554,2.089711555101605,0.035804781315421766,0.5041916167664671,0.07605043064914493,2.830641288510635,0.0046454788465051244,20.47047609939554,2.4785829043700285,147.40635572740453,TSLA,30,touch,or,2R,long_short,is_2021_2024M05,3.577254387307179,3.9247896514051925
415,0.18397718586518436,2.085356646767404,0.12916862376703167,0.5228915662650603,0.08648938051972285,1.7972466356978265,0.07229647389171556,18.397718586518437,2.489326692775893,73.26184146930885,TSLA,30,touch,or,3R,long_only,is_2021_2024M05,3.577254387307179,3.9247896514051925
420,0.2461086990254377,2.150971129331059,-0.05124799550927189,0.4857142857142857,0.08833812666387189,2.3448605958484583,0.019034194824271378,24.61086990254377,2.4679670182070903,74.1445142580957,TSLA,30,touch,or,3R,short_only,is_2021_2024M05,3.577254387307179,3.9247896514051925
835,0.2152289649398028,2.117572448232797,0.035804781315421766,0.5041916167664671,0.08741928875989362,2.9370117036811245,0.003313915968697234,21.52289649398028,2.4785829043700285,147.40635572740453,TSLA,30,touch,or,3R,long_short,is_2021_2024M05,3.577254387307179,3.9247896514051925
415,0.18550758396390016,2.0964216372690325,0.12916862376703167,0.5228915662650603,0.08454677731233833,1.8026320325943483,0.07144602285375257,18.550758396390016,2.489326692775893,73.26184146930885,TSLA,30,touch,or,eod,long_only,is_2021_2024M05,3.577254387307179,3.9247896514051925
420,0.23799790036698396,2.136134999705535,-0.05124799550927189,0.4857142857142857,0.08451758986166238,2.2833320626256515,0.022410815752453406,23.799790036698397,2.4679670182070903,74.1445142580957,TSLA,30,touch,or,eod,short_only,is_2021_2024M05,3.577254387307179,3.9247896514051925
835,0.21190989880137945,2.115384396570486,0.035804781315421766,0.5041916167664671,0.08453209619942348,2.8947108251475933,0.003795079672422652,21.190989880137945,2.4785829043700285,147.40635572740453,TSLA,30,touch,or,eod,long_short,is_2021_2024M05,3.577254387307179,3.9247896514051925
287,-0.059061129584325786,0.656856296266722,-0.2525463197327166,0.4529616724738676,-0.08849204176725398,-1.5232540099551262,0.12769516831458372,-5.906112958432579,0.6354005962337523,50.66541807636539,NVDA,5,close,atr10,1R,long_only,oos_2024M06_2026M09,3.577254387307179,3.9247896514051925
274,-0.0345654093468067,0.5965843810813504,-0.22283787371661434,0.4927007299270073,-0.00535752669092756,-0.959058517642521,0.3375292664757532,-3.45654093468067,0.5448650400178933,48.37046882551957,NVDA,5,close,atr10,1R,short_only,oos_2024M06_2026M09,3.577254387307179,3.9247896514051925
561,-0.047097087970992046,0.6277026623720485,-0.24050678288610036,0.47237076648841353,-0.047888018360991165,-1.7771394811288148,0.07554529369558627,-4.709708797099204,0.591181804071283,99.03588690188496,NVDA,5,close,atr10,1R,long_short,oos_2024M06_2026M09,3.577254387307179,3.9247896514051925
287,-0.07355718796601163,0.756520308286733,-0.3026337098870332,0.29965156794425085,-0.1051113152481438,-1.6471967459064687,0.09951761247306257,-7.355718796601163,0.6354005962337523,50.66541807636539,NVDA,5,close,atr10,2R,long_only,oos_2024M06_2026M09,3.577254387307179,3.9247896514051925
274,-0.025180856949630567,0.7300314815830116,-0.3028436082617084,0.33211678832116787,0.0019417433820651405,-0.5709580472229103,0.5680280813688048,-2.5180856949630566,0.5448650400178933,48.37046882551957,NVDA,5,close,atr10,2R,short_only,oos_2024M06_2026M09,3.577254387307179,3.9247896514051925
561,-0.049929532531985926,0.7434315538104564,-0.3026337098870332,0.3155080213903743,-0.05282515113998472,-1.5907353801258761,0.11166914105718151,-4.992953253198593,0.591181804071283,99.03588690188496,NVDA,5,close,atr10,2R,long_short,oos_2024M06_2026M09,3.577254387307179,3.9247896514051925
287,-0.09351832274990621,0.8339067614247061,-0.3176775586271887,0.21602787456445993,-0.17262222026738513,-1.8998537147267656,0.05745231955482977,-9.35183227499062,0.6354005962337523,50.66541807636539,NVDA,5,close,atr10,3R,long_only,oos_2024M06_2026M09,3.577254387307179,3.9247896514051925
274,-0.03942281101088412,0.8246923862271996,-0.31934801254654815,0.24817518248175183,-0.039552995633505644,-0.791281267282678,0.4287798773256184,-3.9422811010884122,0.5448650400178933,48.37046882551957,NVDA,5,close,atr10,3R,short_only,oos_2024M06_2026M09,3.577254387307179,3.9247896514051925
561,-0.06709734197184551,0.8291204699086075,-0.3182305941845698,0.23172905525846701,-0.10762940823586467,-1.9167660536724012,0.055267659373961164,-6.709734197184551,0.591181804071283,99.03588690188496,NVDA,5,close,atr10,3R,long_short,oos_2024M06_2026M09,3.577254387307179,3.9247896514051925
287,-0.08155202765024139,1.117174030609146,-0.329273890666301,0.156794425087108,-0.13868749498212202,-1.236673003170703,0.2162085052075875,-8.15520276502414,0.6354005962337523,50.66541807636539,NVDA,5,close,atr10,eod,long_only,oos_2024M06_2026M09,3.577254387307179,3.9247896514051925
274,-0.013455281599790309,1.1945140889815755,-0.32948306434714625,0.1678832116788321,0.015732912854491566,-0.1864561859438506,0.8520870348436667,-1.345528159979031,0.5448650400178933,48.37046882551957,NVDA,5,close,atr10,eod,short_only,oos_2024M06_2026M09,3.577254387307179,3.9247896514051925
561,-0.04829265435643819,1.155061930547018,-0.329273890666301,0.1622103386809269,-0.06326647582484554,-0.9902782419136505,0.3220381384750146,-4.829265435643819,0.591181804071283,99.03588690188496,NVDA,5,close,atr10,eod,long_short,oos_2024M06_2026M09,3.577254387307179,3.9247896514051925
287,-0.055423099522778206,1.239851780522364,-0.14605647517040474,0.47038327526132406,-0.04462582851152645,-0.7572895923986663,0.44887638477866876,-5.5423099522778205,1.3870606833937993,50.66541807636539,NVDA,5,close,or,1R,long_only,oos_2024M06_2026M09,3.577254387307179,3.9247896514051925
274,0.1369393239263646,1.3861990949347236,0.5094042042385918,0.5437956204379562,0.09619494575167858,1.6352262488803464,0.10200162749258057,13.69393239263646,1.4336761592166358,48.37046882551957,NVDA,5,close,or,1R,short_only,oos_2024M06_2026M09,3.577254387307179,3.9247896514051925
561,0.03852931406913823,1.3157140840816843,0.04762660739800149,0.5062388591800356,0.02415294537103716,0.6936033537710287,0.48793098993082573,3.8529314069138234,1.4098283132965748,99.03588690188496,NVDA,5,close,or,1R,long_short,oos_2024M06_2026M09,3.577254387307179,3.9247896514051925
287,-0.032325495087955854,1.4756508221401834,-0.37283695558739144,0.42857142857142855,-0.04722835389505259,-0.37110989086511925,0.7105556843952947,-3.2325495087955853,1.3870606833937993,50.66541807636539,NVDA,5,close,or,2R,long_only,oos_2024M06_2026M09,3.577254387307179,3.9247896514051925
274,0.13853927633529994,1.7293936469352111,-0.3185127504612955,0.45985401459854014,0.08464602061423,1.3260330145625043,0.18482876206562926,13.853927633529995,1.4336761592166358,48.37046882551957,NVDA,5,close,or,2R,short_only,oos_2024M06_2026M09,3.577254387307179,3.9247896514051925
561,0.051127174020728805,1.605436850299877,-0.3448736799892965,0.44385026737967914,0.017180877148696844,0.7542928512112775,0.4506733939811469,5.112717402072881,1.4098283132965748,99.03588690188496,NVDA,5,close,or,2R,long_short,oos_2024M06_2026M09,3.577254387307179,3.9247896514051925
287,-0.0038077160175593507,1.5948865703652526,-0.3907488930895884,0.4250871080139373,-0.030284213614619145,-0.04044601123421957,0.9677375485787771,-0.38077160175593505,1.3870606833937993,50.66541807636539,NVDA,5,close,or,3R,long_only,oos_2024M06_2026M09,3.577254387307179,3.9247896514051925
274,0.15286168544573717,1.7979836735875527,-0.3185127504612955,0.4562043795620438,0.10130888096943884,1.4073048401775323,0.15933701471200212,15.286168544573716,1.4336761592166358,48.37046882551957,NVDA,5,close,or,3R,short_only,oos_2024M06_2026M09,3.577254387307179,3.9247896514051925
561,0.07271174209463895,1.6974075619426934,-0.3538898671073583,0.44028520499108736,0.03398763650308476,1.0146116577567612,0.31029098008332556,7.2711742094638945,1.4098283132965748,99.03588690188496,NVDA,5,close,or,3R,long_short,oos_2024M06_2026M09,3.577254387307179,3.9247896514051925
287,0.024662021758646863,1.7637782775078505,-0.3907488930895884,0.4250871080139373,-0.01089448233595221,0.23687849514092288,0.8127510536393405,2.4662021758646864,1.3870606833937993,50.66541807636539,NVDA,5,close,or,eod,long_only,oos_2024M06_2026M09,3.577254387307179,3.9247896514051925
274,0.12317947817747525,1.7894333631904438,-0.34363714435074233,0.45255474452554745,0.07073600452456574,1.139457446892883,0.25451240710921796,12.317947817747525,1.4336761592166358,48.37046882551957,NVDA,5,close,or,eod,short_only,oos_2024M06_2026M09,3.577254387307179,3.9247896514051925
561,0.07277928211294098,1.7754513677035246,-0.366120239572495,0.4385026737967914,0.02897495331428294,0.9709132261366106,0.33159149133417154,7.277928211294098,1.4098283132965748,99.03588690188496,NVDA,5,close,or,eod,long_short,oos_2024M06_2026M09,3.577254387307179,3.9247896514051925
279,-0.006827334392679237,0.7286988906641876,0.21831208033018892,0.5017921146953405,0.042842062709945554,-0.15649669408732936,0.8756415248751195,-0.6827334392679237,0.6362300018269114,49.25314161430643,NVDA,5,touch,atr10,1R,long_only,oos_2024M06_2026M09,3.577254387307179,3.9247896514051925
284,0.03393471981612742,0.6522280744143444,0.2592596600569641,0.5422535211267606,0.14303059651162978,0.8768068805937824,0.3805915412195824,3.3934719816127417,0.5453697649339936,50.13581440309328,NVDA,5,touch,atr10,1R,short_only,oos_2024M06_2026M09,3.577254387307179,3.9247896514051925
563,0.01373469650483602,0.6908670011545267,0.2532605771673603,0.522202486678508,0.0933812165282019,0.4717140537303184,0.637130904504261,1.373469650483602,0.5903964187406083,99.3889560173997,NVDA,5,touch,atr10,1R,long_short,oos_2024M06_2026M09,3.577254387307179,3.9247896514051925
279,-0.061863607583883796,0.7941660216216205,-0.3126388559349495,0.3333333333333333,-0.07093424418795041,-1.301146033514482,0.19320847340878045,-6.186360758388379,0.6362300018269114,49.25314161430643,NVDA,5,touch,atr10,2R,long_only,oos_2024M06_2026M09,3.577254387307179,3.9247896514051925
284,0.07858394215197632,0.7797904547112234,-0.28198228193725133,0.426056338028169,0.24973879805160018,1.6983025692059657,0.08945067007457874,7.858394215197633,0.5453697649339936,50.13581440309328,NVDA,5,touch,atr10,2R,short_only,oos_2024M06_2026M09,3.577254387307179,3.9247896514051925
563,0.008983824254454171,0.7893816645786942,-0.299411764705883,0.38010657193605685,0.09082622472152094,0.2700401933862715,0.787129331981854,0.8983824254454171,0.5903964187406083,99.3889560173997,NVDA,5,touch,atr10,2R,long_short,oos_2024M06_2026M09,3.577254387307179,3.9247896514051925
279,-0.05443759669962411,0.879446957820599,-0.3276611660840148,0.2616487455197133,-0.06761949402599665,-1.033930613575821,0.30116860211495045,-5.443759669962411,0.6362300018269114,49.25314161430643,NVDA,5,touch,atr10,3R,long_only,oos_2024M06_2026M09,3.577254387307179,3.9247896514051925
284,0.07829641442901046,0.9073005095184593,-0.309320318340702,0.323943661971831,0.23842405548984977,1.45428622107063,0.14586696899984997,7.829641442901046,0.5453697649339936,50.13581440309328,NVDA,5,touch,atr10,3R,short_only,oos_2024M06_2026M09,3.577254387307179,3.9247896514051925
563,0.012518813887466859,0.8952784790188812,-0.317556138668813,0.29307282415630553,0.08676126629816033,0.3317869006079043,0.7400501763280591,1.251881388746686,0.5903964187406083,99.3889560173997,NVDA,5,touch,atr10,3R,long_short,oos_2024M06_2026M09,3.577254387307179,3.9247896514051925
279,-0.06567331909492011,1.1140215646763416,-0.3415585823466964,0.17921146953405018,-0.09089052968311945,-0.984685334394836,0.3247786586698096,-6.567331909492011,0.6362300018269114,49.25314161430643,NVDA,5,touch,atr10,eod,long_only,oos_2024M06_2026M09,3.577254387307179,3.9247896514051925
284,0.1345233139353623,1.4633499435859065,-0.3292041439219825,0.21830985915492956,0.38553267515206646,1.5492037241970096,0.12133275450233683,13.452331393536229,0.5453697649339936,50.13581440309328,NVDA,5,touch,atr10,eod,short_only,oos_2024M06_2026M09,3.577254387307179,3.9247896514051925
563,0.035313970035808495,1.3047034480858568,-0.3340622777429546,0.1989342806394316,0.1494366287062106,0.6422275494824364,0.5207254478243484,3.5313970035808495,0.5903964187406083,99.3889560173997,NVDA,5,touch,atr10,eod,long_short,oos_2024M06_2026M09,3.577254387307179,3.9247896514051925
279,0.052319395746889916,1.1532966287348223,0.16045765313240531,0.5089605734767025,0.03047101702093318,0.7577462550390758,0.4486029024918954,5.231939574688991,1.1244749557608695,49.25314161430643,NVDA,5,touch,or,1R,long_only,oos_2024M06_2026M09,3.577254387307179,3.9247896514051925
284,0.14191889365968624,1.16503671387553,0.608824712725572,0.5528169014084507,0.10844761361086581,2.0528620933190007,0.04008595432159279,14.191889365968624,1.1240123374147628,50.13581440309328,NVDA,5,touch,or,1R,short_only,oos_2024M06_2026M09,3.577254387307179,3.9247896514051925
563,0.09751701103505005,1.1590696289938844,0.49472789965518,0.5310834813499112,0.06980557018530416,1.996296533413617,0.04590165516543587,9.751701103505004,1.1242415923322828,99.3889560173997,NVDA,5,touch,or,1R,long_short,oos_2024M06_2026M09,3.577254387307179,3.9247896514051925
279,0.023239283548398257,1.4142140687930893,-0.5359470812611721,0.4157706093189964,-0.015151688941199106,0.2744793541805829,0.7837162675667282,2.3239283548398255,1.1244749557608695,49.25314161430643,NVDA,5,touch,or,2R,long_only,oos_2024M06_2026M09,3.577254387307179,3.9247896514051925
284,0.17490758841326126,1.5324553041586872,-0.48568845632735147,0.44014084507042256,0.15553344620889614,1.9234460312620147,0.0544240581096509,17.490758841326127,1.1240123374147628,50.13581440309328,NVDA,5,touch,or,2R,short_only,oos_2024M06_2026M09,3.577254387307179,3.9247896514051925
563,0.09974691868449256,1.4756870069743486,-0.5149097493351421,0.4280639431616341,0.07094880552172639,1.6038340615657205,0.10875063439174548,9.974691868449256,1.1242415923322828,99.3889560173997,NVDA,5,touch,or,2R,long_short,oos_2024M06_2026M09,3.577254387307179,3.9247896514051925
279,0.05137657378876352,1.522096856395247,-0.5623640511432979,0.4050179211469534,0.012919416220797722,0.5637998437947719,0.5728903581289584,5.137657378876352,1.1244749557608695,49.25314161430643,NVDA,5,touch,or,3R,long_only,oos_2024M06_2026M09,3.577254387307179,3.9247896514051925
284,0.200056213731997,1.7296936553043993,-0.5941420507820874,0.41901408450704225,0.1813614458248705,1.9491354608267093,0.051279249853454,20.005621373199702,1.1240123374147628,50.13581440309328,NVDA,5,touch,or,3R,short_only,oos_2024M06_2026M09,3.577254387307179,3.9247896514051925
563,0.12637660530542127,1.6303758055971818,-0.5655247417074583,0.41207815275310833,0.0978883974065112,1.8392177975986284,0.06588315795683575,12.637660530542128,1.1242415923322828,99.3889560173997,NVDA,5,touch,or,3R,long_short,oos_2024M06_2026M09,3.577254387307179,3.9247896514051925
279,0.09445440148165374,1.7360515390351354,-0.5623640511432979,0.4050179211469534,0.05155369605582787,0.9087861252799144,0.3634630318264782,9.445440148165375,1.1244749557608695,49.25314161430643,NVDA,5,touch,or,eod,long_only,oos_2024M06_2026M09,3.577254387307179,3.9247896514051925
284,0.16919573753931383,1.7886054117540027,-0.6090262470472163,0.4119718309859155,0.13728646234082864,1.594167854039096,0.11089844439440899,16.91957375393138,1.1240123374147628,50.13581440309328,NVDA,5,touch,or,eod,short_only,oos_2024M06_2026M09,3.577254387307179,3.9247896514051925
563,0.13215695821411466,1.7615866439934522,-0.577200577200583,0.40852575488454707,0.09480077531859912,1.7800828772113446,0.07506239838167028,13.215695821411465,1.1242415923322828,99.3889560173997,NVDA,5,touch,or,eod,long_short,oos_2024M06_2026M09,3.577254387307179,3.9247896514051925
265,0.029880054990701507,0.49676868465003116,0.22656075384657254,0.5132075471698113,0.024341917716338812,0.979152007010861,0.32750487801786665,2.988005499070151,0.5624119886995864,46.78165780570324,NVDA,15,close,atr10,1R,long_only,oos_2024M06_2026M09,3.577254387307179,3.9247896514051925
279,0.009838513524148006,0.6186620518980357,0.22586351974525753,0.5125448028673835,0.041033210029487184,0.26563060469725125,0.7905237129637825,0.9838513524148006,0.6349974648607655,49.25314161430643,NVDA,15,close,atr10,1R,short_only,oos_2024M06_2026M09,3.577254387307179,3.9247896514051925
544,0.019601396775318372,0.5621695010203477,0.22621213679591504,0.5128676470588235,0.03290234153135424,0.8132408567964653,0.4160799787800151,1.9601396775318372,0.5996387310690148,96.03479942000966,NVDA,15,close,atr10,1R,long_short,oos_2024M06_2026M09,3.577254387307179,3.9247896514051925
265,0.023219667202395836,0.6429609188322818,-0.2985457174995989,0.33584905660377357,-0.013553305946707941,0.5878876703352814,0.5566076928531116,2.3219667202395837,0.5624119886995864,46.78165780570324,NVDA,15,close,atr10,2R,long_only,oos_2024M06_2026M09,3.577254387307179,3.9247896514051925
279,0.050169368929678056,0.753143718107855,-0.286676056849467,0.3835125448028674,0.1490896963312137,1.112661040846647,0.2658540337460553,5.016936892967806,0.6349974648607655,49.25314161430643,NVDA,15,close,atr10,2R,short_only,oos_2024M06_2026M09,3.577254387307179,3.9247896514051925
544,0.037041297316204175,0.7011233496712703,-0.2947964592032084,0.3602941176470588,0.06986102794215261,1.2322283824934166,0.21786378383637284,3.7041297316204176,0.5996387310690148,96.03479942000966,NVDA,15,close,atr10,2R,long_short,oos_2024M06_2026M09,3.577254387307179,3.9247896514051925
265,-0.018395257722951516,0.7339929527787967,-0.31331969029222073,0.2339622641509434,-0.12910210785957504,-0.40797816812444443,0.6832897031423708,-1.8395257722951517,0.5624119886995864,46.78165780570324,NVDA,15,close,atr10,3R,long_only,oos_2024M06_2026M09,3.577254387307179,3.9247896514051925
279,0.036840347195528644,0.8277165471385606,-0.3063200193608834,0.3046594982078853,0.13641596274438977,0.7434370121220217,0.4572171430144012,3.6840347195528644,0.6349974648607655,49.25314161430643,NVDA,15,close,atr10,3R,short_only,oos_2024M06_2026M09,3.577254387307179,3.9247896514051925
544,0.00993329700546017,0.7832328903253463,-0.3103799116608924,0.2702205882352941,0.007073520262678973,0.2958025778104878,0.7673808542446094,0.993329700546017,0.5996387310690148,96.03479942000966,NVDA,15,close,atr10,3R,long_short,oos_2024M06_2026M09,3.577254387307179,3.9247896514051925
265,-0.0023985849914845794,1.0546668905878709,-0.3242813423766382,0.18490566037735848,-0.09310047330132656,-0.03702224380923773,0.9704672699014301,-0.23985849914845794,0.5624119886995864,46.78165780570324,NVDA,15,close,atr10,eod,long_only,oos_2024M06_2026M09,3.577254387307179,3.9247896514051925
279,0.02285385031817261,1.1832145953089384,-0.3272967683926645,0.2007168458781362,0.025171372181603657,0.3226249588015333,0.7469792893078728,2.285385031817261,0.6349974648607655,49.25314161430643,NVDA,15,close,atr10,eod,short_only,oos_2024M06_2026M09,3.577254387307179,3.9247896514051925
544,0.01055257208828447,1.1214786068660545,-0.32491053575103235,0.19301470588235295,-0.03244267019519137,0.21946576541704133,0.8262872450445897,1.0552572088284469,0.5996387310690148,96.03479942000966,NVDA,15,close,atr10,eod,long_short,oos_2024M06_2026M09,3.577254387307179,3.9247896514051925
265,0.06381270526722564,1.314232593879741,0.006834491399938389,0.5018867924528302,0.031732484844907614,0.790419888864823,0.42928259072990693,6.381270526722564,1.7384886981538243,46.78165780570324,NVDA,15,close,or,1R,long_only,oos_2024M06_2026M09,3.577254387307179,3.9247896514051925
279,0.06904015062824094,1.5799306434016507,0.04138216428718399,0.5089605734767025,0.03873438986213509,0.7299041104324246,0.46544879961356234,6.904015062824094,1.8356601160349932,49.25314161430643,NVDA,15,close,or,1R,short_only,oos_2024M06_2026M09,3.577254387307179,3.9247896514051925
544,0.06649369286965813,1.4552405564643007,0.02864273608760512,0.5055147058823529,0.035323535396022454,1.0657249008387046,0.2865480178628528,6.649369286965813,1.7883247746039088,96.03479942000966,NVDA,15,close,or,1R,long_short,oos_2024M06_2026M09,3.577254387307179,3.9247896514051925
265,0.07760549473306001,1.5167634380531145,-0.08277431232702498,0.4716981132075472,0.02284205862692012,0.8329090050144029,0.40489605060903955,7.760549473306002,1.7384886981538243,46.78165780570324,NVDA,15,close,or,2R,long_only,oos_2024M06_2026M09,3.577254387307179,3.9247896514051925
279,0.06452212689671301,1.7515322853551785,-0.05305039787799066,0.4731182795698925,0.024641065311020324,0.6153080963791663,0.538351271692721,6.452212689671301,1.8356601160349932,49.25314161430643,NVDA,15,close,or,2R,short_only,oos_2024M06_2026M09,3.577254387307179,3.9247896514051925
544,0.07089545865522762,1.6398808860607716,-0.07120268283952737,0.4724264705882353,0.023764710952037693,1.008336672487581,0.31329286329617245,7.089545865522762,1.7883247746039088,96.03479942000966,NVDA,15,close,or,2R,long_short,oos_2024M06_2026M09,3.577254387307179,3.9247896514051925
265,0.10236403546305577,1.6372434469371007,-0.08277431232702498,0.4716981132075472,0.034644700603411314,1.0177874108540506,0.30877899605483505,10.236403546305576,1.7384886981538243,46.78165780570324,NVDA,15,close,or,3R,long_only,oos_2024M06_2026M09,3.577254387307179,3.9247896514051925
279,0.08496919834914075,1.806176977394239,-0.05305039787799066,0.4731182795698925,0.036067430079438766,0.7857842510911142,0.43199389462371185,8.496919834914076,1.8356601160349932,49.25314161430643,NVDA,15,close,or,3R,short_only,oos_2024M06_2026M09,3.577254387307179,3.9247896514051925
544,0.09344278628147065,1.724390676995921,-0.07120268283952737,0.4724264705882353,0.03537437252218275,1.2638908316919755,0.20626921298690926,9.344278628147066,1.7883247746039088,96.03479942000966,NVDA,15,close,or,3R,long_short,oos_2024M06_2026M09,3.577254387307179,3.9247896514051925
265,0.12463936486437432,1.754126918694181,-0.08277431232702498,0.4716981132075472,0.05056166056511968,1.1566904527919744,0.24739885168484888,12.463936486437433,1.7384886981538243,46.78165780570324,NVDA,15,close,or,eod,long_only,oos_2024M06_2026M09,3.577254387307179,3.9247896514051925
279,0.06960090121844803,1.792899244758811,-0.05305039787799066,0.4731182795698925,0.02305899387692777,0.6484269853274306,0.516708821341259,6.960090121844803,1.8356601160349932,49.25314161430643,NVDA,15,close,or,eod,short_only,oos_2024M06_2026M09,3.577254387307179,3.9247896514051925
544,0.0964119175165555,1.7726991692022016,-0.07120268283952737,0.4724264705882353,0.03645643261290361,1.2685136043287768,0.20461459556187345,9.641191751655551,1.7883247746039088,96.03479942000966,NVDA,15,close,or,eod,long_short,oos_2024M06_2026M09,3.577254387307179,3.9247896514051925
270,0.03401399034439535,0.5394244299553371,0.21856219569349306,0.5037037037037037,0.04317987072540782,1.0361171323255112,0.3001475004380718,3.4013990344395353,0.5614321344528079,47.66433059449009,NVDA,15,touch,atr10,1R,long_only,oos_2024M06_2026M09,3.577254387307179,3.9247896514051925
286,0.02570349383994441,0.6661367131140412,0.22718059384329437,0.513986013986014,0.03746802029108522,0.6525470146551193,0.5140483538592209,2.570349383994441,0.6254602407339654,50.48888351860802,NVDA,15,touch,atr10,1R,short_only,oos_2024M06_2026M09,3.577254387307179,3.9247896514051925
556,0.0297391666028972,0.6073843357201621,0.22541468829320574,0.5089928057553957,0.04024176060991095,1.1545230347833368,0.24828580036263226,2.97391666028972,0.5943674553096624,98.15321411309812,NVDA,15,touch,atr10,1R,long_short,oos_2024M06_2026M09,3.577254387307179,3.9247896514051925
270,0.04144500244757669,0.6651374157213645,-0.3024519563099499,0.36666666666666664,0.06337302239194138,1.0238649427851798,0.3058990707682021,4.144500244757669,0.5614321344528079,47.66433059449009,NVDA,15,touch,atr10,2R,long_only,oos_2024M06_2026M09,3.577254387307179,3.9247896514051925
286,0.03915783468236075,0.7731606466902675,-0.28494954050097937,0.3881118881118881,0.09702360318635538,0.8565090269416454,0.3917162819094293,3.9157834682360746,0.6254602407339654,50.48888351860802,NVDA,15,touch,atr10,2R,short_only,oos_2024M06_2026M09,3.577254387307179,3.9247896514051925
556,0.04026850967626058,0.7220778011053732,-0.29594074183594443,0.3776978417266187,0.08068249380777305,1.3149794290050938,0.18851681608486848,4.026850967626058,0.5943674553096624,98.15321411309812,NVDA,15,touch,atr10,2R,long_short,oos_2024M06_2026M09,3.577254387307179,3.9247896514051925
270,0.06126586124819669,0.7793637957151562,-0.30713869326252186,0.3037037037037037,0.11367208227437188,1.291695652086076,0.1964625637875168,6.126586124819669,0.5614321344528079,47.66433059449009,NVDA,15,touch,atr10,3R,long_only,oos_2024M06_2026M09,3.577254387307179,3.9247896514051925
286,0.03857838211942951,0.8609006754247407,-0.31384142839848755,0.3076923076923077,0.10360861231173613,0.7578338126179229,0.4485504775535649,3.857838211942951,0.6254602407339654,50.48888351860802,NVDA,15,touch,atr10,3R,short_only,oos_2024M06_2026M09,3.577254387307179,3.9247896514051925
556,0.049595683135197736,0.8216572590205146,-0.3081764886971221,0.3057553956834532,0.10849554916409523,1.4232807516121435,0.1546547845930828,4.959568313519774,0.5943674553096624,98.15321411309812,NVDA,15,touch,atr10,3R,long_short,oos_2024M06_2026M09,3.577254387307179,3.9247896514051925
270,0.04607828901042122,1.0943856711673035,-0.32562101283767053,0.2222222222222222,0.046364177011488455,0.6918434414989294,0.4890356522445485,4.607828901042122,0.5614321344528079,47.66433059449009,NVDA,15,touch,atr10,eod,long_only,oos_2024M06_2026M09,3.577254387307179,3.9247896514051925
286,0.09521430261598877,1.317897562734247,-0.3330641770068825,0.21328671328671328,0.164199668156154,1.2218096546523403,0.22177961668175716,9.521430261598878,0.6254602407339654,50.48888351860802,NVDA,15,touch,atr10,eod,short_only,oos_2024M06_2026M09,3.577254387307179,3.9247896514051925
556,0.07135328881472397,1.2136718330443812,-0.32757007008914213,0.21762589928057555,0.10697739727655022,1.3862773205960015,0.16566223930392932,7.135328881472397,0.5943674553096624,98.15321411309812,NVDA,15,touch,atr10,eod,long_short,oos_2024M06_2026M09,3.577254387307179,3.9247896514051925
270,0.08949534976729433,1.2947485968648758,0.15664354982067344,0.5296296296296297,0.060597546505774286,1.1357870240923127,0.25604570898234846,8.949534976729433,1.5293490972477084,47.66433059449009,NVDA,15,touch,or,1R,long_only,oos_2024M06_2026M09,3.577254387307179,3.9247896514051925
286,0.08868692524356939,1.4998597565925738,0.20558172884960774,0.534965034965035,0.06373419160481424,0.9999814926734228,0.3173194644082358,8.86869252435694,1.6042032010047642,50.48888351860802,NVDA,15,touch,or,1R,short_only,oos_2024M06_2026M09,3.577254387307179,3.9247896514051925
556,0.08907950549789626,1.4027481233737245,0.18184912625632477,0.5323741007194245,0.06221100063945312,1.4973919599723744,0.13429129908535065,8.907950549789625,1.5678531865903667,98.15321411309812,NVDA,15,touch,or,1R,long_short,oos_2024M06_2026M09,3.577254387307179,3.9247896514051925
270,0.0917101086086526,1.5127235389078555,-0.11322134895135416,0.4777777777777778,0.051346836381529294,0.9961839148574427,0.31916079332798075,9.17101086086526,1.5293490972477084,47.66433059449009,NVDA,15,touch,or,2R,long_only,oos_2024M06_2026M09,3.577254387307179,3.9247896514051925
286,0.048114346358545855,1.6932324240883554,-0.15976572532670613,0.46853146853146854,0.02860878041457159,0.48055270973345265,0.6308344326029633,4.811434635854585,1.6042032010047642,50.48888351860802,NVDA,15,touch,or,2R,short_only,oos_2024M06_2026M09,3.577254387307179,3.9247896514051925
556,0.06928495032892143,1.6068158200512543,-0.1482917204498073,0.47302158273381295,0.039650642125144575,1.0167406955970244,0.309276800731731,6.928495032892143,1.5678531865903667,98.15321411309812,NVDA,15,touch,or,2R,long_short,oos_2024M06_2026M09,3.577254387307179,3.9247896514051925
270,0.09965229950787562,1.6045512065200294,-0.14513053131738102,0.4740740740740741,0.044132326979791595,1.0205061476243344,0.3074884751614593,9.965229950787561,1.5293490972477084,47.66433059449009,NVDA,15,touch,or,3R,long_only,oos_2024M06_2026M09,3.577254387307179,3.9247896514051925
286,0.097725800023207,1.810130816414942,-0.1727185125034204,0.46503496503496505,0.07108948108001965,0.9130242003045269,0.36122981387100905,9.7725800023207,1.6042032010047642,50.48888351860802,NVDA,15,touch,or,3R,short_only,oos_2024M06_2026M09,3.577254387307179,3.9247896514051925
556,0.0986613303484957,1.7118491314600435,-0.16211374160554937,0.4694244604316547,0.05799877675077221,1.3589981832526197,0.17414716439719213,9.86613303484957,1.5678531865903667,98.15321411309812,NVDA,15,touch,or,3R,long_short,oos_2024M06_2026M09,3.577254387307179,3.9247896514051925
270,0.13564872848229995,1.785009455587375,-0.14513053131738102,0.4740740740740741,0.06670853894907136,1.2486970573867477,0.21177589755756676,13.564872848229994,1.5293490972477084,47.66433059449009,NVDA,15,touch,or,eod,long_only,oos_2024M06_2026M09,3.577254387307179,3.9247896514051925
286,0.08494722791351005,1.8158631530399005,-0.1727185125034204,0.46503496503496505,0.05690388244147339,0.7911322917048292,0.4288667972207163,8.494722791351004,1.6042032010047642,50.48888351860802,NVDA,15,touch,or,eod,short_only,oos_2024M06_2026M09,3.577254387307179,3.9247896514051925
556,0.10956846020410949,1.7995034055619528,-0.16211374160554937,0.4694244604316547,0.06166513650091845,1.435721755601525,0.15108153207572128,10.956846020410948,1.5678531865903667,98.15321411309812,NVDA,15,touch,or,eod,long_short,oos_2024M06_2026M09,3.577254387307179,3.9247896514051925
263,0.012769281590227388,0.4928289336280241,0.222927586507033,0.5209125475285171,0.038169661258451316,0.4201923500302031,0.6743449428009478,1.2769281590227388,0.6309905614964729,46.4285886901885,NVDA,30,close,atr10,1R,long_only,oos_2024M06_2026M09,3.577254387307179,3.9247896514051925
251,0.048486964313394575,0.5394264049340779,0.24357781275806045,0.5258964143426295,0.06580334799100963,1.4240644793595123,0.15442780763306185,4.848696431339458,0.5924681501135242,44.310173997100044,NVDA,30,close,atr10,1R,short_only,oos_2024M06_2026M09,3.577254387307179,3.9247896514051925
514,0.030211185021190357,0.5159138265838239,0.22723703054454852,0.5233463035019456,0.05166393240606248,1.327615007044366,0.1843053242984687,3.0211185021190357,0.6121790337588853,90.73876268728854,NVDA,30,close,atr10,1R,long_short,oos_2024M06_2026M09,3.577254387307179,3.9247896514051925
263,0.0058782363039021806,0.6295301365565031,-0.3008357796580814,0.3574144486692015,0.02782400979980921,0.15142876820766962,0.879637497373426,0.587823630390218,0.6309905614964729,46.4285886901885,NVDA,30,close,atr10,2R,long_only,oos_2024M06_2026M09,3.577254387307179,3.9247896514051925
251,0.03603777087011168,0.6821926740979353,-0.3048064903468226,0.350597609561753,0.04450502872547246,0.8369272896629749,0.4026334397487439,3.603777087011168,0.5924681501135242,44.310173997100044,NVDA,30,close,atr10,2R,short_only,oos_2024M06_2026M09,3.577254387307179,3.9247896514051925
514,0.020605946763276862,0.655307134879356,-0.30331680534336547,0.3540856031128405,0.035969799197360715,0.7129010205928695,0.4759070075897114,2.0605946763276863,0.6121790337588853,90.73876268728854,NVDA,30,close,atr10,2R,long_short,oos_2024M06_2026M09,3.577254387307179,3.9247896514051925
263,-0.008833558933634706,0.7158909247308758,-0.31072309544162513,0.2813688212927757,-0.0027221223688339616,-0.20010904903507973,0.8413952963950821,-0.8833558933634706,0.6309905614964729,46.4285886901885,NVDA,30,close,atr10,3R,long_only,oos_2024M06_2026M09,3.577254387307179,3.9247896514051925
251,0.056800556857677986,0.7628419931230855,-0.31295837970273654,0.30677290836653387,0.1421031669587385,1.1796545903419664,0.23813762139219374,5.680055685767798,0.5924681501135242,44.310173997100044,NVDA,30,close,atr10,3R,short_only,oos_2024M06_2026M09,3.577254387307179,3.9247896514051925
514,0.023217341968348734,0.7391979529467207,-0.31124320884909706,0.29377431906614787,0.06799995471525296,0.7120874014602657,0.47641065527869575,2.3217341968348735,0.6121790337588853,90.73876268728854,NVDA,30,close,atr10,3R,long_short,oos_2024M06_2026M09,3.577254387307179,3.9247896514051925
263,-0.008238789413784902,0.908998053270432,-0.31317838821643645,0.22813688212927757,-0.02923038588843497,-0.14698679603274395,0.8831424423568723,-0.8238789413784902,0.6309905614964729,46.4285886901885,NVDA,30,close,atr10,eod,long_only,oos_2024M06_2026M09,3.577254387307179,3.9247896514051925
251,0.013224148142536977,0.9739461713062084,-0.32743812079875534,0.2350597609561753,-0.009413328797346483,0.2151144635447203,0.8296780775907802,1.3224148142536978,0.5924681501135242,44.310173997100044,NVDA,30,close,atr10,eod,short_only,oos_2024M06_2026M09,3.577254387307179,3.9247896514051925
514,0.0022421392372594536,0.9404144944276313,-0.3226722278751639,0.23151750972762647,-0.01955318485757268,0.054053624973702474,0.9568924401038279,0.22421392372594537,0.6121790337588853,90.73876268728854,NVDA,30,close,atr10,eod,long_short,oos_2024M06_2026M09,3.577254387307179,3.9247896514051925
263,0.0015316909556298505,1.2355217781313266,0.05855943782939113,0.5095057034220533,-0.010063660609596773,0.02010474722844555,0.9839598131710794,0.15316909556298505,2.0356018469978827,46.4285886901885,NVDA,30,close,or,1R,long_only,oos_2024M06_2026M09,3.577254387307179,3.9247896514051925
251,0.059444970508461294,1.6032507016369604,0.1090027154551325,0.5258964143426295,0.036157714847572596,0.5874224469307929,0.5569200218587487,5.944497050846129,2.159662336775333,44.310173997100044,NVDA,30,close,or,1R,short_only,oos_2024M06_2026M09,3.577254387307179,3.9247896514051925
514,0.029812300231428855,1.4258683858002477,0.07061825900103827,0.5175097276264592,0.012507477989137688,0.47402102576311517,0.6354849137642731,2.9812300231428854,2.0961839149631354,90.73876268728854,NVDA,30,close,or,1R,long_short,oos_2024M06_2026M09,3.577254387307179,3.9247896514051925
263,0.025244060996724823,1.3581898645960362,0.01490214627977449,0.5019011406844106,-0.005683236951741752,0.30142315401882014,0.7630918404859668,2.524406099672482,2.0356018469978827,46.4285886901885,NVDA,30,close,or,2R,long_only,oos_2024M06_2026M09,3.577254387307179,3.9247896514051925
251,0.05881944545375725,1.720444071561018,0.030190750651849497,0.5099601593625498,0.030580380957539992,0.5416481040991078,0.5880609466422404,5.881944545375725,2.159662336775333,44.310173997100044,NVDA,30,close,or,2R,short_only,oos_2024M06_2026M09,3.577254387307179,3.9247896514051925
514,0.041639822667376834,1.5442989630271922,0.022546448465811993,0.5058365758754864,0.01202526128800477,0.6113065525350749,0.5409966538603623,4.163982266737683,2.0961839149631354,90.73876268728854,NVDA,30,close,or,2R,long_short,oos_2024M06_2026M09,3.577254387307179,3.9247896514051925
263,0.03631328010885529,1.418461248704951,0.01490214627977449,0.5019011406844106,-0.0008069114894028236,0.4151699179528426,0.6780175187479831,3.631328010885529,2.0356018469978827,46.4285886901885,NVDA,30,close,or,3R,long_only,oos_2024M06_2026M09,3.577254387307179,3.9247896514051925
251,0.06507681204621749,1.7345539883526397,0.030190750651849497,0.5099601593625498,0.03500634970495433,0.5943952204728947,0.552247804466379,6.507681204621749,2.159662336775333,44.310173997100044,NVDA,30,close,or,3R,short_only,oos_2024M06_2026M09,3.577254387307179,3.9247896514051925
514,0.050359285004337596,1.5792440922917415,0.022546448465811993,0.5058365758754864,0.016681665475156798,0.7229559793134251,0.4697069296781624,5.0359285004337595,2.0961839149631354,90.73876268728854,NVDA,30,close,or,3R,long_short,oos_2024M06_2026M09,3.577254387307179,3.9247896514051925
263,0.05375733389583258,1.5570893391755425,0.01490214627977449,0.5019011406844106,0.004573629806926195,0.5598891670226395,0.575555038284346,5.3757333895832575,2.0356018469978827,46.4285886901885,NVDA,30,close,or,eod,long_only,oos_2024M06_2026M09,3.577254387307179,3.9247896514051925
251,0.05064553328029804,1.7177864878464044,0.030190750651849497,0.5099601593625498,0.02380950141040024,0.46709888109055747,0.640429134683369,5.064553328029804,2.159662336775333,44.310173997100044,NVDA,30,close,or,eod,short_only,oos_2024M06_2026M09,3.577254387307179,3.9247896514051925
514,0.0522377581088692,1.6359300143911795,0.022546448465811993,0.5058365758754864,0.013967022360373636,0.723937992339601,0.4691038040999638,5.22377581088692,2.0961839149631354,90.73876268728854,NVDA,30,close,or,eod,long_short,oos_2024M06_2026M09,3.577254387307179,3.9247896514051925
256,0.043756204773162055,0.504630579521827,0.2577749830449019,0.546875,0.08343539666049107,1.3873500829735412,0.1653350382480161,4.375620477316206,0.6336292962745681,45.1928467858869,NVDA,30,touch,atr10,1R,long_only,oos_2024M06_2026M09,3.577254387307179,3.9247896514051925
280,0.022877088396216067,0.5870150525965204,-0.15291090920800288,0.49642857142857144,0.009350206003493525,0.6521245170779794,0.5143208491628508,2.2877088396216068,0.5737679598604885,49.4296761720638,NVDA,30,touch,atr10,1R,short_only,oos_2024M06_2026M09,3.577254387307179,3.9247896514051925
536,0.03284920368072758,0.54880370415194,0.24019751226214045,0.5205223880597015,0.04473417766056698,1.385766973939236,0.16581807000602256,3.2849203680727577,0.6023584488940787,94.6225229579507,NVDA,30,touch,atr10,1R,long_short,oos_2024M06_2026M09,3.577254387307179,3.9247896514051925
256,0.02984875504908381,0.6395681346434942,-0.29360086958732967,0.37890625,0.06888118044984322,0.7467227569921882,0.45523093002518467,2.984875504908381,0.6336292962745681,45.1928467858869,NVDA,30,touch,atr10,2R,long_only,oos_2024M06_2026M09,3.577254387307179,3.9247896514051925
280,0.05629366362128497,0.7163104942081515,-0.2960286010062666,0.37857142857142856,0.09805635067127168,1.3150347085491192,0.18849823786754194,5.629366362128497,0.5737679598604885,49.4296761720638,NVDA,30,touch,atr10,2R,short_only,oos_2024M06_2026M09,3.577254387307179,3.9247896514051925
536,0.04366325952709934,0.6802359561779442,-0.2946292245216714,0.3787313432835821,0.08412194101327601,1.4860689628046795,0.13726088082120436,4.366325952709934,0.6023584488940787,94.6225229579507,NVDA,30,touch,atr10,2R,long_short,oos_2024M06_2026M09,3.577254387307179,3.9247896514051925
256,0.05970355756650443,0.754048151167148,-0.30227126470189014,0.32421875,0.13570723031235646,1.2668380919514004,0.2052131886117987,5.970355756650443,0.6336292962745681,45.1928467858869,NVDA,30,touch,atr10,3R,long_only,oos_2024M06_2026M09,3.577254387307179,3.9247896514051925
280,0.04448625493585551,0.7973608599566486,-0.31552371969607296,0.29642857142857143,0.08147366931219939,0.9335765800457803,0.3505223507913897,4.448625493585551,0.5737679598604885,49.4296761720638,NVDA,30,touch,atr10,3R,short_only,oos_2024M06_2026M09,3.577254387307179,3.9247896514051925
536,0.05175422037138932,0.776289876787832,-0.3072007427081007,0.30970149253731344,0.10737626561078187,1.5434915022446076,0.12271156773079839,5.175422037138932,0.6023584488940787,94.6225229579507,NVDA,30,touch,atr10,3R,long_short,oos_2024M06_2026M09,3.577254387307179,3.9247896514051925
256,0.018004196651629806,0.8744626302888936,-0.3170130424505814,0.25,0.01178357785290849,0.32942190603492,0.7418368123444274,1.8004196651629805,0.6336292962745681,45.1928467858869,NVDA,30,touch,atr10,eod,long_only,oos_2024M06_2026M09,3.577254387307179,3.9247896514051925
280,0.07538549545016171,1.1457665213294017,-0.3292225207349343,0.22857142857142856,0.09914651312449228,1.1009578208034212,0.2709150150331747,7.538549545016171,0.5737679598604885,49.4296761720638,NVDA,30,touch,atr10,eod,short_only,oos_2024M06_2026M09,3.577254387307179,3.9247896514051925
536,0.047979501994146474,1.0246502481398851,-0.32448520149494553,0.23880597014925373,0.05742093209925824,1.084082867826553,0.27832805823252116,4.797950199414648,0.6023584488940787,94.6225229579507,NVDA,30,touch,atr10,eod,long_short,oos_2024M06_2026M09,3.577254387307179,3.9247896514051925
256,0.1209536253756833,1.2338134838744892,0.16060092072368554,0.53515625,0.043581598168768124,1.5685174714850163,0.11676041578403429,12.09536253756833,1.8394534962303197,45.1928467858869,NVDA,30,touch,or,1R,long_only,oos_2024M06_2026M09,3.577254387307179,3.9247896514051925
280,0.06235663796478799,1.6007363822928509,0.11799686808692889,0.5178571428571429,0.03408471457520591,0.6518413269206329,0.5145035383697731,6.235663796478799,1.94570329394169,49.4296761720638,NVDA,30,touch,or,1R,short_only,oos_2024M06_2026M09,3.577254387307179,3.9247896514051925
536,0.09034325881775292,1.436208782027433,0.13259306607424798,0.5261194029850746,0.03862053957511622,1.4563325923471437,0.1453006998457731,9.034325881775292,1.8949571219004389,94.6225229579507,NVDA,30,touch,or,1R,long_short,oos_2024M06_2026M09,3.577254387307179,3.9247896514051925
256,0.11866940438716894,1.3820870410083401,0.07011581113412921,0.51171875,0.02535163442014999,1.373799488641067,0.16950393993908897,11.866940438716894,1.8394534962303197,45.1928467858869,NVDA,30,touch,or,2R,long_only,oos_2024M06_2026M09,3.577254387307179,3.9247896514051925
280,0.04530652401010871,1.729154792675785,-0.010572839179923223,0.48928571428571427,0.03243839437355056,0.4384356766788508,0.6610704889527608,4.5306524010108715,1.94570329394169,49.4296761720638,NVDA,30,touch,or,2R,short_only,oos_2024M06_2026M09,3.577254387307179,3.9247896514051925
536,0.08034551165288374,1.5719593786482542,0.0023337222870457187,0.5,0.02905367320177715,1.1833213394671669,0.236681818686719,8.034551165288374,1.8949571219004389,94.6225229579507,NVDA,30,touch,or,2R,long_short,oos_2024M06_2026M09,3.577254387307179,3.9247896514051925
256,0.12931622998571624,1.4388250057650305,0.07011581113412921,0.51171875,0.030817619829366566,1.4380203787682508,0.1504282720515362,12.931622998571623,1.8394534962303197,45.1928467858869,NVDA,30,touch,or,3R,long_only,oos_2024M06_2026M09,3.577254387307179,3.9247896514051925
280,0.042522110280633865,1.7609594294938233,-0.02852921082325405,0.4857142857142857,0.029194551615571624,0.40405871162978774,0.6861695456877006,4.252211028063386,1.94570329394169,49.4296761720638,NVDA,30,touch,or,3R,short_only,oos_2024M06_2026M09,3.577254387307179,3.9247896514051925
536,0.08397601819947918,1.6142390685332741,0.0,0.498134328358209,0.029969748374399054,1.2043974270876432,0.22843600602976233,8.397601819947917,1.8949571219004389,94.6225229579507,NVDA,30,touch,or,3R,long_short,oos_2024M06_2026M09,3.577254387307179,3.9247896514051925
256,0.1567207894204118,1.5994438090327756,0.07011581113412921,0.51171875,0.04750156059658856,1.56775287544672,0.11693881652287241,15.672078942041178,1.8394534962303197,45.1928467858869,NVDA,30,touch,or,eod,long_only,oos_2024M06_2026M09,3.577254387307179,3.9247896514051925
280,0.03678226713716277,1.7645917596204637,-0.02852921082325405,0.4857142857142857,0.02383863829227389,0.3487974193598311,0.7272414009464656,3.6782267137162767,1.94570329394169,49.4296761720638,NVDA,30,touch,or,eod,short_only,oos_2024M06_2026M09,3.577254387307179,3.9247896514051925
536,0.09406633748140109,1.687233949142563,0.0,0.498134328358209,0.03514033252717044,1.290747594642568,0.19679121502723618,9.40663374814011,1.8949571219004389,94.6225229579507,NVDA,30,touch,or,eod,long_short,oos_2024M06_2026M09,3.577254387307179,3.9247896514051925
291,-0.002134120640183018,0.18404577016924498,0.07846939134543106,0.5017182130584192,0.003436426116838488,-0.1978060724513292,0.8431967949205403,-0.2134120640183018,0.16991086477018003,51.371556307394876,QQQ,5,close,atr10,1R,long_only,oos_2024M06_2026M09,3.577254387307179,3.9247896514051925
272,-0.0077081440532048,0.17841004704075772,-0.09541678551750661,0.47058823529411764,-0.05882463018142298,-0.7125493801720607,0.47612464472542637,-0.77081440532048,0.16598122858048509,48.01739971000483,QQQ,5,close,atr10,1R,short_only,oos_2024M06_2026M09,3.577254387307179,3.9247896514051925
563,-0.004827076889458195,0.1812052499612015,-0.09149387809741324,0.4866785079928952,-0.026643515824772736,-0.6320735804639771,0.5273387978651614,-0.4827076889458195,0.16801235492364888,99.3889560173997,QQQ,5,close,atr10,1R,long_short,oos_2024M06_2026M09,3.577254387307179,3.9247896514051925
291,0.01593429896623021,0.2636975487097019,-0.12238394367170037,0.3745704467353952,0.11981570050410513,1.0307975155642501,0.3026357835783564,1.593429896623021,0.16991086477018003,51.371556307394876,QQQ,5,close,atr10,2R,long_only,oos_2024M06_2026M09,3.577254387307179,3.9247896514051925
272,-0.007074461963795418,0.2485039684848703,-0.12335375630063121,0.31985294117647056,-0.04044227724024651,-0.46950966777689807,0.6387053760963934,-0.7074461963795419,0.16598122858048509,48.01739971000483,QQQ,5,close,atr10,2R,short_only,oos_2024M06_2026M09,3.577254387307179,3.9247896514051925
563,0.004818165799326179,0.25650046326910375,-0.12299385876391597,0.3481349911190053,0.04239088710008443,0.44570528534383486,0.6558101462251524,0.4818165799326179,0.16801235492364888,99.3889560173997,QQQ,5,close,atr10,2R,long_short,oos_2024M06_2026M09,3.577254387307179,3.9247896514051925
291,0.02568760217971558,0.3265205838956573,-0.12869745842492678,0.3024054982817869,0.17070214439792852,1.342021571835422,0.17958900132157796,2.568760217971558,0.16991086477018003,51.371556307394876,QQQ,5,close,atr10,3R,long_only,oos_2024M06_2026M09,3.577254387307179,3.9247896514051925
272,0.0004274896652828352,0.30612664280597884,-0.12983313501363003,0.25735294117647056,0.013400957139617713,0.023030795721209852,0.9816257080265596,0.04274896652828352,0.16598122858048509,48.01739971000483,QQQ,5,close,atr10,3R,short_only,oos_2024M06_2026M09,3.577254387307179,3.9247896514051925
563,0.013483782279314682,0.3168029278264229,-0.12877389734753847,0.28063943161634103,0.09470583367988138,1.009896209743496,0.31254501878861873,1.3483782279314682,0.16801235492364888,99.3889560173997,QQQ,5,close,atr10,3R,long_short,oos_2024M06_2026M09,3.577254387307179,3.9247896514051925
291,0.013088431786189845,0.38517398525506635,-0.1367951685728046,0.21993127147766323,0.09687123070796554,0.5796651104004292,0.562140475839815,1.3088431786189845,0.16991086477018003,51.371556307394876,QQQ,5,close,atr10,eod,long_only,oos_2024M06_2026M09,3.577254387307179,3.9247896514051925
272,0.02725672934731709,0.5371141397426953,-0.13710604556522415,0.1801470588235294,0.22538079567738412,0.8369347652005429,0.40262923750794255,2.725672934731709,0.16598122858048509,48.01739971000483,QQQ,5,close,atr10,eod,short_only,oos_2024M06_2026M09,3.577254387307179,3.9247896514051925
563,0.019933506273981338,0.4644545936868598,-0.13701778852362784,0.20071047957371227,0.1589575569454111,1.0183442885589549,0.30851436800191623,1.9933506273981338,0.16801235492364888,99.3889560173997,QQQ,5,close,atr10,eod,long_short,oos_2024M06_2026M09,3.577254387307179,3.9247896514051925
291,0.007123293273359096,0.4508602327957253,0.18312050301419514,0.5189003436426117,0.03232648343526229,0.2695165188983293,0.7875322321224327,0.7123293273359096,0.4179330579543874,51.371556307394876,QQQ,5,close,or,1R,long_only,oos_2024M06_2026M09,3.577254387307179,3.9247896514051925
272,0.041394365494738,0.44586344037985226,0.20404920376274188,0.5294117647058824,0.07266743796902873,1.5311714375578593,0.12572702792744783,4.139436549473801,0.42294938348052324,48.01739971000483,QQQ,5,close,or,1R,short_only,oos_2024M06_2026M09,3.577254387307179,3.9247896514051925
563,0.023680543085464006,0.4483820043832515,0.19491261690663106,0.5239786856127886,0.05181625187786348,1.2531344852196775,0.2101567677178533,2.3680543085464008,0.42035657579294683,99.3889560173997,QQQ,5,close,or,1R,long_short,oos_2024M06_2026M09,3.577254387307179,3.9247896514051925
291,0.002731548245618008,0.5577267275055059,-0.21788926755686028,0.4020618556701031,0.03352229773489963,0.08354758728950772,0.9334161404399515,0.2731548245618008,0.4179330579543874,51.371556307394876,QQQ,5,close,or,2R,long_only,oos_2024M06_2026M09,3.577254387307179,3.9247896514051925
272,0.04528939977255082,0.594504378356156,-0.20932932432435153,0.40441176470588236,0.09406314584824761,1.2563943061235685,0.20897304500502667,4.5289399772550825,0.42294938348052324,48.01739971000483,QQQ,5,close,or,2R,short_only,oos_2024M06_2026M09,3.577254387307179,3.9247896514051925
563,0.02329235750907401,0.5756673061729038,-0.21680216802168178,0.40319715808170514,0.06277116218752957,0.9600549242075284,0.3370275729304115,2.329235750907401,0.42035657579294683,99.3889560173997,QQQ,5,close,or,2R,long_short,oos_2024M06_2026M09,3.577254387307179,3.9247896514051925
291,-0.0027854635802231163,0.5987323533604328,-0.22313278429145658,0.37800687285223367,0.016379931652932805,-0.07936175303325885,0.9367448893108956,-0.27854635802231165,0.4179330579543874,51.371556307394876,QQQ,5,close,or,3R,long_only,oos_2024M06_2026M09,3.577254387307179,3.9247896514051925
272,0.05778176324624679,0.6723105676458039,-0.2354937998391331,0.3786764705882353,0.12118867155613851,1.4174420249435735,0.15635373319922818,5.7781763246246785,0.42294938348052324,48.01739971000483,QQQ,5,close,or,3R,short_only,oos_2024M06_2026M09,3.577254387307179,3.9247896514051925
563,0.02647614511746749,0.6354972119634831,-0.2249300342612003,0.3783303730017762,0.06701577046940163,0.9885423979828106,0.3228870807936879,2.647614511746749,0.42035657579294683,99.3889560173997,QQQ,5,close,or,3R,long_short,oos_2024M06_2026M09,3.577254387307179,3.9247896514051925
291,0.011173843074675139,0.8221086562424677,-0.22366276204557858,0.3711340206185567,-9.398322571954543e-05,0.23185680196369524,0.8166492373137302,1.1173843074675138,0.4179330579543874,51.371556307394876,QQQ,5,close,or,eod,long_only,oos_2024M06_2026M09,3.577254387307179,3.9247896514051925
272,0.05923244319204592,0.7246726393731634,-0.24123437812516949,0.3713235294117647,0.17459478820090119,1.3480383084723768,0.1776460616451696,5.923244319204592,0.42294938348052324,48.01739971000483,QQQ,5,close,or,eod,short_only,oos_2024M06_2026M09,3.577254387307179,3.9247896514051925
563,0.03439220760740133,0.7762495885207752,-0.23076614359673664,0.37122557726465366,0.08430272339602263,1.0512666038697693,0.29313616075415183,3.4392207607401333,0.42035657579294683,99.3889560173997,QQQ,5,close,or,eod,long_short,oos_2024M06_2026M09,3.577254387307179,3.9247896514051925
288,0.016364789235202983,0.21164988223533923,0.10877067459231213,0.5451388888888888,0.08211010778169105,1.3121655426805834,0.18946428524653092,1.6364789235202983,0.1693809897191049,50.84195263412276,QQQ,5,touch,atr10,1R,long_only,oos_2024M06_2026M09,3.577254387307179,3.9247896514051925
275,0.010305223416841473,0.2043861654022217,0.09550780037834813,0.52,0.08235880814891684,0.8361270291261085,0.4030834440499136,1.0305223416841474,0.1665919286603183,48.547003383276945,QQQ,5,touch,atr10,1R,short_only,oos_2024M06_2026M09,3.577254387307179,3.9247896514051925
563,0.013404965789289272,0.20797070037151047,0.10326863061608735,0.5328596802841918,0.08223158664667701,1.5293882632154387,0.1261682203040002,1.3404965789289272,0.16801865971703328,99.3889560173997,QQQ,5,touch,atr10,1R,long_short,oos_2024M06_2026M09,3.577254387307179,3.9247896514051925
288,0.027773215489723526,0.2812620934148115,-0.11763729254907908,0.4131944444444444,0.17957779080960978,1.6757576197806607,0.09378567844363883,2.7773215489723526,0.1693809897191049,50.84195263412276,QQQ,5,touch,atr10,2R,long_only,oos_2024M06_2026M09,3.577254387307179,3.9247896514051925
275,0.020210592142377932,0.2713210116699974,-0.1178955136711545,0.3890909090909091,0.1446085836146517,1.2352701789403095,0.2167299683493873,2.021059214237793,0.1665919286603183,48.547003383276945,QQQ,5,touch,atr10,2R,short_only,oos_2024M06_2026M09,3.577254387307179,3.9247896514051925
563,0.02407921651899522,0.27623125049489944,-0.11782781851083605,0.40142095914742454,0.16249691695772087,2.0683486150414288,0.03860725339286741,2.407921651899522,0.16801865971703328,99.3889560173997,QQQ,5,touch,atr10,2R,long_short,oos_2024M06_2026M09,3.577254387307179,3.9247896514051925
288,0.03390025873265906,0.3423146645832979,-0.12884216480209565,0.3333333333333333,0.22676164862528708,1.6806363487597746,0.09283357099034584,3.3900258732659063,0.1693809897191049,50.84195263412276,QQQ,5,touch,atr10,3R,long_only,oos_2024M06_2026M09,3.577254387307179,3.9247896514051925
275,0.022096666069139546,0.33221350846326453,-0.12864271502473318,0.3018181818181818,0.16507668488969945,1.1030007600852432,0.2700268350727306,2.2096666069139546,0.1665919286603183,48.547003383276945,QQQ,5,touch,atr10,3R,short_only,oos_2024M06_2026M09,3.577254387307179,3.9247896514051925
563,0.02813473833751187,0.33717029623389483,-0.12870742726060605,0.31793960923623443,0.19663133774200717,1.9799205821493575,0.04771245327341811,2.813473833751187,0.16801865971703328,99.3889560173997,QQQ,5,touch,atr10,3R,long_short,oos_2024M06_2026M09,3.577254387307179,3.9247896514051925
288,0.019841785920092312,0.4423137233141046,-0.13851641366017559,0.22569444444444445,0.14158631834186164,0.761283802084644,0.44648757329423927,1.9841785920092312,0.1693809897191049,50.84195263412276,QQQ,5,touch,atr10,eod,long_only,oos_2024M06_2026M09,3.577254387307179,3.9247896514051925
275,0.0276633497377219,0.5246767476034104,-0.14445440723558747,0.19272727272727272,0.25455702120431734,0.8743378846450298,0.38193427364201105,2.76633497377219,0.1665919286603183,48.547003383276945,QQQ,5,touch,atr10,eod,short_only,oos_2024M06_2026M09,3.577254387307179,3.9247896514051925
563,0.02366226558234478,0.4838788548172524,-0.1397170305771291,0.20959147424511546,0.19676738989989953,1.1603095795312863,0.24592278566385573,2.366226558234478,0.16801865971703328,99.3889560173997,QQQ,5,touch,atr10,eod,long_short,oos_2024M06_2026M09,3.577254387307179,3.9247896514051925
288,-0.0042637944785693,0.3622626633854092,-0.14576592649992723,0.4930555555555556,-0.015600075174073753,-0.19974178699224202,0.8416825309544587,-0.42637944785693,0.32637264814327405,50.84195263412276,QQQ,5,touch,or,1R,long_only,oos_2024M06_2026M09,3.577254387307179,3.9247896514051925
275,0.02635084437720029,0.34039279360013935,0.15501445640435893,0.5272727272727272,0.05836880729070554,1.283750204930659,0.19922937172959365,2.635084437720029,0.3168277029036948,48.547003383276945,QQQ,5,touch,or,1R,short_only,oos_2024M06_2026M09,3.577254387307179,3.9247896514051925
563,0.010690069971406962,0.35177157679761434,0.13370998116761515,0.5097690941385435,0.020530373631990725,0.7210643094950411,0.47086994865724097,1.0690069971406961,0.32171037471363945,99.3889560173997,QQQ,5,touch,or,1R,long_short,oos_2024M06_2026M09,3.577254387307179,3.9247896514051925
288,0.0038874329871396284,0.4808356668060376,-0.19886258610982244,0.3819444444444444,0.04792337431026232,0.13720264529662093,0.8908706200417855,0.38874329871396285,0.32637264814327405,50.84195263412276,QQQ,5,touch,or,2R,long_only,oos_2024M06_2026M09,3.577254387307179,3.9247896514051925
275,0.04019558957597117,0.4758975582326472,-0.1877321616953006,0.39636363636363636,0.11204295990293993,1.4006553148298082,0.1613171712147634,4.019558957597117,0.3168277029036948,48.547003383276945,QQQ,5,touch,or,2R,short_only,oos_2024M06_2026M09,3.577254387307179,3.9247896514051925
563,0.021622322972803348,0.47834939690494593,-0.19339425884493988,0.38898756660746003,0.07924288769922565,1.0725346132418188,0.2834799758026061,2.162232297280335,0.32171037471363945,99.3889560173997,QQQ,5,touch,or,2R,long_short,oos_2024M06_2026M09,3.577254387307179,3.9247896514051925
288,-0.005321258219035296,0.5318420393397387,-0.21074540247682572,0.3194444444444444,-0.007561483195398386,-0.16979617974370367,0.8651704314265449,-0.5321258219035295,0.32637264814327405,50.84195263412276,QQQ,5,touch,or,3R,long_only,oos_2024M06_2026M09,3.577254387307179,3.9247896514051925
275,0.03958731969502022,0.5528217510267446,-0.21133056977973266,0.3490909090909091,0.13209731414829098,1.1875101299865165,0.2350264632603194,3.958731969502022,0.3168277029036948,48.547003383276945,QQQ,5,touch,or,3R,short_only,oos_2024M06_2026M09,3.577254387307179,3.9247896514051925
563,0.01661454804449094,0.5421734088249144,-0.21107066026807778,0.3339253996447602,0.060655513730915274,0.7271173636654509,0.46715406274932736,1.6614548044490938,0.32171037471363945,99.3889560173997,QQQ,5,touch,or,3R,long_short,oos_2024M06_2026M09,3.577254387307179,3.9247896514051925
288,0.01611929954308099,0.8343306543474481,-0.21418585535332313,0.2986111111111111,-0.00858249302330135,0.3278719089751152,0.743008514115447,1.611929954308099,0.32637264814327405,50.84195263412276,QQQ,5,touch,or,eod,long_only,oos_2024M06_2026M09,3.577254387307179,3.9247896514051925
275,0.06277347092160578,0.6694772607100433,-0.22119815668203602,0.32727272727272727,0.24748845263314892,1.5549150214186525,0.11996630933957109,6.277347092160578,0.3168277029036948,48.547003383276945,QQQ,5,touch,or,eod,short_only,oos_2024M06_2026M09,3.577254387307179,3.9247896514051925
563,0.038907749150708555,0.7579892786670978,-0.21658467789324617,0.31261101243339257,0.11649656568988487,1.217943779906996,0.22324533776717015,3.8907749150708555,0.32171037471363945,99.3889560173997,QQQ,5,touch,or,eod,long_short,oos_2024M06_2026M09,3.577254387307179,3.9247896514051925
285,0.006119731271077743,0.18246985812794655,0.1003489278702287,0.5403508771929825,0.0807017543859651,0.5661918941151709,0.5712633396401672,0.6119731271077743,0.16961262933863955,50.31234896085065,QQQ,15,close,atr10,1R,long_only,oos_2024M06_2026M09,3.577254387307179,3.9247896514051925
278,0.0041662164825606715,0.18024932629599272,0.07859074411215196,0.5035971223021583,0.007194244604316547,0.38538124955738867,0.6999549724909682,0.4166216482560671,0.16641492817251252,49.07660705654906,QQQ,15,close,atr10,1R,short_only,oos_2024M06_2026M09,3.577254387307179,3.9247896514051925
563,0.005155118284918338,0.18121804093772423,0.09498482739845653,0.522202486678508,0.044404973357016084,0.6749807713641859,0.49968798163604533,0.5155118284918339,0.16803365789248798,99.3889560173997,QQQ,15,close,atr10,1R,long_short,oos_2024M06_2026M09,3.577254387307179,3.9247896514051925
285,0.027179121231017327,0.265987409562449,-0.11737390565039943,0.3929824561403509,0.1623401978198937,1.7250304313479525,0.08452198846984826,2.717912123101733,0.16961262933863955,50.31234896085065,QQQ,15,close,atr10,2R,long_only,oos_2024M06_2026M09,3.577254387307179,3.9247896514051925
278,-0.0053833903948157635,0.25329113855375496,-0.12445845653272555,0.3237410071942446,-0.02877697841726619,-0.3543710840171963,0.7230608019567344,-0.5383390394815764,0.16641492817251252,49.07660705654906,QQQ,15,close,atr10,2R,short_only,oos_2024M06_2026M09,3.577254387307179,3.9247896514051925
563,0.011100296662666355,0.2600757533765554,-0.1208208017438041,0.35879218472468916,0.06796972713795685,1.0127189065988076,0.3111944444662966,1.1100296662666356,0.16803365789248798,99.3889560173997,QQQ,15,close,atr10,2R,long_short,oos_2024M06_2026M09,3.577254387307179,3.9247896514051925
285,0.03432417614916812,0.3160646794119232,-0.12238394367170037,0.3333333333333333,0.2318786448741646,1.8333550806884218,0.06674978309154511,3.432417614916812,0.16961262933863955,50.31234896085065,QQQ,15,close,atr10,3R,long_only,oos_2024M06_2026M09,3.577254387307179,3.9247896514051925
278,0.001012288311640196,0.30582802033506046,-0.13344509947924066,0.26258992805755393,0.03479154533858186,0.055188596132377116,0.955988214058102,0.1012288311640196,0.16641492817251252,49.07660705654906,QQQ,15,close,atr10,3R,short_only,oos_2024M06_2026M09,3.577254387307179,3.9247896514051925
563,0.017875322119269788,0.3112222016826037,-0.12777149549694827,0.2984014209591474,0.1345603257429177,1.3628168775839997,0.1729402306163359,1.7875322119269788,0.16803365789248798,99.3889560173997,QQQ,15,close,atr10,3R,long_short,oos_2024M06_2026M09,3.577254387307179,3.9247896514051925
285,0.012883589327206362,0.3844827857106809,-0.13346150674417112,0.24561403508771928,0.07074293974218045,0.565695081674835,0.5716010792440507,1.2883589327206362,0.16961262933863955,50.31234896085065,QQQ,15,close,atr10,eod,long_only,oos_2024M06_2026M09,3.577254387307179,3.9247896514051925
278,-0.00583046534803608,0.4532715276541294,-0.14013097287005258,0.15827338129496402,0.09408813900770842,-0.21447030870994416,0.830180318483301,-0.583046534803608,0.16641492817251252,49.07660705654906,QQQ,15,close,atr10,eod,short_only,oos_2024M06_2026M09,3.577254387307179,3.9247896514051925
563,0.003642901583480965,0.4195897279271729,-0.1380408834886743,0.2024866785079929,0.08227040936174845,0.20600453845507788,0.8367873661680814,0.36429015834809647,0.16803365789248798,99.3889560173997,QQQ,15,close,atr10,eod,long_short,oos_2024M06_2026M09,3.577254387307179,3.9247896514051925
285,0.06319768817839763,0.5553018592138393,0.21507843193484558,0.5684210526315789,0.1105249593719644,1.9212969538578004,0.054694280963472286,6.319768817839763,0.5641141542729026,50.31234896085065,QQQ,15,close,or,1R,long_only,oos_2024M06_2026M09,3.577254387307179,3.9247896514051925
278,0.00797466997679286,0.5536176164875853,-0.018537904961520427,0.49280575539568344,0.015941998014395307,0.2401735713565978,0.8101957011242464,0.7974669976792861,0.5842839093335959,49.07660705654906,QQQ,15,close,or,1R,short_only,oos_2024M06_2026M09,3.577254387307179,3.9247896514051925
563,0.03592948380886632,0.554666164123013,0.13884370958656309,0.5310834813499112,0.06382147223625532,1.5369987047300495,0.12429362656173959,3.592948380886632,0.574073642562197,99.3889560173997,QQQ,15,close,or,1R,long_short,oos_2024M06_2026M09,3.577254387307179,3.9247896514051925
285,0.0522643633180401,0.7112789282041044,-0.011304970418671876,0.49122807017543857,0.07770809075566329,1.2404753864105722,0.21479961263029956,5.226436331804011,0.5641141542729026,50.31234896085065,QQQ,15,close,or,2R,long_only,oos_2024M06_2026M09,3.577254387307179,3.9247896514051925
278,0.016454409850588537,0.6769877094768307,-0.23729764509645818,0.420863309352518,0.0341213658095025,0.4052508405562032,0.6852931375829541,1.6454409850588536,0.5842839093335959,49.07660705654906,QQQ,15,close,or,2R,short_only,oos_2024M06_2026M09,3.577254387307179,3.9247896514051925
563,0.03458200618846366,0.6941719988048004,-0.11670313639679114,0.4564831261101243,0.056185693712976444,1.182053927408246,0.23718430379610744,3.458200618846366,0.574073642562197,99.3889560173997,QQQ,15,close,or,2R,long_short,oos_2024M06_2026M09,3.577254387307179,3.9247896514051925
285,0.05329254099263735,0.7595758667200109,-0.029428663518271884,0.4842105263157895,0.07920361738105501,1.184452639481146,0.2362339333870378,5.329254099263735,0.5641141542729026,50.31234896085065,QQQ,15,close,or,3R,long_only,oos_2024M06_2026M09,3.577254387307179,3.9247896514051925
278,0.019528478803926625,0.7405886718609617,-0.2513647937959895,0.4028776978417266,0.029177471068234356,0.4396567527087028,0.6601857297253506,1.9528478803926625,0.5842839093335959,49.07660705654906,QQQ,15,close,or,3R,short_only,oos_2024M06_2026M09,3.577254387307179,3.9247896514051925
563,0.036620410817749985,0.7497833862869553,-0.14513788098694644,0.44404973357015987,0.0545015415818292,1.15888834820358,0.2465016989519735,3.6620410817749987,0.574073642562197,99.3889560173997,QQQ,15,close,or,3R,long_short,oos_2024M06_2026M09,3.577254387307179,3.9247896514051925
285,0.051276044504998744,0.7796786181689797,-0.029428663518271884,0.4842105263157895,0.06746533544095278,1.1102513795479467,0.2668907180474456,5.127604450499875,0.5641141542729026,50.31234896085065,QQQ,15,close,or,eod,long_only,oos_2024M06_2026M09,3.577254387307179,3.9247896514051925
278,0.012052054787768973,0.7302916226199326,-0.2513647937959895,0.4028776978417266,0.029009428316509846,0.2751611884087926,0.7831924035713396,1.2052054787768973,0.5842839093335959,49.07660705654906,QQQ,15,close,or,eod,short_only,oos_2024M06_2026M09,3.577254387307179,3.9247896514051925
563,0.03190789327695279,0.7552791891599223,-0.14513788098694644,0.44404973357015987,0.04847645057311064,1.0024086597115467,0.3161462614179342,3.1907893276952786,0.574073642562197,99.3889560173997,QQQ,15,close,or,eod,long_short,oos_2024M06_2026M09,3.577254387307179,3.9247896514051925
287,0.009678119424209744,0.1993116472095979,0.10340500292814388,0.5365853658536586,0.07289431029760862,0.8226199672291473,0.4107241402673476,0.9678119424209745,0.1706225761333893,50.66541807636539,QQQ,15,touch,atr10,1R,long_only,oos_2024M06_2026M09,3.577254387307179,3.9247896514051925
276,-0.004468213055133344,0.20427350531251778,-0.09151084085197983,0.4927536231884058,-0.011570687446025574,-0.3633928456026575,0.7163114454148909,-0.4468213055133344,0.16533663915453164,48.723537941034316,QQQ,15,touch,atr10,1R,short_only,oos_2024M06_2026M09,3.577254387307179,3.9247896514051925
563,0.0027431500382440396,0.20170382687155156,0.09842216073729729,0.5150976909413855,0.031486957940160966,0.32269305724265035,0.7469277106205254,0.274315003824404,0.16803124645991732,99.3889560173997,QQQ,15,touch,atr10,1R,long_short,oos_2024M06_2026M09,3.577254387307179,3.9247896514051925
287,0.037242371440335466,0.27881141018066363,-0.1146404635598421,0.4181184668989547,0.21334176731486845,2.262912349917359,0.023641092943731845,3.7242371440335464,0.1706225761333893,50.66541807636539,QQQ,15,touch,atr10,2R,long_only,oos_2024M06_2026M09,3.577254387307179,3.9247896514051925
276,-0.002003917185638052,0.2627014503515409,-0.12564367443714536,0.35507246376811596,0.007940480326663925,-0.12672778388743322,0.8991558547631746,-0.2003917185638052,0.16533663915453164,48.723537941034316,QQQ,15,touch,atr10,2R,short_only,oos_2024M06_2026M09,3.577254387307179,3.9247896514051925
563,0.018002627815524294,0.2715038657797818,-0.12133268079306857,0.3872113676731794,0.11264770832953197,1.573309202141346,0.11564723960927381,1.8002627815524295,0.16803124645991732,99.3889560173997,QQQ,15,touch,atr10,2R,long_short,oos_2024M06_2026M09,3.577254387307179,3.9247896514051925
287,0.047745272998415085,0.34424303272683887,-0.12100609236243376,0.34494773519163763,0.26609546015963376,2.349666202780362,0.018790253217572772,4.774527299841509,0.1706225761333893,50.66541807636539,QQQ,15,touch,atr10,3R,long_only,oos_2024M06_2026M09,3.577254387307179,3.9247896514051925
276,0.00588801808622341,0.31999332812910436,-0.13598884718593535,0.2826086956521739,0.05242178650687161,0.30569107066247064,0.7598398726509352,0.588801808622341,0.16533663915453164,48.723537941034316,QQQ,15,touch,atr10,3R,short_only,oos_2024M06_2026M09,3.577254387307179,3.9247896514051925
563,0.027225553005937455,0.33294027061842246,-0.12907233085430722,0.31438721136767317,0.16134602156609495,1.9402807686928965,0.05234557725849864,2.7225553005937453,0.16803124645991732,99.3889560173997,QQQ,15,touch,atr10,3R,long_short,oos_2024M06_2026M09,3.577254387307179,3.9247896514051925
287,0.02842030921319657,0.4373700780645158,-0.13566283814682775,0.24738675958188153,0.12194652591403714,1.1008310706815647,0.2709701862818925,2.842030921319657,0.1706225761333893,50.66541807636539,QQQ,15,touch,atr10,eod,long_only,oos_2024M06_2026M09,3.577254387307179,3.9247896514051925
276,0.02843809220000648,0.5376397929228649,-0.14701268778569765,0.18478260869565216,0.27355298114062465,0.8787464707558552,0.37953875587687236,2.8438092200006477,0.16533663915453164,48.723537941034316,QQQ,15,touch,atr10,eod,short_only,oos_2024M06_2026M09,3.577254387307179,3.9247896514051925
563,0.02842902698292932,0.48866189181274067,-0.14065687397863064,0.216696269982238,0.19626869579421152,1.3804088060848174,0.1674608103390347,2.842902698292932,0.16803124645991732,99.3889560173997,QQQ,15,touch,atr10,eod,long_short,oos_2024M06_2026M09,3.577254387307179,3.9247896514051925
287,0.03759492758566148,0.5090481357575664,0.19553072625697254,0.5470383275261324,0.07263315855535468,1.2511556737498042,0.21087768670247886,3.759492758566148,0.4777648951737303,50.66541807636539,QQQ,15,touch,or,1R,long_only,oos_2024M06_2026M09,3.577254387307179,3.9247896514051925
276,0.0362768772428002,0.5136652535417816,0.19095225678112138,0.5362318840579711,0.07141019539414852,1.1732869688943557,0.2406807461621714,3.6276877242800203,0.4977294597785702,48.723537941034316,QQQ,15,touch,or,1R,short_only,oos_2024M06_2026M09,3.577254387307179,3.9247896514051925
563,0.0369487785721096,0.5108619533940847,0.194351962954822,0.5417406749555951,0.0720336242170014,1.7161321367848437,0.08613786050967143,3.69487785721096,0.48755214176509054,99.3889560173997,QQQ,15,touch,or,1R,long_short,oos_2024M06_2026M09,3.577254387307179,3.9247896514051925
287,0.036124760306435674,0.6402951566375332,-0.18205973527530606,0.44947735191637633,0.08352037651331855,0.955797094109085,0.3391747567443848,3.6124760306435673,0.4777648951737303,50.66541807636539,QQQ,15,touch,or,2R,long_only,oos_2024M06_2026M09,3.577254387307179,3.9247896514051925
276,0.05632527678391869,0.6501818778844501,-0.20498914591404097,0.4384057971014493,0.128415858889967,1.4392061794804882,0.15009211510338405,5.6325276783918685,0.4977294597785702,48.723537941034316,QQQ,15,touch,or,2R,short_only,oos_2024M06_2026M09,3.577254387307179,3.9247896514051925
563,0.04602767779806146,0.6446655163778731,-0.19596541786744415,0.44404973357015987,0.10552952950790996,1.6940991385246862,0.09024644601208265,4.602767779806146,0.48755214176509054,99.3889560173997,QQQ,15,touch,or,2R,long_short,oos_2024M06_2026M09,3.577254387307179,3.9247896514051925
287,0.04324835198796058,0.7471779087335393,-0.2030257384242598,0.42857142857142855,0.0701832311181307,0.9805878062108475,0.32679604992426814,4.324835198796058,0.4777648951737303,50.66541807636539,QQQ,15,touch,or,3R,long_only,oos_2024M06_2026M09,3.577254387307179,3.9247896514051925
276,0.05404734887829634,0.718685116278626,-0.21906769275167687,0.4057971014492754,0.11151119515724493,1.2493677349117709,0.211530603892091,5.404734887829634,0.4977294597785702,48.723537941034316,QQQ,15,touch,or,3R,short_only,oos_2024M06_2026M09,3.577254387307179,3.9247896514051925
563,0.04854235401590494,0.7327163786800482,-0.21717428236159675,0.41740674955595025,0.09044347636643535,1.5719514586680505,0.11596180912026521,4.854235401590494,0.48755214176509054,99.3889560173997,QQQ,15,touch,or,3R,long_short,oos_2024M06_2026M09,3.577254387307179,3.9247896514051925
287,0.042797919000620716,0.8260088782274112,-0.2030257384242598,0.42857142857142855,0.0589489359120778,0.8777662646964394,0.38007057547403056,4.279791900062071,0.4777648951737303,50.66541807636539,QQQ,15,touch,or,eod,long_only,oos_2024M06_2026M09,3.577254387307179,3.9247896514051925
276,0.04289219233993512,0.7242757694638782,-0.22080154517009198,0.39855072463768115,0.09646618059392763,0.9838498633952883,0.3251893380981583,4.289219233993512,0.4977294597785702,48.723537941034316,QQQ,15,touch,or,eod,short_only,oos_2024M06_2026M09,3.577254387307179,3.9247896514051925
563,0.04284413470515141,0.7771118217176555,-0.2187066440573437,0.413854351687389,0.07734104875788696,1.3081635917298076,0.19081782812441772,4.28441347051514,0.48755214176509054,99.3889560173997,QQQ,15,touch,or,eod,long_short,oos_2024M06_2026M09,3.577254387307179,3.9247896514051925
294,0.010765027942399145,0.18161921729524813,0.10690330966450377,0.54421768707483,0.08537337280642047,1.0163119378479804,0.30948086558330634,1.0765027942399146,0.16895667299420608,51.90115998066699,QQQ,30,close,atr10,1R,long_only,oos_2024M06_2026M09,3.577254387307179,3.9247896514051925
262,0.003214052004513102,0.18069255735124995,0.08461099036874736,0.5076335877862596,0.015199544967415551,0.28791432976513237,0.7734123175954652,0.3214052004513102,0.16736754733673903,46.25205413243113,QQQ,30,close,atr10,1R,short_only,oos_2024M06_2026M09,3.577254387307179,3.9247896514051925
556,0.007206834245049966,0.18105924700415293,0.0974689997405945,0.5269784172661871,0.05230584961609801,0.9385582238861361,0.3479576101633246,0.7206834245049966,0.1682078404002198,98.15321411309812,QQQ,30,close,atr10,1R,long_short,oos_2024M06_2026M09,3.577254387307179,3.9247896514051925
294,0.002706859375569551,0.25265361104307277,-0.11908501490981313,0.35714285714285715,0.01589051615152049,0.18370198525041506,0.8542472514108097,0.2706859375569551,0.16895667299420608,51.90115998066699,QQQ,30,close,atr10,2R,long_only,oos_2024M06_2026M09,3.577254387307179,3.9247896514051925
262,0.007482547983932243,0.25655810082608327,-0.12451289307459315,0.3511450381679389,0.055800691816188616,0.47207872007792645,0.636870600977057,0.7482547983932243,0.16736754733673903,46.25205413243113,QQQ,30,close,atr10,2R,short_only,oos_2024M06_2026M09,3.577254387307179,3.9247896514051925
556,0.004957273791740457,0.25428236538375376,-0.12110363597991065,0.35431654676258995,0.03469710972012309,0.4596889442828515,0.6457395062249134,0.4957273791740457,0.1682078404002198,98.15321411309812,QQQ,30,close,atr10,2R,long_short,oos_2024M06_2026M09,3.577254387307179,3.9247896514051925
294,0.0010963754445476644,0.29202202989411197,-0.12541668741097506,0.2925170068027211,0.006287318078855616,0.06437501597543344,0.9486716231173151,0.10963754445476645,0.16895667299420608,51.90115998066699,QQQ,30,close,atr10,3R,long_only,oos_2024M06_2026M09,3.577254387307179,3.9247896514051925
262,0.0056097296973498965,0.2935327804209613,-0.13269418231454005,0.2862595419847328,0.09979827461936328,0.3093399227665939,0.7570629651998964,0.5609729697349897,0.16736754733673903,46.25205413243113,QQQ,30,close,atr10,3R,short_only,oos_2024M06_2026M09,3.577254387307179,3.9247896514051925
556,0.0032231718730264154,0.2924795936322065,-0.12805529836209484,0.289568345323741,0.050351833570965315,0.2598515368143341,0.794978295369636,0.32231718730264153,0.1682078404002198,98.15321411309812,QQQ,30,close,atr10,3R,long_short,oos_2024M06_2026M09,3.577254387307179,3.9247896514051925
294,0.0009325359559585836,0.3544131313527541,-0.12793981190061454,0.25170068027210885,-0.004033664299470311,0.045115881432634,0.9640149427591549,0.09325359559585836,0.16895667299420608,51.90115998066699,QQQ,30,close,atr10,eod,long_only,oos_2024M06_2026M09,3.577254387307179,3.9247896514051925
262,0.0411439315075244,0.5195178827608466,-0.13948190482713863,0.20610687022900764,0.40482097280268475,1.2819052690605552,0.19987587938189,4.11439315075244,0.16736754733673903,46.25205413243113,QQQ,30,close,atr10,eod,short_only,oos_2024M06_2026M09,3.577254387307179,3.9247896514051925
556,0.019881071269825926,0.44004698116053786,-0.13381113395231448,0.2302158273381295,0.18862805318391931,1.0653152205845584,0.28673330730154056,1.9881071269825925,0.1682078404002198,98.15321411309812,QQQ,30,close,atr10,eod,long_short,oos_2024M06_2026M09,3.577254387307179,3.9247896514051925
294,0.03551660165499018,0.5732600893688614,0.10630326391651163,0.5816326530612245,0.07161569853423212,1.0623151191937497,0.2880926529239187,3.551660165499018,0.7076287983943536,51.90115998066699,QQQ,30,close,or,1R,long_only,oos_2024M06_2026M09,3.577254387307179,3.9247896514051925
262,-0.008392140511559617,0.6391443969173547,0.0008858844747492015,0.5,0.01839476827768513,-0.2125320378202473,0.8316919860709169,-0.8392140511559617,0.7497153555203933,46.25205413243113,QQQ,30,close,or,1R,short_only,oos_2024M06_2026M09,3.577254387307179,3.9247896514051925
556,0.014825791497371397,0.6050460506445063,0.06371152654661505,0.5431654676258992,0.04653677096729812,0.5777857857167048,0.5634087530839278,1.4825791497371397,0.7274609530113003,98.15321411309812,QQQ,30,close,or,1R,long_short,oos_2024M06_2026M09,3.577254387307179,3.9247896514051925
294,0.029953797054001453,0.6615330029461595,0.05404695247001649,0.5476190476190477,0.05141612468691848,0.7763794522736751,0.4375249732825033,2.995379705400145,0.7076287983943536,51.90115998066699,QQQ,30,close,or,2R,long_only,oos_2024M06_2026M09,3.577254387307179,3.9247896514051925
262,0.004870659527999896,0.7487499543432549,-0.12601046203474656,0.4580152671755725,0.02337694973993349,0.10529351139169178,0.9161429115157063,0.4870659527999896,0.7497153555203933,46.25205413243113,QQQ,30,close,or,2R,short_only,oos_2024M06_2026M09,3.577254387307179,3.9247896514051925
556,0.01813404519822374,0.7034472029151596,0.004847777818164171,0.5053956834532374,0.038203419945713316,0.607855824572338,0.5432831005197132,1.813404519822374,0.7274609530113003,98.15321411309812,QQQ,30,close,or,2R,long_short,oos_2024M06_2026M09,3.577254387307179,3.9247896514051925
294,0.04111129685992119,0.7535126678972555,0.05404695247001649,0.5476190476190477,0.06449285252085762,0.9355010603383197,0.3495301371415085,4.111129685992119,0.7076287983943536,51.90115998066699,QQQ,30,close,or,3R,long_only,oos_2024M06_2026M09,3.577254387307179,3.9247896514051925
262,0.025119538444010645,0.8150549464551438,-0.1482065042196607,0.4541984732824427,0.049752972098211376,0.4988562451215524,0.6178806604718183,2.5119538444010643,0.7497153555203933,46.25205413243113,QQQ,30,close,or,3R,short_only,oos_2024M06_2026M09,3.577254387307179,3.9247896514051925
556,0.033575612138754714,0.7824441540442372,0.004024037973962651,0.5035971223021583,0.05754708153033008,1.0118310093521907,0.31161886058072374,3.3575612138754716,0.7274609530113003,98.15321411309812,QQQ,30,close,or,3R,long_short,oos_2024M06_2026M09,3.577254387307179,3.9247896514051925
294,0.04066937932285017,0.7719915832889757,0.05404695247001649,0.5476190476190477,0.062153815504899804,0.9032929990063489,0.36637041121098357,4.0669379322850165,0.7076287983943536,51.90115998066699,QQQ,30,close,or,eod,long_only,oos_2024M06_2026M09,3.577254387307179,3.9247896514051925
262,0.006864108638009123,0.7723769243128519,-0.1482065042196607,0.45038167938931295,0.027660828908116865,0.14384855508295413,0.8856200601502899,0.6864108638009123,0.7497153555203933,46.25205413243113,QQQ,30,close,or,eod,short_only,oos_2024M06_2026M09,3.577254387307179,3.9247896514051925
556,0.02473955752531715,0.7716620443413909,0.0035217893025053073,0.5017985611510791,0.04589992613735101,0.7559658628053815,0.4496696632628441,2.473955752531715,0.7274609530113003,98.15321411309812,QQQ,30,close,or,eod,long_short,oos_2024M06_2026M09,3.577254387307179,3.9247896514051925
294,0.00031021789239947365,0.2027399547106943,-0.014342133308700773,0.5,-0.0015171867049317007,0.026236213901756913,0.9790689312996135,0.031021789239947365,0.16704274393480228,51.90115998066699,QQQ,30,touch,atr10,1R,long_only,oos_2024M06_2026M09,3.577254387307179,3.9247896514051925
266,-0.00012174178352063077,0.2084388847798562,-0.09158597356065731,0.4774436090225564,-0.006611250991459649,-0.009525806105050775,0.9923996213240562,-0.012174178352063077,0.1689046797540456,46.95819236346061,QQQ,30,touch,atr10,1R,short_only,oos_2024M06_2026M09,3.577254387307179,3.9247896514051925
560,0.00010503704633742109,0.20528239681762978,-0.08957237832226772,0.48928571428571427,-0.003936867241032463,0.012108345497648585,0.9903391741366858,0.010503704633742108,0.16792716344894285,98.8593523441276,QQQ,30,touch,atr10,1R,long_short,oos_2024M06_2026M09,3.577254387307179,3.9247896514051925
294,0.006991909015828687,0.2701237575900577,-0.11807877916029347,0.35374149659863946,0.012561051043754705,0.44381977722655436,0.6571728884571746,0.6991909015828687,0.16704274393480228,51.90115998066699,QQQ,30,touch,atr10,2R,long_only,oos_2024M06_2026M09,3.577254387307179,3.9247896514051925
266,0.0023460834198546407,0.2705123902614256,-0.1253180683633277,0.34962406015037595,0.012366043315075789,0.14144809627818353,0.8875159608473202,0.23460834198546407,0.1689046797540456,46.95819236346061,QQQ,30,touch,atr10,2R,short_only,oos_2024M06_2026M09,3.577254387307179,3.9247896514051925
560,0.004785141857741014,0.27007648885774416,-0.12053768432239897,0.3517857142857143,0.012468422372632215,0.41927797748817064,0.6750129893788066,0.47851418577410143,0.16792716344894285,98.8593523441276,QQQ,30,touch,atr10,2R,long_short,oos_2024M06_2026M09,3.577254387307179,3.9247896514051925
294,-0.01022065608388486,0.29952532261628095,-0.12778492301312946,0.2687074829931973,-0.07166427986331139,-0.5850849075570195,0.5584906264533385,-1.022065608388486,0.16704274393480228,51.90115998066699,QQQ,30,touch,atr10,3R,long_only,oos_2024M06_2026M09,3.577254387307179,3.9247896514051925
266,0.014137265656169752,0.32373316606369185,-0.13422906655628336,0.3007518796992481,0.11881684496072445,0.7122279991565587,0.47632360142402796,1.413726565616975,0.1689046797540456,46.95819236346061,QQQ,30,touch,atr10,3R,short_only,oos_2024M06_2026M09,3.577254387307179,3.9247896514051925
560,0.0013493567426410803,0.3112164125468344,-0.1287137964938027,0.2839285714285714,0.018814254428105633,0.1026025855127639,0.9182783907299581,0.13493567426410802,0.16792716344894285,98.8593523441276,QQQ,30,touch,atr10,3R,long_short,oos_2024M06_2026M09,3.577254387307179,3.9247896514051925
294,-0.011757726748293913,0.3616032087648465,-0.1305635798131655,0.21768707482993196,-0.07924564295667309,-0.5575255213231738,0.5771684269913724,-1.1757726748293913,0.16704274393480228,51.90115998066699,QQQ,30,touch,atr10,eod,long_only,oos_2024M06_2026M09,3.577254387307179,3.9247896514051925
266,0.0128136457353084,0.5128037315117138,-0.1412622436995375,0.18421052631578946,0.21115273332288992,0.40753259906968115,0.6836168563722391,1.2813645735308399,0.1689046797540456,46.95819236346061,QQQ,30,touch,atr10,eod,short_only,oos_2024M06_2026M09,3.577254387307179,3.9247896514051925
560,-8.632481858282011e-05,0.43971553618972103,-0.1393576061840564,0.2017857142857143,0.05869358577611937,-0.004645771840794944,0.996293223709235,-0.00863248185828201,0.16792716344894285,98.8593523441276,QQQ,30,touch,atr10,eod,long_short,oos_2024M06_2026M09,3.577254387307179,3.9247896514051925
294,0.055403202844290005,0.5769523123760275,0.20224214812225938,0.5884353741496599,0.09615138861493476,1.646526097934815,0.09965549151248143,5.540320284429001,0.6228244232979371,51.90115998066699,QQQ,30,touch,or,1R,long_only,oos_2024M06_2026M09,3.577254387307179,3.9247896514051925
266,0.03353441856106014,0.6144085413929039,0.06756945347932744,0.5338345864661654,0.06956622164717394,0.8901728708361699,0.3733730693892656,3.3534418561060138,0.6568760929474339,46.95819236346061,QQQ,30,touch,or,1R,short_only,oos_2024M06_2026M09,3.577254387307179,3.9247896514051925
560,0.04501553030975582,0.5946027250229662,0.16068426456598253,0.5625,0.08352343430524838,1.7915522925379674,0.07320471098554204,4.5015530309755825,0.6389989663814479,98.8593523441276,QQQ,30,touch,or,1R,long_short,oos_2024M06_2026M09,3.577254387307179,3.9247896514051925
294,0.04831717526202853,0.6273608300385107,0.0607648895005303,0.5374149659863946,0.09700844374877694,1.3205589778075821,0.18664845862840762,4.831717526202853,0.6228244232979371,51.90115998066699,QQQ,30,touch,or,2R,long_only,oos_2024M06_2026M09,3.577254387307179,3.9247896514051925
266,0.019512611412783026,0.7141626911725597,-0.11853597668211519,0.45864661654135336,0.053759555288221336,0.44561423502286623,0.6558759261479761,1.9512611412783025,0.6568760929474339,46.95819236346061,QQQ,30,touch,or,2R,short_only,oos_2024M06_2026M09,3.577254387307179,3.9247896514051925
560,0.03463500743363692,0.6695428615098779,0.0008255047961821149,0.5,0.07646522173001302,1.2241395079835158,0.22089960433060574,3.463500743363692,0.6389989663814479,98.8593523441276,QQQ,30,touch,or,2R,long_short,oos_2024M06_2026M09,3.577254387307179,3.9247896514051925
294,0.05355284482287669,0.6874651641074578,0.05521264696159206,0.5340136054421769,0.09430400853457493,1.3356895106468833,0.18165077927877826,5.3552844822876695,0.6228244232979371,51.90115998066699,QQQ,30,touch,or,3R,long_only,oos_2024M06_2026M09,3.577254387307179,3.9247896514051925
266,0.03990275736712889,0.7835324853684679,-0.14721653807967933,0.4473684210526316,0.09035894696055323,0.8305900393649245,0.40620526360467224,3.9902757367128885,0.6568760929474339,46.95819236346061,QQQ,30,touch,or,3R,short_only,oos_2024M06_2026M09,3.577254387307179,3.9247896514051925
560,0.04706905328139648,0.7340308295222784,-0.030317623234070102,0.4928571428571429,0.09243010428691462,1.5174527462773648,0.12915241534264243,4.706905328139648,0.6389989663814479,98.8593523441276,QQQ,30,touch,or,3R,long_short,oos_2024M06_2026M09,3.577254387307179,3.9247896514051925
294,0.06177937517562947,0.8090099743205057,0.05521264696159206,0.5340136054421769,0.09790396976629033,1.309372757174617,0.19040811496275944,6.177937517562946,0.6228244232979371,51.90115998066699,QQQ,30,touch,or,eod,long_only,oos_2024M06_2026M09,3.577254387307179,3.9247896514051925
266,0.039678547278713165,0.7858652896919578,-0.14721653807967933,0.4473684210526316,0.11612183582803691,0.823471313055196,0.41024002404977455,3.9678547278713165,0.6568760929474339,46.95819236346061,QQQ,30,touch,or,eod,short_only,oos_2024M06_2026M09,3.577254387307179,3.9247896514051925
560,0.051281481924594224,0.7974643405879936,-0.030317623234070102,0.4928571428571429,0.10655745614561996,1.5217499919195656,0.12807173610916522,5.128148192459422,0.6389989663814479,98.8593523441276,QQQ,30,touch,or,eod,long_short,oos_2024M06_2026M09,3.577254387307179,3.9247896514051925
298,-0.005091764653554679,0.1389113833662798,-0.06810904904039396,0.4798657718120805,-0.040268456375838924,-0.6327594175992913,0.526890761899838,-0.5091764653554679,0.12387903133072395,52.607298211696474,SPY,5,close,atr10,1R,long_only,oos_2024M06_2026M09,3.577254387307179,3.9247896514051925
265,-0.011495300832165347,0.1303262423904391,-0.07280652544416412,0.46037735849056605,-0.07924528301886792,-1.4358577099491625,0.15104283431561205,-1.1495300832165347,0.11911689118111313,46.78165780570324,SPY,5,close,atr10,1R,short_only,oos_2024M06_2026M09,3.577254387307179,3.9247896514051925
563,-0.008105862499614763,0.13485721756842384,-0.07125314474080707,0.4706927175843694,-0.0586145648312611,-1.4261960688786213,0.15381175406127667,-0.8105862499614763,0.12163752664218598,99.3889560173997,SPY,5,close,atr10,1R,long_short,oos_2024M06_2026M09,3.577254387307179,3.9247896514051925
298,0.0018330253330230966,0.19589977259957453,-0.0868095335427952,0.3422818791946309,0.0202182747907521,0.16152608511676664,0.8716790681496762,0.18330253330230967,0.12387903133072395,52.607298211696474,SPY,5,close,atr10,2R,long_only,oos_2024M06_2026M09,3.577254387307179,3.9247896514051925
265,0.000132624466029886,0.1834620166062725,-0.08879974871396074,0.3433962264150943,0.03018867924528302,0.011767939375633243,0.9906107595707683,0.0132624466029886,0.11911689118111313,46.78165780570324,SPY,5,close,atr10,2R,short_only,oos_2024M06_2026M09,3.577254387307179,3.9247896514051925
563,0.001032659027955246,0.1899807347213007,-0.08742137195097077,0.3428063943161634,0.02491127155887056,0.12897382521475756,0.8973783602728007,0.1032659027955246,0.12163752664218598,99.3889560173997,SPY,5,close,atr10,2R,long_short,oos_2024M06_2026M09,3.577254387307179,3.9247896514051925
298,0.011882350264616436,0.2431499045545341,-0.09267210287953259,0.28859060402684567,0.11731561794610605,0.8435996266293034,0.3988931730046197,1.1882350264616437,0.12387903133072395,52.607298211696474,SPY,5,close,atr10,3R,long_only,oos_2024M06_2026M09,3.577254387307179,3.9247896514051925
265,-0.0018926230675240102,0.22059099239794117,-0.09257017610261394,0.2641509433962264,0.0447001525348419,-0.1396687645191029,0.8889217067583461,-0.18926230675240102,0.11911689118111313,46.78165780570324,SPY,5,close,atr10,3R,short_only,oos_2024M06_2026M09,3.577254387307179,3.9247896514051925
563,0.005398570632259032,0.23270096974367258,-0.09257196174586235,0.27708703374777977,0.08313604719302435,0.5504714408205237,0.5819960600420531,0.5398570632259032,0.12163752664218598,99.3889560173997,SPY,5,close,atr10,3R,long_short,oos_2024M06_2026M09,3.577254387307179,3.9247896514051925
298,-0.006607238558796202,0.2810472743355837,-0.09665588002729833,0.20134228187919462,-0.024201849974666692,-0.40583429275110905,0.6848643598116908,-0.6607238558796201,0.12387903133072395,52.607298211696474,SPY,5,close,atr10,eod,long_only,oos_2024M06_2026M09,3.577254387307179,3.9247896514051925
265,-0.0032386605945208405,0.3316583530826472,-0.09683257238975577,0.17358490566037735,0.10441582265729793,-0.15896350657185013,0.8736976257137277,-0.3238660594520841,0.11911689118111313,46.78165780570324,SPY,5,close,atr10,eod,short_only,oos_2024M06_2026M09,3.577254387307179,3.9247896514051925
563,-0.005021673442396607,0.30564143372307967,-0.09669974533576652,0.1882770870337478,0.036337551885849514,-0.38984362477739787,0.6966521829514472,-0.5021673442396607,0.12163752664218598,99.3889560173997,SPY,5,close,atr10,eod,long_short,oos_2024M06_2026M09,3.577254387307179,3.9247896514051925
298,-0.0007730847248434593,0.27948372803026905,0.08507577325834982,0.5100671140939598,0.01857028254761658,-0.047750585006796936,0.9619150190475534,-0.07730847248434593,0.24720628101811393,52.607298211696474,SPY,5,close,or,1R,long_only,oos_2024M06_2026M09,3.577254387307179,3.9247896514051925
265,-0.006255147003039261,0.28780372792075526,0.04688904229131298,0.5056603773584906,-0.002346402804725226,-0.3538050622219322,0.7234849794733653,-0.6255147003039261,0.25708079051742,46.78165780570324,SPY,5,close,or,1R,short_only,oos_2024M06_2026M09,3.577254387307179,3.9247896514051925
563,-0.003353451516534199,0.2831904169566674,0.0823020758298204,0.5079928952042628,0.00872495107626564,-0.2809749976713287,0.7787295766204096,-0.3353451516534199,0.25185414072915496,99.3889560173997,SPY,5,close,or,1R,long_short,oos_2024M06_2026M09,3.577254387307179,3.9247896514051925
298,-0.009194023652961267,0.3435504829098125,-0.14302683397230384,0.37919463087248323,0.013538344803306717,-0.4619800115696206,0.6440956545998695,-0.9194023652961267,0.24720628101811393,52.607298211696474,SPY,5,close,or,2R,long_only,oos_2024M06_2026M09,3.577254387307179,3.9247896514051925
265,0.008025326735620585,0.38439876301786596,-0.13921898805228558,0.38113207547169814,0.0825400762048668,0.33986283704086223,0.7339598242389189,0.8025326735620585,0.25708079051742,46.78165780570324,SPY,5,close,or,2R,short_only,oos_2024M06_2026M09,3.577254387307179,3.9247896514051925
563,-0.0010890008235222084,0.3631242086983246,-0.140792925586756,0.38010657193605685,0.046016957274733754,-0.07115856841494818,0.943271555403395,-0.10890008235222084,0.25185414072915496,99.3889560173997,SPY,5,close,or,2R,long_short,oos_2024M06_2026M09,3.577254387307179,3.9247896514051925
298,-0.02212353022870783,0.3548682243971627,-0.14899384829132734,0.3422818791946309,-0.02389364916097153,-1.0762060932929076,0.28183509524790384,-2.212353022870783,0.24720628101811393,52.607298211696474,SPY,5,close,or,3R,long_only,oos_2024M06_2026M09,3.577254387307179,3.9247896514051925
265,0.01506825144083577,0.43930489394555183,-0.14718250630780735,0.3433962264150943,0.1436448442160943,0.5583670140781278,0.5765937925915785,1.506825144083577,0.25708079051742,46.78165780570324,SPY,5,close,or,3R,short_only,oos_2024M06_2026M09,3.577254387307179,3.9247896514051925
563,-0.00461762944286581,0.39692928028926533,-0.14887231351732422,0.3428063943161634,0.05496549958667047,-0.27603244946410027,0.7825231430081907,-0.461762944286581,0.25185414072915496,99.3889560173997,SPY,5,close,or,3R,long_short,oos_2024M06_2026M09,3.577254387307179,3.9247896514051925
298,-0.024341836093624745,0.36862704617705283,-0.14899384829132734,0.3288590604026846,-0.0443429713256477,-1.1399197272632275,0.2543197455285977,-2.4341836093624747,0.24720628101811393,52.607298211696474,SPY,5,close,or,eod,long_only,oos_2024M06_2026M09,3.577254387307179,3.9247896514051925
265,0.018031578217370135,0.5032321810343996,-0.15023571465575378,0.32452830188679244,0.16188382896340958,0.5832950235053482,0.5596947120568998,1.8031578217370134,0.25708079051742,46.78165780570324,SPY,5,close,or,eod,short_only,oos_2024M06_2026M09,3.577254387307179,3.9247896514051925
563,-0.004396978558254155,0.437287854216209,-0.1492916155147819,0.3268206039076377,0.05272648174113771,-0.23858389828383192,0.8114282519194478,-0.4396978558254155,0.25185414072915496,99.3889560173997,SPY,5,close,or,eod,long_short,oos_2024M06_2026M09,3.577254387307179,3.9247896514051925
291,-0.002911761314423808,0.14516458119141998,-0.07156702724203803,0.47766323024054985,-0.042115460050405444,-0.3421697407418526,0.7322231557211634,-0.2911761314423808,0.12162717753361552,51.371556307394876,SPY,5,touch,atr10,1R,long_only,oos_2024M06_2026M09,3.577254387307179,3.9247896514051925
272,0.0005713736963348758,0.14914774008806722,-0.06138962746297288,0.49264705882352944,-0.0018264277113637683,0.06318122152698351,0.9496221979507276,0.05713736963348758,0.12166362326570604,48.01739971000483,SPY,5,touch,atr10,1R,short_only,oos_2024M06_2026M09,3.577254387307179,3.9247896514051925
563,-0.0012289678456380857,0.14698156921453495,-0.06674416349125693,0.4849023090586146,-0.022650776575770738,-0.19839550946310266,0.8427356305480751,-0.12289678456380856,0.12164478541839106,99.3889560173997,SPY,5,touch,atr10,1R,long_short,oos_2024M06_2026M09,3.577254387307179,3.9247896514051925
291,0.0033478241175638134,0.19607392260897363,-0.08870236363292407,0.3470790378006873,0.01845787637520488,0.2912656641546282,0.7708481455756904,0.33478241175638135,0.12162717753361552,51.371556307394876,SPY,5,touch,atr10,2R,long_only,oos_2024M06_2026M09,3.577254387307179,3.9247896514051925
272,0.00922373084281216,0.20182747770256224,-0.08493670090990897,0.3713235294117647,0.08836016814744531,0.7537212863201558,0.45101659740151323,0.922373084281216,0.12166362326570604,48.01739971000483,SPY,5,touch,atr10,2R,short_only,oos_2024M06_2026M09,3.577254387307179,3.9247896514051925
563,0.006186628077186459,0.1987187732848609,-0.08733929990277768,0.35879218472468916,0.052229498687903636,0.7387020565594785,0.46008793671009496,0.6186628077186459,0.12164478541839106,99.3889560173997,SPY,5,touch,atr10,2R,long_short,oos_2024M06_2026M09,3.577254387307179,3.9247896514051925
291,0.004498726312013569,0.24096562223013407,-0.09417965230443837,0.2646048109965636,0.01722925043801419,0.31847913113861787,0.7501215221520778,0.4498726312013569,0.12162717753361552,51.371556307394876,SPY,5,touch,atr10,3R,long_only,oos_2024M06_2026M09,3.577254387307179,3.9247896514051925
272,0.015651572197965282,0.2482045966594069,-0.09178838655428788,0.3014705882352941,0.1653173618105863,1.0399982312615377,0.29834072240801257,1.5651572197965282,0.12166362326570604,48.01739971000483,SPY,5,touch,atr10,3R,short_only,oos_2024M06_2026M09,3.577254387307179,3.9247896514051925
563,0.0098869573617096,0.24433535677588117,-0.09337479892136445,0.2824156305506217,0.08877448364110409,0.9601311106483842,0.33698923258097935,0.98869573617096,0.12164478541839106,99.3889560173997,SPY,5,touch,atr10,3R,long_short,oos_2024M06_2026M09,3.577254387307179,3.9247896514051925
291,-0.005238659496378846,0.28847450077008446,-0.09717819466818375,0.18556701030927836,0.0016022602934301757,-0.3097841796590544,0.7567250830080539,-0.5238659496378846,0.12162717753361552,51.371556307394876,SPY,5,touch,atr10,eod,long_only,oos_2024M06_2026M09,3.577254387307179,3.9247896514051925
272,0.008404801370403241,0.3529521945532939,-0.09938972388095095,0.1801470588235294,0.20953827744570816,0.3927317562806775,0.6945176132550666,0.8404801370403241,0.12166362326570604,48.01739971000483,SPY,5,touch,atr10,eod,short_only,oos_2024M06_2026M09,3.577254387307179,3.9247896514051925
563,0.0013528526808231553,0.32102801129721065,-0.09787676815067123,0.18294849023090587,0.10206157941495703,0.09999119889133593,0.9203513126940264,0.13528526808231553,0.12164478541839106,99.3889560173997,SPY,5,touch,atr10,eod,long_short,oos_2024M06_2026M09,3.577254387307179,3.9247896514051925
291,0.0055562925227577485,0.21492157912690507,-0.07608971339542606,0.4879725085910653,-0.029092528948071468,0.44101318484804697,0.6592034518395489,0.5556292522757749,0.19138059028811893,51.371556307394876,SPY,5,touch,or,1R,long_only,oos_2024M06_2026M09,3.577254387307179,3.9247896514051925
272,0.005376777463020462,0.21849056860561056,-0.048077562503666134,0.4963235294117647,-0.008066990904301675,0.40585772735097636,0.6848471398941143,0.5376777463020462,0.19358032487735125,48.01739971000483,SPY,5,touch,or,1R,short_only,oos_2024M06_2026M09,3.577254387307179,3.9247896514051925
563,0.005469564110238138,0.21646015829903728,-0.07113387395079153,0.4920071047957371,-0.018934542539713765,0.5995548809371061,0.5488029243530912,0.5469564110238138,0.19244333950352072,99.3889560173997,SPY,5,touch,or,1R,long_short,oos_2024M06_2026M09,3.577254387307179,3.9247896514051925
291,0.002617179781926466,0.30326201387260565,-0.11888678735476325,0.3333333333333333,-0.03372757756785345,0.1472183806988063,0.882959652970811,0.26171797819264664,0.19138059028811893,51.371556307394876,SPY,5,touch,or,2R,long_only,oos_2024M06_2026M09,3.577254387307179,3.9247896514051925
272,0.005675063154524807,0.30761663034779657,-0.12365116840989436,0.35294117647058826,0.03743830605113462,0.3042603358823815,0.7609295608775946,0.5675063154524808,0.19358032487735125,48.01739971000483,SPY,5,touch,or,2R,short_only,oos_2024M06_2026M09,3.577254387307179,3.9247896514051925
563,0.004094523080943785,0.30510536207448774,-0.12223136588866879,0.3428063943161634,0.0006545189585493055,0.318425383693034,0.7501622861329191,0.4094523080943785,0.19244333950352072,99.3889560173997,SPY,5,touch,or,2R,long_short,oos_2024M06_2026M09,3.577254387307179,3.9247896514051925
291,-0.0011383029651693443,0.3367867213007779,-0.12707071020128877,0.28865979381443296,-0.01037129568347336,-0.05765664953754743,0.9540221248757481,-0.11383029651693442,0.19138059028811893,51.371556307394876,SPY,5,touch,or,3R,long_only,oos_2024M06_2026M09,3.577254387307179,3.9247896514051925
272,0.014049004277234347,0.36828676379310005,-0.1316650371863043,0.29411764705882354,0.08302316278350012,0.6291350574014495,0.5292606408672491,1.4049004277234347,0.19358032487735125,48.01739971000483,SPY,5,touch,or,3R,short_only,oos_2024M06_2026M09,3.577254387307179,3.9247896514051925
563,0.006199081706116274,0.3521234173800212,-0.1277815300925379,0.2912966252220249,0.0347500057428442,0.4177213278931768,0.6761508767961837,0.6199081706116274,0.19244333950352072,99.3889560173997,SPY,5,touch,or,3R,long_short,oos_2024M06_2026M09,3.577254387307179,3.9247896514051925
291,-0.009626197031295337,0.34096511006540714,-0.12942429137906464,0.2611683848797251,-0.028495441676024528,-0.48160534693441387,0.6300863271032779,-0.9626197031295337,0.19138059028811893,51.371556307394876,SPY,5,touch,or,eod,long_only,oos_2024M06_2026M09,3.577254387307179,3.9247896514051925
272,0.010737722486846167,0.4514299798534221,-0.13869981299081913,0.2426470588235294,0.08932154254490896,0.39228908993781864,0.6948446239034394,1.0737722486846168,0.19358032487735125,48.01739971000483,SPY,5,touch,or,eod,short_only,oos_2024M06_2026M09,3.577254387307179,3.9247896514051925
563,0.0002121441923893659,0.3979478432273176,-0.13407188000919495,0.2522202486678508,0.028425019617215098,0.012649087280019473,0.9899077576772102,0.02121441923893659,0.19244333950352072,99.3889560173997,SPY,5,touch,or,eod,long_short,oos_2024M06_2026M09,3.577254387307179,3.9247896514051925
290,0.012613255605068551,0.13290612177034794,0.0759105147455293,0.5517241379310345,0.10260329858181129,1.616148302047749,0.10606225310804862,1.2613255605068552,0.12048917459697057,51.195021749637505,SPY,15,close,atr10,1R,long_only,oos_2024M06_2026M09,3.577254387307179,3.9247896514051925
272,-0.0019747661899284044,0.1374180075994708,-0.06505454101673219,0.4963235294117647,-0.007352941176470588,-0.23700444298989282,0.812653343440686,-0.19747661899284044,0.12281936312325487,48.01739971000483,SPY,15,close,atr10,1R,short_only,oos_2024M06_2026M09,3.577254387307179,3.9247896514051925
562,0.005552860714963263,0.13518496622027393,0.06943025170867079,0.5249110320284698,0.049386043752180205,0.9737703369944944,0.3301705844999885,0.5552860714963263,0.12161695267374874,99.21242145964234,SPY,15,close,atr10,1R,long_short,oos_2024M06_2026M09,3.577254387307179,3.9247896514051925
290,0.020241209356323904,0.1969127892996777,-0.08323410957112767,0.3896551724137931,0.16131035336679106,1.7504976485699926,0.08003247954378079,2.0241209356323906,0.12048917459697057,51.195021749637505,SPY,15,close,atr10,2R,long_only,oos_2024M06_2026M09,3.577254387307179,3.9247896514051925
272,0.0126672693427293,0.2004526743644991,-0.08623356379001193,0.3713235294117647,0.10751942744125621,1.0422108790277365,0.2973139203238777,1.26672693427293,0.12281936312325487,48.01739971000483,SPY,15,close,atr10,2R,short_only,oos_2024M06_2026M09,3.577254387307179,3.9247896514051925
562,0.016575530203836838,0.19849275974320868,-0.08481217748284589,0.3807829181494662,0.13527631092596282,1.9796614080651704,0.04774158775593884,1.6575530203836837,0.12161695267374874,99.21242145964234,SPY,15,close,atr10,2R,long_short,oos_2024M06_2026M09,3.577254387307179,3.9247896514051925
290,0.02946494832142538,0.2429026368606968,-0.09019238081859615,0.3310344827586207,0.2546099880205794,2.0657247517052255,0.038854476779545344,2.946494832142538,0.12048917459697057,51.195021749637505,SPY,15,close,atr10,3R,long_only,oos_2024M06_2026M09,3.577254387307179,3.9247896514051925
272,0.015618382479821296,0.23108002576009143,-0.0908210622046112,0.30514705882352944,0.18341151722758534,1.114700250768641,0.26497889353279547,1.5618382479821296,0.12281936312325487,48.01739971000483,SPY,15,close,atr10,3R,short_only,oos_2024M06_2026M09,3.577254387307179,3.9247896514051925
562,0.022763407558229094,0.23714452102974803,-0.0902811447970708,0.3185053380782918,0.22015094165813384,2.2755811977338647,0.022871087744132268,2.2763407558229094,0.12161695267374874,99.21242145964234,SPY,15,close,atr10,3R,long_short,oos_2024M06_2026M09,3.577254387307179,3.9247896514051925
290,0.009099101683825337,0.30480145816510384,-0.0942992093392486,0.23448275862068965,0.06282116319830106,0.5083706590169238,0.6111934255171265,0.9099101683825337,0.12048917459697057,51.195021749637505,SPY,15,close,atr10,eod,long_only,oos_2024M06_2026M09,3.577254387307179,3.9247896514051925
272,0.023173143608406138,0.36362316784650134,-0.09530083711782089,0.20220588235294118,0.2995765143893525,1.051036646987229,0.29324175887772297,2.317314360840614,0.12281936312325487,48.01739971000483,SPY,15,close,atr10,eod,short_only,oos_2024M06_2026M09,3.577254387307179,3.9247896514051925
562,0.01591073763308865,0.33433667260865313,-0.09487010689563698,0.2188612099644128,0.1774073829918349,1.1281697642512907,0.25924823054962953,1.591073763308865,0.12161695267374874,99.21242145964234,SPY,15,close,atr10,eod,long_short,oos_2024M06_2026M09,3.577254387307179,3.9247896514051925
290,0.029583939603131697,0.3717896850903565,0.12972734783805612,0.5517241379310345,0.07726294861781464,1.3550573292680859,0.17539929235908414,2.95839396031317,0.345130997087992,51.195021749637505,SPY,15,close,or,1R,long_only,oos_2024M06_2026M09,3.577254387307179,3.9247896514051925
272,0.016312742878422725,0.39130106531485404,0.0898674564792645,0.5147058823529411,0.04348991269636599,0.6875438672998263,0.4917400671002006,1.6312742878422726,0.3643688552796566,48.01739971000483,SPY,15,close,or,1R,short_only,oos_2024M06_2026M09,3.577254387307179,3.9247896514051925
562,0.02316086930220494,0.38107425266383005,0.1224373477193278,0.5338078291814946,0.06091727998679324,1.4408322046681927,0.14963209282966283,2.316086930220494,0.3544418466042425,99.21242145964234,SPY,15,close,or,1R,long_short,oos_2024M06_2026M09,3.577254387307179,3.9247896514051925
290,0.02077686219233698,0.4740406965946326,-0.12528640775569372,0.4586206896551724,0.05722544767512006,0.7463857349941319,0.45543443393723004,2.077686219233698,0.345130997087992,51.195021749637505,SPY,15,close,or,2R,long_only,oos_2024M06_2026M09,3.577254387307179,3.9247896514051925
272,0.030355583508459297,0.5067590411127221,-0.12999821625512803,0.40808823529411764,0.09183521481574297,0.987919440827856,0.3231921034986154,3.0355583508459296,0.3643688552796566,48.01739971000483,SPY,15,close,or,2R,short_only,oos_2024M06_2026M09,3.577254387307179,3.9247896514051925
562,0.025412826957435335,0.48973322579372625,-0.12873476387542163,0.43416370106761565,0.07397608230545712,1.2301599039395548,0.21863723137786506,2.5412826957435337,0.3544418466042425,99.21242145964234,SPY,15,close,or,2R,long_short,oos_2024M06_2026M09,3.577254387307179,3.9247896514051925
290,0.013549828580400896,0.439094702299979,-0.12810009173709164,0.45517241379310347,0.05581137915594408,0.5255022774792651,0.5992340704932242,1.3549828580400896,0.345130997087992,51.195021749637505,SPY,15,close,or,3R,long_only,oos_2024M06_2026M09,3.577254387307179,3.9247896514051925
272,0.04640930786241332,0.5705951226212198,-0.1379437877426551,0.3897058823529412,0.12094404627189725,1.3414098420575749,0.17978742385938928,4.640930786241332,0.3643688552796566,48.01739971000483,SPY,15,close,or,3R,short_only,oos_2024M06_2026M09,3.577254387307179,3.9247896514051925
562,0.029453348802300147,0.5068229716740561,-0.13197036028347936,0.4234875444839858,0.0873346628846616,1.3776742698228086,0.16830387890490117,2.9453348802300146,0.3544418466042425,99.21242145964234,SPY,15,close,or,3R,long_short,oos_2024M06_2026M09,3.577254387307179,3.9247896514051925
290,0.007651916254397933,0.43108266289996056,-0.13034346198856833,0.4517241379310345,0.03253852386855006,0.3022794687665151,0.762439028269807,0.7651916254397934,0.345130997087992,51.195021749637505,SPY,15,close,or,eod,long_only,oos_2024M06_2026M09,3.577254387307179,3.9247896514051925
272,0.03161243311870319,0.544759449685396,-0.14545688814127372,0.3860294117647059,0.10305749723946254,0.9570565570286893,0.33853870929902596,3.1612433118703187,0.3643688552796566,48.01739971000483,SPY,15,close,or,eod,short_only,oos_2024M06_2026M09,3.577254387307179,3.9247896514051925
562,0.019248465341748525,0.48911291070709023,-0.134107275707396,0.4199288256227758,0.06666870315126927,0.9329430645428036,0.3508493658330005,1.9248465341748524,0.3544418466042425,99.21242145964234,SPY,15,close,or,eod,long_short,oos_2024M06_2026M09,3.577254387307179,3.9247896514051925
296,0.001266069817758037,0.14736501616581935,0.0034182319407605015,0.5,-0.012803868199197571,0.14781180318787446,0.8824912940683411,0.1266069817758037,0.12374014271992993,52.25422909618173,SPY,15,touch,atr10,1R,long_only,oos_2024M06_2026M09,3.577254387307179,3.9247896514051925
267,-0.004596736149882316,0.14486409367607986,-0.07280363229488684,0.4794007490636704,-0.042001464692789627,-0.5184948573528662,0.6041130472278708,-0.4596736149882316,0.11929649652163081,47.134726921217975,SPY,15,touch,atr10,1R,short_only,oos_2024M06_2026M09,3.577254387307179,3.9247896514051925
563,-0.001514337275243695,0.1460838029639797,-0.06797690421115406,0.49023090586145646,-0.026650685719249223,-0.24596581043030852,0.8057086988875142,-0.15143372752436948,0.12163276521558558,99.3889560173997,SPY,15,touch,atr10,1R,long_short,oos_2024M06_2026M09,3.577254387307179,3.9247896514051925
296,0.0040721594059325355,0.2016726314610331,-0.08744066166455175,0.3547297297297297,0.03027342596651209,0.3473950778080386,0.7282945307046318,0.40721594059325356,0.12374014271992993,52.25422909618173,SPY,15,touch,atr10,2R,long_only,oos_2024M06_2026M09,3.577254387307179,3.9247896514051925
267,0.0004962539942578894,0.19088746738757328,-0.09172180267480662,0.35580524344569286,0.011631834970190621,0.04247977717959808,0.9661162326691399,0.049625399425788946,0.11929649652163081,47.134726921217975,SPY,15,touch,atr10,2R,short_only,oos_2024M06_2026M09,3.577254387307179,3.9247896514051925
563,0.0023763037311241323,0.19646568228935707,-0.08935443054487406,0.3552397868561279,0.02143274249223531,0.2869917725076259,0.7741186199628811,0.23763037311241322,0.12163276521558558,99.3889560173997,SPY,15,touch,atr10,2R,long_short,oos_2024M06_2026M09,3.577254387307179,3.9247896514051925
296,0.012641320286251704,0.24778146577080304,-0.09263687778641205,0.2939189189189189,0.10847486579976741,0.8777472404476779,0.38008090177987675,1.2641320286251705,0.12374014271992993,52.25422909618173,SPY,15,touch,atr10,3R,long_only,oos_2024M06_2026M09,3.577254387307179,3.9247896514051925
267,0.012337424689935853,0.2339993201251317,-0.09319933786657227,0.30711610486891383,0.14178141622244103,0.8615203685911406,0.3889515078388728,1.2337424689935852,0.11929649652163081,47.134726921217975,SPY,15,touch,atr10,3R,short_only,oos_2024M06_2026M09,3.577254387307179,3.9247896514051925
563,0.012497199284091253,0.24112998550032486,-0.09271195444744941,0.30017761989342806,0.12427033465030712,1.2297467193954885,0.2187919658256665,1.2497199284091254,0.12163276521558558,99.3889560173997,SPY,15,touch,atr10,3R,long_short,oos_2024M06_2026M09,3.577254387307179,3.9247896514051925
296,-0.003580622032359511,0.3321168105889316,-0.09874614203872184,0.19594594594594594,-0.06688874948112056,-0.18548699974612043,0.852847076042536,-0.35806220323595106,0.12374014271992993,52.25422909618173,SPY,15,touch,atr10,eod,long_only,oos_2024M06_2026M09,3.577254387307179,3.9247896514051925
267,0.006663054586888826,0.3561349207382713,-0.10107291128266592,0.1797752808988764,0.10546108316570098,0.30571337634304646,0.7598228877782991,0.6663054586888826,0.11929649652163081,47.134726921217975,SPY,15,touch,atr10,eod,short_only,oos_2024M06_2026M09,3.577254387307179,3.9247896514051925
563,0.0012773915685983985,0.3434466001849998,-0.100355211089518,0.1882770870337478,0.014847316800764605,0.08825087520797559,0.9296772824491373,0.12773915685983986,0.12163276521558558,99.3889560173997,SPY,15,touch,atr10,eod,long_short,oos_2024M06_2026M09,3.577254387307179,3.9247896514051925
296,0.0011489587825105028,0.3383348357888935,0.09503465647068546,0.5135135135135135,0.019910675399416964,0.05842565482525513,0.9534095800769191,0.11489587825105028,0.2920249788331851,52.25422909618173,SPY,15,touch,or,1R,long_only,oos_2024M06_2026M09,3.577254387307179,3.9247896514051925
267,0.004387508980074311,0.32953719342049437,0.10627484792725374,0.5168539325842697,0.023730991208705362,0.21755507084744471,0.8277757942024759,0.43875089800743106,0.2979626997462718,47.134726921217975,SPY,15,touch,or,1R,short_only,oos_2024M06_2026M09,3.577254387307179,3.9247896514051925
563,0.002684825394854263,0.3338987448985238,0.09505129752564809,0.5150976909413855,0.02172244151145959,0.19078993404035063,0.8486901752969573,0.26848253948542633,0.2948409139731392,99.3889560173997,SPY,15,touch,or,1R,long_short,oos_2024M06_2026M09,3.577254387307179,3.9247896514051925
296,0.005336129316011864,0.42267131196486407,-0.12900189241092758,0.4155405405405405,0.060879203828798995,0.21720480545484283,0.8280487398700362,0.5336129316011864,0.2920249788331851,52.25422909618173,SPY,15,touch,or,2R,long_only,oos_2024M06_2026M09,3.577254387307179,3.9247896514051925
267,0.031241426259933452,0.4549121297062828,-0.1440370798049781,0.41198501872659177,0.14238701318745986,1.1221708062864033,0.26178982276841634,3.124142625993345,0.2979626997462718,47.134726921217975,SPY,15,touch,or,2R,short_only,oos_2024M06_2026M09,3.577254387307179,3.9247896514051925
563,0.017621589856024415,0.43805547936139294,-0.14073734128804635,0.413854351687389,0.09953388428841259,0.9544873328709487,0.3398370182196593,1.7621589856024416,0.2948409139731392,99.3889560173997,SPY,15,touch,or,2R,long_short,oos_2024M06_2026M09,3.577254387307179,3.9247896514051925
296,-0.001230872550921139,0.4752054041032948,-0.14677149777231557,0.38513513513513514,0.02945223664675065,-0.04456332337077777,0.9644553773107893,-0.1230872550921139,0.2920249788331851,52.25422909618173,SPY,15,touch,or,3R,long_only,oos_2024M06_2026M09,3.577254387307179,3.9247896514051925
267,0.026539599201403977,0.5071056502687449,-0.15654406979402782,0.36704119850187267,0.10190811597226283,0.8551681961529078,0.3924580402141533,2.6539599201403976,0.2979626997462718,47.134726921217975,SPY,15,touch,or,3R,short_only,oos_2024M06_2026M09,3.577254387307179,3.9247896514051925
563,0.011939138031442635,0.4903494715730567,-0.149099878511221,0.3765541740674956,0.06381408350272182,0.5777253961153852,0.5634495303536848,1.1939138031442635,0.2948409139731392,99.3889560173997,SPY,15,touch,or,3R,long_short,oos_2024M06_2026M09,3.577254387307179,3.9247896514051925
296,-0.011026329330834875,0.4362444054746677,-0.1471711852054069,0.375,-0.008782507693119796,-0.43485747995859186,0.6636658796487187,-1.1026329330834874,0.2920249788331851,52.25422909618173,SPY,15,touch,or,eod,long_only,oos_2024M06_2026M09,3.577254387307179,3.9247896514051925
267,0.015687585405831546,0.508152481935539,-0.15777981651376857,0.352059925093633,0.0853929433219309,0.5044494847408907,0.6139455516706931,1.5687585405831546,0.2979626997462718,47.134726921217975,SPY,15,touch,or,eod,short_only,oos_2024M06_2026M09,3.577254387307179,3.9247896514051925
563,0.0016426142476552478,0.4714776220027896,-0.15322766665569307,0.3641207815275311,0.035879739946344746,0.08266633782143143,0.9341168517540748,0.16426142476552477,0.2948409139731392,99.3889560173997,SPY,15,touch,or,eod,long_short,oos_2024M06_2026M09,3.577254387307179,3.9247896514051925
305,0.006609726364713585,0.13046964145958823,0.0718331898744476,0.5245901639344263,0.04918032786885246,0.8847568450647659,0.3762877893437384,0.6609726364713585,0.11980861453439241,53.843040115998065,SPY,30,close,atr10,1R,long_only,oos_2024M06_2026M09,3.577254387307179,3.9247896514051925
255,0.014179325703720895,0.13816719349902015,0.0721684202613487,0.5529411764705883,0.10426603963721857,1.6387802924215593,0.10125902497101458,1.4179325703720895,0.12361288891909776,45.01631222812953,SPY,30,close,atr10,1R,short_only,oos_2024M06_2026M09,3.577254387307179,3.9247896514051925
560,0.010056597492297273,0.13396158256746496,0.07202592908606943,0.5375,0.07426400019194775,1.7764983652977477,0.07565081111852745,1.0056597492297272,0.12154091804885646,98.8593523441276,SPY,30,close,atr10,1R,long_short,oos_2024M06_2026M09,3.577254387307179,3.9247896514051925
305,0.009525750206728632,0.19100047053522554,-0.0859940614205305,0.3475409836065574,0.03358911293922326,0.870993013412154,0.3837579678722436,0.9525750206728631,0.11980861453439241,53.843040115998065,SPY,30,close,atr10,2R,long_only,oos_2024M06_2026M09,3.577254387307179,3.9247896514051925
255,0.03267962608443949,0.20760609460244592,-0.07844926992772457,0.4117647058823529,0.2233509166728803,2.5136631021335956,0.011948451378925196,3.2679626084439493,0.12361288891909776,45.01631222812953,SPY,30,close,atr10,2R,short_only,oos_2024M06_2026M09,3.577254387307179,3.9247896514051925
560,0.02006903297247197,0.19888872114971998,-0.08411434401251194,0.3767857142857143,0.11999850571079922,2.3878679403931233,0.016946429953891062,2.006903297247197,0.12154091804885646,98.8593523441276,SPY,30,close,atr10,2R,long_short,oos_2024M06_2026M09,3.577254387307179,3.9247896514051925
305,0.014599591019223429,0.23329564960591442,-0.09121227087519933,0.29508196721311475,0.079383211589944,1.0929089168977926,0.2744337928195999,1.4599591019223428,0.11980861453439241,53.843040115998065,SPY,30,close,atr10,3R,long_only,oos_2024M06_2026M09,3.577254387307179,3.9247896514051925
255,0.032264278533295554,0.2428306298363988,-0.08738911233078259,0.3333333333333333,0.274307357653896,2.121722501070932,0.03386104794294287,3.2264278533295556,0.12361288891909776,45.01631222812953,SPY,30,close,atr10,3R,short_only,oos_2024M06_2026M09,3.577254387307179,3.9247896514051925
560,0.022643332655095556,0.2376338660094169,-0.09012603324363808,0.3125,0.1681433138154936,2.2548934592934096,0.024140016973039247,2.264333265509556,0.12154091804885646,98.8593523441276,SPY,30,close,atr10,3R,long_short,oos_2024M06_2026M09,3.577254387307179,3.9247896514051925
305,0.013081300230294747,0.2693570947018236,-0.09191769003249621,0.25573770491803277,0.10464166316551368,0.8481495068468611,0.39635471346282736,1.3081300230294748,0.11980861453439241,53.843040115998065,SPY,30,close,atr10,eod,long_only,oos_2024M06_2026M09,3.577254387307179,3.9247896514051925
255,0.051926000949381,0.38155646623470446,-0.09190644856812294,0.2549019607843137,0.5214166407668779,2.1731822502831695,0.029766603149639748,5.1926000949381,0.12361288891909776,45.01631222812953,SPY,30,close,atr10,eod,short_only,oos_2024M06_2026M09,3.577254387307179,3.9247896514051925
560,0.03076951216487867,0.3255501064812903,-0.09191206930030957,0.25535714285714284,0.2944231261804206,2.2366435793494435,0.02530964425906479,3.076951216487867,0.12154091804885646,98.8593523441276,SPY,30,close,atr10,eod,long_short,oos_2024M06_2026M09,3.577254387307179,3.9247896514051925
305,0.008943442759489073,0.3945305156282258,0.054753948694245,0.5245901639344263,0.016381261029478057,0.39588956199825365,0.692186501640194,0.8943442759489073,0.4497741362019398,53.843040115998065,SPY,30,close,or,1R,long_only,oos_2024M06_2026M09,3.577254387307179,3.9247896514051925
255,0.016958488044316097,0.47154543035844715,0.04688904229131298,0.5176470588235295,0.07261059784977904,0.5742932069271797,0.5657694052646369,1.6958488044316096,0.474832257857058,45.01631222812953,SPY,30,close,or,1R,short_only,oos_2024M06_2026M09,3.577254387307179,3.9247896514051925
560,0.012593150880258516,0.4309286707405162,0.053845071467389524,0.5214285714285715,0.04198569118872225,0.6915491160074795,0.4892205259730078,1.2593150880258517,0.461184530884181,98.8593523441276,SPY,30,close,or,1R,long_short,oos_2024M06_2026M09,3.577254387307179,3.9247896514051925
305,0.004900592195969734,0.42945342078120463,-0.022605781761117934,0.4852459016393443,0.019946480898329053,0.1992885821365937,0.8420370101749748,0.4900592195969734,0.4497741362019398,53.843040115998065,SPY,30,close,or,2R,long_only,oos_2024M06_2026M09,3.577254387307179,3.9247896514051925
255,0.03429871567150134,0.5780410892523614,-0.08356235608706186,0.4392156862745098,0.09933694084009392,0.9475218583934721,0.34337292333909675,3.4298715671501343,0.474832257857058,45.01631222812953,SPY,30,close,or,2R,short_only,oos_2024M06_2026M09,3.577254387307179,3.9247896514051925
560,0.018287237707149302,0.5023312820412946,-0.055079698157200915,0.4642857142857143,0.05609749390752557,0.8614932906297419,0.3889664148523164,1.8287237707149302,0.461184530884181,98.8593523441276,SPY,30,close,or,2R,long_short,oos_2024M06_2026M09,3.577254387307179,3.9247896514051925
305,0.004175012269822295,0.43024665651858607,-0.022605781761117934,0.4852459016393443,0.024326248848523656,0.16946896291749938,0.8654277832384321,0.4175012269822295,0.4497741362019398,53.843040115998065,SPY,30,close,or,3R,long_only,oos_2024M06_2026M09,3.577254387307179,3.9247896514051925
255,0.04534965738056222,0.6205397684978371,-0.08356235608706186,0.43529411764705883,0.13360683113286967,1.1670097411766407,0.24320643568547107,4.534965738056222,0.474832257857058,45.01631222812953,SPY,30,close,or,3R,short_only,oos_2024M06_2026M09,3.577254387307179,3.9247896514051925
560,0.022924181025605655,0.5254136132476309,-0.05677352253806206,0.4625,0.07408794256728835,1.0324915875050404,0.30184188655685307,2.2924181025605654,0.461184530884181,98.8593523441276,SPY,30,close,or,3R,long_short,oos_2024M06_2026M09,3.577254387307179,3.9247896514051925
305,0.002658870078906765,0.42372404156615934,-0.022605781761117934,0.4852459016393443,0.02549266803743411,0.1095882345210028,0.9127359419458758,0.2658870078906765,0.4497741362019398,53.843040115998065,SPY,30,close,or,eod,long_only,oos_2024M06_2026M09,3.577254387307179,3.9247896514051925
255,0.02002894788288404,0.5693762695630503,-0.08356235608706186,0.43529411764705883,0.07749612729937605,0.5617316108353625,0.574298893602808,2.002894788288404,0.474832257857058,45.01631222812953,SPY,30,close,or,eod,short_only,oos_2024M06_2026M09,3.577254387307179,3.9247896514051925
560,0.010568459078932129,0.49499603856039887,-0.05677352253806206,0.4625,0.04917281466563981,0.5052472522990252,0.6133851857699839,1.0568459078932129,0.461184530884181,98.8593523441276,SPY,30,close,or,eod,long_short,oos_2024M06_2026M09,3.577254387307179,3.9247896514051925
313,0.012611844090742732,0.14122353931418058,0.07551138252859935,0.5431309904153354,0.09994948855114308,1.5799511908751436,0.11411804466470565,1.2611844090742732,0.1206208761000954,55.255316578057034,SPY,30,touch,atr10,1R,long_only,oos_2024M06_2026M09,3.577254387307179,3.9247896514051925
248,0.016293809463875226,0.1526266640899891,0.07282428471183652,0.5524193548387096,0.14588405149505615,1.6811948918775699,0.09272506538561465,1.6293809463875226,0.12262287388000219,43.78057032382794,SPY,30,touch,atr10,1R,short_only,oos_2024M06_2026M09,3.577254387307179,3.9247896514051925
561,0.014239522187956382,0.146252419098827,0.07442249288487106,0.5472370766488414,0.12025567680442374,2.3060769185976064,0.021106334766056722,1.4239522187956382,0.12150589472650695,99.03588690188496,SPY,30,touch,atr10,1R,long_short,oos_2024M06_2026M09,3.577254387307179,3.9247896514051925
313,0.012074995882237613,0.19757489857218863,-0.08463238715682125,0.36741214057507987,0.08705164677185982,1.0812531667716565,0.2795845138546267,1.2074995882237614,0.1206208761000954,55.255316578057034,SPY,30,touch,atr10,2R,long_only,oos_2024M06_2026M09,3.577254387307179,3.9247896514051925
248,0.024088415044371463,0.2073819628410891,-0.07944595713575298,0.4153225806451613,0.22139615596115317,1.8292079709669449,0.06736845879933906,2.4088415044371465,0.12262287388000219,43.78057032382794,SPY,30,touch,atr10,2R,short_only,oos_2024M06_2026M09,3.577254387307179,3.9247896514051925
561,0.01738574089508823,0.20187491489233353,-0.08400113254957406,0.38859180035650626,0.14644101981810714,2.0398220258877915,0.04136805520315168,1.7385740895088229,0.12150589472650695,99.03588690188496,SPY,30,touch,atr10,2R,long_short,oos_2024M06_2026M09,3.577254387307179,3.9247896514051925
313,0.009523891021561818,0.24057298983373918,-0.0919991580245593,0.29073482428115016,0.05304447572636069,0.7003896512174314,0.48368399738495604,0.9523891021561818,0.1206208761000954,55.255316578057034,SPY,30,touch,atr10,3R,long_only,oos_2024M06_2026M09,3.577254387307179,3.9247896514051925
248,0.027473418836258576,0.24469071379749402,-0.08854108977766546,0.34274193548387094,0.3267742245525115,1.7681579565112202,0.07703450068266648,2.7473418836258574,0.12262287388000219,43.78057032382794,SPY,30,touch,atr10,3R,short_only,oos_2024M06_2026M09,3.577254387307179,3.9247896514051925
561,0.017458798148201383,0.24234884473059676,-0.09139324872723503,0.3137254901960784,0.17405156611653075,1.7062977602043095,0.08795265490370419,1.7458798148201382,0.12150589472650695,99.03588690188496,SPY,30,touch,atr10,3R,long_short,oos_2024M06_2026M09,3.577254387307179,3.9247896514051925
313,0.0030195845135983054,0.266893148477418,-0.09454341797642267,0.24281150159744408,0.056754924006723016,0.2001621388899076,0.8413537767217378,0.30195845135983057,0.1206208761000954,55.255316578057034,SPY,30,touch,atr10,eod,long_only,oos_2024M06_2026M09,3.577254387307179,3.9247896514051925
248,0.02713129462326063,0.34611265494765503,-0.09656283249847752,0.2217741935483871,0.3232819995318698,1.2344652785261352,0.21702957728263783,2.713129462326063,0.12262287388000219,43.78057032382794,SPY,30,touch,atr10,eod,short_only,oos_2024M06_2026M09,3.577254387307179,3.9247896514051925
561,0.01367859361733495,0.3044137309888495,-0.09522523353552782,0.23351158645276293,0.1745779449162353,1.064286711778198,0.2871988358278521,1.3678593617334949,0.12150589472650695,99.03588690188496,SPY,30,touch,atr10,eod,long_short,oos_2024M06_2026M09,3.577254387307179,3.9247896514051925
313,0.0021929093362473948,0.4158578089619667,0.011550178305883507,0.5047923322683706,-0.012548064591336167,0.09329276917445872,0.9256709763939273,0.21929093362473948,0.3939131142736651,55.255316578057034,SPY,30,touch,or,1R,long_only,oos_2024M06_2026M09,3.577254387307179,3.9247896514051925
248,0.028302675712822033,0.421280071949215,0.13186937033064125,0.5524193548387096,0.10040234925484431,1.0579920877208195,0.29005904965687956,2.8302675712822034,0.40520273081501385,43.78057032382794,SPY,30,touch,or,1R,short_only,oos_2024M06_2026M09,3.577254387307179,3.9247896514051925
561,0.013735194650668983,0.41809023616482677,0.05990893841361519,0.5258467023172906,0.037383669158847,0.7781193649873466,0.43649864749992906,1.3735194650668983,0.3989038895005002,99.03588690188496,SPY,30,touch,or,1R,long_short,oos_2024M06_2026M09,3.577254387307179,3.9247896514051925
313,0.0002459614016987764,0.43363722942377125,-0.11600735818099334,0.4504792332268371,0.013254854902001631,0.010034888866233719,0.991993451479716,0.02459614016987764,0.3939131142736651,55.255316578057034,SPY,30,touch,or,2R,long_only,oos_2024M06_2026M09,3.577254387307179,3.9247896514051925
248,0.026065874201713947,0.5334899793851999,-0.10015059072311017,0.43548387096774194,0.09448198160809933,0.7694348783976084,0.44163518981977656,2.6065874201713948,0.40520273081501385,43.78057032382794,SPY,30,touch,or,2R,short_only,oos_2024M06_2026M09,3.577254387307179,3.9247896514051925
561,0.011660111801705482,0.4800672735717541,-0.10406013958412562,0.44385026737967914,0.04916274692180951,0.5752836673941981,0.5650994655706008,1.1660111801705482,0.3989038895005002,99.03588690188496,SPY,30,touch,or,2R,long_short,oos_2024M06_2026M09,3.577254387307179,3.9247896514051925
313,-0.005123690769724292,0.43695160060255817,-0.1191521384673258,0.4472843450479233,0.0011309744614606077,-0.2074539675408506,0.8356553391846078,-0.5123690769724293,0.3939131142736651,55.255316578057034,SPY,30,touch,or,3R,long_only,oos_2024M06_2026M09,3.577254387307179,3.9247896514051925
248,0.04735573315586086,0.5788652820040432,-0.10015059072311017,0.43548387096774194,0.17898926761779965,1.288311554833396,0.1976375324724049,4.735573315586087,0.40520273081501385,43.78057032382794,SPY,30,touch,or,3R,short_only,oos_2024M06_2026M09,3.577254387307179,3.9247896514051925
561,0.018075769361372177,0.5048270657684003,-0.1156050271671889,0.44206773618538325,0.07975638747887966,0.8480775967627113,0.3963947573830071,1.8075769361372178,0.3989038895005002,99.03588690188496,SPY,30,touch,or,3R,long_short,oos_2024M06_2026M09,3.577254387307179,3.9247896514051925
313,-0.007745087150507735,0.4316281210857767,-0.12072951451323588,0.4440894568690096,-0.0028157421326340942,-0.3174598056204403,0.750894733750596,-0.7745087150507735,0.3939131142736651,55.255316578057034,SPY,30,touch,or,eod,long_only,oos_2024M06_2026M09,3.577254387307179,3.9247896514051925
248,0.03625326090116914,0.5685391201633595,-0.10884668022040503,0.4314516129032258,0.16283255019427578,1.0041823039807323,0.3152907500730686,3.625326090116914,0.40520273081501385,43.78057032382794,SPY,30,touch,or,eod,short_only,oos_2024M06_2026M09,3.577254387307179,3.9247896514051925
561,0.011705162968593636,0.49683608944826435,-0.1191521384673258,0.4385026737967914,0.07041202345929755,0.5580148549389086,0.5768342404491491,1.1705162968593636,0.3989038895005002,99.03588690188496,SPY,30,touch,or,eod,long_short,oos_2024M06_2026M09,3.577254387307179,3.9247896514051925
266,-0.018059236917119647,0.4931714721988021,-0.32459675250426967,0.47368421052631576,-0.05263157894736842,-0.597230896817456,0.5503532336911148,-1.8059236917119648,0.47104096084250585,46.95819236346061,TSLA,5,close,atr10,1R,long_only,oos_2024M06_2026M09,3.577254387307179,3.9247896514051925
292,-0.0389267063120737,0.5085501200638871,-0.34160745437481393,0.4554794520547945,-0.09135150171770448,-1.3079927086889735,0.19087578236684122,-3.89267063120737,0.48952780464698287,51.54809086515225,TSLA,5,close,atr10,1R,short_only,oos_2024M06_2026M09,3.577254387307179,3.9247896514051925
558,-0.028979131295841124,0.5009376642247848,-0.33223262121884756,0.46415770609318996,-0.07289361738632565,-1.366528757776238,0.1717730609478183,-2.8979131295841123,0.4807150798226264,98.50628322861286,TSLA,5,close,atr10,1R,long_short,oos_2024M06_2026M09,3.577254387307179,3.9247896514051925
266,0.018435232018145495,0.7078448326228503,-0.3734009114220151,0.3458646616541353,0.033665207218324396,0.42476757798727766,0.6710061149752153,1.8435232018145495,0.47104096084250585,46.95819236346061,TSLA,5,close,atr10,2R,long_only,oos_2024M06_2026M09,3.577254387307179,3.9247896514051925
292,0.014425946663283,0.7248653593280064,-0.38362675727074824,0.3356164383561644,0.0022376192114062308,0.3400778937349302,0.7337978689330149,1.4425946663283,0.48952780464698287,51.54809086515225,TSLA,5,close,atr10,2R,short_only,oos_2024M06_2026M09,3.577254387307179,3.9247896514051925
558,0.016337183051084832,0.7161625337367049,-0.37836807496372316,0.34050179211469533,0.017219229264883344,0.5388683514853126,0.5899776963268644,1.6337183051084831,0.4807150798226264,98.50628322861286,TSLA,5,close,atr10,2R,long_short,oos_2024M06_2026M09,3.577254387307179,3.9247896514051925
266,0.009518636308752913,0.8403549292200806,-0.39564582738472004,0.2669172932330827,0.042952456543844324,0.1847365377262357,0.853435686430716,0.9518636308752912,0.47104096084250585,46.95819236346061,TSLA,5,close,atr10,3R,long_only,oos_2024M06_2026M09,3.577254387307179,3.9247896514051925
292,0.06670545528318356,0.9134347466272856,-0.39446246874718394,0.2808219178082192,0.11162770222084226,1.2478869714054879,0.21207245252169749,6.670545528318356,0.48952780464698287,51.54809086515225,TSLA,5,close,atr10,3R,short_only,oos_2024M06_2026M09,3.577254387307179,3.9247896514051925
558,0.03944435519859833,0.8790366363922205,-0.3950781508864699,0.27419354838709675,0.07889004030313355,1.0599734432928716,0.28915668118668947,3.9444355198598333,0.4807150798226264,98.50628322861286,TSLA,5,close,atr10,3R,long_short,oos_2024M06_2026M09,3.577254387307179,3.9247896514051925
266,0.14367001707560867,1.5477436454921123,-0.4022611787057355,0.20300751879699247,0.3341135304601066,1.513937449629093,0.13004170472409893,14.367001707560867,0.47104096084250585,46.95819236346061,TSLA,5,close,atr10,eod,long_only,oos_2024M06_2026M09,3.577254387307179,3.9247896514051925
292,0.07246817430972093,1.3884989171161894,-0.4133791384391538,0.20205479452054795,0.16014653313908797,0.8918528420670958,0.3724718140474139,7.246817430972093,0.48952780464698287,51.54809086515225,TSLA,5,close,atr10,eod,short_only,oos_2024M06_2026M09,3.577254387307179,3.9247896514051925
558,0.10641027139883587,1.4656714269659663,-0.4089511463134866,0.2025089605734767,0.2430770372383549,1.7149996229467805,0.0863452960585156,10.641027139883587,0.4807150798226264,98.50628322861286,TSLA,5,close,atr10,eod,long_short,oos_2024M06_2026M09,3.577254387307179,3.9247896514051925
266,0.21405570157980988,1.646877099974288,0.5301747030349144,0.5526315789473685,0.12086854990411935,2.119856327720394,0.034018163342038,21.40557015798099,1.7794313713310095,46.95819236346061,TSLA,5,close,or,1R,long_only,oos_2024M06_2026M09,3.577254387307179,3.9247896514051925
292,0.15251150279765177,1.654044312330703,0.4860179462696552,0.5342465753424658,0.08198270299726347,1.5756033153319937,0.11511725161454023,15.251150279765177,1.7757301752009704,51.54809086515225,TSLA,5,close,or,1R,short_only,oos_2024M06_2026M09,3.577254387307179,3.9247896514051925
558,0.18184977676907482,1.6494367443859788,0.5055816651584347,0.543010752688172,0.10051968378081842,2.6043191635700236,0.009205698639078719,18.184977676907483,1.7774945446823152,98.50628322861286,TSLA,5,close,or,1R,long_short,oos_2024M06_2026M09,3.577254387307179,3.9247896514051925
266,0.32871403163013446,1.9837567134623049,-0.025462671525779468,0.49624060150375937,0.18752111665942273,2.7025307973600046,0.006881380916307744,32.87140316301345,1.7794313713310095,46.95819236346061,TSLA,5,close,or,2R,long_only,oos_2024M06_2026M09,3.577254387307179,3.9247896514051925
292,0.1607740943804344,1.9656363408191952,-0.1574248720464262,0.4691780821917808,0.1043581788557413,1.397668974683266,0.16221249509927071,16.077409438043443,1.7757301752009704,51.54809086515225,TSLA,5,close,or,2R,short_only,oos_2024M06_2026M09,3.577254387307179,3.9247896514051925
558,0.24083148382204772,1.9743063493549222,-0.11594252501601277,0.482078853046595,0.14400215995928836,2.881481387948246,0.003958106102729175,24.083148382204772,1.7774945446823152,98.50628322861286,TSLA,5,close,or,2R,long_short,oos_2024M06_2026M09,3.577254387307179,3.9247896514051925
266,0.34270613698572133,2.1368615036456875,-0.09043374552041072,0.4849624060150376,0.19215436428883126,2.615690317475389,0.008904728017823604,34.270613698572134,1.7794313713310095,46.95819236346061,TSLA,5,close,or,3R,long_only,oos_2024M06_2026M09,3.577254387307179,3.9247896514051925
292,0.15627831339275802,2.052943883895549,-0.17062048352898057,0.4623287671232877,0.0951372067373438,1.3008075918821038,0.19332432268048927,15.627831339275803,1.7757301752009704,51.54809086515225,TSLA,5,close,or,3R,short_only,oos_2024M06_2026M09,3.577254387307179,3.9247896514051925
558,0.24514892463958285,2.093555615985645,-0.14278276799652348,0.4731182795698925,0.14138552915436112,2.7660663249332647,0.005673699398967003,24.514892463958287,1.7774945446823152,98.50628322861286,TSLA,5,close,or,3R,long_short,oos_2024M06_2026M09,3.577254387307179,3.9247896514051925
266,0.4174755731383222,2.4658337154567715,-0.09043374552041072,0.4849624060150376,0.24284452161043635,2.7612650852782314,0.005757792151223073,41.74755731383222,1.7794313713310095,46.95819236346061,TSLA,5,close,or,eod,long_only,oos_2024M06_2026M09,3.577254387307179,3.9247896514051925
292,0.146243530871204,2.07844976148951,-0.17062048352898057,0.4623287671232877,0.09004024944555121,1.2023434952756091,0.22923047162787302,14.6243530871204,1.7757301752009704,51.54809086515225,TSLA,5,close,or,eod,short_only,oos_2024M06_2026M09,3.577254387307179,3.9247896514051925
558,0.27554052593043954,2.273347151418688,-0.14278276799652348,0.4731182795698925,0.16288242936644623,2.8631020160273635,0.004195154683245272,27.554052593043956,1.7774945446823152,98.50628322861286,TSLA,5,close,or,eod,long_short,oos_2024M06_2026M09,3.577254387307179,3.9247896514051925
286,0.03272972894278638,0.6298383406511161,0.32948049152606995,0.506993006993007,0.05734393122608338,0.878812713190869,0.3795028319653979,3.2729728942786385,0.47541818663372615,50.48888351860802,TSLA,5,touch,atr10,1R,long_only,oos_2024M06_2026M09,3.577254387307179,3.9247896514051925
277,0.027069566137394547,0.6007897444055336,0.32294850405771913,0.5054151624548736,0.04113150314967437,0.7498919111923799,0.45331980656430826,2.7069566137394547,0.4859746555862338,48.90007249879169,TSLA,5,touch,atr10,1R,short_only,oos_2024M06_2026M09,3.577254387307179,3.9247896514051925
563,0.029944888628233024,0.6151768243627693,0.32642398195519196,0.5062166962699822,0.04936730142650026,1.1549865683809608,0.24809592683744297,2.994488862823302,0.48061204435991556,99.3889560173997,TSLA,5,touch,atr10,1R,long_short,oos_2024M06_2026M09,3.577254387307179,3.9247896514051925
286,0.052582828092792806,0.7891687277950497,-0.36210132580285503,0.3881118881118881,0.12044117612903533,1.126826597923024,0.2598158025593733,5.25828280927928,0.47541818663372615,50.48888351860802,TSLA,5,touch,atr10,2R,long_only,oos_2024M06_2026M09,3.577254387307179,3.9247896514051925
277,0.04704811456282748,0.7856477962897389,-0.3749795267195668,0.36823104693140796,0.04972537270594262,0.996676484732299,0.3189215674015766,4.704811456282748,0.4859746555862338,48.90007249879169,TSLA,5,touch,atr10,2R,short_only,oos_2024M06_2026M09,3.577254387307179,3.9247896514051925
563,0.04985970971304079,0.7867424667762416,-0.36944725222889235,0.3783303730017762,0.08564849842353502,1.5037351445565525,0.13264957624753704,4.985970971304079,0.48061204435991556,99.3889560173997,TSLA,5,touch,atr10,2R,long_short,oos_2024M06_2026M09,3.577254387307179,3.9247896514051925
286,0.10000102057993276,0.9508976467951931,-0.38635804294901094,0.32867132867132864,0.22207566916333574,1.7784992084072262,0.07532190183973242,10.000102057993276,0.47541818663372615,50.48888351860802,TSLA,5,touch,atr10,3R,long_only,oos_2024M06_2026M09,3.577254387307179,3.9247896514051925
277,0.06475778338192516,0.9591980309194517,-0.39855207647947427,0.2888086642599278,0.07906485360488434,1.1236306589643406,0.2611697440426959,6.475778338192516,0.4859746555862338,48.90007249879169,TSLA,5,touch,atr10,3R,short_only,oos_2024M06_2026M09,3.577254387307179,3.9247896514051925
563,0.08266109748251163,0.9543032172695318,-0.39115368023899305,0.30905861456483125,0.1517133318459449,2.0552704422897325,0.039852890570400534,8.266109748251163,0.48061204435991556,99.3889560173997,TSLA,5,touch,atr10,3R,long_short,oos_2024M06_2026M09,3.577254387307179,3.9247896514051925
286,0.2638261763910565,1.707237289888438,-0.40376682605843256,0.24825174825174826,0.5962672559795792,2.6134067696023484,0.00896445378087729,26.38261763910565,0.47541818663372615,50.48888351860802,TSLA,5,touch,atr10,eod,long_only,oos_2024M06_2026M09,3.577254387307179,3.9247896514051925
277,0.0845777564023988,1.4443561833240213,-0.41783184471540424,0.20938628158844766,0.1981003649224491,0.9745895266477442,0.3297639108585284,8.45777564023988,0.4859746555862338,48.90007249879169,TSLA,5,touch,atr10,eod,short_only,oos_2024M06_2026M09,3.577254387307179,3.9247896514051925
563,0.1756346802332267,1.584500372266469,-0.412744381799415,0.2291296625222025,0.4003663166850409,2.6300991821720214,0.00853599606161648,17.56346802332267,0.48061204435991556,99.3889560173997,TSLA,5,touch,atr10,eod,long_short,oos_2024M06_2026M09,3.577254387307179,3.9247896514051925
286,0.04855370513039148,1.4266098989628337,0.19472733401453424,0.506993006993007,0.024023292427064698,0.5755726644264992,0.5649040621437309,4.855370513039148,1.4337547985158976,50.48888351860802,TSLA,5,touch,or,1R,long_only,oos_2024M06_2026M09,3.577254387307179,3.9247896514051925
277,0.1286492677489658,1.4275920992006397,0.7579668716648211,0.5451263537906137,0.0989420324494372,1.4998335611522953,0.13365752143854848,12.86492677489658,1.4510700687523053,48.90007249879169,TSLA,5,touch,or,1R,short_only,oos_2024M06_2026M09,3.577254387307179,3.9247896514051925
563,0.08796129100134191,1.4263861500492687,0.608193345616116,0.5257548845470693,0.060883844800416705,1.4632168004387256,0.1434080650981202,8.796129100134191,1.4422740344936682,99.3889560173997,TSLA,5,touch,or,1R,long_short,oos_2024M06_2026M09,3.577254387307179,3.9247896514051925
286,0.24628930044307243,1.899240478735139,-0.5872403202149432,0.45104895104895104,0.15518208370658823,2.1930503558063874,0.028303751231705476,24.628930044307243,1.4337547985158976,50.48888351860802,TSLA,5,touch,or,2R,long_only,oos_2024M06_2026M09,3.577254387307179,3.9247896514051925
277,0.18807779511218706,1.817056284323499,-0.5192707131317794,0.4548736462093863,0.1389439374857145,1.722697523137173,0.0849432384842479,18.807779511218705,1.4510700687523053,48.90007249879169,TSLA,5,touch,or,2R,short_only,oos_2024M06_2026M09,3.577254387307179,3.9247896514051925
563,0.21764882623942192,1.8578351159234194,-0.5562524104571489,0.45293072824156305,0.1471928003972063,2.779734769543206,0.005440331275528232,21.764882623942192,1.4422740344936682,99.3889560173997,TSLA,5,touch,or,2R,long_short,oos_2024M06_2026M09,3.577254387307179,3.9247896514051925
286,0.2538669187439084,2.0370617934363886,-0.6215798059501132,0.4370629370629371,0.17132436330418543,2.1075841562584863,0.03506697523618563,25.386691874390838,1.4337547985158976,50.48888351860802,TSLA,5,touch,or,3R,long_only,oos_2024M06_2026M09,3.577254387307179,3.9247896514051925
277,0.20457665356035223,2.0292476016143106,-0.608193345616116,0.4368231046931408,0.13909599837121897,1.6778800618560854,0.09337051557323939,20.457665356035225,1.4510700687523053,48.90007249879169,TSLA,5,touch,or,3R,short_only,oos_2024M06_2026M09,3.577254387307179,3.9247896514051925
563,0.22961575807633283,2.0315611301427583,-0.6154238436023196,0.4369449378330373,0.15546777878121615,2.6817975647184236,0.007322775706628981,22.961575807633285,1.4422740344936682,99.3889560173997,TSLA,5,touch,or,3R,long_short,oos_2024M06_2026M09,3.577254387307179,3.9247896514051925
286,0.35038062457509145,2.460282563932935,-0.6215798059501132,0.4370629370629371,0.22498483193350452,2.4084526372536907,0.01602030482835204,35.03806245750914,1.4337547985158976,50.48888351860802,TSLA,5,touch,or,eod,long_only,oos_2024M06_2026M09,3.577254387307179,3.9247896514051925
277,0.18195528132767871,2.0917383041349513,-0.608193345616116,0.4368231046931408,0.11660260829824627,1.447762091847869,0.14768359793191688,18.195528132767873,1.4510700687523053,48.90007249879169,TSLA,5,touch,or,eod,short_only,oos_2024M06_2026M09,3.577254387307179,3.9247896514051925
563,0.2675141590697036,2.285921543027959,-0.6154238436023196,0.4369449378330373,0.171660007871397,2.7767683485777903,0.005490229313911854,26.75141590697036,1.4422740344936682,99.3889560173997,TSLA,5,touch,or,eod,long_short,oos_2024M06_2026M09,3.577254387307179,3.9247896514051925
270,0.013098529918937066,0.4899004196942685,0.31806698388879345,0.5074074074074074,0.014814814814814775,0.43933583346808147,0.6604182133178638,1.3098529918937067,0.4693393291863629,47.66433059449009,TSLA,15,close,atr10,1R,long_only,oos_2024M06_2026M09,3.577254387307179,3.9247896514051925
274,0.006862928389939049,0.5157871433059223,0.31448205649824323,0.5109489051094891,0.01943562590667989,0.2202491475480226,0.8256771220399222,0.6862928389939049,0.4934345157600612,48.37046882551957,TSLA,15,close,atr10,1R,short_only,oos_2024M06_2026M09,3.577254387307179,3.9247896514051925
544,0.00995780414881674,0.502652027610834,0.31737261296602587,0.5091911764705882,0.017142208636820366,0.46205703970616896,0.644040416725219,0.9957804148816741,0.4814755077179683,96.03479942000966,TSLA,15,close,atr10,1R,long_short,oos_2024M06_2026M09,3.577254387307179,3.9247896514051925
270,0.005652824907966643,0.6903544287048267,-0.374038287140767,0.34074074074074073,0.009023499762900183,0.13454739711871486,0.8929697343007659,0.5652824907966643,0.4693393291863629,47.66433059449009,TSLA,15,close,atr10,2R,long_only,oos_2024M06_2026M09,3.577254387307179,3.9247896514051925
274,0.06352207304415652,0.7386214350939418,-0.37870312680362156,0.38321167883211676,0.14700178552179716,1.423567411017842,0.15457173521359047,6.352207304415653,0.4934345157600612,48.37046882551957,TSLA,15,close,atr10,2R,short_only,oos_2024M06_2026M09,3.577254387307179,3.9247896514051925
544,0.03480020356479757,0.7150013808678006,-0.3759179132088739,0.36213235294117646,0.07851991575175636,1.135205152587961,0.2562893711259928,3.4800203564797574,0.4814755077179683,96.03479942000966,TSLA,15,close,atr10,2R,long_short,oos_2024M06_2026M09,3.577254387307179,3.9247896514051925
270,0.04038083818318003,0.8391707989940307,-0.3844225519116592,0.2851851851851852,0.08402326146948567,0.7906910961537507,0.4291242731389133,4.038083818318003,0.4693393291863629,47.66433059449009,TSLA,15,close,atr10,3R,long_only,oos_2024M06_2026M09,3.577254387307179,3.9247896514051925
274,0.06349338961564437,0.8987001360469724,-0.3991430625162121,0.2956204379562044,0.14016226846324656,1.1694697337836086,0.24221442852959307,6.3493389615644364,0.4934345157600612,48.37046882551957,TSLA,15,close,atr10,3R,short_only,oos_2024M06_2026M09,3.577254387307179,3.9247896514051925
544,0.05202208651497271,0.8689404297774735,-0.39381593708001394,0.29044117647058826,0.11229915837443141,1.3963593983811664,0.1626062951626075,5.202208651497271,0.4814755077179683,96.03479942000966,TSLA,15,close,atr10,3R,long_short,oos_2024M06_2026M09,3.577254387307179,3.9247896514051925
270,0.06850737145001475,1.3130085220790482,-0.3958192958773128,0.2,0.13942698252539631,0.8573371474956681,0.39125858426940097,6.8507371450014745,0.4693393291863629,47.66433059449009,TSLA,15,close,atr10,eod,long_only,oos_2024M06_2026M09,3.577254387307179,3.9247896514051925
274,0.10371805193906315,1.2882309289151062,-0.4093103393730826,0.24087591240875914,0.25968383361649083,1.332710780165209,0.1826267341995611,10.371805193906315,0.4934345157600612,48.37046882551957,TSLA,15,close,atr10,eod,short_only,oos_2024M06_2026M09,3.577254387307179,3.9247896514051925
544,0.08624216272574868,1.2995086267983664,-0.4024409634390127,0.22058823529411764,0.19999752884701372,1.5478893846213386,0.1216489308521731,8.624216272574868,0.4814755077179683,96.03479942000966,TSLA,15,close,atr10,eod,long_short,oos_2024M06_2026M09,3.577254387307179,3.9247896514051925
270,0.2115559453085525,1.7701918169632849,0.18636388131823284,0.5333333333333333,0.08119340542901418,1.963752667526201,0.04955878157564397,21.15559453085525,2.2145487738733487,47.66433059449009,TSLA,15,close,or,1R,long_only,oos_2024M06_2026M09,3.577254387307179,3.9247896514051925
274,0.14588780349390218,1.8234163471233567,0.2195915233497041,0.5328467153284672,0.07216337736073851,1.3243672205380086,0.1853811155653371,14.588780349390218,2.2725064512796926,48.37046882551957,TSLA,15,close,or,1R,short_only,oos_2024M06_2026M09,3.577254387307179,3.9247896514051925
544,0.1784804474092617,1.7958425950546968,0.2145541117559554,0.5330882352941176,0.07664519276227238,2.3180448127908986,0.02044688571355535,17.84804474092617,2.2437406922728673,96.03479942000966,TSLA,15,close,or,1R,long_short,oos_2024M06_2026M09,3.577254387307179,3.9247896514051925
270,0.26212489756312796,2.0639843717709008,-0.0018136843072427452,0.5,0.09161270109746282,2.0868140463079876,0.03690494693234703,26.212489756312795,2.2145487738733487,47.66433059449009,TSLA,15,close,or,2R,long_only,oos_2024M06_2026M09,3.577254387307179,3.9247896514051925
274,0.13969153653247496,2.007289219972292,0.008593121921277008,0.5,0.07950153854420003,1.1519547597250726,0.24933966419553366,13.969153653247496,2.2725064512796926,48.37046882551957,TSLA,15,close,or,2R,short_only,oos_2024M06_2026M09,3.577254387307179,3.9247896514051925
544,0.20045809439695347,2.0346724404579803,-0.0018136843072427452,0.5,0.08551259348791503,2.297886346950072,0.02156825855483957,20.045809439695347,2.2437406922728673,96.03479942000966,TSLA,15,close,or,2R,long_short,oos_2024M06_2026M09,3.577254387307179,3.9247896514051925
270,0.2520613146089928,2.145504184638879,-0.014204555221377414,0.4962962962962963,0.0884321127321645,1.930450691369628,0.05355101918975658,25.20613146089928,2.2145487738733487,47.66433059449009,TSLA,15,close,or,3R,long_only,oos_2024M06_2026M09,3.577254387307179,3.9247896514051925
274,0.13380943246097537,2.0666644940011216,0.008593121921277008,0.5,0.07051335995668838,1.071746396301874,0.2838339554352962,13.380943246097537,2.2725064512796926,48.37046882551957,TSLA,15,close,or,3R,short_only,oos_2024M06_2026M09,3.577254387307179,3.9247896514051925
544,0.1925006239682634,2.105054061768779,-0.005752372373828767,0.49816176470588236,0.07940685857686954,2.132889408348013,0.03293379941545682,19.25006239682634,2.2437406922728673,96.03479942000966,TSLA,15,close,or,3R,long_short,oos_2024M06_2026M09,3.577254387307179,3.9247896514051925
270,0.26630289158179576,2.240090546679035,-0.014204555221377414,0.4962962962962963,0.0954161058129443,1.9534045317646882,0.050771679675185366,26.630289158179576,2.2145487738733487,47.66433059449009,TSLA,15,close,or,eod,long_only,oos_2024M06_2026M09,3.577254387307179,3.9247896514051925
274,0.12579626006059502,2.0354364733888723,0.008593121921277008,0.5,0.06774295263125162,1.0230231432682095,0.30629690351257244,12.579626006059502,2.2725064512796926,48.37046882551957,TSLA,15,close,or,eod,short_only,oos_2024M06_2026M09,3.577254387307179,3.9247896514051925
544,0.1955330073229557,2.1386419982725586,-0.005752372373828767,0.49816176470588236,0.08147778968834173,2.1324626758017744,0.032968829686885304,19.55330073229557,2.2437406922728673,96.03479942000966,TSLA,15,close,or,eod,long_short,oos_2024M06_2026M09,3.577254387307179,3.9247896514051925
274,0.052174575799088165,0.5631455126474102,0.3438787675494456,0.5437956204379562,0.10193690747525715,1.5336052278562216,0.12512680142162713,5.2174575799088165,0.47474644455173287,48.37046882551957,TSLA,15,touch,atr10,1R,long_only,oos_2024M06_2026M09,3.577254387307179,3.9247896514051925
282,0.028232380724608406,0.569266308563455,0.3319085842681711,0.524822695035461,0.07592144153507709,0.8328304104618374,0.40494038120371867,2.823238072460841,0.4864668061418274,49.78274528757854,TSLA,15,touch,atr10,1R,short_only,oos_2024M06_2026M09,3.577254387307179,3.9247896514051925
556,0.04003123225411821,0.5658748403938416,0.34101840614590195,0.5341726618705036,0.0887420128796982,1.6680765217236162,0.09530053723580023,4.003123225411821,0.4806909444949103,98.15321411309812,TSLA,15,touch,atr10,1R,long_short,oos_2024M06_2026M09,3.577254387307179,3.9247896514051925
274,0.09733609815216106,0.7549407243274877,-0.3537527862543456,0.4197080291970803,0.208759723868172,2.1342061198720175,0.03282591197015128,9.733609815216106,0.47474644455173287,48.37046882551957,TSLA,15,touch,atr10,2R,long_only,oos_2024M06_2026M09,3.577254387307179,3.9247896514051925
282,0.03020667726299106,0.7523490945800614,-0.3877166892009774,0.36524822695035464,0.07158860164774696,0.6742300533154163,0.5001650656237573,3.020667726299106,0.4864668061418274,49.78274528757854,TSLA,15,touch,atr10,2R,short_only,oos_2024M06_2026M09,3.577254387307179,3.9247896514051925
556,0.06328844223355326,0.7536970010153875,-0.36543885202080156,0.3920863309352518,0.13918732015205715,1.979999199931831,0.04770361858377514,6.328844223355326,0.4806909444949103,98.15321411309812,TSLA,15,touch,atr10,2R,long_short,oos_2024M06_2026M09,3.577254387307179,3.9247896514051925
274,0.10666719885632536,0.9275280804177352,-0.3878582060045621,0.3284671532846715,0.24234499933223141,1.9036149431552847,0.056960351220397776,10.666719885632537,0.47474644455173287,48.37046882551957,TSLA,15,touch,atr10,3R,long_only,oos_2024M06_2026M09,3.577254387307179,3.9247896514051925
282,0.0505639920428156,0.9036263487899368,-0.40786075223370993,0.2978723404255319,0.1251797328915814,0.9396735932637887,0.3473850142785051,5.05639920428156,0.4864668061418274,49.78274528757854,TSLA,15,touch,atr10,3R,short_only,oos_2024M06_2026M09,3.577254387307179,3.9247896514051925
556,0.07821197525666754,0.9150882406312854,-0.39632621417980507,0.3129496402877698,0.18291945052600245,2.015336987264292,0.043869351941303814,7.821197525666753,0.4806909444949103,98.15321411309812,TSLA,15,touch,atr10,3R,long_short,oos_2024M06_2026M09,3.577254387307179,3.9247896514051925
274,0.169268992427548,1.5280327997784358,-0.4054522863340324,0.22992700729927007,0.38043224791310654,1.833665077566206,0.0667037255610754,16.9268992427548,0.47474644455173287,48.37046882551957,TSLA,15,touch,atr10,eod,long_only,oos_2024M06_2026M09,3.577254387307179,3.9247896514051925
282,0.03327476531400643,1.3060811178433835,-0.4230514685407285,0.20921985815602837,0.09538805052378821,0.4278281970378874,0.668776206408511,3.327476531400643,0.4864668061418274,49.78274528757854,TSLA,15,touch,atr10,eod,short_only,oos_2024M06_2026M09,3.577254387307179,3.9247896514051925
556,0.10029350313614745,1.4201489874635562,-0.41320038167122974,0.21942446043165467,0.23585947153938752,1.6652379062124356,0.09586530116872582,10.029350313614744,0.4806909444949103,98.15321411309812,TSLA,15,touch,atr10,eod,long_short,oos_2024M06_2026M09,3.577254387307179,3.9247896514051925
274,0.15434967140323888,1.71765905024352,0.22017840479341355,0.5182481751824818,0.050362002474011784,1.4874556602397866,0.1368945056332731,15.434967140323888,1.962562460412406,48.37046882551957,TSLA,15,touch,or,1R,long_only,oos_2024M06_2026M09,3.577254387307179,3.9247896514051925
282,0.13496668237126053,1.726875947157054,0.2765075845261377,0.5390070921985816,0.06908034515596662,1.3124718164080857,0.18936098934207513,13.496668237126052,1.9910973123479494,49.78274528757854,TSLA,15,touch,or,1R,short_only,oos_2024M06_2026M09,3.577254387307179,3.9247896514051925
556,0.14451873092299086,1.7208151879780749,0.2373198525256386,0.5287769784172662,0.059855838150830586,1.9802832063980964,0.04767171475358056,14.451873092299087,1.97703517308475,98.15321411309812,TSLA,15,touch,or,1R,long_short,oos_2024M06_2026M09,3.577254387307179,3.9247896514051925
274,0.3143322666190164,2.144656995226148,-0.09144617628647864,0.4927007299270073,0.12773641792408694,2.4260871761526004,0.015262603565949107,31.433226661901642,1.962562460412406,48.37046882551957,TSLA,15,touch,or,2R,long_only,oos_2024M06_2026M09,3.577254387307179,3.9247896514051925
282,0.15420247339355972,1.97371866512822,-0.07103735353240612,0.4929078014184397,0.08995905726873185,1.3119903653312521,0.18952338538427416,15.420247339355972,1.9910973123479494,49.78274528757854,TSLA,15,touch,or,2R,short_only,oos_2024M06_2026M09,3.577254387307179,3.9247896514051925
556,0.23311535710538553,2.059430274836263,-0.0885118149878083,0.49280575539568344,0.10857595802334928,2.669077521439789,0.0076059893049431615,23.311535710538553,1.97703517308475,98.15321411309812,TSLA,15,touch,or,2R,long_short,oos_2024M06_2026M09,3.577254387307179,3.9247896514051925
274,0.2915406162367959,2.211180619925005,-0.12040804260876589,0.4854014598540146,0.12175122900418588,2.1824792812038263,0.029074178739201706,29.15406162367959,1.962562460412406,48.37046882551957,TSLA,15,touch,or,3R,long_only,oos_2024M06_2026M09,3.577254387307179,3.9247896514051925
282,0.1640530384490517,2.092821677721933,-0.12127414054979929,0.4858156028368794,0.08404664978655539,1.3163658512514333,0.1880512783100663,16.40530384490517,1.9910973123479494,49.78274528757854,TSLA,15,touch,or,3R,short_only,oos_2024M06_2026M09,3.577254387307179,3.9247896514051925
556,0.22687965052430695,2.150966940166568,-0.12040804260876589,0.4856115107913669,0.10262768342977616,2.487134116733298,0.012877684131513245,22.687965052430695,1.97703517308475,98.15321411309812,TSLA,15,touch,or,3R,long_short,oos_2024M06_2026M09,3.577254387307179,3.9247896514051925
274,0.31870483093684887,2.3458388137879713,-0.12040804260876589,0.4854014598540146,0.1345030464960978,2.2488772973576863,0.02452030376774683,31.870483093684886,1.962562460412406,48.37046882551957,TSLA,15,touch,or,eod,long_only,oos_2024M06_2026M09,3.577254387307179,3.9247896514051925
282,0.14301186244868894,2.0645244680652897,-0.12127414054979929,0.4858156028368794,0.07004530447232386,1.1632594312793592,0.244724260141566,14.301186244868894,1.9910973123479494,49.78274528757854,TSLA,15,touch,or,eod,short_only,oos_2024M06_2026M09,3.577254387307179,3.9247896514051925
556,0.2295943685022066,2.207396736257574,-0.12040804260876589,0.4856115107913669,0.10181045072144988,2.452552039147525,0.014184686048281048,22.959436850220662,1.97703517308475,98.15321411309812,TSLA,15,touch,or,eod,long_short,oos_2024M06_2026M09,3.577254387307179,3.9247896514051925
263,0.009478342425644425,0.49494261842596265,0.3115289669100732,0.5095057034220533,0.02203396690533828,0.3105670788413171,0.756129757639971,0.9478342425644425,0.47518995966550015,46.4285886901885,TSLA,30,close,atr10,1R,long_only,oos_2024M06_2026M09,3.577254387307179,3.9247896514051925
257,0.003429490372204351,0.5126190807660864,0.3210592791481645,0.5214007782101168,0.03686142268557754,0.1072510078856467,0.9145898503161318,0.3429490372204351,0.49064588610933524,45.36938134364427,TSLA,30,close,atr10,1R,short_only,oos_2024M06_2026M09,3.577254387307179,3.9247896514051925
520,0.006488813622309625,0.5032795595935847,0.31848125339463484,0.5153846153846153,0.02936215178134114,0.29400700621262665,0.7687525496771208,0.6488813622309625,0.48282875408101095,91.79797003383277,TSLA,30,close,atr10,1R,long_short,oos_2024M06_2026M09,3.577254387307179,3.9247896514051925
263,-0.005066577132651709,0.684231467806334,-0.37611897488597035,0.34220532319391633,0.0201997941474842,-0.1200852010156598,0.9044156554312854,-0.506657713265171,0.47518995966550015,46.4285886901885,TSLA,30,close,atr10,2R,long_only,oos_2024M06_2026M09,3.577254387307179,3.9247896514051925
257,0.0576866428620869,0.7323943211899966,-0.3728753097790956,0.3968871595330739,0.1695949397362191,1.2626903426198381,0.20670048604812585,5.76866428620869,0.49064588610933524,45.36938134364427,TSLA,30,close,atr10,2R,short_only,oos_2024M06_2026M09,3.577254387307179,3.9247896514051925
520,0.02594799505705564,0.7084568760684987,-0.3760012309120276,0.36923076923076925,0.09403547187114743,0.8352030248849819,0.40360340685458485,2.5947995057055637,0.48282875408101095,91.79797003383277,TSLA,30,close,atr10,2R,long_short,oos_2024M06_2026M09,3.577254387307179,3.9247896514051925
263,-0.0029707702500467626,0.8063090385487401,-0.3905193555821195,0.2737642585551331,0.0211820690394637,-0.05975103221193583,0.9523539264810341,-0.29707702500467625,0.47518995966550015,46.4285886901885,TSLA,30,close,atr10,3R,long_only,oos_2024M06_2026M09,3.577254387307179,3.9247896514051925
257,0.058236569473792354,0.8717831577887956,-0.4019668083151477,0.3229571984435798,0.2121249230383874,1.0709122128126443,0.28420890397963694,5.823656947379235,0.49064588610933524,45.36938134364427,TSLA,30,close,atr10,3R,short_only,oos_2024M06_2026M09,3.577254387307179,3.9247896514051925
520,0.027279780344235262,0.8390558513468311,-0.39644634178086563,0.2980769230769231,0.11555190265047022,0.7413984444699986,0.4584518873807961,2.727978034423526,0.48282875408101095,91.79797003383277,TSLA,30,close,atr10,3R,long_short,oos_2024M06_2026M09,3.577254387307179,3.9247896514051925
263,0.014987619113791113,1.1422261018452555,-0.40265531273389593,0.20152091254752852,0.08091521110891067,0.21279354103147124,0.8314880018837245,1.4987619113791113,0.47518995966550015,46.4285886901885,TSLA,30,close,atr10,eod,long_only,oos_2024M06_2026M09,3.577254387307179,3.9247896514051925
257,0.0362692866204758,1.1793272469425984,-0.41158902454731466,0.2607003891050584,0.19973673531787509,0.4930276120963478,0.6219930772601732,3.6269286620475802,0.49064588610933524,45.36938134364427,TSLA,30,close,atr10,eod,short_only,oos_2024M06_2026M09,3.577254387307179,3.9247896514051925
520,0.02550567401613335,1.1596401826373146,-0.4075691094159557,0.23076923076923078,0.13964046441987965,0.5015511388652896,0.6159832968974774,2.550567401613335,0.48282875408101095,91.79797003383277,TSLA,30,close,atr10,eod,long_short,oos_2024M06_2026M09,3.577254387307179,3.9247896514051925
263,0.1223379740693015,1.7579158834533262,0.02050908096530133,0.5095057034220533,0.03208039016907636,1.128602656884343,0.25906548940047336,12.23379740693015,2.5863763987775665,46.4285886901885,TSLA,30,close,or,1R,long_only,oos_2024M06_2026M09,3.577254387307179,3.9247896514051925
257,0.1471514098798517,1.8370528008580227,0.10961707103185926,0.5252918287937743,0.07703176706277001,1.2841310584973196,0.19909610243664577,14.715140987985171,2.6301450577428467,45.36938134364427,TSLA,30,close,or,1R,short_only,oos_2024M06_2026M09,3.577254387307179,3.9247896514051925
520,0.13460153753720805,1.7957719771317258,0.042409961852590695,0.5173076923076924,0.054296743749228785,1.7092299828134168,0.08740835706339078,13.460153753720805,2.608008216766177,91.79797003383277,TSLA,30,close,or,1R,long_short,oos_2024M06_2026M09,3.577254387307179,3.9247896514051925
263,0.12003595480509725,1.93951325496277,-0.03013485346927615,0.4866920152091255,0.02813901282349564,1.003682781130095,0.31553153923805066,12.003595480509725,2.5863763987775665,46.4285886901885,TSLA,30,close,or,2R,long_only,oos_2024M06_2026M09,3.577254387307179,3.9247896514051925
257,0.09786485352065168,1.9012386210916945,0.05120944663674338,0.5175097276264592,0.05948012504458232,0.825195183192087,0.40926078765645335,9.786485352065167,2.6301450577428467,45.36938134364427,TSLA,30,close,or,2R,short_only,oos_2024M06_2026M09,3.577254387307179,3.9247896514051925
520,0.10907831436259242,1.9188737433549297,0.00501410530057131,0.5019230769230769,0.043628754825071156,1.2962646852421085,0.19488431082587,10.907831436259242,2.608008216766177,91.79797003383277,TSLA,30,close,or,2R,long_short,oos_2024M06_2026M09,3.577254387307179,3.9247896514051925
263,0.1281123891748535,2.024985241783988,-0.03013485346927615,0.4866920152091255,0.027516029895019556,1.025999483850605,0.30489182735878906,12.811238917485351,2.5863763987775665,46.4285886901885,TSLA,30,close,or,3R,long_only,oos_2024M06_2026M09,3.577254387307179,3.9247896514051925
257,0.11860476211429997,1.9916165652209572,0.05120944663674338,0.5175097276264592,0.06809952741845013,0.9546912861492565,0.3397338377887602,11.860476211429997,2.6301450577428467,45.36938134364427,TSLA,30,close,or,3R,short_only,oos_2024M06_2026M09,3.577254387307179,3.9247896514051925
520,0.12341342733915686,2.0066331212679187,0.00501410530057131,0.5019230769230769,0.04757364309409966,1.4024781659185745,0.16077250606396198,12.341342733915686,2.608008216766177,91.79797003383277,TSLA,30,close,or,3R,long_short,oos_2024M06_2026M09,3.577254387307179,3.9247896514051925
263,0.14354163748775575,2.124355872492134,-0.03013485346927615,0.4866920152091255,0.03245999376526371,1.0957929422014019,0.2731693978403331,14.354163748775575,2.5863763987775665,46.4285886901885,TSLA,30,close,or,eod,long_only,oos_2024M06_2026M09,3.577254387307179,3.9247896514051925
257,0.10491804511846756,1.924838377969965,0.05120944663674338,0.5175097276264592,0.0637729848149238,0.8738210098309961,0.3822157368982704,10.491804511846755,2.6301450577428467,45.36938134364427,TSLA,30,close,or,eod,short_only,oos_2024M06_2026M09,3.577254387307179,3.9247896514051925
520,0.12445266972062677,2.0263444313490018,0.00501410530057131,0.5019230769230769,0.0479358374186534,1.4005306640685198,0.16135446751768256,12.445266972062678,2.608008216766177,91.79797003383277,TSLA,30,close,or,eod,long_short,oos_2024M06_2026M09,3.577254387307179,3.9247896514051925
271,0.014099928917376275,0.5409690487606789,-0.3130224877163694,0.4944649446494465,0.008413659993548856,0.4290709884263484,0.6678715643803925,1.4099928917376274,0.47354697296282167,47.84086515224746,TSLA,30,touch,atr10,1R,long_only,oos_2024M06_2026M09,3.577254387307179,3.9247896514051925
272,0.03854965382896583,0.5365780067752338,0.33985200302775387,0.5330882352941176,0.07230410112770445,1.184873718720285,0.23606737994038474,3.854965382896583,0.48986354127616993,48.01739971000483,TSLA,30,touch,atr10,1R,short_only,oos_2024M06_2026M09,3.577254387307179,3.9247896514051925
543,0.026347304932021507,0.5384157473223302,0.32594249546212245,0.5138121546961326,0.04041771153772992,1.1402979909641247,0.25416217453374945,2.634730493202151,0.48172028158387276,95.8582648622523,TSLA,30,touch,atr10,1R,long_short,oos_2024M06_2026M09,3.577254387307179,3.9247896514051925
271,0.02564715862285585,0.7255889903668531,-0.3746188136971832,0.36531365313653136,0.061340295089302714,0.5818797169259861,0.5606477035915036,2.564715862285585,0.47354697296282167,47.84086515224746,TSLA,30,touch,atr10,2R,long_only,oos_2024M06_2026M09,3.577254387307179,3.9247896514051925
272,0.07590327740752285,0.7546309149303403,-0.3652282725332915,0.3897058823529412,0.14096745457718787,1.6588624923253474,0.09714350420298601,7.590327740752286,0.48986354127616993,48.01739971000483,TSLA,30,touch,atr10,2R,short_only,oos_2024M06_2026M09,3.577254387307179,3.9247896514051925
543,0.05082149436766142,0.7400235255609682,-0.3694768652800323,0.3775322283609576,0.10122719634290264,1.600301526486573,0.10953170839395754,5.082149436766142,0.48172028158387276,95.8582648622523,TSLA,30,touch,atr10,2R,long_short,oos_2024M06_2026M09,3.577254387307179,3.9247896514051925
271,0.011949650588031359,0.8559512181599993,-0.3936517018065016,0.28044280442804426,0.04973320945809068,0.22982159671682273,0.8182304021099251,1.194965058803136,0.47354697296282167,47.84086515224746,TSLA,30,touch,atr10,3R,long_only,oos_2024M06_2026M09,3.577254387307179,3.9247896514051925
272,0.04872680965208983,0.8901513834072644,-0.40000319750376184,0.2977941176470588,0.11154058409578767,0.9027937797542626,0.36663535305519,4.872680965208983,0.48986354127616993,48.01739971000483,TSLA,30,touch,atr10,3R,short_only,oos_2024M06_2026M09,3.577254387307179,3.9247896514051925
543,0.030372094907412397,0.8726385230154436,-0.39677387308054474,0.289134438305709,0.08069380964492967,0.8110362800075205,0.4173448364592276,3.03720949074124,0.48172028158387276,95.8582648622523,TSLA,30,touch,atr10,3R,long_short,oos_2024M06_2026M09,3.577254387307179,3.9247896514051925
271,0.0041276520064940335,1.1877543750726043,-0.40979244474031123,0.2066420664206642,0.053219300130105424,0.05720856870714237,0.9543790524999411,0.41276520064940336,0.47354697296282167,47.84086515224746,TSLA,30,touch,atr10,eod,long_only,oos_2024M06_2026M09,3.577254387307179,3.9247896514051925
272,0.10722007865638997,1.2792742905126222,-0.40436408845984506,0.25,0.26020018163232284,1.3822827919419294,0.16688488755979902,10.722007865638997,0.48986354127616993,48.01739971000483,TSLA,30,touch,atr10,eod,short_only,oos_2024M06_2026M09,3.577254387307179,3.9247896514051925
543,0.055768793901101184,1.2343867340435049,-0.40778225410237995,0.2283609576427256,0.15690033101151082,1.0527855642508117,0.2924392825609303,5.576879390110118,0.48172028158387276,95.8582648622523,TSLA,30,touch,atr10,eod,long_short,oos_2024M06_2026M09,3.577254387307179,3.9247896514051925
271,0.23341435705224026,1.765478480085213,0.23792807551291587,0.5350553505535055,0.08366284800028485,2.176455453765328,0.02952122113605249,23.341435705224026,2.3578226369169295,47.84086515224746,TSLA,30,touch,or,1R,long_only,oos_2024M06_2026M09,3.577254387307179,3.9247896514051925
272,0.15244468321059304,1.800157569134414,0.2011450100380692,0.5367647058823529,0.0719777941932317,1.396645586404589,0.16252017461214052,15.244468321059305,2.380730243563614,48.01739971000483,TSLA,30,touch,or,1R,short_only,oos_2024M06_2026M09,3.577254387307179,3.9247896514051925
543,0.19285496242069688,1.7817497144187107,0.22894764373703647,0.5359116022099447,0.0778095613787039,2.5222262150587853,0.011661468840195255,19.285496242069687,2.369297533800719,95.8582648622523,TSLA,30,touch,or,1R,long_short,oos_2024M06_2026M09,3.577254387307179,3.9247896514051925
271,0.19777849757098376,1.9438119244230183,0.0201565093668571,0.5018450184501845,0.06417229939500148,1.6749794258766018,0.09393826844219477,19.777849757098377,2.3578226369169295,47.84086515224746,TSLA,30,touch,or,2R,long_only,oos_2024M06_2026M09,3.577254387307179,3.9247896514051925
272,0.14719410013508244,1.9334948368849008,0.09134933382462898,0.5183823529411765,0.08027926772251691,1.2555437144119266,0.20928144937950766,14.719410013508243,2.380730243563614,48.01739971000483,TSLA,30,touch,or,2R,short_only,oos_2024M06_2026M09,3.577254387307179,3.9247896514051925
543,0.17243972021819337,1.9370268939080875,0.04792012713830865,0.5101289134438306,0.07224061502130755,2.0744433232467343,0.0380381573135844,17.24397202181934,2.369297533800719,95.8582648622523,TSLA,30,touch,or,2R,long_short,oos_2024M06_2026M09,3.577254387307179,3.9247896514051925
271,0.2227590701411521,2.0512397561275026,0.0201565093668571,0.5018450184501845,0.07612418865299517,1.7877369503972187,0.07381845729782843,22.27590701411521,2.3578226369169295,47.84086515224746,TSLA,30,touch,or,3R,long_only,oos_2024M06_2026M09,3.577254387307179,3.9247896514051925
272,0.1797694066731477,2.053122432766424,0.09134933382462898,0.5183823529411765,0.09484860425867649,1.4440605005114737,0.14872195772890806,17.97694066731477,2.380730243563614,48.01739971000483,TSLA,30,touch,or,3R,short_only,oos_2024M06_2026M09,3.577254387307179,3.9247896514051925
543,0.20122465308167292,2.050401896724849,0.04792012713830865,0.5101289134438306,0.08550363809083186,2.2868733169096402,0.022203218490373544,20.122465308167293,2.369297533800719,95.8582648622523,TSLA,30,touch,or,3R,long_short,oos_2024M06_2026M09,3.577254387307179,3.9247896514051925
271,0.24085416250016267,2.176101635750786,0.0201565093668571,0.5018450184501845,0.08014448458376731,1.8220472133315957,0.06844782214160583,24.085416250016266,2.3578226369169295,47.84086515224746,TSLA,30,touch,or,eod,long_only,oos_2024M06_2026M09,3.577254387307179,3.9247896514051925
272,0.15580063071973435,1.971866242855955,0.09134933382462898,0.5183823529411765,0.08413430284101618,1.3030953987323621,0.19254219431194808,15.580063071973434,2.380730243563614,48.01739971000483,TSLA,30,touch,or,eod,short_only,oos_2024M06_2026M09,3.577254387307179,3.9247896514051925
543,0.19824907844072165,2.07482826437877,0.04792012713830865,0.5101289134438306,0.08214306757819032,2.2265319752992268,0.025978569668250406,19.824907844072165,2.369297533800719,95.8582648622523,TSLA,30,touch,or,eod,long_short,oos_2024M06_2026M09,3.577254387307179,3.9247896514051925
