symbol,date,bucket,time,n_quotes,median_bps,mean_bps,p90_bps,p99_bps,median_abs_spread,median_mid,median_bid_size,median_ask_size
AAPL,2021-03-10,10:30-15:30,14:30:00,4185,0.8312897460402265,0.8019261281869627,0.8317737575383753,1.6622340425528608,0.010000000000005116,120.295,6.0,7.0
AMD,2021-03-10,10:30-15:30,14:30:00,2714,1.2806556957168616,1.5278144047147955,2.5604916143912724,2.56213169356854,0.010000000000005116,78.11250000000001,4.0,4.0
IWM,2021-03-10,10:30-15:30,14:30:00,2173,0.8799331250829439,1.0293573426565612,1.3195803734412954,1.7591696719145062,0.020000000000010232,227.37,5.0,2.0
NVDA,2021-03-10,10:30-15:30,14:30:00,476,7.861673842638039,8.22604437553192,10.749905440646994,11.933174224344127,0.39500000000001023,502.6775,1.0,1.0
QQQ,2021-03-10,10:30-15:30,14:30:00,452,0.3210118292856173,0.3401692387091851,0.6098225366470875,0.6420339635960904,0.009999999999990905,311.525,2.0,2.0
AAPL,2021-03-10,15:30-16:00,15:35:00,4600,0.8317045785329484,0.7904857867582554,0.8319121500761952,0.8319813636178807,0.010000000000005116,120.235,10.0,8.0
AMD,2021-03-10,15:30-16:00,15:35:00,3309,1.2844390212581231,1.3286355924018092,1.2850992739177414,2.569703199281798,0.010000000000005116,77.85499999999999,5.0,9.0
IWM,2021-03-10,15:30-16:00,15:35:00,2091,0.4404413222057004,0.4827751174101353,0.8807856608098926,0.8809796493705503,0.009999999999990905,227.04500000000002,3.0,2.0
AAPL,2021-03-10,15:30-16:00,15:50:00,9223,0.8316354110362273,0.8915073369419426,1.6623722051363994,1.6643088957318992,0.010000000000005116,120.245,6.0,6.0
AMD,2021-03-10,15:30-16:00,15:50:00,765,1.283120549174428,1.9848566123310103,3.8478804591805473,8.976592158067882,0.010000000000005116,77.965,3.0,3.0
AAPL,2021-03-10,15:30-16:00,15:58:00,4389,0.8332291796851148,0.8022787350851873,0.8334375130217032,1.666250104141484,0.010000000000005116,120.015,11.0,11.0
AMD,2021-03-10,15:30-16:00,15:58:00,2808,1.2884107453462752,1.2759864932461964,1.288576766961551,2.576987501611936,0.010000000000005116,77.61500000000001,12.0,7.0
IWM,2021-03-10,15:30-16:00,15:58:00,2752,0.43982143249800565,0.45101909238494675,0.4398794730239913,0.8797009016938742,0.009999999999990905,227.365,5.0,8.0
NVDA,2021-03-10,15:30-16:00,15:58:00,51,3.4007821799016957,3.2632830102953942,4.0003200256018205,4.200294020581031,0.17000000000001592,499.90999999999997,1.0,1.0
AAPL,2021-06-16,09:30-09:45,09:30:05,3101,1.5353907569484286,1.3814154055318146,2.3037051257439916,4.609356994699414,0.01999999999998181,130.225,2.0,3.0
AMD,2021-06-16,09:30-09:45,09:30:05,1043,2.4721878862788653,2.061578660382608,3.7094281298301253,4.43104396930514,0.01999999999999602,80.775,2.0,2.0
IWM,2021-06-16,09:30-09:45,09:30:05,3062,0.4355116172719946,0.6774087519708741,1.3052842256401826,1.3064210595075287,0.010000000000019327,229.71499999999997,4.0,2.0
NVDA,2021-06-16,09:30-09:45,09:30:05,474,7.596966840647674,8.174043047974287,13.076343348760991,15.085580980878841,0.5400000000000773,711.645,1.0,1.0
QQQ,2021-06-16,09:30-09:45,09:30:05,2320,0.583685976945532,0.5230631130696946,0.8754139978690297,0.87564396316544,0.01999999999998181,342.635,3.0,2.0
AAPL,2021-06-16,09:30-09:45,09:33:00,2910,0.7677248474139884,1.0439144335107968,1.5353907569484286,2.302467477646965,0.010000000000019327,130.28,3.0,4.0
AMD,2021-06-16,09:30-09:45,09:33:00,2965,1.2326656394441793,1.6856329777197143,2.4651793417966252,2.4663953631762263,0.010000000000005116,81.155,3.0,3.0
IWM,2021-06-16,09:30-09:45,09:33:00,4125,0.436614491234567,0.660786213400833,0.8730574471804711,1.3088719705068013,0.010000000000019327,229.2,3.0,3.0
AAPL,2021-06-16,09:30-09:45,09:40:00,4698,0.7699118450930367,0.7495238061727758,0.7701490238354118,1.5400015400001394,0.009999999999990905,129.885,7.0,7.0
AMD,2021-06-16,09:30-09:45,09:40:00,883,1.2343393198779122,1.333479912842393,2.4676125848236916,2.469440671687371,0.010000000000005116,81.015,5.0,3.0
IWM,2021-06-16,09:30-09:45,09:40:00,3675,0.4366335552883268,0.4659740610190222,0.8731336767651188,0.8734005851788389,0.009999999999990905,229.025,4.0,4.0
NVDA,2021-06-16,09:30-09:45,09:40:00,340,5.531572020072671,5.711737647028773,8.403949856432842,10.504569487727162,0.3949999999999818,714.025,1.0,1.0
QQQ,2021-06-16,09:30-09:45,09:40:00,399,0.2914644631967166,0.2892711736492348,0.582818510317014,0.5830053927993532,0.009999999999990905,343.105,4.0,3.0
AAPL,2021-06-16,09:45-10:30,09:50:00,3948,0.7668417622016721,0.7504736383083813,0.7674302597744449,1.5348016268883287,0.009999999999990905,130.4,8.0,6.0
AMD,2021-06-16,09:45-10:30,09:50:00,2039,1.231299636767237,1.2439900522164662,1.2322099685775252,2.4638491818189894,0.010000000000005116,81.215,5.0,4.0
IWM,2021-06-16,09:45-10:30,09:50:00,4013,0.4372062520490067,0.43614443127430563,0.4373592250002986,0.8746993221084729,0.009999999999990905,228.715,7.0,4.0
AAPL,2021-06-16,09:45-10:30,10:10:00,1957,0.7653744594535918,0.7407367513753998,0.7654916370031696,1.5305731996640568,0.009999999999990905,130.655,9.0,8.0
AMD,2021-06-16,09:45-10:30,10:10:00,1611,1.2284257723715872,1.22930369608255,1.2291807510300679,2.4584823821702715,0.010000000000005116,81.405,7.0,4.0
IWM,2021-06-16,09:45-10:30,10:10:00,3648,0.4368242874312253,0.4565992621103209,0.4369197160017872,0.8738405778136417,0.009999999999990905,228.925,4.0,3.0
NVDA,2021-06-16,09:45-10:30,10:10:00,287,5.297643942562323,5.014680074714201,6.135568167557549,7.428911980782238,0.37999999999999545,717.14,1.0,1.0
QQQ,2021-06-16,09:45-10:30,10:10:00,2497,0.2909895098295602,0.31919677075319886,0.5819536182960925,0.5820721769510667,0.009999999999990905,343.655,4.0,5.0
AAPL,2021-06-16,10:30-15:30,11:15:00,1479,0.7657847379094769,0.7383288019821203,0.7659020411282431,0.7659607062150744,0.009999999999990905,130.585,15.0,14.0
AMD,2021-06-16,10:30-15:30,11:15:00,1660,1.2409257305956585,1.1720668603877107,1.2412337863825367,2.4823135161966023,0.010000000000005116,80.58500000000001,10.0,11.0
IWM,2021-06-16,10:30-15:30,11:15:00,2642,0.43573934072598114,0.46889050745033045,0.8713457935773891,0.871573626181279,0.009999999999990905,229.495,9.0,5.0
NVDA,2021-06-16,10:30-15:30,11:15:00,214,3.222191306383491,2.974441798024096,4.904193085088069,5.604595768529876,0.2300000000000182,713.6800000000001,1.0,1.0
QQQ,2021-06-16,10:30-15:30,11:15:00,3564,0.29166848959446134,0.30394382417509835,0.2917025217680354,0.5833795175446084,0.009999999999990905,342.855,8.0,6.0
SPY,2021-06-16,10:30-15:30,11:15:00,441,0.2356573071450765,0.230849019596644,0.23566286071125184,0.23566286071125184,0.010000000000047748,424.345,6.0,5.0
AAPL,2021-06-16,10:30-15:30,12:45:00,1993,0.7683147017011183,0.7170491368462684,0.7683737369871549,0.7684327813417533,0.009999999999990905,130.155,12.0,12.0
AMD,2021-06-16,10:30-15:30,12:45:00,793,1.2471160441467737,1.165296571167171,1.2472715933900986,1.2472715933900986,0.010000000000005116,80.185,12.0,14.0
IWM,2021-06-16,10:30-15:30,12:45:00,2735,0.4370533860707111,0.4750650414056593,0.8738967054098676,0.8742022904092057,0.009999999999990905,228.805,4.0,4.0
NVDA,2021-06-16,10:30-15:30,12:45:00,371,2.8128603977390996,3.0262052903740835,4.078733623532375,5.344209267983904,0.20000000000004547,711.05,1.0,1.0
QQQ,2021-06-16,10:30-15:30,12:45:00,3788,0.2927614725899409,0.30280755555230005,0.29278718763240286,0.5855658029565748,0.009999999999990905,341.575,4.0,10.0
SPY,2021-06-16,10:30-15:30,12:45:00,320,0.2361526018110757,0.23837001819406636,0.2361637559481598,0.47232193463021466,0.009999999999990905,423.455,7.0,6.0
AAPL,2021-06-16,10:30-15:30,14:30:00,5548,0.7740237625288058,0.7546061086025739,0.7742634818621738,1.5482272797654615,0.009999999999990905,129.195,4.0,5.0
AMD,2021-06-16,10:30-15:30,14:30:00,4081,1.2573081033513693,1.2976614048746404,1.2579407509912717,2.5157232704415384,0.010000000000005116,79.535,3.0,4.0
IWM,2021-06-16,10:30-15:30,14:30:00,371,0.43642394221707315,0.5787297928532099,0.8728288382652628,0.8729431277556732,0.009999999999990905,229.14999999999998,2.0,2.0
AAPL,2021-06-16,15:30-16:00,15:35:00,3579,0.7686690495400212,0.7261596829947048,0.7687872381333329,0.7689054630726158,0.009999999999990905,130.095,10.0,11.0
AMD,2021-06-16,15:30-16:00,15:35:00,3653,1.2477384740164845,1.1917546799243564,1.2480499219957448,2.495321272613352,0.010000000000005116,80.14500000000001,9.0,9.0
IWM,2021-06-16,15:30-16:00,15:35:00,2768,0.4353030797688935,0.5249396979957417,0.8705872110743146,0.8707009142364054,0.010000000000019327,229.73000000000002,3.0,7.0
AAPL,2021-06-16,15:30-16:00,15:50:00,6211,0.7680786512531899,0.7276102845009096,0.7681376502662292,1.5360983102926447,0.009999999999990905,130.195,11.0,12.0
AMD,2021-06-16,15:30-16:00,15:50:00,3789,1.2446325222466743,1.1517350959661425,1.2449424214136466,1.2452524749399307,0.010000000000005116,80.33500000000001,8.0,9.0
AAPL,2021-06-16,15:30-16:00,15:58:00,2302,0.7681376502662292,0.7250814895629946,0.7682556754881039,0.7682556754881039,0.009999999999990905,130.185,17.0,16.0
AMD,2021-06-16,15:30-16:00,15:58:00,2011,1.2475828083077667,1.1849936318987793,1.2478941785742956,1.2478941785742956,0.010000000000005116,80.15,10.0,12.0
IWM,2021-06-16,15:30-16:00,15:58:00,3958,0.4350001087496316,0.4425813823749797,0.43517047803561115,0.8702841477734568,0.009999999999990905,229.89499999999998,6.0,4.0
NVDA,2021-06-16,15:30-16:00,15:58:00,574,2.245929253228076,2.3140170030758647,3.2291261825396504,3.7906175196723475,0.15999999999996817,712.28,1.0,1.0
QQQ,2021-06-16,15:30-16:00,15:58:00,1154,0.29330243880951196,0.28949264109031697,0.2933368533769745,0.5865871568589055,0.009999999999990905,340.945,4.0,5.0
AAPL,2021-11-08,09:30-09:45,09:30:05,2509,0.6605237953710049,1.2168270566252064,2.640264026403991,3.960657469140027,0.010000000000019327,151.45,3.0,2.0
AMD,2021-11-08,09:30-09:45,09:30:05,5084,3.611803373425172,3.7319085828909713,5.788712011578329,9.385942745748922,0.04999999999998295,138.335,1.0,1.0
IWM,2021-11-08,09:30-09:45,09:30:05,2404,0.41034900182567985,0.45146871037051417,0.8206037184451537,0.8209169642483196,0.009999999999990905,243.70499999999998,3.0,3.0
AAPL,2021-11-08,09:30-09:45,09:33:00,4031,0.661791469509237,0.8563819081171864,1.3234515616716391,1.323977227590481,0.010000000000019327,151.14499999999998,4.0,4.0
AMD,2021-11-08,09:30-09:45,09:33:00,3191,3.5869292298850715,3.3910723814099812,5.032531722922691,7.174784965742855,0.04999999999998295,139.29500000000002,2.0,1.0
IWM,2021-11-08,09:30-09:45,09:33:00,2777,0.40969334453124545,0.42724649589826336,0.4097940784751933,0.8195377806921091,0.009999999999990905,244.085,3.0,3.0
AAPL,2021-11-08,09:30-09:45,09:40:00,2945,0.6633719194660457,0.7005262803571188,0.6635479911097395,1.3268758707629689,0.009999999999990905,150.745,4.0,4.0
AMD,2021-11-08,09:30-09:45,09:40:00,2450,2.8702640642933437,2.8434427718500666,4.3010752688173675,5.028193800954867,0.03999999999999204,139.39999999999998,1.0,2.0
IWM,2021-11-08,09:30-09:45,09:40:00,4605,0.4100797605142124,0.4031297142859817,0.4102143369907047,0.8202436123532886,0.009999999999990905,243.85500000000002,6.0,4.0
AAPL,2021-11-08,09:45-10:30,09:50:00,2940,0.662142029464718,0.7207047287814691,1.3241525423735587,1.3245910325193875,0.009999999999990905,151.025,4.0,4.0
AMD,2021-11-08,09:45-10:30,09:50:00,885,2.862049227246139,2.954042073935333,3.5792261713025786,4.293073840870226,0.03999999999999204,139.82999999999998,1.0,2.0
IWM,2021-11-08,09:45-10:30,09:50:00,6174,0.40960943740106526,0.45420724457547496,0.8187661194583958,0.8193363375669902,0.009999999999990905,244.14499999999998,4.0,5.0
AAPL,2021-11-08,09:45-10:30,10:10:00,1593,0.6611351690847181,0.7088289151116163,0.6613975329866004,1.3224889241559366,0.009999999999990905,151.265,6.0,3.0
AMD,2021-11-08,09:45-10:30,10:10:00,2003,2.1224663058474746,2.1511919355391638,2.833061831575924,4.24778761061963,0.030000000000001137,141.35000000000002,2.0,2.0
IWM,2021-11-08,09:45-10:30,10:10:00,5502,0.4112433944026034,0.44359035012046705,0.822436055597098,0.822571358065733,0.009999999999990905,243.17000000000002,3.0,6.0
NVDA,2021-11-08,09:45-10:30,10:10:00,902,4.9579401411352775,5.044199890480845,7.602174883075846,9.252540983210746,0.14999999999997726,302.6825,1.0,1.0
AAPL,2021-11-08,10:30-15:30,11:15:00,1106,0.6638122738902272,0.6650262450485341,0.6638563414870983,1.2944780002932994,0.010000000000019327,150.64499999999998,6.0,5.0
AMD,2021-11-08,10:30-15:30,11:15:00,1435,3.4424592929196436,3.205262233642071,4.821434721217287,6.88989940746826,0.04999999999998295,145.20499999999998,2.0,1.0
IWM,2021-11-08,10:30-15:30,11:15:00,2885,0.41011339635371885,0.4265917161112699,0.41018068459235535,0.8203108978295316,0.009999999999990905,243.835,4.0,4.0
NVDA,2021-11-08,10:30-15:30,11:15:00,956,4.56338211806077,4.379415438926717,6.201854029592862,8.149215470695045,0.13999999999998636,306.625,1.0,1.0
QQQ,2021-11-08,10:30-15:30,11:15:00,3213,0.2513731256989029,0.3173912073760798,0.5027399326323918,0.5027778476090061,0.009999999999990905,397.825,8.0,9.0
SPY,2021-11-08,10:30-15:30,11:15:00,403,0.21334471171776426,0.21863554191940915,0.21334471171776426,0.4266848718874791,0.009999999999990905,468.73,6.0,4.0
AAPL,2021-11-08,10:30-15:30,12:45:00,1329,0.6644297531637424,0.6494378534204045,0.6645180582795179,1.3288153611062543,0.009999999999990905,150.505,6.0,6.0
AMD,2021-11-08,10:30-15:30,12:45:00,2082,1.9657307604102567,2.0309238673874135,3.279011050266121,4.588809859387171,0.030000000000001137,152.64499999999998,2.0,2.0
IWM,2021-11-08,10:30-15:30,12:45:00,2295,0.4111757570781574,0.476174412781627,0.8223684210530524,0.8224022369333365,0.010000000000019327,243.235,5.0,4.0
NVDA,2021-11-08,10:30-15:30,12:45:00,976,3.2462262619711972,3.0406426335237877,4.549294859296365,5.845104724793206,0.0999999999999659,307.865,1.0,1.0
QQQ,2021-11-08,10:30-15:30,12:45:00,2836,0.25101976780648644,0.31111461553976794,0.502033234599674,0.5021214631814871,0.009999999999990905,398.39,4.0,8.5
SPY,2021-11-08,10:30-15:30,12:45:00,482,0.2134038988902517,0.23554114784073898,0.42681235195029027,0.4268214605826499,0.009999999999990905,468.595,5.0,8.0
AAPL,2021-11-08,10:30-15:30,14:30:00,981,0.6642973394885511,0.619601990548015,0.6643414715157552,0.6643856094089843,0.009999999999990905,150.535,5.0,8.0
AMD,2021-11-08,10:30-15:30,14:30:00,1076,1.9886646117133095,1.886987666178784,3.313342831583537,3.980099502487713,0.030000000000001137,150.805,1.0,1.0
IWM,2021-11-08,10:30-15:30,14:30:00,2082,0.41266893634661417,0.41145821539675076,0.41268596661332996,0.8253889645487933,0.010000000000019327,242.325,7.0,3.0
NVDA,2021-11-08,10:30-15:30,14:30:00,909,2.2734284925543005,2.206560539584478,3.248862897986444,4.223590376711624,0.06999999999999318,307.86,1.0,1.0
QQQ,2021-11-08,10:30-15:30,14:30:00,3139,0.25098196694544667,0.3036608124203482,0.5019576347751684,0.502033234599674,0.009999999999990905,398.445,10.0,3.0
SPY,2021-11-08,10:30-15:30,14:30:00,1813,0.21323098246155775,0.23957512770323877,0.42645741822640215,0.4264756055961842,0.009999999999990905,468.975,5.0,7.0
AAPL,2021-11-08,15:30-16:00,15:35:00,862,0.6641208699996233,0.6340885320777369,0.6642090930218794,0.9231646247088037,0.009999999999990905,150.575,12.0,11.0
AMD,2021-11-08,15:30-16:00,15:35:00,1110,1.3252054068387378,1.4189622668759572,1.9885327942200732,2.6511134676558883,0.020000000000010232,150.925,2.0,2.0
IWM,2021-11-08,15:30-16:00,15:35:00,3171,0.4120228260653603,0.4051407645193881,0.41210772495892956,0.8241645032352672,0.009999999999990905,242.70499999999998,7.0,5.0
NVDA,2021-11-08,15:30-16:00,15:35:00,417,1.6254083838568136,1.528410609388231,2.2763561484138406,2.926480946097605,0.049999999999954525,307.525,1.0,1.0
QQQ,2021-11-08,15:30-16:00,15:35:00,1989,0.25090010412331504,0.28369484478692175,0.5018065034118279,0.5018694637520216,0.009999999999990905,398.585,9.0,5.0
SPY,2021-11-08,15:30-16:00,15:35:00,2451,0.21315825934946028,0.22958946609269507,0.21317643547784024,0.42633923813139374,0.009999999999990905,469.145,5.0,5.0
AAPL,2021-11-08,15:30-16:00,15:50:00,3175,0.6646505599693814,0.6498158873016137,0.6647831145101762,1.3293452974416904,0.009999999999990905,150.45499999999998,10.0,9.0
AMD,2021-11-08,15:30-16:00,15:50:00,2527,1.999800019998076,2.486890736240807,3.9997333511100774,7.999050840848005,0.030000000000001137,150.125,1.0,2.0
IWM,2021-11-08,15:30-16:00,15:50:00,4297,0.4131121806122696,0.44818186720049547,0.8259684480057088,0.8264462809909838,0.009999999999990905,242.065,6.0,5.0
AAPL,2021-11-08,15:30-16:00,15:58:00,1455,0.6647831145101762,0.6273071078036148,0.6648273111053355,1.329433661259094,0.009999999999990905,150.425,11.0,10.0
AMD,2021-11-08,15:30-16:00,15:58:00,1326,0.6666444451845542,0.9783402710807831,1.3332444503706575,1.9991337087262946,0.010000000000019327,150.06,3.0,3.0
IWM,2021-11-08,15:30-16:00,15:58:00,2733,0.41256678424782495,0.40953691345598064,0.4126008293272917,0.8250825082512473,0.009999999999990905,242.385,5.0,9.0
NVDA,2021-11-08,15:30-16:00,15:58:00,923,0.9732517964597225,1.0557505160492124,1.6220337058589325,2.199254837324046,0.03000000000002956,308.275,1.0,2.0
QQQ,2021-11-08,15:30-16:00,15:58:00,3223,0.25116477665149395,0.24952957793852176,0.25117739403430844,0.5023484791395225,0.009999999999990905,398.145,12.0,19.0
SPY,2021-11-08,15:30-16:00,15:58:00,340,0.21319006960636383,0.2225988827343152,0.21320370548141926,0.42639377465050227,0.009999999999990905,469.065,7.0,12.0
AAPL,2021-12-01,09:30-09:45,09:30:05,4644,1.7967837570749043,1.9593855090632009,3.5807427680858672,5.369995728274459,0.030000000000001137,167.165,1.0,2.0
AMD,2021-12-01,09:30-09:45,09:30:05,2164,5.613072226986871,6.090326274471489,10.599494965239113,13.150067315821282,0.09000000000000341,159.925,1.0,1.0
IWM,2021-12-01,09:30-09:45,09:30:05,3191,0.4489438595699524,0.6334478253565465,0.8977063602500216,1.3464688853482256,0.010000000000019327,222.91,6.0,3.0
AAPL,2021-12-01,09:30-09:45,09:33:00,3680,1.2006243246494317,1.269451238926316,1.8020723832407948,2.4026910139351294,0.020000000000010232,166.615,3.0,2.0
AMD,2021-12-01,09:30-09:45,09:33:00,1676,6.270378730874988,6.326556771219228,8.791761002790182,11.28880526810777,0.09999999999999432,159.5125,2.0,2.0
IWM,2021-12-01,09:30-09:45,09:33:00,4641,0.4500956453255014,0.54859747911492,0.9002925950938659,0.900454729638928,0.010000000000019327,222.19,3.0,3.0
AAPL,2021-12-01,09:30-09:45,09:40:00,5049,1.1953143676793112,1.0423325464456976,1.7940974194899466,2.391772303276252,0.01999999999998181,167.185,3.0,2.0
AMD,2021-12-01,09:30-09:45,09:40:00,1704,5.0466818067128765,4.976016142896557,6.93940636532727,8.827794942933751,0.07999999999998408,158.47500000000002,2.0,2.0
IWM,2021-12-01,09:30-09:45,09:40:00,3231,0.4507042253517028,0.4702190243337085,0.9011850583521935,0.9016319538369052,0.009999999999990905,221.875,4.0,4.0
AAPL,2021-12-01,09:45-10:30,09:50:00,3674,0.5980324731627489,0.808949587978037,1.1960291831109802,1.7933466838031582,0.010000000000019327,167.265,2.0,3.0
AMD,2021-12-01,09:45-10:30,09:50:00,986,4.418773474733654,4.422233223328426,5.686844438887736,6.946176635169795,0.06999999999999318,158.4375,2.0,2.0
IWM,2021-12-01,09:45-10:30,09:50:00,5339,0.45039972975975245,0.4798786842585246,0.9007386056570992,0.9012662791213469,0.009999999999990905,222.025,3.0,4.0
AAPL,2021-12-01,09:45-10:30,10:10:00,2489,0.5955039452147879,0.7097273627706825,1.1909015124438378,1.1914690813779476,0.009999999999990905,167.935,3.0,3.0
AMD,2021-12-01,09:45-10:30,10:10:00,583,3.761755485893559,3.895409625074457,5.013787916770123,6.261348694508442,0.060000000000002274,159.625,2.0,1.0
IWM,2021-12-01,09:45-10:30,10:10:00,4968,0.44699729566595464,0.4677843568588813,0.44713720405192725,0.8942144326201292,0.009999999999990905,223.715,4.0,3.0
NVDA,2021-12-01,09:45-10:30,10:10:00,704,4.536313187063467,4.728166216913666,6.656580937973594,8.761563122893612,0.14999999999997726,330.59250000000003,2.0,1.0
QQQ,2021-12-01,09:45-10:30,10:10:00,1248,0.2505794650126143,0.3708089870675448,0.5011526510970685,0.7516065590206455,0.010000000000047748,399.115,9.0,3.0
AAPL,2021-12-01,10:30-15:30,11:15:00,1971,0.5888414544395305,0.6327191917741707,1.1775788977850807,1.1777869383417825,0.009999999999990905,169.82999999999998,4.0,4.0
AMD,2021-12-01,10:30-15:30,11:15:00,586,3.1413941507248055,2.961142903737091,4.3987809092904255,5.029232413403691,0.04999999999998295,159.125,2.0,2.0
IWM,2021-12-01,10:30-15:30,11:15:00,4090,0.4465980394342007,0.48032759830679767,0.8929767379551641,0.8934953538233475,0.009999999999990905,223.925,5.0,4.0
NVDA,2021-12-01,10:30-15:30,11:15:00,620,2.705221091953013,2.816882813292,4.2091338203898365,5.7100782881785666,0.09000000000003183,332.755,1.0,1.0
QQQ,2021-12-01,10:30-15:30,11:15:00,2733,0.2500031250388356,0.36504197298928004,0.4999875003120375,0.7499156344918587,0.010000000000047748,400.03,7.0,8.0
AAPL,2021-12-01,10:30-15:30,12:45:00,3665,0.5881833955838796,0.5615609168318274,0.5883564263225314,1.176539796459217,0.009999999999990905,170.015,4.0,4.0
AMD,2021-12-01,10:30-15:30,12:45:00,1470,1.9215372297820796,1.8823603932163535,2.5639382090886507,3.842459173871423,0.030000000000001137,156.10000000000002,2.0,2.0
IWM,2021-12-01,10:30-15:30,12:45:00,4865,0.4520489116918339,0.5094521555189899,0.9040365230759947,0.9042000090411777,0.009999999999990905,221.225,8.0,3.0
AAPL,2021-12-01,10:30-15:30,14:30:00,3367,0.5955039452147879,0.6789296870554199,1.1909724289888781,1.19132713843113,0.009999999999990905,167.935,3.0,3.0
AMD,2021-12-01,10:30-15:30,14:30:00,1504,3.275359470702654,3.168938581479907,3.937524609528959,4.594514414638585,0.04999999999998295,152.64,2.0,1.0
IWM,2021-12-01,10:30-15:30,14:30:00,5129,0.4596961408504795,0.6559614731223363,0.9191598878616577,1.378328088029273,0.010000000000019327,217.665,3.0,3.0
AAPL,2021-12-01,15:30-16:00,15:35:00,5923,0.6026092982609241,0.744650160835569,1.2051096649801298,1.2056908608621781,0.009999999999990905,165.985,3.0,3.0
AMD,2021-12-01,15:30-16:00,15:35:00,2275,3.3250207813806396,3.3240786354720417,4.656267668872396,5.9747070733895455,0.05000000000001137,150.39499999999998,1.0,2.0
IWM,2021-12-01,15:30-16:00,15:35:00,1801,0.4651270959785532,0.6014371693923289,0.9302325581386889,1.3953163879910297,0.009999999999990905,215.005,2.0,2.0
AAPL,2021-12-01,15:30-16:00,15:50:00,9990,0.6025003765621874,0.8047275520472672,1.2053275477617207,2.4102193299585473,0.010000000000019327,166.015,2.0,2.0
AAPL,2021-12-01,15:30-16:00,15:58:00,3969,0.6057485537747769,0.6882274042841482,1.2114604155298208,1.2119743061453299,0.009999999999990905,165.12,4.0,4.0
AMD,2021-12-01,15:30-16:00,15:58:00,1858,1.336094595496146,1.4259700358484877,2.0047445621304516,3.339009649738647,0.020000000000010232,149.7,2.0,2.0
IWM,2021-12-01,15:30-16:00,15:58:00,4172,0.46808809417889885,0.46752719972179857,0.46819767305713905,0.9361542782255305,0.009999999999990905,213.635,6.0,10.0
AAPL,2022-01-24,09:30-09:45,09:30:05,8889,4.384179375567167,5.689006127269375,11.296598468683746,19.45112685578748,0.06999999999999318,159.715,1.0,1.0
AMD,2022-01-24,09:30-09:45,09:30:05,1098,6.951081762099078,8.03636042097361,13.0281843053799,19.072835159588212,0.0799999999999983,115.195,1.0,1.0
AAPL,2022-01-24,09:30-09:45,09:33:00,5394,2.4973465692696535,2.4201941736057333,3.7443834248628476,4.375136723022168,0.03999999999999204,160.115,1.0,1.0
AMD,2022-01-24,09:30-09:45,09:33:00,3072,6.045166026166344,6.544057960254133,10.360010360010753,12.968486577615657,0.07000000000000739,115.845,1.0,1.0
IWM,2022-01-24,09:30-09:45,09:33:00,1533,1.0317255610013014,1.3371009121106396,2.0621745630778197,3.6053668460762367,0.020000000000010232,193.93,2.0,2.0
AAPL,2022-01-24,09:30-09:45,09:40:00,5815,1.2439358129109224,1.118107523285218,1.8658456945611301,1.8685185761889156,0.01999999999998181,160.7,2.0,2.0
AMD,2022-01-24,09:30-09:45,09:40:00,2495,4.3172300651899285,4.190274127477272,6.054054054053464,9.503699535036912,0.04999999999999716,115.77,1.0,2.0
IWM,2022-01-24,09:30-09:45,09:40:00,1688,1.025588431363019,1.0981444450408633,1.5385009872048583,2.0511768627245806,0.020000000000010232,195.025,2.0,2.0
AAPL,2022-01-24,09:45-10:30,09:50:00,5854,1.2514861397898636,0.9936966628064191,1.2528188423960307,1.8791694071221237,0.01999999999998181,159.68,2.0,3.0
AMD,2022-01-24,09:45-10:30,09:50:00,3562,4.433606739081991,4.0320313628888105,6.216972334472506,7.121873052612685,0.04999999999999716,112.565,1.0,1.0
IWM,2022-01-24,09:45-10:30,09:50:00,584,1.0339123242339645,1.1832168417209568,1.5508284008375062,2.067717756525823,0.020000000000010232,193.47,1.0,1.0
AAPL,2022-01-24,09:45-10:30,10:10:00,7057,1.2615112905266952,1.2284375225822868,1.8924459864375422,1.8936405239072833,0.020000000000010232,158.53,2.0,2.0
AMD,2022-01-24,09:45-10:30,10:10:00,2943,3.6304229442735747,3.6458441593412765,5.444152073313498,6.36566180148167,0.04000000000000625,110.19,2.0,1.0
AAPL,2022-01-24,10:30-15:30,11:15:00,7116,0.6326111023260684,0.743826785549561,1.2650221378880602,1.2655824843372658,0.009999999999990905,158.10000000000002,3.0,3.0
AMD,2022-01-24,10:30-15:30,11:15:00,2711,3.591309032142777,3.2354885863516514,4.49296850429053,5.39277368326463,0.03999999999999204,111.29499999999999,1.0,2.0
IWM,2022-01-24,10:30-15:30,11:15:00,173,1.0360547036888847,1.2006204114054895,1.5541223094258103,1.6992467239819204,0.020000000000010232,193.055,2.0,2.0
AAPL,2022-01-24,10:30-15:30,12:45:00,5082,1.2770576591539642,1.0036826365505371,1.2791813239533245,1.918097247530523,0.01999999999998181,156.405,2.0,3.0
AMD,2022-01-24,10:30-15:30,12:45:00,2244,2.7398511347551153,3.1597078332904545,4.561294685852775,5.4759514465627515,0.030000000000001137,109.59,2.0,1.0
IWM,2022-01-24,10:30-15:30,12:45:00,2674,1.0405556574253887,1.0317710883448852,1.5610771432288868,1.5617272703610783,0.020000000000010232,192.19,2.0,5.0
AAPL,2022-01-24,10:30-15:30,14:30:00,5209,1.2708095056539466,1.012445824236017,1.272426517369273,1.9079721436067754,0.01999999999998181,157.26999999999998,2.0,3.0
AMD,2022-01-24,10:30-15:30,14:30:00,1657,4.456526583180816,4.39672623941727,6.252512170067722,8.04038057801433,0.04999999999999716,112.12,1.0,1.0
IWM,2022-01-24,10:30-15:30,14:30:00,3134,1.014867813467815,0.936568369170578,1.5223403445564223,1.5227266959369155,0.020000000000010232,197.04500000000002,2.0,3.0
AAPL,2022-01-24,15:30-16:00,15:35:00,4406,1.2528188423960307,1.1911591357039188,1.8792871237511284,1.880347237456588,0.020000000000010232,159.62,3.0,3.0
AMD,2022-01-24,15:30-16:00,15:35:00,3015,3.4686090877563527,3.1202757533273062,4.338206585397351,5.206525511975206,0.03999999999999204,115.245,1.0,4.0
IWM,2022-01-24,15:30-16:00,15:35:00,2579,0.9957679860597575,0.7970392288966773,0.9960655411131146,1.4939867035183951,0.01999999999998181,200.82,2.0,5.0
AAPL,2022-01-24,15:30-16:00,15:50:00,7243,1.8677042801539434,1.8104716988554574,2.492833104823136,3.118081756102581,0.030000000000001137,160.59,2.0,2.0
AMD,2022-01-24,15:30-16:00,15:50:00,2755,3.4512510785165014,3.185741214230175,4.322081514457117,6.905707855130086,0.03999999999999204,115.83500000000001,1.0,1.0
AAPL,2022-01-24,15:30-16:00,15:58:00,5049,1.2360939431403108,0.9874261454948177,1.2375471814869272,1.856033656077034,0.01999999999998181,161.715,2.0,3.0
AMD,2022-01-24,15:30-16:00,15:58:00,1808,1.718360683908431,1.9743804728777419,2.577651759247423,3.437016669531385,0.020000000000010232,116.43,2.0,4.0
IWM,2022-01-24,15:30-16:00,15:58:00,3134,0.4956506654105675,0.6569396710883714,0.9913258983881938,0.991768322918864,0.010000000000019327,201.76999999999998,3.0,3.0
AAPL,2022-03-08,09:30-09:45,09:30:05,5908,1.8872078759476076,2.0167816440625743,3.145148608272456,3.7819098644817064,0.030000000000001137,159.04000000000002,2.0,2.0
AMD,2022-03-08,09:30-09:45,09:30:05,3347,4.8400367842792855,4.644471713982392,6.809007344001497,10.674947838323009,0.04999999999999716,103.01,1.0,1.0
IWM,2022-03-08,09:30-09:45,09:30:05,744,0.5141784713483984,0.5915784876386718,1.0283305054249694,1.0284891494399997,0.009999999999990905,194.485,2.0,8.5
AAPL,2022-03-08,09:30-09:45,09:33:00,3837,1.261113563275226,1.120814582334535,1.8922072597685915,2.522328919046331,0.01999999999998181,158.55,3.0,3.0
AMD,2022-03-08,09:30-09:45,09:33:00,3549,4.8954814706023555,4.360615494260233,5.889859625012494,7.84353714031991,0.04999999999999716,102.03,1.0,1.0
IWM,2022-03-08,09:30-09:45,09:33:00,2613,0.5155037760661559,0.60425430578811,1.0309278350506088,1.0311936066001666,0.009999999999990905,193.995,2.0,3.0
AAPL,2022-03-08,09:30-09:45,09:40:00,9996,0.6291484475756334,0.8412168989981585,1.2580198767146955,1.258811681771262,0.010000000000019327,159.005,2.0,3.0
AAPL,2022-03-08,09:45-10:30,09:50:00,7353,0.6264290412497827,0.9406623136427564,1.2525050100206807,1.8779930514257808,0.010000000000019327,159.735,3.0,3.0
AMD,2022-03-08,09:45-10:30,09:50:00,2647,2.93212138982565,2.748756196248147,3.909686247677846,3.911215410189327,0.030000000000001137,102.31,2.0,2.0
AAPL,2022-03-08,09:45-10:30,10:10:00,8963,0.6338943298146433,0.869540413378787,1.2677484787024742,1.2685525815033498,0.010000000000019327,157.785,3.0,3.0
AMD,2022-03-08,09:45-10:30,10:10:00,1037,1.9950124688289508,1.956955174467012,2.992667963489564,2.995656298367481,0.01999999999999602,100.245,1.0,2.0
AAPL,2022-03-08,10:30-15:30,11:15:00,6483,0.6353845665083016,0.8363190654282617,1.270648030496203,1.2716983531512835,0.010000000000019327,157.45499999999998,3.0,3.0
AMD,2022-03-08,10:30-15:30,11:15:00,3515,2.8621857558556636,2.5077698726666853,3.817741050971594,3.825920612146537,0.030000000000001137,104.725,2.0,2.0
AAPL,2022-03-08,10:30-15:30,12:45:00,5701,0.6187544472970272,0.7713280653931613,1.2375471814869272,1.238160094099041,0.010000000000019327,161.725,3.0,3.0
AMD,2022-03-08,10:30-15:30,12:45:00,4299,2.7838351969564457,2.3226114671140237,2.788492819631095,3.7174721189596887,0.029999999999986926,107.685,2.0,2.0
AAPL,2022-03-08,10:30-15:30,14:30:00,4483,1.2558869701715423,0.997835060528247,1.2569920181013279,1.8848364904345258,0.01999999999998181,159.195,3.0,4.0
AMD,2022-03-08,10:30-15:30,14:30:00,4353,1.8703824932194912,2.2971741796974876,2.8049179561498887,3.739715781601183,0.020000000000010232,107.05,2.0,1.0
IWM,2022-03-08,10:30-15:30,14:30:00,1164,1.017501017500092,0.8205838764099042,1.017967119661109,1.526911820842404,0.01999999999998181,196.51,2.0,5.0
AAPL,2022-03-08,15:30-16:00,15:35:00,5897,0.6339345145640689,0.8204673049278055,1.2679092177006612,1.2682308180095265,0.010000000000019327,157.82999999999998,3.0,3.0
AMD,2022-03-08,15:30-16:00,15:35:00,4103,1.8885741265340907,2.190577501390392,2.8332625017708963,3.7760785424342727,0.020000000000010232,105.96000000000001,2.0,2.0
AAPL,2022-03-08,15:30-16:00,15:50:00,9995,1.266464032422127,1.2103177393625735,1.9007191053949468,2.5403470645270247,0.01999999999998181,157.875,2.0,2.0
AAPL,2022-03-08,15:30-16:00,15:58:00,4347,0.6352634755258968,0.664894082756355,0.6356268870185493,1.2708902586250117,0.009999999999990905,157.415,4.0,4.0
AMD,2022-03-08,15:30-16:00,15:58:00,2990,0.9471042288208661,1.176878643093728,1.8939393939390172,1.8948365703454304,0.010000000000005116,105.61,2.0,3.0
IWM,2022-03-08,15:30-16:00,15:58:00,2663,0.5128599635879337,0.6104808240480448,1.0256410256400927,1.0259040779692348,0.010000000000019327,194.995,3.0,6.0
AAPL,2022-05-09,09:30-09:45,09:30:05,5449,2.5813113061430077,2.551471453951286,3.872216844143419,5.1642889419652755,0.03999999999999204,154.95499999999998,2.0,1.0
AMD,2022-05-09,09:30-09:45,09:30:05,3956,5.372011818425696,5.062538397884682,7.5370121130544465,10.73422069557689,0.04999999999999716,93.015,1.0,2.0
IWM,2022-05-09,09:30-09:45,09:30:05,590,1.6683350029582722,1.6325741803187237,2.2250653612945457,2.7800172361059152,0.030000000000001137,179.83499999999998,1.0,2.0
AAPL,2022-05-09,09:30-09:45,09:33:00,6719,1.2939958592120737,1.5835892398603733,2.585850229284903,4.524448178909167,0.020000000000010232,154.68,2.0,2.0
AMD,2022-05-09,09:30-09:45,09:33:00,3278,3.2476319350474845,3.5512676751276446,5.408036342003911,6.48999459167142,0.030000000000001137,92.425,1.0,2.0
AAPL,2022-05-09,09:30-09:45,09:40:00,7404,1.2889089385841483,1.1284054833381392,1.9334257081172386,1.9371710844930188,0.01999999999998181,154.975,2.0,2.0
AMD,2022-05-09,09:30-09:45,09:40:00,2595,2.1659085986567055,1.7547459695606915,2.1677866897892937,3.251151449471811,0.01999999999999602,92.295,2.0,2.0
AAPL,2022-05-09,09:45-10:30,09:50:00,5151,1.2988699831153545,1.1116894525925591,1.947609309572573,1.9498878814468905,0.01999999999998181,153.935,2.0,2.0
AMD,2022-05-09,09:45-10:30,09:50:00,4849,1.0830129420052108,1.6156204395393927,2.164736443339131,3.242380982989593,0.010000000000005116,92.515,2.0,2.0
AAPL,2022-05-09,09:45-10:30,10:10:00,5062,0.653018578377961,0.865451552407151,1.3059092393085363,1.5604522161861656,0.010000000000019327,153.20499999999998,2.0,2.0
AMD,2022-05-09,09:45-10:30,10:10:00,4935,2.1824530772599555,1.6775529454479532,2.18531468531425,3.2770768474521965,0.01999999999999602,91.565,2.0,2.0
AAPL,2022-05-09,10:30-15:30,11:15:00,4478,0.6546859144319556,0.9483515921601955,1.309671927182911,2.61745844784662,0.010000000000019327,152.81,3.0,2.0
AMD,2022-05-09,10:30-15:30,11:15:00,4392,1.1342369420977845,1.6387258756613818,2.2668026748267054,3.39731612026351,0.010000000000005116,88.285,2.0,2.0
IWM,2022-05-09,10:30-15:30,11:15:00,1088,1.1324387067555761,0.978184436419922,1.6980331116457414,2.2641082243726744,0.01999999999998181,176.51,4.0,4.0
AAPL,2022-05-09,10:30-15:30,12:45:00,5093,0.6557592052192468,0.7728727629916701,1.3113034356156725,1.3121637580376742,0.009999999999990905,152.515,3.0,3.0
AMD,2022-05-09,10:30-15:30,12:45:00,3587,1.1321822813478764,1.3079239102140348,2.2634676324140144,2.267573696144674,0.010000000000005116,88.345,3.0,4.0
IWM,2022-05-09,10:30-15:30,12:45:00,1316,0.5658829188235805,0.6574339555461959,1.1316057485577815,1.1318619128472118,0.010000000000005116,176.725,5.0,3.0
AAPL,2022-05-09,10:30-15:30,14:30:00,2866,0.6573109409400142,0.7928214865736598,1.3145786775345232,1.3149243918481412,0.009999999999990905,152.14,4.0,3.0
AMD,2022-05-09,10:30-15:30,14:30:00,1763,1.1665208515608185,1.2662329246241408,2.3314914601537815,2.3334500058331606,0.010000000000005116,85.725,4.0,5.0
IWM,2022-05-09,10:30-15:30,14:30:00,3825,1.1411617026138443,0.8559739392865093,1.1421392267723276,1.1424001827846137,0.01999999999998181,175.165,2.0,6.0
NVDA,2022-05-09,10:30-15:30,14:30:00,1476,2.355019134529999,2.501589452201045,3.532320734721173,4.122861265718007,0.040000000000020464,169.905,2.0,1.0
QQQ,2022-05-09,10:30-15:30,14:30:00,70,1.0057832537098168,0.8189954172814116,1.0058169748368972,1.3410668186549255,0.029999999999972715,298.275,5.5,3.0
AAPL,2022-05-09,15:30-16:00,15:35:00,2966,0.6565772627287946,0.9564131434726671,1.3130252100847055,1.3136288998346015,0.010000000000019327,152.375,3.0,2.0
AMD,2022-05-09,15:30-16:00,15:35:00,2366,1.1574743908796938,1.3121838369487988,2.3145469274384936,2.3172285946003965,0.010000000000005116,86.405,3.0,5.0
IWM,2022-05-09,15:30-16:00,15:35:00,4668,0.5711837783817979,0.8480042596959828,1.142204454597957,1.7130620984995129,0.010000000000019327,175.14999999999998,5.0,3.0
AAPL,2022-05-09,15:30-16:00,15:50:00,9040,0.6594348643225513,0.9810052205867268,1.318913215511094,2.6350461133064584,0.010000000000019327,151.725,2.0,3.0
AMD,2022-05-09,15:30-16:00,15:50:00,954,1.1615076369116564,1.5524845565123684,2.323960027887058,5.194178298478102,0.010000000000005116,86.095,6.0,7.0
AAPL,2022-05-09,15:30-16:00,15:58:00,8270,0.6562756357664252,0.7529992571601849,1.312335958005921,1.9680519565717278,0.009999999999990905,152.385,4.0,4.0
AMD,2022-05-09,15:30-16:00,15:58:00,1596,1.1562698733873973,1.184186962197241,1.1564035848517047,2.3113504657601047,0.010000000000005116,86.48750000000001,14.0,38.5
IWM,2022-05-09,15:30-16:00,15:58:00,35,0.5712816704287084,0.47333741376052135,0.5712816704287084,0.948262958622555,0.010000000000019327,175.04500000000002,4.0,6.0
AAPL,2022-06-13,09:30-09:45,09:30:05,5714,1.5034202811382253,1.587247345382898,2.2603126765870134,3.7637848620581407,0.020000000000010232,133.02499999999998,2.0,2.0
AMD,2022-06-13,09:30-09:45,09:30:05,3511,4.365858982755539,3.9685413021092164,6.547359231776765,7.685129274853971,0.03999999999999204,91.16,1.0,1.0
IWM,2022-06-13,09:30-09:45,09:30:05,773,1.7240883882647704,1.4804472228158982,2.2991148407858395,2.2993791676242843,0.030000000000001137,173.97500000000002,4.0,1.0
AAPL,2022-06-13,09:30-09:45,09:33:00,6149,1.4966699094501092,1.5476367881322999,2.245593023691091,2.9928918817801753,0.020000000000010232,133.64,2.0,2.0
AMD,2022-06-13,09:30-09:45,09:33:00,3451,3.265306122449103,3.2913789561906803,5.435077993368896,6.52386647819966,0.030000000000001137,91.89,3.0,2.0
IWM,2022-06-13,09:30-09:45,09:33:00,400,1.147381102632196,1.1344679513123719,2.294104152328059,2.2947622052676535,0.01999999999998181,174.29500000000002,3.0,3.0
AAPL,2022-06-13,09:30-09:45,09:40:00,3876,1.4983518130064601,1.383035891589653,2.24761191234322,2.24980314222514,0.01999999999998181,133.445,2.0,2.0
AMD,2022-06-13,09:30-09:45,09:40:00,2919,2.199010445299178,2.3428441911655513,3.2990597679662548,4.398504508466246,0.01999999999999602,91.03999999999999,2.0,1.0
IWM,2022-06-13,09:30-09:45,09:40:00,3205,1.154267905581476,1.0522429197078957,1.7314518223531088,1.7326518236161104,0.01999999999998181,173.24,3.0,2.0
AAPL,2022-06-13,09:45-10:30,09:50:00,7687,0.7505535332322083,1.063053188917959,1.5010507355156284,1.5017269860347071,0.010000000000019327,133.35000000000002,2.0,3.0
AMD,2022-06-13,09:45-10:30,09:50:00,2313,2.2060445620997156,2.2673110563940235,3.310710147326727,4.4117972871957605,0.01999999999999602,90.695,2.0,2.0
AAPL,2022-06-13,09:45-10:30,10:10:00,5282,0.745851202686506,1.1182934804651108,1.4906461951263492,2.2352196103267996,0.010000000000019327,134.25,2.0,2.0
AMD,2022-06-13,09:45-10:30,10:10:00,4718,2.222716159146035,1.937913572492724,3.3335185288072817,3.338277699349336,0.01999999999999602,89.965,2.0,2.0
AAPL,2022-06-13,10:30-15:30,11:15:00,3082,0.7503282686168378,0.838236913396744,1.5002625459441759,1.5019525382984236,0.009999999999990905,133.275,3.0,4.0
AMD,2022-06-13,10:30-15:30,11:15:00,3051,1.130262786098346,1.6584424551715322,2.259887005650874,3.38696020321774,0.010000000000005116,88.535,2.0,2.0
IWM,2022-06-13,10:30-15:30,11:15:00,3867,0.5886334873585605,0.7060105843836039,1.1768167107978955,1.1777869383417825,0.009999999999990905,169.935,5.0,6.0
AAPL,2022-06-13,10:30-15:30,12:45:00,2967,0.7439645872849686,0.8649426379561547,1.48754183711493,1.4880952380959995,0.009999999999990905,134.425,3.0,4.0
AMD,2022-06-13,10:30-15:30,12:45:00,3021,1.111172842936287,1.4342473920686953,2.2224691632399174,2.2229632099600125,0.010000000000005116,90.005,3.0,2.0
IWM,2022-06-13,10:30-15:30,12:45:00,3987,0.5807706826954092,0.8085879015288627,1.1615750958305395,1.1617100371736646,0.010000000000019327,172.215,5.0,2.0
NVDA,2022-06-13,10:30-15:30,12:45:00,24,2.487716897816533,2.6432362741320183,3.10974282426914,3.7318074387363027,0.03999999999999204,160.79000000000002,3.0,1.0
AAPL,2022-06-13,10:30-15:30,14:30:00,2558,0.7496532853569721,0.7927307632971681,0.7498781448029189,1.4997000599887693,0.009999999999990905,133.39499999999998,4.0,4.0
AMD,2022-06-13,10:30-15:30,14:30:00,1667,1.133337111122673,1.41741165953658,2.2668026748267054,2.2673166307670356,0.010000000000005116,88.245,3.0,3.0
IWM,2022-06-13,10:30-15:30,14:30:00,2635,0.5842315894015077,0.8523493011705994,1.1683607898124915,1.1685655857440977,0.010000000000019327,171.195,5.0,5.0
NVDA,2022-06-13,10:30-15:30,14:30:00,2052,1.8919685933214228,2.1098295445008777,3.151690882157203,3.7838178722332265,0.030000000000001137,158.58499999999998,1.0,1.0
QQQ,2022-06-13,10:30-15:30,14:30:00,1088,0.3598740440842431,0.5404032995042376,0.7197092374674083,1.0795444322506544,0.010000000000047748,277.905,2.0,2.0
AAPL,2022-06-13,15:30-16:00,15:35:00,4651,0.7561150807145972,0.8517101029474597,1.5119443604461604,1.5129737499040632,0.009999999999990905,132.265,4.0,3.0
AMD,2022-06-13,15:30-16:00,15:35:00,4437,1.1493592322286208,1.4549318126964388,2.298322224775456,2.2993791676242843,0.010000000000005116,87.025,3.0,3.0
IWM,2022-06-13,15:30-16:00,15:35:00,912,0.5885641976393222,0.7633657266690548,1.17702448210983,1.1773016246751713,0.010000000000019327,169.92000000000002,4.0,3.0
AAPL,2022-06-13,15:30-16:00,15:50:00,7123,0.7589268773968297,1.1680983550594626,1.518026565463515,4.380621355239733,0.010000000000019327,131.81,2.0,2.0
AMD,2022-06-13,15:30-16:00,15:50:00,2857,2.300437083045321,2.1723636468117515,3.4520453368622217,6.8976934337859,0.01999999999999602,86.92500000000001,2.0,2.0
AAPL,2022-06-13,15:30-16:00,15:58:00,5260,0.7574896792045849,0.7567885606845374,0.7578341101147609,1.5152663080544155,0.009999999999990905,132.015,6.0,7.0
AMD,2022-06-13,15:30-16:00,15:58:00,3867,1.1486990982717953,1.3405303045558137,2.2972662531582837,2.2980581408721394,0.010000000000005116,87.055,4.0,5.0
IWM,2022-06-13,15:30-16:00,15:58:00,824,0.5883564263225314,0.6175938497356448,0.588391044689437,1.1767474699935416,0.009999999999990905,169.965,5.0,6.0
AAPL,2022-09-13,09:30-09:45,09:30:05,6388,1.2492192379769036,1.3270670202208599,2.500468837908387,3.751875937969127,0.01999999999998181,160.08499999999998,3.0,3.0
AMD,2022-09-13,09:30-09:45,09:30:05,3612,2.481697481076563,2.940187303284558,4.957243772461525,6.199159155382871,0.020000000000010232,80.635,2.0,1.0
AAPL,2022-09-13,09:30-09:45,09:33:00,6615,0.6264682850425,0.7994393108991703,1.2528188423960307,1.253604111822128,0.010000000000019327,159.70499999999998,3.0,4.0
AMD,2022-09-13,09:30-09:45,09:33:00,3313,2.469440671687371,2.7444620326973586,3.705762460626414,4.940101272075095,0.020000000000010232,81.075,2.0,3.0
IWM,2022-09-13,09:30-09:45,09:33:00,69,1.076368333242657,1.0452641373639058,1.6148566814695808,1.6148566814695808,0.01999999999998181,185.79500000000002,1.0,2.0
AAPL,2022-09-13,09:30-09:45,09:40:00,7180,0.6279632013558293,0.8958258462662764,1.2558869701715423,1.882613998214119,0.010000000000019327,159.29500000000002,3.0,3.0
AMD,2022-09-13,09:30-09:45,09:40:00,2820,1.2433944668952581,1.6942329762804735,2.486634340419746,2.488800398209337,0.010000000000005116,80.46000000000001,5.0,3.0
AAPL,2022-09-13,09:45-10:30,09:50:00,7894,0.6269002915098473,0.7967729120335012,1.2535255405835306,1.254390366280846,0.010000000000019327,159.59,3.0,3.0
AMD,2022-09-13,09:45-10:30,09:50:00,2106,1.248361525498423,1.5606032163626478,2.497190660506433,2.4987506246871596,0.010000000000005116,80.10499999999999,3.0,2.0
AAPL,2022-09-13,09:45-10:30,10:10:00,7013,0.6331317863807595,0.7026483525314434,1.2661433274253124,1.2669453946541387,0.009999999999990905,157.95499999999998,3.0,4.0
AMD,2022-09-13,09:45-10:30,10:10:00,2984,1.2535255405835306,1.6872052561573572,2.5072082236424746,2.5078369905968945,0.010000000000005116,79.81,3.0,6.0
AAPL,2022-09-13,10:30-15:30,11:15:00,4016,0.6381824563636942,0.6577204595893489,0.6383046628149813,1.2764871074808675,0.009999999999990905,156.7,5.0,4.0
AMD,2022-09-13,10:30-15:30,11:15:00,2642,1.2752662118223703,1.475931904303348,2.55036980362283,2.550695064404543,0.010000000000005116,78.42500000000001,6.0,4.0
IWM,2022-09-13,10:30-15:30,11:15:00,3342,0.544795837759304,0.6539550514118408,1.0895026420444645,1.0897400969858775,0.009999999999990905,183.57,5.0,4.0
AAPL,2022-09-13,10:30-15:30,12:45:00,2553,0.6389572218134184,0.6302132041324262,0.6390388855174187,1.277955271564333,0.009999999999990905,156.505,5.0,6.0
AMD,2022-09-13,10:30-15:30,12:45:00,1217,1.2768945923502402,1.2726547501790972,1.2770576591539642,2.5539522410925835,0.009999999999990905,78.315,10.0,6.0
IWM,2022-09-13,10:30-15:30,12:45:00,3052,0.5442917403723448,0.5858492283126769,0.5444399074462679,1.088760669980195,0.009999999999990905,183.735,5.0,5.0
NVDA,2022-09-13,10:30-15:30,12:45:00,1289,1.4893141708250972,1.364542816011936,2.233888082207166,2.2342208154906826,0.020000000000010232,134.29000000000002,2.0,1.0
QQQ,2022-09-13,10:30-15:30,12:45:00,1889,0.670983326063737,0.7317175644519166,1.006458106180415,1.0065931853651269,0.01999999999998181,298.075,4.0,4.0
AAPL,2022-09-13,10:30-15:30,14:30:00,2790,0.6450572488302471,0.6371567427778554,0.6451404793387894,1.2902393393981182,0.009999999999990905,155.025,4.0,6.0
AMD,2022-09-13,10:30-15:30,14:30:00,1412,1.2793449753732637,1.3790225131479077,2.5585262888589266,2.5588536335716507,0.010000000000005116,78.16499999999999,8.0,4.0
IWM,2022-09-13,10:30-15:30,14:30:00,2320,0.5456579270465898,0.5440120101585396,0.5457174820590415,1.0914051841736323,0.009999999999990905,183.265,4.0,6.0
NVDA,2022-09-13,10:30-15:30,14:30:00,1510,1.4895360095337926,1.1795278819622323,1.490090895543273,2.2348865795061745,0.01999999999998181,134.245,2.0,1.5
QQQ,2022-09-13,10:30-15:30,14:30:00,1968,0.6734687005434439,0.5881182358184971,0.6736047960674499,1.010333353006631,0.01999999999998181,296.96000000000004,9.0,2.0
AAPL,2022-09-13,15:30-16:00,15:35:00,8563,0.6508086297218382,0.6743533734471838,0.6514870191205515,1.3028467200840488,0.009999999999990905,153.66,6.0,5.0
AMD,2022-09-13,15:30-16:00,15:35:00,1437,1.2967645723925456,1.3590528347721034,1.2971009793100596,2.5940337224378758,0.010000000000005116,77.11500000000001,8.0,8.0
AAPL,2022-09-13,15:30-16:00,15:50:00,5877,0.6506392530655457,0.7488057049015674,1.301236174366313,1.3018290698419457,0.009999999999990905,153.70499999999998,4.0,3.0
AMD,2022-09-13,15:30-16:00,15:50:00,4105,1.2971009793100596,1.3851410843244476,2.5933609958501065,2.596391016488411,0.010000000000005116,77.095,4.0,4.0
AAPL,2022-09-13,15:30-16:00,15:58:00,5096,0.6486556611416926,0.663966911313499,0.6488240064876499,1.2976059170818017,0.009999999999990905,154.175,6.0,8.5
AMD,2022-09-13,15:30-16:00,15:58:00,3098,1.2950851518493964,1.2773724894652563,1.2962602890667074,2.5920165889056537,0.010000000000005116,77.215,14.0,13.0
IWM,2022-09-13,15:30-16:00,15:58:00,1806,0.5479602180876685,0.5352452947780703,0.5481103894319332,1.0958904109579073,0.009999999999990905,182.495,7.0,17.0
AAPL,2022-10-13,09:30-09:45,09:30:05,8945,1.4842300556572772,1.5156342676241783,2.228577795936644,3.7074111148172575,0.020000000000010232,134.755,2.0,2.0
AMD,2022-10-13,09:30-09:45,09:30:05,1052,3.6140224069394873,4.1049047957110645,5.424464334147208,7.228044813877691,0.020000000000003126,55.355000000000004,2.0,2.0
AAPL,2022-10-13,09:30-09:45,09:33:00,5095,1.483239394836978,1.515766182758804,2.226262476346046,2.963182457959259,0.020000000000010232,134.85000000000002,2.0,3.0
AMD,2022-10-13,09:30-09:45,09:33:00,3581,3.643650938239392,3.097347330700253,5.465974309920951,5.477951246234117,0.01999999999999602,54.835,2.0,4.0
IWM,2022-10-13,09:30-09:45,09:33:00,1324,1.227069145346968,1.131157169261961,1.8399828268270193,1.8411120316671967,0.01999999999998181,162.985,2.0,3.0
AAPL,2022-10-13,09:30-09:45,09:40:00,5173,0.7405487466205728,1.023011186677533,1.4804944851566961,1.481371750241481,0.010000000000019327,135.13,3.0,3.0
AMD,2022-10-13,09:30-09:45,09:40:00,4826,1.8249840313893624,2.009443473513732,3.650301149844136,3.6523009495988172,0.00999999999999801,54.8,4.0,3.0
AAPL,2022-10-13,09:45-10:30,09:50:00,5001,1.4730794726383025,1.1589113973277876,1.4743826022860476,2.2110034270553958,0.01999999999998181,135.70499999999998,3.0,3.0
AMD,2022-10-13,09:45-10:30,09:50:00,4997,1.787150388704854,1.8178478201800945,1.7914405111020921,3.582303421100327,0.00999999999999801,55.955,5.0,4.0
AAPL,2022-10-13,09:45-10:30,10:10:00,5343,0.7336488023176629,0.9801546603338404,1.467243782553137,1.4675667742868954,0.010000000000019327,136.36,3.0,3.0
AMD,2022-10-13,09:45-10:30,10:10:00,4651,1.7672528055147327,1.9765815263957263,3.531696980399634,3.5366931918661586,0.00999999999999801,56.595,4.0,5.0
AAPL,2022-10-13,10:30-15:30,11:15:00,4069,0.7261900439359013,0.9451269912271631,1.452432824982588,1.452643811738105,0.010000000000019327,137.715,4.0,3.0
AMD,2022-10-13,10:30-15:30,11:15:00,4549,1.6985138004254974,1.9605836260094553,3.396739130435314,3.3984706881896383,0.00999999999999801,58.875,3.0,6.0
IWM,2022-10-13,10:30-15:30,11:15:00,1382,0.5958942883527042,0.8868060008556796,1.1916820592272082,1.1918240867637095,0.010000000000019327,167.845,3.0,2.0
AAPL,2022-10-13,10:30-15:30,12:45:00,4649,0.7112122613007592,0.9378527862170662,1.422373942110108,1.4228799089343915,0.009999999999990905,140.625,4.0,3.0
AMD,2022-10-13,10:30-15:30,12:45:00,3733,1.7242865764286595,1.762240635391753,1.7254766629277907,3.4494653328739435,0.00999999999999801,57.995000000000005,6.0,6.0
IWM,2022-10-13,10:30-15:30,12:45:00,1618,0.5896052592800523,0.6905076608876778,1.179245283019471,1.1793148180896167,0.009999999999990905,169.615,8.0,2.0
AAPL,2022-10-13,10:30-15:30,14:30:00,5726,0.7083908900925091,0.8235695550924964,1.4166312508861192,1.4182385477244528,0.009999999999990905,141.175,4.0,5.0
AMD,2022-10-13,10:30-15:30,14:30:00,3237,1.7066302585541449,1.746135500252137,1.709547824600053,3.4164673727359105,0.00999999999999801,58.595,7.0,6.0
IWM,2022-10-13,10:30-15:30,14:30:00,1037,0.5860462390477279,0.6595178009868257,1.1720581340840504,1.1723082054447842,0.009999999999990905,170.635,8.0,3.0
AAPL,2022-10-13,15:30-16:00,15:35:00,4152,0.7020253431142479,0.8140526436744445,1.4039028499235038,1.4042971492775052,0.009999999999990905,142.45499999999998,5.0,5.0
AMD,2022-10-13,15:30-16:00,15:35:00,1915,1.6985138004254974,1.6232205633288408,1.6990909863219794,1.699957501062135,0.00999999999999801,58.875,8.0,11.0
IWM,2022-10-13,15:30-16:00,15:35:00,3705,0.5845389449083341,0.6074484408942262,0.5847782228584488,1.169659044389159,0.009999999999990905,171.075,7.0,4.0
NVDA,2022-10-13,15:30-16:00,15:35:00,228,1.6786973308721027,1.6970956204831606,2.5181516766694196,2.51836306400849,0.01999999999999602,119.14,1.0,3.0
AAPL,2022-10-13,15:30-16:00,15:50:00,6708,0.7003046325164974,0.841649409047485,1.400560224090352,1.400952647801221,0.009999999999990905,142.805,4.0,4.0
AMD,2022-10-13,15:30-16:00,15:50:00,3292,1.6970725498511685,1.5746502163730118,1.6979370065367196,3.3921302578012242,0.00999999999999801,58.925,11.0,10.0
AAPL,2022-10-13,15:30-16:00,15:58:00,4347,0.6983971784747638,0.704193917018311,0.6985923364434194,1.3968431345167085,0.009999999999990905,143.185,10.0,8.0
AMD,2022-10-13,15:30-16:00,15:58:00,1981,1.6950589032965522,1.5959012234716246,1.6953462744774292,1.6956337431111508,0.00999999999999801,58.99,20.0,14.0
IWM,2022-10-13,15:30-16:00,15:58:00,3049,0.5831413826293452,0.581584374157776,0.5832094013350191,1.1660447761199997,0.009999999999990905,171.485,8.0,14.0
NVDA,2022-10-13,15:30-16:00,15:58:00,623,0.8356662349062062,1.1868267151091918,1.6712626389245617,2.5052777881988524,0.010000000000005116,119.695,3.0,4.0
AAPL,2022-12-14,09:30-09:45,09:30:05,1901,2.0620682544593003,1.79523161235766,2.7514100976745115,4.125128910278603,0.030000000000001137,145.435,2.0,2.0
AMD,2022-12-14,09:30-09:45,09:30:05,1301,5.6140350877181815,5.365940710637497,8.421052631579267,11.220196353435945,0.03999999999999204,71.205,2.0,2.0
IWM,2022-12-14,09:30-09:45,09:30:05,6795,0.5514655196178843,0.8012257262058619,1.1025966150289561,1.6534847190454507,0.010000000000019327,181.42000000000002,2.0,2.0
AAPL,2022-12-14,09:30-09:45,09:33:00,1538,2.061359810354975,1.9694695890346434,2.7494432486567253,4.123144584936934,0.030000000000001137,145.525,2.0,2.0
AMD,2022-12-14,09:30-09:45,09:33:00,2263,5.607738679376426,5.016080165950724,7.01213098660643,8.415147265077458,0.03999999999999204,71.31,3.0,3.0
IWM,2022-12-14,09:30-09:45,09:33:00,6199,0.5505546838434721,0.5869343628675711,0.5510097253227167,1.1015035523495198,0.009999999999990905,181.64499999999998,3.0,4.0
AAPL,2022-12-14,09:30-09:45,09:40:00,2440,1.3714599190845667,1.071532659780262,1.3728720483257983,2.05895473731177,0.01999999999998181,145.775,2.0,3.0
AMD,2022-12-14,09:30-09:45,09:40:00,4002,1.4047903350412172,2.003455181009474,2.8117531280747956,4.2179261862918995,0.010000000000005116,71.24000000000001,2.0,2.0
IWM,2022-12-14,09:30-09:45,09:40:00,3555,1.0984786071296881,0.8598864126923257,1.098780353807836,1.6479441896235072,0.01999999999998181,182.05,3.0,3.0
AAPL,2022-12-14,09:45-10:30,09:50:00,2595,0.6858005006337418,0.9162229550635586,1.3715539706494466,1.3719303059392103,0.010000000000019327,145.85500000000002,3.0,2.0
AMD,2022-12-14,09:45-10:30,09:50:00,3646,1.4069644741477476,1.7932216190305985,2.8117531280747956,2.815711671126317,0.010000000000005116,71.14,4.0,3.0
IWM,2022-12-14,09:45-10:30,09:50:00,3759,1.1004732034780582,0.8240738631730482,1.101018442059468,1.1011396795673518,0.01999999999998181,181.68,2.0,3.0
AAPL,2022-12-14,09:45-10:30,10:10:00,1374,0.682710360129094,0.8351307702123936,1.3651877133093386,1.3655857385318897,0.009999999999990905,146.485,3.0,3.0
AMD,2022-12-14,09:45-10:30,10:10:00,2021,1.3942140118515325,1.870403542210139,2.788233653979649,2.7886224205256873,0.010000000000005116,71.745,3.0,3.0
IWM,2022-12-14,09:45-10:30,10:10:00,4056,0.5511311967808925,0.7612383436890966,1.1022320198407403,1.1023535247759595,0.010000000000019327,181.5,3.0,3.0
NVDA,2022-12-14,09:45-10:30,10:10:00,1164,2.194546551818294,2.2261761107760263,3.29181982772822,3.8407725439627547,0.03999999999999204,182.26999999999998,1.0,1.0
QQQ,2022-12-14,09:45-10:30,10:10:00,1385,0.6884681583470502,0.5488375307639066,0.688610384243968,1.0328266744712635,0.01999999999998181,290.475,3.0,4.0
AAPL,2022-12-14,10:30-15:30,11:15:00,1663,0.6863653522763928,0.8707204321172272,1.372683596431725,1.3729662936781926,0.010000000000019327,145.70999999999998,3.0,4.0
AMD,2022-12-14,10:30-15:30,11:15:00,1456,1.4034102869981218,1.4641595899009228,1.4040014040021223,2.8074115665350954,0.010000000000005116,71.255,4.0,9.0
IWM,2022-12-14,10:30-15:30,11:15:00,3058,0.5473303959945993,0.6849273519533036,1.0947506705337902,1.0948105977671465,0.009999999999990905,182.715,3.0,3.0
NVDA,2022-12-14,10:30-15:30,11:15:00,1743,1.6632016632001505,1.7926634565552788,2.770773877142941,3.32594235033272,0.030000000000001137,180.41,1.0,2.0
QQQ,2022-12-14,10:30-15:30,11:15:00,2080,0.34429926492075624,0.3885023445886316,0.6885629690848534,0.6886815192327626,0.009999999999990905,290.445,6.0,5.0
AAPL,2022-12-14,10:30-15:30,12:45:00,1451,0.6875451201478845,0.8239729093630545,1.3749484394342248,1.375421222748216,0.009999999999990905,145.45499999999998,4.0,4.0
AMD,2022-12-14,10:30-15:30,12:45:00,1028,1.4135274577715902,1.4149736742330765,1.4139271827508118,2.8272547356511195,0.010000000000005116,70.745,5.0,6.0
IWM,2022-12-14,10:30-15:30,12:45:00,1979,0.5491940577197959,0.5713752894888466,0.5492242207891983,1.0984182776807028,0.009999999999990905,182.085,11.0,5.0
NVDA,2022-12-14,10:30-15:30,12:45:00,1429,1.6719146208934232,1.4786970002257385,2.229778694464131,2.7869468346040382,0.030000000000001137,179.39999999999998,1.0,2.0
QQQ,2022-12-14,10:30-15:30,12:45:00,3839,0.3451072420751611,0.4552033582903636,0.690202574454975,0.6902502157025645,0.009999999999990905,289.775,3.0,8.0
SPY,2022-12-14,10:30-15:30,12:45:00,274,0.24751556254076967,0.2953976915669602,0.4950249987619873,0.49507401356457764,0.009999999999990905,404.015,3.0,4.0
AAPL,2022-12-14,10:30-15:30,14:30:00,6170,1.398894873049018,1.3889457227575304,2.098709293784402,2.10106103582317,0.020000000000010232,142.95999999999998,2.0,2.0
AMD,2022-12-14,10:30-15:30,14:30:00,3826,2.8752156411725163,2.5478528982892787,4.3131334914796815,5.754567688103331,0.01999999999999602,69.485,2.0,3.0
AAPL,2022-12-14,15:30-16:00,15:35:00,2965,1.40193466984311,1.2926509146681022,2.102386208346553,2.1050415745711777,0.01999999999998181,142.64,2.0,3.0
AMD,2022-12-14,15:30-16:00,15:35:00,2111,1.4472827266793407,2.0132594770324124,2.8947749312485196,2.896032435562702,0.010000000000005116,69.13499999999999,6.0,6.0
IWM,2022-12-14,15:30-16:00,15:35:00,4924,0.5567773725686549,0.7744923920757317,1.1135857461030194,1.6702391225677775,0.010000000000019327,179.64499999999998,2.0,4.0
AAPL,2022-12-14,15:30-16:00,15:50:00,7362,1.3941168269908153,1.4047484696384034,2.091977267180443,2.7894002789394734,0.020000000000010232,143.45499999999998,3.0,2.0
AMD,2022-12-14,15:30-16:00,15:50:00,2633,1.4443561782322387,1.718266794031752,2.8885037550543067,4.333068534700821,0.010000000000005116,69.245,7.0,3.0
AAPL,2022-12-14,15:30-16:00,15:58:00,3352,0.6982508815411029,0.708682964004357,0.6984459577453694,1.3968431345167085,0.009999999999990905,143.215,5.0,5.0
AMD,2022-12-14,15:30-16:00,15:58:00,1831,1.4493803898840663,1.393939063702715,1.4495904906850625,2.8981307056942507,0.009999999999990905,68.995,21.0,17.0
IWM,2022-12-14,15:30-16:00,15:58:00,3714,0.5546157899110343,0.5772948636919127,0.5546465514861381,1.109262340544106,0.009999999999990905,180.305,7.0,5.0
NVDA,2022-12-14,15:30-16:00,15:58:00,1103,1.695537909401822,1.6305526711043699,2.261164499716905,2.8262159794257906,0.030000000000001137,176.925,1.0,2.0
AAPL,2023-03-13,09:30-09:45,09:30:05,9995,2.0201340022222243,1.963663459622668,2.697235333782336,4.045307443365849,0.030000000000001137,148.46499999999997,2.0,3.0
AAPL,2023-03-13,09:30-09:45,09:33:00,5344,2.0120049629456513,1.8566463556241433,2.683843263552874,3.3540164346793864,0.030000000000001137,149.015,2.0,3.0
AMD,2023-03-13,09:30-09:45,09:33:00,4656,3.7209302325582807,4.164887422985997,6.188501763722652,6.196938712275783,0.030000000000001137,80.745,2.0,2.0
AAPL,2023-03-13,09:30-09:45,09:40:00,7490,1.3437248051586812,1.4634662773412863,2.0156549198777935,2.687269062814379,0.020000000000010232,148.865,3.0,2.0
AMD,2023-03-13,09:30-09:45,09:40:00,2510,2.4978144123886628,2.6629868933902503,3.7474236462415744,4.996876951904065,0.01999999999999602,80.08,2.0,2.0
AAPL,2023-03-13,09:45-10:30,09:50:00,8228,1.3326226012799995,1.4485883901408918,1.9991337087262946,2.6647125441337707,0.020000000000010232,150.095,2.0,3.0
AMD,2023-03-13,09:45-10:30,09:50:00,1772,2.5075225677026105,2.5786592677929074,3.762463159215042,5.016302984701059,0.01999999999999602,79.75999999999999,2.0,2.0
AAPL,2023-03-13,09:45-10:30,10:10:00,6544,1.3224014810903353,1.1614436070203227,1.9835366458396069,1.984455101703399,0.020000000000010232,151.20499999999998,3.0,3.0
AMD,2023-03-13,09:45-10:30,10:10:00,3455,2.4706609017907377,2.8032453512101676,3.7066781985545356,4.938881343376496,0.01999999999999602,81.005,2.0,2.0
AAPL,2023-03-13,10:30-15:30,11:15:00,8902,1.313887793981199,1.031298461434249,1.3150973172021458,1.9724514283836505,0.01999999999998181,152.15499999999997,3.0,3.0
AMD,2023-03-13,10:30-15:30,11:15:00,1098,2.436053593178565,2.3050789602660786,2.43694407213306,3.654748126941724,0.01999999999999602,82.1,3.0,3.0
AAPL,2023-03-13,10:30-15:30,12:45:00,7034,0.6569223189351884,0.8933535073668654,1.313887793981199,1.3142331449605882,0.010000000000019327,152.255,3.0,3.0
AMD,2023-03-13,10:30-15:30,12:45:00,2963,2.4076080414103798,1.9167938344612383,2.4090580582987258,3.6116294468188936,0.01999999999999602,83.06,3.0,4.0
AAPL,2023-03-13,10:30-15:30,14:30:00,5869,0.656836020886788,0.8681086631649417,1.3136288998346015,1.3139741147106128,0.010000000000019327,152.275,3.0,3.0
AMD,2023-03-13,10:30-15:30,14:30:00,4131,1.2025735073045403,1.6091367923650812,2.4050024050019267,3.6051192693626315,0.010000000000005116,83.17500000000001,4.0,5.0
AAPL,2023-03-13,15:30-16:00,15:35:00,5677,0.6612226005897659,0.7989591931356987,1.3224014810903353,1.322576378784672,0.009999999999990905,151.245,3.0,3.0
AMD,2023-03-13,15:30-16:00,15:35:00,3395,1.2148454109203553,1.7695054589060615,2.429543245869293,2.4298384157448694,0.010000000000005116,82.33,4.0,3.0
IWM,2023-03-13,15:30-16:00,15:35:00,924,0.5751588876421881,0.6311755989800145,1.1502846954610806,1.1504170261725757,0.009999999999990905,173.865,5.0,5.0
AAPL,2023-03-13,15:30-16:00,15:50:00,9965,0.6640326704067802,0.9875891584133961,1.3279330721738418,2.6507620941015273,0.010000000000019327,150.715,3.0,3.0
AAPL,2023-03-13,15:30-16:00,15:58:00,5522,0.6646947389405368,0.6901042073927202,0.6649599361632414,1.3298756566267858,0.009999999999990905,150.445,8.0,9.0
AMD,2023-03-13,15:30-16:00,15:58:00,3503,1.218843317690402,1.2157688612774658,1.2191405059439335,2.437835202339837,0.010000000000005116,82.045,6.0,7.0
IWM,2023-03-13,15:30-16:00,15:58:00,975,0.5775839662685711,0.42000721239427385,0.5775839662685711,0.5775839662685711,0.009999999999990905,173.135,33.0,9.0
AAPL,2023-06-14,09:30-09:45,09:30:05,2922,1.091822251338041,1.2369553177704327,1.638135801458003,2.1838829438753256,0.020000000000010232,183.21499999999997,2.0,2.0
AMD,2023-06-14,09:30-09:45,09:30:05,7069,3.1959092361781924,3.4456121640098982,5.59753708368377,8.794723166100296,0.04000000000000625,125.155,2.0,2.0
AAPL,2023-06-14,09:30-09:45,09:33:00,1862,1.0922396373769991,0.9266021736082681,1.6387621882938377,2.1847178983024995,0.01999999999998181,183.065,2.0,2.0
AMD,2023-06-14,09:30-09:45,09:33:00,2046,3.1814205042556476,2.981873479725083,4.778782214579701,6.379076628657867,0.03999999999999204,125.67500000000001,1.0,1.0
IWM,2023-06-14,09:30-09:45,09:33:00,6091,1.0632076976242746,1.211415596177759,1.5947691571645608,2.125963327132184,0.020000000000010232,188.16,3.0,3.0
AAPL,2023-06-14,09:30-09:45,09:40:00,3836,0.5455090963636857,0.6409379216606621,1.0909289259810306,1.091524313704646,0.009999999999990905,183.325,2.0,2.0
AMD,2023-06-14,09:30-09:45,09:40:00,3702,2.380857902464278,2.2337851788113823,3.1783869686139257,3.974088940110254,0.030000000000001137,125.965,2.0,2.0
IWM,2023-06-14,09:30-09:45,09:40:00,2455,0.5292265354195087,0.602033137481857,1.058089091102012,1.058562874607524,0.009999999999990905,188.985,4.0,4.0
AAPL,2023-06-14,09:45-10:30,09:50:00,2744,0.5446178144482152,0.5626721458035547,0.5447364837270504,1.089383953373376,0.009999999999990905,183.615,4.0,4.0
AMD,2023-06-14,09:45-10:30,09:50:00,1687,1.5760441292353051,1.5765015790626222,2.365091253104272,3.1530821377890623,0.01999999999999602,126.89,1.0,2.0
IWM,2023-06-14,09:45-10:30,09:50:00,5569,0.5300681137521351,0.5466403845390496,0.5303773634951511,1.0605578534314473,0.009999999999990905,188.665,4.0,4.0
AAPL,2023-06-14,09:45-10:30,10:10:00,2739,0.5431387991196212,0.5841852942021916,1.0862480990648387,1.0864251181477436,0.009999999999990905,184.115,4.0,5.0
AMD,2023-06-14,09:45-10:30,10:10:00,2373,1.591596371159957,1.6428357519922632,2.388249810930314,3.182686187142445,0.01999999999999602,125.66,2.0,2.0
IWM,2023-06-14,09:45-10:30,10:10:00,3436,0.5313637450511919,0.5237506835191063,0.5315332075366574,1.0627557255955051,0.009999999999990905,188.195,5.0,5.0
NVDA,2023-06-14,09:45-10:30,10:10:00,1444,2.4116724962777276,2.5287530427352367,3.8567785594307122,5.298140834217014,0.10000000000002274,414.98,1.0,1.0
AAPL,2023-06-14,10:30-15:30,11:15:00,2048,0.5433158566727828,0.5534164466747468,0.5434044287456,1.0867793294561654,0.009999999999990905,184.055,4.0,4.0
AMD,2023-06-14,10:30-15:30,11:15:00,2033,1.5709685020812207,1.2156507602829856,1.5728216420254815,2.3591397003893473,0.01999999999999602,127.19,3.0,3.0
IWM,2023-06-14,10:30-15:30,11:15:00,2089,0.5323538023365489,0.5430868991338565,0.5325238970093941,1.064962726305124,0.009999999999990905,187.845,4.0,4.0
NVDA,2023-06-14,10:30-15:30,11:15:00,1260,1.427483821850073,1.4885854823553786,2.1411493213740225,2.8548997216473855,0.060000000000002274,420.41499999999996,1.0,2.0
QQQ,2023-06-14,10:30-15:30,11:15:00,2570,0.2736989038356412,0.3502633017085268,0.5474052988827953,0.5474352657808795,0.009999999999990905,365.38,4.0,6.0
AAPL,2023-06-14,10:30-15:30,12:45:00,1300,0.5434044287456,0.5496668498914322,0.5434339591891599,1.0868383871323897,0.009999999999990905,184.025,4.0,3.0
AMD,2023-06-14,10:30-15:30,12:45:00,983,1.5817779183799447,1.396738841219718,1.5821533106554877,2.372948388372643,0.01999999999999602,126.435,3.0,3.0
IWM,2023-06-14,10:30-15:30,12:45:00,1575,0.5341167044994475,0.5276651901379882,0.5341737667273485,1.0682048816968557,0.009999999999990905,187.225,7.0,6.0
NVDA,2023-06-14,10:30-15:30,12:45:00,577,1.6704649858605445,1.7240460717990111,2.626019074447967,3.57848176808234,0.06999999999999318,419.12,1.0,1.0
QQQ,2023-06-14,10:30-15:30,12:45:00,4425,0.2739688497415352,0.32727304449455064,0.5479151827292151,0.5480202767497414,0.009999999999990905,365.02,8.0,5.0
SPY,2023-06-14,10:30-15:30,12:45:00,1140,0.22837046256416424,0.23217826116287793,0.22838089365422917,0.4567357098810617,0.009999999999990905,437.885,6.0,11.0
AAPL,2023-06-14,10:30-15:30,14:30:00,6067,0.547600142375539,0.6538980595281408,1.0951702989804957,1.0953706358217896,0.009999999999990905,182.62,3.0,3.0
AMD,2023-06-14,10:30-15:30,14:30:00,2169,1.5976993129889774,1.7634815872084153,2.3966446974236977,3.1952250601131804,0.01999999999999602,125.195,2.0,3.0
IWM,2023-06-14,10:30-15:30,14:30:00,1757,0.5412280464384124,0.6335409915980984,1.082426800888144,1.0826611811839024,0.009999999999990905,184.78,2.0,3.0
AAPL,2023-06-14,15:30-16:00,15:35:00,3735,0.5441732647685538,0.6373977088497158,1.0883169178870453,1.0888501742165848,0.009999999999990905,183.77,3.0,3.0
AMD,2023-06-14,15:30-16:00,15:35:00,2269,1.5746791591210159,1.4340693821473007,2.3619257568004675,2.3634143459251695,0.01999999999999602,126.99000000000001,3.0,3.0
IWM,2023-06-14,15:30-16:00,15:35:00,3443,0.5370425069154603,0.6374705755681667,1.0739984964011282,1.0742292405204765,0.010000000000019327,186.215,5.0,6.0
NVDA,2023-06-14,15:30-16:00,15:35:00,552,2.111139781201758,2.047507534438013,3.0500322599564886,3.8690526224946984,0.08999999999997499,426.1825,1.0,1.0
AAPL,2023-06-14,15:30-16:00,15:50:00,8725,0.5461347314393012,0.702492686897715,1.0922396373769991,1.0927170409212592,0.009999999999990905,183.125,2.0,3.0
AMD,2023-06-14,15:30-16:00,15:50:00,1271,1.5796540557625962,1.5665845116369674,2.369574661348378,3.947763450666025,0.01999999999999602,126.60499999999999,2.0,3.0
AAPL,2023-06-14,15:30-16:00,15:58:00,4079,0.5445288464166913,0.6088265443217454,1.0887908977071048,1.0892652905620734,0.009999999999990905,183.64499999999998,4.0,5.0
AMD,2023-06-14,15:30-16:00,15:58:00,2569,0.7869368483183252,1.0253622138476886,1.5738117721128606,1.5743073047855811,0.010000000000005116,127.10499999999999,4.0,5.0
IWM,2023-06-14,15:30-16:00,15:58:00,3348,0.5388076187392389,0.5743340564957086,0.538894726914607,1.077644269625616,0.009999999999990905,185.60500000000002,7.0,8.0
AAPL,2023-11-14,09:30-09:45,09:30:05,5945,1.0676346554214613,1.03072327703119,1.6017512480312415,2.1362956633193786,0.020000000000010232,187.325,2.0,2.0
AMD,2023-11-14,09:30-09:45,09:30:05,4053,2.5017720885628267,2.2451945772095003,3.340850246388228,5.009601736662125,0.030000000000001137,119.83500000000001,2.0,2.0
AAPL,2023-11-14,09:30-09:45,09:33:00,4756,1.0685473099326939,0.9013382944682796,1.6022645338746033,1.6061246888134022,0.01999999999998181,186.9275,3.0,2.0
AMD,2023-11-14,09:30-09:45,09:33:00,4144,3.3233632436018645,2.8772334127418784,4.165104752384286,5.820479773832219,0.03999999999999204,120.095,2.0,2.0
IWM,2023-11-14,09:30-09:45,09:33:00,1098,0.5721314758126216,0.7174815172934584,1.1442302191206724,1.1444266422528173,0.009999999999990905,174.79500000000002,4.0,4.0
AAPL,2023-11-14,09:30-09:45,09:40:00,3861,0.5358338914931496,0.6344520339951704,1.071639071959589,1.0718688032575063,0.009999999999990905,186.635,3.0,3.0
AMD,2023-11-14,09:30-09:45,09:40:00,3690,2.4827243762155944,2.2338758593395776,3.3211557622045866,4.1513102808645606,0.030000000000001137,120.63499999999999,2.0,2.0
IWM,2023-11-14,09:30-09:45,09:40:00,2449,0.5711837783817979,0.6140961211663286,1.1420740063945758,1.1423349326028236,0.009999999999990905,175.075,4.0,6.0
AAPL,2023-11-14,09:45-10:30,09:50:00,3352,0.5354895713401111,0.5746789661826608,0.5358051812356153,1.0714668381003862,0.009999999999990905,186.745,3.0,4.0
AMD,2023-11-14,09:45-10:30,09:50:00,3563,1.663339986692949,1.9365465811256193,2.4949062331075003,3.3239155725449767,0.020000000000010232,120.35,2.0,2.0
IWM,2023-11-14,09:45-10:30,09:50:00,3083,0.5699467099837182,0.5592227622338695,0.570174188213981,1.1398843267252903,0.009999999999990905,175.45499999999998,5.0,4.0
AAPL,2023-11-14,09:45-10:30,10:10:00,2464,0.5344592608438752,0.5516095183425131,0.5347164665946222,1.0691756655608793,0.009999999999990905,187.10500000000002,5.0,4.0
AMD,2023-11-14,09:45-10:30,10:10:00,3568,1.6638935108149768,1.4429425330892913,2.495798742417048,2.4971906605070244,0.01999999999999602,120.17,2.0,3.0
IWM,2023-11-14,09:45-10:30,10:10:00,3968,0.5688120360621658,0.6536611686354766,1.1375917183312558,1.1377211445480533,0.009999999999990905,175.805,7.0,4.0
AAPL,2023-11-14,10:30-15:30,11:15:00,1123,0.5344306976987898,0.5144541511054023,0.5344878270392531,1.068832834543705,0.009999999999990905,187.115,6.0,5.0
AMD,2023-11-14,10:30-15:30,11:15:00,1722,1.6462260268331568,1.2847044443374818,1.6469038208165367,2.4698472811098786,0.01999999999999602,121.46000000000001,5.0,4.0
IWM,2023-11-14,10:30-15:30,11:15:00,4906,0.5634596422026147,0.5635959254454833,0.5636501986861825,1.1272686281146562,0.009999999999990905,177.475,9.0,9.0
NVDA,2023-11-14,10:30-15:30,11:15:00,356,2.014260967650282,2.045382684881808,2.618196503666282,3.6248885556488304,0.10000000000002274,496.59,1.0,1.0
QQQ,2023-11-14,10:30-15:30,11:15:00,1893,0.25937982284481953,0.27034003501963666,0.25938655080710477,0.5187663735646683,0.009999999999990905,385.53499999999997,5.0,10.0
AAPL,2023-11-14,10:30-15:30,12:45:00,596,0.5337745869914279,0.5212261718094977,0.5338030800432864,1.0675776662742507,0.009999999999990905,187.345,3.0,4.0
AMD,2023-11-14,10:30-15:30,12:45:00,417,0.8277117907537065,1.1568796554343084,1.6553550736629716,1.6554920950249168,0.010000000000005116,120.845,3.0,3.0
IWM,2023-11-14,10:30-15:30,12:45:00,1703,0.5648919644112924,0.5383566751430944,0.5649238765087324,0.5649557922087458,0.009999999999990905,177.025,12.0,4.0
NVDA,2023-11-14,10:30-15:30,12:45:00,212,2.420135527589637,2.167149490346526,3.025382963059615,3.6304961678097385,0.12000000000000455,495.83,2.0,2.0
QQQ,2023-11-14,10:30-15:30,12:45:00,2873,0.2598448726122919,0.27078751295154746,0.2598583771841982,0.5197100018185123,0.009999999999990905,384.845,5.0,3.0
SPY,2023-11-14,10:30-15:30,12:45:00,2613,0.22296792606363292,0.24148240506231994,0.44590105455685586,0.44595076703491365,0.009999999999990905,448.495,4.0,5.0
TSLA,2023-11-14,10:30-15:30,12:45:00,801,1.7024174327541728,1.463558636037219,2.1287012793487428,2.554169682005971,0.03999999999999204,234.935,2.0,2.0
AAPL,2023-11-14,10:30-15:30,14:30:00,1149,0.5334898236811281,0.528369634036188,0.5335467520351781,1.06700810926066,0.009999999999990905,187.445,4.0,7.0
AMD,2023-11-14,10:30-15:30,14:30:00,1086,0.8357360745468977,1.120322739953396,1.6714023065348507,1.671681711802928,0.010000000000005116,119.67500000000001,5.0,6.0
IWM,2023-11-14,10:30-15:30,14:30:00,1764,0.5641908093312028,0.5462813296411914,0.564254478769412,0.564254478769412,0.009999999999990905,177.245,6.0,9.0
NVDA,2023-11-14,10:30-15:30,14:30:00,638,1.8151931668068098,1.781160371011835,2.6221202062822395,3.152754797835004,0.08999999999997499,495.79499999999996,1.0,1.0
QQQ,2023-11-14,10:30-15:30,14:30:00,4108,0.25989214475968825,0.2626765754967873,0.25992592111224655,0.51981806367724,0.009999999999990905,384.775,6.0,5.0
SPY,2023-11-14,10:30-15:30,14:30:00,1255,0.22291822245115858,0.22008038718447523,0.22293313120709163,0.44585135315845137,0.009999999999990905,448.595,7.0,6.0
AAPL,2023-11-14,15:30-16:00,15:35:00,1261,0.5325522566897034,0.4877779686027695,0.5325806193922897,1.0651555666960502,0.009999999999990905,187.775,7.0,7.0
AMD,2023-11-14,15:30-16:00,15:35:00,978,0.8319121500761952,0.9527334525388926,1.663755095249648,1.6641704110497604,0.010000000000005116,120.205,8.0,5.0
IWM,2023-11-14,15:30-16:00,15:35:00,2467,0.5608053164338898,0.5469618119101967,0.5609940815119299,0.561025554713507,0.009999999999990905,178.315,17.0,9.0
NVDA,2023-11-14,15:30-16:00,15:35:00,668,1.2043839576057305,1.1834694342428655,1.6062321808625653,1.8073922342375313,0.060000000000002274,498.155,1.0,1.0
QQQ,2023-11-14,15:30-16:00,15:35:00,3309,0.2590640017613996,0.25272705808008517,0.2590975631871826,0.5181212921940316,0.009999999999990905,386.005,12.0,5.0
SPY,2023-11-14,15:30-16:00,15:35:00,1317,0.22237788674274003,0.22271552305893502,0.2223877775675426,0.4447805008237036,0.009999999999990905,449.685,8.0,6.0
AAPL,2023-11-14,15:30-16:00,15:50:00,4967,0.533432907475577,0.5546640483150439,0.5335467520351781,1.06700810926066,0.009999999999990905,187.465,4.0,6.0
AMD,2023-11-14,15:30-16:00,15:50:00,4478,0.8337154529163464,0.9022124231266879,1.6667083368063424,1.6679176048699877,0.010000000000005116,119.945,7.0,6.0
IWM,2023-11-14,15:30-16:00,15:50:00,555,0.5613089725234153,0.514753205977393,0.5613404810698772,1.122513366349844,0.009999999999990905,178.155,5.0,5.0
AAPL,2023-11-14,15:30-16:00,15:58:00,3195,0.5340311340146273,0.5263362069709179,0.534088177959213,1.0681478316604482,0.009999999999990905,187.255,12.0,11.0
AMD,2023-11-14,15:30-16:00,15:58:00,1731,0.8351776840515226,0.8356508295928325,0.835247442055136,1.6704251231935208,0.010000000000005116,119.735,18.0,10.0
IWM,2023-11-14,15:30-16:00,15:58:00,2770,0.5609940815119299,0.5435755991172752,0.561025554713507,0.5610570314483309,0.009999999999990905,178.255,49.0,20.0
NVDA,2023-11-14,15:30-16:00,15:58:00,1108,1.209262954229443,1.2467938505278677,2.0158039025968137,2.822068576267274,0.060000000000002274,496.155,2.0,1.0
QQQ,2023-11-14,15:30-16:00,15:58:00,1196,0.25975037988469435,0.2562730610881581,0.2597571270859382,0.5194811941475962,0.009999999999990905,384.985,11.0,12.0
AAPL,2024-02-13,09:30-09:45,09:30:05,5990,1.6131200430165955,1.5092936788839102,2.1521575379313482,3.2235534303982307,0.030000000000001137,185.93,1.0,2.0
AMD,2024-02-13,09:30-09:45,09:30:05,4010,4.806248122560079,4.954123191003292,7.204178423485895,9.57218896499485,0.0800000000000125,166.68,1.0,1.0
AAPL,2024-02-13,09:30-09:45,09:33:00,3286,1.0814610546741017,1.0660016305560047,1.6238599150180593,2.164150841313209,0.020000000000010232,184.915,2.0,2.0
AMD,2024-02-13,09:30-09:45,09:33:00,2518,4.196516890980077,4.219065103168718,5.999268093828408,7.798674225381412,0.06999999999999318,166.78,1.0,1.0
IWM,2024-02-13,09:30-09:45,09:33:00,4194,0.5084788854138208,0.6761862529313352,1.0169319164087165,1.0171387885867778,0.010000000000019327,196.685,2.0,2.5
AAPL,2024-02-13,09:30-09:45,09:40:00,2324,1.0843634786370533,0.8919993377402443,1.084716346674358,1.6269421622061955,0.01999999999998181,184.42000000000002,2.0,2.0
AMD,2024-02-13,09:30-09:45,09:40:00,2329,3.5665458003924555,3.532656876035912,4.759355107382002,5.947325729754694,0.060000000000002274,168.235,1.0,1.0
IWM,2024-02-13,09:30-09:45,09:40:00,5347,0.507730192176859,0.5602986410801395,1.0150738466214186,1.0157956219213893,0.009999999999990905,196.965,6.0,3.0
AAPL,2024-02-13,09:45-10:30,09:50:00,2971,0.5407012895720839,0.6988232992237078,1.0814318157230352,1.0816072683998599,0.010000000000019327,184.95499999999998,2.0,2.0
AMD,2024-02-13,09:45-10:30,09:50:00,2477,2.960945133685663,2.7036479612582682,3.5572419517402194,4.151528417502876,0.04999999999998295,168.75,1.0,1.0
IWM,2024-02-13,09:45-10:30,09:50:00,4552,0.510008925157176,0.5957927916363714,1.0199918400658015,1.0203040506076029,0.009999999999990905,196.085,2.0,3.0
AAPL,2024-02-13,09:45-10:30,10:10:00,2457,0.5407305269414068,0.5688700227174642,1.0809057990586288,1.0816072683998599,0.009999999999990905,184.935,3.0,3.0
AMD,2024-02-13,09:45-10:30,10:10:00,2228,2.3693875133273337,2.532779204525295,3.5542918073575187,4.147042270210705,0.040000000000020464,168.9,1.0,1.0
IWM,2024-02-13,09:45-10:30,10:10:00,4558,0.512675911921812,0.517866772606814,0.5128073639132794,1.0255358424782193,0.009999999999990905,195.055,3.0,6.0
NVDA,2024-02-13,09:45-10:30,10:10:00,757,5.759761742538202,5.791050236222849,8.715822028537353,11.375046518323783,0.40999999999996817,711.74,1.0,1.0
AAPL,2024-02-13,10:30-15:30,11:15:00,2447,0.5384594674630969,0.5160160898090279,0.5385174614281971,1.0769479295681565,0.009999999999990905,185.715,4.0,3.0
AMD,2024-02-13,10:30-15:30,11:15:00,1462,1.73415416630545,1.4809866773840832,2.3133422011462876,2.8914553653578765,0.030000000000001137,172.91500000000002,1.0,1.0
IWM,2024-02-13,10:30-15:30,11:15:00,4091,0.5067011223439652,0.4955602966165341,0.5067781578623757,1.0134279199397127,0.009999999999990905,197.35500000000002,5.0,6.0
NVDA,2024-02-13,10:30-15:30,11:15:00,472,4.503336573272066,4.0545441342361395,5.18608491531663,5.867649316735685,0.32999999999992724,732.8800000000001,1.0,2.0
QQQ,2024-02-13,10:30-15:30,11:15:00,1519,0.2323447066065104,0.24886376279809921,0.4646516274419025,0.46471640681231985,0.009999999999990905,430.395,5.0,3.0
AAPL,2024-02-13,10:30-15:30,12:45:00,840,0.5384304751644047,0.5038275456690966,0.5384594674630969,1.0768899418469637,0.009999999999990905,185.725,5.0,4.0
AMD,2024-02-13,10:30-15:30,12:45:00,875,1.172470395123123,1.3845656245423887,1.7586540434388218,2.3448033296219273,0.020000000000010232,170.615,1.0,1.0
IWM,2024-02-13,10:30-15:30,12:45:00,2470,0.5091001654585376,0.49736396357718815,0.5092557227607214,1.0180707559180573,0.009999999999990905,196.425,5.0,11.0
NVDA,2024-02-13,10:30-15:30,12:45:00,242,4.543608313426925,4.396374268306552,5.369718915867331,5.782556864539143,0.3300000000000409,726.325,2.0,1.0
QQQ,2024-02-13,10:30-15:30,12:45:00,2360,0.23279364007754133,0.2549884803088366,0.4655493482318122,0.465625218262721,0.009999999999990905,429.565,4.0,7.0
SPY,2024-02-13,10:30-15:30,12:45:00,2730,0.20192433895001172,0.19933537741502075,0.2019365717226382,0.40385275528505565,0.009999999999990905,495.235,5.0,5.0
TSLA,2024-02-13,10:30-15:30,12:45:00,483,1.089383953373376,1.3235687753433227,1.6341204346760976,2.178886588952612,0.020000000000010232,183.65499999999997,2.0,1.0
AAPL,2024-02-13,10:30-15:30,14:30:00,1710,0.5426672093333824,0.5201155448929973,0.5426966597031084,1.0853049706957787,0.009999999999990905,184.275,4.0,5.0
AMD,2024-02-13,10:30-15:30,14:30:00,1180,1.1743291644637315,1.2597084445686617,1.7621662897589436,2.349624060149908,0.020000000000010232,170.37,1.0,1.0
IWM,2024-02-13,10:30-15:30,14:30:00,3269,0.5129651953110316,0.5023139695287321,0.5131231238931117,1.0259567046261318,0.009999999999990905,194.935,4.0,6.0
NVDA,2024-02-13,10:30-15:30,14:30:00,540,3.190832599209291,3.1943179940057016,4.995004995005184,5.41114279173325,0.2300000000000182,721.095,2.0,1.0
QQQ,2024-02-13,10:30-15:30,14:30:00,3301,0.23422769273989966,0.2604602289916831,0.46835116970795154,0.46846087180525636,0.009999999999990905,426.945,3.0,6.0
AAPL,2024-02-13,15:30-16:00,15:35:00,1816,0.5431093007462814,0.5317154845509554,0.543168300699021,1.0862480990648387,0.009999999999990905,184.125,5.0,5.0
AMD,2024-02-13,15:30-16:00,15:35:00,1486,1.1768167107978955,1.1471430649661185,1.7654328268095143,1.7661239767965604,0.020000000000010232,169.935,2.0,2.0
IWM,2024-02-13,15:30-16:00,15:35:00,4427,0.5155835116402943,0.49697638817165346,0.5156898641152518,1.0311936066001666,0.009999999999990905,193.95,5.0,7.0
NVDA,2024-02-13,15:30-16:00,15:35:00,770,3.3573007302130358,3.32144146648405,5.173558919145727,5.453210752612807,0.2400000000000091,714.645,2.0,1.0
QQQ,2024-02-13,15:30-16:00,15:35:00,1500,0.23459034660702374,0.2766547354747582,0.46917519001685876,0.46921921921879245,0.009999999999990905,426.28499999999997,3.0,5.0
AAPL,2024-02-13,15:30-16:00,15:50:00,5770,0.5419026200986753,0.5277405382153725,0.5421376487500652,1.0842459069722559,0.009999999999990905,184.535,3.0,3.0
AMD,2024-02-13,15:30-16:00,15:50:00,3143,1.1678150181017302,1.263703682943751,1.7520805957074688,2.919452310745508,0.020000000000010232,171.275,1.0,2.0
IWM,2024-02-13,15:30-16:00,15:50:00,1085,0.5145753466946718,0.6179228584101485,1.0290183165265605,1.0296540362443487,0.010000000000019327,194.36,3.0,3.0
AAPL,2024-02-13,15:30-16:00,15:58:00,6556,0.5407597674743451,0.5301980276745938,0.5408767612294618,1.0816072683998599,0.009999999999990905,184.925,5.0,7.0
AMD,2024-02-13,15:30-16:00,15:58:00,3247,1.1656370206323716,0.9254015853274106,1.16645281698415,1.7496282040067153,0.01999999999998181,171.535,2.0,3.0
IWM,2024-02-13,15:30-16:00,15:58:00,194,0.5143900619835347,0.4746144981448336,0.5144165230597149,0.5144165230597149,0.009999999999990905,194.405,20.5,11.0
AAPL,2024-04-15,09:30-09:45,09:30:05,2074,1.7071644013138272,1.5132065802491204,2.2779043280177698,2.847299336578283,0.030000000000001137,175.675,2.0,2.0
AMD,2024-04-15,09:30-09:45,09:30:05,3045,2.4461839530327816,2.304848212587181,3.682789098944407,5.511835134887062,0.03999999999999204,163.075,2.0,1.0
IWM,2024-04-15,09:30-09:45,09:30:05,4877,0.501793913239376,0.6262552894477675,1.0036130068236557,1.0039152695503368,0.009999999999990905,199.3,2.0,2.0
AAPL,2024-04-15,09:30-09:45,09:33:00,2535,1.7221090095003666,1.6148038249552878,2.8682059371853117,3.4455036177772973,0.030000000000001137,174.09,1.0,2.0
AMD,2024-04-15,09:30-09:45,09:33:00,2377,3.68980997478469,3.61432899542599,4.922471080483172,6.151196407700949,0.060000000000002274,162.605,1.0,1.0
IWM,2024-04-15,09:30-09:45,09:33:00,2372,0.5007887422686184,0.5708398084736769,1.0014470912729017,1.0017174450756152,0.009999999999990905,199.7,3.0,2.0
NVDA,2024-04-15,09:30-09:45,09:33:00,1265,8.437631837997468,8.39363763147644,12.009854815447257,14.398848092152319,0.75,889.71,1.0,1.0
QQQ,2024-04-15,09:30-09:45,09:33:00,1451,0.4534633261530849,0.34816706873108233,0.45351473922861246,0.6802335468517559,0.01999999999998181,441.025,3.0,2.0
AAPL,2024-04-15,09:30-09:45,09:40:00,1655,1.147907937783977,1.0192118132278793,1.7218124946194011,2.2958158755663227,0.01999999999998181,174.14,2.0,2.0
AMD,2024-04-15,09:30-09:45,09:40:00,1627,3.1043367584522628,3.181158869594882,4.345801645197678,5.586765573107482,0.05000000000001137,161.105,1.0,1.0
IWM,2024-04-15,09:30-09:45,09:40:00,3402,0.5000625078130219,0.4765457301405546,0.5001375378224465,1.000150022502466,0.009999999999990905,199.975,4.0,3.0
NVDA,2024-04-15,09:30-09:45,09:40:00,1093,5.480708465457656,5.309016256195265,7.829101890169393,8.49997763163771,0.4900000000000091,893.71,2.0,2.0
QQQ,2024-04-15,09:30-09:45,09:40:00,2222,0.22673423346803398,0.2691763306313105,0.45345304493678434,0.45349417259946967,0.009999999999990905,441.065,5.0,3.0
AAPL,2024-04-15,09:45-10:30,09:50:00,1582,1.1450163164830955,1.0789708211861395,1.7183606839076175,2.2912131973875614,0.01999999999998181,174.64499999999998,2.0,2.0
AMD,2024-04-15,09:45-10:30,09:50:00,1701,2.453837187902095,2.3540324356765896,3.6775973030954505,4.296191732899204,0.03999999999999204,162.93,1.0,1.0
IWM,2024-04-15,09:45-10:30,09:50:00,6265,0.5014919385166322,0.5105236452244546,0.5016428804329632,1.003109639882727,0.009999999999990905,199.405,4.0,5.0
NVDA,2024-04-15,09:45-10:30,09:50:00,452,3.345227485866415,3.211926335835328,4.780579044709846,5.7318424094776,0.30000000000001137,896.9,1.0,1.0
AAPL,2024-04-15,09:45-10:30,10:10:00,2542,0.5717062573244664,0.8433791587440032,1.1433144686451857,1.7148246591786642,0.010000000000019327,174.97,2.0,2.0
AMD,2024-04-15,09:45-10:30,10:10:00,2415,2.4654832347135134,2.5635588088102157,3.6947177885013183,4.315792718640721,0.040000000000020464,162.3,1.0,1.0
IWM,2024-04-15,09:45-10:30,10:10:00,5043,0.5039433567662411,0.47689338631455735,0.504121190733794,0.5041466058339505,0.009999999999990905,198.435,4.0,5.0
AAPL,2024-04-15,10:30-15:30,11:15:00,1726,0.5692653630484675,0.6975057879059086,1.1386603670025948,1.7079905491190266,0.010000000000019327,175.675,3.0,3.0
AMD,2024-04-15,10:30-15:30,11:15:00,828,1.8437144700858028,2.0978869782907226,3.071913494914936,3.073424101792505,0.030000000000001137,162.745,1.0,1.0
IWM,2024-04-15,10:30-15:30,11:15:00,3626,0.5062906614697277,0.493028882586814,0.5064445063441964,0.506495808746722,0.009999999999990905,197.515,6.0,6.0
NVDA,2024-04-15,10:30-15:30,11:15:00,318,4.175671634211216,4.31175951387403,6.0947255852067155,6.772009029344345,0.37000000000000455,886.04,2.0,2.0
QQQ,2024-04-15,10:30-15:30,11:15:00,3491,0.2281776591251875,0.3055358805335093,0.45635011180536234,0.4564021816033101,0.009999999999990905,438.305,4.0,3.0
AAPL,2024-04-15,10:30-15:30,12:45:00,838,0.5712816704287084,0.6707952872643724,1.1425959780627417,1.1426612580690059,0.010000000000019327,175.04500000000002,3.0,5.0
AMD,2024-04-15,10:30-15:30,12:45:00,1066,1.8586784796010745,1.8722211690447779,2.478929102627171,3.096454559530043,0.030000000000001137,161.43,1.0,1.0
IWM,2024-04-15,10:30-15:30,12:45:00,3465,0.5076528669705472,0.4872816049068646,0.5076786394207846,0.5076786394207846,0.010000000000019327,196.985,7.0,5.0
NVDA,2024-04-15,10:30-15:30,12:45:00,609,4.671273377729057,4.591557158363419,5.808953761866963,8.669959730318517,0.40999999999996817,877.155,2.0,2.0
QQQ,2024-04-15,10:30-15:30,12:45:00,3651,0.22926052019191182,0.3081745537043248,0.4585262964826862,0.4585578356079022,0.009999999999990905,436.22,3.0,3.0
SPY,2024-04-15,10:30-15:30,12:45:00,371,0.19620731264636387,0.19197483968188814,0.19621116245396886,0.3924107755995411,0.009999999999990905,509.665,2.0,3.0
AAPL,2024-04-15,10:30-15:30,14:30:00,1446,0.5779177623018987,0.6817761423275774,1.1558021266765042,1.155935729974005,0.010000000000019327,173.04500000000002,2.0,3.0
AMD,2024-04-15,10:30-15:30,14:30:00,1351,1.8703824932199347,2.059970155548017,3.1171098157795187,3.1174985191871403,0.030000000000001137,160.39999999999998,1.0,1.0
IWM,2024-04-15,10:30-15:30,14:30:00,2124,0.5114173933050812,0.5138229346099963,0.51146970820752,1.0229132569563335,0.009999999999990905,195.535,5.0,3.0
NVDA,2024-04-15,10:30-15:30,14:30:00,451,4.840159494780381,4.66042729974558,6.335201257826199,8.12251504585856,0.42000000000007276,867.97,2.0,2.0
QQQ,2024-04-15,10:30-15:30,14:30:00,4518,0.4635961150654518,0.36709630490824396,0.46371435195877136,0.695547337791932,0.01999999999998181,431.335,2.0,3.0
SPY,2024-04-15,10:30-15:30,14:30:00,110,0.19798843749447398,0.2321852110552468,0.3959776589540926,0.3959847149896412,0.009999999999990905,505.085,3.0,2.0
AAPL,2024-04-15,15:30-16:00,15:35:00,1319,0.577017397073997,0.5381142910220962,0.5771839196554734,1.1543345261462676,0.009999999999990905,173.29500000000002,3.0,4.0
AMD,2024-04-15,15:30-16:00,15:35:00,1008,1.8648018648001687,1.5179574838626404,1.8670068768087336,2.488800398209337,0.029999999999972715,160.745,1.0,1.0
IWM,2024-04-15,15:30-16:00,15:35:00,2430,0.5109992590506096,0.48809317014716946,0.5111559792466024,1.0218157666178016,0.009999999999990905,195.685,6.0,5.0
NVDA,2024-04-15,15:30-16:00,15:35:00,336,2.7842227378191313,2.837546379171663,4.522027767352555,6.490872210952714,0.2400000000000091,862.465,2.0,1.0
QQQ,2024-04-15,15:30-16:00,15:35:00,4099,0.46371435195877136,0.36137968437650303,0.4639510067732628,0.6955960423447728,0.01999999999998181,431.155,4.0,2.0
SPY,2024-04-15,15:30-16:00,15:35:00,797,0.19808452266564136,0.23884359304735864,0.396165121623458,0.3961808169244842,0.009999999999990905,504.84000000000003,3.0,2.0
AAPL,2024-04-15,15:30-16:00,15:50:00,3123,0.5761198329263619,0.6095267321699368,1.1522064754009813,1.1523392486737618,0.010000000000019327,173.575,4.0,3.0
AMD,2024-04-15,15:30-16:00,15:50:00,1580,1.865729655772949,1.6594417623399296,2.48802637307906,3.111097284012778,0.030000000000001137,160.755,1.0,1.0
IWM,2024-04-15,15:30-16:00,15:50:00,5291,0.5108687322787762,0.47989011309365925,0.5109992590506096,1.021972406745541,0.009999999999990905,195.745,5.0,4.0
AAPL,2024-04-15,15:30-16:00,15:58:00,3525,0.5787874403120188,0.6133827132425013,1.1572065035011418,1.1576083810852713,0.009999999999990905,172.78,5.0,7.0
AMD,2024-04-15,15:30-16:00,15:58:00,1670,1.246649629122373,1.049728639010389,1.2471160441467737,1.8706157443474805,0.01999999999998181,160.39,3.0,3.0
IWM,2024-04-15,15:30-16:00,15:58:00,3040,0.5103733380963537,0.473286432365553,0.5104775517506485,0.5104775517506485,0.009999999999990905,195.935,12.0,10.0
NVDA,2024-04-15,15:30-16:00,15:58:00,819,2.091223830658081,2.216256589522748,3.601196526588553,4.8767460492559795,0.17999999999994998,860.7149999999999,1.0,2.0
QQQ,2024-04-15,15:30-16:00,15:58:00,946,0.23187599271888296,0.23824736042830943,0.23189750130421255,0.4637847853695291,0.009999999999990905,431.27,9.0,7.0
AAPL,2024-08-05,09:30-09:45,09:30:05,9662,8.05234021137376,10.185651128273983,19.628073177482392,54.01448799818235,0.1599999999999966,198.445,1.0,1.0
AMD,2024-08-05,09:30-09:45,09:30:05,336,9.682104243989395,9.811791050151152,13.770199667895321,20.800944949745944,0.12000000000000455,123.89,1.0,2.0
AAPL,2024-08-05,09:30-09:45,09:33:00,5430,6.835937500000721,6.695725422870291,11.257678470913083,16.170525542080732,0.13999999999998636,204.67000000000002,1.0,1.0
AMD,2024-08-05,09:30-09:45,09:33:00,3179,7.196257945868422,6.681108602697184,9.6030729833539,12.007204322594012,0.0899999999999892,124.975,1.0,1.0
IWM,2024-08-05,09:30-09:45,09:33:00,1375,1.01260695661031,1.2383620785625693,1.5188719844063054,2.0251113811255594,0.020000000000010232,197.57,2.0,2.0
AAPL,2024-08-05,09:30-09:45,09:40:00,5132,2.861639719559416,2.766251607182769,4.769627015167142,5.729564553094182,0.060000000000002274,209.505,1.0,1.0
AMD,2024-08-05,09:30-09:45,09:40:00,3227,3.8939293641222203,4.011315271090235,6.2049173970381215,8.569981691401598,0.05000000000001137,128.65,1.0,1.0
IWM,2024-08-05,09:30-09:45,09:40:00,1638,1.0091326504859888,1.044751253368345,1.5136607886173281,2.017858043686225,0.020000000000010232,198.2,2.0,2.0
AAPL,2024-08-05,09:45-10:30,09:50:00,5477,3.3292906232904413,3.7393074028148554,5.731206497393227,20.23316932316633,0.06999999999999318,210.14,1.0,1.0
AMD,2024-08-05,09:45-10:30,09:50:00,2659,3.8368568468719157,3.6046652987517054,5.372011818425477,6.912453372142329,0.04999999999998295,130.25,1.0,1.0
IWM,2024-08-05,09:45-10:30,09:50:00,1856,1.5062887555544968,1.3425555773810671,2.009091169074408,2.512625945376083,0.030000000000001137,199.13,2.0,2.0
AAPL,2024-08-05,09:45-10:30,10:10:00,2373,2.8653295128940917,2.6015491371436057,3.824238021972089,5.254554506956026,0.05999999999997385,209.20499999999998,1.0,1.0
AMD,2024-08-05,09:45-10:30,10:10:00,2424,3.7900322152725368,3.904336790418999,5.305522297172636,6.8172883471676045,0.05000000000001137,132.005,1.0,1.0
IWM,2024-08-05,09:45-10:30,10:10:00,4813,1.501238521780526,1.3833072503855597,2.002904211105706,2.0039959684908646,0.030000000000001137,199.70499999999998,2.0,3.0
NVDA,2024-08-05,09:45-10:30,10:10:00,389,2.020610224287333,2.370693468870089,4.0399959600046715,5.049739938394321,0.01999999999999602,98.995,1.0,1.0
AAPL,2024-08-05,10:30-15:30,11:15:00,1668,1.8859917959366526,2.095256679241532,2.8295213393068743,3.768252472916274,0.040000000000020464,212.26,1.0,1.0
AMD,2024-08-05,10:30-15:30,11:15:00,2130,2.9387995004035,3.246689351882256,4.404962924895549,5.870017298552479,0.040000000000020464,136.26,1.0,1.0
IWM,2024-08-05,10:30-15:30,11:15:00,3572,0.9932459276922045,1.155109326321447,1.490498074773377,1.9877751826264494,0.020000000000010232,201.39499999999998,2.0,2.0
NVDA,2024-08-05,10:30-15:30,11:15:00,2630,2.953628046933195,2.8409187814223436,3.943606428079094,4.929751047571816,0.030000000000001137,101.53999999999999,1.0,2.0
AAPL,2024-08-05,10:30-15:30,12:45:00,2619,2.372985928192637,2.2020133020789525,2.8485970659451305,3.7974082688570987,0.04999999999998295,210.64499999999998,1.0,1.0
AMD,2024-08-05,10:30-15:30,12:45:00,2052,2.9139651781155425,3.1201628244899697,3.643119967941373,4.3715846994537175,0.040000000000020464,137.325,1.0,1.0
IWM,2024-08-05,10:30-15:30,12:45:00,2442,0.9830425165893455,1.0805451109519446,1.4744550659819204,1.9657555564960876,0.020000000000010232,203.47500000000002,2.0,3.0
NVDA,2024-08-05,10:30-15:30,12:45:00,2511,1.965988400668045,1.5909943247643699,1.9679228574235976,2.951739066266654,0.01999999999999602,101.67500000000001,2.0,2.0
QQQ,2024-08-05,10:30-15:30,12:45:00,376,0.6841115101768328,0.7737521835691539,0.9120758847127786,1.1400558627375332,0.03000000000002956,438.58000000000004,1.0,2.0
AAPL,2024-08-05,10:30-15:30,14:30:00,1214,1.899335232668188,1.6832954112258227,2.3749020352915844,2.3755790473933422,0.03999999999999204,210.57999999999998,2.0,2.0
AMD,2024-08-05,10:30-15:30,14:30:00,1777,2.212634140944879,2.2899409566437927,2.9507229271186532,3.68833292144293,0.030000000000001137,135.61,2.0,1.0
IWM,2024-08-05,10:30-15:30,14:30:00,3649,0.987654320986756,0.9143272030549253,1.481444902595054,1.4818107727643741,0.020000000000010232,202.49,3.0,3.0
NVDA,2024-08-05,10:30-15:30,14:30:00,3088,0.9957679860597575,1.4425804826186044,1.9912385503779393,2.9861145672623435,0.010000000000005116,100.47999999999999,5.0,4.0
QQQ,2024-08-05,10:30-15:30,14:30:00,272,0.687955053602539,0.7005517875314089,0.917325994725845,0.917410151142488,0.029999999999972715,436.125,1.0,2.0
AAPL,2024-08-05,15:30-16:00,15:35:00,2324,1.4489603709339098,1.3704519324240982,2.4139662442777774,3.2696881391155523,0.030000000000001137,207.03500000000003,2.0,2.0
AMD,2024-08-05,15:30-16:00,15:35:00,2132,2.222633821078061,2.1200435621998817,2.9642804209293363,3.7049386832635287,0.030000000000001137,134.95999999999998,2.0,2.0
IWM,2024-08-05,15:30-16:00,15:35:00,4008,0.9914241808362777,0.9287712089182706,1.4870994125957884,1.487541837114225,0.020000000000010232,201.72,3.0,3.0
NVDA,2024-08-05,15:30-16:00,15:35:00,1535,1.0026570411581597,1.4319273313446932,2.0050125313293465,3.0067534115599837,0.010000000000005116,99.77000000000001,3.0,3.0
AAPL,2024-08-05,15:30-16:00,15:50:00,3905,1.4484007241990446,1.5279992177729433,2.4123706366237885,3.865107739878853,0.030000000000001137,207.14,1.0,1.0
AMD,2024-08-05,15:30-16:00,15:50:00,3468,2.2242817423520087,2.604521597431104,4.440037316736999,10.384215991691617,0.030000000000001137,134.87,1.0,1.0
IWM,2024-08-05,15:30-16:00,15:50:00,2625,0.9924573243355613,0.902717860587984,1.4887968040495838,1.985111662532033,0.01999999999998181,201.5,4.0,4.0
AAPL,2024-08-05,15:30-16:00,15:58:00,5982,1.434548714882138,1.2396315476454538,1.9158005651607852,2.8698522026116744,0.029999999999972715,208.945,2.0,2.0
AMD,2024-08-05,15:30-16:00,15:58:00,4006,1.48754183711493,1.510516513439588,2.23189376185702,2.9730935037901025,0.020000000000010232,134.45,2.0,3.0
AAPL,2024-11-06,09:30-09:45,09:30:05,6874,2.2464337863633808,2.164766907779725,3.1507687889247418,4.49923513002764,0.04999999999998295,222.305,1.0,1.0
AMD,2024-11-06,09:30-09:45,09:30:05,1644,4.138216428719378,4.413260692435214,6.891323823306065,8.951626786021377,0.060000000000002274,145.09,1.0,2.0
IWM,2024-11-06,09:30-09:45,09:30:05,1482,0.8521516830000099,0.994882701495667,1.2782002939861161,1.704303365998809,0.020000000000010232,234.8175,2.0,2.0
AAPL,2024-11-06,09:30-09:45,09:33:00,5057,2.2274195344698238,2.078294502497384,3.120333429914778,4.012036108325127,0.04999999999998295,224.375,2.0,1.0
AMD,2024-11-06,09:30-09:45,09:33:00,1401,4.852854518353716,4.6709991408290685,6.9271266278743635,9.021825878760225,0.06999999999999318,144.09,2.0,1.0
IWM,2024-11-06,09:30-09:45,09:33:00,3542,1.272453502428314,1.200231645815005,1.6979370065367196,2.122646515676227,0.030000000000001137,235.73000000000002,2.0,3.0
AAPL,2024-11-06,09:30-09:45,09:40:00,9694,0.8915039671918432,0.9173875927500108,1.3374646129155006,1.7815895885979496,0.020000000000010232,224.39999999999998,2.0,2.0
AMD,2024-11-06,09:30-09:45,09:40:00,302,2.782608695653597,3.0713479185714925,4.173013125943059,4.868711711992161,0.03999999999999204,143.825,2.0,1.0
AAPL,2024-11-06,09:45-10:30,09:50:00,4457,0.8958967926899405,1.0576831718379842,1.3439956992138136,1.7921146953401454,0.020000000000010232,223.305,2.0,2.0
AMD,2024-11-06,09:45-10:30,09:50:00,1666,2.1128992499208463,2.1210790833691155,3.5198873679651665,4.2241622078289405,0.030000000000001137,141.99,2.0,2.0
IWM,2024-11-06,09:45-10:30,09:50:00,3876,0.8545547769616404,0.8103486969568492,1.281804781131882,1.2821334700942852,0.020000000000010232,234.04000000000002,3.0,3.0
AAPL,2024-11-06,09:45-10:30,10:10:00,4489,0.8896401405623331,0.8831501677859296,1.3347273819322911,1.7795969212969722,0.020000000000010232,224.8,2.0,2.0
AMD,2024-11-06,09:45-10:30,10:10:00,2708,2.0932910023375877,2.2920904676135208,3.4873583260687964,4.1846840563539045,0.030000000000001137,143.35500000000002,2.0,2.0
IWM,2024-11-06,09:45-10:30,10:10:00,2803,0.8509189925123481,0.7670483069337203,1.2762427413694568,1.2770022118132283,0.01999999999998181,235.01,2.0,3.0
AAPL,2024-11-06,10:30-15:30,11:15:00,3090,0.8909479686390872,0.9086468463783182,1.3364517206816409,1.336570804838437,0.020000000000010232,224.49,2.0,3.0
AMD,2024-11-06,10:30-15:30,11:15:00,943,2.091831398389369,1.7272386328329394,2.0931449502878867,2.790762575873303,0.030000000000001137,143.35500000000002,2.0,2.0
IWM,2024-11-06,10:30-15:30,11:15:00,2357,0.8521879926704082,0.7161468149780404,0.8525512596437108,1.2786361214692685,0.01999999999998181,234.67000000000002,5.0,3.0
NVDA,2024-11-06,10:30-15:30,11:15:00,3610,0.6946132740590355,0.9049066508035516,1.388985346205308,1.389274798555865,0.010000000000019327,144.005,4.0,4.0
AAPL,2024-11-06,10:30-15:30,12:45:00,2382,0.8912258811987794,0.6868180097537376,0.8913450396640437,1.3369281846743974,0.01999999999998181,224.39,3.0,2.0
AMD,2024-11-06,10:30-15:30,12:45:00,367,1.3926606782264628,1.2639197931787705,2.0890637512622217,2.0901320707551077,0.01999999999998181,143.585,2.0,2.0
IWM,2024-11-06,10:30-15:30,12:45:00,1792,0.42377370484122917,0.6061934682346468,0.8473858147618946,0.8476012883543921,0.010000000000019327,236.03,5.0,2.0
NVDA,2024-11-06,10:30-15:30,12:45:00,1671,0.6897740989819559,0.7388754393933565,0.6897740989819559,1.3795006207759848,0.009999999999990905,144.975,14.0,77.0
QQQ,2024-11-06,10:30-15:30,12:45:00,1130,0.19871826717652946,0.3091065747435623,0.3974246880212584,0.5961192635934609,0.010000000000047748,503.32,5.0,2.0
SPY,2024-11-06,10:30-15:30,12:45:00,938,0.33957010424771317,0.29740739311620706,0.5093447789068231,0.5094027253060476,0.01999999999998181,588.955,5.0,5.0
TSLA,2024-11-06,10:30-15:30,12:45:00,1272,1.3941654177275267,1.5436903515196576,2.0911752404852324,2.4396619325605364,0.040000000000020464,286.92499999999995,2.0,2.0
AAPL,2024-11-06,10:30-15:30,14:30:00,1500,0.8934554389104413,0.697805029684125,0.8934953538233475,0.8934953538233475,0.01999999999998181,223.845,5.0,3.0
AMD,2024-11-06,10:30-15:30,14:30:00,285,1.385137474895092,1.2053870055986817,1.3853293620545688,2.0777781625515908,0.01999999999998181,144.38,2.0,6.0
IWM,2024-11-06,10:30-15:30,14:30:00,1504,0.8441311779854906,0.6629247099941613,0.8443806467960074,1.2664373008000143,0.01999999999998181,236.89999999999998,6.0,6.0
NVDA,2024-11-06,10:30-15:30,14:30:00,2387,0.6848611444042959,0.7497085585077722,1.3696753869339977,1.3698630136973844,0.009999999999990905,146.015,4.0,9.0
QQQ,2024-11-06,10:30-15:30,14:30:00,1020,0.19790419457922412,0.30072912936226953,0.3958123058053525,0.5937243337924055,0.010000000000047748,505.305,8.0,3.0
SPY,2024-11-06,10:30-15:30,14:30:00,874,0.33868454921055696,0.3309327920351946,0.5080225223313614,0.5080397287063229,0.01999999999998181,590.525,6.0,8.0
TSLA,2024-11-06,10:30-15:30,14:30:00,1335,2.0842017507295494,1.990324223830781,2.779514974638348,3.1270086687640264,0.060000000000002274,287.83500000000004,2.0,2.0
AAPL,2024-11-06,15:30-16:00,15:35:00,1643,0.44675765630892866,0.5318339117828269,0.8934554389104413,0.8935352723053314,0.009999999999990905,223.85000000000002,3.0,4.0
AMD,2024-11-06,15:30-16:00,15:35:00,797,1.375421222748216,1.4436214987200737,2.063202778446487,2.0637705087195086,0.020000000000010232,145.41,2.0,2.0
IWM,2024-11-06,15:30-16:00,15:35:00,3371,0.4212743549232608,0.5140930467237947,0.8425664574285634,0.8426729586239913,0.009999999999990905,237.39,6.0,4.0
NVDA,2024-11-06,15:30-16:00,15:35:00,3245,0.6847673502921152,0.730126027459238,1.369300287551815,1.3695815928221469,0.009999999999990905,146.035,8.0,5.0
QQQ,2024-11-06,15:30-16:00,15:35:00,944,0.3953975722585467,0.3166759849138195,0.39544447959470524,0.5931608553374139,0.01999999999998181,505.78,2.0,8.0
AAPL,2024-11-06,15:30-16:00,15:50:00,3314,0.44749737095253866,0.7025130733222489,0.8946544397231149,1.7892288423698541,0.010000000000019327,223.635,2.0,2.0
AMD,2024-11-06,15:30-16:00,15:50:00,2353,1.374570446734145,1.3164718759733942,2.06249355470772,4.125696211235802,0.01999999999998181,145.45499999999998,2.0,2.0
IWM,2024-11-06,15:30-16:00,15:50:00,4333,0.4212566084626621,0.5216576192365339,0.8424954715872712,0.8427439743810143,0.009999999999990905,237.39499999999998,5.0,4.0
AAPL,2024-11-06,15:30-16:00,15:58:00,3886,0.4490446574907791,0.5001860323089224,0.8978272580360133,0.8982708286552992,0.009999999999990905,222.725,6.0,4.0
AMD,2024-11-06,15:30-16:00,15:58:00,2114,0.6890611541768066,0.7962281978495344,1.3780748294619865,1.3781697905169383,0.009999999999990905,145.135,6.0,4.0
IWM,2024-11-06,15:30-16:00,15:58:00,4000,0.42155850178070126,0.4349442503692536,0.4216295983986224,0.8431703204051532,0.009999999999990905,237.215,9.0,8.0
AAPL,2025-01-27,09:30-09:45,09:30:05,6926,2.665718855518139,2.7757631509654304,4.8859573144995325,5.780025670459554,0.060000000000002274,225.055,3.0,4.0
AMD,2025-01-27,09:30-09:45,09:30:05,3074,5.941014215997724,5.933510063036213,9.353343820415752,12.740476493821353,0.06999999999999318,117.78999999999999,2.0,2.0
AAPL,2025-01-27,09:30-09:45,09:33:00,3696,2.6465528648935766,2.635646319288184,4.409171075837492,5.731796036242386,0.060000000000002274,226.445,2.0,2.0
AMD,2025-01-27,09:30-09:45,09:33:00,2583,6.841115101761441,6.698923531745216,9.39889776562562,11.960700555318287,0.0799999999999983,117.045,2.0,2.0
IWM,2025-01-27,09:30-09:45,09:33:00,3721,0.8810960835283594,0.8407869539463485,1.321789703258262,1.7624250969330297,0.020000000000010232,226.98000000000002,2.0,2.0
AAPL,2025-01-27,09:30-09:45,09:40:00,3252,1.767877662865378,1.8767618630556662,3.0920776553213853,4.425953793043407,0.03999999999999204,226.37,3.0,3.0
AMD,2025-01-27,09:30-09:45,09:40:00,3547,3.4521446448611592,3.2127356994210983,4.318721658388871,6.037668249471938,0.03999999999999204,115.84,2.0,2.0
IWM,2025-01-27,09:30-09:45,09:40:00,3201,0.8786574114744666,0.7999955895284231,1.3178992685659559,1.3180729773072268,0.01999999999998181,227.615,2.0,2.0
AAPL,2025-01-27,09:45-10:30,09:50:00,2282,1.7588602585521078,1.5402149091202006,2.2009464069542397,2.6414484654678603,0.03999999999999204,227.265,3.0,3.0
AMD,2025-01-27,09:45-10:30,09:50:00,2319,3.4173430158045317,3.475223478703293,5.12470105910508,5.979583991798845,0.04000000000000625,117.07,2.0,2.0
IWM,2025-01-27,09:45-10:30,09:50:00,5015,0.874393389586422,0.8573710761758265,1.312536915100787,1.7493221376725472,0.020000000000010232,228.67000000000002,5.0,4.0
NVDA,2025-01-27,09:45-10:30,09:50:00,384,0.7894840721592482,1.0689277099090548,1.579030475287859,2.3680783044560236,0.010000000000005116,126.67500000000001,4.5,4.0
AAPL,2025-01-27,09:45-10:30,10:10:00,1648,2.2161647053601463,1.945656025039342,2.6613439787093496,3.1051079024993093,0.04999999999998295,225.435,2.0,3.0
AMD,2025-01-27,09:45-10:30,10:10:00,1002,4.265665657125552,3.8841389966600364,5.12076470086219,6.8253561982764515,0.04999999999999716,117.19,2.0,2.0
IWM,2025-01-27,09:45-10:30,10:10:00,4126,0.8738203425367795,0.8396467292451975,1.3107018808572486,1.3112174654166888,0.020000000000010232,228.875,3.0,2.0
NVDA,2025-01-27,09:45-10:30,10:10:00,3223,0.8013783707981822,1.0803816118965195,1.6028209648990408,2.4041351123934076,0.010000000000005116,124.815,3.0,4.0
AAPL,2025-01-27,10:30-15:30,11:15:00,1222,1.3163379478291892,1.1195005619688456,1.7566974088709724,2.1964785184835995,0.029999999999972715,227.78500000000003,3.0,3.0
AMD,2025-01-27,10:30-15:30,11:15:00,944,2.5934730927167613,2.872635650338487,4.321334428071142,6.048822639879662,0.030000000000001137,115.7175,2.0,2.0
IWM,2025-01-27,10:30-15:30,11:15:00,3968,0.4399181752190091,0.6581050652383659,0.879623521132155,1.3186714654359495,0.010000000000019327,227.49,3.0,3.0
NVDA,2025-01-27,10:30-15:30,11:15:00,3866,0.8223346079523965,0.9990957354609019,1.6444663706623928,1.645278051990459,0.010000000000005116,121.625,2.0,4.0
AAPL,2025-01-27,10:30-15:30,12:45:00,991,0.8683570684269812,0.9853035535561145,1.7364125716266732,2.1707512970243936,0.020000000000010232,230.32999999999998,3.0,3.0
AMD,2025-01-27,10:30-15:30,12:45:00,852,1.7304031839427436,1.706114012983988,2.595941677843736,2.596615744146894,0.01999999999999602,115.57499999999999,2.0,2.0
IWM,2025-01-27,10:30-15:30,12:45:00,2332,0.4408685109674563,0.6415395068992343,0.8816787162749872,0.8817564588665122,0.010000000000019327,226.86,4.0,3.0
NVDA,2025-01-27,10:30-15:30,12:45:00,3536,0.8341327105146696,1.0402258187640838,1.6680567139279416,1.6690311274313805,0.010000000000005116,119.935,3.0,4.0
QQQ,2025-01-27,10:30-15:30,12:45:00,2289,0.3898407500532486,0.4630447232116925,0.7796085585916468,0.779696697983775,0.020000000000095497,513.075,4.0,1.0
AAPL,2025-01-27,10:30-15:30,14:30:00,860,1.2937447441620258,1.462329960800033,2.1560552812579017,2.587322121604238,0.030000000000001137,231.95,3.0,2.0
AMD,2025-01-27,10:30-15:30,14:30:00,973,1.7554638813302923,1.8382854147639278,2.633311389071858,3.511235955055481,0.01999999999999602,113.94,2.0,2.0
IWM,2025-01-27,10:30-15:30,14:30:00,3571,0.8841342115737693,0.7240826614135738,0.8845252310826691,1.326523844266151,0.01999999999998181,226.165,5.0,3.0
NVDA,2025-01-27,10:30-15:30,14:30:00,4596,0.8427084650069622,0.9682333771944927,1.6836434043266286,1.686767310449188,0.010000000000005116,118.755,3.0,5.0
AAPL,2025-01-27,15:30-16:00,15:35:00,1976,0.866288387403379,0.8607883975087735,1.2994607237996723,1.732201628269186,0.020000000000010232,230.87,3.0,4.0
AMD,2025-01-27,15:30-16:00,15:35:00,846,1.74916914465594,1.8666182498793016,2.6240979663241752,3.498338289313123,0.020000000000010232,114.35,2.0,2.0
IWM,2025-01-27,15:30-16:00,15:35:00,2712,0.44311509914785985,0.5688976376538001,0.8862498338286096,0.8863676653080231,0.010000000000019327,225.69,5.0,2.0
NVDA,2025-01-27,15:30-16:00,15:35:00,3531,0.8469193309341619,0.8133278944319143,0.8470628097077731,1.6933367200076395,0.010000000000005116,118.07499999999999,7.0,9.0
QQQ,2025-01-27,15:30-16:00,15:35:00,934,0.3904114937140199,0.3856054946780714,0.5856115248342761,0.585657253852604,0.01999999999998181,512.28,2.0,2.0
AAPL,2025-01-27,15:30-16:00,15:50:00,6229,1.7414776437816388,1.9311660532855657,3.051372027636415,9.573542210617878,0.03999999999999204,229.5,3.0,4.0
AMD,2025-01-27,15:30-16:00,15:50:00,3208,0.8721056992111906,1.3951714748181812,1.7441353449036567,3.484927687749786,0.010000000000005116,114.735,2.0,2.0
IWM,2025-01-27,15:30-16:00,15:50:00,555,0.8835873647011367,0.7856670363811287,0.8837044892192574,1.3254372623953725,0.020000000000010232,226.35000000000002,3.0,3.0
AAPL,2025-01-27,15:30-16:00,15:58:00,4525,0.8701326952364685,0.9071177698232885,1.7398869073506762,2.1752844184369686,0.020000000000010232,229.85000000000002,5.0,5.0
AMD,2025-01-27,15:30-16:00,15:58:00,2128,0.8699812954025941,0.9954028715536549,1.7397809643413558,1.7403411068578343,0.010000000000005116,114.95,5.0,6.0
IWM,2025-01-27,15:30-16:00,15:58:00,3347,0.4418229615389093,0.4452672384412626,0.44190105835388876,0.8837435376245774,0.009999999999990905,226.335,6.0,8.0
AAPL,2025-04-04,09:30-09:45,09:30:05,6897,4.618345093007055,5.047101641967787,8.725331690917315,15.928066795118935,0.09000000000000341,194.89999999999998,2.0,2.0
AMD,2025-04-04,09:30-09:45,09:30:05,3095,6.662225183211445,6.1089940018760105,9.99012091000333,13.352620451764164,0.060000000000002274,89.97,1.0,1.0
AAPL,2025-04-04,09:30-09:45,09:33:00,4182,2.547705790935842,2.989844020867941,5.08646998982677,7.118523414858126,0.05000000000001137,196.695,2.0,2.0
AMD,2025-04-04,09:30-09:45,09:33:00,1823,6.653359946771796,7.079423266625535,11.119759813188981,15.571126682237859,0.060000000000002274,90.08500000000001,2.0,1.0
IWM,2025-04-04,09:30-09:45,09:33:00,3992,1.0924186148137554,0.9826608987073167,1.6385831717508883,1.6394786457907005,0.01999999999998181,183.065,5.0,4.0
AAPL,2025-04-04,09:30-09:45,09:40:00,3987,2.5303003466502845,2.635756893588179,4.05165864775956,7.565250283697173,0.05000000000001137,197.8,1.0,2.0
AMD,2025-04-04,09:30-09:45,09:40:00,6011,2.273760800363349,2.544360265043076,3.411998862667175,4.54235748353305,0.020000000000010232,88.08500000000001,2.0,2.0
AAPL,2025-04-04,09:45-10:30,09:50:00,2989,2.5255714105322067,2.691991256489304,4.039180046449767,5.548130027992093,0.05000000000001137,198.14999999999998,2.0,2.0
AMD,2025-04-04,09:45-10:30,09:50:00,6051,2.2794620469564646,2.1662025512552785,3.41860862628923,3.426026380403259,0.01999999999999602,87.725,2.0,2.0
IWM,2025-04-04,09:45-10:30,09:50:00,960,1.1018069634205727,0.9664801495945871,1.1021712774170744,1.6530291759650184,0.020000000000010232,181.505,4.0,2.0
AAPL,2025-04-04,09:45-10:30,10:10:00,2303,2.0330368487939245,2.147008805054943,3.0506096147496007,4.062142659208271,0.03999999999999204,196.92000000000002,1.0,2.0
AMD,2025-04-04,09:45-10:30,10:10:00,3496,2.2951572182706257,2.1209699217725824,3.4413535990824364,3.445305770887297,0.01999999999999602,87.13,2.0,2.0
IWM,2025-04-04,09:45-10:30,10:10:00,4201,0.5538478579929055,0.7664201516108475,1.1074197120714413,1.1080332409962221,0.010000000000019327,180.615,6.0,6.0
AAPL,2025-04-04,10:30-15:30,11:15:00,1291,2.542394427071994,2.665936166225612,4.066280370032149,5.588153115396055,0.05000000000001137,196.75,1.0,1.0
AMD,2025-04-04,10:30-15:30,11:15:00,1492,3.445305770887297,3.5996150055885243,5.730330640077607,6.869775400070287,0.030000000000001137,87.1,2.0,2.0
IWM,2025-04-04,10:30-15:30,11:15:00,7217,1.0926573426579016,1.1240171294861085,1.6386726751332044,1.6401957300238452,0.020000000000010232,183.04500000000002,3.0,2.0
AAPL,2025-04-04,10:30-15:30,12:45:00,1073,1.5537198643085244,1.551763786518844,2.5892649076918226,4.287098760975498,0.030000000000001137,193.07,2.0,2.0
AMD,2025-04-04,10:30-15:30,12:45:00,1004,2.312673450508328,2.008217550934978,3.4708162202812676,3.4716195105017804,0.01999999999999602,86.435,2.0,2.0
IWM,2025-04-04,10:30-15:30,12:45:00,6763,0.55758454375594,0.7591167345590241,1.1151379983278633,1.6709833737154947,0.010000000000019327,179.39,3.0,6.0
NVDA,2025-04-04,10:30-15:30,12:45:00,1160,1.0645659232438287,1.143496224864615,2.1287919105903166,2.1294718909721286,0.010000000000005116,93.935,3.0,4.0
AAPL,2025-04-04,10:30-15:30,14:30:00,1375,1.5880157742900847,1.6113326585300647,2.6454326605122285,3.176451903222715,0.030000000000001137,188.93,1.0,2.0
AMD,2025-04-04,10:30-15:30,14:30:00,753,2.3078698361407826,2.499704261808232,3.4636033019686128,4.619471070563143,0.01999999999999602,86.66,2.0,2.0
IWM,2025-04-04,10:30-15:30,14:30:00,7683,0.5537865152994228,0.7047163155422511,1.1076036993969227,1.1079104808337157,0.010000000000019327,180.59,5.0,6.0
NVDA,2025-04-04,10:30-15:30,14:30:00,189,1.0635469290087864,1.344788272051851,2.126980750825293,2.1270078979948734,0.010000000000005116,94.035,6.0,7.0
AAPL,2025-04-04,15:30-16:00,15:35:00,2148,1.5663751468477296,1.3610483567011982,2.089864158829261,2.6132176548990707,0.030000000000001137,191.44,1.0,1.0
AMD,2025-04-04,15:30-16:00,15:35:00,1814,2.273760800363349,2.2714028760828415,3.413163433642544,4.550108065067256,0.01999999999999602,87.92500000000001,2.0,2.0
IWM,2025-04-04,15:30-16:00,15:35:00,6038,0.5486516884766317,0.6779866756194656,1.0972732759099266,1.0977550908382354,0.009999999999990905,182.285,3.0,7.0
AAPL,2025-04-04,15:30-16:00,15:50:00,3403,1.582654110944113,1.63164574022614,2.642356982428927,5.285686045339443,0.030000000000001137,189.34,2.0,2.0
AMD,2025-04-04,15:30-16:00,15:50:00,3409,2.3014959723815904,2.6803346765212654,4.589261128958955,6.882312456984177,0.01999999999999602,86.97,2.0,2.0
IWM,2025-04-04,15:30-16:00,15:50:00,3174,1.1027790030883453,0.9550477361778553,1.6536670065871693,3.3094318808605774,0.01999999999998181,181.29500000000002,5.0,4.0
AAPL,2025-04-04,15:30-16:00,15:58:00,3121,0.5312790543228002,0.6501007572319535,1.0623041376751599,1.5925680159242317,0.009999999999990905,188.26,5.0,5.0
AMD,2025-04-04,15:30-16:00,15:58:00,2911,1.1643476742161165,1.2781575827777711,2.327746741155753,2.331545814876455,0.010000000000005116,85.88499999999999,5.0,5.0
IWM,2025-04-04,15:30-16:00,15:58:00,3968,0.5522573519270649,0.5684140459446051,0.5524709262170053,1.1046672190008413,0.009999999999990905,181.075,8.0,8.0
AAPL,2025-04-08,09:30-09:45,09:30:05,3379,5.924330146761019,6.2983709964541434,10.226324712720887,13.445558931884799,0.11000000000001364,185.715,2.0,2.0
AMD,2025-04-08,09:30-09:45,09:30:05,4276,4.6333835283206355,4.886203396128002,8.086409056777356,9.279665932026248,0.04000000000000625,86.61500000000001,1.0,1.0
IWM,2025-04-08,09:30-09:45,09:30:05,2344,1.078923234610876,0.9046131788708,1.0801468999774146,1.6193894901622703,0.01999999999998181,185.29000000000002,2.0,3.0
AAPL,2025-04-08,09:30-09:45,09:33:00,1902,3.7466213503890153,3.852860046828783,5.888178144154036,8.02933383293511,0.06999999999999318,186.915,2.0,1.0
AMD,2025-04-08,09:30-09:45,09:33:00,3833,4.561003420751658,4.78569818579534,6.856359273226176,10.235996588001525,0.04000000000000625,87.76,1.0,1.0
IWM,2025-04-08,09:30-09:45,09:33:00,4265,1.0862480990648387,0.8902709457924838,1.630479089105744,1.630833627789467,0.01999999999998181,184.005,3.0,2.0
AAPL,2025-04-08,09:30-09:45,09:40:00,3153,2.1565667457403515,2.360309726852067,3.2355478861088374,6.466562483160239,0.040000000000020464,185.61,1.0,1.0
AMD,2025-04-08,09:30-09:45,09:40:00,5007,3.459609064175879,3.3367092592260983,4.615739672283205,5.7613642910637965,0.030000000000001137,86.71000000000001,2.0,2.0
IWM,2025-04-08,09:30-09:45,09:40:00,1840,1.0866021949354454,0.8939224001002376,1.0869565217381418,1.6303904785196672,0.01999999999998181,184.03,3.0,2.0
AAPL,2025-04-08,09:45-10:30,09:50:00,3034,2.1471898652634085,2.0861551433741807,3.223380251422255,4.299226139295599,0.03999999999999204,186.2,1.0,1.0
AMD,2025-04-08,09:45-10:30,09:50:00,3761,3.42563516985454,2.9474572849724034,4.568296025581549,5.716572343222678,0.030000000000001137,87.53,2.0,2.0
IWM,2025-04-08,09:45-10:30,09:50:00,3202,0.5429323777718547,0.7836254260903465,1.0860121633352418,1.6290615899791459,0.010000000000019327,184.26749999999998,2.0,3.0
AAPL,2025-04-08,09:45-10:30,10:10:00,4469,1.5844930942509912,1.3860389163052207,2.1137180300143754,2.642541323024937,0.030000000000001137,189.23000000000002,1.0,2.0
AMD,2025-04-08,09:45-10:30,10:10:00,4656,2.2517451024539543,1.8953722992512838,2.2586109542626787,3.3861956092331553,0.01999999999999602,88.685,2.0,2.0
IWM,2025-04-08,09:45-10:30,10:10:00,875,1.0793308148953173,0.878939950018538,1.0795055864419623,1.6193020808032352,0.01999999999998181,185.28,3.0,4.0
AAPL,2025-04-08,10:30-15:30,11:15:00,1588,1.620089104900831,1.7596454874472698,2.6989824836042953,3.7765369156479824,0.030000000000001137,185.22,1.0,1.0
AMD,2025-04-08,10:30-15:30,11:15:00,2017,2.317765673889909,2.6061583490193594,3.4768499739237573,3.477656059815816,0.01999999999999602,86.31,2.0,2.0
IWM,2025-04-08,10:30-15:30,11:15:00,6395,1.0985992859110263,0.8424736746364035,1.0995656715602964,1.0998075336821682,0.01999999999998181,181.935,3.0,3.0
AAPL,2025-04-08,10:30-15:30,12:45:00,1756,2.7773920288855085,2.822156542758658,3.887700980255654,4.994838681941938,0.05000000000001137,180.055,1.0,1.0
AMD,2025-04-08,10:30-15:30,12:45:00,2678,2.4131274131269334,2.772176602450541,3.619472763467592,4.82392667631356,0.020000000000010232,82.91,2.0,2.0
IWM,2025-04-08,10:30-15:30,12:45:00,5566,1.1201971546998,0.9289698379192683,1.1208877430931026,1.6811290474685547,0.01999999999998181,178.51999999999998,2.0,3.0
AAPL,2025-04-08,10:30-15:30,14:30:00,7246,3.394145102418509,3.3979096564520916,5.088339222613427,6.784260515604057,0.060000000000002274,176.70499999999998,1.0,1.0
AMD,2025-04-08,10:30-15:30,14:30:00,2753,2.4627508927467083,2.99932883782838,3.6890840807546574,4.9025615884307205,0.020000000000010232,81.59,2.0,2.0
AAPL,2025-04-08,15:30-16:00,15:35:00,2390,1.747589782425138,1.9164559952357167,2.9084140418236553,3.4904013961606903,0.030000000000001137,171.74,2.0,2.0
AMD,2025-04-08,15:30-16:00,15:35:00,3969,2.578316359416788,2.335576237493374,3.8657303008828214,3.8712174979032374,0.01999999999999602,77.55000000000001,2.0,2.0
IWM,2025-04-08,15:30-16:00,15:35:00,3636,0.575191970321206,0.7618397361069786,1.1504832029441907,1.150880423522949,0.010000000000019327,173.89499999999998,3.0,3.0
AAPL,2025-04-08,15:30-16:00,15:50:00,5601,2.9268007141400396,2.8836161097205406,4.684937924573232,7.6603517869257765,0.04999999999998295,170.285,1.0,1.0
AMD,2025-04-08,15:30-16:00,15:50:00,4392,2.599090318388047,2.807454269864519,3.907521979811284,7.801326225458624,0.01999999999999602,76.945,2.0,2.0
AAPL,2025-04-08,15:30-16:00,15:58:00,4793,1.7402906285350312,1.6141272191849196,2.323555039209529,3.4845229107382703,0.030000000000001137,172.31,2.0,2.0
AMD,2025-04-08,15:30-16:00,15:58:00,5202,1.2816404998404507,1.6339356489139307,2.563445270442966,2.564760194921265,0.010000000000005116,78.065,3.0,3.0
AAPL,2025-07-15,09:30-09:45,09:30:05,1564,2.8689602426319656,2.845189840316211,4.780571756381791,6.2119221120533,0.060000000000002274,209.12,2.0,2.0
AMD,2025-07-15,09:30-09:45,09:30:05,8429,2.5967281225650503,2.9512061383566945,5.187058289568339,7.137064071371526,0.040000000000020464,154.325,1.0,2.0
AAPL,2025-07-15,09:30-09:45,09:33:00,1832,1.4281973768775384,1.6888727187031813,2.8530670470757142,3.8075293893680695,0.030000000000001137,210.15499999999997,1.0,1.0
AMD,2025-07-15,09:30-09:45,09:33:00,5092,2.564431337350432,2.9404619435048267,5.1245916341049575,7.046579816735088,0.040000000000020464,156.165,1.0,1.0
IWM,2025-07-15,09:30-09:45,09:33:00,3072,0.44721719102968743,0.5586624357430595,0.894414382183723,0.8944943870469076,0.009999999999990905,223.625,6.0,7.0
AAPL,2025-07-15,09:30-09:45,09:40:00,3325,0.9504799923966463,0.9473489349651165,1.425821629714177,1.8999667505828368,0.020000000000010232,210.415,2.0,2.0
AMD,2025-07-15,09:30-09:45,09:40:00,3517,1.9094293988480497,1.9862968706161872,3.1823823314122106,4.4516065872355775,0.030000000000001137,157.11,2.0,2.0
IWM,2025-07-15,09:30-09:45,09:40:00,3158,0.44829982292116227,0.4206105494965216,0.4483802264316066,0.8965795490209456,0.009999999999990905,223.065,8.0,8.0
AAPL,2025-07-15,09:45-10:30,09:50:00,1845,0.9529708867385434,0.8709491499658719,1.4295585046818582,1.9057311147454372,0.01999999999998181,209.86,2.0,2.0
AMD,2025-07-15,09:45-10:30,09:50:00,4104,1.2691965985537652,1.5168938333600412,2.5361399949290178,3.1714820335550007,0.020000000000010232,157.695,2.0,2.0
IWM,2025-07-15,09:45-10:30,09:50:00,4045,0.4490648225067205,0.40056488959036696,0.4491253284224879,0.44916567475872643,0.009999999999990905,222.675,11.0,10.0
AAPL,2025-07-15,09:45-10:30,10:10:00,1416,0.9532434107040565,0.9521252495536959,1.4296266291787334,1.4299673490789166,0.020000000000010232,209.82,2.0,1.0
AMD,2025-07-15,09:45-10:30,10:10:00,2386,1.9310611180844603,1.7819808221348599,2.5791475917222555,3.865232236036995,0.030000000000001137,155.235,1.0,2.0
IWM,2025-07-15,09:45-10:30,10:10:00,5226,0.4497312855577489,0.4128179842090796,0.44983243741665296,0.44987291090226084,0.009999999999990905,222.345,9.0,9.0
NVDA,2025-07-15,09:45-10:30,10:10:00,972,0.5865962751131196,0.5226387215701307,0.5866995218393561,1.1733646230572152,0.009999999999990905,170.47,4.0,3.0
AAPL,2025-07-15,10:30-15:30,11:15:00,1139,0.9516106009425812,0.9516838277621332,1.4277895438212949,1.9030401065712197,0.020000000000010232,210.16,2.0,2.0
AMD,2025-07-15,10:30-15:30,11:15:00,1948,1.2904058326350236,1.4238726876107917,1.9360459488239257,2.5813113061430077,0.020000000000010232,155.03,2.0,2.0
IWM,2025-07-15,10:30-15:30,11:15:00,3236,0.4520489116918339,0.41084770448433694,0.4521511089001834,0.4521920007243812,0.009999999999990905,221.215,8.0,13.0
NVDA,2025-07-15,10:30-15:30,11:15:00,3677,0.583754122762961,0.5423528937855024,0.5839927584909234,1.1676786548331275,0.009999999999990905,171.29500000000002,4.0,3.0
AAPL,2025-07-15,10:30-15:30,12:45:00,493,0.949352067214612,0.8888005176582059,1.4243323442123543,1.4248058702002393,0.020000000000010232,210.64499999999998,2.0,2.0
AMD,2025-07-15,10:30-15:30,12:45:00,483,1.2874983906258408,1.5616854956689383,1.9314340898117586,2.5751625571359074,0.020000000000010232,155.385,2.0,2.0
IWM,2025-07-15,10:30-15:30,12:45:00,1921,0.4533194315370206,0.39952372188159063,0.4533605349663075,0.4533810894743457,0.009999999999990905,220.59,9.0,10.0
NVDA,2025-07-15,10:30-15:30,12:45:00,2736,0.5841292093805839,0.5106984920113907,0.5842657240507672,1.1682242990660183,0.009999999999990905,171.195,5.0,4.0
QQQ,2025-07-15,10:30-15:30,12:45:00,3100,0.1789468975080017,0.18264190858867566,0.17897251876958012,0.35790980672837885,0.009999999999990905,558.825,3.0,4.0
SPY,2025-07-15,10:30-15:30,12:45:00,1267,0.16019864632129288,0.1486956705343018,0.1602140459652641,0.1602166128604418,0.009999999999990905,624.215,4.0,3.0
AAPL,2025-07-15,10:30-15:30,14:30:00,478,0.9460290430907625,0.7372514436072586,0.9461185486546305,1.4191442560136778,0.01999999999998181,211.405,2.0,3.0
AMD,2025-07-15,10:30-15:30,14:30:00,500,1.286008230453333,1.280856489094292,1.9290743658168754,2.5713551041411975,0.020000000000010232,155.515,2.0,2.0
IWM,2025-07-15,10:30-15:30,14:30:00,2346,0.453586737123394,0.41821191431773796,0.4536278890422058,0.4536484678018874,0.009999999999990905,220.465,11.0,14.0
NVDA,2025-07-15,10:30-15:30,14:30:00,2047,0.585086153935635,0.5296286388442072,0.5851203885194058,0.5851546271113449,0.009999999999990905,170.915,5.0,5.0
QQQ,2025-07-15,10:30-15:30,14:30:00,2839,0.17872941260562292,0.18275987779113698,0.17874219120035936,0.35746840872905344,0.009999999999990905,559.505,10.0,5.0
SPY,2025-07-15,10:30-15:30,14:30:00,1790,0.1600934946007013,0.15007810251034726,0.16010118394810968,0.1601063105900863,0.009999999999990905,624.635,7.0,6.0
AAPL,2025-07-15,15:30-16:00,15:35:00,1407,0.4769968279720159,0.5736071025327576,0.9539709038879196,0.9541529507184882,0.009999999999990905,209.655,2.0,2.0
AMD,2025-07-15,15:30-16:00,15:35:00,808,1.2927412578379056,1.0137374276082358,1.2932428063375516,1.9396760740956993,0.01999999999998181,154.68,2.0,2.0
IWM,2025-07-15,15:30-16:00,15:35:00,3699,0.455280111089227,0.41663584312962654,0.4553423035762997,0.4553630381830708,0.009999999999990905,219.64,15.0,18.0
NVDA,2025-07-15,15:30-16:00,15:35:00,3144,0.5873887632524247,0.549474875211374,0.5874577764717818,1.174674027957843,0.009999999999990905,170.235,7.0,7.0
QQQ,2025-07-15,15:30-16:00,15:35:00,942,0.1793448532509107,0.18144026487030526,0.17936093698137165,0.35871222311867657,0.009999999999990905,557.585,6.0,4.0
AAPL,2025-07-15,15:30-16:00,15:50:00,2528,0.9537434430143172,0.7861863836292451,1.4307857398355137,1.9086701340836971,0.01999999999998181,209.54500000000002,2.0,2.0
AMD,2025-07-15,15:30-16:00,15:50:00,1931,1.288576766961551,1.2906225814618106,1.9331765312369842,2.5779341747002316,0.020000000000010232,155.20499999999998,2.0,2.0
IWM,2025-07-15,15:30-16:00,15:50:00,5531,0.45546673954093075,0.42685310463133874,0.4557781272072608,0.9105394946510464,0.009999999999990905,219.55,13.0,14.0
AAPL,2025-07-15,15:30-16:00,15:58:00,3040,0.4778629966797757,0.5408709603539088,0.955657492353871,0.9557945041807316,0.009999999999990905,209.275,3.0,3.0
AMD,2025-07-15,15:30-16:00,15:58:00,1775,0.6420339635960904,0.6803713964499403,0.642198888995338,1.2841916013875838,0.009999999999990905,155.755,6.0,4.0
IWM,2025-07-15,15:30-16:00,15:58:00,4793,0.45656888483008357,0.4263775381090068,0.4566105796667156,0.45663142994090755,0.009999999999990905,219.02,26.0,26.0
NVDA,2025-07-15,15:30-16:00,15:58:00,392,0.5855315162333288,0.551175914259864,0.5855658029565748,1.1710973181860762,0.009999999999990905,170.785,7.0,7.0
AAPL,2026-02-11,09:30-09:45,09:30:05,1898,2.899496212532496,2.859374522017645,4.711766731304337,6.155071597963723,0.07999999999998408,275.86,100.0,200.0
AMD,2026-02-11,09:30-09:45,09:30:05,1531,9.258830609694785,9.60296837342682,16.17636863633186,18.43861787411692,0.20000000000001705,216.255,100.0,100.0
IWM,2026-02-11,09:30-09:45,09:30:05,6571,1.1177971943280256,1.1531512826050283,1.490535102102417,1.8634813558673398,0.03000000000002956,268.395,500.0,500.0
AAPL,2026-02-11,09:30-09:45,09:33:00,980,2.907504997273636,2.9052442705607042,4.361574528404919,5.45404963185289,0.07999999999998408,275.145,100.0,100.0
AMD,2026-02-11,09:30-09:45,09:33:00,864,9.242144177448642,8.787295626276023,13.423999357589524,20.815505238568292,0.19999999999998863,216.01,100.0,100.0
IWM,2026-02-11,09:30-09:45,09:33:00,8154,0.7439092430737829,0.6097613408236345,0.7442414319198382,1.1161752395137032,0.01999999999998181,268.8,200.0,200.0
AAPL,2026-02-11,09:30-09:45,09:40:00,1351,3.2637667494707925,3.0196933628313776,4.355242623305909,5.07706255666315,0.08999999999997499,275.615,100.0,100.0
AMD,2026-02-11,09:30-09:45,09:40:00,1096,8.370924987211405,7.731615379359767,11.16071428571471,13.489940690777626,0.18000000000000682,214.94,100.0,100.0
IWM,2026-02-11,09:30-09:45,09:40:00,7553,0.37337813870963893,0.5166165931259239,0.7466587023064963,0.7470212527539614,0.009999999999990905,267.97,200.0,300.0
AAPL,2026-02-11,09:45-10:30,09:50:00,2357,1.810053034554324,1.749681974609305,2.8963469823679113,3.6227631436544616,0.05000000000001137,276.175,100.0,100.0
AMD,2026-02-11,09:45-10:30,09:50:00,1255,6.87805213563545,7.006290631982499,10.069940358287171,11.872554333492067,0.15000000000000568,218.33999999999997,100.0,100.0
IWM,2026-02-11,09:45-10:30,09:50:00,6385,0.375100808344033,0.4278083053469291,0.750075007500068,0.7504127269991674,0.009999999999990905,266.62,200.0,300.0
AAPL,2026-02-11,09:45-10:30,10:10:00,1798,1.4483307987531182,1.52855864480728,2.1721815943813723,2.5342577340113017,0.040000000000020464,276.23,100.0,100.0
AMD,2026-02-11,09:45-10:30,10:10:00,873,4.209836985756877,4.118791424126283,6.08201361435334,7.4843296847237815,0.09000000000000341,213.755,100.0,100.0
IWM,2026-02-11,09:45-10:30,10:10:00,7328,0.3778932451578991,0.4659432946929162,0.7557722102551416,0.7558864658542896,0.009999999999990905,264.64,200.0,400.0
AAPL,2026-02-11,10:30-15:30,11:15:00,955,1.4301548142573428,1.2995756627698365,1.7880451302594944,2.1453856330676255,0.03999999999996362,279.675,100.0,200.0
AMD,2026-02-11,10:30-15:30,11:15:00,523,4.203741329782339,4.265444436980629,6.0717872072112025,7.002310762551908,0.09000000000000341,214.18,100.0,100.0
IWM,2026-02-11,10:30-15:30,11:15:00,7075,0.37948503880200013,0.4831892634595717,0.7589556769877737,0.7591285204599806,0.009999999999990905,263.53499999999997,200.0,200.0
NVDA,2026-02-11,10:30-15:30,11:15:00,1444,0.5212813094581752,0.7785417304714403,1.0424267695199745,1.042535446204223,0.010000000000019327,191.87,200.0,300.0
AAPL,2026-02-11,10:30-15:30,12:45:00,447,1.4294903866758495,1.434344687719228,1.7874698364469164,2.1447429908510243,0.040000000000020464,279.82,100.0,100.0
AMD,2026-02-11,10:30-15:30,12:45:00,186,3.3009525624308447,3.0932722926862395,4.244782454899347,4.716313729190338,0.06999999999999318,212.04000000000002,100.0,100.0
IWM,2026-02-11,10:30-15:30,12:45:00,2973,0.3781504660701055,0.34596211299091484,0.3781933702698752,0.37823628420639993,0.009999999999990905,264.445,400.0,300.0
NVDA,2026-02-11,10:30-15:30,12:45:00,3736,0.520629962255334,0.5651710944396202,1.0409618487472967,1.041503931676395,0.009999999999990905,192.085,300.0,300.0
QQQ,2026-02-11,10:30-15:30,12:45:00,2658,0.16296863668572156,0.15689993098744526,0.16298191715799618,0.3259505533007678,0.009999999999990905,613.61,240.0,280.0
AAPL,2026-02-11,10:30-15:30,14:30:00,433,0.7153331664236435,0.5791520632718377,0.7156147130378492,1.0732876589797584,0.01999999999998181,279.52,100.0,200.0
AMD,2026-02-11,10:30-15:30,14:30:00,617,2.3414268655310564,2.161168368995598,3.27815112276644,3.7512895057681943,0.04999999999998295,213.425,100.0,100.0
IWM,2026-02-11,10:30-15:30,14:30:00,5077,0.3777504957971822,0.35832853642898543,0.37805039411719205,0.7560293339396181,0.009999999999990905,264.725,500.0,500.0
NVDA,2026-02-11,10:30-15:30,14:30:00,3535,0.5209011590046051,0.6012718237496577,1.0419922892561118,1.0424811050305045,0.009999999999990905,191.98000000000002,300.0,300.0
QQQ,2026-02-11,10:30-15:30,14:30:00,336,0.16267965934864537,0.12346247777833283,0.16268230585885526,0.2684215703235339,0.009999999999990905,614.705,320.0,240.0
AAPL,2026-02-11,15:30-16:00,15:35:00,615,1.448121062921601,1.361053481853267,1.8102496334248606,2.1724851858044345,0.040000000000020464,276.20500000000004,100.0,100.0
AMD,2026-02-11,15:30-16:00,15:35:00,390,1.8784634169259165,2.102041434611134,3.755551177059365,4.694835680752241,0.040000000000020464,212.98,100.0,100.0
IWM,2026-02-11,15:30-16:00,15:35:00,3124,0.37822197847882544,0.351704991487735,0.3782648989083617,0.3783078290801788,0.009999999999990905,264.395,900.0,600.0
NVDA,2026-02-11,15:30-16:00,15:35:00,2060,0.5235739155470512,0.5202586486375101,0.5236835903757078,1.0471977257626879,0.009999999999990905,190.995,400.0,300.0
QQQ,2026-02-11,15:30-16:00,15:35:00,3811,0.16313080643699326,0.1447672562390424,0.16314145179563114,0.32626427406169345,0.009999999999990905,613.005,280.0,440.0
AAPL,2026-02-11,15:30-16:00,15:50:00,2904,1.0876461524507466,1.2713773824888703,1.8134470732350896,3.9871642310851323,0.03000000000002956,275.845,100.0,100.0
AMD,2026-02-11,15:30-16:00,15:50:00,975,2.812148481438594,2.7628044298467676,4.217926186290568,5.747020935423697,0.060000000000002274,213.32999999999998,100.0,100.0
IWM,2026-02-11,15:30-16:00,15:50:00,6114,0.3776791615519179,0.3744733174733468,0.37776476588209007,0.7555438026534188,0.009999999999990905,264.765,500.0,500.0
AAPL,2026-02-11,15:30-16:00,15:58:00,3092,0.3626275995862747,0.5318543253115555,0.7253472600000657,1.0880406201842254,0.009999999999990905,275.815,200.0,300.0
AMD,2026-02-11,15:30-16:00,15:58:00,1768,0.9351912466104101,0.7817869450822914,1.4027540738316757,1.871899375084167,0.01999999999998181,213.825,300.0,200.0
IWM,2026-02-11,15:30-16:00,15:58:00,3014,0.3774225811926895,0.35087913068461635,0.37745107290433144,0.37746532037334735,0.009999999999990905,264.955,1000.0,1500.0
NVDA,2026-02-11,15:30-16:00,15:58:00,2126,0.5256103650359205,0.49494632311504755,0.5256656240975282,1.0511931041737743,0.009999999999990905,190.255,400.0,900.0
AAPL,2026-06-10,09:30-09:45,09:30:05,5119,3.7870311397227474,3.854061436514703,5.856394325813288,9.296662706307684,0.1099999999999568,290.395,120.0,80.0
AMD,2026-06-10,09:30-09:45,09:30:05,895,16.335536155632724,16.871861861968277,29.160357608205864,34.289243613361236,0.7699999999999818,471.21000000000004,100.0,100.0
IWM,2026-06-10,09:30-09:45,09:30:05,3985,1.407509060838299,1.26069989018532,1.7597268903870122,2.11133788443952,0.03999999999996362,284.11,200.0,160.0
AAPL,2026-06-10,09:30-09:45,09:33:00,3299,2.070750647107694,2.1643084042332985,3.1058579932697783,4.138930086572778,0.060000000000002274,289.87,80.0,80.0
AMD,2026-06-10,09:30-09:45,09:33:00,405,16.43139890955223,16.733252974715555,25.179242062137398,27.102295158933376,0.7700000000000387,468.64,100.0,100.0
IWM,2026-06-10,09:30-09:45,09:33:00,6293,0.701237684514521,0.8020227406463685,1.0517938345920328,1.4018855360466989,0.020000000000038654,285.31,240.0,160.0
AAPL,2026-06-10,09:30-09:45,09:40:00,4532,1.3840351544916654,1.4570863477908387,2.421265630134144,3.4584125886206434,0.040000000000020464,289.025,80.0,80.0
AMD,2026-06-10,09:30-09:45,09:40:00,938,9.786609365359222,10.13577183723906,15.137785832311275,19.86730249915263,0.45999999999997954,469.365,200.0,200.0
IWM,2026-06-10,09:30-09:45,09:40:00,4516,0.696767001116174,0.6491350759618794,1.0452415378977655,1.393728222995248,0.01999999999998181,287.02,160.0,280.0
AAPL,2026-06-10,09:45-10:30,09:50:00,4754,1.3836042891740044,1.37327688216609,2.0761748559678526,2.7678787669094587,0.040000000000020464,289.03499999999997,80.0,80.0
AMD,2026-06-10,09:45-10:30,09:50:00,854,7.781610163222828,7.811721882457817,12.193583652188204,15.382184059421972,0.3699999999999761,475.385,100.0,100.0
IWM,2026-06-10,09:45-10:30,09:50:00,4387,0.34653036472289367,0.5054192645984,0.6929766813340429,1.0390510000876112,0.009999999999990905,288.72,200.0,240.0
AAPL,2026-06-10,09:45-10:30,10:10:00,2987,1.0330400647381952,0.8704702888370808,1.37760022041674,1.7226232106235733,0.029999999999972715,290.345,80.0,80.0
AMD,2026-06-10,09:45-10:30,10:10:00,1100,10.361927318481431,8.935817876645066,12.907321214866057,16.291986247024212,0.4900000000000091,472.4,200.0,100.0
IWM,2026-06-10,09:45-10:30,10:10:00,5913,0.693072737983221,0.6606072171608693,1.0395910941686812,1.0398433302706267,0.01999999999998181,288.57,160.0,280.0
AAPL,2026-06-10,10:30-15:30,11:15:00,2539,1.3777900247989676,1.3150042971103721,2.0674683849626914,2.4125868100430194,0.03999999999996362,290.26,80.0,80.0
AMD,2026-06-10,10:30-15:30,11:15:00,658,6.792213137903811,6.477074759180715,11.249866465708369,13.599473568765179,0.3100000000000023,456.015,100.0,200.0
IWM,2026-06-10,10:30-15:30,11:15:00,6803,0.7036059806501955,0.6457506842522714,1.055390406500245,1.0559476249988404,0.01999999999998181,284.235,560.0,280.0
AAPL,2026-06-10,10:30-15:30,12:45:00,2519,1.0248526774286295,1.0057394752066957,1.366773730609597,1.7084379751597005,0.03000000000002956,292.73,120.0,120.0
AMD,2026-06-10,10:30-15:30,12:45:00,259,9.88478731232733,8.947518597450133,12.78031025292322,13.16655694535929,0.4500000000000455,455.565,200.0,200.0
IWM,2026-06-10,10:30-15:30,12:45:00,7222,0.7037050068624838,0.7866907737799836,1.0556132233140174,1.4073109805446455,0.020000000000038654,284.235,280.0,480.0
AAPL,2026-06-10,10:30-15:30,14:30:00,1741,1.019593182319327,0.8951326174883214,1.3597117411096478,1.6996685646302838,0.029999999999972715,294.20500000000004,80.0,160.0
AMD,2026-06-10,10:30-15:30,14:30:00,208,6.154928339049275,5.932444551702421,8.140903640304174,10.422511248964595,0.2799999999999727,454.655,100.0,100.0
IWM,2026-06-10,10:30-15:30,14:30:00,6477,0.7053927274023439,0.6551723495816668,1.0580331164375871,1.0584437348941633,0.01999999999998181,283.51,600.0,640.0
NVDA,2026-06-10,10:30-15:30,14:30:00,1574,0.9892175289351188,1.0309855682182254,1.4839363885935317,1.9782393669630092,0.020000000000010232,202.18,200.0,200.0
AAPL,2026-06-10,15:30-16:00,15:35:00,2595,0.6842987648401071,0.7328091096975358,1.02674675291246,1.368972244086506,0.01999999999998181,292.31,80.0,120.0
AMD,2026-06-10,15:30-16:00,15:35:00,702,5.7499225971956065,5.961118021217981,10.847787826125659,12.373226900073792,0.2599999999999909,452.46000000000004,100.0,100.0
IWM,2026-06-10,15:30-16:00,15:35:00,6703,0.7080397918376695,0.633864073016052,1.0617777699138036,1.0624169986710124,0.01999999999998181,282.435,440.0,480.0
AAPL,2026-06-10,15:30-16:00,15:50:00,9625,1.0288947955062238,1.3313568098055046,2.397383427230617,4.456636587048087,0.03000000000002956,291.995,80.0,80.0
AMD,2026-06-10,15:30-16:00,15:50:00,340,11.727609669745483,13.615902417331538,21.26121956864189,28.08895573224771,0.5299999999999727,451.95750000000004,100.0,200.0
AAPL,2026-06-10,15:30-16:00,15:58:00,4124,0.684486122043253,0.548320628063318,0.6850722751244026,1.027520421969399,0.01999999999998181,292.11,120.0,160.0
AMD,2026-06-10,15:30-16:00,15:58:00,616,2.427586206896853,2.3632539536702324,4.1926408120482765,5.29625951671652,0.11000000000001364,453.14,200.0,200.0
IWM,2026-06-10,15:30-16:00,15:58:00,5260,0.35425190853384875,0.4147219575239201,0.7084912678464932,0.7085665698285911,0.009999999999990905,282.28499999999997,680.0,720.0
AAPL,2026-08-12,09:30-09:45,09:30:05,1331,5.580082388275785,5.49670969970335,7.874532449634237,9.846009710640196,0.17000000000001592,304.66999999999996,80.0,80.0
AMD,2026-08-12,09:30-09:45,09:30:05,1690,11.192281762049774,10.91567929172331,15.590255291174259,19.493377381526198,0.5450000000000159,487.345,300.0,300.0
IWM,2026-08-12,09:30-09:45,09:30:05,6979,0.9898539965346108,0.9573510764065538,1.3200884459246762,1.3204370646672041,0.029999999999972715,303.06,280.0,240.0
AAPL,2026-08-12,09:30-09:45,09:33:00,1486,1.9811133857228511,2.2267757801957884,3.6318613289315276,5.274609349245896,0.060000000000002274,303.005,80.0,80.0
AMD,2026-08-12,09:30-09:45,09:33:00,1382,9.489623303214845,9.536202552778905,15.282940933498741,21.030741389315757,0.4600000000000364,484.49,100.0,200.0
IWM,2026-08-12,09:30-09:45,09:33:00,7125,0.6605237953710049,0.7007757304779022,0.9909656960699197,1.321396716329836,0.01999999999998181,302.805,200.0,240.0
AAPL,2026-08-12,09:30-09:45,09:40:00,1322,1.9773266543633754,2.1499075493567505,3.2945672585894608,3.9536109646812254,0.060000000000002274,303.51,80.0,80.0
AMD,2026-08-12,09:30-09:45,09:40:00,1305,7.867657715480557,7.7263579227815535,10.979790969640453,14.08888428467848,0.37999999999999545,481.73,300.0,100.0
IWM,2026-08-12,09:30-09:45,09:40:00,7373,0.6613756613769397,0.6130226904794934,0.9919814830114149,0.9924737407999192,0.01999999999998181,302.38,240.0,240.0
AAPL,2026-08-12,09:45-10:30,09:50:00,1280,1.3204806549590804,1.3860319142213935,2.3111081763703445,3.3007657776592914,0.03999999999996362,302.90999999999997,80.0,80.0
AMD,2026-08-12,09:45-10:30,09:50:00,801,5.95354184416133,6.258095633646754,9.03360913215755,13.137097932959467,0.2899999999999636,487.1,200.0,300.0
IWM,2026-08-12,09:45-10:30,09:50:00,7612,0.6612007405442281,0.5350934701369835,0.6614412805497176,0.9921455146745835,0.01999999999998181,302.455,240.0,240.0
NVDA,2026-08-12,09:45-10:30,09:50:00,307,1.7928376137327793,1.525790270550578,2.2410972412085317,2.24129815989472,0.03999999999999204,223.09,400.0,300.0
AAPL,2026-08-12,09:45-10:30,10:10:00,1209,1.6492669008629417,1.8066713431034784,2.6387138913099055,3.298370604921919,0.05000000000001137,303.22,120.0,80.0
AMD,2026-08-12,09:45-10:30,10:10:00,560,6.15548761720981,5.961921626186791,9.44345219765514,11.79247945791726,0.30000000000001137,487.315,200.0,100.0
IWM,2026-08-12,09:45-10:30,10:10:00,5874,0.6623613180984206,0.5366471547401477,0.6625368536118796,0.9936242444306603,0.01999999999998181,301.9,240.0,280.0
NVDA,2026-08-12,09:45-10:30,10:10:00,2357,1.3453819763661743,1.1752914605575853,1.793882859448921,1.7942852016324424,0.030000000000001137,222.935,400.0,300.0
AAPL,2026-08-12,10:30-15:30,11:15:00,822,0.9944476671906095,0.9085780468702234,1.32599615461183,1.657522666622843,0.029999999999972715,301.66999999999996,120.0,120.0
AMD,2026-08-12,10:30-15:30,11:15:00,499,6.336811766028602,6.284931323293376,10.010725777619061,12.057110625184414,0.3100000000000023,489.46000000000004,200.0,100.0
IWM,2026-08-12,10:30-15:30,11:15:00,3262,0.3316804590454537,0.49400545373703475,0.663349917080657,0.9950083746529151,0.010000000000047748,301.53499999999997,520.0,280.0
NVDA,2026-08-12,10:30-15:30,11:15:00,1861,0.8954154727798277,1.083773687318064,1.3430330162270943,1.7905102954338425,0.020000000000010232,223.425,200.0,200.0
QQQ,2026-08-12,10:30-15:30,11:15:00,3556,0.414195873228073,0.42908717252070105,0.5522573519270649,0.5522954780802709,0.029999999999972715,724.3199999999999,160.0,200.0
AAPL,2026-08-12,10:30-15:30,12:45:00,535,0.6625588020930833,0.6930074178208823,0.9942499212876436,1.6568262250834835,0.01999999999998181,301.85,80.0,120.0
AMD,2026-08-12,10:30-15:30,12:45:00,220,4.928435016529812,4.545876640629559,5.750077009959394,6.160796796385898,0.23999999999995225,486.955,100.0,200.0
IWM,2026-08-12,10:30-15:30,12:45:00,1771,0.33064956106240695,0.443029532829997,0.661288189392336,0.6613100552187882,0.009999999999990905,302.445,280.0,280.0
NVDA,2026-08-12,10:30-15:30,12:45:00,845,0.8971828458644461,0.705581217117769,0.8972633467927427,1.3458648303089273,0.01999999999998181,222.905,200.0,200.0
QQQ,2026-08-12,10:30-15:30,12:45:00,2633,0.2760562602655911,0.24680954204795494,0.4140872481828156,0.4141101118799413,0.01999999999998181,724.475,480.0,200.0
SPY,2026-08-12,10:30-15:30,12:45:00,1484,0.25882931500798245,0.23659305402086556,0.38824146030519296,0.3882615588712771,0.01999999999998181,772.705,160.0,120.0
TSLA,2026-08-12,10:30-15:30,12:45:00,322,1.5305263480096891,1.5443981206545445,2.1426712989177417,2.6898582905197115,0.05000000000001137,326.75,40.0,80.0
AAPL,2026-08-12,10:30-15:30,14:30:00,1007,0.6642752756736353,0.6824172169642992,0.996429461096827,1.3285505513491584,0.01999999999998181,301.075,160.0,80.0
AMD,2026-08-12,10:30-15:30,14:30:00,318,2.6738792846343564,2.689268733469488,4.1134489212477865,4.730223040299817,0.12999999999999545,486.205,200.0,100.0
IWM,2026-08-12,10:30-15:30,14:30:00,1976,0.33047472694683483,0.36074289938595794,0.6609385327177347,0.6609822195776922,0.009999999999990905,302.6,520.0,1120.0
NVDA,2026-08-12,10:30-15:30,14:30:00,708,0.44621940608283284,0.643421655307684,0.8923790826334914,1.3384790416490568,0.010000000000019327,224.13,300.0,300.0
QQQ,2026-08-12,10:30-15:30,14:30:00,1911,0.27593818984522367,0.27435237703296345,0.4139215618636503,0.5518839939839625,0.01999999999998181,724.795,160.0,800.0
SPY,2026-08-12,10:30-15:30,14:30:00,936,0.25868536099518596,0.20051382455965233,0.25869874531084996,0.3880456082934752,0.01999999999998181,773.125,200.0,200.0
TSLA,2026-08-12,10:30-15:30,14:30:00,422,1.8370252442191375,1.74221981009015,2.7557909885627017,3.062036866924574,0.060000000000002274,326.595,80.0,80.0
AAPL,2026-08-12,15:30-16:00,15:35:00,518,0.3312739138353537,0.44637177514223214,0.6625873374473971,1.3251606334198913,0.009999999999990905,301.875,120.0,200.0
AMD,2026-08-12,15:30-16:00,15:35:00,322,2.899931644468098,2.778543912160036,3.9349287053048583,4.97017892644154,0.13999999999998636,482.845,100.0,200.0
IWM,2026-08-12,15:30-16:00,15:35:00,1756,0.33004934237638517,0.3377529959653254,0.3301038176503509,0.6600877916756926,0.009999999999990905,302.985,560.0,480.0
NVDA,2026-08-12,15:30-16:00,15:35:00,962,0.44934732301419156,0.5941052611091058,0.8987148377824316,0.8987956138778642,0.010000000000019327,222.555,400.0,400.0
QQQ,2026-08-12,15:30-16:00,15:35:00,2687,0.27626980509297167,0.25391437690854196,0.41437894954898596,0.4144648222994011,0.01999999999998181,723.9,80.0,440.0
SPY,2026-08-12,15:30-16:00,15:35:00,1237,0.2587522964278663,0.20176212707766028,0.2587723838109643,0.3881610868506902,0.01999999999998181,772.895,280.0,200.0
TSLA,2026-08-12,15:30-16:00,15:35:00,655,1.5263680073269132,1.4173901005537035,2.1369152102569844,2.442449777125972,0.049999999999954525,327.565,40.0,80.0
AAPL,2026-08-12,15:30-16:00,15:50:00,4541,0.995140397725426,1.0551710552239253,1.6586223482778975,2.6532236667545797,0.03000000000002956,301.47,80.0,80.0
AMD,2026-08-12,15:30-16:00,15:50:00,1116,4.565167769914932,5.148730122707934,9.339975102453149,13.24790557693671,0.22000000000002728,481.91499999999996,100.0,200.0
IWM,2026-08-12,15:30-16:00,15:50:00,4292,0.3303437226449878,0.4828262602558542,0.6606765327708328,2.311871459946602,0.009999999999990905,302.735,320.0,320.0
AAPL,2026-08-12,15:30-16:00,15:58:00,2959,0.33132879412855243,0.4991079082309321,0.6626905235249109,0.9940193171078251,0.010000000000047748,301.855,280.0,120.0
AMD,2026-08-12,15:30-16:00,15:58:00,1262,1.6549099108413994,1.9652502418315039,3.516647187199734,4.550155118925073,0.08000000000004093,483.48,100.0,100.0
IWM,2026-08-12,15:30-16:00,15:58:00,1564,0.33030007762021785,0.32332592718074205,0.3303109877947086,0.3303218986899732,0.009999999999990905,302.755,1160.0,800.0
NVDA,2026-08-12,15:30-16:00,15:58:00,3375,0.44691738732054725,0.5915001454792925,0.893854748602539,1.340272968928056,0.010000000000019327,223.81,300.0,300.0
QQQ,2026-08-12,15:30-16:00,15:58:00,840,0.13823515181662976,0.20783508079098492,0.2764645710649666,0.4146653305224467,0.009999999999990905,723.4300000000001,340.0,120.0
