label,leg,n,mean_bps,ann_ret_arith_pct,ann_ret_geom_pct,ann_vol_pct,sharpe,t,p,win_rate,start,end,symbol,period
AAPL|full,overnight,9239,8.390501036711768,21.144062612513657,19.489761315257788,25.255030783289133,0.8372218111293833,5.069355487806992,3.991650776580258e-07,0.5517913194068622,1990-01-03,2026-09-10,AAPL,full
AAPL|full,intraday,9239,3.046224430007938,7.6764855636200044,1.668346220377808,34.77496239359612,0.2207474871355618,1.3366200813864455,0.18134668069043336,0.49821409243424614,1990-01-03,2026-09-10,AAPL,full
AAPL|full,total,9239,11.290735427261742,28.452653276699593,21.483264231899344,42.00006699301787,0.6774430450653707,4.101899368276371,4.0977249370799385e-05,0.5090377746509362,1990-01-03,2026-09-10,AAPL,full
ADBE|full,overnight,9239,2.5363708584785862,6.391654563366038,3.236495795541693,24.802603818631866,0.2577009498722303,1.5603723016790578,0.11867192641705682,0.5185626150016236,1990-01-03,2026-09-10,ADBE,full
ADBE|full,intraday,9239,7.565924596171803,19.066129982352944,12.065662752192,39.24543738526369,0.4858177473010431,2.9416133581522015,0.003265073143381869,0.5052494858750947,1990-01-03,2026-09-10,ADBE,full
ADBE|full,total,9239,10.036251296845348,25.291353268050276,15.692663215412663,46.228511037123276,0.5470942650032649,3.3126410203059478,0.0009241952042198243,0.5023270916765884,1990-01-03,2026-09-10,ADBE,full
AMD|full,overnight,9239,15.537278258183267,39.15394121062184,39.23906099094272,34.652997759499605,1.12988612074372,6.8414299898166,7.84061704450778e-12,0.5050330122307609,1990-01-03,2026-09-10,AMD,full
AMD|full,intraday,9239,-2.796260481855911,-7.046576414276895,-18.124487530816243,51.06513449851733,-0.1379919290035649,-0.8355374086870153,0.4034151934617225,0.45491936356748564,1990-01-03,2026-09-10,AMD,full
AMD|full,total,9239,12.64028077165752,31.853507544576953,14.002694743613667,61.30273042587518,0.5196099312916077,3.1462241208919686,0.0016539321292261544,0.48035501677670744,1990-01-03,2026-09-10,AMD,full
AMGN|full,overnight,9239,6.36355979567417,16.03617068509891,15.435381863958753,18.274076572561025,0.8775365814750723,5.31346033502294,1.0756285728774628e-07,0.5314427968394848,1990-01-03,2026-09-10,AMGN,full
AMGN|full,intraday,9239,2.810016622540858,7.081241888802962,2.8156186364304787,29.36051932900216,0.24118244672219236,1.46035321058414,0.14419302500719233,0.487390410217556,1990-01-03,2026-09-10,AMGN,full
AMGN|full,total,9239,9.002144619608206,22.68540444141268,18.6856019887551,33.376619755165116,0.6796795064276112,4.115441081510823,3.864397043074064e-05,0.49929646065591515,1990-01-03,2026-09-10,AMGN,full
AMZN|full,overnight,7375,7.3299702217508065,18.471524958812033,14.50629330255438,31.652676492019573,0.5835691324071495,3.1569888932064902,0.0015940741796651725,0.5323389830508475,1997-05-16,2026-09-10,AMZN,full
AMZN|full,intraday,7375,9.503374247787143,23.948503104423597,14.20908864639184,46.51577601538537,0.5148469004688322,2.7852157631735253,0.005349211535542686,0.5003389830508475,1997-05-16,2026-09-10,AMZN,full
AMZN|full,total,7375,16.535032229231497,41.66828121766337,30.776594023611807,54.961552276923086,0.758135087009884,4.101354777569825,4.10738249894127e-05,0.5092881355932204,1997-05-16,2026-09-10,AMZN,full
BA|full,overnight,9239,3.9902765016800683,10.055496784233773,8.85459235207569,17.682552530293545,0.5686677173449258,3.4432676924319567,0.000574730122156808,0.5286286394631453,1990-01-03,2026-09-10,BA,full
BA|full,intraday,9239,1.2432309859653086,3.1329420846325777,-0.517941980133637,27.018687983016136,0.11595463431096047,0.7021021836351563,0.4826154406544876,0.4890139625500595,1990-01-03,2026-09-10,BA,full
BA|full,total,9239,5.414691865130909,13.645023500129888,8.290788720980949,33.67438639231015,0.40520481475635306,2.453504225600606,0.014147187725824573,0.4991882238337482,1990-01-03,2026-09-10,BA,full
BAC|full,overnight,9239,5.714800581967833,14.40129746655894,12.458790501500696,23.092323107846187,0.623640046923895,3.776123665513642,0.00015928792896380273,0.5263556661976404,1990-01-03,2026-09-10,BAC,full
BAC|full,intraday,9239,0.39731122071004765,1.00122427618932,-4.307463914484039,32.84743633272444,0.030481047776378365,0.18456192225910795,0.8535726544143769,0.4957246455244074,1990-01-03,2026-09-10,BAC,full
BAC|full,total,9239,6.086654697783494,15.338369838414406,7.614668681983325,40.08218776600886,0.382672970047356,2.3170745135367405,0.020499673083474557,0.498322329256413,1990-01-03,2026-09-10,BAC,full
C|full,overnight,9238,11.567382268546666,29.1498033167376,29.50324604706045,25.633070698862113,1.1371951358926184,6.885313226967342,5.766054300693213e-12,0.5458973803853648,1990-01-03,2026-09-10,C,full
C|full,intraday,9238,-5.550706496421079,-13.98778037098112,-18.26086425561846,34.85397489067584,-0.40132525529313845,-2.4298820856430536,0.015103735713398958,0.4761853214981598,1990-01-03,2026-09-10,C,full
C|full,total,9238,5.8023644852298535,14.621958502779231,5.854834079787192,42.122351498320484,0.3471306321386698,2.101752863261989,0.03557493019332236,0.49404633037453993,1990-01-03,2026-09-10,C,full
CAT|full,overnight,9239,5.197423596556868,13.097507463323307,12.48621054118153,16.270675519649412,0.804976256056855,4.874109521455738,1.0930034348710649e-06,0.537720532525165,1990-01-03,2026-09-10,CAT,full
CAT|full,intraday,9239,2.716179197038975,6.844771576538217,3.4184362668496595,26.41104579116169,0.25916321643078527,1.5692262862560336,0.11659522130670164,0.4910704621712306,1990-01-03,2026-09-10,CAT,full
CAT|full,total,9239,8.0341468096654,20.246049960356807,16.331479957526135,31.990398402399713,0.6328789565446012,3.832065014107871,0.00012707214588680849,0.5039506440090918,1990-01-03,2026-09-10,CAT,full
COST|full,overnight,9239,0.7504405666642162,1.8911102279938248,0.7885756372135326,14.585628994257007,0.129655719937648,0.7850618876075942,0.43241728405297675,0.5195367464011257,1990-01-03,2026-09-10,COST,full
COST|full,intraday,9239,6.3072585037624735,15.894291429481433,12.971719699016667,27.2291377230751,0.5837236416051454,3.534430907792522,0.0004086542595285181,0.49366814590323627,1990-01-03,2026-09-10,COST,full
COST|full,total,9239,6.973417358810349,17.57301174420208,13.862587157504278,30.245327286371044,0.5810157575025059,3.5180347425784992,0.000434755439222112,0.4985388029007468,1990-01-03,2026-09-10,COST,full
CRM|full,overnight,5589,1.9287230201385646,4.860382010749182,2.15861175786102,23.385705850922,0.20783559161022966,0.9787836507611292,0.32768688957429815,0.5315798890678117,2004-06-24,2026-09-10,CRM,full
CRM|full,intraday,5589,8.864117203096683,22.33757535180364,17.50660454260915,35.193449777226945,0.6347083191105035,2.9891036512769302,0.002797971964109802,0.5133297548756486,2004-06-24,2026-09-10,CRM,full
CRM|full,total,5589,10.724327897340263,27.025306301297462,20.04311592452917,41.93246971965951,0.6444959355357738,3.035197579957547,0.0024037815787165684,0.5106459116120952,2004-06-24,2026-09-10,CRM,full
CSCO|full,overnight,9206,7.838797050910126,19.753768568293516,19.109773529551344,21.222977238313625,0.9307727349691653,5.6257297803827795,1.8472532614666193e-08,0.5457310449706713,1990-02-20,2026-09-10,CSCO,full
CSCO|full,intraday,9206,3.577646817260021,9.015669979495252,3.6042331522010316,33.130385187853676,0.2721269290524456,1.6447759064033727,0.10001603254175073,0.5036932435368238,1990-02-20,2026-09-10,CSCO,full
CSCO|full,total,9206,11.360384184918045,28.628168145993477,23.402767474615,39.0093528509658,0.7338795969101727,4.435678171954232,9.178288191469264e-06,0.5157505974364545,1990-02-20,2026-09-10,CSCO,full
CVX|full,overnight,9239,4.220612049779893,10.63594236544533,10.195741089150879,13.576710527111027,0.7833961211890509,4.743442386814149,2.1011672095561096e-06,0.5516830825846953,1990-01-03,2026-09-10,CVX,full
CVX|full,intraday,9239,1.2739988519109433,3.210477106815577,0.8987057892797726,21.517658384412915,0.14920197400016358,0.9034139288237902,0.3663062502293619,0.498322329256413,1990-01-03,2026-09-10,CVX,full
CVX|full,total,9239,5.555560717823312,14.000013008914747,11.186076593858846,26.042313564791357,0.5375871454002634,3.255075667502132,0.0011336215829873542,0.5120684056716095,1990-01-03,2026-09-10,CVX,full
DIA|full,overnight,7204,3.0315774294050293,7.639575122100674,7.327333916160461,10.622771096200664,0.7191697018523765,3.845191417144703,0.00012045836858565195,0.5505274847307051,1998-01-21,2026-09-10,DIA,full
DIA|full,intraday,7204,1.0763521562890552,2.712407433848419,1.6295462602913233,14.807832506892774,0.1831738326717191,0.979377256050441,0.3273936106893718,0.5267906718489728,1998-01-21,2026-09-10,DIA,full
DIA|full,total,7204,4.127513754417061,10.401334661130994,9.07628247226161,18.505644761111768,0.5620628081540086,3.0051865091692633,0.002654180422905661,0.5378956135480288,1998-01-21,2026-09-10,DIA,full
DIS|full,overnight,9239,1.0024166214240087,2.526089885988502,1.3348136851459484,15.468983382653967,0.16330031673711118,0.9887790138854411,0.32277127416407936,0.5139084316484468,1990-01-03,2026-09-10,DIS,full
DIS|full,intraday,9239,3.6204448731474352,9.123521080331537,6.37317062879905,24.300792741217546,0.3754412943433228,2.273286912175964,0.0230088957145953,0.49009633077172854,1990-01-03,2026-09-10,DIS,full
DIS|full,total,9239,4.735809566153043,11.934240106705667,7.793054267675884,29.79727730403875,0.4005144491872112,2.4251041885713795,0.015303993930910309,0.4955081718800736,1990-01-03,2026-09-10,DIS,full
GOOGL|full,overnight,5549,9.090020459536262,22.90685155803138,23.322691840381513,19.824193636666628,1.1554997886856342,5.422217850501172,5.886408160904466e-08,0.5611821949900883,2004-08-20,2026-09-10,GOOGL,full
GOOGL|full,intraday,5549,1.6387920439068049,4.129755950645149,1.2779202061411494,23.898007166872777,0.17280754507303783,0.8109046533553562,0.417420427791235,0.5072986123625879,2004-08-20,2026-09-10,GOOGL,full
GOOGL|full,total,5549,10.687668614228036,26.932924907854648,24.89865743816694,30.734748482231254,0.8763021087817082,4.112074258423507,3.9212012361566906e-05,0.5255000901063255,2004-08-20,2026-09-10,GOOGL,full
HD|full,overnight,9239,3.8360225026014145,9.666776706555565,8.658053494139123,16.383952471903203,0.590014938283854,3.572524539515532,0.0003535563403114228,0.5280874553523108,1990-01-03,2026-09-10,HD,full
HD|full,intraday,9239,4.199010255378087,10.58150584355278,7.498449096257753,25.93478604185243,0.40800436242183785,2.470455411215632,0.01349411402478351,0.5004870656997511,1990-01-03,2026-09-10,HD,full
HD|full,total,9239,7.9943430414806205,20.145744464531163,16.805722324381676,30.26953633771367,0.6655451950029051,4.029858207014814,5.581050808833865e-05,0.5097954324061046,1990-01-03,2026-09-10,HD,full
IBM|full,overnight,9239,0.7572389737743613,1.9082422139113906,0.5941492152427241,16.11812036775751,0.1183911132546581,0.7168549979311648,0.4734635720961582,0.51693906266912,1990-01-03,2026-09-10,IBM,full
IBM|full,intraday,9239,4.262921216268913,10.742561464997664,8.536887134110875,22.594736093314012,0.47544531702569814,2.87880857256344,0.0039918055323604484,0.502760038965256,1990-01-03,2026-09-10,IBM,full
IBM|full,total,9239,5.0549220166709485,12.73840348201079,9.181758197267053,28.061642713481795,0.4539436130690531,2.748616334973759,0.005984739288827257,0.5101201428726052,1990-01-03,2026-09-10,IBM,full
INTC|full,overnight,9239,5.040172615525555,12.7012349911244,10.227932556178713,24.20682092288152,0.5246965320885464,3.1770233515396518,0.0014879505476179666,0.5311180863729841,1990-01-03,2026-09-10,INTC,full
INTC|full,intraday,9239,3.7111807529931853,9.352175497542827,4.189091477810168,32.45413504417547,0.28816591429144434,1.744836839644279,0.08101327415702464,0.4951834614135729,1990-01-03,2026-09-10,INTC,full
INTC|full,total,9239,8.778985249046116,22.12304282759621,14.845481485055883,40.67007921158612,0.5439636031319502,3.293684947104262,0.0009888326451696905,0.5054659595194285,1990-01-03,2026-09-10,INTC,full
IWM|full,overnight,6610,5.32567168218502,13.420692639106251,13.36052971709767,13.240402486822624,1.0136166670509494,5.191276994644735,2.088566368740885e-07,0.5574886535552194,2000-05-30,2026-09-10,IWM,full
IWM|full,intraday,6610,-0.8791427053874107,-2.215439617576275,-4.1487764927710575,20.10022686537993,-0.11021963246554627,-0.5644941139743784,0.5724179048227043,0.5110438729198185,2000-05-30,2026-09-10,IWM,full
IWM|full,total,6610,4.426207438747611,11.15404274564398,8.65745470811398,23.838937621882817,0.4678917711251189,2.3963258166347,0.01656036239777503,0.5308623298033283,2000-05-30,2026-09-10,IWM,full
JNJ|full,overnight,9239,1.6705397764833725,4.209760236738099,3.664650176018089,10.99545122297015,0.3828637998906002,2.318229983091198,0.020436825341983766,0.5285204026409784,1990-01-03,2026-09-10,JNJ,full
JNJ|full,intraday,9239,4.040058351144459,10.180947044884038,8.891575102453116,18.237059358717843,0.5582559580811612,3.3802247708789572,0.0007242657300587929,0.5037341703647581,1990-01-03,2026-09-10,JNJ,full
JNJ|full,total,9239,5.677574098895885,14.307486729217631,12.88207040111406,20.912531827386736,0.6841585154448283,4.142561360318106,3.4344843802713854e-05,0.5070895118519321,1990-01-03,2026-09-10,JNJ,full
JPM|full,overnight,9239,5.165521555609151,13.01711432013506,11.85893682581808,19.002500021953907,0.6850211448544229,4.147784558129414,3.3570808106730965e-05,0.5350146119709925,1990-01-03,2026-09-10,JPM,full
JPM|full,intraday,9239,2.508067835356456,6.320330945098269,1.658809527246467,30.700779493807755,0.2058687450060693,1.2465296990491037,0.21256999290150214,0.49204459357073277,1990-01-03,2026-09-10,JPM,full
JPM|full,total,9239,7.692824706316551,19.38591825991771,13.714463526961321,36.27592162013195,0.5344018123900444,3.2357885620287754,0.0012130720389214034,0.5010282498105856,1990-01-03,2026-09-10,JPM,full
KO|full,overnight,9239,0.9739208081481565,2.454280436533354,2.004635917810069,9.673761865605695,0.2537048637985764,1.5361761082713634,0.12449519400020126,0.507197748674099,1990-01-03,2026-09-10,KO,full
KO|full,intraday,9239,3.9992439982699444,10.07809487564026,8.642620360458261,18.913135307437965,0.5328621993031928,3.2264662463088807,0.0012532901341382185,0.5026518021430891,1990-01-03,2026-09-10,KO,full
KO|full,total,9239,5.011738098235326,12.62958000755302,10.820509350254035,21.70002489372517,0.5820076276135988,3.5240404893519597,0.00042501929746707745,0.5070895118519321,1990-01-03,2026-09-10,KO,full
MCD|full,overnight,9239,1.008729979351899,2.541999547966785,1.7091445638447094,12.992134667314337,0.195656804140274,1.1846966725070138,0.2361373985780122,0.5226756142439658,1990-01-03,2026-09-10,MCD,full
MCD|full,intraday,9239,4.589074941422791,11.564468852385435,9.944642436713607,20.418604861651744,0.566369197638214,3.4293502175953496,0.0006050282756366876,0.497239961034744,1990-01-03,2026-09-10,MCD,full
MCD|full,total,9239,5.527756911442007,13.929947416833857,11.823755316159172,23.474511737044644,0.5934073335741121,3.5930654015103736,0.0003268105184053294,0.5074142223184327,1990-01-03,2026-09-10,MCD,full
MDY|full,overnight,7889,5.447137444521147,13.726786360193291,13.8922967858646,11.933360718307979,1.1502867200799407,6.436011531841936,1.2265366500230357e-10,0.5659779439726201,1995-05-05,2026-09-10,MDY,full
MDY|full,intraday,7889,-0.35549339364472404,-0.8958433519847046,-2.444872819123906,17.76150726475775,-0.05043734963654973,-0.28220386989586227,0.7777871911247218,0.5175560907592851,1995-05-05,2026-09-10,MDY,full
MDY|full,total,7889,5.0978185892291865,12.846502844857548,11.107774978671056,21.46643003017242,0.5984461704531673,3.3483881774759223,0.000812830750534399,0.539231841805045,1995-05-05,2026-09-10,MDY,full
META|full,overnight,3597,8.380205138307208,21.118116948534162,18.714587813341517,28.140398327823895,0.7504555089276606,2.8352731068271444,0.004578652562209795,0.5521267723102585,2012-05-21,2026-09-10,META,full
META|full,intraday,3597,2.6982374962915996,6.799558490654831,2.7318698933489975,28.67100296728867,0.23715802681938217,0.8959995196384135,0.37025301978479175,0.5076452599388379,2012-05-21,2026-09-10,META,full
META|full,total,3597,11.028648647375537,27.792194591386355,21.957715896827583,39.863397541949155,0.6971857971247936,2.6340164307332925,0.008438140446434872,0.5221017514595496,2012-05-21,2026-09-10,META,full
MMM|full,overnight,9239,2.2787596856071612,5.742474407730047,5.100807249337266,12.378088462268714,0.46392255356991857,2.8090385505898596,0.004968969611693019,0.5344734278601581,1990-01-03,2026-09-10,MMM,full
MMM|full,intraday,9239,2.4563685351083326,6.1900487084729985,4.214188364968962,20.31586257267133,0.304690420420533,1.8448922786154585,0.06505321010987153,0.49821409243424614,1990-01-03,2026-09-10,MMM,full
MMM|full,total,9239,4.756537658505278,11.9864748994333,9.529953239927288,24.039185656049572,0.4986223356703786,3.019144795408522,0.0025348934851581184,0.5077389327849334,1990-01-03,2026-09-10,MMM,full
MRK|full,overnight,9239,0.9857396884474267,2.4840640148875153,1.4380744149821905,14.342461614241039,0.17319649037240703,1.0487000783626124,0.2943161781830659,0.5285204026409784,1990-01-03,2026-09-10,MRK,full
MRK|full,intraday,9239,4.353987198022547,10.97204773901682,8.838226308944307,22.38153078698054,0.4902277616059809,2.968315875837314,0.0029943643914753793,0.4946422773027384,1990-01-03,2026-09-10,MRK,full
MRK|full,total,9239,5.326700664333353,13.42328567412005,10.403400995213618,26.462136573451083,0.5072638649891694,3.071469022385078,0.002130082654035581,0.5013529602770863,1990-01-03,2026-09-10,MRK,full
MSFT|full,overnight,9239,4.685962172362048,11.808624674352359,10.894060766296446,17.11705971924401,0.6898745969248683,4.1771720795258425,2.9515573322758115e-05,0.5349063751488257,1990-01-03,2026-09-10,MSFT,full
MSFT|full,intraday,9239,5.019779936841021,12.649845440839375,9.691822541379908,26.108431891351792,0.4845118808161563,2.9337063718034178,0.0033494090554555545,0.49886351336724755,1990-01-03,2026-09-10,MSFT,full
MSFT|full,total,9239,9.728883977646,24.51678762366792,21.64171634469587,31.4070928407233,0.780613084694002,4.726591175890832,2.28320297668283e-06,0.5086048273622686,1990-01-03,2026-09-10,MSFT,full
NFLX|full,overnight,6113,8.812427086871699,22.20731625891668,17.55220821450208,34.12261982118448,0.6508092395979992,3.20538822734338,0.0013488042076181816,0.5256011778177654,2002-05-24,2026-09-10,NFLX,full
NFLX|full,intraday,6113,7.8519058951446485,19.786802855764517,10.998813751089285,43.43537099397265,0.45554584669048304,2.2436701957378533,0.024853629109328423,0.49304760346801896,2002-05-24,2026-09-10,NFLX,full
NFLX|full,total,6113,16.466963602870166,41.49674827923282,30.481556656307763,54.30458412764673,0.76414816439238,3.7636090286646247,0.00016747865800859074,0.5046621953214461,2002-05-24,2026-09-10,NFLX,full
NKE|full,overnight,9239,0.6098133526020266,1.536729648557107,-0.1482530204334354,18.25482012004626,0.08418213044288343,0.5097205295693925,0.610247268190589,0.5212685355557961,1990-01-03,2026-09-10,NKE,full
NKE|full,intraday,9239,5.9693896410875364,15.042861895540591,11.966311415613676,27.38117515721539,0.5493870080143931,3.3265235174065855,0.0008793659909505092,0.4989717501894144,1990-01-03,2026-09-10,NKE,full
NKE|full,total,9239,6.577681475226138,16.575757317569867,11.800317977072131,32.90759986028703,0.5037060553776069,3.0499265811357072,0.002288973141496786,0.4987552765450806,1990-01-03,2026-09-10,NKE,full
NVDA|full,overnight,6950,15.66203236532374,39.46832156061582,40.52016176478968,32.792467726967494,1.203578879431459,6.320722007414565,2.6034396860552533e-10,0.5602877697841726,1999-01-25,2026-09-10,NVDA,full
NVDA|full,intraday,6950,3.8896088097783417,9.801814200641422,-2.5516624632925904,50.0535262795153,0.1958266465764046,1.0284043828007057,0.30375964774025,0.49928057553956834,1999-01-25,2026-09-10,NVDA,full
NVDA|full,total,6950,19.38205103466231,48.842768607349015,36.93456154367951,59.192996402954144,0.8251443849007689,4.333333163340754,1.4686859019397147e-05,0.5166906474820144,1999-01-25,2026-09-10,NVDA,full
ORCL|full,overnight,9239,6.91105049573225,17.41584724924527,14.983234393176096,26.293373729405197,0.6623663980316173,4.01061067708092,6.056190285930185e-05,0.5217014828444637,1990-01-03,2026-09-10,ORCL,full
ORCL|full,intraday,9239,3.4773993236194585,8.763046295521036,1.816699422206516,37.46081015375172,0.2339257015412789,1.4164138142169382,0.15665438167843115,0.4976729083234116,1990-01-03,2026-09-10,ORCL,full
ORCL|full,total,9239,10.33060311875544,26.03311985926371,17.072134148031264,45.502589065807236,0.5721239251158613,3.464194937276377,0.0005318209663549567,0.5018941443879208,1990-01-03,2026-09-10,ORCL,full
PEP|full,overnight,9239,-3.102772699631577,-7.818987203071575,-8.231932515878901,12.395905002452885,-0.6307717912911048,-3.8193061853249484,0.00013382756318103262,0.4792726485550384,1990-01-03,2026-09-10,PEP,full
PEP|full,intraday,9239,7.957838555624937,20.053753160174843,19.81123817972842,19.872804505334592,1.0091053406574635,6.110105623665737,9.95652227331334e-10,0.5105530901612728,1990-01-03,2026-09-10,PEP,full
PEP|full,total,9239,4.794879675137248,12.083096781345864,9.948457906334236,22.823533980742777,0.5294139282523429,3.2055870580905377,0.0013478726645970163,0.4971317242125771,1990-01-03,2026-09-10,PEP,full
PFE|full,overnight,9239,4.564513015273288,11.502572798488687,10.950765306634532,14.85109454638985,0.7745269389106977,4.6897397273068915,2.7355277825158453e-06,0.53999350579067,1990-01-03,2026-09-10,PFE,full
PFE|full,intraday,9239,0.7072498226957304,1.7822695531932407,-0.8634205061936872,23.024075578205487,0.07740895164887017,0.46870911463383147,0.6392775710341785,0.48555038424071867,1990-01-03,2026-09-10,PFE,full
PFE|full,total,9239,5.166400584597448,13.01932947318557,9.992793647198264,26.435716345593264,0.4924901335369277,2.982014476866514,0.002863584575506284,0.49117869899339756,1990-01-03,2026-09-10,PFE,full
PG|full,overnight,9239,-2.8913112353034593,-7.286104312964717,-7.745694267546044,12.044675036356956,-0.604923278624915,-3.6627941382257023,0.0002494790281697412,0.4831691741530469,1990-01-03,2026-09-10,PG,full
PG|full,intraday,9239,7.886765097539465,19.87464804579945,19.877156242366244,18.656850446033012,1.06527348242883,6.4502022073231755,1.1170087077516655e-10,0.5207273514449616,1990-01-03,2026-09-10,PG,full
PG|full,total,9239,4.942897052991381,12.456100573538283,10.59183822320404,21.698556047117055,0.5740520496613065,3.4758696794005015,0.0005091996597044179,0.5088213010066025,1990-01-03,2026-09-10,PG,full
QQQ|full,overnight,6918,5.558129995031362,14.006487587479032,13.86210686152605,14.277138152151764,0.9810430800775057,5.140177156220852,2.7447955464054985e-07,0.559410234171726,1999-03-11,2026-09-10,QQQ,full
QQQ|full,intraday,6918,-0.0514395001566402,-0.12962754039473331,-2.738333722686293,23.03650777943381,-0.005627048232999113,-0.02948293033363006,0.9764794326443895,0.5235617230413414,1999-03-11,2026-09-10,QQQ,full
QQQ|full,total,6918,5.484244522500126,13.820296196700319,10.744182391975784,26.90684548755538,0.5136349485149537,2.6911913274844728,0.0071197349938176835,0.5448106389129806,1999-03-11,2026-09-10,QQQ,full
RSP|full,overnight,5877,4.73213069824376,11.924969359574275,11.918005303823463,11.4782890155446,1.0389152375780706,5.01715699475079,5.244171337182024e-07,0.5684873234643526,2003-05-02,2026-09-10,RSP,full
RSP|full,intraday,5877,0.2507286303078012,0.631836148375659,-0.6203632533011797,15.840307229225687,0.039887872074217644,0.19262756877973622,0.8472506525022341,0.5220350518972264,2003-05-02,2026-09-10,RSP,full
RSP|full,total,5877,4.995700903482478,12.589166276775845,11.223707125090922,19.72613438505599,0.6381973290374151,3.0819994525017496,0.0020561521563229324,0.5456865747830526,2003-05-02,2026-09-10,RSP,full
SPY|full,overnight,8460,4.010645720822532,10.10682721647278,10.012027898551338,10.582194723266225,0.9550785523017932,5.5338069387915025,3.1335387618014465e-08,0.5647754137115839,1993-02-01,2026-09-10,SPY,full
SPY|full,intraday,8460,0.7460087330102588,1.879942007185852,0.7304392948715297,15.181402626155776,0.12383190496159642,0.7174926641046775,0.4730701612819854,0.5237588652482269,1993-02-01,2026-09-10,SPY,full
SPY|full,total,8460,4.758396057564951,11.991158065063678,10.815598979407401,18.53941303767714,0.6467927566365977,3.747572632648437,0.00017855414164724692,0.5405437352245863,1993-02-01,2026-09-10,SPY,full
TSLA|full,overnight,4074,17.158557125663343,43.239563956671624,45.33323128416387,34.29842566743498,1.2606865509202048,5.068942464132188,4.000321207620061e-07,0.5532646048109966,2010-06-30,2026-09-10,TSLA,full
TSLA|full,intraday,4074,2.7601121011555336,6.955482494911945,-3.723865602581057,46.376878817223314,0.1499773739048786,0.6030259295544658,0.5464914397702969,0.49680903289150713,2010-06-30,2026-09-10,TSLA,full
TSLA|full,total,4074,19.828193333969423,49.967047201602945,39.92121707525323,57.365857118400335,0.8710241546373726,3.502195943554313,0.00046144012837290305,0.5157093765341189,2010-06-30,2026-09-10,TSLA,full
TXN|full,overnight,9239,3.9247028200389122,9.89025110649806,7.84554179487246,21.584775801657198,0.45820494951533025,2.7744186122342933,0.00553004691336878,0.5305769022621496,1990-01-03,2026-09-10,TXN,full
TXN|full,intraday,9239,5.016073671993426,12.640505653423434,7.2170132104936835,33.73743601459952,0.37467297894106094,2.26863478313555,0.02329054455899593,0.5030847494317566,1990-01-03,2026-09-10,TXN,full
TXN|full,total,9239,8.88108832036325,22.380342567315388,15.628768793136881,39.733008174668164,0.5632682647367236,3.410574152504205,0.0006482625378569917,0.5040588808312588,1990-01-03,2026-09-10,TXN,full
UNH|full,overnight,9239,5.050331048178759,12.72683424141047,11.59315510065432,18.56427043504984,0.6855553136837456,4.151018935985253,3.309983761679014e-05,0.5508171880073601,1990-01-03,2026-09-10,UNH,full
UNH|full,intraday,9239,5.313217616680668,13.389308394035282,9.036980748524295,30.807842176021744,0.43460714702233855,2.631534554535579,0.008500022292414755,0.5047083017642602,1990-01-03,2026-09-10,UNH,full
UNH|full,total,9239,10.408861982899811,26.230332196907526,21.677807043771303,36.15706513738363,0.7254552352974958,4.392611885317144,1.119969594887138e-05,0.5165061153804524,1990-01-03,2026-09-10,UNH,full
VZ|full,overnight,9239,2.0086068588333132,5.061689284259949,4.43952417171588,11.969238437154045,0.42289150732830416,2.56059667214094,0.010449258739571476,0.5285204026409784,1990-01-03,2026-09-10,VZ,full
VZ|full,intraday,9239,1.7433226749146113,4.393173140784821,2.186176922123309,21.15896988620498,0.2076269858320957,1.2571757998336495,0.20868998428622043,0.4860915683515532,1990-01-03,2026-09-10,VZ,full
VZ|full,total,9239,3.7278251543788485,9.394119389034698,6.722756946733368,24.06297682034167,0.3903972255458173,2.3638446722686624,0.01808639386146238,0.49637406645740884,1990-01-03,2026-09-10,VZ,full
WFC|full,overnight,9239,3.546464203565316,8.937089792984597,7.188151854825479,20.183167257487554,0.4427991741320538,2.681137057758564,0.007337245784909019,0.524732113865137,1990-01-03,2026-09-10,WFC,full
WFC|full,intraday,9239,3.7935983589280413,9.559867864498663,5.3716834037450205,29.49565416647809,0.3241110643127721,1.9624837536381425,0.04970619025952949,0.49009633077172854,1990-01-03,2026-09-10,WFC,full
WFC|full,total,9239,7.286823846396874,18.36279609292012,12.945960018792166,35.42378053155797,0.5183748266665458,3.1387455956960864,0.001696726846741603,0.4942093300140708,1990-01-03,2026-09-10,WFC,full
WMT|full,overnight,9239,3.257631464383662,8.20923129024683,7.545662220153998,13.654287430303876,0.6012200440447396,3.640371152713267,0.000272245318851283,0.5344734278601581,1990-01-03,2026-09-10,WMT,full
WMT|full,intraday,9239,2.9458574812283076,7.423560852695335,5.123524919237879,22.056981793815694,0.33656285896634974,2.0378790344598516,0.04156203178493989,0.4877151206840567,1990-01-03,2026-09-10,WMT,full
WMT|full,total,9239,6.151887931990596,15.502757588616303,13.055791023562978,25.434537021235492,0.609516012643475,3.6906030188491274,0.0002237230583703731,0.5036259335425912,1990-01-03,2026-09-10,WMT,full
XLF|full,overnight,6970,4.130574043810321,10.409046590402008,9.355345693060654,17.147775465441047,0.6070202290308729,3.1924145601519442,0.0014108867802953284,0.5423242467718795,1998-12-23,2026-09-10,XLF,full
XLF|full,intraday,6970,-0.15054634318868879,-0.37937678483549575,-2.998266006208492,23.100828037023057,-0.01642264875646358,-0.08636928474376936,0.9311728628907088,0.5071736011477762,1998-12-23,2026-09-10,XLF,full
XLF|full,total,6970,3.9188855992134997,9.87559171001802,6.076581537173864,28.21931670944545,0.3499585695748793,1.8404869879616002,0.06569677287601872,0.5139167862266858,1998-12-23,2026-09-10,XLF,full
XLK|full,overnight,6970,6.048672217689224,15.242653988576842,14.967878238616555,16.01211147446098,0.9519452829746154,5.00642950019638,5.544895724796106e-07,0.5543758967001434,1998-12-23,2026-09-10,XLK,full
XLK|full,intraday,6970,-0.6855448933864491,-1.7275731313338514,-3.946482927742713,21.47109576336497,-0.08046040827974515,-0.42315390266007835,0.6721829769973293,0.5156384505021521,1998-12-23,2026-09-10,XLK,full
XLK|full,total,6970,5.277067939443915,13.298211207398666,10.430690551541568,26.012391185682247,0.5112260196486001,2.6886177932823223,0.007174851680024741,0.5400286944045911,1998-12-23,2026-09-10,XLK,full
XOM|full,overnight,9239,1.3225869373757069,3.3329190821867813,2.4733911046783006,13.31895902464337,0.2502387067953326,1.515188621093633,0.12972464387743599,0.5176967204242884,1990-01-03,2026-09-10,XOM,full
XOM|full,intraday,9239,4.022275804323535,10.136135026895309,8.275819242037496,20.911322480474738,0.4847199423355263,2.934966178692105,0.0033358404569754363,0.5021106180322545,1990-01-03,2026-09-10,XOM,full
XOM|full,total,9239,5.3525792706743385,13.488499762099332,10.953903723687588,24.881197134496755,0.542116188750343,3.2824989028455462,0.0010289138604995252,0.5034094598982574,1990-01-03,2026-09-10,XOM,full
AAPL|2021_2026,overnight,1428,-2.9255638398913133,-7.372420876526109,-8.42926480511562,16.86722100502677,-0.4370856867488118,-1.0404720496857134,0.29812064303860386,0.5105042016806722,2021-01-04,2026-09-10,AAPL,2021_2026
AAPL|2021_2026,intraday,1428,11.095533796159561,27.96074516632209,28.688017621624766,23.45119757613033,1.1922949809088552,2.8382297572904838,0.004536451551259368,0.5350140056022409,2021-01-04,2026-09-10,AAPL,2021_2026
AAPL|2021_2026,total,1428,8.04355106756919,20.26974869027436,17.840563843844134,27.80094609367036,0.7291028377947655,1.7356119110529349,0.08263247844836386,0.5294117647058824,2021-01-04,2026-09-10,AAPL,2021_2026
ADBE|2021_2026,overnight,1428,-4.162619034720834,-10.4897999674965,-12.343663700980379,23.014033049982533,-0.4558001609154925,-1.0850214089654346,0.27791217327684636,0.5105042016806722,2021-01-04,2026-09-10,ADBE,2021_2026
ADBE|2021_2026,intraday,1428,1.8920566208511005,4.767982684544774,0.8592737259846656,27.99032554188608,0.170343952499221,0.4054997150027632,0.6851102278761021,0.5196078431372549,2021-01-04,2026-09-10,ADBE,2021_2026
ADBE|2021_2026,total,1428,-2.2075199025967955,-5.562950154543925,-11.590455834002126,36.50718146311507,-0.15237961221861065,-0.3627360315427739,0.7168020810196134,0.5049019607843137,2021-01-04,2026-09-10,ADBE,2021_2026
AMD|2021_2026,overnight,1428,14.096158549726354,35.52231954531041,34.49134610449091,35.022519094374,1.014270830992757,2.4144475155644853,0.015759093206381136,0.5336134453781513,2021-01-04,2026-09-10,AMD,2021_2026
AMD|2021_2026,intraday,1428,4.004084996681704,10.090294191637895,0.4235315073454467,44.08160750383202,0.22890032290135395,0.544891757756789,0.585827965347657,0.4992997198879552,2021-01-04,2026-09-10,AMD,2021_2026
AMD|2021_2026,total,1428,17.938993746087164,45.20626424013965,35.060959329896434,55.3456455207407,0.8167989335890694,1.9443703749121544,0.051850803684542424,0.5049019607843137,2021-01-04,2026-09-10,AMD,2021_2026
AMGN|2021_2026,overnight,1428,2.934222501360721,7.394240703429017,6.699486939450712,13.488467358310269,0.5481898355837598,1.3049528253586977,0.19190891183091052,0.5329131652661064,2021-01-04,2026-09-10,AMGN,2021_2026
AMGN|2021_2026,intraday,1428,3.11401333197268,7.847313596571154,5.7936795595194175,21.06680052398938,0.37249669628927234,0.8867194988061671,0.37522993773698254,0.4943977591036415,2021-01-04,2026-09-10,AMGN,2021_2026
AMGN|2021_2026,total,1428,5.972222004207431,15.049999450602728,12.88131330437387,24.241981426074226,0.6208238174135067,1.4778562862644378,0.13944624891632973,0.5119047619047619,2021-01-04,2026-09-10,AMGN,2021_2026
AMZN|2021_2026,overnight,1428,6.286323485411749,15.84153518323761,13.698179484914998,24.54833633134412,0.6453201133231428,1.5361691342654618,0.1244969039863677,0.5525210084033614,2021-01-04,2026-09-10,AMZN,2021_2026
AMZN|2021_2026,intraday,1428,-0.6128817448195377,-1.5444619969452351,-5.010466507185391,26.8463007020425,-0.05752978833421658,-0.13694828863267572,0.8910716695673833,0.4992997198879552,2021-01-04,2026-09-10,AMZN,2021_2026
AMZN|2021_2026,total,1428,5.5003908982029825,13.860985063471515,8.001370282543851,35.184203761517615,0.39395477463189993,0.9377999423721471,0.3483472307284696,0.511204481792717,2021-01-04,2026-09-10,AMZN,2021_2026
BA|2021_2026,overnight,1428,3.2205580626965893,8.115806317995403,6.564226749517429,18.738742297808304,0.43310304336404876,1.030991462122815,0.30254482360343915,0.5273109243697479,2021-01-04,2026-09-10,BA,2021_2026
BA|2021_2026,intraday,1428,-0.9350248782238844,-2.356262693124189,-6.889352661838896,30.978305127583038,-0.07606170458390171,-0.18106307314630124,0.8563180688424146,0.49229691876750703,2021-01-04,2026-09-10,BA,2021_2026
BA|2021_2026,total,1428,2.336370790689291,5.887654392537013,-0.77735864261844,36.546660848655975,0.16109965331493575,0.3834938813372265,0.7013536061225107,0.49369747899159666,2021-01-04,2026-09-10,BA,2021_2026
BAC|2021_2026,overnight,1428,4.798999573214478,12.093478924500484,11.313039612300898,16.583419521656047,0.729251220395636,1.7359651322943206,0.08256999995642245,0.5315126050420168,2021-01-04,2026-09-10,BAC,2021_2026
BAC|2021_2026,intraday,1428,2.693984188476115,6.788840154959811,4.584288039779182,21.48911954149837,0.3159198840999349,0.7520397471510791,0.4520271563641649,0.5196078431372549,2021-01-04,2026-09-10,BAC,2021_2026
BAC|2021_2026,total,1428,7.425332069667702,18.71183681556261,16.415949973962217,26.488329819766655,0.7064181450050915,1.6816115410592885,0.09264419118656031,0.5161064425770309,2021-01-04,2026-09-10,BAC,2021_2026
C|2021_2026,overnight,1428,4.699443643547449,11.842597981739573,10.866039001975967,17.46067905580304,0.6782438382775093,1.6145432760530083,0.10640963788834434,0.5462184873949579,2021-01-04,2026-09-10,C,2021_2026
C|2021_2026,intraday,1428,4.074883961927232,10.268707584056624,7.660252954276435,24.073942016767617,0.4265486548444962,1.0153888966210658,0.30992048373502046,0.5273109243697479,2021-01-04,2026-09-10,C,2021_2026
C|2021_2026,total,1428,8.694329666035493,21.909710758409442,19.358658029914288,29.041428095538468,0.7544295234494807,1.7959014820313852,0.07251018671712206,0.5217086834733894,2021-01-04,2026-09-10,C,2021_2026
CAT|2021_2026,overnight,1428,8.967907155645065,22.599126032225563,23.120796413390167,18.96020601400196,1.1919240759059415,2.8373468267797857,0.004549016790134086,0.5721288515406162,2021-01-04,2026-09-10,CAT,2021_2026
CAT|2021_2026,intraday,1428,4.068362747430292,10.252274123524337,7.489232869179814,24.65482081352441,0.4158324329779938,0.9898791861263949,0.3222331740430371,0.5098039215686274,2021-01-04,2026-09-10,CAT,2021_2026
CAT|2021_2026,total,1428,13.032087671428387,32.840860931999536,32.34159956717784,31.0796434692253,1.0566678785912773,2.5153726758999375,0.01189066179517928,0.5315126050420168,2021-01-04,2026-09-10,CAT,2021_2026
COST|2021_2026,overnight,1428,1.7246204241376895,4.346043468826977,3.855011565266442,10.588240754198894,0.4104594492813645,0.9770889266206595,0.32852512936615286,0.5357142857142857,2021-01-04,2026-09-10,COST,2021_2026
COST|2021_2026,intraday,1428,5.781201720183735,14.568628334863012,13.523543399752743,19.40693112203905,0.7506920204564684,1.7870044453226983,0.07393677009718425,0.5210084033613446,2021-01-04,2026-09-10,COST,2021_2026
COST|2021_2026,total,1428,7.528597566642724,18.972065867939662,17.89988912711346,22.305874920883674,0.8505412110141995,2.0246930613280227,0.042898891561349295,0.5266106442577031,2021-01-04,2026-09-10,COST,2021_2026
CRM|2021_2026,overnight,1428,-0.6955455218166041,-1.7527747149778425,-4.730584588388278,24.8770965841555,-0.07045736664037412,-0.1677220803752781,0.8668019246302547,0.511204481792717,2021-01-04,2026-09-10,CRM,2021_2026
CRM|2021_2026,intraday,1428,4.310079890117521,10.861401323096153,6.931430366590134,28.88982354491723,0.37595942066621135,0.8949624315747273,0.37080717104140026,0.5161064425770309,2021-01-04,2026-09-10,CRM,2021_2026
CRM|2021_2026,total,1428,3.573923007634807,9.006285979239713,1.8729486015250405,37.87579570515684,0.2377847332726398,0.566040884688903,0.5713659877802226,0.5056022408963585,2021-01-04,2026-09-10,CRM,2021_2026
CSCO|2021_2026,overnight,1428,1.6344518860736572,4.118818752905616,2.7502625414576527,16.767724157755666,0.24563970125907136,0.5847394485834351,0.5587229245409095,0.5266106442577031,2021-01-04,2026-09-10,CSCO,2021_2026
CSCO|2021_2026,intraday,1428,6.955266438108174,17.527271424032598,16.883964635490752,19.622514399805496,0.8932225028310509,2.1262948582439543,0.03347871591498719,0.5217086834733894,2021-01-04,2026-09-10,CSCO,2021_2026
CSCO|2021_2026,total,1428,8.511351713725373,21.44860631858794,20.09858053183124,24.93626779660998,0.860136989766521,2.047535583719968,0.04060552675952156,0.5280112044817927,2021-01-04,2026-09-10,CSCO,2021_2026
CVX|2021_2026,overnight,1428,8.197717702710188,20.65824861082967,21.442375834135788,15.631733709246355,1.3215583757424216,3.145938184835282,0.0016555499233594784,0.561624649859944,2021-01-04,2026-09-10,CVX,2021_2026
CVX|2021_2026,intraday,1428,1.2517259824830487,3.1543494758572828,1.1213992026207593,20.187413393107217,0.1562532759612632,0.371957195667572,0.7099247193117986,0.5196078431372549,2021-01-04,2026-09-10,CVX,2021_2026
CVX|2021_2026,total,1428,9.426850169695756,23.755662427633304,22.804229668383357,25.286119070424505,0.9394744350238676,2.23639647938956,0.025325811559121947,0.5511204481792717,2021-01-04,2026-09-10,CVX,2021_2026
DIA|2021_2026,overnight,1428,2.182619098718507,5.500200128770637,5.2480126279443144,8.7742072690787,0.6268600638320873,1.492225426856218,0.1356400587346367,0.5448179271708683,2021-01-04,2026-09-10,DIA,2021_2026
DIA|2021_2026,intraday,1428,2.6699250829980885,6.728211209155183,6.174144406221604,12.169139948400538,0.5528912673931005,1.316144471618058,0.18812555698144928,0.5315126050420168,2021-01-04,2026-09-10,DIA,2021_2026
DIA|2021_2026,total,1428,4.825845818509326,12.161131462643501,11.746176912271903,14.521551535300823,0.8374540029748672,1.9935392748139085,0.04620242733706981,0.542016806722689,2021-01-04,2026-09-10,DIA,2021_2026
DIS|2021_2026,overnight,1428,-0.9061059525060962,-2.2833870003153622,-3.834679162115353,18.08063553807769,-0.12628908953485432,-0.30062816473966736,0.7636980520427965,0.48669467787114845,2021-01-04,2026-09-10,DIS,2021_2026
DIS|2021_2026,intraday,1428,-0.991088877241257,-2.497543970647968,-4.90951486742449,22.55997558023165,-0.11070685612073357,-0.26353502984506993,0.792138227559831,0.49369747899159666,2021-01-04,2026-09-10,DIS,2021_2026
DIS|2021_2026,total,1428,-1.8789466228145686,-4.734945489492713,-8.55592988595781,28.994491112165637,-0.1633050040842415,-0.3887436662301695,0.697465777062934,0.48179271708683474,2021-01-04,2026-09-10,DIS,2021_2026
GOOGL|2021_2026,overnight,1428,2.7665519995808814,6.971711038943821,4.8837741767632465,21.054351793869802,0.3311292177123073,0.7882452029639421,0.4305532932078395,0.523109243697479,2021-01-04,2026-09-10,GOOGL,2021_2026
GOOGL|2021_2026,intraday,1428,8.695031311303167,21.91147890448398,20.84808974846867,24.38926725159233,0.8984066096964607,2.138635500959035,0.03246520000287223,0.5364145658263305,2021-01-04,2026-09-10,GOOGL,2021_2026
GOOGL|2021_2026,total,1428,11.352566495173846,28.60846756783809,26.750037548716072,31.329132943129235,0.9131586124572975,2.1737522915904286,0.029723743211962805,0.5315126050420168,2021-01-04,2026-09-10,GOOGL,2021_2026
HD|2021_2026,overnight,1428,-0.24986991083669255,-0.6296721753084653,-1.5036764907831104,13.310352209878515,-0.04730695066364532,-0.11261306744567691,0.910337324632402,0.5147058823529411,2021-01-04,2026-09-10,HD,2021_2026
HD|2021_2026,intraday,1428,3.441680794391425,8.673035601866392,6.740366284867139,20.75080838071117,0.4179613363847732,0.9949469898966601,0.3197620470850109,0.5168067226890757,2021-01-04,2026-09-10,HD,2021_2026
HD|2021_2026,total,1428,3.137400819113866,7.906250064166942,5.1353364908658685,24.066765296362284,0.32851319929404804,0.7820178335300259,0.4342040930520241,0.5154061624649859,2021-01-04,2026-09-10,HD,2021_2026
IBM|2021_2026,overnight,1428,-0.878424760063284,-2.2136303953594756,-3.9532890293026703,18.648872291338208,-0.11870049624328409,-0.2825636994513109,0.7775113103480766,0.5147058823529411,2021-01-04,2026-09-10,IBM,2021_2026
IBM|2021_2026,intraday,1428,8.810858141104971,22.203362515584526,21.86978922253628,21.994555393500637,1.0094935823138118,2.4030753890558056,0.016257835368880258,0.5287114845938375,2021-01-04,2026-09-10,IBM,2021_2026
IBM|2021_2026,total,1428,8.01148964057732,20.188953894254848,17.05192421516741,29.417317931537994,0.6862948532983181,1.6337085252357513,0.10232006742983435,0.5427170868347339,2021-01-04,2026-09-10,IBM,2021_2026
INTC|2021_2026,overnight,1428,7.911747410946476,19.93760347558512,14.878830266930235,34.99834623293302,0.56967273090247,1.35609234514418,0.17506978813949026,0.5119047619047619,2021-01-04,2026-09-10,INTC,2021_2026
INTC|2021_2026,intraday,1428,3.077923629105587,7.756367545346079,0.262156267953293,38.88430414890613,0.1994729676952256,0.47484064074149784,0.6349005632436469,0.49159663865546216,2021-01-04,2026-09-10,INTC,2021_2026
INTC|2021_2026,total,1428,11.052609612141525,27.852576222596646,15.179992321026395,52.56437511407164,0.5298755319007004,1.2613560623683084,0.2071805909845319,0.49369747899159666,2021-01-04,2026-09-10,INTC,2021_2026
IWM|2021_2026,overnight,1428,5.342150062347281,13.46221815711515,13.379213260960373,13.433439237600457,1.0021423344391316,2.38557591886997,0.01705240231957328,0.5483193277310925,2021-01-04,2026-09-10,IWM,2021_2026
IWM|2021_2026,intraday,1428,-1.1397909094523186,-2.8722730918198427,-4.5256302041387055,18.773136614703215,-0.15299910455934487,-0.3642107182805685,0.7157006638268322,0.4964985994397759,2021-01-04,2026-09-10,IWM,2021_2026
IWM|2021_2026,total,1428,4.142756839761455,10.439747236198867,8.248089340407526,22.43743615201125,0.46528253787423335,1.1075939810932052,0.26803720400960973,0.5189075630252101,2021-01-04,2026-09-10,IWM,2021_2026
JNJ|2021_2026,overnight,1428,-0.17489100691381554,-0.44072533742281517,-0.8473609308294697,9.050271619787429,-0.048697470743222504,-0.11592316732126096,0.9077134346092746,0.507703081232493,2021-01-04,2026-09-10,JNJ,2021_2026
JNJ|2021_2026,intraday,1428,5.574242601900168,14.047091356788425,13.796385681760267,14.983295084808384,0.9375168330650326,2.231736454629362,0.025632386370840532,0.530812324929972,2021-01-04,2026-09-10,JNJ,2021_2026
JNJ|2021_2026,total,1428,5.382122794779558,13.562949442844484,12.832119568797015,17.25828580313062,0.7858804517181072,1.8707696664452624,0.061377013768056266,0.5189075630252101,2021-01-04,2026-09-10,JNJ,2021_2026
JPM|2021_2026,overnight,1428,4.073339728797475,10.264816116569635,9.702238773677987,14.170686253329073,0.7243697258598295,1.7243448510103923,0.08464560702346269,0.5434173669467787,2021-01-04,2026-09-10,JPM,2021_2026
JPM|2021_2026,intraday,1428,5.279833639758914,13.305180772192463,12.005635754774179,19.855653292073765,0.6700953414362749,1.5951459737223805,0.11067959683526762,0.5245098039215687,2021-01-04,2026-09-10,JPM,2021_2026
JPM|2021_2026,total,1428,9.32573571139164,23.500853992706933,22.872689975678394,24.082204433636377,0.9758597497778296,2.3230108531113682,0.020178569408678015,0.5392156862745098,2021-01-04,2026-09-10,JPM,2021_2026
KO|2021_2026,overnight,1428,4.859273449073696,12.245369091665715,12.550128207331015,9.184965402385817,1.3331970840614111,3.173643852322198,0.001505382834327218,0.5364145658263305,2021-01-04,2026-09-10,KO,2021_2026
KO|2021_2026,intraday,1428,0.17412495711004253,0.4387948919173072,-0.6205130237572432,14.556018508683227,0.03014525515033861,0.07176006070543531,0.9427928577790203,0.5091036414565826,2021-01-04,2026-09-10,KO,2021_2026
KO|2021_2026,total,1428,4.9838257439979845,12.559240874874922,11.851740003548999,16.4717586972281,0.7624711547643311,1.815044393525963,0.069517087508002,0.5280112044817927,2021-01-04,2026-09-10,KO,2021_2026
MCD|2021_2026,overnight,1428,3.2668004837902425,8.232337219151411,8.135455436719932,9.026941578219153,0.9119741329682449,2.1709326664250472,0.029936262593472707,0.5581232492997199,2021-01-04,2026-09-10,MCD,2021_2026
MCD|2021_2026,intraday,1428,-0.522736964559472,-1.3172971506898694,-2.5215902903624423,15.729116230533776,-0.08374896156801852,-0.19936240500093003,0.841979266615472,0.49299719887955185,2021-01-04,2026-09-10,MCD,2021_2026
MCD|2021_2026,total,1428,2.69571695530772,6.793206727375455,5.408722291988275,17.465726370540906,0.38894498764353835,0.9258742639656041,0.3545113273852665,0.5091036414565826,2021-01-04,2026-09-10,MCD,2021_2026
MDY|2021_2026,overnight,1428,2.9253897197028196,7.371982093651106,6.964155875794564,11.296137977637729,0.6526108399388327,1.553524535038136,0.12029787242047885,0.5483193277310925,2021-01-04,2026-09-10,MDY,2021_2026
MDY|2021_2026,intraday,1428,1.6041759809647664,4.0425234720312115,2.7501050831190708,16.342944665884914,0.24735588075934556,0.5888247729406818,0.5559788257937053,0.5140056022408963,2021-01-04,2026-09-10,MDY,2021_2026
MDY|2021_2026,total,1428,4.504787885854289,11.352065472352809,9.90578256365021,19.53655926294709,0.5810677980478919,1.3832180306300033,0.16659802273567892,0.5154061624649859,2021-01-04,2026-09-10,MDY,2021_2026
META|2021_2026,overnight,1428,4.523009034947515,11.397982768067738,6.435596328215268,31.764321039540437,0.35882973081273967,0.8541856135441591,0.3930021531081378,0.523109243697479,2021-01-04,2026-09-10,META,2021_2026
META|2021_2026,intraday,1428,5.378895595601989,13.554816900917013,9.485898500469238,30.038884572221548,0.4512423511707831,1.0741716516045154,0.2827457554417192,0.5084033613445378,2021-01-04,2026-09-10,META,2021_2026
META|2021_2026,total,1428,9.830257358789403,24.772248544149296,16.531968964279066,43.31597471256781,0.5718963663759323,1.3613856563391467,0.17339184657323536,0.5147058823529411,2021-01-04,2026-09-10,META,2021_2026
MMM|2021_2026,overnight,1428,4.216515735389762,10.6256196531822,10.062671848134766,14.456260526143815,0.7350185501960214,1.7496941232920722,0.08017110830010488,0.5175070028011205,2021-01-04,2026-09-10,MMM,2021_2026
MMM|2021_2026,intraday,1428,-0.6730017104531919,-1.6959643103420436,-4.092284063168552,22.33536216799037,-0.07593180256430283,-0.18075384448773837,0.8565607930151107,0.49159663865546216,2021-01-04,2026-09-10,MMM,2021_2026
MMM|2021_2026,total,1428,3.637516448220287,9.166541449515123,5.558594668596061,27.63414508800993,0.33171069415468757,0.7896293937626561,0.4297442368535276,0.5042016806722689,2021-01-04,2026-09-10,MMM,2021_2026
MRK|2021_2026,overnight,1428,4.462029903309227,11.244315356339252,10.871871758165486,13.53382324819314,0.8308306640431738,1.9777725745010186,0.0479543687352717,0.5413165266106442,2021-01-04,2026-09-10,MRK,2021_2026
MRK|2021_2026,intraday,1428,2.2631455034009984,5.703126668570516,3.698430173169035,20.36852356235855,0.2799970577695681,0.6665263160879827,0.5050747487136031,0.5007002801120448,2021-01-04,2026-09-10,MRK,2021_2026
MRK|2021_2026,total,1428,6.691129423087032,16.86164614617932,14.972390516826769,24.12734373828302,0.6988604435317443,1.663620613007221,0.0961882699383163,0.5175070028011205,2021-01-04,2026-09-10,MRK,2021_2026
MSFT|2021_2026,overnight,1428,3.883332970315499,9.785999085195057,8.57660818245,17.7190126383596,0.5522880583091583,1.3147085467845847,0.1886078730598295,0.5350140056022409,2021-01-04,2026-09-10,MSFT,2021_2026
MSFT|2021_2026,intraday,1428,3.5557320452151506,8.960444753942179,6.863109419651052,21.594879403972513,0.41493377139646587,0.9877399436710738,0.3232800267477529,0.5238095238095238,2021-01-04,2026-09-10,MSFT,2021_2026
MSFT|2021_2026,total,1428,7.376461151482649,18.58868210173627,16.028339606157445,27.35441930277255,0.6795495051818626,1.6176513849693268,0.10573774847735073,0.5189075630252101,2021-01-04,2026-09-10,MSFT,2021_2026
NFLX|2021_2026,overnight,1428,2.5585466885077195,6.4475376550394525,2.3997743201355326,27.78630195938993,0.23204014929595954,0.552366039581831,0.5806975930777021,0.5084033613445378,2021-01-04,2026-09-10,NFLX,2021_2026
NFLX|2021_2026,intraday,1428,3.366957625031629,8.484733215079705,3.7049013013097687,31.214568645249248,0.27181965291617294,0.6470601989240693,0.5175929833326309,0.5049019607843137,2021-01-04,2026-09-10,NFLX,2021_2026
NFLX|2021_2026,total,1428,6.1176257788321315,15.416416962656971,6.193584891460436,42.61563393099219,0.36175496034203997,0.8611490526510118,0.3891559557428734,0.5035014005602241,2021-01-04,2026-09-10,NFLX,2021_2026
NKE|2021_2026,overnight,1428,-2.814992340356197,-7.093780697697618,-9.760572904396852,25.00166030664585,-0.2837323845973531,-0.6754181724872637,0.4994101230904402,0.5147058823529411,2021-01-04,2026-09-10,NKE,2021_2026
NKE|2021_2026,intraday,1428,-3.5292410151074134,-8.893687358070682,-11.185481969390244,24.37746420578156,-0.3648323419940201,-0.8684746862559876,0.38513452418159777,0.49369747899159666,2021-01-04,2026-09-10,NKE,2021_2026
NKE|2021_2026,total,1428,-6.321137266341976,-15.929265911181778,-19.854287751456596,35.00489499793754,-0.4550582400581496,-1.0832552840646488,0.2786951271601874,0.47549019607843135,2021-01-04,2026-09-10,NKE,2021_2026
NVDA|2021_2026,overnight,1428,17.186393342240457,43.30971122244595,47.07945189270439,30.937544600826918,1.3999078395280389,3.332447214181846,0.0008608579926185911,0.5595238095238095,2021-01-04,2026-09-10,NVDA,2021_2026
NVDA|2021_2026,intraday,1428,7.805730691252669,19.670441341956728,11.87570698897506,41.159724969422726,0.4779050724116783,1.137641623421863,0.2552701586224222,0.5217086834733894,2021-01-04,2026-09-10,NVDA,2021_2026
NVDA|2021_2026,total,1428,24.846780474026474,62.613886794546715,64.54617664047251,50.79278409508341,1.2327319305304147,2.9344889511541377,0.0033409744779886452,0.5329131652661064,2021-01-04,2026-09-10,NVDA,2021_2026
ORCL|2021_2026,overnight,1428,10.532309271854611,26.541419365073622,24.978696720308637,29.73282215114533,0.8926639802354323,2.124965308529843,0.033589507728227996,0.5315126050420168,2021-01-04,2026-09-10,ORCL,2021_2026
ORCL|2021_2026,intraday,1428,-0.5112346100787001,-1.2883112173983242,-5.554810518198668,29.794145951153123,-0.043240414392494535,-0.10293277486817796,0.9180163252649487,0.5049019607843137,2021-01-04,2026-09-10,ORCL,2021_2026
ORCL|2021_2026,total,1428,9.952554733385517,25.080437928131506,18.03636692938133,41.82109656024326,0.599707802783295,1.4275901172051975,0.15340986984013028,0.5224089635854342,2021-01-04,2026-09-10,ORCL,2021_2026
PEP|2021_2026,overnight,1428,3.7650334548532087,9.487884306230086,9.452817351481887,9.546082104897287,0.9939034885696884,2.3659635428331622,0.017983215179594003,0.5245098039215687,2021-01-04,2026-09-10,PEP,2021_2026
PEP|2021_2026,intraday,1428,-2.3232557456637983,-5.854604479072773,-6.970740990877272,16.544882115841457,-0.353861963964499,-0.8423599630786929,0.3995864963326441,0.5007002801120448,2021-01-04,2026-09-10,PEP,2021_2026
PEP|2021_2026,total,1428,1.391092395394552,3.505552836394271,1.8231449466920908,18.437180682190828,0.19013497219672085,0.4526117652352889,0.6508283253786706,0.5070028011204482,2021-01-04,2026-09-10,PEP,2021_2026
PFE|2021_2026,overnight,1428,1.0020209509079137,2.525092796287942,1.7654335455204246,12.456762913959436,0.2027085859889205,0.48254295289699994,0.6294202931471311,0.538515406162465,2021-01-04,2026-09-10,PFE,2021_2026
PFE|2021_2026,intraday,1428,0.26657028388762044,0.6717571153968035,-1.5944656845261533,21.386288181668604,0.031410645442092405,0.07477229210634619,0.9403958877823593,0.47478991596638653,2021-01-04,2026-09-10,PFE,2021_2026
PFE|2021_2026,total,1428,1.2655131393410461,3.1890931111394365,0.1428186289279009,24.746700186371957,0.12886942853478603,0.306770600169464,0.759017987616412,0.48249299719887956,2021-01-04,2026-09-10,PFE,2021_2026
PG|2021_2026,overnight,1428,-0.7785540695058597,-1.9619562551547665,-2.3663639874836475,9.301865387063746,-0.21092073186559882,-0.502091770238017,0.615602968943447,0.49719887955182074,2021-01-04,2026-09-10,PG,2021_2026
PG|2021_2026,intraday,1428,2.6514521670696447,6.681659461015505,5.622515181824186,15.552295032888978,0.42962530268912524,1.0227127834151486,0.3064436654283045,0.5182072829131653,2021-01-04,2026-09-10,PG,2021_2026
PG|2021_2026,total,1428,1.8468787393149595,4.654134423073698,3.1231020198869377,17.750246989292048,0.26220110773001276,0.6241634815795131,0.5325202269703435,0.5301120448179272,2021-01-04,2026-09-10,PG,2021_2026
QQQ|2021_2026,overnight,1428,4.179653910946465,10.532727855585094,10.128842676953306,13.286816824288836,0.7927201823337282,1.887051481999253,0.05915340155238047,0.5518207282913166,2021-01-04,2026-09-10,QQQ,2021_2026
QQQ|2021_2026,intraday,1428,2.783810716675494,7.0152030060222454,5.4461625181279585,18.545223023457797,0.3782754727267899,0.9004757382505277,0.36786713103279567,0.5364145658263305,2021-01-04,2026-09-10,QQQ,2021_2026
QQQ|2021_2026,total,1428,6.934038634168379,17.473777358104314,16.12663842847357,22.466089030628957,0.777784568301211,1.8514976091160653,0.06409799838482488,0.5455182072829131,2021-01-04,2026-09-10,QQQ,2021_2026
RSP|2021_2026,overnight,1428,3.976345379964108,10.020390357509552,10.101458616310941,8.895517372062173,1.1264539136284786,2.681496667409923,0.007329364446302833,0.5714285714285714,2021-01-04,2026-09-10,RSP,2021_2026
RSP|2021_2026,intraday,1428,0.760316526728329,1.915997647355389,1.0473373219502455,13.249060473502055,0.14461385025657925,0.34424982046112457,0.7306584179820435,0.5140056022408963,2021-01-04,2026-09-10,RSP,2021_2026
RSP|2021_2026,total,1428,4.7309732609983755,11.922052617715908,11.254592284411284,15.850798878193494,0.7521420661085731,1.7904562444035732,0.07338059539200614,0.5322128851540616,2021-01-04,2026-09-10,RSP,2021_2026
SPY|2021_2026,overnight,1428,3.2765091267836035,8.256802999494681,8.070208092645496,9.943531822316789,0.8303692437493394,1.97667417449972,0.04807847181555913,0.5623249299719888,2021-01-04,2026-09-10,SPY,2021_2026
SPY|2021_2026,intraday,1428,2.7672147293050666,6.973381117848768,6.199934005003375,13.885162481710694,0.5022181862858279,1.1955184109576134,0.23188454737563124,0.5357142857142857,2021-01-04,2026-09-10,SPY,2021_2026
SPY|2021_2026,total,1428,6.020247929361105,15.171024781989983,14.770489673459322,16.700502672104477,0.9084172542501227,2.1624656014935546,0.03058230575647114,0.5434173669467787,2021-01-04,2026-09-10,SPY,2021_2026
TSLA|2021_2026,overnight,1428,8.037400429244254,20.254249081695523,15.666382504608837,33.85233000637883,0.59831181717415,1.424267006766869,0.15436919443819463,0.5483193277310925,2021-01-04,2026-09-10,TSLA,2021_2026
TSLA|2021_2026,intraday,1428,1.914858800482646,4.8254441772162675,-6.63960581880844,48.41292684339744,0.0996726389384649,0.23726833908768008,0.8124486226063525,0.4992997198879552,2021-01-04,2026-09-10,TSLA,2021_2026
TSLA|2021_2026,total,1428,9.969052125191837,25.122011355483426,7.98659064142748,59.22916966053522,0.42414930851584076,1.0096773099272724,0.31264991675848863,0.5147058823529411,2021-01-04,2026-09-10,TSLA,2021_2026
TXN|2021_2026,overnight,1428,4.17925690302461,10.531727395622019,8.700826923929505,20.900816367725085,0.5038907194019967,1.1994998361387759,0.23033364843509707,0.5259103641456583,2021-01-04,2026-09-10,TXN,2021_2026
TXN|2021_2026,intraday,1428,2.2894203729034754,5.769339339716758,2.5278786110509577,25.68379394871321,0.224629560229197,0.5347253091039552,0.5928398177677423,0.507703081232493,2021-01-04,2026-09-10,TXN,2021_2026
TXN|2021_2026,total,1428,6.4466961572036,16.24567431615307,11.448651877775031,33.00931093811972,0.49215429993700016,1.1715615695998993,0.24137312491598428,0.5098039215686274,2021-01-04,2026-09-10,TXN,2021_2026
UNH|2021_2026,overnight,1428,1.5018650479092468,3.784699920731302,1.365359911366922,21.69465948835629,0.17445306863482152,0.4152813679317505,0.6779359392198128,0.5497198879551821,2021-01-04,2026-09-10,UNH,2021_2026
UNH|2021_2026,intraday,1428,1.8172036450795455,4.579353185600454,2.1391418138520817,22.184932102535242,0.20641727296867124,0.4913713937735861,0.6231637929588874,0.5119047619047619,2021-01-04,2026-09-10,UNH,2021_2026
UNH|2021_2026,total,1428,3.319176710457466,8.364325310352813,3.5337087099926596,30.759942794815753,0.2719226549329775,0.6473053927677378,0.5174343120025116,0.523109243697479,2021-01-04,2026-09-10,UNH,2021_2026
VZ|2021_2026,overnight,1428,2.5170853937089026,6.3430551921464335,5.893457764906614,11.092273495858107,0.5718444640330004,1.3612621040500394,0.1734308742772992,0.5490196078431373,2021-01-04,2026-09-10,VZ,2021_2026
VZ|2021_2026,intraday,1428,-0.3193631238672829,-0.8047950721455529,-2.4013553620170853,18.02058150197918,-0.044659772608179334,-0.10631152323877038,0.9153351891820736,0.4887955182072829,2021-01-04,2026-09-10,VZ,2021_2026
VZ|2021_2026,total,1428,2.2240556543717958,5.604620249016925,3.3505795388437947,21.520791355965102,0.2604281671762709,0.6199430388886435,0.5352952889686431,0.5028011204481793,2021-01-04,2026-09-10,VZ,2021_2026
WFC|2021_2026,overnight,1428,5.829563821096727,14.690500829163753,13.966081935973484,18.05284208635688,0.813750032204948,1.9371125379053589,0.052731588327107115,0.5406162464985994,2021-01-04,2026-09-10,WFC,2021_2026
WFC|2021_2026,intraday,1428,4.541958764450598,11.445736086415506,8.78534103565247,24.611930791313956,0.46504828018023425,1.1070363362413618,0.2682782186098338,0.5140056022408963,2021-01-04,2026-09-10,WFC,2021_2026
WFC|2021_2026,total,1428,10.356212064135915,26.097654401622506,23.978390899019974,30.336087324123255,0.860284127045931,2.047885840503327,0.040571186595369735,0.5238095238095238,2021-01-04,2026-09-10,WFC,2021_2026
WMT|2021_2026,overnight,1428,0.07362566953417551,0.1855366872261223,-0.6764230835075734,13.103100799014559,0.014159754249931123,0.03370695718054619,0.9731108310987602,0.523109243697479,2021-01-04,2026-09-10,WMT,2021_2026
WMT|2021_2026,intraday,1428,6.926615587165543,17.455071279657165,17.242255583418363,17.595715190594554,0.9920069227414774,2.3614488131257656,0.018203684752448712,0.5203081232492998,2021-01-04,2026-09-10,WMT,2021_2026
WMT|2021_2026,total,1428,6.993624101395154,17.623932735515787,16.4492019030271,21.801739583822915,0.8083727753813233,1.9243121063227557,0.054315474010932174,0.538515406162465,2021-01-04,2026-09-10,WMT,2021_2026
XLF|2021_2026,overnight,1428,3.0807740139313875,7.763550515107097,7.389922190745009,11.256329060592357,0.6897053624957322,1.641827161015158,0.10062582847455559,0.5329131652661064,2021-01-04,2026-09-10,XLF,2021_2026
XLF|2021_2026,intraday,1428,2.8870920116417755,7.275471869337275,6.3354909694985455,15.071281294048486,0.4827374479574138,1.1491449781217666,0.2504962044537806,0.5427170868347339,2021-01-04,2026-09-10,XLF,2021_2026
XLF|2021_2026,total,1428,5.94461105538452,14.980419859568991,14.193601013291183,18.467762522688876,0.8111659352974975,1.9309611568663663,0.05348785616728913,0.5273109243697479,2021-01-04,2026-09-10,XLF,2021_2026
XLK|2021_2026,overnight,1428,4.526711123016465,11.407312030001492,10.784506755569975,15.251663802721454,0.7479388594945302,1.7804506113353846,0.07500224521981447,0.5469187675070029,2021-01-04,2026-09-10,XLK,2021_2026
XLK|2021_2026,intraday,1428,4.3879493476805065,11.057632356154876,9.381092646877464,20.49393118659263,0.5395564304123803,1.2844012103166915,0.19900160969795655,0.5294117647058824,2021-01-04,2026-09-10,XLK,2021_2026
XLK|2021_2026,total,1428,8.881523042364067,22.38143806675745,21.177303972696333,25.20015350308003,0.8881468941854633,2.114212492952702,0.03449712232250124,0.5497198879551821,2021-01-04,2026-09-10,XLK,2021_2026
XOM|2021_2026,overnight,1428,5.51216510919147,13.890656075162502,13.32960392282063,16.546682711231846,0.8394828327573817,1.9983688557090826,0.04567668554446813,0.5476190476190477,2021-01-04,2026-09-10,XOM,2021_2026
XOM|2021_2026,intraday,1428,7.269141963092874,18.318237746994043,17.232597247724748,21.977177884882096,0.8335118295418176,1.984155025005566,0.047238560561799314,0.523109243697479,2021-01-04,2026-09-10,XOM,2021_2026
XOM|2021_2026,total,1428,12.749379296864445,32.128435828098404,32.85923812928193,27.19851203132157,1.181257114032546,2.811954378523503,0.004924148692066588,0.5371148459383753,2021-01-04,2026-09-10,XOM,2021_2026
AAPL|last3y,overnight,753,-2.108371314422647,-5.313095712345071,-6.664389519707957,17.70182444611582,-0.3001439613480567,-0.5188320879510199,0.603877839350232,0.5112881806108898,2023-09-11,2026-09-10,AAPL,last3y
AAPL|last3y,intraday,753,11.985067431853857,30.202369928271715,31.813666223385063,22.834424290454926,1.3226683337445335,2.2863787436575587,0.022232110777064662,0.5391766268260292,2023-09-11,2026-09-10,AAPL,last3y
AAPL|last3y,total,753,9.646455464941662,24.309067771652984,23.02909006605104,26.83778115296199,0.9057778522413384,1.5657373621227,0.11741011563651993,0.5405046480743692,2023-09-11,2026-09-10,AAPL,last3y
ADBE|last3y,overnight,753,-9.419776465721329,-23.73783669361775,-23.391095539790534,23.927476747036856,-0.9920743814559307,-1.714910473033342,0.08636164221206966,0.49933598937583,2023-09-11,2026-09-10,ADBE,last3y
ADBE|last3y,intraday,753,1.1921173292973946,3.0041356698294344,-0.5210763221538504,26.570995840435025,0.11306071055334034,0.19543796336316088,0.8450500991155636,0.5126162018592297,2023-09-11,2026-09-10,ADBE,last3y
ADBE|last3y,total,753,-8.138823476628694,-20.509835161104306,-23.790286401594166,36.22385444617006,-0.5661969294731641,-0.9787341174236156,0.327711369908235,0.49269588313413015,2023-09-11,2026-09-10,ADBE,last3y
AMD|last3y,overnight,753,21.943068059615108,55.296531510230075,60.28747118697222,41.32667864314024,1.3380347350853146,2.312941270706655,0.020725868329507735,0.5551128818061088,2023-09-11,2026-09-10,AMD,last3y
AMD|last3y,intraday,753,5.690895785374997,14.341057379144996,5.067679858904666,43.565773927098704,0.3291817426024101,0.5690271097332188,0.569337742471679,0.5073041168658698,2023-09-11,2026-09-10,AMD,last3y
AMD|last3y,total,753,27.31952370579506,68.84519973860355,68.41032708066183,58.30284744626114,1.1808205388606363,2.041179115917865,0.041233026738867196,0.5152722443559097,2023-09-11,2026-09-10,AMD,last3y
AMGN|last3y,overnight,753,1.7805584587529688,4.487007316057482,3.374359916898031,15.319419054103578,0.29289670190564815,0.5063043971337883,0.6126429766612795,0.5245683930942895,2023-09-11,2026-09-10,AMGN,last3y
AMGN|last3y,intraday,753,6.1262689888845605,15.438197851989093,13.51880966629471,23.506472205664096,0.6567637081785977,1.1352888276489805,0.25625432178681873,0.5099601593625498,2023-09-11,2026-09-10,AMGN,last3y
AMGN|last3y,total,753,7.790473916067614,19.631994268490388,17.349342877814006,26.986961486740324,0.7274621960733261,1.2574989961449765,0.20857300230721965,0.5245683930942895,2023-09-11,2026-09-10,AMGN,last3y
AMZN|last3y,overnight,753,8.806587188772394,22.192599715706432,21.257732079669758,24.225834181169194,0.9160716427654244,1.583531319417575,0.11330041399158297,0.5617529880478087,2023-09-11,2026-09-10,AMZN,last3y
AMZN|last3y,intraday,753,1.4802633434824788,3.730263625575846,0.8105992078447812,24.241015803712276,0.15388231482463674,0.266002628673973,0.7902371845488114,0.5112881806108898,2023-09-11,2026-09-10,AMZN,last3y
AMZN|last3y,total,753,10.028620114738011,25.272122689139785,22.240646295358154,32.358747388170435,0.7809981760412227,1.3500418683803357,0.17700255327405046,0.5152722443559097,2023-09-11,2026-09-10,AMZN,last3y
BA|last3y,overnight,753,6.980909318308241,17.591891482136766,17.31406277101562,17.988640812431527,0.9779444520332757,1.690485324674434,0.09093514350682264,0.545816733067729,2023-09-11,2026-09-10,BA,last3y
BA|last3y,intraday,753,-5.077950996478041,-12.796436511124664,-15.641401010640166,29.123821039531766,-0.43938041281585893,-0.7595177193042971,0.44754291848630157,0.4807436918990704,2023-09-11,2026-09-10,BA,last3y
BA|last3y,total,753,1.9369348636267452,4.881075856339398,-1.0355002288730142,34.4751323064841,0.14158251266294233,0.24474105803208987,0.806656934884667,0.50199203187251,2023-09-11,2026-09-10,BA,last3y
BAC|last3y,overnight,753,4.35342922359809,10.970641643467188,10.354442899659883,14.924571355792368,0.7350724775897418,1.270654210833698,0.2038516920256277,0.5391766268260292,2023-09-11,2026-09-10,BAC,last3y
BAC|last3y,intraday,753,8.342437218405376,21.022941790381548,20.96072206973246,19.974721330367736,1.0524773508814964,1.8193236972899718,0.0688620600994474,0.5219123505976095,2023-09-11,2026-09-10,BAC,last3y
BAC|last3y,total,753,12.656155875540247,31.893512806361418,33.48553096745913,24.446146838036682,1.30464375501243,2.2552212625074706,0.024119443957611786,0.5378486055776892,2023-09-11,2026-09-10,BAC,last3y
C|last3y,overnight,753,6.172767248691247,15.55537346670194,15.10432704285472,17.192160463974012,0.9047945718804835,1.5640376530885012,0.11780872612673265,0.5697211155378487,2023-09-11,2026-09-10,C,last3y
C|last3y,intraday,753,13.156592706429013,33.15461362020111,35.09421204749801,24.800303082196866,1.3368632435787235,2.310916217856511,0.020837483079376717,0.5564409030544488,2023-09-11,2026-09-10,C,last3y
C|last3y,total,753,19.20952393005701,48.40800030374366,55.49928365112,29.028457832615707,1.66760496140975,2.8826399175906734,0.003943579535679698,0.549800796812749,2023-09-11,2026-09-10,C,last3y
CAT|last3y,overnight,753,12.355202844371991,31.13511116781742,33.46100701879581,21.27519589934994,1.463446509029266,2.52972941542474,0.01141505208454685,0.5763612217795485,2023-09-11,2026-09-10,CAT,last3y
CAT|last3y,intraday,753,4.281043524045712,10.788229680595194,7.914754769041478,25.238017977218615,0.4274594657287793,0.7389110416294767,0.4599610170990638,0.50066401062417,2023-09-11,2026-09-10,CAT,last3y
CAT|last3y,total,753,16.556226288382828,41.72169024672473,44.024118436626885,32.39410635033957,1.287940769086454,2.2263483009324045,0.0259908605203365,0.5418326693227091,2023-09-11,2026-09-10,CAT,last3y
COST|last3y,overnight,753,3.6611527211188117,9.226104857219406,9.151402535744717,9.666555025777077,0.954435663234404,1.6498477788682935,0.09897407374245937,0.547144754316069,2023-09-11,2026-09-10,COST,last3y
COST|last3y,intraday,753,4.250623705175271,10.711571737041684,9.49522008899963,18.12422380207444,0.5910085780233896,1.0216238006443028,0.3069589884562105,0.5099601593625498,2023-09-11,2026-09-10,COST,last3y
COST|last3y,total,753,7.900749007262813,19.90988749830229,19.515568436743468,20.35118429165356,0.9783159158195892,1.6911274409808412,0.09081246526385156,0.5179282868525896,2023-09-11,2026-09-10,COST,last3y
CRM|last3y,overnight,753,-0.303609350076357,-0.7650955621924196,-3.8991490256315617,25.171903961238023,-0.030394822869600293,-0.052540818550898455,0.9580977717321892,0.5298804780876494,2023-09-11,2026-09-10,CRM,last3y
CRM|last3y,intraday,753,4.432744555473434,11.170516279793054,7.425283503129353,28.40347453933993,0.39327992300102055,0.6798279155222355,0.496613428732422,0.5205843293492696,2023-09-11,2026-09-10,CRM,last3y
CRM|last3y,total,753,4.207208099229314,10.60216441005787,3.2366116081350196,38.62471809488955,0.27449169684582486,0.4744893069315778,0.6351510214389595,0.50199203187251,2023-09-11,2026-09-10,CRM,last3y
CSCO|last3y,overnight,753,4.627149512593867,11.660416771736545,10.579837222683839,18.003546821807618,0.647673310550804,1.1195750682904708,0.26289488485045887,0.5285524568393094,2023-09-11,2026-09-10,CSCO,last3y
CSCO|last3y,intraday,753,6.386838865279744,16.094833940504955,15.027877274681877,20.46738648574822,0.7863648811103487,1.359318812630442,0.1740455852154963,0.5192563081009296,2023-09-11,2026-09-10,CSCO,last3y
CSCO|last3y,total,753,10.91561650415326,27.507353590466217,27.19763945105167,26.196186658171627,1.0500518243133523,1.8151309059105327,0.06950379468005208,0.5405046480743692,2023-09-11,2026-09-10,CSCO,last3y
CVX|last3y,overnight,753,9.620674156380042,24.244098874077707,26.247562115357038,13.605713443630819,1.7819057394176556,3.0802214749270815,0.0020684671894872775,0.5816733067729084,2023-09-11,2026-09-10,CVX,last3y
CVX|last3y,intraday,753,-3.663297235799549,-9.231509034214863,-10.457988955091825,19.027264926735793,-0.4851726756189424,-0.8386747185503172,0.40165186896648386,0.5073041168658698,2023-09-11,2026-09-10,CVX,last3y
CVX|last3y,total,753,5.927347461943194,14.936915604096848,13.04460601326029,23.05416295815486,0.6479053536321636,1.1199761804629615,0.2627239126377243,0.549800796812749,2023-09-11,2026-09-10,CVX,last3y
DIA|last3y,overnight,753,3.6927160906803858,9.305644548514572,9.352298249144585,8.535567273274216,1.0902198120623514,1.8845657226531454,0.05948849375542142,0.5630810092961488,2023-09-11,2026-09-10,DIA,last3y
DIA|last3y,intraday,753,2.765762280203708,6.969720946113343,6.51539170518517,11.526617210875735,0.6046631738180035,1.045227282168395,0.2959179370397238,0.5272244355909694,2023-09-11,2026-09-10,DIA,last3y
DIA|last3y,total,753,6.424152902782314,16.18886531501143,16.477028818698628,13.681835358559303,1.1832378398621601,2.0453576884941507,0.04081960714056221,0.5577689243027888,2023-09-11,2026-09-10,DIA,last3y
DIS|last3y,overnight,753,-2.6656207341521014,-6.717364250063296,-7.776244600547638,16.670694705591995,-0.40294447044309634,-0.6965341564406031,0.48609437436892344,0.47277556440903057,2023-09-11,2026-09-10,DIS,last3y
DIS|last3y,intraday,753,7.9441891026446045,20.019356538664404,19.525625677461626,20.952116473255945,0.9554813502596672,1.6516553647355015,0.09860482668025705,0.5258964143426295,2023-09-11,2026-09-10,DIS,last3y
DIS|last3y,total,753,5.363596691460212,13.516263662479734,10.23102066444723,27.558355268860225,0.49045973646157837,0.8478139889317323,0.39654157118381805,0.4900398406374502,2023-09-11,2026-09-10,DIS,last3y
GOOGL|last3y,overnight,753,4.379119938019703,11.03538224380965,9.071905561946842,21.74156550016303,0.5075707286914046,0.8773922346030473,0.38027362953100363,0.5272244355909694,2023-09-11,2026-09-10,GOOGL,last3y
GOOGL|last3y,intraday,753,9.633372243055444,24.27609805249972,23.946689302392564,23.687291683950935,1.0248574795466265,1.7715796898835015,0.07646435358270165,0.549800796812749,2023-09-11,2026-09-10,GOOGL,last3y
GOOGL|last3y,total,753,13.821552721161625,34.83031285732729,35.19101590306542,30.596239299525053,1.1383854243115419,1.9678253193428408,0.049088139885451465,0.5405046480743692,2023-09-11,2026-09-10,GOOGL,last3y
HD|last3y,overnight,753,2.2189887379256996,5.591851619572763,4.819007789301796,13.320828328896974,0.4197825751903368,0.725640685867054,0.4680590722787441,0.49933598937583,2023-09-11,2026-09-10,HD,last3y
HD|last3y,intraday,753,-1.0574244851388415,-2.6647097025498807,-4.4571833661068485,19.504369514695814,-0.13662116586450648,-0.2361648204595586,0.8133047766661843,0.49667994687915007,2023-09-11,2026-09-10,HD,last3y
HD|last3y,total,753,1.0957360450309164,2.7612548334779095,0.14703240959885286,22.905933391401657,0.12054757980368612,0.2083798462780354,0.8349323912794797,0.4860557768924303,2023-09-11,2026-09-10,HD,last3y
IBM|last3y,overnight,753,-2.1589248950832953,-5.440490735609903,-7.915395023140722,23.071163819675924,-0.23581344999033194,-0.4076296723609211,0.6835455765186651,0.5166002656042497,2023-09-11,2026-09-10,IBM,last3y
IBM|last3y,intraday,753,11.909610756666046,30.012219106798437,30.665587074483604,25.514096177843758,1.1762995207669091,2.0333640352922293,0.042015758053026486,0.5285524568393094,2023-09-11,2026-09-10,IBM,last3y
IBM|last3y,total,753,9.845943734210179,24.811778210209653,20.322889698232174,34.9624644696288,0.709669028959991,1.2267415356143356,0.2199197510657238,0.5577689243027888,2023-09-11,2026-09-10,IBM,last3y
INTC|last3y,overnight,753,16.936989352939605,42.681213169407805,39.71370433697185,43.22214268440242,0.9874848982165381,1.7069770428186692,0.08782631949596076,0.5192563081009296,2023-09-11,2026-09-10,INTC,last3y
INTC|last3y,intraday,753,3.939716700368293,9.928086084928099,-0.4071766699528284,45.72069892229103,0.21714641986996575,0.3753616428137164,0.7073915274521803,0.48738379814077026,2023-09-11,2026-09-10,INTC,last3y
INTC|last3y,total,753,21.092803093125635,53.1538637946766,39.14482272818476,63.71643733980981,0.834225295918519,1.442050841732735,0.14928803139358782,0.49800796812749004,2023-09-11,2026-09-10,INTC,last3y
IWM|last3y,overnight,753,7.158908882199345,18.04045038314235,18.604461784885583,13.944283336985434,1.2937524250738908,2.2363943921376785,0.0253259481622663,0.5524568393094289,2023-09-11,2026-09-10,IWM,last3y
IWM|last3y,intraday,753,0.23620881093100116,0.5952462035461229,-0.9011950244637381,17.36975644356146,0.03426911629303622,0.05923796393802548,0.952762571870946,0.4940239043824701,2023-09-11,2026-09-10,IWM,last3y
IWM|last3y,total,753,7.298137313799817,18.39130603077554,17.535604276488282,21.15500636638368,0.8693595129330809,1.5027842281061183,0.13289469432831513,0.5338645418326693,2023-09-11,2026-09-10,IWM,last3y
JNJ|last3y,overnight,753,0.14473875446304885,0.3647416612468831,-0.07922357907965463,9.409775355004738,0.03876199457332311,0.0670044017787251,0.9465781989651803,0.5192563081009296,2023-09-11,2026-09-10,JNJ,last3y
JNJ|last3y,intraday,753,8.370522734979616,21.093717292148632,21.98280153643741,15.61526034310342,1.3508399366178234,2.335076480150502,0.019539425759162565,0.5604249667994687,2023-09-11,2026-09-10,JNJ,last3y
JNJ|last3y,total,753,8.496691975874166,21.4116637792029,21.886162395198657,17.9670549552497,1.1917180546579638,2.0600166792298586,0.039396946325953586,0.545816733067729,2023-09-11,2026-09-10,JNJ,last3y
JPM|last3y,overnight,753,4.989160214909666,12.57268374157236,12.48573092020346,12.690273896646703,0.9907338363196861,1.7125931922561226,0.08678740659742368,0.5630810092961488,2023-09-11,2026-09-10,JPM,last3y
JPM|last3y,intraday,753,8.94305759259133,22.536505133330152,22.805593274885585,19.962842835246548,1.128922634883421,1.9514678395028933,0.05100141831967364,0.5444887118193891,2023-09-11,2026-09-10,JPM,last3y
JPM|last3y,total,753,13.8792266113282,34.975651060547065,38.13876920614738,23.024405577511384,1.5190685788956402,2.6258783251523057,0.008642570538977434,0.5710491367861886,2023-09-11,2026-09-10,JPM,last3y
KO|last3y,overnight,753,5.288745488777881,13.327638631720259,13.702593099649157,9.860390150060082,1.351634005236502,2.3364491157269605,0.019467846667015287,0.5365205843293492,2023-09-11,2026-09-10,KO,last3y
KO|last3y,intraday,753,1.9181648939611802,4.833775532782174,3.8836253387979505,14.31346998012758,0.33770815459097286,0.5837659574344612,0.5593777847185972,0.5139442231075697,2023-09-11,2026-09-10,KO,last3y
KO|last3y,total,753,7.153080475333091,18.02576279783939,18.11837581613732,16.576785918511806,1.0874100013386472,1.879708653538781,0.06014779557182237,0.5232403718459495,2023-09-11,2026-09-10,KO,last3y
MCD|last3y,overnight,753,2.6156231110921953,6.591370239952332,6.312360293155271,9.650327853044349,0.6830203429692786,1.1806763296657838,0.23773132818611264,0.545816733067729,2023-09-11,2026-09-10,MCD,last3y
MCD|last3y,intraday,753,-2.251866805685745,-5.674704350328077,-6.753249511805034,16.22665632416561,-0.3497149527889491,-0.6045210382652849,0.5454972863136545,0.48871181938911024,2023-09-11,2026-09-10,MCD,last3y
MCD|last3y,total,753,0.3090299956127607,0.7787555889441568,-0.8671786593307045,18.163222329070962,0.042875409155661084,0.07411489457950389,0.9409189636962358,0.5059760956175299,2023-09-11,2026-09-10,MCD,last3y
MDY|last3y,overnight,753,4.568477005076866,11.512562052793703,11.48416403038244,11.295064507059921,1.0192559808399357,1.761896878819789,0.07808672206892453,0.5630810092961488,2023-09-11,2026-09-10,MDY,last3y
MDY|last3y,intraday,753,1.3541000144427604,3.4123320363957563,2.3128626773997585,15.07901738966957,0.22629671073484534,0.391178934267664,0.6956649782391313,0.5099601593625498,2023-09-11,2026-09-10,MDY,last3y
MDY|last3y,total,753,5.8589068634883175,14.76444529599056,14.062639651452274,17.943636643161494,0.8228234660345423,1.4223415156526875,0.1549271323205632,0.5205843293492696,2023-09-11,2026-09-10,MDY,last3y
META|last3y,overnight,753,11.926593575170015,30.055015809428436,29.948906436067706,27.812036908642202,1.0806477752116481,1.8680193965405394,0.06175936735830856,0.549800796812749,2023-09-11,2026-09-10,META,last3y
META|last3y,intraday,753,1.4917639799922229,3.7592452295804013,-0.08321113112508126,27.858972910019947,0.13493839998057955,0.2332559732078289,0.8155626439732413,0.50066401062417,2023-09-11,2026-09-10,META,last3y
META|last3y,total,753,13.145357116083257,33.12629993252981,29.840774481137768,37.685020529649236,0.8790309642120857,1.5195024030714435,0.12863608361387646,0.5258964143426295,2023-09-11,2026-09-10,META,last3y
MMM|last3y,overnight,753,5.03862763690389,12.6973416449978,12.171878394070372,15.63574261358755,0.812071543948526,1.4037556271999607,0.16039163145370372,0.49933598937583,2023-09-11,2026-09-10,MMM,last3y
MMM|last3y,intraday,753,5.661755227459483,14.267623173197897,12.25192376658763,23.40311217692192,0.6096464036636703,1.0538413470123285,0.2919555598847623,0.5086321381142098,2023-09-11,2026-09-10,MMM,last3y
MMM|last3y,total,753,10.890166042298937,27.44321842659332,25.915091422461373,30.028822773565196,0.9138959137203335,1.5797703307299795,0.11415947248701519,0.5139442231075697,2023-09-11,2026-09-10,MMM,last3y
MRK|last3y,overnight,753,5.885581391250458,14.831665105951153,14.806405066646317,14.229153619263194,1.0423434522396533,1.8018061308268094,0.07157591282836417,0.5537848605577689,2023-09-11,2026-09-10,MRK,last3y
MRK|last3y,intraday,753,0.5259433806536243,1.3253773192471332,-1.2396936357867163,22.714488606317957,0.05834942367482948,0.10086344292912243,0.9196588633837786,0.48738379814077026,2023-09-11,2026-09-10,MRK,last3y
MRK|last3y,total,753,6.354539507862605,16.013439559813765,13.38315736955964,26.32512586813463,0.6082948905933745,1.051505106946044,0.29302666511232456,0.5073041168658698,2023-09-11,2026-09-10,MRK,last3y
MSFT|last3y,overnight,753,4.639005525656427,11.690293924654197,10.572340790651728,18.22215659412935,0.6415428307986593,1.1089778548877385,0.26743973538538857,0.5431606905710491,2023-09-11,2026-09-10,MSFT,last3y
MSFT|last3y,intraday,753,2.252732571315422,5.676886079714864,3.7593243997012005,19.994585022146744,0.2839211753295672,0.49078920511389024,0.6235755457958903,0.5258964143426295,2023-09-11,2026-09-10,MSFT,last3y
MSFT|last3y,total,753,6.8038679572244956,17.14574725220573,14.729113777315591,26.230401213316938,0.6536593593353422,1.129922616765241,0.25850883296469584,0.5338645418326693,2023-09-11,2026-09-10,MSFT,last3y
NFLX|last3y,overnight,753,7.954160097808433,20.04448344647725,18.84618916668889,23.81304146429799,0.8417439442386728,1.455047658290344,0.14565606808029297,0.5219123505976095,2023-09-11,2026-09-10,NFLX,last3y
NFLX|last3y,intraday,753,1.7058994956311953,4.298866728990612,0.8201699741030456,26.41550292769263,0.16274029462009243,0.28131462806140967,0.7784690915942645,0.5192563081009296,2023-09-11,2026-09-10,NFLX,last3y
NFLX|last3y,total,753,9.436291046254775,23.779453436562033,19.820929925599735,33.924817294297384,0.7009456596413051,1.2116622253485088,0.2256417045573702,0.50066401062417,2023-09-11,2026-09-10,NFLX,last3y
NKE|last3y,overnight,753,-3.3034611850858,-8.324722186416215,-11.246100780723014,26.395067735288123,-0.3153893094688565,-0.5451853610987755,0.5856260386378833,0.5112881806108898,2023-09-11,2026-09-10,NKE,last3y
NKE|last3y,intraday,753,-6.120441431176725,-15.423512406565349,-16.94654687593817,25.09976715178071,-0.6144882664965728,-1.0622110433136782,0.2881398875614605,0.4860557768924303,2023-09-11,2026-09-10,NKE,last3y
NKE|last3y,total,753,-9.382973222753433,-23.645092521338654,-26.286821916140696,36.557031459893686,-0.6468001250943864,-1.1180656704952032,0.26353894698325764,0.4701195219123506,2023-09-11,2026-09-10,NKE,last3y
NVDA|last3y,overnight,753,23.86800932011739,60.14738348669583,74.87651026338233,28.848730287220754,2.0849230759157393,3.6040205101452036,0.0003133323143407196,0.5909694555112882,2023-09-11,2026-09-10,NVDA,last3y
NVDA|last3y,intraday,753,1.532702597725925,3.862410546269331,-3.299072019964683,37.99900798708613,0.1016450363015256,0.17570470575958894,0.8605259381620454,0.5285524568393094,2023-09-11,2026-09-10,NVDA,last3y
NVDA|last3y,total,753,25.21132407284682,63.53253666357399,69.10720824379257,46.887898594343,1.3549879301103755,2.3422467464283314,0.019168037802528737,0.5418326693227091,2023-09-11,2026-09-10,NVDA,last3y
ORCL|last3y,overnight,753,18.281504566383056,46.0693915072853,48.507455902898315,36.80643594353648,1.2516667350774962,2.1636446146121937,0.03049163470052818,0.5551128818061088,2023-09-11,2026-09-10,ORCL,last3y
ORCL|last3y,intraday,753,-10.2702605610854,-25.88105661393521,-27.35994979230793,34.916033945053776,-0.7412370103277877,-1.2813102885950423,0.2000847004979378,0.4754316069057105,2023-09-11,2026-09-10,ORCL,last3y
ORCL|last3y,total,753,7.973594427891112,20.093457958285605,7.875890530031597,50.892752498804604,0.39481963485385413,0.6824894780333073,0.4949294938198925,0.5232403718459495,2023-09-11,2026-09-10,ORCL,last3y
PEP|last3y,overnight,753,1.8701787359001354,4.712850414468341,4.252428659698018,10.495748299901873,0.44902471741937666,0.7761889682336607,0.4376374187612506,0.5086321381142098,2023-09-11,2026-09-10,PEP,last3y
PEP|last3y,intraday,753,-2.9549859561933407,-7.446564609607218,-8.662436983081657,17.962981606482046,-0.4145505892473933,-0.7165966185511039,0.4736230315487373,0.4820717131474104,2023-09-11,2026-09-10,PEP,last3y
PEP|last3y,total,753,-1.1479267500283972,-2.8927754100715606,-4.778372276280477,20.040588014148955,-0.144345834963985,-0.2495177667577704,0.8029602995396772,0.4820717131474104,2023-09-11,2026-09-10,PEP,last3y
PFE|last3y,overnight,753,4.347294217303946,10.955181427605945,10.859376215429817,11.273824623081454,0.9717360162918327,1.6797533557080246,0.09300531390346878,0.5737051792828686,2023-09-11,2026-09-10,PFE,last3y
PFE|last3y,intraday,753,-3.4557485464069178,-8.708486336945432,-10.431913402837475,21.513440639822914,-0.4047928215083088,-0.6997292360221598,0.4840964147039011,0.46613545816733065,2023-09-11,2026-09-10,PFE,last3y
PFE|last3y,total,753,0.8959250215245973,2.2577310542419853,-0.7053779102895155,24.388999260291193,0.09257169718799807,0.16002043393277668,0.8728649776842023,0.4900398406374502,2023-09-11,2026-09-10,PFE,last3y
PG|last3y,overnight,753,-1.4201840911878532,-3.57886390979339,-4.000231124733452,10.039440422959885,-0.3564804171364612,-0.6162158928864226,0.5377520405219152,0.47808764940239046,2023-09-11,2026-09-10,PG,last3y
PG|last3y,intraday,753,2.2466102114155397,5.661457732767159,4.573071757113549,15.425946086381575,0.3670087851379983,0.6344153433382,0.5258097989047874,0.5152722443559097,2023-09-11,2026-09-10,PG,last3y
PG|last3y,total,753,0.7887195933309553,1.9875733751940072,0.389907192595504,17.871946969395335,0.11121191096849216,0.19224210846572576,0.8475525632084113,0.5232403718459495,2023-09-11,2026-09-10,PG,last3y
QQQ|last3y,overnight,753,7.915764282395099,19.947725991635647,21.042230733270557,12.980989075342547,1.5366876804115377,2.6563348940143174,0.00789951225103147,0.5883134130146083,2023-09-11,2026-09-10,QQQ,last3y
QQQ|last3y,intraday,753,1.731027186112173,4.362188509002676,3.045422348047174,16.591547971458084,0.2629163063330083,0.45447996207706426,0.6494834110477208,0.5325365205843293,2023-09-11,2026-09-10,QQQ,last3y
QQQ|last3y,total,753,9.598028146109746,24.18703092819656,24.728477878596184,20.45783157775096,1.182287127365997,2.0437142766220275,0.04098178199196667,0.5737051792828686,2023-09-11,2026-09-10,QQQ,last3y
RSP|last3y,overnight,753,5.6787683313402875,14.310496194977523,15.021516912845406,7.903195683227489,1.810722746666629,3.1300348643830387,0.001747855574047552,0.5869853917662683,2023-09-11,2026-09-10,RSP,last3y
RSP|last3y,intraday,753,0.2554690529512588,0.6437820134371721,-0.059947227784499936,11.921858320018623,0.05400013958865488,0.09334522356069962,0.9256293056879188,0.5046480743691899,2023-09-11,2026-09-10,RSP,last3y
RSP|last3y,total,753,5.917260353567514,14.911496090990134,14.952564702100576,13.971653114181649,1.0672678436207752,1.8448907025206573,0.06505343942605446,0.5391766268260292,2023-09-11,2026-09-10,RSP,last3y
SPY|last3y,overnight,753,5.670672474936062,14.290094636838877,14.829768092292936,9.568936921766925,1.4933837221073645,2.581479204755775,0.00983779181242328,0.5949535192563081,2023-09-11,2026-09-10,SPY,last3y
SPY|last3y,intraday,753,2.3857028431433607,6.011971164721269,5.335057577088813,12.855788289536079,0.4676470263293531,0.8083796922143699,0.4188720388356517,0.5351925630810093,2023-09-11,2026-09-10,SPY,last3y
SPY|last3y,total,753,8.015432823305845,20.19889071473073,20.956002335654357,15.324243372079504,1.3181003606046058,2.2784824960327574,0.022697846221696683,0.5670650730411687,2023-09-11,2026-09-10,SPY,last3y
TSLA|last3y,overnight,753,6.333402379811896,15.96017399712598,10.621928728565113,34.39430351919387,0.46403538854099324,0.8021365761901745,0.422473959300425,0.547144754316069,2023-09-11,2026-09-10,TSLA,last3y
TSLA|last3y,intraday,753,5.0338101660608965,12.68520161847346,2.6742317026629956,45.00444239282898,0.28186554357786525,0.48723581790262077,0.6260912252341726,0.4953519256308101,2023-09-11,2026-09-10,TSLA,last3y
TSLA|last3y,total,753,11.752211006653093,29.615571736765794,13.580215416721522,58.4184624688024,0.5069556863565452,0.8763290657911871,0.3808511682634337,0.5073041168658698,2023-09-11,2026-09-10,TSLA,last3y
TXN|last3y,overnight,753,9.04553454618493,22.794747056386026,22.06979385916748,23.85265532487701,0.95564819706309,1.6519437779189587,0.09854601256636997,0.5391766268260292,2023-09-11,2026-09-10,TXN,last3y
TXN|last3y,intraday,753,0.7144559456882084,1.8004289831342848,-1.9155662588530444,27.50528981040184,0.06545755363949687,0.11315063303093813,0.9099111333560319,0.50066401062417,2023-09-11,2026-09-10,TXN,last3y
TXN|last3y,total,753,9.783732024502532,24.655004701746382,19.731466075749832,36.680942866053265,0.6721475179026436,1.1618814470170982,0.24528362429200534,0.5126162018592297,2023-09-11,2026-09-10,TXN,last3y
UNH|last3y,overnight,753,-1.144265539376115,-2.8835491592278095,-6.560327548624723,27.431979846444072,-0.1051163341242246,-0.18170522860589808,0.8558140624512236,0.5551128818061088,2023-09-11,2026-09-10,UNH,last3y
UNH|last3y,intraday,753,1.7550385075738624,4.422697039086133,1.544604563789261,24.01136960859203,0.1841917854408252,0.3183959063992953,0.7501846430607051,0.5112881806108898,2023-09-11,2026-09-10,UNH,last3y
UNH|last3y,total,753,0.7159293526570344,1.8041419686957267,-5.117054103550965,36.74800377861571,0.04909496525483618,0.08486608631619684,0.9323678536863012,0.5099601593625498,2023-09-11,2026-09-10,UNH,last3y
VZ|last3y,overnight,753,5.065131301208054,12.764130879044297,12.779939504699833,12.116831233169261,1.0534215285678885,1.8209558130194619,0.06861357398025181,0.5670650730411687,2023-09-11,2026-09-10,VZ,last3y
VZ|last3y,intraday,753,3.937842662109348,9.923363508515557,8.48092380894277,18.879879257995082,0.525605242115799,0.908566888969352,0.3635787910461561,0.49269588313413015,2023-09-11,2026-09-10,VZ,last3y
VZ|last3y,total,753,9.039202147037917,22.778789410535552,22.344720245865325,22.91625176624257,0.9940015340593564,1.7182417698035484,0.08575252562789615,0.5192563081009296,2023-09-11,2026-09-10,VZ,last3y
WFC|last3y,overnight,753,7.225273262481943,18.207688621454494,18.27593198700691,16.994970117044524,1.071357495544739,1.8519601189339445,0.06403154992807591,0.5524568393094289,2023-09-11,2026-09-10,WFC,last3y
WFC|last3y,intraday,753,5.687414065528218,14.332283445131107,12.477323663864546,22.71567991140695,0.630942305096225,1.0906536718561346,0.2754253031854521,0.5312084993359893,2023-09-11,2026-09-10,WFC,last3y
WFC|last3y,total,753,12.88999346444962,32.48278353041304,33.03360283747809,28.06418054907794,1.1574463567039832,2.0007742526048875,0.0454167233099918,0.5365205843293492,2023-09-11,2026-09-10,WFC,last3y
WMT|last3y,overnight,753,0.4090528936466964,1.0308132919896749,0.07535863129448395,13.8300189720585,0.07453448141121717,0.12884110825099782,0.8974833769163646,0.5205843293492696,2023-09-11,2026-09-10,WMT,last3y
WMT|last3y,intraday,753,9.842769191443736,24.803778362438216,25.987339789746088,18.44864202610402,1.3444771884750084,2.3240777651031754,0.02012132651288434,0.5325365205843293,2023-09-11,2026-09-10,WMT,last3y
WMT|last3y,total,753,10.251034850532292,25.832607823341373,26.082282124615823,22.995393020146228,1.1233818791750796,1.9418900294411021,0.05215041469451709,0.5431606905710491,2023-09-11,2026-09-10,WMT,last3y
XLF|last3y,overnight,753,3.4435398640306665,8.67772045735728,8.570107417193658,9.539372488033509,0.909674139283573,1.5724725259164334,0.11584100595367319,0.549800796812749,2023-09-11,2026-09-10,XLF,last3y
XLF|last3y,intraday,753,4.442102936215893,11.19409939926405,10.833570236208121,13.511100873943985,0.8285112740777291,1.432173521966115,0.15209416743395088,0.5577689243027888,2023-09-11,2026-09-10,XLF,last3y
XLF|last3y,total,753,7.863525927138616,19.81608533638931,20.33212625976202,16.13371617225846,1.2282406064922973,2.123149956142709,0.033741287954892174,0.5511288180610889,2023-09-11,2026-09-10,XLF,last3y
XLK|last3y,overnight,753,9.503783373274402,23.949534100651494,25.37706645038085,16.26014106269346,1.472898298256479,2.5460678801987857,0.010894400122538173,0.5790172642762285,2023-09-11,2026-09-10,XLK,last3y
XLK|last3y,intraday,753,2.206587816033041,5.560601296403263,3.6338643764653416,20.038332086322395,0.2774982105521035,0.47968639894261117,0.6314504005666157,0.5365205843293492,2023-09-11,2026-09-10,XLK,last3y
XLK|last3y,total,753,11.639873257313251,29.332480608429396,29.933099004378544,25.095834049136357,1.1688187191148103,2.0204326408931097,0.04333853053231995,0.5936254980079682,2023-09-11,2026-09-10,XLK,last3y
XOM|last3y,overnight,753,5.551577152132768,13.989974423374573,13.809982528153569,14.459163288776326,0.9675507596095861,1.6725186758786914,0.09442208828841236,0.547144754316069,2023-09-11,2026-09-10,XOM,last3y
XOM|last3y,intraday,753,1.6875986673025878,4.252748641602522,2.3403788057411927,19.695378410469274,0.21592622152118343,0.37325239479096844,0.7089606037681335,0.5166002656042497,2023-09-11,2026-09-10,XOM,last3y
XOM|last3y,total,753,7.14518940350089,18.00587729682224,16.473567238060134,23.443975105771898,0.7680385777405643,1.32763976701825,0.18429714063586866,0.5245683930942895,2023-09-11,2026-09-10,XOM,last3y
AAPL|pre2015,overnight,6300,11.468946825802188,28.90174600102151,28.19215589264982,27.75689155787645,1.041245772811336,5.20622886405668,1.9271693885158925e-07,0.5582539682539682,1990-01-03,2014-12-31,AAPL,pre2015
AAPL|pre2015,intraday,6300,0.3845196594967103,0.9689895419317098,-6.4547122731462,39.17573383385757,0.024734432443337215,0.12367216221668605,0.9015748537495327,0.48063492063492064,1990-01-03,2014-12-31,AAPL,pre2015
AAPL|pre2015,total,6300,11.674640830269412,29.420094892278918,19.91772107303624,46.920039792958804,0.6270262135773793,3.135131067886897,0.001717773444433579,0.49873015873015875,1990-01-03,2014-12-31,AAPL,pre2015
ADBE|pre2015,overnight,6300,2.741502754004139,6.908586940090429,3.292565861655893,26.41417032928588,0.2615485118012869,1.3077425590064342,0.19096064291032477,0.5096825396825397,1990-01-03,2014-12-31,ADBE,pre2015
ADBE|pre2015,intraday,6300,9.07746362232734,22.875208328264897,14.128651426081035,44.0437370139932,0.5193748278216533,2.596874139108267,0.009407638859795231,0.49126984126984125,1990-01-03,2014-12-31,ADBE,pre2015
ADBE|pre2015,total,6300,11.701027948040329,29.486590429061625,17.886412441304493,51.00597721218978,0.5781006862469191,2.890503431234596,0.0038462533246281794,0.48857142857142855,1990-01-03,2014-12-31,ADBE,pre2015
AMD|pre2015,overnight,6300,14.9719185686452,37.729234792985906,37.192107043396625,34.67447171227377,1.088098330842942,5.440491654214711,5.3133728972198924e-08,0.4884126984126984,1990-01-03,2014-12-31,AMD,pre2015
AMD|pre2015,intraday,6300,-7.767670678645942,-19.574530110187773,-28.366797652029025,52.64478568900019,-0.37182277131536995,-1.8591138565768497,0.06301100159165651,0.4380952380952381,1990-01-03,2014-12-31,AMD,pre2015
AMD|pre2015,total,6300,6.984795737309406,17.601685258019703,-1.724900356158772,61.99771766974005,0.2839086005033821,1.4195430025169105,0.15574076910874468,0.46730158730158733,1990-01-03,2014-12-31,AMD,pre2015
AMGN|pre2015,overnight,6300,7.862262120045756,19.812900542515305,19.49392466878362,19.935169438958614,0.9938666738289987,4.969333369144994,6.71834769594426e-07,0.5246031746031746,1990-01-03,2014-12-31,AMGN,pre2015
AMGN|pre2015,intraday,6300,3.0493530403027616,7.684369661562959,2.4901144123337664,32.344319656505284,0.23758019161232952,1.1879009580616473,0.23487243221454168,0.48603174603174604,1990-01-03,2014-12-31,AMGN,pre2015
AMGN|pre2015,total,6300,10.6816037836159,26.917641534712068,22.469460108824276,36.51661022581991,0.737134179986929,3.685670899934645,0.00022810095452907575,0.4907936507936508,1990-01-03,2014-12-31,AMGN,pre2015
AMZN|pre2015,overnight,4436,4.157366666702505,10.476564000090315,4.163946153596355,36.11101860947515,0.2901209770178395,1.2172355556368741,0.2235146057674342,0.5049594229035167,1997-05-16,2014-12-31,AMZN,pre2015
AMZN|pre2015,intraday,4436,15.990942095044513,40.297174079512175,28.014147526815,56.29985624278242,0.7157598041767331,3.003051664499368,0.0026728705158831634,0.5006762849413886,1997-05-16,2014-12-31,AMZN,pre2015
AMZN|pre2015,total,4436,19.774109807378995,49.83075671459507,33.344587698817016,65.54611389684845,0.7602396809216634,3.189672046247723,0.001424343291666741,0.4950405770964833,1997-05-16,2014-12-31,AMZN,pre2015
BA|pre2015,overnight,6300,2.668160282074586,6.723763910827957,5.997326327054454,13.302749002239459,0.5054416880071962,2.5272084400359813,0.011497324319006186,0.5226984126984127,1990-01-03,2014-12-31,BA,pre2015
BA|pre2015,intraday,6300,2.6829600788468237,6.7610593986939955,3.5639286437708826,25.54520843630647,0.2646703555209497,1.3233517776047485,0.18571842033301067,0.48698412698412696,1990-01-03,2014-12-31,BA,pre2015
BA|pre2015,total,6300,5.545571392397513,13.974839908841735,9.774995401655612,30.453204871900745,0.4588955404735203,2.294477702367602,0.021763074409760108,0.49523809523809526,1990-01-03,2014-12-31,BA,pre2015
BAC|pre2015,overnight,6300,5.751738817972739,14.494381821291302,12.226469343663252,24.422069604196814,0.5934952301831338,2.9674761509156684,0.0030025557508803757,0.5217460317460317,1990-01-03,2014-12-31,BAC,pre2015
BAC|pre2015,intraday,6300,-0.018758951720530274,-0.04727255833573629,-6.5450041551108225,36.62688610859689,-0.0012906518505443106,-0.006453259252721553,0.9948510798128349,0.48984126984126986,1990-01-03,2014-12-31,BAC,pre2015
BAC|pre2015,total,6300,5.6973656348706205,14.357361399873964,4.881242261986297,43.90913528030237,0.3269789147115059,1.6348945735575293,0.10207115023499003,0.4915873015873016,1990-01-03,2014-12-31,BAC,pre2015
C|pre2015,overnight,6299,14.411599218601113,36.3172300308748,38.4756687936265,27.427582212375878,1.3241134325900497,6.620041700259396,3.590971964229084e-11,0.552786156532783,1990-01-03,2014-12-31,C,pre2015
C|pre2015,intraday,6299,-8.548945522003809,-21.5433427154496,-25.328024394438923,38.75237613605363,-0.5559231423594321,-2.7793950986207507,0.00544602403638228,0.45467534529290365,1990-01-03,2014-12-31,C,pre2015
C|pre2015,total,6299,5.538821535243614,13.95783026881391,3.4025176212143555,45.89664335514077,0.3041144024588135,1.5204513271863496,0.12839758280700098,0.4838863311636768,1990-01-03,2014-12-31,C,pre2015
CAT|pre2015,overnight,6300,4.7092739242677295,11.867370289154678,11.390020538868052,14.644970103419713,0.8103376248192925,4.051688124096462,5.0849416795006874e-05,0.5274603174603174,1990-01-03,2014-12-31,CAT,pre2015
CAT|pre2015,intraday,6300,2.10638702969394,5.308095314828728,1.561643744150053,27.43735875188495,0.19346232860202195,0.9673116430101096,0.33338826502960206,0.48365079365079366,1990-01-03,2014-12-31,CAT,pre2015
CAT|pre2015,total,6300,6.994496744619998,17.626131796442397,13.129535826220721,32.53347027712413,0.541784557451167,2.708922787255835,0.006750204700584739,0.4946031746031746,1990-01-03,2014-12-31,CAT,pre2015
COST|pre2015,overnight,6300,-0.28466791584936163,-0.7173631479403912,-2.0177023656274677,15.884100242099489,-0.045162340768857646,-0.2258117038442882,0.8213478738230964,0.5006349206349207,1990-01-03,2014-12-31,COST,pre2015
COST|pre2015,intraday,6300,6.929042845722868,17.46118797122163,13.646908799569903,30.605384211416453,0.5705266710786214,2.852633355393107,0.004335861567707822,0.4819047619047619,1990-01-03,2014-12-31,COST,pre2015
COST|pre2015,total,6300,6.507931353409738,16.39998701059254,11.353852432258487,33.54662759817052,0.48887140630156584,2.4443570315078293,0.014511058181079672,0.48158730158730156,1990-01-03,2014-12-31,COST,pre2015
CRM|pre2015,overnight,2650,-0.5630099150209676,-1.4187849858528385,-4.13533084459796,23.704093186733203,-0.05985400811058697,-0.19409569580013444,0.846100951795959,0.5230188679245283,2004-06-24,2014-12-31,CRM,pre2015
CRM|pre2015,intraday,2650,15.121576271150797,38.10637220330001,33.88027239442644,42.15937633021083,0.903864703899652,2.93106934941512,0.003377973628434283,0.5079245283018868,2004-06-24,2014-12-31,CRM,pre2015
CRM|pre2015,total,2650,14.395672827112891,36.27709552432449,28.34388019526794,47.65481337803107,0.761247247713455,2.4685867978613363,0.013564775043519939,0.5,2004-06-24,2014-12-31,CRM,pre2015
CSCO|pre2015,overnight,6267,10.256031300504697,25.845198877271834,26.152138352963334,22.7790743920773,1.1346026810580574,5.65813600514904,1.530258519899519e-08,0.5484282750917504,1990-02-20,2014-12-31,CSCO,pre2015
CSCO|pre2015,intraday,6267,3.1549591559727226,7.950497073051261,0.8085356887968058,37.85479810028187,0.21002613861496364,1.0473767396808586,0.2949258553166114,0.4944949736716132,1990-02-20,2014-12-31,CSCO,pre2015
CSCO|pre2015,total,6267,13.34210354378318,33.622100930333616,27.172123413727316,43.82896510903532,0.7671205753247967,3.825544060488412,0.00013048359329737025,0.5109302696665071,1990-02-20,2014-12-31,CSCO,pre2015
CVX|pre2015,overnight,6300,3.50271577059113,8.826843741889649,8.556460190664797,11.0767348021482,0.7968813824248809,3.9844069121244043,6.764886850518792e-05,0.5557142857142857,1990-01-03,2014-12-31,CVX,pre2015
CVX|pre2015,intraday,6300,2.0084547180885757,5.061305889583211,2.8199947402213743,21.376505939147602,0.2367695592530981,1.1838477962654903,0.23647331813005645,0.4988888888888889,1990-01-03,2014-12-31,CVX,pre2015
CVX|pre2015,total,6300,5.55670099063029,14.002886496388331,11.617746658212093,24.568652369464946,0.5699493112528942,2.8497465562644706,0.004375407887589944,0.506031746031746,1990-01-03,2014-12-31,CVX,pre2015
DIA|pre2015,overnight,4265,2.8372845546240515,7.14995707765261,6.854155622842857,10.182622292777177,0.7021724730695628,2.8887040305352487,0.003868329825233996,0.5498241500586166,1998-01-21,2014-12-31,DIA,pre2015
DIA|pre2015,intraday,4265,0.6467115405254754,1.629713082124198,0.32790103979086105,16.139117232523045,0.10097907206721637,0.41542308146189505,0.6778322127290937,0.5235638921453692,1998-01-21,2014-12-31,DIA,pre2015
DIA|pre2015,total,4265,3.50383707909436,8.829669439317787,7.204531510189861,19.373277042042012,0.4557654040747207,1.8749971128514205,0.0607931207239949,0.5317702227432591,1998-01-21,2014-12-31,DIA,pre2015
DIS|pre2015,overnight,6300,-0.16343809307281792,-0.4118639945435012,-1.3865975399720731,13.970522917190605,-0.029480929023544725,-0.1474046451177236,0.882812639300717,0.5049206349206349,1990-01-03,2014-12-31,DIS,pre2015
DIS|pre2015,intraday,6300,5.883034990386938,14.825248175775085,12.221509375864256,25.703468998651,0.5767800516168912,2.8839002580844553,0.003927831382054103,0.49,1990-01-03,2014-12-31,DIS,pre2015
DIS|pre2015,total,6300,5.875353513508192,14.805890854040646,10.665448687538966,30.597233910394184,0.48389638414376207,2.4194819207188103,0.015542633332092048,0.49412698412698414,1990-01-03,2014-12-31,DIS,pre2015
GOOGL|pre2015,overnight,2610,13.898685199661362,35.02468670314663,39.156729790485954,20.059428557029637,1.7460460851898278,5.619215470679761,1.918265013500786e-08,0.5789272030651341,2004-08-20,2014-12-31,GOOGL,pre2015
GOOGL|pre2015,intraday,2610,-2.772178850861215,-6.985890704170261,-9.768381251415379,25.627815572625618,-0.2725901739215047,-0.8772637420326033,0.380343401164674,0.48314176245210727,2004-08-20,2014-12-31,GOOGL,pre2015
GOOGL|pre2015,total,2610,11.111977756620862,28.00218394668457,25.56336988754935,32.507960330423515,0.8613946757058738,2.772184725903947,0.0055681428284803935,0.5164750957854406,2004-08-20,2014-12-31,GOOGL,pre2015
HD|pre2015,overnight,6300,4.579317789528904,11.539880829612839,10.522813725279262,17.363231144770708,0.6646159769109743,3.323079884554871,0.0008902941482240578,0.5226984126984127,1990-01-03,2014-12-31,HD,pre2015
HD|pre2015,intraday,6300,4.511346330494783,11.368592752846855,7.661245448923565,28.30215887139938,0.401686415672528,2.00843207836264,0.04459739696188425,0.49047619047619045,1990-01-03,2014-12-31,HD,pre2015
HD|pre2015,total,6300,9.026704740148586,22.74729594517444,18.990237761829484,32.64642071697724,0.6967776388835509,3.4838881944177547,0.0004941858830105339,0.5026984126984126,1990-01-03,2014-12-31,HD,pre2015
IBM|pre2015,overnight,6300,0.979092808826508,2.4673138782428,1.2736848910609377,15.482643696253337,0.1593599857135425,0.7967999285677124,0.4255672366063086,0.5085714285714286,1990-01-03,2014-12-31,IBM,pre2015
IBM|pre2015,intraday,6300,4.2973492861307525,10.829320201049496,8.349436885032405,23.723005187082943,0.4564902345064616,2.2824511725323076,0.02246271709099945,0.49873015873015875,1990-01-03,2014-12-31,IBM,pre2015
IBM|pre2015,total,6300,5.284353070820604,13.316569738467921,9.729467292186653,28.416764126417988,0.4686166827168056,2.343083413584028,0.019125106755649268,0.4996825396825397,1990-01-03,2014-12-31,IBM,pre2015
INTC|pre2015,overnight,6300,6.087627449061403,15.340821171634733,13.702847090556569,22.125532259831683,0.6933537684643902,3.466768842321951,0.0005267546762257602,0.5363492063492064,1990-01-03,2014-12-31,INTC,pre2015
INTC|pre2015,intraday,6300,3.055099986184814,7.698851965185731,2.3573831419327163,32.79625013006909,0.23474793412820924,1.1737396706410461,0.24049931516372758,0.48873015873015874,1990-01-03,2014-12-31,INTC,pre2015
INTC|pre2015,total,6300,9.11695806380748,22.974734320794852,16.383258839766814,39.434647945973346,0.5826027495483396,2.9130137477416977,0.0035795884175873205,0.503015873015873,1990-01-03,2014-12-31,INTC,pre2015
IWM|pre2015,overnight,3671,5.280726287832219,13.30743024533719,13.31091088346482,12.717616215755442,1.046377718872429,3.9937456756361036,6.503762346588005e-05,0.5592481612639608,2000-05-30,2014-12-31,IWM,pre2015
IWM|pre2015,intraday,3671,-0.8642430344475711,-2.177892446807879,-4.4845259783157365,21.94390602403593,-0.09924816686793853,-0.3788038775049303,0.7048335077639452,0.5129392536093708,2000-05-30,2014-12-31,IWM,pre2015
IWM|pre2015,total,3671,4.379665210183234,11.036756329661749,8.229453648629672,24.990241120210595,0.4416426506879875,1.6856326301197309,0.09186658028287376,0.5317352220103514,2000-05-30,2014-12-31,IWM,pre2015
JNJ|pre2015,overnight,6300,1.680522597538293,4.234916945796498,3.644527830612769,11.37573085845999,0.3722764715945299,1.8613823579726496,0.06269020014707793,0.5268253968253969,1990-01-03,2014-12-31,JNJ,pre2015
JNJ|pre2015,intraday,6300,4.385353458559939,11.051090715571046,9.595106943250661,19.446440194677248,0.5682834804179677,2.841417402089838,0.004491348483198543,0.4946031746031746,1990-01-03,2014-12-31,JNJ,pre2015
JNJ|pre2015,total,6300,6.018230027949998,15.165939670433994,13.589331116787287,22.005266458422224,0.6891959113101053,3.445979556550526,0.0005689934024712962,0.5004761904761905,1990-01-03,2014-12-31,JNJ,pre2015
JPM|pre2015,overnight,6300,5.130352708686046,12.928488825888834,11.636339413303759,19.613449041309234,0.6591644742675935,3.2958223713379677,0.0009813404154965788,0.5341269841269841,1990-01-03,2014-12-31,JPM,pre2015
JPM|pre2015,intraday,6300,2.2238688522230974,5.604149507602205,-0.3312087371370415,34.61113101100812,0.1619175491786096,0.8095877458930478,0.4181771533167473,0.4792063492063492,1990-01-03,2014-12-31,JPM,pre2015
JPM|pre2015,total,6300,7.3693507491388575,18.57076388782992,11.266590103346916,39.904567844544054,0.46537940117973253,2.326897005898662,0.019970747609273642,0.4903174603174603,1990-01-03,2014-12-31,JPM,pre2015
KO|pre2015,overnight,6300,-0.4932720179907808,-1.2430454853367678,-1.6109007267315103,8.725500884569659,-0.14246121819034974,-0.7123060909517485,0.4762752531041743,0.49333333333333335,1990-01-03,2014-12-31,KO,pre2015
KO|pre2015,intraday,6300,5.723287622627524,14.42268480902136,13.110828095946673,20.508818784223543,0.7032430761012939,3.516215380506469,0.0004377457193611711,0.49936507936507935,1990-01-03,2014-12-31,KO,pre2015
KO|pre2015,total,6300,5.317125112957986,13.399155284654125,11.288724944137032,23.263637504535126,0.5759699136492318,2.8798495682461587,0.0039786495846982906,0.49984126984126986,1990-01-03,2014-12-31,KO,pre2015
MCD|pre2015,overnight,6300,-0.28676838975403646,-0.7226563421801718,-1.6225701026036197,13.496281695288511,-0.05354484727689464,-0.2677242363844732,0.7889115926755492,0.5047619047619047,1990-01-03,2014-12-31,MCD,pre2015
MCD|pre2015,intraday,6300,6.0726175334790975,15.302996184367327,13.727615615406826,22.08163228753365,0.69301924717797,3.46509623588985,0.000530041771155787,0.49126984126984125,1990-01-03,2014-12-31,MCD,pre2015
MCD|pre2015,total,6300,5.681154127098835,14.316508400289067,11.882305326027277,24.857541799092264,0.5759422438469709,2.8797112192348537,0.003980395747428922,0.49857142857142855,1990-01-03,2014-12-31,MCD,pre2015
MDY|pre2015,overnight,4950,6.922974684649204,17.445896205315993,18.26062313032827,11.54779082573084,1.5107561670101413,6.695711068308539,2.1462387422843676e-11,0.5745454545454546,1995-05-05,2014-12-31,MDY,pre2015
MDY|pre2015,intraday,4950,-1.4616350876095667,-3.683320420776108,-5.335883036750071,18.94934380263156,-0.19437720161394684,-0.8614848700893025,0.38897105061595827,0.5151515151515151,1995-05-05,2014-12-31,MDY,pre2015
MDY|pre2015,total,4950,5.445799906923248,13.723415765446584,11.95037460156214,22.034147273498018,0.6228249087702468,2.760376377297425,0.00577348040101322,0.547070707070707,1995-05-05,2014-12-31,MDY,pre2015
META|pre2015,overnight,658,23.2228632112927,58.52161529245761,71.22873758495712,31.716512885536176,1.8451465803841725,2.981559970569657,0.002867838716923199,0.5972644376899696,2012-05-21,2014-12-31,META,pre2015
META|pre2015,intraday,658,-7.9817811010636435,-20.11408837468038,-23.251341147311503,35.60394733519449,-0.5649398417910143,-0.9128824972340892,0.36130434378342513,0.4939209726443769,2012-05-21,2014-12-31,META,pre2015
META|pre2015,total,658,15.255967669176165,38.44503852632394,31.41575966684385,47.865836378231336,0.8031832604476994,1.2978584378287616,0.1943359842755208,0.513677811550152,2012-05-21,2014-12-31,META,pre2015
MMM|pre2015,overnight,6300,1.7565675997350494,4.426550351332324,3.8464068614875098,11.41088345790548,0.38792354401495555,1.9396177200747777,0.052426165719908324,0.5347619047619048,1990-01-03,2014-12-31,MMM,pre2015
MMM|pre2015,intraday,6300,3.7549561173299346,9.462489415671435,7.697589769712574,20.236412353920088,0.4675971832447076,2.337985916223538,0.019387978755615265,0.4973015873015873,1990-01-03,2014-12-31,MMM,pre2015
MMM|pre2015,total,6300,5.5161425141279,13.900679135602307,11.84007725227146,23.282776723876893,0.597036998656046,2.9851849932802295,0.002834068707196158,0.5028571428571429,1990-01-03,2014-12-31,MMM,pre2015
MRK|pre2015,overnight,6300,-1.0414134805754787,-2.6243619710502064,-3.678265175008253,14.729262990577274,-0.17817333920435025,-0.8908666960217511,0.37300068898061634,0.5160317460317461,1990-01-03,2014-12-31,MRK,pre2015
MRK|pre2015,intraday,6300,6.2370056925164885,15.717254345141551,13.777090749045914,23.70681593577371,0.6629846196014932,3.314923098007466,0.0009166833928957452,0.4946031746031746,1990-01-03,2014-12-31,MRK,pre2015
MRK|pre2015,total,6300,5.194397837629891,13.089882550827326,9.592067642886168,27.90399085865501,0.4691043161937972,2.345521580968986,0.019000478590429415,0.4963492063492064,1990-01-03,2014-12-31,MRK,pre2015
MSFT|pre2015,overnight,6300,4.139191171502809,10.43076175218708,9.41747626848782,16.895147316309895,0.6173821131537363,3.086910565768681,0.0020224843600109566,0.53,1990-01-03,2014-12-31,MSFT,pre2015
MSFT|pre2015,intraday,6300,5.389124636594202,13.58059408421739,10.100375910417405,28.181044794361483,0.48190527297038405,2.4095263648519203,0.015973241915405056,0.4855555555555556,1990-01-03,2014-12-31,MSFT,pre2015
MSFT|pre2015,total,6300,9.552364762317609,24.071959201040375,20.469052683296805,33.03912973898319,0.7285893845029955,3.642946922514977,0.0002695344329441962,0.49746031746031744,1990-01-03,2014-12-31,MSFT,pre2015
NFLX|pre2015,overnight,3174,10.030317550148583,25.276400226374427,18.75158077577446,39.41010695473934,0.6413684757415957,2.2762020004412045,0.022833922249804406,0.5113421550094518,2002-05-24,2014-12-31,NFLX,pre2015
NFLX|pre2015,intraday,3174,10.0812853718982,25.404839137183465,13.039435046400408,51.55031586703465,0.49281636222581,1.7489939589742065,0.08029206364773245,0.48802772526780086,2002-05-24,2014-12-31,NFLX,pre2015
NFLX|pre2015,total,3174,19.696118474032186,49.634218554561116,34.23611601760521,63.28283748563563,0.7843235310968385,2.7835462109538,0.005376820249020753,0.5034656584751103,2002-05-24,2014-12-31,NFLX,pre2015
NKE|pre2015,overnight,6300,0.05144315418126533,0.12963674853678864,-1.1534787941533236,15.959495776515432,0.008122859916887257,0.04061429958443628,0.967603384143324,0.5128571428571429,1990-01-03,2014-12-31,NKE,pre2015
NKE|pre2015,intraday,6300,8.834389048082148,22.26266040116701,19.661594309672516,29.397907709764738,0.757287240335553,3.7864362016777644,0.00015282330954891066,0.49793650793650795,1990-01-03,2014-12-31,NKE,pre2015
NKE|pre2015,total,6300,8.903513529672521,22.436854094774752,18.28132319456467,33.608516094568316,0.667594309479225,3.3379715473961244,0.0008439239060473724,0.49873015873015875,1990-01-03,2014-12-31,NKE,pre2015
NVDA|pre2015,overnight,4011,14.435944935203306,36.37858123671233,35.141009300225164,35.051554528832895,1.0378592825829691,4.1406119824925876,3.46380458469131e-05,0.5497382198952879,1999-01-25,2014-12-31,NVDA,pre2015
NVDA|pre2015,intraday,4011,0.835337558518618,2.1050506474669173,-13.151651200725414,57.351364812109885,0.036704456020590304,0.14643498686208342,0.8835780094625736,0.48292196459735726,1999-01-25,2014-12-31,NVDA,pre2015
NVDA|pre2015,total,4011,14.96817748986102,37.71980727444977,17.367735127919623,66.11040338919915,0.5705578145150493,2.2762801885880277,0.022829245095131512,0.4976315133383196,1999-01-25,2014-12-31,NVDA,pre2015
ORCL|pre2015,overnight,6300,7.969668355916365,20.08356425690924,17.726592460554095,27.308970952956006,0.7354200307110194,3.677100153555096,0.00023590043767995894,0.5179365079365079,1990-01-03,2014-12-31,ORCL,pre2015
ORCL|pre2015,intraday,6300,3.954842945577947,9.966204222856426,1.207846996773821,42.049456042039786,0.23701148982504117,1.1850574491252057,0.23599473335246524,0.4884126984126984,1990-01-03,2014-12-31,ORCL,pre2015
ORCL|pre2015,total,6300,11.863507685597876,29.896039367706646,19.148549571993005,49.86843436097787,0.5994982547737723,2.9974912738688606,0.0027221165162285565,0.48968253968253966,1990-01-03,2014-12-31,ORCL,pre2015
PEP|pre2015,overnight,6300,-5.876704391690574,-14.809295067060246,-14.525444806240587,13.266865551064013,-1.1162617884427517,-5.5813089422137585,2.3871518539664294e-08,0.4579365079365079,1990-01-03,2014-12-31,PEP,pre2015
PEP|pre2015,intraday,6300,11.494187227740095,28.965351813905045,30.59151236348527,21.285856265322163,1.3607792636039702,6.80389631801985,1.0182521492652086e-11,0.5082539682539683,1990-01-03,2014-12-31,PEP,pre2015
PEP|pre2015,total,6300,5.5334388835003026,13.944265986420762,11.622514313492355,24.325974441898012,0.573225381771501,2.8661269088575048,0.004155276303053679,0.48698412698412696,1990-01-03,2014-12-31,PEP,pre2015
PFE|pre2015,overnight,6300,5.050345682354226,12.726871119532648,12.233602122824836,15.296602029437336,0.8320064217556682,4.16003210877834,3.182028568993189e-05,0.5406349206349207,1990-01-03,2014-12-31,PFE,pre2015
PFE|pre2015,intraday,6300,1.4330074044400318,3.61117865918888,0.6373669422628051,24.402014366909615,0.14798690816631208,0.7399345408315602,0.45933971451202016,0.48333333333333334,1990-01-03,2014-12-31,PFE,pre2015
PFE|pre2015,total,6300,6.361687237406169,16.031451838263546,12.948942000866523,27.750708996533497,0.5776952163732513,2.8884760818662563,0.0038711346831235005,0.4911111111111111,1990-01-03,2014-12-31,PFE,pre2015
PG|pre2015,overnight,6300,-4.210972805945427,-10.611651470982476,-10.84893074233321,12.64435332558753,-0.8392403468755013,-4.196201734377507,2.71428503826332e-05,0.473015873015873,1990-01-03,2014-12-31,PG,pre2015
PG|pre2015,intraday,6300,9.966055280932995,25.114459307951147,26.021176260781452,19.89452810875858,1.2623802470034207,6.311901235017102,2.7562796489633e-10,0.5198412698412699,1990-01-03,2014-12-31,PG,pre2015
PG|pre2015,total,6300,5.688548327108999,14.33514178431468,12.349226127575603,22.97972777130437,0.6238168670655663,3.119084335327831,0.0018141402761324699,0.5009523809523809,1990-01-03,2014-12-31,PG,pre2015
QQQ|pre2015,overnight,3979,5.973811946107481,15.054006104190854,14.984318974750552,14.755457003060277,1.0202331314488366,4.054022195111448,5.034443660845156e-05,0.5546619753706962,1999-03-11,2014-12-31,QQQ,pre2015
QQQ|pre2015,intraday,3979,-2.1618725404782495,-5.447918802005189,-8.567207688640815,26.52663711739511,-0.2053754035196818,-0.8160844992520352,0.4144518087881526,0.5129429504900729,1999-03-11,2014-12-31,QQQ,pre2015
QQQ|pre2015,total,3979,3.773988152491911,9.510450144279616,5.133373558814459,30.06648795392589,0.31631396918900206,1.2569125743789087,0.20878529474134844,0.5340537823573762,1999-03-11,2014-12-31,QQQ,pre2015
RSP|pre2015,overnight,2938,6.080833814630399,15.323701212868606,15.754706253746686,11.723505565374506,1.3070920747568302,4.463050559509963,8.080097753104809e-06,0.5738597685500341,2003-05-02,2014-12-31,RSP,pre2015
RSP|pre2015,intraday,2938,-0.7125287075767591,-1.795572343093433,-3.3646463319658197,18.038097589630816,-0.09954333233708727,-0.3398895408077311,0.733939713471339,0.5234853641933288,2003-05-02,2014-12-31,RSP,pre2015
RSP|pre2015,total,2938,5.355155103628978,13.494990861145025,11.859969775702202,21.37069132293238,0.631471890975463,2.1561533657505842,0.03107169159545009,0.5530973451327433,2003-05-02,2014-12-31,RSP,pre2015
SPY|pre2015,overnight,5521,4.228847294753728,10.656695182779394,10.670189955180014,10.145992881896737,1.0503353695224735,4.916279818817701,8.820429897582471e-07,0.5656583952182576,1993-02-01,2014-12-31,SPY,pre2015
SPY|pre2015,intraday,5521,0.027373039299684702,0.06898005903520546,-1.2224250096431437,16.11408069676988,0.004280731884942884,0.020036720067117434,0.9840140800614232,0.5172975910161203,1993-02-01,2014-12-31,SPY,pre2015
SPY|pre2015,total,5521,4.254813431209013,10.722129846646713,9.317329874948346,19.04275388482219,0.5630556332082128,2.635481129871567,0.008401809723511455,0.5374026444484695,1993-02-01,2014-12-31,SPY,pre2015
TSLA|pre2015,overnight,1135,32.41832355697871,81.69417536358635,115.28574663375122,31.875075841556193,2.5629484230773176,5.43923129451831,5.3510948561097393e-08,0.5665198237885463,2010-06-30,2014-12-31,TSLA,pre2015
TSLA|pre2015,intraday,1135,-6.007307849340122,-15.138415780337105,-23.771989290826593,48.7518077582752,-0.31052009097585703,-0.6590029597180083,0.5098938680759888,0.48105726872246696,2010-06-30,2014-12-31,TSLA,pre2015
TSLA|pre2015,total,1135,26.24624980002174,66.14054949605477,64.1080419992998,57.890805469357666,1.1425052555377524,2.4246880210765402,0.015321547125022095,0.5154185022026432,2010-06-30,2014-12-31,TSLA,pre2015
TXN|pre2015,overnight,6300,3.781799674517692,9.530135179784583,7.228806428654569,22.56124129677459,0.4224118280737964,2.1120591403689817,0.03468137702901708,0.5249206349206349,1990-01-03,2014-12-31,TXN,pre2015
TXN|pre2015,intraday,6300,5.456856284032927,13.751277835762977,6.9674360833572395,37.51867230309022,0.3665182425613273,1.8325912128066366,0.06686338590484997,0.4963492063492064,1990-01-03,2014-12-31,TXN,pre2015
TXN|pre2015,total,6300,9.136810239673034,23.024761803976045,14.69990497951796,43.25107686087364,0.5323511800189422,2.661755900094711,0.007773422801800933,0.49206349206349204,1990-01-03,2014-12-31,TXN,pre2015
UNH|pre2015,overnight,6300,5.359800588520078,13.506697483070598,12.505378197261841,18.395600102575777,0.7342352197131842,3.6711760985659203,0.00024143691202116457,0.546984126984127,1990-01-03,2014-12-31,UNH,pre2015
UNH|pre2015,intraday,6300,6.59762081978144,16.62600446584923,11.458762047684356,34.02587665215864,0.4886282471371523,2.4431412356857614,0.014560037991381503,0.5028571428571429,1990-01-03,2014-12-31,UNH,pre2015
UNH|pre2015,total,6300,12.014308814687256,30.276058213011886,25.397101775733404,38.92973555070019,0.7777103487790671,3.888551743895335,0.00010084417251032818,0.5128571428571429,1990-01-03,2014-12-31,UNH,pre2015
VZ|pre2015,overnight,6300,1.8258869863725522,4.601235205658831,3.8895948221086636,12.52492976027329,0.36736614845163285,1.836830742258164,0.06623488604974526,0.5185714285714286,1990-01-03,2014-12-31,VZ,pre2015
VZ|pre2015,intraday,6300,2.226584593556389,5.6109931757621005,3.0333880317711994,22.95427153008338,0.24444222367973878,1.222211118398694,0.22162780038862584,0.4792063492063492,1990-01-03,2014-12-31,VZ,pre2015
VZ|pre2015,total,6300,4.009917003746536,10.104990849441272,7.040969357698133,25.72945449764472,0.3927401900559642,1.9637009502798208,0.0495647823496943,0.49142857142857144,1990-01-03,2014-12-31,VZ,pre2015
WFC|pre2015,overnight,6300,3.381271029666333,8.52080299475916,6.701557561631975,20.471523195427643,0.41622711282481895,2.0811355641240943,0.0374214994169253,0.5215873015873016,1990-01-03,2014-12-31,WFC,pre2015
WFC|pre2015,intraday,6300,5.221363305595798,13.15783553010141,8.444459919588029,31.887921098022932,0.4126275742358509,2.0631378711792543,0.03909953093669172,0.48444444444444446,1990-01-03,2014-12-31,WFC,pre2015
WFC|pre2015,total,6300,8.503484131940443,21.428780012489916,15.711927823500165,37.31813552570865,0.5742189343228985,2.8710946716144923,0.004090529973276524,0.48698412698412696,1990-01-03,2014-12-31,WFC,pre2015
WMT|pre2015,overnight,6300,4.2884286379703385,10.806840167685253,10.356391840090334,13.778592058748501,0.7843210773355918,3.9216053866779585,8.796096182139834e-05,0.5338095238095238,1990-01-03,2014-12-31,WMT,pre2015
WMT|pre2015,intraday,6300,1.9390942343203525,4.886517470487289,2.0724426052323577,23.844889929155446,0.20492933643247738,1.024646682162387,0.3055299292562754,0.4765079365079365,1990-01-03,2014-12-31,WMT,pre2015
WMT|pre2015,total,6300,6.1602504147575425,15.523831045189008,12.643464722181557,26.92323368444211,0.5765960815531467,2.882980407765733,0.003939319413943876,0.490952380952381,1990-01-03,2014-12-31,WMT,pre2015
XLF|pre2015,overnight,4031,4.745984145327449,11.959880046225171,10.782958676788134,18.653365176985933,0.6411647406646486,2.5643409048707206,0.010337195791567444,0.5467625899280576,1998-12-23,2014-12-31,XLF,pre2015
XLF|pre2015,intraday,4031,-1.6544461090664384,-4.169204194847425,-7.58087017352273,27.272545763173017,-0.15287183789337458,-0.6114115175865293,0.5409271796115203,0.49367402629620444,1998-12-23,2014-12-31,XLF,pre2015
XLF|pre2015,total,4031,2.9872097596327714,7.527768594274583,2.3846464051135534,32.208845308628405,0.23371743141186052,0.9347537871927707,0.3499152004544954,0.5075663607045399,1998-12-23,2014-12-31,XLF,pre2015
XLK|pre2015,overnight,4031,6.99693205942142,17.63226878974198,17.6559412034421,16.51474762123653,1.0676680742652351,4.270142666960676,1.9534796825038114e-05,0.5502356735301414,1998-12-23,2014-12-31,XLK,pre2015
XLK|pre2015,intraday,4031,-4.331870670915349,-10.916314090706681,-12.753493278263688,23.378467181825794,-0.46693882904320283,-1.8675236853272286,0.06182849239109878,0.4993798064996279,1998-12-23,2014-12-31,XLK,pre2015
XLK|pre2015,total,4031,2.5166772522180585,6.342026675589507,2.650698650583235,27.360104999828078,0.23179833102356,0.9270783376333162,0.3538858624431058,0.5269163979161499,1998-12-23,2014-12-31,XLK,pre2015
XOM|pre2015,overnight,6300,0.058975972068132605,0.14861944961169415,-0.43472279334095115,10.791073052786897,0.013772444027085128,0.06886222013542563,0.9450992910656875,0.5109523809523809,1990-01-03,2014-12-31,XOM,pre2015
XOM|pre2015,intraday,6300,5.364763426920244,13.519203835839017,12.06407531323221,20.646240137766387,0.6548022180130271,3.2740110900651347,0.0010603244982552162,0.5055555555555555,1990-01-03,2014-12-31,XOM,pre2015
XOM|pre2015,total,6300,5.4479307406654565,13.72878546647695,11.576907234698798,23.57173055018698,0.582425861234361,2.912129306171805,0.0035897399928606077,0.49936507936507935,1990-01-03,2014-12-31,XOM,pre2015
