date,WALCL,FEDFUNDS,DFF,DTB3
1990-01-01,,8.23,7.97,
1990-01-02,,,8.54,7.58
1990-01-03,,,8.37,7.63
1990-01-04,,,8.29,7.59
1990-01-05,,,8.2,7.54
1990-01-06,,,8.2,
1990-01-07,,,8.2,
1990-01-08,,,8.27,7.54
1990-01-09,,,8.25,7.55
1990-01-10,,,8.12,7.5
1990-01-11,,,8.21,7.55
1990-01-12,,,8.16,7.5
1990-01-13,,,8.16,
1990-01-14,,,8.16,
1990-01-15,,,8.16,
1990-01-16,,,8.31,7.63
1990-01-17,,,8.26,7.71
1990-01-18,,,8.23,7.78
1990-01-19,,,8.19,7.74
1990-01-20,,,8.19,
1990-01-21,,,8.19,
1990-01-22,,,8.19,7.73
1990-01-23,,,8.19,7.67
1990-01-24,,,8.4,7.67
1990-01-25,,,8.24,7.69
1990-01-26,,,8.24,7.68
1990-01-27,,,8.24,
1990-01-28,,,8.24,
1990-01-29,,,8.24,7.74
1990-01-30,,,8.23,7.74
1990-01-31,,,8.26,7.74
1990-02-01,,8.24,8.25,7.76
1990-02-02,,,8.23,7.81
1990-02-03,,,8.23,
1990-02-04,,,8.23,
1990-02-05,,,8.22,7.82
1990-02-06,,,8.19,7.82
1990-02-07,,,8.22,7.81
1990-02-08,,,8.21,7.81
1990-02-09,,,8.21,7.76
1990-02-10,,,8.21,
1990-02-11,,,8.21,
1990-02-12,,,8.21,7.73
1990-02-13,,,8.21,7.58
1990-02-14,,,8.21,7.61
1990-02-15,,,8.32,7.71
1990-02-16,,,8.19,7.69
1990-02-17,,,8.19,
1990-02-18,,,8.19,
1990-02-19,,,8.19,
1990-02-20,,,8.24,7.8
1990-02-21,,,8.41,7.75
1990-02-22,,,8.28,7.73
1990-02-23,,,8.25,7.68
1990-02-24,,,8.25,
1990-02-25,,,8.25,
1990-02-26,,,8.28,7.71
1990-02-27,,,8.27,7.73
1990-02-28,,,8.29,7.77
1990-03-01,,8.28,8.3,7.81
1990-03-02,,,8.27,7.76
1990-03-03,,,8.27,
1990-03-04,,,8.27,
1990-03-05,,,8.24,7.82
1990-03-06,,,8.21,7.9
1990-03-07,,,8.4,7.91
1990-03-08,,,8.3,7.91
1990-03-09,,,8.29,7.99
1990-03-10,,,8.29,
1990-03-11,,,8.29,
1990-03-12,,,8.28,7.99
1990-03-13,,,8.23,7.98
1990-03-14,,,8.21,7.95
1990-03-15,,,8.29,7.94
1990-03-16,,,8.22,7.92
1990-03-17,,,8.22,
1990-03-18,,,8.22,
1990-03-19,,,8.24,7.94
1990-03-20,,,8.26,7.97
1990-03-21,,,8.47,7.95
1990-03-22,,,8.28,7.9
1990-03-23,,,8.25,7.88
1990-03-24,,,8.25,
1990-03-25,,,8.25,
1990-03-26,,,8.25,7.86
1990-03-27,,,8.26,7.9
1990-03-28,,,8.3,7.85
1990-03-29,,,8.37,7.83
1990-03-30,,,8.3,7.8
1990-03-31,,,8.3,
1990-04-01,,8.26,8.3,
1990-04-02,,,8.34,7.78
1990-04-03,,,8.31,7.82
1990-04-04,,,8.37,7.75
1990-04-05,,,8.31,7.76
1990-04-06,,,8.26,7.76
1990-04-07,,,8.26,
1990-04-08,,,8.26,
1990-04-09,,,8.24,7.82
1990-04-10,,,8.21,7.78
1990-04-11,,,8.2,7.76
1990-04-12,,,8.21,7.76
1990-04-13,,,8.18,
1990-04-14,,,8.18,
1990-04-15,,,8.18,
1990-04-16,,,8.31,7.74
1990-04-17,,,8.39,7.76
1990-04-18,,,8.46,7.81
1990-04-19,,,8.31,7.79
1990-04-20,,,8.24,7.69
1990-04-21,,,8.24,
1990-04-22,,,8.24,
1990-04-23,,,8.25,7.73
1990-04-24,,,8.21,7.76
1990-04-25,,,8.21,7.79
1990-04-26,,,8.21,7.82
1990-04-27,,,8.18,7.79
1990-04-28,,,8.18,
1990-04-29,,,8.18,
1990-04-30,,,8.23,7.79
1990-05-01,,8.18,8.11,7.92
1990-05-02,,,7.73,7.9
1990-05-03,,,8.19,7.88
1990-05-04,,,8.21,7.76
1990-05-05,,,8.21,
1990-05-06,,,8.21,
1990-05-07,,,8.23,7.82
1990-05-08,,,8.2,7.79
1990-05-09,,,8.18,7.75
1990-05-10,,,8.23,7.71
1990-05-11,,,8.24,7.62
1990-05-12,,,8.24,
1990-05-13,,,8.24,
1990-05-14,,,8.27,7.63
1990-05-15,,,8.34,7.65
1990-05-16,,,7.53,7.67
1990-05-17,,,8.2,7.67
1990-05-18,,,8.22,7.75
1990-05-19,,,8.22,
1990-05-20,,,8.22,
1990-05-21,,,8.24,7.75
1990-05-22,,,8.22,7.73
1990-05-23,,,8.24,7.65
1990-05-24,,,8.29,7.69
1990-05-25,,,8.27,7.75
1990-05-26,,,8.27,
1990-05-27,,,8.27,
1990-05-28,,,8.27,
1990-05-29,,,8.26,7.75
1990-05-30,,,7.69,7.76
1990-05-31,,,8.23,7.75
1990-06-01,,8.29,8.28,7.68
1990-06-02,,,8.28,
1990-06-03,,,8.28,
1990-06-04,,,8.28,7.7
1990-06-05,,,8.27,7.7
1990-06-06,,,8.22,7.7
1990-06-07,,,8.25,7.7
1990-06-08,,,8.26,7.7
1990-06-09,,,8.26,
1990-06-10,,,8.26,
1990-06-11,,,8.26,7.73
1990-06-12,,,8.23,7.73
1990-06-13,,,8.61,7.67
1990-06-14,,,8.29,7.66
1990-06-15,,,8.29,7.69
1990-06-16,,,8.29,
1990-06-17,,,8.29,
1990-06-18,,,8.28,7.67
1990-06-19,,,8.25,7.74
1990-06-20,,,8.24,7.76
1990-06-21,,,8.25,7.77
1990-06-22,,,8.24,7.78
1990-06-23,,,8.24,
1990-06-24,,,8.24,
1990-06-25,,,8.3,7.79
1990-06-26,,,8.33,7.8
1990-06-27,,,8.39,7.78
1990-06-28,,,8.36,7.74
1990-06-29,,,8.32,7.74
1990-06-30,,,8.32,
1990-07-01,,8.15,8.32,
1990-07-02,,,8.35,7.74
1990-07-03,,,8.32,7.7
1990-07-04,,,8.32,
1990-07-05,,,8.32,7.66
1990-07-06,,,8.32,7.75
1990-07-07,,,8.32,
1990-07-08,,,8.32,
1990-07-09,,,8.33,7.8
1990-07-10,,,8.34,7.8
1990-07-11,,,8.01,7.78
1990-07-12,,,8.29,7.68
1990-07-13,,,8.18,7.6
1990-07-14,,,8.18,
1990-07-15,,,8.18,
1990-07-16,,,8.07,7.61
1990-07-17,,,8.05,7.61
1990-07-18,,,8.02,7.55
1990-07-19,,,8.04,7.54
1990-07-20,,,7.99,7.54
1990-07-21,,,7.99,
1990-07-22,,,7.99,
1990-07-23,,,8.02,7.48
1990-07-24,,,8.02,7.53
1990-07-25,,,8.28,7.56
1990-07-26,,,8.05,7.58
1990-07-27,,,8.01,7.52
1990-07-28,,,8.01,
1990-07-29,,,8.01,
1990-07-30,,,8.03,7.5
1990-07-31,,,8.05,7.49
1990-08-01,,8.13,8.07,7.42
1990-08-02,,,8.09,7.43
1990-08-03,,,8.03,7.29
1990-08-04,,,8.03,
1990-08-05,,,8.03,
1990-08-06,,,8.04,7.3
1990-08-07,,,8.05,7.37
1990-08-08,,,8.19,7.38
1990-08-09,,,8.1,7.41
1990-08-10,,,8.05,7.4
1990-08-11,,,8.05,
1990-08-12,,,8.05,
1990-08-13,,,8.23,7.42
1990-08-14,,,8.14,7.43
1990-08-15,,,8.28,7.45
1990-08-16,,,8.44,7.48
1990-08-17,,,8.2,7.47
1990-08-18,,,8.2,
1990-08-19,,,8.2,
1990-08-20,,,8.08,7.52
1990-08-21,,,8.0,7.57
1990-08-22,,,8.96,7.59
1990-08-23,,,8.13,7.54
1990-08-24,,,8.07,7.49
1990-08-25,,,8.07,
1990-08-26,,,8.07,
1990-08-27,,,8.08,7.53
1990-08-28,,,8.07,7.48
1990-08-29,,,8.04,7.47
1990-08-30,,,8.06,7.45
1990-08-31,,,8.06,7.39
1990-09-01,,8.2,8.06,
1990-09-02,,,8.06,
1990-09-03,,,8.06,
1990-09-04,,,8.17,7.39
1990-09-05,,,9.31,7.37
1990-09-06,,,8.2,7.38
1990-09-07,,,8.13,7.39
1990-09-08,,,8.13,
1990-09-09,,,8.13,
1990-09-10,,,8.13,7.43
1990-09-11,,,8.08,7.42
1990-09-12,,,8.03,7.37
1990-09-13,,,8.03,7.35
1990-09-14,,,7.93,7.35
1990-09-15,,,7.93,
1990-09-16,,,7.93,
1990-09-17,,,8.04,7.37
1990-09-18,,,7.87,7.37
1990-09-19,,,9.53,7.39
1990-09-20,,,8.17,7.39
1990-09-21,,,8.22,7.36
1990-09-22,,,8.22,
1990-09-23,,,8.22,
1990-09-24,,,8.33,7.38
1990-09-25,,,8.35,7.35
1990-09-26,,,8.29,7.33
1990-09-27,,,8.21,7.23
1990-09-28,,,8.03,7.14
1990-09-29,,,8.03,
1990-09-30,,,8.03,
1990-10-01,,8.11,8.25,7.13
1990-10-02,,,8.32,7.18
1990-10-03,,,8.71,7.15
1990-10-04,,,8.31,7.13
1990-10-05,,,8.19,7.04
1990-10-06,,,8.19,
1990-10-07,,,8.19,
1990-10-08,,,8.19,
1990-10-09,,,8.21,7.17
1990-10-10,,,8.11,7.2
1990-10-11,,,8.02,7.12
1990-10-12,,,7.98,7.14
1990-10-13,,,7.98,
1990-10-14,,,7.98,
1990-10-15,,,8.07,7.16
1990-10-16,,,8.01,7.16
1990-10-17,,,7.69,7.2
1990-10-18,,,8.04,7.25
1990-10-19,,,8.01,7.25
1990-10-20,,,8.01,
1990-10-21,,,8.01,
1990-10-22,,,7.99,7.23
1990-10-23,,,7.93,7.21
1990-10-24,,,7.94,7.22
1990-10-25,,,8.02,7.18
1990-10-26,,,7.97,7.13
1990-10-27,,,7.97,
1990-10-28,,,7.97,
1990-10-29,,,7.87,7.15
1990-10-30,,,7.84,7.14
1990-10-31,,,9.52,7.11
1990-11-01,,7.81,8.06,7.05
1990-11-02,,,8.02,7.08
1990-11-03,,,8.02,
1990-11-04,,,8.02,
1990-11-05,,,7.96,7.08
1990-11-06,,,7.89,7.08
1990-11-07,,,7.8,7.09
1990-11-08,,,7.77,7.09
1990-11-09,,,7.73,7.05
1990-11-10,,,7.73,
1990-11-11,,,7.73,
1990-11-12,,,7.73,
1990-11-13,,,8.0,7.04
1990-11-14,,,8.92,7.07
1990-11-15,,,8.12,7.09
1990-11-16,,,7.85,7.08
1990-11-17,,,7.85,
1990-11-18,,,7.85,
1990-11-19,,,7.72,7.1
1990-11-20,,,7.65,7.09
1990-11-21,,,7.59,7.04
1990-11-22,,,7.59,
1990-11-23,,,7.56,7.03
1990-11-24,,,7.56,
1990-11-25,,,7.56,
1990-11-26,,,7.65,7.03
1990-11-27,,,7.62,7.04
1990-11-28,,,7.39,7.06
1990-11-29,,,7.65,7.03
1990-11-30,,,7.61,7.02
1990-12-01,,7.31,7.61,
1990-12-02,,,7.61,
1990-12-03,,,7.65,7.05
1990-12-04,,,7.58,7.01
1990-12-05,,,7.47,7.0
1990-12-06,,,7.44,7.0
1990-12-07,,,7.25,6.89
1990-12-08,,,7.25,
1990-12-09,,,7.25,
1990-12-10,,,7.18,6.86
1990-12-11,,,7.05,6.84
1990-12-12,,,7.36,6.79
1990-12-13,,,7.25,6.83
1990-12-14,,,7.29,6.85
1990-12-15,,,7.29,
1990-12-16,,,7.29,
1990-12-17,,,7.44,6.81
1990-12-18,,,7.37,6.73
1990-12-19,,,7.13,6.62
1990-12-20,,,7.2,6.55
1990-12-21,,,7.06,6.59
1990-12-22,,,7.06,
1990-12-23,,,7.06,
1990-12-24,,,6.45,6.53
1990-12-25,,,6.45,
1990-12-26,,,8.86,6.48
1990-12-27,,,8.65,6.47
1990-12-28,,,7.54,6.45
1990-12-29,,,7.54,
1990-12-30,,,7.54,
1990-12-31,,,5.53,6.44
1991-01-01,,6.91,5.53,
1991-01-02,,,7.85,6.46
1991-01-03,,,7.18,6.44
1991-01-04,,,6.52,6.53
1991-01-05,,,6.52,
1991-01-06,,,6.52,
1991-01-07,,,6.26,6.51
1991-01-08,,,5.94,6.44
1991-01-09,,,5.88,6.25
1991-01-10,,,6.81,6.21
1991-01-11,,,6.68,6.16
1991-01-12,,,6.68,
1991-01-13,,,6.68,
1991-01-14,,,6.83,6.05
1991-01-15,,,6.89,6.05
1991-01-16,,,6.81,6.04
1991-01-17,,,6.6,6.12
1991-01-18,,,5.9,6.07
1991-01-19,,,5.9,
1991-01-20,,,5.9,
1991-01-21,,,5.9,
1991-01-22,,,7.56,6.05
1991-01-23,,,10.39,6.14
1991-01-24,,,7.69,6.13
1991-01-25,,,7.59,6.17
1991-01-26,,,7.59,
1991-01-27,,,7.59,
1991-01-28,,,7.61,6.25
1991-01-29,,,7.16,6.22
1991-01-30,,,6.96,6.2
1991-01-31,,,8.18,6.19
1991-02-01,,6.25,6.3,6.0
1991-02-02,,,6.3,
1991-02-03,,,6.3,
1991-02-04,,,6.1,5.98
1991-02-05,,,5.49,5.97
1991-02-06,,,5.57,5.91
1991-02-07,,,6.38,5.94
1991-02-08,,,6.27,5.92
1991-02-09,,,6.27,
1991-02-10,,,6.27,
1991-02-11,,,6.37,5.88
1991-02-12,,,6.26,5.85
1991-02-13,,,6.24,5.86
1991-02-14,,,6.37,5.85
1991-02-15,,,6.02,5.91
1991-02-16,,,6.02,
1991-02-17,,,6.02,
1991-02-18,,,6.02,
1991-02-19,,,6.24,5.96
1991-02-20,,,7.11,5.94
1991-02-21,,,6.54,5.92
1991-02-22,,,6.27,5.95
1991-02-23,,,6.27,
1991-02-24,,,6.27,
1991-02-25,,,6.43,5.99
1991-02-26,,,6.12,6.04
1991-02-27,,,6.26,6.03
1991-02-28,,,6.99,6.04
1991-03-01,,6.12,6.35,6.09
1991-03-02,,,6.35,
1991-03-03,,,6.35,
1991-03-04,,,6.36,6.06
1991-03-05,,,6.31,6.05
1991-03-06,,,6.55,6.08
1991-03-07,,,6.46,6.07
1991-03-08,,,6.2,5.97
1991-03-09,,,6.2,
1991-03-10,,,6.2,
1991-03-11,,,6.1,5.89
1991-03-12,,,6.03,5.86
1991-03-13,,,5.98,5.83
1991-03-14,,,5.93,5.76
1991-03-15,,,5.96,5.8
1991-03-16,,,5.96,
1991-03-17,,,5.96,
1991-03-18,,,6.03,5.84
1991-03-19,,,6.16,5.89
1991-03-20,,,6.67,5.88
1991-03-21,,,6.22,5.87
1991-03-22,,,6.05,5.87
1991-03-23,,,6.05,
1991-03-24,,,6.05,
1991-03-25,,,6.08,5.88
1991-03-26,,,6.17,5.86
1991-03-27,,,6.11,5.81
1991-03-28,,,6.14,5.74
1991-03-29,,,5.53,
1991-03-30,,,5.53,
1991-03-31,,,5.53,
1991-04-01,,5.91,6.48,5.76
1991-04-02,,,6.46,5.77
1991-04-03,,,6.36,5.77
1991-04-04,,,6.22,5.74
1991-04-05,,,5.92,5.71
1991-04-06,,,5.92,
1991-04-07,,,5.92,
1991-04-08,,,5.89,5.65
1991-04-09,,,5.66,5.61
1991-04-10,,,5.75,5.61
1991-04-11,,,5.71,5.57
1991-04-12,,,5.36,5.51
1991-04-13,,,5.36,
1991-04-14,,,5.36,
1991-04-15,,,6.04,5.59
1991-04-16,,,6.05,5.61
1991-04-17,,,5.95,5.56
1991-04-18,,,6.0,5.66
1991-04-19,,,5.89,5.75
1991-04-20,,,5.89,
1991-04-21,,,5.89,
1991-04-22,,,5.95,5.69
1991-04-23,,,5.92,5.71
1991-04-24,,,5.89,5.66
1991-04-25,,,5.95,5.61
1991-04-26,,,5.89,5.62
1991-04-27,,,5.89,
1991-04-28,,,5.89,
1991-04-29,,,5.93,5.59
1991-04-30,,,5.98,5.51
1991-05-01,,5.78,5.9,5.54
1991-05-02,,,5.86,5.46
1991-05-03,,,5.76,5.47
1991-05-04,,,5.76,
1991-05-05,,,5.76,
1991-05-06,,,5.82,5.46
1991-05-07,,,5.79,5.5
1991-05-08,,,5.75,5.5
1991-05-09,,,5.76,5.48
1991-05-10,,,5.69,5.48
1991-05-11,,,5.69,
1991-05-12,,,5.69,
1991-05-13,,,5.8,5.47
1991-05-14,,,5.85,5.49
1991-05-15,,,6.01,5.45
1991-05-16,,,5.89,5.4
1991-05-17,,,5.79,5.4
1991-05-18,,,5.79,
1991-05-19,,,5.79,
1991-05-20,,,5.82,5.45
1991-05-21,,,5.76,5.5
1991-05-22,,,5.71,5.46
1991-05-23,,,5.69,5.4
1991-05-24,,,5.65,5.4
1991-05-25,,,5.65,
1991-05-26,,,5.65,
1991-05-27,,,5.65,
1991-05-28,,,5.99,5.4
1991-05-29,,,5.79,5.45
1991-05-30,,,5.84,5.45
1991-05-31,,,5.92,5.53
1991-06-01,,5.9,5.92,
1991-06-02,,,5.92,
1991-06-03,,,5.96,5.6
1991-06-04,,,5.96,5.57
1991-06-05,,,5.88,5.59
1991-06-06,,,5.82,5.56
1991-06-07,,,5.71,5.56
1991-06-08,,,5.71,
1991-06-09,,,5.71,
1991-06-10,,,5.83,5.58
1991-06-11,,,5.79,5.57
1991-06-12,,,5.67,5.56
1991-06-13,,,5.79,5.58
1991-06-14,,,5.71,5.59
1991-06-15,,,5.71,
1991-06-16,,,5.71,
1991-06-17,,,5.94,5.59
1991-06-18,,,5.82,5.62
1991-06-19,,,5.8,5.57
1991-06-20,,,5.79,5.56
1991-06-21,,,5.75,5.57
1991-06-22,,,5.75,
1991-06-23,,,5.75,
1991-06-24,,,5.83,5.56
1991-06-25,,,5.9,5.58
1991-06-26,,,5.73,5.56
1991-06-27,,,5.91,5.55
1991-06-28,,,6.74,5.54
1991-06-29,,,6.74,
1991-06-30,,,6.74,
1991-07-01,,5.82,6.38,5.58
1991-07-02,,,6.09,5.58
1991-07-03,,,5.77,5.56
1991-07-04,,,5.77,
1991-07-05,,,5.76,5.58
1991-07-06,,,5.76,
1991-07-07,,,5.76,
1991-07-08,,,5.91,5.57
1991-07-09,,,5.82,5.59
1991-07-10,,,5.72,5.58
1991-07-11,,,5.86,5.56
1991-07-12,,,5.8,5.55
1991-07-13,,,5.8,
1991-07-14,,,5.8,
1991-07-15,,,5.96,5.57
1991-07-16,,,5.91,5.59
1991-07-17,,,5.82,5.61
1991-07-18,,,5.83,5.59
1991-07-19,,,5.75,5.58
1991-07-20,,,5.75,
1991-07-21,,,5.75,
1991-07-22,,,5.81,5.57
1991-07-23,,,5.74,5.59
1991-07-24,,,5.63,5.58
1991-07-25,,,5.82,5.58
1991-07-26,,,5.76,5.58
1991-07-27,,,5.76,
1991-07-28,,,5.76,
1991-07-29,,,5.8,5.57
1991-07-30,,,5.75,5.56
1991-07-31,,,5.85,5.53
1991-08-01,,5.66,5.86,5.55
1991-08-02,,,5.72,5.46
1991-08-03,,,5.72,
1991-08-04,,,5.72,
1991-08-05,,,5.79,5.5
1991-08-06,,,5.7,5.41
1991-08-07,,,6.29,5.38
1991-08-08,,,5.71,5.37
1991-08-09,,,5.59,5.32
1991-08-10,,,5.59,
1991-08-11,,,5.59,
1991-08-12,,,5.66,5.31
1991-08-13,,,5.64,5.29
1991-08-14,,,5.58,5.29
1991-08-15,,,5.77,5.3
1991-08-16,,,5.55,5.26
1991-08-17,,,5.55,
1991-08-18,,,5.55,
1991-08-19,,,5.54,5.11
1991-08-20,,,5.57,5.11
1991-08-21,,,6.24,5.28
1991-08-22,,,5.69,5.31
1991-08-23,,,5.55,5.39
1991-08-24,,,5.55,
1991-08-25,,,5.55,
1991-08-26,,,5.63,5.41
1991-08-27,,,5.59,5.38
1991-08-28,,,5.52,5.3
1991-08-29,,,5.49,5.27
1991-08-30,,,5.5,5.33
1991-08-31,,,5.5,
1991-09-01,,5.45,5.5,
1991-09-02,,,5.5,
1991-09-03,,,5.82,5.34
1991-09-04,,,5.87,5.33
1991-09-05,,,5.67,5.32
1991-09-06,,,5.53,5.29
1991-09-07,,,5.53,
1991-09-08,,,5.53,
1991-09-09,,,5.59,5.28
1991-09-10,,,5.53,5.24
1991-09-11,,,5.51,5.26
1991-09-12,,,5.53,5.22
1991-09-13,,,5.31,5.16
1991-09-14,,,5.31,
1991-09-15,,,5.31,
1991-09-16,,,5.56,5.18
1991-09-17,,,5.61,5.19
1991-09-18,,,5.43,5.18
1991-09-19,,,5.37,5.2
1991-09-20,,,5.24,5.19
1991-09-21,,,5.24,
1991-09-22,,,5.24,
1991-09-23,,,5.32,5.21
1991-09-24,,,5.32,5.17
1991-09-25,,,5.32,5.17
1991-09-26,,,5.4,5.13
1991-09-27,,,5.24,5.13
1991-09-28,,,5.24,
1991-09-29,,,5.24,
1991-09-30,,,5.6,5.11
1991-10-01,,5.21,5.4,5.1
1991-10-02,,,5.2,5.09
1991-10-03,,,5.33,5.04
1991-10-04,,,5.16,5.02
1991-10-05,,,5.16,
1991-10-06,,,5.16,
1991-10-07,,,5.22,5.02
1991-10-08,,,5.18,5.02
1991-10-09,,,5.15,5.01
1991-10-10,,,5.17,5.03
1991-10-11,,,5.03,4.99
1991-10-12,,,5.03,
1991-10-13,,,5.03,
1991-10-14,,,5.03,
1991-10-15,,,5.58,4.96
1991-10-16,,,6.11,4.97
1991-10-17,,,5.33,5.03
1991-10-18,,,5.2,5.03
1991-10-19,,,5.2,
1991-10-20,,,5.2,
1991-10-21,,,5.27,5.04
1991-10-22,,,5.25,5.06
1991-10-23,,,5.21,5.04
1991-10-24,,,5.22,4.97
1991-10-25,,,5.21,4.96
1991-10-26,,,5.21,
1991-10-27,,,5.21,
1991-10-28,,,5.27,4.94
1991-10-29,,,5.11,4.89
1991-10-30,,,4.44,4.84
1991-10-31,,,5.23,4.82
1991-11-01,,4.81,5.03,4.75
1991-11-02,,,5.03,
1991-11-03,,,5.03,
1991-11-04,,,5.09,4.74
1991-11-05,,,5.06,4.76
1991-11-06,,,4.87,4.63
1991-11-07,,,4.8,4.63
1991-11-08,,,4.71,4.62
1991-11-09,,,4.71,
1991-11-10,,,4.71,
1991-11-11,,,4.71,
1991-11-12,,,4.89,4.62
1991-11-13,,,4.62,4.63
1991-11-14,,,4.86,4.63
1991-11-15,,,4.98,4.59
1991-11-16,,,4.98,
1991-11-17,,,4.98,
1991-11-18,,,4.88,4.58
1991-11-19,,,4.78,4.53
1991-11-20,,,4.74,4.49
1991-11-21,,,4.74,4.43
1991-11-22,,,4.75,4.42
1991-11-23,,,4.75,
1991-11-24,,,4.75,
1991-11-25,,,4.89,4.43
1991-11-26,,,4.52,4.4
1991-11-27,,,4.38,4.39
1991-11-28,,,4.38,
1991-11-29,,,4.86,4.35
1991-11-30,,,4.86,
1991-12-01,,4.43,4.86,
1991-12-02,,,5.0,4.38
1991-12-03,,,4.86,4.36
1991-12-04,,,4.71,4.31
1991-12-05,,,4.72,4.31
1991-12-06,,,4.52,4.24
1991-12-07,,,4.52,
1991-12-08,,,4.52,
1991-12-09,,,4.52,4.15
1991-12-10,,,4.4,4.2
1991-12-11,,,4.59,4.15
1991-12-12,,,4.57,4.15
1991-12-13,,,4.42,4.15
1991-12-14,,,4.42,
1991-12-15,,,4.42,
1991-12-16,,,4.65,4.14
1991-12-17,,,4.5,4.11
1991-12-18,,,4.47,4.12
1991-12-19,,,4.6,4.04
1991-12-20,,,4.11,3.74
1991-12-21,,,4.11,
1991-12-22,,,4.11,
1991-12-23,,,4.26,3.76
1991-12-24,,,4.19,3.81
1991-12-25,,,4.19,
1991-12-26,,,4.59,3.82
1991-12-27,,,4.14,3.86
1991-12-28,,,4.14,
1991-12-29,,,4.14,
1991-12-30,,,4.12,3.87
1991-12-31,,,4.09,3.88
1992-01-01,,4.03,4.09,
1992-01-02,,,4.61,3.86
1992-01-03,,,4.06,3.85
1992-01-04,,,4.06,
1992-01-05,,,4.06,
1992-01-06,,,4.04,3.81
1992-01-07,,,3.67,3.75
1992-01-08,,,4.83,3.72
1992-01-09,,,4.22,3.77
1992-01-10,,,3.96,3.82
1992-01-11,,,3.96,
1992-01-12,,,3.96,
1992-01-13,,,3.98,3.81
1992-01-14,,,3.95,3.82
1992-01-15,,,4.04,3.84
1992-01-16,,,3.94,3.79
1992-01-17,,,3.56,3.79
1992-01-18,,,3.56,
1992-01-19,,,3.56,
1992-01-20,,,3.56,
1992-01-21,,,4.11,3.73
1992-01-22,,,4.82,3.75
1992-01-23,,,4.15,3.77
1992-01-24,,,3.96,3.81
1992-01-25,,,3.96,
1992-01-26,,,3.96,
1992-01-27,,,4.08,3.85
1992-01-28,,,4.0,3.83
1992-01-29,,,3.93,3.86
1992-01-30,,,4.02,3.83
1992-01-31,,,4.4,3.84
1992-02-01,,4.06,4.4,
1992-02-02,,,4.4,
1992-02-03,,,4.0,3.84
1992-02-04,,,3.83,3.84
1992-02-05,,,4.17,3.84
1992-02-06,,,4.1,3.81
1992-02-07,,,3.89,3.74
1992-02-08,,,3.89,
1992-02-09,,,3.89,
1992-02-10,,,3.95,3.73
1992-02-11,,,3.91,3.75
1992-02-12,,,3.9,3.75
1992-02-13,,,4.0,3.79
1992-02-14,,,4.0,3.79
1992-02-15,,,4.0,
1992-02-16,,,4.0,
1992-02-17,,,4.0,
1992-02-18,,,4.81,3.81
1992-02-19,,,4.57,3.85
1992-02-20,,,4.1,3.88
1992-02-21,,,3.9,3.93
1992-02-22,,,3.9,
1992-02-23,,,3.9,
1992-02-24,,,4.04,3.93
1992-02-25,,,3.97,3.96
1992-02-26,,,3.93,3.94
1992-02-27,,,3.96,3.93
1992-02-28,,,4.13,3.93
1992-02-29,,,4.13,
1992-03-01,,3.98,4.13,
1992-03-02,,,4.32,4.03
1992-03-03,,,4.02,4.04
1992-03-04,,,3.86,4.03
1992-03-05,,,4.08,4.04
1992-03-06,,,3.95,4.04
1992-03-07,,,3.95,
1992-03-08,,,3.95,
1992-03-09,,,4.0,4.01
1992-03-10,,,3.87,4.01
1992-03-11,,,3.83,4.01
1992-03-12,,,3.94,4.02
1992-03-13,,,3.85,4.06
1992-03-14,,,3.85,
1992-03-15,,,3.85,
1992-03-16,,,4.28,4.06
1992-03-17,,,4.14,4.06
1992-03-18,,,4.4,4.05
1992-03-19,,,4.09,4.05
1992-03-20,,,3.9,4.06
1992-03-21,,,3.9,
1992-03-22,,,3.9,
1992-03-23,,,3.98,4.08
1992-03-24,,,3.86,4.05
1992-03-25,,,3.95,4.01
1992-03-26,,,4.07,4.01
1992-03-27,,,3.85,4.01
1992-03-28,,,3.85,
1992-03-29,,,3.85,
1992-03-30,,,3.94,4.01
1992-03-31,,,4.07,4.05
1992-04-01,,3.73,4.98,4.01
1992-04-02,,,4.15,4.02
1992-04-03,,,3.97,3.96
1992-04-04,,,3.97,
1992-04-05,,,3.97,
1992-04-06,,,3.99,3.96
1992-04-07,,,3.92,3.87
1992-04-08,,,3.87,3.87
1992-04-09,,,3.76,3.66
1992-04-10,,,3.44,3.65
1992-04-11,,,3.44,
1992-04-12,,,3.44,
1992-04-13,,,3.74,3.62
1992-04-14,,,3.68,3.62
1992-04-15,,,4.02,3.62
1992-04-16,,,3.78,3.65
1992-04-17,,,3.08,
1992-04-18,,,3.08,
1992-04-19,,,3.08,
1992-04-20,,,3.75,3.69
1992-04-21,,,3.83,3.68
1992-04-22,,,3.72,3.68
1992-04-23,,,3.68,3.67
1992-04-24,,,3.63,3.67
1992-04-25,,,3.63,
1992-04-26,,,3.63,
1992-04-27,,,3.84,3.71
1992-04-28,,,3.5,3.71
1992-04-29,,,3.62,3.71
1992-04-30,,,3.85,3.7
1992-05-01,,3.82,3.75,3.63
1992-05-02,,,3.75,
1992-05-03,,,3.75,
1992-05-04,,,3.8,3.64
1992-05-05,,,3.77,3.64
1992-05-06,,,3.71,3.62
1992-05-07,,,3.74,3.62
1992-05-08,,,3.71,3.63
1992-05-09,,,3.71,
1992-05-10,,,3.71,
1992-05-11,,,3.88,3.64
1992-05-12,,,3.75,3.62
1992-05-13,,,4.37,3.59
1992-05-14,,,3.93,3.57
1992-05-15,,,3.96,3.58
1992-05-16,,,3.96,
1992-05-17,,,3.96,
1992-05-18,,,3.88,3.6
1992-05-19,,,3.8,3.54
1992-05-20,,,3.75,3.57
1992-05-21,,,3.85,3.67
1992-05-22,,,3.74,3.68
1992-05-23,,,3.74,
1992-05-24,,,3.74,
1992-05-25,,,3.74,
1992-05-26,,,4.02,3.74
1992-05-27,,,3.78,3.7
1992-05-28,,,3.87,3.68
1992-05-29,,,3.8,3.7
1992-05-30,,,3.8,
1992-05-31,,,3.8,
1992-06-01,,3.76,3.96,3.75
1992-06-02,,,3.89,3.74
1992-06-03,,,3.82,3.71
1992-06-04,,,3.78,3.69
1992-06-05,,,3.61,3.68
1992-06-06,,,3.61,
1992-06-07,,,3.61,
1992-06-08,,,3.72,3.68
1992-06-09,,,3.57,3.68
1992-06-10,,,3.96,3.68
1992-06-11,,,3.8,3.66
1992-06-12,,,3.65,3.66
1992-06-13,,,3.65,
1992-06-14,,,3.65,
1992-06-15,,,3.88,3.65
1992-06-16,,,3.74,3.64
1992-06-17,,,3.72,3.62
1992-06-18,,,3.71,3.61
1992-06-19,,,3.66,3.65
1992-06-20,,,3.66,
1992-06-21,,,3.66,
1992-06-22,,,3.85,3.64
1992-06-23,,,3.7,3.68
1992-06-24,,,3.81,3.64
1992-06-25,,,3.87,3.62
1992-06-26,,,3.67,3.62
1992-06-27,,,3.67,
1992-06-28,,,3.67,
1992-06-29,,,3.8,3.57
1992-06-30,,,4.53,3.57
1992-07-01,,3.25,3.89,3.55
1992-07-02,,,3.46,3.24
1992-07-03,,,2.84,
1992-07-04,,,2.84,
1992-07-05,,,2.84,
1992-07-06,,,3.15,3.22
1992-07-07,,,3.35,3.21
1992-07-08,,,4.19,3.22
1992-07-09,,,3.46,3.21
1992-07-10,,,3.2,3.22
1992-07-11,,,3.2,
1992-07-12,,,3.2,
1992-07-13,,,3.28,3.21
1992-07-14,,,3.25,3.21
1992-07-15,,,3.38,3.18
1992-07-16,,,3.32,3.17
1992-07-17,,,3.12,3.16
1992-07-18,,,3.12,
1992-07-19,,,3.12,
1992-07-20,,,3.32,3.18
1992-07-21,,,3.15,3.19
1992-07-22,,,3.4,3.17
1992-07-23,,,3.29,3.16
1992-07-24,,,3.08,3.16
1992-07-25,,,3.08,
1992-07-26,,,3.08,
1992-07-27,,,3.29,3.19
1992-07-28,,,3.27,3.19
1992-07-29,,,3.15,3.18
1992-07-30,,,3.17,3.18
1992-07-31,,,3.37,3.18
1992-08-01,,3.3,3.37,
1992-08-02,,,3.37,
1992-08-03,,,3.37,3.17
1992-08-04,,,3.28,3.17
1992-08-05,,,3.35,3.17
1992-08-06,,,3.34,3.16
1992-08-07,,,3.2,3.14
1992-08-08,,,3.2,
1992-08-09,,,3.2,
1992-08-10,,,3.32,3.13
1992-08-11,,,3.23,3.13
1992-08-12,,,3.22,3.12
1992-08-13,,,3.3,3.09
1992-08-14,,,3.22,3.06
1992-08-15,,,3.22,
1992-08-16,,,3.22,
1992-08-17,,,3.54,3.07
1992-08-18,,,3.26,3.07
1992-08-19,,,3.56,3.08
1992-08-20,,,3.37,3.08
1992-08-21,,,3.2,3.07
1992-08-22,,,3.2,
1992-08-23,,,3.2,
1992-08-24,,,3.35,3.15
1992-08-25,,,3.29,3.17
1992-08-26,,,3.31,3.16
1992-08-27,,,3.36,3.16
1992-08-28,,,3.28,3.16
1992-08-29,,,3.28,
1992-08-30,,,3.28,
1992-08-31,,,3.51,3.16
1992-09-01,,3.22,3.39,3.15
1992-09-02,,,3.21,3.14
1992-09-03,,,3.33,3.14
1992-09-04,,,3.02,2.92
1992-09-05,,,3.02,
1992-09-06,,,3.02,
1992-09-07,,,3.02,
1992-09-08,,,3.13,2.9
1992-09-09,,,3.08,2.91
1992-09-10,,,3.06,2.91
1992-09-11,,,3.01,2.92
1992-09-12,,,3.01,
1992-09-13,,,3.01,
1992-09-14,,,3.22,2.89
1992-09-15,,,3.2,2.92
1992-09-16,,,4.48,2.9
1992-09-17,,,3.22,2.88
1992-09-18,,,3.02,2.88
1992-09-19,,,3.02,
1992-09-20,,,3.02,
1992-09-21,,,3.1,2.91
1992-09-22,,,3.04,2.92
1992-09-23,,,3.06,2.92
1992-09-24,,,3.15,2.89
1992-09-25,,,3.19,2.8
1992-09-26,,,3.19,
1992-09-27,,,3.19,
1992-09-28,,,3.45,2.78
1992-09-29,,,3.26,2.73
1992-09-30,,,4.47,2.69
1992-10-01,,3.1,3.58,2.61
1992-10-02,,,3.15,2.63
1992-10-03,,,3.15,
1992-10-04,,,3.15,
1992-10-05,,,3.22,2.64
1992-10-06,,,3.1,2.73
1992-10-07,,,3.06,2.83
1992-10-08,,,3.04,2.79
1992-10-09,,,2.97,2.83
1992-10-10,,,2.97,
1992-10-11,,,2.97,
1992-10-12,,,2.97,
1992-10-13,,,3.53,2.86
1992-10-14,,,3.96,2.93
1992-10-15,,,3.4,2.92
1992-10-16,,,2.99,2.9
1992-10-17,,,2.99,
1992-10-18,,,2.99,
1992-10-19,,,3.05,2.97
1992-10-20,,,2.97,3.02
1992-10-21,,,2.95,2.93
1992-10-22,,,2.96,2.91
1992-10-23,,,2.9,2.93
1992-10-24,,,2.9,
1992-10-25,,,2.9,
1992-10-26,,,3.12,2.92
1992-10-27,,,2.91,2.94
1992-10-28,,,3.06,2.94
1992-10-29,,,3.08,2.95
1992-10-30,,,3.04,2.96
1992-10-31,,,3.04,
1992-11-01,,3.09,3.04,
1992-11-02,,,3.21,3.01
1992-11-03,,,3.09,3.03
1992-11-04,,,2.98,3.02
1992-11-05,,,2.92,3.01
1992-11-06,,,2.86,3.06
1992-11-07,,,2.86,
1992-11-08,,,2.86,
1992-11-09,,,2.98,3.08
1992-11-10,,,2.93,3.08
1992-11-11,,,2.93,
1992-11-12,,,3.04,3.06
1992-11-13,,,2.85,3.08
1992-11-14,,,2.85,
1992-11-15,,,2.85,
1992-11-16,,,3.28,3.12
1992-11-17,,,3.06,3.17
1992-11-18,,,2.89,3.15
1992-11-19,,,2.94,3.15
1992-11-20,,,2.9,3.2
1992-11-21,,,2.9,
1992-11-22,,,2.9,
1992-11-23,,,2.89,3.24
1992-11-24,,,2.58,3.22
1992-11-25,,,4.6,3.24
1992-11-26,,,4.6,
1992-11-27,,,3.13,3.25
1992-11-28,,,3.13,
1992-11-29,,,3.13,
1992-11-30,,,3.45,3.27
1992-12-01,,2.92,3.17,3.33
1992-12-02,,,2.99,3.34
1992-12-03,,,3.0,3.3
1992-12-04,,,2.86,3.25
1992-12-05,,,2.86,
1992-12-06,,,2.86,
1992-12-07,,,2.92,3.25
1992-12-08,,,2.77,3.26
1992-12-09,,,3.3,3.23
1992-12-10,,,3.08,3.22
1992-12-11,,,2.76,3.25
1992-12-12,,,2.76,
1992-12-13,,,2.76,
1992-12-14,,,2.99,3.26
1992-12-15,,,3.17,3.22
1992-12-16,,,3.02,3.21
1992-12-17,,,2.97,3.2
1992-12-18,,,2.73,3.16
1992-12-19,,,2.73,
1992-12-20,,,2.73,
1992-12-21,,,3.06,3.17
1992-12-22,,,2.97,3.2
1992-12-23,,,3.38,3.18
1992-12-24,,,2.85,3.16
1992-12-25,,,2.85,
1992-12-26,,,2.85,
1992-12-27,,,2.85,
1992-12-28,,,3.27,3.18
1992-12-29,,,2.74,3.2
1992-12-30,,,2.6,3.12
1992-12-31,,,2.66,3.08
1993-01-01,,3.02,2.66,
1993-01-02,,,2.66,
1993-01-03,,,2.66,
1993-01-04,,,3.6,3.08
1993-01-05,,,3.33,3.11
1993-01-06,,,3.62,3.1
1993-01-07,,,3.25,3.12
1993-01-08,,,2.93,3.06
1993-01-09,,,2.93,
1993-01-10,,,2.93,
1993-01-11,,,3.06,3.05
1993-01-12,,,2.91,3.02
1993-01-13,,,2.87,3.0
1993-01-14,,,2.97,2.98
1993-01-15,,,2.96,2.94
1993-01-16,,,2.96,
1993-01-17,,,2.96,
1993-01-18,,,2.96,
1993-01-19,,,3.35,2.99
1993-01-20,,,3.56,3.01
1993-01-21,,,3.05,2.99
1993-01-22,,,2.86,2.97
1993-01-23,,,2.86,
1993-01-24,,,2.86,
1993-01-25,,,3.06,2.95
1993-01-26,,,2.96,2.95
1993-01-27,,,2.94,2.91
1993-01-28,,,2.97,2.9
1993-01-29,,,3.02,2.9
1993-01-30,,,3.02,
1993-01-31,,,3.02,
1993-02-01,,3.03,3.25,2.9
1993-02-02,,,3.18,2.96
1993-02-03,,,3.56,2.93
1993-02-04,,,3.08,2.9
1993-02-05,,,2.87,2.9
1993-02-06,,,2.87,
1993-02-07,,,2.87,
1993-02-08,,,2.94,2.92
1993-02-09,,,2.9,2.93
1993-02-10,,,2.88,2.94
1993-02-11,,,2.97,2.92
1993-02-12,,,2.95,2.93
1993-02-13,,,2.95,
1993-02-14,,,2.95,
1993-02-15,,,2.95,
1993-02-16,,,3.59,2.93
1993-02-17,,,3.09,2.91
1993-02-18,,,2.98,2.89
1993-02-19,,,2.86,2.93
1993-02-20,,,2.86,
1993-02-21,,,2.86,
1993-02-22,,,2.96,2.95
1993-02-23,,,2.91,2.94
1993-02-24,,,2.91,2.96
1993-02-25,,,3.03,2.95
1993-02-26,,,3.18,2.95
1993-02-27,,,3.18,
1993-02-28,,,3.18,
1993-03-01,,3.07,3.65,2.95
1993-03-02,,,3.19,2.97
1993-03-03,,,3.29,2.94
1993-03-04,,,3.1,2.91
1993-03-05,,,3.02,3.0
1993-03-06,,,3.02,
1993-03-07,,,3.02,
1993-03-08,,,3.06,3.0
1993-03-09,,,2.98,2.99
1993-03-10,,,2.96,2.98
1993-03-11,,,3.0,2.96
1993-03-12,,,2.93,2.97
1993-03-13,,,2.93,
1993-03-14,,,2.93,
1993-03-15,,,3.16,2.99
1993-03-16,,,2.72,2.98
1993-03-17,,,3.58,2.98
1993-03-18,,,3.03,2.95
1993-03-19,,,2.88,2.96
1993-03-20,,,2.88,
1993-03-21,,,2.88,
1993-03-22,,,2.99,2.94
1993-03-23,,,2.93,2.92
1993-03-24,,,2.92,2.92
1993-03-25,,,3.05,2.91
1993-03-26,,,3.04,2.93
1993-03-27,,,3.04,
1993-03-28,,,3.04,
1993-03-29,,,3.34,2.94
1993-03-30,,,2.91,2.91
1993-03-31,,,3.83,2.89
1993-04-01,,2.96,3.31,2.9
1993-04-02,,,3.13,2.91
1993-04-03,,,3.13,
1993-04-04,,,3.13,
1993-04-05,,,3.15,2.9
1993-04-06,,,2.97,2.91
1993-04-07,,,2.93,2.92
1993-04-08,,,2.94,2.9
1993-04-09,,,2.82,
1993-04-10,,,2.82,
1993-04-11,,,2.82,
1993-04-12,,,3.11,2.89
1993-04-13,,,2.98,2.85
1993-04-14,,,3.03,2.82
1993-04-15,,,3.15,2.84
1993-04-16,,,2.84,2.84
1993-04-17,,,2.84,
1993-04-18,,,2.84,
1993-04-19,,,2.94,2.81
1993-04-20,,,2.84,2.79
1993-04-21,,,2.95,2.8
1993-04-22,,,2.97,2.82
1993-04-23,,,2.85,2.84
1993-04-24,,,2.85,
1993-04-25,,,2.85,
1993-04-26,,,2.99,2.89
1993-04-27,,,2.72,2.91
1993-04-28,,,2.88,2.92
1993-04-29,,,2.94,2.9
1993-04-30,,,3.01,2.91
1993-05-01,,3.0,3.01,
1993-05-02,,,3.01,
1993-05-03,,,3.03,2.87
1993-05-04,,,2.94,2.87
1993-05-05,,,2.9,2.89
1993-05-06,,,2.88,2.86
1993-05-07,,,2.83,2.87
1993-05-08,,,2.83,
1993-05-09,,,2.83,
1993-05-10,,,2.99,2.87
1993-05-11,,,2.98,2.89
1993-05-12,,,2.95,2.9
1993-05-13,,,2.97,2.93
1993-05-14,,,2.94,2.96
1993-05-15,,,2.94,
1993-05-16,,,2.94,
1993-05-17,,,3.34,3.0
1993-05-18,,,2.97,3.01
1993-05-19,,,2.94,2.97
1993-05-20,,,2.97,2.96
1993-05-21,,,2.96,3.0
1993-05-22,,,2.96,
1993-05-23,,,2.96,
1993-05-24,,,3.15,3.04
1993-05-25,,,3.21,3.07
1993-05-26,,,3.26,3.05
1993-05-27,,,3.11,3.06
1993-05-28,,,3.02,3.06
1993-05-29,,,3.02,
1993-05-30,,,3.02,
1993-05-31,,,3.02,
1993-06-01,,3.04,3.33,3.04
1993-06-02,,,3.12,3.07
1993-06-03,,,3.03,3.03
1993-06-04,,,2.98,3.11
1993-06-05,,,2.98,
1993-06-06,,,2.98,
1993-06-07,,,3.14,3.1
1993-06-08,,,2.72,3.13
1993-06-09,,,2.92,3.11
1993-06-10,,,3.01,3.11
1993-06-11,,,2.93,3.05
1993-06-12,,,2.93,
1993-06-13,,,2.93,
1993-06-14,,,3.06,3.05
1993-06-15,,,3.14,3.05
1993-06-16,,,3.04,3.04
1993-06-17,,,3.02,3.03
1993-06-18,,,2.91,3.06
1993-06-19,,,2.91,
1993-06-20,,,2.91,
1993-06-21,,,3.03,3.06
1993-06-22,,,2.98,3.09
1993-06-23,,,3.24,3.12
1993-06-24,,,3.02,3.1
1993-06-25,,,2.96,3.08
1993-06-26,,,2.96,
1993-06-27,,,2.96,
1993-06-28,,,3.08,3.07
1993-06-29,,,3.0,3.03
1993-06-30,,,3.92,3.03
1993-07-01,,3.06,3.27,2.99
1993-07-02,,,2.96,2.95
1993-07-03,,,2.96,
1993-07-04,,,2.96,
1993-07-05,,,2.96,
1993-07-06,,,3.19,3.01
1993-07-07,,,3.39,3.04
1993-07-08,,,3.09,3.02
1993-07-09,,,2.96,3.02
1993-07-10,,,2.96,
1993-07-11,,,2.96,
1993-07-12,,,3.12,3.01
1993-07-13,,,2.99,3.04
1993-07-14,,,2.97,3.01
1993-07-15,,,3.13,3.01
1993-07-16,,,2.97,3.01
1993-07-17,,,2.97,
1993-07-18,,,2.97,
1993-07-19,,,3.13,3.03
1993-07-20,,,3.08,3.06
1993-07-21,,,3.36,3.07
1993-07-22,,,3.12,3.09
1993-07-23,,,2.99,3.09
1993-07-24,,,2.99,
1993-07-25,,,2.99,
1993-07-26,,,3.11,3.08
1993-07-27,,,3.01,3.1
1993-07-28,,,2.98,3.08
1993-07-29,,,3.04,3.02
1993-07-30,,,3.07,3.03
1993-07-31,,,3.07,
1993-08-01,,3.03,3.07,
1993-08-02,,,3.26,3.07
1993-08-03,,,3.06,3.08
1993-08-04,,,3.14,3.08
1993-08-05,,,3.05,3.05
1993-08-06,,,2.96,3.04
1993-08-07,,,2.96,
1993-08-08,,,2.96,
1993-08-09,,,3.04,3.02
1993-08-10,,,2.96,3.03
1993-08-11,,,2.92,3.02
1993-08-12,,,2.97,3.01
1993-08-13,,,3.0,3.02
1993-08-14,,,3.0,
1993-08-15,,,3.0,
1993-08-16,,,3.34,3.02
1993-08-17,,,3.1,3.01
1993-08-18,,,3.02,2.99
1993-08-19,,,3.02,2.98
1993-08-20,,,2.95,2.99
1993-08-21,,,2.95,
1993-08-22,,,2.95,
1993-08-23,,,3.01,2.99
1993-08-24,,,2.95,2.99
1993-08-25,,,3.03,2.98
1993-08-26,,,3.06,3.0
1993-08-27,,,2.99,3.02
1993-08-28,,,2.99,
1993-08-29,,,2.99,
1993-08-30,,,3.11,3.02
1993-08-31,,,3.19,3.01
1993-09-01,,3.09,3.25,3.01
1993-09-02,,,3.03,2.99
1993-09-03,,,2.94,2.94
1993-09-04,,,2.94,
1993-09-05,,,2.94,
1993-09-06,,,2.94,
1993-09-07,,,3.11,2.93
1993-09-08,,,3.02,2.96
1993-09-09,,,2.99,2.98
1993-09-10,,,2.94,2.96
1993-09-11,,,2.94,
1993-09-12,,,2.94,
1993-09-13,,,3.05,2.97
1993-09-14,,,3.0,2.99
1993-09-15,,,3.38,2.96
1993-09-16,,,3.1,2.95
1993-09-17,,,2.99,2.95
1993-09-18,,,2.99,
1993-09-19,,,2.99,
1993-09-20,,,3.38,2.95
1993-09-21,,,3.23,2.92
1993-09-22,,,3.14,2.92
1993-09-23,,,3.06,2.93
1993-09-24,,,2.99,2.93
1993-09-25,,,2.99,
1993-09-26,,,2.99,
1993-09-27,,,3.16,2.91
1993-09-28,,,3.08,2.9
1993-09-29,,,3.1,2.93
1993-09-30,,,3.99,2.92
1993-10-01,,2.99,3.19,2.92
1993-10-02,,,3.19,
1993-10-03,,,3.19,
1993-10-04,,,3.11,2.93
1993-10-05,,,3.04,3.0
1993-10-06,,,2.98,2.98
1993-10-07,,,2.95,2.98
1993-10-08,,,2.87,2.98
1993-10-09,,,2.87,
1993-10-10,,,2.87,
1993-10-11,,,2.87,
1993-10-12,,,3.07,3.01
1993-10-13,,,2.85,3.03
1993-10-14,,,2.99,3.01
1993-10-15,,,2.97,3.01
1993-10-16,,,2.97,
1993-10-17,,,2.97,
1993-10-18,,,3.03,3.02
1993-10-19,,,2.94,3.06
1993-10-20,,,2.91,3.04
1993-10-21,,,2.94,3.05
1993-10-22,,,2.95,3.04
1993-10-23,,,2.95,
1993-10-24,,,2.95,
1993-10-25,,,3.17,3.04
1993-10-26,,,3.03,3.09
1993-10-27,,,2.82,3.09
1993-10-28,,,3.04,3.04
1993-10-29,,,3.03,3.03
1993-10-30,,,3.03,
1993-10-31,,,3.03,
1993-11-01,,3.02,3.15,3.06
1993-11-02,,,3.02,3.12
1993-11-03,,,2.98,3.09
1993-11-04,,,2.99,3.08
1993-11-05,,,2.95,3.06
1993-11-06,,,2.95,
1993-11-07,,,2.95,
1993-11-08,,,3.04,3.06
1993-11-09,,,2.95,3.11
1993-11-10,,,2.91,3.12
1993-11-11,,,2.91,
1993-11-12,,,3.03,3.11
1993-11-13,,,3.03,
1993-11-14,,,3.03,
1993-11-15,,,3.23,3.11
1993-11-16,,,3.02,3.09
1993-11-17,,,2.99,3.09
1993-11-18,,,2.99,3.11
1993-11-19,,,2.94,3.13
1993-11-20,,,2.94,
1993-11-21,,,2.94,
1993-11-22,,,3.05,3.13
1993-11-23,,,2.94,3.12
1993-11-24,,,3.03,3.12
1993-11-25,,,3.03,
1993-11-26,,,3.09,3.11
1993-11-27,,,3.09,
1993-11-28,,,3.09,
1993-11-29,,,3.12,3.12
1993-11-30,,,3.16,3.14
1993-12-01,,2.96,3.07,3.12
1993-12-02,,,3.04,3.11
1993-12-03,,,2.96,3.11
1993-12-04,,,2.96,
1993-12-05,,,2.96,
1993-12-06,,,2.97,3.09
1993-12-07,,,2.67,3.09
1993-12-08,,,2.87,3.08
1993-12-09,,,2.94,3.06
1993-12-10,,,2.9,3.05
1993-12-11,,,2.9,
1993-12-12,,,2.9,
1993-12-13,,,2.96,3.05
1993-12-14,,,2.95,3.04
1993-12-15,,,3.06,3.03
1993-12-16,,,3.03,3.03
1993-12-17,,,2.94,3.03
1993-12-18,,,2.94,
1993-12-19,,,2.94,
1993-12-20,,,3.03,3.05
1993-12-21,,,2.97,3.07
1993-12-22,,,3.08,3.06
1993-12-23,,,3.05,3.06
1993-12-24,,,2.97,
1993-12-25,,,2.97,
1993-12-26,,,2.97,
1993-12-27,,,3.11,3.06
1993-12-28,,,2.98,3.06
1993-12-29,,,2.85,3.01
1993-12-30,,,2.82,2.98
1993-12-31,,,2.85,3.01
1994-01-01,,3.05,2.85,
1994-01-02,,,2.85,
1994-01-03,,,3.15,3.03
1994-01-04,,,3.03,3.08
1994-01-05,,,3.46,3.07
1994-01-06,,,3.08,3.05
1994-01-07,,,2.96,3.01
1994-01-08,,,2.96,
1994-01-09,,,2.96,
1994-01-10,,,3.02,2.99
1994-01-11,,,2.97,2.98
1994-01-12,,,2.93,2.96
1994-01-13,,,2.94,2.95
1994-01-14,,,2.95,2.97
1994-01-15,,,2.95,
1994-01-16,,,2.95,
1994-01-17,,,2.95,
1994-01-18,,,3.97,2.96
1994-01-19,,,3.2,2.97
1994-01-20,,,2.97,2.95
1994-01-21,,,2.91,2.95
1994-01-22,,,2.91,
1994-01-23,,,2.91,
1994-01-24,,,3.04,2.93
1994-01-25,,,3.04,2.93
1994-01-26,,,3.04,2.92
1994-01-27,,,3.0,2.92
1994-01-28,,,2.98,2.93
1994-01-29,,,2.98,
1994-01-30,,,2.98,
1994-01-31,,,3.68,2.96
1994-02-01,,3.25,3.25,3.03
1994-02-02,,,3.31,3.06
1994-02-03,,,3.12,3.13
1994-02-04,,,3.19,3.23
1994-02-05,,,3.19,
1994-02-06,,,3.19,
1994-02-07,,,3.31,3.22
1994-02-08,,,3.24,3.25
1994-02-09,,,3.15,3.25
1994-02-10,,,3.16,3.26
1994-02-11,,,3.14,3.26
1994-02-12,,,3.14,
1994-02-13,,,3.14,
1994-02-14,,,3.35,3.26
1994-02-15,,,3.49,3.27
1994-02-16,,,3.34,3.27
1994-02-17,,,3.3,3.28
1994-02-18,,,3.21,3.29
1994-02-19,,,3.21,
1994-02-20,,,3.21,
1994-02-21,,,3.21,
1994-02-22,,,3.33,3.29
1994-02-23,,,3.25,3.38
1994-02-24,,,3.25,3.36
1994-02-25,,,3.23,3.37
1994-02-26,,,3.23,
1994-02-27,,,3.23,
1994-02-28,,,3.49,3.36
1994-03-01,,3.34,3.31,3.5
1994-03-02,,,3.24,3.47
1994-03-03,,,3.26,3.48
1994-03-04,,,3.25,3.53
1994-03-05,,,3.25,
1994-03-06,,,3.25,
1994-03-07,,,3.29,3.52
1994-03-08,,,3.24,3.55
1994-03-09,,,3.22,3.53
1994-03-10,,,3.22,3.49
1994-03-11,,,3.17,3.49
1994-03-12,,,3.17,
1994-03-13,,,3.17,
1994-03-14,,,3.3,3.54
1994-03-15,,,3.25,3.58
1994-03-16,,,3.05,3.53
1994-03-17,,,3.24,3.47
1994-03-18,,,3.22,3.48
1994-03-19,,,3.22,
1994-03-20,,,3.22,
1994-03-21,,,3.36,3.52
1994-03-22,,,3.44,3.52
1994-03-23,,,3.47,3.46
1994-03-24,,,3.49,3.45
1994-03-25,,,3.53,3.48
1994-03-26,,,3.53,
1994-03-27,,,3.53,
1994-03-28,,,3.53,3.5
1994-03-29,,,3.45,3.51
1994-03-30,,,3.36,3.49
1994-03-31,,,4.18,3.48
1994-04-01,,3.56,3.64,
1994-04-02,,,3.64,
1994-04-03,,,3.64,
1994-04-04,,,3.62,3.65
1994-04-05,,,3.6,3.66
1994-04-06,,,3.48,3.59
1994-04-07,,,3.46,3.53
1994-04-08,,,3.36,3.56
1994-04-09,,,3.36,
1994-04-10,,,3.36,
1994-04-11,,,3.41,3.54
1994-04-12,,,3.24,3.56
1994-04-13,,,3.43,3.56
1994-04-14,,,3.49,3.58
1994-04-15,,,3.51,3.59
1994-04-16,,,3.51,
1994-04-17,,,3.51,
1994-04-18,,,3.7,3.7
1994-04-19,,,3.71,3.74
1994-04-20,,,3.71,3.74
1994-04-21,,,3.7,3.74
1994-04-22,,,3.7,3.75
1994-04-23,,,3.7,
1994-04-24,,,3.7,
1994-04-25,,,3.78,3.76
1994-04-26,,,3.42,3.88
1994-04-27,,,3.15,
1994-04-28,,,3.66,3.89
1994-04-29,,,3.73,3.87
1994-04-30,,,3.73,
1994-05-01,,4.01,3.73,
1994-05-02,,,3.86,3.92
1994-05-03,,,3.81,4.02
1994-05-04,,,3.78,4.05
1994-05-05,,,3.77,4.03
1994-05-06,,,3.78,4.18
1994-05-07,,,3.78,
1994-05-08,,,3.78,
1994-05-09,,,3.77,4.25
1994-05-10,,,3.58,4.24
1994-05-11,,,3.42,4.22
1994-05-12,,,3.78,4.13
1994-05-13,,,3.84,4.12
1994-05-14,,,3.84,
1994-05-15,,,3.84,
1994-05-16,,,4.29,4.15
1994-05-17,,,4.27,4.2
1994-05-18,,,4.26,4.19
1994-05-19,,,4.23,4.13
1994-05-20,,,4.21,4.15
1994-05-21,,,4.21,
1994-05-22,,,4.21,
1994-05-23,,,4.28,4.16
1994-05-24,,,4.19,4.22
1994-05-25,,,4.24,4.18
1994-05-26,,,4.23,4.16
1994-05-27,,,4.19,4.18
1994-05-28,,,4.19,
1994-05-29,,,4.19,
1994-05-30,,,4.19,
1994-05-31,,,4.6,4.16
1994-06-01,,4.25,4.33,4.18
1994-06-02,,,4.25,4.13
1994-06-03,,,4.16,4.12
1994-06-04,,,4.16,
1994-06-05,,,4.16,
1994-06-06,,,4.17,4.09
1994-06-07,,,4.03,4.12
1994-06-08,,,4.0,4.11
1994-06-09,,,4.17,4.12
1994-06-10,,,4.18,4.11
1994-06-11,,,4.18,
1994-06-12,,,4.18,
1994-06-13,,,4.24,4.12
1994-06-14,,,4.23,4.11
1994-06-15,,,4.3,4.13
1994-06-16,,,4.26,4.11
1994-06-17,,,4.17,4.12
1994-06-18,,,4.17,
1994-06-19,,,4.17,
1994-06-20,,,4.24,4.12
1994-06-21,,,4.14,4.2
1994-06-22,,,4.18,4.18
1994-06-23,,,4.18,4.15
1994-06-24,,,4.17,4.17
1994-06-25,,,4.17,
1994-06-26,,,4.17,
1994-06-27,,,4.29,4.14
1994-06-28,,,4.21,4.18
1994-06-29,,,4.15,4.15
1994-06-30,,,5.96,4.15
1994-07-01,,4.26,3.82,4.2
1994-07-02,,,3.82,
1994-07-03,,,3.82,
1994-07-04,,,3.82,
1994-07-05,,,4.37,4.21
1994-07-06,,,5.02,4.28
1994-07-07,,,4.36,4.25
1994-07-08,,,4.32,4.37
1994-07-09,,,4.32,
1994-07-10,,,4.32,
1994-07-11,,,4.31,4.43
1994-07-12,,,4.23,4.45
1994-07-13,,,4.22,4.41
1994-07-14,,,4.22,4.3
1994-07-15,,,4.22,4.26
1994-07-16,,,4.22,
1994-07-17,,,4.22,
1994-07-18,,,4.23,4.24
1994-07-19,,,4.19,4.26
1994-07-20,,,4.78,4.3
1994-07-21,,,4.3,4.33
1994-07-22,,,4.26,4.38
1994-07-23,,,4.26,
1994-07-24,,,4.26,
1994-07-25,,,4.32,4.38
1994-07-26,,,4.26,4.41
1994-07-27,,,4.28,4.46
1994-07-28,,,4.3,4.42
1994-07-29,,,4.29,4.27
1994-07-30,,,4.29,
1994-07-31,,,4.29,
1994-08-01,,4.47,4.34,4.28
1994-08-02,,,4.21,4.33
1994-08-03,,,4.25,4.33
1994-08-04,,,4.28,4.32
1994-08-05,,,4.28,4.46
1994-08-06,,,4.28,
1994-08-07,,,4.28,
1994-08-08,,,4.3,4.47
1994-08-09,,,4.23,4.45
1994-08-10,,,4.19,4.38
1994-08-11,,,4.22,4.34
1994-08-12,,,4.22,4.38
1994-08-13,,,4.22,
1994-08-14,,,4.22,
1994-08-15,,,4.5,4.45
1994-08-16,,,4.35,4.62
1994-08-17,,,4.72,4.57
1994-08-18,,,4.7,4.59
1994-08-19,,,4.64,4.56
1994-08-20,,,4.64,
1994-08-21,,,4.64,
1994-08-22,,,4.69,4.54
1994-08-23,,,4.64,4.57
1994-08-24,,,4.64,4.54
1994-08-25,,,4.75,4.56
1994-08-26,,,4.71,4.56
1994-08-27,,,4.71,
1994-08-28,,,4.71,
1994-08-29,,,4.78,4.57
1994-08-30,,,4.67,4.59
1994-08-31,,,4.7,4.56
1994-09-01,,4.73,4.76,4.55
1994-09-02,,,4.72,4.55
1994-09-03,,,4.72,
1994-09-04,,,4.72,
1994-09-05,,,4.72,
1994-09-06,,,4.81,4.55
1994-09-07,,,4.74,4.54
1994-09-08,,,4.72,4.55
1994-09-09,,,4.68,4.58
1994-09-10,,,4.68,
1994-09-11,,,4.68,
1994-09-12,,,4.73,4.59
1994-09-13,,,4.64,4.6
1994-09-14,,,4.78,4.58
1994-09-15,,,4.79,4.58
1994-09-16,,,4.68,4.61
1994-09-17,,,4.68,
1994-09-18,,,4.68,
1994-09-19,,,4.71,4.58
1994-09-20,,,4.7,4.62
1994-09-21,,,4.87,4.79
1994-09-22,,,4.78,4.79
1994-09-23,,,4.71,4.78
1994-09-24,,,4.71,
1994-09-25,,,4.71,
1994-09-26,,,4.78,4.78
1994-09-27,,,4.29,4.71
1994-09-28,,,4.61,4.54
1994-09-29,,,4.77,4.58
1994-09-30,,,5.44,4.67
1994-10-01,,4.76,5.44,
1994-10-02,,,5.44,
1994-10-03,,,4.83,4.73
1994-10-04,,,4.78,4.96
1994-10-05,,,4.77,4.96
1994-10-06,,,4.77,4.97
1994-10-07,,,4.57,4.88
1994-10-08,,,4.57,
1994-10-09,,,4.57,
1994-10-10,,,4.57,
1994-10-11,,,4.71,4.89
1994-10-12,,,4.56,4.99
1994-10-13,,,4.71,4.91
1994-10-14,,,4.71,4.86
1994-10-15,,,4.71,
1994-10-16,,,4.71,
1994-10-17,,,4.78,4.85
1994-10-18,,,4.71,4.91
1994-10-19,,,4.69,4.92
1994-10-20,,,4.7,5.0
1994-10-21,,,4.68,5.0
1994-10-22,,,4.68,
1994-10-23,,,4.68,
1994-10-24,,,4.72,5.02
1994-10-25,,,4.67,5.06
1994-10-26,,,4.88,5.0
1994-10-27,,,4.77,4.98
1994-10-28,,,4.76,5.01
1994-10-29,,,4.76,
1994-10-30,,,4.76,
1994-10-31,,,4.9,5.03
1994-11-01,,5.29,4.76,5.08
1994-11-02,,,4.67,5.09
1994-11-03,,,4.71,5.1
1994-11-04,,,4.66,5.18
1994-11-05,,,4.66,
1994-11-06,,,4.66,
1994-11-07,,,4.69,5.22
1994-11-08,,,4.51,5.23
1994-11-09,,,5.28,5.2
1994-11-10,,,4.99,5.23
1994-11-11,,,4.99,
1994-11-12,,,4.99,
1994-11-13,,,4.99,
1994-11-14,,,5.48,5.28
1994-11-15,,,5.59,5.38
1994-11-16,,,5.53,5.37
1994-11-17,,,5.51,5.35
1994-11-18,,,5.43,5.34
1994-11-19,,,5.43,
1994-11-20,,,5.43,
1994-11-21,,,5.49,5.33
1994-11-22,,,5.43,5.34
1994-11-23,,,6.0,5.29
1994-11-24,,,6.0,
1994-11-25,,,6.03,5.29
1994-11-26,,,6.03,
1994-11-27,,,6.03,
1994-11-28,,,5.67,5.39
1994-11-29,,,5.54,5.53
1994-11-30,,,5.66,5.56
1994-12-01,,5.45,5.49,5.55
1994-12-02,,,5.42,5.63
1994-12-03,,,5.42,
1994-12-04,,,5.42,
1994-12-05,,,5.4,5.76
1994-12-06,,,5.07,5.77
1994-12-07,,,6.09,5.66
1994-12-08,,,5.53,5.67
1994-12-09,,,5.48,5.66
1994-12-10,,,5.48,
1994-12-11,,,5.48,
1994-12-12,,,5.52,5.72
1994-12-13,,,5.41,5.78
1994-12-14,,,5.46,5.68
1994-12-15,,,5.61,5.54
1994-12-16,,,5.34,5.56
1994-12-17,,,5.34,
1994-12-18,,,5.34,
1994-12-19,,,5.27,5.56
1994-12-20,,,5.43,5.48
1994-12-21,,,6.56,5.41
1994-12-22,,,5.8,5.46
1994-12-23,,,5.31,5.53
1994-12-24,,,5.31,
1994-12-25,,,5.31,
1994-12-26,,,5.31,
1994-12-27,,,5.6,5.53
1994-12-28,,,5.48,5.52
1994-12-29,,,5.49,5.51
1994-12-30,,,4.94,5.53
1994-12-31,,,4.94,
1995-01-01,,5.53,4.94,
1995-01-02,,,4.94,
1995-01-03,,,5.98,5.53
1995-01-04,,,6.59,5.69
1995-01-05,,,5.72,5.72
1995-01-06,,,5.52,5.74
1995-01-07,,,5.52,
1995-01-08,,,5.52,
1995-01-09,,,5.52,5.75
1995-01-10,,,5.44,5.74
1995-01-11,,,5.44,5.63
1995-01-12,,,5.5,5.62
1995-01-13,,,5.47,5.57
1995-01-14,,,5.47,
1995-01-15,,,5.47,
1995-01-16,,,5.47,
1995-01-17,,,5.69,5.62
1995-01-18,,,5.06,5.71
1995-01-19,,,5.44,5.71
1995-01-20,,,5.37,5.75
1995-01-21,,,5.37,
1995-01-22,,,5.37,
1995-01-23,,,5.47,5.76
1995-01-24,,,5.45,5.81
1995-01-25,,,5.46,5.77
1995-01-26,,,5.53,5.77
1995-01-27,,,5.67,5.76
1995-01-28,,,5.67,
1995-01-29,,,5.67,
1995-01-30,,,5.76,5.73
1995-01-31,,,5.86,5.83
1995-02-01,,5.92,5.25,5.9
1995-02-02,,,5.98,5.85
1995-02-03,,,5.94,5.8
1995-02-04,,,5.94,
1995-02-05,,,5.94,
1995-02-06,,,5.99,5.8
1995-02-07,,,5.94,5.81
1995-02-08,,,5.93,5.77
1995-02-09,,,5.95,5.78
1995-02-10,,,5.94,5.81
1995-02-11,,,5.94,
1995-02-12,,,5.94,
1995-02-13,,,6.0,5.8
1995-02-14,,,5.82,5.79
1995-02-15,,,5.95,5.77
1995-02-16,,,5.96,5.69
1995-02-17,,,5.93,5.7
1995-02-18,,,5.93,
1995-02-19,,,5.93,
1995-02-20,,,5.93,
1995-02-21,,,5.99,5.74
1995-02-22,,,5.9,5.69
1995-02-23,,,5.91,5.72
1995-02-24,,,5.87,5.72
1995-02-25,,,5.87,
1995-02-26,,,5.87,
1995-02-27,,,5.99,5.72
1995-02-28,,,6.1,5.76
1995-03-01,,5.98,5.56,5.76
1995-03-02,,,5.94,5.75
1995-03-03,,,5.93,5.72
1995-03-04,,,5.93,
1995-03-05,,,5.93,
1995-03-06,,,5.95,5.74
1995-03-07,,,5.93,5.78
1995-03-08,,,5.91,5.77
1995-03-09,,,5.92,5.73
1995-03-10,,,5.9,5.77
1995-03-11,,,5.9,
1995-03-12,,,5.9,
1995-03-13,,,5.96,5.76
1995-03-14,,,5.93,5.75
1995-03-15,,,6.06,5.74
1995-03-16,,,5.97,5.74
1995-03-17,,,5.95,5.74
1995-03-18,,,5.95,
1995-03-19,,,5.95,
1995-03-20,,,6.0,5.73
1995-03-21,,,5.97,5.74
1995-03-22,,,5.97,5.73
1995-03-23,,,6.01,5.71
1995-03-24,,,6.03,5.67
1995-03-25,,,6.03,
1995-03-26,,,6.03,
1995-03-27,,,6.13,5.66
1995-03-28,,,6.1,5.71
1995-03-29,,,6.07,5.66
1995-03-30,,,6.16,5.7
1995-03-31,,,6.3,5.7
1995-04-01,,6.05,6.3,
1995-04-02,,,6.3,
1995-04-03,,,6.28,5.7
1995-04-04,,,6.08,5.73
1995-04-05,,,5.98,5.7
1995-04-06,,,5.95,5.67
1995-04-07,,,5.94,5.68
1995-04-08,,,5.94,
1995-04-09,,,5.94,
1995-04-10,,,6.0,5.65
1995-04-11,,,5.91,5.66
1995-04-12,,,6.17,5.64
1995-04-13,,,6.17,5.58
1995-04-14,,,6.09,
1995-04-15,,,6.09,
1995-04-16,,,6.09,
1995-04-17,,,6.14,5.62
1995-04-18,,,5.98,5.61
1995-04-19,,,5.92,5.62
1995-04-20,,,5.96,5.6
1995-04-21,,,5.93,5.62
1995-04-22,,,5.93,
1995-04-23,,,5.93,
1995-04-24,,,5.98,5.62
1995-04-25,,,5.97,5.67
1995-04-26,,,6.23,5.67
1995-04-27,,,6.04,5.69
1995-04-28,,,6.06,5.69
1995-04-29,,,6.06,
1995-04-30,,,6.06,
1995-05-01,,6.01,6.1,5.71
1995-05-02,,,6.01,5.71
1995-05-03,,,6.0,5.66
1995-05-04,,,6.01,5.6
1995-05-05,,,5.98,5.57
1995-05-06,,,5.98,
1995-05-07,,,5.98,
1995-05-08,,,6.04,5.58
1995-05-09,,,5.95,5.63
1995-05-10,,,6.03,5.64
1995-05-11,,,6.0,5.66
1995-05-12,,,5.99,5.69
1995-05-13,,,5.99,
1995-05-14,,,5.99,
1995-05-15,,,6.17,5.7
1995-05-16,,,6.01,5.69
1995-05-17,,,5.97,5.68
1995-05-18,,,5.98,5.69
1995-05-19,,,5.94,5.69
1995-05-20,,,5.94,
1995-05-21,,,5.94,
1995-05-22,,,6.0,5.71
1995-05-23,,,5.96,5.73
1995-05-24,,,6.16,5.69
1995-05-25,,,6.04,5.66
1995-05-26,,,5.97,5.66
1995-05-27,,,5.97,
1995-05-28,,,5.97,
1995-05-29,,,5.97,
1995-05-30,,,6.07,5.65
1995-05-31,,,6.17,5.63
1995-06-01,,6.0,6.04,5.5
1995-06-02,,,6.02,5.42
1995-06-03,,,6.02,
1995-06-04,,,6.02,
1995-06-05,,,5.99,5.51
1995-06-06,,,5.96,5.52
1995-06-07,,,6.15,5.57
1995-06-08,,,6.08,5.59
1995-06-09,,,6.02,5.6
1995-06-10,,,6.02,
1995-06-11,,,6.02,
1995-06-12,,,6.02,5.56
1995-06-13,,,5.97,5.44
1995-06-14,,,5.99,5.44
1995-06-15,,,6.1,5.48
1995-06-16,,,6.02,5.49
1995-06-17,,,6.02,
1995-06-18,,,6.02,
1995-06-19,,,6.05,5.46
1995-06-20,,,6.01,5.48
1995-06-21,,,5.77,5.43
1995-06-22,,,5.99,5.37
1995-06-23,,,5.94,5.38
1995-06-24,,,5.94,
1995-06-25,,,5.94,
1995-06-26,,,5.99,5.39
1995-06-27,,,5.94,5.42
1995-06-28,,,5.92,5.4
1995-06-29,,,5.96,5.5
1995-06-30,,,6.11,5.44
1995-07-01,,5.85,6.11,
1995-07-02,,,6.11,
1995-07-03,,,5.89,5.46
1995-07-04,,,5.89,
1995-07-05,,,7.41,5.51
1995-07-06,,,6.06,5.37
1995-07-07,,,5.77,5.38
1995-07-08,,,5.77,
1995-07-09,,,5.77,
1995-07-10,,,5.78,5.36
1995-07-11,,,5.75,5.39
1995-07-12,,,5.74,5.38
1995-07-13,,,5.75,5.39
1995-07-14,,,5.68,5.43
1995-07-15,,,5.68,
1995-07-16,,,5.68,
1995-07-17,,,5.76,5.45
1995-07-18,,,5.67,5.44
1995-07-19,,,5.82,5.41
1995-07-20,,,5.8,5.43
1995-07-21,,,5.74,5.44
1995-07-22,,,5.74,
1995-07-23,,,5.74,
1995-07-24,,,5.75,5.44
1995-07-25,,,5.73,5.45
1995-07-26,,,5.76,5.46
1995-07-27,,,5.78,5.41
1995-07-28,,,5.77,5.42
1995-07-29,,,5.77,
1995-07-30,,,5.77,
1995-07-31,,,5.97,5.42
1995-08-01,,5.74,5.55,5.44
1995-08-02,,,6.21,5.42
1995-08-03,,,5.79,5.42
1995-08-04,,,5.72,5.41
1995-08-05,,,5.72,
1995-08-06,,,5.72,
1995-08-07,,,5.76,5.4
1995-08-08,,,5.7,5.38
1995-08-09,,,5.67,5.39
1995-08-10,,,5.68,5.4
1995-08-11,,,5.67,5.42
1995-08-12,,,5.67,
1995-08-13,,,5.67,
1995-08-14,,,5.76,5.43
1995-08-15,,,5.9,5.45
1995-08-16,,,5.86,5.43
1995-08-17,,,5.76,5.44
1995-08-18,,,5.68,5.44
1995-08-19,,,5.68,
1995-08-20,,,5.68,
1995-08-21,,,5.71,5.45
1995-08-22,,,5.68,5.46
1995-08-23,,,5.68,5.43
1995-08-24,,,5.71,5.36
1995-08-25,,,5.71,5.34
1995-08-26,,,5.71,
1995-08-27,,,5.71,
1995-08-28,,,5.72,5.31
1995-08-29,,,5.48,5.34
1995-08-30,,,5.9,5.3
1995-08-31,,,5.93,5.29
1995-09-01,,5.8,5.72,5.29
1995-09-02,,,5.72,
1995-09-03,,,5.72,
1995-09-04,,,5.72,
1995-09-05,,,5.86,5.31
1995-09-06,,,5.75,5.32
1995-09-07,,,5.74,5.34
1995-09-08,,,5.67,5.36
1995-09-09,,,5.67,
1995-09-10,,,5.67,
1995-09-11,,,5.73,5.35
1995-09-12,,,5.65,5.31
1995-09-13,,,5.96,5.31
1995-09-14,,,5.88,5.28
1995-09-15,,,5.8,5.3
1995-09-16,,,5.8,
1995-09-17,,,5.8,
1995-09-18,,,5.76,5.29
1995-09-19,,,5.73,5.2
1995-09-20,,,5.72,5.18
1995-09-21,,,5.71,5.24
1995-09-22,,,5.66,5.19
1995-09-23,,,5.66,
1995-09-24,,,5.66,
1995-09-25,,,5.75,5.24
1995-09-26,,,5.73,5.29
1995-09-27,,,6.45,5.26
1995-09-28,,,6.05,5.28
1995-09-29,,,6.2,5.24
1995-09-30,,,6.2,
1995-10-01,,5.76,6.2,
1995-10-02,,,5.93,5.26
1995-10-03,,,5.75,5.35
1995-10-04,,,5.69,5.31
1995-10-05,,,5.69,5.28
1995-10-06,,,5.65,5.31
1995-10-07,,,5.65,
1995-10-08,,,5.65,
1995-10-09,,,5.65,
1995-10-10,,,5.74,5.29
1995-10-11,,,6.01,5.31
1995-10-12,,,5.8,5.3
1995-10-13,,,5.7,5.29
1995-10-14,,,5.7,
1995-10-15,,,5.7,
1995-10-16,,,5.74,5.32
1995-10-17,,,5.66,5.27
1995-10-18,,,5.65,5.25
1995-10-19,,,5.7,5.25
1995-10-20,,,5.7,5.27
1995-10-21,,,5.7,
1995-10-22,,,5.7,
1995-10-23,,,5.74,5.27
1995-10-24,,,5.7,5.22
1995-10-25,,,6.09,5.23
1995-10-26,,,5.76,5.22
1995-10-27,,,5.68,5.25
1995-10-28,,,5.68,
1995-10-29,,,5.68,
1995-10-30,,,5.78,5.28
1995-10-31,,,5.97,5.32
1995-11-01,,5.8,5.76,5.32
1995-11-02,,,5.72,5.31
1995-11-03,,,5.66,5.31
1995-11-04,,,5.66,
1995-11-05,,,5.66,
1995-11-06,,,5.71,5.34
1995-11-07,,,5.65,5.37
1995-11-08,,,5.93,5.36
1995-11-09,,,5.74,5.39
1995-11-10,,,5.68,5.42
1995-11-11,,,5.68,
1995-11-12,,,5.68,
1995-11-13,,,5.74,5.42
1995-11-14,,,5.71,5.38
1995-11-15,,,5.94,5.39
1995-11-16,,,5.84,5.36
1995-11-17,,,5.7,5.35
1995-11-18,,,5.7,
1995-11-19,,,5.7,
1995-11-20,,,5.73,5.35
1995-11-21,,,5.68,5.36
1995-11-22,,,6.31,5.36
1995-11-23,,,6.31,
1995-11-24,,,5.97,5.32
1995-11-25,,,5.97,
1995-11-26,,,5.97,
1995-11-27,,,5.77,5.34
1995-11-28,,,5.69,5.37
1995-11-29,,,5.72,5.34
1995-11-30,,,6.11,5.32
1995-12-01,,5.6,5.56,5.29
1995-12-02,,,5.56,
1995-12-03,,,5.56,
1995-12-04,,,5.74,5.31
1995-12-05,,,5.72,5.31
1995-12-06,,,5.99,5.32
1995-12-07,,,5.82,5.34
1995-12-08,,,5.73,5.34
1995-12-09,,,5.73,
1995-12-10,,,5.73,
1995-12-11,,,5.73,5.33
1995-12-12,,,5.69,5.25
1995-12-13,,,5.7,5.26
1995-12-14,,,5.82,5.26
1995-12-15,,,5.78,5.2
1995-12-16,,,5.78,
1995-12-17,,,5.78,
1995-12-18,,,5.76,5.2
1995-12-19,,,5.63,5.09
1995-12-20,,,6.74,5.0
1995-12-21,,,5.74,4.91
1995-12-22,,,5.44,4.9
1995-12-23,,,5.44,
1995-12-24,,,5.44,
1995-12-25,,,5.44,
1995-12-26,,,5.5,4.86
1995-12-27,,,5.39,4.9
1995-12-28,,,5.53,4.84
1995-12-29,,,4.73,4.96
1995-12-30,,,4.73,
1995-12-31,,,4.73,
1996-01-01,,5.56,4.73,
1996-01-02,,,6.06,4.97
1996-01-03,,,6.93,5.05
1996-01-04,,,5.69,5.04
1996-01-05,,,5.46,5.03
1996-01-06,,,5.46,
1996-01-07,,,5.46,
1996-01-08,,,6.01,5.03
1996-01-09,,,5.28,5.01
1996-01-10,,,5.35,5.04
1996-01-11,,,5.52,5.04
1996-01-12,,,5.5,5.05
1996-01-13,,,5.5,
1996-01-14,,,5.5,
1996-01-15,,,5.5,
1996-01-16,,,5.84,5.0
1996-01-17,,,5.91,4.99
1996-01-18,,,5.51,4.96
1996-01-19,,,5.4,4.96
1996-01-20,,,5.4,
1996-01-21,,,5.4,
1996-01-22,,,5.46,4.98
1996-01-23,,,5.44,4.97
1996-01-24,,,5.5,4.97
1996-01-25,,,5.56,4.97
1996-01-26,,,5.51,4.97
1996-01-27,,,5.51,
1996-01-28,,,5.51,
1996-01-29,,,5.53,5.0
1996-01-30,,,5.37,4.99
1996-01-31,,,5.71,4.91
1996-02-01,,5.22,5.27,4.89
1996-02-02,,,5.23,4.85
1996-02-03,,,5.23,
1996-02-04,,,5.23,
1996-02-05,,,5.23,4.86
1996-02-06,,,5.16,4.84
1996-02-07,,,5.13,4.8
1996-02-08,,,5.18,4.78
1996-02-09,,,5.17,4.79
1996-02-10,,,5.17,
1996-02-11,,,5.17,
1996-02-12,,,5.12,4.8
1996-02-13,,,4.93,4.79
1996-02-14,,,4.92,4.8
1996-02-15,,,5.36,4.78
1996-02-16,,,5.13,4.76
1996-02-17,,,5.13,
1996-02-18,,,5.13,
1996-02-19,,,5.13,
1996-02-20,,,5.2,4.83
1996-02-21,,,5.1,4.82
1996-02-22,,,5.15,4.81
1996-02-23,,,5.14,4.83
1996-02-24,,,5.14,
1996-02-25,,,5.14,
1996-02-26,,,5.19,4.85
1996-02-27,,,5.2,4.88
1996-02-28,,,6.18,4.88
1996-02-29,,,6.05,4.89
1996-03-01,,5.31,5.81,4.86
1996-03-02,,,5.81,
1996-03-03,,,5.81,
1996-03-04,,,5.33,4.89
1996-03-05,,,5.13,4.89
1996-03-06,,,5.08,4.9
1996-03-07,,,5.21,4.9
1996-03-08,,,5.16,4.88
1996-03-09,,,5.16,
1996-03-10,,,5.16,
1996-03-11,,,5.25,4.96
1996-03-12,,,5.25,4.96
1996-03-13,,,5.49,4.96
1996-03-14,,,5.56,4.98
1996-03-15,,,5.42,5.01
1996-03-16,,,5.42,
1996-03-17,,,5.42,
1996-03-18,,,5.27,5.03
1996-03-19,,,5.2,5.05
1996-03-20,,,5.21,5.02
1996-03-21,,,5.21,4.94
1996-03-22,,,5.17,4.97
1996-03-23,,,5.17,
1996-03-24,,,5.17,
1996-03-25,,,5.29,4.93
1996-03-26,,,5.23,5.0
1996-03-27,,,5.29,5.03
1996-03-28,,,5.31,5.05
1996-03-29,,,5.25,5.0
1996-03-30,,,5.25,
1996-03-31,,,5.25,
1996-04-01,,5.22,5.53,5.03
1996-04-02,,,5.29,5.02
1996-04-03,,,5.25,5.01
1996-04-04,,,5.25,4.98
1996-04-05,,,4.89,5.02
1996-04-06,,,4.89,
1996-04-07,,,4.89,
1996-04-08,,,5.14,5.02
1996-04-09,,,5.07,4.97
1996-04-10,,,5.46,4.95
1996-04-11,,,5.33,4.95
1996-04-12,,,5.22,4.94
1996-04-13,,,5.22,
1996-04-14,,,5.22,
1996-04-15,,,5.33,4.87
1996-04-16,,,5.17,4.82
1996-04-17,,,5.17,4.83
1996-04-18,,,5.19,4.85
1996-04-19,,,5.1,4.88
1996-04-20,,,5.1,
1996-04-21,,,5.1,
1996-04-22,,,5.23,4.88
1996-04-23,,,5.38,4.97
1996-04-24,,,5.57,5.0
1996-04-25,,,5.34,4.96
1996-04-26,,,5.21,4.98
1996-04-27,,,5.21,
1996-04-28,,,5.21,
1996-04-29,,,5.25,5.0
1996-04-30,,,5.5,5.01
1996-05-01,,5.24,5.41,4.98
1996-05-02,,,5.28,4.99
1996-05-03,,,5.14,5.0
1996-05-04,,,5.14,
1996-05-05,,,5.14,
1996-05-06,,,5.26,4.99
1996-05-07,,,5.24,5.01
1996-05-08,,,5.31,5.0
1996-05-09,,,5.28,4.99
1996-05-10,,,5.2,4.99
1996-05-11,,,5.2,
1996-05-12,,,5.2,
1996-05-13,,,5.25,5.02
1996-05-14,,,5.25,5.01
1996-05-15,,,5.47,5.0
1996-05-16,,,5.24,5.01
1996-05-17,,,5.15,5.01
1996-05-18,,,5.15,
1996-05-19,,,5.15,
1996-05-20,,,5.21,5.02
1996-05-21,,,5.23,5.04
1996-05-22,,,5.41,5.04
1996-05-23,,,5.2,5.04
1996-05-24,,,5.14,5.04
1996-05-25,,,5.14,
1996-05-26,,,5.14,
1996-05-27,,,5.14,
1996-05-28,,,5.33,5.04
1996-05-29,,,5.24,5.04
1996-05-30,,,5.34,5.04
1996-05-31,,,5.31,5.04
1996-06-01,,5.27,5.31,
1996-06-02,,,5.31,
1996-06-03,,,5.44,5.08
1996-06-04,,,5.23,5.08
1996-06-05,,,5.34,5.08
1996-06-06,,,5.29,5.07
1996-06-07,,,5.21,5.12
1996-06-08,,,5.21,
1996-06-09,,,5.21,
1996-06-10,,,5.28,5.15
1996-06-11,,,5.24,5.13
1996-06-12,,,5.25,5.12
1996-06-13,,,5.27,5.1
1996-06-14,,,5.3,5.07
1996-06-15,,,5.3,
1996-06-16,,,5.3,
1996-06-17,,,5.47,5.05
1996-06-18,,,5.27,5.07
1996-06-19,,,6.25,5.09
1996-06-20,,,5.37,5.12
1996-06-21,,,5.19,5.12
1996-06-22,,,5.19,
1996-06-23,,,5.19,
1996-06-24,,,5.18,5.13
1996-06-25,,,5.15,5.1
1996-06-26,,,5.18,5.1
1996-06-27,,,5.27,5.06
1996-06-28,,,5.0,5.04
1996-06-29,,,5.0,
1996-06-30,,,5.0,
1996-07-01,,5.4,7.8,5.08
1996-07-02,,,5.29,5.18
1996-07-03,,,5.38,5.1
1996-07-04,,,5.38,
1996-07-05,,,5.28,5.16
1996-07-06,,,5.28,
1996-07-07,,,5.28,
1996-07-08,,,5.27,5.16
1996-07-09,,,5.14,5.2
1996-07-10,,,5.16,5.15
1996-07-11,,,5.21,5.12
1996-07-12,,,5.18,5.14
1996-07-13,,,5.18,
1996-07-14,,,5.18,
1996-07-15,,,5.42,5.15
1996-07-16,,,5.2,5.13
1996-07-17,,,5.25,5.12
1996-07-18,,,5.28,5.11
1996-07-19,,,5.22,5.14
1996-07-20,,,5.22,
1996-07-21,,,5.22,
1996-07-22,,,5.25,5.15
1996-07-23,,,5.25,5.16
1996-07-24,,,5.29,5.17
1996-07-25,,,5.45,5.15
1996-07-26,,,5.26,5.15
1996-07-27,,,5.26,
1996-07-28,,,5.26,
1996-07-29,,,5.37,5.21
1996-07-30,,,5.33,5.2
1996-07-31,,,6.75,5.18
1996-08-01,,5.22,6.29,5.11
1996-08-02,,,5.34,5.07
1996-08-03,,,5.34,
1996-08-04,,,5.34,
1996-08-05,,,5.15,5.05
1996-08-06,,,5.1,5.05
1996-08-07,,,5.07,5.04
1996-08-08,,,5.15,5.01
1996-08-09,,,5.1,5.01
1996-08-10,,,5.1,
1996-08-11,,,5.1,
1996-08-12,,,5.17,5.01
1996-08-13,,,4.89,5.03
1996-08-14,,,5.22,5.02
1996-08-15,,,5.48,5.05
1996-08-16,,,5.15,5.04
1996-08-17,,,5.15,
1996-08-18,,,5.15,
1996-08-19,,,5.17,5.05
1996-08-20,,,5.08,5.04
1996-08-21,,,5.09,5.01
1996-08-22,,,5.17,5.0
1996-08-23,,,5.22,5.01
1996-08-24,,,5.22,
1996-08-25,,,5.22,
1996-08-26,,,5.28,5.06
1996-08-27,,,5.13,5.06
1996-08-28,,,5.24,5.06
1996-08-29,,,5.24,5.1
1996-08-30,,,5.28,5.15
1996-08-31,,,5.28,
1996-09-01,,5.3,5.28,
1996-09-02,,,5.28,
1996-09-03,,,6.01,5.17
1996-09-04,,,5.35,5.18
1996-09-05,,,5.19,5.2
1996-09-06,,,5.13,5.19
1996-09-07,,,5.13,
1996-09-08,,,5.13,
1996-09-09,,,5.2,5.13
1996-09-10,,,5.1,5.15
1996-09-11,,,5.26,5.17
1996-09-12,,,5.33,5.14
1996-09-13,,,5.29,5.07
1996-09-14,,,5.29,
1996-09-15,,,5.29,
1996-09-16,,,5.38,5.05
1996-09-17,,,5.02,5.17
1996-09-18,,,4.96,5.14
1996-09-19,,,5.29,5.11
1996-09-20,,,5.3,5.15
1996-09-21,,,5.3,
1996-09-22,,,5.3,
1996-09-23,,,5.32,5.15
1996-09-24,,,5.28,5.03
1996-09-25,,,5.56,4.94
1996-09-26,,,5.28,4.87
1996-09-27,,,5.21,4.91
1996-09-28,,,5.21,
1996-09-29,,,5.21,
1996-09-30,,,6.09,4.91
1996-10-01,,5.24,5.53,4.97
1996-10-02,,,5.24,4.9
1996-10-03,,,5.17,4.91
1996-10-04,,,5.04,4.88
1996-10-05,,,5.04,
1996-10-06,,,5.04,
1996-10-07,,,5.16,4.93
1996-10-08,,,5.11,4.99
1996-10-09,,,5.43,4.99
1996-10-10,,,5.29,5.01
1996-10-11,,,5.16,5.0
1996-10-12,,,5.16,
1996-10-13,,,5.16,
1996-10-14,,,5.16,
1996-10-15,,,5.41,5.03
1996-10-16,,,5.2,5.01
1996-10-17,,,5.19,4.98
1996-10-18,,,5.12,4.98
1996-10-19,,,5.12,
1996-10-20,,,5.12,
1996-10-21,,,5.21,4.99
1996-10-22,,,5.19,5.02
1996-10-23,,,5.58,5.0
1996-10-24,,,5.29,5.0
1996-10-25,,,5.27,5.0
1996-10-26,,,5.27,
1996-10-27,,,5.27,
1996-10-28,,,5.29,5.05
1996-10-29,,,5.22,5.01
1996-10-30,,,5.31,5.01
1996-10-31,,,5.63,5.03
1996-11-01,,5.31,5.19,5.03
1996-11-02,,,5.19,
1996-11-03,,,5.19,
1996-11-04,,,5.21,5.02
1996-11-05,,,5.34,5.03
1996-11-06,,,5.46,5.03
1996-11-07,,,5.28,5.02
1996-11-08,,,5.17,5.04
1996-11-09,,,5.17,
1996-11-10,,,5.17,
1996-11-11,,,5.17,
1996-11-12,,,5.3,5.04
1996-11-13,,,5.21,5.03
1996-11-14,,,5.34,5.03
1996-11-15,,,5.53,5.02
1996-11-16,,,5.53,
1996-11-17,,,5.53,
1996-11-18,,,5.15,5.03
1996-11-19,,,5.29,5.03
1996-11-20,,,5.53,5.03
1996-11-21,,,5.28,5.04
1996-11-22,,,5.24,5.04
1996-11-23,,,5.24,
1996-11-24,,,5.24,
1996-11-25,,,5.38,5.03
1996-11-26,,,5.28,5.03
1996-11-27,,,5.42,5.02
1996-11-28,,,5.42,
1996-11-29,,,5.44,5.0
1996-11-30,,,5.44,
1996-12-01,,5.29,5.44,
1996-12-02,,,5.67,4.95
1996-12-03,,,5.09,4.92
1996-12-04,,,6.12,4.9
1996-12-05,,,5.36,4.91
1996-12-06,,,5.21,4.9
1996-12-07,,,5.21,
1996-12-08,,,5.21,
1996-12-09,,,5.19,4.86
1996-12-10,,,5.17,4.83
1996-12-11,,,5.19,4.83
1996-12-12,,,5.25,4.84
1996-12-13,,,5.28,4.8
1996-12-14,,,5.28,
1996-12-15,,,5.28,
1996-12-16,,,5.56,4.86
1996-12-17,,,5.38,4.87
1996-12-18,,,5.6,4.9
1996-12-19,,,5.29,4.88
1996-12-20,,,5.15,4.89
1996-12-21,,,5.15,
1996-12-22,,,5.15,
1996-12-23,,,5.26,4.97
1996-12-24,,,5.14,4.96
1996-12-25,,,5.14,
1996-12-26,,,5.26,4.97
1996-12-27,,,4.77,4.98
1996-12-28,,,4.77,
1996-12-29,,,4.77,
1996-12-30,,,5.53,5.04
1996-12-31,,,6.26,5.07
1997-01-01,,5.25,6.26,
1997-01-02,,,5.79,5.05
1997-01-03,,,5.17,5.04
1997-01-04,,,5.17,
1997-01-05,,,5.17,
1997-01-06,,,5.26,5.05
1997-01-07,,,5.2,5.02
1997-01-08,,,5.2,5.02
1997-01-09,,,5.25,5.0
1997-01-10,,,5.17,5.04
1997-01-11,,,5.17,
1997-01-12,,,5.17,
1997-01-13,,,5.24,5.04
1997-01-14,,,5.14,5.05
1997-01-15,,,5.22,5.02
1997-01-16,,,5.26,5.03
1997-01-17,,,5.14,5.01
1997-01-18,,,5.14,
1997-01-19,,,5.14,
1997-01-20,,,5.14,
1997-01-21,,,5.33,5.03
1997-01-22,,,5.21,5.04
1997-01-23,,,5.24,5.04
1997-01-24,,,5.13,5.03
1997-01-25,,,5.13,
1997-01-26,,,5.13,
1997-01-27,,,5.33,5.06
1997-01-28,,,5.27,5.04
1997-01-29,,,5.05,5.04
1997-01-30,,,5.3,5.04
1997-01-31,,,5.37,5.02
1997-02-01,,5.19,5.37,
1997-02-02,,,5.37,
1997-02-03,,,5.36,4.98
1997-02-04,,,5.18,4.97
1997-02-05,,,5.17,5.0
1997-02-06,,,5.22,5.01
1997-02-07,,,5.08,5.01
1997-02-08,,,5.08,
1997-02-09,,,5.08,
1997-02-10,,,5.18,5.01
1997-02-11,,,5.07,5.01
1997-02-12,,,4.63,5.02
1997-02-13,,,5.19,5.0
1997-02-14,,,5.15,4.97
1997-02-15,,,5.15,
1997-02-16,,,5.15,
1997-02-17,,,5.15,
1997-02-18,,,5.55,4.98
1997-02-19,,,5.19,4.98
1997-02-20,,,5.15,4.97
1997-02-21,,,5.08,4.96
1997-02-22,,,5.08,
1997-02-23,,,5.08,
1997-02-24,,,5.22,4.99
1997-02-25,,,5.28,5.0
1997-02-26,,,5.2,5.08
1997-02-27,,,5.29,5.08
1997-02-28,,,5.5,5.09
1997-03-01,,5.39,5.5,
1997-03-02,,,5.5,
1997-03-03,,,5.4,5.1
1997-03-04,,,5.16,5.11
1997-03-05,,,5.15,5.07
1997-03-06,,,5.22,5.09
1997-03-07,,,5.21,5.08
1997-03-08,,,5.21,
1997-03-09,,,5.21,
1997-03-10,,,5.24,5.06
1997-03-11,,,5.21,5.04
1997-03-12,,,5.01,5.07
1997-03-13,,,5.21,5.12
1997-03-14,,,5.15,5.1
1997-03-15,,,5.15,
1997-03-16,,,5.15,
1997-03-17,,,5.39,5.13
1997-03-18,,,5.42,5.11
1997-03-19,,,5.36,5.15
1997-03-20,,,5.32,5.2
1997-03-21,,,5.28,5.26
1997-03-22,,,5.28,
1997-03-23,,,5.28,
1997-03-24,,,5.47,5.25
1997-03-25,,,5.57,5.29
1997-03-26,,,5.61,5.21
1997-03-27,,,5.68,5.23
1997-03-28,,,5.52,
1997-03-29,,,5.52,
1997-03-30,,,5.52,
1997-03-31,,,7.07,5.21
1997-04-01,,5.51,6.18,5.18
1997-04-02,,,5.5,5.16
1997-04-03,,,5.52,5.13
1997-04-04,,,5.32,5.15
1997-04-05,,,5.32,
1997-04-06,,,5.32,
1997-04-07,,,5.43,5.15
1997-04-08,,,5.34,5.11
1997-04-09,,,5.31,5.1
1997-04-10,,,5.51,5.15
1997-04-11,,,5.4,5.17
1997-04-12,,,5.4,
1997-04-13,,,5.4,
1997-04-14,,,5.49,5.17
1997-04-15,,,5.61,5.17
1997-04-16,,,5.56,5.15
1997-04-17,,,5.49,5.15
1997-04-18,,,5.35,5.15
1997-04-19,,,5.35,
1997-04-20,,,5.35,
1997-04-21,,,5.34,5.15
1997-04-22,,,5.5,5.22
1997-04-23,,,5.95,5.23
1997-04-24,,,5.62,5.18
1997-04-25,,,5.53,5.17
1997-04-26,,,5.53,
1997-04-27,,,5.53,
1997-04-28,,,5.72,5.19
1997-04-29,,,5.53,5.2
1997-04-30,,,5.82,5.14
1997-05-01,,5.5,5.73,5.1
1997-05-02,,,5.47,5.1
1997-05-03,,,5.47,
1997-05-04,,,5.47,
1997-05-05,,,5.49,5.05
1997-05-06,,,5.5,5.07
1997-05-07,,,5.7,5.08
1997-05-08,,,5.66,5.07
1997-05-09,,,5.46,5.05
1997-05-10,,,5.46,
1997-05-11,,,5.46,
1997-05-12,,,5.49,5.04
1997-05-13,,,5.42,5.1
1997-05-14,,,5.45,5.05
1997-05-15,,,5.71,4.99
1997-05-16,,,5.44,5.06
1997-05-17,,,5.44,
1997-05-18,,,5.44,
1997-05-19,,,5.55,5.16
1997-05-20,,,5.51,5.25
1997-05-21,,,5.56,4.99
1997-05-22,,,5.48,5.04
1997-05-23,,,5.36,5.04
1997-05-24,,,5.36,
1997-05-25,,,5.36,
1997-05-26,,,5.36,
1997-05-27,,,5.59,5.02
1997-05-28,,,5.52,5.04
1997-05-29,,,5.56,4.89
1997-05-30,,,5.58,4.82
1997-05-31,,,5.58,
1997-06-01,,5.56,5.58,
1997-06-02,,,5.63,4.79
1997-06-03,,,5.42,4.92
1997-06-04,,,5.4,4.96
1997-06-05,,,5.51,4.97
1997-06-06,,,5.42,4.93
1997-06-07,,,5.42,
1997-06-08,,,5.42,
1997-06-09,,,5.51,4.92
1997-06-10,,,5.59,4.92
1997-06-11,,,5.5,4.85
1997-06-12,,,5.58,4.84
1997-06-13,,,5.56,4.86
1997-06-14,,,5.56,
1997-06-15,,,5.56,
1997-06-16,,,6.22,4.85
1997-06-17,,,5.46,4.92
1997-06-18,,,5.43,4.9
1997-06-19,,,5.5,4.95
1997-06-20,,,5.39,4.94
1997-06-21,,,5.39,
1997-06-22,,,5.39,
1997-06-23,,,5.45,5.04
1997-06-24,,,5.39,4.94
1997-06-25,,,5.46,4.94
1997-06-26,,,5.5,5.03
1997-06-27,,,5.52,5.02
1997-06-28,,,5.52,
1997-06-29,,,5.52,
1997-06-30,,,6.87,5.06
1997-07-01,,5.52,6.24,5.04
1997-07-02,,,5.54,5.06
1997-07-03,,,5.46,5.01
1997-07-04,,,5.46,
1997-07-05,,,5.46,
1997-07-06,,,5.46,
1997-07-07,,,5.62,4.96
1997-07-08,,,5.46,4.99
1997-07-09,,,5.44,4.98
1997-07-10,,,5.45,5.01
1997-07-11,,,5.33,5.0
1997-07-12,,,5.33,
1997-07-13,,,5.33,
1997-07-14,,,5.5,5.02
1997-07-15,,,5.47,5.08
1997-07-16,,,5.64,5.03
1997-07-17,,,5.49,5.04
1997-07-18,,,5.37,5.1
1997-07-19,,,5.37,
1997-07-20,,,5.37,
1997-07-21,,,5.5,5.13
1997-07-22,,,5.44,5.04
1997-07-23,,,5.48,5.06
1997-07-24,,,5.57,5.09
1997-07-25,,,5.51,5.1
1997-07-26,,,5.51,
1997-07-27,,,5.51,
1997-07-28,,,5.59,5.1
1997-07-29,,,5.52,5.1
1997-07-30,,,5.78,5.1
1997-07-31,,,5.96,5.11
1997-08-01,,5.54,5.65,5.14
1997-08-02,,,5.65,
1997-08-03,,,5.65,
1997-08-04,,,5.53,5.14
1997-08-05,,,5.48,5.15
1997-08-06,,,5.45,5.15
1997-08-07,,,5.48,5.16
1997-08-08,,,5.34,5.15
1997-08-09,,,5.34,
1997-08-10,,,5.34,
1997-08-11,,,5.56,5.17
1997-08-12,,,5.52,5.17
1997-08-13,,,5.56,5.18
1997-08-14,,,5.63,5.2
1997-08-15,,,5.59,5.15
1997-08-16,,,5.59,
1997-08-17,,,5.59,
1997-08-18,,,5.49,5.13
1997-08-19,,,5.47,5.11
1997-08-20,,,5.8,5.1
1997-08-21,,,5.64,5.13
1997-08-22,,,5.49,5.11
1997-08-23,,,5.49,
1997-08-24,,,5.49,
1997-08-25,,,5.65,5.16
1997-08-26,,,5.62,5.14
1997-08-27,,,5.52,5.14
1997-08-28,,,5.64,5.1
1997-08-29,,,5.52,5.1
1997-08-30,,,5.52,
1997-08-31,,,5.52,
1997-09-01,,5.54,5.52,
1997-09-02,,,6.23,5.07
1997-09-03,,,5.54,5.01
1997-09-04,,,5.48,5.01
1997-09-05,,,5.39,5.03
1997-09-06,,,5.39,
1997-09-07,,,5.39,
1997-09-08,,,5.58,5.02
1997-09-09,,,5.5,5.02
1997-09-10,,,5.61,4.98
1997-09-11,,,5.55,5.0
1997-09-12,,,5.49,4.97
1997-09-13,,,5.49,
1997-09-14,,,5.49,
1997-09-15,,,5.77,5.0
1997-09-16,,,5.52,4.96
1997-09-17,,,5.74,4.97
1997-09-18,,,5.53,4.97
1997-09-19,,,5.36,4.93
1997-09-20,,,5.36,
1997-09-21,,,5.36,
1997-09-22,,,5.51,4.91
1997-09-23,,,5.45,4.89
1997-09-24,,,5.57,4.81
1997-09-25,,,5.59,4.8
1997-09-26,,,5.44,4.86
1997-09-27,,,5.44,
1997-09-28,,,5.44,
1997-09-29,,,5.68,4.87
1997-09-30,,,5.81,4.93
1997-10-01,,5.5,5.65,4.97
1997-10-02,,,5.52,4.94
1997-10-03,,,5.42,4.9
1997-10-04,,,5.42,
1997-10-05,,,5.42,
1997-10-06,,,5.48,4.87
1997-10-07,,,5.42,4.93
1997-10-08,,,5.52,4.96
1997-10-09,,,5.45,5.0
1997-10-10,,,5.37,5.0
1997-10-11,,,5.37,
1997-10-12,,,5.37,
1997-10-13,,,5.37,
1997-10-14,,,5.61,4.95
1997-10-15,,,5.64,4.93
1997-10-16,,,5.5,4.94
1997-10-17,,,5.47,4.92
1997-10-18,,,5.47,
1997-10-19,,,5.47,
1997-10-20,,,5.57,4.91
1997-10-21,,,5.53,4.94
1997-10-22,,,5.76,5.02
1997-10-23,,,5.57,4.99
1997-10-24,,,5.47,5.01
1997-10-25,,,5.47,
1997-10-26,,,5.47,
1997-10-27,,,5.58,4.96
1997-10-28,,,5.49,5.11
1997-10-29,,,5.43,5.05
1997-10-30,,,5.54,5.03
1997-10-31,,,5.56,5.07
1997-11-01,,5.52,5.56,
1997-11-02,,,5.56,
1997-11-03,,,5.72,5.11
1997-11-04,,,5.54,5.11
1997-11-05,,,5.75,5.13
1997-11-06,,,5.6,5.17
1997-11-07,,,5.45,5.17
1997-11-08,,,5.45,
1997-11-09,,,5.45,
1997-11-10,,,5.5,5.21
1997-11-11,,,5.5,
1997-11-12,,,5.53,5.16
1997-11-13,,,5.5,5.13
1997-11-14,,,5.44,5.13
1997-11-15,,,5.44,
1997-11-16,,,5.44,
1997-11-17,,,5.68,5.18
1997-11-18,,,5.45,5.17
1997-11-19,,,5.59,5.14
1997-11-20,,,5.57,5.14
1997-11-21,,,5.41,5.11
1997-11-22,,,5.41,
1997-11-23,,,5.41,
1997-11-24,,,5.51,5.16
1997-11-25,,,5.55,5.16
1997-11-26,,,5.57,5.12
1997-11-27,,,5.57,
1997-11-28,,,5.5,5.08
1997-11-29,,,5.5,
1997-11-30,,,5.5,
1997-12-01,,5.5,5.92,5.1
1997-12-02,,,5.55,5.12
1997-12-03,,,5.5,5.12
1997-12-04,,,5.51,5.13
1997-12-05,,,5.39,5.16
1997-12-06,,,5.39,
1997-12-07,,,5.39,
1997-12-08,,,5.41,5.2
1997-12-09,,,5.29,5.13
1997-12-10,,,5.43,5.07
1997-12-11,,,5.52,5.06
1997-12-12,,,5.55,5.05
1997-12-13,,,5.55,
1997-12-14,,,5.55,
1997-12-15,,,5.97,5.1
1997-12-16,,,5.56,5.09
1997-12-17,,,5.95,5.11
1997-12-18,,,5.63,5.1
1997-12-19,,,5.46,5.19
1997-12-20,,,5.46,
1997-12-21,,,5.46,
1997-12-22,,,5.55,5.3
1997-12-23,,,5.45,5.31
1997-12-24,,,5.08,5.24
1997-12-25,,,5.08,
1997-12-26,,,5.19,5.21
1997-12-27,,,5.19,
1997-12-28,,,5.19,
1997-12-29,,,5.57,5.26
1997-12-30,,,6.07,5.3
1997-12-31,,,5.84,5.22
1998-01-01,,5.56,5.84,
1998-01-02,,,6.06,5.18
1998-01-03,,,6.06,
1998-01-04,,,6.06,
1998-01-05,,,5.51,5.09
1998-01-06,,,5.35,5.08
1998-01-07,,,5.29,5.09
1998-01-08,,,5.42,5.0
1998-01-09,,,5.48,4.92
1998-01-10,,,5.48,
1998-01-11,,,5.48,
1998-01-12,,,5.48,4.91
1998-01-13,,,5.42,5.03
1998-01-14,,,5.36,5.04
1998-01-15,,,5.6,5.0
1998-01-16,,,5.54,5.02
1998-01-17,,,5.54,
1998-01-18,,,5.54,
1998-01-19,,,5.54,
1998-01-20,,,5.52,5.02
1998-01-21,,,5.4,5.0
1998-01-22,,,5.47,5.0
1998-01-23,,,5.51,5.04
1998-01-24,,,5.51,
1998-01-25,,,5.51,
1998-01-26,,,5.62,5.01
1998-01-27,,,5.52,5.1
1998-01-28,,,5.58,5.09
1998-01-29,,,5.63,5.06
1998-01-30,,,5.48,5.06
1998-01-31,,,5.48,
1998-02-01,,5.51,5.48,
1998-02-02,,,5.71,5.1
1998-02-03,,,5.47,5.12
1998-02-04,,,5.41,4.98
1998-02-05,,,5.45,5.01
1998-02-06,,,5.4,5.04
1998-02-07,,,5.4,
1998-02-08,,,5.4,
1998-02-09,,,5.47,5.01
1998-02-10,,,5.44,5.07
1998-02-11,,,5.48,5.08
1998-02-12,,,5.52,5.08
1998-02-13,,,5.45,5.09
1998-02-14,,,5.45,
1998-02-15,,,5.45,
1998-02-16,,,5.45,
1998-02-17,,,6.0,5.04
1998-02-18,,,5.44,5.06
1998-02-19,,,5.43,5.07
1998-02-20,,,5.46,5.08
1998-02-21,,,5.46,
1998-02-22,,,5.46,
1998-02-23,,,5.55,5.12
1998-02-24,,,5.49,5.13
1998-02-25,,,5.69,5.17
1998-02-26,,,5.61,5.2
1998-02-27,,,5.57,5.18
1998-02-28,,,5.57,
1998-03-01,,5.49,5.57,
1998-03-02,,,5.82,5.18
1998-03-03,,,5.57,5.09
1998-03-04,,,5.46,5.05
1998-03-05,,,5.48,5.04
1998-03-06,,,5.41,5.02
1998-03-07,,,5.41,
1998-03-08,,,5.41,
1998-03-09,,,5.5,5.03
1998-03-10,,,5.44,4.96
1998-03-11,,,5.52,4.96
1998-03-12,,,5.52,4.95
1998-03-13,,,5.43,4.96
1998-03-14,,,5.43,
1998-03-15,,,5.43,
1998-03-16,,,5.64,4.97
1998-03-17,,,5.47,5.01
1998-03-18,,,5.35,5.03
1998-03-19,,,5.39,5.04
1998-03-20,,,5.34,5.05
1998-03-21,,,5.34,
1998-03-22,,,5.34,
1998-03-23,,,5.41,5.02
1998-03-24,,,5.41,5.03
1998-03-25,,,5.75,5.04
1998-03-26,,,5.55,5.08
1998-03-27,,,5.47,5.08
1998-03-28,,,5.47,
1998-03-29,,,5.47,
1998-03-30,,,5.62,5.09
1998-03-31,,,5.88,5.02
1998-04-01,,5.45,5.72,4.99
1998-04-02,,,5.45,4.97
1998-04-03,,,5.47,4.95
1998-04-04,,,5.47,
1998-04-05,,,5.47,
1998-04-06,,,5.46,4.97
1998-04-07,,,5.4,4.94
1998-04-08,,,5.64,4.93
1998-04-09,,,5.5,4.94
1998-04-10,,,5.41,
1998-04-11,,,5.41,
1998-04-12,,,5.41,
1998-04-13,,,5.52,5.05
1998-04-14,,,5.47,5.02
1998-04-15,,,5.56,4.95
1998-04-16,,,5.5,4.91
1998-04-17,,,5.36,4.92
1998-04-18,,,5.36,
1998-04-19,,,5.36,
1998-04-20,,,5.36,4.91
1998-04-21,,,5.37,4.94
1998-04-22,,,5.29,4.96
1998-04-23,,,5.46,4.96
1998-04-24,,,5.43,4.95
1998-04-25,,,5.43,
1998-04-26,,,5.43,
1998-04-27,,,5.45,4.94
1998-04-28,,,5.28,4.93
1998-04-29,,,5.33,4.94
1998-04-30,,,5.59,4.87
1998-05-01,,5.49,5.46,4.89
1998-05-02,,,5.46,
1998-05-03,,,5.46,
1998-05-04,,,5.22,4.91
1998-05-05,,,5.22,4.98
1998-05-06,,,5.04,4.98
1998-05-07,,,5.34,4.98
1998-05-08,,,5.47,5.0
1998-05-09,,,5.47,
1998-05-10,,,5.47,
1998-05-11,,,5.53,5.0
1998-05-12,,,5.54,4.99
1998-05-13,,,5.58,4.99
1998-05-14,,,5.66,5.04
1998-05-15,,,5.72,5.04
1998-05-16,,,5.72,
1998-05-17,,,5.72,
1998-05-18,,,5.52,5.05
1998-05-19,,,5.35,5.09
1998-05-20,,,5.52,5.07
1998-05-21,,,5.49,5.1
1998-05-22,,,5.38,5.08
1998-05-23,,,5.38,
1998-05-24,,,5.38,
1998-05-25,,,5.38,
1998-05-26,,,5.62,5.0
1998-05-27,,,5.53,4.96
1998-05-28,,,5.63,4.93
1998-05-29,,,5.63,4.89
1998-05-30,,,5.63,
1998-05-31,,,5.63,
1998-06-01,,5.56,5.79,4.85
1998-06-02,,,5.5,4.95
1998-06-03,,,5.6,5.0
1998-06-04,,,5.55,4.98
1998-06-05,,,5.38,4.98
1998-06-06,,,5.38,
1998-06-07,,,5.38,
1998-06-08,,,5.44,5.0
1998-06-09,,,5.38,5.03
1998-06-10,,,5.53,5.01
1998-06-11,,,5.62,4.97
1998-06-12,,,5.53,4.99
1998-06-13,,,5.53,
1998-06-14,,,5.53,
1998-06-15,,,5.78,4.98
1998-06-16,,,5.55,5.06
1998-06-17,,,5.55,5.09
1998-06-18,,,5.54,5.05
1998-06-19,,,5.36,5.03
1998-06-20,,,5.36,
1998-06-21,,,5.36,
1998-06-22,,,5.42,4.99
1998-06-23,,,5.36,4.97
1998-06-24,,,5.54,4.91
1998-06-25,,,5.64,4.89
1998-06-26,,,5.47,4.87
1998-06-27,,,5.47,
1998-06-28,,,5.47,
1998-06-29,,,5.69,4.89
1998-06-30,,,7.06,4.97
1998-07-01,,5.54,6.35,4.96
1998-07-02,,,5.62,4.94
1998-07-03,,,5.41,
1998-07-04,,,5.41,
1998-07-05,,,5.41,
1998-07-06,,,5.54,4.93
1998-07-07,,,5.46,4.95
1998-07-08,,,5.44,4.96
1998-07-09,,,5.51,4.94
1998-07-10,,,5.43,4.93
1998-07-11,,,5.43,
1998-07-12,,,5.43,
1998-07-13,,,5.5,4.96
1998-07-14,,,5.45,5.02
1998-07-15,,,5.7,5.01
1998-07-16,,,5.57,5.03
1998-07-17,,,5.42,5.01
1998-07-18,,,5.42,
1998-07-19,,,5.42,
1998-07-20,,,5.65,5.0
1998-07-21,,,5.51,4.96
1998-07-22,,,5.48,4.94
1998-07-23,,,5.55,4.96
1998-07-24,,,5.53,4.95
1998-07-25,,,5.53,
1998-07-26,,,5.53,
1998-07-27,,,5.68,4.96
1998-07-28,,,5.5,4.94
1998-07-29,,,5.49,4.94
1998-07-30,,,5.61,4.94
1998-07-31,,,5.63,4.97
1998-08-01,,5.55,5.63,
1998-08-02,,,5.63,
1998-08-03,,,5.69,4.98
1998-08-04,,,5.54,4.97
1998-08-05,,,5.53,4.95
1998-08-06,,,5.54,4.9
1998-08-07,,,5.44,4.86
1998-08-08,,,5.44,
1998-08-09,,,5.44,
1998-08-10,,,5.56,4.86
1998-08-11,,,5.47,4.9
1998-08-12,,,5.58,4.89
1998-08-13,,,5.6,4.91
1998-08-14,,,5.56,4.9
1998-08-15,,,5.56,
1998-08-16,,,5.56,
1998-08-17,,,5.8,4.93
1998-08-18,,,5.54,4.93
1998-08-19,,,5.48,4.94
1998-08-20,,,5.51,4.91
1998-08-21,,,5.46,4.88
1998-08-22,,,5.46,
1998-08-23,,,5.46,
1998-08-24,,,5.51,4.94
1998-08-25,,,5.5,4.96
1998-08-26,,,5.49,4.93
1998-08-27,,,5.55,4.86
1998-08-28,,,5.51,4.78
1998-08-29,,,5.51,
1998-08-30,,,5.51,
1998-08-31,,,5.89,4.77
1998-09-01,,5.51,5.75,4.79
1998-09-02,,,5.53,4.78
1998-09-03,,,5.52,4.71
1998-09-04,,,5.41,4.74
1998-09-05,,,5.41,
1998-09-06,,,5.41,
1998-09-07,,,5.41,
1998-09-08,,,5.66,4.74
1998-09-09,,,5.45,4.76
1998-09-10,,,5.55,4.66
1998-09-11,,,5.46,4.75
1998-09-12,,,5.46,
1998-09-13,,,5.46,
1998-09-14,,,5.65,4.72
1998-09-15,,,5.71,4.67
1998-09-16,,,5.49,4.62
1998-09-17,,,5.47,4.58
1998-09-18,,,5.38,4.51
1998-09-19,,,5.38,
1998-09-20,,,5.38,
1998-09-21,,,5.47,4.56
1998-09-22,,,5.38,4.69
1998-09-23,,,5.48,4.55
1998-09-24,,,5.42,4.44
1998-09-25,,,5.51,4.41
1998-09-26,,,5.51,
1998-09-27,,,5.51,
1998-09-28,,,5.55,4.36
1998-09-29,,,5.44,4.43
1998-09-30,,,6.14,4.26
1998-10-01,,5.07,5.73,4.13
1998-10-02,,,5.39,4.12
1998-10-03,,,5.39,
1998-10-04,,,5.39,
1998-10-05,,,5.45,4.06
1998-10-06,,,4.65,4.08
1998-10-07,,,4.57,4.05
1998-10-08,,,5.15,3.8
1998-10-09,,,5.02,3.79
1998-10-10,,,5.02,
1998-10-11,,,5.02,
1998-10-12,,,5.02,
1998-10-13,,,5.4,3.8
1998-10-14,,,5.33,3.93
1998-10-15,,,5.49,4.05
1998-10-16,,,4.73,3.56
1998-10-17,,,4.73,
1998-10-18,,,4.73,
1998-10-19,,,4.79,3.71
1998-10-20,,,4.8,3.86
1998-10-21,,,4.83,3.91
1998-10-22,,,4.96,3.88
1998-10-23,,,4.86,3.87
1998-10-24,,,4.86,
1998-10-25,,,4.86,
1998-10-26,,,5.03,4.0
1998-10-27,,,5.0,3.96
1998-10-28,,,5.06,4.18
1998-10-29,,,5.24,4.22
1998-10-30,,,5.35,4.23
1998-10-31,,,5.35,
1998-11-01,,4.83,5.35,
1998-11-02,,,5.35,4.31
1998-11-03,,,5.04,4.39
1998-11-04,,,4.85,4.45
1998-11-05,,,5.05,4.47
1998-11-06,,,4.64,4.52
1998-11-07,,,4.64,
1998-11-08,,,4.64,
1998-11-09,,,4.95,4.52
1998-11-10,,,4.84,4.43
1998-11-11,,,4.84,
1998-11-12,,,5.13,4.37
1998-11-13,,,4.98,4.36
1998-11-14,,,4.98,
1998-11-15,,,4.98,
1998-11-16,,,5.45,4.41
1998-11-17,,,4.61,4.31
1998-11-18,,,4.07,4.33
1998-11-19,,,4.38,4.35
1998-11-20,,,4.4,4.35
1998-11-21,,,4.4,
1998-11-22,,,4.4,
1998-11-23,,,4.58,4.48
1998-11-24,,,4.64,4.51
1998-11-25,,,4.98,4.46
1998-11-26,,,4.98,
1998-11-27,,,4.84,4.44
1998-11-28,,,4.84,
1998-11-29,,,4.84,
1998-11-30,,,5.11,4.42
1998-12-01,,4.68,4.82,4.38
1998-12-02,,,4.58,4.37
1998-12-03,,,4.66,4.34
1998-12-04,,,4.67,4.37
1998-12-05,,,4.67,
1998-12-06,,,4.67,
1998-12-07,,,4.71,4.4
1998-12-08,,,4.66,4.32
1998-12-09,,,4.7,4.32
1998-12-10,,,4.97,4.37
1998-12-11,,,4.91,4.39
1998-12-12,,,4.91,
1998-12-13,,,4.91,
1998-12-14,,,5.09,4.4
1998-12-15,,,5.1,4.38
1998-12-16,,,4.91,4.35
1998-12-17,,,4.8,4.35
1998-12-18,,,4.67,4.38
1998-12-19,,,4.67,
1998-12-20,,,4.67,
1998-12-21,,,4.72,4.42
1998-12-22,,,4.63,4.39
1998-12-23,,,4.66,4.47
1998-12-24,,,4.27,4.46
1998-12-25,,,4.27,
1998-12-26,,,4.27,
1998-12-27,,,4.27,
1998-12-28,,,4.88,4.45
1998-12-29,,,4.6,4.48
1998-12-30,,,4.8,4.44
1998-12-31,,,4.07,4.37
1999-01-01,,4.63,4.07,
1999-01-02,,,4.07,
1999-01-03,,,4.07,
1999-01-04,,,5.04,4.38
1999-01-05,,,4.54,4.37
1999-01-06,,,4.23,4.36
1999-01-07,,,4.49,4.33
1999-01-08,,,4.74,4.37
1999-01-09,,,4.74,
1999-01-10,,,4.74,
1999-01-11,,,5.17,4.39
1999-01-12,,,4.78,4.37
1999-01-13,,,4.62,4.34
1999-01-14,,,4.82,4.33
1999-01-15,,,4.68,4.33
1999-01-16,,,4.68,
1999-01-17,,,4.68,
1999-01-18,,,4.68,
1999-01-19,,,4.55,4.29
1999-01-20,,,4.41,4.26
1999-01-21,,,4.36,4.22
1999-01-22,,,4.62,4.26
1999-01-23,,,4.62,
1999-01-24,,,4.62,
1999-01-25,,,4.97,4.31
1999-01-26,,,4.84,4.35
1999-01-27,,,4.61,4.36
1999-01-28,,,4.8,4.38
1999-01-29,,,4.79,4.37
1999-01-30,,,4.79,
1999-01-31,,,4.79,
1999-02-01,,4.76,4.86,4.42
1999-02-02,,,4.56,4.42
1999-02-03,,,4.65,4.37
1999-02-04,,,4.88,4.38
1999-02-05,,,4.76,4.39
1999-02-06,,,4.76,
1999-02-07,,,4.76,
1999-02-08,,,4.85,4.4
1999-02-09,,,4.73,4.42
1999-02-10,,,4.66,4.37
1999-02-11,,,4.73,4.39
1999-02-12,,,4.68,4.43
1999-02-13,,,4.68,
1999-02-14,,,4.68,
1999-02-15,,,4.68,
1999-02-16,,,5.09,4.41
1999-02-17,,,4.73,4.41
1999-02-18,,,4.71,4.42
1999-02-19,,,4.72,4.45
1999-02-20,,,4.72,
1999-02-21,,,4.72,
1999-02-22,,,4.78,4.5
1999-02-23,,,4.73,4.54
1999-02-24,,,4.88,4.55
1999-02-25,,,4.89,4.51
1999-02-26,,,4.84,4.55
1999-02-27,,,4.84,
1999-02-28,,,4.84,
1999-03-01,,4.81,5.1,4.58
1999-03-02,,,4.73,4.53
1999-03-03,,,4.74,4.49
1999-03-04,,,4.8,4.49
1999-03-05,,,4.8,4.5
1999-03-06,,,4.8,
1999-03-07,,,4.8,
1999-03-08,,,4.83,4.51
1999-03-09,,,4.74,4.47
1999-03-10,,,4.82,4.47
1999-03-11,,,4.8,4.49
1999-03-12,,,4.74,4.47
1999-03-13,,,4.74,
1999-03-14,,,4.74,
1999-03-15,,,5.01,4.46
1999-03-16,,,4.77,4.43
1999-03-17,,,4.73,4.41
1999-03-18,,,4.72,4.39
1999-03-19,,,4.75,4.39
1999-03-20,,,4.75,
1999-03-21,,,4.75,
1999-03-22,,,4.81,4.4
1999-03-23,,,4.79,4.38
1999-03-24,,,4.93,4.38
1999-03-25,,,4.97,4.39
1999-03-26,,,4.78,4.39
1999-03-27,,,4.78,
1999-03-28,,,4.78,
1999-03-29,,,4.84,4.39
1999-03-30,,,4.77,4.36
1999-03-31,,,4.98,4.37
1999-04-01,,4.74,5.41,4.32
1999-04-02,,,4.69,4.31
1999-04-03,,,4.69,
1999-04-04,,,4.69,
1999-04-05,,,4.76,4.29
1999-04-06,,,4.7,4.3
1999-04-07,,,4.64,4.3
1999-04-08,,,4.72,4.28
1999-04-09,,,4.65,4.3
1999-04-10,,,4.65,
1999-04-11,,,4.65,
1999-04-12,,,4.69,4.22
1999-04-13,,,4.66,4.2
1999-04-14,,,4.72,4.18
1999-04-15,,,4.77,4.2
1999-04-16,,,4.62,4.22
1999-04-17,,,4.62,
1999-04-18,,,4.62,
1999-04-19,,,4.6,4.22
1999-04-20,,,4.49,4.26
1999-04-21,,,4.58,4.24
1999-04-22,,,4.65,4.28
1999-04-23,,,4.71,4.31
1999-04-24,,,4.71,
1999-04-25,,,4.71,
1999-04-26,,,5.09,4.35
1999-04-27,,,4.83,4.38
1999-04-28,,,4.83,4.39
1999-04-29,,,4.91,4.39
1999-04-30,,,5.03,4.43
1999-05-01,,4.74,5.03,
1999-05-02,,,5.03,
1999-05-03,,,5.01,4.47
1999-05-04,,,4.71,4.5
1999-05-05,,,4.6,4.48
1999-05-06,,,4.77,4.49
1999-05-07,,,4.67,4.49
1999-05-08,,,4.67,
1999-05-09,,,4.67,
1999-05-10,,,4.69,4.47
1999-05-11,,,4.69,4.49
1999-05-12,,,4.72,4.47
1999-05-13,,,4.78,4.46
1999-05-14,,,4.81,4.51
1999-05-15,,,4.81,
1999-05-16,,,4.81,
1999-05-17,,,5.01,4.55
1999-05-18,,,4.64,4.53
1999-05-19,,,4.48,4.5
1999-05-20,,,4.75,4.48
1999-05-21,,,4.67,4.48
1999-05-22,,,4.67,
1999-05-23,,,4.67,
1999-05-24,,,4.73,4.51
1999-05-25,,,4.8,4.51
1999-05-26,,,4.81,4.53
1999-05-27,,,4.87,4.52
1999-05-28,,,4.61,4.53
1999-05-29,,,4.61,
1999-05-30,,,4.61,
1999-05-31,,,4.61,
1999-06-01,,4.76,4.78,4.56
1999-06-02,,,4.45,4.61
1999-06-03,,,4.77,4.52
1999-06-04,,,4.69,4.44
1999-06-05,,,4.69,
1999-06-06,,,4.69,
1999-06-07,,,4.73,4.4
1999-06-08,,,4.68,4.49
1999-06-09,,,4.72,4.47
1999-06-10,,,4.79,4.54
1999-06-11,,,4.74,4.6
1999-06-12,,,4.74,
1999-06-13,,,4.74,
1999-06-14,,,4.74,4.57
1999-06-15,,,4.67,4.61
1999-06-16,,,4.71,4.54
1999-06-17,,,4.73,4.51
1999-06-18,,,4.69,4.55
1999-06-19,,,4.69,
1999-06-20,,,4.69,
1999-06-21,,,4.74,4.57
1999-06-22,,,4.69,4.6
1999-06-23,,,4.71,4.6
1999-06-24,,,4.87,4.6
1999-06-25,,,4.91,4.66
1999-06-26,,,4.91,
1999-06-27,,,4.91,
1999-06-28,,,5.04,4.68
1999-06-29,,,4.91,4.7
1999-06-30,,,5.12,4.65
1999-07-01,,4.99,5.76,4.55
1999-07-02,,,4.82,4.55
1999-07-03,,,4.82,
1999-07-04,,,4.82,
1999-07-05,,,4.82,
1999-07-06,,,5.03,4.53
1999-07-07,,,4.92,4.54
1999-07-08,,,4.94,4.55
1999-07-09,,,4.98,4.56
1999-07-10,,,4.98,
1999-07-11,,,4.98,
1999-07-12,,,5.01,4.57
1999-07-13,,,4.9,4.58
1999-07-14,,,4.99,4.59
1999-07-15,,,5.14,4.57
1999-07-16,,,4.92,4.55
1999-07-17,,,4.92,
1999-07-18,,,4.92,
1999-07-19,,,4.97,4.52
1999-07-20,,,4.92,4.51
1999-07-21,,,4.96,4.46
1999-07-22,,,5.06,4.48
1999-07-23,,,5.0,4.52
1999-07-24,,,5.0,
1999-07-25,,,5.0,
1999-07-26,,,5.09,4.58
1999-07-27,,,4.91,4.57
1999-07-28,,,4.98,4.58
1999-07-29,,,5.12,4.59
1999-07-30,,,5.07,4.62
1999-07-31,,,5.07,
1999-08-01,,5.07,5.07,
1999-08-02,,,5.18,4.65
1999-08-03,,,4.98,4.7
1999-08-04,,,4.94,4.65
1999-08-05,,,5.0,4.61
1999-08-06,,,4.93,4.66
1999-08-07,,,4.93,
1999-08-08,,,4.93,
1999-08-09,,,4.99,4.76
1999-08-10,,,4.92,4.81
1999-08-11,,,5.05,4.77
1999-08-12,,,5.1,4.66
1999-08-13,,,5.01,4.6
1999-08-14,,,5.01,
1999-08-15,,,5.01,
1999-08-16,,,5.24,4.62
1999-08-17,,,4.94,4.69
1999-08-18,,,4.89,4.63
1999-08-19,,,4.97,4.62
1999-08-20,,,4.95,4.7
1999-08-21,,,4.95,
1999-08-22,,,4.95,
1999-08-23,,,5.06,4.78
1999-08-24,,,5.08,4.85
1999-08-25,,,5.2,4.79
1999-08-26,,,5.3,4.79
1999-08-27,,,5.24,4.84
1999-08-28,,,5.24,
1999-08-29,,,5.24,
1999-08-30,,,5.37,4.85
1999-08-31,,,5.57,4.84
1999-09-01,,5.22,5.41,4.83
1999-09-02,,,5.26,4.78
1999-09-03,,,5.09,4.78
1999-09-04,,,5.09,
1999-09-05,,,5.09,
1999-09-06,,,5.09,
1999-09-07,,,5.33,4.69
1999-09-08,,,5.17,4.69
1999-09-09,,,5.24,4.68
1999-09-10,,,5.17,4.62
1999-09-11,,,5.17,
1999-09-12,,,5.17,
1999-09-13,,,5.27,4.64
1999-09-14,,,5.26,4.69
1999-09-15,,,5.41,4.62
1999-09-16,,,5.23,4.57
1999-09-17,,,5.11,4.54
1999-09-18,,,5.11,
1999-09-19,,,5.11,
1999-09-20,,,5.2,4.56
1999-09-21,,,5.12,4.66
1999-09-22,,,5.21,4.69
1999-09-23,,,5.29,4.69
1999-09-24,,,5.23,4.65
1999-09-25,,,5.23,
1999-09-26,,,5.23,
1999-09-27,,,5.35,4.68
1999-09-28,,,5.32,4.71
1999-09-29,,,5.26,4.69
1999-09-30,,,5.51,4.74
1999-10-01,,5.2,5.26,4.74
1999-10-02,,,5.26,
1999-10-03,,,5.26,
1999-10-04,,,5.23,4.69
1999-10-05,,,5.16,4.72
1999-10-06,,,5.21,4.68
1999-10-07,,,5.28,4.7
1999-10-08,,,5.1,4.68
1999-10-09,,,5.1,
1999-10-10,,,5.1,
1999-10-11,,,5.1,
1999-10-12,,,5.3,4.73
1999-10-13,,,5.2,4.84
1999-10-14,,,5.22,4.88
1999-10-15,,,5.28,4.9
1999-10-16,,,5.28,
1999-10-17,,,5.28,
1999-10-18,,,5.2,4.94
1999-10-19,,,5.07,5.0
1999-10-20,,,4.92,5.0
1999-10-21,,,5.2,4.99
1999-10-22,,,5.11,4.92
1999-10-23,,,5.11,
1999-10-24,,,5.11,
1999-10-25,,,5.23,4.89
1999-10-26,,,5.22,5.0
1999-10-27,,,5.29,4.99
1999-10-28,,,5.31,4.96
1999-10-29,,,5.27,4.97
1999-10-30,,,5.27,
1999-10-31,,,5.27,
1999-11-01,,5.42,5.38,4.98
1999-11-02,,,5.18,4.99
1999-11-03,,,5.21,4.97
1999-11-04,,,5.27,4.95
1999-11-05,,,5.14,4.99
1999-11-06,,,5.14,
1999-11-07,,,5.14,
1999-11-08,,,5.23,5.04
1999-11-09,,,5.22,5.04
1999-11-10,,,5.27,5.05
1999-11-11,,,5.27,
1999-11-12,,,5.45,5.08
1999-11-13,,,5.45,
1999-11-14,,,5.45,
1999-11-15,,,5.64,5.12
1999-11-16,,,5.4,5.14
1999-11-17,,,5.41,5.09
1999-11-18,,,5.49,5.08
1999-11-19,,,5.43,5.08
1999-11-20,,,5.43,
1999-11-21,,,5.43,
1999-11-22,,,5.53,5.08
1999-11-23,,,5.59,5.13
1999-11-24,,,5.72,5.14
1999-11-25,,,5.72,
1999-11-26,,,5.59,5.14
1999-11-27,,,5.59,
1999-11-28,,,5.59,
1999-11-29,,,5.61,5.17
1999-11-30,,,5.63,5.15
1999-12-01,,5.3,5.71,5.12
1999-12-02,,,5.58,5.1
1999-12-03,,,5.42,5.1
1999-12-04,,,5.42,
1999-12-05,,,5.42,
1999-12-06,,,5.48,5.09
1999-12-07,,,5.42,5.07
1999-12-08,,,5.42,5.07
1999-12-09,,,5.51,5.1
1999-12-10,,,5.42,5.14
1999-12-11,,,5.42,
1999-12-12,,,5.42,
1999-12-13,,,5.46,5.22
1999-12-14,,,5.31,5.23
1999-12-15,,,5.56,5.19
1999-12-16,,,5.54,5.23
1999-12-17,,,5.4,5.28
1999-12-18,,,5.4,
1999-12-19,,,5.4,
1999-12-20,,,5.54,5.39
1999-12-21,,,5.52,5.42
1999-12-22,,,5.45,5.39
1999-12-23,,,5.4,5.31
1999-12-24,,,4.96,
1999-12-25,,,4.96,
1999-12-26,,,4.96,
1999-12-27,,,5.33,5.3
1999-12-28,,,4.86,5.25
1999-12-29,,,4.61,5.08
1999-12-30,,,4.88,5.07
1999-12-31,,,3.99,5.17
2000-01-01,,5.45,3.99,
2000-01-02,,,3.99,
2000-01-03,,,5.43,5.27
2000-01-04,,,5.38,5.27
2000-01-05,,,5.41,5.28
2000-01-06,,,5.54,5.25
2000-01-07,,,5.61,5.22
2000-01-08,,,5.61,
2000-01-09,,,5.61,
2000-01-10,,,5.74,5.24
2000-01-11,,,5.63,5.27
2000-01-12,,,5.59,5.29
2000-01-13,,,5.58,5.25
2000-01-14,,,5.56,5.25
2000-01-15,,,5.56,
2000-01-16,,,5.56,
2000-01-17,,,5.56,
2000-01-18,,,5.83,5.24
2000-01-19,,,5.47,5.35
2000-01-20,,,5.44,5.32
2000-01-21,,,5.36,5.31
2000-01-22,,,5.36,
2000-01-23,,,5.36,
2000-01-24,,,5.53,5.32
2000-01-25,,,5.46,5.4
2000-01-26,,,5.52,5.41
2000-01-27,,,5.61,5.42
2000-01-28,,,5.58,5.48
2000-01-29,,,5.58,
2000-01-30,,,5.58,
2000-01-31,,,5.87,5.53
2000-02-01,,5.73,5.79,5.54
2000-02-02,,,5.64,5.49
2000-02-03,,,5.71,5.46
2000-02-04,,,5.7,5.5
2000-02-05,,,5.7,
2000-02-06,,,5.7,
2000-02-07,,,5.76,5.47
2000-02-08,,,5.67,5.52
2000-02-09,,,5.76,5.49
2000-02-10,,,5.79,5.5
2000-02-11,,,5.71,5.49
2000-02-12,,,5.71,
2000-02-13,,,5.71,
2000-02-14,,,5.79,5.47
2000-02-15,,,5.85,5.58
2000-02-16,,,5.67,5.56
2000-02-17,,,5.66,5.57
2000-02-18,,,5.7,5.58
2000-02-19,,,5.7,
2000-02-20,,,5.7,
2000-02-21,,,5.7,
2000-02-22,,,5.81,5.6
2000-02-23,,,5.77,5.64
2000-02-24,,,5.76,5.63
2000-02-25,,,5.73,5.62
2000-02-26,,,5.73,
2000-02-27,,,5.73,
2000-02-28,,,5.81,5.63
2000-02-29,,,5.85,5.62
2000-03-01,,5.85,5.78,5.6
2000-03-02,,,5.76,5.6
2000-03-03,,,5.72,5.63
2000-03-04,,,5.72,
2000-03-05,,,5.72,
2000-03-06,,,5.73,5.66
2000-03-07,,,5.68,5.67
2000-03-08,,,5.77,5.67
2000-03-09,,,5.79,5.66
2000-03-10,,,5.75,5.7
2000-03-11,,,5.75,
2000-03-12,,,5.75,
2000-03-13,,,5.81,5.71
2000-03-14,,,5.8,5.71
2000-03-15,,,5.9,5.69
2000-03-16,,,5.77,5.7
2000-03-17,,,5.76,5.72
2000-03-18,,,5.76,
2000-03-19,,,5.76,
2000-03-20,,,5.82,5.74
2000-03-21,,,5.81,5.74
2000-03-22,,,6.02,5.74
2000-03-23,,,6.04,5.73
2000-03-24,,,5.98,5.74
2000-03-25,,,5.98,
2000-03-26,,,5.98,
2000-03-27,,,6.07,5.69
2000-03-28,,,6.02,5.72
2000-03-29,,,5.98,5.73
2000-03-30,,,6.11,5.71
2000-03-31,,,6.17,5.72
2000-04-01,,6.02,6.17,
2000-04-02,,,6.17,
2000-04-03,,,6.15,5.69
2000-04-04,,,5.98,5.67
2000-04-05,,,6.08,5.7
2000-04-06,,,6.05,5.72
2000-04-07,,,5.95,5.73
2000-04-08,,,5.95,
2000-04-09,,,5.95,
2000-04-10,,,6.05,5.7
2000-04-11,,,5.97,5.67
2000-04-12,,,5.93,5.67
2000-04-13,,,5.97,5.65
2000-04-14,,,6.08,5.65
2000-04-15,,,6.08,
2000-04-16,,,6.08,
2000-04-17,,,6.18,5.65
2000-04-18,,,5.93,5.65
2000-04-19,,,5.93,5.65
2000-04-20,,,6.05,5.63
2000-04-21,,,5.94,
2000-04-22,,,5.94,
2000-04-23,,,5.94,
2000-04-24,,,5.9,5.61
2000-04-25,,,5.99,5.63
2000-04-26,,,6.0,5.59
2000-04-27,,,6.0,5.59
2000-04-28,,,6.06,5.66
2000-04-29,,,6.06,
2000-04-30,,,6.06,
2000-05-01,,6.27,6.17,5.67
2000-05-02,,,6.05,5.75
2000-05-03,,,6.05,5.74
2000-05-04,,,6.05,5.73
2000-05-05,,,5.94,5.79
2000-05-06,,,5.94,
2000-05-07,,,5.94,
2000-05-08,,,6.01,5.87
2000-05-09,,,5.92,5.96
2000-05-10,,,5.95,5.96
2000-05-11,,,6.05,5.96
2000-05-12,,,6.11,5.96
2000-05-13,,,6.11,
2000-05-14,,,6.11,
2000-05-15,,,6.34,5.94
2000-05-16,,,6.13,6.02
2000-05-17,,,6.25,5.88
2000-05-18,,,6.49,5.75
2000-05-19,,,6.51,5.71
2000-05-20,,,6.51,
2000-05-21,,,6.51,
2000-05-22,,,6.52,5.71
2000-05-23,,,6.47,5.84
2000-05-24,,,6.48,5.75
2000-05-25,,,6.56,5.68
2000-05-26,,,6.4,5.65
2000-05-27,,,6.4,
2000-05-28,,,6.4,
2000-05-29,,,6.4,
2000-05-30,,,6.71,5.6
2000-05-31,,,6.83,5.48
2000-06-01,,6.53,6.65,5.57
2000-06-02,,,6.44,5.7
2000-06-03,,,6.44,
2000-06-04,,,6.44,
2000-06-05,,,6.51,5.72
2000-06-06,,,6.47,5.82
2000-06-07,,,6.5,5.75
2000-06-08,,,6.54,5.74
2000-06-09,,,6.47,5.75
2000-06-10,,,6.47,
2000-06-11,,,6.47,
2000-06-12,,,6.54,5.69
2000-06-13,,,6.46,5.72
2000-06-14,,,6.54,5.66
2000-06-15,,,6.7,5.67
2000-06-16,,,6.46,5.66
2000-06-17,,,6.46,
2000-06-18,,,6.46,
2000-06-19,,,6.51,5.64
2000-06-20,,,6.49,5.63
2000-06-21,,,6.47,5.65
2000-06-22,,,6.52,5.67
2000-06-23,,,6.51,5.69
2000-06-24,,,6.51,
2000-06-25,,,6.51,
2000-06-26,,,6.63,5.66
2000-06-27,,,6.56,5.67
2000-06-28,,,6.5,5.65
2000-06-29,,,6.76,5.68
2000-06-30,,,6.86,5.71
2000-07-01,,6.54,6.86,
2000-07-02,,,6.86,
2000-07-03,,,7.03,5.75
2000-07-04,,,7.03,
2000-07-05,,,6.52,5.82
2000-07-06,,,6.51,5.85
2000-07-07,,,6.42,5.87
2000-07-08,,,6.42,
2000-07-09,,,6.42,
2000-07-10,,,6.51,5.9
2000-07-11,,,6.39,5.93
2000-07-12,,,6.38,5.99
2000-07-13,,,6.5,6.0
2000-07-14,,,6.51,5.99
2000-07-15,,,6.51,
2000-07-16,,,6.51,
2000-07-17,,,6.58,5.98
2000-07-18,,,6.47,5.98
2000-07-19,,,6.45,6.0
2000-07-20,,,6.52,6.0
2000-07-21,,,6.51,5.95
2000-07-22,,,6.51,
2000-07-23,,,6.51,
2000-07-24,,,6.52,5.98
2000-07-25,,,6.46,6.02
2000-07-26,,,6.49,6.0
2000-07-27,,,6.52,6.04
2000-07-28,,,6.44,6.02
2000-07-29,,,6.44,
2000-07-30,,,6.44,
2000-07-31,,,6.64,6.03
2000-08-01,,6.5,6.51,6.07
2000-08-02,,,6.42,6.07
2000-08-03,,,6.45,6.05
2000-08-04,,,6.44,6.05
2000-08-05,,,6.44,
2000-08-06,,,6.44,
2000-08-07,,,6.46,6.06
2000-08-08,,,6.44,6.08
2000-08-09,,,6.48,6.07
2000-08-10,,,6.52,6.07
2000-08-11,,,6.5,6.11
2000-08-12,,,6.5,
2000-08-13,,,6.5,
2000-08-14,,,6.58,6.09
2000-08-15,,,6.63,6.1
2000-08-16,,,6.48,6.09
2000-08-17,,,6.47,6.09
2000-08-18,,,6.44,6.09
2000-08-19,,,6.44,
2000-08-20,,,6.44,
2000-08-21,,,6.48,6.09
2000-08-22,,,6.42,6.1
2000-08-23,,,6.5,6.11
2000-08-24,,,6.56,6.11
2000-08-25,,,6.54,6.13
2000-08-26,,,6.54,
2000-08-27,,,6.54,
2000-08-28,,,6.57,6.14
2000-08-29,,,6.51,6.13
2000-08-30,,,6.51,6.14
2000-08-31,,,6.65,6.13
2000-09-01,,6.52,6.52,6.09
2000-09-02,,,6.52,
2000-09-03,,,6.52,
2000-09-04,,,6.52,
2000-09-05,,,6.61,6.07
2000-09-06,,,6.56,6.03
2000-09-07,,,6.53,6.02
2000-09-08,,,6.5,5.97
2000-09-09,,,6.5,
2000-09-10,,,6.5,
2000-09-11,,,6.5,5.95
2000-09-12,,,6.47,5.92
2000-09-13,,,6.47,5.92
2000-09-14,,,6.5,5.97
2000-09-15,,,6.55,5.97
2000-09-16,,,6.55,
2000-09-17,,,6.55,
2000-09-18,,,6.44,5.97
2000-09-19,,,6.4,5.99
2000-09-20,,,6.5,5.98
2000-09-21,,,6.53,5.98
2000-09-22,,,6.48,5.99
2000-09-23,,,6.48,
2000-09-24,,,6.48,
2000-09-25,,,6.54,5.99
2000-09-26,,,6.5,6.0
2000-09-27,,,6.5,6.02
2000-09-28,,,6.59,6.07
2000-09-29,,,6.6,6.05
2000-09-30,,,6.6,
2000-10-01,,6.51,6.6,
2000-10-02,,,6.68,6.03
2000-10-03,,,6.46,6.06
2000-10-04,,,6.51,6.06
2000-10-05,,,6.54,6.07
2000-10-06,,,6.43,6.06
2000-10-07,,,6.43,
2000-10-08,,,6.43,
2000-10-09,,,6.43,
2000-10-10,,,6.57,6.05
2000-10-11,,,6.46,6.05
2000-10-12,,,6.47,6.01
2000-10-13,,,6.46,6.02
2000-10-14,,,6.46,
2000-10-15,,,6.46,
2000-10-16,,,6.59,6.06
2000-10-17,,,6.45,6.12
2000-10-18,,,6.53,6.12
2000-10-19,,,6.54,6.14
2000-10-20,,,6.5,6.13
2000-10-21,,,6.5,
2000-10-22,,,6.5,
2000-10-23,,,6.53,6.16
2000-10-24,,,6.49,6.17
2000-10-25,,,6.53,6.2
2000-10-26,,,6.53,6.18
2000-10-27,,,6.51,6.17
2000-10-28,,,6.51,
2000-10-29,,,6.51,
2000-10-30,,,6.59,6.19
2000-10-31,,,6.59,6.19
2000-11-01,,6.51,6.61,6.18
2000-11-02,,,6.54,6.19
2000-11-03,,,6.48,6.2
2000-11-04,,,6.48,
2000-11-05,,,6.48,
2000-11-06,,,6.49,6.24
2000-11-07,,,6.48,6.23
2000-11-08,,,6.51,6.22
2000-11-09,,,6.52,6.21
2000-11-10,,,6.48,6.19
2000-11-11,,,6.48,
2000-11-12,,,6.48,
2000-11-13,,,6.55,6.19
2000-11-14,,,6.52,6.18
2000-11-15,,,6.61,6.19
2000-11-16,,,6.55,6.17
2000-11-17,,,6.48,6.17
2000-11-18,,,6.48,
2000-11-19,,,6.48,
2000-11-20,,,6.52,6.18
2000-11-21,,,6.5,6.18
2000-11-22,,,6.58,6.18
2000-11-23,,,6.58,
2000-11-24,,,6.49,6.18
2000-11-25,,,6.49,
2000-11-26,,,6.49,
2000-11-27,,,6.5,6.14
2000-11-28,,,6.46,6.1
2000-11-29,,,6.5,6.06
2000-11-30,,,6.62,6.03
2000-12-01,,6.4,6.6,6.05
2000-12-02,,,6.6,
2000-12-03,,,6.6,
2000-12-04,,,6.57,6.0
2000-12-05,,,6.51,5.91
2000-12-06,,,6.48,5.92
2000-12-07,,,6.49,5.94
2000-12-08,,,6.47,5.92
2000-12-09,,,6.47,
2000-12-10,,,6.47,
2000-12-11,,,6.49,5.91
2000-12-12,,,6.43,5.89
2000-12-13,,,6.47,5.89
2000-12-14,,,6.53,5.89
2000-12-15,,,6.58,5.85
2000-12-16,,,6.58,
2000-12-17,,,6.58,
2000-12-18,,,6.5,5.78
2000-12-19,,,6.47,5.76
2000-12-20,,,6.47,5.66
2000-12-21,,,6.48,5.24
2000-12-22,,,6.44,5.13
2000-12-23,,,6.44,
2000-12-24,,,6.44,
2000-12-25,,,6.44,
2000-12-26,,,6.58,5.61
2000-12-27,,,6.53,5.59
2000-12-28,,,6.53,5.71
2000-12-29,,,5.41,5.73
2000-12-30,,,5.41,
2000-12-31,,,5.41,
2001-01-01,,5.98,5.41,
2001-01-02,,,6.67,5.69
2001-01-03,,,6.35,5.53
2001-01-04,,,5.92,5.23
2001-01-05,,,5.83,4.99
2001-01-06,,,5.83,
2001-01-07,,,5.83,
2001-01-08,,,5.98,5.06
2001-01-09,,,5.95,5.1
2001-01-10,,,6.06,5.15
2001-01-11,,,6.05,5.17
2001-01-12,,,5.98,5.19
2001-01-13,,,5.98,
2001-01-14,,,5.98,
2001-01-15,,,5.98,
2001-01-16,,,6.2,5.22
2001-01-17,,,5.94,5.22
2001-01-18,,,5.93,5.14
2001-01-19,,,5.92,5.1
2001-01-20,,,5.92,
2001-01-21,,,5.92,
2001-01-22,,,6.0,5.11
2001-01-23,,,5.97,5.1
2001-01-24,,,6.05,5.14
2001-01-25,,,6.1,5.14
2001-01-26,,,5.96,5.04
2001-01-27,,,5.96,
2001-01-28,,,5.96,
2001-01-29,,,5.98,4.99
2001-01-30,,,5.9,4.89
2001-01-31,,,5.74,4.86
2001-02-01,,5.49,5.57,4.87
2001-02-02,,,5.5,4.93
2001-02-03,,,5.5,
2001-02-04,,,5.5,
2001-02-05,,,5.52,4.96
2001-02-06,,,5.48,4.94
2001-02-07,,,5.5,4.94
2001-02-08,,,5.5,4.95
2001-02-09,,,5.44,4.93
2001-02-10,,,5.44,
2001-02-11,,,5.44,
2001-02-12,,,5.48,4.93
2001-02-13,,,5.46,4.92
2001-02-14,,,5.5,4.94
2001-02-15,,,5.57,4.95
2001-02-16,,,5.46,4.89
2001-02-17,,,5.46,
2001-02-18,,,5.46,
2001-02-19,,,5.46,
2001-02-20,,,5.57,4.92
2001-02-21,,,5.5,4.89
2001-02-22,,,5.52,4.88
2001-02-23,,,5.46,4.77
2001-02-24,,,5.46,
2001-02-25,,,5.46,
2001-02-26,,,5.55,4.71
2001-02-27,,,5.49,4.7
2001-02-28,,,5.59,4.73
2001-03-01,,5.31,5.59,4.72
2001-03-02,,,5.52,4.72
2001-03-03,,,5.52,
2001-03-04,,,5.52,
2001-03-05,,,5.52,4.7
2001-03-06,,,5.39,4.67
2001-03-07,,,5.34,4.57
2001-03-08,,,5.46,4.56
2001-03-09,,,5.42,4.61
2001-03-10,,,5.42,
2001-03-11,,,5.42,
2001-03-12,,,5.5,4.54
2001-03-13,,,5.5,4.54
2001-03-14,,,5.48,4.43
2001-03-15,,,5.52,4.41
2001-03-16,,,5.4,4.43
2001-03-17,,,5.4,
2001-03-18,,,5.4,
2001-03-19,,,5.38,4.42
2001-03-20,,,5.14,4.38
2001-03-21,,,5.05,4.21
2001-03-22,,,5.04,4.16
2001-03-23,,,4.94,4.19
2001-03-24,,,4.94,
2001-03-25,,,4.94,
2001-03-26,,,5.03,4.19
2001-03-27,,,5.04,4.24
2001-03-28,,,5.05,4.23
2001-03-29,,,5.19,4.22
2001-03-30,,,5.29,4.2
2001-03-31,,,5.29,
2001-04-01,,4.8,5.29,
2001-04-02,,,5.3,4.12
2001-04-03,,,5.1,4.05
2001-04-04,,,5.01,4.0
2001-04-05,,,5.04,4.01
2001-04-06,,,4.94,3.85
2001-04-07,,,4.94,
2001-04-08,,,4.94,
2001-04-09,,,4.98,3.84
2001-04-10,,,4.96,3.85
2001-04-11,,,4.95,3.98
2001-04-12,,,5.02,3.92
2001-04-13,,,5.01,
2001-04-14,,,5.01,
2001-04-15,,,5.01,
2001-04-16,,,5.17,4.05
2001-04-17,,,4.99,4.02
2001-04-18,,,4.67,3.82
2001-04-19,,,4.47,3.78
2001-04-20,,,4.38,3.68
2001-04-21,,,4.38,
2001-04-22,,,4.38,
2001-04-23,,,4.4,3.66
2001-04-24,,,4.41,3.71
2001-04-25,,,4.54,3.75
2001-04-26,,,4.57,3.74
2001-04-27,,,4.51,3.76
2001-04-28,,,4.51,
2001-04-29,,,4.51,
2001-04-30,,,4.67,3.86
2001-05-01,,4.21,4.61,3.83
2001-05-02,,,4.35,3.8
2001-05-03,,,4.48,3.75
2001-05-04,,,4.41,3.65
2001-05-05,,,4.41,
2001-05-06,,,4.41,
2001-05-07,,,4.47,3.65
2001-05-08,,,4.41,3.62
2001-05-09,,,4.43,3.64
2001-05-10,,,4.51,3.66
2001-05-11,,,4.47,3.69
2001-05-12,,,4.47,
2001-05-13,,,4.47,
2001-05-14,,,4.43,3.63
2001-05-15,,,4.22,3.55
2001-05-16,,,4.04,3.49
2001-05-17,,,4.04,3.49
2001-05-18,,,3.95,3.53
2001-05-19,,,3.95,
2001-05-20,,,3.95,
2001-05-21,,,4.02,3.57
2001-05-22,,,3.99,3.56
2001-05-23,,,3.97,3.56
2001-05-24,,,3.98,3.62
2001-05-25,,,3.94,3.58
2001-05-26,,,3.94,
2001-05-27,,,3.94,
2001-05-28,,,3.94,
2001-05-29,,,4.09,3.63
2001-05-30,,,4.05,3.6
2001-05-31,,,4.24,3.55
2001-06-01,,3.97,4.14,3.59
2001-06-02,,,4.14,
2001-06-03,,,4.14,
2001-06-04,,,4.03,3.6
2001-06-05,,,3.93,3.55
2001-06-06,,,3.91,3.54
2001-06-07,,,3.92,3.55
2001-06-08,,,4.02,3.56
2001-06-09,,,4.02,
2001-06-10,,,4.02,
2001-06-11,,,4.03,3.52
2001-06-12,,,3.98,3.48
2001-06-13,,,4.04,3.47
2001-06-14,,,4.03,3.48
2001-06-15,,,3.94,3.44
2001-06-16,,,3.94,
2001-06-17,,,3.94,
2001-06-18,,,3.91,3.44
2001-06-19,,,3.91,3.43
2001-06-20,,,3.98,3.41
2001-06-21,,,4.02,3.43
2001-06-22,,,3.98,3.37
2001-06-23,,,3.98,
2001-06-24,,,3.98,
2001-06-25,,,3.97,3.38
2001-06-26,,,3.75,3.38
2001-06-27,,,3.68,3.44
2001-06-28,,,3.86,3.56
2001-06-29,,,3.95,3.57
2001-06-30,,,3.95,
2001-07-01,,3.77,3.95,
2001-07-02,,,4.11,3.59
2001-07-03,,,3.69,3.58
2001-07-04,,,3.69,
2001-07-05,,,3.72,3.57
2001-07-06,,,3.6,3.55
2001-07-07,,,3.6,
2001-07-08,,,3.6,
2001-07-09,,,3.67,3.57
2001-07-10,,,3.71,3.55
2001-07-11,,,3.78,3.5
2001-07-12,,,3.78,3.52
2001-07-13,,,3.75,3.54
2001-07-14,,,3.75,
2001-07-15,,,3.75,
2001-07-16,,,3.82,3.56
2001-07-17,,,3.71,3.53
2001-07-18,,,3.73,3.46
2001-07-19,,,3.77,3.47
2001-07-20,,,3.8,3.45
2001-07-21,,,3.8,
2001-07-22,,,3.8,
2001-07-23,,,3.82,3.48
2001-07-24,,,3.82,3.48
2001-07-25,,,3.89,3.48
2001-07-26,,,3.87,3.48
2001-07-27,,,3.75,3.47
2001-07-28,,,3.75,
2001-07-29,,,3.75,
2001-07-30,,,3.79,3.49
2001-07-31,,,3.82,3.46
2001-08-01,,3.65,3.79,3.45
2001-08-02,,,3.68,3.45
2001-08-03,,,3.69,3.44
2001-08-04,,,3.69,
2001-08-05,,,3.69,
2001-08-06,,,3.73,3.44
2001-08-07,,,3.69,3.44
2001-08-08,,,3.75,3.41
2001-08-09,,,3.77,3.38
2001-08-10,,,3.7,3.36
2001-08-11,,,3.7,
2001-08-12,,,3.7,
2001-08-13,,,3.79,3.37
2001-08-14,,,3.76,3.35
2001-08-15,,,3.83,3.35
2001-08-16,,,3.75,3.32
2001-08-17,,,3.66,3.29
2001-08-18,,,3.66,
2001-08-19,,,3.66,
2001-08-20,,,3.64,3.34
2001-08-21,,,3.53,3.31
2001-08-22,,,3.51,3.31
2001-08-23,,,3.55,3.33
2001-08-24,,,3.51,3.35
2001-08-25,,,3.51,
2001-08-26,,,3.51,
2001-08-27,,,3.54,3.37
2001-08-28,,,3.5,3.33
2001-08-29,,,3.5,3.34
2001-08-30,,,3.58,3.29
2001-08-31,,,3.66,3.3
2001-09-01,,3.07,3.66,
2001-09-02,,,3.66,
2001-09-03,,,3.66,
2001-09-04,,,3.67,3.36
2001-09-05,,,3.49,3.33
2001-09-06,,,3.52,3.27
2001-09-07,,,3.44,3.2
2001-09-08,,,3.44,
2001-09-09,,,3.44,
2001-09-10,,,3.5,3.19
2001-09-11,,,3.5,
2001-09-12,,,3.56,
2001-09-13,,,3.31,2.68
2001-09-14,,,3.13,2.59
2001-09-15,,,3.13,
2001-09-16,,,3.13,
2001-09-17,,,2.13,2.54
2001-09-18,,,1.25,2.43
2001-09-19,,,1.19,2.15
2001-09-20,,,2.22,2.18
2001-09-21,,,3.11,2.21
2001-09-22,,,3.11,
2001-09-23,,,3.11,
2001-09-24,,,3.31,2.33
2001-09-25,,,3.11,2.35
2001-09-26,,,2.96,2.33
2001-09-27,,,3.08,2.33
2001-09-28,,,2.75,2.35
2001-09-29,,,2.75,
2001-09-30,,,2.75,
2001-10-01,,2.49,3.02,2.32
2001-10-02,,,2.35,2.22
2001-10-03,,,2.27,2.19
2001-10-04,,,2.45,2.17
2001-10-05,,,2.42,2.15
2001-10-06,,,2.42,
2001-10-07,,,2.42,
2001-10-08,,,2.42,
2001-10-09,,,2.5,2.18
2001-10-10,,,2.42,2.18
2001-10-11,,,2.42,2.23
2001-10-12,,,2.39,2.21
2001-10-13,,,2.39,
2001-10-14,,,2.39,
2001-10-15,,,2.51,2.21
2001-10-16,,,2.47,2.18
2001-10-17,,,2.51,2.18
2001-10-18,,,2.5,2.15
2001-10-19,,,2.47,2.15
2001-10-20,,,2.47,
2001-10-21,,,2.47,
2001-10-22,,,2.52,2.18
2001-10-23,,,2.48,2.16
2001-10-24,,,2.53,2.13
2001-10-25,,,2.54,2.1
2001-10-26,,,2.51,2.1
2001-10-27,,,2.51,
2001-10-28,,,2.51,
2001-10-29,,,2.55,2.05
2001-10-30,,,2.55,2.01
2001-10-31,,,2.66,2.01
2001-11-01,,2.09,2.61,2.02
2001-11-02,,,2.43,1.97
2001-11-03,,,2.43,
2001-11-04,,,2.43,
2001-11-05,,,2.45,1.97
2001-11-06,,,2.13,1.82
2001-11-07,,,2.04,1.77
2001-11-08,,,2.03,1.81
2001-11-09,,,1.98,1.8
2001-11-10,,,1.98,
2001-11-11,,,1.98,
2001-11-12,,,1.98,
2001-11-13,,,2.1,1.81
2001-11-14,,,2.16,1.84
2001-11-15,,,2.22,1.88
2001-11-16,,,1.98,1.91
2001-11-17,,,1.98,
2001-11-18,,,1.98,
2001-11-19,,,2.01,1.9
2001-11-20,,,1.97,1.91
2001-11-21,,,1.93,1.92
2001-11-22,,,1.93,
2001-11-23,,,1.88,1.91
2001-11-24,,,1.88,
2001-11-25,,,1.88,
2001-11-26,,,2.04,1.94
2001-11-27,,,2.01,1.88
2001-11-28,,,2.04,1.84
2001-11-29,,,2.09,1.77
2001-11-30,,,2.06,1.75
2001-12-01,,1.82,2.06,
2001-12-02,,,2.06,
2001-12-03,,,2.05,1.75
2001-12-04,,,1.93,1.71
2001-12-05,,,1.89,1.74
2001-12-06,,,1.87,1.72
2001-12-07,,,1.92,1.66
2001-12-08,,,1.92,
2001-12-09,,,1.92,
2001-12-10,,,1.9,1.68
2001-12-11,,,1.8,1.63
2001-12-12,,,1.81,1.64
2001-12-13,,,1.86,1.66
2001-12-14,,,1.88,1.7
2001-12-15,,,1.88,
2001-12-16,,,1.88,
2001-12-17,,,1.93,1.71
2001-12-18,,,1.71,1.68
2001-12-19,,,1.71,1.66
2001-12-20,,,1.79,1.66
2001-12-21,,,1.78,1.68
2001-12-22,,,1.78,
2001-12-23,,,1.78,
2001-12-24,,,1.68,1.69
2001-12-25,,,1.68,
2001-12-26,,,1.89,1.72
2001-12-27,,,1.85,1.71
2001-12-28,,,1.54,1.69
2001-12-29,,,1.54,
2001-12-30,,,1.54,
2001-12-31,,,1.52,1.71
2002-01-01,,1.73,1.52,
2002-01-02,,,1.92,1.71
2002-01-03,,,1.72,1.7
2002-01-04,,,1.61,1.69
2002-01-05,,,1.61,
2002-01-06,,,1.61,
2002-01-07,,,1.61,1.66
2002-01-08,,,1.61,1.65
2002-01-09,,,1.74,1.65
2002-01-10,,,1.81,1.65
2002-01-11,,,1.71,1.55
2002-01-12,,,1.71,
2002-01-13,,,1.71,
2002-01-14,,,1.78,1.55
2002-01-15,,,1.75,1.57
2002-01-16,,,1.69,1.58
2002-01-17,,,1.68,1.61
2002-01-18,,,1.71,1.59
2002-01-19,,,1.71,
2002-01-20,,,1.71,
2002-01-21,,,1.71,
2002-01-22,,,1.84,1.66
2002-01-23,,,1.81,1.68
2002-01-24,,,1.8,1.69
2002-01-25,,,1.78,1.69
2002-01-26,,,1.78,
2002-01-27,,,1.78,
2002-01-28,,,1.79,1.7
2002-01-29,,,1.78,1.69
2002-01-30,,,1.78,1.72
2002-01-31,,,1.85,1.73
2002-02-01,,1.74,1.77,1.73
2002-02-02,,,1.77,
2002-02-03,,,1.77,
2002-02-04,,,1.74,1.74
2002-02-05,,,1.64,1.73
2002-02-06,,,1.66,1.71
2002-02-07,,,1.74,1.7
2002-02-08,,,1.69,1.7
2002-02-09,,,1.69,
2002-02-10,,,1.69,
2002-02-11,,,1.76,1.7
2002-02-12,,,1.72,1.72
2002-02-13,,,1.75,1.73
2002-02-14,,,1.81,1.72
2002-02-15,,,1.73,1.71
2002-02-16,,,1.73,
2002-02-17,,,1.73,
2002-02-18,,,1.73,
2002-02-19,,,1.77,1.71
2002-02-20,,,1.76,1.73
2002-02-21,,,1.77,1.73
2002-02-22,,,1.71,1.73
2002-02-23,,,1.71,
2002-02-24,,,1.71,
2002-02-25,,,1.8,1.74
2002-02-26,,,1.77,1.74
2002-02-27,,,1.76,1.74
2002-02-28,,,1.83,1.76
2002-03-01,,1.73,1.78,1.74
2002-03-02,,,1.78,
2002-03-03,,,1.78,
2002-03-04,,,1.68,1.76
2002-03-05,,,1.63,1.77
2002-03-06,,,1.71,1.75
2002-03-07,,,1.77,1.75
2002-03-08,,,1.69,1.77
2002-03-09,,,1.69,
2002-03-10,,,1.69,
2002-03-11,,,1.75,1.8
2002-03-12,,,1.68,1.81
2002-03-13,,,1.73,1.79
2002-03-14,,,1.79,1.82
2002-03-15,,,1.8,1.82
2002-03-16,,,1.8,
2002-03-17,,,1.8,
2002-03-18,,,1.71,1.83
2002-03-19,,,1.67,1.82
2002-03-20,,,1.78,1.81
2002-03-21,,,1.74,1.8
2002-03-22,,,1.68,1.8
2002-03-23,,,1.68,
2002-03-24,,,1.68,
2002-03-25,,,1.75,1.79
2002-03-26,,,1.71,1.78
2002-03-27,,,1.69,1.78
2002-03-28,,,1.77,1.76
2002-03-29,,,1.74,
2002-03-30,,,1.74,
2002-03-31,,,1.74,
2002-04-01,,1.75,1.88,1.75
2002-04-02,,,1.74,1.77
2002-04-03,,,1.81,1.76
2002-04-04,,,1.74,1.75
2002-04-05,,,1.7,1.73
2002-04-06,,,1.7,
2002-04-07,,,1.7,
2002-04-08,,,1.72,1.72
2002-04-09,,,1.68,1.7
2002-04-10,,,1.73,1.68
2002-04-11,,,1.83,1.69
2002-04-12,,,1.79,1.68
2002-04-13,,,1.79,
2002-04-14,,,1.79,
2002-04-15,,,1.84,1.68
2002-04-16,,,1.68,1.71
2002-04-17,,,1.73,1.7
2002-04-18,,,1.71,1.69
2002-04-19,,,1.67,1.7
2002-04-20,,,1.67,
2002-04-21,,,1.67,
2002-04-22,,,1.73,1.69
2002-04-23,,,1.71,1.7
2002-04-24,,,1.76,1.69
2002-04-25,,,1.82,1.71
2002-04-26,,,1.79,1.72
2002-04-27,,,1.79,
2002-04-28,,,1.79,
2002-04-29,,,1.81,1.74
2002-04-30,,,1.82,1.74
2002-05-01,,1.75,1.88,1.74
2002-05-02,,,1.79,1.74
2002-05-03,,,1.73,1.73
2002-05-04,,,1.73,
2002-05-05,,,1.73,
2002-05-06,,,1.75,1.73
2002-05-07,,,1.72,1.73
2002-05-08,,,1.71,1.73
2002-05-09,,,1.74,1.74
2002-05-10,,,1.74,1.74
2002-05-11,,,1.74,
2002-05-12,,,1.74,
2002-05-13,,,1.75,1.74
2002-05-14,,,1.69,1.75
2002-05-15,,,1.84,1.73
2002-05-16,,,1.76,1.72
2002-05-17,,,1.7,1.73
2002-05-18,,,1.7,
2002-05-19,,,1.7,
2002-05-20,,,1.72,1.72
2002-05-21,,,1.68,1.72
2002-05-22,,,1.73,1.71
2002-05-23,,,1.76,1.71
2002-05-24,,,1.75,1.71
2002-05-25,,,1.75,
2002-05-26,,,1.75,
2002-05-27,,,1.75,
2002-05-28,,,1.88,1.73
2002-05-29,,,1.79,1.72
2002-05-30,,,1.8,1.72
2002-05-31,,,1.79,1.71
2002-06-01,,1.75,1.79,
2002-06-02,,,1.79,
2002-06-03,,,1.83,1.72
2002-06-04,,,1.73,1.73
2002-06-05,,,1.7,1.72
2002-06-06,,,1.75,1.71
2002-06-07,,,1.73,1.71
2002-06-08,,,1.73,
2002-06-09,,,1.73,
2002-06-10,,,1.76,1.72
2002-06-11,,,1.72,1.72
2002-06-12,,,1.75,1.71
2002-06-13,,,1.76,1.69
2002-06-14,,,1.75,1.68
2002-06-15,,,1.75,
2002-06-16,,,1.75,
2002-06-17,,,1.82,1.7
2002-06-18,,,1.71,1.7
2002-06-19,,,1.69,1.68
2002-06-20,,,1.75,1.7
2002-06-21,,,1.74,1.69
2002-06-22,,,1.74,
2002-06-23,,,1.74,
2002-06-24,,,1.77,1.7
2002-06-25,,,1.75,1.7
2002-06-26,,,1.78,1.67
2002-06-27,,,1.81,1.67
2002-06-28,,,1.73,1.67
2002-06-29,,,1.73,
2002-06-30,,,1.73,
2002-07-01,,1.73,1.83,1.68
2002-07-02,,,1.72,1.69
2002-07-03,,,1.71,1.69
2002-07-04,,,1.71,
2002-07-05,,,1.72,1.69
2002-07-06,,,1.72,
2002-07-07,,,1.72,
2002-07-08,,,1.75,1.7
2002-07-09,,,1.72,1.69
2002-07-10,,,1.74,1.69
2002-07-11,,,1.76,1.69
2002-07-12,,,1.71,1.68
2002-07-13,,,1.71,
2002-07-14,,,1.71,
2002-07-15,,,1.83,1.68
2002-07-16,,,1.72,1.69
2002-07-17,,,1.71,1.69
2002-07-18,,,1.74,1.69
2002-07-19,,,1.72,1.68
2002-07-20,,,1.72,
2002-07-21,,,1.72,
2002-07-22,,,1.77,1.68
2002-07-23,,,1.73,1.67
2002-07-24,,,1.67,1.66
2002-07-25,,,1.75,1.67
2002-07-26,,,1.69,1.66
2002-07-27,,,1.69,
2002-07-28,,,1.69,
2002-07-29,,,1.75,1.69
2002-07-30,,,1.71,1.69
2002-07-31,,,1.76,1.68
2002-08-01,,1.74,1.79,1.65
2002-08-02,,,1.72,1.6
2002-08-03,,,1.72,
2002-08-04,,,1.72,
2002-08-05,,,1.77,1.61
2002-08-06,,,1.74,1.62
2002-08-07,,,1.71,1.56
2002-08-08,,,1.71,1.59
2002-08-09,,,1.68,1.59
2002-08-10,,,1.68,
2002-08-11,,,1.68,
2002-08-12,,,1.76,1.64
2002-08-13,,,1.74,1.6
2002-08-14,,,1.78,1.61
2002-08-15,,,1.87,1.59
2002-08-16,,,1.7,1.59
2002-08-17,,,1.7,
2002-08-18,,,1.7,
2002-08-19,,,1.72,1.63
2002-08-20,,,1.7,1.59
2002-08-21,,,1.72,1.6
2002-08-22,,,1.73,1.62
2002-08-23,,,1.72,1.62
2002-08-24,,,1.72,
2002-08-25,,,1.72,
2002-08-26,,,1.81,1.64
2002-08-27,,,1.79,1.65
2002-08-28,,,1.8,1.64
2002-08-29,,,1.82,1.65
2002-08-30,,,1.81,1.66
2002-08-31,,,1.81,
2002-09-01,,1.75,1.81,
2002-09-02,,,1.81,
2002-09-03,,,1.87,1.61
2002-09-04,,,1.74,1.6
2002-09-05,,,1.75,1.58
2002-09-06,,,1.71,1.63
2002-09-07,,,1.71,
2002-09-08,,,1.71,
2002-09-09,,,1.76,1.66
2002-09-10,,,1.74,1.65
2002-09-11,,,1.72,1.66
2002-09-12,,,1.74,1.66
2002-09-13,,,1.72,1.66
2002-09-14,,,1.72,
2002-09-15,,,1.72,
2002-09-16,,,1.83,1.68
2002-09-17,,,1.72,1.67
2002-09-18,,,1.68,1.65
2002-09-19,,,1.69,1.62
2002-09-20,,,1.7,1.62
2002-09-21,,,1.7,
2002-09-22,,,1.7,
2002-09-23,,,1.74,1.62
2002-09-24,,,1.75,1.62
2002-09-25,,,1.79,1.63
2002-09-26,,,1.8,1.62
2002-09-27,,,1.78,1.6
2002-09-28,,,1.78,
2002-09-29,,,1.78,
2002-09-30,,,1.85,1.54
2002-10-01,,1.75,1.85,1.56
2002-10-02,,,1.75,1.55
2002-10-03,,,1.76,1.54
2002-10-04,,,1.72,1.58
2002-10-05,,,1.72,
2002-10-06,,,1.72,
2002-10-07,,,1.74,1.6
2002-10-08,,,1.72,1.58
2002-10-09,,,1.73,1.54
2002-10-10,,,1.75,1.55
2002-10-11,,,1.73,1.55
2002-10-12,,,1.73,
2002-10-13,,,1.73,
2002-10-14,,,1.73,
2002-10-15,,,1.88,1.65
2002-10-16,,,1.73,1.63
2002-10-17,,,1.74,1.64
2002-10-18,,,1.71,1.64
2002-10-19,,,1.71,
2002-10-20,,,1.71,
2002-10-21,,,1.73,1.68
2002-10-22,,,1.71,1.66
2002-10-23,,,1.76,1.65
2002-10-24,,,1.8,1.62
2002-10-25,,,1.82,1.61
2002-10-26,,,1.82,
2002-10-27,,,1.82,
2002-10-28,,,1.79,1.56
2002-10-29,,,1.75,1.48
2002-10-30,,,1.72,1.48
2002-10-31,,,1.82,1.42
2002-11-01,,1.34,1.74,1.41
2002-11-02,,,1.74,
2002-11-03,,,1.74,
2002-11-04,,,1.71,1.41
2002-11-05,,,1.64,1.4
2002-11-06,,,1.48,1.21
2002-11-07,,,1.27,1.2
2002-11-08,,,1.18,1.2
2002-11-09,,,1.18,
2002-11-10,,,1.18,
2002-11-11,,,1.18,
2002-11-12,,,1.29,1.2
2002-11-13,,,1.17,1.19
2002-11-14,,,1.29,1.2
2002-11-15,,,1.35,1.2
2002-11-16,,,1.35,
2002-11-17,,,1.35,
2002-11-18,,,1.21,1.21
2002-11-19,,,1.2,1.19
2002-11-20,,,1.23,1.2
2002-11-21,,,1.27,1.2
2002-11-22,,,1.25,1.21
2002-11-23,,,1.25,
2002-11-24,,,1.25,
2002-11-25,,,1.32,1.22
2002-11-26,,,1.26,1.2
2002-11-27,,,1.27,1.21
2002-11-28,,,1.27,
2002-11-29,,,1.23,1.2
2002-11-30,,,1.23,
2002-12-01,,1.24,1.23,
2002-12-02,,,1.27,1.22
2002-12-03,,,1.24,1.21
2002-12-04,,,1.23,1.2
2002-12-05,,,1.24,1.2
2002-12-06,,,1.21,1.19
2002-12-07,,,1.21,
2002-12-08,,,1.21,
2002-12-09,,,1.22,1.21
2002-12-10,,,1.22,1.19
2002-12-11,,,1.29,1.19
2002-12-12,,,1.29,1.19
2002-12-13,,,1.25,1.19
2002-12-14,,,1.25,
2002-12-15,,,1.25,
2002-12-16,,,1.36,1.21
2002-12-17,,,1.26,1.2
2002-12-18,719542.0,,1.25,1.19
2002-12-19,,,1.28,1.19
2002-12-20,,,1.26,1.19
2002-12-21,,,1.26,
2002-12-22,,,1.26,
2002-12-23,,,1.28,1.17
2002-12-24,,,1.15,1.17
2002-12-25,732059.0,,1.15,
2002-12-26,,,1.28,1.16
2002-12-27,,,1.2,1.14
2002-12-28,,,1.2,
2002-12-29,,,1.2,
2002-12-30,,,1.23,1.2
2002-12-31,,,1.16,1.2
2003-01-01,730994.0,1.24,1.16,
2003-01-02,,,1.3,1.2
2003-01-03,,,1.12,1.2
2003-01-04,,,1.12,
2003-01-05,,,1.12,
2003-01-06,,,1.22,1.19
2003-01-07,,,1.2,1.17
2003-01-08,723762.0,,1.29,1.17
2003-01-09,,,1.29,1.18
2003-01-10,,,1.25,1.18
2003-01-11,,,1.25,
2003-01-12,,,1.25,
2003-01-13,,,1.26,1.19
2003-01-14,,,1.24,1.17
2003-01-15,720074.0,,1.3,1.18
2003-01-16,,,1.24,1.16
2003-01-17,,,1.2,1.16
2003-01-18,,,1.2,
2003-01-19,,,1.2,
2003-01-20,,,1.2,
2003-01-21,,,1.31,1.17
2003-01-22,735953.0,,1.26,1.15
2003-01-23,,,1.27,1.15
2003-01-24,,,1.21,1.14
2003-01-25,,,1.21,
2003-01-26,,,1.21,
2003-01-27,,,1.3,1.15
2003-01-28,,,1.23,1.16
2003-01-29,712809.0,,1.26,1.16
2003-01-30,,,1.29,1.16
2003-01-31,,,1.33,1.16
2003-02-01,,1.26,1.33,
2003-02-02,,,1.33,
2003-02-03,,,1.3,1.16
2003-02-04,,,1.21,1.14
2003-02-05,719643.0,,1.21,1.16
2003-02-06,,,1.23,1.15
2003-02-07,,,1.21,1.15
2003-02-08,,,1.21,
2003-02-09,,,1.21,
2003-02-10,,,1.25,1.15
2003-02-11,,,1.22,1.16
2003-02-12,713281.0,,1.23,1.16
2003-02-13,,,1.28,1.15
2003-02-14,,,1.3,1.16
2003-02-15,,,1.3,
2003-02-16,,,1.3,
2003-02-17,,,1.3,
2003-02-18,,,1.35,1.17
2003-02-19,730400.0,,1.24,1.16
2003-02-20,,,1.25,1.17
2003-02-21,,,1.21,1.17
2003-02-22,,,1.21,
2003-02-23,,,1.21,
2003-02-24,,,1.25,1.19
2003-02-25,,,1.28,1.18
2003-02-26,721980.0,,1.28,1.19
2003-02-27,,,1.31,1.19
2003-02-28,,,1.33,1.18
2003-03-01,,1.25,1.33,
2003-03-02,,,1.33,
2003-03-03,,,1.33,1.18
2003-03-04,,,1.2,1.17
2003-03-05,722649.0,,1.22,1.16
2003-03-06,,,1.23,1.16
2003-03-07,,,1.2,1.1
2003-03-08,,,1.2,
2003-03-09,,,1.2,
2003-03-10,,,1.23,1.06
2003-03-11,,,1.21,1.08
2003-03-12,717014.0,,1.23,1.08
2003-03-13,,,1.31,1.1
2003-03-14,,,1.3,1.11
2003-03-15,,,1.3,
2003-03-16,,,1.3,
2003-03-17,,,1.31,1.13
2003-03-18,,,1.2,1.12
2003-03-19,729923.0,,1.2,1.14
2003-03-20,,,1.23,1.15
2003-03-21,,,1.2,1.16
2003-03-22,,,1.2,
2003-03-23,,,1.2,
2003-03-24,,,1.23,1.15
2003-03-25,,,1.24,1.16
2003-03-26,725019.0,,1.26,1.16
2003-03-27,,,1.29,1.14
2003-03-28,,,1.26,1.12
2003-03-29,,,1.26,
2003-03-30,,,1.26,
2003-03-31,,,1.38,1.12
2003-04-01,,1.26,1.29,1.1
2003-04-02,732452.0,,1.19,1.11
2003-04-03,,,1.24,1.09
2003-04-04,,,1.22,1.09
2003-04-05,,,1.22,
2003-04-06,,,1.22,
2003-04-07,,,1.25,1.15
2003-04-08,,,1.22,1.13
2003-04-09,727826.0,,1.24,1.11
2003-04-10,,,1.27,1.12
2003-04-11,,,1.24,1.15
2003-04-12,,,1.24,
2003-04-13,,,1.24,
2003-04-14,,,1.32,1.18
2003-04-15,,,1.34,1.16
2003-04-16,745838.0,,1.26,1.15
2003-04-17,,,1.28,1.16
2003-04-18,,,1.24,
2003-04-19,,,1.24,
2003-04-20,,,1.24,
2003-04-21,,,1.29,1.16
2003-04-22,,,1.26,1.16
2003-04-23,732222.0,,1.24,1.15
2003-04-24,,,1.24,1.13
2003-04-25,,,1.28,1.12
2003-04-26,,,1.28,
2003-04-27,,,1.28,
2003-04-28,,,1.29,1.12
2003-04-29,,,1.27,1.13
2003-04-30,746294.0,,1.31,1.11
2003-05-01,,1.26,1.3,1.08
2003-05-02,,,1.24,1.1
2003-05-03,,,1.24,
2003-05-04,,,1.24,
2003-05-05,,,1.27,1.11
2003-05-06,,,1.28,1.08
2003-05-07,733466.0,,1.28,1.09
2003-05-08,,,1.27,1.07
2003-05-09,,,1.24,1.09
2003-05-10,,,1.24,
2003-05-11,,,1.24,
2003-05-12,,,1.25,1.08
2003-05-13,,,1.23,1.07
2003-05-14,740371.0,,1.3,1.04
2003-05-15,,,1.36,1.04
2003-05-16,,,1.26,1.03
2003-05-17,,,1.26,
2003-05-18,,,1.26,
2003-05-19,,,1.26,1.03
2003-05-20,,,1.23,1.02
2003-05-21,734699.0,,1.23,1.04
2003-05-22,,,1.25,1.06
2003-05-23,,,1.21,1.06
2003-05-24,,,1.21,
2003-05-25,,,1.21,
2003-05-26,,,1.21,
2003-05-27,,,1.32,1.07
2003-05-28,744896.0,,1.29,1.1
2003-05-29,,,1.29,1.08
2003-05-30,,,1.28,1.09
2003-05-31,,,1.28,
2003-06-01,,1.22,1.28,
2003-06-02,,,1.27,1.12
2003-06-03,,,1.21,1.06
2003-06-04,731667.0,,1.22,1.03
2003-06-05,,,1.26,1.02
2003-06-06,,,1.24,1.03
2003-06-07,,,1.24,
2003-06-08,,,1.24,
2003-06-09,,,1.25,1.01
2003-06-10,,,1.22,0.95
2003-06-11,743236.0,,1.25,0.92
2003-06-12,,,1.25,0.9
2003-06-13,,,1.24,0.84
2003-06-14,,,1.24,
2003-06-15,,,1.24,
2003-06-16,,,1.33,0.85
2003-06-17,,,1.24,0.88
2003-06-18,735926.0,,1.22,0.87
2003-06-19,,,1.22,0.8
2003-06-20,,,1.23,0.81
2003-06-21,,,1.23,
2003-06-22,,,1.23,
2003-06-23,,,1.21,0.83
2003-06-24,,,1.15,0.81
2003-06-25,744018.0,,1.18,0.9
2003-06-26,,,1.1,0.89
2003-06-27,,,1.08,0.85
2003-06-28,,,1.08,
2003-06-29,,,1.08,
2003-06-30,,,1.45,0.89
2003-07-01,,1.01,1.11,0.87
2003-07-02,740126.0,,1.01,0.85
2003-07-03,,,0.96,0.85
2003-07-04,,,0.96,
2003-07-05,,,0.96,
2003-07-06,,,0.96,
2003-07-07,,,1.0,0.9
2003-07-08,,,0.93,0.9
2003-07-09,744430.0,,0.96,0.88
2003-07-10,,,1.0,0.87
2003-07-11,,,0.98,0.87
2003-07-12,,,0.98,
2003-07-13,,,0.98,
2003-07-14,,,1.07,0.89
2003-07-15,,,1.13,0.9
2003-07-16,737765.0,,1.01,0.89
2003-07-17,,,1.02,0.88
2003-07-18,,,0.99,0.89
2003-07-19,,,0.99,
2003-07-20,,,0.99,
2003-07-21,,,1.02,0.91
2003-07-22,,,1.0,0.91
2003-07-23,745665.0,,1.05,0.91
2003-07-24,,,1.04,0.91
2003-07-25,,,1.03,0.91
2003-07-26,,,1.03,
2003-07-27,,,1.03,
2003-07-28,,,1.05,0.95
2003-07-29,,,1.04,0.97
2003-07-30,740295.0,,1.03,0.96
2003-07-31,,,1.04,0.94
2003-08-01,,1.03,1.0,0.93
2003-08-02,,,1.0,
2003-08-03,,,1.0,
2003-08-04,,,1.0,0.95
2003-08-05,,,0.86,0.94
2003-08-06,734018.0,,0.88,0.93
2003-08-07,,,0.95,0.93
2003-08-08,,,0.96,0.94
2003-08-09,,,0.96,
2003-08-10,,,0.96,
2003-08-11,,,1.02,0.94
2003-08-12,,,0.99,0.93
2003-08-13,735386.0,,1.01,0.94
2003-08-14,,,1.22,0.94
2003-08-15,,,1.39,0.93
2003-08-16,,,1.39,
2003-08-17,,,1.39,
2003-08-18,,,1.03,0.94
2003-08-19,,,0.93,0.94
2003-08-20,750825.0,,0.89,0.94
2003-08-21,,,1.01,0.95
2003-08-22,,,0.99,0.96
2003-08-23,,,0.99,
2003-08-24,,,0.99,
2003-08-25,,,1.04,1.0
2003-08-26,,,1.0,0.99
2003-08-27,740637.0,,0.98,0.98
2003-08-28,,,1.04,0.97
2003-08-29,,,1.01,0.96
2003-08-30,,,1.01,
2003-08-31,,,1.01,
2003-09-01,,1.01,1.01,
2003-09-02,,,1.06,0.96
2003-09-03,750461.0,,0.96,0.95
2003-09-04,,,0.98,0.95
2003-09-05,,,0.96,0.94
2003-09-06,,,0.96,
2003-09-07,,,0.96,
2003-09-08,,,0.99,0.95
2003-09-09,,,0.95,0.94
2003-09-10,737234.0,,0.95,0.94
2003-09-11,,,1.0,0.94
2003-09-12,,,1.02,0.94
2003-09-13,,,1.02,
2003-09-14,,,1.02,
2003-09-15,,,1.11,0.94
2003-09-16,,,0.97,0.91
2003-09-17,743939.0,,0.97,0.93
2003-09-18,,,1.0,0.94
2003-09-19,,,0.99,0.93
2003-09-20,,,0.99,
2003-09-21,,,0.99,
2003-09-22,,,1.02,0.94
2003-09-23,,,1.01,0.92
2003-09-24,741193.0,,1.03,0.93
2003-09-25,,,1.08,0.92
2003-09-26,,,1.03,0.92
2003-09-27,,,1.03,
2003-09-28,,,1.03,
2003-09-29,,,1.04,0.95
2003-09-30,,,1.17,0.93
2003-10-01,753155.0,1.01,1.11,0.93
2003-10-02,,,1.02,0.92
2003-10-03,,,0.99,0.92
2003-10-04,,,0.99,
2003-10-05,,,0.99,
2003-10-06,,,0.99,0.92
2003-10-07,,,0.98,0.9
2003-10-08,737108.0,,0.99,0.89
2003-10-09,,,1.02,0.89
2003-10-10,,,1.0,0.9
2003-10-11,,,1.0,
2003-10-12,,,1.0,
2003-10-13,,,1.0,
2003-10-14,,,1.08,0.91
2003-10-15,754229.0,,1.09,0.91
2003-10-16,,,1.04,0.91
2003-10-17,,,0.98,0.91
2003-10-18,,,0.98,
2003-10-19,,,0.98,
2003-10-20,,,1.02,0.93
2003-10-21,,,0.99,0.91
2003-10-22,743578.0,,0.99,0.94
2003-10-23,,,1.02,0.94
2003-10-24,,,1.01,0.93
2003-10-25,,,1.01,
2003-10-26,,,1.01,
2003-10-27,,,1.03,0.96
2003-10-28,,,0.98,0.94
2003-10-29,747272.0,,0.97,0.94
2003-10-30,,,1.02,0.94
2003-10-31,,,1.03,0.94
2003-11-01,,1.0,1.03,
2003-11-02,,,1.03,
2003-11-03,,,1.02,0.94
2003-11-04,,,0.98,0.93
2003-11-05,744116.0,,0.98,0.94
2003-11-06,,,1.0,0.94
2003-11-07,,,0.98,0.94
2003-11-08,,,0.98,
2003-11-09,,,0.98,
2003-11-10,,,0.99,0.95
2003-11-11,,,0.99,
2003-11-12,745604.0,,1.0,0.93
2003-11-13,,,0.99,0.92
2003-11-14,,,0.98,0.93
2003-11-15,,,0.98,
2003-11-16,,,0.98,
2003-11-17,,,1.04,0.94
2003-11-18,,,0.98,0.94
2003-11-19,744521.0,,0.98,0.93
2003-11-20,,,1.0,0.93
2003-11-21,,,0.98,0.92
2003-11-22,,,0.98,
2003-11-23,,,0.98,
2003-11-24,,,0.98,0.94
2003-11-25,,,1.02,0.93
2003-11-26,756964.0,,1.01,0.92
2003-11-27,,,1.01,
2003-11-28,,,1.01,0.91
2003-11-29,,,1.01,
2003-11-30,,,1.01,
2003-12-01,,0.98,1.03,0.93
2003-12-02,,,0.97,0.92
2003-12-03,749981.0,,0.98,0.92
2003-12-04,,,0.99,0.91
2003-12-05,,,0.98,0.9
2003-12-06,,,0.98,
2003-12-07,,,0.98,
2003-12-08,,,0.99,0.91
2003-12-09,,,0.97,0.91
2003-12-10,756585.0,,0.99,0.91
2003-12-11,,,0.99,0.88
2003-12-12,,,0.99,0.89
2003-12-13,,,0.99,
2003-12-14,,,0.99,
2003-12-15,,,1.04,0.89
2003-12-16,,,0.99,0.89
2003-12-17,753919.0,,0.99,0.88
2003-12-18,,,1.01,0.87
2003-12-19,,,0.98,0.86
2003-12-20,,,0.98,
2003-12-21,,,0.98,
2003-12-22,,,1.02,0.89
2003-12-23,,,1.0,0.88
2003-12-24,767012.0,,0.97,0.88
2003-12-25,,,0.97,
2003-12-26,,,0.97,0.85
2003-12-27,,,0.97,
2003-12-28,,,0.97,
2003-12-29,,,0.98,0.89
2003-12-30,,,0.93,0.92
2003-12-31,771551.0,,0.94,0.93
2004-01-01,,1.0,0.94,
2004-01-02,,,1.01,0.91
2004-01-03,,,1.01,
2004-01-04,,,1.01,
2004-01-05,,,0.97,0.9
2004-01-06,,,0.92,0.9
2004-01-07,755829.0,,0.94,0.89
2004-01-08,,,0.99,0.86
2004-01-09,,,0.99,0.85
2004-01-10,,,0.99,
2004-01-11,,,0.99,
2004-01-12,,,1.0,0.88
2004-01-13,,,0.99,0.87
2004-01-14,752812.0,,1.01,0.86
2004-01-15,,,1.04,0.86
2004-01-16,,,0.98,0.87
2004-01-17,,,0.98,
2004-01-18,,,0.98,
2004-01-19,,,0.98,
2004-01-20,,,1.02,0.88
2004-01-21,775833.0,,1.0,0.87
2004-01-22,,,1.02,0.86
2004-01-23,,,1.0,0.88
2004-01-24,,,1.0,
2004-01-25,,,1.0,
2004-01-26,,,1.08,0.89
2004-01-27,,,1.02,0.89
2004-01-28,755279.0,,0.99,0.92
2004-01-29,,,1.0,0.92
2004-01-30,,,1.03,0.9
2004-01-31,,,1.03,
2004-02-01,,1.01,1.03,
2004-02-02,,,1.01,0.93
2004-02-03,,,0.97,0.92
2004-02-04,754153.0,,1.0,0.92
2004-02-05,,,1.01,0.92
2004-02-06,,,0.99,0.91
2004-02-07,,,0.99,
2004-02-08,,,0.99,
2004-02-09,,,1.01,0.93
2004-02-10,,,1.0,0.93
2004-02-11,750999.0,,1.0,0.91
2004-02-12,,,1.02,0.91
2004-02-13,,,1.01,0.9
2004-02-14,,,1.01,
2004-02-15,,,1.01,
2004-02-16,,,1.01,
2004-02-17,,,1.02,0.93
2004-02-18,758759.0,,1.0,0.92
2004-02-19,,,1.0,0.92
2004-02-20,,,0.99,0.92
2004-02-21,,,0.99,
2004-02-22,,,0.99,
2004-02-23,,,1.0,0.95
2004-02-24,,,0.99,0.95
2004-02-25,750666.0,,1.02,0.94
2004-02-26,,,1.03,0.94
2004-02-27,,,1.04,0.94
2004-02-28,,,1.04,
2004-02-29,,,1.04,
2004-03-01,,1.0,1.04,0.95
2004-03-02,,,1.0,0.95
2004-03-03,754867.0,,1.0,0.95
2004-03-04,,,0.99,0.94
2004-03-05,,,1.0,0.93
2004-03-06,,,1.0,
2004-03-07,,,1.0,
2004-03-08,,,1.0,0.95
2004-03-09,,,0.99,0.94
2004-03-10,749950.0,,1.0,0.94
2004-03-11,,,1.01,0.95
2004-03-12,,,0.99,0.94
2004-03-13,,,0.99,
2004-03-14,,,0.99,
2004-03-15,,,1.05,0.95
2004-03-16,,,0.99,0.94
2004-03-17,760638.0,,1.0,0.92
2004-03-18,,,1.0,0.92
2004-03-19,,,0.99,0.92
2004-03-20,,,0.99,
2004-03-21,,,0.99,
2004-03-22,,,1.01,0.94
2004-03-23,,,0.99,0.93
2004-03-24,751510.0,,0.99,0.92
2004-03-25,,,1.02,0.92
2004-03-26,,,1.0,0.93
2004-03-27,,,1.0,
2004-03-28,,,1.0,
2004-03-29,,,1.0,0.95
2004-03-30,,,0.98,0.94
2004-03-31,760725.0,,1.05,0.93
2004-04-01,,1.0,1.03,0.92
2004-04-02,,,1.0,0.93
2004-04-03,,,1.0,
2004-04-04,,,1.0,
2004-04-05,,,1.01,0.93
2004-04-06,,,1.0,0.92
2004-04-07,754083.0,,1.0,0.93
2004-04-08,,,1.02,0.92
2004-04-09,,,1.01,
2004-04-10,,,1.01,
2004-04-11,,,1.01,
2004-04-12,,,1.0,0.93
2004-04-13,,,1.0,0.93
2004-04-14,763734.0,,1.01,0.94
2004-04-15,,,1.03,0.93
2004-04-16,,,0.99,0.92
2004-04-17,,,0.99,
2004-04-18,,,0.99,
2004-04-19,,,1.0,0.95
2004-04-20,,,0.99,0.96
2004-04-21,757984.0,,0.99,0.98
2004-04-22,,,1.0,0.95
2004-04-23,,,0.99,0.96
2004-04-24,,,0.99,
2004-04-25,,,0.99,
2004-04-26,,,1.01,0.98
2004-04-27,,,0.99,0.97
2004-04-28,772927.0,,1.01,0.96
2004-04-29,,,1.03,0.95
2004-04-30,,,1.03,0.96
2004-05-01,,1.0,1.03,
2004-05-02,,,1.03,
2004-05-03,,,1.03,0.99
2004-05-04,,,1.0,0.99
2004-05-05,758838.0,,0.99,0.97
2004-05-06,,,1.0,0.98
2004-05-07,,,0.99,1.05
2004-05-08,,,0.99,
2004-05-09,,,0.99,
2004-05-10,,,1.0,1.07
2004-05-11,,,0.96,1.04
2004-05-12,764835.0,,0.98,1.02
2004-05-13,,,1.0,0.98
2004-05-14,,,1.02,0.97
2004-05-15,,,1.02,
2004-05-16,,,1.02,
2004-05-17,,,1.05,1.05
2004-05-18,,,1.0,1.04
2004-05-19,756874.0,,1.0,1.02
2004-05-20,,,1.0,1.01
2004-05-21,,,0.99,1.01
2004-05-22,,,0.99,
2004-05-23,,,0.99,
2004-05-24,,,1.0,1.06
2004-05-25,,,1.0,1.06
2004-05-26,771108.0,,0.99,1.06
2004-05-27,,,1.0,1.04
2004-05-28,,,1.02,1.06
2004-05-29,,,1.02,
2004-05-30,,,1.02,
2004-05-31,,,1.02,
2004-06-01,,1.03,1.02,1.15
2004-06-02,764090.0,,0.98,1.15
2004-06-03,,,0.99,1.15
2004-06-04,,,0.99,1.18
2004-06-05,,,0.99,
2004-06-06,,,0.99,
2004-06-07,,,0.99,1.23
2004-06-08,,,0.97,1.25
2004-06-09,772187.0,,0.99,1.25
2004-06-10,,,1.0,1.27
2004-06-11,,,1.0,
2004-06-12,,,1.0,
2004-06-13,,,1.0,
2004-06-14,,,1.02,1.4
2004-06-15,,,1.03,1.32
2004-06-16,761834.0,,1.0,1.28
2004-06-17,,,1.01,1.25
2004-06-18,,,1.0,1.26
2004-06-19,,,1.0,
2004-06-20,,,1.0,
2004-06-21,,,1.0,1.32
2004-06-22,,,1.0,1.3
2004-06-23,775261.0,,1.02,1.27
2004-06-24,,,1.03,1.26
2004-06-25,,,1.05,1.28
2004-06-26,,,1.05,
2004-06-27,,,1.05,
2004-06-28,,,1.09,1.36
2004-06-29,,,1.13,1.36
2004-06-30,779578.0,,1.38,1.31
2004-07-01,,1.26,1.4,1.2
2004-07-02,,,1.25,1.27
2004-07-03,,,1.25,
2004-07-04,,,1.25,
2004-07-05,,,1.25,
2004-07-06,,,1.3,1.32
2004-07-07,778163.0,,1.26,1.28
2004-07-08,,,1.26,1.25
2004-07-09,,,1.24,1.25
2004-07-10,,,1.24,
2004-07-11,,,1.24,
2004-07-12,,,1.26,1.32
2004-07-13,,,1.24,1.32
2004-07-14,775536.0,,1.24,1.32
2004-07-15,,,1.3,1.32
2004-07-16,,,1.24,1.32
2004-07-17,,,1.24,
2004-07-18,,,1.24,
2004-07-19,,,1.25,1.33
2004-07-20,,,1.25,1.34
2004-07-21,776764.0,,1.25,1.33
2004-07-22,,,1.26,1.34
2004-07-23,,,1.25,1.35
2004-07-24,,,1.25,
2004-07-25,,,1.25,
2004-07-26,,,1.27,1.43
2004-07-27,,,1.27,1.44
2004-07-28,773916.0,,1.29,1.43
2004-07-29,,,1.3,1.42
2004-07-30,,,1.29,1.42
2004-07-31,,,1.29,
2004-08-01,,1.43,1.29,
2004-08-02,,,1.28,1.48
2004-08-03,,,1.24,1.46
2004-08-04,772085.0,,1.22,1.46
2004-08-05,,,1.3,1.45
2004-08-06,,,1.32,1.41
2004-08-07,,,1.32,
2004-08-08,,,1.32,
2004-08-09,,,1.35,1.49
2004-08-10,,,1.43,1.48
2004-08-11,769265.0,,1.5,1.42
2004-08-12,,,1.51,1.41
2004-08-13,,,1.48,1.41
2004-08-14,,,1.48,
2004-08-15,,,1.48,
2004-08-16,,,1.43,1.47
2004-08-17,,,1.2,1.46
2004-08-18,767595.0,,1.39,1.46
2004-08-19,,,1.5,1.45
2004-08-20,,,1.5,1.46
2004-08-21,,,1.5,
2004-08-22,,,1.5,
2004-08-23,,,1.51,1.52
2004-08-24,,,1.51,1.52
2004-08-25,775437.0,,1.55,1.52
2004-08-26,,,1.55,1.52
2004-08-27,,,1.52,1.53
2004-08-28,,,1.52,
2004-08-29,,,1.52,
2004-08-30,,,1.54,1.59
2004-08-31,,,1.55,1.57
2004-09-01,785273.0,1.61,1.53,1.55
2004-09-02,,,1.51,1.57
2004-09-03,,,1.48,1.62
2004-09-04,,,1.48,
2004-09-05,,,1.48,
2004-09-06,,,1.48,
2004-09-07,,,1.54,1.64
2004-09-08,788602.0,,1.51,1.62
2004-09-09,,,1.49,1.61
2004-09-10,,,1.48,1.63
2004-09-11,,,1.48,
2004-09-12,,,1.48,
2004-09-13,,,1.51,1.64
2004-09-14,,,1.4,1.63
2004-09-15,789128.0,,1.57,1.64
2004-09-16,,,1.61,1.64
2004-09-17,,,1.58,1.68
2004-09-18,,,1.58,
2004-09-19,,,1.58,
2004-09-20,,,1.64,1.7
2004-09-21,,,1.7,1.69
2004-09-22,782124.0,,1.78,1.68
2004-09-23,,,1.8,1.69
2004-09-24,,,1.76,1.7
2004-09-25,,,1.76,
2004-09-26,,,1.76,
2004-09-27,,,1.76,1.72
2004-09-28,,,1.72,1.69
2004-09-29,786330.0,,1.76,1.69
2004-09-30,,,1.94,1.68
2004-10-01,,1.76,1.86,1.67
2004-10-02,,,1.86,
2004-10-03,,,1.86,
2004-10-04,,,1.77,1.69
2004-10-05,,,1.73,1.68
2004-10-06,781777.0,,1.74,1.68
2004-10-07,,,1.76,1.67
2004-10-08,,,1.71,1.67
2004-10-09,,,1.71,
2004-10-10,,,1.71,
2004-10-11,,,1.71,
2004-10-12,,,1.78,1.69
2004-10-13,795483.0,,1.73,1.69
2004-10-14,,,1.77,1.71
2004-10-15,,,1.79,1.72
2004-10-16,,,1.79,
2004-10-17,,,1.79,
2004-10-18,,,1.73,1.78
2004-10-19,,,1.72,1.79
2004-10-20,784954.0,,1.74,1.79
2004-10-21,,,1.76,1.81
2004-10-22,,,1.72,1.81
2004-10-23,,,1.72,
2004-10-24,,,1.72,
2004-10-25,,,1.76,1.87
2004-10-26,,,1.72,1.88
2004-10-27,791336.0,,1.77,1.88
2004-10-28,,,1.79,1.87
2004-10-29,,,1.79,1.87
2004-10-30,,,1.79,
2004-10-31,,,1.79,
2004-11-01,,1.93,1.83,1.96
2004-11-02,,,1.74,1.94
2004-11-03,790552.0,,1.73,1.92
2004-11-04,,,1.77,1.94
2004-11-05,,,1.76,1.99
2004-11-06,,,1.76,
2004-11-07,,,1.76,
2004-11-08,,,1.8,2.04
2004-11-09,,,1.79,2.04
2004-11-10,800473.0,,1.92,2.04
2004-11-11,,,1.92,
2004-11-12,,,2.02,2.04
2004-11-13,,,2.02,
2004-11-14,,,2.02,
2004-11-15,,,2.06,2.09
2004-11-16,,,1.98,2.1
2004-11-17,794090.0,,1.99,2.09
2004-11-18,,,1.99,2.09
2004-11-19,,,1.99,2.1
2004-11-20,,,1.99,
2004-11-21,,,1.99,
2004-11-22,,,2.01,2.16
2004-11-23,,,2.0,2.15
2004-11-24,809956.0,,2.02,2.14
2004-11-25,,,2.02,
2004-11-26,,,2.01,2.16
2004-11-27,,,2.01,
2004-11-28,,,2.01,
2004-11-29,,,2.03,2.2
2004-11-30,,,2.02,2.19
2004-12-01,807063.0,2.16,2.04,2.18
2004-12-02,,,2.0,2.18
2004-12-03,,,1.98,2.17
2004-12-04,,,1.98,
2004-12-05,,,1.98,
2004-12-06,,,2.04,2.22
2004-12-07,,,1.99,2.21
2004-12-08,808495.0,,2.01,2.2
2004-12-09,,,2.05,2.2
2004-12-10,,,2.09,2.21
2004-12-11,,,2.09,
2004-12-12,,,2.09,
2004-12-13,,,2.18,2.21
2004-12-14,,,2.24,2.18
2004-12-15,807028.0,,2.31,2.17
2004-12-16,,,2.26,2.16
2004-12-17,,,2.23,2.16
2004-12-18,,,2.23,
2004-12-19,,,2.23,
2004-12-20,,,2.26,2.19
2004-12-21,,,2.24,2.17
2004-12-22,811333.0,,2.25,2.15
2004-12-23,,,2.34,2.15
2004-12-24,,,2.27,
2004-12-25,,,2.27,
2004-12-26,,,2.27,
2004-12-27,,,2.24,2.24
2004-12-28,,,2.24,2.22
2004-12-29,810944.0,,2.23,2.19
2004-12-30,,,2.24,2.18
2004-12-31,,,1.97,2.18
2005-01-01,,2.28,1.97,
2005-01-02,,,1.97,
2005-01-03,,,2.31,2.29
2005-01-04,,,2.25,2.3
2005-01-05,815702.0,,2.25,2.29
2005-01-06,,,2.25,2.27
2005-01-07,,,2.24,2.28
2005-01-08,,,2.24,
2005-01-09,,,2.24,
2005-01-10,,,2.26,2.33
2005-01-11,,,2.24,2.31
2005-01-12,798455.0,,2.25,2.3
2005-01-13,,,2.29,2.31
2005-01-14,,,2.29,2.32
2005-01-15,,,2.29,
2005-01-16,,,2.29,
2005-01-17,,,2.29,
2005-01-18,,,2.31,2.36
2005-01-19,806960.0,,2.19,2.33
2005-01-20,,,2.25,2.31
2005-01-21,,,2.26,2.31
2005-01-22,,,2.26,
2005-01-23,,,2.26,
2005-01-24,,,2.26,2.34
2005-01-25,,,2.29,2.36
2005-01-26,807262.0,,2.33,2.37
2005-01-27,,,2.39,2.4
2005-01-28,,,2.48,2.41
2005-01-29,,,2.48,
2005-01-30,,,2.48,
2005-01-31,,,2.5,2.48
2005-02-01,,2.5,2.4,2.47
2005-02-02,804746.0,,2.29,2.47
2005-02-03,,,2.49,2.44
2005-02-04,,,2.51,2.43
2005-02-05,,,2.51,
2005-02-06,,,2.51,
2005-02-07,,,2.5,2.48
2005-02-08,,,2.48,2.48
2005-02-09,797299.0,,2.5,2.47
2005-02-10,,,2.51,2.47
2005-02-11,,,2.5,2.5
2005-02-12,,,2.5,
2005-02-13,,,2.5,
2005-02-14,,,2.51,2.55
2005-02-15,,,2.53,2.55
2005-02-16,795606.0,,2.48,2.53
2005-02-17,,,2.5,2.53
2005-02-18,,,2.51,2.56
2005-02-19,,,2.51,
2005-02-20,,,2.51,
2005-02-21,,,2.51,
2005-02-22,,,2.57,2.63
2005-02-23,804576.0,,2.53,2.63
2005-02-24,,,2.55,2.64
2005-02-25,,,2.54,2.69
2005-02-26,,,2.54,
2005-02-27,,,2.54,
2005-02-28,,,2.52,2.72
2005-03-01,,2.63,2.39,2.7
2005-03-02,801252.0,,2.48,2.68
2005-03-03,,,2.51,2.7
2005-03-04,,,2.5,2.7
2005-03-05,,,2.5,
2005-03-06,,,2.5,
2005-03-07,,,2.51,2.71
2005-03-08,,,2.49,2.7
2005-03-09,799250.0,,2.5,2.7
2005-03-10,,,2.52,2.69
2005-03-11,,,2.51,2.7
2005-03-12,,,2.51,
2005-03-13,,,2.51,
2005-03-14,,,2.59,2.75
2005-03-15,,,2.61,2.75
2005-03-16,807211.0,,2.57,2.74
2005-03-17,,,2.68,2.73
2005-03-18,,,2.7,2.75
2005-03-19,,,2.7,
2005-03-20,,,2.7,
2005-03-21,,,2.71,2.8
2005-03-22,,,2.72,2.83
2005-03-23,797094.0,,2.73,2.77
2005-03-24,,,2.75,2.78
2005-03-25,,,2.8,
2005-03-26,,,2.8,
2005-03-27,,,2.8,
2005-03-28,,,2.79,2.79
2005-03-29,,,2.72,2.78
2005-03-30,807551.0,,2.74,2.77
2005-03-31,,,2.96,2.73
2005-04-01,,2.79,2.83,2.74
2005-04-02,,,2.83,
2005-04-03,,,2.83,
2005-04-04,,,2.78,2.75
2005-04-05,,,2.72,2.74
2005-04-06,797327.0,,2.73,2.71
2005-04-07,,,2.76,2.71
2005-04-08,,,2.75,2.73
2005-04-09,,,2.75,
2005-04-10,,,2.75,
2005-04-11,,,2.78,2.71
2005-04-12,,,2.77,2.71
2005-04-13,805707.0,,2.76,2.72
2005-04-14,,,2.79,2.72
2005-04-15,,,2.82,2.73
2005-04-16,,,2.82,
2005-04-17,,,2.82,
2005-04-18,,,2.75,2.85
2005-04-19,,,2.74,2.85
2005-04-20,801793.0,,2.74,2.81
2005-04-21,,,2.75,2.82
2005-04-22,,,2.74,2.87
2005-04-23,,,2.74,
2005-04-24,,,2.74,
2005-04-25,,,2.82,2.88
2005-04-26,,,2.78,2.86
2005-04-27,809797.0,,2.63,2.83
2005-04-28,,,2.89,2.82
2005-04-29,,,2.97,2.84
2005-04-30,,,2.97,
2005-05-01,,3.0,2.97,
2005-05-02,,,2.98,2.88
2005-05-03,,,2.95,2.85
2005-05-04,802412.0,,2.99,2.81
2005-05-05,,,2.99,2.75
2005-05-06,,,2.98,2.8
2005-05-07,,,2.98,
2005-05-08,,,2.98,
2005-05-09,,,2.99,2.86
2005-05-10,,,2.99,2.84
2005-05-11,808378.0,,2.99,2.81
2005-05-12,,,3.01,2.82
2005-05-13,,,3.01,2.76
2005-05-14,,,3.01,
2005-05-15,,,3.01,
2005-05-16,,,3.06,2.84
2005-05-17,,,2.99,2.82
2005-05-18,801546.0,,3.0,2.8
2005-05-19,,,3.02,2.81
2005-05-20,,,3.01,2.83
2005-05-21,,,3.01,
2005-05-22,,,3.01,
2005-05-23,,,3.01,2.91
2005-05-24,,,2.99,2.88
2005-05-25,810160.0,,3.01,2.89
2005-05-26,,,3.01,2.88
2005-05-27,,,3.01,2.9
2005-05-28,,,3.01,
2005-05-29,,,3.01,
2005-05-30,,,3.01,
2005-05-31,,,3.09,2.93
2005-06-01,817335.0,3.04,3.02,2.91
2005-06-02,,,3.0,2.91
2005-06-03,,,2.99,2.94
2005-06-04,,,2.99,
2005-06-05,,,2.99,
2005-06-06,,,3.0,2.96
2005-06-07,,,2.96,2.96
2005-06-08,814172.0,,2.96,2.96
2005-06-09,,,3.01,2.93
2005-06-10,,,3.01,2.94
2005-06-11,,,3.01,
2005-06-12,,,3.01,
2005-06-13,,,3.04,2.97
2005-06-14,,,3.01,2.95
2005-06-15,811198.0,,3.05,2.94
2005-06-16,,,3.0,2.91
2005-06-17,,,2.99,2.92
2005-06-18,,,2.99,
2005-06-19,,,2.99,
2005-06-20,,,3.01,2.96
2005-06-21,,,2.96,2.96
2005-06-22,810429.0,,2.93,2.97
2005-06-23,,,3.05,3.0
2005-06-24,,,3.07,3.02
2005-06-25,,,3.07,
2005-06-26,,,3.07,
2005-06-27,,,3.17,3.09
2005-06-28,,,3.17,3.08
2005-06-29,810082.0,,3.2,3.06
2005-06-30,,,3.35,3.06
2005-07-01,,3.26,3.36,3.1
2005-07-02,,,3.36,
2005-07-03,,,3.36,
2005-07-04,,,3.36,
2005-07-05,,,3.27,3.15
2005-07-06,821556.0,,2.99,3.12
2005-07-07,,,3.18,3.08
2005-07-08,,,3.22,3.1
2005-07-09,,,3.22,
2005-07-10,,,3.22,
2005-07-11,,,3.23,3.13
2005-07-12,,,3.23,3.14
2005-07-13,808861.0,,3.27,3.15
2005-07-14,,,3.32,3.16
2005-07-15,,,3.32,3.18
2005-07-16,,,3.32,
2005-07-17,,,3.32,
2005-07-18,,,3.19,3.23
2005-07-19,,,3.13,3.24
2005-07-20,816804.0,,3.25,3.23
2005-07-21,,,3.27,3.27
2005-07-22,,,3.25,3.3
2005-07-23,,,3.25,
2005-07-24,,,3.25,
2005-07-25,,,3.28,3.37
2005-07-26,,,3.25,3.36
2005-07-27,814259.0,,3.27,3.33
2005-07-28,,,3.27,3.33
2005-07-29,,,3.31,3.34
2005-07-30,,,3.31,
2005-07-31,,,3.31,
2005-08-01,,3.5,3.3,3.41
2005-08-02,,,3.2,3.41
2005-08-03,818841.0,,3.35,3.38
2005-08-04,,,3.44,3.39
2005-08-05,,,3.49,3.44
2005-08-06,,,3.49,
2005-08-07,,,3.49,
2005-08-08,,,3.5,3.47
2005-08-09,,,3.47,3.44
2005-08-10,808544.0,,3.48,3.43
2005-08-11,,,3.51,3.43
2005-08-12,,,3.55,3.44
2005-08-13,,,3.55,
2005-08-14,,,3.55,
2005-08-15,,,3.61,3.47
2005-08-16,,,3.46,3.46
2005-08-17,813774.0,,3.57,3.44
2005-08-18,,,3.5,3.42
2005-08-19,,,3.54,3.44
2005-08-20,,,3.54,
2005-08-21,,,3.54,
2005-08-22,,,3.51,3.46
2005-08-23,,,3.49,3.46
2005-08-24,811313.0,,3.5,3.45
2005-08-25,,,3.55,3.46
2005-08-26,,,3.54,3.47
2005-08-27,,,3.54,
2005-08-28,,,3.54,
2005-08-29,,,3.54,3.47
2005-08-30,,,3.52,3.46
2005-08-31,823237.0,,3.63,3.44
2005-09-01,,3.62,3.57,3.4
2005-09-02,,,3.49,3.38
2005-09-03,,,3.49,
2005-09-04,,,3.49,
2005-09-05,,,3.49,
2005-09-06,,,3.57,3.45
2005-09-07,822500.0,,3.48,3.41
2005-09-08,,,3.49,3.4
2005-09-09,,,3.49,3.41
2005-09-10,,,3.49,
2005-09-11,,,3.49,
2005-09-12,,,3.5,3.44
2005-09-13,,,3.45,3.4
2005-09-14,823590.0,,3.54,3.35
2005-09-15,,,3.67,3.37
2005-09-16,,,3.62,3.42
2005-09-17,,,3.62,
2005-09-18,,,3.62,
2005-09-19,,,3.62,3.51
2005-09-20,,,3.67,3.54
2005-09-21,812926.0,,3.72,3.34
2005-09-22,,,3.77,3.39
2005-09-23,,,3.76,3.4
2005-09-24,,,3.76,
2005-09-25,,,3.76,
2005-09-26,,,3.83,3.46
2005-09-27,,,3.73,3.42
2005-09-28,823771.0,,3.76,3.39
2005-09-29,,,3.82,3.46
2005-09-30,,,3.93,3.47
2005-10-01,,3.78,3.93,
2005-10-02,,,3.93,
2005-10-03,,,3.87,3.54
2005-10-04,,,3.75,3.55
2005-10-05,817137.0,,3.75,3.5
2005-10-06,,,3.76,3.52
2005-10-07,,,3.73,3.54
2005-10-08,,,3.73,
2005-10-09,,,3.73,
2005-10-10,,,3.73,
2005-10-11,,,3.72,3.65
2005-10-12,826306.0,,3.36,3.62
2005-10-13,,,3.75,3.66
2005-10-14,,,3.77,3.69
2005-10-15,,,3.77,
2005-10-16,,,3.77,
2005-10-17,,,3.82,3.78
2005-10-18,,,3.71,3.77
2005-10-19,814281.0,,3.71,3.77
2005-10-20,,,3.77,3.76
2005-10-21,,,3.76,3.77
2005-10-22,,,3.76,
2005-10-23,,,3.76,
2005-10-24,,,3.76,3.84
2005-10-25,,,3.74,3.84
2005-10-26,819105.0,,3.75,3.81
2005-10-27,,,3.85,3.79
2005-10-28,,,3.9,3.83
2005-10-29,,,3.9,
2005-10-30,,,3.9,
2005-10-31,,,4.02,3.89
2005-11-01,,4.0,3.99,3.87
2005-11-02,814571.0,,3.99,3.85
2005-11-03,,,4.01,3.85
2005-11-04,,,4.0,3.88
2005-11-05,,,4.0,
2005-11-06,,,4.0,
2005-11-07,,,3.99,3.87
2005-11-08,,,3.95,3.87
2005-11-09,824991.0,,4.02,3.9
2005-11-10,,,3.98,3.88
2005-11-11,,,3.98,
2005-11-12,,,3.98,
2005-11-13,,,3.98,
2005-11-14,,,4.03,3.93
2005-11-15,,,3.97,3.92
2005-11-16,823263.0,,3.96,3.91
2005-11-17,,,3.98,3.92
2005-11-18,,,4.0,3.91
2005-11-19,,,4.0,
2005-11-20,,,4.0,
2005-11-21,,,4.03,3.91
2005-11-22,,,3.99,3.84
2005-11-23,833124.0,,4.01,3.86
2005-11-24,,,4.01,
2005-11-25,,,4.03,3.86
2005-11-26,,,4.03,
2005-11-27,,,4.03,
2005-11-28,,,4.01,3.89
2005-11-29,,,3.99,3.89
2005-11-30,835059.0,,4.03,3.86
2005-12-01,,4.16,4.03,3.88
2005-12-02,,,4.0,3.9
2005-12-03,,,4.0,
2005-12-04,,,4.0,
2005-12-05,,,4.02,3.95
2005-12-06,,,3.97,3.95
2005-12-07,833250.0,,3.98,3.94
2005-12-08,,,4.09,3.85
2005-12-09,,,4.16,3.85
2005-12-10,,,4.16,
2005-12-11,,,4.16,
2005-12-12,,,4.24,3.83
2005-12-13,,,4.23,3.83
2005-12-14,830950.0,,4.26,3.81
2005-12-15,,,4.29,3.84
2005-12-16,,,4.25,3.84
2005-12-17,,,4.25,
2005-12-18,,,4.25,
2005-12-19,,,4.25,3.89
2005-12-20,,,4.3,3.88
2005-12-21,848317.0,,4.08,3.9
2005-12-22,,,4.25,3.89
2005-12-23,,,4.21,3.9
2005-12-24,,,4.21,
2005-12-25,,,4.21,
2005-12-26,,,4.21,
2005-12-27,,,4.26,3.9
2005-12-28,847700.0,,4.19,3.87
2005-12-29,,,4.18,3.92
2005-12-30,,,4.09,3.99
2005-12-31,,,4.09,
2006-01-01,,4.29,4.09,
2006-01-02,,,4.09,
2006-01-03,,,4.34,4.07
2006-01-04,851856.0,,4.22,4.09
2006-01-05,,,4.24,4.1
2006-01-06,,,4.22,4.12
2006-01-07,,,4.22,
2006-01-08,,,4.22,
2006-01-09,,,4.25,4.14
2006-01-10,,,4.24,4.19
2006-01-11,829357.0,,4.24,4.2
2006-01-12,,,4.28,4.22
2006-01-13,,,4.3,4.23
2006-01-14,,,4.3,
2006-01-15,,,4.3,
2006-01-16,,,4.3,
2006-01-17,,,4.32,4.28
2006-01-18,836042.0,,4.24,4.25
2006-01-19,,,4.23,4.25
2006-01-20,,,4.24,4.25
2006-01-21,,,4.24,
2006-01-22,,,4.24,
2006-01-23,,,4.26,4.28
2006-01-24,,,4.28,4.3
2006-01-25,828901.0,,4.36,4.32
2006-01-26,,,4.37,4.34
2006-01-27,,,4.42,4.34
2006-01-28,,,4.42,
2006-01-29,,,4.42,
2006-01-30,,,4.48,4.38
2006-01-31,,,4.47,4.37
2006-02-01,831808.0,4.49,4.47,4.37
2006-02-02,,,4.48,4.37
2006-02-03,,,4.51,4.37
2006-02-04,,,4.51,
2006-02-05,,,4.51,
2006-02-06,,,4.51,4.38
2006-02-07,,,4.47,4.39
2006-02-08,827613.0,,4.48,4.4
2006-02-09,,,4.52,4.41
2006-02-10,,,4.51,4.42
2006-02-11,,,4.51,
2006-02-12,,,4.51,
2006-02-13,,,4.44,4.45
2006-02-14,,,4.45,4.45
2006-02-15,835240.0,,4.5,4.44
2006-02-16,,,4.48,4.44
2006-02-17,,,4.48,4.43
2006-02-18,,,4.48,
2006-02-19,,,4.48,
2006-02-20,,,4.48,
2006-02-21,,,4.54,4.46
2006-02-22,840555.0,,4.49,4.46
2006-02-23,,,4.47,4.48
2006-02-24,,,4.48,4.49
2006-02-25,,,4.48,
2006-02-26,,,4.48,
2006-02-27,,,4.52,4.51
2006-02-28,,,4.52,4.51
2006-03-01,839356.0,4.59,4.52,4.49
2006-03-02,,,4.5,4.5
2006-03-03,,,4.51,4.5
2006-03-04,,,4.51,
2006-03-05,,,4.51,
2006-03-06,,,4.51,4.49
2006-03-07,,,4.51,4.49
2006-03-08,839234.0,,4.51,4.47
2006-03-09,,,4.51,4.48
2006-03-10,,,4.51,4.5
2006-03-11,,,4.51,
2006-03-12,,,4.51,
2006-03-13,,,4.52,4.5
2006-03-14,,,4.51,4.48
2006-03-15,843010.0,,4.47,4.51
2006-03-16,,,4.55,4.5
2006-03-17,,,4.6,4.52
2006-03-18,,,4.6,
2006-03-19,,,4.6,
2006-03-20,,,4.55,4.55
2006-03-21,,,4.54,4.57
2006-03-22,838003.0,,4.58,4.57
2006-03-23,,,4.64,4.55
2006-03-24,,,4.69,4.54
2006-03-25,,,4.69,
2006-03-26,,,4.69,
2006-03-27,,,4.77,4.51
2006-03-28,,,4.7,4.53
2006-03-29,833675.0,,4.69,4.51
2006-03-30,,,4.76,4.5
2006-03-31,,,5.0,4.52
2006-04-01,,4.79,5.0,
2006-04-02,,,5.0,
2006-04-03,,,4.87,4.55
2006-04-04,,,4.76,4.56
2006-04-05,834589.0,,4.76,4.55
2006-04-06,,,4.76,4.56
2006-04-07,,,4.76,4.57
2006-04-08,,,4.76,
2006-04-09,,,4.76,
2006-04-10,,,4.78,4.58
2006-04-11,,,4.74,4.58
2006-04-12,836862.0,,4.78,4.58
2006-04-13,,,4.82,4.58
2006-04-14,,,4.8,
2006-04-15,,,4.8,
2006-04-16,,,4.8,
2006-04-17,,,4.78,4.61
2006-04-18,,,4.72,4.61
2006-04-19,836352.0,,4.7,4.61
2006-04-20,,,4.73,4.61
2006-04-21,,,4.74,4.63
2006-04-22,,,4.74,
2006-04-23,,,4.74,
2006-04-24,,,4.77,4.64
2006-04-25,,,4.74,4.67
2006-04-26,844572.0,,4.73,4.67
2006-04-27,,,4.79,4.66
2006-04-28,,,4.86,4.65
2006-04-29,,,4.86,
2006-04-30,,,4.86,
2006-05-01,,4.94,4.84,4.7
2006-05-02,,,4.79,4.69
2006-05-03,843867.0,,4.81,4.7
2006-05-04,,,4.83,4.68
2006-05-05,,,4.83,4.7
2006-05-06,,,4.83,
2006-05-07,,,4.83,
2006-05-08,,,4.88,4.75
2006-05-09,,,4.78,4.76
2006-05-10,838405.0,,4.88,4.76
2006-05-11,,,4.99,4.7
2006-05-12,,,5.01,4.72
2006-05-13,,,5.01,
2006-05-14,,,5.01,
2006-05-15,,,5.01,4.74
2006-05-16,,,4.98,4.71
2006-05-17,838153.0,,4.96,4.71
2006-05-18,,,5.0,4.71
2006-05-19,,,5.0,4.7
2006-05-20,,,5.0,
2006-05-21,,,5.0,
2006-05-22,,,5.0,4.71
2006-05-23,,,4.94,4.72
2006-05-24,840251.0,,4.9,4.7
2006-05-25,,,5.01,4.7
2006-05-26,,,4.99,4.72
2006-05-27,,,4.99,
2006-05-28,,,4.99,
2006-05-29,,,4.99,
2006-05-30,,,5.02,4.72
2006-05-31,851580.0,,5.05,4.74
2006-06-01,,4.99,5.02,4.71
2006-06-02,,,4.97,4.69
2006-06-03,,,4.97,
2006-06-04,,,4.97,
2006-06-05,,,5.01,4.73
2006-06-06,,,4.99,4.74
2006-06-07,849074.0,,4.99,4.74
2006-06-08,,,5.02,4.74
2006-06-09,,,5.0,4.75
2006-06-10,,,5.0,
2006-06-11,,,5.0,
2006-06-12,,,5.01,4.81
2006-06-13,,,5.0,4.77
2006-06-14,845869.0,,5.0,4.77
2006-06-15,,,5.02,4.72
2006-06-16,,,4.94,4.75
2006-06-17,,,4.94,
2006-06-18,,,4.94,
2006-06-19,,,4.95,4.81
2006-06-20,,,4.92,4.8
2006-06-21,844773.0,,4.91,4.79
2006-06-22,,,4.98,4.79
2006-06-23,,,4.98,4.84
2006-06-24,,,4.98,
2006-06-25,,,4.98,
2006-06-26,,,5.03,4.91
2006-06-27,,,5.02,4.92
2006-06-28,844436.0,,5.06,4.88
2006-06-29,,,5.08,4.88
2006-06-30,,,5.05,4.87
2006-07-01,,5.24,5.05,
2006-07-02,,,5.05,
2006-07-03,,,5.25,4.96
2006-07-04,,,5.25,
2006-07-05,851659.0,,5.25,4.88
2006-07-06,,,5.24,4.87
2006-07-07,,,5.22,4.89
2006-07-08,,,5.22,
2006-07-09,,,5.22,
2006-07-10,,,5.24,4.93
2006-07-11,,,5.25,4.92
2006-07-12,844391.0,,5.27,4.93
2006-07-13,,,5.26,4.92
2006-07-14,,,5.26,4.93
2006-07-15,,,5.26,
2006-07-16,,,5.26,
2006-07-17,,,5.28,4.98
2006-07-18,,,5.22,5.0
2006-07-19,849894.0,,5.23,4.98
2006-07-20,,,5.24,4.95
2006-07-21,,,5.23,4.96
2006-07-22,,,5.23,
2006-07-23,,,5.23,
2006-07-24,,,5.24,4.97
2006-07-25,,,5.24,5.0
2006-07-26,841552.0,,5.24,4.98
2006-07-27,,,5.27,4.97
2006-07-28,,,5.26,4.94
2006-07-29,,,5.26,
2006-07-30,,,5.26,
2006-07-31,,,5.31,4.97
2006-08-01,,5.25,5.27,4.99
2006-08-02,850263.0,,5.25,4.97
2006-08-03,,,5.27,4.98
2006-08-04,,,5.25,4.96
2006-08-05,,,5.25,
2006-08-06,,,5.25,
2006-08-07,,,5.24,4.99
2006-08-08,,,5.26,4.97
2006-08-09,840006.0,,5.25,4.94
2006-08-10,,,5.24,4.92
2006-08-11,,,5.24,4.94
2006-08-12,,,5.24,
2006-08-13,,,5.24,
2006-08-14,,,5.26,4.99
2006-08-15,,,5.24,4.97
2006-08-16,842876.0,,5.17,4.94
2006-08-17,,,5.2,4.96
2006-08-18,,,5.25,4.97
2006-08-19,,,5.25,
2006-08-20,,,5.25,
2006-08-21,,,5.24,4.98
2006-08-22,,,5.24,4.97
2006-08-23,837987.0,,5.25,4.96
2006-08-24,,,5.25,4.96
2006-08-25,,,5.25,4.98
2006-08-26,,,5.25,
2006-08-27,,,5.25,
2006-08-28,,,5.25,4.97
2006-08-29,,,5.23,4.94
2006-08-30,850925.0,,5.25,4.92
2006-08-31,,,5.31,4.92
2006-09-01,,5.25,5.25,4.89
2006-09-02,,,5.25,
2006-09-03,,,5.25,
2006-09-04,,,5.25,
2006-09-05,,,5.26,4.87
2006-09-06,848594.0,,5.21,4.84
2006-09-07,,,5.23,4.84
2006-09-08,,,5.23,4.8
2006-09-09,,,5.23,
2006-09-10,,,5.23,
2006-09-11,,,5.24,4.81
2006-09-12,,,5.21,4.78
2006-09-13,840886.0,,5.26,4.79
2006-09-14,,,5.26,4.82
2006-09-15,,,5.25,4.83
2006-09-16,,,5.25,
2006-09-17,,,5.25,
2006-09-18,,,5.23,4.82
2006-09-19,,,5.21,4.82
2006-09-20,838192.0,,5.23,4.81
2006-09-21,,,5.24,4.79
2006-09-22,,,5.27,4.8
2006-09-23,,,5.27,
2006-09-24,,,5.27,
2006-09-25,,,5.3,4.76
2006-09-26,,,5.25,4.76
2006-09-27,849971.0,,5.3,4.76
2006-09-28,,,5.28,4.75
2006-09-29,,,5.34,4.77
2006-09-30,,,5.34,
2006-10-01,,5.25,5.34,
2006-10-02,,,5.33,4.76
2006-10-03,,,5.25,4.78
2006-10-04,842296.0,,5.23,4.8
2006-10-05,,,5.23,4.81
2006-10-06,,,5.22,4.82
2006-10-07,,,5.22,
2006-10-08,,,5.22,
2006-10-09,,,5.22,
2006-10-10,,,5.28,4.87
2006-10-11,859339.0,,5.25,4.89
2006-10-12,,,5.25,4.93
2006-10-13,,,5.21,4.92
2006-10-14,,,5.21,
2006-10-15,,,5.21,
2006-10-16,,,5.28,4.96
2006-10-17,,,5.21,4.96
2006-10-18,844200.0,,5.23,4.96
2006-10-19,,,5.22,4.97
2006-10-20,,,5.25,4.96
2006-10-21,,,5.25,
2006-10-22,,,5.25,
2006-10-23,,,5.24,4.99
2006-10-24,,,5.24,5.0
2006-10-25,852648.0,,5.26,4.99
2006-10-26,,,5.23,4.99
2006-10-27,,,5.23,4.98
2006-10-28,,,5.23,
2006-10-29,,,5.23,
2006-10-30,,,5.27,4.97
2006-10-31,,,5.31,4.95
2006-11-01,855536.0,5.25,5.23,4.94
2006-11-02,,,5.22,4.94
2006-11-03,,,5.25,4.96
2006-11-04,,,5.25,
2006-11-05,,,5.25,
2006-11-06,,,5.24,4.96
2006-11-07,,,5.22,4.95
2006-11-08,858630.0,,5.22,4.97
2006-11-09,,,5.23,4.96
2006-11-10,,,5.23,4.97
2006-11-11,,,5.23,
2006-11-12,,,5.23,
2006-11-13,,,5.27,4.96
2006-11-14,,,5.25,4.96
2006-11-15,855551.0,,5.29,4.96
2006-11-16,,,5.25,4.96
2006-11-17,,,5.2,4.96
2006-11-18,,,5.2,
2006-11-19,,,5.2,
2006-11-20,,,5.25,4.95
2006-11-21,,,5.29,4.94
2006-11-22,865126.0,,5.26,4.92
2006-11-23,,,5.26,
2006-11-24,,,5.24,4.91
2006-11-25,,,5.24,
2006-11-26,,,5.24,
2006-11-27,,,5.32,4.92
2006-11-28,,,5.24,4.91
2006-11-29,856671.0,,5.26,4.91
2006-11-30,,,5.31,4.9
2006-12-01,,5.24,5.27,4.9
2006-12-02,,,5.27,
2006-12-03,,,5.27,
2006-12-04,,,5.22,4.88
2006-12-05,,,5.21,4.86
2006-12-06,862178.0,,5.22,4.86
2006-12-07,,,5.25,4.85
2006-12-08,,,5.25,4.84
2006-12-09,,,5.25,
2006-12-10,,,5.25,
2006-12-11,,,5.25,4.81
2006-12-12,,,5.23,4.81
2006-12-13,853851.0,,5.23,4.82
2006-12-14,,,5.29,4.83
2006-12-15,,,5.27,4.79
2006-12-16,,,5.27,
2006-12-17,,,5.27,
2006-12-18,,,5.21,4.84
2006-12-19,,,5.21,4.84
2006-12-20,865010.0,,5.26,4.84
2006-12-21,,,5.25,4.84
2006-12-22,,,5.24,4.86
2006-12-23,,,5.24,
2006-12-24,,,5.24,
2006-12-25,,,5.24,
2006-12-26,,,5.29,4.87
2006-12-27,869988.0,,5.17,4.85
2006-12-28,,,5.25,4.87
2006-12-29,,,5.17,4.89
2006-12-30,,,5.17,
2006-12-31,,,5.17,
2007-01-01,,5.25,5.17,
2007-01-02,,,5.3,4.94
2007-01-03,874626.0,,5.28,4.92
2007-01-04,,,5.24,4.91
2007-01-05,,,5.21,4.92
2007-01-06,,,5.21,
2007-01-07,,,5.21,
2007-01-08,,,5.23,4.95
2007-01-09,,,5.25,4.95
2007-01-10,854819.0,,5.26,4.96
2007-01-11,,,5.27,4.98
2007-01-12,,,5.22,4.96
2007-01-13,,,5.22,
2007-01-14,,,5.22,
2007-01-15,,,5.22,
2007-01-16,,,5.28,4.98
2007-01-17,859363.0,,5.25,4.99
2007-01-18,,,5.23,4.99
2007-01-19,,,5.25,5.01
2007-01-20,,,5.25,
2007-01-21,,,5.25,
2007-01-22,,,5.24,5.0
2007-01-23,,,5.26,5.01
2007-01-24,851755.0,,5.27,5.0
2007-01-25,,,5.31,5.01
2007-01-26,,,5.26,5.0
2007-01-27,,,5.26,
2007-01-28,,,5.26,
2007-01-29,,,5.26,5.01
2007-01-30,,,5.23,5.0
2007-01-31,865730.0,,5.33,4.99
2007-02-01,,5.26,5.29,5.0
2007-02-02,,,5.24,5.01
2007-02-03,,,5.24,
2007-02-04,,,5.24,
2007-02-05,,,5.25,5.02
2007-02-06,,,5.24,5.01
2007-02-07,855057.0,,5.23,5.02
2007-02-08,,,5.25,5.03
2007-02-09,,,5.25,5.02
2007-02-10,,,5.25,
2007-02-11,,,5.25,
2007-02-12,,,5.28,5.04
2007-02-13,,,5.26,5.03
2007-02-14,867199.0,,5.27,5.02
2007-02-15,,,5.29,5.03
2007-02-16,,,5.24,5.04
2007-02-17,,,5.24,
2007-02-18,,,5.24,
2007-02-19,,,5.24,
2007-02-20,,,5.27,5.05
2007-02-21,869235.0,,5.23,5.04
2007-02-22,,,5.26,5.05
2007-02-23,,,5.24,5.05
2007-02-24,,,5.24,
2007-02-25,,,5.24,
2007-02-26,,,5.3,5.05
2007-02-27,,,5.27,4.99
2007-02-28,877409.0,,5.41,5.01
2007-03-01,,5.26,5.31,5.0
2007-03-02,,,5.23,4.98
2007-03-03,,,5.23,
2007-03-04,,,5.23,
2007-03-05,,,5.27,4.97
2007-03-06,,,5.22,4.99
2007-03-07,864505.0,,5.24,4.97
2007-03-08,,,5.24,4.95
2007-03-09,,,5.24,4.96
2007-03-10,,,5.24,
2007-03-11,,,5.24,
2007-03-12,,,5.25,4.96
2007-03-13,,,5.25,4.94
2007-03-14,876108.0,,5.27,4.92
2007-03-15,,,5.29,4.91
2007-03-16,,,5.25,4.9
2007-03-17,,,5.25,
2007-03-18,,,5.25,
2007-03-19,,,5.26,4.93
2007-03-20,,,5.26,4.92
2007-03-21,863067.0,,5.26,4.91
2007-03-22,,,5.27,4.92
2007-03-23,,,5.24,4.94
2007-03-24,,,5.24,
2007-03-25,,,5.24,
2007-03-26,,,5.28,4.93
2007-03-27,,,5.25,4.93
2007-03-28,869803.0,,5.27,4.92
2007-03-29,,,5.29,4.91
2007-03-30,,,5.3,4.9
2007-03-31,,,5.3,
2007-04-01,,5.25,5.3,
2007-04-02,,,5.25,4.91
2007-04-03,,,5.2,4.91
2007-04-04,862319.0,,5.21,4.92
2007-04-05,,,5.3,4.9
2007-04-06,,,5.3,4.91
2007-04-07,,,5.3,
2007-04-08,,,5.3,
2007-04-09,,,5.28,4.89
2007-04-10,,,5.26,4.89
2007-04-11,865441.0,,5.24,4.9
2007-04-12,,,5.27,4.89
2007-04-13,,,5.25,4.88
2007-04-14,,,5.25,
2007-04-15,,,5.25,
2007-04-16,,,5.29,4.88
2007-04-17,,,5.2,4.87
2007-04-18,861335.0,,5.19,4.86
2007-04-19,,,5.23,4.85
2007-04-20,,,5.25,4.85
2007-04-21,,,5.25,
2007-04-22,,,5.25,
2007-04-23,,,5.23,4.85
2007-04-24,,,5.2,4.84
2007-04-25,879686.0,,5.19,4.83
2007-04-26,,,5.24,4.82
2007-04-27,,,5.24,4.81
2007-04-28,,,5.24,
2007-04-29,,,5.24,
2007-04-30,,,5.29,4.79
2007-05-01,,5.25,5.26,4.76
2007-05-02,890857.0,,5.21,4.77
2007-05-03,,,5.24,4.76
2007-05-04,,,5.24,4.76
2007-05-05,,,5.24,
2007-05-06,,,5.24,
2007-05-07,,,5.24,4.77
2007-05-08,,,5.21,4.76
2007-05-09,875270.0,,5.21,4.74
2007-05-10,,,5.25,4.73
2007-05-11,,,5.27,4.73
2007-05-12,,,5.27,
2007-05-13,,,5.27,
2007-05-14,,,5.26,4.73
2007-05-15,,,5.29,4.7
2007-05-16,859559.0,,5.25,4.62
2007-05-17,,,5.25,4.68
2007-05-18,,,5.24,4.7
2007-05-19,,,5.24,
2007-05-20,,,5.24,
2007-05-21,,,5.24,4.76
2007-05-22,,,5.23,4.79
2007-05-23,873935.0,,5.25,4.77
2007-05-24,,,5.24,4.77
2007-05-25,,,5.29,4.75
2007-05-26,,,5.29,
2007-05-27,,,5.29,
2007-05-28,,,5.29,
2007-05-29,,,5.29,4.76
2007-05-30,876986.0,,5.25,4.71
2007-05-31,,,5.28,4.6
2007-06-01,,5.25,5.23,4.66
2007-06-02,,,5.23,
2007-06-03,,,5.23,
2007-06-04,,,5.24,4.68
2007-06-05,,,5.19,4.7
2007-06-06,872706.0,,5.25,4.67
2007-06-07,,,5.25,4.67
2007-06-08,,,5.26,4.64
2007-06-09,,,5.26,
2007-06-10,,,5.26,
2007-06-11,,,5.27,4.6
2007-06-12,,,5.26,4.59
2007-06-13,864989.0,,5.26,4.53
2007-06-14,,,5.28,4.52
2007-06-15,,,5.26,4.43
2007-06-16,,,5.26,
2007-06-17,,,5.26,
2007-06-18,,,5.23,4.51
2007-06-19,,,5.21,4.52
2007-06-20,866089.0,,5.27,4.61
2007-06-21,,,5.26,4.57
2007-06-22,,,5.24,4.59
2007-06-23,,,5.24,
2007-06-24,,,5.24,
2007-06-25,,,5.29,4.69
2007-06-26,,,5.25,4.69
2007-06-27,865105.0,,5.26,4.64
2007-06-28,,,5.26,4.64
2007-06-29,,,5.31,4.68
2007-06-30,,,5.31,
2007-07-01,,5.26,5.31,
2007-07-02,,,5.31,4.81
2007-07-03,,,5.24,4.81
2007-07-04,876611.0,,5.24,
2007-07-05,,,5.25,4.81
2007-07-06,,,5.22,4.81
2007-07-07,,,5.22,
2007-07-08,,,5.22,
2007-07-09,,,5.22,4.83
2007-07-10,,,5.24,4.81
2007-07-11,869407.0,,5.24,4.81
2007-07-12,,,5.26,4.83
2007-07-13,,,5.25,4.83
2007-07-14,,,5.25,
2007-07-15,,,5.25,
2007-07-16,,,5.32,4.84
2007-07-17,,,5.28,4.82
2007-07-18,872916.0,,5.26,4.82
2007-07-19,,,5.25,4.84
2007-07-20,,,5.25,4.83
2007-07-21,,,5.25,
2007-07-22,,,5.25,
2007-07-23,,,5.26,4.88
2007-07-24,,,5.25,4.88
2007-07-25,863890.0,,5.32,4.85
2007-07-26,,,5.28,4.78
2007-07-27,,,5.25,4.72
2007-07-28,,,5.25,
2007-07-29,,,5.25,
2007-07-30,,,5.29,4.82
2007-07-31,,,5.28,4.82
2007-08-01,870261.0,5.02,5.3,4.75
2007-08-02,,,5.24,4.75
2007-08-03,,,5.24,4.72
2007-08-04,,,5.24,
2007-08-05,,,5.24,
2007-08-06,,,5.26,4.74
2007-08-07,,,5.26,4.8
2007-08-08,865453.0,,5.27,4.81
2007-08-09,,,5.41,4.67
2007-08-10,,,4.68,4.44
2007-08-11,,,4.68,
2007-08-12,,,4.68,
2007-08-13,,,4.81,4.61
2007-08-14,,,4.54,4.51
2007-08-15,864931.0,,4.71,4.1
2007-08-16,,,4.97,3.69
2007-08-17,,,4.91,3.65
2007-08-18,,,4.91,
2007-08-19,,,4.91,
2007-08-20,,,5.03,3.08
2007-08-21,,,4.89,3.51
2007-08-22,862775.0,,4.77,3.58
2007-08-23,,,4.88,3.79
2007-08-24,,,5.11,4.13
2007-08-25,,,5.11,
2007-08-26,,,5.11,
2007-08-27,,,5.27,4.5
2007-08-28,,,5.3,4.28
2007-08-29,872873.0,,5.0,3.88
2007-08-30,,,5.0,3.74
2007-08-31,,,4.96,3.91
2007-09-01,,4.94,4.96,
2007-09-02,,,4.96,
2007-09-03,,,4.96,
2007-09-04,,,5.22,4.35
2007-09-05,871156.0,,5.18,4.24
2007-09-06,,,4.98,4.18
2007-09-07,,,4.86,3.96
2007-09-08,,,4.86,
2007-09-09,,,4.86,
2007-09-10,,,5.07,3.86
2007-09-11,,,5.06,4.0
2007-09-12,886314.0,,5.18,3.93
2007-09-13,,,5.09,3.97
2007-09-14,,,5.25,3.9
2007-09-15,,,5.25,
2007-09-16,,,5.25,
2007-09-17,,,5.33,4.05
2007-09-18,,,4.92,3.91
2007-09-19,867732.0,,4.74,3.83
2007-09-20,,,4.77,3.69
2007-09-21,,,4.76,3.64
2007-09-22,,,4.76,
2007-09-23,,,4.76,
2007-09-24,,,4.74,3.76
2007-09-25,,,4.82,3.7
2007-09-26,889900.0,,4.88,3.64
2007-09-27,,,4.93,3.62
2007-09-28,,,4.58,3.72
2007-09-29,,,4.58,
2007-09-30,,,4.58,
2007-10-01,,4.76,4.92,3.83
2007-10-02,,,4.78,3.86
2007-10-03,869051.0,,4.68,3.86
2007-10-04,,,4.74,3.85
2007-10-05,,,4.77,3.89
2007-10-06,,,4.77,
2007-10-07,,,4.77,
2007-10-08,,,4.77,
2007-10-09,,,4.91,3.96
2007-10-10,886363.0,,4.52,3.95
2007-10-11,,,4.75,4.01
2007-10-12,,,4.75,4.09
2007-10-13,,,4.75,
2007-10-14,,,4.75,
2007-10-15,,,4.81,4.19
2007-10-16,,,4.68,4.14
2007-10-17,869509.0,,4.7,3.91
2007-10-18,,,4.69,3.66
2007-10-19,,,4.77,3.75
2007-10-20,,,4.77,
2007-10-21,,,4.77,
2007-10-22,,,4.71,3.9
2007-10-23,,,4.67,3.88
2007-10-24,881395.0,,4.74,3.75
2007-10-25,,,4.86,3.84
2007-10-26,,,4.8,3.86
2007-10-27,,,4.8,
2007-10-28,,,4.8,
2007-10-29,,,4.84,3.91
2007-10-30,,,4.78,3.86
2007-10-31,883385.0,,4.6,3.84
2007-11-01,,4.49,4.59,3.71
2007-11-02,,,4.28,3.52
2007-11-03,,,4.28,
2007-11-04,,,4.28,
2007-11-05,,,4.29,3.62
2007-11-06,,,4.22,3.66
2007-11-07,885724.0,,4.39,3.4
2007-11-08,,,4.58,3.3
2007-11-09,,,4.49,3.19
2007-11-10,,,4.49,
2007-11-11,,,4.49,
2007-11-12,,,4.49,
2007-11-13,,,4.61,3.41
2007-11-14,889537.0,,4.6,3.33
2007-11-15,,,4.54,3.22
2007-11-16,,,4.51,3.32
2007-11-17,,,4.51,
2007-11-18,,,4.51,
2007-11-19,,,4.51,3.32
2007-11-20,,,4.51,3.17
2007-11-21,891028.0,,4.5,3.02
2007-11-22,,,4.5,
2007-11-23,,,4.56,3.15
2007-11-24,,,4.56,
2007-11-25,,,4.56,
2007-11-26,,,4.62,3.06
2007-11-27,,,4.39,3.08
2007-11-28,879417.0,,4.53,2.98
2007-11-29,,,4.55,2.92
2007-11-30,,,4.66,3.08
2007-12-01,,4.24,4.66,
2007-12-02,,,4.66,
2007-12-03,,,4.52,2.99
2007-12-04,,,4.5,3.0
2007-12-05,882764.0,,4.31,3.0
2007-12-06,,,4.49,3.02
2007-12-07,,,4.41,3.04
2007-12-08,,,4.41,
2007-12-09,,,4.41,
2007-12-10,,,4.46,2.98
2007-12-11,,,4.29,2.87
2007-12-12,881750.0,,4.28,2.81
2007-12-13,,,4.3,2.8
2007-12-14,,,4.24,2.81
2007-12-15,,,4.24,
2007-12-16,,,4.24,
2007-12-17,,,4.31,3.01
2007-12-18,,,4.16,2.98
2007-12-19,887983.0,,3.98,2.85
2007-12-20,,,4.37,2.85
2007-12-21,,,4.28,2.92
2007-12-22,,,4.28,
2007-12-23,,,4.28,
2007-12-24,,,4.0,3.26
2007-12-25,,,4.0,
2007-12-26,890662.0,,4.26,3.24
2007-12-27,,,4.15,3.09
2007-12-28,,,4.01,3.1
2007-12-29,,,4.01,
2007-12-30,,,4.01,
2007-12-31,,,3.06,3.29
2008-01-01,,3.94,3.06,
2008-01-02,922187.0,,4.11,3.18
2008-01-03,,,4.25,3.16
2008-01-04,,,4.18,3.12
2008-01-05,,,4.18,
2008-01-06,,,4.18,
2008-01-07,,,4.27,3.19
2008-01-08,,,4.27,3.17
2008-01-09,880754.0,,4.26,3.14
2008-01-10,,,4.26,3.16
2008-01-11,,,4.23,3.02
2008-01-12,,,4.23,
2008-01-13,,,4.23,
2008-01-14,,,4.24,3.11
2008-01-15,,,4.24,3.09
2008-01-16,893581.0,,4.22,3.06
2008-01-17,,,4.23,3.0
2008-01-18,,,4.17,2.79
2008-01-19,,,4.17,
2008-01-20,,,4.17,
2008-01-21,,,4.17,
2008-01-22,,,3.68,2.3
2008-01-23,877253.0,,3.43,2.16
2008-01-24,,,3.47,2.32
2008-01-25,,,3.6,2.25
2008-01-26,,,3.6,
2008-01-27,,,3.6,
2008-01-28,,,3.5,2.29
2008-01-29,,,3.47,2.23
2008-01-30,900264.0,,3.26,2.16
2008-01-31,,,3.22,1.92
2008-02-01,,2.98,3.12,2.06
2008-02-02,,,3.12,
2008-02-03,,,3.12,
2008-02-04,,,2.82,2.22
2008-02-05,,,2.71,2.14
2008-02-06,871022.0,,2.94,2.05
2008-02-07,,,3.03,2.12
2008-02-08,,,3.05,2.18
2008-02-09,,,3.05,
2008-02-10,,,3.05,
2008-02-11,,,2.88,2.25
2008-02-12,,,2.91,2.25
2008-02-13,883005.0,,3.02,2.22
2008-02-14,,,3.03,2.26
2008-02-15,,,2.97,2.16
2008-02-16,,,2.97,
2008-02-17,,,2.97,
2008-02-18,,,2.97,
2008-02-19,,,2.94,2.23
2008-02-20,878949.0,,3.0,2.2
2008-02-21,,,3.01,2.15
2008-02-22,,,2.97,2.15
2008-02-23,,,2.97,
2008-02-24,,,2.97,
2008-02-25,,,3.0,2.15
2008-02-26,,,2.85,2.09
2008-02-27,893825.0,,2.93,1.94
2008-02-28,,,3.06,1.86
2008-02-29,,,3.01,1.81
2008-03-01,,2.61,3.01,
2008-03-02,,,3.01,
2008-03-03,,,3.1,1.67
2008-03-04,,,2.9,1.63
2008-03-05,881208.0,,2.93,1.5
2008-03-06,,,2.99,1.37
2008-03-07,,,2.96,1.42
2008-03-08,,,2.96,
2008-03-09,,,2.96,
2008-03-10,,,2.99,1.33
2008-03-11,,,2.95,1.45
2008-03-12,896565.0,,2.97,1.45
2008-03-13,,,2.98,1.33
2008-03-14,,,2.99,1.16
2008-03-15,,,2.99,
2008-03-16,,,2.99,
2008-03-17,,,2.69,1.09
2008-03-18,,,2.16,0.91
2008-03-19,888646.0,,2.08,0.6
2008-03-20,,,2.22,0.62
2008-03-21,,,2.08,
2008-03-22,,,2.08,
2008-03-23,,,2.08,
2008-03-24,,,2.08,1.23
2008-03-25,,,2.42,1.27
2008-03-26,893965.0,,2.3,1.27
2008-03-27,,,2.27,1.28
2008-03-28,,,2.09,1.31
2008-03-29,,,2.09,
2008-03-30,,,2.09,
2008-03-31,,,2.51,1.36
2008-04-01,,2.28,2.38,1.38
2008-04-02,883708.0,,2.18,1.39
2008-04-03,,,2.19,1.38
2008-04-04,,,2.26,1.33
2008-04-05,,,2.26,
2008-04-06,,,2.26,
2008-04-07,,,2.24,1.43
2008-04-08,,,2.23,1.39
2008-04-09,893029.0,,2.2,1.29
2008-04-10,,,2.3,1.25
2008-04-11,,,2.37,1.17
2008-04-12,,,2.37,
2008-04-13,,,2.37,
2008-04-14,,,2.32,1.07
2008-04-15,,,2.32,1.09
2008-04-16,881904.0,,2.35,1.11
2008-04-17,,,2.37,1.21
2008-04-18,,,2.32,1.32
2008-04-19,,,2.32,
2008-04-20,,,2.32,
2008-04-21,,,2.28,1.33
2008-04-22,,,1.99,1.26
2008-04-23,885781.0,,2.18,1.24
2008-04-24,,,2.26,1.24
2008-04-25,,,2.28,1.31
2008-04-26,,,2.28,
2008-04-27,,,2.28,
2008-04-28,,,2.29,1.42
2008-04-29,,,2.21,1.44
2008-04-30,888131.0,,2.37,1.41
2008-05-01,,1.98,2.16,1.42
2008-05-02,,,1.88,1.47
2008-05-03,,,1.88,
2008-05-04,,,1.88,
2008-05-05,,,1.85,1.51
2008-05-06,,,1.91,1.6
2008-05-07,889228.0,,2.01,1.64
2008-05-08,,,1.99,1.63
2008-05-09,,,1.97,1.66
2008-05-10,,,1.97,
2008-05-11,,,1.97,
2008-05-12,,,1.88,1.74
2008-05-13,,,1.93,1.8
2008-05-14,880175.0,,2.03,1.79
2008-05-15,,,2.03,1.8
2008-05-16,,,1.91,1.81
2008-05-17,,,1.91,
2008-05-18,,,1.91,
2008-05-19,,,1.95,1.79
2008-05-20,,,1.99,1.83
2008-05-21,898487.0,,2.03,1.83
2008-05-22,,,2.05,1.83
2008-05-23,,,1.99,1.82
2008-05-24,,,1.99,
2008-05-25,,,1.99,
2008-05-26,,,1.99,
2008-05-27,,,2.23,1.86
2008-05-28,904054.0,,2.08,1.86
2008-05-29,,,2.01,1.87
2008-05-30,,,1.98,1.85
2008-05-31,,,1.98,
2008-06-01,,2.0,1.98,
2008-06-02,,,2.06,1.82
2008-06-03,,,1.95,1.82
2008-06-04,895939.0,,1.98,1.81
2008-06-05,,,1.98,1.82
2008-06-06,,,2.01,1.81
2008-06-07,,,2.01,
2008-06-08,,,2.01,
2008-06-09,,,2.02,1.86
2008-06-10,,,1.96,1.98
2008-06-11,890610.0,,1.95,1.92
2008-06-12,,,2.01,1.96
2008-06-13,,,2.02,1.95
2008-06-14,,,2.02,
2008-06-15,,,2.02,
2008-06-16,,,2.06,2.04
2008-06-17,,,1.87,1.96
2008-06-18,902304.0,,1.84,1.89
2008-06-19,,,1.94,1.87
2008-06-20,,,1.99,1.83
2008-06-21,,,1.99,
2008-06-22,,,1.99,
2008-06-23,,,1.98,1.85
2008-06-24,,,1.93,1.8
2008-06-25,892713.0,,1.97,1.78
2008-06-26,,,2.05,1.7
2008-06-27,,,1.99,1.64
2008-06-28,,,1.99,
2008-06-29,,,1.99,
2008-06-30,,,2.47,1.87
2008-07-01,,2.01,2.11,1.84
2008-07-02,902962.0,,1.95,1.79
2008-07-03,,,1.92,1.81
2008-07-04,,,1.92,
2008-07-05,,,1.92,
2008-07-06,,,1.92,
2008-07-07,,,1.99,1.84
2008-07-08,,,1.97,1.83
2008-07-09,898034.0,,1.99,1.79
2008-07-10,,,2.01,1.64
2008-07-11,,,1.97,1.58
2008-07-12,,,1.97,
2008-07-13,,,1.97,
2008-07-14,,,2.06,1.5
2008-07-15,,,2.16,1.37
2008-07-16,910681.0,,1.95,1.35
2008-07-17,,,2.03,1.4
2008-07-18,,,1.96,1.45
2008-07-19,,,1.96,
2008-07-20,,,1.96,
2008-07-21,,,1.98,1.46
2008-07-22,,,1.97,1.52
2008-07-23,899665.0,,2.04,1.56
2008-07-24,,,2.06,1.62
2008-07-25,,,2.13,1.71
2008-07-26,,,2.13,
2008-07-27,,,2.13,
2008-07-28,,,2.0,1.7
2008-07-29,,,2.05,1.69
2008-07-30,918625.0,,2.03,1.67
2008-07-31,,,2.09,1.65
2008-08-01,,2.0,2.04,1.63
2008-08-02,,,2.04,
2008-08-03,,,2.04,
2008-08-04,,,1.97,1.72
2008-08-05,,,1.97,1.72
2008-08-06,901710.0,,2.01,1.61
2008-08-07,,,1.96,1.63
2008-08-08,,,2.01,1.67
2008-08-09,,,2.01,
2008-08-10,,,2.01,
2008-08-11,,,1.99,1.84
2008-08-12,,,1.95,1.83
2008-08-13,914632.0,,1.98,1.82
2008-08-14,,,2.09,1.85
2008-08-15,,,2.08,1.81
2008-08-16,,,2.08,
2008-08-17,,,2.08,
2008-08-18,,,1.91,1.79
2008-08-19,,,1.94,1.77
2008-08-20,898611.0,,1.98,1.68
2008-08-21,,,2.01,1.69
2008-08-22,,,2.02,1.67
2008-08-23,,,2.02,
2008-08-24,,,2.02,
2008-08-25,,,2.01,1.71
2008-08-26,,,1.88,1.68
2008-08-27,909982.0,,1.98,1.64
2008-08-28,,,1.99,1.71
2008-08-29,,,1.94,1.69
2008-08-30,,,1.94,
2008-08-31,,,1.94,
2008-09-01,,1.81,1.94,
2008-09-02,,,1.96,1.69
2008-09-03,905253.0,,2.01,1.67
2008-09-04,,,1.99,1.66
2008-09-05,,,1.97,1.65
2008-09-06,,,1.97,
2008-09-07,,,1.97,
2008-09-08,,,1.92,1.69
2008-09-09,,,1.96,1.63
2008-09-10,925725.0,,2.12,1.62
2008-09-11,,,2.0,1.58
2008-09-12,,,2.1,1.46
2008-09-13,,,2.1,
2008-09-14,,,2.1,
2008-09-15,,,2.64,1.03
2008-09-16,,,1.98,0.84
2008-09-17,995093.0,,2.8,0.03
2008-09-18,,,2.16,0.23
2008-09-19,,,1.48,0.97
2008-09-20,,,1.48,
2008-09-21,,,1.48,
2008-09-22,,,1.51,1.29
2008-09-23,,,1.46,0.81
2008-09-24,1211825.0,,1.19,0.5
2008-09-25,,,1.23,0.75
2008-09-26,,,1.08,0.86
2008-09-27,,,1.08,
2008-09-28,,,1.08,
2008-09-29,,,1.56,0.96
2008-09-30,,,2.03,0.9
2008-10-01,1503989.0,0.97,1.15,0.84
2008-10-02,,,0.67,0.62
2008-10-03,,,1.1,0.5
2008-10-04,,,1.1,
2008-10-05,,,1.1,
2008-10-06,,,1.96,0.54
2008-10-07,,,2.97,0.81
2008-10-08,1591587.0,,2.24,0.67
2008-10-09,,,1.4,0.58
2008-10-10,,,0.79,0.24
2008-10-11,,,0.79,
2008-10-12,,,0.79,
2008-10-13,,,0.79,
2008-10-14,,,1.1,0.34
2008-10-15,1770809.0,,1.04,0.22
2008-10-16,,,0.83,0.45
2008-10-17,,,0.6,0.8
2008-10-18,,,0.6,
2008-10-19,,,0.6,
2008-10-20,,,0.7,1.24
2008-10-21,,,0.67,1.09
2008-10-22,1802602.0,,0.81,1.03
2008-10-23,,,0.93,0.96
2008-10-24,,,0.95,0.86
2008-10-25,,,0.95,
2008-10-26,,,0.95,
2008-10-27,,,0.92,0.84
2008-10-28,,,0.67,0.76
2008-10-29,1969086.0,,0.36,0.61
2008-10-30,,,0.3,0.4
2008-10-31,,,0.22,0.44
2008-11-01,,0.39,0.22,
2008-11-02,,,0.22,
2008-11-03,,,0.23,0.49
2008-11-04,,,0.23,0.48
2008-11-05,2074205.0,,0.23,0.39
2008-11-06,,,0.23,0.31
2008-11-07,,,0.27,0.3
2008-11-08,,,0.27,
2008-11-09,,,0.27,
2008-11-10,,,0.29,0.29
2008-11-11,,,0.29,
2008-11-12,2212852.0,,0.35,0.18
2008-11-13,,,0.35,0.21
2008-11-14,,,0.34,0.14
2008-11-15,,,0.34,
2008-11-16,,,0.34,
2008-11-17,,,0.37,0.12
2008-11-18,,,0.38,0.12
2008-11-19,2187137.0,,0.38,0.07
2008-11-20,,,0.49,0.03
2008-11-21,,,0.57,0.02
2008-11-22,,,0.57,
2008-11-23,,,0.57,
2008-11-24,,,0.62,0.13
2008-11-25,,,0.59,0.1
2008-11-26,2106117.0,,0.53,0.05
2008-11-27,,,0.53,
2008-11-28,,,0.52,0.01
2008-11-29,,,0.52,
2008-11-30,,,0.52,
2008-12-01,,0.16,0.52,0.07
2008-12-02,,,0.47,0.06
2008-12-03,2136924.0,,0.36,0.02
2008-12-04,,,0.2,0.02
2008-12-05,,,0.12,0.02
2008-12-06,,,0.12,
2008-12-07,,,0.12,
2008-12-08,,,0.12,0.03
2008-12-09,,,0.13,0.03
2008-12-10,2250012.0,,0.11,0.0
2008-12-11,,,0.14,0.01
2008-12-12,,,0.15,0.02
2008-12-13,,,0.15,
2008-12-14,,,0.15,
2008-12-15,,,0.18,0.04
2008-12-16,,,0.17,0.04
2008-12-17,2254983.0,,0.12,0.05
2008-12-18,,,0.11,0.0
2008-12-19,,,0.11,0.02
2008-12-20,,,0.11,
2008-12-21,,,0.11,
2008-12-22,,,0.11,0.01
2008-12-23,,,0.11,0.02
2008-12-24,2232311.0,,0.11,0.0
2008-12-25,,,0.11,
2008-12-26,,,0.09,0.03
2008-12-27,,,0.09,
2008-12-28,,,0.09,
2008-12-29,,,0.1,0.06
2008-12-30,,,0.09,0.1
2008-12-31,2239457.0,,0.14,0.11
2009-01-01,,0.15,0.14,
2009-01-02,,,0.08,0.08
2009-01-03,,,0.08,
2009-01-04,,,0.08,
2009-01-05,,,0.11,0.14
2009-01-06,,,0.09,0.14
2009-01-07,2121439.0,,0.11,0.11
2009-01-08,,,0.1,0.09
2009-01-09,,,0.09,0.07
2009-01-10,,,0.09,
2009-01-11,,,0.09,
2009-01-12,,,0.1,0.12
2009-01-13,,,0.1,0.11
2009-01-14,2049714.0,,0.15,0.12
2009-01-15,,,0.18,0.11
2009-01-16,,,0.19,0.12
2009-01-17,,,0.19,
2009-01-18,,,0.19,
2009-01-19,,,0.19,
2009-01-20,,,0.2,0.13
2009-01-21,2037112.0,,0.23,0.11
2009-01-22,,,0.21,0.1
2009-01-23,,,0.18,0.11
2009-01-24,,,0.18,
2009-01-25,,,0.18,
2009-01-26,,,0.19,0.15
2009-01-27,,,0.18,0.13
2009-01-28,1927082.0,,0.19,0.19
2009-01-29,,,0.23,0.23
2009-01-30,,,0.23,0.24
2009-01-31,,,0.23,
2009-02-01,,0.22,0.23,
2009-02-02,,,0.24,0.27
2009-02-03,,,0.24,0.32
2009-02-04,1851437.0,,0.24,0.3
2009-02-05,,,0.23,0.29
2009-02-06,,,0.23,0.28
2009-02-07,,,0.23,
2009-02-08,,,0.23,
2009-02-09,,,0.22,0.32
2009-02-10,,,0.24,0.31
2009-02-11,1843400.0,,0.22,0.3
2009-02-12,,,0.23,0.29
2009-02-13,,,0.22,0.29
2009-02-14,,,0.22,
2009-02-15,,,0.22,
2009-02-16,,,0.22,
2009-02-17,,,0.25,0.32
2009-02-18,1915562.0,,0.23,0.31
2009-02-19,,,0.21,0.3
2009-02-20,,,0.2,0.27
2009-02-21,,,0.2,
2009-02-22,,,0.2,
2009-02-23,,,0.19,0.3
2009-02-24,,,0.21,0.32
2009-02-25,1916115.0,,0.21,0.3
2009-02-26,,,0.22,0.27
2009-02-27,,,0.22,0.26
2009-02-28,,,0.22,
2009-03-01,,0.18,0.22,
2009-03-02,,,0.22,0.28
2009-03-03,,,0.2,0.27
2009-03-04,1901317.0,,0.21,0.26
2009-03-05,,,0.2,0.2
2009-03-06,,,0.2,0.2
2009-03-07,,,0.2,
2009-03-08,,,0.2,
2009-03-09,,,0.2,0.23
2009-03-10,,,0.2,0.24
2009-03-11,1899514.0,,0.19,0.23
2009-03-12,,,0.18,0.21
2009-03-13,,,0.15,0.19
2009-03-14,,,0.15,
2009-03-15,,,0.15,
2009-03-16,,,0.2,0.24
2009-03-17,,,0.2,0.24
2009-03-18,2066942.0,,0.18,0.21
2009-03-19,,,0.17,0.2
2009-03-20,,,0.18,0.21
2009-03-21,,,0.18,
2009-03-22,,,0.18,
2009-03-23,,,0.17,0.22
2009-03-24,,,0.17,0.21
2009-03-25,2071556.0,,0.17,0.19
2009-03-26,,,0.16,0.15
2009-03-27,,,0.15,0.13
2009-03-28,,,0.15,
2009-03-29,,,0.15,
2009-03-30,,,0.16,0.18
2009-03-31,,,0.16,0.21
2009-04-01,2078936.0,0.15,0.16,0.22
2009-04-02,,,0.16,0.22
2009-04-03,,,0.13,0.21
2009-04-04,,,0.13,
2009-04-05,,,0.13,
2009-04-06,,,0.14,0.2
2009-04-07,,,0.14,0.2
2009-04-08,2088573.0,,0.14,0.18
2009-04-09,,,0.14,0.18
2009-04-10,,,0.15,
2009-04-11,,,0.15,
2009-04-12,,,0.15,
2009-04-13,,,0.13,0.18
2009-04-14,,,0.16,0.17
2009-04-15,2186498.0,,0.16,0.15
2009-04-16,,,0.15,0.13
2009-04-17,,,0.13,0.14
2009-04-18,,,0.13,
2009-04-19,,,0.13,
2009-04-20,,,0.14,0.14
2009-04-21,,,0.15,0.15
2009-04-22,2196812.0,,0.15,0.14
2009-04-23,,,0.17,0.1
2009-04-24,,,0.16,0.1
2009-04-25,,,0.16,
2009-04-26,,,0.16,
2009-04-27,,,0.17,0.13
2009-04-28,,,0.16,0.13
2009-04-29,2066712.0,,0.18,0.11
2009-04-30,,,0.2,0.14
2009-05-01,,0.18,0.22,0.15
2009-05-02,,,0.22,
2009-05-03,,,0.22,
2009-05-04,,,0.22,0.19
2009-05-05,,,0.2,0.19
2009-05-06,2079758.0,,0.18,0.19
2009-05-07,,,0.18,0.18
2009-05-08,,,0.17,0.18
2009-05-09,,,0.17,
2009-05-10,,,0.17,
2009-05-11,,,0.17,0.19
2009-05-12,,,0.16,0.19
2009-05-13,2196351.0,,0.16,0.17
2009-05-14,,,0.16,0.16
2009-05-15,,,0.17,0.17
2009-05-16,,,0.17,
2009-05-17,,,0.17,
2009-05-18,,,0.16,0.19
2009-05-19,,,0.15,0.18
2009-05-20,2181632.0,,0.14,0.18
2009-05-21,,,0.17,0.19
2009-05-22,,,0.17,0.18
2009-05-23,,,0.17,
2009-05-24,,,0.17,
2009-05-25,,,0.17,
2009-05-26,,,0.18,0.18
2009-05-27,2080115.0,,0.17,0.17
2009-05-28,,,0.17,0.15
2009-05-29,,,0.19,0.14
2009-05-30,,,0.19,
2009-05-31,,,0.19,
2009-06-01,,0.21,0.21,0.13
2009-06-02,,,0.2,0.14
2009-06-03,2077695.0,,0.21,0.14
2009-06-04,,,0.2,0.14
2009-06-05,,,0.21,0.19
2009-06-06,,,0.21,
2009-06-07,,,0.21,
2009-06-08,,,0.21,0.19
2009-06-09,,,0.18,0.19
2009-06-10,2052297.0,,0.18,0.18
2009-06-11,,,0.17,0.19
2009-06-12,,,0.17,0.18
2009-06-13,,,0.17,
2009-06-14,,,0.17,
2009-06-15,,,0.22,0.17
2009-06-16,,,0.22,0.17
2009-06-17,2072527.0,,0.24,0.17
2009-06-18,,,0.25,0.18
2009-06-19,,,0.25,0.18
2009-06-20,,,0.25,
2009-06-21,,,0.25,
2009-06-22,,,0.24,0.2
2009-06-23,,,0.24,0.2
2009-06-24,2025571.0,,0.21,0.19
2009-06-25,,,0.19,0.18
2009-06-26,,,0.18,0.19
2009-06-27,,,0.18,
2009-06-28,,,0.18,
2009-06-29,,,0.17,0.2
2009-06-30,,,0.22,0.19
2009-07-01,2005627.0,0.16,0.2,0.17
2009-07-02,,,0.17,0.17
2009-07-03,,,0.16,
2009-07-04,,,0.16,
2009-07-05,,,0.16,
2009-07-06,,,0.18,0.19
2009-07-07,,,0.18,0.19
2009-07-08,1992740.0,,0.16,0.18
2009-07-09,,,0.15,0.19
2009-07-10,,,0.15,0.18
2009-07-11,,,0.15,
2009-07-12,,,0.15,
2009-07-13,,,0.13,0.18
2009-07-14,,,0.13,0.18
2009-07-15,2072451.0,,0.14,0.18
2009-07-16,,,0.15,0.19
2009-07-17,,,0.15,0.17
2009-07-18,,,0.15,
2009-07-19,,,0.15,
2009-07-20,,,0.15,0.19
2009-07-21,,,0.14,0.19
2009-07-22,2039001.0,,0.14,0.19
2009-07-23,,,0.15,0.19
2009-07-24,,,0.15,0.18
2009-07-25,,,0.15,
2009-07-26,,,0.15,
2009-07-27,,,0.16,0.19
2009-07-28,,,0.15,0.19
2009-07-29,2000547.0,,0.17,0.19
2009-07-30,,,0.17,0.18
2009-07-31,,,0.18,0.18
2009-08-01,,0.16,0.18,
2009-08-02,,,0.18,
2009-08-03,,,0.18,0.19
2009-08-04,,,0.17,0.18
2009-08-05,1989203.0,,0.17,0.18
2009-08-06,,,0.17,0.17
2009-08-07,,,0.17,0.18
2009-08-08,,,0.17,
2009-08-09,,,0.17,
2009-08-10,,,0.17,0.19
2009-08-11,,,0.16,0.18
2009-08-12,2014899.0,,0.15,0.17
2009-08-13,,,0.15,0.17
2009-08-14,,,0.15,0.18
2009-08-15,,,0.15,
2009-08-16,,,0.15,
2009-08-17,,,0.17,0.18
2009-08-18,,,0.17,0.18
2009-08-19,2060641.0,,0.17,0.17
2009-08-20,,,0.17,0.17
2009-08-21,,,0.16,0.17
2009-08-22,,,0.16,
2009-08-23,,,0.16,
2009-08-24,,,0.16,0.17
2009-08-25,,,0.15,0.17
2009-08-26,2074902.0,,0.15,0.15
2009-08-27,,,0.14,0.15
2009-08-28,,,0.14,0.15
2009-08-29,,,0.14,
2009-08-30,,,0.14,
2009-08-31,,,0.15,0.15
2009-09-01,,0.15,0.15,0.14
2009-09-02,2083720.0,,0.16,0.14
2009-09-03,,,0.15,0.15
2009-09-04,,,0.15,0.14
2009-09-05,,,0.15,
2009-09-06,,,0.15,
2009-09-07,,,0.15,
2009-09-08,,,0.15,0.14
2009-09-09,2087946.0,,0.15,0.14
2009-09-10,,,0.16,0.14
2009-09-11,,,0.15,0.14
2009-09-12,,,0.15,
2009-09-13,,,0.15,
2009-09-14,,,0.16,0.14
2009-09-15,,,0.17,0.13
2009-09-16,2139783.0,,0.17,0.1
2009-09-17,,,0.16,0.1
2009-09-18,,,0.16,0.08
2009-09-19,,,0.16,
2009-09-20,,,0.16,
2009-09-21,,,0.15,0.11
2009-09-22,,,0.15,0.11
2009-09-23,2158631.0,,0.15,0.11
2009-09-24,,,0.14,0.1
2009-09-25,,,0.13,0.1
2009-09-26,,,0.13,
2009-09-27,,,0.13,
2009-09-28,,,0.13,0.11
2009-09-29,,,0.11,0.13
2009-09-30,2141020.0,,0.07,0.14
2009-10-01,,0.12,0.11,0.1
2009-10-02,,,0.13,0.1
2009-10-03,,,0.13,
2009-10-04,,,0.13,
2009-10-05,,,0.13,0.08
2009-10-06,,,0.12,0.08
2009-10-07,2138086.0,,0.13,0.09
2009-10-08,,,0.12,0.06
2009-10-09,,,0.12,0.07
2009-10-10,,,0.12,
2009-10-11,,,0.12,
2009-10-12,,,0.12,
2009-10-13,,,0.12,0.07
2009-10-14,2192787.0,,0.12,0.07
2009-10-15,,,0.13,0.07
2009-10-16,,,0.12,0.07
2009-10-17,,,0.12,
2009-10-18,,,0.12,
2009-10-19,,,0.12,0.08
2009-10-20,,,0.12,0.08
2009-10-21,2201119.0,,0.11,0.07
2009-10-22,,,0.11,0.06
2009-10-23,,,0.11,0.07
2009-10-24,,,0.11,
2009-10-25,,,0.11,
2009-10-26,,,0.11,0.08
2009-10-27,,,0.11,0.08
2009-10-28,2161537.0,,0.11,0.07
2009-10-29,,,0.11,0.06
2009-10-30,,,0.11,0.05
2009-10-31,,,0.11,
2009-11-01,,0.12,0.11,
2009-11-02,,,0.12,0.06
2009-11-03,,,0.12,0.06
2009-11-04,2165067.0,,0.13,0.05
2009-11-05,,,0.13,0.04
2009-11-06,,,0.12,0.06
2009-11-07,,,0.12,
2009-11-08,,,0.12,
2009-11-09,,,0.12,0.07
2009-11-10,,,0.13,0.07
2009-11-11,2135035.0,,0.13,
2009-11-12,,,0.12,0.07
2009-11-13,,,0.12,0.06
2009-11-14,,,0.12,
2009-11-15,,,0.12,
2009-11-16,,,0.12,0.07
2009-11-17,,,0.12,0.06
2009-11-18,2208721.0,,0.11,0.04
2009-11-19,,,0.11,0.02
2009-11-20,,,0.11,0.02
2009-11-21,,,0.11,
2009-11-22,,,0.11,
2009-11-23,,,0.12,0.05
2009-11-24,,,0.12,0.05
2009-11-25,2206359.0,,0.11,0.05
2009-11-26,,,0.11,
2009-11-27,,,0.12,0.03
2009-11-28,,,0.12,
2009-11-29,,,0.12,
2009-11-30,,,0.13,0.06
2009-12-01,,0.12,0.13,0.06
2009-12-02,2204074.0,,0.13,0.05
2009-12-03,,,0.13,0.06
2009-12-04,,,0.12,0.06
2009-12-05,,,0.12,
2009-12-06,,,0.12,
2009-12-07,,,0.12,0.04
2009-12-08,,,0.12,0.03
2009-12-09,2186383.0,,0.12,0.03
2009-12-10,,,0.12,0.02
2009-12-11,,,0.12,0.03
2009-12-12,,,0.12,
2009-12-13,,,0.12,
2009-12-14,,,0.12,0.04
2009-12-15,,,0.13,0.05
2009-12-16,2235763.0,,0.14,0.04
2009-12-17,,,0.13,0.04
2009-12-18,,,0.12,0.05
2009-12-19,,,0.12,
2009-12-20,,,0.12,
2009-12-21,,,0.12,0.08
2009-12-22,,,0.12,0.08
2009-12-23,2235803.0,,0.11,0.07
2009-12-24,,,0.11,0.05
2009-12-25,,,0.11,
2009-12-26,,,0.11,
2009-12-27,,,0.11,
2009-12-28,,,0.12,0.11
2009-12-29,,,0.12,0.1
2009-12-30,2234067.0,,0.11,0.05
2009-12-31,,,0.05,0.06
2010-01-01,,0.11,0.05,
2010-01-02,,,0.05,
2010-01-03,,,0.05,
2010-01-04,,,0.12,0.08
2010-01-05,,,0.12,0.07
2010-01-06,2235304.0,,0.12,0.06
2010-01-07,,,0.1,0.05
2010-01-08,,,0.11,0.05
2010-01-09,,,0.11,
2010-01-10,,,0.11,
2010-01-11,,,0.11,0.04
2010-01-12,,,0.11,0.05
2010-01-13,2291700.0,,0.11,0.06
2010-01-14,,,0.11,0.05
2010-01-15,,,0.12,0.06
2010-01-16,,,0.12,
2010-01-17,,,0.12,
2010-01-18,,,0.12,
2010-01-19,,,0.13,0.06
2010-01-20,2251806.0,,0.13,0.05
2010-01-21,,,0.12,0.06
2010-01-22,,,0.11,0.06
2010-01-23,,,0.11,
2010-01-24,,,0.11,
2010-01-25,,,0.12,0.06
2010-01-26,,,0.12,0.07
2010-01-27,2246886.0,,0.12,0.08
2010-01-28,,,0.12,0.08
2010-01-29,,,0.12,0.08
2010-01-30,,,0.12,
2010-01-31,,,0.12,
2010-02-01,,0.13,0.14,0.1
2010-02-02,,,0.14,0.1
2010-02-03,2249319.0,,0.13,0.1
2010-02-04,,,0.14,0.09
2010-02-05,,,0.13,0.1
2010-02-06,,,0.13,
2010-02-07,,,0.13,
2010-02-08,,,0.13,0.12
2010-02-09,,,0.13,0.12
2010-02-10,2256679.0,,0.12,0.11
2010-02-11,,,0.12,0.11
2010-02-12,,,0.12,0.1
2010-02-13,,,0.12,
2010-02-14,,,0.12,
2010-02-15,,,0.12,
2010-02-16,,,0.13,0.1
2010-02-17,2277574.0,,0.12,0.1
2010-02-18,,,0.12,0.1
2010-02-19,,,0.13,0.11
2010-02-20,,,0.13,
2010-02-21,,,0.13,
2010-02-22,,,0.12,0.11
2010-02-23,,,0.12,0.12
2010-02-24,2286127.0,,0.11,0.12
2010-02-25,,,0.12,0.13
2010-02-26,,,0.13,0.13
2010-02-27,,,0.13,
2010-02-28,,,0.13,
2010-03-01,,0.16,0.14,0.13
2010-03-02,,,0.14,0.14
2010-03-03,2280147.0,,0.15,0.14
2010-03-04,,,0.16,0.14
2010-03-05,,,0.17,0.15
2010-03-06,,,0.17,
2010-03-07,,,0.17,
2010-03-08,,,0.15,0.16
2010-03-09,,,0.14,0.16
2010-03-10,2282474.0,,0.14,0.15
2010-03-11,,,0.15,0.16
2010-03-12,,,0.17,0.15
2010-03-13,,,0.17,
2010-03-14,,,0.17,
2010-03-15,,,0.2,0.17
2010-03-16,,,0.2,0.16
2010-03-17,2307997.0,,0.18,0.15
2010-03-18,,,0.18,0.16
2010-03-19,,,0.18,0.16
2010-03-20,,,0.18,
2010-03-21,,,0.18,
2010-03-22,,,0.18,0.15
2010-03-23,,,0.17,0.14
2010-03-24,2313149.0,,0.17,0.14
2010-03-25,,,0.17,0.14
2010-03-26,,,0.17,0.14
2010-03-27,,,0.17,
2010-03-28,,,0.17,
2010-03-29,,,0.16,0.15
2010-03-30,,,0.16,0.16
2010-03-31,2307150.0,,0.09,0.16
2010-04-01,,0.2,0.17,0.16
2010-04-02,,,0.2,0.16
2010-04-03,,,0.2,
2010-04-04,,,0.2,
2010-04-05,,,0.2,0.18
2010-04-06,,,0.2,0.17
2010-04-07,2307575.0,,0.19,0.17
2010-04-08,,,0.19,0.17
2010-04-09,,,0.19,0.16
2010-04-10,,,0.19,
2010-04-11,,,0.19,
2010-04-12,,,0.19,0.16
2010-04-13,,,0.2,0.16
2010-04-14,2339345.0,,0.2,0.16
2010-04-15,,,0.22,0.16
2010-04-16,,,0.21,0.16
2010-04-17,,,0.21,
2010-04-18,,,0.21,
2010-04-19,,,0.2,0.16
2010-04-20,,,0.2,0.16
2010-04-21,2337556.0,,0.2,0.15
2010-04-22,,,0.2,0.16
2010-04-23,,,0.2,0.16
2010-04-24,,,0.2,
2010-04-25,,,0.2,
2010-04-26,,,0.2,0.16
2010-04-27,,,0.2,0.16
2010-04-28,2330472.0,,0.2,0.16
2010-04-29,,,0.19,0.17
2010-04-30,,,0.2,0.16
2010-05-01,,0.2,0.2,
2010-05-02,,,0.2,
2010-05-03,,,0.2,0.17
2010-05-04,,,0.21,0.16
2010-05-05,2326164.0,,0.21,0.15
2010-05-06,,,0.2,0.11
2010-05-07,,,0.2,0.13
2010-05-08,,,0.2,
2010-05-09,,,0.2,
2010-05-10,,,0.2,0.16
2010-05-11,,,0.2,0.16
2010-05-12,2336103.0,,0.2,0.16
2010-05-13,,,0.2,0.16
2010-05-14,,,0.2,0.16
2010-05-15,,,0.2,
2010-05-16,,,0.2,
2010-05-17,,,0.21,0.16
2010-05-18,,,0.21,0.17
2010-05-19,2350890.0,,0.2,0.17
2010-05-20,,,0.2,0.17
2010-05-21,,,0.2,0.17
2010-05-22,,,0.2,
2010-05-23,,,0.2,
2010-05-24,,,0.21,0.17
2010-05-25,,,0.21,0.17
2010-05-26,2334041.0,,0.2,0.17
2010-05-27,,,0.2,0.17
2010-05-28,,,0.19,0.16
2010-05-29,,,0.19,
2010-05-30,,,0.19,
2010-05-31,,,0.19,
2010-06-01,,0.18,0.2,0.16
2010-06-02,2336216.0,,0.2,0.16
2010-06-03,,,0.19,0.14
2010-06-04,,,0.19,0.14
2010-06-05,,,0.19,
2010-06-06,,,0.19,
2010-06-07,,,0.19,0.12
2010-06-08,,,0.19,0.12
2010-06-09,2331529.0,,0.18,0.1
2010-06-10,,,0.18,0.1
2010-06-11,,,0.18,0.08
2010-06-12,,,0.18,
2010-06-13,,,0.18,
2010-06-14,,,0.18,0.07
2010-06-15,,,0.19,0.09
2010-06-16,2344316.0,,0.19,0.1
2010-06-17,,,0.19,0.09
2010-06-18,,,0.18,0.11
2010-06-19,,,0.18,
2010-06-20,,,0.18,
2010-06-21,,,0.17,0.12
2010-06-22,,,0.18,0.13
2010-06-23,2344497.0,,0.17,0.13
2010-06-24,,,0.16,0.13
2010-06-25,,,0.16,0.13
2010-06-26,,,0.16,
2010-06-27,,,0.16,
2010-06-28,,,0.17,0.17
2010-06-29,,,0.15,0.15
2010-06-30,2330851.0,,0.09,0.18
2010-07-01,,0.18,0.17,0.17
2010-07-02,,,0.18,0.17
2010-07-03,,,0.18,
2010-07-04,,,0.18,
2010-07-05,,,0.18,
2010-07-06,,,0.18,0.17
2010-07-07,2332017.0,,0.18,0.16
2010-07-08,,,0.17,0.15
2010-07-09,,,0.18,0.16
2010-07-10,,,0.18,
2010-07-11,,,0.18,
2010-07-12,,,0.17,0.16
2010-07-13,,,0.17,0.15
2010-07-14,2340717.0,,0.17,0.15
2010-07-15,,,0.19,0.15
2010-07-16,,,0.19,0.15
2010-07-17,,,0.19,
2010-07-18,,,0.19,
2010-07-19,,,0.19,0.17
2010-07-20,,,0.18,0.16
2010-07-21,2332322.0,,0.18,0.16
2010-07-22,,,0.18,0.16
2010-07-23,,,0.19,0.16
2010-07-24,,,0.19,
2010-07-25,,,0.19,
2010-07-26,,,0.19,0.16
2010-07-27,,,0.19,0.15
2010-07-28,2325298.0,,0.2,0.15
2010-07-29,,,0.19,0.15
2010-07-30,,,0.18,0.15
2010-07-31,,,0.18,
2010-08-01,,0.19,0.18,
2010-08-02,,,0.19,0.16
2010-08-03,,,0.19,0.16
2010-08-04,2326479.0,,0.19,0.16
2010-08-05,,,0.19,0.15
2010-08-06,,,0.18,0.15
2010-08-07,,,0.18,
2010-08-08,,,0.18,
2010-08-09,,,0.18,0.15
2010-08-10,,,0.18,0.15
2010-08-11,2327533.0,,0.17,0.15
2010-08-12,,,0.18,0.16
2010-08-13,,,0.19,0.15
2010-08-14,,,0.19,
2010-08-15,,,0.19,
2010-08-16,,,0.2,0.16
2010-08-17,,,0.2,0.17
2010-08-18,2313662.0,,0.19,0.16
2010-08-19,,,0.19,0.16
2010-08-20,,,0.2,0.15
2010-08-21,,,0.2,
2010-08-22,,,0.2,
2010-08-23,,,0.19,0.16
2010-08-24,,,0.19,0.16
2010-08-25,2301015.0,,0.19,0.16
2010-08-26,,,0.19,0.16
2010-08-27,,,0.19,0.15
2010-08-28,,,0.19,
2010-08-29,,,0.19,
2010-08-30,,,0.19,0.14
2010-08-31,,,0.21,0.14
2010-09-01,2301996.0,0.19,0.19,0.13
2010-09-02,,,0.19,0.14
2010-09-03,,,0.19,0.14
2010-09-04,,,0.19,
2010-09-05,,,0.19,
2010-09-06,,,0.19,
2010-09-07,,,0.2,0.14
2010-09-08,2305802.0,,0.19,0.14
2010-09-09,,,0.18,0.14
2010-09-10,,,0.18,0.14
2010-09-11,,,0.18,
2010-09-12,,,0.18,
2010-09-13,,,0.18,0.15
2010-09-14,,,0.19,0.15
2010-09-15,2296079.0,,0.21,0.15
2010-09-16,,,0.21,0.16
2010-09-17,,,0.21,0.16
2010-09-18,,,0.21,
2010-09-19,,,0.21,
2010-09-20,,,0.21,0.17
2010-09-21,,,0.2,0.17
2010-09-22,2307171.0,,0.21,0.16
2010-09-23,,,0.2,0.16
2010-09-24,,,0.21,0.15
2010-09-25,,,0.21,
2010-09-26,,,0.21,
2010-09-27,,,0.19,0.16
2010-09-28,,,0.19,0.16
2010-09-29,2298691.0,,0.19,0.16
2010-09-30,,,0.15,0.16
2010-10-01,,0.19,0.2,0.16
2010-10-02,,,0.2,
2010-10-03,,,0.2,
2010-10-04,,,0.2,0.13
2010-10-05,,,0.2,0.12
2010-10-06,2308092.0,,0.19,0.13
2010-10-07,,,0.18,0.13
2010-10-08,,,0.18,0.12
2010-10-09,,,0.18,
2010-10-10,,,0.18,
2010-10-11,,,0.18,
2010-10-12,,,0.18,0.13
2010-10-13,2309885.0,,0.18,0.13
2010-10-14,,,0.19,0.14
2010-10-15,,,0.2,0.14
2010-10-16,,,0.2,
2010-10-17,,,0.2,
2010-10-18,,,0.19,0.15
2010-10-19,,,0.19,0.14
2010-10-20,2305227.0,,0.19,0.14
2010-10-21,,,0.19,0.13
2010-10-22,,,0.19,0.13
2010-10-23,,,0.19,
2010-10-24,,,0.19,
2010-10-25,,,0.19,0.14
2010-10-26,,,0.19,0.14
2010-10-27,2295392.0,,0.19,0.14
2010-10-28,,,0.19,0.13
2010-10-29,,,0.2,0.12
2010-10-30,,,0.2,
2010-10-31,,,0.2,
2010-11-01,,0.19,0.2,0.13
2010-11-02,,,0.2,0.13
2010-11-03,2300353.0,,0.2,0.13
2010-11-04,,,0.19,0.13
2010-11-05,,,0.18,0.13
2010-11-06,,,0.18,
2010-11-07,,,0.18,
2010-11-08,,,0.18,0.13
2010-11-09,,,0.17,0.13
2010-11-10,2312768.0,,0.17,0.13
2010-11-11,,,0.17,
2010-11-12,,,0.19,0.13
2010-11-13,,,0.19,
2010-11-14,,,0.19,
2010-11-15,,,0.21,0.14
2010-11-16,,,0.21,0.15
2010-11-17,2314757.0,,0.2,0.14
2010-11-18,,,0.2,0.15
2010-11-19,,,0.21,0.14
2010-11-20,,,0.21,
2010-11-21,,,0.21,
2010-11-22,,,0.19,0.15
2010-11-23,,,0.2,0.15
2010-11-24,2346001.0,,0.2,0.16
2010-11-25,,,0.2,
2010-11-26,,,0.2,0.16
2010-11-27,,,0.2,
2010-11-28,,,0.2,
2010-11-29,,,0.2,0.18
2010-11-30,,,0.2,0.17
2010-12-01,2346920.0,0.18,0.2,0.16
2010-12-02,,,0.19,0.16
2010-12-03,,,0.18,0.14
2010-12-04,,,0.18,
2010-12-05,,,0.18,
2010-12-06,,,0.18,0.15
2010-12-07,,,0.17,0.14
2010-12-08,2382294.0,,0.17,0.15
2010-12-09,,,0.16,0.14
2010-12-10,,,0.16,0.13
2010-12-11,,,0.16,
2010-12-12,,,0.16,
2010-12-13,,,0.17,0.15
2010-12-14,,,0.19,0.15
2010-12-15,2385754.0,,0.2,0.14
2010-12-16,,,0.2,0.13
2010-12-17,,,0.2,0.11
2010-12-18,,,0.2,
2010-12-19,,,0.2,
2010-12-20,,,0.21,0.14
2010-12-21,,,0.2,0.14
2010-12-22,2427921.0,,0.19,0.14
2010-12-23,,,0.19,0.14
2010-12-24,,,0.19,
2010-12-25,,,0.19,
2010-12-26,,,0.19,
2010-12-27,,,0.19,0.17
2010-12-28,,,0.18,0.15
2010-12-29,2420570.0,,0.18,0.13
2010-12-30,,,0.19,0.12
2010-12-31,,,0.13,0.12
2011-01-01,,0.17,0.13,
2011-01-02,,,0.13,
2011-01-03,,,0.19,0.15
2011-01-04,,,0.18,0.14
2011-01-05,2436064.0,,0.18,0.14
2011-01-06,,,0.17,0.15
2011-01-07,,,0.17,0.14
2011-01-08,,,0.17,
2011-01-09,,,0.17,
2011-01-10,,,0.17,0.15
2011-01-11,,,0.17,0.15
2011-01-12,2468131.0,,0.16,0.15
2011-01-13,,,0.16,0.15
2011-01-14,,,0.16,0.15
2011-01-15,,,0.16,
2011-01-16,,,0.16,
2011-01-17,,,0.16,
2011-01-18,,,0.19,0.16
2011-01-19,2425164.0,,0.18,0.16
2011-01-20,,,0.18,0.16
2011-01-21,,,0.17,0.16
2011-01-22,,,0.17,
2011-01-23,,,0.17,
2011-01-24,,,0.18,0.16
2011-01-25,,,0.17,0.16
2011-01-26,2443527.0,,0.17,0.16
2011-01-27,,,0.17,0.15
2011-01-28,,,0.17,0.15
2011-01-29,,,0.17,
2011-01-30,,,0.17,
2011-01-31,,,0.17,0.15
2011-02-01,,0.16,0.18,0.15
2011-02-02,2469419.0,,0.18,0.16
2011-02-03,,,0.17,0.14
2011-02-04,,,0.17,0.15
2011-02-05,,,0.17,
2011-02-06,,,0.17,
2011-02-07,,,0.17,0.16
2011-02-08,,,0.16,0.15
2011-02-09,2500481.0,,0.15,0.14
2011-02-10,,,0.15,0.12
2011-02-11,,,0.15,0.12
2011-02-12,,,0.15,
2011-02-13,,,0.15,
2011-02-14,,,0.15,0.13
2011-02-15,,,0.16,0.13
2011-02-16,2508868.0,,0.15,0.12
2011-02-17,,,0.15,0.09
2011-02-18,,,0.15,0.1
2011-02-19,,,0.15,
2011-02-20,,,0.15,
2011-02-21,,,0.15,
2011-02-22,,,0.15,0.12
2011-02-23,2533221.0,,0.15,0.12
2011-02-24,,,0.15,0.13
2011-02-25,,,0.15,0.13
2011-02-26,,,0.15,
2011-02-27,,,0.15,
2011-02-28,,,0.16,0.15
2011-03-01,,0.14,0.15,0.14
2011-03-02,2545119.0,,0.16,0.13
2011-03-03,,,0.15,0.13
2011-03-04,,,0.15,0.12
2011-03-05,,,0.15,
2011-03-06,,,0.15,
2011-03-07,,,0.14,0.11
2011-03-08,,,0.14,0.11
2011-03-09,2577076.0,,0.14,0.1
2011-03-10,,,0.14,0.08
2011-03-11,,,0.13,0.08
2011-03-12,,,0.13,
2011-03-13,,,0.13,
2011-03-14,,,0.14,0.09
2011-03-15,,,0.14,0.1
2011-03-16,2583046.0,,0.14,0.1
2011-03-17,,,0.14,0.08
2011-03-18,,,0.15,0.07
2011-03-19,,,0.15,
2011-03-20,,,0.15,
2011-03-21,,,0.14,0.1
2011-03-22,,,0.14,0.1
2011-03-23,2601341.0,,0.14,0.09
2011-03-24,,,0.13,0.09
2011-03-25,,,0.13,0.09
2011-03-26,,,0.13,
2011-03-27,,,0.13,
2011-03-28,,,0.13,0.11
2011-03-29,,,0.13,0.1
2011-03-30,2622523.0,,0.13,0.1
2011-03-31,,,0.1,0.09
2011-04-01,,0.1,0.11,0.07
2011-04-02,,,0.11,
2011-04-03,,,0.11,
2011-04-04,,,0.09,0.06
2011-04-05,,,0.09,0.07
2011-04-06,2648676.0,,0.1,0.06
2011-04-07,,,0.1,0.04
2011-04-08,,,0.09,0.04
2011-04-09,,,0.09,
2011-04-10,,,0.09,
2011-04-11,,,0.09,0.05
2011-04-12,,,0.08,0.05
2011-04-13,2665408.0,,0.08,0.06
2011-04-14,,,0.09,0.07
2011-04-15,,,0.12,0.07
2011-04-16,,,0.12,
2011-04-17,,,0.12,
2011-04-18,,,0.1,0.07
2011-04-19,,,0.11,0.06
2011-04-20,2685782.0,,0.1,0.06
2011-04-21,,,0.1,0.06
2011-04-22,,,0.1,
2011-04-23,,,0.1,
2011-04-24,,,0.1,
2011-04-25,,,0.1,0.07
2011-04-26,,,0.09,0.07
2011-04-27,2690985.0,,0.09,0.06
2011-04-28,,,0.09,0.04
2011-04-29,,,0.09,0.04
2011-04-30,,,0.09,
2011-05-01,,0.09,0.09,
2011-05-02,,,0.09,0.05
2011-05-03,,,0.09,0.03
2011-05-04,2718757.0,,0.09,0.03
2011-05-05,,,0.09,0.02
2011-05-06,,,0.09,0.02
2011-05-07,,,0.09,
2011-05-08,,,0.09,
2011-05-09,,,0.09,0.03
2011-05-10,,,0.09,0.03
2011-05-11,2744498.0,,0.09,0.03
2011-05-12,,,0.09,0.02
2011-05-13,,,0.09,0.03
2011-05-14,,,0.09,
2011-05-15,,,0.09,
2011-05-16,,,0.1,0.04
2011-05-17,,,0.09,0.04
2011-05-18,2758009.0,,0.1,0.05
2011-05-19,,,0.09,0.05
2011-05-20,,,0.1,0.05
2011-05-21,,,0.1,
2011-05-22,,,0.1,
2011-05-23,,,0.1,0.06
2011-05-24,,,0.1,0.06
2011-05-25,2774996.0,,0.09,0.06
2011-05-26,,,0.09,0.05
2011-05-27,,,0.1,0.05
2011-05-28,,,0.1,
2011-05-29,,,0.1,
2011-05-30,,,0.1,
2011-05-31,,,0.1,0.06
2011-06-01,2788723.0,0.09,0.1,0.05
2011-06-02,,,0.1,0.04
2011-06-03,,,0.11,0.04
2011-06-04,,,0.11,
2011-06-05,,,0.11,
2011-06-06,,,0.1,0.05
2011-06-07,,,0.09,0.05
2011-06-08,2811206.0,,0.09,0.04
2011-06-09,,,0.09,0.05
2011-06-10,,,0.09,0.05
2011-06-11,,,0.09,
2011-06-12,,,0.09,
2011-06-13,,,0.1,0.05
2011-06-14,,,0.1,0.05
2011-06-15,2827549.0,,0.1,0.05
2011-06-16,,,0.1,0.05
2011-06-17,,,0.1,0.04
2011-06-18,,,0.1,
2011-06-19,,,0.1,
2011-06-20,,,0.09,0.03
2011-06-21,,,0.09,0.03
2011-06-22,2856403.0,,0.09,0.02
2011-06-23,,,0.08,0.01
2011-06-24,,,0.08,0.02
2011-06-25,,,0.08,
2011-06-26,,,0.08,
2011-06-27,,,0.08,0.02
2011-06-28,,,0.08,0.03
2011-06-29,2865251.0,,0.07,0.02
2011-06-30,,,0.07,0.03
2011-07-01,,0.07,0.08,0.02
2011-07-02,,,0.08,
2011-07-03,,,0.08,
2011-07-04,,,0.08,
2011-07-05,,,0.08,0.02
2011-07-06,2870103.0,,0.07,0.01
2011-07-07,,,0.07,0.03
2011-07-08,,,0.07,0.03
2011-07-09,,,0.07,
2011-07-10,,,0.07,
2011-07-11,,,0.07,0.03
2011-07-12,,,0.06,0.03
2011-07-13,2878074.0,,0.06,0.01
2011-07-14,,,0.06,0.01
2011-07-15,,,0.06,0.02
2011-07-16,,,0.06,
2011-07-17,,,0.06,
2011-07-18,,,0.06,0.02
2011-07-19,,,0.06,0.03
2011-07-20,2871301.0,,0.06,0.02
2011-07-21,,,0.06,0.05
2011-07-22,,,0.06,0.05
2011-07-23,,,0.06,
2011-07-24,,,0.06,
2011-07-25,,,0.06,0.05
2011-07-26,,,0.06,0.07
2011-07-27,2863576.0,,0.07,0.08
2011-07-28,,,0.08,0.07
2011-07-29,,,0.11,0.1
2011-07-30,,,0.11,
2011-07-31,,,0.11,
2011-08-01,,0.1,0.17,0.1
2011-08-02,,,0.16,0.06
2011-08-03,2867215.0,,0.12,0.02
2011-08-04,,,0.09,0.02
2011-08-05,,,0.08,0.01
2011-08-06,,,0.08,
2011-08-07,,,0.08,
2011-08-08,,,0.11,0.05
2011-08-09,,,0.1,0.03
2011-08-10,2872423.0,,0.1,0.02
2011-08-11,,,0.09,0.03
2011-08-12,,,0.1,0.02
2011-08-13,,,0.1,
2011-08-14,,,0.1,
2011-08-15,,,0.1,0.02
2011-08-16,,,0.09,0.03
2011-08-17,2857906.0,,0.09,0.01
2011-08-18,,,0.09,0.01
2011-08-19,,,0.09,0.02
2011-08-20,,,0.09,
2011-08-21,,,0.09,
2011-08-22,,,0.09,0.01
2011-08-23,,,0.08,0.01
2011-08-24,2859433.0,,0.08,0.02
2011-08-25,,,0.08,0.01
2011-08-26,,,0.09,0.01
2011-08-27,,,0.09,
2011-08-28,,,0.09,
2011-08-29,,,0.09,0.02
2011-08-30,,,0.08,0.01
2011-08-31,2853888.0,,0.08,0.02
2011-09-01,,0.08,0.08,0.02
2011-09-02,,,0.08,0.02
2011-09-03,,,0.08,
2011-09-04,,,0.08,
2011-09-05,,,0.08,
2011-09-06,,,0.09,0.02
2011-09-07,2858660.0,,0.09,0.02
2011-09-08,,,0.09,0.02
2011-09-09,,,0.09,0.01
2011-09-10,,,0.09,
2011-09-11,,,0.09,
2011-09-12,,,0.09,0.01
2011-09-13,,,0.09,0.01
2011-09-14,2863540.0,,0.08,0.01
2011-09-15,,,0.09,0.01
2011-09-16,,,0.09,0.01
2011-09-17,,,0.09,
2011-09-18,,,0.09,
2011-09-19,,,0.09,0.01
2011-09-20,,,0.09,0.01
2011-09-21,2857747.0,,0.08,0.01
2011-09-22,,,0.08,0.0
2011-09-23,,,0.08,0.01
2011-09-24,,,0.08,
2011-09-25,,,0.08,
2011-09-26,,,0.08,0.02
2011-09-27,,,0.08,0.01
2011-09-28,2850921.0,,0.08,0.02
2011-09-29,,,0.08,0.02
2011-09-30,,,0.06,0.02
2011-10-01,,0.07,0.06,
2011-10-02,,,0.06,
2011-10-03,,,0.08,0.02
2011-10-04,,,0.07,0.01
2011-10-05,2859701.0,,0.07,0.0
2011-10-06,,,0.07,0.01
2011-10-07,,,0.07,0.01
2011-10-08,,,0.07,
2011-10-09,,,0.07,
2011-10-10,,,0.07,
2011-10-11,,,0.07,0.02
2011-10-12,2860822.0,,0.07,0.02
2011-10-13,,,0.07,0.02
2011-10-14,,,0.07,0.02
2011-10-15,,,0.07,
2011-10-16,,,0.07,
2011-10-17,,,0.07,0.04
2011-10-18,,,0.07,0.04
2011-10-19,2852390.0,,0.07,0.03
2011-10-20,,,0.07,0.03
2011-10-21,,,0.07,0.02
2011-10-22,,,0.07,
2011-10-23,,,0.07,
2011-10-24,,,0.07,0.02
2011-10-25,,,0.07,0.01
2011-10-26,2845685.0,,0.08,0.02
2011-10-27,,,0.07,0.02
2011-10-28,,,0.07,0.01
2011-10-29,,,0.07,
2011-10-30,,,0.07,
2011-10-31,,,0.09,0.01
2011-11-01,,0.08,0.08,0.01
2011-11-02,2822034.0,,0.08,0.01
2011-11-03,,,0.09,0.01
2011-11-04,,,0.08,0.01
2011-11-05,,,0.08,
2011-11-06,,,0.08,
2011-11-07,,,0.08,0.01
2011-11-08,,,0.08,0.01
2011-11-09,2839786.0,,0.08,0.01
2011-11-10,,,0.08,0.01
2011-11-11,,,0.08,
2011-11-12,,,0.08,
2011-11-13,,,0.08,
2011-11-14,,,0.08,0.01
2011-11-15,,,0.09,0.01
2011-11-16,2831576.0,,0.08,0.01
2011-11-17,,,0.08,0.02
2011-11-18,,,0.08,0.01
2011-11-19,,,0.08,
2011-11-20,,,0.08,
2011-11-21,,,0.08,0.02
2011-11-22,,,0.08,0.02
2011-11-23,2821980.0,,0.09,0.02
2011-11-24,,,0.09,
2011-11-25,,,0.07,0.02
2011-11-26,,,0.07,
2011-11-27,,,0.07,
2011-11-28,,,0.08,0.03
2011-11-29,,,0.08,0.02
2011-11-30,2814235.0,,0.1,0.01
2011-12-01,,0.07,0.08,0.01
2011-12-02,,,0.08,0.02
2011-12-03,,,0.08,
2011-12-04,,,0.08,
2011-12-05,,,0.08,0.01
2011-12-06,,,0.08,0.01
2011-12-07,2820691.0,,0.08,0.02
2011-12-08,,,0.07,0.01
2011-12-09,,,0.07,0.01
2011-12-10,,,0.07,
2011-12-11,,,0.07,
2011-12-12,,,0.07,0.01
2011-12-13,,,0.07,0.01
2011-12-14,2902488.0,,0.07,0.01
2011-12-15,,,0.07,0.0
2011-12-16,,,0.07,0.0
2011-12-17,,,0.07,
2011-12-18,,,0.07,
2011-12-19,,,0.07,0.01
2011-12-20,,,0.07,0.01
2011-12-21,2916085.0,,0.07,0.01
2011-12-22,,,0.07,0.01
2011-12-23,,,0.08,0.01
2011-12-24,,,0.08,
2011-12-25,,,0.08,
2011-12-26,,,0.08,
2011-12-27,,,0.07,0.02
2011-12-28,2926095.0,,0.07,0.01
2011-12-29,,,0.07,0.02
2011-12-30,,,0.04,0.02
2011-12-31,,,0.04,
2012-01-01,,0.08,0.04,
2012-01-02,,,0.04,
2012-01-03,,,0.07,0.02
2012-01-04,2917689.0,,0.07,0.02
2012-01-05,,,0.07,0.02
2012-01-06,,,0.07,0.02
2012-01-07,,,0.07,
2012-01-08,,,0.07,
2012-01-09,,,0.08,0.01
2012-01-10,,,0.08,0.02
2012-01-11,2899149.0,,0.08,0.02
2012-01-12,,,0.08,0.03
2012-01-13,,,0.09,0.03
2012-01-14,,,0.09,
2012-01-15,,,0.09,
2012-01-16,,,0.09,
2012-01-17,,,0.09,0.03
2012-01-18,2919423.0,,0.09,0.03
2012-01-19,,,0.1,0.05
2012-01-20,,,0.09,0.05
2012-01-21,,,0.09,
2012-01-22,,,0.09,
2012-01-23,,,0.09,0.04
2012-01-24,,,0.09,0.04
2012-01-25,2919545.0,,0.08,0.04
2012-01-26,,,0.08,0.05
2012-01-27,,,0.09,0.06
2012-01-28,,,0.09,
2012-01-29,,,0.09,
2012-01-30,,,0.09,0.05
2012-01-31,,,0.11,0.06
2012-02-01,2924947.0,0.1,0.11,0.06
2012-02-02,,,0.11,0.08
2012-02-03,,,0.11,0.08
2012-02-04,,,0.11,
2012-02-05,,,0.11,
2012-02-06,,,0.11,0.08
2012-02-07,,,0.11,0.08
2012-02-08,2928275.0,,0.11,0.09
2012-02-09,,,0.11,0.09
2012-02-10,,,0.12,0.09
2012-02-11,,,0.12,
2012-02-12,,,0.12,
2012-02-13,,,0.12,0.11
2012-02-14,,,0.12,0.12
2012-02-15,2937893.0,,0.12,0.11
2012-02-16,,,0.11,0.1
2012-02-17,,,0.09,0.09
2012-02-18,,,0.09,
2012-02-19,,,0.09,
2012-02-20,,,0.09,
2012-02-21,,,0.1,0.08
2012-02-22,2932813.0,,0.08,0.09
2012-02-23,,,0.08,0.09
2012-02-24,,,0.09,0.1
2012-02-25,,,0.09,
2012-02-26,,,0.09,
2012-02-27,,,0.1,0.12
2012-02-28,,,0.1,0.1
2012-02-29,2925722.0,,0.1,0.08
2012-03-01,,0.13,0.11,0.08
2012-03-02,,,0.11,0.07
2012-03-03,,,0.11,
2012-03-04,,,0.11,
2012-03-05,,,0.11,0.08
2012-03-06,,,0.11,0.08
2012-03-07,2884747.0,,0.11,0.08
2012-03-08,,,0.11,0.08
2012-03-09,,,0.12,0.09
2012-03-10,,,0.12,
2012-03-11,,,0.12,
2012-03-12,,,0.12,0.09
2012-03-13,,,0.12,0.08
2012-03-14,2893560.0,,0.13,0.09
2012-03-15,,,0.14,0.08
2012-03-16,,,0.15,0.09
2012-03-17,,,0.15,
2012-03-18,,,0.15,
2012-03-19,,,0.15,0.1
2012-03-20,,,0.15,0.1
2012-03-21,2892646.0,,0.15,0.09
2012-03-22,,,0.14,0.08
2012-03-23,,,0.14,0.08
2012-03-24,,,0.14,
2012-03-25,,,0.14,
2012-03-26,,,0.14,0.09
2012-03-27,,,0.14,0.09
2012-03-28,2878137.0,,0.13,0.09
2012-03-29,,,0.13,0.07
2012-03-30,,,0.09,0.07
2012-03-31,,,0.09,
2012-04-01,,0.14,0.09,
2012-04-02,,,0.15,0.08
2012-04-03,,,0.15,0.08
2012-04-04,2865478.0,,0.15,0.08
2012-04-05,,,0.15,0.08
2012-04-06,,,0.12,0.07
2012-04-07,,,0.12,
2012-04-08,,,0.12,
2012-04-09,,,0.16,0.09
2012-04-10,,,0.15,0.09
2012-04-11,2867200.0,,0.16,0.09
2012-04-12,,,0.15,0.09
2012-04-13,,,0.15,0.09
2012-04-14,,,0.15,
2012-04-15,,,0.15,
2012-04-16,,,0.15,0.08
2012-04-17,,,0.16,0.08
2012-04-18,2875470.0,,0.15,0.07
2012-04-19,,,0.13,0.07
2012-04-20,,,0.12,0.08
2012-04-21,,,0.12,
2012-04-22,,,0.12,
2012-04-23,,,0.13,0.08
2012-04-24,,,0.14,0.09
2012-04-25,2866561.0,,0.15,0.09
2012-04-26,,,0.14,0.09
2012-04-27,,,0.13,0.09
2012-04-28,,,0.13,
2012-04-29,,,0.13,
2012-04-30,,,0.16,0.1
2012-05-01,,0.16,0.16,0.09
2012-05-02,2864280.0,,0.15,0.08
2012-05-03,,,0.15,0.09
2012-05-04,,,0.16,0.07
2012-05-05,,,0.16,
2012-05-06,,,0.16,
2012-05-07,,,0.16,0.1
2012-05-08,,,0.16,0.09
2012-05-09,2864150.0,,0.15,0.09
2012-05-10,,,0.15,0.1
2012-05-11,,,0.15,0.1
2012-05-12,,,0.15,
2012-05-13,,,0.15,
2012-05-14,,,0.16,0.1
2012-05-15,,,0.16,0.09
2012-05-16,2850984.0,,0.16,0.1
2012-05-17,,,0.16,0.1
2012-05-18,,,0.16,0.08
2012-05-19,,,0.16,
2012-05-20,,,0.16,
2012-05-21,,,0.16,0.09
2012-05-22,,,0.16,0.09
2012-05-23,2859495.0,,0.15,0.09
2012-05-24,,,0.15,0.1
2012-05-25,,,0.15,0.09
2012-05-26,,,0.15,
2012-05-27,,,0.15,
2012-05-28,,,0.15,
2012-05-29,,,0.16,0.09
2012-05-30,2842654.0,,0.16,0.07
2012-05-31,,,0.16,0.07
2012-06-01,,0.16,0.16,0.07
2012-06-02,,,0.16,
2012-06-03,,,0.16,
2012-06-04,,,0.17,0.08
2012-06-05,,,0.17,0.08
2012-06-06,2852018.0,,0.16,0.09
2012-06-07,,,0.16,0.09
2012-06-08,,,0.17,0.09
2012-06-09,,,0.17,
2012-06-10,,,0.17,
2012-06-11,,,0.17,0.09
2012-06-12,,,0.16,0.1
2012-06-13,2869071.0,,0.17,0.1
2012-06-14,,,0.17,0.11
2012-06-15,,,0.18,0.09
2012-06-16,,,0.18,
2012-06-17,,,0.18,
2012-06-18,,,0.17,0.1
2012-06-19,,,0.17,0.09
2012-06-20,2870846.0,,0.16,0.09
2012-06-21,,,0.17,0.09
2012-06-22,,,0.17,0.09
2012-06-23,,,0.17,
2012-06-24,,,0.17,
2012-06-25,,,0.17,0.1
2012-06-26,,,0.16,0.1
2012-06-27,2863547.0,,0.15,0.09
2012-06-28,,,0.15,0.09
2012-06-29,,,0.09,0.09
2012-06-30,,,0.09,
2012-07-01,,0.16,0.09,
2012-07-02,,,0.18,0.1
2012-07-03,,,0.17,0.09
2012-07-04,2865858.0,,0.17,
2012-07-05,,,0.17,0.08
2012-07-06,,,0.17,0.08
2012-07-07,,,0.17,
2012-07-08,,,0.17,
2012-07-09,,,0.17,0.09
2012-07-10,,,0.17,0.09
2012-07-11,2866279.0,,0.17,0.1
2012-07-12,,,0.18,0.1
2012-07-13,,,0.19,0.1
2012-07-14,,,0.19,
2012-07-15,,,0.19,
2012-07-16,,,0.18,0.1
2012-07-17,,,0.17,0.1
2012-07-18,2855807.0,,0.16,0.09
2012-07-19,,,0.13,0.09
2012-07-20,,,0.13,0.09
2012-07-21,,,0.13,
2012-07-22,,,0.13,
2012-07-23,,,0.14,0.1
2012-07-24,,,0.15,0.1
2012-07-25,2846757.0,,0.15,0.1
2012-07-26,,,0.14,0.11
2012-07-27,,,0.14,0.11
2012-07-28,,,0.14,
2012-07-29,,,0.14,
2012-07-30,,,0.14,0.11
2012-07-31,,,0.13,0.11
2012-08-01,2851118.0,0.13,0.14,0.1
2012-08-02,,,0.14,0.09
2012-08-03,,,0.14,0.09
2012-08-04,,,0.14,
2012-08-05,,,0.14,
2012-08-06,,,0.14,0.1
2012-08-07,,,0.13,0.11
2012-08-08,2856181.0,,0.13,0.11
2012-08-09,,,0.13,0.11
2012-08-10,,,0.13,0.1
2012-08-11,,,0.13,
2012-08-12,,,0.13,
2012-08-13,,,0.13,0.11
2012-08-14,,,0.13,0.11
2012-08-15,2833317.0,,0.13,0.09
2012-08-16,,,0.13,0.09
2012-08-17,,,0.13,0.09
2012-08-18,,,0.13,
2012-08-19,,,0.13,
2012-08-20,,,0.13,0.11
2012-08-21,,,0.13,0.11
2012-08-22,2825661.0,,0.13,0.11
2012-08-23,,,0.13,0.11
2012-08-24,,,0.13,0.1
2012-08-25,,,0.13,
2012-08-26,,,0.13,
2012-08-27,,,0.13,0.11
2012-08-28,,,0.13,0.1
2012-08-29,2812806.0,,0.13,0.12
2012-08-30,,,0.14,0.1
2012-08-31,,,0.13,0.09
2012-09-01,,0.14,0.13,
2012-09-02,,,0.13,
2012-09-03,,,0.13,
2012-09-04,,,0.14,0.1
2012-09-05,2822169.0,,0.16,0.11
2012-09-06,,,0.16,0.11
2012-09-07,,,0.15,0.11
2012-09-08,,,0.15,
2012-09-09,,,0.15,
2012-09-10,,,0.15,0.1
2012-09-11,,,0.15,0.1
2012-09-12,2823448.0,,0.15,0.1
2012-09-13,,,0.15,0.1
2012-09-14,,,0.16,0.11
2012-09-15,,,0.16,
2012-09-16,,,0.16,
2012-09-17,,,0.16,0.11
2012-09-18,,,0.16,0.1
2012-09-19,2821574.0,,0.15,0.11
2012-09-20,,,0.16,0.11
2012-09-21,,,0.15,0.11
2012-09-22,,,0.15,
2012-09-23,,,0.15,
2012-09-24,,,0.16,0.11
2012-09-25,,,0.15,0.11
2012-09-26,2804457.0,,0.15,0.11
2012-09-27,,,0.14,0.09
2012-09-28,,,0.09,0.1
2012-09-29,,,0.09,
2012-09-30,,,0.09,
2012-10-01,,0.16,0.15,0.09
2012-10-02,,,0.16,0.09
2012-10-03,2808512.0,,0.16,0.09
2012-10-04,,,0.15,0.1
2012-10-05,,,0.15,0.11
2012-10-06,,,0.15,
2012-10-07,,,0.15,
2012-10-08,,,0.15,
2012-10-09,,,0.16,0.1
2012-10-10,2811623.0,,0.16,0.1
2012-10-11,,,0.16,0.1
2012-10-12,,,0.16,0.11
2012-10-13,,,0.16,
2012-10-14,,,0.16,
2012-10-15,,,0.16,0.11
2012-10-16,,,0.16,0.09
2012-10-17,2846920.0,,0.15,0.11
2012-10-18,,,0.15,0.1
2012-10-19,,,0.16,0.1
2012-10-20,,,0.16,
2012-10-21,,,0.16,
2012-10-22,,,0.15,0.1
2012-10-23,,,0.15,0.11
2012-10-24,2840964.0,,0.17,0.11
2012-10-25,,,0.16,0.11
2012-10-26,,,0.16,0.12
2012-10-27,,,0.16,
2012-10-28,,,0.16,
2012-10-29,,,0.17,0.14
2012-10-30,,,0.17,
2012-10-31,2823137.0,,0.18,0.11
2012-11-01,,0.16,0.17,0.09
2012-11-02,,,0.16,0.09
2012-11-03,,,0.16,
2012-11-04,,,0.16,
2012-11-05,,,0.17,0.11
2012-11-06,,,0.16,0.1
2012-11-07,2830791.0,,0.16,0.1
2012-11-08,,,0.16,0.1
2012-11-09,,,0.16,0.09
2012-11-10,,,0.16,
2012-11-11,,,0.16,
2012-11-12,,,0.16,
2012-11-13,,,0.16,0.11
2012-11-14,2877244.0,,0.16,0.1
2012-11-15,,,0.16,0.08
2012-11-16,,,0.16,0.06
2012-11-17,,,0.16,
2012-11-18,,,0.16,
2012-11-19,,,0.16,0.09
2012-11-20,,,0.16,0.08
2012-11-21,2871161.0,,0.16,0.1
2012-11-22,,,0.16,
2012-11-23,,,0.16,0.1
2012-11-24,,,0.16,
2012-11-25,,,0.16,
2012-11-26,,,0.16,0.1
2012-11-27,,,0.16,0.1
2012-11-28,2851362.0,,0.16,0.1
2012-11-29,,,0.16,0.09
2012-11-30,,,0.16,0.08
2012-12-01,,0.16,0.16,
2012-12-02,,,0.16,
2012-12-03,,,0.16,0.1
2012-12-04,,,0.17,0.1
2012-12-05,2859807.0,,0.16,0.1
2012-12-06,,,0.16,0.1
2012-12-07,,,0.16,0.09
2012-12-08,,,0.16,
2012-12-09,,,0.16,
2012-12-10,,,0.16,0.09
2012-12-11,,,0.17,0.08
2012-12-12,2917260.0,,0.17,0.07
2012-12-13,,,0.16,0.06
2012-12-14,,,0.17,0.04
2012-12-15,,,0.17,
2012-12-16,,,0.17,
2012-12-17,,,0.16,0.05
2012-12-18,,,0.17,0.06
2012-12-19,2920231.0,,0.17,0.05
2012-12-20,,,0.17,0.06
2012-12-21,,,0.17,0.06
2012-12-22,,,0.17,
2012-12-23,,,0.17,
2012-12-24,,,0.18,0.06
2012-12-25,,,0.18,
2012-12-26,2907300.0,,0.17,0.09
2012-12-27,,,0.17,0.08
2012-12-28,,,0.17,0.01
2012-12-29,,,0.17,
2012-12-30,,,0.17,
2012-12-31,,,0.09,0.05
2013-01-01,,0.14,0.09,
2013-01-02,2917189.0,,0.17,0.08
2013-01-03,,,0.17,0.08
2013-01-04,,,0.16,0.07
2013-01-05,,,0.16,
2013-01-06,,,0.16,
2013-01-07,,,0.16,0.07
2013-01-08,,,0.15,0.07
2013-01-09,2928728.0,,0.14,0.06
2013-01-10,,,0.14,0.06
2013-01-11,,,0.14,0.07
2013-01-12,,,0.14,
2013-01-13,,,0.14,
2013-01-14,,,0.14,0.08
2013-01-15,,,0.15,0.09
2013-01-16,2963812.0,,0.14,0.08
2013-01-17,,,0.14,0.07
2013-01-18,,,0.14,0.08
2013-01-19,,,0.14,
2013-01-20,,,0.14,
2013-01-21,,,0.14,
2013-01-22,,,0.14,0.08
2013-01-23,3011697.0,,0.13,0.08
2013-01-24,,,0.15,0.08
2013-01-25,,,0.14,0.08
2013-01-26,,,0.14,
2013-01-27,,,0.14,
2013-01-28,,,0.14,0.07
2013-01-29,,,0.12,0.07
2013-01-30,3008704.0,,0.12,0.07
2013-01-31,,,0.15,0.07
2013-02-01,,0.15,0.14,0.06
2013-02-02,,,0.14,
2013-02-03,,,0.14,
2013-02-04,,,0.13,0.07
2013-02-05,,,0.13,0.07
2013-02-06,3014975.0,,0.13,0.07
2013-02-07,,,0.13,0.07
2013-02-08,,,0.14,0.07
2013-02-09,,,0.14,
2013-02-10,,,0.14,
2013-02-11,,,0.14,0.09
2013-02-12,,,0.13,0.09
2013-02-13,3074225.0,,0.14,0.1
2013-02-14,,,0.14,0.11
2013-02-15,,,0.16,0.1
2013-02-16,,,0.16,
2013-02-17,,,0.16,
2013-02-18,,,0.16,
2013-02-19,,,0.15,0.12
2013-02-20,3095150.0,,0.15,0.12
2013-02-21,,,0.16,0.13
2013-02-22,,,0.16,0.13
2013-02-23,,,0.16,
2013-02-24,,,0.16,
2013-02-25,,,0.15,0.12
2013-02-26,,,0.14,0.14
2013-02-27,3090600.0,,0.14,0.11
2013-02-28,,,0.14,0.11
2013-03-01,,0.14,0.14,0.11
2013-03-02,,,0.14,
2013-03-03,,,0.14,
2013-03-04,,,0.16,0.11
2013-03-05,,,0.15,0.08
2013-03-06,3108805.0,,0.15,0.1
2013-03-07,,,0.16,0.1
2013-03-08,,,0.15,0.1
2013-03-09,,,0.15,
2013-03-10,,,0.15,
2013-03-11,,,0.16,0.1
2013-03-12,,,0.15,0.1
2013-03-13,3165396.0,,0.14,0.09
2013-03-14,,,0.15,0.1
2013-03-15,,,0.16,0.09
2013-03-16,,,0.16,
2013-03-17,,,0.16,
2013-03-18,,,0.16,0.07
2013-03-19,,,0.15,0.07
2013-03-20,3206888.0,,0.15,0.07
2013-03-21,,,0.16,0.07
2013-03-22,,,0.15,0.07
2013-03-23,,,0.15,
2013-03-24,,,0.15,
2013-03-25,,,0.15,0.08
2013-03-26,,,0.14,0.07
2013-03-27,3202256.0,,0.12,0.09
2013-03-28,,,0.13,0.07
2013-03-29,,,0.09,
2013-03-30,,,0.09,
2013-03-31,,,0.09,
2013-04-01,,0.15,0.16,0.08
2013-04-02,,,0.15,0.07
2013-04-03,3215432.0,,0.14,0.06
2013-04-04,,,0.14,0.07
2013-04-05,,,0.15,0.07
2013-04-06,,,0.15,
2013-04-07,,,0.15,
2013-04-08,,,0.15,0.07
2013-04-09,,,0.15,0.06
2013-04-10,3227762.0,,0.15,0.07
2013-04-11,,,0.15,0.07
2013-04-12,,,0.15,0.06
2013-04-13,,,0.15,
2013-04-14,,,0.15,
2013-04-15,,,0.15,0.06
2013-04-16,,,0.15,0.06
2013-04-17,3295109.0,,0.15,0.06
2013-04-18,,,0.15,0.05
2013-04-19,,,0.15,0.05
2013-04-20,,,0.15,
2013-04-21,,,0.15,
2013-04-22,,,0.15,0.05
2013-04-23,,,0.14,0.05
2013-04-24,3318649.0,,0.13,0.06
2013-04-25,,,0.13,0.05
2013-04-26,,,0.13,0.05
2013-04-27,,,0.13,
2013-04-28,,,0.13,
2013-04-29,,,0.13,0.05
2013-04-30,,,0.14,0.05
2013-05-01,3317194.0,0.11,0.14,0.06
2013-05-02,,,0.15,0.05
2013-05-03,,,0.14,0.05
2013-05-04,,,0.14,
2013-05-05,,,0.14,
2013-05-06,,,0.14,0.04
2013-05-07,,,0.12,0.04
2013-05-08,3324615.0,,0.12,0.04
2013-05-09,,,0.12,0.04
2013-05-10,,,0.12,0.04
2013-05-11,,,0.12,
2013-05-12,,,0.12,
2013-05-13,,,0.12,0.05
2013-05-14,,,0.11,0.05
2013-05-15,3354269.0,,0.12,0.04
2013-05-16,,,0.11,0.03
2013-05-17,,,0.1,0.04
2013-05-18,,,0.1,
2013-05-19,,,0.1,
2013-05-20,,,0.1,0.05
2013-05-21,,,0.09,0.04
2013-05-22,3398713.0,,0.08,0.04
2013-05-23,,,0.08,0.05
2013-05-24,,,0.09,0.04
2013-05-25,,,0.09,
2013-05-26,,,0.09,
2013-05-27,,,0.09,
2013-05-28,,,0.09,0.05
2013-05-29,3385128.0,,0.08,0.05
2013-05-30,,,0.08,0.04
2013-05-31,,,0.09,0.04
2013-06-01,,0.09,0.09,
2013-06-02,,,0.09,
2013-06-03,,,0.1,0.05
2013-06-04,,,0.11,0.04
2013-06-05,3400183.0,,0.09,0.05
2013-06-06,,,0.1,0.05
2013-06-07,,,0.09,0.04
2013-06-08,,,0.09,
2013-06-09,,,0.09,
2013-06-10,,,0.09,0.05
2013-06-11,,,0.09,0.05
2013-06-12,3410842.0,,0.08,0.05
2013-06-13,,,0.09,0.05
2013-06-14,,,0.1,0.05
2013-06-15,,,0.1,
2013-06-16,,,0.1,
2013-06-17,,,0.11,0.05
2013-06-18,,,0.12,0.05
2013-06-19,3470530.0,,0.1,0.05
2013-06-20,,,0.1,0.05
2013-06-21,,,0.1,0.05
2013-06-22,,,0.1,
2013-06-23,,,0.1,
2013-06-24,,,0.1,0.06
2013-06-25,,,0.09,0.06
2013-06-26,3478672.0,,0.09,0.06
2013-06-27,,,0.09,0.06
2013-06-28,,,0.07,0.04
2013-06-29,,,0.07,
2013-06-30,,,0.07,
2013-07-01,,0.09,0.1,0.04
2013-07-02,,,0.1,0.03
2013-07-03,3492742.0,,0.1,0.05
2013-07-04,,,0.1,
2013-07-05,,,0.1,0.04
2013-07-06,,,0.1,
2013-07-07,,,0.1,
2013-07-08,,,0.1,0.05
2013-07-09,,,0.1,0.04
2013-07-10,3504095.0,,0.09,0.04
2013-07-11,,,0.09,0.04
2013-07-12,,,0.09,0.04
2013-07-13,,,0.09,
2013-07-14,,,0.09,
2013-07-15,,,0.09,0.04
2013-07-16,,,0.09,0.03
2013-07-17,3537861.0,,0.09,0.03
2013-07-18,,,0.09,0.03
2013-07-19,,,0.09,0.03
2013-07-20,,,0.09,
2013-07-21,,,0.09,
2013-07-22,,,0.09,0.04
2013-07-23,,,0.09,0.02
2013-07-24,3574574.0,,0.09,0.03
2013-07-25,,,0.09,0.02
2013-07-26,,,0.09,0.03
2013-07-27,,,0.09,
2013-07-28,,,0.09,
2013-07-29,,,0.08,0.03
2013-07-30,,,0.09,0.04
2013-07-31,3571797.0,,0.09,0.04
2013-08-01,,0.08,0.08,0.04
2013-08-02,,,0.09,0.04
2013-08-03,,,0.09,
2013-08-04,,,0.09,
2013-08-05,,,0.08,0.05
2013-08-06,,,0.09,0.04
2013-08-07,3585359.0,,0.09,0.05
2013-08-08,,,0.09,0.05
2013-08-09,,,0.08,0.05
2013-08-10,,,0.08,
2013-08-11,,,0.08,
2013-08-12,,,0.08,0.06
2013-08-13,,,0.08,0.06
2013-08-14,3646323.0,,0.09,0.05
2013-08-15,,,0.08,0.05
2013-08-16,,,0.09,0.05
2013-08-17,,,0.09,
2013-08-18,,,0.09,
2013-08-19,,,0.09,0.06
2013-08-20,,,0.09,0.04
2013-08-21,3645668.0,,0.08,0.04
2013-08-22,,,0.09,0.03
2013-08-23,,,0.08,0.03
2013-08-24,,,0.08,
2013-08-25,,,0.08,
2013-08-26,,,0.08,0.04
2013-08-27,,,0.07,0.05
2013-08-28,3644456.0,,0.07,0.03
2013-08-29,,,0.08,0.02
2013-08-30,,,0.07,0.03
2013-08-31,,,0.07,
2013-09-01,,0.08,0.07,
2013-09-02,,,0.07,
2013-09-03,,,0.09,0.02
2013-09-04,3654182.0,,0.08,0.02
2013-09-05,,,0.08,0.02
2013-09-06,,,0.08,0.02
2013-09-07,,,0.08,
2013-09-08,,,0.08,
2013-09-09,,,0.08,0.02
2013-09-10,,,0.08,0.02
2013-09-11,3662035.0,,0.08,0.02
2013-09-12,,,0.08,0.01
2013-09-13,,,0.08,0.01
2013-09-14,,,0.08,
2013-09-15,,,0.08,
2013-09-16,,,0.08,0.02
2013-09-17,,,0.08,0.01
2013-09-18,3722192.0,,0.08,0.01
2013-09-19,,,0.09,0.01
2013-09-20,,,0.08,0.01
2013-09-21,,,0.08,
2013-09-22,,,0.08,
2013-09-23,,,0.09,0.02
2013-09-24,,,0.09,0.02
2013-09-25,3734018.0,,0.08,0.02
2013-09-26,,,0.08,0.0
2013-09-27,,,0.08,0.02
2013-09-28,,,0.08,
2013-09-29,,,0.08,
2013-09-30,,,0.06,0.02
2013-10-01,,0.09,0.08,0.02
2013-10-02,3747387.0,,0.07,0.02
2013-10-03,,,0.08,0.03
2013-10-04,,,0.08,0.03
2013-10-05,,,0.08,
2013-10-06,,,0.08,
2013-10-07,,,0.08,0.03
2013-10-08,,,0.08,0.05
2013-10-09,3758663.0,,0.09,0.05
2013-10-10,,,0.09,0.05
2013-10-11,,,0.1,0.08
2013-10-12,,,0.1,
2013-10-13,,,0.1,
2013-10-14,,,0.1,
2013-10-15,,,0.1,0.14
2013-10-16,3813599.0,,0.11,0.1
2013-10-17,,,0.1,0.05
2013-10-18,,,0.1,0.04
2013-10-19,,,0.1,
2013-10-20,,,0.1,
2013-10-21,,,0.09,0.04
2013-10-22,,,0.08,0.04
2013-10-23,3839033.0,,0.08,0.04
2013-10-24,,,0.08,0.03
2013-10-25,,,0.08,0.04
2013-10-26,,,0.08,
2013-10-27,,,0.08,
2013-10-28,,,0.08,0.04
2013-10-29,,,0.08,0.04
2013-10-30,3843396.0,,0.08,0.04
2013-10-31,,,0.07,0.04
2013-11-01,,0.08,0.08,0.04
2013-11-02,,,0.08,
2013-11-03,,,0.08,
2013-11-04,,,0.08,0.05
2013-11-05,,,0.08,0.05
2013-11-06,3851623.0,,0.08,0.05
2013-11-07,,,0.08,0.05
2013-11-08,,,0.08,0.06
2013-11-09,,,0.08,
2013-11-10,,,0.08,
2013-11-11,,,0.08,
2013-11-12,,,0.08,0.08
2013-11-13,3907424.0,,0.08,0.08
2013-11-14,,,0.09,0.08
2013-11-15,,,0.09,0.08
2013-11-16,,,0.09,
2013-11-17,,,0.09,
2013-11-18,,,0.09,0.09
2013-11-19,,,0.09,0.08
2013-11-20,3906620.0,,0.09,0.08
2013-11-21,,,0.09,0.07
2013-11-22,,,0.09,0.07
2013-11-23,,,0.09,
2013-11-24,,,0.09,
2013-11-25,,,0.09,0.08
2013-11-26,,,0.09,0.07
2013-11-27,3925876.0,,0.09,0.07
2013-11-28,,,0.09,
2013-11-29,,,0.07,0.06
2013-11-30,,,0.07,
2013-12-01,,0.09,0.07,
2013-12-02,,,0.09,0.05
2013-12-03,,,0.09,0.06
2013-12-04,3932626.0,,0.09,0.06
2013-12-05,,,0.09,0.06
2013-12-06,,,0.09,0.06
2013-12-07,,,0.09,
2013-12-08,,,0.09,
2013-12-09,,,0.09,0.07
2013-12-10,,,0.09,0.07
2013-12-11,3993955.0,,0.08,0.07
2013-12-12,,,0.09,0.07
2013-12-13,,,0.08,0.07
2013-12-14,,,0.08,
2013-12-15,,,0.08,
2013-12-16,,,0.09,0.07
2013-12-17,,,0.09,0.07
2013-12-18,4008062.0,,0.09,0.07
2013-12-19,,,0.09,0.06
2013-12-20,,,0.09,0.07
2013-12-21,,,0.09,
2013-12-22,,,0.09,
2013-12-23,,,0.09,0.07
2013-12-24,,,0.08,0.07
2013-12-25,4032575.0,,0.08,
2013-12-26,,,0.08,0.07
2013-12-27,,,0.08,0.07
2013-12-28,,,0.08,
2013-12-29,,,0.08,
2013-12-30,,,0.08,0.07
2013-12-31,,,0.07,0.07
2014-01-01,4023640.0,0.07,0.07,
2014-01-02,,,0.08,0.07
2014-01-03,,,0.08,0.07
2014-01-04,,,0.08,
2014-01-05,,,0.08,
2014-01-06,,,0.08,0.05
2014-01-07,,,0.07,0.04
2014-01-08,4028185.0,,0.07,0.05
2014-01-09,,,0.07,0.04
2014-01-10,,,0.07,0.05
2014-01-11,,,0.07,
2014-01-12,,,0.07,
2014-01-13,,,0.07,0.03
2014-01-14,,,0.07,0.04
2014-01-15,4071528.0,,0.07,0.04
2014-01-16,,,0.07,0.04
2014-01-17,,,0.07,0.05
2014-01-18,,,0.07,
2014-01-19,,,0.07,
2014-01-20,,,0.07,
2014-01-21,,,0.07,0.04
2014-01-22,4097914.0,,0.07,0.04
2014-01-23,,,0.07,0.04
2014-01-24,,,0.07,0.04
2014-01-25,,,0.07,
2014-01-26,,,0.07,
2014-01-27,,,0.07,0.05
2014-01-28,,,0.07,0.05
2014-01-29,4102138.0,,0.07,0.04
2014-01-30,,,0.07,0.02
2014-01-31,,,0.07,0.02
2014-02-01,,0.07,0.07,
2014-02-02,,,0.07,
2014-02-03,,,0.07,0.05
2014-02-04,,,0.07,0.06
2014-02-05,4109285.0,,0.07,0.07
2014-02-06,,,0.07,0.07
2014-02-07,,,0.06,0.08
2014-02-08,,,0.06,
2014-02-09,,,0.06,
2014-02-10,,,0.07,0.07
2014-02-11,,,0.06,0.05
2014-02-12,4119474.0,,0.07,0.05
2014-02-13,,,0.06,0.03
2014-02-14,,,0.06,0.02
2014-02-15,,,0.06,
2014-02-16,,,0.06,
2014-02-17,,,0.06,
2014-02-18,,,0.07,0.05
2014-02-19,4149224.0,,0.07,0.06
2014-02-20,,,0.07,0.05
2014-02-21,,,0.07,0.05
2014-02-22,,,0.07,
2014-02-23,,,0.07,
2014-02-24,,,0.07,0.05
2014-02-25,,,0.07,0.05
2014-02-26,4159972.0,,0.07,0.05
2014-02-27,,,0.07,0.04
2014-02-28,,,0.06,0.05
2014-03-01,,0.08,0.06,
2014-03-02,,,0.06,
2014-03-03,,,0.07,0.05
2014-03-04,,,0.07,0.05
2014-03-05,4171762.0,,0.08,0.06
2014-03-06,,,0.08,0.05
2014-03-07,,,0.08,0.06
2014-03-08,,,0.08,
2014-03-09,,,0.08,
2014-03-10,,,0.08,0.05
2014-03-11,,,0.08,0.05
2014-03-12,4181361.0,,0.08,0.05
2014-03-13,,,0.08,0.05
2014-03-14,,,0.08,0.05
2014-03-15,,,0.08,
2014-03-16,,,0.08,
2014-03-17,,,0.08,0.06
2014-03-18,,,0.08,0.05
2014-03-19,4222081.0,,0.08,0.06
2014-03-20,,,0.08,0.06
2014-03-21,,,0.08,0.06
2014-03-22,,,0.08,
2014-03-23,,,0.08,
2014-03-24,,,0.09,0.06
2014-03-25,,,0.09,0.05
2014-03-26,4226971.0,,0.08,0.05
2014-03-27,,,0.08,0.04
2014-03-28,,,0.08,0.04
2014-03-29,,,0.08,
2014-03-30,,,0.08,
2014-03-31,,,0.06,0.05
2014-04-01,,0.09,0.08,0.04
2014-04-02,4236441.0,,0.09,0.02
2014-04-03,,,0.08,0.02
2014-04-04,,,0.08,0.03
2014-04-05,,,0.08,
2014-04-06,,,0.08,
2014-04-07,,,0.09,0.03
2014-04-08,,,0.08,0.03
2014-04-09,4244188.0,,0.08,0.04
2014-04-10,,,0.08,0.04
2014-04-11,,,0.09,0.04
2014-04-12,,,0.09,
2014-04-13,,,0.09,
2014-04-14,,,0.09,0.04
2014-04-15,,,0.1,0.04
2014-04-16,4283967.0,,0.09,0.04
2014-04-17,,,0.09,0.03
2014-04-18,,,0.1,
2014-04-19,,,0.1,
2014-04-20,,,0.1,
2014-04-21,,,0.1,0.04
2014-04-22,,,0.1,0.03
2014-04-23,4296339.0,,0.1,0.02
2014-04-24,,,0.1,0.01
2014-04-25,,,0.09,0.03
2014-04-26,,,0.09,
2014-04-27,,,0.09,
2014-04-28,,,0.09,0.03
2014-04-29,,,0.1,0.02
2014-04-30,4296049.0,,0.09,0.03
2014-05-01,,0.09,0.09,0.03
2014-05-02,,,0.09,0.02
2014-05-03,,,0.09,
2014-05-04,,,0.09,
2014-05-05,,,0.09,0.03
2014-05-06,,,0.09,0.03
2014-05-07,4303143.0,,0.08,0.03
2014-05-08,,,0.08,0.03
2014-05-09,,,0.08,0.03
2014-05-10,,,0.08,
2014-05-11,,,0.08,
2014-05-12,,,0.08,0.03
2014-05-13,,,0.09,0.03
2014-05-14,4336649.0,,0.08,0.03
2014-05-15,,,0.09,0.03
2014-05-16,,,0.09,0.03
2014-05-17,,,0.09,
2014-05-18,,,0.09,
2014-05-19,,,0.09,0.03
2014-05-20,,,0.09,0.03
2014-05-21,4327560.0,,0.09,0.04
2014-05-22,,,0.09,0.03
2014-05-23,,,0.09,0.04
2014-05-24,,,0.09,
2014-05-25,,,0.09,
2014-05-26,,,0.09,
2014-05-27,,,0.09,0.04
2014-05-28,4322654.0,,0.09,0.04
2014-05-29,,,0.09,0.04
2014-05-30,,,0.08,0.04
2014-05-31,,,0.08,
2014-06-01,,0.1,0.08,
2014-06-02,,,0.09,0.04
2014-06-03,,,0.1,0.04
2014-06-04,4330917.0,,0.09,0.04
2014-06-05,,,0.09,0.04
2014-06-06,,,0.09,0.04
2014-06-07,,,0.09,
2014-06-08,,,0.09,
2014-06-09,,,0.09,0.04
2014-06-10,,,0.09,0.04
2014-06-11,4340904.0,,0.09,0.04
2014-06-12,,,0.09,0.04
2014-06-13,,,0.1,0.04
2014-06-14,,,0.1,
2014-06-15,,,0.1,
2014-06-16,,,0.1,0.04
2014-06-17,,,0.1,0.04
2014-06-18,4368168.0,,0.1,0.03
2014-06-19,,,0.1,0.02
2014-06-20,,,0.1,0.02
2014-06-21,,,0.1,
2014-06-22,,,0.1,
2014-06-23,,,0.1,0.03
2014-06-24,,,0.1,0.03
2014-06-25,4368348.0,,0.1,0.03
2014-06-26,,,0.1,0.04
2014-06-27,,,0.1,0.03
2014-06-28,,,0.1,
2014-06-29,,,0.1,
2014-06-30,,,0.09,0.04
2014-07-01,,0.09,0.1,0.02
2014-07-02,4377031.0,,0.1,0.02
2014-07-03,,,0.09,0.01
2014-07-04,,,0.09,
2014-07-05,,,0.09,
2014-07-06,,,0.09,
2014-07-07,,,0.1,0.04
2014-07-08,,,0.09,0.03
2014-07-09,4383401.0,,0.09,0.03
2014-07-10,,,0.09,0.02
2014-07-11,,,0.09,0.02
2014-07-12,,,0.09,
2014-07-13,,,0.09,
2014-07-14,,,0.09,0.03
2014-07-15,,,0.09,0.02
2014-07-16,4398201.0,,0.09,0.02
2014-07-17,,,0.09,0.02
2014-07-18,,,0.09,0.02
2014-07-19,,,0.09,
2014-07-20,,,0.09,
2014-07-21,,,0.1,0.03
2014-07-22,,,0.09,0.03
2014-07-23,4410746.0,,0.09,0.03
2014-07-24,,,0.09,0.03
2014-07-25,,,0.09,0.03
2014-07-26,,,0.09,
2014-07-27,,,0.09,
2014-07-28,,,0.09,0.04
2014-07-29,,,0.09,0.02
2014-07-30,4406637.0,,0.09,0.04
2014-07-31,,,0.08,0.03
2014-08-01,,0.09,0.09,0.03
2014-08-02,,,0.09,
2014-08-03,,,0.09,
2014-08-04,,,0.09,0.04
2014-08-05,,,0.09,0.03
2014-08-06,4410111.0,,0.09,0.03
2014-08-07,,,0.09,0.03
2014-08-08,,,0.09,0.03
2014-08-09,,,0.09,
2014-08-10,,,0.09,
2014-08-11,,,0.09,0.04
2014-08-12,,,0.09,0.03
2014-08-13,4431923.0,,0.09,0.04
2014-08-14,,,0.09,0.04
2014-08-15,,,0.09,0.03
2014-08-16,,,0.09,
2014-08-17,,,0.09,
2014-08-18,,,0.09,0.03
2014-08-19,,,0.09,0.03
2014-08-20,4412924.0,,0.09,0.04
2014-08-21,,,0.09,0.02
2014-08-22,,,0.09,0.03
2014-08-23,,,0.09,
2014-08-24,,,0.09,
2014-08-25,,,0.09,0.04
2014-08-26,,,0.09,0.03
2014-08-27,4413736.0,,0.09,0.04
2014-08-28,,,0.09,0.03
2014-08-29,,,0.07,0.03
2014-08-30,,,0.07,
2014-08-31,,,0.07,
2014-09-01,,0.09,0.07,
2014-09-02,,,0.09,0.03
2014-09-03,4415587.0,,0.09,0.03
2014-09-04,,,0.09,0.03
2014-09-05,,,0.09,0.03
2014-09-06,,,0.09,
2014-09-07,,,0.09,
2014-09-08,,,0.09,0.02
2014-09-09,,,0.09,0.02
2014-09-10,4421408.0,,0.09,0.02
2014-09-11,,,0.09,0.02
2014-09-12,,,0.09,0.02
2014-09-13,,,0.09,
2014-09-14,,,0.09,
2014-09-15,,,0.09,0.02
2014-09-16,,,0.09,0.02
2014-09-17,4449588.0,,0.09,0.02
2014-09-18,,,0.09,0.02
2014-09-19,,,0.09,0.02
2014-09-20,,,0.09,
2014-09-21,,,0.09,
2014-09-22,,,0.09,0.01
2014-09-23,,,0.09,0.01
2014-09-24,4459050.0,,0.09,0.02
2014-09-25,,,0.09,0.01
2014-09-26,,,0.09,0.01
2014-09-27,,,0.09,
2014-09-28,,,0.09,
2014-09-29,,,0.08,0.02
2014-09-30,,,0.07,0.02
2014-10-01,4450260.0,0.09,0.09,0.02
2014-10-02,,,0.09,0.01
2014-10-03,,,0.09,0.01
2014-10-04,,,0.09,
2014-10-05,,,0.09,
2014-10-06,,,0.09,0.02
2014-10-07,,,0.09,0.02
2014-10-08,4455403.0,,0.09,0.01
2014-10-09,,,0.08,0.01
2014-10-10,,,0.09,0.01
2014-10-11,,,0.09,
2014-10-12,,,0.09,
2014-10-13,,,0.09,
2014-10-14,,,0.09,0.02
2014-10-15,4474360.0,,0.09,0.02
2014-10-16,,,0.09,0.03
2014-10-17,,,0.09,0.02
2014-10-18,,,0.09,
2014-10-19,,,0.09,
2014-10-20,,,0.09,0.02
2014-10-21,,,0.09,0.02
2014-10-22,4481616.0,,0.09,0.02
2014-10-23,,,0.09,0.01
2014-10-24,,,0.09,0.01
2014-10-25,,,0.09,
2014-10-26,,,0.09,
2014-10-27,,,0.09,0.02
2014-10-28,,,0.09,0.02
2014-10-29,4486754.0,,0.09,0.03
2014-10-30,,,0.09,0.01
2014-10-31,,,0.07,0.01
2014-11-01,,0.09,0.07,
2014-11-02,,,0.07,
2014-11-03,,,0.09,0.02
2014-11-04,,,0.1,0.03
2014-11-05,4486585.0,,0.09,0.03
2014-11-06,,,0.09,0.03
2014-11-07,,,0.09,0.03
2014-11-08,,,0.09,
2014-11-09,,,0.09,
2014-11-10,,,0.09,0.02
2014-11-11,,,0.09,
2014-11-12,4488895.0,,0.09,0.02
2014-11-13,,,0.09,0.02
2014-11-14,,,0.09,0.02
2014-11-15,,,0.09,
2014-11-16,,,0.09,
2014-11-17,,,0.1,0.03
2014-11-18,,,0.11,0.02
2014-11-19,4492759.0,,0.1,0.01
2014-11-20,,,0.1,0.02
2014-11-21,,,0.1,0.01
2014-11-22,,,0.1,
2014-11-23,,,0.1,
2014-11-24,,,0.1,0.02
2014-11-25,,,0.1,0.02
2014-11-26,4485931.0,,0.1,0.02
2014-11-27,,,0.1,
2014-11-28,,,0.08,0.02
2014-11-29,,,0.08,
2014-11-30,,,0.08,
2014-12-01,,0.12,0.13,0.03
2014-12-02,,,0.12,0.03
2014-12-03,4486190.0,,0.12,0.01
2014-12-04,,,0.12,0.02
2014-12-05,,,0.12,0.02
2014-12-06,,,0.12,
2014-12-07,,,0.12,
2014-12-08,,,0.12,0.03
2014-12-09,,,0.12,0.04
2014-12-10,4488865.0,,0.12,0.03
2014-12-11,,,0.12,0.03
2014-12-12,,,0.12,0.02
2014-12-13,,,0.12,
2014-12-14,,,0.12,
2014-12-15,,,0.11,0.04
2014-12-16,,,0.12,0.03
2014-12-17,4502247.0,,0.13,0.03
2014-12-18,,,0.13,0.04
2014-12-19,,,0.13,0.04
2014-12-20,,,0.13,
2014-12-21,,,0.13,
2014-12-22,,,0.13,0.05
2014-12-23,,,0.13,0.03
2014-12-24,4509462.0,,0.13,0.01
2014-12-25,,,0.13,
2014-12-26,,,0.13,0.01
2014-12-27,,,0.13,
2014-12-28,,,0.13,
2014-12-29,,,0.13,0.03
2014-12-30,,,0.13,0.03
2014-12-31,4497660.0,,0.06,0.04
2015-01-01,,0.11,0.06,
2015-01-02,,,0.12,0.02
2015-01-03,,,0.12,
2015-01-04,,,0.12,
2015-01-05,,,0.12,0.03
2015-01-06,,,0.12,0.03
2015-01-07,4499524.0,,0.12,0.03
2015-01-08,,,0.12,0.03
2015-01-09,,,0.12,0.02
2015-01-10,,,0.12,
2015-01-11,,,0.12,
2015-01-12,,,0.12,0.03
2015-01-13,,,0.12,0.03
2015-01-14,4516077.0,,0.12,0.04
2015-01-15,,,0.12,0.03
2015-01-16,,,0.13,0.03
2015-01-17,,,0.13,
2015-01-18,,,0.13,
2015-01-19,,,0.13,
2015-01-20,,,0.12,0.03
2015-01-21,4512936.0,,0.12,0.03
2015-01-22,,,0.12,0.03
2015-01-23,,,0.12,0.02
2015-01-24,,,0.12,
2015-01-25,,,0.12,
2015-01-26,,,0.12,0.03
2015-01-27,,,0.11,0.02
2015-01-28,4500064.0,,0.12,0.02
2015-01-29,,,0.11,0.03
2015-01-30,,,0.06,0.02
2015-01-31,,,0.06,
2015-02-01,,0.11,0.06,
2015-02-02,,,0.12,0.02
2015-02-03,,,0.12,0.02
2015-02-04,4500348.0,,0.11,0.01
2015-02-05,,,0.12,0.02
2015-02-06,,,0.11,0.02
2015-02-07,,,0.11,
2015-02-08,,,0.11,
2015-02-09,,,0.12,0.01
2015-02-10,,,0.12,0.01
2015-02-11,4501685.0,,0.12,0.01
2015-02-12,,,0.12,0.02
2015-02-13,,,0.12,0.01
2015-02-14,,,0.12,
2015-02-15,,,0.12,
2015-02-16,,,0.12,
2015-02-17,,,0.12,0.02
2015-02-18,4496851.0,,0.12,0.02
2015-02-19,,,0.12,0.02
2015-02-20,,,0.12,0.02
2015-02-21,,,0.12,
2015-02-22,,,0.12,
2015-02-23,,,0.11,0.02
2015-02-24,,,0.11,0.02
2015-02-25,4486725.0,,0.11,0.02
2015-02-26,,,0.11,0.03
2015-02-27,,,0.06,0.02
2015-02-28,,,0.06,
2015-03-01,,0.11,0.06,
2015-03-02,,,0.12,0.02
2015-03-03,,,0.12,0.02
2015-03-04,4487583.0,,0.11,0.01
2015-03-05,,,0.11,0.02
2015-03-06,,,0.12,0.01
2015-03-07,,,0.12,
2015-03-08,,,0.12,
2015-03-09,,,0.12,0.02
2015-03-10,,,0.12,0.02
2015-03-11,4489279.0,,0.11,0.03
2015-03-12,,,0.11,0.03
2015-03-13,,,0.11,0.03
2015-03-14,,,0.11,
2015-03-15,,,0.11,
2015-03-16,,,0.12,0.05
2015-03-17,,,0.12,0.05
2015-03-18,4495888.0,,0.11,0.03
2015-03-19,,,0.12,0.03
2015-03-20,,,0.12,0.01
2015-03-21,,,0.12,
2015-03-22,,,0.12,
2015-03-23,,,0.12,0.03
2015-03-24,,,0.11,0.02
2015-03-25,4480603.0,,0.12,0.04
2015-03-26,,,0.11,0.03
2015-03-27,,,0.12,0.04
2015-03-28,,,0.12,
2015-03-29,,,0.12,
2015-03-30,,,0.12,0.04
2015-03-31,,,0.06,0.03
2015-04-01,4481799.0,0.12,0.12,0.03
2015-04-02,,,0.12,0.02
2015-04-03,,,0.12,0.02
2015-04-04,,,0.12,
2015-04-05,,,0.12,
2015-04-06,,,0.13,0.03
2015-04-07,,,0.12,0.02
2015-04-08,4483419.0,,0.12,0.03
2015-04-09,,,0.12,0.03
2015-04-10,,,0.12,0.02
2015-04-11,,,0.12,
2015-04-12,,,0.12,
2015-04-13,,,0.13,0.03
2015-04-14,,,0.13,0.02
2015-04-15,4485366.0,,0.13,0.02
2015-04-16,,,0.13,0.02
2015-04-17,,,0.13,0.01
2015-04-18,,,0.13,
2015-04-19,,,0.13,
2015-04-20,,,0.13,0.03
2015-04-21,,,0.13,0.03
2015-04-22,4489695.0,,0.13,0.03
2015-04-23,,,0.13,0.03
2015-04-24,,,0.13,0.03
2015-04-25,,,0.13,
2015-04-26,,,0.13,
2015-04-27,,,0.13,0.02
2015-04-28,,,0.13,0.02
2015-04-29,4471499.0,,0.13,0.01
2015-04-30,,,0.08,0.01
2015-05-01,,0.12,0.13,0.01
2015-05-02,,,0.13,
2015-05-03,,,0.13,
2015-05-04,,,0.13,0.02
2015-05-05,,,0.13,0.01
2015-05-06,4472703.0,,0.13,0.02
2015-05-07,,,0.13,0.01
2015-05-08,,,0.13,0.01
2015-05-09,,,0.13,
2015-05-10,,,0.13,
2015-05-11,,,0.13,0.02
2015-05-12,,,0.13,0.03
2015-05-13,4501188.0,,0.13,0.02
2015-05-14,,,0.13,0.01
2015-05-15,,,0.13,0.02
2015-05-16,,,0.13,
2015-05-17,,,0.13,
2015-05-18,,,0.13,0.02
2015-05-19,,,0.12,0.02
2015-05-20,4480384.0,,0.12,0.02
2015-05-21,,,0.12,0.02
2015-05-22,,,0.13,0.02
2015-05-23,,,0.13,
2015-05-24,,,0.13,
2015-05-25,,,0.13,
2015-05-26,,,0.12,0.02
2015-05-27,4463981.0,,0.12,0.01
2015-05-28,,,0.12,0.01
2015-05-29,,,0.08,0.01
2015-05-30,,,0.08,
2015-05-31,,,0.08,
2015-06-01,,0.13,0.12,0.02
2015-06-02,,,0.12,0.01
2015-06-03,4465360.0,,0.13,0.02
2015-06-04,,,0.13,0.02
2015-06-05,,,0.13,0.03
2015-06-06,,,0.13,
2015-06-07,,,0.13,
2015-06-08,,,0.13,0.02
2015-06-09,,,0.13,0.02
2015-06-10,4468005.0,,0.13,0.02
2015-06-11,,,0.13,0.01
2015-06-12,,,0.13,0.02
2015-06-13,,,0.13,
2015-06-14,,,0.13,
2015-06-15,,,0.13,0.02
2015-06-16,,,0.14,0.01
2015-06-17,4487817.0,,0.14,0.01
2015-06-18,,,0.14,0.01
2015-06-19,,,0.13,0.01
2015-06-20,,,0.13,
2015-06-21,,,0.13,
2015-06-22,,,0.13,0.01
2015-06-23,,,0.13,0.01
2015-06-24,4495055.0,,0.13,0.01
2015-06-25,,,0.13,0.01
2015-06-26,,,0.13,0.01
2015-06-27,,,0.13,
2015-06-28,,,0.13,
2015-06-29,,,0.14,0.02
2015-06-30,,,0.08,0.01
2015-07-01,4479130.0,0.13,0.13,0.01
2015-07-02,,,0.13,0.01
2015-07-03,,,0.13,
2015-07-04,,,0.13,
2015-07-05,,,0.13,
2015-07-06,,,0.13,0.02
2015-07-07,,,0.13,0.02
2015-07-08,4481289.0,,0.13,0.02
2015-07-09,,,0.13,0.03
2015-07-10,,,0.13,0.01
2015-07-11,,,0.13,
2015-07-12,,,0.13,
2015-07-13,,,0.13,0.02
2015-07-14,,,0.13,0.01
2015-07-15,4493605.0,,0.13,0.02
2015-07-16,,,0.14,0.02
2015-07-17,,,0.13,0.03
2015-07-18,,,0.13,
2015-07-19,,,0.13,
2015-07-20,,,0.14,0.04
2015-07-21,,,0.13,0.03
2015-07-22,4500503.0,,0.13,0.04
2015-07-23,,,0.13,0.03
2015-07-24,,,0.13,0.04
2015-07-25,,,0.13,
2015-07-26,,,0.13,
2015-07-27,,,0.14,0.05
2015-07-28,,,0.14,0.05
2015-07-29,4485480.0,,0.14,0.06
2015-07-30,,,0.14,0.07
2015-07-31,,,0.08,0.08
2015-08-01,,0.14,0.08,
2015-08-02,,,0.08,
2015-08-03,,,0.14,0.08
2015-08-04,,,0.14,0.08
2015-08-05,4486329.0,,0.14,0.08
2015-08-06,,,0.14,0.04
2015-08-07,,,0.14,0.06
2015-08-08,,,0.14,
2015-08-09,,,0.14,
2015-08-10,,,0.14,0.12
2015-08-11,,,0.15,0.1
2015-08-12,4489250.0,,0.15,0.1
2015-08-13,,,0.15,0.1
2015-08-14,,,0.14,0.09
2015-08-15,,,0.14,
2015-08-16,,,0.14,
2015-08-17,,,0.15,0.1
2015-08-18,,,0.15,0.07
2015-08-19,4487208.0,,0.15,0.05
2015-08-20,,,0.15,0.02
2015-08-21,,,0.15,0.03
2015-08-22,,,0.15,
2015-08-23,,,0.15,
2015-08-24,,,0.15,0.06
2015-08-25,,,0.15,0.07
2015-08-26,4475105.0,,0.14,0.06
2015-08-27,,,0.14,0.06
2015-08-28,,,0.14,0.06
2015-08-29,,,0.14,
2015-08-30,,,0.14,
2015-08-31,,,0.08,0.08
2015-09-01,,0.14,0.14,0.03
2015-09-02,4475886.0,,0.14,0.03
2015-09-03,,,0.14,0.02
2015-09-04,,,0.14,0.02
2015-09-05,,,0.14,
2015-09-06,,,0.14,
2015-09-07,,,0.14,
2015-09-08,,,0.14,0.06
2015-09-09,4478213.0,,0.14,0.03
2015-09-10,,,0.14,0.02
2015-09-11,,,0.14,0.04
2015-09-12,,,0.14,
2015-09-13,,,0.14,
2015-09-14,,,0.14,0.07
2015-09-15,,,0.14,0.07
2015-09-16,4487809.0,,0.14,0.06
2015-09-17,,,0.14,0.01
2015-09-18,,,0.14,-0.01
2015-09-19,,,0.14,
2015-09-20,,,0.14,
2015-09-21,,,0.14,0.01
2015-09-22,,,0.14,-0.01
2015-09-23,4497484.0,,0.14,0.01
2015-09-24,,,0.14,0.01
2015-09-25,,,0.13,-0.01
2015-09-26,,,0.13,
2015-09-27,,,0.13,
2015-09-28,,,0.13,0.01
2015-09-29,,,0.13,0.01
2015-09-30,4484111.0,,0.07,-0.01
2015-10-01,,0.12,0.13,-0.02
2015-10-02,,,0.13,0.0
2015-10-03,,,0.13,
2015-10-04,,,0.13,
2015-10-05,,,0.13,0.01
2015-10-06,,,0.13,0.0
2015-10-07,4486185.0,,0.13,0.0
2015-10-08,,,0.13,-0.01
2015-10-09,,,0.13,0.01
2015-10-10,,,0.13,
2015-10-11,,,0.13,
2015-10-12,,,0.13,
2015-10-13,,,0.13,0.01
2015-10-14,4504704.0,,0.13,0.0
2015-10-15,,,0.13,0.01
2015-10-16,,,0.13,0.01
2015-10-17,,,0.13,
2015-10-18,,,0.13,
2015-10-19,,,0.13,0.02
2015-10-20,,,0.13,0.02
2015-10-21,4501372.0,,0.13,0.01
2015-10-22,,,0.12,0.0
2015-10-23,,,0.12,0.01
2015-10-24,,,0.12,
2015-10-25,,,0.12,
2015-10-26,,,0.12,0.02
2015-10-27,,,0.12,0.03
2015-10-28,4489339.0,,0.12,0.04
2015-10-29,,,0.12,0.07
2015-10-30,,,0.07,0.08
2015-10-31,,,0.07,
2015-11-01,,0.12,0.07,
2015-11-02,,,0.12,0.08
2015-11-03,,,0.12,0.06
2015-11-04,4489702.0,,0.12,0.05
2015-11-05,,,0.12,0.05
2015-11-06,,,0.12,0.08
2015-11-07,,,0.12,
2015-11-08,,,0.12,
2015-11-09,,,0.12,0.14
2015-11-10,,,0.12,0.13
2015-11-11,4492012.0,,0.12,
2015-11-12,,,0.12,0.14
2015-11-13,,,0.12,0.13
2015-11-14,,,0.12,
2015-11-15,,,0.12,
2015-11-16,,,0.13,0.15
2015-11-17,,,0.13,0.14
2015-11-18,4486721.0,,0.12,0.12
2015-11-19,,,0.12,0.11
2015-11-20,,,0.12,0.11
2015-11-21,,,0.12,
2015-11-22,,,0.12,
2015-11-23,,,0.12,0.14
2015-11-24,,,0.12,0.16
2015-11-25,4477088.0,,0.12,0.19
2015-11-26,,,0.12,
2015-11-27,,,0.12,0.17
2015-11-28,,,0.12,
2015-11-29,,,0.12,
2015-11-30,,,0.08,0.22
2015-12-01,,0.24,0.13,0.21
2015-12-02,4478069.0,,0.13,0.21
2015-12-03,,,0.13,0.21
2015-12-04,,,0.13,0.22
2015-12-05,,,0.13,
2015-12-06,,,0.13,
2015-12-07,,,0.13,0.29
2015-12-08,,,0.13,0.27
2015-12-09,4480436.0,,0.14,0.26
2015-12-10,,,0.14,0.24
2015-12-11,,,0.14,0.22
2015-12-12,,,0.14,
2015-12-13,,,0.14,
2015-12-14,,,0.15,0.26
2015-12-15,,,0.15,0.25
2015-12-16,4489593.0,,0.15,0.27
2015-12-17,,,0.37,0.23
2015-12-18,,,0.37,0.19
2015-12-19,,,0.37,
2015-12-20,,,0.37,
2015-12-21,,,0.36,0.24
2015-12-22,,,0.36,0.21
2015-12-23,4496523.0,,0.36,0.2
2015-12-24,,,0.36,0.2
2015-12-25,,,0.36,
2015-12-26,,,0.36,
2015-12-27,,,0.36,
2015-12-28,,,0.36,0.23
2015-12-29,,,0.36,0.23
2015-12-30,4486587.0,,0.35,0.21
2015-12-31,,,0.2,0.16
2016-01-01,,0.34,0.2,
2016-01-02,,,0.2,
2016-01-03,,,0.2,
2016-01-04,,,0.36,0.22
2016-01-05,,,0.36,0.2
2016-01-06,4486606.0,,0.36,0.21
2016-01-07,,,0.36,0.2
2016-01-08,,,0.36,0.2
2016-01-09,,,0.36,
2016-01-10,,,0.36,
2016-01-11,,,0.36,0.21
2016-01-12,,,0.36,0.21
2016-01-13,4501695.0,,0.36,0.22
2016-01-14,,,0.36,0.25
2016-01-15,,,0.36,0.23
2016-01-16,,,0.36,
2016-01-17,,,0.36,
2016-01-18,,,0.36,
2016-01-19,,,0.36,0.26
2016-01-20,4488840.0,,0.37,0.26
2016-01-21,,,0.37,0.28
2016-01-22,,,0.38,0.3
2016-01-23,,,0.38,
2016-01-24,,,0.38,
2016-01-25,,,0.38,0.31
2016-01-26,,,0.38,0.31
2016-01-27,4482349.0,,0.38,0.32
2016-01-28,,,0.38,0.34
2016-01-29,,,0.29,0.32
2016-01-30,,,0.29,
2016-01-31,,,0.29,
2016-02-01,,0.38,0.38,0.35
2016-02-02,,,0.38,0.34
2016-02-03,4483495.0,,0.38,0.33
2016-02-04,,,0.38,0.29
2016-02-05,,,0.38,0.29
2016-02-06,,,0.38,
2016-02-07,,,0.38,
2016-02-08,,,0.38,0.32
2016-02-09,,,0.38,0.3
2016-02-10,4486278.0,,0.38,0.31
2016-02-11,,,0.38,0.28
2016-02-12,,,0.38,0.29
2016-02-13,,,0.38,
2016-02-14,,,0.38,
2016-02-15,,,0.38,
2016-02-16,,,0.38,0.3
2016-02-17,4483629.0,,0.37,0.3
2016-02-18,,,0.38,0.3
2016-02-19,,,0.38,0.3
2016-02-20,,,0.38,
2016-02-21,,,0.38,
2016-02-22,,,0.38,0.33
2016-02-23,,,0.38,0.32
2016-02-24,4489796.0,,0.38,0.33
2016-02-25,,,0.37,0.32
2016-02-26,,,0.37,0.32
2016-02-27,,,0.37,
2016-02-28,,,0.37,
2016-02-29,,,0.29,0.33
2016-03-01,,0.36,0.36,0.33
2016-03-02,4478485.0,,0.37,0.35
2016-03-03,,,0.37,0.27
2016-03-04,,,0.36,0.28
2016-03-05,,,0.36,
2016-03-06,,,0.36,
2016-03-07,,,0.36,0.32
2016-03-08,,,0.36,0.29
2016-03-09,4481083.0,,0.36,0.3
2016-03-10,,,0.36,0.31
2016-03-11,,,0.36,0.32
2016-03-12,,,0.36,
2016-03-13,,,0.36,
2016-03-14,,,0.36,0.34
2016-03-15,,,0.37,0.34
2016-03-16,4486333.0,,0.37,0.31
2016-03-17,,,0.37,0.29
2016-03-18,,,0.37,0.29
2016-03-19,,,0.37,
2016-03-20,,,0.37,
2016-03-21,,,0.37,0.31
2016-03-22,,,0.37,0.3
2016-03-23,4492857.0,,0.37,0.3
2016-03-24,,,0.37,0.29
2016-03-25,,,0.37,
2016-03-26,,,0.37,
2016-03-27,,,0.37,
2016-03-28,,,0.37,0.29
2016-03-29,,,0.37,0.23
2016-03-30,4482840.0,,0.37,0.2
2016-03-31,,,0.25,0.21
2016-04-01,,0.37,0.37,0.23
2016-04-02,,,0.37,
2016-04-03,,,0.37,
2016-04-04,,,0.37,0.23
2016-04-05,,,0.37,0.23
2016-04-06,4484069.0,,0.37,0.23
2016-04-07,,,0.37,0.23
2016-04-08,,,0.37,0.23
2016-04-09,,,0.37,
2016-04-10,,,0.37,
2016-04-11,,,0.37,0.23
2016-04-12,,,0.37,0.22
2016-04-13,4499729.0,,0.37,0.23
2016-04-14,,,0.37,0.22
2016-04-15,,,0.37,0.22
2016-04-16,,,0.37,
2016-04-17,,,0.37,
2016-04-18,,,0.37,0.22
2016-04-19,,,0.37,0.21
2016-04-20,4490131.0,,0.37,0.23
2016-04-21,,,0.37,0.23
2016-04-22,,,0.37,0.23
2016-04-23,,,0.37,
2016-04-24,,,0.37,
2016-04-25,,,0.37,0.25
2016-04-26,,,0.37,0.24
2016-04-27,4474665.0,,0.37,0.24
2016-04-28,,,0.37,0.22
2016-04-29,,,0.3,0.22
2016-04-30,,,0.3,
2016-05-01,,0.37,0.3,
2016-05-02,,,0.37,0.22
2016-05-03,,,0.37,0.21
2016-05-04,4477270.0,,0.37,0.19
2016-05-05,,,0.37,0.2
2016-05-06,,,0.37,0.19
2016-05-07,,,0.37,
2016-05-08,,,0.37,
2016-05-09,,,0.37,0.24
2016-05-10,,,0.37,0.24
2016-05-11,4478411.0,,0.37,0.26
2016-05-12,,,0.37,0.27
2016-05-13,,,0.37,0.28
2016-05-14,,,0.37,
2016-05-15,,,0.37,
2016-05-16,,,0.37,0.28
2016-05-17,,,0.37,0.28
2016-05-18,4473741.0,,0.37,0.3
2016-05-19,,,0.37,0.3
2016-05-20,,,0.37,0.32
2016-05-21,,,0.37,
2016-05-22,,,0.37,
2016-05-23,,,0.37,0.35
2016-05-24,,,0.37,0.35
2016-05-25,4461111.0,,0.37,0.33
2016-05-26,,,0.37,0.3
2016-05-27,,,0.37,0.31
2016-05-28,,,0.37,
2016-05-29,,,0.37,
2016-05-30,,,0.37,
2016-05-31,,,0.29,0.34
2016-06-01,4461393.0,0.38,0.37,0.3
2016-06-02,,,0.37,0.28
2016-06-03,,,0.37,0.29
2016-06-04,,,0.37,
2016-06-05,,,0.37,
2016-06-06,,,0.37,0.28
2016-06-07,,,0.37,0.28
2016-06-08,4463542.0,,0.37,0.24
2016-06-09,,,0.37,0.25
2016-06-10,,,0.37,0.25
2016-06-11,,,0.37,
2016-06-12,,,0.37,
2016-06-13,,,0.37,0.27
2016-06-14,,,0.37,0.27
2016-06-15,4472817.0,,0.37,0.26
2016-06-16,,,0.38,0.27
2016-06-17,,,0.38,0.26
2016-06-18,,,0.38,
2016-06-19,,,0.38,
2016-06-20,,,0.38,0.28
2016-06-21,,,0.38,0.27
2016-06-22,4482009.0,,0.38,0.27
2016-06-23,,,0.39,0.3
2016-06-24,,,0.4,0.26
2016-06-25,,,0.4,
2016-06-26,,,0.4,
2016-06-27,,,0.41,0.27
2016-06-28,,,0.41,0.26
2016-06-29,4466482.0,,0.41,0.26
2016-06-30,,,0.3,0.26
2016-07-01,,0.39,0.41,0.27
2016-07-02,,,0.41,
2016-07-03,,,0.41,
2016-07-04,,,0.41,
2016-07-05,,,0.4,0.28
2016-07-06,4470605.0,,0.4,0.27
2016-07-07,,,0.4,0.29
2016-07-08,,,0.4,0.27
2016-07-09,,,0.4,
2016-07-10,,,0.4,
2016-07-11,,,0.4,0.31
2016-07-12,,,0.4,0.29
2016-07-13,4472202.0,,0.4,0.31
2016-07-14,,,0.4,0.31
2016-07-15,,,0.4,0.31
2016-07-16,,,0.4,
2016-07-17,,,0.4,
2016-07-18,,,0.4,0.32
2016-07-19,,,0.4,0.31
2016-07-20,4480973.0,,0.4,0.32
2016-07-21,,,0.4,0.31
2016-07-22,,,0.4,0.32
2016-07-23,,,0.4,
2016-07-24,,,0.4,
2016-07-25,,,0.4,0.32
2016-07-26,,,0.4,0.31
2016-07-27,4464498.0,,0.4,0.31
2016-07-28,,,0.4,0.25
2016-07-29,,,0.3,0.27
2016-07-30,,,0.3,
2016-07-31,,,0.3,
2016-08-01,,0.4,0.4,0.29
2016-08-02,,,0.4,0.29
2016-08-03,4466793.0,,0.4,0.28
2016-08-04,,,0.4,0.26
2016-08-05,,,0.4,0.27
2016-08-06,,,0.4,
2016-08-07,,,0.4,
2016-08-08,,,0.4,0.31
2016-08-09,,,0.4,0.29
2016-08-10,4468929.0,,0.4,0.28
2016-08-11,,,0.4,0.28
2016-08-12,,,0.4,0.28
2016-08-13,,,0.4,
2016-08-14,,,0.4,
2016-08-15,,,0.4,0.31
2016-08-16,,,0.4,0.27
2016-08-17,4466476.0,,0.4,0.3
2016-08-18,,,0.4,0.29
2016-08-19,,,0.4,0.29
2016-08-20,,,0.4,
2016-08-21,,,0.4,
2016-08-22,,,0.4,0.29
2016-08-23,,,0.4,0.3
2016-08-24,4473840.0,,0.4,0.31
2016-08-25,,,0.4,0.33
2016-08-26,,,0.4,0.33
2016-08-27,,,0.4,
2016-08-28,,,0.4,
2016-08-29,,,0.4,0.33
2016-08-30,,,0.4,0.33
2016-08-31,4457907.0,,0.3,0.33
2016-09-01,,0.4,0.4,0.33
2016-09-02,,,0.4,0.32
2016-09-03,,,0.4,
2016-09-04,,,0.4,
2016-09-05,,,0.4,
2016-09-06,,,0.4,0.32
2016-09-07,4459394.0,,0.4,0.34
2016-09-08,,,0.4,0.34
2016-09-09,,,0.4,0.34
2016-09-10,,,0.4,
2016-09-11,,,0.4,
2016-09-12,,,0.4,0.37
2016-09-13,,,0.4,0.36
2016-09-14,4481635.0,,0.4,0.33
2016-09-15,,,0.4,0.29
2016-09-16,,,0.4,0.29
2016-09-17,,,0.4,
2016-09-18,,,0.4,
2016-09-19,,,0.4,0.3
2016-09-20,,,0.4,0.3
2016-09-21,4473032.0,,0.4,0.22
2016-09-22,,,0.4,0.18
2016-09-23,,,0.4,0.18
2016-09-24,,,0.4,
2016-09-25,,,0.4,
2016-09-26,,,0.4,0.25
2016-09-27,,,0.4,0.26
2016-09-28,4452002.0,,0.4,0.27
2016-09-29,,,0.4,0.26
2016-09-30,,,0.29,0.28
2016-10-01,,0.4,0.29,
2016-10-02,,,0.29,
2016-10-03,,,0.4,0.32
2016-10-04,,,0.4,0.33
2016-10-05,4459407.0,,0.4,0.32
2016-10-06,,,0.4,0.32
2016-10-07,,,0.4,0.32
2016-10-08,,,0.4,
2016-10-09,,,0.4,
2016-10-10,,,0.4,
2016-10-11,,,0.41,0.35
2016-10-12,4457698.0,,0.41,0.36
2016-10-13,,,0.41,0.29
2016-10-14,,,0.41,0.31
2016-10-15,,,0.41,
2016-10-16,,,0.41,
2016-10-17,,,0.41,0.34
2016-10-18,,,0.41,0.34
2016-10-19,4467382.0,,0.41,0.34
2016-10-20,,,0.41,0.34
2016-10-21,,,0.41,0.33
2016-10-22,,,0.41,
2016-10-23,,,0.41,
2016-10-24,,,0.41,0.33
2016-10-25,,,0.41,0.34
2016-10-26,4454326.0,,0.41,0.33
2016-10-27,,,0.41,0.29
2016-10-28,,,0.41,0.29
2016-10-29,,,0.41,
2016-10-30,,,0.41,
2016-10-31,,,0.31,0.34
2016-11-01,,0.41,0.41,0.35
2016-11-02,4453087.0,,0.41,0.36
2016-11-03,,,0.41,0.37
2016-11-04,,,0.41,0.37
2016-11-05,,,0.41,
2016-11-06,,,0.41,
2016-11-07,,,0.41,0.41
2016-11-08,,,0.41,0.43
2016-11-09,4455087.0,,0.41,0.44
2016-11-10,,,0.41,0.47
2016-11-11,,,0.41,
2016-11-12,,,0.41,
2016-11-13,,,0.41,
2016-11-14,,,0.41,0.54
2016-11-15,,,0.41,0.5
2016-11-16,4453633.0,,0.41,0.46
2016-11-17,,,0.41,0.43
2016-11-18,,,0.41,0.43
2016-11-19,,,0.41,
2016-11-20,,,0.41,
2016-11-21,,,0.41,0.46
2016-11-22,,,0.41,0.48
2016-11-23,4465782.0,,0.41,0.5
2016-11-24,,,0.41,
2016-11-25,,,0.41,0.48
2016-11-26,,,0.41,
2016-11-27,,,0.41,
2016-11-28,,,0.41,0.48
2016-11-29,,,0.41,0.48
2016-11-30,4446307.0,,0.31,0.48
2016-12-01,,0.54,0.41,0.47
2016-12-02,,,0.41,0.48
2016-12-03,,,0.41,
2016-12-04,,,0.41,
2016-12-05,,,0.41,0.49
2016-12-06,,,0.41,0.49
2016-12-07,4448618.0,,0.41,0.51
2016-12-08,,,0.41,0.5
2016-12-09,,,0.41,0.53
2016-12-10,,,0.41,
2016-12-11,,,0.41,
2016-12-12,,,0.41,0.51
2016-12-13,,,0.41,0.54
2016-12-14,4470973.0,,0.41,0.54
2016-12-15,,,0.66,0.5
2016-12-16,,,0.66,0.5
2016-12-17,,,0.66,
2016-12-18,,,0.66,
2016-12-19,,,0.66,0.52
2016-12-20,,,0.66,0.52
2016-12-21,4469089.0,,0.66,0.51
2016-12-22,,,0.66,0.5
2016-12-23,,,0.66,0.51
2016-12-24,,,0.66,
2016-12-25,,,0.66,
2016-12-26,,,0.66,
2016-12-27,,,0.66,0.51
2016-12-28,4451451.0,,0.66,0.52
2016-12-29,,,0.66,0.46
2016-12-30,,,0.55,0.5
2016-12-31,,,0.55,
2017-01-01,,0.65,0.55,
2017-01-02,,,0.55,
2017-01-03,,,0.66,0.53
2017-01-04,4453101.0,,0.66,0.52
2017-01-05,,,0.66,0.51
2017-01-06,,,0.66,0.52
2017-01-07,,,0.66,
2017-01-08,,,0.66,
2017-01-09,,,0.66,0.5
2017-01-10,,,0.66,0.51
2017-01-11,4452509.0,,0.66,0.51
2017-01-12,,,0.66,0.51
2017-01-13,,,0.66,0.52
2017-01-14,,,0.66,
2017-01-15,,,0.66,
2017-01-16,,,0.66,
2017-01-17,,,0.66,0.54
2017-01-18,4460758.0,,0.66,0.52
2017-01-19,,,0.66,0.51
2017-01-20,,,0.66,0.49
2017-01-21,,,0.66,
2017-01-22,,,0.66,
2017-01-23,,,0.66,0.51
2017-01-24,,,0.66,0.5
2017-01-25,4452838.0,,0.66,0.49
2017-01-26,,,0.66,0.5
2017-01-27,,,0.66,0.51
2017-01-28,,,0.66,
2017-01-29,,,0.66,
2017-01-30,,,0.66,0.51
2017-01-31,,,0.56,0.52
2017-02-01,4453881.0,0.66,0.66,0.5
2017-02-02,,,0.66,0.51
2017-02-03,,,0.66,0.5
2017-02-04,,,0.66,
2017-02-05,,,0.66,
2017-02-06,,,0.66,0.53
2017-02-07,,,0.66,0.53
2017-02-08,4456236.0,,0.66,0.53
2017-02-09,,,0.66,0.53
2017-02-10,,,0.66,0.54
2017-02-11,,,0.66,
2017-02-12,,,0.66,
2017-02-13,,,0.66,0.52
2017-02-14,,,0.66,0.54
2017-02-15,4454676.0,,0.66,0.53
2017-02-16,,,0.66,0.52
2017-02-17,,,0.66,0.52
2017-02-18,,,0.66,
2017-02-19,,,0.66,
2017-02-20,,,0.66,
2017-02-21,,,0.66,0.53
2017-02-22,4468702.0,,0.66,0.52
2017-02-23,,,0.66,0.51
2017-02-24,,,0.66,0.51
2017-02-25,,,0.66,
2017-02-26,,,0.66,
2017-02-27,,,0.66,0.5
2017-02-28,,,0.57,0.53
2017-03-01,4458018.0,0.79,0.66,0.62
2017-03-02,,,0.66,0.66
2017-03-03,,,0.66,0.7
2017-03-04,,,0.66,
2017-03-05,,,0.66,
2017-03-06,,,0.66,0.73
2017-03-07,,,0.66,0.75
2017-03-08,4459840.0,,0.66,0.72
2017-03-09,,,0.66,0.72
2017-03-10,,,0.66,0.73
2017-03-11,,,0.66,
2017-03-12,,,0.66,
2017-03-13,,,0.66,0.78
2017-03-14,,,0.66,0.77
2017-03-15,4469577.0,,0.66,0.72
2017-03-16,,,0.91,0.72
2017-03-17,,,0.91,0.72
2017-03-18,,,0.91,
2017-03-19,,,0.91,
2017-03-20,,,0.91,0.75
2017-03-21,,,0.91,0.76
2017-03-22,4478236.0,,0.91,0.76
2017-03-23,,,0.91,0.75
2017-03-24,,,0.91,0.77
2017-03-25,,,0.91,
2017-03-26,,,0.91,
2017-03-27,,,0.91,0.77
2017-03-28,,,0.91,0.77
2017-03-29,4469618.0,,0.91,0.77
2017-03-30,,,0.91,0.77
2017-03-31,,,0.82,0.75
2017-04-01,,0.9,0.82,
2017-04-02,,,0.82,
2017-04-03,,,0.91,0.78
2017-04-04,,,0.91,0.78
2017-04-05,4474634.0,,0.91,0.79
2017-04-06,,,0.91,0.78
2017-04-07,,,0.91,0.81
2017-04-08,,,0.91,
2017-04-09,,,0.91,
2017-04-10,,,0.91,0.81
2017-04-11,,,0.91,0.81
2017-04-12,4484492.0,,0.91,0.8
2017-04-13,,,0.91,0.8
2017-04-14,,,0.91,
2017-04-15,,,0.91,
2017-04-16,,,0.91,
2017-04-17,,,0.91,0.82
2017-04-18,,,0.91,0.81
2017-04-19,4479270.0,,0.91,0.8
2017-04-20,,,0.91,0.78
2017-04-21,,,0.91,0.78
2017-04-22,,,0.91,
2017-04-23,,,0.91,
2017-04-24,,,0.91,0.8
2017-04-25,,,0.91,0.81
2017-04-26,4470142.0,,0.91,0.82
2017-04-27,,,0.91,0.8
2017-04-28,,,0.83,0.79
2017-04-29,,,0.83,
2017-04-30,,,0.83,
2017-05-01,,0.91,0.91,0.82
2017-05-02,,,0.91,0.81
2017-05-03,4471246.0,,0.91,0.84
2017-05-04,,,0.91,0.84
2017-05-05,,,0.91,0.88
2017-05-06,,,0.91,
2017-05-07,,,0.91,
2017-05-08,,,0.91,0.9
2017-05-09,,,0.91,0.9
2017-05-10,4473459.0,,0.91,0.89
2017-05-11,,,0.91,0.87
2017-05-12,,,0.91,0.86
2017-05-13,,,0.91,
2017-05-14,,,0.91,
2017-05-15,,,0.91,0.89
2017-05-16,,,0.91,0.89
2017-05-17,4467108.0,,0.91,0.89
2017-05-18,,,0.91,0.91
2017-05-19,,,0.91,0.9
2017-05-20,,,0.91,
2017-05-21,,,0.91,
2017-05-22,,,0.91,0.92
2017-05-23,,,0.91,0.91
2017-05-24,4470852.0,,0.91,0.92
2017-05-25,,,0.91,0.92
2017-05-26,,,0.91,0.92
2017-05-27,,,0.91,
2017-05-28,,,0.91,
2017-05-29,,,0.91,
2017-05-30,,,0.91,0.92
2017-05-31,4459914.0,,0.83,0.96
2017-06-01,,1.04,0.91,0.96
2017-06-02,,,0.91,0.96
2017-06-03,,,0.91,
2017-06-04,,,0.91,
2017-06-05,,,0.91,0.95
2017-06-06,,,0.91,0.96
2017-06-07,4462443.0,,0.91,0.98
2017-06-08,,,0.91,0.99
2017-06-09,,,0.91,0.99
2017-06-10,,,0.91,
2017-06-11,,,0.91,
2017-06-12,,,0.91,0.97
2017-06-13,,,0.91,0.99
2017-06-14,4476269.0,,0.91,0.99
2017-06-15,,,1.16,1.0
2017-06-16,,,1.16,1.01
2017-06-17,,,1.16,
2017-06-18,,,1.16,
2017-06-19,,,1.16,1.01
2017-06-20,,,1.16,1.0
2017-06-21,4474257.0,,1.16,0.97
2017-06-22,,,1.16,0.94
2017-06-23,,,1.16,0.95
2017-06-24,,,1.16,
2017-06-25,,,1.16,
2017-06-26,,,1.16,0.98
2017-06-27,,,1.16,0.99
2017-06-28,4463347.0,,1.16,1.0
2017-06-29,,,1.16,1.02
2017-06-30,,,1.06,1.01
2017-07-01,,1.15,1.06,
2017-07-02,,,1.06,
2017-07-03,,,1.16,1.04
2017-07-04,,,1.16,
2017-07-05,4467272.0,,1.16,1.03
2017-07-06,,,1.16,1.02
2017-07-07,,,1.16,1.03
2017-07-08,,,1.16,
2017-07-09,,,1.16,
2017-07-10,,,1.16,1.03
2017-07-11,,,1.16,1.03
2017-07-12,4466702.0,,1.16,1.03
2017-07-13,,,1.16,1.03
2017-07-14,,,1.16,1.02
2017-07-15,,,1.16,
2017-07-16,,,1.16,
2017-07-17,,,1.16,1.05
2017-07-18,,,1.16,1.05
2017-07-19,4476903.0,,1.16,1.09
2017-07-20,,,1.16,1.13
2017-07-21,,,1.16,1.14
2017-07-22,,,1.16,
2017-07-23,,,1.16,
2017-07-24,,,1.16,1.15
2017-07-25,,,1.16,1.16
2017-07-26,4465284.0,,1.16,1.11
2017-07-27,,,1.16,1.09
2017-07-28,,,1.16,1.06
2017-07-29,,,1.16,
2017-07-30,,,1.16,
2017-07-31,,,1.07,1.05
2017-08-01,,1.16,1.16,1.06
2017-08-02,4466846.0,,1.16,1.06
2017-08-03,,,1.16,1.06
2017-08-04,,,1.16,1.06
2017-08-05,,,1.16,
2017-08-06,,,1.16,
2017-08-07,,,1.16,1.01
2017-08-08,,,1.16,1.04
2017-08-09,4469083.0,,1.16,1.04
2017-08-10,,,1.16,1.03
2017-08-11,,,1.16,1.01
2017-08-12,,,1.16,
2017-08-13,,,1.16,
2017-08-14,,,1.16,1.01
2017-08-15,,,1.16,1.02
2017-08-16,4462871.0,,1.16,1.0
2017-08-17,,,1.16,0.98
2017-08-18,,,1.16,1.0
2017-08-19,,,1.16,
2017-08-20,,,1.16,
2017-08-21,,,1.16,0.99
2017-08-22,,,1.16,0.99
2017-08-23,4463837.0,,1.16,0.98
2017-08-24,,,1.16,1.0
2017-08-25,,,1.16,1.01
2017-08-26,,,1.16,
2017-08-27,,,1.16,
2017-08-28,,,1.16,0.97
2017-08-29,,,1.16,1.01
2017-08-30,4452360.0,,1.16,1.01
2017-08-31,,,1.07,0.99
2017-09-01,,1.15,1.16,1.0
2017-09-02,,,1.16,
2017-09-03,,,1.16,
2017-09-04,,,1.16,
2017-09-05,,,1.16,1.01
2017-09-06,4453474.0,,1.16,1.05
2017-09-07,,,1.16,1.03
2017-09-08,,,1.16,1.02
2017-09-09,,,1.16,
2017-09-10,,,1.16,
2017-09-11,,,1.16,1.04
2017-09-12,,,1.16,1.02
2017-09-13,4471174.0,,1.16,1.02
2017-09-14,,,1.16,1.03
2017-09-15,,,1.16,1.03
2017-09-16,,,1.16,
2017-09-17,,,1.16,
2017-09-18,,,1.16,1.04
2017-09-19,,,1.16,1.03
2017-09-20,4458576.0,,1.16,1.02
2017-09-21,,,1.16,1.02
2017-09-22,,,1.16,1.01
2017-09-23,,,1.16,
2017-09-24,,,1.16,
2017-09-25,,,1.16,1.04
2017-09-26,,,1.16,1.05
2017-09-27,4455661.0,,1.16,1.05
2017-09-28,,,1.16,1.04
2017-09-29,,,1.06,1.04
2017-09-30,,,1.06,
2017-10-01,,1.15,1.06,
2017-10-02,,,1.16,1.0
2017-10-03,,,1.16,1.05
2017-10-04,4460422.0,,1.16,1.06
2017-10-05,,,1.16,1.05
2017-10-06,,,1.16,1.05
2017-10-07,,,1.16,
2017-10-08,,,1.16,
2017-10-09,,,1.16,
2017-10-10,,,1.16,1.06
2017-10-11,4459415.0,,1.16,1.08
2017-10-12,,,1.16,1.07
2017-10-13,,,1.16,1.07
2017-10-14,,,1.16,
2017-10-15,,,1.16,
2017-10-16,,,1.16,1.09
2017-10-17,,,1.16,1.07
2017-10-18,4469723.0,,1.16,1.07
2017-10-19,,,1.16,1.08
2017-10-20,,,1.16,1.09
2017-10-21,,,1.16,
2017-10-22,,,1.16,
2017-10-23,,,1.16,1.08
2017-10-24,,,1.16,1.1
2017-10-25,4461117.0,,1.16,1.1
2017-10-26,,,1.16,1.09
2017-10-27,,,1.16,1.08
2017-10-28,,,1.16,
2017-10-29,,,1.16,
2017-10-30,,,1.16,1.1
2017-10-31,,,1.07,1.13
2017-11-01,4455887.0,1.16,1.16,1.16
2017-11-02,,,1.16,1.15
2017-11-03,,,1.16,1.16
2017-11-04,,,1.16,
2017-11-05,,,1.16,
2017-11-06,,,1.16,1.17
2017-11-07,,,1.16,1.2
2017-11-08,4458552.0,,1.16,1.21
2017-11-09,,,1.16,1.22
2017-11-10,,,1.16,1.21
2017-11-11,,,1.16,
2017-11-12,,,1.16,
2017-11-13,,,1.16,1.22
2017-11-14,,,1.16,1.24
2017-11-15,4448289.0,,1.16,1.23
2017-11-16,,,1.16,1.25
2017-11-17,,,1.16,1.26
2017-11-18,,,1.16,
2017-11-19,,,1.16,
2017-11-20,,,1.16,1.28
2017-11-21,,,1.16,1.28
2017-11-22,4450615.0,,1.16,1.27
2017-11-23,,,1.16,
2017-11-24,,,1.16,1.26
2017-11-25,,,1.16,
2017-11-26,,,1.16,
2017-11-27,,,1.16,1.25
2017-11-28,,,1.16,1.28
2017-11-29,4438592.0,,1.16,1.27
2017-11-30,,,1.07,1.25
2017-12-01,,1.3,1.16,1.25
2017-12-02,,,1.16,
2017-12-03,,,1.16,
2017-12-04,,,1.16,1.28
2017-12-05,,,1.16,1.28
2017-12-06,4437148.0,,1.16,1.28
2017-12-07,,,1.16,1.27
2017-12-08,,,1.16,1.26
2017-12-09,,,1.16,
2017-12-10,,,1.16,
2017-12-11,,,1.16,1.31
2017-12-12,,,1.17,1.32
2017-12-13,4452726.0,,1.17,1.28
2017-12-14,,,1.41,1.3
2017-12-15,,,1.41,1.29
2017-12-16,,,1.41,
2017-12-17,,,1.41,
2017-12-18,,,1.42,1.36
2017-12-19,,,1.42,1.35
2017-12-20,4447470.0,,1.42,1.36
2017-12-21,,,1.42,1.33
2017-12-22,,,1.42,1.31
2017-12-23,,,1.42,
2017-12-24,,,1.42,
2017-12-25,,,1.42,
2017-12-26,,,1.42,1.45
2017-12-27,4448680.0,,1.42,1.42
2017-12-28,,,1.42,1.37
2017-12-29,,,1.33,1.37
2017-12-30,,,1.33,
2017-12-31,,,1.33,
2018-01-01,,1.41,1.33,
2018-01-02,,,1.42,1.42
2018-01-03,4443718.0,,1.42,1.39
2018-01-04,,,1.42,1.39
2018-01-05,,,1.42,1.37
2018-01-06,,,1.42,
2018-01-07,,,1.42,
2018-01-08,,,1.42,1.43
2018-01-09,,,1.42,1.42
2018-01-10,4446062.0,,1.42,1.4
2018-01-11,,,1.42,1.41
2018-01-12,,,1.42,1.41
2018-01-13,,,1.42,
2018-01-14,,,1.42,
2018-01-15,,,1.42,
2018-01-16,,,1.42,1.43
2018-01-17,4439145.0,,1.42,1.42
2018-01-18,,,1.42,1.43
2018-01-19,,,1.42,1.42
2018-01-20,,,1.42,
2018-01-21,,,1.42,
2018-01-22,,,1.42,1.43
2018-01-23,,,1.42,1.42
2018-01-24,4441317.0,,1.42,1.41
2018-01-25,,,1.42,1.4
2018-01-26,,,1.42,1.39
2018-01-27,,,1.42,
2018-01-28,,,1.42,
2018-01-29,,,1.42,1.43
2018-01-30,,,1.42,1.42
2018-01-31,4419225.0,,1.34,1.44
2018-02-01,,1.42,1.42,1.46
2018-02-02,,,1.42,1.46
2018-02-03,,,1.42,
2018-02-04,,,1.42,
2018-02-05,,,1.42,1.49
2018-02-06,,,1.42,1.5
2018-02-07,4420745.0,,1.42,1.53
2018-02-08,,,1.42,1.53
2018-02-09,,,1.42,1.53
2018-02-10,,,1.42,
2018-02-11,,,1.42,
2018-02-12,,,1.42,1.61
2018-02-13,,,1.42,1.57
2018-02-14,4434863.0,,1.42,1.56
2018-02-15,,,1.42,1.56
2018-02-16,,,1.42,1.59
2018-02-17,,,1.42,
2018-02-18,,,1.42,
2018-02-19,,,1.42,
2018-02-20,,,1.42,1.64
2018-02-21,4411660.0,,1.42,1.62
2018-02-22,,,1.42,1.61
2018-02-23,,,1.42,1.61
2018-02-24,,,1.42,
2018-02-25,,,1.42,
2018-02-26,,,1.42,1.65
2018-02-27,,,1.42,1.64
2018-02-28,4393401.0,,1.35,1.63
2018-03-01,,1.51,1.42,1.6
2018-03-02,,,1.42,1.62
2018-03-03,,,1.42,
2018-03-04,,,1.42,
2018-03-05,,,1.42,1.67
2018-03-06,,,1.42,1.65
2018-03-07,4396097.0,,1.42,1.65
2018-03-08,,,1.42,1.64
2018-03-09,,,1.42,1.64
2018-03-10,,,1.42,
2018-03-11,,,1.42,
2018-03-12,,,1.42,1.68
2018-03-13,,,1.42,1.7
2018-03-14,4407258.0,,1.42,1.73
2018-03-15,,,1.43,1.74
2018-03-16,,,1.43,1.75
2018-03-17,,,1.43,
2018-03-18,,,1.43,
2018-03-19,,,1.43,1.77
2018-03-20,,,1.44,1.78
2018-03-21,4401222.0,,1.44,1.71
2018-03-22,,,1.68,1.69
2018-03-23,,,1.68,1.71
2018-03-24,,,1.68,
2018-03-25,,,1.68,
2018-03-26,,,1.68,1.76
2018-03-27,,,1.68,1.74
2018-03-28,4392198.0,,1.68,1.7
2018-03-29,,,1.68,1.7
2018-03-30,,,1.67,
2018-03-31,,,1.67,
2018-04-01,,1.69,1.67,
2018-04-02,,,1.68,1.74
2018-04-03,,,1.69,1.72
2018-04-04,4386104.0,,1.69,1.68
2018-04-05,,,1.69,1.69
2018-04-06,,,1.69,1.7
2018-04-07,,,1.69,
2018-04-08,,,1.69,
2018-04-09,,,1.69,1.73
2018-04-10,,,1.69,1.71
2018-04-11,4383684.0,,1.69,1.7
2018-04-12,,,1.69,1.72
2018-04-13,,,1.69,1.73
2018-04-14,,,1.69,
2018-04-15,,,1.69,
2018-04-16,,,1.69,1.76
2018-04-17,,,1.69,1.77
2018-04-18,4385903.0,,1.69,1.78
2018-04-19,,,1.69,1.79
2018-04-20,,,1.7,1.78
2018-04-21,,,1.7,
2018-04-22,,,1.7,
2018-04-23,,,1.7,1.84
2018-04-24,,,1.7,1.84
2018-04-25,4372886.0,,1.7,1.82
2018-04-26,,,1.7,1.79
2018-04-27,,,1.7,1.78
2018-04-28,,,1.7,
2018-04-29,,,1.7,
2018-04-30,,,1.69,1.84
2018-05-01,,1.7,1.7,1.82
2018-05-02,4356129.0,,1.7,1.81
2018-05-03,,,1.7,1.8
2018-05-04,,,1.7,1.8
2018-05-05,,,1.7,
2018-05-06,,,1.7,
2018-05-07,,,1.7,1.83
2018-05-08,,,1.7,1.84
2018-05-09,4358207.0,,1.7,1.85
2018-05-10,,,1.7,1.86
2018-05-11,,,1.7,1.88
2018-05-12,,,1.7,
2018-05-13,,,1.7,
2018-05-14,,,1.7,1.9
2018-05-15,,,1.7,1.89
2018-05-16,4337609.0,,1.7,1.88
2018-05-17,,,1.7,1.88
2018-05-18,,,1.7,1.87
2018-05-19,,,1.7,
2018-05-20,,,1.7,
2018-05-21,,,1.7,1.9
2018-05-22,,,1.7,1.9
2018-05-23,4337301.0,,1.7,1.88
2018-05-24,,,1.7,1.87
2018-05-25,,,1.7,1.86
2018-05-26,,,1.7,
2018-05-27,,,1.7,
2018-05-28,,,1.7,
2018-05-29,,,1.7,1.9
2018-05-30,4327519.0,,1.7,1.9
2018-05-31,,,1.7,1.89
2018-06-01,,1.82,1.7,1.88
2018-06-02,,,1.7,
2018-06-03,,,1.7,
2018-06-04,,,1.7,1.91
2018-06-05,,,1.7,1.91
2018-06-06,4319191.0,,1.7,1.91
2018-06-07,,,1.7,1.9
2018-06-08,,,1.7,1.89
2018-06-09,,,1.7,
2018-06-10,,,1.7,
2018-06-11,,,1.7,1.91
2018-06-12,,,1.7,1.89
2018-06-13,4324906.0,,1.7,1.9
2018-06-14,,,1.9,1.9
2018-06-15,,,1.9,1.9
2018-06-16,,,1.9,
2018-06-17,,,1.9,
2018-06-18,,,1.9,1.91
2018-06-19,,,1.91,1.91
2018-06-20,4315896.0,,1.92,1.9
2018-06-21,,,1.92,1.9
2018-06-22,,,1.92,1.89
2018-06-23,,,1.92,
2018-06-24,,,1.92,
2018-06-25,,,1.92,1.9
2018-06-26,,,1.92,1.9
2018-06-27,4305491.0,,1.91,1.89
2018-06-28,,,1.91,1.89
2018-06-29,,,1.91,1.89
2018-06-30,,,1.91,
2018-07-01,,1.91,1.91,
2018-07-02,,,1.91,1.95
2018-07-03,,,1.91,1.94
2018-07-04,4289764.0,,1.91,
2018-07-05,,,1.91,1.92
2018-07-06,,,1.91,1.93
2018-07-07,,,1.91,
2018-07-08,,,1.91,
2018-07-09,,,1.91,1.95
2018-07-10,,,1.91,1.95
2018-07-11,4291201.0,,1.91,1.93
2018-07-12,,,1.91,1.94
2018-07-13,,,1.91,1.94
2018-07-14,,,1.91,
2018-07-15,,,1.91,
2018-07-16,,,1.91,1.98
2018-07-17,,,1.91,1.98
2018-07-18,4291615.0,,1.91,1.96
2018-07-19,,,1.91,1.96
2018-07-20,,,1.91,1.95
2018-07-21,,,1.91,
2018-07-22,,,1.91,
2018-07-23,,,1.91,1.96
2018-07-24,,,1.91,1.98
2018-07-25,4277681.0,,1.91,1.97
2018-07-26,,,1.91,1.95
2018-07-27,,,1.91,1.96
2018-07-28,,,1.91,
2018-07-29,,,1.91,
2018-07-30,,,1.91,2.01
2018-07-31,,,1.91,1.99
2018-08-01,4255653.0,1.91,1.91,1.99
2018-08-02,,,1.91,1.98
2018-08-03,,,1.91,1.97
2018-08-04,,,1.91,
2018-08-05,,,1.91,
2018-08-06,,,1.91,2.02
2018-08-07,,,1.91,2.02
2018-08-08,4258030.0,,1.91,2.02
2018-08-09,,,1.91,2.02
2018-08-10,,,1.91,2.01
2018-08-11,,,1.91,
2018-08-12,,,1.91,
2018-08-13,,,1.91,2.03
2018-08-14,,,1.91,2.04
2018-08-15,4228924.0,,1.91,2.03
2018-08-16,,,1.92,2.03
2018-08-17,,,1.92,2.01
2018-08-18,,,1.92,
2018-08-19,,,1.92,
2018-08-20,,,1.92,2.03
2018-08-21,,,1.92,2.04
2018-08-22,4228818.0,,1.92,2.05
2018-08-23,,,1.92,2.04
2018-08-24,,,1.92,2.05
2018-08-25,,,1.92,
2018-08-26,,,1.92,
2018-08-27,,,1.92,2.08
2018-08-28,,,1.92,2.09
2018-08-29,4218914.0,,1.92,2.09
2018-08-30,,,1.92,2.07
2018-08-31,,,1.91,2.07
2018-09-01,,1.95,1.91,
2018-09-02,,,1.91,
2018-09-03,,,1.91,
2018-09-04,,,1.92,2.09
2018-09-05,4208496.0,,1.92,2.1
2018-09-06,,,1.92,2.09
2018-09-07,,,1.92,2.1
2018-09-08,,,1.92,
2018-09-09,,,1.92,
2018-09-10,,,1.92,2.11
2018-09-11,,,1.92,2.11
2018-09-12,4210812.0,,1.92,2.12
2018-09-13,,,1.92,2.11
2018-09-14,,,1.92,2.12
2018-09-15,,,1.92,
2018-09-16,,,1.92,
2018-09-17,,,1.92,2.13
2018-09-18,,,1.92,2.13
2018-09-19,4208059.0,,1.92,2.12
2018-09-20,,,1.92,2.13
2018-09-21,,,1.92,2.14
2018-09-22,,,1.92,
2018-09-23,,,1.92,
2018-09-24,,,1.93,2.18
2018-09-25,,,1.93,2.17
2018-09-26,4192909.0,,1.93,2.16
2018-09-27,,,2.18,2.14
2018-09-28,,,2.18,2.15
2018-09-29,,,2.18,
2018-09-30,,,2.18,
2018-10-01,,2.19,2.18,2.19
2018-10-02,,,2.18,2.19
2018-10-03,4174704.0,,2.18,2.19
2018-10-04,,,2.18,2.18
2018-10-05,,,2.18,2.18
2018-10-06,,,2.18,
2018-10-07,,,2.18,
2018-10-08,,,2.18,
2018-10-09,,,2.18,2.21
2018-10-10,4176906.0,,2.18,2.23
2018-10-11,,,2.18,2.22
2018-10-12,,,2.18,2.23
2018-10-13,,,2.18,
2018-10-14,,,2.18,
2018-10-15,,,2.18,2.27
2018-10-16,,,2.18,2.26
2018-10-17,4175446.0,,2.19,2.27
2018-10-18,,,2.19,2.27
2018-10-19,,,2.19,2.26
2018-10-20,,,2.19,
2018-10-21,,,2.19,
2018-10-22,,,2.19,2.3
2018-10-23,,,2.2,2.29
2018-10-24,4173070.0,,2.2,2.29
2018-10-25,,,2.2,2.29
2018-10-26,,,2.2,2.28
2018-10-27,,,2.2,
2018-10-28,,,2.2,
2018-10-29,,,2.2,2.3
2018-10-30,,,2.2,2.29
2018-10-31,4139731.0,,2.2,2.29
2018-11-01,,2.2,2.2,2.27
2018-11-02,,,2.19,2.28
2018-11-03,,,2.19,
2018-11-04,,,2.19,
2018-11-05,,,2.2,2.32
2018-11-06,,,2.2,2.31
2018-11-07,4141936.0,,2.2,2.32
2018-11-08,,,2.2,2.3
2018-11-09,,,2.19,2.31
2018-11-10,,,2.19,
2018-11-11,,,2.19,
2018-11-12,,,2.19,
2018-11-13,,,2.2,2.34
2018-11-14,4145892.0,,2.2,2.33
2018-11-15,,,2.2,2.32
2018-11-16,,,2.2,2.31
2018-11-17,,,2.2,
2018-11-18,,,2.2,
2018-11-19,,,2.2,2.34
2018-11-20,,,2.2,2.34
2018-11-21,4106198.0,,2.2,2.36
2018-11-22,,,2.2,
2018-11-23,,,2.2,2.36
2018-11-24,,,2.2,
2018-11-25,,,2.2,
2018-11-26,,,2.2,2.37
2018-11-27,,,2.2,2.36
2018-11-28,4097170.0,,2.2,2.35
2018-11-29,,,2.2,2.32
2018-11-30,,,2.2,2.32
2018-12-01,,2.27,2.2,
2018-12-02,,,2.2,
2018-12-03,,,2.19,2.34
2018-12-04,,,2.2,2.38
2018-12-05,4086044.0,,2.2,
2018-12-06,,,2.2,2.36
2018-12-07,,,2.19,2.35
2018-12-08,,,2.19,
2018-12-09,,,2.19,
2018-12-10,,,2.2,2.37
2018-12-11,,,2.19,2.37
2018-12-12,4088314.0,,2.19,2.39
2018-12-13,,,2.19,2.38
2018-12-14,,,2.19,2.37
2018-12-15,,,2.19,
2018-12-16,,,2.19,
2018-12-17,,,2.2,2.36
2018-12-18,,,2.2,2.34
2018-12-19,4084274.0,,2.2,2.35
2018-12-20,,,2.4,2.34
2018-12-21,,,2.4,2.34
2018-12-22,,,2.4,
2018-12-23,,,2.4,
2018-12-24,,,2.4,2.41
2018-12-25,,,2.4,
2018-12-26,4075636.0,,2.4,2.39
2018-12-27,,,2.4,2.36
2018-12-28,,,2.4,2.35
2018-12-29,,,2.4,
2018-12-30,,,2.4,
2018-12-31,,,2.4,2.4
2019-01-01,,2.4,2.4,
2019-01-02,4058378.0,,2.4,2.37
2019-01-03,,,2.4,2.36
2019-01-04,,,2.4,2.37
2019-01-05,,,2.4,
2019-01-06,,,2.4,
2019-01-07,,,2.4,2.41
2019-01-08,,,2.4,2.41
2019-01-09,4056563.0,,2.4,2.4
2019-01-10,,,2.4,2.38
2019-01-11,,,2.4,2.38
2019-01-12,,,2.4,
2019-01-13,,,2.4,
2019-01-14,,,2.4,2.4
2019-01-15,,,2.4,2.4
2019-01-16,4050044.0,,2.4,2.38
2019-01-17,,,2.4,2.37
2019-01-18,,,2.4,2.36
2019-01-19,,,2.4,
2019-01-20,,,2.4,
2019-01-21,,,2.4,
2019-01-22,,,2.4,2.38
2019-01-23,4047052.0,,2.4,2.36
2019-01-24,,,2.4,2.32
2019-01-25,,,2.4,2.34
2019-01-26,,,2.4,
2019-01-27,,,2.4,
2019-01-28,,,2.4,2.37
2019-01-29,,,2.4,2.37
2019-01-30,4039678.0,,2.4,2.37
2019-01-31,,,2.4,2.36
2019-02-01,,2.4,2.4,2.35
2019-02-02,,,2.4,
2019-02-03,,,2.4,
2019-02-04,,,2.4,2.37
2019-02-05,,,2.4,2.37
2019-02-06,4026350.0,,2.4,2.37
2019-02-07,,,2.4,2.37
2019-02-08,,,2.4,2.38
2019-02-09,,,2.4,
2019-02-10,,,2.4,
2019-02-11,,,2.4,2.4
2019-02-12,,,2.4,2.38
2019-02-13,4028431.0,,2.4,2.39
2019-02-14,,,2.4,2.38
2019-02-15,,,2.4,2.38
2019-02-16,,,2.4,
2019-02-17,,,2.4,
2019-02-18,,,2.4,
2019-02-19,,,2.4,2.41
2019-02-20,3981420.0,,2.4,2.4
2019-02-21,,,2.4,2.4
2019-02-22,,,2.4,2.41
2019-02-23,,,2.4,
2019-02-24,,,2.4,
2019-02-25,,,2.4,2.42
2019-02-26,,,2.4,2.4
2019-02-27,3974590.0,,2.4,2.4
2019-02-28,,,2.4,2.4
2019-03-01,,2.41,2.4,2.39
2019-03-02,,,2.4,
2019-03-03,,,2.4,
2019-03-04,,,2.4,2.41
2019-03-05,,,2.4,2.41
2019-03-06,3969134.0,,2.4,2.41
2019-03-07,,,2.4,2.4
2019-03-08,,,2.4,2.41
2019-03-09,,,2.4,
2019-03-10,,,2.4,
2019-03-11,,,2.4,2.41
2019-03-12,,,2.4,2.41
2019-03-13,3971559.0,,2.4,2.4
2019-03-14,,,2.4,2.4
2019-03-15,,,2.4,2.4
2019-03-16,,,2.4,
2019-03-17,,,2.4,
2019-03-18,,,2.4,2.39
2019-03-19,,,2.4,2.41
2019-03-20,3962748.0,,2.41,2.42
2019-03-21,,,2.41,2.43
2019-03-22,,,2.41,2.41
2019-03-23,,,2.41,
2019-03-24,,,2.41,
2019-03-25,,,2.4,2.41
2019-03-26,,,2.4,2.41
2019-03-27,3955617.0,,2.41,2.39
2019-03-28,,,2.41,2.38
2019-03-29,,,2.43,2.35
2019-03-30,,,2.43,
2019-03-31,,,2.43,
2019-04-01,,2.42,2.41,2.38
2019-04-02,,,2.41,2.37
2019-04-03,3935509.0,,2.41,2.39
2019-04-04,,,2.41,2.39
2019-04-05,,,2.41,2.39
2019-04-06,,,2.41,
2019-04-07,,,2.41,
2019-04-08,,,2.41,2.38
2019-04-09,,,2.41,2.37
2019-04-10,3936784.0,,2.41,2.38
2019-04-11,,,2.41,2.38
2019-04-12,,,2.41,2.39
2019-04-13,,,2.41,
2019-04-14,,,2.41,
2019-04-15,,,2.41,2.38
2019-04-16,,,2.41,2.38
2019-04-17,3931827.0,,2.42,2.39
2019-04-18,,,2.43,2.37
2019-04-19,,,2.44,
2019-04-20,,,2.44,
2019-04-21,,,2.44,
2019-04-22,,,2.44,2.39
2019-04-23,,,2.44,2.4
2019-04-24,3928273.0,,2.44,2.39
2019-04-25,,,2.44,2.38
2019-04-26,,,2.44,2.37
2019-04-27,,,2.44,
2019-04-28,,,2.44,
2019-04-29,,,2.45,2.39
2019-04-30,,,2.45,2.38
2019-05-01,3889691.0,2.39,2.45,2.38
2019-05-02,,,2.41,2.41
2019-05-03,,,2.4,2.38
2019-05-04,,,2.4,
2019-05-05,,,2.4,
2019-05-06,,,2.4,2.39
2019-05-07,,,2.4,2.38
2019-05-08,3892216.0,,2.39,2.38
2019-05-09,,,2.38,2.38
2019-05-10,,,2.38,2.38
2019-05-11,,,2.38,
2019-05-12,,,2.38,
2019-05-13,,,2.38,2.36
2019-05-14,,,2.38,2.36
2019-05-15,3864749.0,,2.4,2.37
2019-05-16,,,2.39,2.35
2019-05-17,,,2.39,2.34
2019-05-18,,,2.39,
2019-05-19,,,2.39,
2019-05-20,,,2.39,2.34
2019-05-21,,,2.39,2.34
2019-05-22,3860435.0,,2.38,2.33
2019-05-23,,,2.38,2.32
2019-05-24,,,2.38,2.3
2019-05-25,,,2.38,
2019-05-26,,,2.38,
2019-05-27,,,2.38,
2019-05-28,,,2.39,2.32
2019-05-29,3851444.0,,2.39,2.32
2019-05-30,,,2.39,2.33
2019-05-31,,,2.4,2.3
2019-06-01,,2.38,2.4,
2019-06-02,,,2.4,
2019-06-03,,,2.38,2.3
2019-06-04,,,2.38,2.3
2019-06-05,3847645.0,,2.38,2.3
2019-06-06,,,2.37,2.28
2019-06-07,,,2.37,2.23
2019-06-08,,,2.37,
2019-06-09,,,2.37,
2019-06-10,,,2.37,2.24
2019-06-11,,,2.37,2.22
2019-06-12,3849955.0,,2.37,2.19
2019-06-13,,,2.37,2.14
2019-06-14,,,2.36,2.15
2019-06-15,,,2.36,
2019-06-16,,,2.36,
2019-06-17,,,2.38,2.18
2019-06-18,,,2.37,2.17
2019-06-19,3844016.0,,2.37,2.13
2019-06-20,,,2.37,2.09
2019-06-21,,,2.38,2.07
2019-06-22,,,2.38,
2019-06-23,,,2.38,
2019-06-24,,,2.38,2.08
2019-06-25,,,2.38,2.07
2019-06-26,3826817.0,,2.38,2.1
2019-06-27,,,2.38,2.09
2019-06-28,,,2.4,2.08
2019-06-29,,,2.4,
2019-06-30,,,2.4,
2019-07-01,,2.4,2.39,2.16
2019-07-02,,,2.4,2.15
2019-07-03,3813198.0,,2.41,2.16
2019-07-04,,,2.41,
2019-07-05,,,2.42,2.18
2019-07-06,,,2.42,
2019-07-07,,,2.42,
2019-07-08,,,2.41,2.21
2019-07-09,,,2.41,2.21
2019-07-10,3815038.0,,2.41,2.15
2019-07-11,,,2.4,2.12
2019-07-12,,,2.38,2.1
2019-07-13,,,2.38,
2019-07-14,,,2.38,
2019-07-15,,,2.4,2.11
2019-07-16,,,2.41,2.1
2019-07-17,3808110.0,,2.41,2.09
2019-07-18,,,2.41,2.01
2019-07-19,,,2.41,2.02
2019-07-20,,,2.41,
2019-07-21,,,2.41,
2019-07-22,,,2.4,2.04
2019-07-23,,,2.4,2.02
2019-07-24,3803436.0,,2.4,2.05
2019-07-25,,,2.4,2.06
2019-07-26,,,2.4,2.08
2019-07-27,,,2.4,
2019-07-28,,,2.4,
2019-07-29,,,2.4,2.07
2019-07-30,,,2.39,2.04
2019-07-31,3779102.0,,2.4,2.04
2019-08-01,,2.13,2.14,2.03
2019-08-02,,,2.14,2.02
2019-08-03,,,2.14,
2019-08-04,,,2.14,
2019-08-05,,,2.13,2.0
2019-08-06,,,2.13,2.01
2019-08-07,3781543.0,,2.12,1.98
2019-08-08,,,2.12,1.98
2019-08-09,,,2.12,1.96
2019-08-10,,,2.12,
2019-08-11,,,2.12,
2019-08-12,,,2.12,1.96
2019-08-13,,,2.12,1.96
2019-08-14,3786018.0,,2.12,1.92
2019-08-15,,,2.13,1.87
2019-08-16,,,2.13,1.83
2019-08-17,,,2.13,
2019-08-18,,,2.13,
2019-08-19,,,2.13,1.9
2019-08-20,,,2.13,1.9
2019-08-21,3764866.0,,2.12,1.93
2019-08-22,,,2.12,1.96
2019-08-23,,,2.12,1.93
2019-08-24,,,2.12,
2019-08-25,,,2.12,
2019-08-26,,,2.12,1.96
2019-08-27,,,2.12,1.94
2019-08-28,3759946.0,,2.12,1.95
2019-08-29,,,2.12,1.95
2019-08-30,,,2.13,1.95
2019-08-31,,,2.13,
2019-09-01,,2.04,2.13,
2019-09-02,,,2.13,
2019-09-03,,,2.13,1.94
2019-09-04,3761508.0,,2.13,1.93
2019-09-05,,,2.13,1.93
2019-09-06,,,2.12,1.92
2019-09-07,,,2.12,
2019-09-08,,,2.12,
2019-09-09,,,2.13,1.92
2019-09-10,,,2.13,1.91
2019-09-11,3769673.0,,2.13,1.92
2019-09-12,,,2.13,1.91
2019-09-13,,,2.14,1.92
2019-09-14,,,2.14,
2019-09-15,,,2.14,
2019-09-16,,,2.25,1.95
2019-09-17,,,2.3,1.95
2019-09-18,3844695.0,,2.25,1.91
2019-09-19,,,1.9,1.89
2019-09-20,,,1.9,1.87
2019-09-21,,,1.9,
2019-09-22,,,1.9,
2019-09-23,,,1.9,1.9
2019-09-24,,,1.9,1.88
2019-09-25,3857715.0,,1.9,1.85
2019-09-26,,,1.85,1.79
2019-09-27,,,1.83,1.76
2019-09-28,,,1.83,
2019-09-29,,,1.83,
2019-09-30,,,1.9,1.84
2019-10-01,,1.83,1.88,1.78
2019-10-02,3945831.0,,1.85,1.75
2019-10-03,,,1.83,1.67
2019-10-04,,,1.82,1.68
2019-10-05,,,1.82,
2019-10-06,,,1.82,
2019-10-07,,,1.82,1.71
2019-10-08,,,1.82,1.68
2019-10-09,3949955.0,,1.82,1.66
2019-10-10,,,1.82,1.65
2019-10-11,,,1.82,1.65
2019-10-12,,,1.82,
2019-10-13,,,1.82,
2019-10-14,,,1.82,
2019-10-15,,,1.9,1.64
2019-10-16,3966471.0,,1.9,1.63
2019-10-17,,,1.85,1.63
2019-10-18,,,1.85,1.63
2019-10-19,,,1.85,
2019-10-20,,,1.85,
2019-10-21,,,1.85,1.64
2019-10-22,,,1.85,1.62
2019-10-23,3968700.0,,1.85,1.62
2019-10-24,,,1.85,1.64
2019-10-25,,,1.83,1.63
2019-10-26,,,1.83,
2019-10-27,,,1.83,
2019-10-28,,,1.83,1.62
2019-10-29,,,1.82,1.6
2019-10-30,4019823.0,,1.82,1.59
2019-10-31,,,1.58,1.51
2019-11-01,,1.55,1.57,1.49
2019-11-02,,,1.57,
2019-11-03,,,1.57,
2019-11-04,,,1.56,1.5
2019-11-05,,,1.56,1.53
2019-11-06,4039443.0,,1.55,1.53
2019-11-07,,,1.55,1.53
2019-11-08,,,1.55,1.52
2019-11-09,,,1.55,
2019-11-10,,,1.55,
2019-11-11,,,1.55,
2019-11-12,,,1.55,1.56
2019-11-13,4047882.0,,1.55,1.54
2019-11-14,,,1.55,1.54
2019-11-15,,,1.55,1.54
2019-11-16,,,1.55,
2019-11-17,,,1.55,
2019-11-18,,,1.55,1.54
2019-11-19,,,1.55,1.54
2019-11-20,4030249.0,,1.55,1.54
2019-11-21,,,1.55,1.55
2019-11-22,,,1.55,1.55
2019-11-23,,,1.55,
2019-11-24,,,1.55,
2019-11-25,,,1.55,1.58
2019-11-26,,,1.55,1.57
2019-11-27,4052875.0,,1.55,1.59
2019-11-28,,,1.55,
2019-11-29,,,1.56,1.56
2019-11-30,,,1.56,
2019-12-01,,1.55,1.56,
2019-12-02,,,1.56,1.57
2019-12-03,,,1.55,1.54
2019-12-04,4065696.0,,1.55,1.52
2019-12-05,,,1.55,1.51
2019-12-06,,,1.55,1.5
2019-12-07,,,1.55,
2019-12-08,,,1.55,
2019-12-09,,,1.55,1.51
2019-12-10,,,1.55,1.53
2019-12-11,4095491.0,,1.55,1.54
2019-12-12,,,1.55,1.53
2019-12-13,,,1.55,1.54
2019-12-14,,,1.55,
2019-12-15,,,1.55,
2019-12-16,,,1.56,1.54
2019-12-17,,,1.55,1.53
2019-12-18,4137052.0,,1.55,1.53
2019-12-19,,,1.55,1.54
2019-12-20,,,1.55,1.55
2019-12-21,,,1.55,
2019-12-22,,,1.55,
2019-12-23,,,1.55,1.56
2019-12-24,,,1.55,1.55
2019-12-25,4165591.0,,1.55,
2019-12-26,,,1.55,1.55
2019-12-27,,,1.55,1.54
2019-12-28,,,1.55,
2019-12-29,,,1.55,
2019-12-30,,,1.55,1.54
2019-12-31,,,1.55,1.52
2020-01-01,4173626.0,1.55,1.55,
2020-01-02,,,1.55,1.51
2020-01-03,,,1.55,1.49
2020-01-04,,,1.55,
2020-01-05,,,1.55,
2020-01-06,,,1.55,1.53
2020-01-07,,,1.55,1.51
2020-01-08,4149544.0,,1.55,1.51
2020-01-09,,,1.55,1.51
2020-01-10,,,1.54,1.51
2020-01-11,,,1.54,
2020-01-12,,,1.54,
2020-01-13,,,1.54,1.54
2020-01-14,,,1.54,1.54
2020-01-15,4175850.0,,1.54,1.54
2020-01-16,,,1.54,1.52
2020-01-17,,,1.55,1.53
2020-01-18,,,1.55,
2020-01-19,,,1.55,
2020-01-20,,,1.55,
2020-01-21,,,1.55,1.53
2020-01-22,4145912.0,,1.55,1.52
2020-01-23,,,1.55,1.52
2020-01-24,,,1.55,1.51
2020-01-25,,,1.55,
2020-01-26,,,1.55,
2020-01-27,,,1.55,1.52
2020-01-28,,,1.55,1.54
2020-01-29,4151630.0,,1.55,1.53
2020-01-30,,,1.6,1.54
2020-01-31,,,1.59,1.52
2020-02-01,,1.58,1.59,
2020-02-02,,,1.59,
2020-02-03,,,1.59,1.54
2020-02-04,,,1.59,1.54
2020-02-05,4166707.0,,1.59,1.54
2020-02-06,,,1.59,1.54
2020-02-07,,,1.58,1.53
2020-02-08,,,1.58,
2020-02-09,,,1.58,
2020-02-10,,,1.58,1.55
2020-02-11,,,1.58,1.54
2020-02-12,4182689.0,,1.58,1.55
2020-02-13,,,1.58,1.56
2020-02-14,,,1.58,1.55
2020-02-15,,,1.58,
2020-02-16,,,1.58,
2020-02-17,,,1.58,
2020-02-18,,,1.59,1.55
2020-02-19,4171570.0,,1.59,1.55
2020-02-20,,,1.59,1.55
2020-02-21,,,1.58,1.53
2020-02-22,,,1.58,
2020-02-23,,,1.58,
2020-02-24,,,1.58,1.5
2020-02-25,,,1.58,1.5
2020-02-26,4158637.0,,1.58,1.5
2020-02-27,,,1.58,1.42
2020-02-28,,,1.58,1.25
2020-02-29,,,1.58,
2020-03-01,,0.65,1.58,
2020-03-02,,,1.59,1.1
2020-03-03,,,1.59,0.93
2020-03-04,4241507.0,,1.09,0.71
2020-03-05,,,1.09,0.61
2020-03-06,,,1.09,0.45
2020-03-07,,,1.09,
2020-03-08,,,1.09,
2020-03-09,,,1.09,0.32
2020-03-10,,,1.09,0.43
2020-03-11,4311911.0,,1.09,0.41
2020-03-12,,,1.1,0.33
2020-03-13,,,1.1,0.27
2020-03-14,,,1.1,
2020-03-15,,,1.1,
2020-03-16,,,0.25,0.24
2020-03-17,,,0.25,0.19
2020-03-18,4668212.0,,0.25,0.02
2020-03-19,,,0.2,0.04
2020-03-20,,,0.15,0.05
2020-03-21,,,0.15,
2020-03-22,,,0.15,
2020-03-23,,,0.15,0.02
2020-03-24,,,0.12,0.01
2020-03-25,5254278.0,,0.1,-0.04
2020-03-26,,,0.1,-0.05
2020-03-27,,,0.1,0.03
2020-03-28,,,0.1,
2020-03-29,,,0.1,
2020-03-30,,,0.09,0.12
2020-03-31,,,0.08,0.11
2020-04-01,5811607.0,0.05,0.06,0.09
2020-04-02,,,0.05,0.09
2020-04-03,,,0.05,0.1
2020-04-04,,,0.05,
2020-04-05,,,0.05,
2020-04-06,,,0.05,0.15
2020-04-07,,,0.05,0.14
2020-04-08,6083141.0,,0.05,0.22
2020-04-09,,,0.05,0.25
2020-04-10,,,0.05,
2020-04-11,,,0.05,
2020-04-12,,,0.05,
2020-04-13,,,0.05,0.26
2020-04-14,,,0.05,0.2
2020-04-15,6367887.0,,0.05,0.14
2020-04-16,,,0.05,0.14
2020-04-17,,,0.05,0.12
2020-04-18,,,0.05,
2020-04-19,,,0.05,
2020-04-20,,,0.05,0.12
2020-04-21,,,0.05,0.11
2020-04-22,6573136.0,,0.05,0.12
2020-04-23,,,0.04,0.11
2020-04-24,,,0.05,0.12
2020-04-25,,,0.05,
2020-04-26,,,0.05,
2020-04-27,,,0.04,0.12
2020-04-28,,,0.04,0.11
2020-04-29,6655929.0,,0.04,0.1
2020-04-30,,,0.05,0.09
2020-05-01,,0.05,0.05,0.12
2020-05-02,,,0.05,
2020-05-03,,,0.05,
2020-05-04,,,0.05,0.13
2020-05-05,,,0.05,0.13
2020-05-06,6721420.0,,0.05,0.12
2020-05-07,,,0.05,0.11
2020-05-08,,,0.05,0.12
2020-05-09,,,0.05,
2020-05-10,,,0.05,
2020-05-11,,,0.05,0.12
2020-05-12,,,0.05,0.13
2020-05-13,6934227.0,,0.05,0.13
2020-05-14,,,0.05,0.12
2020-05-15,,,0.05,0.12
2020-05-16,,,0.05,
2020-05-17,,,0.05,
2020-05-18,,,0.05,0.13
2020-05-19,,,0.05,0.13
2020-05-20,7037258.0,,0.05,0.12
2020-05-21,,,0.05,0.12
2020-05-22,,,0.05,0.12
2020-05-23,,,0.05,
2020-05-24,,,0.05,
2020-05-25,,,0.05,
2020-05-26,,,0.05,0.14
2020-05-27,7097316.0,,0.05,0.15
2020-05-28,,,0.05,0.15
2020-05-29,,,0.05,0.14
2020-05-30,,,0.05,
2020-05-31,,,0.05,
2020-06-01,,0.08,0.05,0.14
2020-06-02,,,0.06,0.15
2020-06-03,7165217.0,,0.06,0.16
2020-06-04,,,0.06,0.15
2020-06-05,,,0.07,0.15
2020-06-06,,,0.07,
2020-06-07,,,0.07,
2020-06-08,,,0.07,0.17
2020-06-09,,,0.07,0.19
2020-06-10,7168936.0,,0.08,0.17
2020-06-11,,,0.08,0.17
2020-06-12,,,0.08,0.16
2020-06-13,,,0.08,
2020-06-14,,,0.08,
2020-06-15,,,0.09,0.18
2020-06-16,,,0.09,0.17
2020-06-17,7094690.0,,0.09,0.17
2020-06-18,,,0.09,0.16
2020-06-19,,,0.09,0.15
2020-06-20,,,0.09,
2020-06-21,,,0.09,
2020-06-22,,,0.08,0.16
2020-06-23,,,0.08,0.16
2020-06-24,7082302.0,,0.08,0.15
2020-06-25,,,0.08,0.16
2020-06-26,,,0.08,0.14
2020-06-27,,,0.08,
2020-06-28,,,0.08,
2020-06-29,,,0.08,0.14
2020-06-30,,,0.08,0.16
2020-07-01,7009040.0,0.09,0.08,0.14
2020-07-02,,,0.09,0.14
2020-07-03,,,0.09,
2020-07-04,,,0.09,
2020-07-05,,,0.09,
2020-07-06,,,0.09,0.15
2020-07-07,,,0.09,0.15
2020-07-08,6920716.0,,0.09,0.15
2020-07-09,,,0.09,0.13
2020-07-10,,,0.09,0.13
2020-07-11,,,0.09,
2020-07-12,,,0.09,
2020-07-13,,,0.09,0.14
2020-07-14,,,0.09,0.15
2020-07-15,6958604.0,,0.1,0.16
2020-07-16,,,0.1,0.11
2020-07-17,,,0.09,0.11
2020-07-18,,,0.09,
2020-07-19,,,0.09,
2020-07-20,,,0.1,0.13
2020-07-21,,,0.1,0.13
2020-07-22,6964755.0,,0.09,0.13
2020-07-23,,,0.09,0.12
2020-07-24,,,0.09,0.11
2020-07-25,,,0.09,
2020-07-26,,,0.09,
2020-07-27,,,0.1,0.11
2020-07-28,,,0.1,0.11
2020-07-29,6949032.0,,0.1,0.11
2020-07-30,,,0.1,0.09
2020-07-31,,,0.1,0.09
2020-08-01,,0.1,0.1,
2020-08-02,,,0.1,
2020-08-03,,,0.1,0.1
2020-08-04,,,0.1,0.09
2020-08-05,6945237.0,,0.1,0.1
2020-08-06,,,0.1,0.1
2020-08-07,,,0.1,0.1
2020-08-08,,,0.1,
2020-08-09,,,0.1,
2020-08-10,,,0.1,0.11
2020-08-11,,,0.1,0.11
2020-08-12,6957277.0,,0.1,0.11
2020-08-13,,,0.1,0.1
2020-08-14,,,0.1,0.1
2020-08-15,,,0.1,
2020-08-16,,,0.1,
2020-08-17,,,0.1,0.1
2020-08-18,,,0.09,0.09
2020-08-19,7010637.0,,0.09,0.11
2020-08-20,,,0.09,0.11
2020-08-21,,,0.09,0.1
2020-08-22,,,0.09,
2020-08-23,,,0.09,
2020-08-24,,,0.09,0.12
2020-08-25,,,0.09,0.11
2020-08-26,6990418.0,,0.09,0.11
2020-08-27,,,0.08,0.11
2020-08-28,,,0.09,0.1
2020-08-29,,,0.09,
2020-08-30,,,0.09,
2020-08-31,,,0.09,0.11
2020-09-01,,0.09,0.09,0.12
2020-09-02,7017492.0,,0.09,0.12
2020-09-03,,,0.09,0.11
2020-09-04,,,0.09,0.11
2020-09-05,,,0.09,
2020-09-06,,,0.09,
2020-09-07,,,0.09,
2020-09-08,,,0.09,0.13
2020-09-09,7010614.0,,0.09,0.12
2020-09-10,,,0.09,0.12
2020-09-11,,,0.09,0.11
2020-09-12,,,0.09,
2020-09-13,,,0.09,
2020-09-14,,,0.09,0.11
2020-09-15,,,0.09,0.11
2020-09-16,7064475.0,,0.09,0.12
2020-09-17,,,0.09,0.09
2020-09-18,,,0.09,0.1
2020-09-19,,,0.09,
2020-09-20,,,0.09,
2020-09-21,,,0.09,0.1
2020-09-22,,,0.09,0.1
2020-09-23,7093161.0,,0.09,0.11
2020-09-24,,,0.09,0.1
2020-09-25,,,0.09,0.1
2020-09-26,,,0.09,
2020-09-27,,,0.09,
2020-09-28,,,0.09,0.11
2020-09-29,,,0.09,0.09
2020-09-30,7056129.0,,0.09,0.1
2020-10-01,,0.09,0.09,0.09
2020-10-02,,,0.09,0.09
2020-10-03,,,0.09,
2020-10-04,,,0.09,
2020-10-05,,,0.09,0.1
2020-10-06,,,0.09,0.1
2020-10-07,7074649.0,,0.09,0.1
2020-10-08,,,0.09,0.09
2020-10-09,,,0.09,0.1
2020-10-10,,,0.09,
2020-10-11,,,0.09,
2020-10-12,,,0.09,
2020-10-13,,,0.09,0.11
2020-10-14,7151426.0,,0.09,0.12
2020-10-15,,,0.09,0.11
2020-10-16,,,0.09,0.11
2020-10-17,,,0.09,
2020-10-18,,,0.09,
2020-10-19,,,0.09,0.11
2020-10-20,,,0.09,0.1
2020-10-21,7177265.0,,0.09,0.1
2020-10-22,,,0.09,0.09
2020-10-23,,,0.09,0.1
2020-10-24,,,0.09,
2020-10-25,,,0.09,
2020-10-26,,,0.09,0.11
2020-10-27,,,0.09,0.1
2020-10-28,7146306.0,,0.09,0.1
2020-10-29,,,0.09,0.09
2020-10-30,,,0.09,0.09
2020-10-31,,,0.09,
2020-11-01,,0.09,0.09,
2020-11-02,,,0.09,0.09
2020-11-03,,,0.09,0.1
2020-11-04,7157479.0,,0.09,0.1
2020-11-05,,,0.09,0.1
2020-11-06,,,0.09,0.1
2020-11-07,,,0.09,
2020-11-08,,,0.09,
2020-11-09,,,0.09,0.11
2020-11-10,,,0.09,0.1
2020-11-11,7175417.0,,0.09,
2020-11-12,,,0.09,0.1
2020-11-13,,,0.09,0.09
2020-11-14,,,0.09,
2020-11-15,,,0.09,
2020-11-16,,,0.09,0.09
2020-11-17,,,0.09,0.09
2020-11-18,7243080.0,,0.09,0.09
2020-11-19,,,0.08,0.07
2020-11-20,,,0.08,0.07
2020-11-21,,,0.08,
2020-11-22,,,0.08,
2020-11-23,,,0.08,0.08
2020-11-24,,,0.08,0.09
2020-11-25,7216480.0,,0.08,0.09
2020-11-26,,,0.08,
2020-11-27,,,0.08,0.09
2020-11-28,,,0.08,
2020-11-29,,,0.08,
2020-11-30,,,0.09,0.08
2020-12-01,,0.09,0.09,0.09
2020-12-02,7222414.0,,0.09,0.09
2020-12-03,,,0.09,0.08
2020-12-04,,,0.09,0.09
2020-12-05,,,0.09,
2020-12-06,,,0.09,
2020-12-07,,,0.09,0.08
2020-12-08,,,0.09,0.09
2020-12-09,7242658.0,,0.09,0.08
2020-12-10,,,0.09,0.08
2020-12-11,,,0.09,0.08
2020-12-12,,,0.09,
2020-12-13,,,0.09,
2020-12-14,,,0.09,0.09
2020-12-15,,,0.09,0.08
2020-12-16,7362592.0,,0.09,0.09
2020-12-17,,,0.09,0.08
2020-12-18,,,0.09,0.08
2020-12-19,,,0.09,
2020-12-20,,,0.09,
2020-12-21,,,0.09,0.09
2020-12-22,,,0.09,0.09
2020-12-23,7404039.0,,0.09,0.09
2020-12-24,,,0.09,0.09
2020-12-25,,,0.09,
2020-12-26,,,0.09,
2020-12-27,,,0.09,
2020-12-28,,,0.09,0.11
2020-12-29,,,0.09,0.1
2020-12-30,7363351.0,,0.09,0.08
2020-12-31,,,0.09,0.09
2021-01-01,,0.09,0.09,
2021-01-02,,,0.09,
2021-01-03,,,0.09,
2021-01-04,,,0.09,0.09
2021-01-05,,,0.09,0.09
2021-01-06,7334809.0,,0.09,0.09
2021-01-07,,,0.09,0.09
2021-01-08,,,0.09,0.08
2021-01-09,,,0.09,
2021-01-10,,,0.09,
2021-01-11,,,0.09,0.08
2021-01-12,,,0.09,0.09
2021-01-13,7333968.0,,0.09,0.09
2021-01-14,,,0.09,0.09
2021-01-15,,,0.09,0.09
2021-01-16,,,0.09,
2021-01-17,,,0.09,
2021-01-18,,,0.09,
2021-01-19,,,0.09,0.09
2021-01-20,7414942.0,,0.09,0.08
2021-01-21,,,0.08,0.09
2021-01-22,,,0.08,0.08
2021-01-23,,,0.08,
2021-01-24,,,0.08,
2021-01-25,,,0.08,0.09
2021-01-26,,,0.08,0.07
2021-01-27,7404926.0,,0.08,0.08
2021-01-28,,,0.07,0.07
2021-01-29,,,0.07,0.06
2021-01-30,,,0.07,
2021-01-31,,,0.07,
2021-02-01,,0.08,0.08,0.07
2021-02-02,,,0.08,0.07
2021-02-03,7410598.0,,0.08,0.04
2021-02-04,,,0.08,0.04
2021-02-05,,,0.08,0.03
2021-02-06,,,0.08,
2021-02-07,,,0.08,
2021-02-08,,,0.07,0.05
2021-02-09,,,0.08,0.04
2021-02-10,7442225.0,,0.08,0.05
2021-02-11,,,0.08,0.05
2021-02-12,,,0.08,0.04
2021-02-13,,,0.08,
2021-02-14,,,0.08,
2021-02-15,,,0.08,
2021-02-16,,,0.08,0.04
2021-02-17,7557402.0,,0.08,0.04
2021-02-18,,,0.07,0.03
2021-02-19,,,0.07,0.04
2021-02-20,,,0.07,
2021-02-21,,,0.07,
2021-02-22,,,0.07,0.03
2021-02-23,,,0.07,0.04
2021-02-24,7590111.0,,0.07,0.03
2021-02-25,,,0.07,0.04
2021-02-26,,,0.07,0.04
2021-02-27,,,0.07,
2021-02-28,,,0.07,
2021-03-01,,0.07,0.07,0.05
2021-03-02,,,0.07,0.04
2021-03-03,7557524.0,,0.07,0.05
2021-03-04,,,0.07,0.04
2021-03-05,,,0.07,0.04
2021-03-06,,,0.07,
2021-03-07,,,0.07,
2021-03-08,,,0.07,0.05
2021-03-09,,,0.07,0.05
2021-03-10,7579901.0,,0.07,0.04
2021-03-11,,,0.07,0.04
2021-03-12,,,0.07,0.04
2021-03-13,,,0.07,
2021-03-14,,,0.07,
2021-03-15,,,0.07,0.04
2021-03-16,,,0.07,0.02
2021-03-17,7693506.0,,0.07,0.02
2021-03-18,,,0.07,0.01
2021-03-19,,,0.07,0.01
2021-03-20,,,0.07,
2021-03-21,,,0.07,
2021-03-22,,,0.07,0.03
2021-03-23,,,0.07,0.01
2021-03-24,7719622.0,,0.07,0.02
2021-03-25,,,0.07,0.02
2021-03-26,,,0.07,0.02
2021-03-27,,,0.07,
2021-03-28,,,0.07,
2021-03-29,,,0.07,0.03
2021-03-30,,,0.07,0.02
2021-03-31,7688988.0,,0.06,0.03
2021-04-01,,0.07,0.07,0.02
2021-04-02,,,0.07,0.02
2021-04-03,,,0.07,
2021-04-04,,,0.07,
2021-04-05,,,0.07,0.03
2021-04-06,,,0.07,0.02
2021-04-07,7708882.0,,0.07,0.02
2021-04-08,,,0.07,0.01
2021-04-09,,,0.07,0.02
2021-04-10,,,0.07,
2021-04-11,,,0.07,
2021-04-12,,,0.07,0.02
2021-04-13,,,0.07,0.03
2021-04-14,7793104.0,,0.07,0.02
2021-04-15,,,0.07,0.02
2021-04-16,,,0.07,0.02
2021-04-17,,,0.07,
2021-04-18,,,0.07,
2021-04-19,,,0.07,0.02
2021-04-20,,,0.07,0.03
2021-04-21,7820948.0,,0.07,0.03
2021-04-22,,,0.07,0.03
2021-04-23,,,0.07,0.03
2021-04-24,,,0.07,
2021-04-25,,,0.07,
2021-04-26,,,0.07,0.03
2021-04-27,,,0.07,0.01
2021-04-28,7780962.0,,0.07,0.01
2021-04-29,,,0.06,0.01
2021-04-30,,,0.05,0.01
2021-05-01,,0.06,0.05,
2021-05-02,,,0.05,
2021-05-03,,,0.06,0.04
2021-05-04,,,0.06,0.02
2021-05-05,7810486.0,,0.06,0.02
2021-05-06,,,0.06,0.02
2021-05-07,,,0.06,0.02
2021-05-08,,,0.06,
2021-05-09,,,0.06,
2021-05-10,,,0.06,0.02
2021-05-11,,,0.06,0.01
2021-05-12,7830663.0,,0.06,0.02
2021-05-13,,,0.06,0.02
2021-05-14,,,0.06,0.01
2021-05-15,,,0.06,
2021-05-16,,,0.06,
2021-05-17,,,0.06,0.02
2021-05-18,,,0.06,0.02
2021-05-19,7922883.0,,0.06,0.01
2021-05-20,,,0.06,0.01
2021-05-21,,,0.06,0.01
2021-05-22,,,0.06,
2021-05-23,,,0.06,
2021-05-24,,,0.06,0.02
2021-05-25,,,0.06,0.02
2021-05-26,7903541.0,,0.06,0.02
2021-05-27,,,0.06,0.02
2021-05-28,,,0.05,0.01
2021-05-29,,,0.05,
2021-05-30,,,0.05,
2021-05-31,,,0.05,
2021-06-01,,0.08,0.06,0.02
2021-06-02,7935703.0,,0.06,0.02
2021-06-03,,,0.06,0.02
2021-06-04,,,0.06,0.02
2021-06-05,,,0.06,
2021-06-06,,,0.06,
2021-06-07,,,0.06,0.02
2021-06-08,,,0.06,0.02
2021-06-09,7952327.0,,0.06,0.03
2021-06-10,,,0.06,0.03
2021-06-11,,,0.06,0.03
2021-06-12,,,0.06,
2021-06-13,,,0.06,
2021-06-14,,,0.06,0.03
2021-06-15,,,0.06,0.03
2021-06-16,8064257.0,,0.06,0.04
2021-06-17,,,0.1,0.04
2021-06-18,,,0.1,0.05
2021-06-19,,,0.1,
2021-06-20,,,0.1,
2021-06-21,,,0.1,0.05
2021-06-22,,,0.1,0.04
2021-06-23,8101945.0,,0.1,0.05
2021-06-24,,,0.1,0.05
2021-06-25,,,0.1,0.06
2021-06-26,,,0.1,
2021-06-27,,,0.1,
2021-06-28,,,0.1,0.05
2021-06-29,,,0.1,0.04
2021-06-30,8078544.0,,0.08,0.05
2021-07-01,,0.1,0.1,0.05
2021-07-02,,,0.1,0.05
2021-07-03,,,0.1,
2021-07-04,,,0.1,
2021-07-05,,,0.1,
2021-07-06,,,0.1,0.05
2021-07-07,8097773.0,,0.1,0.05
2021-07-08,,,0.1,0.06
2021-07-09,,,0.1,0.06
2021-07-10,,,0.1,
2021-07-11,,,0.1,
2021-07-12,,,0.1,0.05
2021-07-13,,,0.1,0.05
2021-07-14,8201651.0,,0.1,0.06
2021-07-15,,,0.1,0.05
2021-07-16,,,0.1,0.05
2021-07-17,,,0.1,
2021-07-18,,,0.1,
2021-07-19,,,0.1,0.05
2021-07-20,,,0.1,0.05
2021-07-21,8240530.0,,0.1,0.05
2021-07-22,,,0.1,0.05
2021-07-23,,,0.1,0.05
2021-07-24,,,0.1,
2021-07-25,,,0.1,
2021-07-26,,,0.1,0.05
2021-07-27,,,0.1,0.05
2021-07-28,8221473.0,,0.1,0.05
2021-07-29,,,0.1,0.06
2021-07-30,,,0.07,0.06
2021-07-31,,,0.07,
2021-08-01,,0.09,0.07,
2021-08-02,,,0.1,0.05
2021-08-03,,,0.1,0.05
2021-08-04,8235073.0,,0.1,0.05
2021-08-05,,,0.1,0.05
2021-08-06,,,0.1,0.06
2021-08-07,,,0.1,
2021-08-08,,,0.1,
2021-08-09,,,0.1,0.06
2021-08-10,,,0.1,0.05
2021-08-11,8257159.0,,0.1,0.05
2021-08-12,,,0.1,0.06
2021-08-13,,,0.1,0.06
2021-08-14,,,0.1,
2021-08-15,,,0.1,
2021-08-16,,,0.1,0.06
2021-08-17,,,0.1,0.07
2021-08-18,8342598.0,,0.09,0.07
2021-08-19,,,0.09,0.06
2021-08-20,,,0.09,0.05
2021-08-21,,,0.09,
2021-08-22,,,0.09,
2021-08-23,,,0.09,0.05
2021-08-24,,,0.09,0.05
2021-08-25,8332743.0,,0.09,0.06
2021-08-26,,,0.09,0.05
2021-08-27,,,0.08,0.05
2021-08-28,,,0.08,
2021-08-29,,,0.08,
2021-08-30,,,0.08,0.05
2021-08-31,,,0.06,0.04
2021-09-01,8349173.0,0.08,0.08,0.05
2021-09-02,,,0.08,0.05
2021-09-03,,,0.08,0.05
2021-09-04,,,0.08,
2021-09-05,,,0.08,
2021-09-06,,,0.08,
2021-09-07,,,0.08,0.05
2021-09-08,8357314.0,,0.08,0.05
2021-09-09,,,0.08,0.04
2021-09-10,,,0.08,0.05
2021-09-11,,,0.08,
2021-09-12,,,0.08,
2021-09-13,,,0.08,0.06
2021-09-14,,,0.08,0.04
2021-09-15,8448770.0,,0.08,0.04
2021-09-16,,,0.08,0.04
2021-09-17,,,0.08,0.04
2021-09-18,,,0.08,
2021-09-19,,,0.08,
2021-09-20,,,0.08,0.04
2021-09-21,,,0.08,0.03
2021-09-22,8489824.0,,0.08,0.03
2021-09-23,,,0.08,0.03
2021-09-24,,,0.08,0.03
2021-09-25,,,0.08,
2021-09-26,,,0.08,
2021-09-27,,,0.08,0.04
2021-09-28,,,0.08,0.04
2021-09-29,8447981.0,,0.08,0.04
2021-09-30,,,0.06,0.04
2021-10-01,,0.08,0.08,0.04
2021-10-02,,,0.08,
2021-10-03,,,0.08,
2021-10-04,,,0.08,0.04
2021-10-05,,,0.08,0.04
2021-10-06,8464032.0,,0.08,0.04
2021-10-07,,,0.08,0.05
2021-10-08,,,0.08,0.05
2021-10-09,,,0.08,
2021-10-10,,,0.08,
2021-10-11,,,0.08,
2021-10-12,,,0.08,0.06
2021-10-13,8480942.0,,0.08,0.05
2021-10-14,,,0.08,0.05
2021-10-15,,,0.08,0.05
2021-10-16,,,0.08,
2021-10-17,,,0.08,
2021-10-18,,,0.08,0.06
2021-10-19,,,0.08,0.05
2021-10-20,8564943.0,,0.08,0.05
2021-10-21,,,0.08,0.06
2021-10-22,,,0.08,0.06
2021-10-23,,,0.08,
2021-10-24,,,0.08,
2021-10-25,,,0.08,0.06
2021-10-26,,,0.08,0.06
2021-10-27,8556181.0,,0.08,0.06
2021-10-28,,,0.08,0.06
2021-10-29,,,0.07,0.05
2021-10-30,,,0.07,
2021-10-31,,,0.07,
2021-11-01,,0.08,0.08,0.05
2021-11-02,,,0.08,0.05
2021-11-03,8574871.0,,0.08,0.05
2021-11-04,,,0.08,0.04
2021-11-05,,,0.08,0.05
2021-11-06,,,0.08,
2021-11-07,,,0.08,
2021-11-08,,,0.08,0.06
2021-11-09,,,0.08,0.04
2021-11-10,8663117.0,,0.08,0.05
2021-11-11,,,0.08,
2021-11-12,,,0.08,0.05
2021-11-13,,,0.08,
2021-11-14,,,0.08,
2021-11-15,,,0.08,0.05
2021-11-16,,,0.08,0.05
2021-11-17,8674970.0,,0.08,0.05
2021-11-18,,,0.08,0.05
2021-11-19,,,0.08,0.05
2021-11-20,,,0.08,
2021-11-21,,,0.08,
2021-11-22,,,0.08,0.05
2021-11-23,,,0.08,0.06
2021-11-24,8681771.0,,0.08,0.06
2021-11-25,,,0.08,
2021-11-26,,,0.08,0.06
2021-11-27,,,0.08,
2021-11-28,,,0.08,
2021-11-29,,,0.08,0.06
2021-11-30,,,0.07,0.05
2021-12-01,8650402.0,0.08,0.08,0.06
2021-12-02,,,0.08,0.05
2021-12-03,,,0.08,0.06
2021-12-04,,,0.08,
2021-12-05,,,0.08,
2021-12-06,,,0.08,0.06
2021-12-07,,,0.08,0.06
2021-12-08,8664524.0,,0.08,0.07
2021-12-09,,,0.08,0.06
2021-12-10,,,0.08,0.06
2021-12-11,,,0.08,
2021-12-12,,,0.08,
2021-12-13,,,0.08,0.05
2021-12-14,,,0.08,0.05
2021-12-15,8756666.0,,0.08,0.06
2021-12-16,,,0.08,0.05
2021-12-17,,,0.08,0.05
2021-12-18,,,0.08,
2021-12-19,,,0.08,
2021-12-20,,,0.08,0.07
2021-12-21,,,0.08,0.07
2021-12-22,8790495.0,,0.08,0.08
2021-12-23,,,0.08,0.08
2021-12-24,,,0.08,
2021-12-25,,,0.08,
2021-12-26,,,0.08,
2021-12-27,,,0.08,0.06
2021-12-28,,,0.08,0.06
2021-12-29,8757460.0,,0.08,0.05
2021-12-30,,,0.08,0.05
2021-12-31,,,0.07,0.06
2022-01-01,,0.08,0.07,
2022-01-02,,,0.07,
2022-01-03,,,0.08,0.09
2022-01-04,,,0.08,0.08
2022-01-05,8765721.0,,0.08,0.09
2022-01-06,,,0.08,0.1
2022-01-07,,,0.08,0.1
2022-01-08,,,0.08,
2022-01-09,,,0.08,
2022-01-10,,,0.08,0.13
2022-01-11,,,0.08,0.12
2022-01-12,8788278.0,,0.08,0.12
2022-01-13,,,0.08,0.12
2022-01-14,,,0.08,0.13
2022-01-15,,,0.08,
2022-01-16,,,0.08,
2022-01-17,,,0.08,
2022-01-18,,,0.08,0.17
2022-01-19,8867834.0,,0.08,0.17
2022-01-20,,,0.08,0.18
2022-01-21,,,0.08,0.17
2022-01-22,,,0.08,
2022-01-23,,,0.08,
2022-01-24,,,0.08,0.2
2022-01-25,,,0.08,0.2
2022-01-26,8860485.0,,0.08,0.19
2022-01-27,,,0.08,0.2
2022-01-28,,,0.08,0.19
2022-01-29,,,0.08,
2022-01-30,,,0.08,
2022-01-31,,,0.08,0.24
2022-02-01,,0.08,0.08,0.2
2022-02-02,8873211.0,,0.08,0.2
2022-02-03,,,0.08,0.21
2022-02-04,,,0.08,0.23
2022-02-05,,,0.08,
2022-02-06,,,0.08,
2022-02-07,,,0.08,0.28
2022-02-08,,,0.08,0.27
2022-02-09,8878009.0,,0.08,0.27
2022-02-10,,,0.08,0.41
2022-02-11,,,0.08,0.37
2022-02-12,,,0.08,
2022-02-13,,,0.08,
2022-02-14,,,0.08,0.45
2022-02-15,,,0.08,0.41
2022-02-16,8911033.0,,0.08,0.39
2022-02-17,,,0.08,0.37
2022-02-18,,,0.08,0.35
2022-02-19,,,0.08,
2022-02-20,,,0.08,
2022-02-21,,,0.08,
2022-02-22,,,0.08,0.39
2022-02-23,8928129.0,,0.08,0.36
2022-02-24,,,0.08,0.33
2022-02-25,,,0.08,0.33
2022-02-26,,,0.08,
2022-02-27,,,0.08,
2022-02-28,,,0.08,0.37
2022-03-01,,0.2,0.08,0.32
2022-03-02,8904455.0,,0.08,0.33
2022-03-03,,,0.08,0.37
2022-03-04,,,0.08,0.33
2022-03-05,,,0.08,
2022-03-06,,,0.08,
2022-03-07,,,0.08,0.38
2022-03-08,,,0.08,0.36
2022-03-09,8910748.0,,0.08,0.38
2022-03-10,,,0.08,0.38
2022-03-11,,,0.08,0.39
2022-03-12,,,0.08,
2022-03-13,,,0.08,
2022-03-14,,,0.08,0.45
2022-03-15,,,0.08,0.46
2022-03-16,8954306.0,,0.08,0.43
2022-03-17,,,0.33,0.4
2022-03-18,,,0.33,0.41
2022-03-19,,,0.33,
2022-03-20,,,0.33,
2022-03-21,,,0.33,0.55
2022-03-22,,,0.33,0.51
2022-03-23,8962474.0,,0.33,0.5
2022-03-24,,,0.33,0.5
2022-03-25,,,0.33,0.53
2022-03-26,,,0.33,
2022-03-27,,,0.33,
2022-03-28,,,0.33,0.6
2022-03-29,,,0.33,0.56
2022-03-30,8937142.0,,0.33,0.55
2022-03-31,,,0.33,0.51
2022-04-01,,0.33,0.33,0.52
2022-04-02,,,0.33,
2022-04-03,,,0.33,
2022-04-04,,,0.33,0.67
2022-04-05,,,0.33,0.65
2022-04-06,8937592.0,,0.33,0.67
2022-04-07,,,0.33,0.68
2022-04-08,,,0.33,0.69
2022-04-09,,,0.33,
2022-04-10,,,0.33,
2022-04-11,,,0.33,0.78
2022-04-12,,,0.33,0.74
2022-04-13,8965487.0,,0.33,0.75
2022-04-14,,,0.33,0.78
2022-04-15,,,0.33,
2022-04-16,,,0.33,
2022-04-17,,,0.33,
2022-04-18,,,0.33,0.82
2022-04-19,,,0.33,0.82
2022-04-20,8955851.0,,0.33,0.82
2022-04-21,,,0.33,0.82
2022-04-22,,,0.33,0.82
2022-04-23,,,0.33,
2022-04-24,,,0.33,
2022-04-25,,,0.33,0.93
2022-04-26,,,0.33,0.84
2022-04-27,8939199.0,,0.33,0.82
2022-04-28,,,0.33,0.81
2022-04-29,,,0.33,0.83
2022-04-30,,,0.33,
2022-05-01,,0.77,0.33,
2022-05-02,,,0.33,0.9
2022-05-03,,,0.33,0.9
2022-05-04,8939972.0,,0.33,0.88
2022-05-05,,,0.83,0.84
2022-05-06,,,0.83,0.84
2022-05-07,,,0.83,
2022-05-08,,,0.83,
2022-05-09,,,0.83,0.92
2022-05-10,,,0.83,0.89
2022-05-11,8942008.0,,0.83,0.9
2022-05-12,,,0.83,0.95
2022-05-13,,,0.83,1.01
2022-05-14,,,0.83,
2022-05-15,,,0.83,
2022-05-16,,,0.83,1.07
2022-05-17,,,0.83,1.06
2022-05-18,8945898.0,,0.83,1.02
2022-05-19,,,0.83,1.04
2022-05-20,,,0.83,1.01
2022-05-21,,,0.83,
2022-05-22,,,0.83,
2022-05-23,,,0.83,1.07
2022-05-24,,,0.83,1.05
2022-05-25,8914281.0,,0.83,1.05
2022-05-26,,,0.83,1.06
2022-05-27,,,0.83,1.06
2022-05-28,,,0.83,
2022-05-29,,,0.83,
2022-05-30,,,0.83,
2022-05-31,,,0.83,1.13
2022-06-01,8915050.0,1.21,0.83,1.12
2022-06-02,,,0.83,1.13
2022-06-03,,,0.83,1.17
2022-06-04,,,0.83,
2022-06-05,,,0.83,
2022-06-06,,,0.83,1.23
2022-06-07,,,0.83,1.24
2022-06-08,8918254.0,,0.83,1.25
2022-06-09,,,0.83,1.26
2022-06-10,,,0.83,1.34
2022-06-11,,,0.83,
2022-06-12,,,0.83,
2022-06-13,,,0.83,1.69
2022-06-14,,,0.83,1.78
2022-06-15,8932420.0,,0.83,1.69
2022-06-16,,,1.58,1.54
2022-06-17,,,1.58,1.58
2022-06-18,,,1.58,
2022-06-19,,,1.58,
2022-06-20,,,1.58,
2022-06-21,,,1.58,1.66
2022-06-22,8934346.0,,1.58,1.57
2022-06-23,,,1.58,1.59
2022-06-24,,,1.58,1.66
2022-06-25,,,1.58,
2022-06-26,,,1.58,
2022-06-27,,,1.58,1.75
2022-06-28,,,1.58,1.75
2022-06-29,8913553.0,,1.58,1.73
2022-06-30,,,1.58,1.66
2022-07-01,,1.68,1.58,1.66
2022-07-02,,,1.58,
2022-07-03,,,1.58,
2022-07-04,,,1.58,
2022-07-05,,,1.58,1.86
2022-07-06,8891851.0,,1.58,1.85
2022-07-07,,,1.58,1.89
2022-07-08,,,1.58,1.91
2022-07-09,,,1.58,
2022-07-10,,,1.58,
2022-07-11,,,1.58,2.13
2022-07-12,,,1.58,2.16
2022-07-13,8895867.0,,1.58,2.33
2022-07-14,,,1.58,2.33
2022-07-15,,,1.58,2.29
2022-07-16,,,1.58,
2022-07-17,,,1.58,
2022-07-18,,,1.58,2.44
2022-07-19,,,1.58,2.46
2022-07-20,8899213.0,,1.58,2.44
2022-07-21,,,1.58,2.4
2022-07-22,,,1.58,2.41
2022-07-23,,,1.58,
2022-07-24,,,1.58,
2022-07-25,,,1.58,2.55
2022-07-26,,,1.58,2.48
2022-07-27,8890004.0,,1.58,2.37
2022-07-28,,,2.33,2.35
2022-07-29,,,2.32,2.34
2022-07-30,,,2.32,
2022-07-31,,,2.32,
2022-08-01,,2.33,2.33,2.48
2022-08-02,,,2.33,2.48
2022-08-03,8874620.0,,2.33,2.44
2022-08-04,,,2.33,2.41
2022-08-05,,,2.33,2.48
2022-08-06,,,2.33,
2022-08-07,,,2.33,
2022-08-08,,,2.33,2.57
2022-08-09,,,2.33,2.58
2022-08-10,8879138.0,,2.33,2.56
2022-08-11,,,2.33,2.52
2022-08-12,,,2.33,2.53
2022-08-13,,,2.33,
2022-08-14,,,2.33,
2022-08-15,,,2.33,2.63
2022-08-16,,,2.33,2.61
2022-08-17,8849762.0,,2.33,2.59
2022-08-18,,,2.33,2.61
2022-08-19,,,2.33,2.64
2022-08-20,,,2.33,
2022-08-21,,,2.33,
2022-08-22,,,2.33,2.74
2022-08-23,,,2.33,2.71
2022-08-24,8851436.0,,2.33,2.73
2022-08-25,,,2.33,2.78
2022-08-26,,,2.33,2.78
2022-08-27,,,2.33,
2022-08-28,,,2.33,
2022-08-29,,,2.33,2.89
2022-08-30,,,2.33,2.88
2022-08-31,8826093.0,,2.33,2.87
2022-09-01,,2.56,2.33,2.88
2022-09-02,,,2.33,2.85
2022-09-03,,,2.33,
2022-09-04,,,2.33,
2022-09-05,,,2.33,
2022-09-06,,,2.33,2.96
2022-09-07,8822401.0,,2.33,2.98
2022-09-08,,,2.33,2.97
2022-09-09,,,2.33,2.98
2022-09-10,,,2.33,
2022-09-11,,,2.33,
2022-09-12,,,2.33,3.09
2022-09-13,,,2.33,3.19
2022-09-14,8832759.0,,2.33,3.14
2022-09-15,,,2.33,3.12
2022-09-16,,,2.33,3.1
2022-09-17,,,2.33,
2022-09-18,,,2.33,
2022-09-19,,,2.33,3.29
2022-09-20,,,2.33,3.26
2022-09-21,8816802.0,,2.33,3.21
2022-09-22,,,3.08,3.19
2022-09-23,,,3.08,3.12
2022-09-24,,,3.08,
2022-09-25,,,3.08,
2022-09-26,,,3.08,3.3
2022-09-27,,,3.08,3.26
2022-09-28,8795567.0,,3.08,3.29
2022-09-29,,,3.08,3.26
2022-09-30,,,3.08,3.22
2022-10-01,,3.08,3.08,
2022-10-02,,,3.08,
2022-10-03,,,3.08,3.34
2022-10-04,,,3.08,3.32
2022-10-05,8759053.0,,3.08,3.33
2022-10-06,,,3.08,3.32
2022-10-07,,,3.08,3.31
2022-10-08,,,3.08,
2022-10-09,,,3.08,
2022-10-10,,,3.08,
2022-10-11,,,3.08,3.53
2022-10-12,8758969.0,,3.08,3.56
2022-10-13,,,3.08,3.64
2022-10-14,,,3.08,3.65
2022-10-15,,,3.08,
2022-10-16,,,3.08,
2022-10-17,,,3.08,3.82
2022-10-18,,,3.08,3.89
2022-10-19,8743922.0,,3.08,3.91
2022-10-20,,,3.08,3.91
2022-10-21,,,3.08,3.9
2022-10-22,,,3.08,
2022-10-23,,,3.08,
2022-10-24,,,3.08,4.0
2022-10-25,,,3.08,3.97
2022-10-26,8723090.0,,3.08,3.94
2022-10-27,,,3.08,3.95
2022-10-28,,,3.08,3.99
2022-10-29,,,3.08,
2022-10-30,,,3.08,
2022-10-31,,,3.08,4.06
2022-11-01,,3.78,3.08,4.06
2022-11-02,8676870.0,,3.08,4.04
2022-11-03,,,3.83,4.06
2022-11-04,,,3.83,4.02
2022-11-05,,,3.83,
2022-11-06,,,3.83,
2022-11-07,,,3.83,4.12
2022-11-08,,,3.83,4.1
2022-11-09,8678886.0,,3.83,4.11
2022-11-10,,,3.83,4.09
2022-11-11,,,3.83,
2022-11-12,,,3.83,
2022-11-13,,,3.83,
2022-11-14,,,3.83,4.16
2022-11-15,,,3.83,4.14
2022-11-16,8625620.0,,3.83,4.14
2022-11-17,,,3.83,4.13
2022-11-18,,,3.83,4.15
2022-11-19,,,3.83,
2022-11-20,,,3.83,
2022-11-21,,,3.83,4.23
2022-11-22,,,3.83,4.21
2022-11-23,8621390.0,,3.83,4.21
2022-11-24,,,3.83,
2022-11-25,,,3.83,4.22
2022-11-26,,,3.83,
2022-11-27,,,3.83,
2022-11-28,,,3.83,4.3
2022-11-29,,,3.83,4.27
2022-11-30,8584576.0,,3.83,4.27
2022-12-01,,4.1,3.83,4.22
2022-12-02,,,3.83,4.22
2022-12-03,,,3.83,
2022-12-04,,,3.83,
2022-12-05,,,3.83,4.27
2022-12-06,,,3.83,4.27
2022-12-07,8582735.0,,3.83,4.2
2022-12-08,,,3.83,4.17
2022-12-09,,,3.83,4.19
2022-12-10,,,3.83,
2022-12-11,,,3.83,
2022-12-12,,,3.83,4.29
2022-12-13,,,3.83,4.26
2022-12-14,8583413.0,,3.83,4.23
2022-12-15,,,4.33,4.22
2022-12-16,,,4.33,4.2
2022-12-17,,,4.33,
2022-12-18,,,4.33,
2022-12-19,,,4.33,4.28
2022-12-20,,,4.33,4.25
2022-12-21,8564411.0,,4.33,4.22
2022-12-22,,,4.33,4.24
2022-12-23,,,4.33,4.23
2022-12-24,,,4.33,
2022-12-25,,,4.33,
2022-12-26,,,4.33,
2022-12-27,,,4.33,4.35
2022-12-28,8551169.0,,4.33,4.35
2022-12-29,,,4.33,4.34
2022-12-30,,,4.33,4.3
2022-12-31,,,4.33,
2023-01-01,,4.33,4.33,
2023-01-02,,,4.33,
2023-01-03,,,4.33,4.4
2023-01-04,8507429.0,,4.33,4.41
2023-01-05,,,4.33,4.51
2023-01-06,,,4.33,4.51
2023-01-07,,,4.33,
2023-01-08,,,4.33,
2023-01-09,,,4.33,4.55
2023-01-10,,,4.33,4.57
2023-01-11,8508587.0,,4.33,4.57
2023-01-12,,,4.33,4.5
2023-01-13,,,4.33,4.51
2023-01-14,,,4.33,
2023-01-15,,,4.33,
2023-01-16,,,4.33,
2023-01-17,,,4.33,4.56
2023-01-18,8489039.0,,4.33,4.54
2023-01-19,,,4.33,4.55
2023-01-20,,,4.33,4.57
2023-01-21,,,4.33,
2023-01-22,,,4.33,
2023-01-23,,,4.33,4.58
2023-01-24,,,4.33,4.57
2023-01-25,8470557.0,,4.33,4.56
2023-01-26,,,4.33,4.55
2023-01-27,,,4.33,4.57
2023-01-28,,,4.33,
2023-01-29,,,4.33,
2023-01-30,,,4.33,4.59
2023-01-31,,,4.33,4.58
2023-02-01,8433610.0,4.57,4.33,4.54
2023-02-02,,,4.58,4.53
2023-02-03,,,4.58,4.57
2023-02-04,,,4.58,
2023-02-05,,,4.58,
2023-02-06,,,4.58,4.59
2023-02-07,,,4.58,4.59
2023-02-08,8435369.0,,4.58,4.59
2023-02-09,,,4.57,4.64
2023-02-10,,,4.58,4.66
2023-02-11,,,4.58,
2023-02-12,,,4.58,
2023-02-13,,,4.58,4.68
2023-02-14,,,4.58,4.67
2023-02-15,8384767.0,,4.58,4.66
2023-02-16,,,4.58,4.7
2023-02-17,,,4.58,4.7
2023-02-18,,,4.58,
2023-02-19,,,4.58,
2023-02-20,,,4.58,
2023-02-21,,,4.58,4.72
2023-02-22,8382190.0,,4.58,4.71
2023-02-23,,,4.58,4.71
2023-02-24,,,4.58,4.72
2023-02-25,,,4.58,
2023-02-26,,,4.58,
2023-02-27,,,4.57,4.74
2023-02-28,,,4.57,4.72
2023-03-01,8339684.0,4.65,4.58,4.73
2023-03-02,,,4.57,4.74
2023-03-03,,,4.57,4.74
2023-03-04,,,4.57,
2023-03-05,,,4.57,
2023-03-06,,,4.57,4.76
2023-03-07,,,4.57,4.87
2023-03-08,8342283.0,,4.57,4.89
2023-03-09,,,4.57,4.87
2023-03-10,,,4.57,4.83
2023-03-11,,,4.57,
2023-03-12,,,4.57,
2023-03-13,,,4.58,4.7
2023-03-14,,,4.58,4.71
2023-03-15,8639300.0,,4.58,4.59
2023-03-16,,,4.58,4.57
2023-03-17,,,4.58,4.36
2023-03-18,,,4.58,
2023-03-19,,,4.58,
2023-03-20,,,4.58,4.65
2023-03-21,,,4.58,4.62
2023-03-22,8733787.0,,4.58,4.63
2023-03-23,,,4.83,4.57
2023-03-24,,,4.83,4.57
2023-03-25,,,4.83,
2023-03-26,,,4.83,
2023-03-27,,,4.83,4.75
2023-03-28,,,4.83,4.64
2023-03-29,8705942.0,,4.83,4.64
2023-03-30,,,4.83,4.8
2023-03-31,,,4.83,4.68
2023-04-01,,4.83,4.83,
2023-04-02,,,4.83,
2023-04-03,,,4.83,4.77
2023-04-04,,,4.83,4.74
2023-04-05,8632384.0,,4.83,4.72
2023-04-06,,,4.83,4.77
2023-04-07,,,4.83,4.81
2023-04-08,,,4.83,
2023-04-09,,,4.83,
2023-04-10,,,4.83,4.94
2023-04-11,,,4.83,4.89
2023-04-12,8614797.0,,4.83,4.87
2023-04-13,,,4.83,4.95
2023-04-14,,,4.83,4.98
2023-04-15,,,4.83,
2023-04-16,,,4.83,
2023-04-17,,,4.83,5.06
2023-04-18,,,4.83,5.04
2023-04-19,8593263.0,,4.83,5.01
2023-04-20,,,4.83,4.97
2023-04-21,,,4.83,4.98
2023-04-22,,,4.83,
2023-04-23,,,4.83,
2023-04-24,,,4.83,5.04
2023-04-25,,,4.83,4.97
2023-04-26,8562768.0,,4.83,5.0
2023-04-27,,,4.83,5.03
2023-04-28,,,4.83,4.95
2023-04-29,,,4.83,
2023-04-30,,,4.83,
2023-05-01,,5.06,4.83,5.1
2023-05-02,,,4.83,5.08
2023-05-03,8503994.0,,4.83,5.09
2023-05-04,,,5.08,5.1
2023-05-05,,,5.08,5.1
2023-05-06,,,5.08,
2023-05-07,,,5.08,
2023-05-08,,,5.08,5.15
2023-05-09,,,5.08,5.13
2023-05-10,8503017.0,,5.08,5.08
2023-05-11,,,5.08,5.04
2023-05-12,,,5.08,5.08
2023-05-13,,,5.08,
2023-05-14,,,5.08,
2023-05-15,,,5.08,5.06
2023-05-16,,,5.08,5.07
2023-05-17,8456760.0,,5.08,5.1
2023-05-18,,,5.08,5.14
2023-05-19,,,5.08,5.12
2023-05-20,,,5.08,
2023-05-21,,,5.08,
2023-05-22,,,5.08,5.24
2023-05-23,,,5.08,5.18
2023-05-24,8436255.0,,5.08,5.21
2023-05-25,,,5.08,5.21
2023-05-26,,,5.08,5.16
2023-05-27,,,5.08,
2023-05-28,,,5.08,
2023-05-29,,,5.08,
2023-05-30,,,5.08,5.28
2023-05-31,8385854.0,,5.08,5.26
2023-06-01,,5.08,5.08,5.24
2023-06-02,,,5.08,5.23
2023-06-03,,,5.08,
2023-06-04,,,5.08,
2023-06-05,,,5.08,5.2
2023-06-06,,,5.08,5.18
2023-06-07,8389325.0,,5.08,5.16
2023-06-08,,,5.08,5.12
2023-06-09,,,5.08,5.11
2023-06-10,,,5.08,
2023-06-11,,,5.08,
2023-06-12,,,5.08,5.14
2023-06-13,,,5.08,5.11
2023-06-14,8388323.0,,5.08,5.1
2023-06-15,,,5.07,5.07
2023-06-16,,,5.08,5.09
2023-06-17,,,5.08,
2023-06-18,,,5.08,
2023-06-19,,,5.08,
2023-06-20,,,5.07,5.14
2023-06-21,8362060.0,,5.07,5.15
2023-06-22,,,5.07,5.15
2023-06-23,,,5.07,5.15
2023-06-24,,,5.07,
2023-06-25,,,5.07,
2023-06-26,,,5.07,5.24
2023-06-27,,,5.07,5.19
2023-06-28,8340914.0,,5.07,5.18
2023-06-29,,,5.07,5.2
2023-06-30,,,5.08,5.17
2023-07-01,,5.12,5.08,
2023-07-02,,,5.08,
2023-07-03,,,5.08,5.21
2023-07-04,,,5.08,
2023-07-05,8298312.0,,5.08,5.21
2023-07-06,,,5.08,5.23
2023-07-07,,,5.08,5.22
2023-07-08,,,5.08,
2023-07-09,,,5.08,
2023-07-10,,,5.07,5.25
2023-07-11,,,5.08,5.25
2023-07-12,8296923.0,,5.08,5.24
2023-07-13,,,5.08,5.24
2023-07-14,,,5.08,5.25
2023-07-15,,,5.08,
2023-07-16,,,5.08,
2023-07-17,,,5.08,5.26
2023-07-18,,,5.08,5.25
2023-07-19,8274552.0,,5.08,5.26
2023-07-20,,,5.08,5.26
2023-07-21,,,5.08,5.27
2023-07-22,,,5.08,
2023-07-23,,,5.08,
2023-07-24,,,5.08,5.28
2023-07-25,,,5.08,5.28
2023-07-26,8243344.0,,5.08,5.28
2023-07-27,,,5.33,5.28
2023-07-28,,,5.33,5.28
2023-07-29,,,5.33,
2023-07-30,,,5.33,
2023-07-31,,,5.33,5.28
2023-08-01,,5.33,5.33,5.27
2023-08-02,8206764.0,,5.33,5.27
2023-08-03,,,5.33,5.27
2023-08-04,,,5.33,5.28
2023-08-05,,,5.33,
2023-08-06,,,5.33,
2023-08-07,,,5.33,5.29
2023-08-08,,,5.33,5.3
2023-08-09,8208241.0,,5.33,5.28
2023-08-10,,,5.33,5.28
2023-08-11,,,5.33,5.28
2023-08-12,,,5.33,
2023-08-13,,,5.33,
2023-08-14,,,5.33,5.29
2023-08-15,,,5.33,5.29
2023-08-16,8145727.0,,5.33,5.29
2023-08-17,,,5.33,5.29
2023-08-18,,,5.33,5.28
2023-08-19,,,5.33,
2023-08-20,,,5.33,
2023-08-21,,,5.33,5.3
2023-08-22,,,5.33,5.3
2023-08-23,8139066.0,,5.33,5.3
2023-08-24,,,5.33,5.31
2023-08-25,,,5.33,5.34
2023-08-26,,,5.33,
2023-08-27,,,5.33,
2023-08-28,,,5.33,5.34
2023-08-29,,,5.33,5.33
2023-08-30,8121316.0,,5.33,5.32
2023-08-31,,,5.33,5.32
2023-09-01,,5.33,5.33,5.3
2023-09-02,,,5.33,
2023-09-03,,,5.33,
2023-09-04,,,5.33,
2023-09-05,,,5.33,5.32
2023-09-06,8101318.0,,5.33,5.31
2023-09-07,,,5.33,5.3
2023-09-08,,,5.33,5.31
2023-09-09,,,5.33,
2023-09-10,,,5.33,
2023-09-11,,,5.33,5.32
2023-09-12,,,5.33,5.32
2023-09-13,8098779.0,,5.33,5.31
2023-09-14,,,5.33,5.31
2023-09-15,,,5.33,5.32
2023-09-16,,,5.33,
2023-09-17,,,5.33,
2023-09-18,,,5.33,5.31
2023-09-19,,,5.33,5.31
2023-09-20,8024090.0,,5.33,5.33
2023-09-21,,,5.33,5.33
2023-09-22,,,5.33,5.32
2023-09-23,,,5.33,
2023-09-24,,,5.33,
2023-09-25,,,5.33,5.35
2023-09-26,,,5.33,5.34
2023-09-27,8002064.0,,5.33,5.34
2023-09-28,,,5.33,5.32
2023-09-29,,,5.33,5.32
2023-09-30,,,5.33,
2023-10-01,,5.33,5.33,
2023-10-02,,,5.33,5.35
2023-10-03,,,5.33,5.35
2023-10-04,7955782.0,,5.33,5.34
2023-10-05,,,5.33,5.34
2023-10-06,,,5.33,5.36
2023-10-07,,,5.33,
2023-10-08,,,5.33,
2023-10-09,,,5.33,
2023-10-10,,,5.33,5.34
2023-10-11,7952054.0,,5.33,5.34
2023-10-12,,,5.33,5.35
2023-10-13,,,5.33,5.35
2023-10-14,,,5.33,
2023-10-15,,,5.33,
2023-10-16,,,5.33,5.34
2023-10-17,,,5.33,5.35
2023-10-18,7933162.0,,5.33,5.34
2023-10-19,,,5.33,5.33
2023-10-20,,,5.33,5.31
2023-10-21,,,5.33,
2023-10-22,,,5.33,
2023-10-23,,,5.33,5.32
2023-10-24,,,5.33,5.31
2023-10-25,7907830.0,,5.33,5.32
2023-10-26,,,5.33,5.32
2023-10-27,,,5.33,5.32
2023-10-28,,,5.33,
2023-10-29,,,5.33,
2023-10-30,,,5.33,5.33
2023-10-31,,,5.33,5.33
2023-11-01,7866664.0,5.33,5.33,5.31
2023-11-02,,,5.33,5.28
2023-11-03,,,5.33,5.27
2023-11-04,,,5.33,
2023-11-05,,,5.33,
2023-11-06,,,5.33,5.29
2023-11-07,,,5.33,5.28
2023-11-08,7860691.0,,5.33,5.28
2023-11-09,,,5.33,5.27
2023-11-10,,,5.33,5.26
2023-11-11,,,5.33,
2023-11-12,,,5.33,
2023-11-13,,,5.33,5.28
2023-11-14,,,5.33,5.26
2023-11-15,7814991.0,,5.33,5.26
2023-11-16,,,5.33,5.25
2023-11-17,,,5.33,5.25
2023-11-18,,,5.33,
2023-11-19,,,5.33,
2023-11-20,,,5.33,5.27
2023-11-21,,,5.33,5.26
2023-11-22,7810814.0,,5.33,5.27
2023-11-23,,,5.33,
2023-11-24,,,5.33,5.28
2023-11-25,,,5.33,
2023-11-26,,,5.33,
2023-11-27,,,5.33,5.28
2023-11-28,,,5.33,5.27
2023-11-29,7796145.0,,5.33,5.25
2023-11-30,,,5.33,5.25
2023-12-01,,5.33,5.33,5.23
2023-12-02,,,5.33,
2023-12-03,,,5.33,
2023-12-04,,,5.33,5.26
2023-12-05,,,5.33,5.25
2023-12-06,7737385.0,,5.33,5.25
2023-12-07,,,5.33,5.24
2023-12-08,,,5.33,5.24
2023-12-09,,,5.33,
2023-12-10,,,5.33,
2023-12-11,,,5.33,5.26
2023-12-12,,,5.33,5.26
2023-12-13,7739566.0,,5.33,5.24
2023-12-14,,,5.33,5.23
2023-12-15,,,5.33,5.24
2023-12-16,,,5.33,
2023-12-17,,,5.33,
2023-12-18,,,5.33,5.26
2023-12-19,,,5.33,5.23
2023-12-20,7724063.0,,5.33,5.24
2023-12-21,,,5.33,5.22
2023-12-22,,,5.33,5.24
2023-12-23,,,5.33,
2023-12-24,,,5.33,
2023-12-25,,,5.33,
2023-12-26,,,5.33,5.25
2023-12-27,7712781.0,,5.33,5.24
2023-12-28,,,5.33,5.25
2023-12-29,,,5.33,5.2
2023-12-30,,,5.33,
2023-12-31,,,5.33,
2024-01-01,,5.33,5.33,
2024-01-02,,,5.33,5.22
2024-01-03,7681024.0,,5.33,5.24
2024-01-04,,,5.33,5.24
2024-01-05,,,5.33,5.24
2024-01-06,,,5.33,
2024-01-07,,,5.33,
2024-01-08,,,5.33,5.25
2024-01-09,,,5.33,5.24
2024-01-10,7686710.0,,5.33,5.23
2024-01-11,,,5.33,5.23
2024-01-12,,,5.33,5.22
2024-01-13,,,5.33,
2024-01-14,,,5.33,
2024-01-15,,,5.33,
2024-01-16,,,5.33,5.22
2024-01-17,7673741.0,,5.33,5.24
2024-01-18,,,5.33,5.22
2024-01-19,,,5.33,5.22
2024-01-20,,,5.33,
2024-01-21,,,5.33,
2024-01-22,,,5.33,5.22
2024-01-23,,,5.33,5.21
2024-01-24,7677230.0,,5.33,5.21
2024-01-25,,,5.33,5.21
2024-01-26,,,5.33,5.21
2024-01-27,,,5.33,
2024-01-28,,,5.33,
2024-01-29,,,5.33,5.22
2024-01-30,,,5.33,5.21
2024-01-31,7630124.0,,5.33,5.22
2024-02-01,,5.33,5.33,5.22
2024-02-02,,,5.33,5.23
2024-02-03,,,5.33,
2024-02-04,,,5.33,
2024-02-05,,,5.33,5.22
2024-02-06,,,5.33,5.23
2024-02-07,7631300.0,,5.33,5.23
2024-02-08,,,5.33,5.23
2024-02-09,,,5.33,5.24
2024-02-10,,,5.33,
2024-02-11,,,5.33,
2024-02-12,,,5.33,5.23
2024-02-13,,,5.33,5.25
2024-02-14,7633874.0,,5.33,5.23
2024-02-15,,,5.33,5.23
2024-02-16,,,5.33,5.24
2024-02-17,,,5.33,
2024-02-18,,,5.33,
2024-02-19,,,5.33,
2024-02-20,,,5.33,5.24
2024-02-21,7581683.0,,5.33,5.24
2024-02-22,,,5.33,5.25
2024-02-23,,,5.33,5.26
2024-02-24,,,5.33,
2024-02-25,,,5.33,
2024-02-26,,,5.33,5.26
2024-02-27,,,5.33,5.25
2024-02-28,7567807.0,,5.33,5.24
2024-02-29,,,5.33,5.25
2024-03-01,,5.33,5.33,5.23
2024-03-02,,,5.33,
2024-03-03,,,5.33,
2024-03-04,,,5.33,5.24
2024-03-05,,,5.33,5.23
2024-03-06,7538857.0,,5.33,5.24
2024-03-07,,,5.33,5.24
2024-03-08,,,5.33,5.24
2024-03-09,,,5.33,
2024-03-10,,,5.33,
2024-03-11,,,5.33,5.24
2024-03-12,,,5.33,5.25
2024-03-13,7541969.0,,5.33,5.25
2024-03-14,,,5.33,5.25
2024-03-15,,,5.33,5.25
2024-03-16,,,5.33,
2024-03-17,,,5.33,
2024-03-18,,,5.33,5.25
2024-03-19,,,5.33,5.24
2024-03-20,7514348.0,,5.33,5.24
2024-03-21,,,5.33,5.25
2024-03-22,,,5.33,5.24
2024-03-23,,,5.33,
2024-03-24,,,5.33,
2024-03-25,,,5.33,5.23
2024-03-26,,,5.33,5.22
2024-03-27,7484739.0,,5.33,5.22
2024-03-28,,,5.33,5.23
2024-03-29,,,5.33,
2024-03-30,,,5.33,
2024-03-31,,,5.33,
2024-04-01,,5.33,5.33,5.23
2024-04-02,,,5.33,5.22
2024-04-03,7439558.0,,5.33,5.22
2024-04-04,,,5.33,5.21
2024-04-05,,,5.33,5.23
2024-04-06,,,5.33,
2024-04-07,,,5.33,
2024-04-08,,,5.33,5.23
2024-04-09,,,5.33,5.23
2024-04-10,7438176.0,,5.33,5.25
2024-04-11,,,5.33,5.25
2024-04-12,,,5.33,5.25
2024-04-13,,,5.33,
2024-04-14,,,5.33,
2024-04-15,,,5.33,5.25
2024-04-16,,,5.33,5.25
2024-04-17,7405506.0,,5.33,5.25
2024-04-18,,,5.33,5.25
2024-04-19,,,5.33,5.25
2024-04-20,,,5.33,
2024-04-21,,,5.33,
2024-04-22,,,5.33,5.22
2024-04-23,,,5.33,5.25
2024-04-24,7402434.0,,5.33,5.26
2024-04-25,,,5.33,5.26
2024-04-26,,,5.33,5.25
2024-04-27,,,5.33,
2024-04-28,,,5.33,
2024-04-29,,,5.33,5.25
2024-04-30,,,5.33,5.25
2024-05-01,7362474.0,5.33,5.33,5.26
2024-05-02,,,5.33,5.25
2024-05-03,,,5.33,5.25
2024-05-04,,,5.33,
2024-05-05,,,5.33,
2024-05-06,,,5.33,5.25
2024-05-07,,,5.33,5.25
2024-05-08,7353408.0,,5.33,5.25
2024-05-09,,,5.33,5.25
2024-05-10,,,5.33,5.26
2024-05-11,,,5.33,
2024-05-12,,,5.33,
2024-05-13,,,5.33,5.25
2024-05-14,,,5.33,5.24
2024-05-15,7304272.0,,5.33,5.25
2024-05-16,,,5.33,5.25
2024-05-17,,,5.33,5.25
2024-05-18,,,5.33,
2024-05-19,,,5.33,
2024-05-20,,,5.33,5.25
2024-05-21,,,5.33,5.25
2024-05-22,7299566.0,,5.33,5.25
2024-05-23,,,5.33,5.26
2024-05-24,,,5.33,5.26
2024-05-25,,,5.33,
2024-05-26,,,5.33,
2024-05-27,,,5.33,
2024-05-28,,,5.33,5.26
2024-05-29,7284319.0,,5.33,5.26
2024-05-30,,,5.33,5.26
2024-05-31,,,5.33,5.25
2024-06-01,,5.33,5.33,
2024-06-02,,,5.33,
2024-06-03,,,5.33,5.26
2024-06-04,,,5.33,5.25
2024-06-05,7255687.0,,5.33,5.25
2024-06-06,,,5.33,5.25
2024-06-07,,,5.33,5.26
2024-06-08,,,5.33,
2024-06-09,,,5.33,
2024-06-10,,,5.33,5.25
2024-06-11,,,5.33,5.25
2024-06-12,7258974.0,,5.33,5.25
2024-06-13,,,5.33,5.25
2024-06-14,,,5.33,5.25
2024-06-15,,,5.33,
2024-06-16,,,5.33,
2024-06-17,,,5.33,5.25
2024-06-18,,,5.33,5.24
2024-06-19,7252542.0,,5.33,
2024-06-20,,,5.33,5.24
2024-06-21,,,5.33,5.23
2024-06-22,,,5.33,
2024-06-23,,,5.33,
2024-06-24,,,5.33,5.24
2024-06-25,,,5.33,5.23
2024-06-26,7231163.0,,5.33,5.24
2024-06-27,,,5.33,5.23
2024-06-28,,,5.33,5.22
2024-06-29,,,5.33,
2024-06-30,,,5.33,
2024-07-01,,5.33,5.33,5.24
2024-07-02,,,5.33,5.24
2024-07-03,7221520.0,,5.33,5.24
2024-07-04,,,5.33,
2024-07-05,,,5.33,5.23
2024-07-06,,,5.33,
2024-07-07,,,5.33,
2024-07-08,,,5.33,5.23
2024-07-09,,,5.33,5.23
2024-07-10,7224079.0,,5.33,5.23
2024-07-11,,,5.33,5.21
2024-07-12,,,5.33,5.21
2024-07-13,,,5.33,
2024-07-14,,,5.33,
2024-07-15,,,5.33,5.2
2024-07-16,,,5.33,5.2
2024-07-17,7208247.0,,5.33,5.2
2024-07-18,,,5.33,5.21
2024-07-19,,,5.33,5.2
2024-07-20,,,5.33,
2024-07-21,,,5.33,
2024-07-22,,,5.33,5.19
2024-07-23,,,5.33,5.18
2024-07-24,7205455.0,,5.33,5.18
2024-07-25,,,5.33,5.17
2024-07-26,,,5.33,5.16
2024-07-27,,,5.33,
2024-07-28,,,5.33,
2024-07-29,,,5.33,5.15
2024-07-30,,,5.33,5.14
2024-07-31,7178391.0,,5.33,5.15
2024-08-01,,5.33,5.33,5.12
2024-08-02,,,5.33,5.05
2024-08-03,,,5.33,
2024-08-04,,,5.33,
2024-08-05,,,5.33,5.09
2024-08-06,,,5.33,5.09
2024-08-07,7175256.0,,5.33,5.09
2024-08-08,,,5.33,5.09
2024-08-09,,,5.33,5.09
2024-08-10,,,5.33,
2024-08-11,,,5.33,
2024-08-12,,,5.33,5.07
2024-08-13,,,5.33,5.06
2024-08-14,7177688.0,,5.33,5.07
2024-08-15,,,5.33,5.09
2024-08-16,,,5.33,5.08
2024-08-17,,,5.33,
2024-08-18,,,5.33,
2024-08-19,,,5.33,5.06
2024-08-20,,,5.33,5.04
2024-08-21,7139952.0,,5.33,5.02
2024-08-22,,,5.33,5.04
2024-08-23,,,5.33,5.01
2024-08-24,,,5.33,
2024-08-25,,,5.33,
2024-08-26,,,5.33,4.98
2024-08-27,,,5.33,4.98
2024-08-28,7123238.0,,5.33,4.96
2024-08-29,,,5.33,4.98
2024-08-30,,,5.33,4.98
2024-08-31,,,5.33,
2024-09-01,,5.13,5.33,
2024-09-02,,,5.33,
2024-09-03,,,5.33,4.97
2024-09-04,7112567.0,,5.33,4.96
2024-09-05,,,5.33,4.94
2024-09-06,,,5.33,4.93
2024-09-07,,,5.33,
2024-09-08,,,5.33,
2024-09-09,,,5.33,4.89
2024-09-10,,,5.33,4.85
2024-09-11,7115001.0,,5.33,4.89
2024-09-12,,,5.33,4.85
2024-09-13,,,5.33,4.78
2024-09-14,,,5.33,
2024-09-15,,,5.33,
2024-09-16,,,5.33,4.75
2024-09-17,,,5.33,4.75
2024-09-18,7109137.0,,5.33,4.65
2024-09-19,,,4.83,4.61
2024-09-20,,,4.83,4.56
2024-09-21,,,4.83,
2024-09-22,,,4.83,
2024-09-23,,,4.83,4.53
2024-09-24,,,4.83,4.5
2024-09-25,7080059.0,,4.83,4.51
2024-09-26,,,4.83,4.5
2024-09-27,,,4.83,4.5
2024-09-28,,,4.83,
2024-09-29,,,4.83,
2024-09-30,,,4.83,4.52
2024-10-01,,4.83,4.83,4.5
2024-10-02,7046925.0,,4.83,4.48
2024-10-03,,,4.83,4.48
2024-10-04,,,4.83,4.53
2024-10-05,,,4.83,
2024-10-06,,,4.83,
2024-10-07,,,4.83,4.55
2024-10-08,,,4.83,4.53
2024-10-09,7046840.0,,4.83,4.54
2024-10-10,,,4.83,4.54
2024-10-11,,,4.83,4.53
2024-10-12,,,4.83,
2024-10-13,,,4.83,
2024-10-14,,,4.83,
2024-10-15,,,4.83,4.52
2024-10-16,7039284.0,,4.83,4.51
2024-10-17,,,4.83,4.54
2024-10-18,,,4.83,4.53
2024-10-19,,,4.83,
2024-10-20,,,4.83,
2024-10-21,,,4.83,4.51
2024-10-22,,,4.83,4.51
2024-10-23,7029408.0,,4.83,4.52
2024-10-24,,,4.83,4.5
2024-10-25,,,4.83,4.52
2024-10-26,,,4.83,
2024-10-27,,,4.83,
2024-10-28,,,4.83,4.49
2024-10-29,,,4.83,4.49
2024-10-30,7013490.0,,4.83,4.47
2024-10-31,,,4.83,4.44
2024-11-01,,4.64,4.83,4.41
2024-11-02,,,4.83,
2024-11-03,,,4.83,
2024-11-04,,,4.83,4.44
2024-11-05,,,4.83,4.43
2024-11-06,6994299.0,,4.83,4.44
2024-11-07,,,4.83,4.43
2024-11-08,,,4.58,4.43
2024-11-09,,,4.58,
2024-11-10,,,4.58,
2024-11-11,,,4.58,
2024-11-12,,,4.58,4.43
2024-11-13,6967108.0,,4.58,4.4
2024-11-14,,,4.58,4.41
2024-11-15,,,4.58,4.41
2024-11-16,,,4.58,
2024-11-17,,,4.58,
2024-11-18,,,4.58,4.42
2024-11-19,,,4.58,4.41
2024-11-20,6923731.0,,4.58,4.42
2024-11-21,,,4.58,4.43
2024-11-22,,,4.58,4.43
2024-11-23,,,4.58,
2024-11-24,,,4.58,
2024-11-25,,,4.58,4.42
2024-11-26,,,4.58,4.4
2024-11-27,6905140.0,,4.58,4.4
2024-11-28,,,4.58,
2024-11-29,,,4.58,4.39
2024-11-30,,,4.58,
2024-12-01,,4.48,4.58,
2024-12-02,,,4.58,4.38
2024-12-03,,,4.58,4.36
2024-12-04,6895827.0,,4.58,4.35
2024-12-05,,,4.58,4.34
2024-12-06,,,4.58,4.31
2024-12-07,,,4.58,
2024-12-08,,,4.58,
2024-12-09,,,4.58,4.3
2024-12-10,,,4.58,4.29
2024-12-11,6897485.0,,4.58,4.26
2024-12-12,,,4.58,4.23
2024-12-13,,,4.58,4.23
2024-12-14,,,4.58,
2024-12-15,,,4.58,
2024-12-16,,,4.58,4.25
2024-12-17,,,4.58,4.26
2024-12-18,6889332.0,,4.58,4.25
2024-12-19,,,4.33,4.23
2024-12-20,,,4.33,4.23
2024-12-21,,,4.33,
2024-12-22,,,4.33,
2024-12-23,,,4.33,4.24
2024-12-24,,,4.33,4.28
2024-12-25,6885963.0,,4.33,
2024-12-26,,,4.33,4.24
2024-12-27,,,4.33,4.19
2024-12-28,,,4.33,
2024-12-29,,,4.33,
2024-12-30,,,4.33,4.23
2024-12-31,,,4.33,4.23
2025-01-01,6852491.0,4.33,4.33,
2025-01-02,,,4.33,4.22
2025-01-03,,,4.33,4.2
2025-01-04,,,4.33,
2025-01-05,,,4.33,
2025-01-06,,,4.33,4.21
2025-01-07,,,4.33,4.21
2025-01-08,6853554.0,,4.33,4.21
2025-01-09,,,4.33,4.21
2025-01-10,,,4.33,4.22
2025-01-11,,,4.33,
2025-01-12,,,4.33,
2025-01-13,,,4.33,4.23
2025-01-14,,,4.33,4.22
2025-01-15,6834070.0,,4.33,4.21
2025-01-16,,,4.33,4.21
2025-01-17,,,4.33,4.2
2025-01-18,,,4.33,
2025-01-19,,,4.33,
2025-01-20,,,4.33,
2025-01-21,,,4.33,4.22
2025-01-22,6831760.0,,4.33,4.22
2025-01-23,,,4.33,4.22
2025-01-24,,,4.33,4.21
2025-01-25,,,4.33,
2025-01-26,,,4.33,
2025-01-27,,,4.33,4.2
2025-01-28,,,4.33,4.2
2025-01-29,6818186.0,,4.33,4.2
2025-01-30,,,4.33,4.19
2025-01-31,,,4.33,4.2
2025-02-01,,4.33,4.33,
2025-02-02,,,4.33,
2025-02-03,,,4.33,4.22
2025-02-04,,,4.33,4.22
2025-02-05,6810935.0,,4.33,4.22
2025-02-06,,,4.33,4.22
2025-02-07,,,4.33,4.24
2025-02-08,,,4.33,
2025-02-09,,,4.33,
2025-02-10,,,4.33,4.23
2025-02-11,,,4.33,4.23
2025-02-12,6813513.0,,4.33,4.23
2025-02-13,,,4.33,4.22
2025-02-14,,,4.33,4.22
2025-02-15,,,4.33,
2025-02-16,,,4.33,
2025-02-17,,,4.33,
2025-02-18,,,4.33,4.23
2025-02-19,6782332.0,,4.33,4.22
2025-02-20,,,4.33,4.21
2025-02-21,,,4.33,4.21
2025-02-22,,,4.33,
2025-02-23,,,4.33,
2025-02-24,,,4.33,4.19
2025-02-25,,,4.33,4.19
2025-02-26,6766101.0,,4.33,4.2
2025-02-27,,,4.33,4.2
2025-02-28,,,4.33,4.2
2025-03-01,,4.33,4.33,
2025-03-02,,,4.33,
2025-03-03,,,4.33,4.21
2025-03-04,,,4.33,4.2
2025-03-05,6756764.0,,4.33,4.21
2025-03-06,,,4.33,4.2
2025-03-07,,,4.33,4.2
2025-03-08,,,4.33,
2025-03-09,,,4.33,
2025-03-10,,,4.33,4.19
2025-03-11,,,4.33,4.2
2025-03-12,6759571.0,,4.33,4.21
2025-03-13,,,4.33,4.2
2025-03-14,,,4.33,4.2
2025-03-15,,,4.33,
2025-03-16,,,4.33,
2025-03-17,,,4.33,4.2
2025-03-18,,,4.33,4.2
2025-03-19,6755982.0,,4.33,4.2
2025-03-20,,,4.33,4.19
2025-03-21,,,4.33,4.19
2025-03-22,,,4.33,
2025-03-23,,,4.33,
2025-03-24,,,4.33,4.19
2025-03-25,,,4.33,4.19
2025-03-26,6740253.0,,4.33,4.2
2025-03-27,,,4.33,4.2
2025-03-28,,,4.33,4.2
2025-03-29,,,4.33,
2025-03-30,,,4.33,
2025-03-31,,,4.33,4.21
2025-04-01,,4.33,4.33,4.2
2025-04-02,6723452.0,,4.33,4.21
2025-04-03,,,4.33,4.2
2025-04-04,,,4.33,4.17
2025-04-05,,,4.33,
2025-04-06,,,4.33,
2025-04-07,,,4.33,4.17
2025-04-08,,,4.33,4.19
2025-04-09,6727416.0,,4.33,4.24
2025-04-10,,,4.33,4.22
2025-04-11,,,4.33,4.23
2025-04-12,,,4.33,
2025-04-13,,,4.33,
2025-04-14,,,4.33,4.22
2025-04-15,,,4.33,4.22
2025-04-16,6727113.0,,4.33,4.21
2025-04-17,,,4.33,4.23
2025-04-18,,,4.33,
2025-04-19,,,4.33,
2025-04-20,,,4.33,
2025-04-21,,,4.33,4.22
2025-04-22,,,4.33,4.22
2025-04-23,6726930.0,,4.33,4.22
2025-04-24,,,4.33,4.21
2025-04-25,,,4.33,4.21
2025-04-26,,,4.33,
2025-04-27,,,4.33,
2025-04-28,,,4.33,4.2
2025-04-29,,,4.33,4.2
2025-04-30,6709277.0,,4.33,4.2
2025-05-01,,4.33,4.33,4.2
2025-05-02,,,4.33,4.22
2025-05-03,,,4.33,
2025-05-04,,,4.33,
2025-05-05,,,4.33,4.22
2025-05-06,,,4.33,4.22
2025-05-07,6710889.0,,4.33,4.22
2025-05-08,,,4.33,4.23
2025-05-09,,,4.33,4.22
2025-05-10,,,4.33,
2025-05-11,,,4.33,
2025-05-12,,,4.33,4.31
2025-05-13,,,4.33,4.29
2025-05-14,6713270.0,,4.33,4.29
2025-05-15,,,4.33,4.27
2025-05-16,,,4.33,4.25
2025-05-17,,,4.33,
2025-05-18,,,4.33,
2025-05-19,,,4.33,4.28
2025-05-20,,,4.33,4.26
2025-05-21,6688726.0,,4.33,4.24
2025-05-22,,,4.33,4.25
2025-05-23,,,4.33,4.24
2025-05-24,,,4.33,
2025-05-25,,,4.33,
2025-05-26,,,4.33,
2025-05-27,,,4.33,4.24
2025-05-28,6673244.0,,4.33,4.24
2025-05-29,,,4.33,4.25
2025-05-30,,,4.33,4.25
2025-05-31,,,4.33,
2025-06-01,,4.33,4.33,
2025-06-02,,,4.33,4.25
2025-06-03,,,4.33,4.24
2025-06-04,6672885.0,,4.33,4.25
2025-06-05,,,4.33,4.25
2025-06-06,,,4.33,4.25
2025-06-07,,,4.33,
2025-06-08,,,4.33,
2025-06-09,,,4.33,4.25
2025-06-10,,,4.33,4.26
2025-06-11,6677155.0,,4.33,4.26
2025-06-12,,,4.33,4.27
2025-06-13,,,4.33,4.26
2025-06-14,,,4.33,
2025-06-15,,,4.33,
2025-06-16,,,4.33,4.24
2025-06-17,,,4.33,4.23
2025-06-18,6681056.0,,4.33,4.23
2025-06-19,,,4.33,
2025-06-20,,,4.33,4.21
2025-06-21,,,4.33,
2025-06-22,,,4.33,
2025-06-23,,,4.33,4.19
2025-06-24,,,4.33,4.19
2025-06-25,6662200.0,,4.33,4.19
2025-06-26,,,4.33,4.21
2025-06-27,,,4.33,4.2
2025-06-28,,,4.33,
2025-06-29,,,4.33,
2025-06-30,,,4.33,4.24
2025-07-01,,4.33,4.33,4.24
2025-07-02,6659598.0,,4.33,4.24
2025-07-03,,,4.33,4.26
2025-07-04,,,4.33,
2025-07-05,,,4.33,
2025-07-06,,,4.33,
2025-07-07,,,4.33,4.26
2025-07-08,,,4.33,4.26
2025-07-09,6661912.0,,4.33,4.26
2025-07-10,,,4.33,4.25
2025-07-11,,,4.33,4.25
2025-07-12,,,4.33,
2025-07-13,,,4.33,
2025-07-14,,,4.33,4.26
2025-07-15,,,4.33,4.25
2025-07-16,6659273.0,,4.33,4.24
2025-07-17,,,4.33,4.24
2025-07-18,,,4.33,4.24
2025-07-19,,,4.33,
2025-07-20,,,4.33,
2025-07-21,,,4.33,4.24
2025-07-22,,,4.33,4.24
2025-07-23,6657715.0,,4.33,4.25
2025-07-24,,,4.33,4.25
2025-07-25,,,4.33,4.25
2025-07-26,,,4.33,
2025-07-27,,,4.33,
2025-07-28,,,4.33,4.24
2025-07-29,,,4.33,4.24
2025-07-30,6642578.0,,4.33,4.25
2025-07-31,,,4.33,4.24
2025-08-01,,4.33,4.33,4.19
2025-08-02,,,4.33,
2025-08-03,,,4.33,
2025-08-04,,,4.33,4.16
2025-08-05,,,4.33,4.16
2025-08-06,6640843.0,,4.33,4.14
2025-08-07,,,4.33,4.14
2025-08-08,,,4.33,4.14
2025-08-09,,,4.33,
2025-08-10,,,4.33,
2025-08-11,,,4.33,4.15
2025-08-12,,,4.33,4.14
2025-08-13,6643615.0,,4.33,4.11
2025-08-14,,,4.33,4.12
2025-08-15,,,4.33,4.12
2025-08-16,,,4.33,
2025-08-17,,,4.33,
2025-08-18,,,4.33,4.14
2025-08-19,,,4.33,4.12
2025-08-20,6618415.0,,4.33,4.12
2025-08-21,,,4.33,4.14
2025-08-22,,,4.33,4.1
2025-08-23,,,4.33,
2025-08-24,,,4.33,
2025-08-25,,,4.33,4.1
2025-08-26,,,4.33,4.1
2025-08-27,6603384.0,,4.33,4.08
2025-08-28,,,4.33,4.08
2025-08-29,,,4.33,4.05
2025-08-30,,,4.33,
2025-08-31,,,4.33,
2025-09-01,,4.22,4.33,
2025-09-02,,,4.33,4.05
2025-09-03,6602071.0,,4.33,4.03
2025-09-04,,,4.33,4.01
2025-09-05,,,4.33,3.92
2025-09-06,,,4.33,
2025-09-07,,,4.33,
2025-09-08,,,4.33,3.95
2025-09-09,,,4.33,3.95
2025-09-10,6605962.0,,4.33,3.94
2025-09-11,,,4.33,3.94
2025-09-12,,,4.33,3.94
2025-09-13,,,4.33,
2025-09-14,,,4.33,
2025-09-15,,,4.33,3.91
2025-09-16,,,4.33,3.9
2025-09-17,6608597.0,,4.33,3.88
2025-09-18,,,4.08,3.89
2025-09-19,,,4.08,3.89
2025-09-20,,,4.08,
2025-09-21,,,4.08,
2025-09-22,,,4.09,3.86
2025-09-23,,,4.09,3.86
2025-09-24,6608395.0,,4.09,3.87
2025-09-25,,,4.09,3.89
2025-09-26,,,4.09,3.87
2025-09-27,,,4.09,
2025-09-28,,,4.09,
2025-09-29,,,4.09,3.86
2025-09-30,,,4.09,3.86
2025-10-01,6587119.0,4.09,4.09,3.85
2025-10-02,,,4.09,3.86
2025-10-03,,,4.09,3.87
2025-10-04,,,4.09,
2025-10-05,,,4.09,
2025-10-06,,,4.09,3.86
2025-10-07,,,4.09,3.85
2025-10-08,6590815.0,,4.1,3.85
2025-10-09,,,4.1,3.87
2025-10-10,,,4.1,3.86
2025-10-11,,,4.1,
2025-10-12,,,4.1,
2025-10-13,,,4.1,
2025-10-14,,,4.1,3.85
2025-10-15,6596454.0,,4.1,3.87
2025-10-16,,,4.11,3.86
2025-10-17,,,4.11,3.84
2025-10-18,,,4.11,
2025-10-19,,,4.11,
2025-10-20,,,4.11,3.81
2025-10-21,,,4.11,3.8
2025-10-22,6589533.0,,4.11,3.8
2025-10-23,,,4.11,3.8
2025-10-24,,,4.11,3.77
2025-10-25,,,4.11,
2025-10-26,,,4.11,
2025-10-27,,,4.12,3.73
2025-10-28,,,4.12,3.73
2025-10-29,6587034.0,,4.12,3.77
2025-10-30,,,3.87,3.76
2025-10-31,,,3.86,3.73
2025-11-01,,3.88,3.86,
2025-11-02,,,3.86,
2025-11-03,,,3.87,3.82
2025-11-04,,,3.87,3.8
2025-11-05,6572732.0,,3.87,3.8
2025-11-06,,,3.87,3.77
2025-11-07,,,3.87,3.77
2025-11-08,,,3.87,
2025-11-09,,,3.87,
2025-11-10,,,3.87,3.79
2025-11-11,,,3.87,
2025-11-12,6580462.0,,3.87,3.79
2025-11-13,,,3.88,3.8
2025-11-14,,,3.88,3.8
2025-11-15,,,3.88,
2025-11-16,,,3.88,
2025-11-17,,,3.88,3.8
2025-11-18,,,3.88,3.78
2025-11-19,6555283.0,,3.88,3.79
2025-11-20,,,3.88,3.78
2025-11-21,,,3.88,3.75
2025-11-22,,,3.88,
2025-11-23,,,3.88,
2025-11-24,,,3.88,3.75
2025-11-25,,,3.88,3.74
2025-11-26,6552419.0,,3.88,3.76
2025-11-27,,,3.88,
2025-11-28,,,3.89,3.73
2025-11-29,,,3.89,
2025-11-30,,,3.89,
2025-12-01,,3.72,3.89,3.71
2025-12-02,,,3.89,3.68
2025-12-03,6535781.0,,3.89,3.64
2025-12-04,,,3.89,3.63
2025-12-05,,,3.89,3.62
2025-12-06,,,3.89,
2025-12-07,,,3.89,
2025-12-08,,,3.89,3.64
2025-12-09,,,3.89,3.64
2025-12-10,6539303.0,,3.89,3.6
2025-12-11,,,3.64,3.58
2025-12-12,,,3.64,3.54
2025-12-13,,,3.64,
2025-12-14,,,3.64,
2025-12-15,,,3.64,3.56
2025-12-16,,,3.64,3.56
2025-12-17,6556861.0,,3.64,3.55
2025-12-18,,,3.64,3.53
2025-12-19,,,3.64,3.54
2025-12-20,,,3.64,
2025-12-21,,,3.64,
2025-12-22,,,3.64,3.56
2025-12-23,,,3.64,3.56
2025-12-24,6581231.0,,3.64,3.6
2025-12-25,,,3.64,
2025-12-26,,,3.64,3.56
2025-12-27,,,3.64,
2025-12-28,,,3.64,
2025-12-29,,,3.64,3.57
2025-12-30,,,3.64,3.55
2025-12-31,6640618.0,,3.64,3.57
2026-01-01,,3.64,3.64,
2026-01-02,,,3.64,3.54
2026-01-03,,,3.64,
2026-01-04,,,3.64,
2026-01-05,,,3.64,3.54
2026-01-06,,,3.64,3.53
2026-01-07,6573602.0,,3.64,3.52
2026-01-08,,,3.64,3.52
2026-01-09,,,3.64,3.52
2026-01-10,,,3.64,
2026-01-11,,,3.64,
2026-01-12,,,3.64,3.56
2026-01-13,,,3.64,3.57
2026-01-14,6581700.0,,3.64,3.57
2026-01-15,,,3.64,3.57
2026-01-16,,,3.64,3.57
2026-01-17,,,3.64,
2026-01-18,,,3.64,
2026-01-19,,,3.64,
2026-01-20,,,3.64,3.59
2026-01-21,6584580.0,,3.64,3.59
2026-01-22,,,3.64,3.6
2026-01-23,,,3.64,3.59
2026-01-24,,,3.64,
2026-01-25,,,3.64,
2026-01-26,,,3.64,3.59
2026-01-27,,,3.64,3.58
2026-01-28,6587568.0,,3.64,3.59
2026-01-29,,,3.64,3.59
2026-01-30,,,3.64,3.58
2026-01-31,,,3.64,
2026-02-01,,3.64,3.64,
2026-02-02,,,3.64,3.6
2026-02-03,,,3.64,3.6
2026-02-04,6605909.0,,3.64,3.6
2026-02-05,,,3.64,3.59
2026-02-06,,,3.64,3.6
2026-02-07,,,3.64,
2026-02-08,,,3.64,
2026-02-09,,,3.64,3.6
2026-02-10,,,3.64,3.6
2026-02-11,6622382.0,,3.64,3.61
2026-02-12,,,3.64,3.61
2026-02-13,,,3.64,3.6
2026-02-14,,,3.64,
2026-02-15,,,3.64,
2026-02-16,,,3.64,
2026-02-17,,,3.64,3.61
2026-02-18,6613395.0,,3.64,3.61
2026-02-19,,,3.64,3.61
2026-02-20,,,3.64,3.6
2026-02-21,,,3.64,
2026-02-22,,,3.64,
2026-02-23,,,3.64,3.6
2026-02-24,,,3.64,3.6
2026-02-25,6613797.0,,3.64,3.6
2026-02-26,,,3.64,3.6
2026-02-27,,,3.64,3.59
2026-02-28,,,3.64,
2026-03-01,,3.64,3.64,
2026-03-02,,,3.64,3.61
2026-03-03,,,3.64,3.6
2026-03-04,6628894.0,,3.64,3.6
2026-03-05,,,3.64,3.59
2026-03-06,,,3.64,3.58
2026-03-07,,,3.64,
2026-03-08,,,3.64,
2026-03-09,,,3.64,3.61
2026-03-10,,,3.64,3.6
2026-03-11,6646344.0,,3.64,3.61
2026-03-12,,,3.64,3.61
2026-03-13,,,3.64,3.61
2026-03-14,,,3.64,
2026-03-15,,,3.64,
2026-03-16,,,3.64,3.61
2026-03-17,,,3.64,3.61
2026-03-18,6655939.0,,3.64,3.62
2026-03-19,,,3.64,3.62
2026-03-20,,,3.64,3.63
2026-03-21,,,3.64,
2026-03-22,,,3.64,
2026-03-23,,,3.64,3.63
2026-03-24,,,3.64,3.63
2026-03-25,6657161.0,,3.64,3.63
2026-03-26,,,3.64,3.63
2026-03-27,,,3.64,3.62
2026-03-28,,,3.64,
2026-03-29,,,3.64,
2026-03-30,,,3.64,3.62
2026-03-31,,,3.64,3.61
2026-04-01,6675344.0,3.64,3.64,3.61
2026-04-02,,,3.64,3.61
2026-04-03,,,3.64,3.62
2026-04-04,,,3.64,
2026-04-05,,,3.64,
2026-04-06,,,3.64,3.64
2026-04-07,,,3.64,3.62
2026-04-08,6693871.0,,3.64,3.61
2026-04-09,,,3.64,3.6
2026-04-10,,,3.64,3.6
2026-04-11,,,3.64,
2026-04-12,,,3.64,
2026-04-13,,,3.64,3.62
2026-04-14,,,3.64,3.62
2026-04-15,6705696.0,,3.64,3.62
2026-04-16,,,3.64,3.62
2026-04-17,,,3.64,3.61
2026-04-18,,,3.64,
2026-04-19,,,3.64,
2026-04-20,,,3.64,3.62
2026-04-21,,,3.64,3.6
2026-04-22,6707419.0,,3.64,3.6
2026-04-23,,,3.64,3.6
2026-04-24,,,3.64,3.6
2026-04-25,,,3.64,
2026-04-26,,,3.64,
2026-04-27,,,3.64,3.6
2026-04-28,,,3.64,3.6
2026-04-29,6699950.0,,3.64,3.6
2026-04-30,,,3.64,3.59
2026-05-01,,3.63,3.64,3.59
2026-05-02,,,3.64,
2026-05-03,,,3.64,
2026-05-04,,,3.64,3.61
2026-05-05,,,3.64,3.61
2026-05-06,6709505.0,,3.64,3.61
2026-05-07,,,3.63,3.61
2026-05-08,,,3.63,3.6
2026-05-09,,,3.63,
2026-05-10,,,3.63,
2026-05-11,,,3.63,3.61
2026-05-12,,,3.63,3.61
2026-05-13,6728502.0,,3.63,3.61
2026-05-14,,,3.63,3.6
2026-05-15,,,3.63,3.6
2026-05-16,,,3.63,
2026-05-17,,,3.63,
2026-05-18,,,3.63,3.6
2026-05-19,,,3.62,3.59
2026-05-20,6713643.0,,3.62,3.57
2026-05-21,,,3.62,3.59
2026-05-22,,,3.62,3.59
2026-05-23,,,3.62,
2026-05-24,,,3.62,
2026-05-25,,,3.62,
2026-05-26,,,3.62,3.6
2026-05-27,6704383.0,,3.62,3.59
2026-05-28,,,3.62,3.6
2026-05-29,,,3.62,3.6
2026-05-30,,,3.62,
2026-05-31,,,3.62,
2026-06-01,,3.63,3.62,3.63
2026-06-02,,,3.62,3.63
2026-06-03,6711495.0,,3.62,3.63
2026-06-04,,,3.62,3.63
2026-06-05,,,3.62,3.63
2026-06-06,,,3.62,
2026-06-07,,,3.62,
2026-06-08,,,3.62,3.65
2026-06-09,,,3.62,3.64
2026-06-10,6725397.0,,3.62,3.64
2026-06-11,,,3.62,3.63
2026-06-12,,,3.62,3.63
2026-06-13,,,3.62,
2026-06-14,,,3.62,
2026-06-15,,,3.63,3.64
2026-06-16,,,3.63,3.64
2026-06-17,6736424.0,,3.63,3.68
2026-06-18,,,3.63,3.67
2026-06-19,,,3.63,
2026-06-20,,,3.63,
2026-06-21,,,3.63,
2026-06-22,,,3.63,3.7
2026-06-23,,,3.63,3.7
2026-06-24,6735645.0,,3.63,3.7
2026-06-25,,,3.63,3.69
2026-06-26,,,3.63,3.67
2026-06-27,,,3.63,
2026-06-28,,,3.63,
2026-06-29,,,3.63,3.74
2026-06-30,,,3.63,3.74
2026-07-01,6724564.0,3.63,3.63,3.71
2026-07-02,,,3.63,3.68
2026-07-03,,,3.63,
2026-07-04,,,3.63,
2026-07-05,,,3.63,
2026-07-06,,,3.63,3.74
2026-07-07,,,3.63,3.73
2026-07-08,6735609.0,,3.62,3.73
2026-07-09,,,3.62,3.69
2026-07-10,,,3.62,3.71
2026-07-11,,,3.62,
2026-07-12,,,3.62,
2026-07-13,,,3.62,3.76
2026-07-14,,,3.63,3.71
2026-07-15,6743028.0,,3.63,3.7
2026-07-16,,,3.63,3.7
2026-07-17,,,3.63,3.71
2026-07-18,,,3.63,
2026-07-19,,,3.63,
2026-07-20,,,3.63,3.73
2026-07-21,,,3.63,3.74
2026-07-22,6747378.0,,3.63,3.75
2026-07-23,,,3.63,3.81
2026-07-24,,,3.63,3.81
2026-07-25,,,3.63,
2026-07-26,,,3.63,
2026-07-27,,,3.63,3.82
2026-07-28,,,3.63,3.77
2026-07-29,6738190.0,,3.63,3.7
2026-07-30,,,3.63,3.69
2026-07-31,,,3.63,3.69
2026-08-01,,3.63,3.63,
2026-08-02,,,3.63,
2026-08-03,,,3.63,3.75
2026-08-04,,,3.63,3.74
2026-08-05,6748567.0,,3.63,3.74
2026-08-06,,,3.63,3.74
2026-08-07,,,3.63,3.72
2026-08-08,,,3.63,
2026-08-09,,,3.63,
2026-08-10,,,3.63,3.74
2026-08-11,,,3.63,3.74
2026-08-12,6759955.0,,3.63,3.72
2026-08-13,,,3.63,3.71
2026-08-14,,,3.63,3.71
2026-08-15,,,3.63,
2026-08-16,,,3.63,
2026-08-17,,,3.63,3.72
2026-08-18,,,3.63,3.71
2026-08-19,6745699.0,,3.63,3.71
2026-08-20,,,3.63,3.71
2026-08-21,,,3.63,3.72
2026-08-22,,,3.63,
2026-08-23,,,3.63,
2026-08-24,,,3.63,3.72
2026-08-25,,,3.63,3.71
2026-08-26,6730912.0,,3.63,3.7
2026-08-27,,,3.63,3.69
2026-08-28,,,3.63,3.74
2026-08-29,,,3.63,
2026-08-30,,,3.63,
2026-08-31,,,3.63,3.78
2026-09-01,,,3.63,3.78
2026-09-02,6737204.0,,3.63,3.78
2026-09-03,,,3.63,3.75
2026-09-04,,,3.63,3.77
2026-09-05,,,3.63,
2026-09-06,,,3.63,
2026-09-07,,,3.63,
2026-09-08,,,3.63,3.8
2026-09-09,6740619.0,,3.63,3.81
