series,deposit_at,end,t2007,t2009,diff,n2007,n2009,ratio,err,err_2007_only,err_ratio
VFINX_TR,close,2016-01,161243.64450857733,126350.6916766294,34892.95283194793,103,84,1.2761595711818485,182405.66381479328,85756.35549142267,0.16853625279619822
VFINX_TR,close,2016-02,162009.57326486986,127167.27320060709,34842.300064262774,104,85,1.2739879466417343,180823.15353452304,84990.42673513014,0.166364628256084
VFINX_TR,close,2016-03,173990.24360187002,136786.405246515,37203.83835535502,105,86,1.2719849117191628,159223.35115161497,73009.75639812998,0.16436159333351252
VFINX_TR,close,2016-04,175640.4538558919,138297.58289338116,37342.87096251073,106,87,1.2700182474721902,156061.96325072696,71359.54614410811,0.16239492908653985
VFINX_TR,close,2016-05,179772.0511929161,141763.37213952563,38008.67905339046,107,88,1.2681135365204332,148464.57666755829,67227.94880708391,0.16049021813478292
VFINX_TR,close,2016-06,181226.30453454083,143121.5840255616,38104.720508979226,108,89,1.26624020945837,145652.11143989756,65773.69546545917,0.1586168910727197
VFINX_TR,close,2016-07,188888.87646569355,149383.28072527598,39505.59574041757,109,90,1.2644579470246775,131727.84280903047,58111.12353430645,0.1568346286390272
VFINX_TR,close,2016-08,190133.45661977917,150576.70760409083,39556.74901568834,110,91,1.2627016465235403,129289.83577613,56866.54338022083,0.15507832813789002
VFINX_TR,close,2016-09,191160.97962660278,151598.5045241308,39562.47510247197,111,92,1.2609687689641726,127240.5158492664,55839.020373397216,0.15334545057852234
VFINX_TR,close,2016-10,188656.83302746995,149819.57241623147,38837.26061123848,112,93,1.2592268819413,131523.59455629857,58343.166972530045,0.15160356355564963
VFINX_TR,close,2016-11,196635.2638674637,156361.40998345002,40273.85388401369,113,94,1.2575690119977585,117003.32614908626,50364.73613253629,0.1499456936121082
VFINX_TR,close,2016-12,201491.5337940506,160427.85793962295,41063.67585442765,114,95,1.2559634989945572,108080.60826632645,45508.4662059494,0.14834018060890686
VFINX_TR,close,2017-01,206285.92459614953,164448.95752184524,41836.967074304295,115,96,1.2544070069203492,99265.11788200523,40714.07540385047,0.14678368853469892
VFINX_TR,close,2017-02,215460.43483975943,171965.59063893766,43494.84420082177,116,97,1.2529276004531884,82573.97452130291,31539.56516024057,0.1453042820675381
VFINX_TR,close,2017-03,216664.15886362112,173128.18903950608,43535.96982411505,117,98,1.2514666737152815,80207.6520968728,30335.841136378876,0.14384335532963122
VFINX_TR,close,2017-04,219870.03412786426,175890.8210860267,43979.21304183756,118,99,1.2500369989195041,74239.14478610904,27129.96587213574,0.14241368053385384
VFINX_TR,close,2017-05,223934.4927672339,179342.31543540873,44592.177331825165,119,100,1.2486428103906426,66723.19179735737,23065.507232766104,0.1410194920049923
VFINX_TR,close,2017-06,226303.62855646858,181438.81459260677,44864.813963861816,120,101,1.2472724155776642,62257.55685092465,20696.371443531418,0.1396490971920139
VFINX_TR,close,2017-07,231925.7165512974,186144.57119966534,45781.14535163206,121,102,1.2459440264982296,51929.71224903726,15074.283448702598,0.13832070811257924
VFINX_TR,close,2017-08,233606.30897543213,187690.8175876733,45915.49138775884,122,103,1.2446336585768827,48702.87343689459,13393.691024567874,0.13701034019123237
VFINX_TR,close,2017-09,239417.73763666826,192556.55641618732,46861.18122048094,123,104,1.243363207634417,38025.70594714442,7582.262363331742,0.13573988924876668
VFINX_TR,close,2017-10,245966.5251424153,198019.28096173983,47947.24418067548,124,105,1.2421342202022214,26014.19389584486,1033.4748575846897,0.1345109018165711
VFINX_TR,close,2017-11,254491.43901664272,205077.3331044482,49414.10591219453,125,106,1.2409535230645279,25414.10591219453,7491.439016642718,0.13333020467887757
VFINX_TR,close,2017-12,258295.20491350957,208336.69725045018,49958.5076630594,126,107,1.2397969648285352,25958.507663059398,11295.204913509573,0.13217364644288487
VFINX_TR,close,2018-01,274050.71920424077,221238.25428706696,52812.46491717381,127,108,1.238713079197629,28812.464917173813,27050.71920424077,0.13108976081197876
VFINX_TR,close,2018-02,264915.10597703577,214055.88066284533,50859.22531419044,128,109,1.237597888722794,26859.225314190437,17915.105977035768,0.12997457033714377
VFINX_TR,close,2018-03,259132.77366604525,209575.64158616922,49557.13207987603,129,110,1.2364641792567295,25557.132079876028,12132.77366604525,0.12884086087107915
VFINX_TR,close,2018-04,261099.9256052746,211357.83322217013,49742.092383104464,130,111,1.2353453932829532,25742.092383104464,14099.925605274591,0.12772207489730292
VFINX_TR,close,2018-05,268352.2239423609,217419.007506773,50933.21643558791,131,112,1.2342629424154705,26933.216435587907,21352.2239423609,0.1266396240298202
VFINX_TR,close,2018-06,270965.29219588224,219725.91562018072,51239.37657570152,132,113,1.2331967825965242,27239.37657570152,23965.29219588224,0.1255734642108739
VFINX_TR,close,2018-07,282016.2691775709,228876.25879617097,53140.010381399916,133,114,1.2321779054800284,40892.527973741846,35016.26917757088,0.12455458709437806
VFINX_TR,close,2018-08,292171.16424355516,237306.10721762743,54865.05702592773,134,115,1.231199515550657,59477.271461182594,45171.16424355516,0.12357619716500667
VFINX_TR,close,2018-09,294789.02399619616,239620.15886580187,55168.86513039429,135,116,1.2302346571821252,64409.18286199804,47789.02399619616,0.1226113387964749
VFINX_TR,close,2018-10,275598.97079846606,224208.61243450904,51390.35836395703,136,117,1.229207780227301,29807.5832329751,28598.970798466064,0.12158446184165062
VFINX_TR,close,2018-11,282184.44071054715,229752.57156162115,52431.869148925995,137,118,1.2282101514361654,41937.0122721683,35184.44071054715,0.1205868330505151
VFINX_TR,close,2018-12,257649.87169443394,209962.5064524416,47687.365241992346,138,119,1.2271232423718184,23687.365241992346,10649.87169443394,0.11949992398616804
VFINX_TR,close,2019-01,279267.2055153495,227763.8619390069,51503.343576342624,139,120,1.2261260550198028,37031.06745435641,32267.205515349517,0.11850273663415245
VFINX_TR,close,2019-02,289205.16853880504,236053.45748007146,53151.71105873358,140,121,1.2251681107582204,55258.6260188765,42205.16853880504,0.1175447923725701
VFINX_TR,close,2019-03,295801.29659526603,241621.09844894859,54180.198146317445,141,122,1.2242362049263054,67422.39504421462,48801.29659526603,0.11661288654065505
VFINX_TR,close,2019-04,308755.07400317315,252385.37217309215,56369.701830081,142,123,1.2233477374093664,91140.44617626531,61755.074003173155,0.11572441902371611
VFINX_TR,close,2019-05,290103.9015933223,237321.93263834022,52781.96895498206,143,124,1.2224066202739785,57425.834231662506,43103.90159332228,0.11478330188832819
VFINX_TR,close,2019-06,311505.0450926256,255011.25938194938,56493.785710676224,144,125,1.2215344759584175,96516.30447457498,64505.0450926256,0.11391115757276715
VFINX_TR,close,2019-07,316946.7917714477,259647.46185207373,57299.329919373966,145,126,1.220681263397131,106594.25362352142,69946.7917714477,0.11305794501148059
VFINX_TR,close,2019-08,312903.77017018694,256516.1445684561,56387.62560173083,146,127,1.2198209617433369,99419.91473864304,65903.77017018694,0.11219764335768656
VFINX_TR,close,2019-09,319729.2882464705,262291.8602341042,57437.42801236629,147,128,1.218982884032701,112021.14848057472,72729.2882464705,0.11135956564705074
VFINX_TR,close,2019-10,327619.4526595576,268944.24838765454,58675.20427190303,148,129,1.2181686525131743,126563.70104721212,80619.45265955757,0.11054533412752399
VFINX_TR,close,2019-11,340480.72188923106,279681.2164217628,60799.50546746829,149,130,1.2173885906437916,150161.93831099384,93480.72188923106,0.10976527225814126
VFINX_TR,close,2019-12,351721.7469098896,289093.5057263987,62628.2411834909,150,131,1.216636624285718,170815.25263628835,104721.74690988963,0.10901330590006775
VFINX_TR,close,2020-01,352544.721513608,289948.0018078515,62596.71970575652,151,132,1.215889467475066,172492.7233214595,105544.721513608,0.10826614908941568
VFINX_TR,close,2020-02,324490.2718879407,267052.3678683601,57437.90401958063,152,133,1.215081051248697,121542.63975630078,77490.2718879407,0.1074577328630466
VFINX_TR,close,2020-03,285249.4453039521,234934.55523961858,50314.89006433351,153,134,1.2141655577784862,50184.00054357067,38249.44530395209,0.10654223939283591
VFINX_TR,close,2020-04,322800.89083782455,266038.72455961583,56762.16627820872,154,135,1.2133605412977728,118839.61539744039,75800.89083782455,0.10573722291212251
VFINX_TR,close,2020-05,339152.9616168837,279691.24642474845,59461.71519213525,155,136,1.212597698184071,148844.20804163214,92152.9616168837,0.10497437979842061
VFINX_TR,close,2020-06,346819.99242572824,286189.3855180592,60630.60690766905,156,137,1.2118548414991552,163009.37794378743,99819.99242572824,0.10423152311350492
VFINX_TR,close,2020-07,367335.5102469551,303293.2266324659,64042.28361448919,157,138,1.2111563265871952,200628.736879421,120335.51024695509,0.10353300820154487
VFINX_TR,close,2020-08,395525.31768423197,326742.68822582805,68782.62945840391,158,139,1.210510080062954,252268.00591006002,148525.31768423197,0.1028867616773037
VFINX_TR,close,2020-09,380681.18516355776,314653.8814644253,66027.30369913246,159,140,1.2098410589814939,225335.06662798306,133681.18516355776,0.10221774059584354
VFINX_TR,close,2020-10,371511.87934039766,307248.39237338625,64263.48696701141,160,141,1.2091580902038201,208760.2717137839,124511.87934039766,0.10153477181816983
VFINX_TR,close,2020-11,413139.04011114803,341847.9366347178,71291.10347643023,161,142,1.2085462447959967,284986.97674586583,166139.04011114803,0.10092292641034639
VFINX_TR,close,2020-12,429992.84144611785,355966.01250747504,74026.82893864281,162,143,1.207960384805244,315958.8539535929,182992.84144611785,0.10033706641959372
VFINX_TR,close,2021-01,426601.06052557676,353330.3130459822,73270.74747959455,163,144,1.2073718126473318,309931.373571559,179601.06052557676,0.09974849426168153
VFINX_TR,close,2021-02,439364.909421892,364073.6653199776,75291.2441019144,164,145,1.206802225136889,333438.57474186964,192364.90942189202,0.09917890675123875
VFINX_TR,close,2021-03,459560.4028395425,380979.74588381907,78580.65695572342,165,146,1.2062594082880376,370540.14872336155,212560.40283954248,0.09863608990238726
VFINX_TR,close,2021-04,485021.4639551646,402258.1876083383,82763.27634682629,166,147,1.2057466545029267,417279.6515635029,238021.4639551646,0.09812333611727642
VFINX_TR,close,2021-05,489361.7654876458,406028.50550223974,83333.25998540607,167,148,1.2052399249218386,425390.27098988555,242361.7654876458,0.09761660653618831
VFINX_TR,close,2021-06,501721.5336343056,416453.8223306683,85267.7113036373,168,149,1.2047470973526901,448175.35596497386,254721.53363430558,0.09712377896703983
VFINX_TR,close,2021-07,514572.06200108834,427290.35017358494,87281.7118275034,169,150,1.2042679217820986,471862.4121746733,267572.06200108834,0.09664460339644831
VFINX_TR,close,2021-08,531158.7505370992,441233.2246403775,89925.5258967217,170,151,1.2038049740474883,502391.9751774767,284158.7505370992,0.096181655661838
VFINX_TR,close,2021-09,507359.0794297486,421632.15416633885,85726.92526340974,171,152,1.203321602530317,458991.23359608743,260359.07942974858,0.09569828414466675
VFINX_TR,close,2021-10,543840.0254223237,452117.99229802913,91722.0331242946,172,153,1.2028718933703326,525958.0177203529,296840.0254223237,0.09524857498468231
VFINX_TR,close,2021-11,541018.1055582562,449940.66320327506,91077.44235498109,173,154,1.2024210074870116,520958.7687615312,294018.10555825615,0.09479768910136133
VFINX_TR,close,2021-12,566171.3967977834,471027.87981803314,95143.5169797503,174,155,1.20199126433133,567199.2766158166,319171.39679778344,0.09436794594567965
VFINX_TR,close,2022-01,537798.9951219817,447591.4279506881,90207.5671712936,175,156,1.201539979405575,515390.42307266983,290798.9951219817,0.09391666101992469
VFINX_TR,close,2022-02,522654.1329043374,435154.6197758728,87499.51312846463,176,157,1.2010768337321833,487808.7526802102,275654.1329043374,0.09345351534653301
VFINX_TR,close,2022-03,542950.923320663,452220.861230521,90730.06209014205,177,158,1.2006321907469282,525171.784551184,295950.92332066305,0.09300887236127786
VFINX_TR,close,2022-04,496549.81387556106,413740.7358345717,82809.07804098935,178,159,1.200147268249891,440290.54971013276,249549.81387556106,0.09252394986424073
VFINX_TR,close,2022-05,498395.39789729845,415445.3027190762,82950.09517822223,179,160,1.1996655026192775,443840.70061637467,251395.39789729845,0.0920421842336272
VFINX_TR,close,2022-06,458165.82861531706,382077.74843668396,76088.0801786331,180,161,1.1991429244177565,370243.577052001,211165.82861531706,0.09151960603210618
VFINX_TR,close,2022-07,501360.8542235656,418265.40184233314,83095.45238123246,181,162,1.1986668082399883,449626.25606589875,254360.8542235656,0.09104348985433797
VFINX_TR,close,2022-08,481851.8375244202,402155.54566031456,79696.29186410562,182,163,1.1981728033446593,414007.38318473473,234851.83752442017,0.09054948495900894
VFINX_TR,close,2022-09,438420.5740095179,366073.02852182346,72347.54548769444,183,164,1.19763145561373,334493.60253134137,191420.5740095179,0.09000813722807965
VFINX_TR,close,2022-10,474850.2705427842,396656.16644559335,78194.10409719084,184,165,1.1971332118642763,401506.43698837754,227850.2705427842,0.08950989347862603
VFINX_TR,close,2022-11,502326.11701292556,419772.20683921914,82553.91017370642,185,166,1.1966635923691016,452098.3238521447,255326.11701292556,0.08904027398345127
VFINX_TR,close,2022-12,474308.8372015737,396523.72130294185,77785.11589863186,186,167,1.1961676230694014,400832.55850451556,227308.8372015737,0.08854430468375107
VFINX_TR,close,2023-01,505039.3860552976,422378.55626113474,82660.82979416288,187,168,1.195703187505234,457417.94231643237,258039.38605529763,0.08807986911958365
VFINX_TR,close,2023-02,493667.31192668545,413031.4448225295,80635.86710415594,188,169,1.1952293659839952,436698.75674921495,246667.31192668545,0.0876060475983449
VFINX_TR,close,2023-03,512728.24999544705,429142.3001803148,83585.94981513225,189,170,1.1947744367777577,471870.55017576186,265728.24999544705,0.08715111839210743
VFINX_TR,close,2023-04,521680.20242695714,436797.9099646654,84882.29246229172,190,171,1.1943285224720013,488478.11239162256,274680.20242695714,0.08670520408635096
VFINX_TR,close,2023-05,524875.2343668021,439635.7894915663,85239.44487523584,191,172,1.1938865008552062,494511.02385836845,277875.23436680215,0.08626318246955589
VFINX_TR,close,2023-06,560491.0504731638,469630.01639803156,90861.03407513228,192,173,1.1934736513905526,560121.0668711953,313491.05047316384,0.0858503330049023
VFINX_TR,close,2023-07,579440.2179969996,485669.4498224081,93770.76817459153,193,174,1.1930752865120096,595109.6678194078,332440.2179969996,0.08545196812635925
VFINX_TR,close,2023-08,571156.065189948,478887.7507863027,92268.31440364523,194,175,1.192672112101733,580043.8159762507,324156.06518994796,0.08504879371608265
VFINX_TR,close,2023-09,544864.6080732085,457005.1354892565,87859.47258395195,195,176,1.1922505148435414,531869.7435624651,297864.6080732085,0.08462719645789107
VFINX_TR,close,2023-10,534338.5552687238,448337.6598530667,86000.89541565703,196,177,1.1918217074243596,512676.2151217905,287338.55526872375,0.08419838903870924
VFINX_TR,close,2023-11,584067.7599306728,490223.9806495367,93843.77928113611,197,178,1.1914304134138747,604291.7405802095,337067.7599306728,0.08380709502822437
VFINX_TR,close,2023-12,611555.9555037323,513456.244720387,98099.71078334533,198,179,1.1910575862930006,655012.2002241192,364555.9555037323,0.08343426790735031
VFINX_TR,close,2024-01,622742.5675146965,523008.8219661846,99733.74554851191,199,180,1.190692281582509,675751.3894808812,375742.5675146965,0.08306896319685864
VFINX_TR,close,2024-02,656926.5848143994,551878.3377201619,105048.24709423748,200,181,1.1903467483942154,738804.9225345613,409926.58481439936,0.08272343000856508
VFINX_TR,close,2024-03,678980.7048070433,570565.7216870993,108414.983119944,201,182,1.190013137836905,779546.4264941426,431980.7048070433,0.08238981945125468
VFINX_TR,close,2024-04,652172.369514283,548197.6306899632,103974.7388243198,202,183,1.1896665235372448,730370.0002042463,405172.369514283,0.08204320515159447
VFINX_TR,close,2024-05,685426.8099539737,576309.8001942276,109117.00975974614,203,184,1.189337418386728,791736.6101482013,438426.80995397374,0.0817141000010777
VFINX_TR,close,2024-06,710926.1261457787,597908.9302754429,113017.1958703358,204,185,1.189020752405005,838835.0564212216,463926.1261457787,0.08139743401935462
VFINX_TR,close,2024-07,720490.8889328553,606112.1374270025,114378.7515058528,205,186,1.188708894679787,856603.0263598579,473490.88893285533,0.08108557629413671
VFINX_TR,close,2024-08,738884.2305592791,621744.2662049311,117139.96435434802,206,187,1.1884053793842917,890628.4967642102,491884.2305592791,0.08078206099864138
VFINX_TR,close,2024-09,755566.1333338595,635940.018299814,119626.11503404554,207,188,1.1881091165702482,921506.1516336735,508566.1333338595,0.08048579818459789
VFINX_TR,close,2024-10,749647.0462298892,631116.4057986796,118530.64043120958,208,189,1.1878110588508768,910763.4520285687,502647.04622988915,0.08018774046522648
VFINX_TR,close,2024-11,794550.5192056502,669078.0695655034,125472.4496401468,209,190,1.1875303575883576,993628.5887711536,547550.5192056502,0.07990703920270725
VFINX_TR,close,2024-12,776532.6711496343,654063.4490259177,122469.22212371661,210,191,1.1872436417385919,960596.120175552,529532.6711496343,0.07962032335294156
VFINX_TR,close,2025-01,799061.7622255811,673197.1246414972,125864.63758408395,211,192,1.1869655008569913,1002258.8868670783,552061.7622255811,0.07934218247134095
VFINX_TR,close,2025-02,789548.6839931771,665340.0195067537,124208.66448642348,212,193,1.1866844934091068,984888.7034999308,542548.6839931771,0.07906117502345644
VFINX_TR,close,2025-03,745952.0505275836,628759.1513709642,117192.89915661933,213,194,1.1863875840233715,904711.2018985478,498952.0505275836,0.07876426563772121
VFINX_TR,close,2025-04,741823.738202659,625436.5232568592,116387.21494579979,214,195,1.1860895720315985,897260.2614595181,494823.73820265895,0.07846625364594817
VFINX_TR,close,2025-05,789416.6598787117,665719.3251419191,123697.3347367926,215,196,1.185810040455747,985135.9850206308,542416.6598787117,0.07818672207009669
VFINX_TR,close,2025-06,830487.5928111984,700511.3589124259,129976.23389877251,216,197,1.1855447913086894,1060998.9517236245,583487.5928111984,0.07792147292303908
VFINX_TR,close,2025-07,849991.5042753522,717119.2984856983,132872.20578965393,217,198,1.185286055012371,1097110.8027610504,602991.5042753522,0.07766273662672063
VFINX_TR,close,2025-08,868138.0733760607,732585.4849629614,135552.5884130993,218,199,1.1850331342832334,1130723.558339022,621138.0733760607,0.07740981589758311
VFINX_TR,close,2025-09,900721.5870137784,760237.4938595911,140484.0931541873,219,200,1.1847897456898298,1190959.0808733695,653721.5870137784,0.07716642730417944
VFINX_TR,close,2025-10,922700.8485952266,778944.653849597,143756.19474562968,220,201,1.1845525147841722,1231645.5024448237,675700.8485952266,0.07692919639852192
VFINX_TR,close,2025-11,925862.4436130759,781769.4737633372,144092.96984973864,221,202,1.1843164445345937,1237631.917376413,678862.4436130759,0.07669312614894341
VFINX_TR,close,2025-12,927319.9684227124,783155.7934938011,144164.17492891126,222,203,1.184081093604337,1240475.7619165136,680319.9684227124,0.0764577752186868
VFINX_TR,close,2026-01,941658.7957352325,795420.9233776985,146237.872357534,223,204,1.1838496675905197,1267079.719112931,694658.7957352325,0.07622634920486937
VFINX_TR,close,2026-02,935402.0379859388,790291.1267084447,145110.91127749416,224,205,1.1836170322218849,1255693.1646943835,688402.0379859388,0.07599371383623454
VFINX_TR,close,2026-03,889665.8148171679,751805.1934238942,137860.6213932737,225,206,1.1833727973671273,1171471.008241062,642665.8148171679,0.07574947898147699
VFINX_TR,close,2026-04,983913.9428138402,831603.8004259641,152310.14238787617,226,207,1.183152292365499,1345517.7432398042,736913.9428138402,0.07552897397984859
VFINX_TR,close,2026-05,1036580.6052910918,876272.4496866214,160308.1556044704,227,208,1.1829432794124715,1442853.0549777132,789580.6052910918,0.07531996102682115
VFINX_TR,close,2026-06,1027587.5104351555,868824.7962531451,158762.7141820104,228,209,1.1827327153491514,1426412.3066883006,780587.5104351555,0.07510939696350105
VFINX_TR,close,2026-07,1027800.6010322797,869159.4646928834,158641.13633939624,229,210,1.1825224746248975,1426960.065725163,780800.6010322797,0.07489915623924714
VFINX_TR,close,2026-08,1056664.9489704592,893722.9474478461,162942.0015226131,230,211,1.1823182474926008,1480387.896418305,809664.9489704592,0.07469492910695053
VFINX_TR,close,2026-09,1045169.9505778725,884154.7282572131,161015.22232065932,231,212,1.1821120412238724,1459324.6788350856,798169.9505778725,0.07448872283822205
VFINX_TR,open,2016-01,167668.78978626203,132598.23847166274,35070.55131459929,103,84,1.2644873093249587,169732.97174207523,79331.21021373797,0.15686399093930836
VFINX_TR,open,2016-02,162698.70208982902,128876.88804575762,33821.814044071405,104,85,1.2624350615299076,178424.40986441338,84301.29791017098,0.15481174314425727
VFINX_TR,open,2016-03,167406.4461726926,132813.8661096988,34592.5800629938,105,86,1.260459100214896,169779.68771760858,79593.55382730739,0.15283578182924562
VFINX_TR,open,2016-04,176687.3287476186,140383.60135419358,36303.72739342501,106,87,1.2586037617159374,152929.06989818782,70312.6712523814,0.15098044333028704
VFINX_TR,open,2016-05,178611.44528338886,142117.8408057827,36493.60447760616,107,88,1.2567841185223048,149270.71391082843,68388.55471661114,0.14916080013665445
VFINX_TR,open,2016-06,181618.85260664564,144715.09787934998,36903.75472729566,108,89,1.255009707128572,143666.04951400438,65381.14739335436,0.14738638874292165
VFINX_TR,open,2016-07,183228.6615971949,146200.99769915655,37027.66389803836,109,90,1.2532654665888916,140570.34070364854,63771.33840280509,0.14564214820324128
VFINX_TR,open,2016-08,190318.04411534272,152059.81068051298,38258.233434829745,110,91,1.251599901799251,127622.1452041443,56681.955884657276,0.14397658341360065
VFINX_TR,open,2016-09,191801.98839551074,153446.47120954652,38355.517185964214,111,92,1.2499602427063046,124751.54039494274,55198.011604489264,0.14233692432065426
VFINX_TR,open,2016-10,192235.5873799434,153993.33598474847,38242.25139519494,112,93,1.24833705400721,123771.07663530813,54764.412620056595,0.14071373562155975
VFINX_TR,open,2016-11,189026.45169952945,151621.54175104975,37404.909948479704,113,94,1.2466991795261886,129352.0065494208,57973.548300470546,0.13907586114053827
VFINX_TR,open,2016-12,197666.50599078333,158749.76772305812,38916.73826772522,114,95,1.2451451666727236,113583.72628615855,49333.494009216665,0.13752184828707326
VFINX_TR,open,2017-01,204970.7733908128,164812.84596386735,40157.92742694545,115,96,1.243657751263815,100216.38064531985,42029.2266091872,0.13603443287816464
VFINX_TR,open,2017-02,208174.6454595961,167584.93484165042,40589.710617945675,116,97,1.2422038153745654,94240.41969875348,38825.3545404039,0.13458049698891505
VFINX_TR,open,2017-03,220306.49903625416,177546.30932696498,42760.189709289174,117,98,1.2408396427466315,72147.19163678086,26693.500963745842,0.1332163243609812
VFINX_TR,open,2017-04,218153.6280881346,176005.39200009705,42148.23608803755,118,99,1.2394712776073036,75840.97991176834,28846.371911865397,0.13184795922165327
VFINX_TR,open,2017-05,222109.79788387587,179390.4168483113,42719.381035564584,119,100,1.2381363608273857,68499.78526781284,24890.20211612413,0.13051304244173534
VFINX_TR,open,2017-06,227549.01978469008,183975.82314220906,43573.19664248102,120,101,1.2368419713975132,58475.157073100854,19450.980215309915,0.12921865301186286
VFINX_TR,open,2017-07,228728.68686336264,185121.08590238978,43607.600960972864,121,102,1.235562581909044,56150.22723424758,18271.313136637356,0.1279392635233938
VFINX_TR,open,2017-08,234419.93841102906,189917.9405630562,44501.997847972845,122,103,1.2343222431542604,45662.121025914734,12580.061588970944,0.1266989247686101
VFINX_TR,open,2017-09,236024.25003700476,191407.53040017313,44616.719636831636,123,104,1.233098037175194,42568.21956282211,10975.749962995236,0.12547471878954375
VFINX_TR,open,2017-10,242311.88023171763,196695.61620949442,45616.264022223215,124,105,1.2319129673619098,30992.503558787954,4688.1197682823695,0.12428964897625949
VFINX_TR,open,2017-11,248366.26572250976,201798.49167610783,46567.77404640193,125,106,1.2307637369319118,22567.77404640193,1366.2657225097646,0.12314041854626145
VFINX_TR,open,2017-12,256045.87610076505,208225.69933409945,47820.176766665594,126,107,1.2296554984307573,23820.176766665594,9045.876100765046,0.12203218004510696
VFINX_TR,open,2018-01,262549.86881140096,213701.74381782673,48848.12499357422,127,108,1.2285808441283266,24848.124993574223,15549.868811400956,0.12095752574267626
VFINX_TR,open,2018-02,276124.5357252313,224936.85937731765,51187.67634791363,128,109,1.22756464409441,31061.395102548937,29124.535725231282,0.1199413257087596
VFINX_TR,open,2018-03,263540.71839199297,214871.1958307276,48669.52256126536,129,110,1.2265055694091567,24669.52256126536,16540.718391992967,0.11888225102350636
VFINX_TR,open,2018-04,255394.40483209168,208413.98259988407,46980.42223220761,130,111,1.22541876339651,22980.42223220761,8394.404832091677,0.11779544501085959
VFINX_TR,open,2018-05,263873.2506766695,215517.0765527207,48356.17412394876,131,112,1.224372819534417,24356.17412394876,16873.25067666947,0.1167495011487667
VFINX_TR,open,2018-06,273456.07364101335,223527.0516415238,49929.021999489545,132,113,1.2233690357959985,26983.125282537163,26456.073641013354,0.11574571741034823
VFINX_TR,open,2018-07,273959.0615588296,224120.78659177915,49838.27496705047,133,114,1.2223723900176537,28079.84815060877,26959.06155882962,0.11474907163200343
VFINX_TR,open,2018-08,283947.4754262963,232474.03993819747,51473.435488098825,134,115,1.221415842826076,46421.51536449377,36947.475426296296,0.11379252444042565
VFINX_TR,open,2018-09,294011.1856336986,240894.6987258148,53116.48690788381,135,116,1.2204967032850347,64905.88435951338,47011.185633698595,0.11287338489938437
VFINX_TR,open,2018-10,298191.4759189743,244500.4331589483,53691.04276002603,136,117,1.219594877875418,72691.90907792261,51191.47591897432,0.11197155948976767
VFINX_TR,open,2018-11,280686.27403495857,230327.19635735353,50359.07767760503,137,118,1.218641473842597,41013.4703923121,33686.274034958566,0.11101815545694671
VFINX_TR,open,2018-12,287481.5391912013,236082.70918096456,51398.83001023671,138,119,1.2177153514908114,53564.248372165835,40481.53919120127,0.11009203310516114
VFINX_TR,open,2019-01,259960.03609132805,213660.56617771238,46299.46991361567,139,120,1.21669637379462,22299.46991361567,12960.036091328046,0.10907305540896961
VFINX_TR,open,2019-02,281691.3225733609,231699.56368649623,49991.7588868647,140,121,1.2157611265703834,43390.88625985716,34691.32257336093,0.10813780818473306
VFINX_TR,open,2019-03,293431.5862504287,241533.75277376015,51897.833476668544,141,122,1.2148678306061853,64965.33902418884,46431.58625042869,0.107244512220535
VFINX_TR,open,2019-04,301489.4051343736,248343.2891744592,53146.11595991437,142,123,1.2140026257064658,79832.69430883278,54489.40513437358,0.10637930732081546
VFINX_TR,open,2019-05,308756.472593302,254505.6070527104,54250.86554059162,143,124,1.2131617694747125,93262.07964601243,61756.47259330202,0.10553845108906224
VFINX_TR,open,2019-06,291488.70034708065,240447.62162498702,51041.07872209363,144,125,1.21227524887603,61936.32197206767,44488.70034708065,0.10465193049037969
VFINX_TR,open,2019-07,316255.78498545435,261052.97499701165,55202.80998844269,145,126,1.2114620987907707,107308.759982466,69255.78498545435,0.1038387804051204
VFINX_TR,open,2019-08,316480.8918290787,261413.3403298198,55067.55149925893,146,127,1.2106531802462006,107894.23215889852,69480.89182907873,0.1030298618605503
VFINX_TR,open,2019-09,313096.13259712816,258791.52749068872,54304.60510643944,147,128,1.2098391923143361,101887.66008781688,66096.13259712816,0.10221587392868581
VFINX_TR,open,2019-10,318202.2247732039,263185.44314671983,55016.781626484066,148,129,1.2090418868486335,111387.66791992373,71202.2247732039,0.10141856846298314
VFINX_TR,open,2019-11,333285.50395066134,275833.74030718097,57451.76364348037,149,130,1.2082840321836605,139119.2442578423,86285.50395066134,0.10066071379801023
VFINX_TR,open,2019-12,340072.0460076446,281622.79809728154,58449.247910363076,150,131,1.2075444470591932,151694.84410492616,93072.04600764462,0.09992112867354286
VFINX_TR,open,2020-01,357336.80804306,296092.08452812553,61244.72351493448,151,132,1.2068435014483372,183428.89257118554,110336.80804306001,0.09922018306268687
VFINX_TR,open,2020-02,357718.7825967718,296579.9837913303,61138.798805441475,152,133,1.2061460723811284,184298.76638810209,110718.78259677178,0.09852275399547805
VFINX_TR,open,2020-03,341867.8790001238,283609.1190822312,58258.75991789263,153,134,1.2054192055122204,155476.998082355,94867.87900012382,0.09779588712657006
VFINX_TR,open,2020-04,274664.0068330709,228028.07917912884,46635.92765394205,154,135,1.2045183550281406,32692.086012199725,27664.00683307089,0.09689503664249033
VFINX_TR,open,2020-05,316097.5177770332,262596.2774346196,53501.2403424136,155,136,1.2037395231382675,108693.79521165282,69097.51777703321,0.09611620475261717
VFINX_TR,open,2020-06,342942.62193481345,285066.9558172647,57875.66611754877,156,137,1.2030248155266672,158009.57775207813,95942.62193481345,0.09540149714101687
VFINX_TR,open,2020-07,351127.7219487105,292039.4843313598,59088.23761735071,157,138,1.2023296190672177,173167.2062800703,104127.7219487105,0.09470630068156738
VFINX_TR,open,2020-08,372690.2721667325,310141.74139292556,62548.53077380697,158,139,1.2016772411636227,212832.01355965808,125690.27216673252,0.09405392277797242
VFINX_TR,open,2020-09,400564.7373743793,333505.87070074485,67058.86667363445,159,140,1.2010725224498564,264070.60807512415,153564.7373743793,0.09344920406420609
VFINX_TR,open,2020-10,385502.97377583245,321133.01993750763,64369.953838324815,160,141,1.2004463877643325,236635.99371334008,138502.97377583245,0.09282306937868223
VFINX_TR,open,2020-11,378793.0248727696,315710.4516482052,63082.573224564374,161,142,1.1998114819931809,224503.47652097483,131793.0248727696,0.09218816360753057
VFINX_TR,open,2020-12,420786.630866101,350877.1575087217,69909.47335737932,162,143,1.1992420192119277,301663.7883748227,173786.630866101,0.09161870082627743
VFINX_TR,open,2021-01,426702.4242968944,355976.24122330314,70726.18307359127,163,144,1.1986823132649038,312678.66552019754,179702.4242968944,0.09105899487925351
VFINX_TR,open,2021-02,436648.9477195962,364439.8730160621,72209.07470353413,164,145,1.1981371415425546,331088.8207356583,189648.9477195962,0.09051382315690426
VFINX_TR,open,2021-03,452990.29431570356,378244.20572905685,74746.08858664671,165,146,1.1976133076317068,361234.5000447604,205990.29431570356,0.0899899892460565
VFINX_TR,open,2021-04,468242.95053688966,391145.08903618285,77097.86150070681,166,147,1.1971080902247373,389388.0395730725,221242.95053688966,0.08948477183908699
VFINX_TR,open,2021-05,489748.7608881021,409274.54502988746,80474.21585821465,167,148,1.196626486634633,429023.3059179896,242748.76088810212,0.08900316824898269
VFINX_TR,open,2021-06,492531.72088442213,411764.53377427364,80767.18711014849,168,149,1.1961489649674988,434296.2546586958,245531.72088442213,0.08852564658184847
VFINX_TR,open,2021-07,507880.63214577036,424760.4570928531,83120.17505291727,169,150,1.195687177713784,462641.08923862345,260880.63214577036,0.08806385932813376
VFINX_TR,open,2021-08,517184.01290422626,432704.8995132631,84479.11339096318,170,151,1.195234936063796,479888.91241748934,270184.01290422626,0.08761161767814563
VFINX_TR,open,2021-09,535026.9844474413,447796.66593927064,87230.31850817066,171,152,1.1947989459126538,512823.65038671193,288026.9844474413,0.08717562752700347
VFINX_TR,open,2021-10,516723.37342528603,432640.2983025297,84083.0751227563,172,153,1.1943486897837705,479363.67172781576,269723.37342528603,0.0867253713981202
VFINX_TR,open,2021-11,548566.9148298004,459464.86835342366,89102.04647637671,173,154,1.1939257005561494,538031.783183224,301566.9148298004,0.08630238217049913
VFINX_TR,open,2021-12,538331.8028753777,451054.6412771582,87277.16159821948,174,155,1.1934957621788234,519386.4441525359,291331.8028753777,0.08587244379317305
VFINX_TR,open,2022-01,573681.6646570702,480835.5241845127,92846.14047255751,175,156,1.193093346482714,584517.1888415829,326681.6646570702,0.08547002809706372
VFINX_TR,open,2022-02,545185.692491098,457113.25726975064,88072.43522134732,176,157,1.1926709274357672,532298.9497608487,298185.69249109796,0.08504760905011688
VFINX_TR,open,2022-03,518102.585464842,434566.85701780993,83535.72844703204,177,158,1.1922275642930784,482669.4424826519,271102.585464842,0.0846042459074281
VFINX_TR,open,2022-04,548514.6057269374,460236.66095707304,88277.94476986438,178,159,1.1918098931673289,538751.2666840104,301514.6057269374,0.08418657478167857
VFINX_TR,open,2022-05,502757.1334248148,422004.33659881406,80752.79682600073,179,160,1.1913553720249321,454761.47002362885,255757.1334248148,0.08373205363928182
VFINX_TR,open,2022-06,498085.7802523995,418243.9155644289,79841.8646879706,180,161,1.190897851030833,446329.6958168284,251085.7802523995,0.0832745326451827
VFINX_TR,open,2022-07,466137.4034728941,391577.0785212807,74560.32495161338,181,162,1.1904103407512432,387714.4819941748,219137.4034728941,0.08278702236559288
VFINX_TR,open,2022-08,503321.10666203016,422973.0705170334,80348.03614499676,182,163,1.1899601694424211,456294.17717906355,256321.10666203016,0.0823368510567708
VFINX_TR,open,2022-09,486636.37107588747,409111.45074161753,77524.92033426993,183,164,1.1894958456766158,425747.821817505,239636.37107588747,0.0818725272909655
VFINX_TR,open,2022-10,452760.2937286634,380791.40101299854,71968.89271566487,184,165,1.1889982087941324,363551.69474166195,205760.2937286634,0.08137489040848211
VFINX_TR,open,2022-11,476061.43831835047,400547.64843603264,75513.78988231783,185,166,1.1885263592912525,406609.0867543831,229061.43831835047,0.08090304090560219
VFINX_TR,open,2022-12,505304.1002173641,425310.40445589524,79993.69576146884,186,167,1.1880830916041327,460614.50467325933,258304.1002173641,0.08045977321848241
VFINX_TR,open,2023-01,475558.79578221403,400432.3285431759,75126.46723903815,187,168,1.1876133915369866,405991.1243253899,228558.79578221403,0.07999007315133633
VFINX_TR,open,2023-02,513699.18539385934,432705.4599143024,80993.72547955695,188,169,1.1871798093224841,476404.64530816174,266699.18539385934,0.07955649093683381
VFINX_TR,open,2023-03,494613.64048217743,416786.75496838137,77826.88551379606,189,170,1.1867307072166922,441400.3954505588,247613.64048217743,0.07910738883104185
VFINX_TR,open,2023-04,518010.4536785282,436659.4554556548,81350.99822287337,190,171,1.1863030725808594,484669.909134183,271010.4536785282,0.07867975419520912
VFINX_TR,open,2023-05,524891.1673862225,442616.63195094996,82274.53543527256,191,172,1.1858821596301652,497507.7993371725,277891.1673862225,0.07825884124451488
VFINX_TR,open,2023-06,533610.8340103538,450126.2725264847,83484.5614838691,192,173,1.185469204041977,513737.10653683846,286610.8340103538,0.07784588565632666
VFINX_TR,open,2023-07,564836.9401547204,476623.43942150625,88213.5007332142,193,174,1.1850800725207342,571460.3795762267,317836.94015472045,0.0774567541350839
VFINX_TR,open,2023-08,581663.884921118,490978.60852221755,90685.27639890049,194,175,1.1847031109397037,602642.4934433356,334663.88492111803,0.0770797925540534
VFINX_TR,open,2023-09,575934.123728257,486298.0619526023,89636.06177565473,195,176,1.1843232963251893,592232.1856808593,328934.123728257,0.07669997793953898
VFINX_TR,open,2023-10,548444.9163729484,463242.7998094805,85202.11656346795,196,177,1.1839253985134994,541687.7161824289,301444.91637294844,0.07630208012784911
VFINX_TR,open,2023-11,543443.4926606897,459173.71038898674,84269.782271703,197,178,1.183524841176805,532617.2030496765,296443.49266068975,0.07590152279115459
VFINX_TR,open,2023-12,591335.3613251315,499794.2295644153,91541.1317607162,198,179,1.1831576403763142,621129.5908895468,344335.3613251315,0.0755343219906639
VFINX_TR,open,2024-01,612012.1660248904,517424.9844429457,94587.1815819447,199,180,1.1828036612568609,659437.1504678361,365012.1660248904,0.07518034287121056
VFINX_TR,open,2024-02,634593.4794095021,536670.881113302,97922.59829620016,200,181,1.1824630359915629,701264.3605228041,387593.4794095021,0.07483971760591257
VFINX_TR,open,2024-03,666454.6391701396,563769.9293044859,102684.70986565365,201,182,1.1821393879456008,760224.5684746255,419454.63917013956,0.07451606955995049
VFINX_TR,open,2024-04,681933.022374192,577017.5401629768,104915.48221121519,202,183,1.181823731357598,788950.5625371689,434933.022374192,0.0742004129719478
VFINX_TR,open,2024-05,654073.5030412078,553598.0615493325,100475.44149187533,203,184,1.1814952913864596,737671.5645905402,407073.5030412078,0.07387197300080928
VFINX_TR,open,2024-06,690638.6217632,584699.8478038146,105938.77395938546,204,185,1.1811848837609606,805338.4695670146,443638.62176320003,0.07356156537531033
VFINX_TR,open,2024-07,717374.3611593646,607487.9181981974,109886.4429611672,205,186,1.1808866311071489,854862.279357562,470374.3611593646,0.07326331272149855
VFINX_TR,open,2024-08,715179.4523877391,605782.4012692521,109397.05111848703,206,187,1.180588031097099,850961.8536569912,468179.4523877391,0.07296471271144878
VFINX_TR,open,2024-09,727938.8619862223,616743.0389250104,111195.82306121197,207,188,1.1802952219047782,874681.9009112327,480938.8619862223,0.07267190351912789
VFINX_TR,open,2024-10,753329.6622636857,638408.0385156223,114921.62374806346,208,189,1.1800128081332912,921737.700779308,506329.6622636857,0.07238948974764092
VFINX_TR,open,2024-11,757532.4537498929,642122.2391277951,115410.21462209779,209,190,1.1797324677289815,929654.692877688,510532.4537498929,0.07210914934333124
VFINX_TR,open,2024-12,801656.2915168044,679676.1519398465,121980.13957695791,210,191,1.1794680293384099,1011332.4434566508,554656.2915168044,0.07184471095275957
VFINX_TR,open,2025-01,779742.5242147986,661248.9468507365,118493.57736406208,211,192,1.1791966216784155,970991.4710655351,532742.5242147986,0.07157330329276523
VFINX_TR,open,2025-02,798060.6703621452,676935.3408150413,121125.32954710384,212,193,1.1789319041923072,1004996.0111771865,551060.6703621452,0.07130858580665689
VFINX_TR,open,2025-03,780654.0550659978,662322.3819743372,118331.6730916606,213,194,1.1786617458690163,972976.4370403349,533654.0550659978,0.07103842748336597
VFINX_TR,open,2025-04,753552.6273910517,639480.5734372941,114072.05395375763,214,195,1.17838236014052,923033.2008283458,506552.62739105173,0.07075904175486958
VFINX_TR,open,2025-05,751232.9257724967,637663.404977509,113569.52079498768,215,196,1.1781026163779829,918896.3307500058,504232.92577249673,0.07047929799233255
VFINX_TR,open,2025-06,797771.3127827129,677317.4121727579,120453.90060995496,216,197,1.1778396634209543,1005088.7249554708,550771.3127827129,0.07021634503530394
VFINX_TR,open,2025-07,834820.1025134617,708923.2669849889,125896.83552847279,217,198,1.1775888045879845,1073743.3694984508,587820.1025134617,0.06996548620233423
VFINX_TR,open,2025-08,841730.3107030863,714942.1735562794,126788.13714680693,218,199,1.1773404085481975,1086672.4842593656,594730.3107030863,0.06971709016254724
VFINX_TR,open,2025-09,867758.2069507865,737200.1683265113,130558.03862427524,219,200,1.1770998491775304,1134958.3752772978,620758.2069507865,0.0694765307918801
VFINX_TR,open,2025-10,909545.9541334395,772851.2195615891,136694.7345718504,220,201,1.1768706978936936,1212397.1736950285,662545.9541334395,0.06924737950804327
VFINX_TR,open,2025-11,930175.0405984523,790530.27062484,139644.76997361227,221,202,1.1766469611128694,1250705.3112232923,683175.0405984523,0.06902364272721906
VFINX_TR,open,2025-12,926854.1136488835,787858.0332483189,138996.0804005646,222,203,1.1764227494482569,1244712.1468972024,679854.1136488835,0.06879943106260655
VFINX_TR,open,2026-01,935146.5093382692,795056.821645437,140089.6876928322,223,204,1.1762008499001426,1260203.3309837063,688146.5093382692,0.06857753151449231
VFINX_TR,open,2026-02,952729.4664700112,810155.5677338706,142573.89873614057,224,205,1.1759833597576101,1292885.0342038819,705729.4664700112,0.06836004137195983
VFINX_TR,open,2026-03,941726.3065430815,800948.6546620703,140777.6518810112,225,206,1.1757636411043189,1272674.9612051519,694726.3065430815,0.06814032271866854
VFINX_TR,open,2026-04,901692.9312581855,767049.3144797562,134643.61677842936,226,207,1.1755344985475282,1198742.2457379417,654692.9312581855,0.06791118016187792
VFINX_TR,open,2026-05,992989.9783941546,844862.9233083687,148127.05508578592,227,208,1.1753267317090215,1367852.9017025232,745989.9783941546,0.06770341332337115
VFINX_TR,open,2026-06,1045876.1566939806,890009.0972189876,155867.05947499292,228,209,1.1751297373948546,1465885.253912968,798876.1566939806,0.06750641900920429
VFINX_TR,open,2026-07,1031813.1382186721,878190.922343504,153622.2158751681,229,210,1.1749303163658515,1440004.0605621762,784813.1382186721,0.06730699798020123
VFINX_TR,open,2026-08,1049560.1349570716,893444.5308385161,156115.60411855555,230,211,1.1747345232188482,1473004.6657955877,802560.1349570716,0.06711120483319788
VFINX_TR,open,2026-09,1055778.9110953107,898887.0461771641,156891.86491814663,231,212,1.1745401333631238,1484665.9572724747,808778.9110953107,0.06691681497747348
SPY_TR,close,2016-01,161458.22550220095,126498.71628167378,34959.509220527165,103,84,1.2763625612032543,182043.05821612527,85541.77449779905,0.168739242817604
SPY_TR,close,2016-02,162324.78273115485,127394.16701401093,34930.61571714391,104,85,1.2741932110070802,180281.05025483423,84675.21726884515,0.16656989262142985
SPY_TR,close,2016-03,174243.72471150744,136963.46552072847,37280.259190778976,105,86,1.272191266839235,158792.8097677641,72756.27528849256,0.1645679484535847
SPY_TR,close,2016-04,175930.4450467033,138503.25883097656,37427.186215726746,106,87,1.2702260331751565,155566.29612232014,71069.5549532967,0.16260271478950616
SPY_TR,close,2016-05,179923.34678726332,141859.45502157006,38063.89176569326,107,88,1.2683211475745875,148217.19819116662,67076.65321273668,0.16069782918893716
SPY_TR,close,2016-06,181548.76194298637,143352.55975054114,38196.20219244523,108,89,1.2664493906416,145098.6783064725,65451.23805701363,0.15882607225594958
SPY_TR,close,2016-07,189170.04810083858,149580.78774510615,39589.26035573243,109,90,1.2646680830642147,131249.16415405527,57829.95189916142,0.15704476467856443
SPY_TR,close,2016-08,190396.58830909425,150759.91791474464,39636.67039434961,110,91,1.262912523053802,128843.4937761611,56603.41169090575,0.15528920466815177
SPY_TR,close,2016-09,191407.6652532638,151768.68886599215,39638.97638727166,111,92,1.2611801991797653,126823.64588074404,55592.33474673619,0.153556880794115
SPY_TR,close,2016-10,189089.22628142816,150137.47171399923,38951.75456742893,112,93,1.2594405921636214,130773.30200457262,57910.77371857184,0.15181727377797105
SPY_TR,close,2016-11,197054.9317371278,156668.26490824835,40386.666828879446,113,94,1.2577846052774735,116276.80335462384,49945.0682628722,0.15016128689182318
SPY_TR,close,2016-12,202049.5358057943,160844.16963144636,41205.36617434793,114,95,1.2561819074248368,107106.29456275934,44950.464194205706,0.1485585890391865
SPY_TR,close,2017-01,206665.25525913137,164722.51028574642,41942.74497338495,115,96,1.2546266742816528,98612.2344551222,40334.74474086863,0.14700335589600244
SPY_TR,close,2017-02,215785.38435588317,172194.65794783962,43590.726408043556,116,97,1.2531479601489603,82019.95769627721,31214.615644116828,0.14552464176331004
SPY_TR,close,2017-03,217055.11438859077,173409.8999154964,43645.214473094355,117,98,1.2516881359966352,79534.98569591282,29944.885611409234,0.14406481761098489
SPY_TR,close,2017-04,220209.65470445054,176131.2075271119,44078.44717733865,118,99,1.2502591550708222,73659.13776843756,26790.345295549458,0.14263583668517188
SPY_TR,close,2017-05,224317.45738291444,179616.9343189208,44700.523063993634,119,100,1.248865861303618,66065.60829816476,22682.542617085564,0.14124254291796778
SPY_TR,close,2017-06,226747.45175609927,181761.9687197268,44985.48303637246,120,101,1.247496675752556,61490.579524173925,20252.548243900732,0.13987335736690576
SPY_TR,close,2017-07,232408.08314733696,186497.95574223823,45910.12740509873,121,102,1.2461696012826642,51093.9611104248,14591.916852663038,0.13854628289701387
SPY_TR,close,2017-08,234086.23683349468,188042.14626450717,46044.09056898751,122,103,1.244860481991203,47871.616901998146,12913.76316650532,0.13723716360555271
SPY_TR,close,2017-09,239802.83238819166,192831.00101805557,46971.83137013609,123,104,1.2435906629232192,37366.16659375277,7197.1676118083415,0.13596734453756887
SPY_TR,close,2017-10,246453.5948520426,198374.90974326915,48078.68510877344,124,105,1.2423627321166544,25171.495404688263,546.4051479574118,0.13473941373100407
SPY_TR,close,2017-11,254986.68342762213,205438.42757170973,49548.2558559124,125,106,1.2411829979501632,25548.2558559124,7986.683427622134,0.13355967956451287
SPY_TR,close,2017-12,259079.0892899013,208929.92630105614,50149.16298884517,126,107,1.240028625274979,26149.16298884517,12079.089289901312,0.13240530688932872
SPY_TR,close,2018-01,274680.5287477305,221705.0088759372,52975.51987179328,127,108,1.2389459766397861,28975.51987179328,27680.52874773048,0.1313226582541358
SPY_TR,close,2018-02,265693.0594940264,214643.74596212426,51049.31353190215,128,109,1.2378327554016424,27049.313531902153,18693.059494026413,0.13020943701599208
SPY_TR,close,2018-03,259410.29819482588,209760.26835384473,49650.02984098115,129,110,1.2366989241128663,25650.02984098115,12410.298194825882,0.129075605727216
SPY_TR,close,2018-04,261750.96989703152,211844.34118358974,49906.62871344178,130,111,1.235581599369659,25906.62871344178,14750.969897031522,0.12795828098400874
SPY_TR,close,2018-05,269113.99770336365,217994.16520943982,51119.83249392384,131,112,1.234500920906805,27119.832493923837,22113.997703363653,0.12687760252115465
SPY_TR,close,2018-06,271661.5576091281,220247.75674554636,51413.80086358177,132,113,1.2334362066760138,27413.800863581768,24661.557609128125,0.12581288829036352
SPY_TR,close,2018-07,282725.7871801558,229407.26229318208,53318.524886973726,133,114,1.2324186442660772,42133.04947333789,35725.78718015581,0.12479532588042686
SPY_TR,close,2018-08,292750.20370009623,237729.78744478308,55020.41625531315,134,115,1.2314409853586086,60479.991144879314,45750.20370009623,0.12381766697295826
SPY_TR,close,2018-09,295490.8221181242,240143.26843065518,55347.553687469044,135,116,1.2304772232391408,65634.09054877941,48490.822118124226,0.12285390485349046
SPY_TR,close,2018-10,276071.1538017395,224548.35067782475,51522.80312391475,136,117,1.2294508196937868,30619.50447956426,29071.153801739507,0.12182750130813647
SPY_TR,close,2018-11,282192.0523206451,229713.54251541372,52478.509805231355,137,118,1.228451963391362,41905.59483605879,35192.052320645074,0.12082864500571167
SPY_TR,close,2018-12,258345.51552373872,210487.65046806572,47857.865055673,138,119,1.2273666172302768,23857.865055673,11345.515523738723,0.11974329884462653
SPY_TR,close,2019-01,280030.07499493915,228340.44667485682,51689.62832008232,139,120,1.2263708820438863,38370.52166979597,33030.07499493915,0.11874756365823602
SPY_TR,close,2019-02,290107.4629237008,236742.27597598406,53365.18694771675,140,121,1.2254146908392918,56849.73889968486,43107.462923700805,0.11779137245364146
SPY_TR,close,2019-03,296358.5891157967,242027.45896860788,54331.130147188844,141,122,1.2244833308531156,68386.04808440461,49358.58911579673,0.11686001246746525
SPY_TR,close,2019-04,309465.55049605196,252914.86296603116,56550.687530020805,142,123,1.2235957462793166,92380.41346208312,62465.55049605196,0.11597242789366624
SPY_TR,close,2019-05,290730.5615808308,237786.17914604335,52944.38243478743,143,124,1.2226554235613083,58516.74072687412,43730.56158083078,0.11503210517565798
SPY_TR,close,2019-06,311961.58105181355,255332.9666391659,56628.61441264764,144,125,1.221783403678831,97294.54769097947,64961.581051813555,0.11416008529318078
SPY_TR,close,2019-07,317678.1036450304,260193.32566762815,57484.777977402264,145,126,1.2209310243831293,107871.42931265855,70678.10364503041,0.11330770599747897
SPY_TR,close,2019-08,313359.10952114506,256836.81902011076,56522.290501034295,146,127,1.2200708244116998,100195.92854125582,66359.10952114506,0.11244750602604947
SPY_TR,close,2019-09,320456.4742424478,262834.36883386265,57622.105408585165,147,128,1.219233525905465,113290.84307631047,73456.47424244782,0.11161020751981465
SPY_TR,close,2019-10,328540.0616655899,269644.2381268526,58895.82353873731,148,129,1.2184204785827097,128184.29979244253,81540.06166558992,0.11079716019705943
SPY_TR,close,2019-11,341432.6040883281,280404.860696634,61027.74339169409,149,130,1.2176415317483356,151837.46478496207,94432.60408832808,0.11001821336268525
SPY_TR,close,2019-12,352353.0590602378,289552.131230077,62800.92783016077,150,131,1.2168898828800516,171905.1902903148,105353.05906023778,0.10926656449440131
SPY_TR,close,2020-01,353210.7767914108,290435.20835083484,62775.56844057597,151,132,1.2161431074318836,173645.98514224566,106210.77679141081,0.10851978904623327
SPY_TR,close,2020-02,326248.5745939574,268442.6822027395,57805.89239121787,152,133,1.2153379332857372,124691.25679669692,79248.5745939574,0.10771461490008694
SPY_TR,close,2020-03,286509.5471025283,235921.94169455118,50587.6054079771,153,134,1.214425182518517,52431.48879707945,39509.547102528275,0.10680186413286674
SPY_TR,close,2020-04,323891.5297603129,266880.1335877186,57011.39617259428,154,135,1.2136217312475814,120771.66334803146,76891.52976031287,0.10599841286193112
SPY_TR,close,2020-05,340323.3127794741,280595.61372607906,59727.699053395016,155,136,1.2128604159568295,150918.92650555313,93323.31277947407,0.10523709757117916
SPY_TR,close,2020-06,347358.89001280296,286571.93017100764,60786.959841795324,156,137,1.2121176341504263,163930.8201838106,100358.89001280296,0.10449431576477597
SPY_TR,close,2020-07,368815.45031591697,304448.6422381925,64366.808077724476,157,138,1.2114209070026518,203264.09255410946,121815.45031591697,0.1037975886170015
SPY_TR,close,2020-08,395557.6610325594,326698.24307291384,68859.41795964557,158,139,1.210773762699046,252255.90410547325,148557.6610325594,0.1031504443133957
SPY_TR,close,2020-09,381746.64881950634,315465.55958625115,66281.08923325519,159,140,1.2101056271251485,227212.2084057575,134746.64881950634,0.10248230873949815
SPY_TR,close,2020-10,373228.14293408685,308599.7124469129,64628.43048717396,160,141,1.2094247916653251,211827.85538099974,126228.14293408685,0.10180147327967481
SPY_TR,close,2020-11,414826.83996739413,343168.31242360483,71658.5275437893,161,142,1.2088145232224543,287995.15239099896,167826.83996739413,0.101191204836804
SPY_TR,close,2020-12,431195.4974638679,356882.1384086733,74313.3590551946,162,143,1.2082294154214488,318077.63587254117,184195.49746386788,0.10060609703579848
SPY_TR,close,2021-01,427801.42015026376,354245.3478641628,73556.07228610094,163,144,1.2076416041299896,312046.7680144266,180801.42015026376,0.10001828574433924
SPY_TR,close,2021-02,440696.66478142014,365095.32702228066,75601.33775913948,164,145,1.2070728715586265,335791.9918037008,193696.66478142014,0.09944955317297621
SPY_TR,close,2021-03,461703.9690072058,382670.3861568226,79033.58285038319,165,146,1.2065317456208757,374374.3551640284,214703.9690072058,0.09890842723522542
SPY_TR,close,2021-04,487132.95376681763,403917.6650604049,83215.28870641271,166,147,1.2060204242217731,421050.61882722256,240132.95376681763,0.09839710583612282
SPY_TR,close,2021-05,491331.4957761619,407569.8108658196,83761.68491034227,167,148,1.2055149392257571,428901.30664198153,244331.4957761619,0.09789162084010683
SPY_TR,close,2021-06,503350.77076864825,417710.5312616726,85640.23950697563,168,149,1.205022935975073,451061.30203032086,256350.77076864825,0.09739961758942273
SPY_TR,close,2021-07,516638.8245950002,428907.8922076771,87730.93238732306,169,150,1.204544924402659,475546.7168026773,269638.8245950002,0.09692160601700861
SPY_TR,close,2021-08,533014.0041520351,442672.19783509866,90341.80631693645,170,151,1.204082855798841,505686.20198713377,286014.0041520351,0.09645953741319069
SPY_TR,close,2021-09,509172.63221779035,423041.24888120475,86131.3833365856,171,152,1.203600437461767,462213.8810989951,262172.63221779035,0.09597711907611672
SPY_TR,close,2021-10,545897.9454340287,453723.2862951976,92174.65913883114,172,153,1.203151704845189,529621.2317292264,298897.94543402875,0.09552838645953865
SPY_TR,close,2021-11,542511.7784504032,451077.7219279096,91434.05652249366,173,154,1.2027013352193583,523589.50037831283,295511.77845040325,0.09507801683370798
SPY_TR,close,2021-12,568601.6308461723,472938.9712348233,95662.65961134905,174,155,1.202272735870292,571540.6020809957,321601.63084617234,0.09464941748464173
SPY_TR,close,2022-01,539612.9056367747,448995.60829006723,90617.29734670749,175,156,1.201822235392925,518608.51392684196,292612.9056367747,0.09419891700727479
SPY_TR,close,2022-02,524685.1992473745,436742.64464840794,87942.55459896661,176,157,1.2013601274722399,491427.8438957825,277685.19924737455,0.09373680908658955
SPY_TR,close,2022-03,545408.3561712973,454160.00067088706,91248.3555004102,177,158,1.2009167592161742,529568.3568421843,298408.35617129726,0.09329344083052393
SPY_TR,close,2022-04,498538.36017402785,415298.78995007597,83239.57022395189,178,159,1.2004329707629495,443837.1501241038,251538.36017402785,0.09280965237729921
SPY_TR,close,2022-05,500663.6282505826,417236.17513022444,83427.45312035817,179,160,1.1999525882297226,447899.80338080705,253663.6282505826,0.0923292698440723
SPY_TR,close,2022-06,460378.7345019236,383830.73765409365,76547.99684782996,180,161,1.1994316487409995,374209.47215601726,213378.7345019236,0.09180833035534919
SPY_TR,close,2022-07,503773.81995907886,420176.7163112817,83597.10364779714,181,162,1.198957011187325,453950.5362703606,256773.81995907886,0.09133369280167458
SPY_TR,close,2022-08,484218.7991902394,404032.63142996986,80186.16776026954,182,163,1.1984645831116936,418251.43062020926,237218.7991902394,0.09084126472604326
SPY_TR,close,2022-09,440454.8178681444,367681.52239187906,72773.29547626537,183,164,1.197924810044446,338136.3402600235,193454.81786814443,0.09030149165879564
SPY_TR,close,2022-10,477253.06085254165,398565.06991024874,78687.9909422929,184,165,1.197428216577063,405818.1307627904,230253.06085254165,0.0898048981914128
SPY_TR,close,2022-11,504784.2359858075,421721.8679261725,83062.36805963499,185,166,1.196960068654007,456506.10391198,257784.2359858075,0.08933675026835664
SPY_TR,close,2022-12,476694.40756297286,398418.77780258434,78275.62976038852,186,167,1.1964657142720665,405113.1853655572,229694.40756297286,0.08884239588641618
SPY_TR,close,2023-01,507672.4356347611,424474.26222992287,83198.17340483825,187,168,1.1960028694502394,462146.697864684,260672.43563476112,0.08837955106458906
SPY_TR,close,2023-02,495908.24233587185,414801.8854113317,81106.35692454013,188,169,1.1955303478047412,440710.1277472036,248908.24233587185,0.0879070294190909
SPY_TR,close,2023-03,515295.3775824327,431181.78378055646,84113.59380187624,189,170,1.1950768723677914,476477.16136298917,268295.3775824327,0.08745355398214105
SPY_TR,close,2023-04,524527.3002160969,439069.9788615595,85457.32135453745,190,171,1.1946325767389405,493597.2790776564,277527.3002160969,0.08700925835329021
SPY_TR,close,2023-05,527948.6232423614,442096.81378420495,85851.80945815641,191,172,1.1941923279728999,500045.4370265663,280948.62324236135,0.08656900958724956
SPY_TR,close,2023-06,563159.4985345367,471744.5236135312,91414.97492100549,192,173,1.1937806807395939,564904.0221480678,316159.4985345367,0.08615736235394356
SPY_TR,close,2023-07,582593.584083572,488186.29264736635,94407.29143620568,193,174,1.193383740711457,600779.8767309384,335593.58408357203,0.0857604223258066
SPY_TR,close,2023-08,574125.1857717991,481252.21579617006,92872.969975629,194,175,1.1929819062172682,585377.4015679691,327125.18577179906,0.08535858783161787
SPY_TR,close,2023-09,547891.8586021593,459424.26926344197,88467.58933871734,195,176,1.1925618546023926,537316.1278656013,300891.8586021593,0.0849385362167423
SPY_TR,close,2023-10,536997.9389777314,450450.84978962067,86547.08918811072,196,177,1.1921343676641565,517448.78876735206,289997.9389777314,0.08451104927850617
SPY_TR,close,2023-11,587049.3601117744,492596.73272406997,94452.62738770444,197,178,1.1917443237298377,609646.0928358444,340049.3601117744,0.08412100534418743
SPY_TR,close,2023-12,614851.3716165264,516086.46560642926,98764.90601009713,198,179,1.1913727884610248,660937.8372229557,367851.3716165264,0.08374947007537448
SPY_TR,close,2024-01,625643.8135806435,525305.9264325965,100337.88714804698,199,180,1.1910084811520238,680949.74001324,378643.8135806435,0.08338516276637353
SPY_TR,close,2024-02,659294.1352247869,553719.9391460592,105574.19607872772,200,181,1.190663526116728,743014.0743708462,412294.13522478694,0.08304020773107768
SPY_TR,close,2024-03,681854.3445282871,572827.6654940874,109026.67903419968,201,182,1.190330679891586,784682.0100223745,434854.34452828707,0.08270736150593572
SPY_TR,close,2024-04,655362.1504239792,550731.3994154782,104630.75100850093,202,183,1.1899850836897103,736093.5498394574,408362.15042397915,0.08236176530406003
SPY_TR,close,2024-05,689510.271797863,579587.3127611342,109922.95903672872,203,184,1.1896572899656128,799097.5845589972,442510.27179786295,0.0820339715799625
SPY_TR,close,2024-06,714836.1760260761,601035.1378897611,113801.03813631495,204,185,1.1893417388804775,845871.3139158372,467836.1760260761,0.08171842049482714
SPY_TR,close,2024-07,724492.2925358058,609313.2113204286,115179.0812153772,205,186,1.1890309927233897,863805.5038562345,477492.29253580584,0.08140767433773943
SPY_TR,close,2024-08,742420.4237168287,624550.1246428055,117870.29907402315,206,187,1.1887283252748302,896970.5483596342,495420.4237168287,0.08110500688917988
SPY_TR,close,2024-09,759014.7173642762,638668.5919291321,120346.12543514406,207,188,1.1884328225247969,927683.3092934083,512014.7173642762,0.08080950413914656
SPY_TR,close,2024-10,753241.5377090903,633969.3386547262,119272.19905436411,208,189,1.1881355954965551,917210.8763638164,506241.5377090903,0.0805122771109048
SPY_TR,close,2024-11,799160.0758416436,672775.2408621932,126384.83497945045,209,190,1.1878559544157457,1001935.3167038368,552160.0758416436,0.08023263603009534
SPY_TR,close,2024-12,780932.0675906285,657588.086031225,123343.98155940347,210,191,1.1875702802096488,968520.1536218536,533932.0675906285,0.07994696182399852
SPY_TR,close,2025-01,802905.0493091804,676248.4991183977,126656.55019078264,211,192,1.187292911342355,1009153.5484275781,555905.0493091804,0.07966959295670462
SPY_TR,close,2025-02,793712.2984586938,668663.6328624688,125048.66559622495,212,193,1.1870128110017089,992375.9313211626,546712.2984586938,0.07938949261605854
SPY_TR,close,2025-03,750487.3573575091,632406.2918369211,118081.06552058796,213,194,1.1867170947613495,912893.6491944302,503487.3573575091,0.07909377637569914
SPY_TR,close,2025-04,744980.4241776601,627923.1541888893,117057.26998877083,214,195,1.1864197381604409,902903.5783665495,497980.42417766014,0.07879641977479057
SPY_TR,close,2025-05,792798.8405695444,668385.0873361554,124413.753233389,215,196,1.1861408274820122,991183.9279056997,545798.8405695444,0.0785175090963619
SPY_TR,close,2025-06,834537.5300984104,703730.6629920813,130806.86710632918,216,197,1.1858763217026413,1068268.1930904917,587537.5300984104,0.07825300331699103
SPY_TR,close,2025-07,854758.3071366285,720938.7419345982,133819.56520203035,217,198,1.1856184962996068,1105697.0490712267,607758.3071366285,0.07799517791395649
SPY_TR,close,2025-08,873297.5900337702,736732.1033336342,136565.48670013598,218,199,1.185366547870239,1140029.6933674044,626297.5900337702,0.07774322948458878
SPY_TR,close,2025-09,905404.7428400303,763974.7477394096,141429.99510062078,219,200,1.18512391347896,1199379.4905794398,658404.7428400303,0.07750059509330964
SPY_TR,close,2025-10,927987.2320409578,783185.9144836292,144801.3175573286,220,201,1.1848875405947503,1241173.146524587,680987.2320409578,0.07726422220910001
SPY_TR,close,2025-11,930796.8117025534,785713.1308645925,145083.6808379609,221,202,1.1846522288335846,1246509.942567146,683796.8117025534,0.07702891044793425
SPY_TR,close,2025-12,932539.124913595,787339.7394109442,145199.38550265087,222,203,1.184417702085358,1249878.8643245392,685539.124913595,0.07679438369970759
SPY_TR,close,2026-01,947282.7175792176,799943.4098402401,147339.30773897748,223,204,1.1841871636499928,1277226.1274194578,700282.7175792176,0.07656384526434246
SPY_TR,close,2026-02,940096.2565243742,794030.261896962,146065.9946274123,224,205,1.1839551987331771,1264126.518421336,693096.2565243742,0.0763318803475268
SPY_TR,close,2026-03,894674.7107740772,755821.3916627101,138853.3191113671,225,206,1.1837118142500673,1180496.1024367874,647674.7107740772,0.07608849586441702
SPY_TR,close,2026-04,989662.6930119309,836222.4596476563,153440.2333642746,226,207,1.1834921217362744,1355885.152659587,742662.6930119309,0.07586880335062407
SPY_TR,close,2026-05,1042744.4374848066,881229.296293487,161515.14119131968,227,208,1.1832838988338947,1453973.7337782937,795744.4374848066,0.07566058044824442
SPY_TR,close,2026-06,1033011.9210780506,873159.1852091287,159852.73586892197,228,209,1.1830739899170115,1436171.1062871793,786011.9210780506,0.0754506715313612
SPY_TR,close,2026-07,1034371.5943113923,874463.2010495638,159908.39326182846,229,210,1.1828646340633893,1438834.795360956,787371.5943113923,0.07524131567773895
SPY_TR,close,2026-08,1063092.1350868996,898898.2924177801,164193.84266911948,230,211,1.1826612021116258,1491990.4275046797,816092.1350868996,0.07503788372597553
SPY_TR,close,2026-09,1051313.7262527815,889093.4999621705,162220.22629061097,231,212,1.1824557555504716,1470407.2262149518,804313.7262527815,0.07483243716482124
SPY_TR,open,2016-01,167616.19777255732,132552.24278760227,35063.95498495505,103,84,1.264529322533912,169831.5594398404,79383.80222744268,0.15690600414826172
SPY_TR,open,2016-02,161961.40062657523,128289.57546356825,33671.82516300697,104,85,1.2624673520146548,179749.0239098565,85038.59937342477,0.15484403362900445
SPY_TR,open,2016-03,165047.634502675,130942.0806731252,34105.55382954981,105,86,1.26046289820832,174010.2848241998,81952.365497325,0.1528395798226696
SPY_TR,open,2016-04,174844.62849341685,138921.2579287559,35923.37056466096,106,87,1.258588002298999,156234.11357782726,72155.37150658315,0.15096468391334872
SPY_TR,open,2016-05,178043.5702441168,141668.40770825738,36375.16253585942,107,88,1.2567626976564037,150288.02204762583,68956.4297558832,0.14913937927075338
SPY_TR,open,2016-06,180936.48610242756,144174.59170133792,36761.89440108964,108,89,1.2549817826239662,144888.92219623452,66063.51389757244,0.1473584642383159
SPY_TR,open,2016-07,183190.56724466104,146173.87404917518,37016.69319548586,109,90,1.253237409463697,140635.55870616378,63809.43275533896,0.1456140910780468
SPY_TR,open,2016-08,190932.9676046565,152553.86056177123,38379.10704288527,110,91,1.2515774225677168,126513.17183357227,56067.0323953435,0.14395410418206644
SPY_TR,open,2016-09,192091.187228676,153680.27673161143,38410.91049706456,111,92,1.249940404285878,124228.53603971258,54908.81277132401,0.14231708590022762
SPY_TR,open,2016-10,192684.8676311735,154355.2055553303,38329.6620758432,112,93,1.248321149506704,122959.92681349622,54315.13236882651,0.1406978311210536
SPY_TR,open,2016-11,191104.6339673952,153288.2425267876,37816.39144060761,113,94,1.2467011873660112,125607.1235058172,55895.3660326048,0.1390778689803609
SPY_TR,open,2016-12,199105.1737404181,159903.49327329037,39201.680467127735,114,95,1.2451583743710233,110991.33298629153,47894.826259581896,0.13753505598537297
SPY_TR,open,2017-01,205189.39149625093,164986.6828983861,40202.70859786484,115,96,1.243672446112668,99823.92560536298,41810.60850374907,0.13604912772701772
SPY_TR,open,2017-02,208459.6785474599,167812.15314845488,40647.52539900501,116,97,1.2422203912910064,93728.16830408524,38540.32145254011,0.13459707290535605
SPY_TR,open,2017-03,219409.54410799395,176821.89572738117,42587.64838061278,117,98,1.2408505361025717,73768.56016462488,27590.45589200605,0.13322721771692136
SPY_TR,open,2017-04,218969.89178878866,176661.68160221577,42308.21018657289,118,99,1.239487192711304,74368.42660899556,28030.108211211336,0.13186387432565372
SPY_TR,open,2017-05,222644.28516839942,179819.34276671775,42824.94240168168,119,100,1.2381553716233915,67536.37206488283,24355.714831600577,0.1305320532377412
SPY_TR,open,2017-06,226713.30068451975,183298.04260234215,43415.25808217761,120,101,1.236856092218973,59988.6567131381,20286.699315480248,0.12923277383332277
SPY_TR,open,2017-07,229675.61423065304,185884.5760385908,43791.03819206223,121,102,1.2355818816455806,54439.809730756155,17324.38576934696,0.12795856325993027
SPY_TR,open,2017-08,235006.6901836051,190389.86857912547,44616.82160447963,122,103,1.2343445160052569,44603.441237269435,11993.309816394903,0.12672119761960654
SPY_TR,open,2017-09,236443.5979931807,191743.82795101104,44699.770042169665,123,104,1.2331223409891978,41812.57405580825,10556.402006819291,0.1254990226035475
SPY_TR,open,2017-10,242038.5284758189,196470.08473016578,45568.443745653116,124,105,1.231935787110986,31491.38679401533,4961.471524181106,0.12431246872533563
SPY_TR,open,2017-11,249342.3908908041,202587.12287528563,46755.268015518464,125,106,1.2307909177638177,22755.268015518464,2342.3908908040903,0.12316759937816735
SPY_TR,open,2017-12,256835.9362840689,208863.03554212814,47972.90074194077,126,107,1.229685930865754,23972.90074194077,9835.936284068914,0.12206261248010364
SPY_TR,open,2018-01,262151.78792802925,213372.75419111826,48779.03373691099,127,108,1.2286094769776443,24779.03373691099,15151.787928029255,0.12098615859199402
SPY_TR,open,2018-02,276100.802085266,224912.32302880217,51188.47905646381,128,109,1.227593038776753,31013.125114068156,29100.802085265983,0.11996972039110276
SPY_TR,open,2018-03,267611.61603612837,218182.41112037914,49429.20491574923,129,110,1.226549906850545,25429.20491574923,20611.61603612837,0.11892658846489468
SPY_TR,open,2018-04,260912.39782860212,212905.27705145587,48007.12077714625,130,111,1.2254858190553148,24007.12077714625,13912.397828602116,0.11786250066966453
SPY_TR,open,2018-05,263224.2257573981,214975.73246464643,48248.49329275169,131,112,1.224436929413353,24248.493292751693,16224.225757398119,0.11681361102770271
SPY_TR,open,2018-06,272743.2829159972,222933.2628640935,49810.0200519037,132,113,1.2234301844954798,25810.020051903703,25743.282915997203,0.11580686610982949
SPY_TR,open,2018-07,272051.39443578746,222550.3572421373,49501.03719365015,133,114,1.222426231110438,25501.037193650147,25051.394435787457,0.1148029127247876
SPY_TR,open,2018-08,285215.0407926634,233500.77064730995,51714.270145353454,134,115,1.221473659388752,48715.81143997336,38215.04079266341,0.11385034100310176
SPY_TR,open,2018-09,294602.49486596533,241367.43863382976,53235.05623213557,135,116,1.2205560805278985,65969.9334997951,47602.49486596533,0.11293276214224823
SPY_TR,open,2018-10,299253.8346269494,245358.97652318655,53894.85810376285,136,117,1.2196571687226196,74612.81115013594,52253.83462694939,0.11203385033696933
SPY_TR,open,2018-11,279242.28927696164,229131.55730341212,50110.731973549526,137,118,1.218698517844025,38373.84658037376,32242.289276961645,0.11107519945837474
SPY_TR,open,2018-12,289166.53191629524,237454.32212889273,51712.209787402506,138,119,1.2177775048429422,56620.85404518797,42166.53191629524,0.11015418645729191
SPY_TR,open,2019-01,256261.0067658477,210612.18757179202,45648.819194055686,139,120,1.216743483462918,21648.819194055686,9261.006765847706,0.10912016507726774
SPY_TR,open,2019-02,282441.1698238052,232306.9053986699,50134.264425135334,140,121,1.2158104785524915,44748.075222475105,35441.16982380522,0.10818716016684116
SPY_TR,open,2019-03,294199.4126227056,242155.52365676287,52043.88896594275,141,122,1.214919272457774,66354.9362794685,47199.412622705626,0.10729595407212367
SPY_TR,open,2019-04,300983.9637351789,247916.7874243309,53067.17631084804,142,123,1.2140523716129759,78900.75115950982,53983.96373517893,0.10642905322732554
SPY_TR,open,2019-05,312577.00242080516,257642.14304597717,54934.859374827996,143,124,1.2132215588853594,100219.14546678233,65577.00242080516,0.10559824049970912
SPY_TR,open,2019-06,292990.93072315323,241674.03730561654,51316.89341753669,144,125,1.2123392896881278,64664.96802876977,45990.93072315323,0.10471597130247745
SPY_TR,open,2019-07,318269.0671777401,262699.89694828505,55569.17022945505,145,126,1.2115309936356555,110968.96412602515,71269.0671777401,0.10390767525000522
SPY_TR,open,2019-08,320256.08979748155,264514.5873069522,55741.502490529325,146,127,1.2107312986328609,114770.67710443377,73256.08979748155,0.10310798024721057
SPY_TR,open,2019-09,313690.8813677977,259266.12537470812,54424.75599308955,147,128,1.209918499435402,102957.0067425058,66690.88136779767,0.10229518104975166
SPY_TR,open,2019-10,323915.69974750205,267890.4557606052,56025.24398689682,148,129,1.2091349011588626,121806.15550810727,76915.69974750205,0.10151158277321226
SPY_TR,open,2019-11,332726.8999944711,275350.61189329374,57376.28810117737,149,130,1.208375378963793,138077.51188776485,85726.89999447111,0.10075206057814268
SPY_TR,open,2019-12,344278.7677275303,285082.88823453104,59195.87949299929,150,131,1.207644449863649,159361.65596206137,97278.76772753033,0.10002113147799863
SPY_TR,open,2020-01,356814.29122119903,295634.9741112733,61179.31710992573,151,132,1.206942082187132,182449.26533247234,109814.29122119903,0.09931876380148164
SPY_TR,open,2020-02,357604.76662724535,296461.3745682248,61143.39205902052,152,133,1.2062440415655213,184066.14119547018,110604.76662724535,0.09862072317987103
SPY_TR,open,2020-03,330801.35294722253,274411.7985935836,56389.55435363896,153,134,1.2054924556547748,135213.1515408061,83801.35294722253,0.0978691372691245
SPY_TR,open,2020-04,277699.32524872565,230532.19155439158,47167.13369433407,154,135,1.2046010727452157,38231.516803117236,30699.325248725654,0.09697775435956535
SPY_TR,open,2020-05,320503.1990861682,266235.69197729416,54267.50710887404,155,136,1.203832576713652,116738.89106346236,73503.1990861682,0.09620925832800165
SPY_TR,open,2020-06,342071.75831379485,284321.5888249911,57750.169488803775,156,137,1.2031156681680997,156393.34713878593,95071.75831379485,0.09549234978244936
SPY_TR,open,2020-07,351310.0518571002,292169.0547513963,59140.99710570392,157,138,1.2024204690535294,173479.1066084965,104310.05185710022,0.09479715066787908
SPY_TR,open,2020-08,373588.25362675264,310865.1954253831,62723.05820136954,158,139,1.2017693171329145,214453.44905213575,126588.25362675264,0.09414599874726415
SPY_TR,open,2020-09,399496.2502286792,332591.30005031236,66904.95017836685,159,140,1.201162658699268,262087.55027899158,152496.25022867922,0.09353934031361777
SPY_TR,open,2020-10,387756.3730995487,322985.0120202412,64771.361079307506,160,141,1.2005398351897776,240741.38511978986,140756.37309954868,0.09291651680412727
SPY_TR,open,2020-11,380155.9257533672,316821.19529872277,63334.73045464442,161,142,1.1999068603820136,226977.12105208996,133155.9257533672,0.09228354199636324
SPY_TR,open,2020-12,421876.96521202347,351758.0289007008,70118.93631132267,162,143,1.1993385525000109,303634.99411272426,174876.96521202347,0.09171523411436056
SPY_TR,open,2021-01,435963.49431196443,363669.48427971965,72294.01003224478,163,144,1.1987904214053857,329632.9785916841,188963.49431196443,0.09116710301973541
SPY_TR,open,2021-02,435116.4662864759,363128.7412169555,71987.72506952041,164,145,1.1982429835442592,328245.20750343136,188116.4662864759,0.09061966515860886
SPY_TR,open,2021-03,449936.6161788251,375662.42018035805,74274.19599846704,165,146,1.1977152677736769,355599.03635918314,202936.6161788251,0.09009194938802656
SPY_TR,open,2021-04,467406.8478551901,390413.79508516326,76993.05277002684,166,147,1.1972088428720402,387820.64294035337,220406.8478551901,0.0895855244863899
SPY_TR,open,2021-05,493079.52481064986,412022.29384655843,81057.23096409143,167,148,1.1967302065316836,435101.8186572083,246079.52481064986,0.08910688814603329
SPY_TR,open,2021-06,497770.852900298,416106.8053509068,81664.04754939122,168,149,1.1962574187666148,443877.6582512048,250770.85290029802,0.08863410038096453
SPY_TR,open,2021-07,507844.6981912656,424691.9999324568,83152.69825880876,169,150,1.1957953017057854,462536.6981237224,260844.69819126558,0.0881719833201351
SPY_TR,open,2021-08,522426.8892584299,437050.29097757925,85376.59828085062,170,151,1.1953473090931552,489477.1802360091,275426.8892584299,0.08772399070750492
SPY_TR,open,2021-09,537924.9112628283,450179.0019338931,87745.9093289352,171,152,1.1949133765724158,518103.91319672135,290924.9112628283,0.0872900581867655
SPY_TR,open,2021-10,514915.53697118605,431086.0188253496,83829.51814583648,172,153,1.1944612315988825,476001.5557965356,267915.53697118605,0.0868379132132322
SPY_TR,open,2021-11,550945.6789270407,461413.16735821904,89532.51156882162,173,154,1.1940397845198745,542358.8462852597,303945.67892704066,0.08641646613422416
SPY_TR,open,2021-12,553549.5582757145,463756.4051376192,89793.15313809534,174,155,1.193621375669085,547305.9634133338,306549.5582757145,0.08599805728343468
SPY_TR,open,2022-01,574134.9113975732,481164.75163768086,92970.15975989233,175,156,1.1932189742566581,585299.663035254,327134.9113975732,0.08559565587100781
SPY_TR,open,2022-02,544252.2843273367,456282.97491729684,87969.30941003986,176,157,1.1927955112197308,530535.2592446336,297252.2843273367,0.0851721928340805
SPY_TR,open,2022-03,526365.0870840647,441448.5782704162,84916.50881364854,177,158,1.192358777428504,497813.6653544809,279365.0870840647,0.08473545904285373
SPY_TR,open,2022-04,551174.3341236153,462416.7686257543,88757.56549786101,178,159,1.1919427916977094,543591.1027493696,304174.3341236153,0.08431947331205913
SPY_TR,open,2022-05,502031.05635579594,421348.24141363933,80682.8149421566,179,160,1.1914872473929468,453379.2977694353,255031.05635579594,0.08386392900729644
SPY_TR,open,2022-06,506807.8597788652,425518.06419716735,81289.79558169784,180,161,1.1910372377141467,462325.9239760325,259807.85977886518,0.0834139193284964
SPY_TR,open,2022-07,462661.4256614597,388612.92346113874,74048.50220032095,181,162,1.190545650259945,381274.3491225984,215661.42566145968,0.08292233187429465
SPY_TR,open,2022-08,503703.1384037837,423245.9998018748,80457.13860190893,182,163,1.1900954495484224,456949.1382056585,256703.13840378373,0.08247213116277208
SPY_TR,open,2022-09,484685.558440262,407425.85317320115,77259.70526706084,183,164,1.189628872751521,422111.41161346313,237685.558440262,0.08200555436587065
SPY_TR,open,2022-10,448273.113182571,376977.0155444045,71296.09763816651,184,165,1.1891258477263011,355250.1287269755,201273.11318257102,0.08150252934065083
SPY_TR,open,2022-11,485350.6278595286,408316.54163068085,77034.08622884774,185,166,1.1886626633376134,423667.16949020943,238350.62785952858,0.08103934495196308
SPY_TR,open,2022-12,509527.08326978976,428814.46658878855,80712.61668100121,186,167,1.188222699954758,468341.5498585783,262527.08326978976,0.08059938156910773
SPY_TR,open,2023-01,482312.9462197145,406069.6441315593,76243.30208815518,187,168,1.187759176757014,418382.5903512738,235312.94621971447,0.08013585837136361
SPY_TR,open,2023-02,509463.1112458659,429086.03056567657,80377.0806801893,188,169,1.1873215974293683,468549.14181154245,262463.1112458659,0.07969827904371796
SPY_TR,open,2023-03,498141.78946648963,419708.62160920445,78433.16785728518,189,170,1.186875283992415,447850.4110756941,251141.78946648963,0.07925196560676473
SPY_TR,open,2023-04,518039.4922304986,436630.85288226703,81408.63934823155,190,171,1.186447290224318,484670.3451127656,271039.4922304986,0.07882397183866763
SPY_TR,open,2023-05,527427.4068058752,444700.62719460984,82726.7796112654,191,172,1.186028025490197,502128.0340004851,280427.40680587525,0.07840470710454661
SPY_TR,open,2023-06,531753.4613950624,448504.99144039775,83248.46995466464,192,173,1.1856132519000686,510258.45283546014,284753.4613950624,0.0779899335144183
SPY_TR,open,2023-07,566426.3415688558,477906.22609244735,88520.11547640845,193,174,1.185224863463664,574332.5676613031,319426.3415688558,0.07760154507801365
SPY_TR,open,2023-08,584498.8929457052,493310.70907549676,91188.18387020845,194,175,1.1848493904401596,607809.602021202,337498.8929457052,0.07722607205450926
SPY_TR,open,2023-09,581527.765404969,490959.120618114,90568.64478685497,195,176,1.1844728837562477,602486.886023083,334527.765404969,0.0768495653705974
SPY_TR,open,2023-10,550388.6404218611,464825.4264459122,85563.21397594886,196,177,1.1840760188834143,545214.0668677733,303388.6404218611,0.07645270049776398
SPY_TR,open,2023-11,541816.0451643271,457740.98329794535,84075.06186638179,197,178,1.1836738787526417,529557.0284622725,294816.04516432714,0.07605056036699143
SPY_TR,open,2023-12,590082.7312240988,498673.16977956425,91409.56144453457,198,179,1.1833055535852102,618755.9010036631,343082.7312240988,0.07568223519955986
SPY_TR,open,2024-01,614781.2377469919,519700.5468598887,95080.6908871032,199,180,1.182952839787442,664481.7846068806,367781.2377469919,0.07532952140179172
SPY_TR,open,2024-02,632017.8902086305,534426.0749752412,97591.81523338926,200,181,1.1826105046201394,696443.9651838717,385017.8902086305,0.07498718623448908
SPY_TR,open,2024-03,664773.3543251492,562278.0807645173,102495.2735606319,201,182,1.182285735594159,757051.4350896665,417773.3543251492,0.07466241720850864
SPY_TR,open,2024-04,687294.5850455036,581481.1513695591,105813.43367594446,202,183,1.1819722503931944,798775.7364150627,440294.58504550357,0.07434893200754411
SPY_TR,open,2024-05,658838.88304405,557560.3446487121,101278.53839533788,203,184,1.1816458780962047,746399.227692762,411838.88304404996,0.07402255971055438
SPY_TR,open,2024-06,696159.1867009992,589297.3906031786,106861.79609782051,204,185,1.1813376366531023,815456.5773041778,449159.18670099915,0.073714318267452
SPY_TR,open,2024-07,721333.3485008297,610760.7713080543,110572.57719277532,205,186,1.1810407321281688,862094.119808884,474333.34850082966,0.07341741374251853
SPY_TR,open,2024-08,731508.2627425622,619529.2707273758,111978.99201518646,206,187,1.1807485090796668,881037.533469938,484508.2627425622,0.07312519069401646
SPY_TR,open,2024-09,742966.5133063904,629386.5764816551,113579.93682473525,207,188,1.1804613270585789,902353.0897880455,495966.5133063904,0.07283800867292856
SPY_TR,open,2024-10,763438.1537457878,646881.5179024944,116556.63584329339,208,189,1.1801823558373208,940319.6716482822,516438.1537457878,0.07255903745167047
SPY_TR,open,2024-11,761668.7804321717,645534.9540008071,116133.82643136452,209,190,1.1799032348467056,937203.7344329788,514668.78043217165,0.07227991646105525
SPY_TR,open,2024-12,804863.7030572931,682296.2955913346,122567.4074659585,210,191,1.1796395616654072,1017159.9986486277,557863.7030572931,0.07201624327975686
SPY_TR,open,2025-01,790384.646942279,670174.443274716,120210.20366756292,211,192,1.17937151270671,990559.090216995,543384.646942279,0.07174819432105961
SPY_TR,open,2025-02,795783.1429440142,674903.9686654392,120879.174278575,212,193,1.1791057393211104,1000687.1116094533,548783.1429440142,0.07148242093546009
SPY_TR,open,2025-03,801495.9972742487,679900.9421115594,121595.0551626893,213,194,1.1788423101533778,1011396.9393858082,554495.9972742487,0.0712189917677275
SPY_TR,open,2025-04,752682.5186717504,638644.6724023249,114037.84626942559,214,195,1.1785622760156458,921327.1910740753,505682.51867175044,0.07093895762999547
SPY_TR,open,2025-05,757625.0431180078,642989.8706379122,114635.17248009564,215,196,1.1782845698119098,930614.91375592,510625.04311800783,0.07066125142625945
SPY_TR,open,2025-06,795656.5979618082,675418.2333548337,120238.36460697453,216,197,1.1780206080753033,1001074.8313166419,548656.5979618082,0.07039728968965298
SPY_TR,open,2025-07,837839.306230467,711377.475991467,126461.83023900003,217,198,1.1777703603318992,1079216.782221934,590839.306230467,0.07014704194624888
SPY_TR,open,2025-08,852350.9881711303,723849.7310216035,128501.25714952685,218,199,1.177524770186993,1106200.7191927338,605350.9881711303,0.06990145180134277
SPY_TR,open,2025-09,868593.5724043804,737794.3285529399,130799.2438514405,219,200,1.1772841546613422,1136387.9009573204,621593.5724043804,0.06966083627569186
SPY_TR,open,2025-10,907074.0075621355,770630.6825965706,136443.32496556488,220,201,1.1770541039267102,1207704.6901587062,660074.0075621355,0.06943078554105986
SPY_TR,open,2025-11,938849.13333688,797776.5714491537,141072.5618877263,221,202,1.1768321694775634,1266625.7047860338,691849.13333688,0.0692088510919131
SPY_TR,open,2025-12,930456.118366504,790794.961824609,139661.156541895,222,203,1.1766085563059905,1251251.080191113,683456.118366504,0.06898523792034017
SPY_TR,open,2026-01,943691.4321614875,802193.7590536524,141497.67310783511,223,204,1.1763883993248212,1275885.1912151398,696691.4321614875,0.06876508093917089
SPY_TR,open,2026-02,950017.4253890084,807721.1695845431,142296.25580446527,224,205,1.1761700214910256,1287738.5949735516,703017.4253890084,0.06854670310537525
SPY_TR,open,2026-03,936028.303663612,795977.1602563724,140051.14340723958,225,206,1.1759486960180254,1262005.4639199844,689028.303663612,0.06832537763237512
SPY_TR,open,2026-04,905288.3532265266,769986.2289814261,135302.12424510054,226,207,1.1757201871312484,1205274.5822079526,658288.3532265266,0.06809686874559806
SPY_TR,open,2026-05,999530.6459846593,850292.7627797811,149237.8832048782,227,208,1.1755135286780392,1379823.4087644406,752530.6459846593,0.06789021029238884
SPY_TR,open,2026-06,1047801.3397767675,891505.5656432818,156295.77413348574,228,209,1.1753166555059111,1469306.9054200493,800801.3397767675,0.06769333712026082
SPY_TR,open,2026-07,1037092.7971921206,882543.5332583948,154549.26393372577,229,210,1.1751180062054527,1449636.3304505153,790092.7971921206,0.06749468781980239
SPY_TR,open,2026-08,1044273.5952478223,888803.2586843204,155470.33656350197,230,211,1.1749209794681017,1463076.8539321427,797273.5952478223,0.06729766108245139
SPY_TR,open,2026-09,1062788.7087965945,904710.7408510797,158077.96794551483,231,212,1.1747276348203932,1497499.4496476743,815788.7087965945,0.0671043164347429
GSPC_PRICE_ONLY,close,2016-01,146596.30996777775,116786.29188816494,29810.01807961281,103,84,1.2552527150032216,206617.3981440573,100403.69003222225,0.14762939661757124
GSPC_PRICE_ONLY,close,2016-02,146991.1075802604,117304.15599609814,29686.951584162263,104,85,1.2530767246230368,205704.73642364144,100008.8924197396,0.14545340623738645
GSPC_PRICE_ONLY,close,2016-03,157691.2145822603,126045.18797873109,31646.0266035292,105,86,1.2510688992654695,186263.59743900862,89308.78541773971,0.14344558087981918
GSPC_PRICE_ONLY,close,2016-04,159116.88597620025,127385.43414278321,31731.451833417043,106,87,1.2490979604296832,183497.67988101655,87883.11402379975,0.14147464204403293
GSPC_PRICE_ONLY,close,2016-05,162555.28900884718,130337.56528853269,32217.72372031449,107,88,1.247186784937965,177107.14570262015,84444.71099115282,0.13956346655231466
GSPC_PRICE_ONLY,close,2016-06,163703.36407429987,131456.29254514008,32247.071529159788,108,89,1.2453064125331743,174840.34338056005,83296.63592570013,0.137683094147524
GSPC_PRICE_ONLY,close,2016-07,170532.80825163313,137137.42493044207,33395.38332119107,109,90,1.2435176490890774,162329.7668179248,76467.19174836687,0.13589433070342705
GSPC_PRICE_ONLY,close,2016-08,171324.8873361225,137970.22109890584,33354.666237216676,110,91,1.2417526475753484,160704.89156497165,75675.11266387749,0.1341293291896981
GSPC_PRICE_ONLY,close,2016-09,172113.395133757,138799.9036022784,33313.49153147859,111,92,1.2400109125935426,159086.70126396458,74886.604866243,0.13238759420789226
GSPC_PRICE_ONLY,close,2016-10,169769.97558394485,137103.6212422956,32666.354341649247,112,93,1.238260332190058,163126.40317375955,77230.02441605515,0.13063701380440773
GSPC_PRICE_ONLY,close,2016-11,176571.78332049726,142789.07193931582,33782.711381181434,113,94,1.236591714774495,150639.14474018692,70428.21667950274,0.1289683963888446
GSPC_PRICE_ONLY,close,2016-12,180785.52440265025,146387.9419169778,34397.582485672436,114,95,1.23497551803263,142826.53368037194,66214.47559734975,0.12735219964697975
GSPC_PRICE_ONLY,close,2017-01,185018.75747814964,150005.99630614504,35012.7611720046,115,96,1.2334090771981379,134975.24621570532,61981.24252185036,0.12578575881248755
GSPC_PRICE_ONLY,close,2017-02,192901.1148341853,156585.94336772326,36315.17146646205,116,97,1.23191846397847,120512.94179809143,54098.88516581469,0.12429514559281962
GSPC_PRICE_ONLY,close,2017-03,193826.03827290155,157525.00056714108,36301.03770576048,117,98,1.2304461994925566,118648.96115995737,53173.961727098445,0.12282288110690631
GSPC_PRICE_ONLY,close,2017-04,196588.15124780402,159957.09323046045,36631.058017343574,118,99,1.2290055244037652,113454.75552173553,50411.848752195976,0.12138220601811489
GSPC_PRICE_ONLY,close,2017-05,199863.90507869984,162808.79673032864,37055.1083483712,119,100,1.2275989325671888,107327.29819097152,47136.09492130016,0.11997561418153846
GSPC_PRICE_ONLY,close,2017-06,201826.0049899043,164592.5216796429,37233.48331026139,120,101,1.2262161301758978,103581.4733304528,45173.99501009571,0.1185928117902475
GSPC_PRICE_ONLY,close,2017-07,206731.1012429515,168777.19374270493,37953.90750024657,121,102,1.2248758061359049,94491.70501434358,40268.898757048504,0.11725248775025454
GSPC_PRICE_ONLY,close,2017-08,207844.0659429013,169869.41917436413,37974.646768537175,122,103,1.2235519904236425,92286.51488273457,39155.9340570987,0.11592867203799218
GSPC_PRICE_ONLY,close,2017-09,212856.07549207087,174148.40493105474,38707.67056101613,123,104,1.2222683037283084,82995.51957687439,34143.92450792913,0.1146449853426581
GSPC_PRICE_ONLY,close,2017-10,218578.95484473984,179012.4332612198,39566.52158352005,124,105,1.22102666760461,72408.61189404037,28421.04515526016,0.11340334921895967
GSPC_PRICE_ONLY,close,2017-11,225717.2262799923,185039.57279724188,40677.65348275041,125,106,1.2198321843691413,59243.20092276583,21282.77372000771,0.112208865983491
GSPC_PRICE_ONLY,close,2017-12,228936.39466754056,187858.81352230604,41077.58114523452,126,107,1.21866198542959,53204.7918101534,18063.60533245944,0.11103866704393961
GSPC_PRICE_ONLY,close,2018-01,242797.74464713346,199412.47822454842,43385.26642258503,127,108,1.2175654543229288,27789.77712831812,4202.255352866545,0.10994213593727853
GSPC_PRICE_ONLY,close,2018-02,234341.41059488978,192645.8862777506,41695.52431713918,128,109,1.2164361000526318,43012.70312735962,12658.589405110222,0.1088127816669815
GSPC_PRICE_ONLY,close,2018-03,229041.25926969902,188466.69821771345,40574.56105198557,129,110,1.2152876950447475,52492.04251258753,17958.740730300982,0.10766437665909723
GSPC_PRICE_ONLY,close,2018-04,230663.97091830918,189979.09676428742,40684.87415402176,130,111,1.2141544772396757,49356.93231740341,16336.029081690824,0.10653115885402542
GSPC_PRICE_ONLY,close,2018-05,236648.23685544773,195084.23003239513,41564.006823052594,131,112,1.213056723324846,38267.533112157136,10351.763144552271,0.10543340493919562
GSPC_PRICE_ONLY,close,2018-06,238794.19086026197,197028.91298314233,41765.27787711963,132,113,1.2119753758205682,34176.8961565957,8205.809139738034,0.10435205743491793
GSPC_PRICE_ONLY,close,2018-07,248395.9292200969,205126.20103984987,43269.72818024704,133,114,1.2109419857672936,19269.72818024704,1395.9292200969066,0.1033186673816433
GSPC_PRICE_ONLY,close,2018-08,256913.18770636892,212333.9786003156,44579.20910605331,134,115,1.2099485414436022,20579.209106053313,9913.187706368917,0.10232522305795189
GSPC_PRICE_ONLY,close,2018-09,259016.4467780286,214245.80173482953,44770.64504319907,135,116,1.2089685990608645,20770.645043199067,12016.446778028592,0.1013452806752142
GSPC_PRICE_ONLY,close,2018-10,242039.83608816913,200376.4240654477,41663.41202272143,136,117,1.2079257188915258,27583.739846383163,4960.163911830867,0.10030240050587547
GSPC_PRICE_ONLY,close,2018-11,247362.5118455322,204955.01808804195,42407.49375749024,137,118,1.2069112244876745,18407.493757490243,362.51184553219355,0.0992879061020242
GSPC_PRICE_ONLY,close,2018-12,225660.3486481113,187144.88297884382,38515.46566926749,138,119,1.2058056039588405,57194.76837304488,21339.651351888693,0.0981822855731902
GSPC_PRICE_ONLY,close,2019-01,244416.29816118965,202870.2661208552,41546.03204033445,139,120,1.2047911349196159,22713.435717955144,2583.701838810346,0.09716781653396556
GSPC_PRICE_ONLY,close,2019-02,252682.52324307594,209901.37381353515,42781.14942954079,140,121,1.2038154808245571,18781.14942954079,5682.523243075935,0.09619216243890683
GSPC_PRICE_ONLY,close,2019-03,258211.6695394774,214663.6998249096,43547.96971456782,141,122,1.2028660167046767,19547.969714567822,11211.669539477414,0.09524269831902643
GSPC_PRICE_ONLY,close,2019-04,269362.8735745051,224102.8808259969,45259.9927485082,142,123,1.2019607806097325,23465.754400501988,22362.873574505094,0.09433746222408224
GSPC_PRICE_ONLY,close,2019-05,252644.79483632246,210361.90173249054,42282.89310383191,143,124,1.2010007171241563,18282.893103831913,5644.794836322457,0.09337739873850603
GSPC_PRICE_ONLY,close,2019-06,271059.641977692,225862.1821178929,45197.45985979913,144,125,1.200110790730816,26921.824095584918,24059.641977692023,0.09248747234516563
GSPC_PRICE_ONLY,close,2019-07,275618.1542038963,229827.33521349775,45790.81899039855,145,126,1.1992400901653462,35445.48941739404,28618.154203896294,0.09161677177969585
GSPC_PRICE_ONLY,close,2019-08,271631.77329731814,226669.3847351322,44962.38856218595,146,127,1.198361100307946,28301.15803245033,24631.77329731814,0.09073778192229565
GSPC_PRICE_ONLY,close,2019-09,277298.7271260581,231563.8317657815,45734.89536027657,147,128,1.197504485098242,38862.55889183958,30298.727126058075,0.08988116671259161
GSPC_PRICE_ONLY,close,2019-10,283964.43108243437,237295.0908356893,46669.340246745065,148,129,1.1966721691645126,51259.521918123675,36964.43108243437,0.08904885077886227
GSPC_PRICE_ONLY,close,2019-11,294632.5787770745,246374.2857428377,48258.29303423682,149,130,1.1958739033529182,71006.86451991223,47632.57877707452,0.0882505849672679
GSPC_PRICE_ONLY,close,2019-12,304056.07084803935,254418.08195525402,49637.98889278533,150,131,1.1951040134856274,88474.15280329337,57056.07084803935,0.08748069509997713
GSPC_PRICE_ONLY,close,2020-01,304561.0393425034,255003.86570298648,49557.17363951693,151,132,1.1943389113059102,89564.9050454899,57561.03934250341,0.08671559292025988
GSPC_PRICE_ONLY,close,2020-02,279944.26302599075,234555.36722904586,45388.89579694488,152,133,1.1935103695692546,44499.63025503661,32944.263025990746,0.08588705118360429
GSPC_PRICE_ONLY,close,2020-03,245917.8377216825,206207.967996185,39709.8697254975,153,134,1.192571946231642,17874.194282132492,1082.162278317497,0.08494862784599166
GSPC_PRICE_ONLY,close,2020-04,278111.04931517446,233364.2193586777,44746.829956496746,154,135,1.1917467471211662,41475.26867385217,31111.04931517446,0.08412342873551593
GSPC_PRICE_ONLY,close,2020-05,291704.42369726335,244931.37585607113,46773.04784119222,155,136,1.1909638880593127,66635.79955333448,44704.42369726335,0.08334056967366243
GSPC_PRICE_ONLY,close,2020-06,298068.4003050744,250435.2711140136,47633.12919106081,156,137,1.190201360132596,78503.671419088,51068.40030507441,0.08257804174694572
GSPC_PRICE_ONLY,close,2020-07,315492.3630534459,265234.58549770893,50257.777555736946,157,138,1.1894842539536423,110726.94855115481,68492.36305344588,0.08186093556799201
GSPC_PRICE_ONLY,close,2020-08,338597.2303808214,284818.15838142106,53779.07199940033,158,139,1.1888189724455025,153415.38876224245,91597.23038082139,0.08119565405985218
GSPC_PRICE_ONLY,close,2020-09,326314.74832494586,274645.3201581613,51669.42816678458,159,140,1.188131471299163,130960.06848310714,79314.74832494586,0.08050815291351276
GSPC_PRICE_ONLY,close,2020-10,318286.9942569046,268047.0414439632,50239.952812941396,160,141,1.187429611393209,116334.03570086777,71286.99425690458,0.0798062930075587
GSPC_PRICE_ONLY,close,2020-11,353517.3713077793,297874.3308449006,55643.04046287865,161,142,1.1868003876166533,181391.7021526799,106517.37130777928,0.07917706923100298
GSPC_PRICE_ONLY,close,2020-12,367640.4519456474,309931.86063238414,57708.591313263285,162,143,1.1861976732418371,207572.31257803156,120640.45194564742,0.0785743548561868
GSPC_PRICE_ONLY,close,2021-01,364546.1649523502,307480.25464321737,57065.91030913283,163,144,1.1855921134687133,202026.41959556757,117546.1649523502,0.07796879508306298
GSPC_PRICE_ONLY,close,2021-02,375057.7034900398,316502.8607567664,58554.8427332734,164,145,1.1850057297847711,221560.5642468062,128057.7034900398,0.07738241139912083
GSPC_PRICE_ONLY,close,2021-03,391974.63954718644,330934.80936011835,61039.83018706809,165,146,1.184446689984327,252909.4489073048,144974.63954718644,0.07682337159867658
GSPC_PRICE_ONLY,close,2021-04,413524.03598554106,349284.17308591557,64239.8628996255,166,147,1.1839186194211668,292808.20907145663,166524.03598554106,0.07629530103551652
GSPC_PRICE_ONLY,close,2021-05,416792.8309239994,352200.5167443738,64592.31417962565,167,148,1.1833964208136203,298993.3476683732,169792.83092399943,0.07577310242796997
GSPC_PRICE_ONLY,close,2021-06,427051.4708571165,361024.30239242525,66027.16846469126,168,149,1.1828884316849153,318075.77324954176,180051.4708571165,0.075265113299265
GSPC_PRICE_ONLY,close,2021-07,437766.0611307182,370236.9030176289,67529.15811308933,169,150,1.18239445490898,338002.9641483471,190766.0611307182,0.07477113652332967
GSPC_PRICE_ONLY,close,2021-08,451457.08146540145,381970.22494923434,69486.85651616711,170,151,1.1819169452943674,363427.3064146358,204457.08146540145,0.0742936269087171
GSPC_PRICE_ONLY,close,2021-09,430981.64335036016,364800.2188413241,66181.42450903606,171,152,1.1814182697566384,325781.86219168425,183981.64335036016,0.07379495137098813
GSPC_PRICE_ONLY,close,2021-10,461781.367589842,391023.9054917941,70757.4620980479,172,153,1.1809543127780273,382805.2730816361,214781.367589842,0.073330994392377
GSPC_PRICE_ONLY,close,2021-11,458933.017350758,388765.2271522135,70167.7901985445,173,154,1.1804888536779337,377698.24450297153,211933.01735075802,0.07286553529228335
GSPC_PRICE_ONLY,close,2021-12,479948.42332136096,406720.411361063,73228.01196029794,174,155,1.1800450872756674,416668.83468242397,232948.42332136096,0.07242176889001706
GSPC_PRICE_ONLY,close,2022-01,455710.2562763697,386332.951409632,69377.30486673769,175,156,1.1795790512137194,372043.20768600167,208710.25627636968,0.07195573282806911
GSPC_PRICE_ONLY,close,2022-02,442418.9584547468,375217.35999851127,67201.59845623554,176,157,1.179100451153172,347636.3184532581,195418.9584547468,0.07147713276752166
GSPC_PRICE_ONLY,close,2022-03,459245.7394365876,389640.1188197483,69605.62061683933,177,158,1.1786407950692563,378885.8582563359,212245.7394365876,0.07101747668360603
GSPC_PRICE_ONLY,close,2022-04,419851.99428559124,356368.6551813097,63483.339104281564,178,159,1.1781395141836566,306220.6494669009,172851.99428559124,0.07051619579800628
GSPC_PRICE_ONLY,close,2022-05,420874.3210509378,357387.6060483995,63486.71500253829,179,160,1.1776410651295517,308261.92709933734,173874.3210509378,0.07001774674390138
GSPC_PRICE_ONLY,close,2022-06,386554.54805619374,328395.6381724673,58158.90988372645,180,161,1.177100129001051,244950.18622866104,139554.54805619374,0.06947681061540067
GSPC_PRICE_ONLY,close,2022-07,422776.0036819761,359317.8637826821,63458.13989929401,181,162,1.1766072502804201,312093.8674646582,175776.00368197612,0.06898393189476981
GSPC_PRICE_ONLY,close,2022-08,405833.3358549674,345068.3675529653,60764.96830200212,182,163,1.1760954466296456,280901.7034079327,158833.33585496742,0.06847212824399529
GSPC_PRICE_ONLY,close,2022-09,368930.2587274038,313840.4754748326,55089.783252571244,183,164,1.1755343480448843,212770.7342022364,121930.25872740382,0.06791102965923401
GSPC_PRICE_ONLY,close,2022-10,399394.28865714534,339904.8472464828,59489.44141066255,184,165,1.1750179260242313,269299.13590362814,152394.28865714534,0.06739460763858096
GSPC_PRICE_ONLY,close,2022-11,421862.88726092764,359175.71625051845,62687.17101040919,185,166,1.1745306494125178,311038.6035114461,174862.88726092764,0.06690733102686752
GSPC_PRICE_ONLY,close,2022-12,397985.01094172895,338994.5948113782,58990.41613035073,186,167,1.174015801529738,266979.6057531072,150985.01094172895,0.06639248314408763
GSPC_PRICE_ONLY,close,2023-01,423561.7227427467,360928.4798314899,62633.24291125679,187,168,1.1735336677795527,314490.2025742366,176561.7227427467,0.06591034939390239
GSPC_PRICE_ONLY,close,2023-02,413501.4698278761,352503.73709206964,60997.732735806436,188,169,1.17304137890565,296005.2069199457,166501.46982787608,0.06541806051999965
GSPC_PRICE_ONLY,close,2023-03,428995.3631483479,365859.56151660386,63135.80163174402,189,170,1.1725684067679578,324854.92466495174,181995.36314834788,0.0649450883823075
GSPC_PRICE_ONLY,close,2023-04,436276.8598271862,372216.6022168156,64060.25761037064,190,171,1.172104783152729,338493.4620440018,189276.8598271862,0.06448146476707861
GSPC_PRICE_ONLY,close,2023-05,438359.85054198175,374140.5731197262,64219.277422255545,191,172,1.1716447828332832,342500.42366170796,191359.85054198175,0.0640214644476329
GSPC_PRICE_ONLY,close,2023-06,467733.7723833634,399357.74393558357,68376.02844777983,192,173,1.1712149807687438,397091.51631894696,220733.7723833634,0.06359166238309344
GSPC_PRICE_ONLY,close,2023-07,483298.502681763,412793.31770944345,70505.18497231958,193,174,1.1708002090817438,426091.8203912065,236298.50268176303,0.06317689069609345
GSPC_PRICE_ONLY,close,2023-08,475736.1978875932,406480.110274261,69256.0876133322,194,175,1.1703800158059483,412216.30816185416,228736.19788759318,0.06275669742029799
GSPC_PRICE_ONLY,close,2023-09,453558.63124600827,387676.6564143415,65881.9748316668,195,176,1.1699405258005873,371235.28766034974,206558.63124600827,0.06231720741493696
GSPC_PRICE_ONLY,close,2023-10,444589.5537067954,380155.64417537226,64433.90953142312,196,177,1.1694934969890876,354745.19788216765,197589.55370679538,0.06187017860343724
GSPC_PRICE_ONLY,close,2023-11,485237.7250144698,415057.64654627076,70180.07846819906,197,178,1.1690851356484415,430295.3715607406,238237.72501446982,0.06146181726279121
GSPC_PRICE_ONLY,close,2023-12,507699.4165199211,434415.32713858056,73284.08938134054,198,179,1.1686959110399036,472114.74365850165,260699.4165199211,0.061072592654253244
GSPC_PRICE_ONLY,close,2024-01,516769.65799310035,442320.6661552957,74448.99183780467,199,180,1.1683145227758047,489090.32414839603,269769.65799310035,0.06069120439015441
GSPC_PRICE_ONLY,close,2024-02,544497.3157594057,466197.7743699595,78299.54138944624,200,181,1.167953486039833,540695.0901293652,297497.3157594057,0.060330167654182754
GSPC_PRICE_ONLY,close,2024-03,562386.9581614417,481658.66053016396,80728.29763127776,201,182,1.167604787885304,574045.6186916057,315386.9581614417,0.05998146949965366
GSPC_PRICE_ONLY,close,2024-04,539983.1845530947,462614.4008190209,77368.78373407375,202,183,1.1672424887705586,532597.5853721156,292983.1845530947,0.05961917038490827
GSPC_PRICE_ONLY,close,2024-05,566913.8197369688,485829.6949274342,81084.12480953464,203,184,1.166898247793696,582743.514664403,319913.81973696884,0.059274929408045685
GSPC_PRICE_ONLY,close,2024-06,587568.6092118832,503673.31390798924,83895.29530389392,204,185,1.166566885692141,621241.9231198723,340568.60921188316,0.05894356730649064
GSPC_PRICE_ONLY,close,2024-07,595220.6596301353,510375.55910270463,84845.10052743065,205,186,1.166240524284896,635596.2187328399,348220.6596301353,0.058617205899245794
GSPC_PRICE_ONLY,close,2024-08,609812.3489554173,523029.8354224338,86782.51353298349,206,187,1.165922682905636,662842.1843778511,362812.3489554173,0.05829936451998563
GSPC_PRICE_ONLY,close,2024-09,623128.6582842871,534593.4083843869,88535.24989990017,207,188,1.1656123111720842,687722.066668674,376128.6582842871,0.05798899278643388
GSPC_PRICE_ONLY,close,2024-10,617961.7139084102,530302.6746500497,87659.03925836051,208,189,1.1653000134615714,678264.3885584598,370961.71390841017,0.0576766950759211
GSPC_PRICE_ONLY,close,2024-11,654371.7206737001,561689.7049051195,92682.0157685806,209,190,1.1650057228380863,746061.4255788196,407371.7206737001,0.05738240445243603
GSPC_PRICE_ONLY,close,2024-12,639018.8816934123,548653.0022008182,90365.87949259416,210,191,1.1647049758774826,717671.8838942305,392018.8816934123,0.05708165749183225
GSPC_PRICE_ONLY,close,2025-01,657282.8102166299,564475.5786307085,92807.23158592137,211,192,1.1644131918178833,751758.3888473384,410282.8102166299,0.05678987343223296
GSPC_PRICE_ONLY,close,2025-02,648921.727503523,557436.2651130625,91485.46239046054,212,193,1.1641182465441227,736357.9926165855,401921.727503523,0.056494928158472346
GSPC_PRICE_ONLY,close,2025-03,612579.7228754569,526358.7637604963,86220.95911496063,213,194,1.1638064473344514,668938.4866359532,365579.7228754569,0.056183128948801064
GSPC_PRICE_ONLY,close,2025-04,608908.8371934457,523345.3080069994,85563.52918644628,214,195,1.1634934485460255,662254.1452004451,361908.83719344565,0.05587013016037523
GSPC_PRICE_ONLY,close,2025-05,647371.2386285214,556543.5137484164,90827.724880105,215,196,1.1631996827496285,733914.7523769379,400371.23862852145,0.05557636436397817
GSPC_PRICE_ONLY,close,2025-06,680485.2797391828,585151.8784917325,95333.40124745027,216,197,1.1629207813417235,795637.1582309153,433485.2797391828,0.055297462956073185
GSPC_PRICE_ONLY,close,2025-07,696229.0566038324,598830.1082569957,97398.94834683673,217,198,1.1626487162282708,825059.1648608281,449229.0566038324,0.055025397842620505
GSPC_PRICE_ONLY,close,2025-08,710503.669128155,611247.6691582681,99255.99996988685,218,199,1.1623826232443053,851751.3382864231,463503.669128155,0.05475930485865499
GSPC_PRICE_ONLY,close,2025-09,736601.2785041778,633839.1906367752,102762.08786740259,219,200,1.1621264342524553,900440.469140953,489601.2785041778,0.05450311586680501
GSPC_PRICE_ONLY,close,2025-10,754312.4573546051,649219.0191630722,105093.43819153286,220,201,1.1618767089217625,933531.4765176773,507312.4573546051,0.05425339053611222
GSPC_PRICE_ONLY,close,2025-11,756292.7755275299,651062.7559945254,105230.0195330045,221,202,1.16162807435093,937355.5315220553,509292.7755275299,0.05400475596527965
GSPC_PRICE_ONLY,close,2025-12,756896.3764503774,651721.5115928919,105174.86485748552,222,203,1.1613800726025207,938617.8880432693,509896.3764503774,0.05375675421687043
GSPC_PRICE_ONLY,close,2026-01,768237.8205340743,661625.9558206312,106611.8647134431,223,204,1.1611361582409652,959863.7763547056,521237.82053407433,0.05351283985531485
GSPC_PRICE_ONLY,close,2026-02,762578.4702628376,656890.7539461799,105687.71631665772,224,205,1.1608908569374032,949469.2242090175,515578.4702628376,0.053267538551752924
GSPC_PRICE_ONLY,close,2026-03,724738.2966976503,624433.5401753236,100304.75652232673,225,206,1.1606331980408418,879171.836872974,477738.29669765034,0.05300987965519144
GSPC_PRICE_ONLY,close,2026-04,801280.2232030103,690520.3622935219,110759.8609094884,226,207,1.1604005717392696,1021800.5854965321,554280.2232030103,0.05277725335361927
GSPC_PRICE_ONLY,close,2026-05,843522.4008717439,727061.6905840774,116460.71028766653,227,208,1.1601799569361289,1100584.0914558214,596522.4008717439,0.05255663855047854
GSPC_PRICE_ONLY,close,2026-06,835541.9413536637,720321.1159737416,115220.82537992205,228,209,1.1599575839508254,1085863.0573274053,588541.9413536637,0.052334265565175064
GSPC_PRICE_ONLY,close,2026-07,835467.9389432884,720395.2179708877,115072.72097240074,229,210,1.1597355425213984,1085863.156914176,588467.9389432884,0.05211222413574812
GSPC_PRICE_ONLY,close,2026-08,858378.3097701019,740287.7758200486,118090.53395005327,230,211,1.1595197675920548,1128666.0855901507,611378.3097701019,0.05189644920640446
GSPC_PRICE_ONLY,close,2026-09,848831.3777812074,732191.8274078908,116639.55037331663,231,212,1.1593019015061183,1111023.2051890981,601831.3777812074,0.051678583120468025
GSPC_PRICE_ONLY,open,2016-01,154290.87363463663,124069.39660710946,30221.477027527173,103,84,1.243585266423351,191639.7297582539,92709.12636536337,0.13596194803770079
GSPC_PRICE_ONLY,open,2016-02,147625.5337537249,118905.49286212712,28720.04089159779,104,85,1.2415367044893304,203468.97338414798,99374.46624627509,0.1339133861036801
GSPC_PRICE_ONLY,open,2016-03,148636.96799271635,119914.7026091689,28722.26538354745,105,86,1.2395224668751443,201448.32939811476,98363.03200728365,0.13189914848949402
GSPC_PRICE_ONLY,open,2016-04,158808.76671988875,128314.16407298138,30494.60264690737,106,87,1.2376557792136098,182877.06920712988,88191.23328011125,0.1300324608279595
GSPC_PRICE_ONLY,open,2016-05,160623.40499827373,129972.37477426587,30651.03022400786,107,88,1.2358272692735062,179404.22022746038,86376.59500172627,0.12820395088785586
GSPC_PRICE_ONLY,open,2016-06,163703.49122799185,132655.5276560929,31047.96357189896,108,89,1.2340495275280972,173640.98111591526,83296.50877200815,0.12642620914244684
GSPC_PRICE_ONLY,open,2016-07,165125.67278876816,133997.63836669136,31128.034422076802,109,90,1.2323028584794409,170876.68884454048,81874.32721123184,0.12467954009379056
GSPC_PRICE_ONLY,open,2016-08,171931.25681028445,139708.80492900856,32222.45188127589,110,91,1.2306400938555688,158359.938260707,75068.74318971555,0.12301677546991852
GSPC_PRICE_ONLY,open,2016-09,172787.27932177065,140591.81094414435,32195.468377626297,111,92,1.2289995993466307,156620.909734085,74212.72067822935,0.12137628096098041
GSPC_PRICE_ONLY,open,2016-10,173230.2424311396,141138.56678448216,32091.675646657444,112,93,1.22737708322957,155631.19078437824,73769.7575688604,0.11975376484391975
GSPC_PRICE_ONLY,open,2016-11,171376.84978987294,139813.77786650872,31563.071923364216,113,94,1.2257507979900233,158809.37234361834,75623.15021012706,0.11812747960437298
GSPC_PRICE_ONLY,open,2016-12,178132.4023911667,145509.31027875078,32623.092112415907,114,95,1.2241993453884166,146358.28733008253,68867.59760883331,0.11657602700276626
GSPC_PRICE_ONLY,open,2017-01,183293.91350241608,149908.6840220271,33385.22948038898,115,96,1.2227037726212275,136797.40247555682,63706.08649758392,0.11508045423557722
GSPC_PRICE_ONLY,open,2017-02,187063.3865048064,153173.72406230858,33889.66244249782,116,97,1.221249843274112,129762.88943288501,59936.6134951936,0.11362652488846159
GSPC_PRICE_ONLY,open,2017-03,195800.96564957654,160509.51127848218,35291.454371094354,117,98,1.2198714212634045,113689.52307194128,51199.03435042346,0.11224810287775422
GSPC_PRICE_ONLY,open,2017-04,195337.4913032543,160309.81570334808,35027.675599906215,118,99,1.2184998806606118,114352.69299339762,51662.5086967457,0.11087656227496145
GSPC_PRICE_ONLY,open,2017-05,198500.60559418678,163085.04303431817,35415.56255986862,119,100,1.2171600896129762,108414.35137149505,48499.39440581322,0.10953677122732586
GSPC_PRICE_ONLY,open,2017-06,201756.94725508583,165938.81862238934,35818.12863269649,120,101,1.2158514139732686,102304.23412252482,45243.05274491417,0.10822809558761826
GSPC_PRICE_ONLY,open,2017-07,204071.56340721584,168020.04954996952,36051.51385724632,121,102,1.2145667374447746,97908.38704281463,42928.43659278416,0.1069434190591243
GSPC_PRICE_ONLY,open,2017-08,208908.11510237254,172178.831671097,36729.283431275544,122,103,1.2133205520957264,88913.05322653046,38091.88489762746,0.10569723371007611
GSPC_PRICE_ONLY,open,2017-09,209682.08044550352,172992.53740905834,36689.54303644519,123,104,1.212087432128295,87325.38214543814,37317.919554496475,0.10446411374264475
GSPC_PRICE_ONLY,open,2017-10,214646.2151421065,177263.03967772916,37383.17546437733,124,105,1.2108909761016247,78090.74518016435,32353.784857893508,0.10326765771597435
GSPC_PRICE_ONLY,open,2017-11,220925.5321954524,182622.90126522092,38302.63093023148,125,106,1.2097361867808958,66451.56653932668,26074.467804547603,0.10211286839524547
GSPC_PRICE_ONLY,open,2017-12,227218.60229002454,187998.2933154968,39220.308974527754,126,107,1.2086205586383096,54783.104394478665,19781.397709975456,0.10099724025265933
GSPC_PRICE_ONLY,open,2018-01,231536.97500002562,191743.88016348134,39793.094836544275,127,108,1.2075325418606142,46719.14483649304,15463.024999974383,0.09990922347496389
GSPC_PRICE_ONLY,open,2018-02,243987.3000186872,202226.29543737406,41761.004581313144,128,109,1.2065063027090153,23786.404543938726,3012.6999813127914,0.09888298432336495
GSPC_PRICE_ONLY,open,2018-03,236217.81004240058,195957.79633662658,40260.01370577401,129,110,1.2054524722079096,37824.39362097284,10782.189957599418,0.09782915382225932
GSPC_PRICE_ONLY,open,2018-04,230104.00889582376,191056.44285269605,39047.56604312771,130,111,1.204377122593208,48839.548251480184,16895.99110417624,0.09675380420755775
GSPC_PRICE_ONLY,open,2018-05,231934.9688199852,192746.39279326968,39188.57602671551,131,112,1.203316780453304,45318.63838674512,15065.031180014805,0.09569346206765372
GSPC_PRICE_ONLY,open,2018-06,239581.5894775318,199269.97624653354,40311.61323099825,132,113,1.2022964723051173,31148.434275934676,7418.4105224682135,0.09467315391946696
GSPC_PRICE_ONLY,open,2018-07,239369.89016739052,199262.15551508105,40107.734652309475,133,114,1.2012812445425642,31367.954317528434,7630.10983260948,0.09365792615691393
GSPC_PRICE_ONLY,open,2018-08,250654.57643687658,208823.58633422482,41830.99010265176,134,115,1.2003173627891857,17830.990102651762,3654.5764368765813,0.09269404440353535
GSPC_PRICE_ONLY,open,2018-09,258388.35024895504,215433.5808413701,42954.76940758494,135,116,1.1993875292785194,18954.769407584943,11388.350248955045,0.09176421089286912
GSPC_PRICE_ONLY,open,2018-10,262004.38588685842,218614.72377811302,43389.6621087454,136,117,1.198475479413658,19389.662108745397,15004.385886858421,0.09085216102800775
GSPC_PRICE_ONLY,open,2018-11,244317.61034036515,204022.60206392026,40295.00827644489,137,118,1.1975026681789915,21659.787595714588,2682.3896596348495,0.08987934979334122
GSPC_PRICE_ONLY,open,2018-12,251873.3034741616,210497.0726500823,41376.230824079306,138,119,1.1965644001751068,17376.230824079306,4873.303474161599,0.08894108178945648
GSPC_PRICE_ONLY,open,2019-01,224572.8679213612,187845.66237190683,36727.205549454375,139,120,1.19551798580656,57581.469706731965,22427.132078638795,0.08789466742090979
GSPC_PRICE_ONLY,open,2019-02,246005.07774183858,205936.3377637059,40068.73997813268,140,121,1.1945685759650058,18058.584494455514,994.9222581614158,0.08694525757935545
GSPC_PRICE_ONLY,open,2019-03,255735.30300558096,214244.6040611764,41490.698944404576,141,122,1.1936604150485728,17490.698944404576,8735.303005580965,0.08603709666292247
GSPC_PRICE_ONLY,open,2019-04,261342.37260080525,219104.2190212962,42238.15357950906,142,123,1.1927765415389087,18238.15357950906,14342.372600805247,0.08515322315325835
GSPC_PRICE_ONLY,open,2019-05,271856.1585951367,228080.38694798673,43775.77164714999,143,124,1.1919313283922697,29936.545543123444,24856.158595136716,0.08430801000661936
GSPC_PRICE_ONLY,open,2019-06,254366.10887996433,213567.7065823212,40798.40229764313,144,125,1.1910326376142317,16798.40229764313,7366.108879964333,0.08340931922858141
GSPC_PRICE_ONLY,open,2019-07,275692.97779161873,231634.29927651584,44058.67851510289,145,126,1.1902079210752263,37327.27706813457,28692.97779161873,0.08258460268957601
GSPC_PRICE_ONLY,open,2019-08,277519.67877930147,233328.8846284062,44190.794150895264,146,127,1.1893927287282602,40848.56340770767,30519.678779301466,0.08176941034260987
GSPC_PRICE_ONLY,open,2019-09,271879.47098257154,228746.0290783896,43133.441904181935,147,128,1.1885647680004117,30625.500060961145,24879.47098257154,0.08094144961476135
GSPC_PRICE_ONLY,open,2019-10,279859.1445620047,235618.3835073161,44240.76105468863,148,129,1.187764470650122,45477.528069320804,32859.144562004716,0.08014115226447172
GSPC_PRICE_ONLY,open,2019-11,287146.3148201007,241911.66379432005,45234.65102578068,149,130,1.1869883010859716,59057.978614420776,40146.31482010073,0.07936498270032133
GSPC_PRICE_ONLY,open,2019-12,296912.10552200984,250296.56446595208,46615.54105605776,150,131,1.1862412340957196,77208.66998796191,49912.105522009835,0.07861791571006926
GSPC_PRICE_ONLY,open,2020-01,307433.7510703979,259323.30074413115,48110.45032626676,151,132,1.1855230524531088,96757.05181452906,60433.751070397906,0.07789973406745854
GSPC_PRICE_ONLY,open,2020-02,307580.0491019011,259603.1949927244,47976.854109176726,152,133,1.1848084115856945,97183.24409462552,60580.049101901124,0.07718509320004419
GSPC_PRICE_ONLY,open,2020-03,283733.42140507774,239632.18613267608,44101.23527240165,153,134,1.1840371946028332,53365.60753775382,36733.42140507774,0.07641387621718287
GSPC_PRICE_ONLY,open,2020-04,239306.01037180386,202265.64558788197,37040.36478392189,154,135,1.1831273159426785,28428.344040314172,7693.989628196141,0.07550399755702819
GSPC_PRICE_ONLY,open,2020-05,275847.2750504188,233305.74710501818,42541.52794540062,155,136,1.1823423917896516,39153.02215543698,28847.2750504188,0.0747190734040013
GSPC_PRICE_ONLY,open,2020-06,293162.0321707828,248104.4210201682,45057.6111506146,156,137,1.1816074496590767,71266.453190951,46162.0321707828,0.0739841312734264
GSPC_PRICE_ONLY,open,2020-07,300639.25893881754,254586.1288156832,46053.13012313435,157,138,1.1808941058076112,85225.38775450073,53639.25893881754,0.07327078742196091
GSPC_PRICE_ONLY,open,2020-08,319288.96990277024,270532.1861100264,48756.78379274387,158,139,1.1802254456071053,119821.15601279662,72288.96990277024,0.07260212722145498
GSPC_PRICE_ONLY,open,2020-09,341571.2694742943,289564.58801318693,52006.68146110739,159,140,1.1796030440667662,161135.85748748126,94571.26947429433,0.07197972568111588
GSPC_PRICE_ONLY,open,2020-10,330732.21880433004,280528.11792308924,50204.100881240796,160,141,1.1789628121877072,141260.3367274193,83732.21880433004,0.07133949380205684
GSPC_PRICE_ONLY,open,2020-11,322973.2257123165,274098.71217638877,48874.51353592775,161,142,1.178309898459048,127071.93788870529,75973.22571231652,0.07068658007339779
GSPC_PRICE_ONLY,open,2020-12,358235.13431202905,304175.8748519455,54059.25946008356,162,143,1.1777236918818639,192411.00916397455,111235.13431202905,0.07010037349621356
GSPC_PRICE_ONLY,open,2021-01,370902.26314069785,315082.382557523,55819.880583174876,163,144,1.1771596372037212,215984.64569822082,123902.26314069785,0.06953631881807087
GSPC_PRICE_ONLY,open,2021-02,368607.6216917126,313283.57656311133,55324.045128601254,164,145,1.1765941443070067,211891.19825482392,121607.62169171259,0.0689708259213564
GSPC_PRICE_ONLY,open,2021-03,380607.06847533316,323632.1245198063,56974.94395552686,165,146,1.1760484810958252,234239.19299513946,133607.06847533316,0.06842516271017485
GSPC_PRICE_ONLY,open,2021-04,396491.5662302287,337288.4886018604,59203.07762836828,166,147,1.1755265288589565,263780.0548320891,149491.5662302287,0.06790321047330616
GSPC_PRICE_ONLY,open,2021-05,417272.5459119544,355115.8244348735,62156.72147708095,167,148,1.1750322491992473,302388.3703468279,170272.54591195442,0.067408930813597
GSPC_PRICE_ONLY,open,2021-06,420715.2781349368,358194.6884189446,62520.58971599222,168,149,1.1745435980414878,308909.9665538814,173715.27813493682,0.06692027965583747
GSPC_PRICE_ONLY,open,2021-07,430117.5665086301,366348.3508182832,63769.2156903469,169,150,1.1740671564316059,326465.91732691333,183117.56650863012,0.06644383804595555
GSPC_PRICE_ONLY,open,2021-08,441731.65461378085,376388.7945842179,65342.86002956296,170,151,1.1736046900698642,348120.44919799874,194731.65461378085,0.06598137168421392
GSPC_PRICE_ONLY,open,2021-09,454954.5829010407,387803.6543668012,67150.92853423947,171,152,1.173157028764678,372758.2372678419,207954.58290104067,0.06553371037902767
GSPC_PRICE_ONLY,open,2021-10,434693.6678390533,370680.8331751873,64012.83466386603,172,153,1.1726898963605517,335374.5010142406,187693.66783905332,0.06506657797490134
GSPC_PRICE_ONLY,open,2021-11,465242.0705313069,396877.9486137675,68364.12191753939,173,154,1.1722547754450066,392120.0191450744,218242.0705313069,0.06463145705935625
GSPC_PRICE_ONLY,open,2021-12,465454.9693693604,397206.5065531901,68248.4628161703,174,155,1.1718211099017612,392661.47592255054,218454.96936936042,0.06419779151611094
GSPC_PRICE_ONLY,open,2022-01,484184.0384619932,413336.0079274393,70848.03053455392,175,156,1.1714054163579941,427520.0463894325,237184.03846199322,0.0637820979723438
GSPC_PRICE_ONLY,open,2022-02,458982.29164202575,391968.22094773495,67014.0706942908,176,157,1.1709681221917898,380950.5125897607,211982.29164202575,0.0633448038061395
GSPC_PRICE_ONLY,open,2022-03,444096.1654746959,379401.5611332947,64694.604341401195,177,158,1.17051749641766,353497.7266079906,197096.1654746959,0.06289417803200958
GSPC_PRICE_ONLY,open,2022-04,463130.15415100945,395808.41214706097,67321.74200394849,178,159,1.170086688250919,388938.5662980704,216130.15415100945,0.06246336986526879
GSPC_PRICE_ONLY,open,2022-05,422338.1560732444,361091.4020337018,61246.75403954263,179,160,1.1696156532517668,313429.5581069462,175338.1560732444,0.06199233486611644
GSPC_PRICE_ONLY,open,2022-06,425298.2030698698,363767.2063812035,61530.99668866629,180,161,1.1691493779793496,319065.40945107327,178298.20306986978,0.06152605959369928
GSPC_PRICE_ONLY,open,2022-07,388503.09391336294,332440.1916571924,56062.90225617052,181,162,1.1686405665232613,250943.28557055537,141503.09391336294,0.061017248137611
GSPC_PRICE_ONLY,open,2022-08,423552.84523134865,362576.39682871464,60976.44840263401,182,163,1.1681754491907537,316129.2420600633,176552.84523134865,0.060552130805103355
GSPC_PRICE_ONLY,open,2022-09,406461.85703902657,348089.8633590595,58371.99367996707,183,164,1.1676923111655095,284551.72039808606,159461.85703902657,0.06006899277985922
GSPC_PRICE_ONLY,open,2022-10,373704.73247842473,320180.5999873517,53524.13249107305,184,165,1.1671685682804875,223885.33246577642,126704.73247842473,0.05954524989483723
GSPC_PRICE_ONLY,open,2022-11,404935.25115125946,347081.330605356,57853.92054590344,185,166,1.1666869273694396,282016.5817566155,157935.25115125946,0.05906360898378926
GSPC_PRICE_ONLY,open,2022-12,425171.21432016237,364569.0127055359,60602.20161462645,186,167,1.1662297109808812,319740.2270256983,178171.21432016237,0.05860639259523093
GSPC_PRICE_ONLY,open,2023-01,401844.61214821826,344709.82695259905,57134.78519561922,187,168,1.165747480136317,276554.4391008173,154844.61214821826,0.0581241617506667
GSPC_PRICE_ONLY,open,2023-02,425451.75718822057,365102.65895542584,60349.09823279473,188,169,1.1652935051348463,320554.4161436464,178451.75718822057,0.057670186749195995
GSPC_PRICE_ONLY,open,2023-03,415295.0800371076,356528.5241113275,58766.55592578009,189,170,1.164829885833847,301823.60414843506,168295.08003710757,0.05720656744819674
GSPC_PRICE_ONLY,open,2023-04,430845.4133789079,370019.9046285645,60825.508750343404,190,171,1.1643844236201337,330865.3180074724,183845.4133789079,0.05676110523448341
GSPC_PRICE_ONLY,open,2023-05,438629.14810798,376845.93131825613,61783.2167897239,191,172,1.1639482123996885,345475.07942623616,191629.14810798003,0.056324894014038174
GSPC_PRICE_ONLY,open,2023-06,441338.671728756,379314.6595679877,62024.01216076827,192,173,1.1635159902108956,350653.3312967437,194338.671728756,0.055892671825245266
GSPC_PRICE_ONLY,open,2023-07,470556.5233853886,404566.88462895824,65989.63875643036,193,174,1.1631118147916424,405123.40801434685,223556.5233853886,0.05548849640599207
GSPC_PRICE_ONLY,open,2023-08,485127.1890201858,417234.43495577545,67892.75406441034,194,175,1.162720879142218,432361.62397596124,238127.1890201858,0.055097560756567576
GSPC_PRICE_ONLY,open,2023-09,481017.22109124175,413839.59865360643,67177.62243763532,195,176,1.1623276811986873,424856.8197448482,234017.22109124175,0.05470436281303703
GSPC_PRICE_ONLY,open,2023-10,455890.71405151486,392361.8520918253,63528.86195968959,196,177,1.1619139618721694,378252.56614334014,208890.71405151486,0.05429064348651913
GSPC_PRICE_ONLY,open,2023-11,448032.56850154005,385738.09866372996,62294.46983781009,197,178,1.161494210848267,363770.66716527,201032.56850154005,0.05387089246261678
GSPC_PRICE_ONLY,open,2023-12,487227.5462091391,419622.44483684114,67605.10137229797,198,179,1.161109354859663,436849.99104598025,240227.5462091391,0.05348603647401262
GSPC_PRICE_ONLY,open,2024-01,508079.2090893423,437719.59662286093,70359.61246648134,199,180,1.1607412896505596,475798.8057122032,261079.20908934227,0.05311797126490925
GSPC_PRICE_ONLY,open,2024-02,521489.9167525397,449411.6498597486,72078.26689279109,200,181,1.1603836191502492,500901.5666122883,274489.9167525397,0.05276030076459892
GSPC_PRICE_ONLY,open,2024-03,547957.6923824319,472359.37060449884,75598.3217779331,201,182,1.1600440818633209,550317.0629869308,300957.69238243194,0.05242076347767055
GSPC_PRICE_ONLY,open,2024-04,566095.5588957584,488132.8320455491,77962.72685020923,202,183,1.1597162119243278,584228.3909413074,319095.55889575835,0.05209289353867752
GSPC_PRICE_ONLY,open,2024-05,542446.8531781221,467878.7481031194,74568.1050750027,203,184,1.1593748495252623,540325.6012812415,295446.8531781221,0.05175153113961195
GSPC_PRICE_ONLY,open,2024-06,572367.1260847161,493823.4611253453,78543.66495937074,204,185,1.159052113037283,596190.5872100614,325367.12608471606,0.05142879465163275
GSPC_PRICE_ONLY,open,2024-07,592160.6125230131,511037.9921433242,81122.62037968892,205,186,1.1587408795957728,633198.6046663374,345160.61252301314,0.05111756121012245
GSPC_PRICE_ONLY,open,2024-08,600386.3345266912,518273.8315194225,82112.50300726871,206,187,1.1584345919348071,648660.1660461137,353386.33452669124,0.05081127354915682
GSPC_PRICE_ONLY,open,2024-09,610715.4992259489,527327.0826604095,83388.41656553943,207,188,1.1581341435088786,668042.5818863584,363715.49922594894,0.05051082512322824
GSPC_PRICE_ONLY,open,2024-10,626249.5788407748,540876.6475759131,85372.93126486172,208,189,1.1578417771362175,697126.226416688,379249.57884077483,0.050218458750567185
GSPC_PRICE_ONLY,open,2024-11,623496.0637815655,538634.8272051772,84861.23657638836,209,190,1.157548736714091,692130.8909867427,376496.0637815655,0.049925418328440774
GSPC_PRICE_ONLY,open,2024-12,659018.4901494106,569458.5618548673,89559.9282945433,210,191,1.1572720726207444,758477.0520042778,412018.49014941056,0.04964875423509407
GSPC_PRICE_ONLY,open,2025-01,645087.1814852288,557556.4025291277,87530.77895610116,211,192,1.156989998785869,732643.5840143565,398087.1814852288,0.04936668040021863
GSPC_PRICE_ONLY,open,2025-02,653342.0589384799,564826.8780396024,88515.18089887744,212,193,1.1567120552160963,748168.9369780823,406342.05893847987,0.04908873683044601
GSPC_PRICE_ONLY,open,2025-03,654197.6121641094,565702.0010023838,88495.6111617256,213,194,1.1564350329412263,749899.6131664931,407197.61216410936,0.04881171455557598
GSPC_PRICE_ONLY,open,2025-04,614553.635863436,531556.0782804638,82997.55758297222,214,195,1.1561407365549499,676109.7141438999,367553.63586343604,0.04851741816929955
GSPC_PRICE_ONLY,open,2025-05,618584.9805085683,535178.0295267844,83406.95098178391,215,196,1.1558489817968314,683763.0100353528,371584.98050856835,0.04822566341118106
GSPC_PRICE_ONLY,open,2025-06,649445.6747647568,562012.454894161,87433.21987059584,216,197,1.1555716765868853,741458.1296589178,402445.6747647568,0.047948358201235
GSPC_PRICE_ONLY,open,2025-07,682448.3118301154,590706.6583034053,91741.65352671011,217,198,1.1553083112186433,803154.9701335207,435448.3118301154,0.04768499283299299
GSPC_PRICE_ONLY,open,2025-08,694481.5104260363,601256.6619593842,93224.8484666521,218,199,1.155050005039195,825738.1723854205,447481.5104260363,0.04742668665354466
GSPC_PRICE_ONLY,open,2025-09,708099.1466825248,613180.5494113914,94918.59727113345,219,200,1.1547971431289665,851279.6960939162,461099.1466825248,0.04717382474331622
GSPC_PRICE_ONLY,open,2025-10,738236.1024471974,639411.7823929044,98824.32005429303,220,201,1.1545550500875312,907647.8848401018,491236.1024471974,0.04693173170188092
GSPC_PRICE_ONLY,open,2025-11,763316.2802227618,661268.4559432378,102047.82427952404,221,202,1.1543213249662156,954584.7361659996,516316.2802227618,0.04669800658056533
GSPC_PRICE_ONLY,open,2025-12,756550.3782863772,655540.7781568017,101009.60012957547,222,203,1.1540859142486701,942091.1564431789,509550.3782863772,0.04646259586301982
GSPC_PRICE_ONLY,open,2026-01,764859.0150392533,662873.61409444,101985.40094481327,223,204,1.1538534628266006,957732.6291336933,517859.0150392533,0.046230144440950305
GSPC_PRICE_ONLY,open,2026-02,770143.6553803339,667586.9455347985,102556.70984553534,224,205,1.1536230007664066,967730.6009151324,523143.6553803339,0.045999682380756246
GSPC_PRICE_ONLY,open,2026-03,760868.5701221947,659680.1490758922,101188.42104630254,225,206,1.1533901257875525,950548.7191980869,513868.5701221947,0.0457668074019022
GSPC_PRICE_ONLY,open,2026-04,732010.7580264518,634793.1474203548,97217.61060609703,226,207,1.15314848782027,896803.9054468066,485010.7580264518,0.045525169434619706
GSPC_PRICE_ONLY,open,2026-05,808704.2062667678,701433.8251299487,107270.38113681914,227,208,1.1529301514892671,1040138.0313967165,561704.2062667678,0.04530683310361683
GSPC_PRICE_ONLY,open,2026-06,848577.0145186814,736150.3587826602,112426.65573602123,228,209,1.1527224083975673,1114727.3733013417,601577.0145186814,0.04509909001191703
GSPC_PRICE_ONLY,open,2026-07,837999.3173536558,727106.5728020266,110892.74455162918,229,210,1.1525123670994823,1095105.8901556823,590999.3173536558,0.044889048713832036
GSPC_PRICE_ONLY,open,2026-08,841905.871531146,730628.5016424131,111277.36988873291,230,211,1.1523036257668398,1102534.373173559,594905.871531146,0.044680307381189444
GSPC_PRICE_ONLY,open,2026-09,857567.0665637386,744351.8800166119,113215.18654712674,231,212,1.1520990133652917,1131918.9465803504,610567.0665637386,0.044475694979641434
