date,symbol,gap,prev_close,px_open30,cs_open30_bps,cs_midday_bps,tick_floor_bps
2021-01-05,ATOM,0.2188679,15.9,18.994999999999997,21.469894300984397,28.76478907742149,5.264543300868651
2021-01-06,TATT,0.4901961,5.1,7.5336,4.523006829695339,29.895366218235853,13.273866411808433
2021-01-06,TLRY,0.15878022,9.51,10.89,27.5629448569141,6.825296989361936,9.182736455463727
2021-01-06,ACB,0.14329898,9.7,10.8325,27.99373403852605,8.491199249890697,9.231479344564967
2021-01-06,CRON,0.12898934,7.52,8.48705,7.736969638935191,7.947856999792714,11.7826571070042
2021-01-06,NCTY,0.12850463,8.56,10.625,4.3918958205693235,15.453130654202983,9.411764705882353
2021-01-07,NCTY,0.45668232,14.89,25.12685,203.45707112842862,31.52908709642933,3.9798064620117524
2021-01-07,CBAT,0.37031257,6.4,8.11325,17.564006961041983,11.808000724954814,12.32551690136505
2021-01-07,XNET,0.27133536,3.37,4.37655,28.262910062800636,27.534503166807244,22.849047765934355
2021-01-07,DDD,0.2055161,11.24,14.49135,2.882283297037869,49.25729660125623,6.900668329727734
2021-01-07,MARA,0.18985856,16.96,19.65885,30.133608591610923,27.40935858219207,5.0867675372669305
2021-01-08,LGHL,1.1652174,2.3,4.637499999999999,42.16337147402859,16.618200564376885,21.563342318059302
2021-01-08,FTFT,0.6452174,5.75,9.61,67.53176745730391,18.17519597748869,10.40582726326743
2021-01-08,GRNQ,0.35585582,2.22,3.16995,44.896511951477514,14.058338845935442,31.546238899667188
2021-01-08,SCOR,0.2570423,2.84,3.3177,8.634430469164112,0.0,30.14136299243452
2021-01-08,JAGX,0.21641803,2.68,3.4175,20.664444055992192,39.78938020905965,29.261155815654718
2021-01-11,GOVX,1.148485,3.3,6.1193,111.18179582057269,31.831164494417653,16.341738434134623
2021-01-11,PWCM,0.56338024,2.13,3.0375,77.04595062091906,37.12526847359803,32.92181069958848
2021-01-11,MESO,0.4907621,8.66,12.362449999999999,61.029007517422976,16.78195528275033,8.0890114823518
2021-01-11,BNGO,0.26709402,4.68,5.7614,1.7421066857517071,10.307982900167866,17.356892421980767
2021-01-11,DOGZ,0.111607194,2.24,2.4305000000000003,0.0,0.0,41.143797572515936
2021-01-12,IRIX,0.37328672,2.86,4.5198,28.892260301524605,0.0,22.1248727819815
2021-01-12,CAPR,0.17312074,4.39,5.234450000000001,34.83035073457326,2.6595473703166186,19.104203880063807
2021-01-12,PAVS,0.16981137,2.12,2.4,27.89036138981796,0.010576450016022669,41.66666666666667
2021-01-12,UAVS,0.1636107,7.09,7.7758,11.089865494770399,0.28880080508578815,12.860413076468015
2021-01-12,APXTW,0.1618799,3.83,4.5825,0.0,0.0,21.82214948172395
2021-01-13,BGM,0.42003298,10.0,15.01,131.08976783330516,40.26972563110645,6.662225183211192
2021-01-13,SMC,0.4052478,13.72,16.58,15.121629960037339,0.0,6.031363088057902
2021-01-13,GLNG,0.23287678,12.24,13.93,32.35244309057055,2.4893595508270145,7.178750897343862
2021-01-13,MTRX,0.222404,12.23,14.7669,13.182514076814586,0.0,6.771902024121515
2021-01-13,STIM,0.21079695,11.67,13.36,9.85839760953763,0.0,7.485029940119761
2021-01-14,IBRX,0.35318005,14.78,18.755049999999997,0.0,2.954219261027438,5.331897275667088
2021-01-14,CNET,0.35267854,2.24,2.9400500000000003,22.960047550328085,12.4392908169531,34.013026989336915
2021-01-14,ORGO,0.32697546,7.34,9.9431,113.73494612564589,14.04655287557287,10.057225613742194
2021-01-14,MNTS,0.29349732,17.07,20.784950000000002,23.103333516285822,6.700997813680427,4.811173469265021
2021-01-14,ASTS,0.18373036,13.35,14.8975,28.34164413331095,3.239115279002206,6.712535660345695
2021-01-15,DBVT,0.42272723,3.74,5.377800000000001,0.0,4.430722728849612,18.594964483617833
2021-01-15,AMTX,0.19999993,3.5,4.06,12.370088901173732,0.01842315803934289,24.630541871921185
2021-01-15,BB,0.17233813,9.11,11.0216,0.0,7.298446205568773,9.073092835885896
2021-01-15,TLRY,0.16271555,18.56,21.39505,28.99042433458112,7.379369930372241,4.673978326762499
2021-01-15,NCNA,0.14615381,6.5,6.8721499999999995,50.81865844046414,0.0,14.551486798163603
2021-01-19,ACRS,1.3894558,5.88,14.08995,78.322876196185,33.73902629705818,7.097257264929968
2021-01-19,GEVO,0.38437498,6.4,9.1451,0.0,5.869190431094894,10.934817552569136
2021-01-19,NERV,0.3468635,2.71,3.47,28.720098664441508,0.0,28.81844380403458
2021-01-19,DBVT,0.3021201,5.66,6.9439,0.0,0.0,14.401129048517403
2021-01-19,CRNT,0.28041244,4.85,6.03995,48.935686650196594,8.768680870129765,16.556428447255357
2021-01-20,DARE,0.45762706,2.36,3.485,86.98733551729887,30.647867799020297,28.694404591104735
2021-01-20,NIKI,0.4433962,3.18,4.46,91.41396055830484,10.807482834684128,22.42152466367713
2021-01-20,LCTX,0.22177422,2.48,2.8775,32.01262578021291,14.121031152185466,34.75238922675934
2021-01-20,UAVS,0.16856682,12.28,13.53705,36.6055560964376,9.645356180128932,7.387133829010013
2021-01-20,SENS,0.16842103,2.85,3.42,0.0,31.78595333958358,29.239766081871345
2021-01-21,IPWR,0.37650943,9.11,13.51495,87.76274536208403,20.64987200680945,7.399213463608818
2021-01-21,JAGX,0.16095889,2.92,3.29495,15.818173313810222,31.201248049920224,30.349474195359566
2021-01-21,ECOR,0.15322578,2.48,2.4562,71.55339120665685,35.84605536086334,40.71329696278805
2021-01-21,DTIL,0.12636614,14.64,15.59185,57.31411408296428,1.4915944932705762,6.413607108842119
2021-01-21,CRDF,0.12387788,11.14,11.555,6.450861569830874,1.5496614131905773,8.654262224145391
2021-01-22,EVGO,0.55547225,13.34,22.0975,36.60981181491618,13.765537962193187,4.5253988007693176
2021-01-22,HIND,0.2489872,5.0601,7.07015,93.25621162860172,9.372835853329496,14.143971485753484
2021-01-22,SCYX,0.21203828,7.31,8.314900000000002,24.10859021588719,1.6685028571541956,12.026602845494232
2021-01-22,LAB,0.14772737,6.16,7.045,33.23807470917209,0.9334439603459578,14.194464158977999
2021-01-25,AMTX,0.6181817,4.4,7.404999999999999,72.42189860634828,55.61459392604869,13.50438892640108
2021-01-25,BB,0.3924501,14.04,18.71315,30.587169540227258,16.160589955891155,5.343835751864331
2021-01-25,RCON,0.3881278,2.19,3.1849499999999997,108.59825154096926,1.710205288834612,31.39766715333051
2021-01-25,AUPH,0.37954247,14.86,19.095,25.673131301774866,3.6231666750620235,5.236973029588898
2021-01-25,AMC,0.3414024,3.51,4.436,5.456819853364307,25.16763215695948,22.54283137962128
2021-01-26,KOSS,0.94833326,6.0,11.39,4.322979647007871,32.236635178233485,8.779631255487269
2021-01-26,EDSA,0.61301994,5.53,8.05565,0.0,3.8792517808338944,12.413647564132006
2021-01-26,VANI,0.23923445,2.09,2.60005,0.0,2.369487212330009,38.46079883079172
2021-01-26,MYO,0.2343173,10.84,12.17,22.175225565716694,0.0,8.216926869350862
2021-01-26,PRTS,0.19456685,13.62,16.7675,18.304544072126035,0.7000010187665435,5.9639182943193685
2021-01-27,AMC,3.1004133,4.96,15.98,168.81101765882644,48.523331085666754,6.257822277847309
2021-01-27,KOSS,0.7520001,10.0,16.62305,0.0,74.32861005585995,6.01574319995428
2021-01-27,CANG,0.41087627,8.5,10.94805,32.179393965928824,3.8027562431798363,9.13404670238079
2021-01-27,KODK,0.3488865,9.43,11.3755,0.0,23.566506953101023,8.790822381433783
2021-01-27,OXBR,0.29933107,3.14,3.565,86.7141085124142,28.220882344509008,28.050490883590463
2021-01-28,AIFC,1.3424368,9.52,21.53,2.220446049250313e-12,80.81617048301102,4.644681839294008
2021-01-28,MPU,0.85025644,9.75,17.06805,83.11671632629815,0.13567772490168017,5.858900108682597
2021-01-28,XWEL,0.39330542,2.39,3.05,86.05624375118495,20.25279281889066,32.786885245901644
2021-01-28,AG,0.33698034,13.89,18.490000000000002,21.872401006513215,0.0,5.408328826392644
2021-01-29,AMC,0.658404,8.63,13.4544,49.85201105540643,32.345917265531234,7.432512783921989
2021-01-29,FFAI,0.316267,15.43,19.445,20.51470495103459,11.32188634612528,5.142710208279763
2021-01-29,CD,0.2743436,3.29,4.09,65.88347035425716,0.0,24.449877750611247
2021-01-29,TRVG,0.24209261,2.48,2.7544500000000003,14.60279979456884,12.608649123565103,36.30488845323023
2021-01-29,RIOT,0.22930253,19.93,22.86035,68.85026736062161,17.850523700665867,4.3743862189336555
2021-02-01,PHUN,0.47115386,2.08,2.8697,142.35850410885942,42.90156878482938,34.84684810258912
2021-02-01,MVST,0.42975736,15.66,21.08095,57.6574682855258,15.558141159656962,4.7436192391709096
2021-02-01,CDE,0.3816371,9.05,11.684999999999999,28.639113261968923,8.630159416776888,8.557980316645272
2021-02-01,IMTE,0.33855188,5.11,6.615600000000001,125.52438985685163,14.119744156365135,15.115786927867463
2021-02-01,AG,0.3165549,18.12,22.97025,0.0,7.627511855619151,4.353457189190366
2021-02-02,MBRX,0.5765958,4.7,7.1601,0.0,14.878668166732185,13.9662853870756
2021-02-02,AREC,0.35436904,2.51,3.4439,143.86936491239317,16.970711536345394,29.036847759807195
2021-02-02,PRTA,0.30999994,11.0,13.4,19.72060563358691,0.0,7.462686567164179
2021-02-02,TLSA,0.30366492,3.82,4.6206499999999995,25.323424383927666,0.0,21.64197677815892
2021-02-02,GSM,0.24634969,2.76,3.7475,51.67565201783237,26.86998195997305,26.6844563042028
2021-02-03,SGLY,1.1729958,4.74,8.99,0.0,25.414214104316013,11.123470522803114
2021-02-03,SLS,0.43643022,8.18,11.815000000000001,47.838298653686714,26.230700770327715,8.463817181548878
2021-02-03,KOSS,0.33749998,20.0,27.38575,19.36926545395217,28.871505284055687,3.651534100764083
2021-02-03,CPSH,0.28242064,6.94,9.1638,48.260490858944735,18.08547157360844,10.912503546563652
2021-02-03,SOGP,0.26199913,5.16,6.725,60.006441339467315,36.62987510490987,14.869888475836431
2021-02-04,AVXL,0.9210019,10.38,21.5475,0.0,33.91664816071704,4.640909618285184
2021-02-04,ATOS,0.36728394,3.24,4.54,37.259247254735754,12.921749019764395,22.026431718061673
2021-02-04,SOGP,0.28365195,8.5,12.495000000000001,105.84428871487552,34.30482322202399,8.003201280512204
2021-02-04,ANVS,0.25206387,18.17,24.65315,62.22406581360586,0.0,4.05627678410264
2021-02-04,GNPX,0.21314383,5.63,6.605,1.5900013395217256,0.0006802402476420577,15.140045420136259
2021-02-05,JG,1.7562814,3.98,7.905,104.29322856034672,15.755046717624431,12.65022137887413
2021-02-05,KRKR,0.46888888,4.5,7.5024999999999995,15.99544418232476,5.340985111322117,13.328890369876708
2021-02-05,AREC,0.41037333,4.68,6.4799,114.44231252347987,13.257668614159076,15.432336918779612
2021-02-05,BTCT,0.38321173,2.74,3.5599499999999997,117.89299882945046,18.621496308610194,28.090282166884368
2021-02-05,MYND,0.34857774,2.7,3.53,63.517544784173786,0.0,28.328611898016998
2021-02-08,OCGN,0.767619,5.25,10.6351,0.0,61.44103771615549,9.402826489642788
2021-02-08,WPRT,0.43930638,8.65,11.83755,34.11852526337021,2.783300606095615,8.44769399073288
2021-02-08,CLNE,0.2995373,12.97,16.78465,64.48637129867349,3.0315971745759507,5.957824559940184
2021-02-08,PPBT,0.25703776,4.76,6.1709499999999995,47.80876494024021,0.0,16.204960338359573
2021-02-08,PHUN,0.21818185,2.2,2.62,59.727153907160286,20.442629720129254,38.167938931297705
2021-02-09,CHCI,2.1848342,4.22,11.925,186.86852102628328,18.406251168001713,8.385744234800837
2021-02-09,OTLK,0.19637465,3.31,3.9625000000000004,48.05378742046494,18.99385745381987,25.236593059936908
2021-02-09,DSX,0.17657351,2.6,2.94405,33.254354559898296,0.0,33.966814422309405
2021-02-09,RMCF,0.16271186,5.9,6.6,0.0,0.0,15.151515151515152
2021-02-09,PRSO,0.13742697,3.42,3.738,1.6902398932092164,0.0,26.75227394328518
2021-02-10,OLB,0.7127516,7.45,13.82235,25.172082060269336,17.139507869748677,7.234659808209169
2021-02-10,WGS,0.48195887,15.52,20.2744,19.36397208356495,25.592087154539712,4.932328453616384
2021-02-10,GSAT,0.4477613,2.01,2.7602,20.927625630960097,22.704103156208493,36.22925874936598
2021-02-10,ACHR,0.3727759,11.24,15.32,29.72332185272515,4.065191548107321,6.527415143603133
2021-02-10,OGI,0.35788274,4.345,5.77945,56.703869122960405,27.786404766652225,17.302684511501962
2021-02-11,RCMT,1.681572,3.69,9.61885,2.220446049250313e-12,34.004322330177416,10.396253190350198
2021-02-11,ACIU,0.5896033,7.31,10.6604,0.0,13.970364628475293,9.380511050242017
2021-02-11,MVIS,0.4057144,14.0,18.68505,33.334160033658264,2.8386962601363934,5.351872218698906
2021-02-11,SNDL,0.34237278,2.95,3.22445,317.1177712341155,33.43565817512645,31.01304098373366
2021-02-11,GRNQ,0.19898784,2.47,2.81,16.616290611569422,10.681198039630043,35.587188612099645
2021-02-12,ASYS,0.18644059,8.85,9.94995,54.11812186578854,0.0,10.050301760310354
2021-02-12,INO,0.18615377,13.0,14.98675,21.149327256991565,5.462093224713259,6.672560762006439
2021-02-12,ALAR,0.18222225,2.25,2.524,78.55826500560438,0.6749596854902027,39.61965134706814
2021-02-12,AHG,0.17985606,2.78,2.87785,41.776890750047144,0.0,34.74816269089772
2021-02-12,AMBO,0.15894032,3.02,3.4865,42.678975739404535,0.0,28.682059371862902
2021-02-16,SCKT,2.1450615,3.24,12.520050000000001,149.66704278313335,102.08795730129994,7.987188549566494
2021-02-16,FWDI,0.36833334,4.2,5.0825,61.615860049492866,0.0,19.675356615838663
2021-02-16,SOS,0.3024193,7.44,11.21,11.935913453591283,28.75049545224795,8.920606601248885
2021-02-16,MYO,0.22770917,14.58,17.5,46.32354597621201,0.0,5.714285714285714
2021-02-16,SGLY,0.22476375,7.71,8.95,12.950126359177586,3.3107263534554834,11.173184357541901
2021-02-17,LODE,3.3688889,2.25,8.015,63.70491557483103,47.85868805381573,12.476606363069244
2021-02-17,PETZ,1.8019168,3.13,7.6,0.0,60.756080396971775,13.157894736842106
2021-02-17,CLPS,1.7176383,4.9,12.615,2.220446049250313e-12,67.80783364285281,7.927070947284978
2021-02-17,DOGZ,0.6681615,2.23,3.4888500000000002,0.0,49.1091779166015,28.662739871304296
2021-02-17,ONCY,0.5481727,3.01,4.13,76.05254236742915,21.330889060648964,24.213075060532688
2021-02-18,QUIK,0.3723849,7.17,10.3817,106.95252620166002,10.18028511082244,9.632333818160802
2021-02-18,BKSY,0.26210046,10.95,13.765,13.61406562545516,3.127907164792608,7.264802034144569
2021-02-18,BTTC,0.18309855,3.55,4.12005,34.827166147013976,10.960319556345395,24.271550102547298
2021-02-18,RIGL,0.17439294,4.53,5.25495,11.40149102226066,7.673144658059172,19.029676780939877
2021-02-18,INBS,0.15320337,7.18,7.96495,59.205074764482674,0.0,12.555006622765994
2021-02-19,WATT,0.57795703,3.72,5.2943,49.045207170441635,11.70856603884495,18.888238294014318
2021-02-19,JFU,0.27376425,2.63,3.2275,38.972654610552944,14.62148525577135,30.983733539891556
2021-02-19,MTC,0.25575447,3.91,5.1075,1.9270387279596215,12.059787139929801,19.579050416054823
2021-02-19,TAOP,0.25173616,5.76,8.1719,23.928667811807994,9.090267553148156,12.237056253747598
2021-02-22,ENVX,0.2698413,15.75,21.0802,44.27753449344602,48.39794920186013,4.743788009601427
2021-02-22,CTXR,0.20873785,2.06,2.5330500000000002,75.97471885574295,23.256814848557315,39.47809952428889
2021-02-22,VIOT,0.18447924,15.88,16.944699999999997,31.09997384415764,0.0,5.901550337273602
2021-02-22,VUZI,0.15002823,17.73,21.3,66.04348174181261,26.771122165299385,4.694835680751174
2021-02-22,BODI,0.13879001,14.05,17.181649999999998,34.48378297499903,4.404178433485744,5.820162789953236
2021-02-23,YHGJ,0.74261594,2.37,3.6325000000000003,50.28199658645722,41.37528303084892,27.529249827942188
2021-02-23,RETO,0.11965811,2.34,2.25055,54.738355483941824,17.274867234086468,44.4335829019573
2021-02-24,SYPR,1.5864661,2.66,6.16,111.35247215014547,30.13284746257562,16.233766233766232
2021-02-24,ARLO,0.2447604,6.68,7.795,29.44466680125588,0.0,12.828736369467608
2021-02-24,RCMT,0.16049373,4.05,4.95995,20.917563698961416,0.0,20.16149356344318
2021-02-24,IONQ,0.15733111,12.14,13.85065,33.15574504097588,2.0717946857874883,7.219877767469397
2021-02-24,AIM,0.15060353,2.26,2.5725,15.330143291997095,2.992205620882319,38.87269193391643
2021-02-25,KOSS,0.7684381,18.44,29.215,183.02121987058595,54.15198877284863,3.422899195618689
2021-02-25,AIFC,0.41636586,8.31,10.88955,104.51036143852981,1.017463753240829,9.183115923063855
2021-02-25,SCKT,0.38613856,10.1,15.326149999999998,124.14363662982103,12.72917418119993,6.524795855449673
2021-02-25,AMC,0.19825912,9.09,10.004999999999999,20.87469739911055,23.29035179208504,9.995002498750626
2021-02-26,BTCT,0.21917808,2.19,2.52005,38.32595070344771,8.714658986761918,39.68175234618361
2021-02-26,RKT,0.1725663,19.9,22.560000000000002,6.373370246172997,7.27957607296208,4.4326241134751765
2021-02-26,SRTS,0.1649214,3.82,5.2241,154.10523703594566,21.637484401556442,19.142053176623726
2021-03-01,ECOR,0.3225807,2.17,2.9074999999999998,96.53267443191105,27.602819520464415,34.39380911435942
2021-03-01,RKLB,0.31219506,10.25,13.09675,33.35975324173728,14.469527330883857,7.635482085250158
2021-03-01,SOS,0.27044022,4.77,6.5674,0.0,19.566008437545307,15.226725949386363
2021-03-01,SCKT,0.26546144,10.51,11.995000000000001,26.24617462067469,0.0,8.336807002917881
2021-03-01,SOGP,0.22948968,8.06,9.38615,5.296317612462475,0.0,10.653995514667887
2021-03-02,KOPN,0.2097826,9.2,11.004950000000001,45.225502016530086,13.33299246923128,9.086820021899236
2021-03-02,SOS,0.18684602,6.69,7.79005,17.405909820579225,20.71387883981846,12.83688808159126
2021-03-02,FBIO,0.14948452,3.88,4.335,12.835102607340534,0.010746925170337082,23.06805074971165
2021-03-02,KXIN,0.14857137,3.5,3.98,57.267766072118924,2.014266195598682,25.12562814070352
2021-03-02,AVTX,0.10991955,3.73,3.99,0.0,0.0,25.062656641604008
2021-03-03,ZVRA,0.6723224,9.43,16.51955,52.501056675711,12.297232183414163,6.053433658907174
2021-03-03,OVID,0.5844594,2.96,4.35335,9.167245007215953,14.210525782940882,22.970815578807127
2021-03-03,SLE,0.47630918,4.01,5.61375,17.248706229603986,31.34510945727173,17.813404586951684
2021-03-03,UWMC,0.33305144,9.13,10.623899999999999,16.467814255977345,18.463936711551607,9.412739201234952
2021-03-03,OCGN,0.2541666,9.6,12.81,0.0,16.393689087258775,7.8064012490242
2021-03-04,AIFA,0.2240001,2.5,3.14925,83.28164887078013,27.377337920728646,31.753592125109154
2021-03-04,SLE,0.1823417,5.21,6.37965,65.80520917274991,25.85326331134402,15.674841096298387
2021-03-04,SKT,0.16090333,17.74,20.625,24.430988100007568,0.0,4.848484848484849
2021-03-05,AEI,0.3849765,10.65,13.5885,86.05694688451933,0.0,7.359163998969717
2021-03-05,SIFY,0.29629624,2.7,3.2605,12.664138656011898,14.374278376568073,30.670142616163165
2021-03-05,CLPS,0.25627232,4.14,4.9849499999999995,35.76572960471507,8.934362215557737,20.060381749064685
2021-03-05,BTCT,0.20192313,2.08,2.41995,0.0,13.128113930184869,41.32316783404616
2021-03-05,LFMD,0.16712713,14.48,15.799949999999999,5.33586252279058,0.0,6.329133952955548
2021-03-08,CMMB,0.5793414,3.34,5.45425,40.38782213649465,24.475143610445762,18.33432644268231
2021-03-08,VANI,0.5543859,5.7,12.252500000000001,223.00479624070235,52.259420158805,8.161599673536012
2021-03-08,IMVT,0.44047368,13.51,17.192500000000003,56.72772411557089,4.512504912598174,5.816489748436817
2021-03-08,MBI,0.115820885,7.68,8.675,0.0,3.342155218104564,11.527377521613833
2021-03-08,CUE,0.11494255,13.05,13.86,0.0,0.0,7.2150072150072155
2021-03-09,VANI,0.5921835,11.77,16.9242,134.26037397165084,21.7849044053972,5.90869878635327
2021-03-09,GTBP,0.3017621,4.54,5.92995,28.4881232011854,0.0,16.863548596531167
2021-03-09,ASYS,0.14613819,8.83,9.969999999999999,0.0,0.0,10.030090270812439
2021-03-09,YDKG,0.1449275,2.76,3.295,0.0007439713945710199,0.0,30.349013657056148
2021-03-09,SCKT,0.1428572,7.63,8.6,10.447538963274125,0.0,11.627906976744187
2021-03-10,MNOV,0.73415506,5.68,9.69405,58.993857008555665,7.659303921446742,10.315605964483368
2021-03-10,ENVB,0.7064847,2.93,5.49995,199.44886291827183,40.84607110832621,18.181983472577024
2021-03-10,KOSS,0.40949726,17.9,27.090049999999998,57.31250856216389,106.03380204636788,3.691392227035388
2021-03-10,HIND,0.35310733,3.54,4.34,39.77561839158672,0.0,23.041474654377883
2021-03-10,NAGE,0.24432814,11.46,14.014050000000001,23.642850780078817,0.0,7.135695962266439
2021-03-11,XMAX,1.8875,2.4,5.98,81.48641861889875,34.19040221588913,16.72240802675585
2021-03-11,SIEB,0.45813942,4.3,5.795,45.48276581720219,13.13848374123853,17.25625539257981
2021-03-11,LGVN,0.4506259,7.19,10.15005,40.097287799744464,7.127666589832244,9.852168215920118
2021-03-11,OGI,0.37716258,2.89,3.77055,47.18517827960575,15.442691707099499,26.521329779475142
2021-03-11,SLE,0.2162162,5.55,6.36275,21.0327877990877,27.77000269694016,15.716474794703547
2021-03-12,ANIX,0.30503893,5.14,6.16,77.56271304952458,1.2165373168076494,16.233766233766232
2021-03-12,GRABW,0.11650479,5.15,5.495,0.0,0.0,18.198362147406733
2021-03-12,BTCT,0.113360286,2.47,2.755,37.971110419047015,18.995991039455344,36.29764065335753
2021-03-12,FRSX,0.10041261,7.27,8.3225,0.0,2.2008977543974755,12.015620306398318
2021-03-15,ZKIN,0.1627543,6.39,7.484999999999999,26.3072962495741,8.90605712228413,13.360053440213761
2021-03-15,TOON,0.1327014,2.11,2.3,25.100511456675303,42.27680270289016,43.47826086956522
2021-03-15,AREC,0.12657928,4.34,4.65505,9.424164342170437,0.0,21.482046379738133
2021-03-15,CBAT,0.11213243,5.44,6.005,0.0,5.618550513362371,16.65278934221482
2021-03-15,SLE,0.110429406,6.52,6.90025,3.5834318263254215,4.425286683613675,14.492228542444115
2021-03-16,ZDGE,0.3178928,11.27,13.6125,63.837713520826746,0.0,7.3461891643709825
2021-03-16,SYPR,0.22666669,3.75,4.737,18.675844367452243,0.0,21.110407430863415
2021-03-16,ERNA,0.1591512,3.77,4.6125,28.784572239635843,0.0,21.680216802168022
2021-03-16,CMMB,0.1409396,4.47,5.54555,25.82021310205464,25.539497781085085,18.032476490158775
2021-03-16,ZVRA,0.13411558,11.93,13.04495,38.787902369878566,8.719723130499998,7.665801708707201
2021-03-17,QNTM,0.38164246,2.07,2.6925,57.58384794532653,24.149146526077388,37.140204271123494
2021-03-17,IMTX,0.3327601,11.63,14.5307,19.268757193090032,18.49455508171305,6.881980909384958
2021-03-17,AREC,0.21835518,4.26,5.1294,64.67920219303699,6.334617793463357,19.495457558388892
2021-03-18,SGLY,0.30455065,8.57,10.252500000000001,90.50704726461586,28.354460920899182,9.753718605218237
2021-03-18,OCG,0.29528332,10.6,12.94,16.430455391579077,41.74598819011132,7.727975270479135
2021-03-18,PCTTW,0.27923977,13.68,19.0,0.0,0.0,5.2631578947368425
2021-03-18,AYTU,0.12244892,9.8,10.956700000000001,21.139502123362007,0.0,9.126835634817052
2021-03-18,UONE,0.11831939,5.95,6.54,52.97339454195822,0.0,15.290519877675841
2021-03-19,AAME,0.20945787,4.54,6.1652000000000005,108.33476522756888,9.804794366006504,16.220073963537274
2021-03-19,ZKIN,0.19612312,8.77,10.915,80.78790097316094,41.811563752348675,9.161704076958316
2021-03-19,ALEC,0.14214039,17.94,20.801250000000003,4.883238225453991,0.0,4.807403401237906
2021-03-22,DYAI,0.53658533,5.33,7.118650000000001,45.714558155419006,5.277610397984214,14.047607341279596
2021-03-22,MRKR,0.21487594,2.42,3.025,50.512849835178535,13.909020739823859,33.057851239669425
2021-03-22,CETX,0.20302892,2.08,2.38,54.94100054975067,0.0,42.016806722689076
2021-03-22,LODE,0.12318838,5.52,5.985,16.338845918908728,3.747090052334467,16.70843776106934
2021-03-22,EDSA,0.1165756,5.49,5.93175,0.0,0.0,16.858431322965398
2021-03-23,BNTC,1.1630094,3.19,6.3903,40.02247805457174,41.59701336357456,15.648717587593698
2021-03-23,RKTO,0.40366971,2.18,2.725,19.918145661712966,23.362211560951458,36.69724770642202
2021-03-23,ORMP,0.17908442,10.38,11.824950000000001,45.736599453203596,0.0,8.45669537714747
2021-03-24,DLPN,0.583197,18.33,27.840249999999997,90.945686205448,30.36679301928499,3.5919217679438944
2021-03-24,ZKIN,0.32275605,11.03,13.01005,59.30397380404945,9.827350209707323,7.686365540486009
2021-03-24,SLNH,0.19230771,13.0,13.985,0.0,0.0,7.150518412584913
2021-03-24,PLBY,0.14863396,18.3,19.713500000000003,0.4192036829760693,0.0,5.072665939584548
2021-03-24,SOS,0.1466049,6.48,7.02555,42.77405886813031,13.192007213796266,14.233761057853123
2021-03-25,QNRX,0.6275072,3.49,6.14,62.689365641425184,29.321593782212044,16.286644951140065
2021-03-25,QXO,0.11933935,6.21,6.575,73.62230616878863,0.0,15.209125475285171
2021-03-25,JXG,0.105263114,3.61,4.02,0.0,0.0,24.875621890547265
2021-03-25,TWAV,0.10277772,3.6,4.1,2.9057458606140805,0.0,24.390243902439025
2021-03-26,FRMM,0.68143106,5.87,8.76015,53.37443284926519,13.541407556005721,11.415329646181858
2021-03-26,FTFT,0.117533684,5.19,6.08245,24.839381060184536,1.6907894727513053,16.44074345041883
2021-03-29,EEIQ,0.44516122,15.5,22.9275,0.0,23.040419074904047,4.361574528404755
2021-03-29,FLY,0.26188672,13.25,16.6575,5.0438153459059745,1.9974164088456878,6.0033018159988
2021-03-29,DLPN,0.18566036,13.25,16.37015,64.55351534025867,19.32120389103811,6.108679517292145
2021-03-29,TDUP,0.16732001,20.0,23.70775,67.7840248754197,0.0,4.21802996910293
2021-03-29,WKEY,0.13320208,15.24,17.10735,0.0,23.725391960929777,5.845440702388155
2021-03-30,MBRX,0.21891892,3.7,4.2631,75.33266173078464,7.26764276934975,23.4571086767845
2021-03-31,RKDA,0.43776834,2.33,3.03505,56.231144257157865,20.746189914690348,32.94838635277837
2021-03-31,TAOP,0.25248504,10.06,11.83005,51.09608057582051,8.304543722088809,8.453049648987113
2021-03-31,CLRO,0.1816647,3.08,3.63,4.480527554055508,0.0,27.548209366391184
2021-03-31,OCGN,0.14814818,6.75,7.4695,9.303655148057535,5.719019455239242,13.387776959635852
2021-03-31,OPENW,0.11945033,9.46,10.0,0.0,,10.0
2021-04-01,UPC,0.33167088,4.01,6.1974,17.67851559974375,20.906270335169847,16.135798883402718
2021-04-01,FTFT,0.29193544,6.2,7.76955,80.05471125122722,18.261670327480243,12.87075828072411
2021-04-01,SNOA,0.26379538,7.43,9.0425,49.65729761667347,15.352964955723884,11.05888858169754
2021-04-01,MPU,0.18309855,3.55,4.6,17.13722192877384,67.22468568416683,21.73913043478261
2021-04-01,UAVS,0.17891371,6.26,7.23,15.047621012211994,1.4349734458647425,13.831258644536652
2021-04-05,GENI,0.22392833,15.63,19.72785,0.5014711799649381,11.087110022797162,5.068976092174261
2021-04-05,VVOS,0.15238094,7.35,8.26475,12.523020620556018,0.0,12.099579539611
2021-04-05,IRD,0.12068963,6.38,6.875,49.68271433086909,0.0,14.545454545454545
2021-04-06,ERNA,0.7880086,4.67,7.74,60.640640821529104,12.740825312194026,12.919896640826874
2021-04-06,MPU,0.17698348,11.47,15.21,139.01426065668207,15.705160430116877,6.574621959237343
2021-04-06,AEHL,0.1555556,3.15,3.3903,17.265749192891217,0.0,29.495914815798013
2021-04-06,EVAX,0.14999998,5.2,5.4,0.0,0.0,18.51851851851852
2021-04-06,INVZ,0.14974356,9.75,10.735,8.135355204877154,0.0,9.315323707498836
2021-04-07,ASTC,0.30733943,2.18,2.58415,57.91710410216278,23.855920751360507,38.69744403382156
2021-04-07,SOS,0.2955556,4.5,5.5755,7.636021470586311,11.874635595236114,17.935611155950138
2021-04-07,CBAT,0.15338647,5.02,5.399,24.486923913547265,8.36813813640645,18.521948508983144
2021-04-07,TULP,0.10866141,6.35,8.09995,46.98103654845711,0.0,12.34575522071124
2021-04-07,GRAB,0.101621985,12.7,13.6175,7.759439694734629,5.611853045963196,7.3434918303653385
2021-04-08,IMMP,0.13836467,3.18,3.42435,58.890692691126965,1.0250855979562024,29.202622395491115
2021-04-08,HYFT,0.114548445,11.96,12.13,0.0,0.0,8.244023083264633
2021-04-08,APRE,0.113223076,4.84,5.23,41.5602163855699,7.157484616937205,19.12045889101338
2021-04-09,CELC,0.54297686,14.31,20.71,77.52002138496644,12.038816270046766,4.8285852245292125
2021-04-09,GURE,0.20322585,4.65,5.26995,9.889451647309713,0.0,18.975512101632845
2021-04-09,SOHU,0.16201925,16.64,19.5075,6.9184489344209545,0.0,5.126233499935922
2021-04-12,ZDGE,0.12670708,13.49,14.853349999999999,13.078082908539844,0.0,6.732487957262167
2021-04-13,RIGL,0.13268614,3.09,3.35,0.18170877971438884,5.871915011649935,29.850746268656717
2021-04-13,VTVT,0.10894942,2.57,2.99385,70.61541363980288,26.602656295258058,33.40180703776074
2021-04-13,EVGN,0.10569477,4.39,4.77225,33.47375628403347,0.0,20.954476400020955
2021-04-13,CAN,0.10197866,13.14,15.182649999999999,34.09960664547516,5.575934666000676,6.58646547210138
2021-04-14,TV,0.14831042,10.12,12.76165,4.8934698261487535,14.304234924292977,7.835977322681629
2021-04-15,TAOP,0.20611918,6.21,6.76,42.38670745754436,6.283765689638408,14.792899408284024
2021-04-15,KXIN,0.13502109,2.37,2.5275,40.86782589320495,3.778718885504647,39.56478733926805
2021-04-15,INO,0.11085963,8.84,9.942499999999999,31.567976473532934,4.345786546550508,10.057832537088258
2021-04-16,SBET,0.9094076,2.87,4.825,106.3971028333104,36.38526718706829,20.72538860103627
2021-04-16,YI,0.10459876,11.09,11.52,13.533756949436363,0.0,8.680555555555555
2021-04-19,CLNE,0.26481152,11.14,13.475000000000001,43.00680661156758,6.37758374495709,7.421150278293134
2021-04-19,LFMD,0.12036109,9.97,9.780000000000001,19.94606631766669,0.025932499687887384,10.224948875255622
2021-04-19,CHAI,0.118967414,8.91,10.719249999999999,0.0,,9.329010891620216
2021-04-19,IDYA,0.103170395,18.61,18.955,0.0,0.0,5.275652862041678
2021-04-20,QCLS,0.42217243,4.465,6.0384,20.55605611209315,6.050426672959294,16.560678325384206
2021-04-20,XXII,0.11549294,3.55,3.61005,63.49128775980203,3.936481773623832,27.7004473622249
2021-04-20,HIND,0.100806475,2.48,2.925,19.97327522516138,0.0,34.18803418803419
2021-04-21,OCGN,0.20471013,5.52,6.4125,46.78262891819497,9.577601878519571,15.594541910331385
2021-04-21,INTT,0.1624738,9.54,11.105,35.53129822485917,0.0,9.0049527239982
2021-04-22,FIRY,0.15966582,16.76,18.3328,28.85544256293975,6.139241062552628,5.454704136847618
2021-04-22,OPENW,0.15689147,6.82,7.05,0.0,0.0,14.184397163120568
2021-04-22,MVIS,0.12441981,12.495,13.85965,32.807444890943195,11.215658055687632,7.215189416760164
2021-04-22,BNGO,0.10998309,5.91,6.5314499999999995,35.409720638137955,6.704197876166241,15.310535945310766
2021-04-23,SYPR,0.28825617,2.81,3.5004999999999997,69.34550211667099,37.27855628076489,28.567347521782605
2021-04-23,NTRP,0.105919,3.21,3.38,13.896729211683333,0.0,29.585798816568047
2021-04-26,OCGN,0.14849436,9.63,11.295,20.588870274336692,15.236201947902842,8.853474988933156
2021-04-26,VYGR,0.12740898,4.67,5.2706,11.136530179507425,0.0,18.973171934884075
2021-04-26,MVIS,0.11240959,17.97,22.002499999999998,63.814828116112686,17.513921500535613,4.544938075218726
2021-04-27,ALDX,0.1602161,11.11,13.67,75.07183916513098,26.30351034533583,7.315288953913679
2021-04-27,SLNH,0.12774193,7.75,9.07995,17.020648588896314,0.0,11.013276504826568
2021-04-27,NNDM,0.11178613,8.23,8.77965,31.894741868160104,7.168971820632991,11.389975682401918
2021-04-28,DFTX,0.114427805,4.02,4.26895,45.95980078337575,12.722694289047359,23.424963984117873
2021-04-28,BOXL,0.10245907,2.44,2.7828,54.889665008496515,17.695637788740722,35.93502946672417
2021-04-28,ABTC,0.10114944,4.35,4.5435,26.748621818587402,0.0,22.009464069549907
2021-04-29,WVVI,0.3444022,10.245,14.20995,14.42069581963954,41.69097904473537,7.0373224395581975
2021-04-29,NOK,0.15719068,4.2,4.75595,12.176350374775494,21.762785636560665,21.02629337987153
2021-04-29,REI,0.112612605,2.22,2.35005,0.0,0.0,42.55228612157188
2021-04-29,EZPW,0.11132431,5.21,5.79455,4.111196057188369,0.0,17.257595499219093
2021-05-03,PALI,0.13666224,7.61,8.085,3.565238502869744,0.0,12.368583797155225
2021-05-03,AIOS,0.11459029,15.01,17.55,0.0,0.0,5.698005698005698
2021-05-04,BLRX,0.5329155,3.19,5.235,70.9656653573776,37.390209663960775,19.10219675262655
2021-05-04,PRPO,0.2929293,4.95,7.8,0.0,29.687098081311174,12.820512820512821
2021-05-04,CNSY,0.15769231,2.6,3.145,92.51486370708953,12.003237507152638,31.79650238473768
2021-05-04,STIM,0.13300502,10.15,12.04,29.52255499409622,17.02790490614951,8.305647840531561
2021-05-05,VERU,0.20229888,8.7,10.135000000000002,75.08446843538854,5.742715092179457,9.866798223976318
2021-05-05,HAYW,0.1784426,19.39,23.505000000000003,23.728955073601046,6.64877114143253,4.25441395447777
2021-05-05,OPLN,0.11026883,14.51,16.81,5.032674254405878,0.44368703017720496,5.94883997620464
2021-05-05,CVGI,0.10962558,11.22,11.62,0.0,0.0,8.605851979345957
2021-05-06,ALF,0.45810056,3.58,4.38955,55.19213104046338,7.141536159473851,22.78137850121311
2021-05-06,AMS,0.32957745,3.55,3.53,0.0,17.382818984944286,28.328611898016998
2021-05-06,BRN,0.18642116,2.68,3.0031,49.98341092605922,0.0,33.298924444740436
2021-05-06,AIFC,0.12608695,6.9,7.64,14.254161463791654,0.0,13.089005235602095
2021-05-07,CMMB,0.17380345,19.85,21.32875,0.023932476059805106,0.0,4.6885072964894805
2021-05-07,GPRO,0.11015332,10.44,11.7696,16.471244845615953,2.3999260841113044,8.496465470364328
2021-05-10,ALF,0.31891894,3.7,4.325,0.0,5.043068515525548,23.12138728323699
2021-05-10,LEDS,0.26030183,7.95,11.42745,79.12359885220721,25.99910810009088,8.750858678007779
2021-05-10,SRTA,0.1183908,8.7,8.71955,0.0,0.0,11.468481745044182
2021-05-10,GTX,0.102778316,5.68,6.15,0.0,0.0,16.260162601626014
2021-05-11,DDD,0.1412493,17.77,20.9601,44.73211847788555,6.083503798621302,4.7709696041526515
2021-05-11,AVTX,0.13842535,2.54,3.0225,17.84071512453572,20.096684815078717,33.085194375516956
2021-05-11,ARQ,0.101511836,4.63,5.22,0.0,0.0,19.157088122605366
2021-05-12,VTAK,0.23493981,3.32,5.4694,0.0,22.81241383973318,18.283541156251143
2021-05-12,FUBO,0.19864178,17.67,20.525,0.0,7.101966629991523,4.8721071863581
2021-05-12,VANI,0.18400002,5.0,5.77,0.0,15.721292063131267,17.331022530329292
2021-05-12,NERV,0.17488778,2.23,2.745,74.67360423071175,10.927473329865384,36.42987249544626
2021-05-12,BMRA,0.16129029,3.41,3.87,9.621935539957452,0.0,25.839793281653748
2021-05-13,PALI,0.2514286,5.25,6.25495,101.15617868601913,10.672220883921936,15.9873380282816
2021-05-13,NEGG,0.20364225,6.04,6.805,5.278713020440309,0.0,14.695077149155034
2021-05-13,BRT,0.1496259,16.09,18.14,0.0,0.0,5.512679162072767
2021-05-13,COMP,0.11626291,14.45,15.085,0.09267854051308033,0.0,6.629101756711965
2021-05-14,BNGO,0.19478452,4.41,5.20995,42.28859751767318,13.805609730416522,19.194042169310645
2021-05-14,AEVA,0.18696892,7.06,8.25055,32.62187193389465,0.027155816427408174,12.120404094272502
2021-05-14,FTFT,0.15953302,2.57,2.8275,1.3432085190147056,0.0,35.36693191865606
2021-05-14,CRCT,0.1219331,20.0,21.595,14.791218560173077,0.0,4.63070155128502
2021-05-14,LFMD,0.12135172,6.51,7.87655,68.1908079082736,4.564654180454998,12.695913820136989
2021-05-17,DBGI,0.2588235,3.4,4.584099999999999,84.39457356387108,14.07622217440007,21.814532841779197
2021-05-17,DFTX,0.120743036,3.23,3.4575,19.286981605521373,14.391734193003302,28.922631959508315
2021-05-17,SMMT,0.115249634,5.41,5.95,3.1726256933598993,0.0,16.80672268907563
2021-05-18,ULBI,0.3384254,8.51,10.5591,48.78247888143824,19.220929280117595,9.470504114934037
2021-05-18,AGEN,0.29446697,3.26,4.1,49.350227384031186,13.665349354915989,24.390243902439025
2021-05-19,LPTH,0.13675225,2.34,2.7609500000000002,54.184206187222756,26.854724666224573,36.21941722957677
2021-05-20,NEGG,0.47505426,9.22,13.29,15.8106709500616,0.0,7.524454477050415
2021-05-20,CPSH,0.21775544,5.97,6.865,63.231321556985726,0.0,14.56664238892935
2021-05-20,SPCE,0.19397795,17.27,19.886000000000003,25.87478091009928,5.430400957546551,5.028663381273257
2021-05-20,VTGN,0.14347827,2.3,2.5297,24.472096280033284,10.794974851410993,39.53037909633553
2021-05-20,SLE,0.14174318,4.36,4.92,35.42068215768653,0.0,20.32520325203252
2021-05-21,JZXN,0.3274932,7.42,9.094999999999999,39.01477733131592,32.11561998886947,10.995052226498077
2021-05-21,ENVB,0.14403296,2.43,2.9895500000000004,85.03832981782742,9.989296781592547,33.44985031191985
2021-05-21,YALA,0.100877166,15.96,18.1125,27.680521241295985,1.6738945529377858,5.521048999309869
2021-05-24,ZSTK,0.10153842,3.25,3.3725500000000004,0.0,0.0,29.65115417117611
2021-05-25,EDU,0.12566876,9.07,10.1975,9.544733571304734,5.194994535759742,9.806325079676391
2021-05-26,PVLA,0.3324468,3.76,4.3175,33.93469596762803,15.239080917321449,23.161551823972207
2021-05-26,INSE,0.13015878,9.45,10.805,18.53568118628503,7.893025077439178,9.254974548819991
2021-05-26,RNAC,0.12605047,3.57,3.99,30.27002253013654,0.060428532556105696,25.062656641604008
2021-05-27,ABTS,0.22580647,16.43,20.955,77.4239540875102,7.567954923081992,4.772130756382725
2021-05-27,ORGO,0.1828022,16.63,18.48,22.98376080241712,0.5565667991683069,5.411255411255411
2021-05-27,SOS,0.17484665,3.26,3.47995,26.580169613142797,17.925002693967183,28.736045058118652
2021-05-27,LNTH,0.16145563,19.51,23.4675,20.274693762967978,0.0,4.26121231490359
2021-05-27,BTBT,0.10497236,9.05,9.418,46.913273986531976,3.3545939065774846,10.617965597791464
2021-05-28,YEXT,0.21039796,12.31,14.782499999999999,26.831676882309875,0.5088186320679077,6.764755623203112
2021-05-28,ATNM,0.107569695,7.53,8.375,7.24756550271294,0.0,11.940298507462687
2021-06-01,BB,0.115193605,10.07,10.8445,10.426498111302982,7.719092541527381,9.221264235326663
2021-06-02,BB,0.11678195,11.56,12.81205,17.12258062907658,21.51271137873936,7.805152180954648
2021-06-03,JZXN,0.42265296,9.31,12.004999999999999,72.62106040860002,0.0,8.329862557267806
2021-06-03,WKHS,0.24913192,11.52,16.08,0.0,10.1170642052805,6.218905472636816
2021-06-03,BB,0.2419672,15.25,17.685000000000002,0.0,13.517755215579658,5.6545094713033635
2021-06-03,CLOV,0.14530897,8.74,9.465,13.382616516011097,10.857535271650205,10.565240359218173
2021-06-03,VTAK,0.12634408,3.72,4.175,22.71578010703888,13.270549109696642,23.952095808383234
2021-06-04,SENS,0.31219506,2.05,2.6199,0.0,20.251072927340154,38.16939577846483
2021-06-04,LEDS,0.24966896,15.1,21.939999999999998,0.0,43.19435152640177,4.55788514129444
2021-06-04,NCTY,0.19744062,10.94,13.61,58.899273257181086,13.249963378489229,7.347538574577517
2021-06-04,XERS,0.13974035,3.85,4.15,19.94143480305574,13.57395830753133,24.096385542168672
2021-06-04,CLNE,0.11074567,9.12,10.4925,0.0,2.5460017578366494,9.530617107457708
2021-06-07,VTAK,0.42008197,4.88,7.91955,61.608746426857614,36.64616488921636,12.626980068311962
2021-06-07,AREC,0.25446153,3.3,3.93,46.78422944612085,11.45618243140468,25.44529262086514
2021-06-07,EOCN,0.17058825,3.4,3.81885,0.0,0.0,26.185893659085853
2021-06-07,BNGO,0.1222707,6.87,8.227,0.0,5.449989912854377,12.15509906405737
2021-06-07,CLNE,0.12030077,9.31,10.12905,15.526182287935264,4.33303899612853,9.872594172207661
2021-06-08,CLOV,0.3955537,11.92,17.53075,51.83219835366072,22.952599762595177,5.704262510160717
2021-06-08,NEXT,0.23850572,3.48,5.24925,89.8239168166238,37.058262219152496,19.05034052483688
2021-06-08,PDSB,0.18723404,9.4,10.809750000000001,1.961747130406593,0.26966223319088817,9.25090774532251
2021-06-08,KRSA,0.14603174,3.15,3.61,40.12520171745581,24.704985865827574,27.70083102493075
2021-06-08,AYTU,0.14506519,5.37,5.823650000000001,45.30342608732866,0.0,17.171361603118317
2021-06-09,AEMD,3.79638,2.21,9.49,104.00771324651014,37.23723418178045,10.53740779768177
2021-06-09,AEHL,0.5689223,3.99,6.2125,85.97721774728771,15.592279168767323,16.096579476861166
2021-06-09,SLDPW,0.39999998,2.0,2.62,24.77509681331413,0.0,38.167938931297705
2021-06-09,CLNE,0.39444458,9.9,12.96745,52.90504005189366,18.290013028631986,7.711616393354129
2021-06-09,GEO,0.28616357,6.36,8.789950000000001,68.12380850857976,14.577162560248828,11.376628991063656
2021-06-10,SCNX,0.54628897,4.08,6.3498,152.82565060862112,35.50698596124312,15.748527512677564
2021-06-10,NXPL,0.29423463,5.03,6.83605,2.220446049250313e-12,0.0,14.628330688043533
2021-06-10,ANY,0.20000005,2.0,2.4775,98.9456858875933,46.79191940471216,40.36326942482341
2021-06-10,AEI,0.14522827,4.82,5.37495,42.73826368537881,17.17088885431853,18.60482423092308
2021-06-10,EDU,0.11193776,9.02,10.0125,7.758621240686876,3.951513795906523,9.987515605493135
2021-06-11,AMST,0.5090252,2.77,3.78495,54.59785262993222,9.362824990397398,26.420428275142342
2021-06-11,INBS,0.27548206,3.63,4.407349999999999,0.0,4.966074887065477,22.689371164078192
2021-06-11,CMMB,0.25,20.0,24.677500000000002,64.14526551869756,0.0,4.052274338972748
2021-06-11,RCON,0.2376374,12.74,14.12505,52.983561243210794,57.41479590008354,7.079620957093957
2021-06-11,PGEN,0.2331903,6.99,8.4,38.098198570094574,0.04116846052830522,11.904761904761905
2021-06-14,MDIA,0.48177087,3.84,5.42455,78.40055624031638,11.276168926134883,18.434708869860174
2021-06-14,SLDPW,0.24831891,2.8999,3.76,48.282991811377116,0.0,26.595744680851066
2021-06-14,MREO,0.103773594,3.18,3.35915,0.0,8.481588930434862,29.76943572034592
2021-06-15,OCGN,0.15497553,6.13,7.075,33.67386503517691,14.363186522823552,14.134275618374557
2021-06-15,UXIN,0.123552084,5.18,4.83995,0.0,11.058407780245025,20.66137046870319
2021-06-15,NRXP,0.10266662,18.0,18.7825,21.60020235627098,0.0,5.324104884866232
2021-06-16,APRE,0.50721645,4.85,7.27505,141.87296952444154,26.44658674067551,13.74560999580759
2021-06-16,GTEC,0.20572054,9.09,10.325849999999999,43.29845080442745,0.0,9.68443275856225
2021-06-16,XYF,0.16698503,8.27,9.41875,45.29746492841173,0.0,10.617120106171201
2021-06-16,FWDI,0.1428572,2.73,3.42,29.4042539636579,0.21345532250320118,29.239766081871345
2021-06-16,BCTX,0.102819204,6.03,6.85175,41.41309906075629,23.884380285119498,14.594811544495931
2021-06-17,QNRX,0.7675841,3.27,5.310499999999999,96.62222917365465,18.340957052049113,18.830618585820545
2021-06-17,TAOX,0.235955,8.9,10.655,56.20870819127522,0.0,9.38526513374003
2021-06-17,HIND,0.15873015,6.3,6.90995,40.78125353002115,1.5668537834961114,14.471884745909882
2021-06-18,FXHO,0.17501545,16.17,18.4825,70.2905672004275,5.4569735736116405,5.410523468145542
2021-06-18,GEO,0.10138893,7.2,7.87345,1.0979650216916923,3.634806164420928,12.700912560567478
2021-06-21,AEI,0.5050918,4.91,6.74015,65.13763750521076,21.74143245157701,14.836465063833892
2021-06-21,MNOV,0.3324468,3.76,4.7591,60.504798455338445,3.207186249953591,21.012376289634595
2021-06-21,LNAI,0.12068963,5.8,6.20165,42.04464627111373,0.003606160151214318,16.124740996347747
2021-06-21,OKUR,0.100811124,8.63,9.032499999999999,0.0,0.0,11.071132023249378
2021-06-22,ADIL,0.22648084,2.87,3.4166999999999996,24.336791830206074,12.7568325002676,29.268007141393745
2021-06-22,ALF,0.21538448,7.8,9.4322,44.73524124139484,32.8837427895209,10.60198044994805
2021-06-22,GROY,0.1614219,4.52,5.24565,22.89266543801769,0.0,19.063414448161808
2021-06-22,VTVT,0.13559318,2.36,2.63,71.5661992459008,6.569611136158827,38.02281368821293
2021-06-22,XAIR,0.12156868,5.1,6.032500000000001,47.311482829442596,0.0,16.576875259013676
2021-06-23,ENTX,0.60579073,4.49,7.645,159.07260618314763,25.632009324425834,13.080444735120995
2021-06-23,VIVO,0.10821915,7.3,7.86725,29.597888741462,0.0,12.710921859607868
2021-06-23,CLOV,0.10451305,12.63,13.6975,0.0,4.764011756642896,7.300602299689724
2021-06-24,DHX,0.16845882,2.79,3.18,12.037756628847934,0.0,31.446540880503143
2021-06-24,IFBD,0.1465323,3.72,4.07845,11.572189617696118,0.0,24.519118782870944
2021-06-24,CXM,0.10170448,17.6,19.967100000000002,70.03176244818617,7.37576847291093,5.008238552418728
2021-06-25,UPXI,0.28571427,5.6,8.2349,23.404299779309422,13.803596594923789,12.143438293118313
2021-06-25,FFAI,0.15482569,14.92,16.14,8.88469874979704,0.0,6.195786864931846
2021-06-25,PVLA,0.121281385,4.37,4.59,44.381665072721255,13.613210511884365,21.78649237472767
2021-06-25,PSFE,0.10441041,11.11,12.69995,0.0,4.652194313424989,7.8740467482155445
2021-06-28,HIND,0.265,6.0,7.2650500000000005,35.84938550059904,13.59250706325533,13.764530182173557
2021-06-28,ALF,0.15905261,17.1,19.95115,70.2796405012046,17.49627469173945,5.0122424020670495
2021-06-28,MXC,0.13757527,9.01,9.9525,0.0,0.0,10.04772670183371
2021-06-28,LENZ,0.1351074,18.5,21.33,0.0,0.556697937349681,4.688232536333802
2021-06-28,ABUS,0.13056386,3.37,3.63705,29.503129122658965,3.1511730383169336,27.49481035454558
2021-06-29,AUUD,0.29202032,5.89,7.6532,75.63083517786531,4.452874998918291,13.06642972874092
2021-06-29,DBGI,0.18032789,5.49,6.2899,31.353472904805876,0.0,15.898503950778231
2021-06-29,UPC,0.10580206,2.93,3.23205,0.0,0.0,30.940115406630465
2021-06-30,BLIN,0.43657804,3.39,6.43,2.220446049250313e-12,27.13925586714879,15.552099533437016
2021-06-30,IRD,0.40421057,4.75,6.16995,90.48593187628823,20.40407169729988,16.207586771367676
2021-06-30,ASTS,0.27326155,10.21,13.38105,93.62480963148967,24.28578822390867,7.473255088352558
2021-06-30,SLS,0.144606,13.07,13.42545,62.23314147632159,4.666873827803799,7.448539899966109
2021-07-01,SCNX,1.0227604,4.42,8.370000000000001,64.84187004648649,21.86732932987403,11.94743130227001
2021-07-01,BLIN,0.42790687,4.3,6.1765,32.011303685846045,29.165623168453454,16.19039909333765
2021-07-01,WNW,0.3015151,6.6,8.545,0.0,16.57327514357054,11.702750146284377
2021-07-01,SPRO,0.19269335,13.96,15.85715,0.0,0.9405630693891431,6.306303465629069
2021-07-01,HURA,0.11013222,2.27,2.55,59.047453069493265,2.2033362427889194,39.21568627450981
2021-07-02,WAVE,1.1898618,10.85,25.52,174.62243626057878,29.016716958691678,3.918495297805643
2021-07-02,TATT,0.6540084,5.925,9.254999999999999,73.78444064224502,27.184191449738346,10.804970286331713
2021-07-02,AIFA,0.10267854,2.24,2.54995,25.65275198334901,0.0,39.21645522461225
2021-07-06,NXPL,0.6452205,5.44,8.592500000000001,101.47124433512957,58.67014229759747,11.638056444573754
2021-07-06,BLIN,0.5551839,8.97,12.77,90.60015387387995,26.80568911602239,7.830853563038372
2021-07-06,LRMR,0.13663292,9.89,11.4048,0.0,0.0,8.768237934904601
2021-07-06,OCGN,0.13580239,7.29,8.0771,6.077753275472339,7.300912822658387,12.380681185078803
2021-07-07,DTST,0.7283951,7.29,11.875,57.974394644878856,13.551207839184126,8.421052631578947
2021-07-08,DBGI,0.45161295,5.27,7.0211500000000004,82.69799239508778,23.236462082021767,14.242681042279397
2021-07-08,UONE,0.13642383,7.55,9.3428,0.0,19.125233506222806,10.703429378772958
2021-07-08,GAME,0.13513517,11.1,11.875,0.0,2.487009871565097,8.421052631578947
2021-07-09,AVX,0.5588937,4.61,7.09365,85.39070026661877,14.128480085275982,14.09711502541005
2021-07-09,GALT,0.43478262,2.76,3.86335,53.00092813921888,15.872784385760701,25.884271422470135
2021-07-09,HIND,0.16306484,5.09,5.5265,30.825547748745805,21.367980757450983,18.094634940740068
2021-07-09,RCON,0.12244892,3.43,3.7706999999999997,1.8368393024299443,0.0,26.52027475004641
2021-07-09,XYF,0.12141657,12.49,13.19095,0.0,0.0,7.58095512453614
2021-07-12,TPST,1.3477981,15.67,34.0,113.05609068635702,52.03682654567491,2.9411764705882355
2021-07-12,SBET,0.7257384,4.74,7.6425,90.84248976620837,21.688871808091914,13.084723585214261
2021-07-12,AEHL,0.26426423,3.33,4.34,44.285442850605534,14.393763299913493,23.041474654377883
2021-07-12,ATEC,0.13851595,14.15,15.99,0.0,0.0,6.253908692933083
2021-07-13,NXPL,0.84257877,6.67,12.6525,167.17565384399325,43.43187684993378,7.903576368306659
2021-07-13,BLIN,0.4242928,6.01,8.90505,91.85542580939902,16.09911946522441,11.229583214019012
2021-07-13,CLNN,0.30548322,13.04,15.09245,96.00552382639724,0.0,6.625829471026904
2021-07-13,BAOS,0.26916146,4.05,4.69495,47.27845212059023,10.569644890772441,21.29948135762894
2021-07-13,TONX,0.116279125,2.15,2.40505,46.523441411406424,23.397641515085688,41.579177148084234
2021-07-14,DTSS,1.1399317,2.93,5.601,89.95351611694801,31.106307477393806,17.85395465095519
2021-07-14,OXBR,0.30447757,3.35,4.30985,21.65268897129379,5.362082868457476,23.202663665788833
2021-07-14,JZXN,0.29511678,4.71,5.6385,41.905462973631025,8.168810592123315,17.735213265939525
2021-07-14,TROO,0.24811268,9.59,14.55,47.50174449848146,33.663631050438624,6.8728522336769755
2021-07-14,YHGJ,0.14559388,2.61,3.0,10.058967040735682,0.0,33.333333333333336
2021-07-15,DTSS,0.3994975,3.98,4.8279499999999995,62.002747537134766,19.988122317734774,20.71272486251929
2021-07-15,TONX,0.22891569,2.49,3.16,43.55419371471111,42.788798268159944,31.645569620253163
2021-07-15,ARLO,0.17085433,5.97,6.56325,12.218754720758756,0.0,15.236353940502038
2021-07-15,BLIN,0.11707318,6.15,6.985250000000001,60.04557788564114,4.724392083379085,14.315879889767723
2021-07-16,TROO,0.24865341,11.14,11.907499999999999,56.80323485533697,14.53564482001139,8.398068444257822
2021-07-16,SOGP,0.15312183,5.55,6.105,44.72414489174867,0.5033260017335845,16.38001638001638
2021-07-16,AEHR,0.12811399,2.81,3.31955,0.1694201950216741,17.75148288801808,30.124565076591708
2021-07-19,NRXP,0.46713614,8.52,11.29,69.99150699848552,40.334200320718054,8.857395925597874
2021-07-19,CYTK,0.4513781,19.23,29.605,27.782976932609095,10.512853409307962,3.377807802736024
2021-07-19,AEHR,0.44999993,3.4,4.5341000000000005,82.84114574859527,18.388051945540163,22.05509362387243
2021-07-19,OXBR,0.11764705,3.57,3.6954000000000002,26.26754401429396,0.0013837566932893616,27.060670022189747
2021-07-20,IMNM,0.45733178,16.64,21.401449999999997,54.37148903992491,26.16723554348284,4.672580596174559
2021-07-20,MTVA,0.44680858,2.82,3.9899500000000003,29.508900578574345,16.115719858620093,25.06297071391872
2021-07-20,SLI,0.14947367,4.75,5.37,0.0,0.0,18.6219739292365
2021-07-20,AEHR,0.114241004,6.39,6.21,78.72989616336692,6.52922121752919,16.10305958132045
2021-07-20,TAL,0.10962558,18.7,19.7275,26.351096932915574,2.063646831895965,5.069066024584971
2021-07-21,PRFX,0.27301586,3.15,3.68,0.0,0.0,27.173913043478258
2021-07-21,NUWE,0.114427805,4.02,4.55,0.0,0.0,21.978021978021978
2021-07-22,PRFX,0.5159236,3.14,5.765000000000001,2.220446049250313e-12,28.30721651828659,17.346053772766695
2021-07-22,FFAI,0.22206092,13.78,15.114999999999998,0.0,0.0,6.615944426066822
2021-07-22,DVLT,0.21867323,4.07,5.905,99.68820636148425,41.41904274421247,16.93480101608806
2021-07-22,NRXP,0.15430272,10.11,11.52,48.25112445710324,54.09717990722623,8.680555555555555
2021-07-22,SOS,0.15384614,2.73,2.79495,21.856991357021297,14.521873789285817,35.77881536342332
2021-07-23,SCKT,1.4655173,5.8,11.35515,107.03660258676,33.299809838583684,8.806576751518033
2021-07-23,ALZN,0.41811848,5.74,7.16575,108.81701489465517,22.662978503296852,13.955273348916721
2021-07-23,NRXP,0.22796357,16.45,18.617600000000003,56.64485029084272,37.601493394505965,5.37126160192506
2021-07-23,UPC,0.17493474,3.83,3.54225,0.0,0.0,28.230644364457618
2021-07-23,KRSA,0.111111164,3.6,3.8975,51.55374474655221,0.0,25.657472738935216
2021-07-26,XBIO,0.30555558,2.52,3.3575,171.49588194025077,33.96922564472621,29.784065524944154
2021-07-26,FEED,0.27969348,2.61,2.79,102.96745500383797,51.15126219703315,35.842293906810035
2021-07-26,BTBT,0.15404248,4.23,5.265,39.26563467325298,30.50777514966948,18.99335232668566
2021-07-26,KEEL,0.14893615,3.29,3.81005,15.256944381701436,2.3074113698447536,26.24637471949187
2021-07-26,SOS,0.14516127,2.48,2.685,9.793430259015308,21.269685852834492,37.243947858473
2021-07-27,KPRX,1.0480769,3.12,5.2745,56.88146899814107,51.67022010639077,18.95914304673429
2021-07-27,NXPL,0.20173907,5.75,6.845,45.174949760514664,0.0,14.609203798392988
2021-07-27,ZSTK,0.18141592,4.52,4.86305,113.1987365769778,3.5049211190771477,20.563226781546557
2021-07-28,UPXI,0.3161291,4.65,6.25995,108.09024894197185,20.17023688919347,15.974568486968746
2021-07-28,BTBT,0.27334464,5.89,7.37425,2.631523181738936,22.353073281789406,13.560701088246262
2021-07-28,TAL,0.13430119,5.51,6.1475,66.72447398904075,8.513415964370925,16.26677511183408
2021-07-28,TLRY,0.120974064,12.73,15.3825,33.2740262430596,7.153325110644146,6.5008938729075245
2021-07-28,YMM,0.1148926,8.7,9.75,8.668424365748061,1.886286513279087,10.256410256410257
2021-07-29,HAPN,0.3753847,16.25,23.3,28.91051268308482,4.975636484085149,4.291845493562231
2021-07-29,BON,0.14796746,12.3,14.1719,0.0,0.0,7.05621687988202
2021-07-29,DAO,0.13665259,9.44,10.094999999999999,28.131388926641097,0.0,9.905894006934126
2021-07-29,ZSTK,0.11850059,8.27,8.0826,76.50456715960854,3.7582030449667285,12.37225645213174
2021-07-30,TAOP,0.26397514,3.22,3.8295000000000003,38.21189820384962,0.45470067946059434,26.113069591330458
2021-07-30,BELFB,0.1555556,12.14,14.1199,7.231660065671034,0.0,7.082203131750225
2021-08-02,AUTL,0.22744358,5.32,6.17495,39.36411340158451,9.649841417337534,16.194463113061644
2021-08-02,DLPN,0.22704077,7.84,9.1675,17.79926705134252,11.712289526019381,10.9080992637033
2021-08-02,AVX,0.2012012,3.33,3.7798499999999997,25.099836297672258,0.004202410684609059,26.45607629932405
2021-08-02,RANI,0.113636374,11.0,11.010200000000001,0.0,0.0,9.082487148280684
2021-08-02,KEEL,0.10023868,4.19,4.627,12.651836903672388,2.17186597640154,21.61227577263886
2021-08-03,OTLK,0.3340708,2.26,2.9810499999999998,55.22391277776256,21.924259378228093,33.54522735277838
2021-08-03,HLIT,0.11226845,8.64,9.997499999999999,20.148718206101353,0.9264103052809889,10.00250062515629
2021-08-04,BYSI,1.9179647,9.63,23.005,194.59419394744887,56.26836274094108,4.346881112801565
2021-08-04,CERS,0.14035082,5.13,6.18,27.703415546545205,1.2455487423619815,16.181229773462785
2021-08-04,RNA,0.122727156,19.03,19.9,0.0,0.0,5.025125628140704
2021-08-05,ENSC,0.37163818,4.09,5.355,28.56794029540476,10.199178494977104,18.674136321195142
2021-08-05,SSYS,0.18121827,19.7,22.125,15.866054926333705,0.0,4.519774011299435
2021-08-05,MVIS,0.14648116,12.22,14.125900000000001,53.356672529969686,8.459968398298823,7.079194953949836
2021-08-05,QNST,0.14253402,17.68,19.76,0.0,0.0,5.060728744939271
2021-08-05,CTRM,0.123780966,2.02,2.3725,59.196298302896054,22.883295408166866,42.14963119072708
2021-08-06,ANY,0.5552325,3.44,4.9247,73.093589710454,30.799757039209688,20.305805429772374
2021-08-06,MVST,0.15568292,10.47,11.74,17.725315660567297,12.142780631528643,8.517887563884157
2021-08-06,PRTS,0.1456368,16.96,20.02,18.38105363389658,0.0,4.9950049950049955
2021-08-06,WPRT,0.12787724,3.91,4.51,39.0714983286582,6.191505237506068,22.172949002217297
2021-08-06,AUPH,0.1255337,11.71,13.28,3.826661204000402,2.747069472852423,7.530120481927711
2021-08-09,ANY,0.17489707,4.86,5.4375,62.869367899829406,27.296862623729076,18.39080459770115
2021-08-09,FTFT,0.17182136,2.91,3.3354999999999997,0.0,9.087259235655159,29.980512666766604
2021-08-09,RSI,0.14440441,11.08,12.370000000000001,1.6534607917352084,0.0,8.084074373484235
2021-08-09,KEEL,0.14117646,5.95,6.960050000000001,9.556073061030839,6.403777496036506,14.367712875625893
2021-08-09,HUT,0.13175678,5.92,6.504899999999999,35.4967197975189,2.6578523342020817,15.37302648772464
2021-08-10,FULC,0.5858344,8.33,12.34495,27.78800407294466,41.68119451440684,8.100478333245578
2021-08-10,LU,0.15323305,7.48,8.2275,23.80871113396799,7.251353931126592,12.154360376785172
2021-08-10,MYO,0.1503185,7.85,8.85,0.0,0.0,11.299435028248588
2021-08-10,ORGO,0.13292861,14.82,15.76,24.292682311559968,0.0,6.345177664974619
2021-08-10,KXIN,0.10996568,2.91,3.16845,0.0,13.07740676905835,31.561173444428665
2021-08-11,FULC,0.25998926,18.77,23.187,51.45920970426234,22.016475583052074,4.312761461163583
2021-08-11,GTIM,0.22666669,4.5,5.41005,63.244513279938644,0.0,18.484117522019204
2021-08-11,CURI,0.18118584,10.37,12.4375,17.179461432292683,0.0,8.040201005025125
2021-08-11,ORIO,0.15151525,5.94,6.895,54.98039821860839,0.0,14.503263234227703
2021-08-11,PDFS,0.14331901,18.56,20.965,0.0,0.0,4.769854519437157
2021-08-12,PRHI,0.21126771,2.84,3.46475,55.155646595052026,0.0,28.86211126343892
2021-08-12,XBIO,0.1790123,3.24,4.062150000000001,1.1125074100487453,17.92023419925327,24.617505508166854
2021-08-12,OPEN,0.17172408,14.5,16.5336,8.873324260378025,3.6774518140098302,6.048289543717037
2021-08-12,CLOV,0.17097175,8.13,9.11835,17.623910430445672,8.298890275258955,10.966896423146732
2021-08-12,HIMS,0.14663148,7.57,8.81,45.6966893836773,2.8820181176857522,11.350737797956867
2021-08-16,TVTX,0.33139157,15.45,19.29345,60.89744141020193,13.649104073778469,5.183106183704832
2021-08-16,FEED,0.26190472,2.52,3.3425000000000002,88.52006120791803,30.714274737904912,29.917726252804783
2021-08-16,ENLV,0.1716814,10.17,12.3072,66.68865966493946,17.985913394037706,8.12532501300052
2021-08-17,BON,0.2840352,10.21,12.15505,29.147622959727585,0.0,8.227033208419547
2021-08-17,PWCM,0.19978261,4.6,5.2725,35.55339725564794,5.962605561776275,18.96633475580844
2021-08-17,JOBY,0.15230465,9.98,10.63925,22.128088515258234,2.9994874546258616,9.399158775289612
2021-08-18,PMCB,0.84210527,3.42,7.88,259.8598202308847,56.123278610783835,12.690355329949238
2021-08-18,KULR,0.112745166,2.04,2.19,0.0,0.0,45.662100456621005
2021-08-20,GOVX,0.72790694,4.3,6.77,79.09289411177363,25.887137974717998,14.771048744460858
2021-08-20,EDVA,0.122807026,2.85,2.76965,0.0,0.0,36.10564511761414
2021-08-20,QFIN,0.10610938,16.9,19.335,0.6460525647969627,3.897092155587791,5.17196793379881
2021-08-23,VVOS,0.6979166,3.84,6.09995,112.17776135408101,26.03537916967253,16.393576996532758
2021-08-23,XERS,0.27272725,2.2,2.77,66.16079384139707,22.08521390751885,36.101083032490976
2021-08-23,XOS,0.11125827,7.55,8.1175,0.0,0.0,12.319063751154912
2021-08-23,STTK,0.10275686,19.95,22.025,1.3089350233611852,0.0,4.540295119182747
2021-08-23,FINV,0.10206783,5.78,6.23,4.194537954218333,0.0,16.051364365971107
2021-08-24,TVRD,0.21078432,14.28,16.345,32.414593397361415,6.415382401792318,6.11807892321811
2021-08-25,CPOP,0.13842487,4.19,4.4775,27.3530045063168,0.0,22.33389168062535
2021-08-25,SNTG,0.12295079,6.1,6.805,61.75564515118967,0.0,14.695077149155034
2021-08-26,NRXP,0.16111529,12.91,14.23995,29.8162255431674,1.1237577995031158,7.022496567754803
2021-08-26,UUU,0.1357956,6.77,7.693350000000001,26.956177610926897,0.0,12.998238738650912
2021-08-26,BBW,0.104477644,16.85,18.5,42.81013792980496,0.0,5.405405405405405
2021-08-27,PRFX,0.21908128,2.83,3.2366,39.23103617708404,0.0,30.89661990978187
2021-08-27,MI,0.16972482,10.9,12.484950000000001,68.02397737255602,13.474286217255102,8.009643610907531
2021-08-27,RNXT,0.13820934,7.26,8.198599999999999,22.840430362287798,0.0,12.19720440075135
2021-08-27,SBET,0.12704241,5.59,6.14,43.06972741678133,7.406576190566089,16.286644951140065
2021-08-30,ATER,0.46052635,6.08,7.99125,19.729979853182574,23.01786596567826,12.513686844986704
2021-08-30,ROOT,0.23749995,6.4,7.4399999999999995,53.24644475615303,11.162208284681578,13.440860215053764
2021-08-30,KPLT,0.19613254,3.62,4.226800000000001,24.948862844755705,10.576591502050437,23.658559666887477
2021-08-30,BLIN,0.1954732,4.86,5.4056,79.24949790611737,5.158861792746263,18.499334023975138
2021-08-30,RANI,0.12879002,20.0,19.76,0.0,0.0,5.060728744939271
2021-08-31,ACIU,0.71816885,6.99,11.7,103.28254899584367,11.228134913331797,8.547008547008547
2021-08-31,CHAI,0.29629636,3.78,4.6491,63.45570879006507,0.0,21.509539480759717
2021-08-31,SPOK,0.1911422,7.85,9.55,49.6319694690566,0.0,10.471204188481675
2021-08-31,PALI,0.13186812,2.73,2.9368499999999997,52.02835329955007,0.0,34.05008767897578
2021-09-01,ABVC,0.39999998,2.9,4.25,116.58994104326,11.278295112579775,23.529411764705884
2021-09-01,FCUV,0.21961033,5.1,6.175000000000001,0.0,73.71017090947963,16.194331983805665
2021-09-01,FIRY,0.15972817,11.77,13.217500000000001,15.056591122318155,4.585217766085814,7.565727255532438
2021-09-01,SLI,0.11434114,5.16,5.96,18.052118763179067,0.0,16.778523489932887
2021-09-02,INCR,0.11851847,6.75,7.2704,0.0,0.0,13.754401408450704
2021-09-02,GSM,0.11448741,9.08,10.7503,15.728504888339975,3.9875083968885825,9.302065988856125
2021-09-02,FCUV,0.110996604,19.28,21.85495,85.94181038054884,33.16165902837491,4.575622456239891
2021-09-03,QNRX,0.6127273,5.5,8.19985,31.049279967433808,18.62438835875733,12.195345036799454
2021-09-03,FTFT,0.13565886,2.58,3.0043,77.34792220712693,20.72022297865722,33.28562393902074
2021-09-03,ENVB,0.11764705,2.21,2.4104,16.679298797784348,23.266836338373224,41.4868901427149
2021-09-03,OLB,0.10020447,4.89,5.68,35.22683105495765,7.77682220365885,17.605633802816904
2021-09-07,RNXT,0.41191387,7.89,10.225000000000001,8.581512082519934,9.724348531257663,9.779951100244498
2021-09-07,OPAD,0.16859794,8.63,11.04465,0.0,2.3371735810062475,9.05415744274377
2021-09-07,PLRX,0.13871634,19.32,22.862499999999997,1.368970566502121,0.0,4.373974849644615
2021-09-07,RKLB,0.110946774,13.52,14.69375,20.17525929763194,6.27731771343086,6.8056146320714594
2021-09-07,ARQQ,0.10778439,8.35,9.0667,0.0,26.81458563707447,11.029371215547
2021-09-08,ARQQ,0.23982298,11.3,15.725,0.0,34.54157195781835,6.359300476947536
2021-09-08,AEI,0.11250007,2.4,2.6351500000000003,64.79891013629211,21.674128982646454,37.94850388023452
2021-09-09,GROY,0.23298562,4.12,5.02,29.097951113391478,5.943454038683351,19.9203187250996
2021-09-09,CURV,0.1879741,18.46,22.9375,39.727599130395724,6.493238390260891,4.359673024523161
2021-09-09,CRDF,0.13724816,7.05,8.1403,59.23234104929912,0.0,12.284559537117797
2021-09-10,ABUS,0.16279078,3.87,4.237500000000001,11.476464625417234,8.012575452432591,23.598820058997045
2021-09-10,SOS,0.13953483,2.58,2.9899,13.439805738123056,23.12016341838267,33.4459346466437
2021-09-10,SY,0.1137774,5.19,5.43,46.0688967625489,0.0,18.41620626151013
2021-09-10,KPLT,0.10317457,6.3,6.99,14.396601326995286,9.526100392872255,14.30615164520744
2021-09-13,MEC,0.24353445,13.92,17.05,22.832178147178507,0.0,5.865102639296188
2021-09-13,ATER,0.21186435,11.8,15.64125,11.024050390971821,24.937327080021646,6.39335091504835
2021-09-13,GGAL,0.1568842,10.56,12.19,8.01839197881222,0.0,8.203445447087777
2021-09-13,SUPV,0.117351174,2.47,2.77,0.0,0.0,36.101083032490976
2021-09-13,BMA,0.11723602,18.29,20.561999999999998,2.879765402467087,0.0,4.863340142009533
2021-09-14,ATYR,0.34535527,9.15,11.945,44.51447272945924,29.237046680773748,8.371703641691084
2021-09-14,SUNE,0.2150222,6.79,8.094999999999999,32.20151797278023,30.896916965710812,12.353304508956148
2021-09-14,KPLT,0.10650885,6.76,7.133800000000001,1.8455521496718497,14.64557215050152,14.017774538114327
2021-09-14,FCEL,0.10320282,5.62,6.5875,7.615113846219491,9.16718440405238,15.180265654648956
2021-09-15,INDP,0.6760961,7.07,14.1625,42.45901802151214,71.87523089795626,7.06090026478376
2021-09-15,IPHA,0.11151743,5.47,5.82,0.0,0.0,17.18213058419244
2021-09-16,OPAD,0.35135138,12.58,14.6584,83.02213319275316,30.822424967602995,6.822026960650549
2021-09-16,TMC,0.29900002,10.0,12.905100000000001,28.58738131170608,22.005835860069762,7.748874475982363
2021-09-16,SPIR,0.24282789,9.76,11.2875,0.0,0.0,8.859357696566999
2021-09-16,INDP,0.22325587,10.75,12.8799,92.30141548028313,30.42527878373636,7.764035435057726
2021-09-16,PMCB,0.14371264,3.34,3.65,63.71236714837645,7.995455190404383,27.397260273972602
2021-09-17,CRVS,0.6769911,2.26,3.725,74.11520340694518,26.03133508365888,26.845637583892618
2021-09-17,IPHA,0.32173908,5.75,10.095,2.220446049250313e-12,28.844237339588297,9.905894006934124
2021-09-17,ABCL,0.14292932,19.8,21.014499999999998,0.0,0.6044848412100662,4.7586190487520525
2021-09-20,VSTM,0.20289862,2.76,3.35565,36.216992196922135,10.214546498017905,29.800485747917694
2021-09-21,SPIR,0.10965252,12.95,15.01,25.324509970445753,26.133823016531448,6.662225183211192
2021-09-22,AEMD,0.28421056,3.8,5.01995,92.09410666850984,17.40319503707755,19.920517136624866
2021-09-22,ATER,0.12923074,13.0,15.04255,42.70781265779348,6.646107722563119,6.6478090483328955
2021-09-22,XPOF,0.104448676,10.34,11.41,0.0,0.0,8.76424189307625
2021-09-23,MRM,1.0834744,7.3891,16.376600000000003,94.07343757448324,36.540630027281416,6.1062735854817225
2021-09-23,JSPR,0.33333325,10.23,13.67595,49.21274384596685,0.0,7.312106288777014
2021-09-23,DBGI,0.19341564,2.43,2.856,10.540346227256963,0.0,35.0140056022409
2021-09-24,AEHR,0.18845499,11.78,15.02895,64.13533071656722,18.51330689755031,6.653824784831941
2021-09-24,CAPR,0.16135454,5.02,5.5046,1.7585058277752084,9.814897084236762,18.166624277876686
2021-09-24,IMRN,0.13012052,4.15,4.70005,31.1650494370191,0.0,21.276369400325528
2021-09-27,RCAT,0.5708332,2.4,3.9341999999999997,93.7881187912549,40.67501964403501,25.418128209038688
2021-09-27,QNRX,0.40611815,18.96,25.292099999999998,61.393701779290446,0.5867209934163731,3.95380375690433
2021-09-27,IPM,0.25187027,4.01,4.8149999999999995,29.01257453627912,28.685670241781917,20.768431983385256
2021-09-28,DBGI,0.62033904,2.95,4.34085,49.18648412589895,22.224363716318503,23.03696280682355
2021-09-28,GOGO,0.1382978,12.22,14.54,39.97395224980721,8.985730120426643,6.87757909215956
2021-09-28,FEIM,0.13715649,9.55,10.71,14.950668458897361,0.0,9.337068160597571
2021-09-29,GOVX,0.16507173,4.18,4.8104499999999994,58.731542126109346,1.2840158692341823,20.78807595962956
2021-09-29,FBIO,0.1205883,3.4,3.6144,37.20410127340114,1.1335075980457812,27.667109340416115
2021-09-29,PRQR,0.10455561,8.1,8.75755,22.992474658148108,0.0,11.418718705574047
2021-09-30,IPM,0.351609,8.39,11.0812,30.48949853164851,37.652553230405054,9.02429339782695
2021-09-30,BLIN,0.15885413,3.84,4.2195,58.5332887983437,0.0030035167164719524,23.69949046095509
2021-09-30,AMTX,0.13480401,16.32,18.05355,34.85490447397333,2.979886309306274,5.539076802069399
2021-09-30,MYSE,0.108275294,12.93,13.4946,13.550578598944414,12.578905774796784,7.410371556029819
2021-10-01,IPM,0.17880797,10.57,12.195,65.60906918894922,31.138749405993238,8.200082000820007
2021-10-01,KEEL,0.11058819,4.25,4.6765,15.606487954031126,7.889829148132173,21.383513311237035
2021-10-04,XENE,0.69935894,15.6,27.0531,91.77098129460657,24.002756657966856,3.6964340500718955
2021-10-04,JSPR,0.24465811,9.36,11.266449999999999,28.07641845090091,0.0,8.87591033555379
2021-10-04,RDHL,0.22535467,4.37,4.905,30.11700162502838,0.0,20.38735983690112
2021-10-04,WBX,0.12639415,8.07,9.45,0.0,0.0,10.582010582010582
2021-10-05,BSIN,0.1546483,4.72,5.3025,52.04776420856723,0.0,18.85902876001886
2021-10-05,RYM,0.13156474,18.47,21.12775,7.5958532407062895,0.0,4.7331116659369785
2021-10-05,TISI,0.11728394,3.24,3.5725,18.9726894622355,0.0,27.99160251924423
2021-10-05,TAOX,0.10604334,8.77,10.13,1.192150889583244,0.0,9.871668311944719
2021-10-05,WBX,0.103488445,8.6,9.18,2.1765977837808226,0.0,10.893246187363834
2021-10-06,BTBT,0.1458937,10.35,11.807500000000001,33.38356330098902,18.899838044629703,8.469193309337285
2021-10-06,MTVA,0.12727273,2.2,2.25,0.0,0.0,44.44444444444444
2021-10-06,PWCM,0.10112357,4.45,4.645,44.01069952343147,0.0,21.528525296017225
2021-10-08,CCXI,0.8867346,19.6,34.284949999999995,52.54521020078526,20.369605183588,2.916731685477156
2021-10-11,PTGX,0.8681359,18.24,33.275000000000006,47.354275347842886,16.760111176512133,3.0052592036063106
2021-10-11,NXXT,0.12492764,3.4579,4.19,51.88751466588933,14.143716063388808,23.866348448687347
2021-10-11,EMPD,0.10015333,9.13,10.3,53.86170186960236,0.0,9.70873786407767
2021-10-12,GWH,0.51919377,10.42,17.5111,54.3342071042048,34.86280293161964,5.710663521994621
2021-10-12,NTRB,0.4513638,7.4,10.02,37.56275170579859,20.38531101936388,9.980039920159681
2021-10-12,TIPT,0.21163487,10.75,13.6669,37.20424068577923,0.0,7.3169482472250476
2021-10-12,TARA,0.15096295,6.75,7.6327,27.03731382533019,0.0,13.101523707207148
2021-10-12,WWR,0.1031518,3.49,3.74995,7.1194729438427835,0.0,26.667022226963024
2021-10-13,JSPR,0.20804441,7.21,11.86,39.065240944695994,58.40049431636312,8.431703204047217
2021-10-13,AHG,0.1806283,3.82,4.29505,44.148417256901375,0.0,23.282616034737664
2021-10-13,KOSS,0.1803962,19.18,20.884900000000002,58.023427287737924,7.920143896383016,4.788148375141849
2021-10-13,SNTG,0.12741315,2.59,3.09445,36.29395576102824,0.7091006253361017,32.31592043820388
2021-10-13,MYSE,0.12125242,15.01,15.945,48.51889022865404,20.63150533463099,6.271558482282847
2021-10-14,NRXP,0.27436447,9.44,11.58,35.15315955956523,17.301566007422267,8.635578583765112
2021-10-14,DRIO,0.11624622,13.48,15.65495,10.211105221319787,0.0,6.3877559493961975
2021-10-14,OPAD,0.11124849,8.09,8.95,32.13533255501596,7.055065254823401,11.173184357541901
2021-10-14,SLE,0.10537994,3.29,3.5271999999999997,6.8768004064968835,0.0,28.351100022680882
2021-10-15,PWCM,0.42441857,3.44,5.24305,18.77491484422488,18.84169129837467,19.072867891780547
2021-10-15,JSPR,0.3926282,12.48,16.16515,56.34455787604497,16.561409388724332,6.1861473602162675
2021-10-15,SNOA,0.19191921,5.94,6.8068,29.0265140822943,1.0124692049717336,14.691191161779397
2021-10-15,ABVC,0.15040648,2.46,2.9000500000000002,29.89022117566505,0.0,34.48216410061895
2021-10-18,MGTX,0.24089634,14.28,17.314999999999998,64.42817076980816,13.848512695165397,5.775339301183945
2021-10-18,AGRO,0.10081518,8.93,9.77,0.0,0.0,10.235414534288639
2021-10-19,WATT,0.27499998,2.0,2.53005,45.05237572223884,32.28411583396104,39.52491057488982
2021-10-19,OLB,0.19111967,5.18,5.901999999999999,22.94562452007262,0.0012939964302161465,16.943409013893596
2021-10-19,EDSA,0.13824284,7.74,8.445,54.17665369594664,0.0,11.841326228537596
2021-10-20,BON,0.11230314,6.86,7.6362,84.87943886764614,3.4619621783994288,13.095518713496242
2021-10-21,DJT,0.2781124,9.96,13.504999999999999,40.103391064832365,92.38125447978402,7.404664938911515
2021-10-21,AHG,0.16481185,18.87,17.25005,47.2996954610609,27.03830706398465,5.79708464613146
2021-10-22,DJTWW,3.0194864,11.29,65.9225,57.59921942048942,69.85825434611002,1.5169327619553263
2021-10-22,DIBS,0.19572473,14.97,17.18,54.39297679376879,0.0,5.820721769499418
2021-10-22,LTRYW,0.15555549,2.7,3.19935,3.865699459061203,0.0,31.256348945879633
2021-10-22,YHGJ,0.12019229,2.08,2.5099,47.711640256729986,0.0,39.842224789832265
2021-10-25,PHUN,0.3638444,8.74,9.51005,5.803521194138421,19.66731461584629,10.51519182338684
2021-10-25,JSPR,0.19060051,11.49,12.6765,22.252534558561475,0.0,7.888612787441328
2021-10-25,DIBS,0.15151513,15.51,16.2198,35.04949247394831,0.0,6.165304134452953
2021-10-26,ROIV,0.28928983,7.04,8.887450000000001,10.36286121188913,0.0,11.251821388587276
2021-10-26,GRABW,0.28717947,3.9,4.35,0.0,0.0,22.98850574712644
2021-10-26,LIDR,0.20898867,4.45,5.82435,60.294045727389566,12.038572053851638,17.16929786156395
2021-10-26,OCGN,0.1905781,9.34,12.01995,90.41598606501796,4.941257323509134,8.319502160990687
2021-10-26,TIGR,0.18510163,8.86,9.48225,17.67888171638669,2.9434602163046324,10.546020195628675
2021-10-27,PHUN,0.15862072,4.35,4.83,44.33766784516045,16.0506440667646,20.70393374741201
2021-10-28,DBGI,0.7590759,3.03,4.915,21.363850219569333,20.823923630586947,20.34587995930824
2021-10-28,IFRX,0.48251748,2.86,3.89,86.08008429218346,22.100336562372984,25.70694087403599
2021-10-28,MYSE,0.19015968,7.52,8.794599999999999,35.68212616653083,7.55739944324641,11.370613785732155
2021-10-28,CYH,0.15331352,10.11,11.535,10.820235476906655,0.0,8.669267446900736
2021-10-29,ATEN,0.16434121,13.85,17.685,71.42187535319734,0.0,5.654509471303365
2021-10-29,UAVS,0.14339626,2.65,3.0722,47.83176615620925,19.69175207748178,32.54996419503939
2021-10-29,WBX,0.116915464,16.08,17.179949999999998,37.403381902998035,0.0,5.820738709949681
2021-10-29,METC,0.10821259,15.89,18.19,15.425767025908334,0.0,5.497526113249037
2021-11-01,SLDPW,0.19529414,4.25,4.99,0.0,0.0,20.04008016032064
2021-11-01,DBVT,0.118811965,3.03,3.35,0.0,0.0,29.850746268656717
2021-11-02,BRCC,0.4704684,9.82,12.99,65.82819442976775,17.239769966687664,7.698229407236336
2021-11-02,BBLG,0.28649628,5.48,6.115,45.061207423334714,0.0,16.35322976287817
2021-11-02,SABS,0.24531436,8.43,9.719999999999999,18.04232461112938,0.0,10.2880658436214
2021-11-02,UA,0.1534419,19.03,22.0,5.401597526286766,0.0,4.545454545454546
2021-11-02,HLIT,0.10396576,9.33,10.69895,11.66503061056722,0.0,9.346711593193724
2021-11-03,INVE,0.15490091,19.69,22.95,13.229508366203811,0.0,4.357298474945534
2021-11-03,GFAI,0.14798212,2.23,2.5101,11.748619210509574,0.0,39.83905023704235
2021-11-03,OCGN,0.111040235,15.67,15.4525,6.612001254492929,11.087483680260592,6.471444750040447
2021-11-03,CTEV,0.110360265,4.44,5.1175,0.0,5.875126365854047,19.540791402051784
2021-11-04,EVAX,2.583077,6.5,16.4299,71.35215190888808,41.14504426634506,6.086464312016506
2021-11-04,PETZ,0.70464134,2.37,3.6387,134.92935777144106,18.868093402233686,27.482342594882788
2021-11-04,QNST,0.32366085,13.44,16.2552,43.305133331297526,0.0,6.151877553029185
2021-11-04,XRTX,0.26873386,3.87,4.26995,16.80079340151211,31.7594073815494,23.419477979835833
2021-11-04,WBX,0.1405406,18.5,19.585,32.871136904196405,0.0,5.105948429920858
2021-11-05,IHRT,0.13052416,19.46,20.502499999999998,0.0,0.0,4.877453969028168
2021-11-05,GPRO,0.12049544,8.88,9.67,5.758709869007671,1.241805086149851,10.341261633919338
2021-11-05,FNKO,0.11595869,17.42,19.235,0.0,0.0,5.198856251624643
2021-11-05,MNR,0.11563516,18.86,21.03,2.710093993106737,1.3543520695535363,4.75511174512601
2021-11-05,CNTY,0.11236322,13.71,15.102,0.0,0.0,6.621639517944643
2021-11-08,AUTL,0.30035973,5.56,6.9625,22.603980092657867,8.187856623526256,14.362657091561939
2021-11-08,EVGO,0.21292591,9.98,11.77195,30.255480802715063,0.0,8.494769345775339
2021-11-08,BGDE,0.19477439,12.63,13.4575,0.0,0.0,7.4308006687720605
2021-11-08,GOTU,0.1608392,2.86,3.135,16.813685050289866,12.708668915995338,31.89792663476874
2021-11-08,INTT,0.14710367,13.12,15.051400000000001,7.026249306628417,0.0,6.643900235194068
2021-11-09,EVGO,0.3123604,13.43,15.88465,26.682951090645,11.203535884883484,6.295385796980103
2021-11-09,ATER,0.3001604,6.23,7.5,49.821405445439616,8.479983196090553,13.333333333333334
2021-11-09,TDUP,0.23309064,19.22,20.8575,48.55482183222765,0.0,4.794438451396379
2021-11-09,INVZ,0.19198322,4.74,5.2341999999999995,5.086616780510297,2.780074386696018,19.105116350158575
2021-11-09,REAL,0.16618073,13.72,16.384999999999998,30.808339821862763,3.6186509341618667,6.103143118706134
2021-11-10,BEKE,0.10446966,19.79,21.965,2.996691523474752,2.6953416956423673,4.552697473252902
2021-11-11,FOSL,0.31430638,13.84,19.20505,62.22263838816359,7.539400231799457,5.206963793377263
2021-11-11,PPSI,0.21515381,6.79,8.465,58.40573847334694,17.881376731351278,11.813349084465447
2021-11-11,OPEN,0.20645487,19.52,23.323999999999998,35.64829746361691,1.9809073423918162,4.287429257417253
2021-11-11,SBH,0.1571114,18.14,19.915,6.388819484983556,0.0,5.021340697966357
2021-11-11,KRMD,0.13120568,2.82,3.1586,12.472443531278541,0.0,31.65959602355474
2021-11-12,MITQ,0.2185185,2.7,3.2775,21.65694936432637,11.791942649140736,30.511060259344013
2021-11-12,MRAM,0.20972645,6.58,8.495000000000001,48.25202447988602,33.65115744850921,11.771630370806355
2021-11-12,RLX,0.18942416,4.49,5.1899999999999995,8.497338071317696,5.7217678665631295,19.26782273603083
2021-11-12,XPOF,0.17255497,19.53,22.435,44.289832103040084,0.0,4.457321149988857
2021-11-12,SWAG,0.14609051,4.86,5.66485,19.286052688939808,0.0,17.652718077265945
2021-11-15,EYPT,0.37401855,14.01,19.17,74.65458586659243,5.4103158712396935,5.216484089723526
2021-11-15,ABTC,0.20415223,2.89,3.4398999999999997,45.34953624907864,11.932505777004225,29.070612517805753
2021-11-15,UAVS,0.13261652,2.79,2.9525,34.371823893886074,0.0,33.86960203217612
2021-11-15,OXBR,0.10644257,3.57,3.78,25.294552107189954,0.0,26.455026455026456
2021-11-15,JSPR,0.103773475,8.48,9.18,0.0,0.0,10.893246187363834
2021-11-16,RXT,0.13142085,14.99,17.605,25.66765734869292,0.0,5.680204487361545
2021-11-16,LTRYW,0.12179494,3.12,3.14995,2.666938520417578,0.0,31.74653565929618
2021-11-17,BTLN,0.18949223,16.94,18.765099999999997,50.90266094327968,0.0,5.329041678434968
2021-11-17,APWC,0.15298498,2.68,3.033,34.6036236814622,0.0,32.97065611605671
2021-11-17,BRTX,0.1406492,6.47,7.115,0.0,0.0,14.054813773717498
2021-11-18,KTTA,0.21848738,2.38,2.67995,63.28747002849955,0.0,37.314128994943935
2021-11-18,CRDF,0.15296376,5.23,5.92365,52.76535370296852,3.365909391524748,16.881483544773914
2021-11-19,LGVN,0.7190684,6.87,11.789950000000001,13.785088201774586,26.042639417632763,8.481800177269623
2021-11-19,UWMC,0.21185982,5.52,6.825699999999999,26.367840933157435,7.1338299493516715,14.650512035395638
2021-11-19,TUSK,0.15384614,2.21,2.53185,0.0,6.0312123769468,39.496810632541425
2021-11-19,CNTX,0.12134826,4.45,5.3134,19.132097067244807,0.0,18.820341024579367
2021-11-19,PHUN,0.10764873,3.53,3.94015,33.66589384679974,14.024093569066146,25.37974442597363
2021-11-22,VG,0.24799514,16.37,20.41,5.901423896895108,2.7653229313470984,4.899559039686428
2021-11-22,PRFX,0.14410484,2.29,2.435,23.353429351776764,7.402331641456589,41.067761806981515
2021-11-22,SY,0.13643134,4.32,4.692500000000001,0.0,3.034518216980304,21.31060202450719
2021-11-22,BSAC,0.10508466,17.98,19.715,0.0,0.0,5.07227998985544
2021-11-23,ISPC,0.8967905,8.88,14.905000000000001,154.9434486106131,60.917751921685294,6.709158000670915
2021-11-23,APVO,0.4675926,6.48,9.842099999999999,98.52192717919802,50.42858007433895,10.160433240873392
2021-11-23,SPRU,0.15301728,4.64,5.9046,0.0,4.22950444586017,16.935948243742168
2021-11-23,RLX,0.12637019,4.91,5.671,5.326057429802394,7.953901502756674,17.63357432551578
2021-11-24,GAME,0.19182384,3.18,3.6052,43.81444716680899,17.055801500812766,27.73771219349828
2021-11-24,QTEX,0.13636363,2.86,3.17185,6.597153655803807,0.0,31.527342087425318
2021-11-24,LOCL,0.12495196,8.0092,9.1775,0.0,0.0,10.896213565785889
2021-11-24,ORMP,0.114840984,18.21,21.415,60.73672069272896,0.0,4.669624095260332
2021-11-24,SLI,0.11264372,8.7,9.48,0.0,12.929308376470907,10.548523206751055
2021-11-26,ISPC,0.79509807,10.2,18.59005,84.06760341995258,32.207974552396074,5.3792216804150605
2021-11-26,BFRI,0.37931037,5.22,7.0075,110.10904248468725,20.52167267850397,14.270424545130217
2021-11-26,GOVX,0.23195875,3.88,4.5562000000000005,12.205977603202177,0.0,21.948114656950967
2021-11-26,IVVD,0.1745863,18.73,24.6875,47.096577561212236,4.516879210204584,4.050632911392405
2021-11-26,SABS,0.103370786,8.9,10.235,0.05510416335810485,0.0,9.770395701025892
2021-11-29,NRXP,0.4962963,6.75,9.563500000000001,93.53118747163079,23.584601821463313,10.456422857740366
2021-11-29,CMPX,0.16149068,3.22,3.384,2.0662943142099754,0.0,29.55082742316785
2021-11-29,QTEX,0.13333333,3.3,3.5900499999999997,69.3936519869073,0.0,27.854765253965823
2021-11-29,FRMM,0.10905731,5.41,6.03,42.7260368518827,0.07162667320746306,16.58374792703151
2021-11-29,ATEC,0.106906295,10.57,10.92,0.0,0.0,9.157509157509157
2021-11-30,CPIX,0.8773042,2.2,4.445,69.04922513591326,35.357318826958824,22.497187851518557
2021-11-30,PPSI,0.416705,7.63,10.71,54.540667743090616,26.45651459547155,9.337068160597571
2021-11-30,LITS,0.15107727,2.45,2.905,27.018100488754424,11.99633485250678,34.42340791738383
2021-11-30,MDXH,0.10509217,9.23,9.55,0.0,0.0,10.471204188481675
2021-11-30,CNTX,0.10215056,5.58,6.375,0.0,0.0,15.686274509803921
2021-12-01,SVRN,0.9501916,5.22,9.1261,50.129865108489895,19.98433503731824,10.957583195450413
2021-12-01,ABUS,0.59375,3.2,4.425,78.71014644294752,39.941567950374996,22.598870056497177
2021-12-01,CNTX,0.17296505,6.88,7.942500000000001,97.61045086979104,28.23490174863503,12.590494176896442
2021-12-01,BBW,0.13834262,17.06,19.8675,49.03525840865734,12.665723150421831,5.033345916698125
2021-12-01,ROIV,0.13423824,6.63,7.3,0.0,33.3568308558171,13.698630136986301
2021-12-02,OMER,0.22287393,6.82,7.7425999999999995,54.952136847163565,7.464245925500378,12.915558081264692
2021-12-02,GRAB,0.18574023,11.01,11.92,4.549499459189534,17.415566590072245,8.389261744966444
2021-12-02,PHUN,0.1415385,3.25,3.61,70.9346209590799,16.666798959410514,27.70083102493075
2021-12-02,RLX,0.109371066,4.11,4.44255,4.46010035131883,13.317466277945519,22.509594714747163
2021-12-03,LGVN,0.36833334,18.0,23.845,88.33896554295791,26.034622652662303,4.193751310547285
2021-12-03,BZFD,0.12714434,9.91,10.309999999999999,0.0,0.0,9.699321047526674
2021-12-03,ISPC,0.11163151,12.81,14.288599999999999,41.169126169409466,31.261246080981852,6.998586285570315
2021-12-03,PRCH,0.1051805,19.11,18.35,0.0,0.0,5.449591280653951
2021-12-06,TACO,0.6466826,7.53,12.395,8.067769261799198,4.0008001600335765,8.067769261799112
2021-12-06,ACET,0.39285707,9.8,12.907499999999999,77.98474308346867,33.41895508602616,7.747433662599264
2021-12-06,RUMBW,0.37023532,3.4,4.2075,50.213842950777135,3.027800201144015,23.767082590612006
2021-12-06,RUM,0.22352946,11.9,13.69005,29.17076034993267,25.804616089990265,7.304575220689479
2021-12-06,DJTWW,0.18963432,15.1307,16.009999999999998,20.822510574165573,0.0,6.2460961898813245
2021-12-07,GEVO,0.21359217,5.15,5.77775,51.863744330281904,7.051931649283902,17.30777551815153
2021-12-07,DJTWW,0.13469982,13.66,14.8886,0.0,0.0,6.71654823153285
2021-12-07,BJDX,0.12840462,2.57,2.76,53.66504706157284,5.453394929039625,36.231884057971016
2021-12-07,JMIA,0.12466121,11.07,13.151900000000001,18.36804839093327,7.704149662664189,7.6034641382613914
2021-12-07,ACAD,0.12391758,19.4,20.22,11.122788132801507,0.0,4.945598417408506
2021-12-08,TULP,0.2331407,10.38,12.96,29.049755066190993,51.23335521891115,7.716049382716049
2021-12-08,DARE,0.14532602,2.122,2.3525,0.0,27.672774203838323,42.507970244420825
2021-12-08,RLX,0.10742247,3.91,4.3575,18.52545379840924,12.179097292345935,22.948938611589213
2021-12-09,QTEX,1.2527881,2.69,5.4472000000000005,71.95780642874985,41.11900290699975,18.358055514759876
2021-12-09,ENSC,0.81543624,2.98,5.232,46.908146575332864,40.7179464931,19.1131498470948
2021-12-09,CHAI,0.21495318,4.28,4.8149999999999995,35.9822872970117,6.6070356617301815,20.768431983385256
2021-12-09,APRE,0.13616502,4.12,4.5390999999999995,12.863418740692882,0.15509208865242063,22.030799057081804
2021-12-09,EVGO,0.12366474,12.17,13.1875,25.54302826452241,1.9122590600746432,7.5829383886255926
2021-12-10,CNTX,0.18210864,6.26,6.766500000000001,34.476746265414114,16.154893288825356,14.778689130274143
2021-12-10,EFOI,0.16430604,3.53,3.7325,42.899122516670474,7.44256670179847,26.79169457468185
2021-12-10,WEAV,0.13367808,13.54,14.77,3.6105767413369523,0.0,6.7704807041299935
2021-12-10,CXM,0.10954845,13.51,15.54,34.30512948010451,0.0,6.435006435006436
2021-12-10,NU,0.10842204,10.33,10.34465,5.927273318172986,14.159023891790254,9.666832613959873
2021-12-13,FHTX,0.51042545,11.99,17.695,61.228418364405535,22.504808801439403,5.651313930488839
2021-12-13,BFRI,0.23836124,5.37,6.0826,0.0,37.07009698427123,16.440338013349553
2021-12-13,CCO,0.12459016,3.05,3.365,3.6219621285920875,0.0,29.717682020802375
2021-12-13,JWEL,0.102391005,14.9,15.3,0.0,0.0,6.5359477124183005
2021-12-14,JILL,0.100286484,14.54,15.8,0.0,0.0,6.329113924050633
2021-12-15,RUMBW,0.37837732,2.65,3.14,0.0,0.0,31.84713375796178
2021-12-15,BFRI,0.2763636,5.5,7.4375,51.008504192951776,29.00642924659459,13.445378151260504
2021-12-15,PRM,0.21592772,12.18,12.35,0.0,0.0,8.097165991902834
2021-12-15,RUM,0.13232684,11.26,11.84495,20.604262931192473,5.984304249580258,8.442416388418692
2021-12-15,CABA,0.11607146,3.36,3.5175,42.03895786016844,0.0,28.429282160625444
2021-12-16,LUCK,0.19923043,10.0,11.55,0.0,0.0,8.658008658008658
2021-12-16,AMZE,0.116573095,7.12,7.61,0.0,0.0,13.140604467805518
2021-12-16,PRLD,0.1161654,13.3,14.295,6.7105077732965634,0.0,6.995452955578874
2021-12-16,TE,0.105691075,11.31,12.38,10.663742476562323,0.0,8.077544426494345
2021-12-17,SPRB,0.15725803,2.48,2.8800499999999998,39.700207202133676,22.925784096017207,34.72161941632958
2021-12-17,ALZN,0.14541352,2.53,2.8950500000000003,17.905383959974554,8.852757235399435,34.541717759624184
2021-12-17,IVVD,0.1269393,14.18,14.015,106.30260478036251,16.666666666666163,7.135212272565108
2021-12-20,LCTX,0.13207555,2.12,2.3815999999999997,24.52113980344053,3.4835726324954255,41.988579106483044
2021-12-20,FSM,0.13043475,3.22,3.65495,0.0,7.844372366819857,27.360155405682704
2021-12-20,OCGN,0.10305357,5.24,5.5553,12.215122787900352,7.811623405623105,18.000828038089754
2021-12-21,EZRA,1.462295,3.05,6.96735,7.805889008538002,15.679738250993598,14.35265918893123
2021-12-21,BFRI,0.30971134,7.62,11.08,0.0,28.07636219771059,9.025270758122744
2021-12-21,PPSI,0.3066002,7.05,8.90335,55.47191612602967,0.0,11.231727383512947
2021-12-21,QSI,0.1374408,6.33,7.452500000000001,6.801254961248093,0.1674857963701947,13.41831600134183
2021-12-21,EMBJ,0.12281978,13.9,15.74,4.239760006087271,0.0,6.353240152477763
2021-12-22,BRTX,0.2954048,4.57,5.805,35.22039723351985,1.2490039967586748,17.22652885443583
2021-12-22,TYRA,0.122606635,12.43,13.3875,0.0,0.0,7.469654528478058
2021-12-23,ENSC,0.19318187,4.84,5.44495,50.34108094787999,33.71134971471786,18.365641557773717
2021-12-23,XXII,0.118181825,2.2,2.2725,17.145239023170898,21.50260898285912,44.004400440044
2021-12-23,TKC,0.110717416,3.7,3.95,0.0,0.0,25.31645569620253
2021-12-28,TULP,0.38648176,11.54,19.895,103.68830972158986,32.70166170762234,5.026388539834129
2021-12-28,EZRA,0.34839916,5.31,6.724500000000001,73.47633424332706,8.40174183042019,14.870994125957319
2021-12-28,SCNI,0.31330466,2.33,2.76495,21.034184818222574,10.393684228833132,36.167019295104794
2021-12-28,KNDI,0.12874258,3.34,3.63,28.75688157585494,0.0011169323040147445,27.548209366391184
2021-12-28,LGVN,0.10986364,12.47,13.46,41.90063132287511,0.0,7.429420505200594
2021-12-29,TULP,0.26445842,19.02,27.735,127.26310169305866,32.073077863741894,3.60555255092843
2021-12-29,CPOP,0.1731602,2.31,2.9603,69.11227404081222,33.488146364701464,33.78036009863865
2021-12-29,NRXP,0.102222204,4.5,4.770899999999999,31.912366766762585,0.0,20.960405793456165
2021-12-30,EZRA,0.2032001,6.25,7.24915,18.845774005954613,5.254397454915202,13.794720760365008
2022-01-03,CELZ,0.595122,2.05,3.4425,0.0,18.463523612313903,29.04865649963689
2022-01-03,UCL,0.29215693,5.1,5.7197,0.0,0.0,17.483434445862546
2022-01-03,CHAI,0.2337662,3.08,4.07585,47.06940927544842,0.0,24.534759620692615
2022-01-03,XERS,0.21810699,2.43,3.0134499999999997,14.699369556110174,16.28885356250917,33.18455590768057
2022-01-03,BDSX,0.1859411,4.41,5.33,0.0,0.0,18.76172607879925
2022-01-04,IMMX,0.2923875,5.78,7.28495,59.61639721959527,17.560051108202853,13.726930177969649
2022-01-04,ISPC,0.20099258,8.06,9.145,52.53600642607319,0.0,10.934937124111537
2022-01-05,LGVN,0.23879313,11.6,13.696,42.170261837080005,2.3347455678318374,7.3014018691588785
2022-01-05,EWTX,0.16333127,15.49,16.91,0.0,0.0,5.913660555884092
2022-01-05,SENS,0.14925373,2.68,2.95965,13.126749704695401,18.823132972696065,33.787778960350046
2022-01-05,BDSX,0.10188687,5.3,5.895,0.0,0.0,16.963528413910094
2022-01-06,RUMBW,0.113333344,3.0,3.0,0.0,0.0,33.333333333333336
2022-01-06,CHAI,0.105919,3.21,3.3837,6.163356646583279,0.0,29.553447409640334
2022-01-07,ABSI,0.4837134,6.14,8.57455,35.59398325118266,6.945943800406525,11.662419602194866
2022-01-10,TLRY,0.11526477,6.42,7.5281,59.51627642328779,6.331949381790301,13.283564245958475
2022-01-11,BDTX,0.1326667,4.5,4.959849999999999,1.912392837867786,0.0,20.161900057461416
2022-01-12,IMMX,0.3020259,5.43,6.9608,49.59393673056763,11.010608216385123,14.366164808642685
2022-01-12,BJDX,0.15693426,2.74,2.9657,20.625941499273324,0.0,33.71885221027076
2022-01-12,OCGN,0.10576928,4.16,4.4548000000000005,19.296393495818073,12.635917252520008,22.447696866301516
2022-01-12,INTT,0.10041845,11.95,13.024999999999999,0.0,0.0,7.677543186180423
2022-01-13,IVVD,0.15951979,5.83,6.2787,35.19186761884014,7.0647822297330665,15.926863841241023
2022-01-13,BTCS,0.14624202,6.7,7.65405,64.23036384391281,20.51080751253348,13.064978671422319
2022-01-13,ISPC,0.13030744,6.83,7.2898,55.47109158582442,0.0,13.717797470438148
2022-01-14,REVB,0.23317754,7.49,8.45555,20.1692194185535,0.0,11.826551791426931
2022-01-18,BMEA,0.10575855,9.03,9.04,0.0,0.0,11.061946902654869
2022-01-19,EDVA,0.5323076,3.25,4.4825,54.13322547649326,13.66880921139292,22.308979364194087
2022-01-19,AMZE,0.20357144,5.6,6.479,46.813300489085485,0.0,15.43448062972681
2022-01-19,SOFI,0.19154227,12.06,13.7864,0.0,7.018566401056144,7.253525213253641
2022-01-19,RUMBW,0.11140227,3.815,3.9975,36.942058288458426,0.0,25.015634771732334
2022-01-20,MYSE,0.14715719,2.99,3.64,10.796204889123187,15.961206238289485,27.47252747252747
2022-01-24,BTBD,0.53970826,2.468,3.2,0.0,5.008027802363701,31.25
2022-01-26,SLI,0.104545474,6.6,7.036849999999999,0.445385729537628,0.0,14.210904026659657
2022-01-26,ONDS,0.10375273,4.53,5.0576,37.13275193197982,5.444987843807873,19.772223979753242
2022-01-27,SATL,0.1296295,8.1,8.5,0.0,0.0,11.764705882352942
2022-01-28,KSCP,0.1962775,5.91,6.63545,78.59334328431298,71.63372779380865,15.070567934352606
2022-01-28,EMPD,0.14021158,3.78,2.9050000000000002,0.0,0.0,34.42340791738382
2022-01-28,MRAM,0.10651624,7.98,8.585049999999999,0.0,0.0,11.648155805732058
2022-01-28,AVAH,0.105555534,5.4,5.365,0.0,0.0,18.63932898415657
2022-01-31,QTEX,0.43913043,2.3,3.0425,115.44805480325839,34.63578467948219,32.86770747740345
2022-01-31,FGI,0.34748006,3.77,5.41325,100.0068499472448,18.43917347115729,18.4731907818778
2022-01-31,KSCP,0.17588711,16.29,21.8575,143.58213305644367,57.94041995871776,4.575088642342445
2022-01-31,TKLF,0.103003025,3.4,3.6692,63.73603820787339,14.69042625874085,27.253897307314947
2022-02-01,AMC,0.1300857,16.06,17.22,28.555768278927808,7.903320454300473,5.807200929152149
2022-02-02,ATI,0.12812328,18.81,21.14,4.562189615308654,3.3892347776591434,4.7303689687795645
2022-02-03,BON,0.19465077,3.365,3.9106500000000004,15.557059360843894,0.0,25.57119660414509
2022-02-04,ANY,0.13419914,2.31,2.605,9.177308152498064,20.175195598354062,38.38771593090211
2022-02-04,EGAN,0.110447764,10.05,11.754999999999999,12.341045430894258,0.0,8.507018290089324
2022-02-07,ANGH,0.41685307,12.0688,18.875,11.915162378173154,0.0,5.298013245033113
2022-02-07,PHUN,0.1889764,2.54,2.9692999999999996,39.91309753810401,17.968513812197344,33.677971239012564
2022-02-07,IMMX,0.106659055,4.37,4.81495,38.83727530848483,0.0,20.768647649508303
2022-02-07,RUMBW,0.105263114,3.8,4.275,21.03630386977776,9.39352381873422,23.391812865497073
2022-02-10,BRCC,0.2256453,12.01,15.725,136.6297736788011,35.96366262192606,6.359300476947536
2022-02-10,LUCK,0.19161022,7.72,8.85,22.21649920336208,0.0,11.299435028248588
2022-02-10,INVA,0.11307645,15.83,17.84,2.746699814991016,0.0,5.605381165919282
2022-02-11,MODD,0.56334233,3.71,5.25495,0.0,8.25683317532394,19.029676780939877
2022-02-11,BRCC,0.20524299,15.64,17.07895,60.54831429789816,14.160663049572172,5.855160885183223
2022-02-11,SRTS,0.106870174,7.86,8.267949999999999,6.743718979762146,0.0,12.094896558397187
2022-02-14,BNC,0.1428572,2.31,2.45,48.239185653043556,0.0,40.816326530612244
2022-02-14,KSCP,0.13708866,6.32,7.1850000000000005,35.97700047089055,17.701677206849045,13.917884481558803
2022-02-14,KELYA,0.11386764,17.25,19.73,0.0,0.0,5.06842372022301
2022-02-14,DRCT,0.100000024,3.0,2.85005,18.589959845662396,0.0,35.08710373502219
2022-02-15,GCMG,0.14517844,9.3,10.1,0.0,0.0,9.900990099009901
2022-02-15,RLGT,0.12576687,6.52,7.38,5.14121206874608,0.0,13.550135501355014
2022-02-15,AKTS,0.100746274,5.36,6.14,9.281252692240423,0.0,16.286644951140065
2022-02-15,HIVE,0.100000024,2.0,2.2234999999999996,0.0,6.473589895457104,44.974139869575005
2022-02-17,ACVA,0.1061151,11.12,13.1325,53.09351047684263,1.2337709418884484,7.614696363982486
2022-02-18,NRGV,0.6522522,11.1,16.1241,71.85982521514572,27.733826493283203,6.201896539961921
2022-02-22,NVCT,0.23549485,5.86,6.84,28.68473701739132,0.0,14.619883040935672
2022-02-22,PHUN,0.1289308,3.18,3.38205,38.081832716678385,14.498273019862928,29.567865643618514
2022-02-22,OCGN,0.112716675,3.46,3.95,32.44431695918616,15.17686920818697,25.31645569620253
2022-02-23,INDO,0.2318393,6.47,7.59,112.37381857050104,13.855169121883169,13.175230566534914
2022-02-23,SKIN,0.16043603,12.84,16.49005,32.538878466471346,7.644344794422485,6.0642629949575655
2022-02-23,PANL,0.12983072,5.08,5.535,0.0,0.0,18.066847335140018
2022-02-23,QUCY,0.1271249,13.53,15.0425,0.0,,6.647831145088914
2022-02-23,RLMD,0.122058034,18.27,20.1425,5.395951322785905,0.0,4.9646270323941915
2022-02-24,INDO,0.87624764,7.515,12.05135,82.39450465264909,31.86767143343523,8.297825554813361
2022-02-24,GBR,0.130597,2.68,2.8725,6.876910478922091,0.0,34.81288076588338
2022-02-24,NEXT,0.100000024,2.6,2.7299,0.0,0.0,36.631378438770646
2022-02-25,OPLN,0.6106647,13.69,20.060000000000002,19.5535063771416,0.7823165954455887,4.985044865403788
2022-02-25,UUU,0.3487289,2.98,3.835,4.04019149489974,0.001731862343360176,26.07561929595828
2022-02-25,CISO,0.15430272,3.37,3.89005,73.24567740110075,0.0,25.706610454878472
2022-02-25,PLTK,0.11118293,18.01,19.76995,12.446203262942923,2.897833926375618,5.058181735411571
2022-02-28,FHN,0.32347262,18.25,23.74845,6.685178152344333,1.659738772752132,4.210801125968222
2022-02-28,INDO,0.20283806,11.98,13.842500000000001,85.754719078119,6.919706780772633,7.224128589488893
2022-02-28,ALF,0.16019428,2.06,2.29,50.63408308493523,12.91856199963113,43.66812227074236
2022-02-28,SRG,0.12798262,9.22,10.21,6.291822095670236,0.0,9.79431929480901
2022-02-28,IMPP,0.11428571,2.1,2.32485,22.161124047103026,30.62166658467039,43.01352775447878
2022-03-01,RCEL,0.16956532,9.2,10.6,1.584049420306669,0.0,9.433962264150944
2022-03-01,RVMD,0.15010571,18.92,18.985,0.0,0.0,5.267316302343956
2022-03-01,DDD,0.14927053,17.82,19.105,4.745434033110961,0.0,5.234231876472127
2022-03-01,EDIT,0.11214948,17.12,18.5475,0.0,0.43720729615028925,5.391562205148942
2022-03-01,AVIR,0.10410094,6.34,7.025,2.83613977188376,0.0,14.234875444839856
2022-03-02,BORR,0.20179367,2.13,2.5425,15.442813128944655,0.0,39.33136676499508
2022-03-02,INDO,0.1790353,10.78,12.835,24.99661041437327,2.6294377773983975,7.791195948578106
2022-03-02,PSFE,0.16262972,2.89,3.3588500000000003,14.570447725759525,10.708262199909191,29.772094615716686
2022-03-02,SOFI,0.15625,11.2,12.23,14.340371364797065,7.4827575098100825,8.176614881439084
2022-03-02,ARLO,0.15092158,8.68,10.905000000000001,27.951149458188667,0.0,9.170105456212745
2022-03-03,INDO,0.5344827,14.5,21.715,109.47820706193754,20.68634890051403,4.605111673958094
2022-03-03,RMNI,0.2538631,4.53,5.7425,44.85742811528102,2.508133267195964,17.4140182847192
2022-03-03,IMPP,0.16990292,2.06,2.3899999999999997,66.02684020196288,23.37180359470373,41.84100418410043
2022-03-03,CAN,0.15711653,5.41,6.135,30.742599231314365,4.487732755745672,16.2999185004075
2022-03-03,EOSE,0.13358784,2.62,3.1075,15.465222289123647,16.964465018863375,32.180209171359614
2022-03-04,FNKO,0.14719105,17.8,20.13995,39.33963867309386,0.0,4.965255623772651
2022-03-07,IMPP,0.3846153,3.38,4.7999,0.0,68.42324011772362,20.833767370153545
2022-03-07,CLOV,0.16363633,2.2,2.6158,48.45024904424543,20.72022297865722,38.22922241761602
2022-03-08,BSIN,0.58690965,6.32,11.69,162.87042755630046,24.232134529903288,8.554319931565441
2022-03-08,AGIG,0.4079647,11.3,14.3378,64.46792908383655,39.8994915780649,6.974570715172481
2022-03-08,BRN,0.30735195,4.88,5.822699999999999,39.28968034052357,16.890076600582404,17.17416318889862
2022-03-08,VYGR,0.22137403,3.93,4.979,0.0,1.839881646107697,20.08435428800964
2022-03-09,BMBL,0.32052827,16.66,23.0825,50.65875945614499,6.608598785722368,4.332286364128669
2022-03-09,ASTS,0.29037035,6.75,8.432500000000001,32.746694626901,10.422704545608994,11.858879335902756
2022-03-09,EOSE,0.2662722,3.38,3.95775,68.83302014095938,6.944103808583865,25.266881435158865
2022-03-09,DRTS,0.17212427,11.91,12.68,0.0,0.0,7.886435331230284
2022-03-09,HTOO,0.16261196,7.81,8.85,0.0,0.0,11.299435028248588
2022-03-10,AGIG,0.15844154,7.7,8.8325,0.0,11.708376175006277,11.32182281347297
2022-03-10,LGVN,0.15417254,7.07,7.9350000000000005,36.84661983170398,0.0,12.602394454946438
2022-03-10,IMPP,0.13636363,5.06,5.6350999999999996,67.40122971111147,16.16635184271987,17.74591400330074
2022-03-11,SHLS,0.20268536,15.64,17.21,28.11393646340654,0.0,5.810575246949448
2022-03-11,PSO,0.18998182,8.69,10.25,6.5428530116890835,0.0,9.75609756097561
2022-03-11,CUE,0.12903225,4.96,4.9,0.0,0.0,20.408163265306122
2022-03-11,CLLS,0.123809576,4.2,4.71,0.0,0.0,21.231422505307854
2022-03-11,ALTO,0.11455476,5.84,5.897399999999999,6.8075110923852105,2.6302101178155133,16.956624953369282
2022-03-14,AVX,0.21904767,3.15,3.85,12.853672261512864,29.287609798850628,25.974025974025974
2022-03-14,MGLD,0.18004858,4.11,4.4674499999999995,28.02425473214899,0.0,22.384134125731684
2022-03-14,KSCP,0.1163708,5.07,5.5092,42.97036947061181,0.0,18.15145574675089
2022-03-15,ASLE,0.10452962,14.35,16.4,0.0,0.0,6.097560975609756
2022-03-16,YMM,0.48593032,5.0,6.97255,32.58894850335713,3.9261396423934753,14.3419552387577
2022-03-16,BEKE,0.43495643,9.06,13.61,46.09491750452175,12.530595779971717,7.347538574577517
2022-03-16,BILI,0.32926822,18.86,24.2573,14.514533709924349,2.1887486733371553,4.122470349132014
2022-03-16,DDL,0.30980396,2.55,3.33,16.67862002203613,0.0,30.03003003003003
2022-03-16,KC,0.30218065,3.21,4.23975,0.0,23.198667991717535,23.586296361813787
2022-03-17,IMPP,0.19117653,2.04,2.6173,65.79631493339113,22.211073663969827,38.20731287968517
2022-03-17,NINE,0.15537858,2.51,2.9170499999999997,23.117016139305353,0.0,34.28120875542072
2022-03-17,AGIG,0.12727273,5.5,6.49,57.424788460942985,21.703734453420314,15.408320493066256
2022-03-18,STNE,0.2835369,9.61,13.21895,14.475397773853677,5.9624061080883095,7.5648973632550245
2022-03-18,IMPP,0.17402518,2.325,2.5669500000000003,22.257716986798936,16.621503087444456,38.95673854184927
2022-03-18,SBFM,0.14191425,3.03,3.37,0.0,0.0,29.673590504451038
2022-03-18,IXHL,0.13772953,11.98,13.4281,69.36627472230128,0.0,7.447069950328043
2022-03-18,DAVE,0.10615575,7.96,8.75,17.1687184014176,17.03682894093554,11.428571428571429
2022-03-21,COCO,0.10113633,8.8,9.61,1.8203175472276536,0.0,10.40582726326743
2022-03-21,CMPS,0.10036898,13.55,14.690000000000001,37.80663233825262,0.0,6.807351940095303
2022-03-22,BGDE,0.17026377,4.17,4.4904,0.0,0.0,22.26973098164974
2022-03-22,ZH,0.1576922,2.6,2.9975,16.338845918908728,6.657694976767523,33.36113427856547
2022-03-22,GEVO,0.13071895,4.59,5.18725,0.0,10.305672000811457,19.27803749578293
2022-03-23,SIDU,0.11421323,3.94,4.1,0.0,0.0,24.390243902439025
2022-03-24,CD,0.42391777,2.1,2.68,58.61725939076058,10.175077161694375,37.31343283582089
2022-03-24,JXG,0.2751479,3.38,4.52,85.5904020421087,23.676195930734984,22.123893805309738
2022-03-24,ESOA,0.2546445,3.3,3.8449999999999998,1.5766044976383826,30.728983128352265,26.007802340702213
2022-03-25,SPRC,0.3191011,4.45,5.856,89.53900886354467,0.0,17.07650273224044
2022-03-25,TLRY,0.15925407,6.97,7.957050000000001,16.648739390897706,11.702195051007378,12.567471613223493
2022-03-25,AVX,0.13441956,4.91,5.55175,61.40960780892238,13.73288242055519,18.012338451839508
2022-03-25,ACB,0.12747514,4.04,4.26445,0.0,8.24225917144153,23.449682843039547
2022-03-25,ZSTK,0.11330056,2.03,2.18935,32.26821391075297,0.0,45.67565715851737
2022-03-28,CELZ,0.16666663,3.48,3.97735,3.501200171807167,13.926199768759481,25.1423686625517
2022-03-28,ORIC,0.15638769,4.54,5.327500000000001,2.8465816877623427,0.0,18.770530267480055
2022-03-28,DLNG,0.10317457,3.49,3.97,31.29471538713195,0.0,25.188916876574307
2022-03-29,HYMC,0.27155173,2.32,2.6325,37.96480118922556,36.376930825519786,37.98670465337132
2022-03-29,SCNX,0.17512572,2.34,2.7699999999999996,44.02572869984074,8.389294845248113,36.10108303249098
2022-03-29,GDYN,0.15807271,11.83,15.083400000000001,44.30143685253055,0.0,6.629804951138337
2022-03-29,XOS,0.113636374,3.08,3.33,0.0,0.0,30.03003003003003
2022-03-29,CEE,0.11146939,10.479,11.17785,0.0,0.0,8.946264263700085
2022-03-30,DRCT,0.82558143,2.58,4.945,80.64309324418682,40.59869421984546,20.222446916076844
2022-03-30,IVVD,0.48831177,3.85,5.59505,34.31191276139506,10.949189768054493,17.87294126057855
2022-03-30,ARHS,0.20554972,7.2,8.56,0.0,0.0,11.682242990654204
2022-03-30,TULP,0.13242006,8.76,11.882249999999999,150.87477488639945,19.11016395081355,8.415914494308739
2022-03-31,LGVN,0.39732146,6.72,9.23535,99.91319779864465,27.18238246107502,10.827959958204074
2022-03-31,ACTG,0.13053882,4.175,4.4825,0.0,0.0,22.308979364194087
2022-03-31,CELZ,0.1120944,3.39,4.10495,73.05955644832841,5.6031337127386625,24.36083265326009
2022-04-01,ALOY,0.2723881,2.68,3.4105,42.92127626866056,6.203319003445737,29.32121389825539
2022-04-01,LVLU,0.20059001,6.78,7.8395,0.03895203701864437,0.0,12.755915555839021
2022-04-01,BEKE,0.13608956,12.37,14.047550000000001,13.623612819906706,0.6334569214641648,7.118679057914013
2022-04-01,ZH,0.13429749,2.42,2.7225,26.779981265636316,0.0,36.73094582185491
2022-04-01,DAO,0.13380289,7.1,7.985,0.0,0.0,12.523481527864746
2022-04-04,DRTS,0.1252371,10.54,11.75,0.0,0.0,8.51063829787234
2022-04-04,BEKE,0.114828944,14.01,15.75995,28.107354966003072,3.460231714254816,6.345197795678286
2022-04-04,JMIA,0.106540084,9.48,11.195,4.48361402969599,7.519209890917586,8.932559178204555
2022-04-04,TMC,0.106122494,2.45,2.6590499999999997,1.4001090139439498,10.178062629805872,37.60741618247119
2022-04-05,GGR,0.25510192,12.74,15.2258,37.07496877605019,0.0,6.567799393135337
2022-04-05,SST,0.15081763,16.51,21.26,79.48054405968028,18.614711978723616,4.703668861712135
2022-04-05,ATER,0.116959095,3.42,3.9525,0.0,15.921809054407817,25.30044275774826
2022-04-06,BBAI,0.42069626,10.34,12.43,0.0,4.1855685688273,8.045052292839904
2022-04-06,IVDA,0.21241832,3.06,3.4425499999999998,39.034748612590796,0.0,29.048234593542578
2022-04-06,ARRY,0.18070006,10.57,11.2275,15.263897639292747,0.6891324378699507,8.906702293475842
2022-04-06,DC,0.13188398,6.9,7.3177,35.00727331762174,0.0,13.665495989176927
2022-04-06,TLRY,0.102418184,7.03,7.800000000000001,17.053267450802835,7.905316373720133,12.82051282051282
2022-04-07,SBFMW,0.20293391,4.09,5.42,0.0,0.0,18.45018450184502
2022-04-07,SBFM,0.15262318,6.29,7.3156,84.35059438023649,40.961448470540695,13.66941877631363
2022-04-07,SST,0.14879763,19.96,23.205,49.06974550019498,4.391442155044124,4.309416074121957
2022-04-07,CNDT,0.11934149,4.86,5.515,2.7041887030145513,1.8885365149873639,18.13236627379873
2022-04-07,CMBT,0.108463764,11.24,12.31,2.532037761195897,0.0,8.123476848090982
2022-04-08,ONCO,0.24680436,10.17,12.725,68.43093679144765,11.271472433821616,7.858546168958743
2022-04-08,ATER,0.19480515,3.85,4.51255,22.14408632115232,8.0505650180955,22.160419275132686
2022-04-08,BFRI,0.18811882,4.04,4.8149999999999995,64.56502281952423,7.819447826285294,20.768431983385256
2022-04-11,VERU,0.37701154,4.35,6.085,39.47219086337322,48.05169457174971,16.433853738701725
2022-04-11,VNET,0.19259262,5.4,6.3781,0.0,0.0,15.678650381775137
2022-04-11,SWVL,0.16923082,6.5,5.720549999999999,0.0,0.0,17.48083663284125
2022-04-12,VERU,0.10830617,12.28,12.195,52.073668860928144,7.879503788878929,8.200082000820007
2022-04-12,RERE,0.10075867,3.37,3.46,0.0,0.0,28.901734104046245
2022-04-13,IMA,0.1205883,6.8,7.48,0.0,0.0,13.36898395721925
2022-04-13,BCTX,0.10998988,9.91,10.06625,80.08342477674391,0.0,9.93418601763318
2022-04-14,IMTE,0.13203883,5.15,4.9795,32.43758465482129,0.0,20.08233758409479
2022-04-14,DLPN,0.12321663,3.855,4.297499999999999,64.99258042725167,0.0,23.26934264107039
2022-04-14,ATOM,0.119205356,10.57,11.795,0.5106469718484461,0.0,8.47816871555744
2022-04-18,TRMD,0.12505281,9.68,10.495000000000001,0.0,0.0,9.528346831824678
2022-04-20,KLRS,0.2754159,5.41,7.60745,106.19821780356433,24.20508473362406,13.145009168643895
2022-04-20,NBP,0.17133951,12.84,14.254,42.62353020590248,0.0,7.015574575557738
2022-04-20,AVX,0.10330582,2.42,2.5455,3.869326097392371,0.0,39.28501276762915
2022-04-21,SWVL,0.16197181,4.26,4.67625,0.011416529513012445,33.26232448751969,21.384656508954826
2022-04-21,LBRT,0.1493268,17.45,19.0747,22.975489749355475,0.0,5.242546409642092
2022-04-22,ATEN,0.1114701,13.2,14.907499999999999,6.370884696074022,0.0,6.708032869361061
2022-04-25,SBFM,0.28228223,3.33,4.24305,61.163806528430726,20.00424156166194,23.567952298464547
2022-04-25,BBAI,0.116959095,8.55,9.35,0.0,0.0,10.695187165775401
2022-04-26,MX,0.19627416,15.03,17.75,2.1302367845344046,0.0,5.633802816901408
2022-04-26,OI,0.12150943,13.25,14.23,0.3657943840132946,0.0,7.027406886858749
2022-04-27,NUTX,0.19401038,7.68,8.885449999999999,84.76820120331938,31.439697056660954,11.254354028214667
2022-04-27,CSTM,0.1130991,15.65,16.369999999999997,39.4887391652639,0.0,6.108735491753208
2022-04-27,VRT,0.10530901,11.54,12.97,13.580658641900323,0.0,7.710100231303007
2022-04-28,RCMT,0.27334464,11.78,14.7014,0.3601529023462951,0.0,6.802073271933286
2022-04-28,HAPN,0.23272729,13.75,16.619999999999997,28.415981404055582,2.9666150405691734,6.01684717208183
2022-04-28,ONIT,0.16731524,17.99,20.73,0.0,0.0,4.82392667631452
2022-04-28,ATOM,0.14578831,9.26,10.342500000000001,0.0,0.0,9.6688421561518
2022-04-28,UPWK,0.13011909,19.29,22.335,8.649970544652586,0.0,4.477277815088426
2022-04-29,ZYME,0.44959676,4.96,7.26,0.0,5.8889558306461955,13.774104683195592
2022-04-29,IQ,0.14970064,3.34,3.82,6.38031275739272,5.817943244722261,26.17801047120419
2022-04-29,YMM,0.13607728,5.0,5.800000000000001,38.27435104750594,0.003504621143125733,17.241379310344826
2022-04-29,KC,0.13387096,3.72,4.05545,4.9825253905376234,3.7670283092218684,24.65817603471871
2022-04-29,SOUN,0.13199997,7.5,7.529999999999999,0.0,0.0,13.280212483399735
2022-05-02,INVZ,0.12128723,4.04,4.45495,35.63727586519277,4.8506233191854795,22.446941043109348
2022-05-03,SOUN,0.45388126,10.95,15.24,53.044702147716265,21.071542658846788,6.561679790026247
2022-05-03,BLTE,0.19503951,8.87,10.07,0.0,16.898333352648535,9.930486593843098
2022-05-03,HLIT,0.1325581,8.6,9.62875,1.1168605780254135,0.0,10.385564065948332
2022-05-04,AGIG,0.106666684,3.75,4.10165,0.0,2.0157055937309836,24.38043226506406
2022-05-05,AUST,0.18764305,4.37,4.94005,22.5762183342365,4.935005814738682,20.242710094027387
2022-05-05,HDSN,0.1344539,7.14,8.54855,57.301137655615904,0.8863383523839817,11.697890285487011
2022-05-05,VISN,0.12699282,6.54,7.335,2.240606579670855,0.0,13.6332651670075
2022-05-05,AGIG,0.10218978,4.11,4.387499999999999,42.82684705799067,0.0,22.792022792022795
2022-05-06,FNKO,0.20095694,16.72,19.615000000000002,17.6178160695455,2.7514216790176667,5.098139179199592
2022-05-06,CCXI,0.16751921,15.64,18.244999999999997,5.7781581672792575,6.630648844799875,5.480953685941355
2022-05-06,ATEC,0.12882304,10.79,10.725,0.0,0.0,9.324009324009324
2022-05-06,OPEN,0.11328673,7.15,6.4999,0.0,5.553511190808612,15.384852074647302
2022-05-06,GDYN,0.108377695,15.04,17.175,27.740478458168848,0.0,5.822416302765648
2022-05-10,ALXO,0.26344085,9.3,10.11625,0.0,0.0,9.885085876683553
2022-05-10,IDYA,0.20772946,8.28,9.01,0.0,0.0,11.098779134295228
2022-05-10,CLOV,0.14522815,2.41,2.6175,0.0,19.06920601768244,38.2043935052531
2022-05-10,KYNB,0.1284635,7.94,9.34,29.418777096754493,0.0,10.706638115631693
2022-05-10,QURE,0.12722552,13.48,14.195,0.0,0.0,7.044734061289186
2022-05-11,PRCH,0.31940305,3.35,3.79,31.429084452520303,2.473589065733376,26.385224274406333
2022-05-11,VERU,0.24005127,7.79,8.757850000000001,14.056940031255499,4.906664515037876,11.418327557562643
2022-05-11,GSM,0.17920387,6.36,7.57995,6.630865498708076,0.0,13.192699160284699
2022-05-11,PRPL,0.16025639,3.12,3.7926,6.217467873982328,0.0,26.367136001687495
2022-05-11,AKA,0.13538456,3.25,3.4457500000000003,0.0,0.0,29.0212580715374
2022-05-12,CGEM,0.2421341,7.31,8.89,0.0,5.566366698517248,11.248593925759279
2022-05-12,SMRT,0.1401099,3.64,3.795,0.0,0.0,26.350461133069828
2022-05-12,CPNG,0.13650465,9.67,10.254999999999999,14.390064058487608,2.817331525383144,9.751340809361288
2022-05-12,CLPT,0.11988711,7.09,7.375,0.0,0.0,13.559322033898304
2022-05-12,SKYX,0.101876736,3.73,4.405,205.60515533045887,0.0,22.701475595913735
2022-05-13,AFRM,0.3763857,18.04,23.295,50.93150252356675,13.229799816016198,4.2927666881304996
2022-05-13,VERU,0.2480619,9.03,10.81255,0.0,12.998501950157294,9.248512145608576
2022-05-13,HOOD,0.23130834,8.56,10.2575,25.148922418220575,6.059761899391853,9.748964172556665
2022-05-13,PAYO,0.22222233,3.6,4.6475,54.99593151586907,8.18834497807434,21.51694459386767
2022-05-13,CELU,0.17331016,5.77,6.69,0.0,0.0,14.947683109118087
2022-05-16,DJTWW,0.15503252,12.32,13.78,0.0,0.0,7.25689404934688
2022-05-16,FFAI,0.12195122,2.46,2.88,0.0,5.520395445873075,34.72222222222222
2022-05-17,PPSI,0.26063251,3.22,3.8449999999999998,27.253347449104393,7.622259595753984,26.007802340702213
2022-05-17,MVST,0.17559528,3.36,4.0531,33.987164089746194,0.0,24.67247292196097
2022-05-17,TRAK,0.15779376,4.82,5.2,0.0,0.0,19.23076923076923
2022-05-17,SOUN,0.15081966,6.1,6.78995,62.20152303484447,0.0,14.727648951759585
2022-05-17,NNDM,0.11811018,2.54,2.8865499999999997,14.680584339978179,6.208804750014606,34.64343247128926
2022-05-18,DLO,0.11640787,19.25,23.585,50.379950778340316,7.940072907018342,4.239983040067839
2022-05-18,AVX,0.115671635,2.68,2.96005,79.92317891010758,17.642015042331337,33.78321312139998
2022-05-18,MX,0.10559726,17.33,19.77,6.236006615716431,0.0,5.058168942842691
2022-05-19,SIGA,0.18551242,7.39,8.56,57.717592453857335,22.799726116605623,11.682242990654204
2022-05-19,CAN,0.102547646,3.14,3.62,0.03628509835165508,0.0,27.624309392265193
2022-05-20,EVEX,0.1952095,8.35,9.8601,2.0137258486790912e-05,0.0,10.141884970740662
2022-05-23,SIGA,0.1827327,12.4,12.95,25.81196827321548,15.165966564140623,7.722007722007723
2022-05-23,EVEX,0.15558064,8.87,9.02,0.0,0.0,11.086474501108649
2022-05-24,GOVX,0.19396555,2.32,2.61545,86.41928786315651,40.26110968333652,38.23433825919058
2022-05-25,RIME,0.2763636,2.75,3.58,51.459679201678995,0.0,27.932960893854748
2022-05-25,PLAB,0.12167561,15.04,15.92015,16.1345897787045,0.0,6.281347851622002
2022-05-26,SPRC,0.29661012,2.36,3.118,53.313296589533905,7.833245153663894,32.07184092366902
2022-05-26,MOD,0.1574713,8.7,10.3,0.7548347281219194,0.0,9.70873786407767
2022-05-26,M,0.1478045,19.21,21.965,17.669889963405442,2.2466723386438123,4.552697473252902
2022-05-26,BBW,0.12778902,16.68,18.85,0.0,0.0,5.305039787798408
2022-05-26,DXLG,0.10476196,4.2,4.48,0.0,0.0,22.32142857142857
2022-05-27,RRGB,0.19047618,8.61,10.5225,9.06075369498978,0.0,9.503444998812068
2022-05-27,PMVP,0.16502655,13.21,16.845,8.819250877044402,0.0,5.936479667557139
2022-05-31,TXMD,3.457944,2.14,9.632100000000001,0.0,2.67175731383821,10.381952014617788
2022-05-31,AGIG,0.32978725,3.76,5.1808,13.289322041160133,20.737399979823437,19.302038295243978
2022-05-31,INDO,0.14503813,15.72,18.293550000000003,37.063045516898455,19.54146550614814,5.466407558948371
2022-05-31,HIVE,0.13819098,3.98,4.43,0.0,0.0,22.573363431151243
2022-05-31,AVAL,0.13499272,4.23,4.65,0.0,0.0,21.50537634408602
2022-06-01,TNXP,0.45901644,2.44,3.4793000000000003,51.503646998332236,24.704163108212196,28.74141350271606
2022-06-02,PDSB,0.16172504,3.71,4.29,53.485102402384925,0.001547634747168764,23.31002331002331
2022-06-02,CRDO,0.12195122,10.25,12.030000000000001,13.495969126158474,0.0,8.312551953449708
2022-06-03,AMLX,0.36131012,9.77,12.75,45.968883674191716,13.159494929671709,7.8431372549019605
2022-06-06,FTCI,0.2518891,3.97,5.04,25.708431372835335,0.0,19.841269841269842
2022-06-06,YMM,0.22169816,6.9,7.98,14.629976372995845,3.232782089687349,12.531328320802004
2022-06-06,SHLS,0.20898438,15.36,18.725,0.0,0.0,5.340453938584779
2022-06-06,ARRY,0.18782604,11.5,13.67,36.14518057790958,0.0,7.315288953913679
2022-06-06,KC,0.101098895,4.55,5.08005,29.177497112109265,0.0,19.684845621598214
2022-06-07,BZFD,0.17040348,2.23,2.4669999999999996,16.361013786818365,0.0,40.53506282934739
2022-06-08,EFOI,0.30701756,2.28,2.8275,47.91179893494462,20.084217918160512,35.36693191865606
2022-06-08,SYM,0.15824175,9.1,10.7426,0.0,0.0,9.308733453726287
2022-06-08,YMM,0.105526924,7.96,8.67,4.992476979656261,0.9108193617283098,11.534025374855824
2022-06-09,AIFC,0.16137564,3.78,4.4771,3.885224838075599,4.24182162379048,22.335887069754975
2022-06-09,SOUN,0.14354074,4.18,4.514799999999999,0.0,0.0,22.14937538761407
2022-06-09,ZGN,0.101952195,9.62,10.52,4.181591693641439,0.0,9.505703422053232
2022-06-09,OLMA,0.100000024,4.0,4.1,0.970715466364145,0.0,24.390243902439025
2022-06-10,COGT,0.33064508,4.96,7.65665,51.64812170245836,32.99865672081197,13.06054214310436
2022-06-10,EDU,0.114305735,14.72,16.6075,6.841057385564693,0.0,6.021375884389583
2022-06-13,SNTI,0.16041672,4.8,5.0599,0.0,0.0,19.763236427597384
2022-06-13,EDU,0.105095625,16.21,17.034950000000002,14.917650863242383,2.9813411005615924,5.8702843272213885
2022-06-14,INDO,0.23803353,7.73,9.604949999999999,67.30937163329872,3.1115707576644525,10.411298340959611
2022-06-14,DRTS,0.23522592,8.63,8.82,0.0,0.0,11.337868480725623
2022-06-14,AGIG,0.14126992,6.3,7.755000000000001,62.84440450444188,13.890328559012161,12.894906511927788
2022-06-15,ASTL,0.18995333,7.9,9.43,14.823213980411003,0.7265006034461069,10.604453870625663
2022-06-15,DJTWW,0.11482561,6.88,8.1,0.0,0.0,12.345679012345679
2022-06-16,SIDU,0.62393165,4.68,7.4038,76.48134858645626,20.186549402391698,13.506577703341527
2022-06-21,VALN,0.889132,13.71,25.5451,0.0,0.0,3.914645078703939
2022-06-21,SYM,0.56071436,16.8,22.64495,53.74028786490561,2.757088360195599,4.415995619332345
2022-06-21,BKSY,0.3251232,2.03,2.69115,33.65085681587536,16.026380162685438,37.15883544209724
2022-06-21,GROV,0.15100002,10.0,10.905000000000001,12.406962343687304,0.0,9.170105456212745
2022-06-21,ARBK,0.13031924,3.76,4.42,0.0,0.0,22.624434389140273
2022-06-23,PGY,0.18443322,5.91,5.9873,0.0,0.0,16.70201927413024
2022-06-23,GSUN,0.17914104,16.3,18.02,0.0,0.0,5.549389567147614
2022-06-23,QURE,0.109161735,15.39,17.8,14.72131615509997,0.0,5.617977528089887
2022-06-24,LNAI,0.13846159,3.25,3.34,0.0,0.0,29.940119760479043
2022-06-24,BCYC,0.13801754,15.94,16.56,0.0,0.0,6.038647342995169
2022-06-28,CRNT,0.15311015,2.09,2.465,15.832090691167341,6.780664549649403,40.56795131845842
2022-06-28,STRO,0.15011549,4.33,5.27815,63.05072211359223,3.763307506829037,18.946032227200817
2022-06-28,LNAI,0.13461542,2.6,2.64,9.143941545992238,0.0,37.878787878787875
2022-06-28,MLCO,0.103918195,5.87,6.58555,4.469489046777326,0.0,15.184760574287646
2022-06-29,NRSN,0.18823528,2.55,2.8544,73.11814332132992,11.397148788084698,35.03363228699551
2022-06-29,XAIR,0.15916955,5.78,6.21,7.268139543585789,0.0,16.10305958132045
2022-06-30,NRSN,0.4525547,2.74,3.9623,64.1879291374848,19.259411421986375,25.237866895489994
2022-06-30,ASPN,0.30486357,8.43,10.21,16.909683945396285,8.277610468802974,9.79431929480901
2022-07-05,AMLX,0.16230094,19.47,21.465,0.0,0.0,4.658746797111577
2022-07-06,PROK,0.15814507,8.41,9.635000000000002,0.0,0.0,10.378827192527243
2022-07-07,IE,0.18038332,8.87,9.475000000000001,0.0,0.0,10.55408970976253
2022-07-07,QTEX,0.17351592,2.19,2.30715,72.58709896639743,12.332464101029093,43.34351906031251
2022-07-07,FFAI,0.14317179,4.54,5.62005,24.107221766390307,10.75155447246322,17.79343600145906
2022-07-08,SRG,0.49835527,6.08,9.335,44.927833105706,16.35156656708372,10.712372790573111
2022-07-08,USEA,0.25552416,7.08,8.0024,49.39231285445048,3.9212296322942524,12.496251124662601
2022-07-08,TULP,0.22839499,8.1,9.7056,25.974973381081355,0.0,10.303330036267722
2022-07-08,TH,0.18677676,6.05,7.5,15.612783665825436,0.0,13.333333333333334
2022-07-08,ALVO,0.16061461,7.16,8.1504,0.0,0.0,12.269336474283472
2022-07-11,DJTWW,0.45462894,5.2247,8.049949999999999,41.62692129511072,0.0,12.42243740644352
2022-07-12,INDO,0.33333337,5.82,7.09,71.15235272321664,1.5726102342887358,14.104372355430185
2022-07-12,QCLS,0.1428572,4.27,4.38,0.0,0.0,22.831050228310502
2022-07-12,ANNX,0.12531972,3.91,4.37,0.0,0.0,22.88329519450801
2022-07-12,VRCA,0.10204089,2.94,3.07,0.0,0.0,32.57328990228013
2022-07-13,PETZ,0.11650491,2.06,2.5704000000000002,49.67040344946268,22.924089703500965,38.904450669156546
2022-07-15,USEA,0.95442116,2.2,5.15055,23.65439982736389,37.90431534334757,19.415402238595878
2022-07-15,PINS,0.1349659,17.56,20.11785,21.8043687138011,2.2695667283314043,4.9707100907900195
2022-07-15,ALLO,0.119730234,11.86,13.1342,20.246215142916366,2.3210990361878223,7.613710770355256
2022-07-18,HKD,0.38433075,16.21,24.9057,29.177845578788073,0.0,4.015145127420631
2022-07-19,STIM,0.20604384,3.64,4.30995,22.810586032781146,9.726938827057483,23.202125314678828
2022-07-19,USEA,0.18385279,2.51,2.77965,0.0,14.326812701033644,35.97575234292087
2022-07-20,VITL,0.10143328,9.07,10.14,13.537671723605103,0.0,9.861932938856015
2022-07-21,SIDU,0.12469435,4.09,4.795,59.19306159835057,1.662315274890477,20.855057351407716
2022-07-22,CYH,0.17518246,4.11,4.9257,3.246740951386791,2.070440020675831,20.30168300952149
2022-07-22,APLD,0.16888893,2.25,2.47295,16.166928390002013,21.953896816684885,40.43753411916941
2022-07-22,GEVO,0.102941155,2.72,2.7125,21.501953775136723,26.88900552803676,36.86635944700461
2022-07-22,SLI,0.102941155,5.44,5.78,14.027349384866167,0.0,17.301038062283737
2022-07-25,SIGA,0.18837988,12.16,14.5622,42.866843091652086,4.136525523190787,6.867094257735781
2022-07-25,EVEX,0.16125143,8.31,9.782499999999999,0.0,0.0,10.222335803731154
2022-07-26,PGY,0.17580152,9.67,11.088899999999999,41.33182622930286,48.0958230372479,9.018027036045055
2022-07-26,LBRT,0.120532036,12.85,14.0825,15.08044632836399,0.0,7.101011894194923
2022-07-27,ONCO,0.7073171,2.05,3.6342499999999998,21.539596770531613,11.722714647401421,27.515993671321457
2022-07-27,TEVA,0.20786524,7.12,8.511050000000001,21.379221637900645,6.550386598647336,11.749431621245321
2022-07-27,RES,0.20521009,6.58,7.67,0.0,0.0,13.03780964797914
2022-07-27,PGY,0.18578255,16.74,19.28465,0.0,22.759056092581496,5.185471346381708
2022-07-27,EVEX,0.14896214,8.19,9.0,0.0,0.0,11.11111111111111
2022-07-28,JAKK,0.40495872,17.08,23.74915,0.0,0.0,4.210677013703648
2022-07-28,PLUG,0.16472638,17.18,20.93005,16.35262079122848,0.8129406119910954,4.7778194509807665
2022-07-28,SHLS,0.1424067,19.03,21.155,7.960942130876109,0.0,4.727014890096903
2022-07-28,STEM,0.13516605,8.73,10.62455,25.53098808138026,1.4109576765936283,9.41216333868258
2022-07-28,ARRY,0.13496935,13.04,15.275,26.240905821050404,2.5764006506531936,6.546644844517185
2022-07-29,GETY,1.5219047,10.5,24.345,97.67162828592545,39.63606978519897,4.1076196344218525
2022-07-29,MITK,0.1529932,9.02,10.185,1.5168660891333392,0.0,9.81836033382425
2022-07-29,AXTI,0.13960111,7.02,8.45,15.334686703025854,0.0,11.83431952662722
2022-07-29,PGY,0.10684466,17.97,18.79765,40.09324066327328,8.42406154492272,5.319813912909326
2022-08-01,GOVX,0.5604396,2.73,3.918,37.19628821417217,24.12312005618525,25.523226135783563
2022-08-01,VRAX,0.38518524,5.4,7.97365,57.58136051883664,20.43998234348712,12.541307933004333
2022-08-01,MAIA,0.20689654,5.8,6.91755,83.73739479499714,31.070195519815854,14.455985139247277
2022-08-01,PSO,0.1112175,9.26,10.4175,0.0,0.0,9.599232061435085
2022-08-02,AMTD,4.1634617,2.08,9.15495,220.8349322493187,46.91696853319636,10.923052556267375
2022-08-02,INVZ,0.21500003,4.0,4.605,16.651820130686453,5.8573882988364785,21.715526601520086
2022-08-02,PINS,0.1815908,19.99,23.02585,28.953353603228795,4.372423797047463,4.342944994430173
2022-08-02,FFAI,0.15999997,2.0,2.7102500000000003,46.98947623137081,23.55289915841152,36.89696522461027
2022-08-02,RIG,0.15527952,3.22,3.7600499999999997,14.876829207850703,14.630730817664901,26.595391018736457
2022-08-03,MDIA,0.6886544,3.79,5.205,92.580426144149,0.0,19.21229586935639
2022-08-03,AMTD,0.22000003,7.0,8.471599999999999,106.18271684842995,29.823747715647045,11.80414561594032
2022-08-03,LEDS,0.1692307,3.25,3.9412000000000003,62.55367362878161,0.0,25.372982847863593
2022-08-03,SOFI,0.1357255,6.41,7.6302,0.0,1.0574415954158127,13.105816361301144
2022-08-03,ARQT,0.12051284,19.5,22.42125,21.249917044273136,0.0,4.4600546356692865
2022-08-04,NNVC,0.46341455,2.46,3.37,0.0,44.37927653788443,29.673590504451038
2022-08-04,ZETA,0.14951777,6.22,7.03,0.0,0.0,14.22475106685633
2022-08-04,RELY,0.14176977,10.51,12.215,4.418075374268633,0.0,8.186655751125665
2022-08-04,BCRX,0.13991034,11.15,13.682500000000001,21.518623136037057,1.2356477867170828,7.308605883427735
2022-08-05,CPS,0.42147112,5.03,8.567499999999999,71.38405138179769,6.31552925441897,11.672016340822879
2022-08-05,PGY,0.18993783,17.69,23.9144,70.78484937235858,0.0,4.181580972133944
2022-08-05,AMTD,0.17441857,4.3,4.71495,40.412672137288546,10.88059231721069,21.209132652520175
2022-08-05,CLMT,0.15881455,13.16,16.831850000000003,53.37270468154489,0.0,5.941117583628655
2022-08-05,SRTS,0.13027847,11.13,13.2772,42.76168497122782,0.0,7.531708492754496
2022-08-08,KOD,0.17864478,9.74,10.50235,5.3219826012018405,0.0,9.521678481482716
2022-08-08,QNRX,0.13988662,5.29,6.12795,67.56575317983703,0.0,16.318671007433153
2022-08-08,VRM,0.11637926,2.32,2.5534,57.236845041757654,23.54505571061445,39.163468316754134
2022-08-08,BBAI,0.11481476,2.7,3.09,24.617387931529628,0.0,32.36245954692557
2022-08-08,LVLU,0.10157609,5.71,6.545,6.692866568208234,0.0,15.278838808250573
2022-08-09,GDRX,0.2789948,7.76,9.6475,42.403820004537124,4.851974017070072,10.365379632029022
2022-08-10,QXO,0.27210307,3.68,4.0691500000000005,0.0,0.012874602587404901,24.57515697381517
2022-08-10,ALTG,0.16360629,11.34,12.835,0.0,0.0,7.791195948578106
2022-08-10,JMIA,0.15751445,6.92,7.67,8.942440067030573,0.6293452876552799,13.03780964797914
2022-08-10,OSUR,0.15360498,3.19,4.105,18.01785604354835,0.0,24.360535931790498
2022-08-10,PRCH,0.15062761,2.39,2.795,39.31827876888442,0.0,35.77817531305904
2022-08-11,ARHS,0.3047167,6.4,7.796900000000001,28.234657712960225,0.0,12.825610178404236
2022-08-11,ENVX,0.2408669,16.15,19.8,17.269637992408775,1.6437286921464558,5.05050505050505
2022-08-11,VERU,0.20815635,11.77,16.69005,43.559618933052604,9.062916053562851,5.991593793907149
2022-08-11,GWAV,0.19166672,3.6,4.112500000000001,50.96981472788352,18.934336722213693,24.316109422492396
2022-08-11,GNLN,0.13230765,3.25,3.4661,0.0,0.0,28.850869853726092
2022-08-12,LZ,0.2283895,10.99,13.335,17.06714901722452,0.0,7.499062617172853
2022-08-12,AIRS,0.22650373,8.88,10.975000000000001,0.0,0.0,9.111617312072891
2022-08-12,TOST,0.19614327,18.15,20.3375,20.492714704088296,2.367509073763452,4.917025199754149
2022-08-12,PAYO,0.17869723,5.68,6.995,0.0,1.4011942529786092,14.295925661186562
2022-08-12,RANI,0.15795875,8.23,10.402650000000001,18.006598017944516,0.0,9.612935165558774
2022-08-15,VRDN,0.3584522,14.73,21.775,3.5248909525480894,5.096353099752789,4.5924225028702645
2022-08-15,HYFM,0.2337662,3.85,4.51,41.2939812441844,0.0,22.172949002217297
2022-08-15,VEEE,0.22816896,7.1,7.8697,37.78224357645103,2.6374925618896845,12.706964687345135
2022-08-15,TAOX,0.13881397,7.42,8.14,3.8804839919394167,0.0,12.285012285012284
2022-08-15,GWAV,0.12667656,3.355,3.61,0.0,0.0,27.70083102493075
2022-08-16,ARTL,0.33715594,4.36,5.64325,91.33818797258178,41.882779920027794,17.720285296593275
2022-08-16,AMTD,0.25663722,2.26,3.04535,58.22151524044135,21.436927929768324,32.83694813404042
2022-08-16,TGL,0.20972228,7.2,8.381499999999999,63.163092287314086,0.8289855924266212,11.931038596909863
2022-08-16,DNA,0.19484234,3.49,3.8993,3.867501082112422,14.466837498903665,25.645628702587643
2022-08-16,REBN,0.1654135,3.99,4.633900000000001,61.750847076356756,0.0,21.580094520813997
2022-08-17,ONCO,0.37254906,2.55,4.2524999999999995,38.784897610063624,59.20460378768009,23.515579071134628
2022-08-17,QNRX,0.2035929,5.01,5.63115,21.518074982820877,2.8726960761555405,17.758361968692007
2022-08-17,GNPX,0.12556052,2.23,2.31695,10.649511376628867,0.0,43.16018904162801
2022-08-17,SRAD,0.103333354,12.0,13.825,24.78111174149788,0.0,7.233273056057866
2022-08-18,NEGG,0.12607098,4.085,4.3388,0.0,0.0,23.04784733105928
2022-08-18,SYM,0.110616684,15.73,16.91,23.258229027388115,0.0,5.913660555884092
2022-08-19,GNS,0.16333723,8.51,8.64625,2.0203403097454906,0.0,11.56570767673847
2022-08-19,SVRE,0.111111045,2.61,2.88,0.0,0.0,34.72222222222222
2022-08-22,SVRE,0.6834532,2.78,4.272349999999999,70.41942063585188,21.417222453822298,23.406322047585057
2022-08-22,REBN,0.1315068,3.65,3.9,6.106480948603208,0.0,25.641025641025642
2022-08-22,ONCO,0.100263834,3.79,4.03745,37.208506211346936,0.0,24.76810858338803
2022-08-23,INDO,0.13896108,7.7,9.442499999999999,64.88173462073073,21.34354823420769,10.590415673815198
2022-08-24,NERV,0.19512188,4.51,5.395,55.44378874662641,61.346133273019376,18.535681186283597
2022-08-24,FLXS,0.133762,17.1,19.5,0.0,0.0,5.128205128205129
2022-08-24,GASS,0.11451614,3.1,3.2861,0.0,0.0,30.431210249231615
2022-08-24,PTON,0.10267866,11.2,13.05,26.126747006786836,3.96590453136592,7.662835249042145
2022-08-25,DXLG,0.18571436,4.2,4.782500000000001,0.0,0.0,20.909566126502874
2022-08-25,TE,0.16634429,10.57,12.3,14.689810685700499,0.3331943064659324,8.130081300813007
2022-08-26,DRUG,0.27335644,2.89,3.86895,55.64911202004108,25.78149367958941,25.846805980950904
2022-08-26,TIGR,0.13838124,3.83,4.005,0.0,0.0,24.968789013732835
2022-08-26,KC,0.13662791,3.44,3.75495,0.0,0.0,26.63151306941504
2022-08-26,API,0.10329664,4.55,5.035,0.0,0.0,19.860973187686195
2022-08-29,DRUG,0.19607842,2.55,2.9347,39.45437257343487,19.69175207748178,34.07503322315739
2022-08-30,ONCO,0.11929822,2.85,3.4097,10.439237803688348,6.4085069614872925,29.328093380649324
2022-08-30,SCOR,0.10648143,2.16,2.32505,0.0,0.0,43.009827745639875
2022-08-31,MOB,0.2540983,2.44,3.21,42.0687095998609,12.655897110763844,31.152647975077883
2022-08-31,NMTC,0.16666663,2.16,2.4,2.0424663191355754,0.0,41.66666666666667
2022-08-31,SNAP,0.123876095,10.01,10.725000000000001,21.842807321536885,4.849079735710943,9.324009324009323
2022-09-01,NTNX,0.21329486,17.3,22.3171,17.588339281715093,1.3710824451110566,4.480868930102925
2022-09-02,BIAFW,0.40476203,2.1,3.67865,0.0,0.0,27.18388539273918
2022-09-02,BIAF,0.21325302,8.3,11.05655,55.57240214008058,16.579231363002226,9.04441258801344
2022-09-02,PR,0.12732458,7.62,8.095,3.259412467232175,0.0,12.353304508956144
2022-09-06,OUT,0.12223065,17.28,18.38,0.0,0.6504058637164036,5.4406964091403704
2022-09-06,ADT,0.12201178,7.21,8.0601,0.0,3.005895814513853,12.406793960372699
2022-09-07,BIAF,0.2987013,5.39,6.525,76.1340497497934,14.641645433304136,15.32567049808429
2022-09-07,QNRX,0.19277108,3.32,3.935,16.93127205377484,12.317118555599906,25.412960609911053
2022-09-07,GETY,0.101396084,13.61,13.595,0.0,0.0,7.355645457888929
2022-09-08,AMLX,0.74860334,17.9,30.0425,20.009792380630227,11.236202675542362,3.3286177914620954
2022-09-08,ASAN,0.18434858,19.04,23.21,10.124888469376888,2.828391789875294,4.308487720809995
2022-09-09,INM,0.22209704,8.87,10.9304,99.2571097778613,0.0,9.148796018443972
2022-09-12,INM,0.3611616,11.02,14.6935,33.763620447949855,27.45052823988884,6.805730425017865
2022-09-12,QH,0.18181813,2.75,3.2,49.59909527429464,0.0,31.25
2022-09-12,ATER,0.10843372,2.49,2.72,13.738853041180406,0.0,36.76470588235294
2022-09-12,IDYA,0.10270274,9.25,10.08,0.0,0.0,9.920634920634921
2022-09-13,VNET,0.15565038,4.69,5.592499999999999,16.968269760682045,1.1101052412707548,17.88109074653554
2022-09-14,BIAF,0.37681162,4.14,5.65,81.2371226411909,22.636956489244653,17.699115044247787
2022-09-15,MTVA,0.6239619,16.86,25.054650000000002,85.89578778963366,0.547361232726491,3.991275072691097
2022-09-16,AMPX,0.5730157,9.9999,14.17,0.0,8.15898448734556,7.057163020465773
2022-09-16,AAOI,0.204,2.5,2.9513,50.65849166430728,28.535446892983853,33.88337342865856
2022-09-16,SJ,0.20000005,5.0,4.52,26.936198748135357,0.0,22.123893805309738
2022-09-19,PRPL,0.4193548,2.79,3.85,38.31396219453047,14.54065744754143,25.974025974025974
2022-09-22,VRAX,0.14144742,3.04,3.4099500000000003,33.41313197080801,0.0,29.325943195648026
2022-09-22,MTVA,0.12954688,15.67,17.403100000000002,44.28495964499277,0.0,5.746102705839763
2022-09-26,ISPC,0.16019416,2.06,2.4475,36.07865916129389,0.0,40.85801838610828
2022-09-26,MLCO,0.13018858,5.3,6.5344,16.590949966218826,5.852526811863457,15.30362389813908
2022-09-26,LESL,0.10557616,13.45,14.845849999999999,7.6699544074752986,2.6823613963820017,6.7358891542080785
2022-09-27,SKIN,0.10192311,10.4,11.950050000000001,0.0,0.0,8.368165823573959
2022-09-28,SILO,0.21568632,5.1,6.2013,12.915167535972436,0.0,16.12565107316208
2022-09-28,KPRX,0.15151513,6.6,6.88,0.04193887214787349,0.0,14.534883720930234
2022-09-28,RDNT,0.11358583,17.96,20.4,0.0,0.0,4.901960784313726
2022-09-30,SAIH,0.1637168,2.26,2.5111,15.26702877152198,0.0,39.82318505834097
2022-09-30,INM,0.118466854,5.74,7.99,91.5017846959534,0.0,12.515644555694617
2022-10-03,LVWR,0.3885795,7.18,8.645,69.40966906294865,0.0,11.56737998843262
2022-10-03,FNGR,0.24925816,3.37,5.295,26.996324188122912,40.806736375502524,18.885741265344667
2022-10-03,XPER,0.23974538,14.14,18.6,0.0,0.0,5.376344086021505
2022-10-03,SBS,0.17829454,9.11,10.73425,13.534309544636432,0.0009772796804998962,9.315974567389432
2022-10-03,PBR,0.11264539,12.34,13.675,6.1565029981526225,1.795408607547573,7.312614259597805
2022-10-04,FNGR,0.19538462,6.5,6.38205,73.52174652671955,7.454472133795822,15.668946498382182
2022-10-04,PLTK,0.1638577,9.95,11.599499999999999,6.76605578564558,0.9478310981474656,8.621061252640201
2022-10-04,VISN,0.109063506,9.56,10.967500000000001,9.502033470036068,0.0,9.117848187827672
2022-10-05,SHFS,0.27722776,5.05,7.39,97.40360875327241,32.991735854569775,13.531799729364007
2022-10-05,INDO,0.15760112,7.17,8.355699999999999,76.0663709326215,8.190878587299878,11.967878214871288
2022-10-05,TOPS,0.13812149,5.43,6.3327,78.77194957628586,43.68124968779031,15.791052789489475
2022-10-05,BNGO,0.102941155,2.04,2.135,37.311085596084695,14.120314230373602,46.8384074941452
2022-10-06,SUNE,0.51449275,2.76,3.8795,52.19289066293564,29.301950535943266,25.776517592473255
2022-10-06,BEAT,0.39072847,4.53,6.184749999999999,26.447408737673058,9.57628695614891,16.16880229596993
2022-10-06,RELL,0.10063338,15.34,17.427500000000002,0.0,0.0,5.738057667479557
2022-10-07,OSG,0.1739825,12.8,14.045,12.533394315830535,0.0,7.1199715201139195
2022-10-10,SOBR,0.28112447,2.49,3.56655,64.72135320786379,12.27040640640831,28.03830031823471
2022-10-10,KITT,0.13953483,4.73,4.72,0.0,0.0,21.186440677966104
2022-10-10,SNTI,0.111607194,4.48,4.64925,36.754484475394555,0.0701574692439634,21.5088455127171
2022-10-11,BSET,0.15113711,16.51,18.314,0.0,0.0,5.4603035928797645
2022-10-11,JOBY,0.14025974,3.85,4.099349999999999,7.41445262696962,5.814317060507048,24.394111261541468
2022-10-11,LUCY,0.111111045,2.16,2.19,0.0,0.0,45.662100456621005
2022-10-12,SUNE,0.22000003,5.0,6.44,94.17446447755707,30.570903972742496,15.527950310559005
2022-10-12,LOCO,0.1407181,9.1,10.36,0.0,0.0,9.652509652509654
2022-10-13,LASE,0.37542665,2.93,4.29505,9.132871279304373,17.97309249921985,23.282616034737664
2022-10-14,ELVN,0.383721,2.58,3.4,36.87632899444466,10.770816830600863,29.411764705882355
2022-10-14,LASE,0.22033894,4.13,5.1034500000000005,40.89886357004675,5.666571880768027,19.594587974801357
2022-10-17,XTIA,0.7384939,4.78,7.555,33.361514402705005,32.52861251035773,13.236267372600928
2022-10-17,LPL,0.15032685,4.59,5.07,0.0,0.0,19.72386587771203
2022-10-17,GROY,0.14627147,2.12,2.285,10.711158751259514,0.0,43.7636761487965
2022-10-18,VTAK,0.41284406,5.45,7.279999999999999,28.06979458407143,0.07043328182300991,13.736263736263737
2022-10-18,FUBO,0.13827169,4.05,4.5276,25.46784984305086,6.937862316635292,22.086756780634335
2022-10-18,VNET,0.11524165,5.38,5.79,6.749453432173671,0.0,17.271157167530223
2022-10-19,SOBR,0.18045115,2.66,3.14,85.33843295043488,20.452501867312332,31.84713375796178
2022-10-20,DBD,0.13656712,2.68,2.97,2.7409616717324936,0.0,33.67003367003367
2022-10-20,INDO,0.10015178,6.59,7.33005,23.525790535994208,0.0,13.642471743030402
2022-10-25,CLS,0.14842105,9.5,11.2975,11.622125577571346,0.0,8.851515822084533
2022-10-26,GRNT,0.17361653,10.225,13.3442,0.0,0.0,7.49389247763073
2022-10-28,JAKK,0.1460259,17.62,20.7225,0.0,0.0,4.825672578115575
2022-10-31,PERF,0.4363637,11.0,18.7125,0.0,0.0,5.344021376085505
2022-10-31,SXC,0.15359938,6.83,7.51,1.737795170528039,0.0,13.315579227696405
2022-10-31,JELD,0.10521233,10.36,10.3325,0.0,0.0,9.678199854827003
2022-11-01,SOFI,0.1875,5.44,6.24865,23.435196334391332,9.626132585433604,16.003456746657278
2022-11-01,GDS,0.15874851,8.63,9.99,11.740814035981748,0.0,10.01001001001001
2022-11-01,CVNA,0.127864,13.53,15.7775,17.54493431226325,4.998263573257432,6.3381397559816195
2022-11-01,KNSA,0.11821365,11.42,12.335,0.0,0.0,8.107012565869477
2022-11-01,API,0.10394263,2.79,3.07,0.0,0.0,32.57328990228013
2022-11-02,BAND,0.32357728,12.3,17.6,36.60413554659323,16.917996170624434,5.681818181818182
2022-11-02,ARCT,0.2653172,18.28,23.3062,12.356072414799344,0.0,4.290703761230917
2022-11-02,SNOA,0.13413656,2.49,3.1041,76.05212905692017,12.326090798291952,32.21545697625721
2022-11-03,NRDS,0.20262098,9.92,13.158249999999999,54.593307781746994,0.0,7.599794805540251
2022-11-03,VCYT,0.17846155,19.5,23.060000000000002,24.914285467235402,0.0,4.336513443191674
2022-11-03,TGLS,0.13579607,19.9,22.91,0.0,0.0,4.364906154517678
2022-11-03,FLWS,0.10872674,6.99,7.99,0.0,0.0,12.515644555694617
2022-11-03,SUIG,0.10486889,2.67,2.51,0.0,0.0,39.8406374501992
2022-11-04,SNTG,0.5424013,3.04,4.895,0.0,30.136516139826387,20.42900919305414
2022-11-04,DMRC,0.25597274,14.65,18.63,0.0,0.0,5.367686527106817
2022-11-04,XPEV,0.17055392,6.86,7.8525,0.8555536586459531,5.883783045018378,12.734797835084368
2022-11-04,BILI,0.16159499,9.53,10.6125,0.0,0.0,9.422850412249705
2022-11-04,OEC,0.14046824,15.35,17.48,1.0676210107284045,0.0,5.720823798627002
2022-11-07,DJT,0.28546906,17.48,21.44005,32.36784394880087,18.039131718660006,4.664168227219619
2022-11-07,VERU,0.15942025,10.35,12.97765,103.27424430538117,16.444260858880263,7.705555320108031
2022-11-07,PERF,0.15594327,9.17,9.849,0.0,0.0,10.15331505736623
2022-11-07,CERT,0.12863863,10.65,12.6475,1.7489932728250221,0.0,7.906700929037359
2022-11-07,TIGO,0.12856424,11.8,13.013449999999999,0.0,0.0,7.684357337984932
2022-11-08,HIMS,0.27056277,4.62,5.52075,25.44231878509646,0.0,18.113480958203144
2022-11-08,FULC,0.15329766,5.61,5.875,0.0,0.0,17.02127659574468
2022-11-08,TASK,0.15311015,16.04,21.13545,55.28790498259338,0.0,4.731387313731196
2022-11-08,OPRT,0.14698803,4.15,5.322,0.9489601286589942,0.0,18.789928598271327
2022-11-08,GRWG,0.12688828,3.31,4.27,30.976674395099494,7.461971838532973,23.4192037470726
2022-11-09,HCAT,0.31993818,6.47,8.195,62.68100247208751,0.0,12.202562538133007
2022-11-09,RNA,0.23897064,13.6,14.48,0.0,0.0,6.906077348066298
2022-11-09,ARRY,0.20730269,16.98,19.7214,16.03355605841955,7.038213179378293,5.070633930654011
2022-11-09,RAMP,0.1792574,15.62,18.5625,16.00867708842376,0.0,5.3872053872053876
2022-11-09,OSUR,0.16901398,4.26,4.76,0.0,0.0,21.008403361344538
2022-11-10,RPAY,0.33561635,4.38,6.06,29.2960804544979,0.4883978290388772,16.501650165016503
2022-11-10,APPS,0.28876507,10.77,14.7659,17.961086361741014,4.633877530534833,6.772360641748894
2022-11-10,MGNI,0.24567461,5.78,8.217849999999999,24.088128620433224,0.7304632095228849,12.168632914935174
2022-11-10,WRBY,0.20408165,13.23,16.22,10.115062743598706,0.0,6.165228113440198
2022-11-10,PRTS,0.19602978,4.03,5.0,20.157908293560162,0.0,20.0
2022-11-11,SNAL,0.8666667,2.25,3.915,60.32003041690782,5.481416173653581,25.54278416347382
2022-11-11,VS,0.19999993,3.0,3.69,0.0,0.7752066652410319,27.100271002710027
2022-11-11,BEKE,0.18045115,11.34,13.2025,32.61597184225537,3.0331174880994696,7.574323044877864
2022-11-11,PSNY,0.17763162,4.56,5.297499999999999,41.07764242261185,3.2331287168677787,18.876828692779615
2022-11-11,LZ,0.16807616,9.46,10.32,19.520857628327008,0.0,9.689922480620154
2022-11-14,ASTS,0.15515292,8.83,9.0475,37.76038301119964,4.6223996909433875,11.052777010223819
2022-11-14,ATAT,0.13978493,12.88,13.46495,11.182587792936753,0.0,7.42668929331338
2022-11-14,GSUN,0.119089365,5.71,5.8808,65.0412078413686,0.0,17.00448918514488
2022-11-14,HCM,0.116161704,9.9,11.39,0.0,0.0,8.779631255487269
2022-11-14,BEKE,0.11574805,13.53,14.36455,22.685574325665772,2.3781639105960957,6.961582506935477
2022-11-15,SUNE,0.293617,2.35,3.5170500000000002,42.282357841275754,16.856960929869455,28.43291963435265
2022-11-15,BILI,0.16071427,12.88,15.0903,2.639958749372191,3.869474516031348,6.62677349025533
2022-11-15,FDMT,0.16011858,13.49,16.49,0.0,0.055241828289999635,6.064281382656156
2022-11-15,NU,0.121839166,4.35,4.9877,15.928643003529475,11.217685338156242,20.049321330472964
2022-11-15,GDS,0.11439121,13.55,15.665,10.215064666879028,0.0,6.383657835939994
2022-11-16,AIRS,0.13268614,3.09,3.685,13.572440158672423,0.0,27.137042062415198
2022-11-16,INM,0.12949646,2.78,3.98635,69.36695547299304,25.03518911453318,25.085604625785493
2022-11-16,SRAD,0.1123153,10.15,12.229949999999999,13.828732669889055,0.0,8.176648310091212
2022-11-17,ALTI,0.27177703,8.61,10.175,17.03998115839835,0.0,9.828009828009828
2022-11-18,GRND,0.45313835,11.63,18.46,0.0,9.266877527988175,5.417118093174431
2022-11-18,STNE,0.14790285,9.87,11.27,23.402273348190025,5.318096180405437,8.873114463176575
2022-11-18,GSUN,0.14285707,2.31,2.47,0.0,9.737236138997662,40.48582995951417
2022-11-21,SHC,0.27574754,6.02,9.21,0.0,7.446373024596357,10.857763300760043
2022-11-21,AIIO,0.13188982,5.08,6.9425,33.788084292113204,0.0,14.404033129276197
2022-11-22,ANF,0.18840587,18.63,22.05,34.33403519516649,2.9710905730683694,4.535147392290249
2022-11-23,GSUN,0.21674883,2.03,2.1805000000000003,91.74311926605465,0.5559022916037603,45.86104104563173
2022-11-23,MANU,0.10040164,14.94,16.94995,31.54717283442428,3.6316043571428787,5.89972241806023
2022-11-25,NAMS,0.14299512,10.35,9.3613,0.0,0.0,10.682277034172603
2022-11-25,XGN,0.11176467,3.4,3.635,19.166747910128752,0.0,27.51031636863824
2022-11-29,DRS,0.1704756,9.87,10.694949999999999,12.594127488106503,0.0,9.350207340847785
2022-11-29,BILI,0.13502777,12.59,14.86075,22.696029781177074,3.700895792361212,6.729135474319937
2022-11-29,BZ,0.10983825,15.08,17.18,4.570650172733583,0.0,5.820721769499418
2022-11-30,XPEV,0.16348767,7.34,9.219999999999999,35.75758590137194,1.5952217696270705,10.84598698481562
2022-11-30,BBW,0.14377177,19.38,21.41,0.8709709140181181,0.0,4.670714619336758
2022-11-30,WOOF,0.12223387,9.49,10.465,16.632689827639613,0.0,9.555661729574773
2022-12-01,TOPS,0.40397346,3.02,4.6983,100.01095349812823,30.504107917576697,21.284294319221846
2022-12-01,VTAK,0.2571429,2.45,2.9448499999999997,50.46320700508402,19.205857468059836,33.95758697386964
2022-12-01,HTCO,0.22920513,5.41,7.16,26.796371639671005,0.0,13.966480446927374
2022-12-01,HCM,0.104699016,12.13,13.4,3.433733035133242,0.0,7.462686567164179
2022-12-01,EHTH,0.10393262,3.56,4.1357,40.337399280112926,6.179657413458379,24.179703556834394
2022-12-02,TOPS,0.630854,3.63,5.175,91.08929891136123,23.96706875031134,19.32367149758454
2022-12-02,AVXL,0.41713643,8.87,11.184899999999999,48.5263053410659,10.888543575910603,8.940625307333995
2022-12-02,VTAK,0.27760255,3.17,3.97,22.868032390114106,16.237549147036663,25.188916876574307
2022-12-02,IOT,0.19191921,9.9,12.26,7.790845295204583,1.620525106482157,8.156606851549755
2022-12-05,IOVA,0.2046783,6.84,8.05495,15.575848381278576,2.90642659465241,12.414726348394465
2022-12-05,DBGI,0.14666665,3.75,4.3887,112.15400814693558,24.51005253893437,22.78579078086905
2022-12-05,XPEV,0.13187778,11.45,11.975000000000001,0.488889734076615,5.2395826644870995,8.35073068893528
2022-12-05,ENSC,0.13023257,2.15,2.28,43.59242168244188,0.0,43.85964912280702
2022-12-05,EH,0.12762237,5.72,6.797499999999999,0.0,8.24881111255816,14.71129091577786
2022-12-07,MSC,0.16550112,4.29,4.5,0.0,0.0,22.22222222222222
2022-12-07,REPL,0.16304922,18.89,22.23,0.0,0.0,4.49842555105713
2022-12-08,MOMO,0.13533843,5.25,6.72495,49.3180875081714,1.3658808196072707,14.869999033450064
2022-12-12,RDGT,0.20845926,3.31,4.37,48.909734182180735,0.0,22.88329519450801
2022-12-12,COGT,0.17387378,11.1,12.19675,0.06471087752897321,0.0,8.198905446122943
2022-12-12,DFSC,0.15384614,2.86,3.25885,39.7999115765237,0.0,30.685671325774432
2022-12-12,BIVI,0.13544309,7.9,9.392700000000001,46.69993901754445,0.8707831300866772,10.646565950152777
2022-12-13,ACMR,0.27064216,8.72,10.754999999999999,0.0,0.0,9.298000929800093
2022-12-13,WVE,0.19113576,3.61,4.3725000000000005,17.062919268922876,2.52557627837488,22.87021154945683
2022-12-13,SDGR,0.18790364,17.03,19.865000000000002,17.51789321196929,0.0,5.03397936068462
2022-12-13,NUWE,0.17155552,11.25,13.1097,0.8554874139858666,0.25668839989567704,7.62793961722999
2022-12-13,CVNA,0.12929296,4.95,5.3644,37.5588877923941,8.372428092601202,18.641413764819923
2022-12-14,RNA,0.3770492,10.98,14.59245,56.48093981767573,24.089797916950744,6.852858841387156
2022-12-15,OPAL,0.10363388,7.43,7.75,0.0,0.0,12.903225806451612
2022-12-15,HURA,0.10112357,8.01,9.08105,0.0,0.0,11.011942451588748
2022-12-16,LANV,0.27653992,7.63,8.80415,0.0,0.0,11.358279902091628
2022-12-16,PL,0.115618706,4.93,5.3525,0.0,0.0,18.682858477347033
2022-12-19,VKTX,0.35572135,4.02,5.888450000000001,70.19184401250098,37.90565335049316,16.98239774473758
2022-12-19,ZYME,0.27863777,6.46,7.6125,7.279255929840488,2.1489504577050544,13.136288998357964
2022-12-20,QS,0.12991452,5.85,6.032500000000001,28.15843448267223,7.854544265080851,16.576875259013676
2022-12-20,CGNT,0.12765968,2.35,2.4725,0.0,0.0,40.44489383215369
2022-12-20,MUFG,0.11344874,5.55,6.237500000000001,3.448734305632652,4.552255562740732,16.03206412825651
2022-12-20,EVER,0.10461831,10.61,12.254999999999999,0.0,0.0,8.159934720522237
2022-12-21,ADCT,0.14150941,3.18,3.27,31.122827567832008,0.65959415878991,30.581039755351682
2022-12-21,FRMM,0.13452911,2.23,2.33965,50.66539715151993,18.728602885125767,42.74143568482466
2022-12-21,SINT,0.13386881,7.47,11.125,20.835540911187874,33.20273671832737,8.98876404494382
2022-12-21,HTCO,0.12077296,2.07,1.795,0.0,0.0,55.71030640668524
2022-12-21,DSGN,0.11662531,8.06,8.9952,0.0,0.0,11.11704019921736
2022-12-22,ORIC,0.46333325,3.0,4.3749,80.17588562108934,9.794009522189022,22.857665318064413
2022-12-28,KALA,0.5969387,3.92,8.1967,150.69928068629383,82.94410694405809,12.200031720082473
2022-12-29,NUWE,0.34242094,9.17,13.094999999999999,0.0,0.0,7.636502481863308
2022-12-29,KALA,0.29246795,12.48,15.16,52.455627529413874,24.11386311081782,6.596306068601583
2022-12-30,PALI,0.3167702,3.22,4.945,45.32908311768431,44.59614611619783,20.222446916076844
2022-12-30,DBGI,0.27499998,4.4,4.99015,66.46896028402789,3.2223641792831206,20.03947777120928
2023-01-03,GRRR,0.4451295,8.11,9.88165,43.98049175611358,0.0,10.119767447744051
2023-01-03,HIND,0.43323445,6.74,13.15455,22.187564241130367,48.999159257502036,7.6019324112189315
2023-01-03,AUPH,0.30555546,4.32,5.7825,23.948042137700185,6.568377072311871,17.29355814958928
2023-01-03,ACMR,0.26977944,7.71,10.23,0.0,0.0,9.775171065493646
2023-01-03,FRMM,0.1592921,3.39,4.42495,123.86705493176947,51.255877939876775,22.599125413846483
2023-01-04,GERN,0.42083335,2.4,3.7278000000000002,71.77212301341135,17.220764814399885,26.825473469606738
2023-01-04,INM,0.26696825,2.21,2.5749,43.67148756054319,0.05810557685177771,38.83645966833664
2023-01-04,KC,0.13705587,3.94,4.49815,18.32517709870972,0.0,22.23136178206596
2023-01-04,GEG,0.118483424,2.11,2.26,0.0,0.0,44.247787610619476
2023-01-04,SCLX,0.117875576,5.3136,5.300599999999999,0.0,0.0,18.865788778628836
2023-01-05,HKD,0.69598997,10.0,19.494999999999997,210.13669272802525,52.72738234297377,5.129520389843551
2023-01-05,TWAV,0.5429863,2.21,2.6296,0.0,0.0,38.02859750532401
2023-01-05,XHG,0.39682305,2.77,2.96765,95.5196907818889,0.0,33.696696038953384
2023-01-06,IMNM,0.21656048,4.71,5.49,9.280672618290085,0.0,18.21493624772313
2023-01-06,AEHR,0.21598148,17.27,22.435000000000002,76.39763625310134,3.7246668381635266,4.457321149988856
2023-01-06,SRTS,0.14013612,7.35,8.205,11.373469562144168,0.0,12.187690432663011
2023-01-06,TKC,0.11018908,4.63,5.21,0.0,0.0,19.193857965451055
2023-01-09,VYGR,0.23994255,6.96,8.217,71.3527755323725,0.0,12.169891687963977
2023-01-09,SPRB,0.14049578,2.42,2.4450000000000003,72.57397719591559,20.942408376964828,40.89979550102249
2023-01-09,ARHS,0.1283139,10.24,11.39,11.54358225903676,0.0,8.779631255487269
2023-01-09,ALVO,0.118359804,10.73,12.28,0.0,0.0,8.143322475570033
2023-01-10,SHC,0.7476852,8.64,15.190000000000001,11.3217760858918,0.5166128341023133,6.583278472679393
2023-01-10,FRO,0.24008298,11.33,13.515,5.412835673036658,2.719795869337087,7.3991860895301516
2023-01-10,NUWE,0.16309011,9.32,9.491050000000001,62.72325347899594,0.0,10.536242038552109
2023-01-10,CMND,0.15363133,3.58,3.9619,0.0,0.0,25.24041495242182
2023-01-11,BWEN,0.5973451,2.26,3.85495,93.47893800403726,22.590731890120438,25.94067367929545
2023-01-11,LASE,0.1699605,2.53,3.1754,20.296832689623916,2.271494243035371,31.49209548403351
2023-01-11,INM,0.13043475,2.3,2.5661,70.04137340314354,0.0,38.96964264837691
2023-01-11,ERAS,0.12800002,3.75,4.08,0.0,0.0,24.509803921568626
2023-01-11,HKD,0.112843275,13.47,14.30995,56.18979806046313,3.2495234401494693,6.988144612664614
2023-01-12,VTAK,0.17142856,3.15,3.5819,16.349804288977563,0.0,27.91814400178676
2023-01-12,BAER,0.11823201,9.05,10.18,0.0,0.0,9.82318271119843
2023-01-12,VISN,0.11180413,7.49,8.3575,0.0,2.031642552451493,11.965300628178284
2023-01-12,MARA,0.10986972,5.37,5.50445,25.492845049314003,5.527030747953926,18.167119330723324
2023-01-12,HIVE,0.10389614,2.31,2.3681,2.3570141136272125,0.0,42.22794645496389
2023-01-13,SPCE,0.13203454,4.62,5.032500000000001,20.65972370635813,7.396134229918143,19.87083954297069
2023-01-17,SI,0.219697,13.2,15.325,22.902416350564476,10.721230257181821,6.525285481239805
2023-01-17,TKC,0.12883437,4.35,4.8593,0.0,0.0,20.579095754532545
2023-01-17,SCLX,0.1197319,7.6,8.07,0.0,0.0,12.391573729863692
2023-01-17,CAN,0.115254164,2.95,3.2,15.45659233252117,0.0,31.25
2023-01-17,GP,0.10897434,3.12,3.6475,0.0,0.0,27.416038382453735
2023-01-18,NRGV,0.1404494,3.56,4.573,40.969764127997685,5.044758289358717,21.86748305270063
2023-01-18,ACHR,0.108527064,2.58,3.09,12.39615162154332,5.780041111706854,32.36245954692557
2023-01-18,ATLX,0.10613215,8.48,10.275,0.0,18.908925896834933,9.732360097323602
2023-01-19,RNXT,0.1808219,3.65,4.4901,0.0,,22.271218903810606
2023-01-20,GNS,1.4258375,2.09,4.14595,116.95983377072383,33.19218844376569,24.119924263437813
2023-01-20,COSM,0.10355985,3.09,3.7668999999999997,40.76733453525477,1.5828303476133316,26.54702806020866
2023-01-23,CVKD,0.3131069,4.12,5.18655,50.91495286461061,0.0,19.28063934600071
2023-01-23,XHG,0.2896825,2.52,2.8075,0.0,0.0,35.61887800534283
2023-01-23,VUZI,0.117886186,4.92,5.345,0.0,0.0,18.709073900841908
2023-01-23,HCM,0.1027714,17.32,18.415,0.0,0.0,5.430355688297584
2023-01-24,PBR,0.23273468,11.73,11.825,0.0,2.549144527612797,8.456659619450317
2023-01-24,NCLH,0.19458771,15.52,15.73,3.8784505446750797,1.257878989065744,6.357279084551812
2023-01-24,NIO,0.19071305,12.06,12.0872,0.0,4.603929180932476,8.273214640280628
2023-01-24,PLTR,0.18699193,7.38,7.28,3.3307837232114137,8.45638529662365,13.736263736263735
2023-01-25,TIGO,0.18312097,14.83,17.00005,0.0,0.0001129348901631696,5.882335640189293
2023-01-25,EHTH,0.15313649,5.42,6.865,20.873983933041334,2.5837575097769365,14.56664238892935
2023-01-27,CRGO,0.40896094,10.49,11.9,0.0,0.0,8.403361344537815
2023-01-27,BZFD,0.26315796,2.09,2.62255,75.92427339663736,24.721895575834683,38.13082686698061
2023-01-27,CETX,0.11016953,5.9,6.2757,0.0,0.0,15.934477428812723
2023-01-30,GNS,0.42025316,3.95,5.3487,44.43727257484523,34.50085200476687,18.696131770336716
2023-01-30,BBAI,0.24793386,2.42,2.7794,53.293444927068634,62.036670488083615,35.978988270849825
2023-01-30,DVLT,0.13260865,9.2,10.45835,48.09049060708981,0.0,9.561737750218725
2023-01-30,SCLX,0.112401724,8.81,9.24005,0.0,0.0,10.82245225945747
2023-01-30,SOFI,0.10942757,5.94,6.71255,0.0,8.531032473395666,14.89746817528361
2023-01-31,ATCX,1.1937845,5.47,12.07,3.247043957990033,8.29531314807131,8.285004142502071
2023-01-31,CVNA,0.10800004,10.0,10.34345,41.88894143490447,5.532265434301456,9.667954115889765
2023-02-01,EDBL,0.2175926,10.8,13.55,63.260497585973326,0.0,7.380073800738007
2023-02-01,SMX,0.1181103,10.16,12.0,0.0,0.0,8.333333333333334
2023-02-01,BZFD,0.11304343,2.3,2.4648,12.032973473933522,26.25691668557346,40.57124310288867
2023-02-02,GNS,0.3339622,5.3,6.65495,8.085702195085338,26.619549706216684,15.026408913665767
2023-02-02,CVNA,0.28539824,13.56,17.43695,0.0,18.28157168019638,5.734947912335587
2023-02-02,SI,0.19458127,16.24,19.7473,58.858736627231956,11.353253178862117,5.063983430646215
2023-02-02,FLWS,0.19080234,10.22,12.2205,19.09807970969371,0.0,8.182971236856103
2023-02-02,OPEN,0.116666675,2.4,2.7304000000000004,18.430521758929377,19.854040055456114,36.624670377966595
2023-02-03,HIND,1.0857143,6.3,16.75,0.0,29.730765241920253,5.970149253731344
2023-02-06,SOUN,0.2765957,2.82,3.9025,41.135980222562594,30.45472240233653,25.624599615631006
2023-02-06,QUBT,0.20731711,2.46,2.925,52.219684790326774,17.30021363127575,34.18803418803419
2023-02-06,BZFD,0.16822422,2.14,2.26,25.89895962015249,24.740783958245324,44.247787610619476
2023-02-06,ARQQ,0.15600002,2.5,3.165,43.75372237482184,16.964465018863375,31.595576619273302
2023-02-06,BBAI,0.11337185,5.19,5.9452,36.46250033156869,26.139910022004656,16.820292000269124
2023-02-07,LUCY,0.19215679,2.55,3.4450000000000003,90.12957110152368,26.979314395214733,29.027576197387514
2023-02-08,TIGO,0.116701484,16.89,18.92,0.0,0.0,5.285412262156448
2023-02-09,APP,0.36198735,12.68,16.884999999999998,19.421380494052798,1.2510974276261921,5.922416345869116
2023-02-09,BLBD,0.17971015,13.8,18.035,0.0,0.0,5.544774050457444
2023-02-09,QNST,0.16369855,14.6,17.2775,9.973668544638688,0.0,5.7878744031254525
2023-02-09,SONO,0.15285552,17.86,20.2875,7.804077092027995,1.021148829548946,4.929143561306223
2023-02-09,PWP,0.12635088,10.32,11.23,0.0,0.0,8.904719501335707
2023-02-10,EDBL,0.13947988,4.23,4.592499999999999,64.6227989989079,0.0,21.77463255307567
2023-02-10,CRSR,0.1078043,15.12,16.5625,0.0,0.0,6.037735849056604
2023-02-13,DDL,0.17479682,4.92,5.705,36.21656370312946,0.0,17.5284837861525
2023-02-13,OCUL,0.14987075,3.87,4.768599999999999,0.0,10.726903411853701,20.970515455269894
2023-02-13,TIGO,0.1266625,18.64,20.705,0.0,0.0,4.8297512678097085
2023-02-13,FSLY,0.12462008,9.87,11.76875,0.0,7.726491129179194,8.49707912904939
2023-02-13,XPON,0.12337661,3.08,3.3325,36.16057562330988,37.20687864253411,30.00750187546887
2023-02-14,PLTR,0.12877798,7.61,8.432500000000001,28.723407899734738,4.444386213732586,11.858879335902756
2023-02-14,LICN,0.11814344,4.74,5.220000000000001,56.94541282932479,0.0,19.157088122605362
2023-02-15,OSUR,0.1825558,4.93,5.345,36.376146738034265,0.0,18.709073900841908
2023-02-15,ADPT,0.14516115,8.68,9.36,0.0,0.7875963958448584,10.683760683760685
2023-02-16,LUNR,0.20251179,12.74,15.4495,0.0,33.43229019756661,6.472701381921745
2023-02-16,CYH,0.15944886,5.08,6.615,39.94344796227304,12.970096442035423,15.11715797430083
2023-02-17,AORT,0.1500001,13.2,14.03,0.0,0.0,7.127583749109053
2023-02-17,DKNG,0.1235261,17.81,20.478,38.037956001903446,7.770440482601944,4.883289383728879
2023-02-21,MTW,0.10306406,14.36,16.877499999999998,0.0,0.0,5.925048141016147
2023-02-22,VRT,0.11439848,15.26,16.825000000000003,35.178336689506935,1.7449763636832303,5.943536404160475
2023-02-23,LUNG,0.3972602,8.76,10.8575,14.664896506358936,0.0,9.210223347916187
2023-02-23,RELY,0.19828331,11.65,13.35175,20.117518941757623,0.0,7.489654914149831
2023-02-23,GSM,0.19145334,4.28,5.205,24.55946068490628,2.3064341889582165,19.21229586935639
2023-02-23,MRVI,0.17932034,13.83,15.94,13.404949876947343,0.0,6.273525721455458
2023-02-23,ENVX,0.15942037,8.28,9.809750000000001,25.37836878116919,0.0,10.193939702846656
2023-02-24,BAER,1.2669005,4.42,9.26,324.69094026479917,25.962792937422957,10.799136069114471
2023-02-24,MAX,0.15931034,14.5,16.45,1.226823096637299,0.0,6.079027355623101
2023-02-24,BYND,0.14060676,17.14,20.97935,3.1825088539053406,0.6197334256758794,4.766591910616868
2023-02-24,RLAY,0.12105572,17.43,18.27,0.0,0.0,5.473453749315818
2023-02-24,GDYN,0.11478126,12.11,13.025,0.0,0.0,7.677543186180422
2023-02-27,OPRA,0.1612798,7.31,8.646,30.09900123308245,0.0,11.566042100393245
2023-02-27,PSHG,0.1569506,2.23,2.4450000000000003,0.0,0.0,40.89979550102249
2023-02-27,DYN,0.13706887,11.6,12.6325,0.0,0.0,7.916089451810805
2023-02-28,SIBN,0.16765058,16.94,20.067500000000003,4.168583276183151,0.0,4.983181761554752
2023-02-28,SKIN,0.14840996,11.32,12.475000000000001,19.504663034184897,0.0,8.016032064128256
2023-02-28,SINT,0.12288141,2.36,2.57,1.430294064884557,3.394621695091514,38.91050583657588
2023-02-28,GNLX,0.10720003,12.5,13.25,0.0,0.0,7.547169811320755
2023-02-28,HIMS,0.10466325,9.65,11.05005,36.234111439165446,2.4523786843413644,9.049732806638884
2023-03-01,OKYO,0.23318386,2.23,2.5054999999999996,96.99465975805425,0.0,39.91219317501497
2023-03-01,GDRX,0.18714559,5.29,5.8175,9.462281306301342,0.0,17.189514396218307
2023-03-01,SMX,0.1760273,14.6,15.39,128.04566204218685,0.0,6.49772579597141
2023-03-01,BGS,0.15079832,12.67,15.95,35.19757520176148,3.4731064054622958,6.269592476489028
2023-03-02,EYPT,0.10410094,3.17,3.04,0.0,0.0,32.89473684210526
2023-03-02,RNXT,0.100000024,5.1,5.305,0.0,0.0,18.85014137606032
2023-03-03,ARDX,0.17647064,2.89,3.58005,22.029159759448643,14.499758244446179,27.9325707741512
2023-03-03,IOT,0.14099538,16.88,18.809,27.774206644044625,2.242028971680901,5.31660375352225
2023-03-03,OKYO,0.101769924,2.26,2.33,0.0,0.0,42.918454935622314
2023-03-06,BBIO,0.6550138,10.87,17.836199999999998,21.05936366996891,9.143884645783125,5.606575391619292
2023-03-06,KALA,0.2656716,16.75,19.9941,102.80754093727171,29.499157318812085,5.0014754352534
2023-03-06,AZUL,0.24278855,4.16,6.0739,51.27671694411926,5.020657000032608,16.463886465038936
2023-03-07,WW,0.24547815,3.87,5.07,51.90711713378821,13.104970488769304,19.72386587771203
2023-03-07,SLND,0.13586962,9.2,9.7701,0.0,0.0,10.23530977165024
2023-03-07,PTGX,0.11644733,15.2,17.5122,14.50013429247885,7.1805676614229395,5.710304816071082
2023-03-08,LFST,0.17088616,4.74,5.975,6.524641727959032,3.618571268519906,16.736401673640167
2023-03-08,ARLO,0.16246498,3.57,4.6032,26.642184705856575,10.958842726142887,21.724018074383036
2023-03-09,SMX,0.18131864,3.64,4.2753,104.83063610821605,0.0,23.39017144995673
2023-03-09,TORO,0.16602325,3.85,5.315049999999999,226.6705309916191,2.001496533752049,18.814498452507504
2023-03-09,ASAN,0.12921357,17.8,21.3875,35.32313285810931,5.3645292103628055,4.67562828755114
2023-03-09,KLXE,0.12306559,13.57,15.92,0.0,0.0,6.28140703517588
2023-03-09,MGNX,0.109090924,5.5,5.995,0.0,0.0,16.680567139282736
2023-03-10,MYPS,0.2103746,3.47,4.151400000000001,16.23529582005205,0.0,24.088259382377025
2023-03-10,NEUP,0.19533527,3.43,3.65,0.0,0.0,27.397260273972602
2023-03-10,JYNT,0.1938461,16.25,16.41,0.0,0.0,6.0938452163315056
2023-03-10,SI,0.17605639,2.84,3.02285,58.930600872700715,15.37847024206422,33.08136361380816
2023-03-10,RAIN,0.13981044,8.44,8.54,0.0,0.0,11.7096018735363
2023-03-13,ZIM,0.13986671,19.57,23.29005,5.506739493873986,7.287960312185207,4.293679060371274
2023-03-13,HMY,0.11371899,3.16,3.57,0.0,4.279881527718775,28.011204481792717
2023-03-14,KEY,0.19437683,11.38,13.2225,0.0,6.69708088996923,7.562866326337682
2023-03-14,LX,0.18262815,2.24,2.34,0.0,0.0,42.73504273504274
2023-03-14,WAFDP,0.1753732,14.0,15.61,0.0,0.0,6.406149903907751
2023-03-14,HBAN,0.17115223,11.12,12.3975,7.836615408044937,8.939103559784439,8.066142367412784
2023-03-14,CUBI,0.16245699,17.42,20.595,0.0,0.0,4.855547462976451
2023-03-15,CTOS,0.107765436,6.31,6.672499999999999,0.0,0.0,14.986886474334959
2023-03-16,EVCM,0.2734375,8.96,10.8975,0.0,0.0,9.176416609314062
2023-03-16,PATH,0.17213106,14.64,17.33,29.562586038238237,1.9326967655222533,5.770340450086556
2023-03-16,PCT,0.13626838,4.77,6.36075,26.643351183659767,0.0,15.721416499626615
2023-03-17,HUBC,0.17991626,2.39,2.7304500000000003,36.429872495445665,20.142118756575822,36.623999707008
2023-03-17,MARA,0.10091734,7.63,7.92025,26.52537640739871,5.945584181479912,12.62586408257315
2023-03-20,FLG,0.39410484,6.54,8.785,9.49000794770496,6.7799624762209625,11.383039271485487
2023-03-20,NSLR,0.18099713,2.93,3.43995,0.0,0.0,29.070189973691477
2023-03-21,EDBL,0.11653113,3.69,4.0625,8.295426580262639,0.0,24.615384615384617
2023-03-21,WTTR,0.10731709,5.6,6.43,0.5622956626981953,0.0,15.552099533437016
2023-03-21,HLIT,0.10007632,13.09,14.54,0.0,0.0,6.87757909215956
2023-03-22,GME,0.5070822,17.65,23.817500000000003,75.13270526204909,6.89217852741583,4.198593471187152
2023-03-22,CVNA,0.27994955,7.93,9.1699,10.618235105122194,9.115027678668804,10.905244331999258
2023-03-23,SCYX,0.100000024,2.0,1.97,44.70516440076438,0.0,50.76142131979695
2023-03-24,PEPG,0.18483412,16.88,17.295,0.0,,5.782017924255564
2023-03-24,AFYA,0.12361932,9.96,10.54,0.0,0.0,9.487666034155598
2023-03-24,RNW,0.11161733,4.39,4.672499999999999,0.0,2.4016375387259097,21.401819154628146
2023-03-27,PYXS,0.42533934,2.21,2.9525,0.0,21.26131034088001,33.86960203217612
2023-03-27,GHRS,0.13366961,7.93,8.33325,0.0,0.0,12.000120001200013
2023-03-28,BMEA,0.49060273,15.43,23.668149999999997,57.61053415119849,22.42709309137552,4.225087300866354
2023-03-28,OSCR,0.36490262,3.59,5.5146999999999995,44.83745950474873,13.507061066514753,18.133352675576187
2023-03-28,VKTX,0.3497808,9.12,13.31605,32.108563494932746,13.031123522455719,7.509734493336988
2023-03-28,PYXS,0.12962961,2.7,3.0518,50.67515731634923,46.1678814090184,32.767547021429976
2023-03-29,ARCT,0.2451613,15.5,18.4813,25.75713586940072,0.8579553600057319,5.4108747761250555
2023-03-29,EBS,0.19775283,8.9,9.125,33.48979344591018,0.00032636098623933655,10.95890410958904
2023-03-29,NABL,0.1358025,12.15,13.7225,1.943243570468853,0.0,7.2873018764802335
2023-03-30,APLM,0.7206291,10.81,25.42,80.72410418757454,0.0,3.9339103068450036
2023-03-30,CXM,0.18382359,10.88,12.6,22.5972414427641,0.0,7.936507936507937
2023-03-30,RNXT,0.15128195,3.9,4.5,1.5278711850504285,0.0,22.22222222222222
2023-03-30,EVGO,0.13913047,5.75,7.1661,27.227879848434853,7.225616257895545,13.954591758418108
2023-03-30,FLNC,0.10461545,16.25,18.725,14.67293146677003,0.0,5.340453938584779
2023-03-31,PALI,0.20754719,2.65,3.21965,60.82123745042525,27.921864226297203,31.0592766294473
2023-03-31,OABI,0.17378914,3.51,3.85,0.0,0.0,25.974025974025974
2023-04-03,GFAI,0.15960455,7.08,9.1293,21.427341627380116,34.394914056957205,10.953742346072534
2023-04-03,VNET,0.15432096,3.24,3.8901,8.053368836172616,0.0,25.706280044214804
2023-04-03,PYXS,0.12219441,4.01,4.42045,22.371262567747948,12.635917252520008,22.62213123098327
2023-04-03,NINE,0.120503664,5.56,6.505,13.80636590858223,0.0,15.372790161414297
2023-04-04,BFRG,0.45842218,4.69,8.445350000000001,0.5977633343752397,19.14924734563096,11.840835489352127
2023-04-04,CDLX,0.39130437,3.45,4.478149999999999,41.736114285838184,30.638750651448802,22.33064993356632
2023-04-04,PHAT,0.13881397,7.42,8.1,2.660916244023409,0.0,12.345679012345679
2023-04-05,IFRX,0.3289125,3.77,5.56155,156.73319670619807,36.50412537054832,17.980598933750482
2023-04-05,GRRR,0.10204089,2.94,3.39505,48.28498505417457,0.0,29.45464720696308
2023-04-06,GRRR,0.14666677,3.0,3.2575,48.24210475954534,1.6058501558650804,30.698388334612435
2023-04-10,GFAI,0.292549,12.75,17.784950000000002,25.607493573139724,17.42723953393421,5.622731579228504
2023-04-10,ELOX,0.13297868,5.64,6.33995,0.0,30.66073028999736,15.77299505516605
2023-04-11,WW,0.41747582,4.12,5.8724,30.813583360411812,13.975157338351744,17.02881275117499
2023-04-11,CGNT,0.11436951,3.41,4.0275,11.270576412510701,0.0,24.829298572315334
2023-04-12,MDAI,0.26190472,10.5,13.0,0.0,0.0,7.6923076923076925
2023-04-12,SPNT,0.12081349,8.36,9.38,0.0,0.0,10.660980810234541
2023-04-13,FRGT,0.118466854,2.87,3.1298,30.096203180825615,0.0,31.950923381685733
2023-04-14,CXAI,1.6297336,7.13,17.0625,198.30266227117778,46.05906607448951,5.86080586080586
2023-04-14,BFRG,0.15892851,5.6,6.63,62.76102538008316,20.228376473473332,15.082956259426847
2023-04-14,PRPL,0.12946427,2.24,2.60695,0.0,0.0,38.35900189877059
2023-04-17,CNSP,0.54042554,2.35,3.4418499999999996,63.01735883712387,37.494227521529986,29.054142394351878
2023-04-17,XPEV,0.11290324,9.92,11.092500000000001,5.611222792179706,2.535164970874575,9.015100292990759
2023-04-17,ROIV,0.10267234,7.11,7.737500000000001,0.0,3.372403754003086,12.924071082390952
2023-04-18,LZ,0.10113585,9.245,10.32,0.0,0.0,9.689922480620154
2023-04-19,LUNR,0.24038458,10.4,12.72155,55.80131054370015,9.660604776656609,7.860677354567643
2023-04-20,DRMA,0.203125,2.56,3.145,34.617490266777565,0.0,31.79650238473768
2023-04-20,MDXH,0.20059896,3.34,3.9703999999999997,31.915293067769976,0.0,25.18637920612533
2023-04-20,KC,0.1010102,6.93,7.75955,9.421087096869734,0.0,12.887345271310837
2023-04-21,BWEN,0.12554109,4.62,5.3314,0.018802107292097324,0.0,18.75679933976066
2023-04-24,GETY,0.55731225,5.06,7.2303,0.0,8.324863287688821,13.830684757202329
2023-04-24,IDYA,0.19691896,14.93,18.99225,25.86215776326332,0.0,5.2653055851729
2023-04-24,NXPL,0.16538453,2.6,3.37065,4.210740478809411,0.0,29.66786821532939
2023-04-24,PHG,0.1400491,19.03,21.7119,8.074116131730614,0.0,4.605769186482989
2023-04-24,ARBB,0.13333333,4.65,5.025,29.002800937824773,0.0,19.90049751243781
2023-04-25,CXAI,0.37360895,6.29,8.57,18.555983079959717,52.009988992130424,11.668611435239207
2023-04-25,ASTS,0.17660546,4.36,4.9488,36.160234971419925,5.905866748705249,20.206918849013903
2023-04-26,SAIH,0.39626694,2.7857,4.334350000000001,11.248191160937283,18.19716620450944,23.071510145696582
2023-04-26,VRT,0.17145205,12.23,13.85,3.7096073616316345,2.2347360705349493,7.220216606498195
2023-04-26,CLSK,0.14986372,3.67,4.08,2.897479178456263,6.9446346016173734,24.509803921568626
2023-04-26,MARA,0.123470545,8.99,9.877500000000001,0.02004623280060955,2.822314684051439,10.124019235636547
2023-04-26,CIFR,0.122727275,2.2,2.4025,7.7447349158478795,0.0,41.62330905306972
2023-04-27,ATOM,0.30268204,5.22,6.635,39.601546629324325,13.371772007781496,15.071590052750565
2023-04-27,TROX,0.11764705,12.53,12.7025,2.6293885958820655,0.0,7.872466049990159
2023-04-28,DPU,0.65899587,4.78,7.515000000000001,141.1867486128142,0.0,13.306719893546239
2023-04-28,CUBI,0.18766761,18.65,21.3675,0.0,0.0,4.68000468000468
2023-04-28,HKD,0.16224182,6.78,7.65565,26.020154616622424,24.178769023030423,13.062248143527983
2023-04-28,KALA,0.112191916,15.42,16.775,0.0,0.0,5.961251862891207
2023-05-01,NNOX,0.44189858,6.11,9.13655,67.05036345387757,9.265249422797893,10.945050374594349
2023-05-01,JXG,0.2504201,5.95,6.87505,0.0,0.0,14.54534876109992
2023-05-01,CDLX,0.1325115,6.49,7.345,0.0,0.0,13.614703880190607
2023-05-01,CXAI,0.10325658,12.59,14.70015,94.24386457952394,0.0,6.802651673622377
2023-05-01,PLSE,0.100931644,6.44,7.09,0.0,0.0,14.104372355430185
2023-05-02,WAFU,0.47970486,2.71,4.245,92.76903479841752,0.0,23.557126030624264
2023-05-02,IMTX,0.35450816,7.32,8.44415,0.0,0.6645187911432796,11.842518193068573
2023-05-02,QH,0.11570251,2.42,2.87,38.02996815144653,32.06798056961489,34.84320557491289
2023-05-03,NIKI,1.2768168,2.8897,7.1400500000000005,117.24788862073771,27.348146574345172,14.005504163136111
2023-05-03,SNTG,0.528517,2.63,4.645,235.50040478673859,50.89721830931339,21.528525296017225
2023-05-03,INBS,0.17543864,3.42,3.52,33.20253869218021,0.0,28.40909090909091
2023-05-03,MDXG,0.17454064,3.81,4.9350000000000005,1.2880870915081626,0.0,20.263424518743665
2023-05-03,EYPT,0.13713408,6.49,7.475,0.0,0.0,13.377926421404682
2023-05-04,VITL,0.16846156,13.0,14.9975,0.0,0.0,6.667777962993832
2023-05-04,LMND,0.16501355,11.09,13.69665,28.960686840404666,0.0,7.30105536755338
2023-05-04,METC,0.12438309,7.4,8.2843,11.07980186723464,0.0,12.071025916492642
2023-05-04,FROG,0.11016941,17.7,20.8575,3.667220470711883,0.9635958245674026,4.794438451396379
2023-05-05,CVNA,0.39305556,7.2,9.425899999999999,57.196082802612935,5.78951281240014,10.609066508237941
2023-05-05,ACH,0.3505534,13.55,17.83,0.0,0.0,5.608524957936063
2023-05-05,WAL,0.2835821,18.2,24.185000000000002,65.22893561674137,12.279014032482737,4.134794293983874
2023-05-05,LASR,0.24268699,9.23,11.91,10.270554382297044,0.0,8.39630562552477
2023-05-05,MCB,0.19693875,19.86,23.67,0.0,0.0,4.224757076468102
2023-05-08,IMPP,0.2541666,2.4,3.0024499999999996,46.35704995936503,1.9330714376923746,33.3061333244517
2023-05-08,BAK,0.23446012,9.17,10.875,2.4939371182753467,1.4722166782592614,9.195402298850574
2023-05-09,EVER,0.22706759,6.65,7.75,0.0,0.0,12.903225806451612
2023-05-09,SHLS,0.21196759,19.72,22.78,17.820149220451416,0.0,4.389815627743634
2023-05-09,NVAX,0.20402694,7.45,10.105,24.94955201625326,5.854996071150096,9.896091044037604
2023-05-09,PLTR,0.19121456,7.74,8.85005,30.328784883801447,8.068068546094727,11.299371189993277
2023-05-09,OPRT,0.16898143,4.32,4.99,0.0,0.0,20.04008016032064
2023-05-10,UPST,0.39389634,14.09,18.7224,13.094290201551729,9.347970864430314,5.341195573217109
2023-05-10,COMP,0.26428568,2.8,3.6101,0.0,0.19675579059793494,27.700063710146534
2023-05-10,TCRX,0.25294125,3.4,4.1,40.96088863780261,21.790356948213407,24.390243902439025
2023-05-10,MBC,0.20949066,8.64,10.42,0.0,0.0,9.596928982725528
2023-05-10,CARG,0.1918143,16.37,19.310000000000002,3.5119513057511234,0.0,5.178663904712583
2023-05-11,DMRC,0.25,19.92,23.475,41.58620401947733,0.0,4.259850905218317
2023-05-11,GT,0.22781575,11.72,13.785,9.305496305947951,3.7379913680702463,7.254261878853827
2023-05-11,APP,0.22150481,17.81,21.9825,24.09645763926066,0.19529225772573972,4.549073126350506
2023-05-11,PRPL,0.19599998,2.5,3.16095,16.20365620044433,0.0,31.63605877979721
2023-05-11,KLXE,0.18946183,8.92,10.55005,33.60782063732388,0.0,9.478628063374106
2023-05-12,BLBD,0.27225673,19.32,26.720550000000003,23.735816787537598,0.4130904280221221,3.7424379363448725
2023-05-12,LUNR,0.16121209,8.25,9.42,6.786371902621639,0.0,10.615711252653927
2023-05-12,SURG,0.111111164,4.41,5.22,39.55576651545948,0.0,19.157088122605366
2023-05-12,SFWL,0.10014737,6.79,7.46495,33.18832268743761,0.0,13.395937012304168
2023-05-15,TLS,0.1569506,2.23,2.5987999999999998,0.0,0.0,38.47929813760197
2023-05-16,APLD,0.42313325,3.415,4.66995,45.55583736504172,23.24771477500172,21.413505497917537
2023-05-16,BEEM,0.21834505,10.03,11.64875,32.19437016535482,0.0,8.584612082841506
2023-05-16,DPU,0.17398119,6.38,7.4031,10.321992164728853,0.0,13.50785481757642
2023-05-16,ACIC,0.14686835,4.09,4.9,0.2550583261386679,0.0,20.408163265306122
2023-05-18,CWD,0.72333336,6.0,9.95505,153.87779402576106,4.718930158187952,10.045152962566737
2023-05-18,DLO,0.124237776,14.0,15.075,14.9068025251903,0.0,6.633499170812604
2023-05-19,SDA,0.7414634,4.1,7.54,111.15835543688789,0.0,13.26259946949602
2023-05-19,GSIT,0.11317563,5.92,6.247450000000001,51.21244914778979,21.74148329223352,16.006530664511118
2023-05-22,AVIR,0.26756752,3.7,4.96,11.96207566726298,0.0,20.161290322580644
2023-05-22,ADSE,0.10648918,6.01,7.0,0.0,0.0,14.285714285714286
2023-05-23,AMST,0.19130433,4.6,5.1984,10.071229848297833,0.0,19.236688211757464
2023-05-23,LFCR,0.119403005,5.36,6.289,10.367355759486841,25.1610308589207,15.900779138177771
2023-05-24,ENVB,0.29206347,3.15,5.335,103.81753966865513,40.02131756377088,18.744142455482663
2023-05-24,KSS,0.15882349,19.27,21.3832,25.509569806312687,3.545770897691966,4.676568521081971
2023-05-24,ORGO,0.15116274,3.44,4.00555,0.0,0.0,24.965360562219917
2023-05-25,DCX,0.32096064,4.58,5.8992,0.0,0.0,16.95145104420938
2023-05-25,MOD,0.18727827,19.73,23.425,0.0,0.0,4.268943436499466
2023-05-25,LWLG,0.14643538,5.19,6.2425,32.96660002383499,0.0,16.019223067681217
2023-05-25,RRGB,0.13633215,14.45,15.754999999999999,15.335485929809382,0.0,6.3471913678197405
2023-05-25,VRT,0.12669957,16.24,18.875,9.34045284081242,2.7529234296777907,5.298013245033113
2023-05-26,PDSB,0.21428573,6.72,7.869,45.37200255748496,4.032508260924407,12.708095056551024
2023-05-26,MAX,0.1921053,7.6,9.82985,0.013548159891206337,0.0,10.173095215084665
2023-05-26,RCUS,0.18571424,17.5,21.6475,24.959326058252326,0.0,4.619471070562421
2023-05-30,ALAR,0.25079358,3.15,3.5234,51.24178081593601,0.0,28.38167678946472
2023-05-30,IOVA,0.20397353,7.55,8.5613,5.129194687325682,3.6988468165904886,11.68046908763856
2023-05-30,NXGL,0.15283847,2.29,2.4,0.0,0.0,41.66666666666667
2023-05-30,GOTU,0.12449801,2.49,2.74,4.615880877347775,0.0,36.4963503649635
2023-05-30,TIGR,0.1235522,2.59,3.04,0.0,0.0,32.89473684210526
2023-06-01,LE,0.17862833,6.27,7.75,0.0,0.0,12.903225806451612
2023-06-01,RMTI,0.12650609,3.32,3.75955,4.655461330645149,0.0,26.598928063199054
2023-06-01,ATTO,0.12075472,2.65,3.05,0.9130695878052387,0.0,32.786885245901644
2023-06-01,KC,0.11659193,4.46,5.1,15.277561529108139,0.0,19.607843137254903
2023-06-02,APLM,0.2164948,4.85,5.60535,35.83684866184158,0.0,17.840099190951502
2023-06-02,IOT,0.20725942,19.01,23.3595,40.22985327699455,2.3319410380057537,4.280913546950919
2023-06-02,UUU,0.13453603,2.45,2.97005,21.95627656066279,0.0,33.669466843992524
2023-06-02,RMTI,0.105121374,3.71,4.11705,0.0,0.0,24.289236224966906
2023-06-05,DCX,0.4684211,3.8,6.925,128.1832518923637,20.407368483933762,14.44043321299639
2023-06-05,ELTX,0.1986773,18.145,18.65,0.0,0.0,5.361930294906166
2023-06-05,RMTI,0.13981032,4.22,4.7725,14.47938201747569,0.0,20.953378732320587
2023-06-06,ZURA,0.16640997,6.49,7.41,24.812005592825805,0.0,13.49527665317139
2023-06-06,PDSB,0.11332309,6.53,6.55495,0.0,1.5112860169104225,15.255646496159391
2023-06-07,DCX,0.30952382,4.2,5.28,76.79020812715123,18.813835186106786,18.939393939393938
2023-06-07,YEXT,0.18333328,9.6,12.7975,7.568980494312031,10.382034586196632,7.814026176987693
2023-06-07,ELTX,0.16461205,13.79,14.915,0.0,0.0,6.704659738518271
2023-06-07,AFRM,0.16434896,15.82,18.4344,8.112456363697724,6.099533371453598,5.424640888773163
2023-06-07,SFIX,0.15489125,3.68,4.7215,30.515338974636602,8.36919911273569,21.17970983797522
2023-06-08,BAOS,0.92580104,5.93,11.293,154.93657648288223,8.805038081334867,8.855042946958294
2023-06-08,CVNA,0.21184802,15.53,18.615949999999998,25.87174067769425,24.218568017819845,5.3717376765623035
2023-06-08,LAKE,0.17232811,12.28,13.645,0.0,0.0,7.328691828508611
2023-06-08,FDMT,0.14121509,18.27,20.465,8.476775689951094,0.0,4.886391399951136
2023-06-08,BBLG,0.12037027,5.4,6.275,4.989933542599013,0.0,15.93625498007968
2023-06-09,WLDS,0.20673072,2.08,2.35995,64.21611909301124,0.0,42.373779105489525
2023-06-09,KC,0.14405012,4.79,5.6831,17.007910647428073,0.2179784597486953,17.5960303355563
2023-06-12,VERA,0.10682118,7.77,9.21,0.0,0.0,10.857763300760043
2023-06-13,MGIH,0.47000003,2.0,2.835,88.14165630310745,0.0,35.27336860670194
2023-06-13,MPAA,0.14990509,5.27,6.1425,89.50398376006248,0.0,16.28001628001628
2023-06-14,IVA,0.30790198,3.67,4.577500000000001,40.69651742769691,0.0,21.845985800109226
2023-06-14,NEXT,0.2709551,5.13,7.262499999999999,29.37853736601811,7.690654534064594,13.76936316695353
2023-06-14,CYH,0.13414633,4.1,4.452500000000001,8.610808248228055,0.0,22.45929253228523
2023-06-15,MVIS,0.1673913,4.6,5.15945,44.367598504792234,5.784514715346772,19.381910862591944
2023-06-15,DFLI,0.1015625,2.56,2.9375,56.63025382916638,9.608746848394235,34.04255319148936
2023-06-16,SPCE,0.40886712,4.06,5.463699999999999,45.14971487564707,11.470704497933612,18.302615443746912
2023-06-16,LAES,0.12446618,16.39,17.0332,0.0,0.0,5.870887443345936
2023-06-16,BTDR,0.11904764,7.56,8.26,0.0889486730272079,0.0,12.106537530266344
2023-06-16,ENVX,0.11885548,13.63,14.54205,33.46558076485489,2.1106036516991025,6.876609556424301
2023-06-20,VCIG,0.34275627,2.83,4.0445,51.176544974882006,62.48937708539873,24.724935097045368
2023-06-20,BOF,0.31602716,4.43,5.3,68.98228837599723,0.0,18.867924528301888
2023-06-20,VERA,0.13442123,12.87,14.25,8.160248220220462,0.0,7.017543859649122
2023-06-20,DCX,0.1232394,2.84,2.93,0.0,0.0,34.129692832764505
2023-06-21,PCT,0.14735508,7.94,9.42,10.92799797887118,0.12052414012597426,10.615711252653927
2023-06-22,ROOT,0.49688148,9.62,13.7225,35.34305126582826,7.522544440493291,7.2873018764802335
2023-06-22,AAOI,0.12725091,4.165,4.28245,14.234635827251818,3.817917834269827,23.35111910238298
2023-06-26,SCNX,1.1795361,8.44,16.342100000000002,67.77938680428828,1.1985911886018428,6.119164611647217
2023-06-26,ORIC,0.12326658,6.49,7.387650000000001,0.0,0.0,13.536104173857721
2023-06-28,XPOF,0.17811704,15.72,18.55,8.248751329132874,0.0,5.390835579514825
2023-06-29,JOBY,0.19977677,8.96,11.229949999999999,47.93807745225944,7.878989003734118,8.904759148526932
2023-06-29,TE,0.17748344,7.55,9.274999999999999,0.0,0.8251377136710496,10.781671159029651
2023-06-29,HURA,0.13043475,2.9901,3.23,0.0,0.0,30.959752321981423
2023-06-29,ACHR,0.12987018,3.85,4.50135,21.586110326015973,4.535984241544277,22.215557554955733
2023-06-29,KLRS,0.10975611,3.28,3.35915,17.92729767880976,0.0,29.76943572034592
2023-06-30,AUPH,0.13209605,9.16,9.99,6.460087092784002,1.1985422288970358,10.01001001001001
2023-06-30,MVIS,0.10512829,3.9,4.32985,0.0,4.439086450019188,23.095488296361303
2023-07-03,ALVO,0.14728689,7.74,8.55,0.7288269751689039,0.0,11.695906432748536
2023-07-03,OKUR,0.12042689,6.56,6.62,0.0,0.0,15.105740181268882
2023-07-03,ACMR,0.11697245,13.08,15.317499999999999,15.205753148910238,0.0,6.528480496164518
2023-07-06,CRBU,0.37254906,4.08,6.3795,88.675038590975,18.53703835072462,15.675209655929148
2023-07-06,SG,0.13957047,13.04,14.614999999999998,25.289117684023395,0.49652038348613,6.842285323297983
2023-07-06,GENI,0.104991436,5.81,6.575,59.55318405489937,5.930582534837812,15.209125475285171
2023-07-07,AURE,0.9351852,5.4,8.91,79.03530153717064,79.18803773493894,11.22334455667789
2023-07-07,GRRR,0.67464113,2.09,3.5675,44.71545038939641,19.969108015673967,28.030833917309042
2023-07-07,CSTL,0.5060241,13.28,18.845,56.382262779153336,4.473419383010572,5.306447333510215
2023-07-10,TMC,0.17391312,2.53,2.8055000000000003,26.607702677113245,16.944412987320153,35.64427018356799
2023-07-10,WBX,0.11083746,4.06,4.20535,2.063340851587343,0.6443279707358649,23.77923359530122
2023-07-11,GDTC,1.1260746,3.49,7.893,42.339332425136995,33.93983668251001,12.669453946534905
2023-07-11,ABOS,0.15891123,4.96,5.4115,19.455135537873666,0.13213516577996212,18.47916474175367
2023-07-12,RXRX,1.1637168,6.78,11.9795,25.664381821871963,12.052579101889432,8.347593806085396
2023-07-12,GPUS,0.62727284,3.3,5.14,1.1102230246251565e-12,17.02851301895353,19.45525291828794
2023-07-12,HLLY,0.1795454,4.4,5.375,14.236770103413273,0.0,18.6046511627907
2023-07-12,DAKT,0.15548277,6.11,8.0502,56.672088539930925,0.0,12.422051626046558
2023-07-12,ELOX,0.14379954,7.58,9.37115,83.4540823548079,8.132825112386472,10.671048910752683
2023-07-13,SXTP,0.47435904,4.68,7.06,54.7180611350142,25.643358112353294,14.164305949008499
2023-07-14,PRFX,0.39478266,5.75,9.45605,2.220446049250313e-12,31.456362977017193,10.57524019014282
2023-07-14,DFNS,0.17030573,11.45,11.855,54.388409670859055,0.0,8.435259384226065
2023-07-14,LUNR,0.16276348,8.54,10.09,48.8519195241274,0.0,9.910802775024777
2023-07-17,ABOS,0.7531847,6.28,10.24,63.712372501603234,15.383167375391455,9.765625
2023-07-17,HCTI,0.50136995,3.65,5.39015,0.04552078611476065,2.982661066640498,18.552359396306226
2023-07-17,BBIO,0.4687158,18.22,28.91115,0.0,12.47819094371008,3.458873133721765
2023-07-17,PRFX,0.25432098,8.1,9.4433,65.52697038923911,0.0,10.58951849459405
2023-07-17,NMAD,0.1602211,5.43,5.9488,0.0,0.0,16.810112963959117
2023-07-19,SXTP,0.3264463,2.42,2.9524999999999997,25.023514888018525,8.999131819099764,33.869602032176125
2023-07-19,VRM,0.11830354,2.24,2.3971,70.31027684396977,16.95946183819776,41.71707479871512
2023-07-19,TRUG,0.112167,11.6799,13.31805,0.4923271781165585,0.0,7.508606740476271
2023-07-19,RBBN,0.104026794,2.98,3.4299,4.307187025347795,0.0,29.155368961194203
2023-07-20,PSQH,0.40388763,13.89,20.41,155.68881866849594,58.416829268242374,4.899559039686428
2023-07-20,GRRR,0.32894742,2.28,2.625,44.50545385034923,21.112103575102186,38.095238095238095
2023-07-20,PRFX,0.2672292,7.11,9.95515,17.91186397654999,5.090027438571216,10.045052058482293
2023-07-21,BGLC,0.40041065,4.87,6.21685,31.54055830496939,40.238368426204936,16.085316518815798
2023-07-21,DJT,0.25000012,13.36,18.885,0.0,19.488197584915813,5.295207836907598
2023-07-21,GFAI,0.15217388,6.44,7.33545,3.2499953183213197,21.43934905257126,13.632428821681016
2023-07-24,AMC,0.32733214,4.4,5.1400500000000005,10.304175982488626,10.10587121558077,19.455063666695846
2023-07-25,KNSA,0.12717545,14.94,17.2825,23.799115400783382,3.6778430891472347,5.786199913207001
2023-07-26,XPEV,0.1484375,15.36,19.8643,59.19960514818223,5.502924154320364,5.034156753572993
2023-07-26,GPUS,0.14655173,3.48,3.6799999999999997,39.100549144125566,0.0,27.17391304347826
2023-07-26,WW,0.10775423,9.93,11.458300000000001,5.223736962099301,1.7076710444835443,8.727298115776335
2023-07-27,CLS,0.24605107,16.46,19.80275,32.24887030813415,1.0942162606574455,5.049803688881595
2023-07-27,NMAD,0.16279078,3.87,4.38485,2.4095619918908273,0.0,22.805797233656794
2023-07-27,SPOK,0.14506567,11.44,13.955,10.620836806033791,0.0,7.165890361877463
2023-07-27,IMAX,0.13693905,17.38,18.9425,1.946687546742319,0.0,5.2791342219875945
2023-07-27,NOA,0.13333333,18.88,24.97835,0.18290351196687224,0.0,4.0034670024241
2023-07-28,BJDX,0.37196267,5.35,8.7625,130.8136821383956,0.0,11.412268188302425
2023-07-28,SIGA,0.24960494,5.09,6.32925,60.9886475532541,0.5335972632181457,15.799660307303393
2023-07-28,COUR,0.16333592,13.01,14.695,13.608276325383388,0.0,6.805035726437564
2023-07-31,EOSE,0.20353985,2.26,2.63995,28.20838649673479,16.026878444640413,37.87950529366087
2023-07-31,GDRX,0.12740743,6.75,8.3147,51.02685593037113,4.5483046332752215,12.026892130804478
2023-07-31,INVZ,0.105571866,3.41,3.73385,15.999831466014633,8.468929127072702,26.7820078471283
2023-07-31,ACHR,0.104602456,4.78,5.59825,0.0,5.861277939608429,17.862724958692446
2023-08-01,AMSC,0.5873016,10.08,14.995000000000001,71.2956180899102,14.0599863421294,6.668889629876625
2023-08-01,TTI,0.20044541,4.49,5.075,18.043934581701805,0.0,19.704433497536947
2023-08-01,RGTI,0.15261042,2.49,2.65985,42.075866306969786,15.48422514405694,37.59610504351749
2023-08-01,AUDC,0.105980754,10.04,11.75,38.72613257999262,0.0,8.51063829787234
2023-08-02,CDLX,0.22094059,11.27,13.3584,52.29271075732588,0.0,7.485926458258474
2023-08-02,FRSH,0.18201756,18.24,22.31,20.8933424287145,0.0,4.482294935006724
2023-08-03,BJDX,0.92307687,5.46,10.02375,102.61025837841511,4.1883537413616985,9.976306272602569
2023-08-03,COOK,0.37257278,4.12,6.109999999999999,45.35466144101482,7.004284006721424,16.366612111292962
2023-08-03,UPWK,0.3039117,9.97,13.714500000000001,50.068046210455016,5.645542452258316,7.291552736155164
2023-08-03,AURE,0.18386495,10.66,13.2,0.0,0.0,7.575757575757576
2023-08-03,SABR,0.14905143,3.69,4.37505,44.04829622037472,4.192045275403099,22.85688163563845
2023-08-04,AD,0.46624994,17.5,28.866149999999998,63.13921943461552,6.305409156848239,3.4642652380036827
2023-08-04,TDS,0.36718237,7.9,12.05,8.4800829577475,12.014691853650264,8.29875518672199
2023-08-04,CMRC,0.27387202,9.53,11.8875,47.45155799247774,0.0,8.412197686645637
2023-08-04,AAOI,0.2701062,6.59,9.09015,35.481126630965115,4.75646292445674,11.000918576701155
2023-08-04,FUBO,0.20249224,3.21,3.58735,0.0,15.971149965541391,27.875729995679265
2023-08-07,GENI,0.13513505,7.4,7.5569,1.2650972309691968,0.0,13.232939432836217
2023-08-08,CHGG,0.30608177,10.03,11.370000000000001,38.45513047531382,3.325398301234891,8.795074758135444
2023-08-08,HIMS,0.17215192,7.9,8.385,17.395143698120645,1.1747292156494913,11.926058437686345
2023-08-08,KD,0.16465867,12.45,15.2775,16.811337540936748,1.9652719298655332,6.545573555882834
2023-08-08,SGMT,0.12923467,15.94,16.0,1.1004749204395463,0.0,6.25
2023-08-09,TNGX,0.3054831,3.83,7.1368,97.00878733333792,13.714169333024369,14.011882076000449
2023-08-09,ARRY,0.20805383,17.88,22.54995,0.0,0.5574583764365427,4.43459963325861
2023-08-09,MQ,0.20262098,4.96,5.5904,16.871962891268737,5.044657643914828,17.88780767029193
2023-08-09,BOOM,0.17891741,17.55,21.035,0.0,0.0,4.753981459472308
2023-08-09,VERX,0.17332578,17.77,19.3129,0.0,0.0,5.177886283261447
2023-08-10,MGIH,0.111111045,2.43,2.87,118.60332094202643,0.0,34.84320557491289
2023-08-10,PRMB,0.110762,13.84,15.2,0.0,0.0,6.578947368421053
2023-08-10,NABL,0.10007465,13.39,13.7,0.0,0.0,7.299270072992701
2023-08-11,INOD,0.19514477,10.71,12.56,33.43849552916018,0.0,7.961783439490445
2023-08-11,ACHR,0.17667246,5.83,6.15,62.6501957104985,10.230947436541925,16.260162601626014
2023-08-11,AIXI,0.13557208,8.04,8.1306,0.0,0.0,12.29921531006322
2023-08-11,PLSE,0.12573099,6.84,7.2,0.0,0.0,13.88888888888889
2023-08-15,VFS,1.1052632,10.45,17.630000000000003,0.0,19.72926525454355,5.672149744753261
2023-08-15,DCTH,0.87179494,3.12,5.62505,54.085591196916425,16.822658412907384,17.77761975449107
2023-08-15,NVTS,0.13937294,8.61,9.115,15.813484994659348,0.0,10.970927043335161
2023-08-15,GSM,0.11810017,4.83,5.45,15.317287080714944,0.0,18.34862385321101
2023-08-16,DLO,0.2684102,15.5,21.42,45.64335537739426,8.483918244453047,4.668534080298786
2023-08-16,HKD,0.1169492,5.9,6.1194,5.247062304097367,0.0,16.341471386083605
2023-08-16,IDAI,0.111111164,2.34,2.7,0.0010494588335701065,0.0,37.03703703703704
2023-08-18,HE,0.10806322,12.03,12.864999999999998,22.992122941142146,8.005277299960204,7.77302759424796
2023-08-21,EOSE,0.10702336,2.99,3.065,31.63482628796765,5.850427743289946,32.62642740619902
2023-08-22,HKD,0.14999998,5.0,5.32995,28.01815563710992,40.625144527420396,18.761902081633036
2023-08-22,APLD,0.13389826,5.9,6.487500000000001,0.0,0.0,15.414258188824661
2023-08-22,ASLE,0.125,12.64,14.1555,0.0,0.0,7.064391932464413
2023-08-23,RCUS,0.23444974,18.81,24.85185,23.336219371151877,0.0012369776427374405,4.0238453072910065
2023-08-23,MYSZ,0.11739135,2.3,2.4725,33.625747298573515,0.0,40.44489383215369
2023-08-24,TSHA,0.18018007,2.22,2.4012000000000002,40.94942126638041,6.031815578719329,41.64584374479426
2023-08-24,GRPN,0.13715506,11.775,13.02995,9.87562852577615,0.0,7.674626533486315
2023-08-28,VFSWW,0.6993618,2.5539,3.9173,105.24654125198346,0.0005768509170489073,25.527786996145306
2023-08-28,HE,0.39751554,9.66,13.4399,45.97694818088747,13.458810950147166,7.440531551574044
2023-08-28,RDZN,0.23834205,9.65,11.56325,0.0,0.0,8.648087691609193
2023-08-29,TIGR,0.119113564,3.61,4.24015,24.247629348584177,5.193436960733779,23.58407131823167
2023-08-30,DBGI,0.6431925,8.52,13.16995,0.0,0.0,7.593043253770895
2023-08-30,VFSWW,0.14999998,4.0,5.085,36.450476001182786,0.0,19.66568338249754
2023-08-31,VFSWW,0.21052635,5.7,6.731,43.09998048613999,2.107138155751245,14.85663348685188
2023-08-31,BEKE,0.107556224,15.66,17.27,0.0,2.8017481303535643,5.790387955993052
2023-09-01,SCNX,0.76717806,7.64,11.49525,77.80643850191186,13.474374259035471,8.699245340466714
2023-09-01,EOSE,0.4738462,3.25,4.3801,55.39673196558269,9.59228945355223,22.830528983356547
2023-09-05,HSDT,0.4498645,7.38,9.594999999999999,60.5095137282002,36.71746169645096,10.422094841063055
2023-09-06,MITK,0.19734514,11.3,13.0,5.714621048095152,0.0,7.6923076923076925
2023-09-06,DAKT,0.11694503,8.38,9.29925,49.97619598903217,0.0,10.753555394252224
2023-09-07,DBI,0.28566837,10.38,12.155000000000001,12.813277768743019,0.0,8.227067050596462
2023-09-07,GIII,0.20146513,19.3,21.695,0.0,0.0,4.609356994699239
2023-09-08,SWBI,0.15888655,10.51,12.455,13.079412119265918,0.0,8.028904054596547
2023-09-08,EOSE,0.120996475,2.81,2.79,34.65764137767993,4.616209341118655,35.842293906810035
2023-09-11,BLRX,0.11004794,2.09,2.18095,26.269690406041658,7.160613892608832,45.851578440587815
2023-09-12,MTRX,0.15056467,7.97,8.7,0.0,0.0,11.49425287356322
2023-09-12,CGNT,0.14069271,4.62,5.61,0.0,0.0,17.825311942959
2023-09-12,GERN,0.10683763,2.34,2.5425,18.03935941520883,12.338653938001931,39.33136676499508
2023-09-13,RCKT,0.4022237,15.29,20.2725,37.82471334971302,8.376253930877642,4.932790726353434
2023-09-15,IOVA,0.23789024,4.645,5.32625,9.497724374936633,7.128923850942431,18.77493546115935
2023-09-18,ESLA,0.11353207,8.72,9.54205,0.0,0.0,10.47992831729031
2023-09-19,SEZL,0.5786543,12.93,19.07885,51.34301092699964,0.0,5.241406059589545
2023-09-20,CETX,0.1394496,5.45,6.05495,12.908231734472345,0.0,16.515413009190826
2023-09-20,BHC,0.124352455,7.72,8.3275,3.753341608671149,2.305153816376174,12.008405884118883
2023-09-21,CDT,0.55685353,12.84,18.65,50.32537055099769,0.0,5.361930294906166
2023-09-21,ESLA,0.2628572,12.25,16.795,69.38701432683432,26.522701015596834,5.954153021732658
2023-09-21,RDZN,0.124100685,11.12,9.79,0.0,0.0,10.21450459652707
2023-09-22,CCG,0.2397306,14.85,19.33985,73.39991109074793,14.111736434623205,5.170670920405278
2023-09-26,ADPT,0.16141737,5.08,6.182499999999999,0.0,0.0,16.174686615446827
2023-09-26,ROIV,0.15572965,10.21,12.11,16.490705683575094,0.0,8.257638315441785
2023-09-27,MLKN,0.2385639,19.15,24.62,17.482553626177502,2.429207052295215,4.061738424045491
2023-09-27,BHVN,0.17847025,17.65,22.5075,0.0,0.0,4.442963456625569
2023-09-28,ORGO,0.16603768,2.65,3.09,0.0,0.0,32.36245954692557
2023-09-29,VSME,0.26246715,3.81,4.9301,2.220446049250313e-12,0.0,20.283564227906126
2023-09-29,EDIT,0.13150287,6.92,7.9525,0.0,0.0020525198277339565,12.574662055957246
2023-10-02,FEMY,0.3657719,2.98,4.0675,43.19567530734188,17.127916021296908,24.585125998770746
2023-10-02,NEUP,0.16296303,2.7,3.3076,89.22091699185663,25.443224648088623,30.233401862377555
2023-10-02,CIFR,0.111588,2.33,2.6725,0.0,0.0,37.418147801683816
2023-10-02,PBI,0.109363556,3.02,3.3975,10.821929475711679,0.0,29.433406916850625
2023-10-02,MNTS,0.105002046,2.0,2.4699999999999998,86.61008354768563,38.769666621757665,40.48582995951418
2023-10-03,ALXO,0.6819128,4.81,7.49,62.68265352682442,20.745709822982956,13.35113484646195
2023-10-05,VSME,0.21290314,4.65,7.715,32.50361447795269,66.32651455050141,12.961762799740765
2023-10-05,FEMY,0.20524025,2.29,2.43,25.51311981957407,22.83543383104631,41.15226337448559
2023-10-05,CMBT,0.19804871,14.77,17.285,9.622143348750953,1.6814298427364418,5.7853630315302285
2023-10-05,VFS,0.105589986,8.05,8.45495,12.788981567882379,2.4758801081764545,11.827391054944146
2023-10-09,VEON,0.10324323,18.5,20.1,0.0,0.0,4.975124378109452
2023-10-10,ERAS,0.104545474,2.2,2.6275500000000003,2.091768263001425,0.0,38.058267207094055
2023-10-11,ABAT,0.15674889,6.89,7.5197,0.0,0.0,13.298402861816296
2023-10-12,VSAT,0.16890597,15.63,17.14,0.0,1.781777358897587,5.834305717619603
2023-10-12,ACXP,0.15775394,3.74,4.612500000000001,114.27896697979556,33.06735793339611,21.68021680216802
2023-10-12,SRRK,0.1284672,6.85,8.4925,0.0,0.0,11.775095672652341
2023-10-12,EVLV,0.10344839,4.35,4.32,2.318003108131918,3.817620156981044,23.148148148148145
2023-10-13,CMTL,0.22604406,8.14,10.395,47.61433449719457,0.0,9.62000962000962
2023-10-16,MNTS,0.20579267,3.11,4.1794,0.0,45.78836771511297,23.926879456381297
2023-10-16,ALHC,0.14954686,6.62,7.89,3.9949119239032176,0.0,12.67427122940431
2023-10-16,MARA,0.107652426,7.71,8.1776,47.890052629771105,5.039310713099012,12.22852670710233
2023-10-18,ARDX,0.1362319,3.45,3.77445,33.27769539145911,14.278281530596356,26.4939262674032
2023-10-24,HUT,0.1327014,2.11,2.31055,42.65278010249342,9.66629195165477,43.27973859037891
2023-10-24,CLSK,0.13043475,4.255,4.92755,0.0,5.158176975729404,20.294060943065013
2023-10-24,MARA,0.13028574,8.75,10.18815,24.40637954335513,8.830651102307279,9.815324666401652
2023-10-24,IREN,0.12812495,3.2,3.8075,31.262494024701567,0.0,26.263952724885094
2023-10-24,RIOT,0.11789036,9.67,11.03945,3.6593069659842694,6.799623693044392,9.05842229458895
2023-10-25,SRRK,0.10443866,7.66,8.7975,0.0,0.0,11.366865586814436
2023-10-26,ALT,0.11814356,2.37,2.47745,53.16488479321785,0.0,40.364084038022966
2023-10-27,NRDS,0.20481932,6.64,8.43,50.11932116715197,10.872347155017597,11.862396204033216
2023-10-27,CVRX,0.15654206,12.84,14.0,0.0,0.0,7.142857142857143
2023-10-27,COUR,0.11466813,17.18,17.005000000000003,0.0,0.0,5.880623346074683
2023-10-30,CHRS,0.14393938,2.64,3.0425,26.399131459855795,5.124458093346555,32.86770747740345
2023-10-30,SOFI,0.10625911,6.87,7.44445,27.343012985846663,5.828102410944221,13.43282579639866
2023-10-31,HRMY,0.13292754,19.71,22.6125,0.9639926527110306,0.0,4.422332780541736
2023-10-31,LUNG,0.108998775,7.89,8.75,0.0,0.0,11.428571428571429
2023-11-01,TGTX,0.31824052,7.73,9.8775,26.482022852332396,8.090603840578403,10.124019235636549
2023-11-01,TTMI,0.12706697,11.49,12.49,0.0,0.0,8.00640512409928
2023-11-02,LMND,0.26,11.0,14.445,12.075423100437293,2.1174460243730087,6.922810661128418
2023-11-02,ENGN,0.25699997,20.0,21.98,0.0,,4.549590536851683
2023-11-02,LIND,0.24143827,5.84,5.8497,3.4336699289687194,0.0,17.09489375523531
2023-11-02,FSLY,0.22807014,14.25,16.979999999999997,13.128427184115969,0.9648987160276261,5.889281507656067
2023-11-02,CWH,0.2221539,17.28,19.44,7.841981273541942,0.0,5.144032921810699
2023-11-03,ANIK,0.27488148,18.99,22.91,0.0,0.0,4.364906154517678
2023-11-03,CPS,0.23605657,12.73,17.38,49.779044559104534,0.0,5.753739930955121
2023-11-03,FIGS,0.20106769,5.62,6.8204,14.876488916045064,2.823587846475713,14.66189666295232
2023-11-03,FNKO,0.15845537,7.51,9.215,41.29604034125868,0.0,10.851871947911015
2023-11-03,ATMU,0.14430892,19.9,21.835,0.0,0.0,4.579803068468055
2023-11-06,AIRE,0.2947719,8.99,10.5135,48.06253145128694,0.0,9.511580349074999
2023-11-06,OPRX,0.29210842,8.49,9.95035,0.0,0.0,10.049897742290472
2023-11-06,NSSC,0.17323709,18.795,22.1265,0.0,0.0,4.519467606715929
2023-11-07,UIS,0.1799308,2.89,3.3274999999999997,23.807231002276815,0.0,30.052592036063114
2023-11-07,TASK,0.14520717,10.26,11.6,0.0,0.0,8.620689655172415
2023-11-08,AERT,0.35849047,2.65,3.31765,166.6628600217783,0.0,30.141817250162013
2023-11-08,TH,0.27186012,12.58,14.78,27.338705889272322,0.0,6.765899864682003
2023-11-08,UPWK,0.22245324,12.025,12.98225,24.442878208748233,0.3600000287594534,7.702825011072811
2023-11-08,SRTA,0.22026432,2.27,2.8975,10.173837422752317,0.0,34.51251078515962
2023-11-08,EVGO,0.20869565,2.3,2.7859499999999997,34.79722411525042,4.871502011598062,35.89439867908613
2023-11-09,CDNA,0.26382303,6.33,7.41,3.1487958424770097,0.0,13.49527665317139
2023-11-09,TPST,0.22340417,2.82,3.8052,16.502012538354997,15.745852896912785,26.279827604330915
2023-11-09,CLMT,0.22307694,13.0,15.15,0.0,0.0,6.600660066006601
2023-11-09,XMTR,0.17812312,16.73,17.595,0.0,0.0,5.683432793407218
2023-11-09,BAK,0.16927457,7.03,8.26755,0.0,0.0,12.095481732798714
2023-11-10,RCEL,0.21457493,9.88,11.74995,0.0,0.0,8.510674513508569
2023-11-10,BLNK,0.16666663,2.46,3.05,51.75879050402212,13.578047587683656,32.786885245901644
2023-11-10,INDI,0.1659919,4.94,5.6274999999999995,19.262111219125977,0.0,17.76988005330964
2023-11-10,VERA,0.12945259,11.51,12.83305,0.0,0.0,7.79237983176252
2023-11-10,FIGS,0.12286687,5.86,6.1569,21.682344080951374,2.4221643957953125,16.24193993730611
2023-11-13,MNTK,0.12983,6.47,8.035,11.822340199308679,0.0,12.445550715619166
2023-11-14,AIRE,0.901528,5.89,9.87505,33.70571221432075,35.26053000183216,10.126531004906305
2023-11-14,PSFE,0.12710285,10.7,12.4,25.112788446134303,0.0,8.064516129032258
2023-11-14,PCT,0.120915055,3.06,3.83995,0.0,5.20662566647816,26.042005755283274
2023-11-14,OPEN,0.10837436,2.03,2.3225,31.143532904630852,25.002019883025024,43.05705059203445
2023-11-14,LWAY,0.10660982,9.38,10.342500000000001,0.0,0.0,9.6688421561518
2023-11-15,ARCT,0.1845361,19.4,24.377499999999998,21.78234228270719,0.0,4.102143369910778
2023-11-15,CRMD,0.17252398,3.13,3.6881,38.581779671766995,2.7717998679163056,27.114232260513543
2023-11-15,SLDB,0.16901398,2.13,2.64555,18.497394008072543,0.0,37.79932339211128
2023-11-15,SIRI,0.122710586,4.89,5.3325,0.0,9.00516037625431,18.75293014533521
2023-11-16,M,0.12633455,12.61,13.625,6.799863454884766,3.7460517673771063,7.339449541284404
2023-11-16,METCB,0.10631311,14.02,15.27,0.0,0.0,6.5487884741322855
2023-11-17,RENX,1.4455445,3.03,7.40235,184.22689134428225,30.759429487651612,13.50922342229157
2023-11-17,GAP,0.1990484,13.67,17.15,8.364705184708948,4.08426973673597,5.830903790087464
2023-11-20,YPF,0.26281464,10.73,14.86,0.0,0.0,6.7294751009421265
2023-11-20,SUPV,0.23876834,2.05,2.42005,22.607930596606003,0.0,41.32146030040702
2023-11-20,CNTB,0.21463418,2.05,2.28,0.0,0.0,43.85964912280702
2023-11-20,BBAR,0.18369591,4.41,5.2575,0.0,0.0,19.02044698050404
2023-11-20,GGAL,0.182971,12.5,15.370000000000001,32.50667273882422,0.0,6.506180871828237
2023-11-21,AIFF,0.16842103,2.85,3.035,0.0,0.0,32.948929159802304
2023-11-22,BNKK,0.18371606,4.79,5.6274999999999995,79.68285780015971,29.871304848547535,17.76988005330964
2023-11-27,IRS,0.15770316,8.12,9.12,0.0,0.0,10.964912280701755
2023-11-28,RNA,0.25324678,6.16,7.095000000000001,45.607424370496744,4.869967291014441,14.09443269908386
2023-11-28,ARIS,0.103412986,3.09,3.2,0.0,0.0,31.25
2023-11-29,RDHL,0.3201754,2.28,2.84225,90.39209697654559,21.915364136052954,35.183393438297124
2023-11-29,BMEA,0.21931589,9.94,13.17,23.04048481738943,0.8670819639377237,7.593014426727411
2023-11-29,GME,0.14825797,13.49,15.46965,0.0,11.493352545077412,6.464270361643606
2023-11-30,CMND,0.48148143,4.05,5.5775,90.99447459908714,0.0,17.929179740026896
2023-11-30,STRO,0.19480515,2.31,2.85,9.539464008324815,0.0,35.08771929824561
2023-11-30,VFS,0.14814818,7.56,8.6215,30.67462268671937,3.9973307452728517,11.598909702487967
2023-11-30,VBIO,0.11637926,2.32,2.75475,17.58169966464746,0.0,36.30093474906979
2023-11-30,ADIL,0.107981205,2.13,2.2578,0.0,0.0,44.29090264859598
2023-12-01,ALT,0.8164556,3.16,4.678100000000001,15.665108877554768,19.634822114910364,21.37619973921036
2023-12-01,SPRC,0.22919333,7.81,9.15,0.0,0.0,10.92896174863388
2023-12-01,CMND,0.20857143,3.5,4.484999999999999,119.07503359276588,19.317287835450216,22.296544035674472
2023-12-01,PATH,0.14423084,19.76,23.447899999999997,0.0,3.4195469404994037,4.264774244175385
2023-12-01,FEBO,0.13963962,4.44,5.0,55.58270025954459,0.0,20.0
2023-12-04,EYPT,2.3282905,6.61,20.275,0.0,14.420889178036655,4.932182490752158
2023-12-04,CLSK,0.15575922,7.64,9.0796,0.0,8.617155363202293,11.01370104409886
2023-12-04,ALT,0.14845943,3.57,4.347849999999999,0.0,22.839594863339162,22.99987350069575
2023-12-04,BNKK,0.1216495,4.85,5.28,11.80325802210332,13.071793347215344,18.939393939393938
2023-12-05,CMND,0.5300261,3.83,6.3,169.873621191292,51.30597508437097,15.873015873015873
2023-12-05,TVTX,0.1685214,6.29,7.83,33.40635067634351,1.7166904899370403,12.77139208173691
2023-12-05,GYRE,0.12079704,16.06,18.55415,0.0,0.0,5.389629813276275
2023-12-06,WBUY,0.25210083,5.95,6.5938,0.0,0.0,15.165761776214019
2023-12-06,PHR,0.23118639,14.75,18.59,8.315308903279009,0.0,5.3792361484669176
2023-12-06,S,0.14399993,20.0,23.425,19.293902139502027,0.546221823243953,4.268943436499466
2023-12-06,ALT,0.104448676,5.17,6.115,23.53846692365861,14.605333754830628,16.35322976287817
2023-12-07,WBUY,0.2832619,2.33,2.46,114.6339164939026,33.746146790735295,40.65040650406504
2023-12-07,ASLE,0.15649116,14.25,16.0,23.911077032822586,0.0,6.25
2023-12-07,JBLU,0.12050748,4.73,5.272600000000001,21.30944967157224,10.369577643089924,18.965975040776843
2023-12-07,SMTC,0.10778439,16.7,19.6475,14.730820275838726,0.0,5.089706069474488
2023-12-08,MBI,0.6952468,7.38,12.18,15.25301736821492,5.038675908493537,8.210180623973727
2023-12-08,SOAR,0.33097184,5.65,6.91495,0.0,0.0,14.461420545340168
2023-12-08,CURV,0.2650602,4.15,5.37,97.399561596333,0.0,18.6219739292365
2023-12-08,MOMO,0.110948086,6.57,7.5225,0.4869072786791665,0.6051589544397524,13.293452974410103
2023-12-08,ALXO,0.104864836,9.25,11.717500000000001,16.035244432758958,0.8083951622818327,8.534243652656283
2023-12-11,M,0.14635718,17.39,20.2,12.330012970272726,2.885330405578511,4.9504950495049505
2023-12-11,QXO,0.13664067,8.86,9.5,0.0,2.1400627755827424,10.526315789473685
2023-12-11,CDT,0.12427187,5.15,5.955,44.488725211050614,0.0,16.79261125104954
2023-12-13,CCCC,0.35897446,2.34,3.6799,78.22303676069419,25.852618374468687,27.174651485094703
2023-12-13,QXO,0.14732361,9.5,10.08,0.0,0.0,9.920634920634921
2023-12-13,LFMD,0.11728394,8.1,8.48,24.646942620376564,0.0,11.79245283018868
2023-12-14,GOTU,0.17344165,3.69,4.154999999999999,16.348530758808796,6.030182529111934,24.06738868832732
2023-12-14,ALEC,0.14144921,6.9,8.13,0.6129495960627612,0.0,12.300123001230011
2023-12-14,GFI,0.1076808,14.76,16.44385,0.0,0.0,6.081300911891072
2023-12-14,CDXS,0.10047853,2.09,2.4400000000000004,0.0,12.689719556480302,40.983606557377044
2023-12-15,CCCC,0.11377239,5.01,5.77505,23.596106840340884,16.47044654748979,17.315867395087487
2023-12-18,ARQT,0.2540983,2.44,3.2325,51.83390050101286,21.18228838940363,30.93580819798917
2023-12-19,ALDX,0.16216218,2.96,3.3225,23.265023973456497,7.512105802676182,30.09781790820166
2023-12-20,NEON,0.1622808,2.28,2.4601,0.0,0.0,40.64875411568635
2023-12-20,YHC,0.14503813,3.93,3.98375,50.57677838456819,21.689815469281925,25.101976780671478
2023-12-20,VRCA,0.10251796,5.56,5.87835,0.0,0.0,17.011576377725042
2023-12-21,MSAI,0.94274807,2.62,5.9001,0.0,24.321898108725556,16.94886527346994
2023-12-21,SFWL,0.23966944,3.63,4.45,38.704829665256085,0.0,22.47191011235955
2023-12-21,MGTX,0.18533611,4.91,6.025,6.480932515528847,0.0,16.59751037344398
2023-12-21,ABAT,0.15819216,5.31,5.6122499999999995,0.0,0.0,17.818165619849438
2023-12-21,TRON,0.1401869,2.14,2.35,0.0,0.0,42.5531914893617
2023-12-22,AISP,0.15562403,6.49,6.08,161.55429235804428,0.0,16.44736842105263
2023-12-22,RKLB,0.14898431,4.43,5.3675,25.941698706034234,10.20487190356778,18.63064741499767
2023-12-27,CHRS,0.3761468,2.18,2.71175,16.835073754311022,19.82104798402755,36.87655572969485
2023-12-27,CIFR,0.12449801,4.98,5.38,27.951435273426906,7.5353976468915045,18.58736059479554
2023-12-27,WULF,0.11711717,2.22,2.7245,52.50903714863911,21.034184818222574,36.703982382088455
2023-12-27,PMVP,0.11038971,3.08,3.34,0.0,0.0,29.940119760479043
2023-12-27,EWTX,0.102941155,9.52,10.62,8.006061089380605,0.0,9.416195856873824
2023-12-28,CING,1.5062656,3.99,10.15895,100.74009549690841,26.471442555045087,9.843536979707547
2023-12-28,BBLG,0.2688173,4.65,5.84715,25.910880742877,0.0,17.1023490076362
2023-12-29,GRFS,0.1082927,10.52,11.995000000000001,0.4816805952410153,0.0,8.336807002917881
2024-01-02,WULF,0.2208333,2.4,2.62495,0.0,23.023359811926195,38.095963732642524
2024-01-02,ARBK,0.18181813,3.74,4.2,11.403035820545934,0.0,23.80952380952381
2024-01-02,ANY,0.1536144,3.32,3.64,7.674352794724736,0.0,27.47252747252747
2024-01-02,CLSK,0.14233005,11.03,11.86505,0.0,4.631411606571451,8.428114504363656
2024-01-02,BTBT,0.14184391,4.23,4.536,0.0,0.0,22.045855379188716
2024-01-03,NTRP,0.6172414,2.9,4.6799,185.61674558158654,0.0,21.367977948246757
2024-01-03,DYN,0.37825418,13.06,16.8178,5.103294048335943,12.240448164053017,5.946080938053729
2024-01-03,UK,0.1358025,4.05,5.2001,19.78270196068962,0.0,19.23039941539586
2024-01-03,HLP,0.13133633,2.17,2.52,27.16912354078416,0.0,39.682539682539684
2024-01-03,SIDU,0.11764705,6.97,9.315000000000001,0.0,24.790735896273286,10.735373054213632
2024-01-04,NEXR,0.352381,3.15,4.0899,0.0,0.0,24.450475561749677
2024-01-04,PAAI,0.19138765,2.09,2.45,2.5363724158704675,0.0,40.816326530612244
2024-01-04,QS,0.100000024,6.5,7.5875,0.0,10.611442256646415,13.179571663920923
2024-01-05,AXGN,0.10074067,6.75,8.0175,0.0,0.0,12.472715933894605
2024-01-08,ACON,1.1470587,3.06,5.17,0.0,7.836359174759363,19.342359767891683
2024-01-08,DOGZ,0.2990867,4.38,4.89,0.0,0.0,20.449897750511248
2024-01-08,CLRB,0.15129149,2.71,3.1175,30.52570868496452,11.429814107148243,32.076984763432236
2024-01-08,YHC,0.12698448,4.41,4.76,26.811823138179598,0.0,21.008403361344538
2024-01-08,BLNK,0.12056744,2.82,3.075,0.0,14.582455006273486,32.52032520325203
2024-01-09,OPRX,0.17290425,13.36,15.25,0.0,0.0,6.557377049180328
2024-01-10,XERS,0.1535269,2.41,2.675,36.60616044011341,5.443259389559276,37.38317757009346
2024-01-10,PENG,0.13535464,18.47,20.96,17.506651878201,0.0,4.770992366412213
2024-01-10,GDRX,0.124343276,5.71,6.31875,13.484574978032084,0.0,15.825914935707221
2024-01-11,WULF,0.15094352,2.12,2.30925,0.0,25.157686470978227,43.30410306376529
2024-01-11,CAN,0.1401869,2.14,2.5175,20.006685715649873,11.42134247863837,39.72194637537239
2024-01-11,BTDR,0.12434554,7.64,8.370000000000001,77.80257107595959,0.0,11.94743130227001
2024-01-11,BTBT,0.12138736,3.46,3.75,12.494796717110901,6.949450533855679,26.666666666666668
2024-01-11,MPU,0.11415529,2.19,2.4,3.5814744440972084,0.0,41.66666666666667
2024-01-12,ROMA,0.16336632,4.04,4.4548000000000005,45.63622990660388,0.0,22.447696866301516
2024-01-12,MDAI,0.16078436,2.55,3.14,49.24974866967718,11.656702243053893,31.84713375796178
2024-01-16,MCHB,0.2681719,10.77,14.025,24.046713095839635,11.155718421800955,7.1301247771836005
2024-01-16,PCT,0.13333333,2.4,2.9425,0.0,3.553775232746005,33.98470688190314
2024-01-16,LAES,0.13274336,2.26,2.5746,0.07099037932418538,24.863835987747745,38.840985007379786
2024-01-16,WKEY,0.120622635,2.57,2.83,10.710521016433628,0.0,35.3356890459364
2024-01-17,HERE,0.14803505,2.77,3.04,0.1456646755021914,0.0,32.89473684210526
2024-01-18,RNAZ,0.1574074,2.16,2.29,2.6057674151801344,7.699173055476211,43.66812227074236
2024-01-18,LXEO,0.12925565,17.33,19.969949999999997,37.99000129161258,0.0,5.007523804516286
2024-01-19,EWTX,0.27038193,9.69,12.56455,30.040089498485777,0.5048545736166569,7.958900239164952
2024-01-22,DJTWW,0.26181817,11.0,14.50215,0.0,9.547118298065179,6.895529283588985
2024-01-22,BFRG,0.1758691,4.89,6.5351,0.0,22.009896928289557,15.301984667411363
2024-01-22,RUM,0.1197772,3.59,4.1425,13.987956771493693,4.530698749273479,24.140012070006033
2024-01-22,CHRS,0.118852496,2.44,2.7901499999999997,20.357965644701206,11.110648918775743,35.84036700535814
2024-01-23,RVSN,0.3777778,2.25,3.3851500000000003,58.05468463048067,68.39479319324944,29.540788443643557
2024-01-23,RUM,0.22290397,4.89,5.574,32.7849291859343,28.557597275245225,17.94043774668102
2024-01-23,PLUG,0.18309855,2.84,3.2845,55.89676415731748,17.312444171548787,30.446034404018878
2024-01-23,GDS,0.10769236,5.85,6.578,0.0,1.6036172783259148,15.202189115232592
2024-01-24,EVAX,0.86973953,4.99,9.3,198.0849101899746,57.12500549683082,10.75268817204301
2024-01-24,KURA,0.3710879,13.42,18.5875,21.342746439921267,3.7271051001996747,5.379959650302623
2024-01-24,TAL,0.11937547,10.89,11.93,7.46666313113807,2.535164970874575,8.382229673093043
2024-01-25,VERA,0.307873,17.02,21.9021,56.12397020990365,2.0867091707393772,4.56577223188644
2024-01-25,AMSC,0.2892307,9.75,13.065,0.0,7.708539839695596,7.654037504783774
2024-01-25,IKT,0.11824322,2.96,3.3175,0.0,0.0,30.14318010550113
2024-01-25,BFRG,0.10270262,7.4,7.875,24.691372136786566,0.0,12.698412698412698
2024-01-26,CRBP,0.99170625,8.44,17.5701,1.0221621606800921,75.02069815063669,5.691487242531346
2024-01-26,EHTH,0.141577,5.58,6.5,4.975908317981229,0.0,15.384615384615385
2024-01-26,AXG,0.12578619,4.77,5.08995,0.0,0.0,19.646558414129807
2024-01-26,PRCH,0.12554109,2.31,2.817,26.410455849253843,0.0,35.49875754348598
2024-01-26,IKT,0.117886186,2.46,2.8049999999999997,0.0,0.0,35.65062388591801
2024-01-29,MDAI,0.36531365,2.71,3.37,56.2621969740813,0.0,29.673590504451038
2024-01-29,JL,0.29352808,10.05,12.219850000000001,0.0,0.0,8.183406506626513
2024-01-29,CDLX,0.22703648,5.77,7.4947,71.09395603579999,0.0,13.342762218634501
2024-01-29,SOFI,0.15748024,7.62,8.98065,32.004550282267914,7.706292346828342,11.135051471775428
2024-01-29,ZIM,0.115151525,13.44,14.585,0.0,0.923981298736361,6.856359273225917
2024-01-30,RVSN,0.22532332,14.69,20.365000000000002,100.97171446488308,22.016676437378308,4.910385465259022
2024-01-30,CRBP,0.12835658,18.62,20.48735,30.22983510677354,0.0,4.881060752122652
2024-01-31,REVB,0.14716983,7.95,9.41,0.0,0.0,10.626992561105206
2024-01-31,NYXH,0.10442257,8.14,8.8,0.0,0.0,11.363636363636363
2024-02-01,PLUG,0.11910117,4.45,5.005,31.683873226486245,9.909138775574457,19.980019980019982
2024-02-02,CCTG,0.48205125,3.9,4.64495,46.404803500458904,3.5916360356935177,21.528757037212458
2024-02-05,FDMT,0.7181246,17.49,32.4908,94.31642019454424,9.96676425084038,3.077794329471727
2024-02-05,GHM,0.14711833,19.78,22.133,0.0,0.0,4.518140333438756
2024-02-05,BRTX,0.14642847,2.8,3.3395,52.47318281586627,6.022375177492394,29.944602485402005
2024-02-05,LUCK,0.11889398,11.6,12.475000000000001,35.21541959534414,0.6237841830527797,8.016032064128256
2024-02-06,PLTR,0.21411479,16.72,20.93,13.00980837703167,9.11269580072746,4.777830864787386
2024-02-06,AUDC,0.1092211,12.17,13.675,0.0,0.0,7.312614259597805
2024-02-07,JSPR,0.1416049,14.83,16.132649999999998,0.0,0.0,6.198609651855089
2024-02-07,SONO,0.11239374,16.46,18.895,0.0,0.973343962137897,5.292405398253506
2024-02-08,CCTG,1.2432432,2.59,5.39025,0.0,23.67832321857044,18.552015212652474
2024-02-08,OSCR,0.29977632,13.41,16.387500000000003,10.46898906876804,1.0649297488332072,6.1022120518688014
2024-02-08,MLYS,0.16279066,12.47,14.5,0.0,0.0,6.896551724137931
2024-02-08,REPL,0.14555252,7.42,7.984999999999999,0.0,0.0,12.523481527864748
2024-02-08,TNYA,0.13348424,4.42,5.43215,65.85797925755776,0.0,18.408917279530204
2024-02-09,CLSK,0.24000001,10.5,13.04,18.636821784441317,6.189457300285843,7.668711656441718
2024-02-09,CIFR,0.13793099,2.9,3.213,0.0,7.232411643998966,31.12356053532524
2024-02-09,IREN,0.13529408,5.1,5.76025,24.185924170020296,6.535526038586077,17.36035762336704
2024-02-09,VIP,0.12471664,4.41,4.74235,47.05319582169986,0.0,21.086592090419305
2024-02-09,BGDE,0.1090225,2.66,2.79,0.0,0.0,35.842293906810035
2024-02-12,LUNR,0.230461,4.99,6.28,93.3077752912938,10.593390655279446,15.92356687898089
2024-02-12,ASYS,0.10465109,3.44,3.93,0.0,0.0,25.44529262086514
2024-02-13,JBLU,0.12026358,6.07,6.79715,13.022642946896122,4.280130458348518,14.712048432063439
2024-02-13,GTM,0.109862685,16.02,17.5375,7.637456109768133,4.4174136582888615,5.702066999287241
2024-02-13,MGIH,0.10610938,3.11,3.125,10.373428746040576,0.0,32.0
2024-02-14,COGT,0.5659889,5.46,8.7378,52.02654750362115,0.0,11.444528370985832
2024-02-14,HCSG,0.257928,9.46,11.562349999999999,0.0,0.0,8.64876084878939
2024-02-14,SNTG,0.25110126,2.27,2.5275,21.713106000455024,0.0,39.56478733926805
2024-02-14,LRMR,0.24027467,8.74,10.75,18.069269627852965,6.043931196557287,9.30232558139535
2024-02-14,LYFT,0.2349546,12.13,16.01915,17.319080132493884,5.389169589146054,6.2425284737330005
2024-02-15,NNOX,0.9559747,6.36,9.94975,0.0,11.576263850858455,10.050503781502048
2024-02-15,SOUN,0.7782705,2.255,3.4603,59.42259604933462,23.3388756919921,28.89922839060197
2024-02-15,DJTWW,0.36768448,15.72,20.490000000000002,21.656843446668955,0.0,4.880429477794046
2024-02-15,PLCE,0.28005505,14.515,26.69015,2.220446049250313e-12,7.388621433526213,3.7467005618177494
2024-02-16,WAFU,0.17040348,2.23,2.1425,98.65153664668067,0.0,46.67444574095683
2024-02-16,LUNR,0.1686567,6.7,8.0471,66.67036015539917,13.991804367677577,12.426836997179107
2024-02-16,BMR,0.16499996,10.0,11.0948,15.056270404542639,20.58709885136105,9.013231423730037
2024-02-16,BLZE,0.12883437,8.15,9.8525,23.016493998173384,3.932441773939157,10.14970819588937
2024-02-16,SXTC,0.12844038,2.18,2.255,43.02052026460858,0.0,44.345898004434595
2024-02-20,SCNX,1.3270373,4.59,10.96,0.0,0.0,9.124087591240874
2024-02-20,MNY,0.54285717,2.1,3.00995,208.45362135719245,34.37343025334196,33.223143241582086
2024-02-20,LUNR,0.296448,7.32,9.22995,26.917179465274877,20.35232995082811,10.834294877003666
2024-02-20,IOVA,0.273224,9.15,12.7025,20.86842718170117,5.934228394903824,7.872466049990159
2024-02-20,CPOP,0.13962269,2.65,2.7938,49.264983775404374,84.75697138770612,35.793542844870785
2024-02-21,LUNR,0.17288446,10.99,11.735,21.31857774464497,19.59573813298578,8.52151682999574
2024-02-21,NEO,0.11564624,14.7,16.0375,21.529777366841703,0.0,6.235385814497271
2024-02-22,SOUNW,0.3129102,2.285,2.9175,37.29393264989844,0.0,34.27592116538132
2024-02-22,RELY,0.24646688,17.69,21.1875,25.302647309296066,0.41903029101736045,4.71976401179941
2024-02-22,RILY,0.22693098,15.2,17.61575,0.27585200655798786,0.09526518429434674,5.676738146261159
2024-02-22,OCUL,0.20744681,7.52,9.07455,27.786726579267174,0.0,11.019830184416858
2024-02-22,WETH,0.17372167,3.05,3.6806,0.0,0.0,27.169483236428842
2024-02-23,LUNR,0.4009663,8.28,10.0037,57.37255978453406,13.617091828065194,9.996301368493658
2024-02-23,AXTI,0.385965,2.28,4.2250499999999995,138.5748148046791,16.91188043414595,23.668358954331904
2024-02-23,MRVI,0.36007822,5.11,7.7525,81.28359784646001,6.7286703658141755,12.899064817800708
2024-02-23,LOT,0.33160615,13.51,14.385,0.0,0.0,6.9516857838025725
2024-02-23,FLNC,0.12801361,14.725,15.335,0.0,0.0,6.521030322791001
2024-02-26,IBRX,0.15999997,3.5,4.0399,21.477857838476485,3.3270345083999278,24.753087947721475
2024-02-26,ALT,0.13586962,9.2,11.09395,11.90598103969944,4.935008134599015,9.013922002532912
2024-02-26,ALVO,0.11353707,16.03,17.8,0.17780211807512808,0.0,5.617977528089887
2024-02-26,WEAV,0.105263114,10.64,11.985,3.4656504490131304,0.0,8.343763037129746
2024-02-27,JANX,1.3701987,15.1,36.9299,65.96017643371634,17.397705990364862,2.7078329483697487
2024-02-27,IFBD,1.134058,2.76,4.444850000000001,119.21733097471038,82.36180451715676,22.49794706233056
2024-02-27,SOUN,0.23826087,5.75,7.138,0.0,16.72281457872678,14.009526478005043
2024-02-27,PUBM,0.23657215,16.57,19.95695,13.770277584547632,0.0,5.0107857162542375
2024-02-27,PYXS,0.23012555,4.78,5.92,68.87035375378989,0.0,16.89189189189189
2024-02-28,BYND,0.50265956,7.52,10.81625,86.98880963334972,15.212477846959818,9.24534843406911
2024-02-28,BAND,0.4576131,12.15,17.494999999999997,19.449700501847893,0.0,5.715918833952559
2024-02-28,LTH,0.27053142,12.42,14.74,0.0,0.0,6.784260515603799
2024-02-28,LFST,0.20298517,6.7,8.577300000000001,17.857909571755727,0.0,11.658680470544342
2024-02-28,RVLV,0.20182967,17.49,20.61,0.0,0.42502792000292394,4.85201358563804
2024-02-29,PLCE,0.28958333,19.2,22.435000000000002,3.7429874526009663,0.0,4.457321149988856
2024-02-29,RVSN,0.2827586,2.9,3.2802,76.50210495155748,8.239347328538415,30.48594597890373
2024-02-29,SIDU,0.2280072,5.57,6.6673,78.88546705627887,72.20236688689009,14.99857513536214
2024-02-29,RNA,0.19986892,15.26,18.66975,0.0,0.0,5.35625811807871
2024-03-01,ADIL,0.5337255,2.04,3.36,180.20684702399387,39.0186833176923,29.761904761904763
2024-03-01,SG,0.24843013,12.74,16.51,35.56888067156425,0.0,6.056935190793458
2024-03-01,PLGO,0.2435714,14.96,16.86,0.0,0.0,5.931198102016608
2024-03-01,NVTS,0.19218242,6.14,6.0298,46.83341758014875,4.864880985130604,16.584297986666225
2024-03-01,OPRA,0.15285456,12.18,13.9633,0.0,0.0,7.161630846576382
2024-03-04,FUFU,0.92633224,6.38,14.46,131.95550687085148,27.893770991255117,6.915629322268326
2024-03-04,PHUN,0.20338988,7.08,10.2717,0.0,43.69764439872987,9.735486823018586
2024-03-04,SMR,0.18840575,3.45,3.9052499999999997,0.0,0.0010349927798291758,25.60655527815121
2024-03-04,BBAI,0.1849711,3.46,4.37455,0.0,13.267084733297512,22.859494119395137
2024-03-04,AQST,0.16037738,4.24,4.615,20.23150589023058,0.0,21.668472372697725
2024-03-05,PHUN,0.28847706,12.41,15.98085,68.29261436749883,7.141047104132972,6.257489432664721
2024-03-05,PAY,0.19021404,16.35,19.69745,51.23202562797084,0.0,5.076799281125222
2024-03-05,DSP,0.14379084,9.18,9.925,31.844888787363047,0.0,10.075566750629722
2024-03-05,COCH,0.100000024,8.7,9.01,14.321388970051782,0.0,11.098779134295228
2024-03-05,PPTA,0.100000024,3.5,3.7979,0.0,0.0,26.330340451302035
2024-03-06,AISP,0.80404055,4.95,7.68,44.30973127990988,34.577965626608616,13.020833333333334
2024-03-06,IFBD,0.25430214,5.23,6.34995,68.34925024888834,1.0143482739423826,15.748155497287382
2024-03-06,HIPO,0.24343014,14.46,16.9088,2.645430131122272,0.0,5.914080242240727
2024-03-06,PDYN,0.16417909,2.01,2.6813000000000002,76.6349320218338,0.0,37.2953418118077
2024-03-07,HNST,0.33650792,3.15,3.87,50.21777867666128,3.4556527018005014,25.839793281653748
2024-03-07,RSI,0.32838595,5.39,6.75,27.545313577121387,0.0,14.814814814814815
2024-03-07,YEXT,0.25671136,5.96,6.245,0.0,0.0,16.01281024819856
2024-03-07,OSPN,0.2526399,9.58,12.0,23.800706529315693,0.0,8.333333333333334
2024-03-08,PRCH,0.25401938,3.11,3.5559000000000003,57.982452227574726,2.4148002377685507,28.122275654545962
2024-03-08,GRFS,0.17812729,5.61,6.825,7.1598333628323605,0.0,14.652014652014651
2024-03-08,FNKO,0.16304338,6.44,7.0,6.9533777754859685,0.0,14.285714285714286
2024-03-08,SOUNW,0.1401869,2.675,3.035,0.0,0.0,32.948929159802304
2024-03-08,SWBI,0.1204319,13.44,16.795,20.74204390716039,0.0,5.954153021732658
2024-03-11,RVSN,0.26855123,2.83,3.45505,106.73146007039242,13.52667541447773,28.94314119911434
2024-03-11,AUUD,0.20196092,3.07,3.39735,24.891889252008667,0.0,29.434706462389805
2024-03-11,GDS,0.1840874,6.41,8.035250000000001,19.984515565057315,0.0,12.445163498335457
2024-03-11,LENZ,0.121130586,3.14,3.51205,0.35812100613269726,0.0,28.47339872723908
2024-03-11,KC,0.11895907,2.69,3.2798999999999996,5.220708141740974,5.553511190808612,30.488734412634535
2024-03-12,SGLY,0.29354835,3.1,3.86005,33.313510168037894,10.378032492896908,25.90640017616352
2024-03-12,PACK,0.28146458,4.37,6.45245,154.30815479134546,3.1557690829011853,15.497989135909616
2024-03-12,HRTG,0.23776233,7.15,8.3113,14.969531794656422,0.0,12.031812111222072
2024-03-12,GUTS,0.13619173,7.93,7.765,11.309773656003308,0.0,12.878300064391501
2024-03-12,RYDE,0.12135172,6.51,7.7,0.0,0.0,12.987012987012987
2024-03-13,SKIN,0.27298057,3.59,4.97295,48.864441751994136,1.6438968963773992,20.108788546034045
2024-03-13,HRTX,0.1864407,2.36,2.8325,35.91650992587992,12.73191097830084,35.3045013239188
2024-03-13,TH,0.17330217,8.54,9.5113,8.287923068014099,0.0,10.51380988928958
2024-03-13,ANNX,0.14814806,4.59,5.49,0.0,0.0,18.21493624772313
2024-03-13,HCM,0.13288426,16.33,18.9075,0.0,0.0,5.288906518577284
2024-03-14,TBCH,0.27833188,11.03,14.247399999999999,30.25209200122197,0.0,7.0188244872748715
2024-03-14,SOUNW,0.24336278,4.52,5.24,49.024710347320266,0.0,19.083969465648853
2024-03-14,CCTG,0.23283577,3.35,3.7350000000000003,55.2555011535991,0.2744461118388156,26.77376171352075
2024-03-14,LAC,0.19197202,5.73,7.089,44.96159126315748,4.717807523991879,14.10636196924813
2024-03-14,BBAI,0.17479682,2.46,2.5888999999999998,8.936049939288738,23.64273030994184,38.62644366333192
2024-03-15,CDLX,0.5271839,8.185,13.054950000000002,72.63512632970446,11.907597246330898,7.659929758444114
2024-03-15,MDAI,0.15289247,2.42,2.7504,58.198327439457806,0.1920787986413096,36.35834787667248
2024-03-18,BNAI,0.36837125,10.56,14.10005,2.6310431510149863,0.0,7.0921734320091065
2024-03-18,EH,0.14964223,15.37,18.532400000000003,0.0,3.1392032666242398,5.395955191988085
2024-03-18,RVSN,0.1428572,2.45,2.63055,59.24237583091641,0.0,38.014863811750395
2024-03-18,HERE,0.109550595,3.01,3.12,59.29525536076948,0.0,32.05128205128205
2024-03-18,EONR,0.10897446,3.12,3.4450000000000003,0.0,0.0,29.027576197387514
2024-03-19,NCMI,0.22734022,4.22,5.34035,40.08384108552639,0.0,18.72536444240546
2024-03-19,SPIR,0.16327357,12.28,17.4925,21.772134654240187,3.0785208055199647,5.716735743890239
2024-03-19,ATNM,0.16207945,6.54,7.555,0.0,0.0,13.236267372600928
2024-03-20,TSHA,0.3111111,2.25,2.815,36.256846528245084,14.008170109328303,35.52397868561279
2024-03-20,SRAD,0.13676906,10.09,12.0367,5.5388925220572895,0.0,8.307924929590337
2024-03-20,CGC,0.1253264,3.83,4.1169,16.837300169650096,10.553090742465368,24.290121207704825
2024-03-20,ANVS,0.10426009,8.92,9.7325,0.0,4.45656605334752,10.274852298998201
2024-03-20,BAK,0.10233593,8.99,9.905000000000001,4.896355436216397,0.0,10.095911155981826
2024-03-21,LU,0.4447316,3.37,4.75795,27.426331575304268,6.6256162386945805,21.01745499637449
2024-03-21,AMTX,0.18356168,3.65,4.3256499999999996,10.237212931495494,4.145679856383382,23.117912914822053
2024-03-21,GRSD,0.12157714,9.13,9.855,1.0384217126164,0.0,10.147133434804667
2024-03-22,OTLK,0.5298296,7.04,9.67315,76.45420677772944,13.876815567304156,10.337894067599489
2024-03-25,NKTX,0.17320633,8.92,11.0,9.132029482376877,0.5928715885509993,9.090909090909092
2024-03-25,TH,0.1591928,8.92,10.815000000000001,5.67404823441266,0.0,9.246417013407303
2024-03-25,GDRX,0.15501523,6.58,7.489000000000001,0.690619291914668,0.0,13.352917612498329
2024-03-25,LCID,0.13718414,2.77,3.255,50.54393734819007,32.819490892524556,30.721966205837173
2024-03-25,XTLB,0.12213743,2.62,3.3898,26.027049104261337,0.02580161331750155,29.50026550238952
2024-03-26,STOK,0.70307684,6.5,11.460049999999999,31.8531299085563,11.575197003370373,8.725965418999046
2024-03-26,IVVD,0.19814241,3.23,3.8996500000000003,14.718034958359095,0.0,25.64332696524047
2024-03-26,DNUT,0.19196069,12.45,14.7635,17.666056118303082,4.1133095804913875,6.7734615775392015
2024-03-26,STRO,0.174312,3.27,3.52,0.0,0.0,28.40909090909091
2024-03-26,XTLB,0.15658367,2.81,3.1242,6.18952221049434,0.0,32.00819409768901
2024-03-27,DXYZ,0.22222221,9.0,11.2696,0.0,0.0,8.873429402995669
2024-03-27,NUVB,0.13368058,2.88,3.2175000000000002,16.75772710853029,4.918676472648181,31.080031080031077
2024-03-27,NVCR,0.13083398,13.07,14.001349999999999,27.434643313610003,1.368982258895957,7.142168433758174
2024-03-27,PAYS,0.12721884,3.38,4.2136499999999995,35.30516434300011,0.0,23.732393530549526
2024-03-27,STKS,0.12219441,4.01,4.8088999999999995,0.0,0.0,20.794776352180335
2024-03-28,AVTX,2.9368422,4.75,18.79,112.63595108856688,53.14653238095569,5.32197977647685
2024-03-28,MESO,0.27793694,3.49,4.20505,24.955175301191655,14.901530056311946,23.780930072175124
2024-03-28,IBIO,0.25,3.36,4.462,108.41781897102817,29.5773386603114,22.41147467503362
2024-03-28,ATLX,0.13404822,14.92,15.995000000000001,0.0,0.0,6.251953735542356
2024-03-28,SMMT,0.12266672,3.75,4.4,6.821519756770922,0.0,22.727272727272727
2024-04-01,CXAI,0.54285717,2.45,4.4398,60.068615540080515,38.232311693568526,22.5235370962656
2024-04-01,MESO,0.23153687,5.01,6.63,44.64812034053322,20.062928907928274,15.082956259426847
2024-04-01,CURV,0.20901644,4.88,5.46,0.0,0.0,18.315018315018314
2024-04-01,BLDP,0.12589931,2.78,3.12695,12.34110996889591,3.077464111426049,31.98004445226179
2024-04-02,XTIA,0.4660194,2.06,3.1525,107.55998089930685,43.84091006962265,31.720856463124505
2024-04-02,VTSI,0.24213839,9.54,12.24045,23.95711904482853,0.0,8.169634286321173
2024-04-03,VIVO,0.53728807,5.9,8.98,171.94979874814183,25.299059177772246,11.135857461024498
2024-04-03,XTIA,0.22857141,3.5,4.43985,52.138402039994645,14.882293472074414,22.523283444260507
2024-04-03,RVSN,0.19402981,2.01,2.18995,46.360540618918705,0.0,45.663142994132286
2024-04-03,VNDA,0.18925834,3.91,5.06005,10.13996793857597,11.447141949698384,19.762650566694003
2024-04-03,MNY,0.18468475,2.22,2.44285,58.246321224530654,0.0,40.935792209918745
2024-04-04,LEVI,0.15261042,18.66,22.005000000000003,39.89205131887306,3.5568831977220046,4.544421722335832
2024-04-04,ZETA,0.110636234,10.53,11.91,12.12766653130518,0.0,8.39630562552477
2024-04-04,MGNX,0.10241401,13.67,17.064999999999998,37.039389861345576,0.0021302698201268702,5.859947260474656
2024-04-04,SWVL,0.10018098,16.57,20.2046,76.55910517908204,0.0,4.9493679657107785
2024-04-05,GCTS,0.9249563,5.73,8.675,76.48112329102639,24.286751842482875,11.527377521613833
2024-04-05,NXL,0.18604648,2.15,2.5,0.0,0.0,40.0
2024-04-05,AXTI,0.102484465,3.22,3.505,5.770338802639394,0.0,28.530670470756064
2024-04-08,LGVN,0.70000005,2.2,4.20995,134.57202385228717,27.311448651846508,23.753251226261593
2024-04-08,AXTI,0.1286174,3.11,3.84,17.103058762561712,0.0,26.041666666666668
2024-04-08,VIVO,0.10193324,5.69,6.0600000000000005,0.0,0.0,16.5016501650165
2024-04-09,TSHA,0.100746274,2.68,3.1069500000000003,29.328986778582294,0.4941699549404962,32.18590579185374
2024-04-10,ARQ,0.105341196,6.74,7.3599,3.82601737715637e-05,0.0,13.587141129634913
2024-04-11,RENT,0.32162154,7.4,13.045,175.91530675469792,38.3233148462135,7.6657723265619016
2024-04-11,CADL,0.254902,5.1,6.68,107.52773775544061,37.10262794838562,14.970059880239521
2024-04-11,ELVN,0.2116549,19.82,24.56,65.64491178614765,0.0,4.071661237785016
2024-04-11,CYPH,0.15131581,3.04,3.365,3.1513204435093045,0.0,29.717682020802375
2024-04-11,GYRE,0.13472617,13.88,15.63,0.0,0.0,6.397952655150352
2024-04-12,ALLR,0.25816274,2.297,3.115,55.41265249065641,2.7780477844453912,32.102728731942214
2024-04-12,HKD,0.20189273,3.17,3.68995,23.28826754877395,0.0,27.10063822003008
2024-04-12,SRXH,0.17068946,6.62,7.05,0.0,,14.184397163120568
2024-04-12,MNDR,0.1343137,10.2,11.47,12.945668039658498,8.754911437571998,8.718395815170009
2024-04-12,LYEL,0.116541386,2.66,2.9825,12.635234463065665,0.0,33.52891869237217
2024-04-15,RENT,0.14352572,19.23,17.48,48.095433072774306,0.0,5.720823798627002
2024-04-15,ALLR,0.11428571,2.1,2.24,0.0,0.0,44.64285714285714
2024-04-16,CGEM,0.20060432,16.55,19.965,26.07581789041486,0.0,5.008765339343852
2024-04-16,MNDR,0.1255256,16.65,17.73875,41.85477760969322,0.0,5.637375801564372
2024-04-16,AVTX,0.10892391,15.24,16.765,0.0,0.0,5.964807634953773
2024-04-17,DVLT,0.7885246,6.1,9.25665,78.99028423786368,30.62960603559896,10.803044297883142
2024-04-17,VNDA,0.33827162,4.05,5.2074,26.2533413876823,5.915818744756642,19.203441256673198
2024-04-17,CXAI,0.32736576,3.91,4.85405,36.268562425997295,9.339014948600932,20.601353508925538
2024-04-17,EDBL,0.32307696,4.55,6.344,0.0,64.59284600252553,15.762925598991172
2024-04-17,PLCE,0.31786215,7.11,9.870000000000001,91.61469322212534,0.006863070987878452,10.131712259371833
2024-04-18,RYDE,0.16533327,3.75,4.29,0.0,0.0,23.31002331002331
2024-04-18,VTSI,0.103907585,11.26,12.07,0.0,0.0,8.285004142502071
2024-04-19,DJTWW,0.17087376,15.45,17.38,23.470939139167736,0.0,5.753739930955121
2024-04-19,YYAI,0.105263114,2.09,1.99,10.127822066388545,23.467411141334686,50.25125628140704
2024-04-22,TRSG,0.15798318,5.95,7.5,40.59164535720262,0.0,13.333333333333334
2024-04-23,IBRX,0.24493933,4.94,5.32015,0.0,10.363135587260967,18.796462505756416
2024-04-23,RNAC,0.10952902,18.26,19.8425,0.0,0.0,5.039687539372559
2024-04-24,AEYE,0.20029676,13.48,15.29,0.0,0.0,6.540222367560498
2024-04-24,MTC,0.14732134,2.24,2.64,86.640392464143,0.0,37.878787878787875
2024-04-24,PROP,0.14213204,11.82,13.7103,0.0,0.0,7.293786423345951
2024-04-26,SNAP,0.27017546,11.4,14.155000000000001,14.18198347967427,5.297984363794215,7.064641469445425
2024-04-26,TPC,0.13800573,13.89,16.755,0.0,0.0,5.96836765144733
2024-04-29,IBRX,0.14421773,7.35,9.66995,70.99857041988966,17.296518946244223,10.341315105041907
2024-04-29,ZONE,0.1371429,3.5,3.48225,0.0,0.0,28.71706511594515
2024-04-29,XPER,0.12964821,9.95,10.8525,0.0,0.0,9.214466712739
2024-04-29,MESO,0.12179494,6.24,7.3925,0.0,0.0,13.527223537368956
2024-04-29,AXG,0.11119938,12.59,13.4175,5.33407199685622,0.0,7.452953232718465
2024-04-30,WGS,0.29818177,11.0,14.7009,45.58121145229711,8.14704217987752,6.802304620805528
2024-04-30,HLIT,0.26063836,9.4,11.096900000000002,17.236448878413682,0.0,9.011525741423279
2024-04-30,BOF,0.15294123,2.55,2.7596,54.80592444345787,0.0,36.23713581678504
2024-04-30,BLND,0.1377778,2.25,2.7333499999999997,10.92698487488658,11.130056473994719,36.58514277351968
2024-04-30,LTRX,0.101156,3.46,3.9,10.328687612433773,0.0,25.641025641025642
2024-05-01,TGTX,0.25549042,13.66,16.6125,48.73228144929887,0.6288307617046215,6.019563581640331
2024-05-01,FLG,0.20376253,2.65,3.1175,32.38242978459143,16.864068603033893,32.076984763432236
2024-05-01,HAPN,0.1170212,7.52,8.78,6.733526858086886,0.0,11.389521640091116
2024-05-02,ENVX,0.359447,6.51,8.47,22.67086437693854,10.705249645991588,11.806375442739078
2024-05-02,ASPN,0.3002628,15.22,20.71515,41.115583106068115,5.096001749632013,4.827384788427793
2024-05-02,LUNG,0.29274607,7.72,9.4625,0.0,0.0,10.568031704095112
2024-05-02,RSI,0.22429907,6.42,7.48,22.943062797744105,0.0,13.36898395721925
2024-05-02,STI,0.14814818,2.16,2.36,0.0,0.0,42.37288135593221
2024-05-03,OLOX,0.3242321,2.93,5.3523499999999995,43.9216690028525,61.97913194852956,18.683382065821558
2024-05-03,OSPN,0.26848257,10.95,13.045,10.04695435464125,0.0,7.6657723265619016
2024-05-03,LOCO,0.26395345,8.6,10.69985,59.39071556399607,0.0,9.345925410169302
2024-05-03,ARDX,0.23122239,6.79,8.195,18.498637611736658,3.914627021582069,12.202562538133007
2024-05-03,RLAY,0.23022604,7.08,7.755,0.07153785558382925,0.0,12.894906511927788
2024-05-06,XBP,1.0377357,2.12,3.60155,29.25596262253405,12.227455593027809,27.76582304840971
2024-05-06,BENF,0.17302048,6.82,6.955,27.785975387847554,7.965739063694811,14.378145219266715
2024-05-06,BCRX,0.123595595,4.45,5.145,25.67125050623885,0.0,19.436345966958214
2024-05-06,CTMX,0.10383749,4.43,4.675,16.119414282905588,0.22507535204458806,21.390374331550802
2024-05-07,ZETA,0.19615388,13.0,15.34,24.60691086040991,1.334224208659656,6.51890482398957
2024-05-07,HIMS,0.17038631,11.65,12.9175,10.531494378654163,2.2766619569374433,7.741436036384749
2024-05-07,PTON,0.16666675,3.54,4.0625,17.362765341708773,13.775494869946852,24.615384615384617
2024-05-07,TVTX,0.129771,6.55,7.22,0.0,0.0,13.850415512465375
2024-05-07,JMIA,0.12065816,5.47,6.5216,42.42035699137944,1.5391147221499335,15.333660451422963
2024-05-08,INOD,0.28338277,6.74,9.4083,35.03193009004639,21.538200263530957,10.628912768512908
2024-05-08,MYGN,0.18543983,19.78,23.23,10.092263450632224,0.0,4.304778303917348
2024-05-08,ELAN,0.16420114,13.52,16.375,26.472716381881696,0.8989243067736284,6.106870229007634
2024-05-08,CRCT,0.16271842,5.53,7.4346499999999995,36.92884271369273,0.0,13.450532304815964
2024-05-08,DSY,0.14890504,6.85,7.935,0.0,0.0,12.60239445494644
2024-05-09,EMBC,0.29319596,10.27,14.31,38.50405199571526,0.0,6.988120195667365
2024-05-09,MGNI,0.21348321,8.9,10.25,17.81014754519526,0.04163192794355736,9.75609756097561
2024-05-09,ZLAB,0.21001804,16.57,20.1,16.565145892677545,0.0,4.975124378109452
2024-05-09,WRBY,0.18327975,12.44,14.6875,13.907777288421068,0.0,6.808510638297872
2024-05-09,SLQT,0.16400003,2.5,2.7575000000000003,0.6690180105071941,0.0,36.26473254759746
2024-05-10,NVAX,1.241611,4.47,10.294799999999999,29.52493241277551,16.511528448758312,9.713641838598129
2024-05-10,SRTS,0.2650919,3.81,4.5501,55.84207719654827,18.741824305425244,21.9775389551878
2024-05-10,ARRY,0.18705034,12.51,13.0675,22.154816930222083,1.880134639530994,7.6525731777310115
2024-05-10,ADMA,0.18326116,6.93,8.3825,35.17500566581761,3.307514684743005,11.929615269907545
2024-05-10,SOUN,0.16842115,4.75,5.68915,38.8796377607147,10.833849822257086,17.57731822855787
2024-05-13,GME,0.5085912,17.46,28.485,0.0,25.206238890104444,3.5106196243637005
2024-05-13,AMC,0.2096219,2.91,3.5097,63.000104194521484,23.922916596225686,28.492463743339886
2024-05-13,KOSS,0.20707989,3.1978,4.69,115.33123123364003,14.105016380185024,21.321961620469082
2024-05-13,FULC,0.11780465,7.47,7.54,0.0,0.0,13.26259946949602
2024-05-14,AMC,1.2890174,5.19,10.17,0.0,1.831177874851843,9.83284169124877
2024-05-14,PLUG,0.6920414,2.89,4.23745,27.06329580810873,15.611901206213359,23.599098514436747
2024-05-14,KOSS,0.35926783,4.37,6.16005,157.53883735441872,46.4658446750584,16.2336344672527
2024-05-14,BB,0.23225808,3.1,3.5675,68.64026326445142,14.57687755688079,28.030833917309042
2024-05-14,HROW,0.20546818,12.07,15.3,35.00109916887051,0.0,6.5359477124183005
2024-05-15,OPRX,0.3311069,10.48,13.13,0.0,0.0,7.616146230007615
2024-05-15,ARQT,0.15867162,8.13,9.33,10.466036812419581,2.8533010325586146,10.718113612004288
2024-05-15,TMCI,0.15400004,5.0,5.2618,0.0,0.0,19.00490326504238
2024-05-15,SRAD,0.13157892,9.5,10.015,2.997067124122544,0.0,9.98502246630055
2024-05-15,BCRX,0.10634327,5.36,6.199400000000001,31.228551063621943,2.3200589957609554,16.130593283220954
2024-05-16,JDZG,0.47420144,4.07,5.5,88.10172394627443,0.0,18.181818181818183
2024-05-16,ASTS,0.3138075,2.39,3.2977999999999996,56.72087538573098,18.657734450588368,30.32324580023046
2024-05-16,GRRR,0.14367819,5.22,5.5875,10.211609050422418,0.0,17.89709172259508
2024-05-16,SOWG,0.14213204,15.76,16.82,0.404820952362678,0.0,5.945303210463734
2024-05-16,GOOS,0.1366024,11.42,13.7268,13.784623083411041,0.6896481015741923,7.285019086750007
2024-05-17,OUST,0.111492276,11.66,13.595099999999999,10.493736453920613,0.0,7.355591352766806
2024-05-17,AUTL,0.10565102,4.07,4.557499999999999,0.0,0.0,21.94185408667033
2024-05-20,STRO,0.1496259,4.01,4.5600000000000005,21.857891440247066,1.5442709493198843,21.929824561403507
2024-05-20,ASPI,0.14823008,4.52,5.0314499999999995,0.8358464838332552,0.0,19.874986335946897
2024-05-20,JDZG,0.10873282,11.68,13.9736,62.98859427057845,0.0,7.156351978015687
2024-05-21,EDBL,0.5,3.8,5.0936,66.3098840063537,0.0,19.632479974870424
2024-05-21,CMCM,0.11711705,5.55,6.265,5.607532722024265,0.0,15.961691939345572
2024-05-21,ALLO,0.11583018,2.59,2.8,29.956003318432998,0.6126852787022649,35.714285714285715
2024-05-21,LRMR,0.10729027,7.27,7.75,0.0,0.0,12.903225806451612
2024-05-22,CHAI,0.625,2.4,3.895,104.54561462365865,15.122562064988124,25.673940949935815
2024-05-22,RZLT,0.20666659,3.0,3.24,63.925250516033095,0.0,30.864197530864196
2024-05-22,WOOF,0.12653053,2.45,3.13495,76.11516115933114,15.749729581705358,31.898435381744527
2024-05-22,DVLT,0.10162604,2.46,2.5,1.836494431776339,0.0,40.0
2024-05-23,BORR,0.102941155,5.83,6.505,8.14511070198881,0.0,15.372790161414297
2024-05-24,SRXH,0.6390313,4.1,5.817,127.5355657804146,0.0,17.190991920233795
2024-05-24,PAGS,0.11267614,12.27,12.93,0.0,0.0,7.733952049497293
2024-05-28,GME,0.21578944,19.0,21.686500000000002,0.0,18.379775607024737,4.611163627141309
2024-05-28,IPW,0.14778328,2.03,2.332,78.86791255265938,0.0,42.88164665523156
2024-05-28,OKLO,0.1428572,10.15,11.86,2.9497473320659098,4.221408978152543,8.431703204047217
2024-05-28,SMR,0.13239074,7.78,8.71,13.65656764164142,3.87420710366767,11.48105625717566
2024-05-28,NNE,0.13181818,4.4,4.7615,47.773659563969126,21.0439328465059,21.0017851517379
2024-05-29,OOMA,0.1784811,7.9,9.38,0.0,0.0,10.660980810234541
2024-05-29,ASTS,0.1575985,5.33,6.8045,30.30039096025723,21.43637055524038,14.69615695495628
2024-05-29,CHWY,0.14311063,16.91,20.4225,9.546448996270643,2.422443333991988,4.896560166483046
2024-05-30,RRGB,0.18870723,6.73,8.3,27.27049507005103,0.0,12.048192771084336
2024-05-30,WOOF,0.14696479,3.13,3.5324999999999998,20.493282730398334,14.108702463926097,28.308563340410476
2024-05-30,AMSC,0.13679552,15.79,19.795,34.00818578098463,0.0,5.051780752715332
2024-05-30,ALHC,0.11747849,6.98,7.9275,0.5038119342585182,0.0,12.61431725007884
2024-05-30,BWLP,0.11395347,18.26,20.17,0.06527837296996648,0.6385476601192562,4.957858205255329
2024-05-31,PD,0.17827296,17.95,20.285,16.023898315265626,0.0,4.929751047572098
2024-05-31,ASAN,0.13404417,13.13,14.2927,3.7052421222175096,0.0,6.996578673028889
2024-05-31,BTDR,0.106529236,5.82,6.4967500000000005,0.0,0.0,15.392311540385576
2024-06-03,AMC,0.2563511,4.33,4.962199999999999,76.04298063326638,11.67990169173165,20.152351779452665
2024-06-03,KYTX,0.20271349,12.53,14.22,0.16138605800719452,0.0,7.032348804500703
2024-06-03,PDC,0.14553988,2.13,2.3,0.0,0.0,43.47826086956522
2024-06-03,SMMT,0.13298786,8.685,9.44995,13.697115946386743,2.520220568669747,10.582066571780803
2024-06-03,LQDA,0.1305362,12.87,14.58235,7.634414926968267,0.0,6.857605255668668
2024-06-04,ANNX,0.316594,4.58,6.1775,8.299103907971094,7.798335038370751,16.187778227438283
2024-06-04,CORZ,0.28336763,4.87,6.30995,32.131350208642054,9.29236994537758,15.847986117164162
2024-06-05,CCM,0.26666665,2.1,1.5474999999999999,169.4211739939075,0.16609045990251486,64.62035541195478
2024-06-05,BNAI,0.21917808,3.65,3.6025,27.560194104518082,0.0,27.758501040943788
2024-06-05,SFIX,0.17602992,2.67,3.56,42.65473331054269,8.65971124267369,28.089887640449437
2024-06-05,HPE,0.15675676,17.6,20.1325,35.366276681451374,2.363439434412762,4.96709300881659
2024-06-05,VIR,0.15122879,10.58,12.3125,13.705709000375501,0.0,8.121827411167512
2024-06-06,VNDA,0.281188,5.05,6.262499999999999,32.992773497468626,2.402677907343688,15.96806387225549
2024-06-06,FBLG,0.15671647,6.7,7.2,0.0,0.0,13.88888888888889
2024-06-07,GERN,0.14652956,3.89,4.88995,27.308938786357587,12.127265714989782,20.4501068518083
2024-06-10,AIOS,0.16023731,3.37,3.8,0.0,0.0,26.315789473684212
2024-06-10,OPRA,0.14518762,13.76,16.1876,0.0,4.55290642138296,6.177568015023845
2024-06-11,TOYO,0.3284458,6.82,9.134049999999998,27.743636972536653,0.0,10.948046047481677
2024-06-11,AISP,0.17197454,3.14,4.1899999999999995,93.18200297529255,24.461193220678894,23.866348448687354
2024-06-11,SHLS,0.10132158,6.81,7.5026,4.543072128449421,2.0496111668738113,13.328712712926185
2024-06-12,BMR,0.37954545,4.4,6.245,68.46598824684426,13.49908608931378,16.01281024819856
2024-06-12,DSY,0.12949646,2.78,3.0025,49.85624028065587,0.0,33.30557868442964
2024-06-12,MREO,0.11931825,3.52,4.055,12.941280555542662,0.2750264197387746,24.66091245376079
2024-06-12,WULF,0.10215831,3.475,4.0,0.0,13.641883236158446,25.0
2024-06-13,GRAL,0.12225473,13.66,14.77,0.5089833523378974,0.0,6.7704807041299935
2024-06-14,LGVN,0.28624535,2.69,3.4299999999999997,72.88182859941783,44.62747298565273,29.15451895043732
2024-06-14,MOLN,0.1428572,5.95,6.6815,0.0,0.0,14.966699094514706
2024-06-14,BOOM,0.10438728,13.22,14.555,0.0,0.0,6.870491240123669
2024-06-17,SCNI,0.7478509,3.49,6.33,154.28680179320395,15.66972179551179,15.797788309636651
2024-06-17,CNSP,0.111111164,2.79,3.16,26.544901985863348,0.0,31.645569620253163
2024-06-18,CHGG,0.15708816,2.61,3.0825,25.36081710232555,11.01404242564784,32.441200324412
2024-06-18,ARQ,0.100519896,5.77,6.0600000000000005,0.0,0.0,16.5016501650165
2024-06-20,HROW,0.14107645,17.65,20.21,16.020029222969196,0.0,4.948045522018802
2024-06-20,NNE,0.1310345,11.6,13.10005,97.54476390802913,17.4058248136316,7.633558650539502
2024-06-21,SLDB,0.1349206,6.3,6.859999999999999,13.446949789586395,0.0,14.57725947521866
2024-06-21,DOGZ,0.10568595,16.18,16.4,0.0,0.0,6.097560975609756
2024-06-24,ALT,0.16536665,6.41,7.79305,14.827392645185247,3.3422867137884045,12.831946413791776
2024-06-24,DJTWW,0.116322756,15.99,18.7997,0.0,0.0,5.319233817560918
2024-06-25,EMPD,0.47938132,3.88,6.37,31.09533956236655,64.595190812517,15.698587127158556
2024-06-25,ENVX,0.16694355,12.04,14.68,61.18633086154352,4.193712262573644,6.8119891008174385
2024-06-25,BTBT,0.111111045,2.43,2.7325,16.079263753835185,14.0577015116966,36.596523330283624
2024-06-25,CORZZ,0.100000024,7.5,8.184999999999999,0.0,0.0,12.217470983506416
2024-06-26,EMPD,0.45683467,5.56,7.805,63.08808685658873,0.0,12.812299807815503
2024-06-26,RIVN,0.36538458,11.96,15.8819,15.127346019624575,12.77097456734607,6.296475862459781
2024-06-26,DAKT,0.18315017,10.92,13.030000000000001,28.537321966690218,0.0,7.674597083653108
2024-06-26,SVRA,0.16315794,3.8,4.22,34.69081831413321,8.823032750540266,23.696682464454977
2024-06-26,MTVA,0.13849759,4.26,4.67135,1.4927229729130083,0.0,21.407087886799317
2024-06-27,SCNX,0.23598552,11.85,14.259599999999999,32.82313453889335,0.0,7.012819433925216
2024-06-27,GOVX,0.20583558,2.015,3.4326,10.724069533571779,18.42675400414397,29.13243605430286
2024-06-27,IIIV,0.18936706,19.75,22.62,0.0,0.0,4.420866489832007
2024-06-27,SUZ,0.14055037,9.21,10.39,0.0,1.8731669984377852,9.624639076034649
2024-06-27,PHUN,0.11726391,6.14,6.35,9.341322570489496,0.0,15.748031496062993
2024-06-28,DXYZ,0.12880886,14.44,16.305,35.59626486940192,0.0,6.1330880098129406
2024-06-28,FBLG,0.11373401,4.66,4.75315,0.0,0.0,21.038679612467522
2024-07-01,HUMA,0.116666675,4.8,5.862500000000001,29.72866128161502,0.0,17.057569296375263
2024-07-02,EMPD,0.27897,4.66,5.54275,91.65789482147258,0.0,18.04158585539669
2024-07-03,DOYU,0.31688643,12.59,16.6449,23.011184167695088,0.0,6.007846247198842
2024-07-03,KOSS,0.20412838,4.36,6.02005,78.24920618537057,38.78870723180477,16.61115771463692
2024-07-03,ABSI,0.14141417,2.97,3.27,11.962469482215731,5.868813199693813,30.581039755351682
2024-07-05,MDWD,0.41350794,14.51,21.338099999999997,109.83119351891243,0.0,4.686452870686707
2024-07-05,KOSS,0.30761993,10.63,15.8625,0.0,34.33235974387278,6.304176516942474
2024-07-05,ACHR,0.13064134,4.21,4.38995,22.150635464091152,10.202523223943498,22.779302725543573
2024-07-08,GRFS,0.2046349,7.04,8.1188,1.819116542849639,0.0,12.317091195743213
2024-07-08,POET,0.1107955,3.52,3.6397000000000004,31.477648444535323,0.0,27.47479187845152
2024-07-08,PLSE,0.105394125,12.05,14.4275,0.0,0.0,6.9312077629526945
2024-07-09,QURE,0.6375662,3.78,5.74005,75.77667241598544,15.756378428881773,17.42145103265651
2024-07-09,WETH,0.11846554,2.45,2.395,0.0,0.0,41.75365344467641
2024-07-09,BYRN,0.111542106,10.31,11.81,6.3232004391798275,0.0,8.46740050804403
2024-07-10,LGVN,1.0418117,2.87,5.18,121.63473254454844,32.0360272327534,19.305019305019307
2024-07-10,VIVO,0.6941178,2.55,3.9152,118.85614871555161,26.902668538481244,25.541479362484676
2024-07-10,NAAS,0.4030769,3.25,4.2,15.695625686747434,47.036044494782395,23.80952380952381
2024-07-10,AEHR,0.19016922,12.41,15.96,13.810091653322461,0.0,6.265664160401002
2024-07-10,SNGX,0.18733156,7.42,9.13775,82.81811305727655,20.395460064105485,10.943613033843123
2024-07-11,EMPD,0.6690496,3.65,6.235,194.4648684224893,22.944169819381397,16.038492381716118
2024-07-11,QS,0.3197782,5.41,6.814450000000001,22.186972574545162,8.296387488866827,14.674698618377123
2024-07-11,LXEO,0.18613136,16.44,17.025,0.0,0.0,5.873715124816447
2024-07-11,MEI,0.16503727,9.44,12.28,0.0,1.9210550967195112,8.143322475570033
2024-07-11,BNED,0.13060069,7.12,8.1475,7.59502198272806,0.0,12.273703590058298
2024-07-12,SNTG,0.23478258,2.3,3.1876,52.19884613748704,0.7581334533494153,31.371564813652903
2024-07-12,IMMP,0.17412925,2.01,2.39385,33.212246342103995,0.0,41.77371180316227
2024-07-15,DJTWW,0.7633529,19.565,29.04795,6.486302230048913,0.0,3.442583727939493
2024-07-15,SCNI,0.6354681,4.06,7.9299,144.63118570689628,11.440601384564097,12.61049950188527
2024-07-15,PHUN,0.28473413,5.83,6.77965,103.63504611573342,7.088455254556682,14.750023968788948
2024-07-15,RUM,0.12962961,5.94,6.39,26.93175711261009,0.0,15.64945226917058
2024-07-15,CTRN,0.11474538,18.65,20.65,0.0,0.0,4.842615012106537
2024-07-16,ANGO,0.17200673,5.93,6.9996,20.999985001599587,0.0,14.286530658894794
2024-07-16,AEON,0.10964906,2.28,2.90545,94.11550099129217,15.60782865297866,34.41807637371147
2024-07-16,KYTX,0.10494447,9.91,10.9575,0.0,0.0,9.126169290440338
2024-07-17,SHIM,0.37681162,2.07,2.8549499999999997,53.55348299046711,19.38837393909297,35.02688313280443
2024-07-17,LCFY,0.32293582,5.45,7.6823999999999995,143.82219448055676,2.336134110241304,13.016765594085182
2024-07-17,LGVN,0.19034088,3.52,4.237550000000001,23.826078850309205,4.792017629292293,23.59854161012849
2024-07-17,AEHR,0.14370549,16.84,20.000999999999998,43.534083637529996,9.914531250609564,4.9997500124993755
2024-07-19,SERV,0.623574,2.63,4.195,57.631096477554244,63.24804098534472,23.837902264600714
2024-07-19,HE,0.38196087,12.75,17.53505,42.829365371943325,5.651268383676929,5.702863693003442
2024-07-19,NAAS,0.13102591,8.09,8.9473,66.60333175116092,21.033030156983763,11.1765560560169
2024-07-19,MYSZ,0.101726055,3.404,3.5425,0.0,0.0,28.228652081863093
2024-07-22,SERV,0.4953642,7.55,11.67,95.67177324121654,9.567870463131712,8.56898029134533
2024-07-22,MDBH,0.124121785,10.675,11.675,0.0,0.0,8.565310492505352
2024-07-22,AEHL,0.12064338,3.73,4.2472,0.0,,23.544923714447165
2024-07-22,EMBC,0.10504544,13.17,15.29,1.158505828468763,0.0,6.540222367560498
2024-07-22,DQ,0.10006213,16.08,17.73635,0.0,0.0,5.638138624914371
2024-07-23,FEIM,0.30201626,10.1,13.473700000000001,41.82764572335693,0.0,7.421866302500426
2024-07-23,MESO,0.11523175,7.55,8.34,0.0,0.0,11.990407673860911
2024-07-23,ARTV,0.10450292,11.77,12.5,0.0,0.0,8.0
2024-07-24,TKNO,0.16733074,2.51,3.2838,0.0,22.249651018054518,30.452524514282235
2024-07-25,MIRA,0.3898306,2.36,3.12575,70.97498378835715,29.290077226396814,31.99232184275774
2024-07-25,BALY,0.23520708,13.52,16.74,4.697766809907287,1.6861757207012429,5.973715651135007
2024-07-25,INDV,0.16452205,10.88,12.83,0.0,0.0,7.79423226812159
2024-07-25,NTCT,0.10191786,18.25,20.63375,0.0,0.0,4.846428787787
2024-07-25,IMAX,0.10095346,17.83,19.9225,19.396070451863963,0.0,5.019450370184465
2024-07-26,COUR,0.39406204,7.41,11.295,47.077623669262586,4.905002145275246,8.853474988933156
2024-07-26,NWL,0.14039457,6.34,8.0075,0.0,3.3732904220386684,12.488292226038089
2024-07-26,AEYE,0.12525463,19.64,24.3375,16.53212092544139,0.0,4.108885464817669
2024-07-26,RILY,0.108721614,16.74,17.8,0.0,0.0,5.617977528089887
2024-07-26,NOV,0.10818553,18.67,20.1275,3.066158297197341,0.0,4.968326915911066
2024-07-29,LGVN,0.18313956,3.44,3.8106,26.517827271808763,14.474808029944937,26.242586469322415
2024-07-29,NIPG,0.11862528,9.02,10.3,48.32905363368714,12.07596451599011,9.70873786407767
2024-07-29,OIS,0.10970473,4.74,5.4806,23.73060014230435,0.0,18.246177425829288
2024-07-29,SDA,0.10531926,9.4,9.440000000000001,0.0,0.0,10.59322033898305
2024-07-30,HLIT,0.26042557,11.75,14.865300000000001,7.262051792864509,0.8536183633657884,6.727075807417274
2024-07-30,MIRA,0.13100433,2.29,2.47995,23.014765614678655,0.0,40.32339361680679
2024-07-30,NXH,0.12288451,13.59,13.912500000000001,0.0,1.0305377403358364,7.187780772686432
2024-07-30,SERV,0.11500776,19.39,21.1625,80.32337482049974,12.644426163021867,4.725339633786178
2024-07-31,PCRX,0.13561916,19.54,21.881050000000002,0.0764364824130358,0.0,4.57016459447787
2024-08-01,BBLG,0.6944444,2.16,3.36505,161.21425978121707,19.38837393909297,29.717240457051158
2024-08-01,CDNA,0.30065036,19.99,25.4075,12.72259400253435,1.524416742711211,3.935845714847978
2024-08-01,MAX,0.24335372,14.67,17.6,29.222669347606523,0.0,5.681818181818182
2024-08-01,PRM,0.16924667,9.69,10.83735,5.374043904723619,0.0,9.227348014044024
2024-08-01,RSI,0.14885116,10.01,11.3575,18.569821346504902,0.0,8.804754567466432
2024-08-02,MKDW,0.9567307,2.08,3.8246,118.59984827347704,11.035659476706606,26.146525126810644
2024-08-02,OSTX,0.183267,2.51,3.271,69.25894812769222,0.0,30.571690614490983
2024-08-02,LASR,0.11942959,11.22,11.45,0.0,0.0,8.733624454148472
2024-08-02,GDYN,0.10204077,12.25,13.7259,0.0,0.0,7.28549676159669
2024-08-05,INDO,0.10043669,2.29,2.42,38.56805081162155,50.15022143605675,41.32231404958678
2024-08-06,LUMN,0.5366796,2.59,3.9349499999999997,13.05030780950092,20.855395948726876,25.41328352329763
2024-08-06,SMX,0.36923075,3.25,4.36,84.30725507296077,0.0,22.935779816513758
2024-08-06,CORZW,0.24105,4.19,4.63,0.0,0.0,21.598272138228943
2024-08-06,NPKI,0.17765045,6.98,7.945,0.0,0.0,12.586532410320956
2024-08-06,CRVO,0.156039,13.33,14.5,0.3733395216131425,0.0,6.896551724137931
2024-08-07,LUMN,0.444,5.0,7.0649999999999995,62.81879574275121,23.240102978665366,14.154281670205238
2024-08-07,CEVA,0.30192196,16.13,20.049999999999997,0.0,0.0,4.9875311720698265
2024-08-07,RYAM,0.21746874,5.61,7.485950000000001,0.0,0.0,13.35835799063579
2024-08-07,INGN,0.21472394,8.15,10.745000000000001,15.195881141958454,0.0,9.306654257794323
2024-08-07,VTEX,0.21179402,6.02,6.91,0.0,0.0,14.47178002894356
2024-08-08,XMTR,0.36347663,11.39,15.055,0.0,0.0,6.642311524410495
2024-08-08,AXGN,0.3257575,7.92,10.5,0.0,0.0,9.523809523809524
2024-08-08,ASPN,0.31945944,18.5,21.715,38.028650600252604,0.0,4.605111673958094
2024-08-08,GPGI,0.21171749,7.51,9.2875,18.951054586680794,0.0,10.767160161507404
2024-08-08,PSNL,0.19791663,2.88,3.33,0.0,0.0,30.03003003003003
2024-08-09,INOD,0.25190842,16.375,18.08,0.0,0.0,5.5309734513274345
2024-08-09,PBI,0.2517364,5.68,6.78,23.28956852419548,0.0,14.749262536873156
2024-08-09,ADMA,0.2387203,12.19,16.0885,18.084155965143157,1.372593066825541,6.21561985268981
2024-08-09,BLND,0.23048317,2.69,3.68965,23.016995894958246,5.513630522702121,27.102841732955703
2024-08-09,HNST,0.21604943,3.24,3.9281,18.197212509989956,0.0,25.457600366589443
2024-08-12,KEY,0.16628885,14.61,16.635,7.05764397041564,1.830117541639991,6.011421701232341
2024-08-12,BEKE,0.11929309,14.03,15.03,0.6626751383121909,0.0,6.65335994677312
2024-08-12,ZNTL,0.110000014,3.0,3.5206,0.0,0.0,28.404249275691644
2024-08-13,LWAY,0.22836757,11.21,15.5,18.685627842160397,0.0,6.451612903225806
2024-08-13,HSAI,0.21629214,3.56,4.25,3.92970791215393,0.0,23.529411764705884
2024-08-13,TRDA,0.12104154,14.21,15.068999999999999,0.0,0.0,6.636140420731303
2024-08-13,BZFD,0.12053573,2.24,2.535,16.207225564844123,0.0,39.44773175542406
2024-08-13,SPRY,0.10599077,10.85,11.436599999999999,20.95474075951625,7.182830760098693,8.743857440148297
2024-08-14,SERV,0.340405,10.37,13.0985,48.75529942575544,22.966069472317727,7.634461961293278
2024-08-14,VSXY,0.16675413,19.07,22.4925,14.417244257608395,1.1243318811379266,4.44592641991775
2024-08-14,GRAL,0.12815666,15.84,16.1128,0.0,0.0,6.206245965940123
2024-08-14,STRO,0.102484465,3.22,3.455,0.0,0.0,28.94356005788712
2024-08-15,AISP,0.25595236,2.52,2.89,43.49286259601992,0.0,34.602076124567475
2024-08-15,GRSD,0.18799543,8.83,10.79,2.693443664906324,0.0,9.267840593141798
2024-08-15,MF,0.17216122,13.65,14.49005,0.0,0.0,6.901287435171031
2024-08-15,GOVX,0.13538456,3.25,3.5199,95.1517769896889,28.954244152875027,28.40989800846615
2024-08-15,CLBT,0.119081855,13.94,15.0681,7.925931044040416,0.0,6.636536789641694
2024-08-16,CING,1.1916666,4.8,10.125050000000002,125.89921150395516,63.616550953200466,9.876494437064506
2024-08-16,RILYG,0.38878906,7.2,9.0,0.0,0.0,11.11111111111111
2024-08-16,RILYN,0.32782984,7.2,9.08,0.0,0.0,11.013215859030836
2024-08-16,RILYP,0.32167494,4.26,6.0275,0.0,0.0,16.59062629614268
2024-08-16,RILY,0.2400794,5.04,6.4836,6.707642795993057,2.8149867078332194,15.423530137577888
2024-08-19,VRAX,1.3568075,2.13,5.10565,124.42944212710572,57.364228704100704,19.586144761195932
2024-08-19,GOVX,0.48017,7.06,10.122499999999999,85.46897958732448,27.717218575031485,9.878982464806127
2024-08-19,XPER,0.18278146,7.55,8.64595,0.0,0.0,11.56610898744499
2024-08-19,AIFC,0.16740096,2.27,2.825,21.954288232142304,0.0,35.39823008849557
2024-08-19,ZIM,0.156515,19.06,22.57,6.307863573497238,6.019697911685653,4.430660168365086
2024-08-20,BTTC,0.77091646,5.02,9.6,2.8166852599618295,24.83769280686035,10.416666666666668
2024-08-20,TLS,0.17647064,2.89,3.215,77.4035613672272,0.0,31.10419906687403
2024-08-20,LUNR,0.17411757,4.25,4.9799500000000005,57.11108621066827,24.047546154413133,20.08052289681623
2024-08-20,BTBT,0.13344479,2.99,3.56995,19.05868116447409,5.640644229273015,28.011596801075644
2024-08-20,TELO,0.113114715,6.1,6.4737,0.0,0.0,15.447116795650093
2024-08-21,IMMR,0.14602792,9.93,10.6349,24.857169241417814,0.0,9.403003319260172
2024-08-21,ALZN,0.104783654,4.39,4.585,85.49061529137504,0.00967779769830294,21.810250817884405
2024-08-22,RZLV,0.24547517,8.84,11.0,0.416334182344102,0.0,9.090909090909092
2024-08-22,PTON,0.13988101,3.36,3.895,36.8702088559885,12.734347065931118,25.673940949935815
2024-08-22,GOVX,0.10179639,8.35,8.555,43.67620048655861,12.783755387671254,11.689070718877849
2024-08-23,FFAI,0.3059702,8.04,9.97485,69.68407696473301,28.632129140114966,10.025213411730503
2024-08-23,VRAX,0.11969113,5.18,5.66755,19.76061293781093,8.174788335478084,17.64430838722199
2024-08-26,MF,0.3191489,2.35,2.88,40.692298878548634,24.66597638642206,34.72222222222222
2024-08-26,CMPS,0.15438116,7.19,8.06,25.829362146696177,1.86566430647383,12.406947890818858
2024-08-26,INDO,0.13782048,3.12,3.5450999999999997,40.54327359639424,0.0,28.20794900002821
2024-08-27,TRIB,0.3990147,2.03,3.0736499999999998,120.08940936964488,21.399456256328506,32.53460868999398
2024-08-28,VRAX,0.2781186,4.89,7.07995,0.9795268097450561,7.135645981585301,14.12439353385264
2024-08-28,AIXI,0.11546397,4.85,5.32,0.0,0.0,18.796992481203006
2024-08-28,WEST,0.10810816,8.51,9.57,0.0,0.0,10.44932079414838
2024-08-29,BCDA,0.9545455,2.2,3.9299999999999997,41.53671547826165,12.313422452823282,25.445292620865143
2024-08-29,AZI,0.29007638,2.62,3.1447000000000003,0.0,0.0,31.799535726778387
2024-08-29,IREN,0.1159029,7.42,8.6846,0.0,2.999504620202958,11.514635101213644
2024-08-30,TOVX,0.3148936,4.7,6.2,132.35698144870815,3.6376309765685115,16.129032258064516
2024-08-30,LUNR,0.23443973,4.82,5.5875,23.710150806938657,12.969934501280251,17.89709172259508
2024-08-30,EBS,0.17845118,8.91,9.3083,17.801791105587185,6.3134608374815135,10.743100243868376
2024-08-30,LESL,0.11199999,2.5,2.9775,7.681223598786728,6.568397949964936,33.58522250209908
2024-09-03,SHLS,0.28756964,5.39,6.535,29.432482874412987,4.555510151995802,15.30221882172915
2024-09-03,SOC,0.19328976,16.84,21.23,20.924507327566133,5.99276728861996,4.710315591144607
2024-09-03,BOF,0.19000006,2.0,2.7645,135.17782472496685,30.039781649199437,36.17290649303671
2024-09-04,ATRA,0.20117486,6.81,8.158999999999999,8.732674021810165,0.0,12.256403971074889
2024-09-04,ASST,0.12195122,2.05,3.10995,92.63563549571946,44.11266549889289,32.1548577951414
2024-09-05,APLD,0.54012334,3.24,4.55985,90.66525435620329,13.872719013909455,21.930545960941696
2024-09-05,FFAI,0.15267181,5.24,5.4399999999999995,0.0,2.4219100826235507,18.38235294117647
2024-09-05,PPTA,0.100123525,8.09,8.942499999999999,0.0,0.0,11.182555213866369
2024-09-06,SGLY,0.18548381,2.48,2.9,22.76952819085373,0.0,34.48275862068966
2024-09-06,FFAI,0.1477927,5.21,5.47065,29.075820834461467,6.63814354848846,18.279363512562494
2024-09-06,LUCK,0.13391995,10.79,12.332,0.0,0.0,8.10898475510866
2024-09-06,ITOC,0.111111045,3.78,3.9798,0.0,0.0,25.12689079853259
2024-09-09,SMMT,0.3088833,12.27,17.2175,98.00569762000569,13.107149692687704,5.808044141135472
2024-09-09,RLAY,0.29006422,6.24,8.733799999999999,57.20859935753807,16.20497220197283,11.449769859625823
2024-09-09,GLSI,0.13793099,14.5,15.335,0.0,0.0,6.521030322791001
2024-09-09,RZLT,0.12643683,4.35,4.88,0.0,0.0,20.491803278688526
2024-09-10,AVO,0.21608984,10.69,12.43,31.291841868987557,0.0,8.045052292839904
2024-09-10,MTRX,0.20240688,9.14,10.74,0.0701947955914298,0.0,9.31098696461825
2024-09-10,NNE,0.17567563,7.4,8.20495,28.936487744872252,0.0,12.187764703014643
2024-09-10,LASE,0.15828395,6.76,8.105699999999999,50.37736492334851,1.9842362109362446,12.33699742156754
2024-09-10,VRDN,0.13460195,14.19,15.75,26.57180782308755,6.747355122604213,6.349206349206349
2024-09-11,PLCE,0.3897959,4.9,7.80495,68.90182877602665,36.106344047674426,12.81238188585449
2024-09-11,BKYI,0.25,2.0,2.2462,84.52560811156756,12.663345380176885,44.519633158222774
2024-09-11,SGML,0.13177466,9.41,11.04,26.20861843031064,0.0,9.057971014492754
2024-09-11,LAR,0.116279006,2.15,2.4859,7.2527246292361225,0.0,40.22687960094935
2024-09-11,PCT,0.104477525,4.69,5.605,26.38517906549844,1.1712804293475814,17.84121320249777
2024-09-12,NTGR,0.2347771,15.93,20.54,27.852235854961098,0.0,4.868549172346641
2024-09-12,BKYI,0.13419914,2.31,2.80885,113.46812275837284,6.095261452421195,35.60175872688111
2024-09-12,AURA,0.105843425,9.07,10.025,1.3724916780067045,0.0,9.975062344139651
2024-09-13,TNON,1.909091,4.4,11.7225,164.7369239084591,51.03137841511937,8.530603540200469
2024-09-16,ZNTL,0.53086424,3.24,4.76195,98.22801001812584,12.077878430937329,20.999800501895233
2024-09-16,VRAX,0.35521233,2.59,2.8964999999999996,37.461561998506475,0.0,34.524426031417235
2024-09-16,BLCO,0.16720259,15.55,17.8,5.222831218365621,0.8931202497882422,5.617977528089887
2024-09-16,PDSB,0.116666675,3.0,3.235,0.0,0.0,30.91190108191654
2024-09-17,EOCN,0.38501298,3.87,7.140000000000001,111.44371246374136,38.586200550366314,14.005602240896357
2024-09-17,BOOM,0.15490377,10.91,12.774999999999999,4.108879092840202,0.0,7.827788649706458
2024-09-17,TDAY,0.11062896,4.61,5.195,1.289858412931556,0.0,19.249278152069298
2024-09-17,CMP,0.1031487,9.21,11.29775,42.834876566683214,0.0,8.851319953088003
2024-09-17,UEIC,0.100776196,8.54,8.665,0.0,0.0,11.540680900173111
2024-09-18,LUNR,0.55185187,5.4,8.167850000000001,83.5482210039394,7.038886100604424,12.243123955508485
2024-09-18,SWVL,0.19016397,3.05,3.8419,16.25251403448404,0.0,26.028787839350322
2024-09-19,XCUR,1.462882,2.29,4.734999999999999,51.708089467222905,18.62108048160298,21.11932418162619
2024-09-19,EWTX,0.3502884,19.07,25.985,20.213809531385067,11.058475537841927,3.8483740619588227
2024-09-19,EOCN,0.31884062,6.9,9.85115,48.31255912373107,38.83938306308776,10.151099110256162
2024-09-19,ALP,0.17457116,9.91,11.30835,0.0,0.0,8.843023075868716
2024-09-19,AUTL,0.14987075,3.87,3.95,0.0,0.0,25.31645569620253
2024-09-20,BATL,1.2176871,2.94,6.5004,10.969423429509693,0.0,15.383668697310934
2024-09-20,PARA,0.77083254,2.88,6.37505,195.5767271448256,29.340517520788524,15.686151481164854
2024-09-20,TNON,0.34990048,5.03,6.77585,0.0,2.994662516029589,14.758296007143015
2024-09-20,GDHG,0.25649345,3.08,3.23225,49.517589199100954,0.0,30.93820094361513
2024-09-20,EOCN,0.1726191,8.4,10.63855,7.5715591550631975,16.147490453232905,9.399777225279761
2024-09-23,BDTX,0.18487382,4.76,4.81505,70.34491613512336,8.391770913498751,20.768216321741207
2024-09-23,POET,0.10828018,3.14,3.55,17.902492511250152,21.958447958151833,28.169014084507044
2024-09-24,PARA,0.5976145,4.2,7.11665,114.98119681328924,42.4423393970675,14.051555155866875
2024-09-24,CAPR,0.41206038,5.97,7.9933,77.72503535990198,17.20704645570083,12.510477524927127
2024-09-24,HSCS,0.3945577,2.94,4.282500000000001,112.41834758625448,10.135336770845091,23.350846468184468
2024-09-24,WVE,0.20037448,5.34,7.36135,78.60977496164138,10.602643836687575,13.584464806047803
2024-09-24,TME,0.13038158,10.18,11.415,8.152913643042547,1.4731885894734982,8.760402978537014
2024-09-25,ORBS,0.6626506,2.49,4.154999999999999,73.9895412808564,17.863046909097076,24.06738868832732
2024-09-25,CLYM,0.22103667,6.56,6.8525,23.113636830774535,0.0,14.59321415541773
2024-09-25,TNON,0.20398009,4.02,4.83445,0.0,12.604249550430225,20.68487625272782
2024-09-26,SBC,0.23125005,8.0,9.0,0.0,0.0,11.11111111111111
2024-09-26,NCNA,0.18688524,3.05,3.22495,43.93605922956183,0.0,31.008232685778072
2024-09-26,GOTU,0.17525768,2.91,3.5399000000000003,0.0,1.8717982193191822,28.249385575863723
2024-09-26,TAL,0.17067313,8.32,10.195,4.816395760627947,2.802031703450905,9.80872976949485
2024-09-26,BEKE,0.1560328,16.35,19.145,2.168047731670406,1.2402289573129197,5.223295899712719
2024-09-27,ONCO,0.8686297,3.3554,5.8900500000000005,82.21489619369416,8.065180569497294,16.977784568891604
2024-09-27,BMEA,0.19958198,9.57,10.824950000000001,47.73913255456337,0.0,9.237917958050614
2024-09-27,LGCY,0.12935328,4.02,4.23,0.0,0.0,23.640661938534276
2024-09-27,DTSS,0.106796145,2.06,2.19,3.434943744660773,0.0,45.662100456621005
2024-09-27,IONQ,0.104218245,8.06,9.505849999999999,0.0,3.6389502665080458,10.519837784101371
2024-09-30,TTEC,0.38024688,4.05,5.57555,35.99669921830823,5.291918868466807,17.935450314318768
2024-09-30,PRME,0.22254336,3.46,4.57995,50.63760274563918,4.681677676428815,21.834299501086257
2024-09-30,TIGR,0.18777299,4.58,5.69425,16.965442545242418,5.680780172246595,17.561575273302015
2024-09-30,NIO,0.18098152,6.52,7.4166,3.951912506024307,8.17611024894877,13.483267265323734
2024-09-30,MNSO,0.14743996,17.13,19.005,14.266516266117696,0.0,5.261773217574323
2024-10-01,ARCO,0.15253818,8.72,9.99,2.947120951974216,0.0,10.01001001001001
2024-10-01,UNFI,0.15041625,16.82,20.814999999999998,5.809324930179478,0.5144955947274216,4.804227720393947
2024-10-02,DUO,0.25368726,3.39,4.16465,94.54297915470805,14.483800710797071,24.011621624866436
2024-10-02,TIGR,0.2520064,6.23,8.03,80.3687411967424,11.031048562737471,12.453300124533003
2024-10-02,JOBY,0.18541658,4.8,5.4051,0.0,4.784551673442487,18.50104530905996
2024-10-02,HTT,0.18224287,2.14,2.35,9.707868374121967,0.0,42.5531914893617
2024-10-02,KC,0.1786834,3.19,3.6725,15.15817558018771,3.1226617658875035,27.229407760381214
2024-10-03,EVGO,0.29007638,3.93,5.24505,47.87361227414511,19.218026322513925,19.06559518021754
2024-10-03,HKD,0.28644502,3.91,5.2597000000000005,111.60168128602994,11.584933270274064,19.012491206722814
2024-10-04,ACMR,0.14814818,18.9,21.34,39.67796320713153,0.0,4.686035613870666
2024-10-04,SND,0.12470865,2.0,2.1814,0.0,0.0,45.84211973961676
2024-10-04,ULCC,0.10220444,4.99,5.9615,16.013772322590402,0.0,16.774301769688837
2024-10-07,SRRK,2.5498652,7.42,28.677500000000002,32.83810626131348,17.45245246093325,3.487054310870892
2024-10-07,AVNW,0.16219008,19.36,24.7275,0.0,0.0,4.044080477201496
2024-10-07,TIGR,0.120661855,12.39,13.5738,42.817018663518624,12.191573000618861,7.36713374294597
2024-10-07,HERE,0.118181825,3.72,4.36355,32.37160916936752,0.0,22.917120234671312
2024-10-07,NIU,0.11428571,2.8,3.38,0.0,0.03503008548183845,29.585798816568047
2024-10-08,RZLV,0.15160346,6.86,7.272399999999999,7.538727914574246,0.0,13.750618777845004
2024-10-08,AZUL,0.14106584,3.19,3.775,12.20941241651892,0.0,26.490066225165563
2024-10-09,LASE,0.184111,7.93,8.5622,38.52410089599243,35.27005177525106,11.679241316484081
2024-10-09,AIOS,0.1319083,19.18,19.630000000000003,0.0,0.0,5.094243504839531
2024-10-10,UVE,0.13013697,16.96,18.6925,0.0,0.0,5.34973920021399
2024-10-11,TURB,0.33003306,3.03,2.89,0.0,0.0,34.602076124567475
2024-10-11,DJTWW,0.1367575,16.16,18.005,40.045287783188705,0.0,5.554012774229381
2024-10-11,AEHR,0.1343844,13.32,14.195,31.716333278452286,5.710598100941929,7.044734061289186
2024-10-14,TONX,0.7699115,7.91,13.70255,129.3993486552988,24.06776992177764,7.29791170256631
2024-10-14,XPON,0.67364013,2.39,4.084,92.28146016142661,11.926054429830996,24.48579823702253
2024-10-14,RILY,0.1867882,4.39,5.32255,77.8240421461566,5.278446039025943,18.78798696113705
2024-10-14,DXYZ,0.1482966,9.98,12.545,24.548926866938285,0.0,7.971303308090873
2024-10-14,VNDA,0.14189196,4.44,5.0625,34.26789067578089,0.0,19.753086419753085
2024-10-15,RENX,0.5552764,3.98,5.46,5.011693369940647,0.0,18.315018315018314
2024-10-15,PARA,0.4026997,3.7,4.37495,53.011188708285964,0.0,22.85740408461811
2024-10-15,WOLF,0.3216169,11.38,14.665,43.81410981716253,3.846198924004508,6.818956699624958
2024-10-15,MGTX,0.26077592,4.64,5.17,0.0,0.0,19.342359767891683
2024-10-15,IMRX,0.22500002,2.0,2.2429,52.80245164565363,11.780878753100609,44.58513531588568
2024-10-16,BDRX,0.6926148,5.01,9.225000000000001,0.0,0.0,10.84010840108401
2024-10-16,WVE,0.40712607,8.56,13.7175,27.406024253825457,5.233475012739214,7.289958082741024
2024-10-16,NVCR,0.20697403,17.78,19.3175,4.3921758850300066,0.0,5.176653293645658
2024-10-16,LAC,0.16853929,2.67,2.9370000000000003,38.769666621757665,17.587145332810376,34.04834865509022
2024-10-16,PHUN,0.15213358,5.39,6.2463,37.61475423369033,2.510076352523114,16.009477610745563
2024-10-17,VSME,0.5405406,2.22,2.8745000000000003,129.292236192632,17.081210143425427,34.78865889719951
2024-10-17,GEVO,0.36888885,2.25,2.83995,22.39800885237759,21.763101246095747,35.21188753323122
2024-10-17,RENX,0.22614849,2.83,3.33635,49.62907917304997,0.0,29.97287454853358
2024-10-17,SLQT,0.17777777,2.25,2.65,14.99407837383428,0.0,37.735849056603776
2024-10-17,ALAR,0.17668271,16.64,20.174999999999997,81.07063231771508,0.0,4.956629491945478
2024-10-18,SOBR,0.899371,7.95,15.36,121.98057723309789,0.0,6.510416666666667
2024-10-18,HEPS,0.60454535,2.2,3.72755,15.833342141465073,9.075889162872842,26.82727260533058
2024-10-18,SUNE,0.49546278,5.51,8.76,85.84951331545007,34.25552484463112,11.415525114155251
2024-10-18,TNON,0.3119533,3.43,4.1475,51.81345949128393,0.0,24.110910186859556
2024-10-18,AIFF,0.1690141,2.84,3.2845,0.0,0.0,30.446034404018878
2024-10-21,BIVI,0.7446809,2.35,4.26,0.0,43.91335289187314,23.474178403755868
2024-10-21,ISPC,0.59649134,4.56,6.605,62.229733155435476,0.0,15.140045420136259
2024-10-21,XPON,0.3892858,2.8,3.83005,55.34096174597371,0.0,26.10931972167465
2024-10-21,LTBR,0.32738948,7.01,8.8875,120.8893163474328,2.5320553843699067,11.251758087201127
2024-10-21,AUST,0.24279833,2.43,2.82,15.678738123886271,0.0,35.46099290780142
2024-10-22,SOBR,0.14999998,9.0,10.0425,41.616869071027025,0.0,9.957679860592481
2024-10-22,BIVI,0.14068449,2.63,3.0801,48.76900836529138,42.57008498048127,32.46647836109217
2024-10-22,ARQQ,0.13559318,7.08,8.996649999999999,1.416094756004606,0.0,11.115248453591061
2024-10-22,PHUN,0.1058265,8.41,10.077300000000001,0.0,24.032975379079705,9.923292945531044
2024-10-23,BIVI,0.21726203,3.36,3.9724500000000003,104.53506602387648,28.06723405852048,25.17338166622613
2024-10-23,PHUN,0.21134019,11.64,13.77485,0.0,9.318827683674948,7.259607182655346
2024-10-23,UPWK,0.16417909,10.05,12.36745,8.439926043623778,1.7280507732644237,8.085741199681422
2024-10-23,HOWL,0.1432507,3.63,3.915,77.48325607630075,0.0,25.54278416347382
2024-10-23,ORIC,0.141217,8.71,9.975,6.211252696024736,0.0,10.025062656641605
2024-10-24,TVGN,0.21370971,2.48,2.66,34.11085882657322,24.78505394209145,37.59398496240601
2024-10-24,QS,0.18339777,5.18,6.55,29.937528046710824,6.65081770428129,15.267175572519085
2024-10-24,HAPN,0.18138039,12.46,14.815000000000001,16.52625155562999,1.341939596045979,6.7499156260546735
2024-10-24,SUNE,0.14593303,4.18,4.668699999999999,52.795369711156084,0.0,21.419238760254462
2024-10-24,MXL,0.1432414,14.87,15.74465,5.957071499826313,0.0,6.351363796591223
2024-10-25,FRMM,0.3917526,3.88,4.6861,103.2950745127154,0.0,21.33970679242867
2024-10-25,XPON,0.36931813,3.52,4.7,128.12158178277107,0.0014167472834946836,21.27659574468085
2024-10-25,NWL,0.20901322,7.18,8.78,16.609248627911434,3.723514581227828,11.389521640091116
2024-10-25,FFAI,0.20000005,2.0,2.2275,25.734819946317767,17.82763831764916,44.89337822671156
2024-10-28,AMIX,1.4928663,7.71,17.060000000000002,211.4746280637797,10.817702413439504,5.8616647127784285
2024-10-28,EYPT,0.124210596,9.5,11.349699999999999,0.0,0.0,8.810805571953445
2024-10-28,PHUN,0.12074518,10.6,11.434999999999999,6.276395908167146,12.388831054515089,8.745080891998253
2024-10-28,AVTX,0.1080333,14.44,14.8718,0.0,0.0,6.72413561236703
2024-10-28,IONR,0.10306752,8.15,8.7499,0.0,0.0,11.428702042309055
2024-10-29,VFC,0.1927563,17.03,21.23155,21.866309461887152,3.8087818268420577,4.709971716619842
2024-10-29,PRQR,0.11782479,3.31,3.7025,8.00825235587561,0.0,27.008777852802158
2024-10-30,ASPI,0.484375,5.76,8.184999999999999,83.09847967893637,13.017984599449658,12.217470983506416
2024-10-30,NRDS,0.28091872,11.32,14.1775,18.01680849789237,0.0,7.053429730206313
2024-10-30,EXTR,0.16033757,14.22,16.7125,0.7920375819568979,0.0,5.983545250560958
2024-10-30,UIS,0.1486988,5.38,6.470000000000001,5.05750616402608,0.0,15.455950540958268
2024-10-30,BIVI,0.1484375,2.56,2.6849499999999997,14.984356969031946,14.011924384881725,37.24464142721466
2024-10-31,AMIX,0.51269543,10.24,14.11005,134.84480786855238,0.0,7.0871471043688725
2024-10-31,ORN,0.2785977,5.42,6.9475,0.0,0.0,14.39366678661389
2024-10-31,RELY,0.24442983,15.26,18.8975,26.233490814066077,0.0,5.291705252017462
2024-10-31,ATEC,0.24110317,5.62,7.835,52.52649299459784,3.803182181425684,12.763241863433311
2024-10-31,BAND,0.214172,18.84,21.405050000000003,0.0,0.0,4.671794740026302
2024-11-01,NAGE,0.18051577,3.49,4.4341,12.031791680470075,19.473230953095825,22.552490922622404
2024-11-01,TILE,0.1686815,17.47,22.365000000000002,0.0,0.0,4.471272076905879
2024-11-01,PESI,0.12891209,13.42,15.4953,0.0,0.0,6.453569792130517
2024-11-01,ADMA,0.12139797,16.31,19.47,0.0,1.095343119712895,5.136106831022086
2024-11-01,MD,0.12012994,12.32,13.44,0.0,0.0,7.440476190476191
2024-11-04,CC,0.14431131,17.82,20.69425,28.042344429430464,0.0,4.832260168887493
2024-11-04,IART,0.14107883,19.28,23.177500000000002,0.0,0.0,4.314529177003559
2024-11-04,EVO,0.13144326,3.88,4.396649999999999,0.0,0.0,22.74458963074159
2024-11-04,CVRX,0.120895624,13.4,15.026,0.0,0.0,6.65513110608279
2024-11-05,LUCK,0.18549371,10.38,12.274999999999999,0.0,0.0,8.14663951120163
2024-11-05,GOGO,0.18015265,6.55,8.61,62.23595469582807,0.0,11.614401858304298
2024-11-05,LIND,0.1368984,9.35,10.57,12.623241430362016,0.0,9.460737937559129
2024-11-05,AVO,0.12201154,12.13,13.53,0.0,0.0,7.390983000739099
2024-11-05,KC,0.11913359,2.77,3.155,12.007284711750387,0.0,31.695721077654518
2024-11-06,GEO,0.2782551,15.13,19.7075,32.13888177338803,3.613910808435789,5.074210326018013
2024-11-06,TMCI,0.24999988,5.76,7.13,11.530480702310266,0.0,14.025245441795231
2024-11-06,CXW,0.24431396,13.63,17.11495,12.468018481731955,1.439164571564125,5.842844998086468
2024-11-06,MGNX,0.21750665,3.77,4.741350000000001,42.35334508783403,0.0,21.091039471880368
2024-11-06,PHUN,0.20486665,6.37,7.12025,56.8438418870022,3.7523592399385266,14.044450686422527
2024-11-07,DXYZ,0.36375082,15.89,24.6291,52.5275255851763,16.064049130447913,4.0602376863141565
2024-11-07,EBS,0.24239135,9.2,12.33,1.523991012691817,0.0,8.110300081103
2024-11-07,LYFT,0.23472226,14.4,18.548000000000002,38.18865597438201,1.59785993285401,5.391416864351951
2024-11-07,UPWK,0.20644724,14.58,16.9125,30.291482002055975,0.0,5.912786400591278
2024-11-07,UAA,0.18971431,8.75,11.145,19.26756036063239,5.021541226299067,8.972633467922837
2024-11-08,INDI,0.3527696,3.43,4.97,3.4550068392901494,7.688812703399505,20.12072434607646
2024-11-08,VMAR,0.34113717,2.99,3.61,68.82150733314155,0.0,27.70083102493075
2024-11-08,FTRE,0.29362893,18.05,23.93,50.64388832224256,0.0008384335185474101,4.178854993731718
2024-11-08,PRCH,0.23605156,2.33,3.3766499999999997,65.41184868278602,8.455972435382295,29.61515111130855
2024-11-08,TNYA,0.20000005,2.5,2.88,49.86596061206721,5.241519790809528,34.72222222222222
2024-11-11,CANG,0.1735295,3.4,4.06,0.0,0.0,24.630541871921185
2024-11-11,BTBT,0.17249417,4.29,5.3004,0.0,10.827758930513497,18.866500641461023
2024-11-11,MARA,0.15844154,19.25,22.545,30.672731537136855,0.0,4.435573297848746
2024-11-11,AISP,0.12727273,2.75,3.075,23.17508045382294,0.0,32.52032520325203
2024-11-11,AZI,0.12648225,2.53,2.8137499999999998,67.77012988483645,3.4591919535057634,35.53976010661928
2024-11-12,BTCT,0.87301576,2.52,4.33,50.4373101481069,58.92110247073149,23.094688221709006
2024-11-12,EVGO,0.17777777,5.4,5.695,35.339877109801996,8.501142471428896,17.559262510974538
2024-11-12,SDGR,0.17707264,19.54,22.46,32.4146048454397,0.0,4.452359750667854
2024-11-12,GOVX,0.16242039,3.14,3.39,53.28780168131493,7.949294685263037,29.49852507374631
2024-11-12,ALIT,0.1528635,7.46,8.61845,27.74634208829111,2.1751591889775876,11.60301446315753
2024-11-13,RKLB,0.31241477,14.66,20.4401,37.184114881394635,13.694104996327853,4.8923439709199075
2024-11-13,BTCS,0.24613762,2.88,4.056649999999999,119.41494733458518,34.85624191298332,24.65088188529945
2024-11-13,KAPA,0.24130738,2.0543,2.4351000000000003,118.1270145080507,0.0,41.066075315182125
2024-11-13,SSYS,0.22765195,8.39,10.02505,33.82562074305618,0.0,9.9750125934534
2024-11-14,QUBT,0.37969923,2.66,3.4386,75.94522263343013,24.28943121453275,29.081602977956145
2024-11-14,BTCT,0.37110484,17.65,19.6542,72.69204560266832,32.12606197379894,5.087971018917076
2024-11-14,GRSD,0.2609117,10.31,11.4759,18.995600314706515,0.0,8.713913505694544
2024-11-14,BTCS,0.22308445,4.17,4.5752500000000005,67.08915122001558,17.888758856601147,21.856729140484124
2024-11-14,LUNR,0.20833325,11.76,12.055,42.01157628346399,11.480808070701872,8.29531314807134
2024-11-15,BE,0.5775603,13.28,18.857,17.726869573912964,7.384623032801899,5.30307047780665
2024-11-15,VIP,0.54251003,2.47,3.0002500000000003,17.45177163462791,0.8228550246539893,33.330555787017744
2024-11-15,FCEL,0.17831671,7.01,8.4375,64.36199686674591,8.015952315106123,11.851851851851851
2024-11-15,ZETA,0.1525619,17.37,17.865000000000002,7.0877938794605235,3.3627209316737776,5.597537083683179
2024-11-15,RCAT,0.14427865,4.02,4.9140999999999995,5.939815821407642,0.0,20.349606235119353
2024-11-18,UAVS,0.6172414,2.9,4.446,137.03906641422662,26.695436005158594,22.49212775528565
2024-11-18,ACRS,0.18536592,2.05,2.54,0.0,5.596921116432585,39.37007874015748
2024-11-18,MI,0.17878795,3.3,4.174950000000001,0.0,0.0,23.952382663265425
2024-11-18,ALDX,0.16389549,4.21,4.7331,28.86207809596804,0.0,21.12780207475016
2024-11-18,RGNX,0.1536864,9.63,10.90625,12.389445553205228,0.0,9.169054441260744
2024-11-19,ACRS,0.18152869,3.14,4.035,37.20250337918643,38.65722732578919,24.783147459727385
2024-11-20,SPAI,0.25217402,2.3,2.96625,65.46999196304021,6.6439977301867925,33.7126000842815
2024-11-20,KC,0.23747265,4.59,5.85265,0.0,1.3927916421412572,17.086277156501758
2024-11-20,RCAT,0.18987346,4.74,6.28885,45.82288116317375,7.703652548088087,15.901158399389395
2024-11-20,BTCT,0.18811274,16.32,18.962699999999998,54.129352040381285,1.2462959967150522,5.273510628760673
2024-11-20,XCUR,0.17525768,5.82,7.682499999999999,48.36438145955918,66.03722490154183,13.016596160104134
2024-11-21,SPAI,0.9302188,3.2,4.9195,46.39535969707139,16.507742578269177,20.32726903140563
2024-11-21,CRNC,0.20567381,2.82,4.06265,63.89786793921651,26.80318299989911,24.614475773202223
2024-11-21,RMSG,0.19946814,3.76,3.74,0.0,0.0,26.7379679144385
2024-11-21,QUBT,0.15217388,3.68,4.41,70.07430666961338,11.807257269225829,22.675736961451246
2024-11-22,XCUR,0.38581955,10.86,14.64,12.309172941539263,0.0,6.830601092896175
2024-11-22,REPL,0.2380091,11.05,15.4405,25.66563641571977,0.501911701111057,6.476474207441469
2024-11-22,ARQQ,0.1574508,10.67,13.21,102.46838436650813,0.0,7.570022710068129
2024-11-22,PDYN,0.110000014,2.0,2.4099500000000003,57.70453101638293,37.0612769141592,41.494636818191246
2024-11-22,QMCO,0.106965184,4.02,4.65,89.67569995705419,43.225547768282986,21.50537634408602
2024-11-25,QMCO,0.49616647,9.13,15.0943,45.98172511094801,31.969393480046644,6.62501739067065
2024-11-25,QUBT,0.22459018,6.1,7.30935,45.77785225818153,16.78916488573117,13.681107075184524
2024-11-25,UMAC,0.2136364,4.4,5.06,22.023347101064722,0.0,19.762845849802375
2024-11-25,XCUR,0.20783472,18.38,20.619999999999997,37.69111102067225,21.020851668272968,4.849660523763337
2024-11-25,PDYN,0.19565225,4.6,4.7799,66.5549275186397,2.5337071969845075,20.920939768614407
2024-11-26,ZENA,0.89875376,6.42,9.7,140.94841526502384,20.188557625806492,10.309278350515465
2024-11-26,SMTK,0.41068137,5.43,6.57005,99.14236998104994,0.0,15.220584318231976
2024-11-26,CRBU,0.24257421,2.02,2.2055499999999997,9.333485550575274,0.0,45.34016458479745
2024-11-26,ARWR,0.2213943,18.79,22.955,46.95844223968055,2.111529242739931,4.356349379220214
2024-11-27,UMAC,0.8953358,5.36,9.58005,0.0,36.851953103448146,10.438358881216695
2024-11-27,QMCO,0.33197916,17.23,21.375,125.76141330146226,5.016124802823544,4.678362573099415
2024-11-27,IREN,0.11924684,9.56,11.655850000000001,57.8760172193448,10.113699763997165,8.579382884989082
2024-11-27,RGTI,0.113636374,2.2,2.435,23.940677683387985,28.0040232821239,41.067761806981515
2024-11-27,HSAI,0.10932946,6.86,7.66,28.821790775450328,0.0,13.054830287206267
2024-11-29,UMAC,0.4408493,9.89,14.075,128.2820189075652,23.33462175249607,7.104795737122558
2024-11-29,SOS,0.28398788,9.93,13.03975,108.99017327270981,0.0,7.668858682106635
2024-11-29,CABA,0.26245844,3.01,4.06845,0.0,0.0,24.579385269574406
2024-11-29,VCIG,0.21951222,4.1,5.0649999999999995,113.4043305324704,0.150308028084532,19.74333662388944
2024-11-29,AMBR,0.1169014,7.1,7.05,0.0,0.0,14.184397163120568
2024-12-02,CABA,0.3272252,3.82,4.85,46.0080942035341,7.001905741593064,20.61855670103093
2024-12-02,UMAC,0.18366265,18.73,21.30985,97.89485243600146,30.3732058279288,4.692665598303132
2024-12-02,AISP,0.17948723,3.12,3.7350000000000003,13.334060961759416,0.0,26.77376171352075
2024-12-02,CRVO,0.17777777,10.8,11.190000000000001,0.0,0.0,8.936550491510276
2024-12-02,PDYN,0.16099072,6.46,7.15,41.729102856105406,7.032903237317257,13.986013986013985
2024-12-03,SHIM,0.2571429,2.8,3.44,38.82238654489105,0.0,29.069767441860467
2024-12-03,VIR,0.22699392,8.15,9.34,11.20508942499225,0.0,10.706638115631693
2024-12-03,PRCH,0.16710877,3.77,4.654999999999999,0.0,4.869784033373592,21.482277121374867
2024-12-03,EOSE,0.14186847,2.89,3.2600499999999997,0.0,9.724684564141157,30.67437615987485
2024-12-03,PPTA,0.10797346,9.03,10.1025,16.25458048397116,0.0,9.898539965355111
2024-12-04,XCUR,0.245,14.0,20.5351,67.59465346376192,0.0,4.869710885264742
2024-12-04,VCIG,0.17999995,2.5,3.165,63.2705296486402,5.679108521742568,31.595576619273302
2024-12-04,CHR,0.1328671,2.86,3.295,35.4967197975189,0.0,30.349013657056148
2024-12-04,NA,0.101252675,9.58,10.35,0.0,0.0,9.66183574879227
2024-12-05,TARA,1.6694915,3.54,9.45,60.25572134785214,33.530970409952914,10.582010582010582
2024-12-05,PRFX,0.82089555,2.68,4.79,137.68003744468163,5.772780052886011,20.876826722338205
2024-12-05,BJDX,0.6812339,3.89,5.5,104.26565726125598,21.662372857739783,18.181818181818183
2024-12-05,MEI,0.30897307,11.61,16.59,3.1760890644887594,0.0,6.027727546714889
2024-12-05,CAPR,0.163522,12.72,14.31025,16.56213612006286,0.0,6.98799811324051
2024-12-06,ZBAO,0.56470597,2.55,3.46,76.13139201166625,0.0,28.901734104046245
2024-12-06,NEXR,0.39130425,2.3,3.17495,3.172006464354494,0.0,31.49655900092915
2024-12-06,ASAN,0.293661,15.46,21.22195,0.0,4.695261821131716,4.712102328014155
2024-12-06,WOOF,0.21836734,4.9,5.949999999999999,24.42311321772556,1.171321932547312,16.80672268907563
2024-12-06,ZNB,0.20569205,3.865,4.385,54.21359454752061,0.0,22.80501710376283
2024-12-09,GXAI,0.4000001,2.6,3.855,71.09318839370744,52.30400013003671,25.940337224383917
2024-12-09,QMCO,0.23636365,13.75,16.269,77.33467962420642,0.0,6.146659290675519
2024-12-09,BBAI,0.22781062,3.38,4.145849999999999,23.773864239828654,12.765942063161743,24.120506048216896
2024-12-09,SATL,0.21173465,3.92,5.1899999999999995,45.16426099220296,0.0,19.26782273603083
2024-12-10,QURE,0.8807403,7.295,15.015,118.71138417996129,34.720369549763234,6.66000666000666
2024-12-10,CRDF,0.47540975,2.44,3.30075,43.64238974578175,19.464312165660797,30.29614481557222
2024-12-10,PBM,0.3574823,2.07,2.28445,41.577345465058386,0.0,43.77421261135065
2024-12-10,NAMS,0.34989202,18.52,25.00505,46.29499277407252,6.131819663297535,3.9991921631830367
2024-12-10,GELS,0.264045,3.56,4.699,25.82126553855679,0.07730230561638729,21.281123643328367
2024-12-11,CADL,1.7219088,4.61,12.54655,0.0,45.356705334020425,7.970318533780203
2024-12-11,RGTIW,0.4079423,2.77,3.5949999999999998,21.472042506104614,0.0,27.81641168289291
2024-12-11,FEIM,0.27990627,12.79,16.14,0.0,0.0,6.195786864931846
2024-12-11,SFIX,0.24956524,4.6,5.665,26.568837474427372,11.153733293145018,17.6522506619594
2024-12-11,RGTI,0.22496152,6.49,7.3225,50.19333588168466,11.250667335119639,13.656538067599865
2024-12-12,TRVI,0.57028115,2.49,4.23005,91.07597974925311,22.081216577013528,23.64038250138887
2024-12-12,ZENA,0.20562387,5.69,6.45,43.45468572493056,9.653460710095555,15.503875968992247
2024-12-12,SRFM,0.16519177,3.39,4.1138,35.59437137651397,0.0,24.308425300209052
2024-12-12,APVO,0.14685309,10.01,12.09515,114.30844054003924,3.37355481710561,8.267776753492102
2024-12-12,JUNS,0.12956524,11.5,13.871400000000001,0.1054581460192594,0.0,7.209077670602823
2024-12-13,AMPG,0.18636358,2.2,2.60935,140.73411915213174,20.603431775506166,38.323720466782916
2024-12-13,GRRR,0.17945373,7.69,8.622499999999999,0.0,6.620592614473508,11.597564511452596
2024-12-13,ISPC,0.13913035,3.45,3.8677,39.37674083734134,0.0,25.855159397057683
2024-12-13,TASK,0.12680113,15.97,17.81,0.0,0.0,5.614823133071309
2024-12-13,MESO,0.12192774,10.375,11.79,0.0,0.0,8.481764206955047
2024-12-16,AEHR,0.21856034,11.53,13.225000000000001,15.015095989666868,1.2453352343794102,7.561436672967863
2024-12-16,RCAT,0.19805586,8.23,9.60985,41.281085323975795,10.217757114473217,10.40598968766422
2024-12-16,SGMT,0.17995441,4.39,5.20435,15.149229578104524,0.0,19.214695399041187
2024-12-16,VRDN,0.1770308,17.85,22.322499999999998,0.0,4.192550710187607,4.4797849703214245
2024-12-16,WKEY,0.14795911,7.84,10.3757,0.5764268658296743,18.430413206185296,9.637903948649248
2024-12-17,QUBT,0.2806859,11.08,14.25,77.10162354342941,32.71919863733998,7.017543859649122
2024-12-17,MNTS,0.270473,7.84,9.502849999999999,74.21828305849519,0.0,10.52315884182114
2024-12-17,SIDU,0.21834064,4.58,6.05,0.0,33.63496188516946,16.528925619834713
2024-12-17,MITK,0.203372,9.49,11.209150000000001,8.901212063215832,0.0,8.921283058929534
2024-12-17,TEVA,0.20109022,16.51,19.7425,0.0,2.377077714409824,5.065214638470305
2024-12-18,DFNS,0.53956234,11.88,19.32495,73.89211873922702,44.69503152800788,5.1746576317144415
2024-12-18,VISN,0.21909034,5.61,6.5525,33.87835658116151,0.05459143968624623,15.261350629530712
2024-12-18,RZLV,0.18844986,3.29,3.81935,15.649481977430494,11.391477992823354,26.182465602785815
2024-12-18,BIOA,0.17073178,4.1,4.6781500000000005,31.5392366963058,0.0,21.37597127069461
2024-12-18,SOUNW,0.15799093,10.95,14.165,18.843162314574236,0.0,7.05965407695023
2024-12-19,CURR,1.19,2.0,3.16,40.64353077374694,18.03591877225226,31.645569620253163
2024-12-19,MESO,0.52489793,12.25,15.56,67.77051019674497,15.197638298533546,6.426735218508997
2024-12-19,ELAB,0.4837209,2.15,3.15505,113.00225085853081,14.275976355012988,31.6952187762476
2024-12-19,KULR,0.39423084,2.08,2.66995,120.29588276634249,25.223324882522128,37.45388490421169
2024-12-20,NVNI,1.1722846,2.67,4.6425,168.9018244676763,27.35978112175202,21.54011847065159
2024-12-20,HUMA,0.6705203,3.46,5.93,30.640682415614233,11.78760078461138,16.863406408094434
2024-12-20,PBM,0.60159945,2.46,3.755,98.445827304663,9.974748973491206,26.63115845539281
2024-12-20,ISPC,0.22297299,2.96,3.4601,72.3982364700072,0.0,28.900898817953237
2024-12-20,QNTM,0.16184974,3.46,3.275,85.81116116437894,0.0,30.53435114503817
2024-12-23,RGTIW,0.5705129,3.12,4.477449999999999,35.99403764658102,0.0,22.334141084769236
2024-12-23,RUM,0.39082062,7.19,10.762599999999999,32.170937978608016,19.79512740716893,9.291435155074053
2024-12-23,LAES,0.3054545,2.75,3.70725,31.95061546403386,6.90125792112319,26.97417223008969
2024-12-23,RGTI,0.29562438,9.37,11.443249999999999,66.06204247857995,5.029242897999944,8.738776134402377
2024-12-23,WKEY,0.248927,6.99,8.11,7.277331150672643,0.0,12.330456226880395
2024-12-24,LAES,0.25102043,4.9,5.4399999999999995,0.0,10.39895731831246,18.38235294117647
2024-12-24,AMPG,0.21457493,2.47,3.2424999999999997,21.110085489567016,0.0,30.84040092521203
2024-12-24,DRCT,0.17545462,5.5,5.614,0.0,0.0,17.812611328820804
2024-12-24,VNCE,0.16000009,5.0,4.7,0.0,0.0,21.27659574468085
2024-12-24,RZLV,0.13003099,3.23,3.6031,21.637781660606056,5.668711800954868,27.753878604534982
2024-12-26,ZNB,0.88888884,2.16,3.545,92.03160600409923,14.104748312233685,28.20874471086037
2024-12-26,PDYN,0.37348175,4.94,6.79795,0.0,19.246281226135658,14.710317080884678
2024-12-26,CYD,0.307963,9.79,11.17525,3.833771764240738,0.0,8.94834567459341
2024-12-26,KC,0.13228703,8.92,9.956,0.0,0.8474894978429255,10.04419445560466
2024-12-26,AIXI,0.120518446,5.2476,5.955,0.0,0.0,16.79261125104954
2024-12-27,MYSZ,1.1232228,4.22,7.160349999999999,55.640430374389396,6.720042046742917,13.96579776128262
2024-12-27,QSI,0.58604646,2.15,3.255,7.757416920031882,35.678911409224234,30.721966205837173
2024-12-27,ZEO,0.20384622,2.6,2.9225,0.0,0.0,34.217279726261765
2024-12-27,RGTIW,0.18879998,6.25,7.425000000000001,28.880270438973717,0.0,13.468013468013467
2024-12-27,PDYN,0.17146778,7.29,10.8975,39.86102647172111,39.41416611063702,9.176416609314062
2024-12-30,INTZ,1.0462964,2.16,5.904999999999999,103.57545196448434,17.846356747981886,16.934801016088063
2024-12-30,ARTW,0.35245895,2.44,3.1608,23.658218239736733,1.7163928803795576,31.637560111364213
2024-12-30,VNCE,0.28855717,4.02,4.83,0.0,0.0,20.70393374741201
2024-12-30,IVDA,0.20253158,5.53,6.6034500000000005,54.3515037630021,0.0,15.143599179216924
2024-12-30,PDYN,0.1401869,11.77,12.555,25.32796480032996,6.909967207416527,7.964954201513342
2025-01-02,VSTM,0.39782012,3.67,5.686,39.46357827541636,1.9989755487901877,17.58705592683785
2025-01-02,NUAI,0.3244897,4.9,5.21,0.0,0.0,19.193857965451055
2025-01-02,XPON,0.31071436,2.8,3.5067000000000004,85.61814831988796,21.527623664689305,28.516839193543785
2025-01-02,BYAH,0.21237111,4.85,5.34,0.0,0.0,18.726591760299627
2025-01-02,CISO,0.18730152,3.15,3.4728000000000003,0.0,0.0,28.795208477309373
2025-01-03,CRNC,0.36065578,7.93,12.305,63.15243969237907,34.81513948780244,8.126777732629012
2025-01-03,ONDS,0.22813678,2.63,3.2225,17.125112753057795,14.700613685890106,31.03180760279286
2025-01-03,SPCB,0.21223962,7.68,9.6128,76.28821583480129,4.458772985093035,10.402796271637817
2025-01-03,NUS,0.16919112,6.56,7.832599999999999,15.483799827519704,0.0,12.767152669611624
2025-01-03,SATL,0.14098358,3.05,3.3675,17.28116563801103,0.0,29.695619896065327
2025-01-06,ARBE,0.71102655,2.63,4.0496,0.0,19.734010994642016,24.693796918214144
2025-01-06,KITT,0.58684206,3.8,5.41,27.079805729837307,20.71189102478349,18.484288354898336
2025-01-06,PTLE,0.31935048,7.39,9.9312,7.918647343762471,0.0,10.069276623167392
2025-01-06,MBOT,0.29439247,2.14,2.675,43.48735169038296,23.36112239438443,37.38317757009346
2025-01-06,KSCP,0.22714889,14.17,16.485,0.0,0.0,6.066120715802245
2025-01-07,IMRX,0.5847459,2.36,3.125,71.73908481847121,22.61644864936524,32.0
2025-01-07,MSAI,0.57500005,2.0,2.79445,55.374250185585815,27.043495683808317,35.785217126804916
2025-01-07,GETY,0.4396888,2.57,3.5549999999999997,1.1851523621641953,17.757321321053166,28.129395218002816
2025-01-07,AUR,0.39230776,6.5,9.05795,32.8219578381889,6.546088406350169,11.040025612859422
2025-01-07,CRMD,0.27742755,7.93,10.09,34.14780161034811,0.0,9.910802775024777
2025-01-08,VIR,0.5906211,7.89,11.879950000000001,29.882258045112316,22.157446940373692,8.417543844881502
2025-01-08,LFVN,0.33734167,16.45,21.585,34.041721022775064,0.0,4.63284688441047
2025-01-08,ABSI,0.3322476,3.07,3.71235,0.0,16.645838782103752,26.937115304322063
2025-01-08,ANGO,0.25106394,9.4,11.89785,29.42757396272951,0.0,8.404879873254412
2025-01-08,SLDB,0.14540803,3.92,4.11,0.0,0.0,24.330900243309
2025-01-10,BAER,0.36917567,2.79,3.495,34.66246204386222,33.494013006513256,28.61230329041488
2025-01-10,SANA,0.16976738,4.3,4.452500000000001,33.68635022145983,8.832780520049726,22.45929253228523
2025-01-10,ARHS,0.14795923,9.46,10.745000000000001,11.970733271255387,0.0,9.306654257794323
2025-01-10,OPFI,0.14118981,8.22,8.8754,41.8642847690856,5.239647240362836,11.267097820943281
2025-01-10,SSL,0.1346153,4.42,5.02,0.0,0.0,19.9203187250996
2025-01-13,VRME,0.26078427,2.55,3.4828,102.23400727502394,20.190863544608003,28.712530148156656
2025-01-13,XXII,0.22740293,4.89,5.674250000000001,55.604816968989255,58.40400156571557,17.62347446799136
2025-01-13,INTZ,0.19310343,2.9,3.2544500000000003,0.0,3.807034471814469,30.727158198773985
2025-01-13,GRRR,0.15536487,11.65,13.32835,74.69962469398392,2.9075425815005707,7.502804173059681
2025-01-13,TRAW,0.15384614,8.06,8.5333,0.0,0.0,11.718795776546001
2025-01-14,RILY,0.24810123,3.95,4.6775,9.298113866526599,0.0,21.378941742383752
2025-01-14,KULR,0.23981893,2.21,2.6375,36.63384763909298,19.67816046813527,37.91469194312796
2025-01-14,APLD,0.22730196,7.765,9.1425,7.75073061130024,3.7150838436782636,10.937927262783703
2025-01-14,SOUNW,0.19833338,6.0,7.02,0.0,0.0,14.245014245014247
2025-01-14,KITT,0.16908216,2.07,2.35,0.0,12.285272808711152,42.5531914893617
2025-01-15,RGTIW,0.48979592,3.43,5.1,87.68962304893545,0.0,19.607843137254903
2025-01-15,ARQQ,0.3767314,18.05,23.25005,41.608360932800295,0.0,4.301066019212862
2025-01-15,LAES,0.31284142,3.66,4.88965,0.0,10.417991159118033,20.451361549395152
2025-01-15,QBTS,0.2600423,4.73,5.8675,115.70969860716515,10.97160883306053,17.04303365999148
2025-01-15,XXII,0.21574807,6.35,7.925,151.87548287225133,0.0,12.618296529968454
2025-01-16,DOYU,0.30510986,12.29,15.5,0.0,0.0,6.451612903225806
2025-01-16,RZLV,0.17012441,2.41,2.7365000000000004,23.740643867996287,6.670512505422468,36.543029417138676
2025-01-16,HUYA,0.15560782,3.03,3.3522499999999997,2.394256028815047,0.0,29.830710716682827
2025-01-16,INTZ,0.1273408,2.67,2.89505,0.0,0.0,34.541717759624184
2025-01-17,BZAI,0.18307698,6.5,9.43,0.0,0.0,10.604453870625663
2025-01-17,ISPC,0.11578941,2.85,3.0302,51.46108187271982,0.0,33.0011220381493
2025-01-17,KITT,0.112612605,2.22,2.35,5.757495704093671,12.303033352835849,42.5531914893617
2025-01-17,LAES,0.108046055,4.35,4.97285,42.45394064822938,12.050340289969602,20.109192917542252
2025-01-17,SSL,0.10441768,4.98,5.47,0.18152978962730898,0.0,18.281535648994517
2025-01-21,VATE,0.45375407,5.11,7.0,0.0,14.804596753696348,14.285714285714286
2025-01-21,REPL,0.24260354,10.14,12.535,0.0,0.0,7.9776625448743514
2025-01-21,EOLS,0.2350142,10.51,13.895,49.96547731036855,0.0,7.196833393306945
2025-01-21,CAN,0.18656719,2.01,2.135,36.50514891959565,21.504165537873675,46.8384074941452
2025-01-21,BTCT,0.16101694,8.26,8.85525,47.26853958138434,15.247564652153727,11.292735947601706
2025-01-22,NUAI,0.5255474,2.74,3.96035,38.046939276611425,7.521083469479679,25.25029353466234
2025-01-22,MGX,0.22794116,2.72,3.41735,76.2761338683458,0.0018571270306848584,29.26244019488785
2025-01-22,MDAI,0.16267955,2.09,2.34735,21.510404127924975,0.0,42.60123117558097
2025-01-22,PDYN,0.15402842,8.44,10.7425,0.0,10.975447921472904,9.308820107051432
2025-01-22,RZLV,0.12937069,2.86,3.2469,25.743556558931623,6.184738149998467,30.798607902922786
2025-01-23,VNCE,0.86383,2.35,4.2675,40.935874430535186,35.352836649582486,23.43292325717633
2025-01-23,XCUR,0.4705882,10.37,13.0,2.1791262266898257,0.0,7.6923076923076925
2025-01-23,DXST,0.29310346,4.06,4.7308,95.56509934860388,8.33983822239319,21.13807389870635
2025-01-23,SPCB,0.28398788,13.24,16.3871,51.95125241261926,0.0,6.102361003472243
2025-01-24,EVAX,0.9148351,3.64,6.41205,21.708216414710822,36.3671444954385,15.595636340951803
2025-01-24,DWTX,0.31011236,13.35,15.7475,159.32563341803572,28.47927112380252,6.350214319733291
2025-01-24,RNAZ,0.18545449,5.5,7.295,100.59367551496659,4.231964678550921,13.708019191226867
2025-01-24,DAN,0.15661705,13.23,15.559999999999999,19.991692148663606,0.0,6.426735218508998
2025-01-24,WKEY,0.15479112,8.14,8.975000000000001,15.804207780920015,0.0,11.142061281337046
2025-01-28,DXF,2.2658064,7.75,23.12255,30.400764367796473,0.0,4.324782517499151
2025-01-28,YIBO,0.8116883,3.08,5.51995,76.75746482055332,24.21035426248732,18.116106124149677
2025-01-28,RNAZ,0.20790625,6.83,8.988199999999999,2.220446049250313e-12,49.60460283445258,11.125698137558134
2025-01-28,BKSY,0.20136786,13.16,15.5725,47.47881355278358,0.10278836663628176,6.421576497030021
2025-01-28,MOB,0.16479397,2.67,2.9,23.29434684882702,0.0,34.48275862068966
2025-01-29,PACK,0.22125447,5.74,7.262650000000001,14.056648796464014,2.628007476818858,13.769078779784238
2025-01-29,NVNI,0.16666663,5.22,6.5662,82.85600301842177,6.966364188956015,15.229508696049464
2025-01-29,DJTWW,0.16156983,19.62,22.23,0.0,0.0,4.49842555105713
2025-01-29,PL,0.1446886,5.46,5.5525,22.053370238294114,3.5796326595801324,18.0099054479964
2025-01-30,ONEW,0.17263842,15.35,17.47,0.0,0.0,5.724098454493418
2025-01-30,ACMR,0.11727691,17.48,20.035,7.520240765580387,0.1926009111297906,4.991265285749938
2025-01-30,CORZW,0.10655737,6.1,6.74085,0.0,0.0,14.834924378972978
2025-01-30,FLG,0.10086942,9.6,10.75,9.232220854515676,0.0,9.30232558139535
2025-01-31,KRSA,0.31496048,2.54,3.8548,129.87678975417535,42.42249688173146,25.941683096399295
2025-01-31,VIAV,0.2132132,9.99,12.4875,29.25587551595939,0.0,8.008008008008007
2025-01-31,CIFR,0.19148934,4.7,5.79185,11.902002904589672,4.96981114070973,17.265640512098898
2025-01-31,REBN,0.1871922,2.03,2.625,138.3869613108565,52.21619734110548,38.095238095238095
2025-01-31,VALN,0.10095239,5.25,5.7103,0.0,0.0,17.512214769801936
2025-02-03,GHRS,0.8867924,10.6,19.2275,68.86818940026323,8.154663636529783,5.200884150305552
2025-02-03,REBN,0.5151515,3.3,5.565049999999999,0.0,29.48583878739821,17.9692904825653
2025-02-03,KC,0.18695307,12.57,15.9176,0.0,1.3188786934359702,6.282354123737247
2025-02-03,SSYS,0.16433942,9.31,10.72,26.93238514683673,0.6029155205779982,9.328358208955223
2025-02-04,EVAX,0.6374999,2.4,3.62495,0.0,17.592876161495113,27.586587401205534
2025-02-04,AMOD,0.22222221,2.61,2.8955,63.023397688046074,0.0,34.53634950785702
2025-02-04,ACON,0.19398499,6.65,7.65845,92.66378131334272,0.0,13.05747246505494
2025-02-05,ACB,0.26899457,3.68,5.14015,85.52973112067129,9.427205861168733,19.454685174557163
2025-02-05,MAT,0.1770891,18.07,20.677500000000002,0.0,0.41537819002736703,4.83617458590255
2025-02-05,QUCY,0.17142856,7.0,7.6358,13.480864374632885,0.0,13.096204719872182
2025-02-05,BBAI,0.120162964,4.91,5.66665,60.21402585898732,7.811781078411194,17.647110726796257
2025-02-05,REBN,0.1185683,4.47,5.11005,56.247163668207364,0.0,19.5692801440299
2025-02-06,CJMB,0.44878054,4.1,6.1,21.500405530379354,0.0,16.393442622950822
2025-02-06,QNTM,0.34149194,8.58,11.9,8.733774077772528,30.830577956946023,8.403361344537815
2025-02-06,RNAZ,0.26733768,8.94,12.77,143.19328499747934,3.000283862552854,7.830853563038372
2025-02-06,APPS,0.25984251,2.54,3.7250500000000004,125.13307553397519,16.711589186625453,26.84527724460074
2025-02-06,IVVD,0.19431281,2.11,2.49,59.04824021953608,21.90591578969104,40.16064257028112
2025-02-07,TNXP,0.21975088,11.24,15.225000000000001,108.05772512624328,0.12622501374794623,6.568144499178981
2025-02-07,ULCC,0.14956737,8.09,9.217500000000001,15.313714707625252,0.0,10.848928668294004
2025-02-07,CLSK,0.112716794,10.38,11.980550000000001,0.0,2.1119954212306413,8.346862205825275
2025-02-07,NTRB,0.10944533,6.67,8.04505,31.151165613118245,0.0,12.43000354255101
2025-02-10,SLDB,0.26041663,2.88,3.7042,12.784101641606807,0.0,26.99638248474704
2025-02-10,MNTS,0.23426211,3.8,4.99145,145.1244420200124,39.37799494451517,20.034258582175518
2025-02-10,DOMH,0.2114538,3.22,4.112450000000001,44.69003441598286,2.9016645087792763,24.31640506267553
2025-02-10,MBLY,0.15059114,16.07,18.205,33.75091311496436,1.4309668898396657,5.4929964295523215
2025-02-10,FHTX,0.14736843,4.75,5.845,0.0,0.0,17.108639863130882
2025-02-11,DOMH,0.6931771,6.16,9.163499999999999,89.23493687170864,22.72748587982324,10.912860806460415
2025-02-11,SLQT,0.2876712,4.38,6.269349999999999,0.0,0.0,15.950616890108227
2025-02-11,SATL,0.12084246,4.51,4.89495,19.567620050623923,0.0,20.429217867393948
2025-02-11,USGO,0.10915816,10.81,11.39,0.0,0.0,8.779631255487269
2025-02-12,AIFF,0.27738094,8.4,13.1726,142.15939760554255,27.32297170211493,7.591515722029061
2025-02-12,CLMT,0.1964736,15.88,18.04,2.9428809100798476,0.0,5.543237250554324
2025-02-12,BZAI,0.16510904,3.21,3.4242,11.32777799005257,5.023441814846759,29.20390164125927
2025-02-12,NEUP,0.12977636,4.47,4.7057,0.0,0.0,21.25082346940944
2025-02-13,AIFF,0.2914418,12.97,15.625,44.468559188090296,25.8148019935739,6.4
2025-02-13,DNOW,0.2729844,14.14,16.994999999999997,0.0,0.0,5.884083553986468
2025-02-13,DOMH,0.20683181,6.87,8.16,48.700825435706456,0.469931177584257,12.254901960784313
2025-02-13,OPRT,0.1624366,5.91,7.525,53.01076696846044,5.49123927179469,13.289036544850498
2025-02-13,PGY,0.15449917,11.78,14.75155,73.19063265995112,6.032254380748839,6.778948652853429
2025-02-14,WRD,1.080955,17.17,33.68215,88.13269882615023,27.074048684353137,2.968931615113643
2025-02-14,NUS,0.38234818,6.42,8.715,56.67900485905678,0.0,11.474469305794607
2025-02-14,PONY,0.19784653,14.86,16.8325,17.373836980095437,0.0,5.940888162780336
2025-02-14,ZH,0.17826092,4.6,5.365600000000001,0.0,0.0,18.63724466974802
2025-02-14,KC,0.16714692,17.35,21.052500000000002,15.766339826319346,0.06628559233845048,4.750029687685547
2025-02-18,SLDB,0.6575681,4.03,6.504,38.60663701103201,17.944129558691,15.375153751537516
2025-02-18,GCL,0.42004454,3.0492,4.84255,0.0,36.385612237825775,20.650277229971813
2025-02-18,AIFF,0.1587125,9.01,10.07065,26.20803216347308,8.43458767071202,9.929845640549518
2025-02-18,PCT,0.15145004,9.31,10.51,0.0,0.8984068750296534,9.514747859181732
2025-02-18,CSAI,0.14435697,19.05,22.53,5.176185495043072,0.0,4.438526409232135
2025-02-19,JTAI,0.43354547,4.06,5.727600000000001,51.74216676364466,51.49315266497711,17.45931978490118
2025-02-19,CYCU,0.4089508,3.35,4.02,2.220446049250313e-12,10.130479004581733,24.875621890547265
2025-02-19,SEDG,0.34465444,16.93,21.811,35.107965099733576,6.037849027822864,4.584842510659759
2025-02-19,NIVF,0.21917808,2.19,2.65,21.536082583278535,0.0,37.735849056603776
2025-02-19,CVI,0.119695425,18.49,21.44,0.0,0.0,4.664179104477611
2025-02-20,XOS,0.4153353,3.13,4.9504,142.4867942139881,30.46509510822166,20.20038784744667
2025-02-20,CYD,0.29152775,15.64,20.992350000000002,10.418065545760475,0.0,4.763640087936795
2025-02-20,HLF,0.2855872,5.62,7.49895,32.50954128911167,8.395875423378822,13.335200261369925
2025-02-20,AMPL,0.23206747,11.85,13.6125,21.484793911378105,2.564804671595232,7.3461891643709825
2025-02-20,VNET,0.15490806,13.04,15.48,28.448098686706572,7.898116767575711,6.459948320413437
2025-02-21,CYD,0.18526661,18.98,21.015,33.56705248273602,0.0,4.758505829169641
2025-02-21,EDIT,0.1650486,2.06,2.16295,19.309887334148346,5.126043359018266,46.2331537945861
2025-02-21,TUYA,0.10178316,3.88,4.3285,52.648618888290734,0.0,23.102691463555505
2025-02-24,ATCH,0.7106384,2.35,5.00005,220.41118816507802,69.59883500167574,19.99980000199998
2025-02-24,DOMH,0.15738988,8.2,8.39,0.0,0.0,11.918951132300357
2025-02-24,LINC,0.14916098,16.09,18.457500000000003,0.0,0.0,5.4178518217526745
2025-02-24,GSUN,0.12830186,2.65,3.8133999999999997,0.1760854050108608,0.0,26.22331777416479
2025-02-24,CRML,0.123595476,2.67,3.07,3.2717970764191384,0.0,32.57328990228013
2025-02-25,DOMH,0.17015362,7.58,7.98535,5.319503132317859,22.051614811557442,12.522932620361036
2025-02-25,AHCO,0.13450289,8.55,10.6975,24.729086340107468,0.0,9.34797849964945
2025-02-25,BOOM,0.123947024,8.31,9.25,0.0,0.0,10.81081081081081
2025-02-25,UMAC,0.10673833,8.37,8.388100000000001,0.0,0.0,11.921650910218045
2025-02-26,CHAI,0.9971428,3.5,5.175,34.21228069047692,0.0,19.32367149758454
2025-02-26,PRCH,0.27968335,3.79,5.405,58.755367161396705,13.402216163703091,18.501387604070306
2025-02-26,INGN,0.25420153,9.52,9.35,0.0,0.0,10.695187165775401
2025-02-26,VISN,0.19632351,4.89,5.755,1.0776880675613938,1.6581669060772,17.37619461337967
2025-02-26,EYE,0.18006992,11.44,13.1227,7.266409960376188,0.0,7.6203830004496025
2025-02-27,ATCH,0.4113475,2.82,3.4425,2.89609877123385,0.0,29.04865649963689
2025-02-27,CORZW,0.26,5.0,5.99,0.0,0.0,16.69449081803005
2025-02-27,RILY,0.23226953,5.64,6.84995,82.23057150544953,24.55765595231926,14.598646705450406
2025-02-27,RRGB,0.19247782,4.52,5.82,65.82316276097548,0.0,17.18213058419244
2025-02-27,CORZ,0.18413162,10.02,11.26,21.089162012893546,4.247019766399572,8.880994671403197
2025-02-28,ORGO,0.32247555,3.07,5.1225000000000005,29.859545438983222,8.210754717258741,19.521717911176182
2025-02-28,ANAB,0.18572736,16.4,16.13,0.0,0.0,6.199628022318661
2025-02-28,ENVB,0.16981125,2.12,2.6247,40.06103643422597,10.222782586949352,38.09959233436202
2025-02-28,EXFY,0.12422359,3.22,3.77,29.143669605582676,0.0,26.52519893899204
2025-02-28,ACH,0.12336719,6.89,8.417,34.238242088347185,0.0,11.880717595342759
2025-03-03,ACON,1.1522388,3.35,6.05645,122.86125482817876,43.440094393407165,16.511322639500037
2025-03-03,TRNR,0.23346305,2.57,3.3099999999999996,82.07826387288527,25.168000910257298,30.211480362537767
2025-03-03,BFRG,0.14301443,2.09,2.14,0.0,0.0,46.72897196261682
2025-03-03,HUT,0.11932206,14.75,16.425,16.3350770824342,0.5052494580280672,6.0882800608828
2025-03-03,BKKT,0.10887778,11.94,13.735,0.0,0.0,7.28066982162359
2025-03-04,JFIN,0.25455093,7.07,8.8559,24.503649004204167,0.0,11.291907090188461
2025-03-04,TRNR,0.14935064,2.31,2.6275500000000003,77.21810511094311,16.21123606283046,38.058267207094055
2025-03-04,CAPR,0.10534012,13.67,15.682500000000001,22.78162344343707,0.0,6.37653435357883
2025-03-05,CTOS,0.3308457,4.02,5.24,28.569350785916992,0.0,19.083969465648853
2025-03-05,OPFI,0.20366275,9.35,9.9668,46.93052997361018,0.0,10.03331059116266
2025-03-05,NAGE,0.19821429,5.6,7.88755,54.398405343147076,6.017988375251178,12.678208062072507
2025-03-05,NEXN,0.14420485,7.42,8.423100000000002,0.0,0.0,11.87211359238285
2025-03-05,LZMH,0.12261152,6.28,7.09,0.0,0.0,14.104372355430185
2025-03-06,ECX,0.19074678,2.41,2.7,2.240153981515931,0.0,37.03703703703704
2025-03-06,TRNR,0.15420556,2.14,2.4898,24.290702768400017,3.1783783614884706,40.163868583821994
2025-03-06,MYE,0.1420883,9.74,12.25,29.8183459851688,0.0,8.16326530612245
2025-03-06,TH,0.12635374,5.54,5.9334,15.364950235043407,0.0,16.853743216368358
2025-03-06,ACDC,0.10856271,6.54,6.575,0.0,0.0,15.209125475285171
2025-03-07,APEI,0.23636365,19.25,24.47,0.0,0.0,4.086636697997548
2025-03-07,GAP,0.15277028,19.48,22.21,35.48324259387806,6.843253597735746,4.5024763619991
2025-03-10,TRVI,0.5325581,4.3,6.9637,46.40186656620107,11.912606457436455,14.360182087108864
2025-03-10,MLYS,0.34315586,10.52,15.0275,47.548933218813396,12.39277316163052,6.654466810846781
2025-03-10,XNET,0.106666684,4.5,4.475,22.12831137092513,0.0,22.346368715083802
2025-03-10,DWTX,0.106060624,6.6,7.3994,157.0101090682783,17.93169067384202,13.51460929264535
2025-03-10,KAZR,0.10265291,8.67,10.1025,9.626578438220916,0.0,9.898539965355111
2025-03-11,SNOA,0.5448029,2.79,3.9475,70.39830473640352,13.63927706087506,25.332488917036102
2025-03-11,MYO,0.3357314,4.17,5.985049999999999,116.90737188084863,0.0,16.708298176289254
2025-03-11,LFMD,0.2716627,4.27,5.1800999999999995,18.04255113366714,0.0,19.304646628443468
2025-03-11,BVS,0.24885833,8.76,11.004999999999999,0.0,0.0,9.086778736937756
2025-03-11,HLLY,0.17499995,2.4,2.73,0.0,0.0,36.63003663003663
2025-03-12,GRPN,0.25383818,9.77,12.82,51.02871726139988,6.6104757958069875,7.800312012480499
2025-03-12,SPHL,0.20333326,6.0,6.75,0.0,53.17962621196145,14.814814814814815
2025-03-12,DWTX,0.16711593,11.13,12.811900000000001,74.90986041236305,0.0,7.805243562625371
2025-03-12,SFIX,0.15130019,4.23,4.140000000000001,54.89340700043558,0.0,24.154589371980673
2025-03-12,TBCH,0.10921991,14.1,14.64,0.0,0.0,6.830601092896175
2025-03-13,CRVO,0.26256073,6.17,7.1674500000000005,56.99818237275976,13.217060411932493,13.951963390048064
2025-03-13,MGTX,0.20592833,6.41,7.87,64.7636372251412,0.0,12.706480304955527
2025-03-13,RAIL,0.19582665,6.23,7.71335,6.544443009316205,0.0,12.964535513103904
2025-03-13,SRTA,0.15547705,2.83,3.4244,34.43388836916717,0.0,29.202196005139587
2025-03-13,HMR,0.11764705,2.55,2.775,3.291333854276317,32.801328510220266,36.03603603603604
2025-03-14,AAOI,0.49023318,15.87,21.635,106.8381486637948,6.383500032126061,4.62214005084354
2025-03-14,GDOT,0.17319274,6.64,8.011,12.566690039886135,0.0,12.482836100362004
2025-03-14,QBTS,0.11432707,6.91,8.7273,34.32480427636634,20.112030324094793,11.458297526153565
2025-03-14,QMCO,0.113360405,14.82,16.994999999999997,19.88894684819025,7.702990360950144,5.884083553986468
2025-03-14,GOGO,0.1033479,6.87,6.7889,28.778493769499196,0.0,14.729926792263843
2025-03-17,FEED,0.7543727,2.2059,3.2254500000000004,102.21894807411144,10.890820333910337,31.00342587855958
2025-03-17,ANNX,0.21153855,2.6,3.1399999999999997,29.81368677611944,0.0,31.847133757961785
2025-03-17,QUBT,0.20169258,7.09,8.0555,33.074925675172175,1.0993960195433414,12.41387871640494
2025-03-17,ARQQ,0.13933337,15.0,17.0043,11.928567170817152,1.214629506608606e-05,5.880865428156407
2025-03-17,QNTM,0.13905942,4.89,6.05,20.723732811673926,57.20193316053895,16.528925619834713
2025-03-18,SCNX,0.22177422,2.48,2.92,62.19221057533833,27.793483065807795,34.24657534246575
2025-03-18,AIFF,0.108986616,5.23,5.525,0.07571151082764123,0.0,18.099547511312217
2025-03-19,LSE,0.47232938,7.77,12.256250000000001,38.77777762166529,10.16069623818701,8.15910249872514
2025-03-19,ATER,0.12796223,2.11,3.05495,13.568223960508192,17.60730014571279,32.733759963338194
2025-03-19,OLMA,0.10386479,4.14,4.3149999999999995,0.0,0.0,23.174971031286212
2025-03-19,STNE,0.10261762,9.85,11.29,16.010170078368464,1.6612273756956206,8.857395925597874
2025-03-20,ELAB,0.17730498,5.64,7.495,101.11844124201674,0.0,13.3422281521014
2025-03-20,DBI,0.10005641,3.8,4.1739999999999995,0.0,0.0,23.957834211787258
2025-03-21,IBO,0.51923084,2.08,3.5450999999999997,49.998237235107396,34.897034183331016,28.20794900002821
2025-03-21,CURV,0.25497282,5.53,6.095000000000001,0.0,0.0,16.40689089417555
2025-03-21,ELAB,0.15625,6.4,7.3267500000000005,71.6945299492833,0.0,13.648616371515336
2025-03-24,HUHU,0.18624163,5.96,7.45,0.0,0.0,13.422818791946309
2025-03-24,OSUR,0.10465109,3.44,3.9855,0.0,0.0,25.090954710826747
2025-03-24,LXEO,0.103321075,2.71,3.58,94.78295062874814,0.0,27.932960893854748
2025-03-24,DMRA,0.100000024,6.1,6.68295,56.340989372409474,0.0,14.963451769054085
2025-03-25,MBLY,0.13368273,15.26,15.9982,14.663839191634702,0.5199944098641825,6.250703204110462
2025-03-26,VIVO,0.46460176,2.26,4.21865,122.41227243808257,24.721055577134507,23.704265582591585
2025-03-26,WVE,0.13665259,9.44,10.3675,0.0,0.0,9.645526886906197
2025-03-26,PLTK,0.13171446,4.4,5.32965,16.60405741856625,0.1117809335648251,18.762958167984763
2025-03-26,MYSE,0.117724895,3.78,4.1175,98.56946842807132,0.886041466902648,24.286581663630844
2025-03-26,PRM,0.106476426,9.11,10.4025,5.59065619588994,0.0,9.613073780341264
2025-03-27,WOOF,0.20081973,2.44,3.1355,36.33266189997574,17.460036522456516,31.892840057407113
2025-03-27,MREO,0.13924062,2.37,2.5949999999999998,22.883295408166866,0.0,38.53564547206166
2025-03-27,IBO,0.13636363,2.2,2.3449999999999998,37.01975105489146,0.0,42.64392324093817
2025-03-27,ZGN,0.1228044,7.08,7.665,0.0,0.0,13.04631441617743
2025-03-28,ALP,1.5371549,4.71,10.82,124.98024070062004,24.87856512702887,9.242144177449168
2025-03-28,QNTM,0.17780423,8.38,10.201899999999998,53.6068787834784,18.73409528581541,9.802095688058108
2025-03-28,SMTK,0.10529387,3.438,3.7375,3.1078047607452963,0.0,26.755852842809364
2025-03-31,HERE,0.24345028,3.42,3.92,37.15955374684303,0.0,25.510204081632654
2025-03-31,MCHB,0.11988056,9.3,10.4575,10.401647211886466,0.0004855766430749179,9.562514941429596
2025-04-01,CSAI,0.35135138,4.44,5.95,2.220446049250313e-12,45.15642938018848,16.80672268907563
2025-04-01,OMER,0.11435521,8.22,8.5,0.0,0.0,11.764705882352942
2025-04-02,SBFM,0.58173084,2.08,3.2525,109.27635009941747,17.706359729600052,30.745580322828594
2025-04-02,TTEC,0.24464834,3.27,4.4794,43.10681504246391,8.586085184849361,22.324418448899404
2025-04-02,HERE,0.13373864,6.58,6.79,21.5336043500782,0.0,14.727540500736376
2025-04-02,ANGO,0.12939954,9.66,10.675,20.93610340544281,0.0,9.36768149882904
2025-04-02,CGNT,0.11922133,8.22,9.932500000000001,10.242351423290284,0.0,10.06795872136924
2025-04-03,VBIO,0.48923075,3.25,4.58,0.0,21.389547333369197,21.83406113537118
2025-04-04,USAR,0.3076923,6.5,9.36845,109.00815187821019,0.0,10.674124321525973
2025-04-07,BJDX,1.3371105,3.53,8.23,2.220446049250313e-12,45.94531876481826,12.15066828675577
2025-04-08,AGL,0.27294123,4.25,5.575,57.24705592282501,3.757823432644997,17.937219730941703
2025-04-08,SPIR,0.25,7.48,9.274999999999999,0.0,0.0,10.781671159029651
2025-04-08,CRMD,0.23723233,6.07,7.405,46.33531441816093,0.0,13.504388926401079
2025-04-08,BTU,0.17821777,10.31,11.504999999999999,10.877266678107537,5.165655842959556,8.69187309865276
2025-04-08,LEVI,0.16358018,13.5,13.7425,28.02681413526633,5.080598029085381,7.2766963798435516
2025-04-09,HMY,0.11946201,12.97,14.5125,13.720394265324195,3.452624055829634,6.890611541774333
2025-04-09,BTU,0.117753625,11.26,12.89,27.150005047027726,0.5445155723352192,7.757951900698215
2025-04-10,LOVE,0.15003133,15.93,17.895,25.28988345831321,0.0,5.588153115395362
2025-04-10,KROS,0.12971926,10.33,11.95,34.93595193404917,0.0032452739048168754,8.368200836820083
2025-04-11,BGLC,0.35023046,2.17,2.83,0.0,0.0,35.3356890459364
2025-04-11,CBLL,0.16412556,11.15,14.6988,37.68438907411561,0.0,6.803276457942145
2025-04-11,ABSI,0.13238287,2.455,2.84845,18.25151072850901,0.007987334765397997,35.10681247696115
2025-04-11,CERT,0.12654614,10.51,12.2375,5.504694297981208,1.494624698042269,8.171603677221654
2025-04-14,BULL,1.0860376,13.25,30.3345,2.220446049250313e-12,67.09990268367133,3.296576505299247
2025-04-14,USAR,0.16967511,8.31,9.4525,28.577167172401612,23.38107963560376,10.57921184871727
2025-04-14,MB,0.16562498,3.2,3.7,2.0097249582524683,0.0,27.027027027027025
2025-04-14,GPCR,0.13207555,15.9,17.1175,0.6437071311436021,0.0,5.841974587410545
2025-04-14,CEPU,0.12075472,10.7,12.0,0.0,0.0,8.333333333333334
2025-04-15,TMC,0.25971735,2.83,3.1319999999999997,16.211276824868246,12.266537930846699,31.928480204342275
2025-04-15,USAR,0.21787238,11.75,13.801,70.39055903156647,19.47687318703096,7.245851749873197
2025-04-15,BULLW,0.18720317,2.4006,2.8,69.99232305636028,0.0,35.714285714285715
2025-04-15,IE,0.13861382,5.05,5.8875,10.134614937663493,0.0,16.985138004246284
2025-04-15,IPX,0.119253755,15.01,17.495,0.0,0.0,5.715918833952558
2025-04-16,TGL,0.77884626,2.08,3.7131499999999997,100.99518255730375,17.372704059595545,26.93131168953584
2025-04-16,EDVA,0.41489363,2.82,3.6199500000000002,14.731688638263696,4.745830459311564,27.62469094877001
2025-04-16,NB,0.2352941,2.89,3.59495,94.81089501818964,14.5367422516286,27.816798564653194
2025-04-16,HTZ,0.19315064,3.65,4.1775,7.451741398839642,7.834611158620106,23.937761819269898
2025-04-17,QURE,0.38498402,9.39,13.5525,29.16664035856155,7.090313297561753,7.378712414683638
2025-04-17,DXF,0.31243253,9.25,12.84065,128.61625082415358,0.0,7.787767753190065
2025-04-17,HTZ,0.3012259,5.71,7.2799499999999995,30.34807267773823,35.17500566581761,13.736358079382414
2025-04-17,HTZWW,0.27666664,3.0,3.9175,28.109961668760405,0.0,25.526483726866623
2025-04-17,GPCR,0.16028059,18.53,22.625,16.87764981796976,0.0,4.419889502762431
2025-04-21,SHFS,0.73094165,2.23,3.705,52.60570871279112,17.203112715598103,26.99055330634278
2025-04-21,DWTX,0.26697886,4.27,6.2575,2.220446049250313e-12,18.874689466721044,15.980823012385137
2025-04-22,EDVA,0.22255635,6.65,7.42045,41.28952130197963,0.0,13.476271654684016
2025-04-22,MTEN,0.16721308,6.1,6.8,0.0,0.0,14.705882352941178
2025-04-22,BHC,0.105932236,4.72,5.155,0.0,0.0,19.398642095053344
2025-04-22,BIYA,0.105121255,3.71,4.0023,0.0,0.0,24.985633260874998
2025-04-23,SNOA,0.75965667,2.33,3.9074,64.06504821777514,15.199923011542081,25.592465578133798
2025-04-23,UPXI,0.26944447,9.0,11.2277,55.261451486083544,15.91726309888845,8.906543637610552
2025-04-23,RZLT,0.2427653,3.11,4.0,37.609884282398696,5.173211869481009,25.0
2025-04-23,MIND,0.21323526,5.44,6.95,8.564049414919195,0.0,14.388489208633093
2025-04-23,NDRA,0.20247626,3.0853,3.59,0.0,0.0,27.85515320334262
2025-04-24,BCTX,0.72191536,5.43,8.249600000000001,70.17534245508476,14.934779043275933,12.121799844840961
2025-04-24,CYH,0.20164609,2.43,3.0125,2.220446049250313e-12,4.896405316735161,33.19502074688796
2025-04-24,EPSM,0.18773234,5.38,6.5798,75.91623297404229,0.0,15.19803033526855
2025-04-24,XXI,0.16363645,16.5,21.84,114.26698166370264,45.89305932184833,4.5787545787545785
2025-04-24,PONY,0.12523031,5.43,6.4391,18.833263423879075,0.9364796078464914,15.530120669037599
2025-04-25,PONY,0.2338177,7.57,8.8376,0.0,6.748458702204748,11.315289218792433
2025-04-25,MBOT,0.100823045,2.43,2.6125,18.877057979639897,0.0,38.27751196172249
2025-04-28,WOLF,0.16360855,3.27,3.7999,12.75424775635912,9.855887667687455,26.316482012684546
2025-04-28,SABR,0.13242006,2.19,2.7275,16.918613956244812,8.781563949541708,36.663611365719525
2025-04-28,SXTC,0.11790395,2.29,2.49025,58.59348585487506,0.0,40.156610782049995
2025-04-28,UPC,0.11428571,4.2,4.520099999999999,0.0,0.0,22.1234043494613
2025-04-28,SSII,0.1004405,11.35,13.032499999999999,0.0,0.0,7.673124880107425
2025-04-29,LFMD,0.31639338,6.1,7.3904,33.71180573438161,10.91135127308887,13.531067330591037
2025-04-29,CLVT,0.19220066,3.59,4.195,2.383148835588153,4.706260768028546,23.837902264600714
2025-04-29,WOLF,0.13801444,4.13,4.2294,10.710780557155976,12.871208146301651,23.644015699626426
2025-04-29,LZMH,0.13483155,8.01,9.125,0.0,0.0,10.95890410958904
2025-04-29,PUMP,0.13472486,5.27,5.672499999999999,0.0,0.0,17.628911414720143
2025-04-30,RCKY,0.28171086,13.95,19.645,13.79197010249452,0.0,5.090353779587682
2025-04-30,SKYA,0.22099996,5.0,6.3100000000000005,143.89944906354245,6.177467911782819,15.847860538827257
2025-04-30,JAKK,0.15257049,19.46,19.41,2.901929976184563,0.0,5.151983513652756
2025-04-30,ORN,0.11374414,6.33,6.655,0.0,0.0,15.026296018031555
2025-05-01,FEED,0.46503484,2.86,4.274900000000001,101.26051153326944,10.28034671550081,23.392360055205966
2025-05-01,VISN,0.20384622,3.74,4.35,0.0,3.3208591576215962,22.98850574712644
2025-05-01,MAX,0.17976189,8.4,10.135,0.0,0.0,9.86679822397632
2025-05-01,TZOO,0.16510451,13.87,14.7,0.0,0.0,6.802721088435375
2025-05-01,UPBD,0.1251384,19.9,23.0,0.0,0.0,4.3478260869565215
2025-05-02,KIDZ,0.52145517,5.36,7.869,61.05067865788647,49.649298973112835,12.708095056551024
2025-05-02,NPKI,0.27814567,6.04,7.484999999999999,0.008919038145170989,0.0,13.360053440213761
2025-05-02,ADPT,0.19701087,7.36,9.7004,28.94230010050529,6.40989045926321,10.30885324316523
2025-05-02,BTSG,0.13743019,17.9,20.0175,19.119645121734855,0.46958204329803344,4.995628824778319
2025-05-02,CPS,0.113009214,15.22,19.33,0.0,0.41251831394053323,5.173305742369375
2025-05-05,FNGR,0.19485295,2.72,3.31,44.40908169100902,0.0,30.211480362537763
2025-05-05,DFSC,0.11551714,5.8,6.05,8.823880138657161,0.0,16.528925619834713
2025-05-06,TALO,0.21640742,7.07,7.865,25.786025082977183,0.18306986922602486,12.714558169103624
2025-05-06,TDUP,0.21396387,4.44,5.7225,37.31246769627414,6.386374842878478,17.47487986020096
2025-05-06,AMRC,0.20378327,11.63,14.34,0.0,0.0,6.97350069735007
2025-05-06,SEDG,0.1493808,12.92,15.035,20.988064907371527,2.0177102023308917,6.651147322913203
2025-05-06,HRTX,0.14553988,2.13,2.4175,19.35056134539414,0.0,41.36504653567735
2025-05-07,ANGI,0.33244443,11.25,14.6525,9.794235028824419,0.0,6.82477392936359
2025-05-07,CURI,0.31205165,3.3,5.01615,84.57743238168653,0.34100079584291004,19.93560798620456
2025-05-07,EHTH,0.26923084,4.68,6.282500000000001,13.379869653463642,0.0,15.917230401910066
2025-05-07,PRCH,0.263407,6.34,9.16,0.0,12.769753370197268,10.91703056768559
2025-05-07,NRDS,0.25295508,8.46,10.9725,6.1733987697978945,0.0,9.11369332421964
2025-05-08,ASST,0.63716805,3.39,5.975,47.75501227373798,35.11603011033071,16.736401673640167
2025-05-08,ONT,0.2936877,15.05,20.46,0.0,0.0,4.887585532746823
2025-05-08,AVAH,0.2614107,4.82,5.8847,0.0,0.0,16.993219705337573
2025-05-08,QBTS,0.25834548,6.89,8.302499999999998,0.0,6.932906503739166,12.044564890093348
2025-05-08,ZVIA,0.25123155,2.03,2.7725,84.94745353603335,9.40032054120282,36.06853020739405
2025-05-09,WBUY,1.233474,7.11,19.189999999999998,9.160350797757589,52.717478887479785,5.211047420531528
2025-05-09,ZKIN,0.6428571,2.52,3.685,53.749330577021965,38.42085151912589,27.137042062415198
2025-05-09,LASR,0.329849,8.61,11.0425,29.745202394604146,0.0,9.05592030790129
2025-05-09,MITK,0.29284906,8.81,10.1625,0.0,0.0,9.84009840098401
2025-05-09,GDOT,0.28390813,8.7,10.7625,2.3954633761888706,0.0,9.291521486643438
2025-05-12,NAKA,6.311538,3.9,23.38,211.57463342451334,75.70875379143,4.277159965782721
2025-05-12,FTRE,0.2829268,6.15,6.905,0.0,3.105285665634023,14.48225923244026
2025-05-12,RGTIW,0.21352816,3.7906,4.46,0.0,0.0,22.42152466367713
2025-05-12,ZIM,0.1701808,14.27,16.79,17.227914331909556,0.0,5.955926146515783
2025-05-12,GCT,0.15758622,14.5,16.16,0.0,0.0,6.188118811881188
2025-05-13,LICN,0.5258621,3.48,5.152,0.0,53.54701992409621,19.40993788819876
2025-05-13,INHD,0.40254235,2.36,3.2058,41.947676558632295,0.0,31.193461850396158
2025-05-13,XHG,0.28125,2.24,2.6044,21.343990012803445,0.0,38.39655966825372
2025-05-13,BKKT,0.2617383,10.01,12.687750000000001,0.0,18.106297440987987,7.881618096195148
2025-05-13,OPRX,0.25,9.2,11.905,20.07560596083898,0.0,8.399832003359933
2025-05-14,SEPN,0.6077266,6.73,10.440000000000001,86.70485853728908,21.47100119774743,9.578544061302681
2025-05-14,ABSI,0.2195946,2.96,3.35905,0.0,3.438717002372657,29.770321966032064
2025-05-14,WBUY,0.19172418,7.25,8.106,0.0,0.0,12.33654083395016
2025-05-14,FNGR,0.18719172,4.38,4.4991,67.66853905596315,0.0,22.226667555733368
2025-05-14,LUXE,0.13258433,8.9,10.04,5.75448055989072,0.0,9.9601593625498
2025-05-15,IA,0.23537421,7.35,9.925,41.17749339899464,0.0,10.075566750629722
2025-05-15,DLO,0.21963978,10.19,11.934999999999999,24.207286051395272,0.0,8.378718056137412
2025-05-15,STLN,0.19409287,2.37,2.9625,28.420360996380715,17.781941890792197,33.755274261603375
2025-05-15,HCWB,0.19182742,8.81,9.497499999999999,0.0,0.0,10.529086601737301
2025-05-16,TSSI,0.46561444,8.87,13.3375,0.0,21.048351636657753,7.497656982193065
2025-05-16,BULLW,0.29149795,2.47,2.95,0.0,0.0,33.89830508474576
2025-05-16,QUBT,0.13961041,9.24,11.0775,30.612703621149358,4.311044774820984,9.027307605506657
2025-05-16,EVLV,0.13095248,4.2,5.0175,18.32175283613539,3.7832250606722573,19.930244145490782
2025-05-19,NVAX,0.2035662,6.73,8.3225,84.82755114499666,9.839273996261808,12.015620306398318
2025-05-19,CHAI,0.12554109,2.31,3.1246,95.5811463124679,33.72279134119738,32.00409652435512
2025-05-20,CHAI,0.5356264,4.07,6.0253499999999995,30.17367680484189,32.2724222190903,16.59654625872356
2025-05-20,TIL,0.20236683,16.9,18.46,29.489257975469123,0.0,5.417118093174431
2025-05-20,QBTS,0.16654003,13.15,15.33005,47.309737592619165,10.711499939286574,6.523135932368127
2025-05-20,XYF,0.15270162,15.0,17.795,20.322363683753345,0.0,5.619556055071649
2025-05-20,ARMP,0.13924062,2.37,2.3411,0.0,0.0,42.714963051556964
2025-05-21,ASST,0.29198968,7.74,9.691500000000001,0.0,36.60746567702165,10.318320177475105
2025-05-21,EDBL,0.26944447,3.6,5.543150000000001,133.17680748859428,18.291761647379147,18.040283954069434
2025-05-21,NAKA,0.25164258,15.22,19.17975,64.4117304705131,16.919934431978856,5.213832297084164
2025-05-21,GOOS,0.1569506,8.92,10.74,24.483654330853923,2.3595579244307245,9.31098696461825
2025-05-21,GPUS,0.14099789,4.61,5.52,0.0,34.61655304176753,18.115942028985508
2025-05-22,ASST,0.15796018,8.04,10.155000000000001,108.74616592576639,11.963405991957293,9.84736582964057
2025-05-22,LUMN,0.14435697,3.81,4.114800000000001,17.7442140246764,12.407095515754209,24.302517740837946
2025-05-22,TIL,0.13440204,16.22,18.884999999999998,0.0,0.0,5.295207836907599
2025-05-23,FNUC,0.18475068,3.41,3.9080000000000004,16.491325375831096,0.0,25.588536335721596
2025-05-23,UEC,0.16279078,5.16,6.099,1.6463974123290483,6.174990016189148,16.396130513198884
2025-05-23,LTBR,0.1322701,10.66,13.194700000000001,39.82373955138352,16.142711295725164,7.578800579020363
2025-05-23,FULC,0.11437917,6.12,6.7275,0.8959006356923513,0.0,14.864362690449648
2025-05-23,UUUU,0.111111164,4.5,4.94165,11.76266897873179,5.692350954318479,20.23615593981767
2025-05-27,SBET,4.0491076,6.72,32.49,73.3581853342131,56.240445082629115,3.077870113881194
2025-05-27,MTAL,0.18522167,10.15,12.34905,0.0,0.0,8.097788898741198
2025-05-27,GYRE,0.17511511,8.68,10.592500000000001,18.273766223550258,0.0,9.440641963653528
2025-05-27,FLD,0.14596272,4.83,4.97,29.791177514692123,0.0,20.12072434607646
2025-05-27,RGTIW,0.124282956,5.23,5.45,0.0,0.0,18.34862385321101
2025-05-28,LVWR,0.4453125,2.56,3.4974999999999996,55.747684313489835,48.703475017210366,28.591851322373127
2025-05-28,MNRO,0.30675912,12.77,17.259999999999998,10.22154523026145,0.0,5.793742757821553
2025-05-28,JOBY,0.1656977,6.88,8.5165,18.049559959825004,4.361316467275114,11.74191275758821
2025-05-28,BULLW,0.10787165,3.43,4.02,0.0,0.0,24.875621890547265
2025-05-29,LZMH,0.26447976,19.51,24.82,58.60209644145533,0.0,4.0290088638195005
2025-05-29,ORIC,0.22110558,5.97,7.8805,67.75066938395973,7.448047762319471,12.68955015544699
2025-05-29,TSHA,0.16803277,2.44,2.83,34.309378766947454,10.553000467989593,35.3356890459364
2025-05-29,YSXT,0.13786364,6.6,7.659,0.0,,13.05653479566523
2025-05-29,KSS,0.12352252,8.1,8.97495,0.0,2.2699855506526965,11.142123354447657
2025-05-30,RRGB,0.3961661,3.13,5.0225,0.0,9.544821991887652,19.91040318566451
2025-05-30,VIVO,0.2959906,4.24,4.92,0.0,0.0,20.32520325203252
2025-05-30,SPRO,0.17370892,2.13,2.5425,107.81231151733692,14.860836741971175,39.33136676499508
2025-05-30,LVWR,0.15156806,2.87,3.745,11.340205082497862,19.24868804359588,26.7022696929239
2025-05-30,PATH,0.14837718,12.94,13.52,6.901918966795702,2.101694808593206,7.396449704142012
2025-06-02,VERA,0.6749339,18.95,30.1175,20.019826702194365,6.057233497528996,3.320328712542542
2025-06-02,BMGL,0.36759865,6.08,7.045,112.78548931927362,0.3810241843308137,14.194464158977999
2025-06-02,CENX,0.23757267,15.49,20.06,21.744252990362128,0.003772588775850396,4.985044865403789
2025-06-02,CLF,0.23327613,5.83,7.2688,33.519931229833766,8.016320315226674,13.7574290116663
2025-06-02,APLD,0.21083462,6.83,9.17,0.0,13.988620046474333,10.905125408942203
2025-06-03,AGEN,0.16828084,4.13,4.3808,0.0,0.0,22.826880934989045
2025-06-03,JOBY,0.13199997,7.5,8.2275,31.555437173526666,6.933756378842514,12.154360376785172
2025-06-03,BMGL,0.117347,3.92,4.5975,32.637166445416504,14.144866807930208,21.75095160413268
2025-06-03,LTBR,0.10661507,14.21,15.562650000000001,0.0,0.0,6.425640877357004
2025-06-03,SRFM,0.10648143,2.16,2.435,14.20707205188299,0.0,41.067761806981515
2025-06-04,BAOS,0.8312237,2.37,3.79925,59.22138142519029,0.001697815427330363,26.32098440481674
2025-06-04,VCIG,0.23051953,3.08,3.5229999999999997,40.21748491613802,0.0,28.384899233607722
2025-06-04,YEXT,0.15249264,6.82,8.7,20.46821651936249,0.36656888260001264,11.49425287356322
2025-06-04,WETO,0.13821137,2.46,2.82,0.0,0.0,35.46099290780142
2025-06-04,SGMT,0.11432505,3.63,4.125,70.18391375323509,12.050112541583818,24.242424242424242
2025-06-05,TGE,0.69269276,9.99,18.465,0.0,0.0,5.415651232060656
2025-06-05,LIMN,0.67505896,12.71,20.975,69.25222299195575,0.0,4.767580452920143
2025-06-05,ZENA,0.4874214,3.18,5.3916,72.96799183385052,39.416878160312095,18.54736998293642
2025-06-05,TJGC,0.36168826,15.4,15.865,0.0,28.548966045008,6.3031831074692715
2025-06-05,PL,0.30827057,3.99,5.78295,44.14213734184943,11.606325482135249,17.29221245212219
2025-06-06,HYPD,0.36624193,3.14,4.2095,37.13318754114883,6.310025602292837,23.75579047392802
2025-06-06,RENT,0.36201787,6.74,8.3,54.5764936585262,0.0,12.048192771084336
2025-06-06,NX,0.2168963,17.09,20.965,11.510646215224334,0.0,4.769854519437157
2025-06-06,TGE,0.20517933,10.04,12.405000000000001,57.85876543189897,0.0,8.061265618702135
2025-06-06,MANU,0.111513376,13.81,14.8875,0.28131714800199875,0.0,6.717044500419815
2025-06-09,TPST,0.33160305,8.2457,11.32855,68.24821799745527,0.0,8.827255032638776
2025-06-09,UMAC,0.19946086,7.42,8.594850000000001,28.855318893209965,7.8168258107169155,11.634874372443962
2025-06-09,EVTL,0.15241635,5.38,5.96725,32.22690743414105,0.0,16.758138170849218
2025-06-09,NXAT,0.14705884,3.4,4.17995,30.903633977198034,15.98312533312561,23.923731145109393
2025-06-09,MB,0.14580643,7.75,8.09,0.0,0.0,12.360939431396787
2025-06-10,ZENA,0.15859032,4.54,5.16,28.821878589716093,0.0,19.37984496124031
2025-06-10,MFI,0.14339614,2.65,3.01,64.84360111547345,0.0,33.222591362126245
2025-06-10,SKIL,0.13391876,18.22,19.3186,0.0,0.0,5.176358535297589
2025-06-10,ARAI,0.13264501,6.295,8.0903,0.0,33.47210879411848,12.360481069923242
2025-06-10,QTRX,0.11067188,5.06,5.6975,0.0,0.0,17.551557700745942
2025-06-11,ABCL,0.15894043,3.02,3.2925,27.93155067502788,16.088410748633137,30.372057706909644
2025-06-11,SAIL,0.14860046,19.65,23.0,48.25998981164692,3.7394926186176365,4.3478260869565215
2025-06-11,RGTIW,0.14213192,3.94,4.45,0.0,0.0,22.47191011235955
2025-06-11,USBC,0.1390729,3.02,3.40465,99.8405143640705,14.746563468849656,29.371594730735904
2025-06-11,OUST,0.13661873,16.03,18.439999999999998,27.222763300007347,7.999093770221214,5.42299349240781
2025-06-12,HIND,0.30131006,2.29,3.1824500000000002,84.89815455322022,19.58828844394549,31.42233185124668
2025-06-12,AGIG,0.23260069,5.46,6.237500000000001,65.79390267293078,15.887554453961192,16.03206412825651
2025-06-12,PL,0.1510129,5.43,5.657500000000001,21.182075392071273,3.3638226052013804,17.675651789659742
2025-06-12,INDO,0.13622296,3.23,3.4284999999999997,38.93930928551234,9.32397305482188,29.167274318214965
2025-06-12,HPP,0.12730408,2.48,2.705,44.94898675293552,10.555063740829242,36.96857670979667
2025-06-13,AGIG,0.8011204,7.14,13.787500000000001,96.87980565473643,32.54398968537645,7.252946509519491
2025-06-13,INDO,0.33615816,3.54,4.5249500000000005,45.47661743878106,38.19759278815063,22.099691709300654
2025-06-13,DFNS,0.26897693,12.12,14.9679,93.00741124454112,0.0,6.680963929475745
2025-06-13,IMPP,0.13931894,3.23,3.4408000000000003,11.643352664779481,0.0,29.063008602650545
2025-06-13,SSL,0.12577319,4.85,5.405,0.0,0.0,18.501387604070306
2025-06-16,ECHO,0.44121146,16.84,24.39,21.763424396670104,1.2237217992662797,4.100041000410004
2025-06-16,NXAT,0.4068966,2.9,3.825,34.245230141033645,0.0,26.143790849673202
2025-06-16,BRRWW,0.22222221,2.16,2.31,0.0,0.0,43.290043290043286
2025-06-16,NEON,0.18976808,16.81,21.645000000000003,56.69710689295235,0.0,4.620004620004619
2025-06-16,SBET,0.1813246,9.21,11.48,36.22480921542946,22.30591640257703,8.710801393728223
2025-06-17,SAFX,0.45248866,2.21,2.71,5.350648250531445,11.336614220956221,36.90036900369004
2025-06-17,BGSF,0.3930055,4.02,5.295,19.323671497583863,0.0,18.885741265344667
2025-06-17,RBNE,0.26268113,5.52,7.93,81.31922035573808,44.73739224952615,12.610340479192939
2025-06-17,TJGC,0.17808223,3.65,4.241,1.0828684772323014,0.0,23.57934449422306
2025-06-17,XTIA,0.17689526,2.77,3.585,59.94131445540316,1.3692854980680826,27.89400278940028
2025-06-18,LSE,0.71171165,5.55,9.023150000000001,89.21347701411723,11.781649999954173,11.082604190332644
2025-06-18,EZRA,0.4422804,2.17,3.1551,137.54966948599125,37.90805101944554,31.69471649076099
2025-06-18,TMC,0.11488974,5.44,6.6425,49.708911644523255,0.0,15.054572826496049
2025-06-18,BATL,0.1095407,2.83,2.94,19.81989975678364,0.0,34.013605442176875
2025-06-18,GOGO,0.10853958,12.53,14.0503,13.440298683950969,1.839953322293018,7.117285751905653
2025-06-20,AIFF,0.22666669,3.0,3.38,42.08760734730512,0.0,29.585798816568047
2025-06-20,DFSC,0.19982159,11.21,12.75415,75.17719289423518,0.2203531650334979,7.840585221280917
2025-06-20,NEXR,0.18244803,6.495,7.359999999999999,27.48090701699328,0.0,13.58695652173913
2025-06-20,GALT,0.1793313,3.29,2.81175,0.0,0.0,35.56503956610652
2025-06-20,GRRR,0.17490697,18.81,25.855,46.5680756591147,11.22078332944353,3.8677238445175015
2025-06-23,AGIG,0.43716216,14.8,22.680799999999998,46.7567909741834,29.272435549030227,4.409015555006879
2025-06-23,INDO,0.30434787,5.06,6.862500000000001,56.42663575405977,43.017450152402475,14.571948998178504
2025-06-23,RBNE,0.30392158,6.12,7.791399999999999,20.68020470473859,9.48438126891998,12.834663860153503
2025-06-23,CRMD,0.22997797,13.61,16.3325,28.08187624527302,0.0,6.122761365375784
2025-06-23,GEOS,0.21671021,11.49,14.4925,46.766489867192604,21.708132017549016,6.900120752113162
2025-06-24,NA,1.6556473,10.89,23.115000000000002,151.45754245622453,1.762556764201395,4.326195111399524
2025-06-24,NKTR,1.0880504,9.54,17.75,62.278903826936904,34.575030525044355,5.633802816901408
2025-06-24,WFF,0.220891,6.51,8.85,50.069687361873136,50.94336369668174,11.299435028248588
2025-06-24,KEP,0.20414197,10.38,12.5475,0.0,0.0,7.969715082685794
2025-06-24,CTOR,0.13,2.5,2.855,68.84334646090461,0.0,35.02626970227671
2025-06-25,QS,0.38799083,4.33,6.15,41.153918869619964,13.894914742646872,16.260162601626014
2025-06-25,SRFM,0.22222233,3.6,4.84985,0.0,18.982041121106022,20.619194408074478
2025-06-25,INDI,0.16413379,3.29,3.9052499999999997,27.8293576137734,3.889209848519081,25.60655527815121
2025-06-25,BMBL,0.15547025,5.21,6.3149999999999995,0.0,1.109429467754985,15.835312747426762
2025-06-25,TIGR,0.12546122,8.13,9.551,10.176361748749406,3.566833847555827,10.470107842110773
2025-06-26,LIVE,0.1715976,8.45,10.5692,0.0,9.56703532443961,9.461454036256292
2025-06-26,VVOS,0.16721308,3.05,3.66,97.43850446201203,0.0,27.3224043715847
2025-06-26,SRFM,0.11023617,2.54,3.25585,32.36957407486215,23.78507455581861,30.713945667030114
2025-06-26,YAAS,0.10602915,4.81,5.265,0.0,0.0,18.99335232668566
2025-06-26,TLS,0.10035837,2.79,2.91,7.232446427208061,0.0,34.36426116838488
2025-06-27,CYN,0.6095587,13.6,22.163600000000002,78.28951453871558,32.98461070159638,4.511902398527314
2025-06-27,INMB,0.4808917,6.28,9.1299,45.540155015155314,0.0,10.953022486555167
2025-06-27,BBLG,0.4639424,4.16,5.0245999999999995,10.557478416487024,0.35011040240818897,19.902081757751862
2025-06-27,GCTK,0.2739463,5.22,6.327999999999999,23.787955681100073,0.0,15.802781289506955
2025-06-27,SKYE,0.14117646,4.25,5.14585,51.27269922686247,0.0,19.433135439237443
2025-06-30,NFE,0.20000005,2.5,3.1325,34.656103464963365,9.526065506497433,31.923383878691144
2025-06-30,DFSC,0.17511511,10.85,11.483,0.0,0.0,8.70852564660803
2025-06-30,LIMN,0.16033757,9.48,10.93,0.0,0.0,9.149130832570906
2025-06-30,BDMD,0.15384614,3.9,4.2802500000000006,0.0,0.0,23.363121313007415
2025-07-01,CLRO,1.173913,5.75,12.725000000000001,195.0467916872427,16.690695576777063,7.858546168958742
2025-07-01,ATAI,0.2054795,2.19,2.5991,61.775717875032306,17.148602367186207,38.47485668115886
2025-07-01,DDC,0.193578,10.9,11.0,0.0,0.0,9.090909090909092
2025-07-01,PL,0.16885245,6.1,6.8675,0.0,7.347208528849544,14.56133964324718
2025-07-01,TRNR,0.14726031,5.84,6.1,31.823870277667403,0.0,16.393442622950822
2025-07-02,DAIC,0.86984813,4.61,9.94205,127.81714250455694,25.682767210777126,10.058287777671607
2025-07-02,SCAG,0.5738498,4.13,5.025,110.61738904362394,0.0,19.90049751243781
2025-07-02,NAMM,0.35901165,6.88,9.97965,57.62066168573954,0.0,10.020391496695776
2025-07-02,CYN,0.2335937,12.8,15.80025,57.47442291739682,3.736482293591121,6.329013781427509
2025-07-02,DQ,0.1163398,15.3,17.335,14.11084338737603,9.602805236476199e-05,5.768676088837611
2025-07-03,NMAD,0.49504948,2.02,3.35495,113.89058003918466,0.0,29.806703527623363
2025-07-03,CV,0.41714287,3.5,4.40385,35.409183605771005,0.0,22.70740374899236
2025-07-03,FIEE,0.37827718,2.67,3.4391,34.35421236719305,5.144471084128534,29.077374894594517
2025-07-03,AEBI,0.26063347,11.18,13.27,13.791347920609402,0.0,7.535795026375283
2025-07-03,BULLW,0.2156862,5.1,5.48,0.0,0.0,18.24817518248175
2025-07-07,COGT,0.18337739,7.58,9.925,33.37725397361415,0.0918371643307515,10.075566750629722
2025-07-07,PRME,0.1575563,3.11,3.9368499999999997,0.0,12.674124155763893,25.401018580845093
2025-07-07,BTBT,0.14625847,2.94,3.47745,42.20815366539287,11.438570843467623,28.756703906598226
2025-07-07,SY,0.10769224,3.25,4.1,24.140976445483805,0.0,24.390243902439025
2025-07-08,NDRA,2.0665975,3.4566,9.7903,151.05778117575488,19.66773588285437,10.214191597805991
2025-07-08,WOLF,0.4285282,2.31,3.1082,34.19768882433555,22.270280480426678,32.17296184286725
2025-07-08,OCC,0.2596686,3.62,4.7940000000000005,58.2294198550507,0.0,20.85940759282436
2025-07-08,ZEPP,0.23563218,3.48,4.27,0.0,18.9592431831219,23.4192037470726
2025-07-08,VIOT,0.2313677,2.64,3.3448,59.52380952381013,0.0,29.8971537909591
2025-07-09,PROK,0.55761385,3.73,6.13755,174.26508696101718,12.698888977589231,16.293146288013947
2025-07-09,SOBR,0.43620193,3.37,4.647399999999999,42.5720493148823,9.053945163417044,21.517407582734435
2025-07-09,KZIA,0.43589747,6.825,9.5014,76.63660081872155,0.0,10.524764771507357
2025-07-09,BTCT,0.28486645,3.37,3.7348,0.0,0.0,26.775195458926852
2025-07-09,WKHS,0.24723256,2.71,3.5275,124.74698922824419,19.150214481895148,28.34868887313962
2025-07-10,USAR,0.18896842,9.79,11.14985,33.932017680259385,2.5832654820340806,8.968730521038399
2025-07-10,LIMN,0.15134096,5.22,6.21645,0.0,0.0,16.086351535040095
2025-07-10,CRML,0.14840996,2.83,3.185,17.97543730600422,0.0,31.39717425431711
2025-07-10,METC,0.14409447,12.7,15.698450000000001,0.0,0.1828356157697216,6.370055642436037
2025-07-10,POET,0.1147542,6.1,6.92,33.3965271934826,4.112121934090244,14.450867052023122
2025-07-11,GAUZ,0.20336127,5.95,6.83,47.55366369024342,0.0,14.641288433382137
2025-07-11,RCAT,0.19469023,6.78,8.141,0.0,6.713479351952833,12.283503255128362
2025-07-11,BTCS,0.14895117,4.29,4.887499999999999,31.22662129983684,7.807068191144948,20.46035805626599
2025-07-11,BTCT,0.14133334,3.75,4.3067,51.15417538947961,2.231438741069295,23.219634522952607
2025-07-14,DARE,2.145129,2.515,6.99545,92.61932012723774,16.079226271172978,14.295006039640052
2025-07-14,YHC,0.34615386,2.6,3.46,0.0,9.585966375258442,28.901734104046245
2025-07-14,HUBC,0.24603176,2.52,2.93,0.0,0.0,34.129692832764505
2025-07-14,SQNS,0.17999995,4.5,5.335,0.0,0.0,18.744142455482663
2025-07-14,HYPD,0.13378692,13.23,14.967500000000001,61.2094394391256,0.0,6.681142475363287
2025-07-15,KC,0.1605035,12.71,14.64615,21.274762740348805,0.713353646512968,6.827732885434056
2025-07-15,PROK,0.15040648,3.69,3.9537500000000003,30.076854048263264,12.581214365320344,25.292443882390135
2025-07-15,QXL,0.1394422,5.02,5.648,0.0,0.0,17.705382436260624
2025-07-15,VNET,0.1373738,7.92,8.809999999999999,16.67006560934555,1.5432754613465514,11.350737797956869
2025-07-15,PMA,0.12103748,3.47,3.7,6.870296307747277,0.0,27.027027027027025
2025-07-16,NUWE,1.74106,6.895,23.52,288.5387734089749,21.617287781458728,4.251700680272109
2025-07-16,DTST,0.3431952,3.38,4.42545,13.735884601680496,7.299580558735916,22.59657210001243
2025-07-16,PEW,0.24129927,17.24,17.424999999999997,0.0,17.93648367336684,5.738880918220948
2025-07-16,BTCS,0.2086438,4.75,5.965,18.83704845820834,15.369859543909811,16.764459346186086
2025-07-16,DPRO,0.19529092,3.61,4.3475,62.89496793717222,18.002819562490583,23.001725129384702
2025-07-17,EMPD,3.415186,9.2243,39.07,11.751269536091758,48.593063120294055,2.5595085743537243
2025-07-17,XXII,0.67248905,4.58,7.4614,14.996453488109974,2.130691976843621,13.402310558340258
2025-07-17,LCID,0.3100437,2.29,2.9875,0.0,17.924869697584718,33.47280334728033
2025-07-17,SRPT,0.22633302,18.38,22.035,31.891033233209416,2.3546224879991073,4.538234626730202
2025-07-17,BTCS,0.15028083,5.76,6.51825,0.0,4.399611470224393,15.341541057799256
2025-07-18,LITS,0.9955554,4.5,6.83415,58.40669744448198,24.175022086865397,14.632397591507356
2025-07-18,BZAI,0.75247526,3.03,4.715,33.249621735043014,27.528575166839115,21.208907741251327
2025-07-18,MESO,0.24797404,12.34,15.1325,6.798434588564606,6.5687681687004345,6.6082934082273255
2025-07-18,LAWR,0.247159,3.52,3.99,15.184917564780607,2.1195529252741037,25.062656641604008
2025-07-18,IH,0.18445599,3.04,3.43,0.0,0.0,29.154518950437318
2025-07-21,GCTK,0.6655232,5.83,8.73,30.179893573792626,0.0,11.45475372279496
2025-07-21,OPEN,0.23555553,2.25,2.8375000000000004,50.30677674856616,10.340503437847499,35.242290748898675
2025-07-21,PWCM,0.20433438,3.23,4.08995,25.249450225603766,6.020806803596127,24.450176652526313
2025-07-21,UAVS,0.17821789,2.02,2.3104,32.932639430928674,21.2492990813693,43.282548476454295
2025-07-21,CD,0.16085267,5.16,5.885,1.1932168182461345,0.0,16.99235344095157
2025-07-22,KSS,0.8954184,10.42,14.455,0.0,9.767762591106747,6.918021445866482
2025-07-22,LCFY,0.2759924,5.29,6.202,53.21961827357618,0.0,16.123831022250886
2025-07-22,GVH,0.257123,7.16,8.9082,73.0955511387516,0.0,11.225612357154082
2025-07-22,OPEN,0.211838,3.21,3.33795,2.1527213688453255,17.220764814399885,29.958507467157986
2025-07-22,NXDR,0.18048787,2.05,2.395,9.614857696777412,0.016900439247850424,41.75365344467641
2025-07-23,PAPL,1.4200001,3.5,7.12,20.968482656979347,6.7133801848225225,14.044943820224718
2025-07-23,DNUT,0.38498783,4.13,4.91555,30.841316147603504,9.05718518948227,20.343603462481312
2025-07-23,IOVA,0.19808304,3.13,3.8049999999999997,51.224553416562735,9.650142037340817,26.28120893561104
2025-07-23,FLWS,0.1548872,6.65,7.573650000000001,0.0,0.0,13.203673261901459
2025-07-23,ATYR,0.13167942,5.24,6.3149999999999995,15.968642486241809,4.094524482200699,15.835312747426762
2025-07-24,BGMS,0.31999993,14.0,17.47735,54.90805998627109,0.0,5.721691217490065
2025-07-24,MXL,0.29242814,15.32,19.09375,0.0,1.0197539620494307,5.237315875613748
2025-07-24,UAVS,0.21380472,2.97,3.3134,51.991515458694124,11.934874996368972,30.180479266010742
2025-07-24,LIMN,0.19783616,6.47,7.39,25.12756342398617,8.84117752139709,13.531799729364007
2025-07-24,ATHR,0.153481,6.32,7.355,20.65220916582009,0.0,13.596193065941536
2025-07-25,LHAI,1.0905862,5.63,12.0115,93.52967281765972,21.67245453323896,8.32535486825126
2025-07-25,HTOO,0.42706132,4.73,7.26,139.04504707641885,5.387692138979576,13.774104683195592
2025-07-25,FRMM,0.3145541,2.13,2.48555,8.02124330126199,13.459384958055232,40.232544104926475
2025-07-25,COUR,0.27202642,9.08,11.943349999999999,62.056623415236835,2.7754539281312125,8.37286021091235
2025-07-25,LIDR,0.18493152,2.92,3.5732,44.448009083036865,40.05951304508009,27.986118885033026
2025-07-28,CELC,2.3376904,13.77,43.306200000000004,82.8900416492345,18.074147454581574,2.309138183447174
2025-07-28,SMX,0.3443395,2.12,2.77565,88.75543778906878,26.85128390197287,36.02759713940878
2025-07-28,CRVO,0.34075725,8.98,11.7725,87.79991836338931,0.0,8.49437247823317
2025-07-28,SUIG,0.31186438,5.9,6.93935,116.51911807065542,14.35521466235355,14.410571595322327
2025-07-28,LIDR,0.20405865,4.435,6.11955,108.84078720024957,20.678580520692563,16.341070830371514
2025-07-29,SRPT,0.31529582,13.86,17.045,41.81250278029107,9.10745950862342,5.866823115283074
2025-07-29,SCNI,0.29024398,2.05,2.91565,98.60835208255783,10.989620310955551,34.297669473359285
2025-07-29,XPRO,0.22222221,9.0,10.745000000000001,22.112864654734665,0.8734507745697495,9.306654257794323
2025-07-29,UAVS,0.14644349,2.39,2.57,21.269685852834492,4.38720202811496,38.91050583657588
2025-07-30,REPL,0.71066666,3.75,6.14,108.45147343981178,33.247294983762636,16.286644951140065
2025-07-30,HAPN,0.27383685,13.11,15.504999999999999,26.175209566845588,0.4439580916101452,6.449532408900355
2025-07-30,VFC,0.20995843,12.4,14.0352,2.220475249918074,1.5755256291899569,7.124943000455996
2025-07-30,SUPX,0.18486345,16.12,18.509,43.39556333300968,0.0,5.402777027392079
2025-07-30,RCON,0.18141592,2.26,2.42,4.552246293071322,0.0,41.32231404958678
2025-07-31,APLD,0.25324023,10.03,13.40705,20.508184292005286,11.53390320364234,7.458762367560351
2025-07-31,INDV,0.19913793,17.4,20.095,0.05901396899042977,0.8827868946679766,4.976362279173924
2025-07-31,MDXG,0.16564417,6.52,7.334849999999999,48.27834112064707,0.0,13.633543971587695
2025-07-31,RSI,0.1550436,16.06,18.4,15.091639571538048,2.9365908138031913,5.434782608695652
2025-07-31,ALHC,0.15384614,13.0,15.665,0.0,0.0,6.383657835939994
2025-08-01,NAMM,0.43939388,3.96,4.827500000000001,68.73977334579877,0.0008414878389218352,20.714655618850333
2025-08-01,FDMT,0.1733334,4.5,5.439,110.43948564897951,17.187197032890058,18.385732671446956
2025-08-01,ATEC,0.13185263,10.58,12.82815,18.671789821741974,1.9514956679765063,7.795356306248367
2025-08-01,FLGT,0.12048888,17.18,18.775,0.0,0.0,5.326231691078562
2025-08-01,SUIG,0.11191332,5.54,5.00375,0.0,0.0,19.985011241568824
2025-08-04,PBM,0.92813563,2.36,4.8895,107.41289708086416,4.316077965496578,20.451988955925962
2025-08-04,VISN,0.7752652,7.79,13.87,46.13328248383779,7.327303137264347,7.209805335255949
2025-08-04,UNIT,0.5417516,4.91,8.057500000000001,0.0,0.0,12.410797393732546
2025-08-04,SNGX,0.5255474,2.74,3.5652999999999997,55.74610499436146,12.991698638857354,28.04813059209604
2025-08-04,SRTA,0.30158734,3.78,4.8755500000000005,63.704829930688355,6.062619702665046,20.510506506958187
2025-08-05,AIP,0.51111114,9.45,13.33005,65.02769142455313,6.9904729993768875,7.501847329904989
2025-08-05,STAA,0.4478097,18.49,26.76005,1.7382023338552606,1.2247292420317846,3.73691379500412
2025-08-05,TCMD,0.3538928,9.89,11.467500000000001,0.0,0.0,8.720296490080662
2025-08-05,AMRC,0.2964071,16.7,22.93,0.0,0.0,4.361098996947231
2025-08-05,CSTL,0.29569197,15.32,20.175,0.0,0.0,4.956629491945477
2025-08-06,MYGN,0.33979332,3.87,5.12005,29.092699780990465,4.470888545328363,19.531059266999346
2025-08-06,CYRX,0.2759645,6.74,8.6339,53.09934936857302,0.0,11.58225135801897
2025-08-06,FLYW,0.26156068,10.38,12.3275,34.03338809350646,1.1050260561880898,8.111944838775097
2025-08-06,GO,0.22503829,13.02,16.85305,0.0,1.3124025089927436,5.933644058493863
2025-08-06,EHTH,0.22324157,3.27,4.375,16.72104281361568,0.0,22.857142857142858
2025-08-07,AVAH,0.36760926,3.89,5.77105,73.34843968872137,0.0,17.327869278554164
2025-08-07,ARHS,0.2566446,9.87,12.586,16.671905753765614,0.0,7.94533608771651
2025-08-07,MATV,0.24132752,6.28,8.1425,0.0,0.0,12.281240405280933
2025-08-07,RUN,0.23484015,9.07,12.004999999999999,28.665283482555527,6.764415299475581,8.329862557267806
2025-08-07,XERS,0.22495449,5.49,6.56,27.67333539755912,0.0,15.24390243902439
2025-08-08,LZ,0.28434885,8.37,11.285,19.414514571308022,1.0712802818542897,8.861320336730172
2025-08-08,REAL,0.27949178,5.51,6.9350000000000005,48.030772804863766,0.0,14.419610670511895
2025-08-08,OPRX,0.26557636,12.84,17.475,69.10230333729709,0.0,5.7224606580829755
2025-08-08,TKNO,0.26267278,4.34,4.9,0.0,0.0,20.408163265306122
2025-08-08,EMBC,0.24521458,10.36,12.11,33.79823297573114,0.0,8.257638315441785
2025-08-11,IMXI,0.63954747,9.28,15.06275,2.193659308195681,1.9061155485284729,6.63889396026622
2025-08-11,AUUD,0.32435083,2.65,3.3055,22.850046346117367,0.007591174314434079,30.252609287551053
2025-08-11,BNC,0.21637416,17.1,21.46085,0.05685291632784619,0.0,4.659647684038609
2025-08-11,TLS,0.20588219,2.38,3.2147,44.27247901421656,10.411766050047785,31.10710175132983
2025-08-11,SGML,0.19209564,5.44,6.5,32.04244204595564,0.5898940487576221,15.384615384615385
2025-08-12,FRMM,0.7904191,3.34,5.44515,67.64624084927448,39.43892168034833,18.364966988971837
2025-08-12,YSXT,0.20704842,2.27,2.7353,0.0,0.0,36.55906116330932
2025-08-12,GDOT,0.20644498,9.93,12.16,5.618451181319907,0.0,8.223684210526315
2025-08-12,SBGI,0.18560278,12.56,14.47,4.026777554919327,0.0,6.91085003455425
2025-08-12,ONDS,0.14868808,3.43,4.0600000000000005,79.37801858047534,12.873238627097814,24.630541871921178
2025-08-13,FRMM,0.40185547,10.24,15.29555,67.21687498887381,4.631745020101256,6.537849243734288
2025-08-13,WBTN,0.36217952,9.36,14.66,3.655680862723411,11.549992664602883,6.8212824010914055
2025-08-13,TGEN,0.24036276,8.82,11.02595,39.022527151754446,0.0,9.069513284569584
2025-08-13,XFOR,0.23643422,2.58,3.0326500000000003,57.30422648529023,30.749211036667514,32.97446127973884
2025-08-13,SMWB,0.19295776,7.1,7.88,1.6345329856045416,0.0,12.690355329949238
2025-08-14,SNOA,0.844692,3.052,5.83,0.0,19.17070871140111,17.152658662092623
2025-08-14,WULF,0.31868124,5.46,7.27755,20.855860022389077,12.360606935385224,13.740888073596198
2025-08-14,JEM,0.2698413,5.04,5.8,0.0,0.0,17.24137931034483
2025-08-14,DLO,0.16536129,11.69,14.2945,11.247698993115671,3.8617497533174476,6.995697645947742
2025-08-14,CINT,0.16460896,4.86,5.39,0.16751841304166726,0.0,18.55287569573284
2025-08-15,PPSI,0.55627024,3.11,5.112500000000001,51.063716830772,6.824368293355382,19.559902200488995
2025-08-15,VBIO,0.45428574,3.5,4.2822,24.508864754744597,3.5506969421198114,23.352482368875815
2025-08-15,KULR,0.18026567,5.27,5.603400000000001,44.351128785001336,4.521329522339667,17.846307598957775
2025-08-15,VIOT,0.15299773,3.73,4.03,11.878477105206468,0.0,24.813895781637715
2025-08-15,AMBO,0.14905143,3.69,3.85,0.0,0.0,25.974025974025974
2025-08-18,PPCB,1.020906,2.87,8.115400000000001,142.6276899098935,31.22321856790604,12.322251521798062
2025-08-18,GDRX,0.24664879,3.73,4.8325,118.69108753639864,14.482923494739882,20.6932229694775
2025-08-18,XNET,0.21126759,6.39,7.5845,0.0,0.4111614988635049,13.184784758388819
2025-08-18,WULF,0.115942,8.97,10.1049,45.24203061490063,9.786575119308504,9.896188977624716
2025-08-18,OTLK,0.111111164,2.34,2.78525,92.40943152454348,0.22306832892234357,35.90341980073602
2025-08-19,LASE,0.8699186,2.46,4.736700000000001,92.0569548485213,26.269690406041658,21.11174446344501
2025-08-19,LIDR,0.1500001,2.6,2.73225,24.33678038303264,11.043786051754283,36.59987190044835
2025-08-19,IOVA,0.12199998,2.5,2.69245,19.464177045508684,11.017772554728525,37.14089398131813
2025-08-19,KYIV,0.116666675,13.5,15.701,31.723738296090218,0.0,6.369021081459779
2025-08-19,TH,0.101863265,8.05,8.6201,1.4120279794039585,0.0,11.600793494275008
2025-08-20,PPCB,0.3365667,3.67,4.818,50.77081195802103,8.52505664626843,20.755500207555002
2025-08-20,RCKT,0.31615114,2.91,3.545,65.02793574080816,16.056378703153932,28.20874471086037
2025-08-20,HTZ,0.123077035,5.2,5.53235,16.61463601931504,5.321248853701898,18.07550136921923
2025-08-21,CNTN,0.38300848,3.59,4.359999999999999,53.060384886919444,32.46333098870301,22.935779816513765
2025-08-21,VELO,0.2056961,3.16,3.5336999999999996,61.98441504647437,0.0,28.29895010895096
2025-08-21,LYTS,0.15888834,19.3,20.7871,17.736237555026154,0.0,4.8106758518504265
2025-08-22,LIMN,0.37769783,2.78,3.4827,34.025415926176436,4.580534665178991,28.713354581215725
2025-08-22,FMFC,0.17891812,7.21,8.44,22.46830566168217,0.0,11.848341232227488
2025-08-25,SKYA,0.549966,7.355,11.4247,72.55279154658872,28.35780466661969,8.752965066916419
2025-08-25,VELO,0.28534698,3.89,4.325,29.905291970630923,0.0,23.12138728323699
2025-08-25,ASST,0.22624433,4.42,5.17995,29.657531389050114,0.0006078155542475192,19.305205648703172
2025-08-25,AEHR,0.16408837,18.1,23.947499999999998,59.51287637415903,0.836306704690163,4.175801231861364
2025-08-25,CGTX,0.12633455,2.81,3.4621500000000003,91.12285581847482,13.72569634725812,28.88378608668024
2025-08-26,PACK,0.2795031,4.83,5.57,58.65732410061602,0.0,17.953321364452425
2025-08-26,SER,0.24113476,5.64,6.87,40.88145146142919,0.0,14.556040756914118
2025-08-26,OPAD,0.14560437,3.64,4.29055,100.63286998471104,30.029787179440973,23.30703522858375
2025-08-26,OTLK,0.13973057,2.97,3.23,41.90350641630199,7.230134139652726,30.959752321981423
2025-08-26,DOMO,0.10621393,13.84,16.4831,2.6749759299301257,0.0,6.0668199549841955
2025-08-27,KSS,0.26194263,13.04,15.92,56.8896665104654,3.789699936193658,6.28140703517588
2025-08-27,SKYA,0.17677295,9.73,11.379999999999999,37.5809754971322,27.32579711729851,8.787346221441126
2025-08-27,VIR,0.12162161,4.44,5.23,14.282042398747896,0.5653475854206078,19.12045889101338
2025-08-27,GOOS,0.109285116,12.17,13.754999999999999,25.659953174150665,0.0,7.270083605961469
2025-08-28,GPRE,0.16683412,9.95,11.2125,0.9073805448068825,0.0,8.918617614269788
2025-08-28,VELO,0.1222707,4.58,5.03,0.0,0.0,19.880715705765407
2025-08-28,SPRC,0.11971831,4.26,4.505,30.164205139620684,0.0,22.197558268590456
2025-08-28,OPAD,0.11904764,3.36,4.11055,44.762179284804304,38.99371196593607,24.327644719076524
2025-08-28,TVTX,0.106651306,17.44,19.1125,0.2741370534973958,0.0,5.232177894048397
2025-08-29,DFNS,0.47425473,3.69,5.0899,60.05342275234499,23.623047017749723,19.646751409654414
2025-08-29,WOOF,0.23219812,3.23,3.838,36.912438681869105,7.3343529010040855,26.055237102657635
2025-08-29,NEO,0.21775305,7.21,8.8748,14.405531538249342,0.0,11.267859557398475
2025-08-29,SOGP,0.17636359,12.5,13.81795,80.1746724225451,19.14718609080952,7.23696351484844
2025-08-29,YDKG,0.17102134,4.21,5.1,0.0,0.0,19.607843137254903
2025-09-02,MLYS,0.46253228,15.48,24.9825,42.90675501727556,6.235326956320307,4.002801961372961
2025-09-02,MNKD,0.32026136,4.59,5.9706,18.312051783338926,6.902830820864616,16.748735470471978
2025-09-02,ULCC,0.14897954,4.9,5.87,12.742115931978434,0.5248365117524751,17.035775127768314
2025-09-03,STI,1.2835364,3.28,6.67995,12.929715891681932,16.29779860906717,14.970171932424645
2025-09-03,JEM,0.51351357,2.22,2.025,41.22985245146792,36.210213395286374,49.382716049382715
2025-09-03,GEG,0.28125,2.56,3.1508000000000003,32.78015142907421,0.0,31.737971308873934
2025-09-03,IPDN,0.24460435,6.95,11.174949999999999,0.0,16.751387126522634,8.948585899713198
2025-09-03,LPTH,0.22606933,4.91,6.0600000000000005,33.64851792795534,0.0,16.5016501650165
2025-09-04,BRIA,0.8870568,2.5599,4.3191500000000005,96.69453626452064,26.878881201994723,23.15270365696954
2025-09-04,HWH,0.40406322,4.43,5.5715,94.94434019335856,9.721957609652849,17.94848783989949
2025-09-04,AEO,0.30339622,13.62,17.84435,20.095259299667703,6.9263221969252715,5.604014716142645
2025-09-05,DLTH,0.15041792,3.59,3.7925500000000003,18.288165372131715,0.0,26.3674836192008
2025-09-05,FBIO,0.14788735,2.84,3.5075,56.74057003964435,11.5570594895665,28.51033499643621
2025-09-05,CIGL,0.116838455,2.91,2.9754,13.337183754124965,0.0,33.608926530886606
2025-09-05,ASST,0.107078075,5.51,5.789949999999999,4.7655400278225315,3.107794978875355,17.271306315253156
2025-09-05,LAWR,0.101382494,2.17,2.38525,0.0,0.0,41.92432659050414
2025-09-08,RAPP,1.6754875,14.36,39.71,59.2804659631535,36.043651361081956,2.5182573659027954
2025-09-08,FWDI,0.8648732,16.355,26.0,173.64552890821338,0.0,3.8461538461538463
2025-09-08,HOUR,0.4642856,3.64,5.06,15.546197982359258,46.810723052249514,19.762845849802375
2025-09-08,QS,0.2831633,7.84,9.92,46.34003998070828,5.762521666167176,10.080645161290322
2025-09-08,MCRB,0.23192143,19.36,21.8829,37.977593318224294,0.0,4.569778228662563
2025-09-09,ZONE,0.48433053,3.51,4.775,0.0,12.257680741809747,20.94240837696335
2025-09-09,MGIH,0.28318584,2.26,2.71,71.66783058232048,0.0,36.90036900369004
2025-09-09,DC,0.11764705,4.59,4.8,17.64857022962534,0.0,20.833333333333336
2025-09-09,WYFI,0.100000024,16.0,18.08495,0.0,0.0,5.529459578268118
2025-09-10,ASST,0.8210987,6.28,12.20505,120.56969500614196,5.998778380031748,8.193329810201515
2025-09-10,DUO,0.1898017,3.53,3.88,0.0,0.0,25.77319587628866
2025-09-10,REVB,0.16309023,2.33,2.68995,4.619178643608445,0.0,37.17541218238257
2025-09-10,MEI,0.14936328,7.4,8.4,0.0,0.0,11.904761904761905
2025-09-10,DAKT,0.14228344,17.43,21.4481,0.0,0.0,4.662417650048256
2025-09-11,MOGU,1.8440001,2.5,6.17495,221.64978353619733,24.186725331823638,16.194463113061644
2025-09-11,MAZE,0.31710362,16.02,23.810000000000002,43.155035805939804,12.042719833985835,4.199916001679966
2025-09-11,OPEN,0.29863477,5.86,8.1936,0.0,17.941730974457506,12.20464752977934
2025-09-11,WLDS,0.2771343,5.18,7.07,73.21662164588483,24.060182057149067,14.144271570014144
2025-09-11,MIMI,0.15999997,9.0,9.299700000000001,23.848259185209734,0.0,10.753035044141207
2025-09-12,HCWB,0.6536144,3.32,5.0,14.139995187749815,11.687799362431312,20.0
2025-09-12,ANGX,0.30384624,13.0,15.29,54.17929627765607,0.0,6.540222367560498
2025-09-12,ADXN,0.2551254,8.78,11.34,0.0,0.0,8.818342151675486
2025-09-12,MGIH,0.23744285,2.19,2.6405000000000003,0.0,0.0,37.871615224389316
2025-09-12,HUIZ,0.23674917,2.83,3.4510500000000004,19.230136306136362,2.731760236088782,28.97668825429941
2025-09-15,HSDT,2.2142856,7.56,21.61,1.1102230246251565e-12,7.6013795472322405,4.6274872744099955
2025-09-15,GLUE,0.5010395,4.81,6.848,0.0,11.881301590132596,14.602803738317757
2025-09-15,AZIO,0.24264717,4.08,4.37,0.0,0.0,22.88329519450801
2025-09-15,RCEL,0.20833337,4.56,5.7935,36.63567455285329,9.750780179268192,17.2607232243031
2025-09-15,KEEL,0.13452911,2.23,2.5491,39.09725958431287,23.85106185155509,39.22953199168334
2025-09-16,WBTN,0.32085562,14.96,19.165,32.42018779014466,4.828804629358689,5.217845030002609
2025-09-16,DFNS,0.22718441,5.15,6.1,15.027499462679728,6.427765963166022,16.393442622950822
2025-09-16,MBAI,0.22439349,2.12,2.58,69.06723376033175,10.406574887161861,38.75968992248062
2025-09-16,JMIA,0.13483143,9.79,11.99,4.217771384704418,1.1805488584334023,8.340283569641368
2025-09-16,ZONE,0.104477644,2.68,2.885,17.179970593146646,0.0,34.662045060658585
2025-09-17,NFE,0.385,2.0,2.6144,63.79717514945973,23.362211560951458,38.24969400244798
2025-09-17,CWD,0.36063004,6.35,8.015,76.04233541394193,6.18547978303869,12.476606363069244
2025-09-17,FGNX,0.24229074,6.81,8.17,56.47932897066606,0.0,12.239902080783354
2025-09-17,ORKA,0.18926167,14.9,17.255000000000003,29.130018618680694,0.0,5.7954216169226305
2025-09-17,QNRX,0.16498697,8.2061,8.825,0.0,0.0,11.3314447592068
2025-09-18,LASE,0.42142856,2.8,3.7065,131.11105357450163,38.22867881161168,26.979630379063806
2025-09-18,NBTX,0.2300787,10.2026,12.2,0.0,0.0,8.196721311475411
2025-09-18,PESI,0.15628827,8.19,9.9244,44.776369755741094,0.0,10.076175889726331
2025-09-18,KEEL,0.1098361,3.05,3.45,43.413562580222056,15.010517025834933,28.98550724637681
2025-09-18,TURB,0.105589986,11.27,11.84275,44.800756784612865,0.0,8.443984716387662
2025-09-19,AGMH,2.134529,2.23,6.95,142.21287086343986,66.65406209976355,14.388489208633093
2025-09-19,ZOOZ,0.948498,2.33,3.52495,78.73141976224568,20.339233506478518,28.369196726194698
2025-09-19,YDKG,0.31896555,3.48,4.3401,17.055801500812766,0.0,23.04094375705629
2025-09-19,MGIH,0.20491803,2.44,2.93,32.10698528299073,0.0,34.129692832764505
2025-09-19,WLDS,0.19491518,4.72,5.92105,1.1213887577311354,0.034828310934570304,16.888896395065064
2025-09-22,AVX,2.0082986,2.41,7.36995,114.8511598406127,32.97828517488817,13.568613084213597
2025-09-22,AIXC,1.9225354,2.84,7.535,12.983899808778135,28.6600797977408,13.271400132714001
2025-09-22,MBX,1.24,10.0,22.07595,84.15057582323823,17.94307557494699,4.5298163838928795
2025-09-22,PLTS,0.77699864,7.13,11.342500000000001,89.87337350213117,2.8274805683805964,8.816398501212253
2025-09-22,BKKT,0.3697319,10.44,12.9129,48.5728713783694,13.152621412870214,7.744193790705419
2025-09-23,SLE,1.3536584,3.28,8.875,18.790266644476432,36.197486812063445,11.267605633802816
2025-09-23,IPDN,0.4685315,2.86,4.45745,43.586341838170696,12.037991647912566,22.434351478984624
2025-09-23,SLNH,0.40714288,2.1,2.5685000000000002,12.49308582625285,21.02166263637933,38.933229511387964
2025-09-23,FLD,0.20876288,3.88,3.6677999999999997,15.225122506787987,5.352314799477292,27.264300125415783
2025-09-23,FLNA,0.1637932,2.32,2.66,5.28369857403676,29.056492690207435,37.59398496240601
2025-09-24,QURE,1.8814056,13.66,39.8125,22.015421883645065,15.846467142054705,2.511773940345369
2025-09-24,SHFS,1.6349695,3.26,8.105,106.25148164828525,17.062281180740694,12.338062924120912
2025-09-24,LAC,0.64657974,3.07,5.63,16.561451130003906,9.450547253877026,17.761989342806395
2025-09-24,CLPT,0.3388158,12.16,18.03,46.72792044571678,16.73432478337896,5.546311702717692
2025-09-24,AQMS,0.33333325,4.05,4.8549500000000005,61.36334893802164,28.163904396183323,20.597534475123325
2025-09-25,PEPG,1.218045,2.66,5.57965,45.01016195064396,13.671746060663029,17.922271110195084
2025-09-25,LUXE,0.15789473,8.17,8.65,37.09588309530858,0.0,11.560693641618496
2025-09-25,LAC,0.12811983,6.01,6.7599,74.04371367962031,13.291338943585739,14.793118241394103
2025-09-25,CAPR,0.10016155,6.19,6.95115,68.9409629965151,0.0,14.386108773368434
2025-09-26,BIAF,0.81231666,3.41,6.17,203.85395432897374,35.0496649519123,16.207455429497568
2025-09-26,DPU,0.5822785,3.16,4.615550000000001,96.46948542216677,0.0,21.66589030559738
2025-09-26,AQST,0.11977184,5.26,5.99455,41.24664011168178,4.846461989322893,16.681819319214952
2025-09-26,IONR,0.10239649,4.59,4.971,0.0,0.0,20.11667672500503
2025-09-29,XTND,0.6291971,6.85,10.89555,123.02360004105257,19.82749539071579,9.178058932316404
2025-09-29,ZURA,0.48962653,2.41,3.1675,5.822836233887675,14.012243927403429,31.570639305445937
2025-09-29,STKH,0.4307692,4.3348,5.9044,2.220446049250313e-12,0.0,16.93652191585936
2025-09-29,IBG,0.30962336,2.39,3.1804,64.44415225347869,0.18564842774929144,31.442585838259337
2025-09-29,AVTX,0.23148143,10.8,13.2,23.091899174796552,0.0,7.575757575757576
2025-09-30,SPRC,0.3183856,4.46,6.425050000000001,131.4283181080529,1.8272313520241168,15.56408121337577
2025-09-30,IBG,0.27301586,3.15,4.137499999999999,168.2795634815162,45.76351744776312,24.169184290030216
2025-09-30,PATH,0.20859873,12.56,14.4,8.27948072617638,6.208407878627091,6.944444444444445
2025-09-30,DPRO,0.18848932,6.95,8.3193,71.89726252445939,16.182499804663642,12.020242087675646
2025-09-30,EFTY,0.16856945,14.89,16.8798,75.72785182414324,0.0,5.924240808540386
2025-10-01,LAC,0.30823112,5.71,6.8075,7.473396640371496,8.079776992863428,14.689680499449137
2025-10-01,UCFI,0.29584348,4.09,6.19,46.27160714911364,,16.15508885298869
2025-10-01,NVA,0.27256095,16.4,18.9925,0.0,0.0,5.2652362774779515
2025-10-01,TWG,0.21688497,6.87,7.69005,0.0,0.0,13.003816620178021
2025-10-01,RZLV,0.21485949,4.98,5.8568,38.144777420796764,6.7935712007846805,17.07417019532851
2025-10-02,CIGL,0.4941634,2.57,3.8649500000000003,36.9950011669292,24.90660024906556,25.873555932159533
2025-10-02,TSHA,0.26886785,3.18,4.3632,65.36401289184703,12.047651136232487,22.91895856252292
2025-10-02,ANGX,0.2577319,7.76,8.9896,56.49355629640855,2.962481652394385,11.123965471211179
2025-10-02,ANGO,0.1499548,11.07,11.74,20.035227663722996,0.0,8.517887563884157
2025-10-03,QCLS,0.20588243,5.1,5.9599,23.741882130505235,0.3343372734208272,16.778805013506936
2025-10-03,PLUG,0.13780928,2.83,3.5344499999999996,14.81880034520033,15.62352056795639,28.29294515412582
2025-10-03,KDK,0.121522665,6.83,7.443849999999999,30.303946217299913,0.0,13.433908528516831
2025-10-03,RUM,0.112313986,7.39,8.43,17.72185318005515,4.547326372352433,11.862396204033216
2025-10-03,DBVT,0.10040808,12.25,13.49,0.0,0.0,7.4128984432913265
2025-10-06,CRML,0.44047618,7.98,13.09,67.50734879079576,53.31010633965105,7.639419404125286
2025-10-06,IONR,0.25789475,4.75,6.1915,72.23360972945768,3.2914736044625803,16.151174997981105
2025-10-06,NIOBW,0.22448981,2.45,3.03,0.0,0.0,33.00330033003301
2025-10-06,BTTC,0.1891892,9.25,10.424949999999999,30.033089117131947,0.0,9.592372145669763
2025-10-06,PLUG,0.1811024,3.81,4.0747,39.53594454318767,11.20850052141584,24.541684050359535
2025-10-07,TMQ,2.4593303,2.09,6.611599999999999,32.5310274623249,14.58192780931775,15.12493193780628
2025-10-07,SMTK,0.31768954,2.77,3.093,0.0,0.0,32.33107015842224
2025-10-07,DVLT,0.30274045,2.08,2.74375,44.452293090295974,23.2446376948436,36.44646924829157
2025-10-07,LXEO,0.27511597,6.47,8.2935,51.3383820674767,0.917019549396358,12.057635497678906
2025-10-07,BTQ,0.20549452,9.1,11.530000000000001,20.79673468286836,5.862232080957621,8.673026886383347
2025-10-08,XBIO,1.7272727,4.29,11.7275,160.14856637423205,19.289814211771997,8.526966531656363
2025-10-08,ALP,1.374552,5.58,11.8,141.45915670867737,22.65013126945395,8.47457627118644
2025-10-08,ACXP,0.67132866,4.29,6.805,47.09251048230266,8.526689021212649,14.695077149155034
2025-10-08,UPC,0.4332688,5.17,7.955,35.72642013406674,31.907674081142417,12.570710245128849
2025-10-08,CRMLW,0.4112426,3.38,4.61,0.0,0.0,21.691973969631235
2025-10-09,TTRX,2.5307143,7.0,22.933500000000002,0.0,49.286075725373834,4.3604334270826515
2025-10-09,AMBO,0.45938385,3.57,4.8969,15.940715468700922,0.0,20.421082725806123
2025-10-09,BAOS,0.44410884,3.31,4.74505,38.64138107938185,2.0219219913019963,21.07459352377741
2025-10-09,DMRA,0.43755877,10.65,15.43615,0.0,4.744202463479617,6.478299316863337
2025-10-09,SUGP,0.21764708,6.7995,8.25505,0.0,0.0,12.113797009103518
2025-10-10,OLOX,0.71296287,3.24,5.7195,57.5069160590114,13.825752993900334,17.48404580820002
2025-10-10,YDDL,0.50369,5.42,7.544499999999999,34.947824590247485,0.0,13.254688846179338
2025-10-10,LFS,0.47909975,3.11,4.144,2.5492363585341193,0.0,24.13127413127413
2025-10-10,FMFC,0.41962183,8.46,10.80895,0.0,0.0,9.251592430347074
2025-10-10,YHGJ,0.33333337,6.0,8.3506,85.32052513712314,0.0,11.975187411682993
2025-10-13,PMAX,0.93822396,2.59,4.55,60.88444439047384,12.373767845696346,21.978021978021978
2025-10-13,GWH,0.39423084,4.16,6.452,74.57794978079816,80.47587448022121,15.499070055796652
2025-10-13,ACON,0.2579676,8.5972,10.52,4.600879103643008,0.0,9.505703422053232
2025-10-13,IMSRW,0.22699392,8.15,9.7,0.0,0.0,10.309278350515465
2025-10-13,UAMY,0.20311213,12.21,14.364999999999998,11.1089577600443,7.248863858941301,6.961364427427776
2025-10-14,GWAV,1.0164511,8.51,19.66,124.24238902488626,30.583789056857906,5.08646998982706
2025-10-14,ELAB,0.85988486,5.21,9.715,40.82669577510643,10.000687917205706,10.29336078229542
2025-10-14,AQMS,0.70534813,9.91,16.5,63.4614193784629,64.00388788859466,6.0606060606060606
2025-10-14,CRMLW,0.5468497,12.38,16.19995,0.0,0.0,6.1728585582054265
2025-10-14,AKA,0.38990068,10.4324,13.9436,0.0,0.0,7.171749046157377
2025-10-15,OMER,1.8268294,4.1,10.563649999999999,59.33559045260414,19.524262236477597,9.466424957282758
2025-10-15,SDOT,1.1194603,5.19,11.5352,88.10304298495873,14.533630244636885,8.669117137110756
2025-10-15,VERI,0.45146525,5.46,8.4775,27.26382974331809,4.55675935189482,11.795930404010617
2025-10-15,IBG,0.43167698,3.22,4.475,60.126856916053946,0.0,22.346368715083802
2025-10-15,RKDA,0.39837396,3.69,5.1597,75.41669395727124,2.7974984943276855,19.380971761924144
2025-10-16,RYOJ,1.0714285,2.17,4.20495,56.271562792871734,11.273014157238523,23.78149561825943
2025-10-16,CRMLW,0.28406286,12.11,12.625,0.0,0.0,7.920792079207921
2025-10-16,AQMS,0.23744619,13.94,17.97825,144.57689340481522,20.056021439330802,5.562276639828682
2025-10-16,IMSRW,0.1965065,11.45,12.62,0.0,0.0,7.9239302694136295
2025-10-16,QNRX,0.17878187,15.27,16.2,0.0,0.0,6.172839506172839
2025-10-17,ARTV,1.0180507,2.77,5.52,64.9318704697738,26.51877176096887,18.115942028985508
2025-10-17,ACHV,0.28896105,3.08,3.9450000000000003,90.23610555476502,0.0035924432534996157,25.348542458808616
2025-10-17,OLOX,0.23701298,3.08,4.02275,86.93247350518638,0.36460230152576895,24.858616617985206
2025-10-20,REPL,1.042222,4.5,9.18,41.599419686974926,13.398996370389067,10.893246187363834
2025-10-20,GSIT,0.47637796,5.08,8.980350000000001,0.0,50.36186558924624,11.135423452315331
2025-10-20,FGI,0.27100837,4.76,6.0032499999999995,12.020416477695592,3.854828907722809,16.657643776287845
2025-10-20,ABAT,0.24020624,4.85,6.22325,32.32776562255607,4.024308442680787,16.06877435423613
2025-10-20,DGNX,0.19391894,14.8,15.864999999999998,0.0,0.0,6.303183107469272
2025-10-21,AMCI,0.5625,8.32,13.8525,99.85424199751019,0.0,7.218913553510197
2025-10-21,RYOJ,0.28152633,3.8,4.7768,0.0,21.845253128993527,20.934516831351534
2025-10-21,GSIT,0.20894372,12.97,14.4925,71.71856178205172,0.0,6.900120752113162
2025-10-21,VELO,0.14418209,5.93,6.434,0.0,0.0,15.54243083618278
2025-10-21,EOSE,0.13424385,15.01,16.2299,0.0,7.130668389405957,6.161467415079575
2025-10-22,BYND,0.70442,3.62,5.9175,51.95538399928885,42.50542923371346,16.89902830587241
2025-10-22,FLWS,0.32233012,5.15,6.3256499999999996,120.33656953544669,2.9520015620519318,15.808652075280802
2025-10-22,DNUT,0.254717,3.71,4.6775,96.729840680118,13.665349354915989,21.378941742383752
2025-10-22,WOK,0.25,3.92,4.74465,65.80833178109329,0.0,21.076370227519416
2025-10-22,RANI,0.24912286,2.85,3.4074999999999998,0.0,18.683889073701202,29.3470286133529
2025-10-23,SLMT,0.47305393,8.35,11.08995,79.01287255605156,0.0,9.017173206371535
2025-10-23,OLOX,0.34210527,2.28,3.2012,30.93186513664925,8.315152526006628,31.23828564288392
2025-10-23,BIOA,0.32231402,6.05,8.07,38.768058741913094,0.0,12.391573729863692
2025-10-23,GTX,0.18734801,12.51,15.235,0.0,0.0,6.563833278634723
2025-10-23,CLB,0.17989016,12.77,15.0,0.5171868901336071,0.0,6.666666666666667
2025-10-24,AIXC,0.6402266,3.53,5.0225,79.6651742379105,12.659252203514159,19.91040318566451
2025-10-24,NEUP,0.5555556,4.05,7.0,187.50711037246012,30.589600096782704,14.285714285714286
2025-10-24,BYND,0.1672535,2.84,3.0359,5.110900291933655,21.340924090253345,32.939161368951545
2025-10-24,ARTV,0.15702474,4.84,5.225,0.0,0.0,19.138755980861244
2025-10-24,GRND,0.14838207,12.67,15.70965,23.499299287175635,0.9608757310106806,6.365514190322509
2025-10-27,CLIK,0.72141695,6.21,9.385,79.74188466430134,17.236325522281923,10.655301012253597
2025-10-27,BBAR,0.43852913,10.11,14.3975,48.15931166006049,0.9001309048507706,6.945650286508074
2025-10-27,DYN,0.36682236,17.12,24.275,0.0,2.2248174295923184,4.11946446961895
2025-10-27,SUPV,0.36255574,6.73,9.917549999999999,30.636538155285535,2.4068170383004164,10.083135451800093
2025-10-27,CEPU,0.31693125,9.45,12.83,37.176564134470425,0.0,7.79423226812159
2025-10-28,NBTX,0.20026529,15.08,17.835,0.0,0.0,5.60695262125035
2025-10-28,HELP,0.16743469,6.51,7.32,46.010579958018276,0.0,13.66120218579235
2025-10-28,IMSRW,0.1457144,7.0,6.84,0.0,0.0,14.619883040935672
2025-10-28,ARQT,0.14562118,19.64,23.72,34.58351205831262,6.2486315896728835,4.2158516020236085
2025-10-28,SEV,0.10911429,7.79,7.29,0.0,0.0,13.717421124828531
2025-10-29,PUMP,0.23287666,7.3,9.37415,4.6109155873582175,7.9076621719924365,10.667633865470469
2025-10-29,FUBO,0.18131864,3.64,3.9514,0.0,14.649841692112696,25.307485954345296
2025-10-29,GNTA,0.14999998,2.4,2.775,20.9487080645713,0.0035437499806062213,36.03603603603604
2025-10-29,NPWR,0.13043475,3.45,3.935,36.108038819519145,0.002475086247182917,25.412960609911053
2025-10-29,WKEY,0.10946274,12.47,13.3805,34.7580967336812,2.163055727613518,7.4735622734576435
2025-10-30,TECX,0.25886142,18.62,23.115000000000002,33.03953033612713,5.403101161914461,4.326195111399524
2025-10-30,GPRK,0.2226994,6.6,7.922499999999999,6.172354403038489,0.0,12.622278321236983
2025-10-30,MAX,0.19064748,11.12,12.735,10.828820428140066,0.0,7.852375343541421
2025-10-30,ARBB,0.18333328,6.0,7.35375,0.0,0.0,13.5985041645419
2025-10-30,EBS,0.15531921,9.4,12.1617,2.578446976086888,6.981748060650865,8.222534678540008
2025-10-31,GETY,0.522388,2.01,2.84255,54.423622992677295,27.658600335281033,35.17968021670683
2025-10-31,ARDX,0.28343308,5.01,6.28,0.0,4.47994492649683,15.92356687898089
2025-10-31,ATEC,0.22627068,16.33,19.7125,30.321606762699794,0.45804884919407796,5.072923272035511
2025-10-31,DPU,0.20401335,2.99,3.4278500000000003,0.0,0.0,29.17280511107545
2025-10-31,FIP,0.1860044,5.11,5.7675,9.759749283527885,0.0,17.338534893801473
2025-11-03,CRBU,0.40495872,2.42,3.0324999999999998,48.48519200866555,21.151413154373415,32.97609233305854
2025-11-03,AREC,0.28303874,3.85,4.44495,22.940605859428636,3.959568693781153,22.49744091609579
2025-11-03,CIFR,0.23002684,18.65,23.580750000000002,21.336889059649454,5.965331327646694,4.240747219660104
2025-11-03,LGCL,0.20072997,2.74,3.14,20.676662833501613,0.0,31.84713375796178
2025-11-03,KVUE,0.18745446,14.37,16.770000000000003,0.4313832927772418,3.5182338954218477,5.963029218843171
2025-11-04,TCMD,0.3506657,15.77,23.184649999999998,89.03920703673538,0.14256488523375377,4.313198603386293
2025-11-04,IHRT,0.23024046,2.91,3.4725,56.793691288677444,8.463237620477258,28.797696184305256
2025-11-04,UPWK,0.20473444,15.63,17.575000000000003,49.54679817589577,0.0,5.689900426742531
2025-11-04,HTZ,0.16194332,4.94,6.125,32.16079082186549,12.425060921278948,16.3265306122449
2025-11-04,SGHC,0.12211895,10.56,11.82,0.0,0.0,8.460236886632826
2025-11-05,APPS,0.3471284,5.92,7.56785,66.4313033182613,4.215165283040214,13.213792556670652
2025-11-05,BW,0.28208554,3.74,5.23,49.763770611979915,5.8966836582434405,19.12045889101338
2025-11-05,NPCE,0.23723412,9.4,12.01,0.0,1.5637710431642462,8.32639467110741
2025-11-05,RVLV,0.1831832,19.98,22.9,44.77458044337835,0.0,4.366812227074236
2025-11-05,OSS,0.18008482,4.72,5.33,6.105511699572695,0.0,18.76172607879925
2025-11-06,STGW,0.38981295,4.81,6.401,0.0,6.687184758250252,15.622558975160132
2025-11-06,FWRD,0.24024868,17.69,21.725,1.329139635794047,0.0,4.602991944764097
2025-11-06,MQ,0.2321428,4.48,5.1625,17.792792570351423,4.024156603281888,19.37046004842615
2025-11-06,FSLY,0.20198262,8.07,10.3159,40.543934059191486,4.621991264030527,9.693773689159453
2025-11-06,LZ,0.1921376,10.175,10.9475,0.0,0.0,9.134505594884677
2025-11-07,MSGM,1.0799086,2.19,4.1693999999999996,73.69448215327462,18.18709914025444,23.984266321293234
2025-11-07,ORGO,0.31362462,3.89,5.33385,56.7631110263711,13.448324790518749,18.74818376969731
2025-11-07,HLLY,0.23076916,2.73,3.39635,14.720219987840919,11.212795966877477,29.44337303281464
2025-11-07,TNDM,0.2003001,13.33,16.195,0.0,0.0,6.1747452917567145
2025-11-07,NATR,0.19227982,13.73,16.34,0.0,0.0,6.119951040391677
2025-11-10,COGT,1.2105262,14.82,32.5875,47.6073912137233,6.329382072841725,3.068661296509398
2025-11-10,SOC,0.29775274,5.34,6.89,46.55270985073674,3.081308437111269,14.51378809869376
2025-11-10,VFF,0.15202701,2.96,3.44,16.049055818841023,0.0,29.069767441860467
2025-11-10,PRTH,0.14989734,4.87,5.95,19.32557567270682,0.0,16.80672268907563
2025-11-10,NVA,0.14092445,8.87,10.2325,44.850303873776085,0.0,9.772782799902272
2025-11-11,BBAI,0.21891415,5.71,6.62765,43.824788003763004,8.938131691421606,15.088304300921141
2025-11-11,REAL,0.21231043,11.21,13.922899999999998,21.12865194076342,2.580934856976361,7.182411710204053
2025-11-11,CYCU,0.21200001,2.64,3.335,33.73526734974646,1.5837706804185554,29.985007496251875
2025-11-11,PUBM,0.2026143,7.65,10.0625,67.5869463714232,3.722306216821463,9.937888198757763
2025-11-11,BODI,0.20119524,5.02,5.44245,50.73419526071735,0.0,18.374077850967854
2025-11-12,MH,0.1715039,11.37,13.075,14.253418183484813,0.0,7.648183556405354
2025-11-12,PAL,0.12765956,6.58,8.0725,16.971770394867185,0.0,12.387736141220193
2025-11-12,KOPN,0.125,2.8,3.1675,0.0,0.0,31.570639305445937
2025-11-12,IHS,0.12481427,6.73,7.15,14.845999222621561,0.0,13.986013986013985
2025-11-13,OLOX,0.36401665,2.39,3.35495,77.49520843671176,18.459131975181336,29.806703527623363
2025-11-13,FLY,0.23812127,18.31,21.814,2.7457647407599857,7.316412412015477,4.584211973961676
2025-11-13,LVLU,0.22290397,4.89,5.7555499999999995,4.717109279705708,0.0,17.37453414530323
2025-11-13,CURI,0.18880093,3.76,4.84,42.90069306064992,0.0,20.66115702479339
2025-11-13,CLBT,0.17720723,15.97,19.4,0.0,0.0,5.154639175257732
2025-11-14,OWLT,0.11220479,10.16,11.27,2.2112872559819863,0.0,8.873114463176575
2025-11-17,SGML,0.35478544,6.06,7.191050000000001,0.0,3.932334532261394,13.90617503702519
2025-11-17,ZYME,0.2960043,18.52,24.815,0.0,2.0994177529962577,4.029820672980052
2025-11-17,PACS,0.21455586,10.58,13.997150000000001,20.481864112335806,6.243739412884505,7.144311520559542
2025-11-17,SSP,0.20588243,3.06,3.65,0.0,0.0,27.397260273972602
2025-11-17,TNXP,0.13836479,15.9,16.681350000000002,5.3434645385523005,0.0,5.9947186528668235
2025-11-18,OLMA,2.1050467,8.52,21.323999999999998,31.18974066549154,24.665146189883423,4.689551678859502
2025-11-18,DGNX,0.19205308,13.59,15.941199999999998,67.67059673345773,0.0,6.273053471507792
2025-11-18,ARVN,0.16847825,11.04,12.94,5.472306016787259,4.192285789376451,7.727975270479135
2025-11-18,GRRR,0.1434232,12.62,13.27,44.89838370657797,0.0,7.535795026375283
2025-11-18,CLIK,0.12850809,6.77,7.35,20.14228780312773,0.0,13.60544217687075
2025-11-19,KZIA,0.34027767,5.76,8.1522,74.58106767880959,7.878995912816187,12.266627413458943
2025-11-19,OLOX,0.21700883,3.41,4.3155,77.69257897178078,24.980489017187235,23.17228594600857
2025-11-19,SGML,0.14543104,7.77,10.015,51.763161575054156,6.711423360025849,9.98502246630055
2025-11-19,ANNX,0.118749976,3.2,3.65425,3.741533019308927,2.431082549505374,27.365396456181156
2025-11-19,CORZW,0.11339092,9.26,9.7,0.0,0.0,10.309278350515465
2025-11-20,PACS,0.52644086,16.83,26.81505,10.066562171402026,4.733165215598389,3.729249059763081
2025-11-20,MAGN,0.3819095,7.96,11.439,43.47188376544589,0.5637379059576841,8.74202290410001
2025-11-20,CRNC,0.3232323,7.92,10.95,41.973206526982445,5.035680071491578,9.132420091324201
2025-11-20,NNOX,0.1815182,3.03,3.81535,26.64141083339708,0.0,26.209915210924294
2025-11-20,ALLT,0.17096019,8.54,9.789,6.063501130962631,0.0,10.215548064153642
2025-11-21,NVRI,0.36698592,13.57,17.7081,27.88473945149921,0.43377461974158804,5.647133232814361
2025-11-21,MNDR,0.27796054,3.04,3.9125,26.115845713600706,24.763803700126658,25.559105431309902
2025-11-21,MFI,0.24412298,11.06,11.715,0.0,0.0,8.536064874093043
2025-11-24,MFI,0.20701766,11.4,14.215,43.098094145343225,0.0,7.034822370735139
2025-11-24,OSCR,0.20548964,13.48,16.2825,32.11090884886729,4.167418529337689,6.141563027790573
2025-11-24,EPSM,0.15598893,3.59,4.424799999999999,44.87528866888546,0.0,22.599891520520703
2025-11-24,BGDE,0.123595595,4.45,4.7477,0.0,0.0,21.062830423152263
2025-11-25,BNED,0.28850782,6.69,9.195,71.79411900777747,0.0,10.87547580206634
2025-11-25,KSS,0.23903072,15.73,20.6475,16.893100979189665,4.674904464737295,4.84320135609638
2025-11-25,FLNC,0.14841771,15.8,15.8483,0.0,5.95739369938107,6.309825028551958
2025-11-25,FLNA,0.113793015,2.9,3.1525,6.194029688052521,0.0,31.720856463124505
2025-11-25,BGDE,0.109803915,5.1,4.82,37.69653772060485,0.0,20.746887966804977
2025-11-26,WOOF,0.19865322,2.97,3.3825,0.0,3.0718387808294607,29.563932002956395
2025-11-26,ALP,0.17199993,2.15,2.08495,26.678760454852586,0.0,47.96278088203554
2025-11-26,AEHL,0.14687502,3.2,3.34,93.62822182298663,10.62731191913206,29.940119760479043
2025-11-28,SMX,0.9252893,17.4,36.18,27.27113415898272,29.28537835568761,2.7639579878385847
2025-11-28,TMC,0.12521446,5.83,6.4575,37.14742515971012,0.0,15.485869144405731
2025-12-01,APUS,0.1448276,2.9,2.5949999999999998,0.0,0.0,38.53564547206166
2025-12-01,GEOS,0.10782087,13.17,14.675,0.0,0.0,6.814310051107325
2025-12-02,TAOP,0.4532709,2.14,2.7548500000000002,13.997767408554195,6.400983012460153,36.299617039040236
2025-12-02,XXI,0.15611064,11.21,13.375,8.247402759754912,0.0,7.4766355140186915
2025-12-02,FRMM,0.12460399,9.47,10.48,12.771075512999818,0.0,9.541984732824426
2025-12-02,CDLR,0.11531842,17.43,19.4,0.0,0.0,5.154639175257732
2025-12-03,KXIN,0.28709674,3.1,4.00995,0.0,0.0,24.93796680756618
2025-12-03,PMAX,0.28634357,2.27,2.7670500000000002,15.471272278619445,0.0,36.13957102329195
2025-12-03,AHMA,0.18285716,12.25,15.52625,72.20630583609979,0.0,6.440705257225667
2025-12-03,POET,0.15170944,4.68,5.3,42.96148969828206,3.04106743362305,18.867924528301888
2025-12-04,PLRZ,1.3004229,7.09,16.95245,95.06594910454253,28.641071492897947,5.898852378269808
2025-12-04,QCLS,0.17344749,4.67,6.1091,113.15434062484033,37.094169513334236,16.369023260382054
2025-12-04,FLYE,0.14318705,8.66,9.6195,0.0,0.0,10.395550704298559
2025-12-05,NEXR,0.34000003,2.5,3.0791,43.69917648091191,11.307428008426115,32.477022506576596
2025-12-05,FTH,0.19034088,10.56,12.01,0.0,0.0,8.32639467110741
2025-12-05,BGL,0.1347518,4.23,4.3259,0.0,0.0,23.11657689729305
2025-12-05,LGHL,0.10958898,4.38,4.737500000000001,25.052603976910746,0.0,21.10817941952506
2025-12-08,CETX,1.6482086,3.07,8.03,0.0,56.007999048203,12.453300124533003
2025-12-08,WVE,0.712283,7.49,13.8825,4.277452505624874,21.951891284112023,7.203313524221142
2025-12-08,TWG,0.58236265,6.01,9.63505,24.15423760975726,40.537064670408235,10.378773332779799
2025-12-08,FULC,0.45617986,8.9,13.801300000000001,34.56835015967696,13.375440544048697,7.245694246194199
2025-12-08,BDRX,0.43849206,5.04,7.70945,152.08272543173908,0.3669431135214712,12.971093917205508
2025-12-09,XCUR,0.7223265,5.33,8.8,40.94764540977541,12.468806837475636,11.363636363636363
2025-12-09,AMCI,0.32697678,7.8449,13.298449999999999,227.9049721846693,10.734424858501447,7.519673345389877
2025-12-09,VOR,0.2625599,8.36,9.55,63.83330983512461,23.38688163849498,10.471204188481675
2025-12-09,MAMA,0.24686933,11.18,13.59,15.919661756850214,0.6186067645149093,7.358351729212656
2025-12-09,TROX,0.24013066,3.75,5.0827,29.36036870224905,5.5409017453292915,19.67458240698841
2025-12-10,ASPC,1.480916,10.48,36.495000000000005,0.0,0.0,2.7401013837511985
2025-12-10,ENVB,0.9695946,5.92,11.633500000000002,81.71249698795974,35.672215685931434,8.595865388748011
2025-12-10,NXDR,0.34328365,2.01,2.5861,0.0,16.999008926373975,38.66826495495147
2025-12-10,BDRX,0.2285012,4.07,5.41,66.10544284699043,10.530245093415408,18.484288354898336
2025-12-10,VELO,0.21547806,6.59,7.496449999999999,52.01380325053142,0.0,13.339647433118344
2025-12-11,BGDE,0.26865673,6.7,9.5075,161.4120338020865,51.06691365551769,10.51801209571391
2025-12-11,PL,0.22024739,12.94,16.18,39.2530930190951,6.162227763666123,6.180469715698393
2025-12-11,BQ,0.19000006,2.0,2.3675,0.0,0.0,42.23864836325237
2025-12-11,NXDR,0.166008,2.53,3.34,45.530564968207166,14.892256378986263,29.940119760479043
2025-12-11,OCG,0.14942586,8.7,7.4216,0.0,22.801662031937965,13.474183464482053
2025-12-12,TLRY,0.38078296,8.43,11.070250000000001,64.95939829487287,3.1592881219269437,9.03321966531921
2025-12-12,NX,0.32616007,15.08,17.814999999999998,12.212187814796067,0.0,5.61324726354196
2025-12-12,JZXN,0.28596795,5.63,7.335,53.705253397422865,0.0,13.6332651670075
2025-12-12,VIVO,0.20472443,2.54,3.035,18.714775000177497,0.0,32.948929159802304
2025-12-12,RENT,0.19182944,5.63,6.8258,45.92009533130304,0.0,14.65029740103724
2025-12-15,KYTX,0.38952172,8.78,12.213999999999999,49.99563374661349,4.483312169132199,8.187326019322091
2025-12-15,AMCI,0.33579326,2.71,3.925,73.40476801776065,47.549203322166655,25.477707006369428
2025-12-15,MIST,0.20746887,2.41,2.3626,0.0,17.458854536654012,42.32625074070939
2025-12-15,GLSI,0.2050327,10.73,12.7213,68.40487098724142,0.0,7.860831833224593
2025-12-15,IMNM,0.17118037,19.57,24.35,42.524026751572656,5.559838380887429,4.1067761806981515
2025-12-16,AMCI,0.6478679,7.27,12.29395,101.61606944506038,31.641153967262547,8.134082211168908
2025-12-16,RZLV,0.29094827,2.32,2.8499499999999998,0.0,17.86867003162931,35.08833488306813
2025-12-16,RILY,0.27150536,3.72,4.5743,13.759545787251936,4.281018949626167,21.861268390792034
2025-12-16,BDRX,0.22384942,4.78,6.7589500000000005,56.51796201729726,0.0,14.795197478898348
2025-12-17,DBVT,0.40711904,17.98,23.82,31.055616413447588,0.0,4.198152812762385
2025-12-17,ZSTK,0.18665159,8.84,9.65,0.0,0.0,10.362694300518134
2025-12-17,BEAT,0.15116274,3.44,3.7622,52.35163148550947,9.83429645948038,26.58019244059327
2025-12-17,COUR,0.11335015,7.94,8.577,4.4070361911568705,0.7670585353496217,11.659088259298123
2025-12-17,ATLX,0.1017369,4.03,4.2258,0.0,0.0,23.664158265890485
2025-12-18,SOC,0.5246211,5.28,8.63675,58.93522134033645,8.864600040013176,11.578429386053783
2025-12-18,DJT,0.28319013,10.47,13.9895,41.79327076152802,6.63938306801045,7.148218306587084
2025-12-18,IA,0.25295734,10.99,13.905,18.622440134962265,0.0,7.191657677094571
2025-12-18,SPAI,0.2198143,3.23,3.65,77.30148084096152,0.0,27.397260273972602
2025-12-18,FCEL,0.17594934,7.9,10.379850000000001,26.724776872840806,0.0,9.634050588399639
2025-12-19,RDAC,0.25120306,10.39,12.83525,3.207378954371495,0.0,7.791044194698194
2025-12-19,WYFI,0.18881118,14.3,16.5325,48.30856633745856,0.0,6.04869197036141
2025-12-19,OLOX,0.12448132,2.41,2.63745,25.13178288449834,0.0,37.915410718686616
2025-12-19,DJTWW,0.1010499,7.62,8.755,9.106346253410782,0.0,11.422044545973728
2025-12-22,AZI,0.66999996,2.5,3.8578,23.4020288159692,7.432007658605269,25.921509668723104
2025-12-22,HYMC,0.27496946,16.42,23.66,77.23522875469361,9.865898401663904,4.22654268808115
2025-12-22,ADEA,0.26871562,12.77,15.87425,6.514497952971782,0.0,6.299510213080933
2025-12-22,FJET,0.15545595,6.69,8.8631,0.0,45.52037919424547,11.282734032110662
2025-12-22,VELO,0.15420127,10.83,13.48,37.46242884922301,0.0,7.4183976261127595
2025-12-23,XTND,0.1975398,13.82,15.93495,0.0,0.0,6.275513886143352
2025-12-23,SOC,0.16184211,7.6,8.379999999999999,0.0,12.139682505268437,11.933174224343677
2025-12-23,PXLW,0.1348685,6.08,6.657500000000001,0.0,0.0,15.02065339842283
2025-12-26,SIDU,0.36363637,2.2,3.06995,45.50764948346662,31.306939582535943,32.57382042052802
2025-12-26,PBK,0.125,2.0,2.02,0.0,0.0,49.504950495049506
2025-12-26,AMCI,0.10160422,9.35,10.078050000000001,15.498179603983479,21.30951534918387,9.922554462420804
2025-12-29,TII,0.16718268,3.23,3.4069,30.33185817283326,0.0,29.352197011946345
2025-12-30,CHRN,0.6025641,5.46,8.440999999999999,73.33926337913904,39.91145571025564,11.846937566639026
2025-12-30,CETX,0.36492884,2.11,3.1122,2.4293446563959944,17.944129558691,32.131611078979496
2025-12-30,FLYE,0.28098392,5.285,6.6974,33.98904956292985,0.0,14.931167318660973
2025-12-30,SIDU,0.14591444,2.57,2.9775,62.59323845825955,20.57848873429257,33.58522250209908
2026-01-02,ANGH,0.58189666,2.32,3.6541,16.152995451514187,0.0,27.366519799677075
2026-01-02,IRWD,0.37987983,3.33,5.24995,48.18915513665735,7.7712277881785905,19.04780045524243
2026-01-02,SIDU,0.36891377,2.67,3.6799999999999997,66.73912633051553,22.810586032781146,27.17391304347826
2026-01-02,SLS,0.3444109,3.31,4.5035,76.876215496885,13.632661409017873,22.204951704230044
2026-01-02,NUAI,0.24472582,2.37,2.8677,0.0,0.00596220626099461,34.8711510966977
2026-01-05,MNTS,0.7247387,5.74,10.317499999999999,98.99530277060501,20.746332141379646,9.692270414344561
2026-01-05,GHRS,0.42114055,13.24,17.7436,44.869974195091935,0.7122479383091388,5.635834892580987
2026-01-05,KZIA,0.18000007,5.0,5.61,0.0,0.0,17.825311942959
2026-01-05,ASTI,0.17487681,4.06,5.016500000000001,9.763644667431207,2.827826305158923,19.934217083624038
2026-01-05,ALT,0.16666663,3.51,4.3219,0.0,6.3223664137328806,23.13797172539855
2026-01-06,ALMS,1.6714802,8.31,19.42255,44.12592239203452,11.689390661027202,5.148654527855508
2026-01-06,AZI,0.537037,2.16,3.105,60.296895965610126,52.53617810482075,32.2061191626409
2026-01-06,WVE,0.26999998,15.0,17.485,33.35444324667895,7.265219767454374,5.719187875321705
2026-01-06,AEVA,0.25744832,13.09,17.11505,65.05208001515658,16.281724206577586,5.842810859448264
2026-01-06,IMSR,0.2353363,6.99,8.75,56.70833652108566,6.816180639838216,11.428571428571429
2026-01-07,GLUE,0.36851966,16.01,23.15005,75.02059414453117,4.382407119702233,4.319645097958752
2026-01-07,AZI,0.20867205,3.69,4.2584,56.005604042463,0.0,23.482998309224122
2026-01-07,MNTS,0.19023395,9.83,12.5931,64.28241853738282,28.275389547322362,7.940856500782174
2026-01-07,MBLY,0.15681446,12.18,13.162500000000001,11.01923564433939,2.388128643830728,7.597340930674263
2026-01-08,MLTX,0.4340124,11.29,14.89735,28.532569936916968,1.8068947516489142,6.712603248228712
2026-01-08,ASPC,0.3616891,16.34,20.525,0.0,0.0,4.8721071863581
2026-01-08,NEOG,0.25203252,7.38,9.6875,0.0,1.4067504181057322,10.32258064516129
2026-01-08,SER,0.23553717,2.42,2.725,0.0,0.0,36.69724770642202
2026-01-08,SMPL,0.112287045,19.37,20.605,3.3820620082258754,0.0,4.85319097306479
2026-01-09,CETX,0.31034482,2.9,3.7925,12.829664734748436,14.898638042523853,26.367831245880026
2026-01-09,LDI,0.15163934,2.44,2.90235,24.218445415270505,9.022386827201219,34.45483832067118
2026-01-09,KUST,0.15140843,2.84,2.99915,8.7496939366504,0.0,33.342780454462094
2026-01-09,ICON,0.13975155,3.22,3.47515,7.857154302526667,0.0,28.775736299152552
2026-01-09,ASPI,0.12732923,6.44,7.875,23.60589957385477,1.7412846587283701,12.698412698412698
2026-01-12,OM,0.42324555,4.56,5.53,13.38931120197815,3.6827725836666505,18.083182640144663
2026-01-12,INBS,0.2834822,17.92,22.2725,51.40102969396803,0.0,4.489841733078909
2026-01-12,RXST,0.16515839,8.84,10.44,0.0,0.0,9.578544061302683
2026-01-12,KC,0.15698719,11.02,12.72,7.690962575721496,0.0,7.861635220125786
2026-01-12,OSS,0.13135076,8.07,9.125,25.59686295218211,6.113419570473875,10.95890410958904
2026-01-13,AZIO,0.32669318,2.51,3.0275,114.40143841830118,60.848344112053056,33.03055326176714
2026-01-13,OSS,0.14545465,10.45,11.6675,0.0,0.21513689524110452,8.570816370259267
2026-01-13,PDYN,0.13875592,6.27,7.194000000000001,0.0,3.2388476433168276,13.900472616068944
2026-01-13,KELYA,0.13495624,9.56,10.0,0.0,0.0,10.0
2026-01-14,AZI,0.16225159,3.02,3.82,114.07297390715817,6.847625364507831,26.17801047120419
2026-01-14,KULR,0.15942025,3.45,3.8575,44.50291413595917,2.478997154456001,25.92352559948153
2026-01-14,GSIT,0.15364587,7.68,7.4350000000000005,9.14048954766785,0.0,13.449899125756556
2026-01-14,GCDT,0.12826598,4.21,4.635,0.0,0.0,21.57497303128371
2026-01-14,AGIG,0.12111795,3.22,3.78475,101.19532046687482,0.0,26.421824426976684
2026-01-15,RILY,0.33183026,7.54,10.13325,12.35388293436622,6.155455418981844,9.868502208077368
2026-01-15,RFIL,0.25797498,7.21,9.057300000000001,35.94090882108927,0.0,11.04081790379031
2026-01-15,ROLR,0.20963478,18.89,23.66,17.816966316626473,57.05559692034991,4.22654268808115
2026-01-15,OCUL,0.13188803,11.07,12.4775,0.0,3.493292492391146,8.014425966740133
2026-01-16,ACCL,0.44816053,2.99,4.0,95.89999064160044,7.391461708571319,25.0
2026-01-16,BNAI,0.21015763,5.71,6.835,62.575811203289845,0.0,14.630577907827359
2026-01-16,IBRX,0.18987334,3.95,4.648199999999999,78.32560682055846,16.117819599252595,21.513704229594254
2026-01-16,CGTL,0.17060363,3.81,4.19435,0.0,2.3606204206600006,23.841596433297173
2026-01-16,KOPN,0.114864826,2.96,3.42365,29.919576436868468,7.644848416829366,29.20859316811006
2026-01-20,CRVS,0.6782608,8.05,14.3082,32.434296093275364,23.052896952740976,6.988999315078067
2026-01-20,TII,0.21130216,4.07,4.9343,25.070518346027832,0.0,20.26629917110836
2026-01-20,MASS,0.19561243,5.47,6.55495,0.0,0.0,15.255646496159391
2026-01-20,IBRX,0.18478262,5.52,6.8607,68.5993346875006,17.90115132486903,14.575772151529728
2026-01-20,NUAI,0.15935338,4.33,5.5625,98.36884755191025,10.456231569425462,17.97752808988764
2026-01-21,BNAI,0.47317076,6.15,9.416,106.41338482092942,15.605555568714909,10.620220900594733
2026-01-21,IMSRW,0.14078677,4.83,5.405,0.0,0.0,18.501387604070306
2026-01-21,TII,0.10905349,4.86,5.2425,23.770576741624403,0.0,19.074868860276588
2026-01-22,SXTP,1.9949999,2.0,7.3958,206.62328353250467,39.09632975960957,13.521187701127666
2026-01-22,IOTR,1.2457337,2.93,5.8042,9.188603314613392,10.42807073431999,17.228903208021777
2026-01-22,ROLR,0.24619281,7.88,9.705,38.82276459985181,3.90364203838282,10.303967027305513
2026-01-22,CABA,0.16452992,2.34,2.9219,0.0,15.084021525569073,34.22430610219378
2026-01-22,SPHL,0.13089001,5.73,6.32,10.149324264161928,0.0,15.822784810126581
2026-01-23,MOVE,1.8891487,6.97,21.7125,130.4614259623663,28.314611468567566,4.605641911341394
2026-01-23,DRCT,1.3549783,2.31,4.74705,95.92898174093723,23.281579743018856,21.06571449637143
2026-01-23,KUST,0.71078444,2.04,3.7801,200.0533881296922,16.9348951779506,26.454326605116268
2026-01-23,RTB,0.4026718,5.24,7.56995,41.77533134461233,0.0,13.210126883268714
2026-01-23,BGL,0.25352108,4.26,5.111800000000001,38.83818347250472,12.365839693180257,19.562580695645366
2026-01-26,BNAI,2.346784,16.48,40.8655,0.0,21.313854695914735,2.44705191420636
2026-01-26,NAMM,0.4967742,3.1,4.859999999999999,12.204377717386423,20.471910294941818,20.5761316872428
2026-01-26,LE,0.19822061,14.05,18.384999999999998,13.842582562568928,0.0,5.439216752787599
2026-01-26,SWAG,0.17431188,2.18,2.4457500000000003,32.966412917199776,0.0,40.88725339875293
2026-01-26,PLG,0.15561962,3.47,3.83995,33.26043726915233,3.881920936160647,26.042005755283274
2026-01-27,NUWE,1.055814,2.15,4.32,115.13627988290708,10.059577903820607,23.148148148148145
2026-01-27,NAMM,0.2800982,4.07,4.6854,20.254080206556463,7.622533553383365,21.342894950271056
2026-01-27,NTLA,0.18351257,13.95,15.445,23.77377856562156,1.229767086408957,6.474587245063127
2026-01-27,RDW,0.115419745,10.96,12.864999999999998,0.0,8.325546330342739,7.77302759424796
2026-01-27,UMC,0.10554552,11.33,12.36,11.316883102965669,2.2797220404702294,8.090614886731393
2026-01-28,PDYN,0.46165645,6.52,8.69725,13.289029500605299,8.462333268806866,11.497887263215384
2026-01-28,AZI,0.26406932,2.31,3.074,47.283183054389056,13.834813296141647,32.53090435914119
2026-01-28,KUST,0.1990521,2.11,2.28235,32.22284239711026,0.0,43.814489451661665
2026-01-28,SUPX,0.1850512,16.59,20.189700000000002,50.953900854381374,0.0,4.953020599612674
2026-01-28,LTRX,0.17997098,6.89,7.859299999999999,10.32536971724492,3.712607458019589,12.723779471454202
2026-01-29,XHLD,0.6745099,2.55,3.71,15.991291368370215,5.598163262860148,26.954177897574123
2026-01-29,ZSTK,0.41899443,8.95,11.247499999999999,0.0,0.0,8.89086463658591
2026-01-29,SER,0.41176462,2.72,3.82,29.965057828150982,17.841416292642794,26.17801047120419
2026-01-29,VTIX,0.2886598,10.67,12.885,34.36630729846377,0.0,7.760962359332558
2026-01-29,KRRO,0.26603937,11.69,14.15495,77.68775430868361,0.0,7.06466642411312
2026-01-30,LRHC,0.5050168,2.99,4.24415,87.20845900716712,11.21489786477733,23.56184394990752
2026-01-30,ANL,0.39663088,6.53,7.70125,173.0646675672527,6.081878324496299,12.984905047881837
2026-01-30,SPHL,0.17499995,4.0,4.5625,16.30865685606112,0.0,21.91780821917808
2026-01-30,ATCX,0.16538465,7.8,8.1573,0.0,0.0,12.258958233729299
2026-01-30,GITS,0.15820897,3.35,5.513450000000001,11.412468366647147,29.950883844813745,18.13746383843147
2026-02-02,VHUB,1.0249221,6.42,12.4775,138.34473369897032,28.47210386202886,8.014425966740133
2026-02-02,AQST,0.35593224,2.95,3.985,14.718034958359095,13.314181965893077,25.094102885821833
2026-02-02,ATTT,0.25348186,3.59,4.255,0.0,0.0,23.501762632197416
2026-02-02,SLGB,0.2136364,2.2,2.545,40.26147124502105,0.0,39.29273084479372
2026-02-02,NAMM,0.160326,3.68,4.42,87.42260633044296,1.7197840846173986,22.624434389140273
2026-02-03,FIEE,0.20155036,5.16,5.91,0.0,0.0,16.920473773265652
2026-02-03,SCZM,0.12948382,11.43,13.115,0.0,0.0,7.624857033930613
2026-02-03,WULF,0.12127972,13.44,15.067499999999999,38.85935136910118,6.191326364896893,6.63680106188817
2026-02-03,FEED,0.11983466,2.42,2.57205,106.28455068892572,0.0,38.879493011411135
2026-02-03,THM,0.117886186,2.46,2.58,0.20332348814281828,0.0,38.75968992248062
2026-02-04,CIGL,0.3796296,2.7,3.28575,25.639974408130456,3.9635023875291053,30.43445179943696
2026-02-04,FEED,0.34756088,2.46,3.19175,109.5265557446579,20.052954466197185,31.330774653403306
2026-02-04,APPS,0.194332,4.94,5.5893999999999995,34.99552172516521,2.5746916898970955,17.89100797938956
2026-02-04,INNV,0.14840996,5.66,6.8925,87.30015222519847,6.055012461752277,14.508523757707653
2026-02-04,TLF,0.13391614,2.875,3.24,0.0,0.0,30.864197530864196
2026-02-05,BYRN,0.13666117,12.22,12.3225,0.0,0.0,8.115236356258876
2026-02-05,EMBC,0.11141062,11.35,12.16375,0.0,0.0,8.221148905559552
2026-02-06,QNST,0.26401436,11.06,13.30505,25.94812758097875,0.0,7.515943194501336
2026-02-06,GLXY,0.16538,16.84,19.28,7.892931466978118,0.9980148901062361,5.186721991701244
2026-02-06,BATL,0.1291666,2.4,2.62505,34.667661091485016,4.2277087443970744,38.09451248547647
2026-02-06,MITK,0.120162964,9.82,11.4975,12.717782248938022,0.0,8.697542944118286
2026-02-06,GWAV,0.11428571,4.55,5.0688,0.0,0.0,19.728535353535353
2026-02-09,MNTS,0.24666667,6.0,7.5075,82.0723258848528,13.582431564095177,13.32001332001332
2026-02-09,PHOE,0.2035011,13.71,15.0,0.0,0.0,6.666666666666667
2026-02-09,NEXN,0.1576271,5.9,6.17595,0.0,0.0,16.19184093135469
2026-02-09,DFNS,0.11650491,2.06,2.18,3.6058325315279234,0.0,45.871559633027516
2026-02-09,QS,0.110979915,8.47,9.100000000000001,9.247895053804685,5.183626920119378,10.989010989010987
2026-02-10,EVMN,0.7374927,16.99,27.82,64.03985277513335,4.7815928903265945,3.5945363048166787
2026-02-10,VSTS,0.22814202,7.32,9.3782,4.39135073882603,0.0,10.66302702011047
2026-02-10,LUXE,0.16429496,7.73,8.91,0.0,0.0,11.22334455667789
2026-02-10,DDL,0.15867162,2.71,2.965,8.501500026818755,0.0,33.72681281618887
2026-02-10,YEXT,0.14663959,4.91,5.58625,13.376666292320577,0.0,17.901096442157083
2026-02-11,MNTN,0.41451418,8.13,10.895,94.44742384420945,1.13163708409701,9.178522257916477
2026-02-11,BETA,0.19141316,16.77,19.4375,27.048915756654416,7.155479373127807,5.144694533762058
2026-02-11,JAGU,0.12703586,3.07,3.5225,5.784682363123006,0.0,28.388928317955997
2026-02-11,KELYB,0.11586046,18.01,18.54,0.0,,5.393743257820928
2026-02-12,FSLY,0.4489795,9.31,14.961549999999999,0.0,12.161858550003002,6.683799472648222
2026-02-12,NVCR,0.3714285,10.5,13.6557,37.41200206876036,0.943960553465877,7.322949391096758
2026-02-12,PRCH,0.23386025,7.59,9.23825,23.942727237508812,0.0,10.824560928747326
2026-02-12,MH,0.21150732,12.34,15.23,21.016552404103123,0.17957801012920524,6.5659881812212735
2026-02-12,IA,0.2065332,18.98,22.85505,9.03480749501138,0.0,4.375400622619509
2026-02-13,CRSR,0.41484714,4.58,7.14065,43.442988455457325,5.462481229416961,14.00432733714718
2026-02-13,RIVN,0.2692858,14.0,17.10875,22.112099701856785,4.372662771255267,5.844962373054723
2026-02-13,ATOM,0.16317987,2.39,3.0927,25.755679202179014,21.751497237918258,32.33420635690497
2026-02-13,MITK,0.12945259,11.51,13.182500000000001,9.554963125533336,0.0,7.5858145268348185
2026-02-13,NCI,0.12844038,2.18,2.99305,5.111776066123591,0.3265887138882891,33.41073486911344
2026-02-17,OBAI,0.85942495,3.13,4.9825,24.90660024906556,17.696363519237437,20.070245860511793
2026-02-17,CMPS,0.3476764,5.81,7.92995,61.270015920912684,9.778914704437693,12.610419990037768
2026-02-17,RIME,0.29885054,3.48,3.5699,58.10953933366475,10.35670325753211,28.011989131348216
2026-02-17,LFS,0.2314049,2.42,3.1816500000000003,21.361301421770133,3.1834467343388204,31.430232740873443
2026-02-17,SUNE,0.19268298,2.05,2.4475,79.8380339774022,0.0,40.85801838610828
2026-02-18,BENF,0.22513092,3.82,4.6161,0.0,0.0027526726462144832,21.663308853794327
2026-02-18,RSI,0.20011806,16.94,18.5475,10.98253837289248,0.0,5.391562205148942
2026-02-18,QMCO,0.14438498,5.61,5.84225,29.17919561315757,0.0,17.116693054901795
2026-02-18,CNVS,0.13284123,2.71,3.0525,33.889937331107106,0.0,32.76003276003276
2026-02-18,VIVO,0.118852496,2.44,2.725,23.997499595000523,0.0,36.69724770642202
2026-02-19,CDIO,0.23943663,2.13,2.4475,62.811067225141045,0.0,40.85801838610828
2026-02-19,RELY,0.20132267,13.61,16.8125,75.30165428714434,2.0813949124730984,5.947955390334572
2026-02-19,NP,0.19415343,18.13,21.12,0.0,0.0,4.734848484848484
2026-02-19,BAND,0.17321014,12.99,15.6645,5.954839545611421,0.0,6.383861597880558
2026-02-19,HLF,0.14752102,16.54,19.17,26.34425543323677,0.7703213338001343,5.216484089723526
2026-02-20,CDIO,0.3571428,2.24,3.04485,97.95235185193566,24.902851992548133,32.842340345173
2026-02-20,TNDM,0.22829366,18.52,22.9595,43.079864304474846,6.412550195203302,4.355495546505804
2026-02-20,OPEN,0.18279564,4.65,5.37715,24.5944008240165,11.67737530461242,18.597212277879546
2026-02-20,ANPA,0.16085792,11.19,12.68505,7.806613342935281,0.0,7.883295690596411
2026-02-20,CMRC,0.14965987,2.94,3.251,6.078702840495448,0.0,30.759766225776684
2026-02-23,VNDA,0.39670134,5.76,8.68,49.91837369364187,6.3729764238578035,11.520737327188941
2026-02-23,LEGN,0.16280341,18.12,21.09,24.58610799588053,0.0,4.74158368895211
2026-02-23,IBRX,0.14367819,8.7,10.4775,50.62768010555692,7.56027259807313,9.54426151276545
2026-02-23,SSTK,0.12156856,16.05,17.23,0.0,0.0,5.803830528148578
2026-02-24,VIR,0.3236878,7.43,9.8965,88.78213513263809,4.170466976144924,10.104582428131158
2026-02-24,LRMR,0.27758002,2.81,3.9254499999999997,73.22150493959167,15.400960899478848,25.47478633022966
2026-02-24,MYGN,0.27168953,4.38,4.826549999999999,33.828962174254066,0.0,20.718732842299367
2026-02-24,SGHC,0.15248954,9.72,10.516,18.695432889000834,0.0,9.509319132750095
2026-02-24,CDIO,0.14617944,3.01,3.58495,85.47380745520537,0.06054237762520579,27.89439183252207
2026-02-25,UIS,0.21830976,2.13,2.52,0.0,0.0,39.682539682539684
2026-02-25,SGML,0.18333328,12.6,16.345,50.473078165287994,1.5026539071753178,6.11807892321811
2026-02-25,ACHC,0.18258595,17.17,21.42875,28.83188478603096,0.0,4.666627778101849
2026-02-25,RYAM,0.1743375,7.17,9.432500000000001,26.5660029160155,0.0,10.601643254704477
2026-02-25,LFST,0.11834741,7.14,7.7075,16.795944848837916,0.0,12.974375608173858
2026-02-26,HCTI,0.4079175,5.81,8.208649999999999,72.759928796386,11.962848444223713,12.182271140808783
2026-02-26,BFLY,0.29193556,3.1,4.6625,23.42740493409709,11.142076245689085,21.447721179624665
2026-02-26,ARHS,0.2584523,8.38,9.239999999999998,0.0,0.0,10.822510822510825
2026-02-26,DNUT,0.22575247,2.99,4.02175,19.666782566664576,6.78003968261666,24.86479766270902
2026-02-26,FA,0.21638644,9.52,11.0475,17.692936420657944,0.0,9.051821679112923
2026-02-27,BATL,0.23132527,4.15,5.572,56.49755627657559,10.203981283012366,17.946877243359655
2026-02-27,CDIO,0.21168578,5.22,6.532,11.174819738457419,15.653292550735792,15.309246785058175
2026-02-27,PRAA,0.20560372,12.67,15.915,9.885876208616086,0.0,6.283380458686774
2026-02-27,ARLO,0.18152344,12.34,15.47165,1.0193151112597352,0.0,6.4634347338519165
2026-02-27,FIGS,0.1684041,12.47,14.93,28.9659687462762,0.0,6.697923643670462
2026-03-02,BATL,0.93840575,5.52,9.8235,45.28297446526717,20.40943201083507,10.17967119662035
2026-03-02,INDO,0.44557822,5.88,7.35255,59.52979918068924,10.496442116489838,13.600723558493312
2026-03-02,AGIG,0.26794267,4.18,4.5649999999999995,72.21568797301717,0.0,21.90580503833516
2026-03-02,WTI,0.19254184,2.65,2.975,32.964552337910455,1.7379570517611607,33.61344537815126
2026-03-02,ANNA,0.16842103,2.85,3.3099499999999997,0.0,0.0,30.21193673620448
2026-03-03,BATL,1.098305,11.8,26.665,54.07511303504192,34.39139849916261,3.750234389649353
2026-03-03,MASS,0.17246592,6.61,6.91,0.0,0.0,14.47178002894356
2026-03-03,ANNA,0.17032969,3.64,4.0089,23.266604869265944,0.0,24.944498490857843
2026-03-03,VG,0.16828191,11.38,12.66915,35.126839204154784,6.333651701965821,7.8931893615593784
2026-03-03,TMDE,0.12745106,3.06,3.6287000000000003,161.8196717281083,16.556701136949112,27.558078650756467
2026-03-04,EOLS,0.30024207,4.13,5.4775,47.55785034138017,0.0,18.256503879507076
2026-03-04,SHMD,0.25351012,6.41,8.495000000000001,43.16528850279765,2.160664706868534,11.771630370806355
2026-03-04,SWIM,0.23291922,6.44,8.04,2.3012301284880277,0.0,12.437810945273633
2026-03-04,BW,0.20123446,8.1,9.97185,7.067243756776152,5.703989250905495,10.028229465946639
2026-03-04,ACEL,0.17434514,11.07,12.9,0.0,0.0,7.751937984496124
2026-03-05,ALTO,0.3653847,2.6,3.84,56.14176826953288,11.79233403359051,26.041666666666668
2026-03-05,STEM,0.21134329,10.05,12.4025,0.0,0.0,8.062890546260835
2026-03-05,NAGE,0.15182185,4.94,5.1632,0.7793536422303403,0.0,19.36783390145646
2026-03-05,PDYN,0.14266491,7.43,9.0558,29.575726702842825,10.237205092836293,11.04264670156143
2026-03-05,TMDE,0.1357466,2.21,2.76,52.47185634933363,42.011104864616364,36.231884057971016
2026-03-06,BATL,0.32921052,19.0,26.302500000000002,0.0,23.820270224703222,3.80191996958464
2026-03-06,TURB,0.3245033,3.02,3.96335,60.52784867744548,13.610286817363699,25.231180693100534
2026-03-06,INDO,0.24752474,5.05,5.86,42.83366291083637,16.310604557400488,17.064846416382252
2026-03-06,IBG,0.22558129,4.3,4.5600000000000005,128.75117097463823,0.0,21.929824561403507
2026-03-06,MXC,0.18209875,13.12,15.0,0.0,0.0,6.666666666666667
2026-03-09,HIMS,0.47490478,15.74,21.71,19.869310722795934,2.5969906136208984,4.606172270842929
2026-03-09,RLMD,0.44044948,4.45,6.235,52.44296594543585,10.34227951170098,16.038492381716118
2026-03-09,QURE,0.26243865,14.27,17.2275,55.799233563573566,9.730681377604014,5.804672761573067
2026-03-09,BHVN,0.19858873,9.92,9.88,10.530747970724937,3.017242069800281,10.121457489878543
2026-03-09,TURB,0.1574074,3.78,4.63,61.57982468644402,18.90673922792209,21.598272138228943
2026-03-10,STGW,0.2318703,5.24,6.025,9.987966427658098,0.0,16.59751037344398
2026-03-10,ZVRA,0.20065784,9.12,10.9375,31.00724539304453,0.0,9.142857142857142
2026-03-10,AGCC,0.17032957,18.2,21.369999999999997,0.0,0.0,4.679457182966776
2026-03-10,TDOC,0.13396227,5.3,5.61315,21.49932433334616,5.034849039126142,17.81530869476141
2026-03-10,LFMD,0.12179494,3.12,3.7444,34.94163034754146,0.0,26.70654844567888
2026-03-11,DOMO,0.41552508,4.38,5.54,19.193351632588836,5.81032290383015,18.050541516245488
2026-03-11,ACXP,0.19999993,2.9,3.46005,70.45023735654762,32.212141867627246,28.901316454964526
2026-03-11,TMDE,0.19402993,2.01,2.35515,32.20029548402303,0.0,42.460140543065194
2026-03-11,ATPC,0.16666663,3.78,4.42005,38.53745269286376,0.0,22.62417845951969
2026-03-11,TSSI,0.16515839,11.05,13.754999999999999,59.78909758468911,0.9856592764120256,7.270083605961469
2026-03-12,BMBL,0.2922536,2.84,3.9216499999999996,19.637463495883004,3.9157892165788213,25.499470885979118
2026-03-12,ROMA,0.28985512,4.83,6.7599,101.84657660754183,11.907168199182632,14.793118241394103
2026-03-12,HIMX,0.28584123,9.15,11.592500000000001,18.895239798154673,4.352083753522569,8.626266982963122
2026-03-12,ATPC,0.24700236,4.17,5.785,89.77253201681408,11.137077586630603,17.28608470181504
2026-03-12,WOOF,0.2208333,2.4,3.07,11.371170535728442,4.7553490359919754,32.57328990228013
2026-03-13,ELPW,0.43726397,3.59,4.88015,69.83849099504793,10.207858065094833,20.4911734270463
2026-03-13,KRRO,0.19913042,11.5,13.97,23.056659779411934,5.930912703986561,7.158196134574087
2026-03-13,STLN,0.19847333,2.62,3.25,51.18696442536077,0.0,30.76923076923077
2026-03-13,PAYP,0.15638769,18.16,20.384999999999998,0.0,3.0374833232376584,4.905567819475105
2026-03-13,LOCO,0.14705873,10.88,12.8625,15.253075494523603,0.0,7.774538386783284
2026-03-16,CTMX,0.47863257,4.68,6.9575,58.550187570347596,12.255753738922747,14.372978799856272
2026-03-16,DSGR,0.34593475,19.31,25.45,10.585533719119368,0.0,3.9292730844793713
2026-03-16,CLIK,0.34124815,3.1165,3.795,14.882389152142531,0.0,26.350461133069828
2026-03-16,TLS,0.2102803,4.28,4.4861,0.0,0.0,22.291076881924162
2026-03-16,CING,0.15074801,8.69,9.842500000000001,12.32473819222282,0.0,10.160020320040639
2026-03-17,JVA,0.22397482,3.17,3.9055,18.178847465365063,0.0,25.60491614389963
2026-03-17,GRO,0.16822433,3.21,3.49,0.0,0.0,28.653295128939828
2026-03-17,CDIO,0.14522815,2.41,2.4922500000000003,0.0,0.0,40.124385595345565
2026-03-17,NUAI,0.10701442,5.56,5.93,28.282407768447886,3.6433016206861137,16.863406408094434
2026-03-18,ARTL,0.26185572,4.85,7.390000000000001,196.95602451742445,15.316232086355946,13.531799729364005
2026-03-18,OVID,0.19900501,2.01,2.335,29.887217300047105,7.742944154352602,42.82655246252677
2026-03-18,AIB,0.18275857,2.9,3.0595,53.96048975085868,0.0,32.68507926131721
2026-03-18,KC,0.15701222,13.12,14.835,4.799042430469723,0.0,6.740815638692282
2026-03-18,BATL,0.14563107,11.33,13.295,53.553861501580165,5.8950882864262155,7.5216246709289205
2026-03-19,CAL,0.23578739,8.86,10.73,3.148222319340546,0.0,9.319664492078285
2026-03-19,FDMT,0.16121483,8.56,8.75,0.0,0.0,11.428571428571429
2026-03-19,BATL,0.1295054,11.93,12.703800000000001,29.24922313021035,1.3600313247119145,7.871660448054912
2026-03-20,IDN,0.1895833,4.8,5.89,38.24016416149186,0.0,16.977928692699493
2026-03-20,BIAF,0.17508411,2.97,3.3749000000000002,54.68380926442006,6.071237285176313,29.63050757059468
2026-03-20,ARTL,0.17318428,7.16,9.0789,65.54637291250482,0.0,11.01455022084173
2026-03-20,SER,0.12903225,2.48,2.6749,29.791649937319843,21.978898384642708,37.38457512430371
2026-03-20,YSS,0.125,17.68,19.01,30.777217170507082,4.261706355212856,5.260389268805891
2026-03-23,AISP,0.100877166,2.28,2.4225,0.0,0.0,41.2796697626419
2026-03-24,ANNA,0.2667278,5.455,7.931,25.740958005648842,28.532004710882852,12.608750472828143
2026-03-25,BRZE,0.25083244,18.02,21.52,31.40934697456813,4.010093357660535,4.646840148698885
2026-03-25,FEED,0.18141592,2.26,2.56745,23.337238952475413,14.906882684592384,38.94915188221776
2026-03-25,PAYS,0.16710877,3.77,4.855499999999999,51.580362273992286,0.0,20.595201318092887
2026-03-25,BIAF,0.1604377,3.96,4.7275,63.950496963099255,0.0,21.152829190904285
2026-03-25,TGEN,0.14545453,2.75,2.921,0.0,0.0,34.23485107839781
2026-03-26,PGEN,0.31129038,3.1,4.047499999999999,32.98334726388471,4.365563117372722,24.706609017912296
2026-03-26,BATL,0.26959848,5.23,6.282500000000001,54.168883323670606,9.006797488308363,15.917230401910066
2026-03-26,NAVN,0.23060119,9.15,11.42225,24.458868572016986,5.353573752899854,8.754842522270131
2026-03-26,LOVE,0.21346319,11.29,13.91505,14.860597909703735,0.0,7.186463577205974
2026-03-27,ONCO,0.81366456,3.22,4.7726,50.86549234856142,11.722365790194708,20.95293969743955
2026-03-27,RBNE,0.23584902,2.12,2.6,76.84714941550722,5.793574122582894,38.46153846153846
2026-03-27,U,0.1806773,17.13,19.1725,22.726900891904567,2.5970623035471965,5.215803885773895
2026-03-27,NMAX,0.15384614,5.98,6.0875,35.507355764136676,0.0,16.427104722792606
2026-03-30,EEIQ,0.5057306,6.98,9.9525,111.94900504889222,23.14746331397234,10.04772670183371
2026-03-30,SGML,0.23900568,10.46,13.9575,21.475196220049945,4.52496753518626,7.164606842199534
2026-03-30,RZLV,0.19665265,2.39,2.56005,58.14197421857269,21.269685852834492,39.061737075447745
2026-03-30,GLND,0.12180269,8.21,9.184999999999999,0.0,5.274508128361018,10.887316276537835
2026-03-31,SST,0.2866242,3.14,3.43995,74.77167051641555,0.4159894474819183,29.070189973691477
2026-03-31,ARTL,0.15922105,8.73,9.89,61.9982617538059,0.0,10.111223458038422
2026-03-31,ANNX,0.13709676,4.96,5.85,21.339487850765483,0.0,17.094017094017094
2026-03-31,SPCE,0.11516118,2.17,2.6075,28.60489012338482,3.692906680602655,38.350910834132314
2026-03-31,RGTIW,0.11447084,4.63,5.11495,0.0,0.0,19.55053324079414
2026-04-01,BCG,0.55472636,2.01,2.72385,28.420288524887656,14.311013289191926,36.712741156818474
2026-04-01,TH,0.3383621,9.28,12.3402,19.197707742842788,0.0,8.103596376071701
2026-04-01,NCNO,0.22630179,14.98,16.875,26.44002102172664,1.7543982731322043,5.925925925925926
2026-04-01,ASTC,0.18546844,5.23,5.35,17.582926956556218,0.0,18.69158878504673
2026-04-01,ELAB,0.16861427,5.99,6.9725,63.486423978828604,8.169927106171569,14.342058085335246
2026-04-02,TURB,0.3787235,2.35,3.32245,0.0,12.074857724655667,30.098270854339418
2026-04-02,BATL,0.35064936,3.85,5.0644,39.38468629793514,7.672270199246004,19.745675697022353
2026-04-02,ANNA,0.19008267,7.26,9.15,57.753588810284135,0.0,10.92896174863388
2026-04-02,WTI,0.12320542,3.01,3.3825,10.830260828747452,0.0,29.563932002956395
2026-04-02,RBNE,0.119617105,2.09,2.38995,38.981330398903694,0.0,41.84187953722881
2026-04-06,RENX,0.16831684,2.02,2.4345,58.509472545445696,0.0,41.07619634421853
2026-04-06,FUBO,0.120777845,9.77,11.3057,15.051130213412426,0.40820792697291236,8.845095836613389
2026-04-06,LZM,0.11653113,3.69,4.005,0.0,0.0,24.968789013732835
2026-04-06,ANVS,0.11403513,2.28,2.6,2.4100881128327516,0.0,38.46153846153846
2026-04-06,LWLG,0.1031332,7.66,8.73555,0.0,0.0,11.44747611770295
2026-04-07,ADVB,0.6142534,4.42,6.92145,79.25731639124702,3.670767817310288,14.447839686770836
2026-04-07,SKYQ,0.27399993,5.0,6.87125,97.55352581784268,20.11510371868856,14.553392759687103
2026-04-07,BGDE,0.18532825,2.59,3.2575,56.27323110604924,0.0,30.698388334612435
2026-04-07,ORGO,0.111607194,2.24,2.505,6.46547069874341,5.883577172247795,39.920159680638726
2026-04-08,ELAB,0.34782612,3.45,4.895,67.35881896399526,16.563418048431558,20.42900919305414
2026-04-08,SKIL,0.2811792,4.41,5.20815,52.234371186828604,0.0,19.200675863790405
2026-04-08,LEVI,0.14953756,19.71,22.1525,18.909628782517995,0.0,4.51416318699921
2026-04-08,CRML,0.13367605,7.78,8.705,0.0,0.0,11.487650775416427
2026-04-08,JBLU,0.12417567,4.55,5.115,12.088721945403233,3.907753403086129,19.550342130987293
2026-04-09,ELAB,0.44222224,4.5,6.1799,47.15552568323162,24.79328696207417,16.1814916098966
2026-04-09,CLIK,0.23809528,2.1,2.45,40.68509073353135,10.266700596777943,40.816326530612244
2026-04-09,TURB,0.14847171,2.29,2.56,1.5616105735475303,0.0,39.0625
2026-04-09,RELL,0.14811635,11.76,13.3999,21.08135630103725,0.0,7.462742259270591
2026-04-09,WW,0.100000024,11.3,11.37,0.0,0.0,8.795074758135446
2026-04-10,SLP,0.19745958,12.99,14.4775,0.0,0.0,6.9072699015714045
2026-04-10,OGN,0.1590712,6.91,8.303450000000002,20.008950421919643,1.9687422355676945,12.043186868109037
2026-04-13,ALLO,0.50367653,2.72,4.0,39.793548279272,11.373764511159607,25.0
2026-04-13,SKYQ,0.49324858,12.59,17.1589,63.71411325186465,22.864148336033075,5.827879409519259
2026-04-13,ALMU,0.30390334,10.76,14.64,64.50056696817435,5.362385424682783,6.830601092896175
2026-04-13,BATL,0.28125,3.2,3.88995,20.093133796325095,14.066218453543481,25.707271301687683
2026-04-13,TURB,0.1767441,2.15,2.3662,10.345784035123737,0.0,42.261854450173274
2026-04-14,ROLR,1.0648329,5.09,9.955,186.4149793909892,17.773488676465426,10.04520341536916
2026-04-14,SANA,0.24299061,3.21,3.8470500000000003,37.04514850662667,4.562612564273321,25.993943411185192
2026-04-14,CNSY,0.112754226,5.41,5.9368,0.0,0.0,16.844091092844632
2026-04-14,RVMDW,0.10204089,4.41,4.5075,0.0,0.0,22.18524681087077
2026-04-15,RGTIW,0.18428576,7.0,7.93,0.0,0.0,12.610340479192939
2026-04-15,KZIA,0.16279066,9.46,9.5,0.0,0.0,10.526315789473685
2026-04-15,WATT,0.15853655,16.4,19.6025,16.776840907616577,0.0,5.101390128810101
2026-04-15,XNDU,0.1544168,14.83,16.86,44.407366098582465,25.011426628826083,5.931198102016608
2026-04-15,GLOO,0.13961041,6.16,6.5639,9.828584704648584,0.0,15.234845137799173
2026-04-16,WSHP,1.9336982,8.22,31.03,0.0,22.929575950257906,3.222687721559781
2026-04-16,CDNA,0.2379055,17.57,20.645,24.164834999497277,0.0,4.8437878420925164
2026-04-16,MRLN,0.18964314,14.29,15.725,0.0,0.0,6.359300476947536
2026-04-16,SLDP,0.1503067,3.26,3.3895,13.132595808138655,8.635811690057691,29.50287653046172
2026-04-16,ACHV,0.14084518,3.55,4.13,14.252514103812675,6.214260502684194,24.213075060532688
2026-04-17,PBM,0.6729131,5.87,8.5155,55.87850620512004,9.355214231052779,11.743291644647996
2026-04-17,LZM,0.36246789,3.89,4.93995,36.22471268236723,0.0,20.24311986963431
2026-04-17,WSHP,0.33824039,14.265,16.745,48.09336191218304,0.0,5.971931919976112
2026-04-17,FRMM,0.26160347,2.37,3.00515,21.751704744211953,0.0,33.27620917425087
2026-04-17,RPAY,0.25,3.18,4.052899999999999,0.0,0.0,24.673690443879696
2026-04-20,PBM,0.72565794,7.6,13.1604,79.85222865587608,36.651369544109656,7.598553235463968
2026-04-20,CMPS,0.29804814,6.66,9.077449999999999,0.0,8.550808880103256,11.016309646431543
2026-04-20,ATAI,0.24689817,4.03,5.1875,60.9531046501378,9.30740552058321,19.27710843373494
2026-04-20,GHRS,0.16902947,18.34,22.83,27.692139058753543,0.0,4.380201489268507
2026-04-20,SKYQ,0.16479397,8.01,9.3396,6.947311864731253,0.0,10.707096663668679
2026-04-21,SPRC,0.43735218,4.23,5.835,61.22944732488515,0.0,17.13796058269066
2026-04-21,GRPN,0.1692307,14.95,17.407899999999998,15.051704100642976,0.0,5.744518293418506
2026-04-21,JLHL,0.13347459,9.44,10.38,0.0,0.0,9.633911368015413
2026-04-22,AGPU,1.2233608,4.88,8.985050000000001,0.0,16.762377087622582,11.129598611026092
2026-04-22,HCAI,0.2724595,6.79,7.8100000000000005,31.584916945870635,0.0,12.804097311139564
2026-04-22,HCSG,0.24031007,19.35,23.009999999999998,0.0,0.0,4.34593654932638
2026-04-22,KYTX,0.1410917,9.71,9.2065,35.90269894587845,0.0,10.861891055232716
2026-04-22,POET,0.124390244,10.25,12.242550000000001,39.88195454973769,3.2816788018146283,8.168232925330098
2026-04-23,TRT,0.33171904,8.26,11.92775,114.61979549806348,29.510369609158257,8.383810861226971
2026-04-23,QS,0.32106698,7.31,8.375,34.644945182168115,7.949233303441159,11.940298507462687
2026-04-23,HELE,0.2549317,19.77,23.4075,2.203724429093639,0.0,4.272134999465983
2026-04-23,MNTS,0.21441436,5.55,6.154999999999999,12.152105213309378,0.0,16.24695369618197
2026-04-23,TLRY,0.18170273,7.87,8.18,11.760468109405785,5.072812231329488,12.224938875305623
2026-04-24,ELPW,0.46441948,2.67,3.7699999999999996,99.0704070599913,16.500720277548933,26.525198938992045
2026-04-24,OGN,0.24897957,8.6,10.7975,11.79600390153432,2.3816193116464324,9.26140310257004
2026-04-24,SST,0.22715402,3.83,4.3149999999999995,47.01835812738941,0.06392139036176143,23.174971031286212
2026-04-24,POET,0.1568259,11.72,13.254999999999999,21.9803957273786,2.2568872916315597,7.544322897019993
2026-04-27,GLND,0.28663445,6.21,6.9125,10.27877987415394,2.057104800827831,14.466546112115733
2026-04-27,ELPW,0.2375691,3.62,4.26755,88.27319041944483,0.0,23.432648709446873
2026-04-27,SGMT,0.23037541,5.86,8.023050000000001,121.52140134615075,11.402112280390552,12.464087846891143
2026-04-27,TRAK,0.19340897,8.12,9.10815,19.7915416185081,0.0,10.979177988943967
2026-04-27,OGN,0.17364216,11.26,13.182500000000001,5.538838898675605,7.5843761850576605,7.5858145268348185
2026-04-28,NXH,0.33333325,5.34,6.1674500000000005,53.052595321357344,8.267604456891158,16.214156580110092
2026-04-28,DDI,0.16974974,9.19,10.8,0.3889079051229445,0.0,9.25925925925926
2026-04-28,SKYQ,0.1394496,5.45,5.785,27.007065643277784,3.532123923981804,17.28608470181504
2026-04-29,PRCH,0.17578578,8.59,10.35,33.762563082256186,0.0,9.66183574879227
2026-04-29,FVRR,0.17277992,10.36,12.3856,9.658445667108646,0.0,8.073892261981657
2026-04-29,CAST,0.15416658,2.4,2.4925,0.0,0.0,40.12036108324975
2026-04-29,FCEL,0.1463784,9.94,11.225999999999999,20.010178198975805,10.016735525789876,8.907892392659898
2026-04-29,NEO,0.13636363,9.02,9.55995,16.850732972801676,0.0,10.46030575473721
2026-04-30,FATN,0.4012096,2.48,3.3775,42.520215746776074,9.809775722067526,29.607698001480387
2026-04-30,MRAM,0.36921906,13.19,18.2175,19.498980642710947,5.520286215271865,5.489227391244682
2026-04-30,PACK,0.22842646,3.94,4.755,7.878608672102796,0.0,21.03049421661409
2026-04-30,VISN,0.21745694,10.47,12.9011,19.45675487671497,4.387184134959141,7.751277022889521
2026-04-30,HTZ,0.15535712,5.6,6.4902999999999995,41.661852570352806,5.897480092478993,15.407608276967167
2026-05-01,CUE,1.2896879,14.74,27.59,107.63691162600522,36.946599877357144,3.624501631025734
2026-05-01,CERS,0.3251232,2.03,2.9099500000000003,47.286112494398694,11.44534142179994,34.36485162975308
2026-05-01,BOOM,0.21359229,6.18,7.9895,18.736391011127047,0.0,12.516427811502599
2026-05-01,FIVN,0.1732558,17.2,20.1175,33.954209454337914,2.7430634289300175,4.970796570150367
2026-05-04,PN,1.0104713,2.865,5.29,37.373446149829654,19.85231846895558,18.90359168241966
2026-05-04,GBTG,0.5691401,5.93,9.31,10.712372790573745,5.360493165372106,10.741138560687432
2026-05-04,SSM,0.22666669,6.0,6.725,0.0,0.0,14.869888475836431
2026-05-04,ADVB,0.16508532,5.27,6.23005,40.93691417818557,0.0,16.051235543855988
2026-05-04,HTCO,0.16455698,7.9,9.5439,15.02928438413061,0.13100836967199675,10.47789687653894
2026-05-05,BLZE,0.6012931,4.64,7.7175,74.83381737422191,9.38946103937871,12.957563977972141
2026-05-05,VRDN,0.35632992,14.06,18.70865,22.33373823915267,2.2945881759090736,5.345121107081484
2026-05-05,DGXX,0.3518988,3.95,5.2598,87.96403412592547,16.831228747105964,19.012129738773336
2026-05-05,EVER,0.3066393,14.61,21.215,35.472981505287976,0.5502930878935817,4.71364600518501
2026-05-05,CHRN,0.2542373,11.8,13.15,0.0,0.0,7.604562737642586
2026-05-06,EVC,0.63087416,3.98,6.725,58.57675455079679,12.816375757554095,14.869888475836431
2026-05-06,AVTX,0.40221393,16.26,19.11,0.0,5.166107233768612,5.2328623757195185
2026-05-06,COMP,0.27823687,7.26,9.1175,19.63931159003948,3.4279651278049874,10.967918837400603
2026-05-06,MASK,0.24401915,2.09,2.63445,82.31750221520086,20.076870972209605,37.958587181385106
2026-05-06,BLMN,0.22569442,5.76,7.609999999999999,21.31186293864489,2.42371668213576,13.14060446780552
2026-05-07,RXT,0.75110126,2.27,3.6624499999999998,39.206696661201114,12.845334242965004,27.304127018798894
2026-05-07,FLNC,0.4162979,13.56,17.0375,46.17156946837083,8.008000777557966,5.869405722670579
2026-05-07,OSG,0.26777256,4.22,5.58,26.182918191041413,0.0,17.921146953405017
2026-05-07,HIMX,0.25061834,12.33,17.0,0.0,0.0,5.882352941176471
2026-05-07,JMIA,0.22449064,7.46,9.21,1.5611043457615588,0.08229033997740588,10.857763300760043
2026-05-08,PHOE,0.93494236,19.06,39.394999999999996,0.0,0.0,2.538393197106232
2026-05-08,FLNC,0.2532947,18.97,24.715,69.34918058693235,0.9955294614628835,4.046125834513453
2026-05-08,PGNY,0.22077239,19.16,22.05875,7.2980185936469235,0.0009497371282501964,4.533348444494815
2026-05-08,LOCO,0.17320502,13.51,14.24,0.0,0.0,7.022471910112359
2026-05-08,ASYS,0.16858876,18.21,23.189999999999998,56.65633885253781,0.0,4.3122035360068995
2026-05-11,BZH,0.3478955,18.77,24.34,7.650783573033072,0.0,4.108463434675431
2026-05-11,HTCO,0.20205474,5.84,6.295,0.0,0.0,15.885623510722796
2026-05-11,GRSD,0.16186237,4.51,4.9025,8.033955202187643,0.0,20.39775624681285
2026-05-11,BW,0.14855576,14.54,16.18,46.50535980636715,4.9337627991602035,6.180469715698393
2026-05-11,DRTS,0.14571095,8.51,9.844999999999999,36.38598217011177,0.0,10.157440325038092
2026-05-12,VSTS,0.26666665,9.3,11.70295,21.138377275467683,1.4357040549423101,8.54485407525453
2026-05-12,HTCO,0.248227,7.05,9.125,70.74136144975263,3.31295783815398,10.95890410958904
2026-05-12,QUBT,0.24754417,10.18,13.582149999999999,79.4426172354262,12.479385242090272,7.362604595001528
2026-05-12,MGNX,0.16949153,2.95,3.675,17.99526499441,0.0,27.2108843537415
2026-05-12,AMBO,0.16587687,2.11,2.445,12.59106401848105,0.0,40.899795501022496
2026-05-13,AEHL,0.43364942,2.11,2.9,16.45816067426044,34.48815539366903,34.48275862068966
2026-05-13,TDIC,0.26491523,2.36,3.0604,46.704130940799416,25.432084632735215,32.67546725918181
2026-05-13,EOSE,0.23086417,8.1,9.2064,28.182079676580276,6.115891910607769,10.862009037191518
2026-05-13,VNET,0.22505534,9.02,11.59,0.0,2.6036181489411203,8.628127696289905
2026-05-13,SLS,0.2097702,5.22,6.435700000000001,53.54339488112764,12.548739616021342,15.538325279301395
2026-05-14,AIIO,0.6800766,2.61,4.067500000000001,51.89685353622739,26.112328021854644,24.58512599877074
2026-05-14,AEHL,0.422652,3.62,4.93255,90.59433040915798,52.187546565580874,20.273489371623196
2026-05-14,POET,0.21155179,14.37,19.335,0.0,8.602356542532208,5.17196793379881
2026-05-14,DERM,0.19267821,5.19,6.1375,0.0,0.0,16.293279022403258
2026-05-14,STUB,0.18351054,7.52,8.984950000000001,16.528923566830755,2.2449048640412284,11.129722480369951
2026-05-15,PIII,0.2940446,4.03,6.43325,29.276144715986913,99.29612543588767,15.544242801072553
2026-05-15,GEMI,0.2823193,5.26,6.622450000000001,17.960507642750365,0.0,15.100151756525152
2026-05-15,MICC,0.13015974,15.02,16.740000000000002,3.340698080919193,0.4554664424596466,5.973715651135005
2026-05-15,WYY,0.12360811,8.98,9.75,0.0,0.0,10.256410256410257
2026-05-15,LESL,0.10857141,3.5,3.67,95.32404890787424,0.0,27.247956403269754
2026-05-18,HIVE,0.33828986,2.69,3.7600499999999997,50.819494463337605,16.59628897526515,26.595391018736457
2026-05-18,QUCY,0.24855494,3.46,3.8911,34.464017083416245,10.634005683246375,25.6996736141451
2026-05-18,TE,0.18165779,5.67,6.68,17.617927710392472,0.0,14.970059880239521
2026-05-18,AIIO,0.14303482,4.02,4.5125,36.90433319021408,28.57153587660606,22.160664819944596
2026-05-18,CPSH,0.12418294,4.59,5.335,34.12134582141035,0.0,18.744142455482663
2026-05-19,ENHA,0.16999996,5.0,5.75,42.39704257612544,0.0,17.391304347826086
2026-05-19,BKKT,0.13876152,8.72,10.145,19.217987655390587,0.4367499190438113,9.857072449482503
2026-05-20,GCTS,0.15178573,2.8,2.995,45.531944383986136,6.543232683650078,33.3889816360601
2026-05-20,WNW,0.14315784,4.75,5.44935,45.36625525134455,0.0,18.35081248222265
2026-05-20,AMPG,0.13283205,3.99,4.4325,22.5471071166537,6.178218026154911,22.560631697687533
2026-05-20,EGHT,0.13278008,2.41,2.3975,31.719374450906237,0.0,41.71011470281543
2026-05-20,POET,0.12853861,13.07,14.405000000000001,3.4255430572933983,3.6019104266785393,6.942034015966677
2026-05-21,AIAI,0.4435302,13.37,13.569849999999999,32.73624189779394,0.0,7.36927821604513
2026-05-21,CODX,0.3179916,2.39,3.15495,73.70150351272171,29.846582786468066,31.69622339498249
2026-05-21,INFQ,0.20751333,11.18,15.15235,49.46896125646683,10.593264497362899,6.599636360036562
2026-05-21,QUCY,0.19452894,3.29,4.15,85.18680307036627,25.97643920344311,24.096385542168672
2026-05-21,RLAY,0.15053761,13.02,14.6075,19.75031786813981,0.0,6.845798391237378
2026-05-22,PCLA,1.7244444,2.25,6.205,80.19868911304091,20.31534557019734,16.116035455278002
2026-05-22,AKTX,0.9299612,5.14,9.645,79.70537847453123,50.915003330137516,10.368066355624677
2026-05-22,GOVX,0.3890909,2.75,3.885,58.82275426149114,17.491201405194232,25.740025740025743
2026-05-22,HCWB,0.24418604,2.58,3.23065,65.55760078898729,4.8091496051831415,30.95352328478789
2026-05-22,MTVA,0.2404182,2.87,3.6925499999999998,59.864442785008265,12.340544084484113,27.081556106213863
2026-05-26,MNTS,0.75609756,7.38,13.225,20.960602013163793,25.0300122411665,7.561436672967864
2026-05-26,CODX,0.35502946,5.07,6.865,80.18654649157168,45.54771327507964,14.56664238892935
2026-05-26,AIIO,0.24418604,2.58,3.1712,14.297733677062718,4.409777325537333,31.53380423814329
2026-05-26,CPSH,0.1783334,6.0,8.975,248.96721194807932,29.304335650923292,11.142061281337048
2026-05-26,PONY,0.1547085,8.92,9.4446,24.814548395905994,1.2718750659629217,10.588060902526312
2026-05-27,APPS,0.34927237,4.81,6.9305,36.054978119523724,3.4478085963732887,14.428973378544116
2026-05-27,QTTB,0.29337096,7.09,11.1425,2.220446049250313e-12,17.125732712403924,8.974646623289209
2026-05-27,IPWR,0.27890182,6.92,8.45995,15.524361228373989,0.0,11.82040082979214
2026-05-27,MNTS,0.256783,15.48,19.7021,102.45627585236676,15.871912451081199,5.075601078057669
2026-05-27,VCIG,0.18275869,2.9,3.42295,0.0,21.78740201156356,29.214566382798463
2026-05-28,ATPC,1.0245614,2.85,5.98005,56.413401827396825,31.32642288416195,16.722268208459795
2026-05-28,ASTC,0.570601,13.81,21.62995,101.79573325605807,10.214061335601683,4.623219193756805
2026-05-28,UMAC,0.32766867,18.83,27.225,29.983588520831628,9.459870341708564,3.6730945821854912
2026-05-28,QTEX,0.21904767,2.1,2.38985,10.194514973872264,26.020823131823807,41.843630353369456
2026-05-28,PUSA,0.20708442,3.67,4.27,53.13848216915543,13.099957668692094,23.4192037470726
2026-05-29,OLOX,1.0711381,4.92,10.287700000000001,92.29243158235218,17.54447648529685,9.720345655491508
2026-05-29,REPL,0.6944444,4.68,8.1175,15.672651666709003,0.0,12.319063751154912
2026-05-29,IOTR,0.6250001,2.8,4.1000499999999995,82.74333530260385,23.670974134860504,24.389946464067513
2026-05-29,PD,0.25403225,7.44,8.995000000000001,21.39272407614136,0.0013060304295613432,11.117287381878821
2026-05-29,PLCE,0.2091955,4.35,5.1,67.87493256379449,9.2371892038401,19.607843137254903
2026-06-01,MASK,0.5111731,3.58,6.11945,132.10620480452468,14.337056121069729,16.341337865331035
2026-06-01,CRE,0.36742413,2.64,3.395,0.0,0.0,29.455081001472752
2026-06-01,AIIO,0.28270042,2.37,3.217,30.81664098613265,7.157262722411724,31.08486167236556
2026-06-01,ELMT,0.2467277,15.28,19.7625,38.68651389438131,2.4661080314313866,5.0600885515496525
2026-06-01,FLNC,0.24046612,18.88,25.16,41.55257357170409,14.446825245427314,3.97456279809221
2026-06-02,VSA,0.79439235,4.28,7.2425,48.038149017181304,0.5916321707436779,13.80738695201933
2026-06-02,ABTS,0.495327,2.14,2.97,37.4421114552612,20.88034037231395,33.67003367003367
2026-06-02,LFVN,0.24198377,9.43,9.89,81.81561568310231,0.0,10.111223458038422
2026-06-02,QUCY,0.22421527,2.23,2.895,40.60555444874924,18.91967362509343,34.542314335060446
2026-06-02,SBFM,0.20920503,2.39,2.7327,41.75189701023298,0.0,36.59384491528525
2026-06-03,XOS,1.9058297,2.23,6.547499999999999,91.71479967644972,37.94404299831253,15.273004963726615
2026-06-03,LASE,0.45247936,2.42,3.6774500000000003,60.35741339930099,17.576401227602396,27.1927558498416
2026-06-03,NCT,0.21404684,2.99,3.56,0.0,0.0,28.089887640449437
2026-06-03,FOFO,0.21197009,4.01,5.15,0.0,0.0,19.41747572815534
2026-06-03,HTCO,0.15068483,2.92,3.43,0.0,0.0,29.154518950437318
2026-06-04,FOXX,0.7762238,2.86,6.58,137.23352768672095,29.540793235730114,15.19756838905775
2026-06-04,SPRC,0.4323467,9.46,13.15,53.31667392697121,0.0,7.604562737642586
2026-06-04,ROLR,0.3571428,5.6,6.7200500000000005,46.45876111121617,0.0,14.880841660404311
2026-06-04,MOBX,0.3542601,2.23,2.745,43.098854880678466,15.302867182654895,36.42987249544626
2026-06-04,RPGL,0.2640264,3.03,3.3049999999999997,32.306684495488604,0.0,30.257186081694407
2026-06-05,BBCP,0.4172933,7.98,11.0966,49.43400804705698,0.0,9.011769370798262
2026-06-05,MASK,0.31578946,3.61,4.3951,32.64414254878735,0.0,22.752610862096425
2026-06-05,MRLN,0.2799443,7.18,9.01,54.17231308189865,14.418828038491379,11.098779134295228
2026-06-05,ABTS,0.13761461,2.18,2.2101,0.0,0.0,45.24682141079589
2026-06-05,LASE,0.111878514,3.62,3.6705,9.49401522445148,25.43659453836564,27.244244653316986
2026-06-08,OCC,0.594309,12.3,17.8875,2.6368599524674226,19.448927427285568,5.590496156533892
2026-06-08,ABAT,0.2861737,3.11,3.6778500000000003,21.313074035043,10.786032418758126,27.189798387644952
2026-06-08,FOFO,0.17948711,3.9,4.36505,0.0,0.0,22.909245025830174
2026-06-08,SDOT,0.17792416,12.14,16.4586,0.0,18.49977439081731,6.075850922921755
2026-06-08,NRIX,0.14241803,14.64,16.841250000000002,34.59267345970587,3.28603234832451,5.937801528983893
2026-06-09,FAC,0.44927537,13.8,21.45,68.4838458087506,8.790934633106394,4.662004662004662
2026-06-09,INDP,0.26666677,2.1,2.3595,1.4294366782829993,0.0,42.38186056367874
2026-06-09,BNAI,0.19102347,18.27,20.5425,0.0,0.0,4.8679566751855905
2026-06-09,STAK,0.16959059,5.13,6.890000000000001,34.211052168195074,0.0,14.513788098693757
2026-06-09,FCEL,0.16451609,15.5,18.94495,15.809344209899663,5.022473817233322,5.27845151346401
2026-06-10,XOS,0.18715084,3.58,4.03,52.27334647172736,0.0,24.813895781637715
2026-06-10,STAK,0.14690268,5.65,5.85,0.0,0.0,17.094017094017094
2026-06-10,LAKE,0.12893093,9.54,11.2925,17.702355022934096,0.0,8.855435023245517
2026-06-10,FAC,0.120000005,16.0,17.265,14.500859423852862,0.0,5.7920648711265565
2026-06-10,FACWW,0.111111164,2.25,2.35,0.0,0.0,42.5531914893617
2026-06-11,QH,1.1600001,3.25,6.115,284.176324328536,0.5457199401887886,16.35322976287817
2026-06-11,LASE,0.2651162,2.15,2.6375,60.67818767046609,22.390466863208367,37.91469194312796
2026-06-11,FACWW,0.14754105,3.05,2.7,0.0,0.0,37.03703703703704
2026-06-12,DSY,0.77319586,3.88,5.88,87.01221237463724,2.513002174861473,17.006802721088437
2026-06-12,GMM,0.51388884,2.88,3.98495,46.96675991287027,6.339721541070127,25.09441774677223
2026-06-12,EDHL,0.41471577,5.98,7.5753,64.89985142140338,29.7868457163766,13.20079732815862
2026-06-12,MF,0.26096034,4.79,5.93,0.0,38.77449384683843,16.863406408094434
2026-06-12,MASK,0.18061674,2.27,2.4627999999999997,105.63799126456531,0.0,40.60419035244438
2026-06-15,SDOT,0.37260962,16.21,22.165,0.0,0.0,4.511617414843221
2026-06-15,GMM,0.21428573,3.36,3.8775500000000003,24.01176744688571,0.0,25.789480470915912
2026-06-15,CRMT,0.12440193,2.09,2.5374999999999996,107.07109348256948,0.0,39.4088669950739
2026-06-15,QMCO,0.11208153,13.74,15.4925,60.73649749086311,0.0,6.454736162659351
2026-06-16,SLBT,2.3663664,3.33,13.0799,107.30871979020301,29.9902754759784,7.645318389284322
2026-06-16,TDIC,0.72191536,5.43,8.86,89.67461208592252,0.0,11.286681715575622
2026-06-16,CRVO,0.3467741,2.48,3.155,60.015884419433306,93.48327923368052,31.695721077654518
2026-06-16,CRE,0.33650792,3.15,4.181699999999999,24.173920341876016,14.004651995636282,23.913719300762853
2026-06-16,AIBZ,0.20000005,6.25,7.6581,17.678293904372506,0.0,13.058069233883078
2026-06-17,LNAI,0.6660807,2.845,4.6325,92.97976681354756,20.484547156134173,21.586616297895304
2026-06-17,CLPT,0.36056972,13.34,17.78,26.94211341093701,0.0,5.624296962879639
2026-06-17,CRE,0.33333337,3.27,3.96,6.8527096970433306,0.0,25.252525252525253
2026-06-17,SDOT,0.2687428,8.67,13.203,55.276731073449,2.165332820183296,7.574036203893055
2026-06-17,MNTS,0.15145004,9.31,9.9682,30.66031093247206,3.7258462096257956,10.03190144660019
2026-06-18,CAST,1.3126214,5.15,10.97,163.84268632984356,44.092661463854945,9.115770282588878
2026-06-18,LPA,0.3917197,3.14,4.0625,47.08967312789653,0.0,24.615384615384617
2026-06-18,BFLY,0.26269698,5.71,7.5421,25.67391343372567,6.256517850139212,13.258906670555946
2026-06-18,CRVO,0.22834647,3.81,5.63,75.55869404294029,29.980743708961132,17.761989342806395
2026-06-18,ATPC,0.19780219,2.73,3.1775,0.0,53.15573020110957,31.47128245476003
2026-06-22,CRMT,0.46875,2.4,3.14865,77.50864066707992,6.454888204699579,31.759643021612437
2026-06-22,ICCM,0.30740738,5.4,6.90995,89.58999889231909,0.0,14.471884745909882
2026-06-22,SSTK,0.18759453,13.22,15.6862,0.0,0.0,6.375030281393837
2026-06-22,QTEX,0.12935328,2.01,2.145,40.25889077935326,16.751998125850598,46.62004662004662
2026-06-22,FTH,0.10886645,17.82,19.095,0.0,0.0,5.236973029588898
2026-06-23,BLZE,0.26970446,8.12,10.5775,26.747581972056373,11.011214348712207,9.454029780193807
2026-06-23,ICCM,0.10623944,5.93,6.1899999999999995,0.0,2.885878102434404,16.155088852988694
2026-06-23,WYHG,0.10015178,6.59,7.0,0.0,0.0,14.285714285714286
2026-06-24,QNRX,0.3138461,3.25,4.137499999999999,0.0,0.0,24.169184290030216
2026-06-24,ABSI,0.2834009,7.41,9.67,16.56468212519296,6.046185114718313,10.341261633919338
2026-06-24,WEN,0.24862945,6.255,7.9445,19.376593139543214,2.7562785253403708,12.587324564163888
2026-06-24,RUN,0.20921147,12.81,16.04,44.47010856245694,2.6691474346962143,6.234413965087282
2026-06-24,EHGO,0.17250001,4.0,4.55,46.94055740816679,8.84072649985383,21.978021978021978
2026-06-25,FCUV,0.3642534,4.42,5.64085,96.50648893182581,31.514855204327514,17.727824707269292
2026-06-25,WYY,0.36208844,17.62,21.87255,92.0397872086952,0.0,4.571940628778995
2026-06-25,EHGO,0.24054062,3.7,4.504849999999999,43.369835478401306,0.0,22.198297390590145
2026-06-25,MEI,0.16934872,13.09,16.314999999999998,18.543893069486113,0.0,6.129328838492186
2026-06-25,JLHL,0.14037728,13.25,14.8,0.0,0.0,6.756756756756756
2026-06-26,SDOT,0.8608415,6.18,11.84505,101.7351892224971,42.77707242598443,8.44234511462594
2026-06-26,ILLR,0.6819345,3.05,4.7316,81.38502672500861,16.621505800978753,21.134499957731
2026-06-26,TII,0.26457393,2.23,2.4625,0.4062205549180767,15.046760701166228,40.609137055837564
2026-06-26,SKYQ,0.155303,2.64,2.865,59.601949975655685,14.769207221453875,34.904013961605585
2026-06-29,UPC,4.8006754,2.96,14.6443,254.04224875626937,22.028053559117957,6.828595426206784
2026-06-29,QDEL,0.23277736,13.79,18.8,64.06978730355407,2.247376432806311,5.319148936170213
2026-06-29,RPAY,0.19273746,3.58,4.31,0.0,0.0,23.20185614849188
2026-06-29,CCXIU,0.16942143,14.52,16.33,0.0,0.0,6.123698714023271
2026-06-29,CCXIW,0.14217246,6.26,7.1,0.0,0.0,14.084507042253522
2026-06-30,PAVS,0.2276423,6.15,7.869999999999999,23.22653734266257,0.0,12.706480304955528
2026-06-30,SKYQ,0.12643683,3.48,3.755,29.989829415894143,0.3879205329165315,26.63115845539281
2026-06-30,CAST,0.10892856,5.6,6.14755,10.565444067867894,5.917936402705477,16.26664280892388
2026-07-01,JEM,1.1649873,3.97,8.125,67.04449937234521,84.28467060188295,12.307692307692308
2026-07-01,SOC,0.25974035,3.08,4.0875,25.90123499275491,9.891125170282777,24.464831804281342
2026-07-01,CCXIW,0.14709854,7.41,9.1,0.0,0.0,10.989010989010989
2026-07-02,USDE,0.8653847,2.08,3.385,13.285390678330927,9.182606779041079,29.542097488921716
2026-07-02,DSY,0.45486104,2.88,4.237500000000001,117.58852833373012,7.025629741370433,23.598820058997045
2026-07-02,NEXA,0.11996651,12.04,14.01,9.625083143627794,0.0,7.137758743754461
2026-07-02,TENX,0.10308504,13.29,14.907499999999999,32.92106296911748,0.0,6.708032869361061
2026-07-06,FXHO,0.8145833,7.2,12.9601,8.226153020335309,51.385436755977885,7.715989845757362
2026-07-06,JLHL,0.24965894,7.33,8.32,0.0,0.0,12.019230769230768
2026-07-06,BGDE,0.22953022,7.45,9.0256,0.0,0.0,11.079595816344618
2026-07-06,CRE,0.14859438,2.49,2.7975,0.0,0.0,35.74620196604111
2026-07-06,GMEX,0.13110542,3.89,3.95005,50.00028431474269,0.0,25.316135238794445
2026-07-07,CLRO,0.37,7.0,8.95995,97.20737273447274,67.37499808027034,11.16077656683352
2026-07-07,TDIC,0.20334268,3.59,4.0280000000000005,7.195340892388838,0.0,24.826216484607745
2026-07-07,EDHL,0.16414142,3.96,4.9199,92.20306139575335,0.0,20.32561637431655
2026-07-07,SKYQ,0.15566051,2.12,2.4949000000000003,60.08114558891514,20.229900988205433,40.081766804280726
2026-07-07,AMPG,0.11824322,5.92,6.8309999999999995,58.66718062273425,0.0,14.639145073927684
2026-07-08,IOTR,0.40674603,2.52,3.5499,54.225919735254685,13.575084812605542,28.16980760021409
2026-07-08,TC,0.27804875,2.05,2.505,46.03114521299489,0.0,39.920159680638726
2026-07-08,SKYQ,0.15666664,3.0,3.41595,28.92120749857404,23.312088043143465,29.27443317378767
2026-07-08,KC,0.102754235,9.44,10.37,0.0,0.0,9.643201542912248
2026-07-09,JLHL,0.21895432,3.06,4.3349,119.00620041359757,43.57698618514163,23.068582896952638
2026-07-09,IOTR,0.19209039,3.54,3.935,27.315143811567477,0.0,25.412960609911053
2026-07-09,SMPL,0.17056072,12.84,12.8721,26.52909699363125,0.0,7.768740143410943
2026-07-09,SUNE,0.1516589,2.11,2.34775,41.29691029697508,23.983806183042073,42.59397295282717
2026-07-09,AP,0.14086473,7.17,8.5225,3.0218005184924497,0.0,11.733646230566148
2026-07-10,WNW,0.18674707,3.32,3.7,0.0,0.0,27.027027027027025
2026-07-10,WOK,0.17326725,2.02,2.165,27.373604164860836,12.767363333765251,46.18937644341801
2026-07-10,EQPT,0.125,16.0,18.247500000000002,22.344407314141367,0.85495058601813,5.480202767502397
2026-07-10,VOD,0.12446487,13.08,14.7,4.49370825669129,0.1041368707301866,6.802721088435375
2026-07-10,CCC,0.10594785,5.38,5.825,7.421106374428672,3.3414894438347993,17.167381974248926
2026-07-13,QTTB,0.633363,11.21,18.325,64.68274959971741,13.587948017984674,5.457025920873124
2026-07-13,AGEN,0.6179105,3.35,5.744999999999999,102.05844647695139,25.25675544818639,17.406440382941692
2026-07-13,MIMI,0.4465115,2.15,3.1,68.56247225816824,6.5706045407668725,32.25806451612903
2026-07-13,GFUZ,0.40350878,9.12,11.525,0.0,0.0,8.676789587852495
2026-07-13,SKYQ,0.168239,3.18,3.98795,52.38691080032551,14.933936700600649,25.075540064444137
2026-07-14,MF,0.43492055,6.3,8.315000000000001,88.56065062857627,0.0,12.026458208057726
2026-07-14,CLSK,0.1881069,12.36,13.54795,29.316663130548108,4.456005851946617,7.3811905122177155
2026-07-14,LVLU,0.17427897,8.32,8.4,0.0,0.0,11.904761904761905
2026-07-14,SNWV,0.15452933,11.26,11.985,0.0,0.0,8.343763037129746
2026-07-14,GFUZ,0.1431818,11.0,13.11,16.85852870216663,0.0,7.627765064836003
2026-07-15,ELVA,0.5462611,7.89,10.76,89.56652718723973,15.966345386509833,9.29368029739777
2026-07-15,TRT,0.17543864,10.26,12.29925,0.3545000585424288,0.0,8.13057706770738
2026-07-15,KOPN,0.1170212,3.76,4.19505,2.2929378566266303,5.225615388976866,23.83761814519493
2026-07-15,SHMD,0.10398221,4.52,4.859999999999999,0.0,0.0,20.5761316872428
2026-07-16,RUBI,0.70967746,3.72,4.51,47.141963228337985,11.306525092854143,22.172949002217297
2026-07-16,ATPC,0.3531747,2.52,3.4638,65.71592266666896,33.925134030777805,28.87002713782551
2026-07-16,ATAI,0.318097,5.36,7.055,8.083338789329618,14.035087719297449,14.17434443656981
2026-07-16,ERNA,0.1218425,6.73,7.07,0.0,0.0,14.144271570014144
2026-07-17,SDOT,0.5396491,14.25,21.59995,105.21844411777306,48.46829898907976,4.6296403463896905
2026-07-17,BIYA,0.38157892,3.04,4.279999999999999,147.88758120874633,18.483689651244422,23.364485981308416
2026-07-17,JLHL,0.14928913,8.44,9.815000000000001,3.366097001900242,0.0,10.188487009679061
2026-07-20,BIYA,0.87922716,4.14,7.0343,51.170770301586764,34.023296125820565,14.216055613209559
2026-07-20,BXBL,0.3878554,8.3,10.907499999999999,53.25747052366561,6.648241959294713,9.168003667201468
2026-07-20,ADVB,0.33399594,5.03,7.015000000000001,65.87981098623231,27.743890260026845,14.255167498218103
2026-07-20,SKYQ,0.1144737,3.8,4.7,77.10869660018616,6.332796204658387,21.27659574468085
2026-07-20,NNBR,0.103773594,3.18,3.4225,17.132339717162658,0.0,29.218407596785976
2026-07-21,UTZ,0.8899329,7.45,14.08,4.05044077226731,3.5429583702393246,7.1022727272727275
2026-07-21,FWRD,0.14772725,13.2,15.4775,6.507908542157284,0.0,6.460991762235503
2026-07-21,PWCM,0.118367314,2.45,2.7125,14.533957796116816,0.0,36.86635944700461
2026-07-22,INLF,0.45739913,2.23,3.46,135.37684865293934,22.319534527848145,28.901734104046245
2026-07-22,AIRJ,0.16657817,3.77,4.495,61.256427241114864,6.37738069290897,22.246941045606228
2026-07-22,SNTG,0.12440193,2.09,2.38,23.513273484870783,0.0,42.016806722689076
2026-07-23,DOMO,0.36031735,3.15,4.11205,27.60575405540124,6.6339573729492605,24.318770442966404
2026-07-23,ADVB,0.23673463,12.25,16.33005,99.91127730913006,0.1099600483450106,6.123679964237709
2026-07-23,RELL,0.17594671,18.01,22.00435,12.032594524498053,0.0,4.544555962798265
2026-07-23,NVCR,0.1560694,15.57,19.95,19.194413975361844,5.244103144422595,5.012531328320803
2026-07-23,CLF,0.12910056,9.45,11.06,4.691594467833345,6.317023107354594,9.041591320072332
2026-07-24,VIVK,0.7028302,2.12,2.9804500000000003,109.37253585971551,29.537591485300677,33.55198040564344
2026-07-24,ADVB,0.37604284,16.78,21.110300000000002,35.439966068274025,0.0,4.737024106715679
2026-07-24,JEM,0.29746842,4.74,5.44,67.59828294204192,50.22843241451617,18.38235294117647
2026-07-24,CJMB,0.17446816,2.35,2.815,303.56588411187414,0.0,35.52397868561279
2026-07-24,PN,0.16207635,9.44,11.34685,77.81943835040563,0.0,8.813018591062718
2026-07-27,DFNS,0.6,4.35,6.58,89.89705549684084,134.4243204334238,15.19756838905775
2026-07-27,VEEE,0.17347729,12.97,18.5675,81.64574947262041,0.0,5.3857546788743775
2026-07-27,PN,0.1654135,7.98,10.3,0.0,0.0,9.70873786407767
2026-07-27,OMER,0.14913177,9.79,11.2775,11.521450094274625,0.0,8.867213478164487
2026-07-27,AGPU,0.14890516,6.85,7.16,79.78343313883684,0.35101835976144175,13.966480446927374
2026-07-28,FIRY,0.6704546,8.36,11.8375,85.58907878651584,10.70607296338518,8.447729672650475
2026-07-28,DFNS,0.56259537,13.1,26.115000000000002,0.0,63.02014392411283,3.829216925138809
2026-07-28,INLF,0.44237804,3.28,4.775,0.0,34.38796086736699,20.94240837696335
2026-07-28,BIYA,0.3189448,4.17,5.180949999999999,0.0,24.446236292606354,19.30147945840049
2026-07-28,LVWR,0.22222221,2.43,2.65555,60.087570884284084,22.17112991301195,37.65698254598859
2026-07-29,AMIX,0.56909096,2.75,5.73565,200.88058300902145,38.1730674780195,17.43481558323817
2026-07-29,GMM,0.3927126,2.47,3.35865,38.53912879051272,5.66432608285218,29.773867476515864
2026-07-29,VRRM,0.3755982,4.18,5.33245,16.75962971388033,6.546702266962751,18.753105983178465
2026-07-29,STFS,0.35261703,3.63,4.93,0.0,8.358965198103066,20.28397565922921
2026-07-29,SKYQ,0.22343314,3.67,4.1937999999999995,61.812064027043114,0.0,23.844723162764083
2026-07-30,PN,0.90018654,10.72,18.89705,2.220446049250313e-12,3.0628878205927488,5.291831264668295
2026-07-30,STKH,0.5848708,2.71,4.108499999999999,59.73909097849772,5.611612456709602,24.339783375927958
2026-07-30,CMCO,0.36582017,14.62,19.59575,0.0,0.0,5.1031473661380655
2026-07-30,XRX,0.2954545,2.64,3.3996500000000003,42.55272208849986,11.436763812389469,29.414792699248448
2026-07-30,BOOM,0.29151285,5.42,6.7,0.0,0.0,14.925373134328359
2026-07-31,PWP,0.32188547,14.91,17.02,0.0,0.0,5.875440658049354
2026-07-31,NWL,0.2839434,5.14,6.4775,48.94339372512613,2.54675896057789,15.438054805094557
2026-07-31,DUOT,0.14742017,8.14,8.841000000000001,1.6827134988221766,0.0,11.3109376767334
2026-07-31,FLNC,0.12286556,13.47,14.075,9.23558827737078,0.0,7.104795737122558
2026-07-31,BSBR,0.114851475,5.05,5.675,0.8871089862386523,5.034379504865517,17.62114537444934
2026-08-03,UPC,1.221519,3.16,6.165,106.62317032952932,21.357295025434393,16.220600162206
2026-08-03,FCUV,0.33706892,11.6,16.06995,99.94159867285114,13.342298032381201,6.2227947193364015
2026-08-03,CNH,0.11317074,10.25,11.88,25.60879075006242,1.5560387936981122,8.417508417508417
2026-08-03,RUBI,0.112107635,2.23,2.5462499999999997,76.41441788599234,0.0,39.27344133529701
2026-08-04,DXST,0.3230089,2.26,2.86745,71.63481852311907,0.0,34.874191354687966
2026-08-04,BLZE,0.2931366,15.59,23.214399999999998,48.8424361234685,3.54821249183515,4.30767110069612
2026-08-04,MED,0.2351129,9.74,12.4401,3.9986425596023008,0.0,8.038520590670494
2026-08-04,MRAM,0.17475724,15.45,17.174,7.421236602417028,0.0,5.822755327821125
2026-08-04,DDD,0.16961133,2.83,3.34,0.0,4.481959411843903,29.940119760479043
2026-08-05,INLF,1.4544024,3.18,7.18,2.220446049250313e-12,38.3179961642878,13.92757660167131
2026-08-05,GTE,0.5124451,6.83,10.9025,125.23864014446768,2.4100514224923226,9.172208209126348
2026-08-05,BLMN,0.35874438,8.92,11.77,49.32662042752887,0.6594901976676113,8.496176720475786
2026-08-05,APPS,0.256572,9.51,13.8225,39.299750670796826,3.093350105052477,7.234581298607343
2026-08-05,SWIM,0.22280705,5.7,6.6899999999999995,5.774311821664372,0.0,14.947683109118088
2026-08-06,CLRO,2.1752717,3.68,10.585,113.54049925533128,39.89466112255626,9.447331128956069
2026-08-06,PAVS,0.89409375,4.91,8.395050000000001,154.56613546447252,14.48359973332399,11.911781347341586
2026-08-06,ASPN,0.45708585,5.01,7.6953499999999995,15.822839292355118,0.0,12.994860532659334
2026-08-06,IOVA,0.37096763,4.34,5.96755,0.0,8.392438978051597,16.757295707618702
2026-08-06,EVH,0.32467532,3.08,3.68375,8.338136775150572,0.0,27.146250424160165
2026-08-07,NAMI,2.130584,2.91,7.5278,132.1659003925791,30.193332058974384,13.284093626291877
2026-08-07,DSY,0.7478261,3.45,5.71995,95.30956715412957,19.788251045281147,17.48267030306209
2026-08-07,VATE,0.48987854,7.41,10.6775,63.59746663797753,16.404923853277502,9.365488176071178
2026-08-07,FIGS,0.35231316,11.24,15.48,2.8667724708999973,1.6905915996430774,6.459948320413437
2026-08-07,STLN,0.30861735,4.99,6.4275,24.72002487684768,0.9639726674924379,15.558148580318942
2026-08-10,VREX,0.48186946,12.41,18.39,3.099156087689877,1.5470321994599956,5.43773790103317
2026-08-10,XHLD,0.46039605,2.02,3.1300499999999998,37.406626089598376,31.25591598120764,31.94837143176627
2026-08-10,SLN,0.39748967,11.95,15.965,47.445625759950694,9.687356644570771,6.263701847792045
2026-08-10,ABCL,0.26406932,6.93,9.4293,41.76259120533388,7.864838289134641,10.60524111015664
2026-08-10,INHD,0.22060263,5.145,6.237500000000001,0.0,0.0,16.03206412825651
2026-08-11,WYHG,0.40384614,5.72,8.24655,111.77647168623619,10.621317431834502,12.126283112331825
2026-08-11,BW,0.33558547,8.88,10.3,53.509998398319446,5.247230319114075,9.70873786407767
2026-08-11,ELPW,0.28678298,4.01,5.015,37.276372458303015,0.0,19.940179461615156
2026-08-11,FF,0.27728152,5.16,6.76,40.09666648659453,0.0,14.792899408284024
2026-08-11,STIM,0.2603686,2.17,3.0247,32.47758840704921,15.772848527711483,33.061130029424405
2026-08-12,BOXL,0.5580205,2.93,4.9901,76.68786195352929,19.82540020386487,20.039678563555842
2026-08-12,HYLN,0.29846942,3.92,4.442500000000001,25.30490279517115,0.0,22.509848058525602
2026-08-12,VELO,0.24543464,13.69,15.4062,24.301664518895635,0.0,6.490893276732744
2026-08-12,OWLT,0.17830873,5.44,6.072,0.0,0.0,16.469038208168644
2026-08-12,NRGV,0.16759777,3.58,4.02,2.452405663530714,1.694761594184334,24.875621890547265
2026-08-13,FGI,0.7906977,4.73,7.83,82.41813511094362,59.356412548257815,12.77139208173691
2026-08-13,ARX,0.4408524,13.61,19.555,2.921081668479967,2.561147394031108,5.113781641523907
2026-08-13,CURI,0.27851355,2.8,3.86045,43.36962007262545,10.648814709681396,25.90371588804414
2026-08-13,OMER,0.21444201,13.71,17.5475,2.281800195695828,0.0,5.698817495369711
2026-08-13,HLIT,0.20666659,12.0,14.305,21.025047500880905,0.0,6.990562740300595
2026-08-14,CAPR,0.81947744,4.21,6.9275,85.83320002532078,8.66067278503978,14.435221941537351
2026-08-14,SXTC,0.39393938,3.3,4.285,60.84510716231899,0.4858407945404817,23.337222870478413
2026-08-14,BOXL,0.30441177,6.8,8.4265,0.0,0.0,11.867323325223994
2026-08-14,MF,0.30400002,10.0,13.36,228.2638465618996,0.0,7.485029940119761
2026-08-14,IMXI,0.21709406,11.7,14.065,0.0,0.0,7.109847138286527
2026-08-17,IPST,2.5998366,2.2001,7.47495,132.51948905805534,47.4525488546468,13.378015906460913
2026-08-17,XPON,0.23901105,3.64,4.47,55.06497652378361,0.0,22.371364653243848
2026-08-17,OABI,0.23816562,3.38,4.035,57.185389263371285,4.365636081263063,24.783147459727385
2026-08-17,WETO,0.23600972,8.22,14.3966,0.0,56.60301448888288,6.946084492171763
2026-08-17,JLHL,0.23226702,7.19,8.457450000000001,3.9528981371812857,0.0,11.823894909222044
2026-08-18,XOS,1.1674643,2.09,4.31495,78.48005059862632,13.764360541957346,23.1752395740391
2026-08-18,SLE,1.0596025,3.02,5.32,208.25070745620448,25.68037024860727,18.796992481203006
2026-08-18,PFSA,0.9470197,4.53,11.5681,35.04658397734047,46.285381150292245,8.64446192546745
2026-08-18,SGLY,0.50334084,4.49,5.824999999999999,70.62318347558458,0.0,17.16738197424893
2026-08-18,WEAV,0.318264,5.53,7.295,13.708019191226436,6.861063464836667,13.708019191226867
2026-08-19,TNON,1.1412845,5.45,11.309999999999999,0.0,42.78729609562229,8.841732979664014
2026-08-19,RCON,0.18263483,3.34,3.92,7.940944449188355,0.0,25.510204081632654
2026-08-19,MRVI,0.17020905,5.74,7.4925,14.668519811343465,0.8344467477477616,13.346680013346681
2026-08-19,ARCT,0.14555418,8.21,10.543050000000001,12.780569913321212,0.0,9.484921346289735
2026-08-19,KC,0.13191879,10.84,11.950199999999999,2.2530241464098313,0.0,8.368060785593547
2026-08-20,SGLY,0.5469799,2.98,3.88185,102.48926839321815,16.858802629133436,25.76091296675554
2026-08-20,CDTG,0.18604648,3.01,3.7405,169.76933164439683,28.015007090104703,26.73439379762064
2026-08-20,BULL,0.15046287,8.64,9.753,34.44654297563439,4.357745911784408,10.253255408592228
2026-08-20,MODD,0.12048197,3.32,3.61,0.0,0.0,27.70083102493075
2026-08-20,RCON,0.10081744,3.67,3.875,5.727540832906887,0.0,25.806451612903224
2026-08-21,RFAI,2.142184,12.73,48.9727,75.21069734048042,0.0,2.0419539866088656
2026-08-21,SUGP,0.37769783,2.78,3.8825,159.22397539650402,21.296297572953204,25.756600128783003
2026-08-21,ADXN,0.28446376,4.57,5.3156,0.0,0.0,18.81255173451727
2026-08-21,USDE,0.26,4.0,5.30235,98.60904740893747,44.24384491318533,18.859562269559724
2026-08-21,BRNX,0.16562498,3.2,3.7508,37.67280053832827,0.0,26.660978991148557
2026-08-24,SDOT,0.632777,13.18,24.09,156.4321016784751,35.46618482386812,4.151100041511
2026-08-24,PMI,0.41121495,3.21,4.166600000000001,40.93454053195404,5.213541685377817,24.000384006144095
2026-08-24,CAPR,0.27662957,6.29,6.5425,62.27178991114223,3.2405537610518143,15.284677111196025
2026-08-24,DXST,0.19444442,2.52,2.9175,49.67452516424994,0.0,34.27592116538132
2026-08-24,SUPX,0.13849759,8.52,9.17745,39.181451769424264,0.0,10.896272929844347
2026-08-25,DFNS,0.4809264,11.01,14.030000000000001,0.0,12.196197348918872,7.127583749109052
2026-08-25,AMIX,0.41713226,5.37,8.19905,85.67938887453502,26.01118174459011,12.19653496441661
2026-08-25,JEM,0.3534032,3.82,5.145,35.44066823679045,42.39543454143212,19.436345966958214
2026-08-25,GRML,0.20467842,8.55,9.25,31.322905458538603,0.0,10.81081081081081
2026-08-25,BRNX,0.18181825,4.18,4.99,0.0,0.0,20.04008016032064
2026-08-26,DAIC,0.6005155,3.88,5.9914000000000005,94.45893956022275,22.150272314609403,16.690589845445135
2026-08-26,PSNYW,0.51742625,3.73,5.590949999999999,0.0,0.0,17.886047988266753
2026-08-26,VCIG,0.3838029,2.84,2.63995,85.9338324326844,0.0,37.87950529366087
2026-08-26,WVVIP,0.34826732,3.3302,3.965,0.1958750617206024,0.0,25.220680958385877
2026-08-26,SDOT,0.22446477,16.35,19.045,81.22182018450756,0.0,5.250721974271462
2026-08-27,WNW,0.3104838,2.48,3.3,33.59272231349205,1.5338320338081644,30.303030303030305
2026-08-27,LTRX,0.17932868,5.66,6.24,34.7168168175041,0.0,16.025641025641026
2026-08-27,YJ,0.152174,2.76,3.1953500000000004,32.14035924672118,0.0,31.29547623890966
2026-08-27,PSNYW,0.14126384,5.38,5.950100000000001,0.0,0.0,16.806440227895326
2026-08-27,DAIC,0.13786411,5.15,5.64085,37.21339729263328,29.97038407101181,17.727824707269292
2026-08-28,PSQL,0.7344228,9.79,15.605550000000001,47.41802474569061,0.0,6.407976649333089
2026-08-28,AEMD,0.34562206,2.17,3.089,68.22916755023897,10.471123689891012,32.372936225315634
2026-08-28,XLAB,0.3135593,4.72,6.08805,0.0,0.0,16.425620683141563
2026-08-31,AEHL,0.90960455,3.54,6.105,136.07133203722518,18.665215717044468,16.38001638001638
2026-08-31,WETO,0.26048958,5.72,9.26,195.28355256202758,26.518897003043588,10.799136069114471
2026-08-31,BRNX,0.15681231,3.89,4.53705,6.026093006404397,0.0,22.040753352949604
2026-08-31,NEOV,0.15269458,3.34,4.0375,29.227378897008588,5.550167347388999,24.76780185758514
2026-08-31,DPRO,0.11198211,4.465,5.15255,18.702755860428823,4.708091934290774,19.40786600809308
2026-09-01,WETO,0.40237224,5.48,7.19395,3.97577021369561,3.337697990527389,13.9005692283099
2026-09-01,SSM,0.39925373,2.68,3.86985,88.11002319806217,20.178623627757247,25.840794862849982
2026-09-01,YEXT,0.13146234,6.77,7.328,0.0,0.0,13.646288209606986
2026-09-01,SST,0.11607146,2.24,2.4425,51.60196045246086,0.0,40.941658137154555
2026-09-01,PXS,0.10634327,5.36,6.10135,0.6985272528025126,0.0,16.38981536872987
