date,symbol,gap,prev_close,rank,ma,vwap,fill,stop,target,inverted,entry_ts,entry_px,exit_px,exit_ts,exit_reason,R_dollars,pnl_pct,R_mult
2021-01-06,TATT,0.4901961,5.1,1.0,ema,premkt,nextopen,pullback,eod,False,2021-01-06 09:55:00,7.66,7.140000000000001,2021-01-06 10:41:00,stop,0.5199999999999996,-6.788511749347248,-1.0
2021-01-06,CRON,0.12898934,7.52,4.0,ema,premkt,nextopen,pullback,eod,False,2021-01-06 10:00:00,8.485,8.655,2021-01-06 15:55:00,eod,0.1949999999999985,2.00353565114908,0.8717948717948781
2021-01-06,NCTY,0.12850463,8.56,5.0,ema,premkt,nextopen,pullback,eod,False,2021-01-06 09:50:00,11.1,14.38,2021-01-06 15:55:00,eod,0.9100000000000001,29.54954954954956,3.604395604395605
2021-01-07,NCTY,0.45668232,14.89,1.0,ema,premkt,nextopen,pullback,eod,False,2021-01-07 10:15:00,23.35,22.259999999999998,2021-01-07 10:45:00,stop,1.0900000000000034,-4.668094218415431,-1.0
2021-01-07,XNET,0.27133536,3.37,3.0,ema,premkt,nextopen,pullback,eod,False,2021-01-07 09:50:00,4.7078,5.015,2021-01-07 15:55:00,eod,0.40779999999999994,6.5253409235736415,0.7533104462972045
2021-01-07,MARA,0.18985856,16.96,5.0,ema,premkt,nextopen,pullback,eod,False,2021-01-07 10:50:00,21.01,20.174999999999997,2021-01-07 13:46:00,stop,0.8350000000000044,-3.9742979533555656,-1.0
2021-01-08,LGHL,1.1652174,2.3,1.0,ema,premkt,nextopen,pullback,eod,False,2021-01-08 10:50:00,4.75,4.3,2021-01-08 11:35:00,stop,0.4500000000000002,-9.473684210526322,-1.0
2021-01-08,FTFT,0.6452174,5.75,2.0,ema,premkt,nextopen,pullback,eod,False,2021-01-08 09:55:00,9.81,8.6,2021-01-08 10:15:00,stop,1.2100000000000009,-12.33435270132519,-1.0
2021-01-08,GRNQ,0.35585582,2.22,3.0,ema,premkt,nextopen,pullback,eod,False,2021-01-08 09:50:00,3.38,3.0100000000000002,2021-01-08 10:19:00,stop,0.36999999999999966,-10.946745562130166,-1.0
2021-01-08,JAGX,0.21641803,2.68,5.0,ema,premkt,nextopen,pullback,eod,False,2021-01-08 10:35:00,3.6,4.0293,2021-01-08 15:55:00,eod,0.33999999999999986,11.925000000000008,1.26264705882353
2021-01-12,IRIX,0.37328672,2.86,1.0,ema,premkt,nextopen,pullback,eod,False,2021-01-12 10:20:00,3.995,3.81,2021-01-12 10:35:00,stop,0.18500000000000005,-4.630788485607007,-1.0
2021-01-12,APXTW,0.1618799,3.83,5.0,ema,premkt,nextopen,pullback,eod,False,2021-01-12 10:00:00,4.62,4.3100000000000005,2021-01-12 12:16:00,stop,0.3099999999999996,-6.7099567099567,-1.0
2021-01-13,BGM,0.42003298,10.0,1.0,ema,premkt,nextopen,pullback,eod,False,2021-01-13 10:00:00,14.64,13.22,2021-01-13 10:56:00,stop,1.42,-9.699453551912562,-1.0
2021-01-13,STIM,0.21079695,11.67,5.0,ema,premkt,nextopen,pullback,eod,False,2021-01-13 11:00:00,14.42,13.89,2021-01-13 11:17:00,stop,0.5299999999999994,-3.675450762829402,-1.0
2021-01-14,ORGO,0.32697546,7.34,3.0,ema,premkt,nextopen,pullback,eod,False,2021-01-14 10:25:00,9.4495,9.25,2021-01-14 13:38:00,stop,0.19950000000000045,-2.111222816022018,-1.0
2021-01-19,ACRS,1.3894558,5.88,1.0,ema,premkt,nextopen,pullback,eod,False,2021-01-19 10:20:00,15.3984,18.705,2021-01-19 15:55:00,eod,0.7384000000000004,21.473659600997497,4.4780606717226386
2021-01-19,GEVO,0.38437498,6.4,2.0,ema,premkt,nextopen,pullback,eod,False,2021-01-19 09:50:00,9.67,10.705,2021-01-19 15:55:00,eod,0.879999999999999,10.703205791106507,1.176136363636365
2021-01-19,CRNT,0.28041244,4.85,5.0,ema,premkt,nextopen,pullback,eod,False,2021-01-19 10:05:00,6.3004,6.15,2021-01-19 10:47:00,stop,0.15039999999999942,-2.3871500222208075,-1.0
2021-01-20,DARE,0.45762706,2.36,1.0,ema,premkt,nextopen,pullback,eod,False,2021-01-20 09:45:00,3.5599,3.49,2021-01-20 09:50:00,stop,0.06989999999999963,-1.9635383016376795,-1.0
2021-01-20,SENS,0.16842103,2.85,5.0,ema,premkt,nextopen,pullback,eod,False,2021-01-20 10:10:00,3.2486,3.02,2021-01-20 10:31:00,stop,0.22860000000000014,-7.036877424121169,-1.0
2021-01-21,IPWR,0.37650943,9.11,1.0,ema,premkt,nextopen,pullback,eod,False,2021-01-21 09:50:00,15.6,13.120000000000001,2021-01-21 10:15:00,stop,2.4799999999999986,-15.897435897435885,-1.0
2021-01-22,EVGO,0.55547225,13.34,1.0,ema,premkt,nextopen,pullback,eod,False,2021-01-22 10:05:00,21.95,20.779999999999998,2021-01-22 10:16:00,stop,1.1700000000000017,-5.330296127562651,-1.0
2021-01-22,HIND,0.2489872,5.0601,2.0,ema,premkt,nextopen,pullback,eod,False,2021-01-22 09:45:00,7.35,6.61,2021-01-22 10:09:00,stop,0.7399999999999993,-10.068027210884345,-1.0
2021-01-25,AMTX,0.6181817,4.4,1.0,ema,premkt,nextopen,pullback,eod,False,2021-01-25 09:55:00,7.3,6.94,2021-01-25 10:07:00,stop,0.35999999999999943,-4.93150684931506,-1.0
2021-01-25,RCON,0.3881278,2.19,3.0,ema,premkt,nextopen,pullback,eod,False,2021-01-25 09:45:00,3.35,3.02,2021-01-25 10:01:00,stop,0.33000000000000007,-9.850746268656717,-1.0
2021-01-26,VANI,0.23923445,2.09,3.0,ema,premkt,nextopen,pullback,eod,False,2021-01-26 09:50:00,2.4889,2.43,2021-01-26 09:56:00,stop,0.05889999999999995,-2.3665072923781616,-1.0
2021-01-26,PRTS,0.19456685,13.62,5.0,ema,premkt,nextopen,pullback,eod,False,2021-01-26 09:55:00,16.9529,20.7,2021-01-26 15:55:00,eod,0.8129000000000026,22.103003026030944,4.609546069627245
2021-01-27,KOSS,0.7520001,10.0,2.0,ema,premkt,nextopen,pullback,eod,False,2021-01-27 10:00:00,17.0,57.41,2021-01-27 15:53:00,eod,0.9100000000000001,237.70588235294116,44.406593406593394
2021-01-28,MPU,0.85025644,9.75,3.0,ema,premkt,nextopen,pullback,eod,False,2021-01-28 10:45:00,14.14,13.790000000000001,2021-01-28 10:50:00,stop,0.34999999999999964,-2.4752475247524774,-1.0
2021-02-02,AREC,0.35436904,2.51,2.0,ema,premkt,nextopen,pullback,eod,False,2021-02-02 09:50:00,3.3899,3.31,2021-02-02 09:56:00,stop,0.07989999999999986,-2.3570016814655204,-1.0
2021-02-03,SLS,0.43643022,8.18,2.0,ema,premkt,nextopen,pullback,eod,False,2021-02-03 09:50:00,12.095,11.84,2021-02-03 09:57:00,stop,0.2550000000000008,-2.1083092186854113,-1.0
2021-02-03,KOSS,0.33749998,20.0,3.0,ema,premkt,nextopen,pullback,eod,False,2021-02-03 10:00:00,26.2,25.799999999999997,2021-02-03 10:06:00,stop,0.40000000000000213,-1.526717557251922,-1.0
2021-02-03,CPSH,0.28242064,6.94,4.0,ema,premkt,nextopen,pullback,eod,False,2021-02-03 09:50:00,9.75,9.28,2021-02-03 09:55:00,stop,0.47000000000000064,-4.820512820512823,-1.0
2021-02-03,SOGP,0.26199913,5.16,5.0,ema,premkt,nextopen,pullback,eod,False,2021-02-03 10:10:00,8.1,8.4138,2021-02-03 15:55:00,eod,1.1099999999999994,3.8740740740740742,0.2827027027027033
2021-02-04,ATOS,0.36728394,3.24,2.0,ema,premkt,nextopen,pullback,eod,False,2021-02-04 09:50:00,4.67,4.32,2021-02-04 10:04:00,stop,0.34999999999999964,-7.494646680942174,-1.0
2021-02-04,SOGP,0.28365195,8.5,3.0,ema,premkt,nextopen,pullback,eod,False,2021-02-04 09:45:00,13.12,14.47,2021-02-04 15:55:00,eod,1.7499999999999982,10.289634146341475,0.771428571428573
2021-02-05,KRKR,0.46888888,4.5,2.0,ema,premkt,nextopen,pullback,eod,False,2021-02-05 10:25:00,5.74,5.38,2021-02-05 10:51:00,stop,0.3600000000000003,-6.271777003484324,-1.0
2021-02-08,OCGN,0.767619,5.25,1.0,ema,premkt,nextopen,pullback,eod,False,2021-02-08 10:10:00,12.25,15.5499,2021-02-08 15:55:00,eod,1.709999999999999,26.937959183673456,1.9297660818713456
2021-02-08,WPRT,0.43930638,8.65,2.0,ema,premkt,nextopen,pullback,eod,False,2021-02-08 10:10:00,12.67,12.2901,2021-02-08 10:24:00,stop,0.37989999999999924,-2.9984214680347177,-1.0
2021-02-08,CLNE,0.2995373,12.97,3.0,ema,premkt,nextopen,pullback,eod,False,2021-02-08 09:50:00,17.14,17.74,2021-02-08 15:55:00,eod,0.5400000000000027,3.5005834305717576,1.1111111111111016
2021-02-09,OTLK,0.19637465,3.31,2.0,ema,premkt,nextopen,pullback,eod,False,2021-02-09 09:50:00,3.951,3.75,2021-02-09 09:57:00,stop,0.20100000000000007,-5.087319665907364,-1.0
2021-02-09,PRSO,0.13742697,3.42,5.0,ema,premkt,nextopen,pullback,eod,False,2021-02-09 10:20:00,4.22,4.3001,2021-02-09 15:55:00,eod,0.3299999999999996,1.8981042654028446,0.24272727272727251
2021-02-10,OLB,0.7127516,7.45,1.0,ema,premkt,nextopen,pullback,eod,False,2021-02-10 10:30:00,10.9989,9.98,2021-02-10 13:57:00,stop,1.0189000000000004,-9.263653638091085,-1.0
2021-02-11,RCMT,1.681572,3.69,1.0,ema,premkt,nextopen,pullback,eod,False,2021-02-11 09:50:00,9.95,8.66,2021-02-11 10:03:00,stop,1.2899999999999991,-12.964824120603001,-1.0
2021-02-11,MVIS,0.4057144,14.0,3.0,ema,premkt,nextopen,pullback,eod,False,2021-02-11 10:55:00,20.482,19.549999999999997,2021-02-11 11:30:00,stop,0.9320000000000022,-4.550336881163963,-1.0
2021-02-12,INO,0.18615377,13.0,2.0,ema,premkt,nextopen,pullback,eod,False,2021-02-12 10:20:00,15.585,15.49,2021-02-12 10:26:00,stop,0.09500000000000064,-0.6095604748155292,-1.0
2021-02-16,SCKT,2.1450615,3.24,1.0,ema,premkt,nextopen,pullback,eod,False,2021-02-16 10:10:00,11.64,11.39,2021-02-16 10:16:00,stop,0.25,-2.1477663230240585,-1.0
2021-02-16,SOS,0.3024193,7.44,3.0,ema,premkt,nextopen,pullback,eod,False,2021-02-16 10:50:00,11.925,11.540000000000001,2021-02-16 11:00:00,stop,0.3849999999999998,-3.228511530398326,-1.0
2021-02-17,CLPS,1.7176383,4.9,3.0,ema,premkt,nextopen,pullback,eod,False,2021-02-17 10:15:00,19.254,15.19,2021-02-17 10:43:00,stop,4.064000000000002,-21.107302378726512,-1.0
2021-02-18,BKSY,0.26210046,10.95,2.0,ema,premkt,nextopen,pullback,eod,False,2021-02-18 09:55:00,13.73,13.52,2021-02-18 12:20:00,stop,0.21000000000000085,-1.5294974508375914,-1.0
2021-02-18,BTTC,0.18309855,3.55,3.0,ema,premkt,nextopen,pullback,eod,False,2021-02-18 10:10:00,4.489,4.12,2021-02-18 10:27:00,stop,0.3689999999999998,-8.220093562040542,-1.0
2021-02-19,JFU,0.27376425,2.63,3.0,ema,premkt,nextopen,pullback,eod,False,2021-02-19 10:10:00,2.98,2.79,2021-02-19 11:06:00,stop,0.18999999999999995,-6.375838926174493,-1.0
2021-02-19,TAOP,0.25173616,5.76,5.0,ema,premkt,nextopen,pullback,eod,False,2021-02-19 09:50:00,8.1399,7.7,2021-02-19 10:20:00,stop,0.4399000000000006,-5.404243295372191,-1.0
2021-02-22,CTXR,0.20873785,2.06,2.0,ema,premkt,nextopen,pullback,eod,False,2021-02-22 09:55:00,2.6386,2.47,2021-02-22 11:03:00,stop,0.16859999999999964,-6.389752141287031,-1.0
2021-02-22,VUZI,0.15002823,17.73,4.0,ema,premkt,nextopen,pullback,eod,False,2021-02-22 10:55:00,22.905,22.49,2021-02-22 11:54:00,stop,0.4150000000000027,-1.8118314778432731,-1.0
2021-02-22,BODI,0.13879001,14.05,5.0,ema,premkt,nextopen,pullback,eod,False,2021-02-22 09:45:00,17.9006,16.47,2021-02-22 10:32:00,stop,1.4306000000000019,-7.991910885668652,-1.0
2021-02-23,YHGJ,0.74261594,2.37,1.0,ema,premkt,nextopen,pullback,eod,False,2021-02-23 10:25:00,4.7,4.220000000000001,2021-02-23 10:35:00,stop,0.47999999999999954,-10.212765957446802,-1.0
2021-02-24,RCMT,0.16049373,4.05,3.0,ema,premkt,nextopen,pullback,eod,False,2021-02-24 09:55:00,5.118,4.84,2021-02-24 10:05:00,stop,0.27800000000000047,-5.431809300508017,-1.0
2021-02-24,AIM,0.15060353,2.26,5.0,ema,premkt,nextopen,pullback,eod,False,2021-02-24 10:15:00,2.5691,2.49,2021-02-24 14:00:00,stop,0.07909999999999995,-3.0788992254096703,-1.0
2021-02-25,SCKT,0.38613856,10.1,4.0,ema,premkt,nextopen,pullback,eod,False,2021-02-25 09:50:00,16.8075,15.0109,2021-02-25 10:38:00,stop,1.7966000000000015,-10.689275621002537,-1.0
2021-02-26,SRTS,0.1649214,3.82,3.0,ema,premkt,nextopen,pullback,eod,False,2021-02-26 09:50:00,5.58,4.8500000000000005,2021-02-26 10:55:00,stop,0.7299999999999995,-13.082437275985658,-1.0
2021-03-01,SOS,0.27044022,4.77,3.0,ema,premkt,nextopen,pullback,eod,False,2021-03-01 09:45:00,7.025,6.57,2021-03-01 15:55:00,eod,0.915,-6.476868327402141,-0.4972677595628416
2021-03-03,ZVRA,0.6723224,9.43,1.0,ema,premkt,nextopen,pullback,eod,False,2021-03-03 09:50:00,16.5249,15.290000000000001,2021-03-03 10:43:00,stop,1.2348999999999979,-7.472965040635637,-1.0
2021-03-03,SLE,0.47630918,4.01,3.0,ema,premkt,nextopen,pullback,eod,False,2021-03-03 10:00:00,5.23,5.12,2021-03-03 10:07:00,stop,0.11000000000000032,-2.103250478011476,-1.0
2021-03-03,OCGN,0.2541666,9.6,5.0,ema,premkt,nextopen,pullback,eod,False,2021-03-03 09:45:00,12.8,12.200000000000001,2021-03-03 11:24:00,stop,0.5999999999999996,-4.6875,-1.0
2021-03-04,SLE,0.1823417,5.21,2.0,ema,premkt,nextopen,pullback,eod,False,2021-03-04 10:05:00,6.1985,8.3792,2021-03-04 15:55:00,eod,0.24849999999999994,35.18109219972576,8.775452716297792
2021-03-08,VANI,0.5543859,5.7,2.0,ema,premkt,nextopen,pullback,eod,False,2021-03-08 10:20:00,11.76,11.1,2021-03-08 10:28:00,stop,0.6600000000000001,-5.612244897959185,-1.0
2021-03-09,ASYS,0.14613819,8.83,3.0,ema,premkt,nextopen,pullback,eod,False,2021-03-09 10:55:00,10.37,10.635,2021-03-09 15:55:00,eod,0.08999999999999986,2.555448408871741,2.9444444444444553
2021-03-09,SCKT,0.1428572,7.63,5.0,ema,premkt,nextopen,pullback,eod,False,2021-03-09 09:50:00,8.75,9.21,2021-03-09 15:55:00,eod,0.35999999999999943,5.257142857142871,1.2777777777777821
2021-03-10,MNOV,0.73415506,5.68,1.0,ema,premkt,nextopen,pullback,eod,False,2021-03-10 10:05:00,9.1089,8.6,2021-03-10 10:21:00,stop,0.5089000000000006,-5.586843636443484,-1.0
2021-03-10,ENVB,0.7064847,2.93,2.0,ema,premkt,nextopen,pullback,eod,False,2021-03-10 09:50:00,5.315,5.15,2021-03-10 13:21:00,stop,0.16500000000000004,-3.1044214487300104,-1.0
2021-03-10,KOSS,0.40949726,17.9,3.0,ema,premkt,nextopen,pullback,eod,False,2021-03-10 09:45:00,28.649,25.24,2021-03-10 12:35:00,stop,3.4090000000000025,-11.899193689134012,-1.0
2021-03-11,SLE,0.2162162,5.55,5.0,ema,premkt,nextopen,pullback,eod,False,2021-03-11 11:00:00,6.68,6.8811,2021-03-11 15:55:00,eod,0.2599999999999998,3.010479041916181,0.7734615384615402
2021-03-12,ENTX,0.5420792,4.04,1.0,ema,premkt,nextopen,pullback,eod,False,2021-03-12 10:20:00,7.6494,7.3,2021-03-12 10:28:00,stop,0.34940000000000015,-4.5676785107328755,-1.0
2021-03-12,BTCT,0.113360286,2.47,4.0,ema,premkt,nextopen,pullback,eod,False,2021-03-12 10:10:00,2.7098,2.6681,2021-03-12 15:55:00,eod,0.1097999999999999,-1.538858956380551,-0.3797814207650283
2021-03-12,FRSX,0.10041261,7.27,5.0,ema,premkt,nextopen,pullback,eod,False,2021-03-12 09:55:00,8.35,8.13,2021-03-12 10:08:00,stop,0.21999999999999886,-2.6347305389221476,-1.0
2021-03-15,CBAT,0.11213243,5.44,4.0,ema,premkt,nextopen,pullback,eod,False,2021-03-15 10:40:00,6.07,5.930000000000001,2021-03-15 11:12:00,stop,0.13999999999999968,-2.3064250411861553,-1.0
2021-03-16,ERNA,0.1591512,3.77,3.0,ema,premkt,nextopen,pullback,eod,False,2021-03-16 10:05:00,4.67,4.3950000000000005,2021-03-16 10:43:00,stop,0.27499999999999947,-5.888650963597419,-1.0
2021-03-17,AREC,0.21835518,4.26,3.0,ema,premkt,nextopen,pullback,eod,False,2021-03-17 09:55:00,5.2601,4.970000000000001,2021-03-17 10:26:00,stop,0.2900999999999998,-5.515104275584115,-1.0
2021-03-18,OCG,0.29528332,10.6,2.0,ema,premkt,nextopen,pullback,eod,False,2021-03-18 10:15:00,13.58,13.39,2021-03-18 10:20:00,stop,0.1899999999999995,-1.3991163475699508,-1.0
2021-03-18,AYTU,0.12244892,9.8,4.0,ema,premkt,nextopen,pullback,eod,False,2021-03-18 10:10:00,11.428,10.99,2021-03-18 10:55:00,stop,0.4380000000000006,-3.832691634581731,-1.0
2021-03-19,ZKIN,0.19612312,8.77,2.0,ema,premkt,nextopen,pullback,eod,False,2021-03-19 09:50:00,11.2,11.16,2021-03-19 15:55:00,eod,1.1599999999999984,-0.35714285714284477,-0.03448275862068897
2021-03-19,ALEC,0.14214039,17.94,3.0,ema,premkt,nextopen,pullback,eod,False,2021-03-19 11:00:00,21.2,21.0,2021-03-19 11:09:00,stop,0.1999999999999993,-0.9433962264150941,-1.0
2021-03-22,MRKR,0.21487594,2.42,2.0,ema,premkt,nextopen,pullback,eod,False,2021-03-22 10:10:00,2.8187,2.7600000000000002,2021-03-22 10:15:00,stop,0.058699999999999974,-2.082520310781566,-1.0
2021-03-23,RKTO,0.40366971,2.18,2.0,ema,premkt,nextopen,pullback,eod,False,2021-03-23 10:50:00,2.73,2.6900000000000004,2021-03-23 11:16:00,stop,0.03999999999999959,-1.465201465201449,-1.0
2021-03-24,DLPN,0.583197,18.33,1.0,ema,premkt,nextopen,pullback,eod,False,2021-03-24 10:50:00,24.519,24.189999999999998,2021-03-24 10:55:00,stop,0.3290000000000006,-1.341816550430286,-1.0
2021-03-25,QNRX,0.6275072,3.49,1.0,ema,premkt,nextopen,pullback,eod,False,2021-03-25 09:55:00,6.107,5.71,2021-03-25 10:01:00,stop,0.39700000000000024,-6.500736859341738,-1.0
2021-03-25,TWAV,0.10277772,3.6,4.0,ema,premkt,nextopen,pullback,eod,False,2021-03-25 10:00:00,4.0653,4.14,2021-03-25 15:55:00,eod,0.11529999999999951,1.83750276732344,0.6478751084128387
2021-03-26,FTFT,0.117533684,5.19,3.0,ema,premkt,nextopen,pullback,eod,False,2021-03-26 10:25:00,6.14,5.890000000000001,2021-03-26 11:19:00,stop,0.2499999999999991,-4.0716612377850065,-1.0
2021-03-29,EEIQ,0.44516122,15.5,1.0,ema,premkt,nextopen,pullback,eod,False,2021-03-29 09:55:00,23.2881,20.843,2021-03-29 10:25:00,stop,2.4451,-10.499353747192774,-1.0
2021-03-29,FLY,0.26188672,13.25,2.0,ema,premkt,nextopen,pullback,eod,False,2021-03-29 11:00:00,16.84,16.95,2021-03-29 15:55:00,eod,0.08000000000000185,0.6532066508313505,1.3749999999999611
2021-03-29,WKEY,0.13320208,15.24,5.0,ema,premkt,nextopen,pullback,eod,False,2021-03-29 10:00:00,17.27,16.22,2021-03-29 14:25:00,stop,1.0500000000000007,-6.079907353792713,-1.0
2021-04-01,UPC,0.33167088,4.01,1.0,ema,premkt,nextopen,pullback,eod,False,2021-04-01 10:00:00,6.54,5.92,2021-04-01 10:20:00,stop,0.6200000000000001,-9.480122324159023,-1.0
2021-04-01,FTFT,0.29193544,6.2,2.0,ema,premkt,nextopen,pullback,eod,False,2021-04-01 09:55:00,7.6208,7.62,2021-04-01 10:00:00,stop,0.0007999999999999119,-0.010497585555324651,-1.0
2021-04-05,GENI,0.22392833,15.63,1.0,ema,premkt,nextopen,pullback,eod,False,2021-04-05 10:15:00,19.375,19.06,2021-04-05 10:22:00,stop,0.3150000000000013,-1.62580645161291,-1.0
2021-04-05,VVOS,0.15238094,7.35,2.0,ema,premkt,nextopen,pullback,eod,False,2021-04-05 10:00:00,8.4062,9.17,2021-04-05 15:55:00,eod,0.24619999999999997,9.086150698294105,3.102355808285946
2021-04-06,MPU,0.17698348,11.47,2.0,ema,premkt,nextopen,pullback,eod,False,2021-04-06 09:50:00,15.25,14.76,2021-04-06 09:57:00,stop,0.4900000000000002,-3.2131147540983673,-1.0
2021-04-07,TULP,0.10866141,6.35,4.0,ema,premkt,nextopen,pullback,eod,False,2021-04-07 09:55:00,8.25,7.890000000000001,2021-04-07 10:02:00,stop,0.35999999999999943,-4.363636363636358,-1.0
2021-04-12,ZDGE,0.12670708,13.49,1.0,ema,premkt,nextopen,pullback,eod,False,2021-04-12 09:50:00,14.66,14.64,2021-04-12 09:55:00,stop,0.019999999999999574,-0.13642564802182067,-1.0
2021-04-13,RIGL,0.13268614,3.09,1.0,ema,premkt,nextopen,pullback,eod,False,2021-04-13 10:55:00,3.54,3.47,2021-04-13 11:05:00,stop,0.06999999999999984,-1.9774011299435013,-1.0
2021-04-13,EVGN,0.10569477,4.39,3.0,ema,premkt,nextopen,pullback,eod,False,2021-04-13 10:45:00,4.87,4.7459,2021-04-13 10:52:00,stop,0.12410000000000032,-2.5482546201232137,-1.0
2021-04-13,CAN,0.10197866,13.14,4.0,ema,premkt,nextopen,pullback,eod,False,2021-04-13 10:25:00,14.95,14.6758,2021-04-13 12:12:00,stop,0.27419999999999867,-1.8341137123745743,-1.0
2021-04-14,TV,0.14831042,10.12,1.0,ema,premkt,nextopen,pullback,eod,False,2021-04-14 09:55:00,13.25,12.3,2021-04-14 10:48:00,stop,0.9499999999999993,-7.169811320754715,-1.0
2021-04-20,HIND,0.100806475,2.48,3.0,ema,premkt,nextopen,pullback,eod,False,2021-04-20 09:50:00,2.975,2.83,2021-04-20 10:06:00,stop,0.14500000000000002,-4.873949579831938,-1.0
2021-04-21,INTT,0.1624738,9.54,2.0,ema,premkt,nextopen,pullback,eod,False,2021-04-21 09:50:00,11.17,11.6983,2021-04-21 15:55:00,eod,0.27970000000000006,4.729632945389439,1.8888094386843033
2021-04-22,MVIS,0.12441981,12.495,3.0,ema,premkt,nextopen,pullback,eod,False,2021-04-22 10:05:00,13.98,13.5,2021-04-22 10:16:00,stop,0.4800000000000004,-3.433476394849788,-1.0
2021-04-23,SYPR,0.28825617,2.81,1.0,ema,premkt,nextopen,pullback,eod,False,2021-04-23 10:10:00,3.58,3.47,2021-04-23 10:16:00,stop,0.10999999999999988,-3.0726256983240163,-1.0
2021-04-26,OCGN,0.14849436,9.63,1.0,ema,premkt,nextopen,pullback,eod,False,2021-04-26 09:45:00,11.535,11.11,2021-04-26 09:55:00,stop,0.4250000000000007,-3.684438664932821,-1.0
2021-04-26,MVIS,0.11240959,17.97,3.0,ema,premkt,nextopen,pullback,eod,False,2021-04-26 10:15:00,22.275,26.61,2021-04-26 15:55:00,eod,0.8949999999999996,19.461279461279467,4.8435754189944165
2021-04-27,SLNH,0.12774193,7.75,2.0,ema,premkt,nextopen,pullback,eod,False,2021-04-27 10:30:00,9.085,8.78,2021-04-27 10:56:00,stop,0.3050000000000015,-3.3571821684094783,-1.0
2021-04-28,BOXL,0.10245907,2.44,2.0,ema,premkt,nextopen,pullback,eod,False,2021-04-28 10:45:00,2.7574,2.82,2021-04-28 15:55:00,eod,0.0873999999999997,2.2702545876550184,0.7162471395881005
2021-04-29,WVVI,0.3444022,10.245,1.0,ema,premkt,nextopen,pullback,eod,False,2021-04-29 10:20:00,13.67,13.36,2021-04-29 15:13:00,stop,0.3100000000000005,-2.2677395757132457,-1.0
2021-04-29,EZPW,0.11132431,5.21,4.0,ema,premkt,nextopen,pullback,eod,False,2021-04-29 10:00:00,5.728,5.65,2021-04-29 10:12:00,stop,0.0779999999999994,-1.3617318435754089,-1.0
2021-05-03,AIOS,0.11459029,15.01,2.0,ema,premkt,nextopen,pullback,eod,False,2021-05-03 10:15:00,17.06,16.869999999999997,2021-05-03 10:22:00,stop,0.19000000000000128,-1.1137162954279134,-1.0
2021-05-04,BLRX,0.5329155,3.19,1.0,ema,premkt,nextopen,pullback,eod,False,2021-05-04 09:45:00,5.86,4.94,2021-05-04 10:08:00,stop,0.9199999999999999,-15.699658703071673,-1.0
2021-05-04,PRPO,0.2929293,4.95,2.0,ema,premkt,nextopen,pullback,eod,False,2021-05-04 09:45:00,8.4801,7.09,2021-05-04 10:00:00,stop,1.3901000000000003,-16.392495371516848,-1.0
2021-05-04,CNSY,0.15769231,2.6,3.0,ema,premkt,nextopen,pullback,eod,False,2021-05-04 10:05:00,2.7989,2.64,2021-05-04 10:41:00,stop,0.15890000000000004,-5.6772303404909135,-1.0
2021-05-04,STIM,0.13300502,10.15,4.0,ema,premkt,nextopen,pullback,eod,False,2021-05-04 09:45:00,12.09,14.1407,2021-05-04 15:55:00,eod,0.33999999999999986,16.961952026468154,6.031470588235299
2021-05-06,BRN,0.18642116,2.68,3.0,ema,premkt,nextopen,pullback,eod,False,2021-05-06 10:40:00,3.8901,3.49,2021-05-06 10:50:00,stop,0.4000999999999997,-10.285082645690336,-1.0
2021-05-06,AIFC,0.12608695,6.9,4.0,ema,premkt,nextopen,pullback,eod,False,2021-05-06 10:15:00,7.45,7.32,2021-05-06 12:56:00,stop,0.1299999999999999,-1.744966442953022,-1.0
2021-05-07,GPRO,0.11015332,10.44,3.0,ema,premkt,nextopen,pullback,eod,False,2021-05-07 09:50:00,11.95,11.6142,2021-05-07 11:37:00,stop,0.335799999999999,-2.810041841004174,-1.0
2021-05-10,LEDS,0.26030183,7.95,2.0,ema,premkt,nextopen,pullback,eod,False,2021-05-10 09:50:00,11.76,10.65,2021-05-10 10:26:00,stop,1.1099999999999994,-9.438775510204078,-1.0
2021-05-11,DDD,0.1412493,17.77,1.0,ema,premkt,nextopen,pullback,eod,False,2021-05-11 09:55:00,22.3415,23.88,2021-05-11 15:55:00,eod,1.701500000000003,6.8862878499653,0.9042021745518639
2021-05-11,AVTX,0.13842535,2.54,2.0,ema,premkt,nextopen,pullback,eod,False,2021-05-11 10:05:00,2.8773,2.81,2021-05-11 10:14:00,stop,0.06729999999999992,-2.33899836652417,-1.0
2021-05-11,ARQ,0.101511836,4.63,3.0,ema,premkt,nextopen,pullback,eod,False,2021-05-11 09:50:00,5.24,5.13,2021-05-11 10:17:00,stop,0.11000000000000032,-2.0992366412213803,-1.0
2021-05-12,VTAK,0.23493981,3.32,1.0,ema,premkt,nextopen,pullback,eod,False,2021-05-12 09:55:00,6.021,5.04,2021-05-12 11:14:00,stop,0.9809999999999999,-16.292974588938712,-1.0
2021-05-14,BNGO,0.19478452,4.41,1.0,ema,premkt,nextopen,pullback,eod,False,2021-05-14 10:05:00,5.13,5.01,2021-05-14 10:18:00,stop,0.1200000000000001,-2.3391812865497075,-1.0
2021-05-14,AEVA,0.18696892,7.06,2.0,ema,premkt,nextopen,pullback,eod,False,2021-05-14 10:30:00,8.66,8.38,2021-05-14 11:04:00,stop,0.27999999999999936,-3.2332563510392487,-1.0
2021-05-14,LFMD,0.12135172,6.51,5.0,ema,premkt,nextopen,pullback,eod,False,2021-05-14 10:05:00,7.63,8.81,2021-05-14 15:55:00,eod,0.09999999999999964,15.465268676277866,11.800000000000049
2021-05-17,DBGI,0.2588235,3.4,1.0,ema,premkt,nextopen,pullback,eod,False,2021-05-17 09:50:00,4.77,4.34,2021-05-17 10:43:00,stop,0.4299999999999997,-9.014675052410892,-1.0
2021-05-18,AGEN,0.29446697,3.26,2.0,ema,premkt,nextopen,pullback,eod,False,2021-05-18 10:10:00,4.375,4.15,2021-05-18 10:58:00,stop,0.22499999999999964,-5.142857142857138,-1.0
2021-05-19,LPTH,0.13675225,2.34,1.0,ema,premkt,nextopen,pullback,eod,False,2021-05-19 10:05:00,2.64,2.58,2021-05-19 10:18:00,stop,0.06000000000000005,-2.2727272727272707,-1.0
2021-05-21,ENVB,0.14403296,2.43,2.0,ema,premkt,nextopen,pullback,eod,False,2021-05-21 09:45:00,3.0801,2.9200000000000004,2021-05-21 09:56:00,stop,0.16009999999999946,-5.197883185610841,-1.0
2021-05-21,YALA,0.100877166,15.96,3.0,ema,premkt,nextopen,pullback,eod,False,2021-05-21 09:45:00,18.22,17.729999999999997,2021-05-21 14:21:00,stop,0.490000000000002,-2.6893523600439173,-1.0
2021-05-27,ABTS,0.22580647,16.43,1.0,ema,premkt,nextopen,pullback,eod,False,2021-05-27 10:10:00,19.08,18.75,2021-05-27 10:39:00,stop,0.3299999999999983,-1.729559748427667,-1.0
2021-05-27,LNTH,0.16145563,19.51,4.0,ema,premkt,nextopen,pullback,eod,False,2021-05-27 10:05:00,23.61,23.06,2021-05-27 10:14:00,stop,0.5500000000000007,-2.329521389241851,-1.0
2021-05-28,YEXT,0.21039796,12.31,1.0,ema,premkt,nextopen,pullback,eod,False,2021-05-28 09:50:00,14.87,14.61,2021-05-28 09:58:00,stop,0.2599999999999998,-1.748486886348355,-1.0
2021-06-03,VTAK,0.12634408,3.72,5.0,ema,premkt,nextopen,pullback,eod,False,2021-06-03 09:55:00,4.24,4.33,2021-06-03 15:55:00,eod,0.33000000000000007,2.1226415094339535,0.27272727272727226
2021-06-04,LEDS,0.24966896,15.1,2.0,ema,premkt,nextopen,pullback,eod,False,2021-06-04 09:45:00,23.09,20.56,2021-06-04 15:41:00,stop,2.530000000000001,-10.957124296232134,-1.0
2021-06-04,NCTY,0.19744062,10.94,3.0,ema,premkt,nextopen,pullback,eod,False,2021-06-04 10:20:00,12.94,13.06,2021-06-04 15:55:00,eod,0.4399999999999995,0.9273570324574987,0.2727272727272753
2021-06-04,CLNE,0.11074567,9.12,5.0,ema,premkt,nextopen,pullback,eod,False,2021-06-04 10:00:00,10.29,10.07,2021-06-04 10:10:00,stop,0.21999999999999886,-2.1379980563653977,-1.0
2021-06-07,VTAK,0.42008197,4.88,1.0,ema,premkt,nextopen,pullback,eod,False,2021-06-07 10:25:00,8.57,7.84,2021-06-07 10:37:00,stop,0.7300000000000004,-8.51808634772463,-1.0
2021-06-07,EOCN,0.17058825,3.4,3.0,ema,premkt,nextopen,pullback,eod,False,2021-06-07 10:35:00,3.8471,3.75,2021-06-07 10:54:00,stop,0.09710000000000019,-2.5239791011411272,-1.0
2021-06-07,BNGO,0.1222707,6.87,4.0,ema,premkt,nextopen,pullback,eod,False,2021-06-07 09:50:00,8.22,8.3651,2021-06-07 15:55:00,eod,0.3100000000000005,1.7652068126520648,0.4680645161290294
2021-06-08,NEXT,0.23850572,3.48,2.0,ema,premkt,nextopen,pullback,eod,False,2021-06-08 09:45:00,5.69,5.67,2021-06-08 15:55:00,eod,0.9400000000000004,-0.35149384885765356,-0.021276595744681333
2021-06-09,AEMD,3.79638,2.21,1.0,ema,premkt,nextopen,pullback,eod,False,2021-06-09 10:10:00,10.4884,9.52,2021-06-09 10:20:00,stop,0.9684000000000008,-9.233057473017814,-1.0
2021-06-09,AEHL,0.5689223,3.99,2.0,ema,premkt,nextopen,pullback,eod,False,2021-06-09 09:55:00,6.15,5.58,2021-06-09 10:18:00,stop,0.5700000000000003,-9.268292682926838,-1.0
2021-06-09,GEO,0.28616357,6.36,5.0,ema,premkt,nextopen,pullback,eod,False,2021-06-09 09:50:00,9.66,8.790000000000001,2021-06-09 10:17:00,stop,0.8699999999999992,-9.006211180124213,-1.0
2021-06-10,SCNX,0.54628897,4.08,1.0,ema,premkt,nextopen,pullback,eod,False,2021-06-10 10:00:00,7.02,6.7299,2021-06-10 15:55:00,eod,1.0099999999999998,-4.132478632478631,-0.2872277227722771
2021-06-11,CMMB,0.25,20.0,3.0,ema,premkt,nextopen,pullback,eod,False,2021-06-11 10:15:00,24.14,23.49,2021-06-11 10:51:00,stop,0.6500000000000021,-2.692626346313187,-1.0
2021-06-14,SLDPW,0.24831891,2.8999,2.0,ema,premkt,nextopen,pullback,eod,False,2021-06-14 09:50:00,3.835,3.62,2021-06-14 15:06:00,stop,0.21499999999999986,-5.606258148631027,-1.0
2021-06-15,OCGN,0.15497553,6.13,1.0,ema,premkt,nextopen,pullback,eod,False,2021-06-15 09:50:00,7.23,7.0,2021-06-15 10:05:00,stop,0.23000000000000043,-3.181189488243441,-1.0
2021-06-16,APRE,0.50721645,4.85,1.0,ema,premkt,nextopen,pullback,eod,False,2021-06-16 10:05:00,6.8714,6.75,2021-06-16 10:13:00,stop,0.1214000000000004,-1.766743312862018,-1.0
2021-06-16,FWDI,0.1428572,2.73,4.0,ema,premkt,nextopen,pullback,eod,False,2021-06-16 09:50:00,3.55,3.25,2021-06-16 10:02:00,stop,0.2999999999999998,-8.450704225352112,-1.0
2021-06-17,TAOX,0.235955,8.9,2.0,ema,premkt,nextopen,pullback,eod,False,2021-06-17 09:55:00,10.495,11.21,2021-06-17 15:55:00,eod,0.6549999999999994,6.812767984754653,1.091603053435118
2021-06-18,GEO,0.10138893,7.2,2.0,ema,premkt,nextopen,pullback,eod,False,2021-06-18 10:00:00,7.8,7.705,2021-06-18 10:18:00,stop,0.09499999999999975,-1.2179487179487136,-1.0
2021-06-21,AEI,0.5050918,4.91,1.0,ema,premkt,nextopen,pullback,eod,False,2021-06-21 09:55:00,6.76,6.42,2021-06-21 10:13:00,stop,0.33999999999999986,-5.029585798816571,-1.0
2021-06-22,ALF,0.21538448,7.8,2.0,ema,premkt,nextopen,pullback,eod,False,2021-06-22 10:35:00,11.44,15.815,2021-06-22 15:55:00,eod,0.7199999999999989,38.243006993007,6.076388888888898
2021-06-22,GROY,0.1614219,4.52,3.0,ema,premkt,nextopen,pullback,eod,False,2021-06-22 10:40:00,5.47,5.390000000000001,2021-06-22 11:09:00,stop,0.07999999999999918,-1.4625228519195455,-1.0
2021-06-22,XAIR,0.12156868,5.1,5.0,ema,premkt,nextopen,pullback,eod,False,2021-06-22 09:45:00,6.2,5.8500000000000005,2021-06-22 10:20:00,stop,0.34999999999999964,-5.645161290322576,-1.0
2021-06-25,UPXI,0.28571427,5.6,1.0,ema,premkt,nextopen,pullback,eod,False,2021-06-25 10:00:00,8.2177,7.3500000000000005,2021-06-25 15:24:00,stop,0.8677000000000001,-10.55891551163951,-1.0
2021-06-25,PSFE,0.10441041,11.11,4.0,ema,premkt,nextopen,pullback,eod,False,2021-06-25 10:10:00,12.67,12.36,2021-06-25 11:59:00,stop,0.3100000000000005,-2.4467245461720633,-1.0
2021-06-28,LENZ,0.1351074,18.5,4.0,ema,premkt,nextopen,pullback,eod,False,2021-06-28 10:00:00,22.075,21.069999999999997,2021-06-28 10:45:00,stop,1.0050000000000026,-4.552661381653467,-1.0
2021-06-29,AUUD,0.29202032,5.89,1.0,ema,premkt,nextopen,pullback,eod,False,2021-06-29 10:20:00,7.7901,7.640000000000001,2021-06-29 11:31:00,stop,0.15009999999999923,-1.9268045339597584,-1.0
2021-06-30,BLIN,0.43657804,3.39,1.0,ema,premkt,nextopen,pullback,eod,False,2021-06-30 09:45:00,6.2815,5.54,2021-06-30 10:15:00,stop,0.7415000000000003,-11.804505293321665,-1.0
2021-06-30,IRD,0.40421057,4.75,2.0,ema,premkt,nextopen,pullback,eod,False,2021-06-30 10:50:00,5.97,5.74,2021-06-30 10:57:00,stop,0.22999999999999954,-3.8525963149078635,-1.0
2021-06-30,ASTS,0.27326155,10.21,3.0,ema,premkt,nextopen,pullback,eod,False,2021-06-30 10:30:00,14.19,13.540000000000001,2021-06-30 10:57:00,stop,0.6499999999999986,-4.5806906272022445,-1.0
2021-07-01,WNW,0.3015151,6.6,3.0,ema,premkt,nextopen,pullback,eod,False,2021-07-01 10:00:00,8.5101,8.01,2021-07-01 10:23:00,stop,0.5000999999999998,-5.876546691578244,-1.0
2021-07-02,WAVE,1.1898618,10.85,1.0,ema,premkt,nextopen,pullback,eod,False,2021-07-02 10:05:00,26.15,21.99,2021-07-02 14:07:00,stop,4.16,-15.90822179732314,-1.0
2021-07-06,NXPL,0.6452205,5.44,1.0,ema,premkt,nextopen,pullback,eod,False,2021-07-06 10:10:00,9.49,8.75,2021-07-06 10:21:00,stop,0.7400000000000002,-7.797681770284514,-1.0
2021-07-12,TPST,1.3477981,15.67,1.0,ema,premkt,nextopen,pullback,eod,False,2021-07-12 10:00:00,34.01,29.069999999999997,2021-07-12 10:20:00,stop,4.940000000000001,-14.525139664804476,-1.0
2021-07-12,TROO,0.7374873,9.79,2.0,ema,premkt,nextopen,pullback,eod,False,2021-07-12 10:10:00,20.39,18.099999999999998,2021-07-12 15:29:00,stop,2.2900000000000027,-11.230995586071613,-1.0
2021-07-12,ATEC,0.13851595,14.15,5.0,ema,premkt,nextopen,pullback,eod,False,2021-07-12 10:15:00,15.71,15.74,2021-07-12 15:55:00,eod,0.25,0.19096117122852085,0.11999999999999744
2021-07-13,NXPL,0.84257877,6.67,1.0,ema,premkt,nextopen,pullback,eod,False,2021-07-13 09:50:00,12.46,11.69,2021-07-13 09:58:00,stop,0.7700000000000014,-6.179775280898891,-1.0
2021-07-13,BLIN,0.4242928,6.01,2.0,ema,premkt,nextopen,pullback,eod,False,2021-07-13 09:55:00,9.28,8.73,2021-07-13 10:09:00,stop,0.5499999999999989,-5.926724137931028,-1.0
2021-07-13,TONX,0.116279125,2.15,5.0,ema,premkt,nextopen,pullback,eod,False,2021-07-13 10:25:00,2.4758,2.37,2021-07-13 12:03:00,stop,0.1057999999999999,-4.273366184667582,-1.0
2021-07-14,TROO,0.24811268,9.59,4.0,ema,premkt,nextopen,pullback,eod,False,2021-07-14 10:00:00,16.09,13.77,2021-07-14 11:17:00,stop,2.3200000000000003,-14.418893722809202,-1.0
2021-07-16,AEHR,0.12811399,2.81,3.0,ema,premkt,nextopen,pullback,eod,False,2021-07-16 09:55:00,3.55,3.2100000000000004,2021-07-16 11:45:00,stop,0.3399999999999994,-9.577464788732382,-1.0
2021-07-19,CYTK,0.4513781,19.23,2.0,ema,premkt,nextopen,pullback,eod,False,2021-07-19 09:50:00,30.5,28.389999999999997,2021-07-19 10:40:00,stop,2.110000000000003,-6.918032786885253,-1.0
2021-07-20,MTVA,0.44680858,2.82,2.0,ema,premkt,nextopen,pullback,eod,False,2021-07-20 10:10:00,3.85,3.95,2021-07-20 15:55:00,eod,0.08000000000000007,2.5974025974025983,1.25
2021-07-20,SLI,0.14947367,4.75,3.0,ema,premkt,nextopen,pullback,eod,False,2021-07-20 10:50:00,5.45,5.615,2021-07-20 15:55:00,eod,0.040000000000000036,3.027522935779814,4.124999999999997
2021-07-21,NUWE,0.114427805,4.02,2.0,ema,premkt,nextopen,pullback,eod,False,2021-07-21 10:15:00,4.6155,4.53,2021-07-21 10:43:00,stop,0.08549999999999969,-1.8524536886577736,-1.0
2021-07-22,PRFX,0.5159236,3.14,1.0,ema,premkt,nextopen,pullback,eod,False,2021-07-22 09:45:00,7.25,5.45,2021-07-22 10:03:00,stop,1.7999999999999998,-24.827586206896544,-1.0
2021-07-22,DVLT,0.21867323,4.07,3.0,ema,premkt,nextopen,pullback,eod,False,2021-07-22 09:45:00,6.29,5.36,2021-07-22 11:15:00,stop,0.9299999999999997,-14.785373608903019,-1.0
2021-07-26,XBIO,0.30555558,2.52,1.0,ema,premkt,nextopen,pullback,eod,False,2021-07-26 09:50:00,3.4,3.1700000000000004,2021-07-26 12:34:00,stop,0.22999999999999954,-6.764705882352928,-1.0
2021-07-26,BTBT,0.15404248,4.23,3.0,ema,premkt,nextopen,pullback,eod,False,2021-07-26 10:15:00,5.49,5.26,2021-07-26 11:24:00,stop,0.23000000000000043,-4.189435336976333,-1.0
2021-07-28,UPXI,0.3161291,4.65,1.0,ema,premkt,nextopen,pullback,eod,False,2021-07-28 10:00:00,6.28,5.920100000000001,2021-07-28 10:19:00,stop,0.35989999999999966,-5.7308917197452125,-1.0
2021-07-28,TLRY,0.120974064,12.73,4.0,ema,premkt,nextopen,pullback,eod,False,2021-07-28 10:20:00,15.44,15.39,2021-07-28 10:25:00,stop,0.049999999999998934,-0.32383419689118176,-1.0
2021-07-28,YMM,0.1148926,8.7,5.0,ema,premkt,nextopen,pullback,eod,False,2021-07-28 10:50:00,10.05,9.74,2021-07-28 13:24:00,stop,0.3100000000000005,-3.0845771144278666,-1.0
2021-07-29,HAPN,0.3753847,16.25,1.0,ema,premkt,nextopen,pullback,eod,False,2021-07-29 10:15:00,24.01,24.18,2021-07-29 15:55:00,eod,0.8500000000000014,0.7080383173677651,0.19999999999999749
2021-07-29,BON,0.14796746,12.3,2.0,ema,premkt,nextopen,pullback,eod,False,2021-07-29 10:25:00,14.387,13.85,2021-07-29 11:04:00,stop_gap,0.3169000000000004,-3.732536317508872,-1.6945408646260653
2021-07-30,RLYB,0.15390074,14.1,3.0,ema,premkt,nextopen,pullback,eod,False,2021-07-30 10:10:00,17.72,17.415,2021-07-30 11:20:00,stop,0.3049999999999997,-1.7212189616252815,-1.0
2021-08-03,OTLK,0.3340708,2.26,1.0,ema,premkt,nextopen,pullback,eod,False,2021-08-03 10:05:00,2.94,2.87,2021-08-03 10:31:00,stop,0.06999999999999984,-2.3809523809523725,-1.0
2021-08-03,HLIT,0.11226845,8.64,2.0,ema,premkt,nextopen,pullback,eod,False,2021-08-03 09:50:00,9.97,10.65,2021-08-03 15:55:00,eod,0.11000000000000121,6.820461384152443,6.1818181818181115
2021-08-04,CERS,0.14035082,5.13,2.0,ema,premkt,nextopen,pullback,eod,False,2021-08-04 09:55:00,6.22,6.075,2021-08-04 10:43:00,stop,0.14499999999999957,-2.331189710610926,-1.0
2021-08-05,MVIS,0.14648116,12.22,3.0,ema,premkt,nextopen,pullback,eod,False,2021-08-05 10:20:00,14.665,14.42,2021-08-05 10:42:00,stop,0.24499999999999922,-1.6706443914081048,-1.0
2021-08-05,CTRM,0.123780966,2.02,5.0,ema,premkt,nextopen,pullback,eod,False,2021-08-05 10:10:00,2.35,2.5,2021-08-05 15:55:00,eod,0.06999999999999984,6.382978723404253,2.1428571428571463
2021-08-06,MVST,0.15568292,10.47,2.0,ema,premkt,nextopen,pullback,eod,False,2021-08-06 10:35:00,12.085,11.620000000000001,2021-08-06 12:45:00,stop,0.46499999999999986,-3.847745138601566,-1.0
2021-08-06,AUPH,0.1255337,11.71,5.0,ema,premkt,nextopen,pullback,eod,False,2021-08-06 09:45:00,13.5323,14.365,2021-08-06 15:55:00,eod,0.5222999999999995,6.153425507858978,1.5942944667815462
2021-08-09,ANY,0.17489707,4.86,1.0,ema,premkt,nextopen,pullback,eod,False,2021-08-09 10:40:00,5.5599,5.465,2021-08-09 15:55:00,eod,0.18989999999999974,-1.7068652313890542,-0.49973670352817334
2021-08-10,FULC,0.5858344,8.33,1.0,ema,premkt,nextopen,pullback,eod,False,2021-08-10 10:15:00,14.1401,18.13,2021-08-10 15:55:00,eod,0.8901000000000003,28.216915014745283,4.482530052803052
2021-08-10,MYO,0.1503185,7.85,3.0,ema,premkt,nextopen,pullback,eod,False,2021-08-10 10:15:00,10.13,9.09,2021-08-10 11:58:00,stop,1.040000000000001,-10.26653504442252,-1.0
2021-08-11,CURI,0.18118584,10.37,3.0,ema,premkt,nextopen,pullback,eod,False,2021-08-11 10:20:00,12.3,12.27,2021-08-11 10:28:00,stop,0.030000000000001137,-0.24390243902440156,-1.0
2021-08-12,XBIO,0.1790123,3.24,2.0,ema,premkt,nextopen,pullback,eod,False,2021-08-12 09:50:00,4.1944,3.9000000000000004,2021-08-12 10:19:00,stop,0.29439999999999955,-7.018882319282838,-1.0
2021-08-12,HIMS,0.14663148,7.57,5.0,ema,premkt,nextopen,pullback,eod,False,2021-08-12 09:55:00,8.8667,8.41,2021-08-12 10:16:00,stop,0.45669999999999966,-5.150732516043166,-1.0
2021-08-16,FEED,0.26190472,2.52,2.0,ema,premkt,nextopen,pullback,eod,False,2021-08-16 10:20:00,3.39,3.415,2021-08-16 15:55:00,eod,0.14000000000000012,0.7374631268436627,0.17857142857142777
2021-08-18,PMCB,0.84210527,3.42,1.0,ema,premkt,nextopen,pullback,eod,False,2021-08-18 10:05:00,7.68,6.83,2021-08-18 13:16:00,stop,0.8499999999999996,-11.067708333333325,-1.0
2021-08-23,VVOS,0.6979166,3.84,1.0,ema,premkt,nextopen,pullback,eod,False,2021-08-23 10:35:00,6.09,5.930000000000001,2021-08-23 10:46:00,stop,0.15999999999999925,-2.6272577996715785,-1.0
2021-08-23,STTK,0.10275686,19.95,4.0,ema,premkt,nextopen,pullback,eod,False,2021-08-23 10:00:00,22.13,22.0,2021-08-23 10:18:00,stop_gap,0.129999999999999,-0.5874378671486657,-1.0
2021-08-25,SNTG,0.12295079,6.1,2.0,ema,premkt,nextopen,pullback,eod,False,2021-08-25 10:15:00,6.43,6.42,2021-08-25 15:55:00,eod,0.41999999999999993,-0.15552099533436836,-0.023809523809523305
2021-08-26,BBW,0.104477644,16.85,3.0,ema,premkt,nextopen,pullback,eod,False,2021-08-26 10:00:00,18.07,17.773,2021-08-26 13:29:00,stop,0.2970000000000006,-1.6436081903707822,-1.0
2021-08-31,SPOK,0.1911422,7.85,3.0,ema,premkt,nextopen,pullback,eod,False,2021-08-31 09:50:00,9.6901,9.9,2021-08-31 15:55:00,eod,0.25009999999999977,2.1661283165292478,0.8392642942822922
2021-09-01,ABVC,0.39999998,2.9,1.0,ema,premkt,nextopen,pullback,eod,False,2021-09-01 10:20:00,3.78,3.62,2021-09-01 11:22:00,stop,0.1599999999999997,-4.232804232804222,-1.0
2021-09-01,FCUV,0.21961033,5.1,2.0,ema,premkt,nextopen,pullback,eod,False,2021-09-01 09:55:00,7.25,17.934,2021-09-01 15:55:00,eod,0.4689999999999994,147.36551724137934,22.7803837953092
2021-09-01,SLI,0.11434114,5.16,4.0,ema,premkt,nextopen,pullback,eod,False,2021-09-01 10:35:00,5.92,6.58,2021-09-01 15:55:00,eod,0.1299999999999999,11.14864864864864,5.076923076923082
2021-09-02,GSM,0.11448741,9.08,2.0,ema,premkt,nextopen,pullback,eod,False,2021-09-02 09:45:00,11.2,10.38,2021-09-02 10:03:00,stop,0.8199999999999985,-7.321428571428557,-1.0
2021-09-03,FTFT,0.13565886,2.58,2.0,ema,premkt,nextopen,pullback,eod,False,2021-09-03 09:55:00,3.0397,2.93,2021-09-03 10:02:00,stop,0.10969999999999969,-3.60890877389215,-1.0
2021-09-03,ENVB,0.11764705,2.21,3.0,ema,premkt,nextopen,pullback,eod,False,2021-09-03 10:05:00,2.671,2.49,2021-09-03 11:08:00,stop,0.1809999999999996,-6.776488206664155,-1.0
2021-09-03,OLB,0.10020447,4.89,4.0,ema,premkt,nextopen,pullback,eod,False,2021-09-03 10:15:00,5.282,5.151800000000001,2021-09-03 11:33:00,stop,0.13019999999999943,-2.4649753881105574,-1.0
2021-09-07,OPAD,0.16859794,8.63,2.0,ema,premkt,nextopen,pullback,eod,False,2021-09-07 09:50:00,10.92,10.61,2021-09-07 10:00:00,stop,0.3100000000000005,-2.83882783882784,-1.0
2021-09-07,RKLB,0.110946774,13.52,4.0,ema,premkt,nextopen,pullback,eod,False,2021-09-07 10:40:00,15.25,14.790000000000001,2021-09-07 13:00:00,stop,0.4599999999999991,-3.0163934426229444,-1.0
2021-09-08,ARQQ,0.23982298,11.3,1.0,ema,premkt,nextopen,pullback,eod,False,2021-09-08 10:15:00,16.0895,14.5101,2021-09-08 13:29:00,stop,1.5794000000000015,-9.816339848969836,-1.0
2021-09-09,CURV,0.1879741,18.46,2.0,ema,premkt,nextopen,pullback,eod,False,2021-09-09 09:55:00,23.08,24.49,2021-09-09 15:55:00,eod,0.782,6.1091854419410785,1.80306905370844
2021-09-10,ABUS,0.16279078,3.87,1.0,ema,premkt,nextopen,pullback,eod,False,2021-09-10 10:55:00,4.47,4.38,2021-09-10 11:44:00,stop,0.08999999999999986,-2.0134228187919434,-1.0
2021-09-13,ATER,0.21186435,11.8,2.0,ema,premkt,nextopen,pullback,eod,False,2021-09-13 10:50:00,17.3002,16.819999999999997,2021-09-13 11:01:00,stop,0.4802000000000035,-2.775690454445634,-1.0
2021-09-13,GGAL,0.1568842,10.56,3.0,ema,premkt,nextopen,pullback,eod,False,2021-09-13 10:00:00,12.05,12.03,2021-09-13 10:05:00,stop,0.02000000000000135,-0.16597510373445035,-1.0
2021-09-13,SUPV,0.117351174,2.47,4.0,ema,premkt,nextopen,pullback,eod,False,2021-09-13 09:55:00,2.741,2.72,2021-09-13 10:07:00,stop,0.020999999999999908,-0.7661437431594309,-1.0
2021-09-13,BMA,0.11723602,18.29,5.0,ema,premkt,nextopen,pullback,eod,False,2021-09-13 10:00:00,20.76,20.31,2021-09-13 12:27:00,stop,0.45000000000000284,-2.1676300578034824,-1.0
2021-09-14,KPLT,0.10650885,6.76,4.0,ema,premkt,nextopen,pullback,eod,False,2021-09-14 10:45:00,7.148,7.0200000000000005,2021-09-14 10:55:00,stop,0.12799999999999923,-1.7907106883044088,-1.0
2021-09-15,INDP,0.6760961,7.07,1.0,ema,premkt,nextopen,pullback,eod,False,2021-09-15 09:55:00,17.19,13.540000000000001,2021-09-15 13:54:00,stop,3.6500000000000004,-21.233275159976728,-1.0
2021-09-16,SPIR,0.24282789,9.76,3.0,ema,premkt,nextopen,pullback,eod,False,2021-09-16 10:05:00,12.53,11.64,2021-09-16 10:16:00,stop,0.8899999999999988,-7.102952913008764,-1.0
2021-09-17,CRVS,0.6769911,2.26,1.0,ema,premkt,nextopen,pullback,eod,False,2021-09-17 10:00:00,3.81,5.47,2021-09-17 15:55:00,eod,0.1599999999999997,43.56955380577428,10.375000000000018
2021-09-17,IPHA,0.32173908,5.75,2.0,ema,premkt,nextopen,pullback,eod,False,2021-09-17 10:25:00,9.14,8.69,2021-09-17 10:36:00,stop,0.45000000000000107,-4.923413566739621,-1.0
2021-09-20,VSTM,0.20289862,2.76,1.0,ema,premkt,nextopen,pullback,eod,False,2021-09-20 10:15:00,3.0727,3.0700000000000003,2021-09-20 10:20:00,stop,0.0026999999999999247,-0.08787060240179612,-1.0
2021-09-21,SPIR,0.10965252,12.95,2.0,ema,premkt,nextopen,pullback,eod,False,2021-09-21 09:50:00,17.7,14.811,2021-09-21 13:19:00,stop,2.8889999999999993,-16.322033898305076,-1.0
2021-09-22,AEMD,0.28421056,3.8,1.0,ema,premkt,nextopen,pullback,eod,False,2021-09-22 10:05:00,5.27,5.07,2021-09-22 11:04:00,stop,0.1999999999999993,-3.795066413662229,-1.0
2021-09-22,ATER,0.12923074,13.0,2.0,ema,premkt,nextopen,pullback,eod,False,2021-09-22 09:45:00,15.1799,14.5,2021-09-22 09:59:00,stop,0.6799,-4.478949136687326,-1.0
2021-09-23,MRM,1.0834744,7.3891,1.0,ema,premkt,nextopen,pullback,eod,False,2021-09-23 10:15:00,15.09,13.93,2021-09-23 11:40:00,stop,1.1600000000000001,-7.687210072895956,-1.0
2021-09-24,AEHR,0.18845499,11.78,1.0,ema,premkt,nextopen,pullback,eod,False,2021-09-24 09:45:00,15.0498,15.71,2021-09-24 15:55:00,eod,0.7797999999999998,4.386769259392165,0.8466273403436799
2021-09-27,RCAT,0.5708332,2.4,1.0,ema,premkt,nextopen,pullback,eod,False,2021-09-27 09:45:00,4.095,3.6500000000000004,2021-09-27 10:13:00,stop,0.4449999999999994,-10.86691086691085,-1.0
2021-09-28,GOGO,0.1382978,12.22,2.0,ema,premkt,nextopen,pullback,eod,False,2021-09-28 10:40:00,15.18,16.825,2021-09-28 15:55:00,eod,0.46999999999999886,10.836627140974976,3.5000000000000075
2021-09-30,IPM,0.351609,8.39,1.0,ema,premkt,nextopen,pullback,eod,False,2021-09-30 10:40:00,12.46,11.36,2021-09-30 11:19:00,stop,1.1000000000000014,-8.828250401284121,-1.0
2021-10-11,NXXT,0.12492764,3.4579,2.0,ema,premkt,nextopen,pullback,eod,False,2021-10-11 10:10:00,4.3015,4.05,2021-10-11 10:20:00,stop,0.25150000000000006,-5.846797628734168,-1.0
2021-10-11,EMPD,0.10015333,9.13,3.0,ema,premkt,nextopen,pullback,eod,False,2021-10-11 10:05:00,9.9159,9.6,2021-10-11 14:43:00,stop,0.31590000000000096,-3.1857925150515887,-1.0
2021-10-12,GWH,0.51919377,10.42,1.0,ema,premkt,nextopen,pullback,eod,False,2021-10-12 10:05:00,17.2,23.4799,2021-10-12 15:55:00,eod,1.1099999999999994,36.51104651162791,5.657567567567572
2021-10-12,NTRB,0.4513638,7.4,2.0,ema,premkt,nextopen,pullback,eod,False,2021-10-12 10:20:00,10.58,10.31,2021-10-12 10:26:00,stop,0.2699999999999996,-2.551984877126645,-1.0
2021-10-12,TIPT,0.21163487,10.75,3.0,ema,premkt,nextopen,pullback,eod,False,2021-10-12 10:15:00,13.3537,13.205,2021-10-12 11:43:00,stop,0.14869999999999983,-1.1135490538202841,-1.0
2021-10-13,JSPR,0.20804441,7.21,1.0,ema,premkt,nextopen,pullback,eod,False,2021-10-13 09:55:00,14.33,15.12,2021-10-13 15:55:00,eod,3.4800000000000004,5.512909979064884,0.22701149425287329
2021-10-13,SNTG,0.12741315,2.59,4.0,ema,premkt,nextopen,pullback,eod,False,2021-10-13 10:15:00,2.83,2.6785,2021-10-13 10:40:00,stop,0.15149999999999997,-5.353356890459359,-1.0
2021-10-14,DRIO,0.11624622,13.48,2.0,ema,premkt,nextopen,pullback,eod,False,2021-10-14 10:00:00,15.63,16.105,2021-10-14 15:55:00,eod,0.2270000000000003,3.039027511196424,2.0925110132158546
2021-10-15,PWCM,0.42441857,3.44,1.0,ema,premkt,nextopen,pullback,eod,False,2021-10-15 10:10:00,4.9783,4.8500000000000005,2021-10-15 10:38:00,stop,0.12829999999999941,-2.5771849828254534,-1.0
2021-10-15,ABVC,0.15040648,2.46,4.0,ema,premkt,nextopen,pullback,eod,False,2021-10-15 10:15:00,2.67,2.6500000000000004,2021-10-15 10:57:00,stop,0.019999999999999574,-0.7490636704119646,-1.0
2021-10-18,AGRO,0.10081518,8.93,2.0,ema,premkt,nextopen,pullback,eod,False,2021-10-18 09:50:00,9.765,9.61,2021-10-18 12:16:00,stop,0.15500000000000114,-1.5873015873016039,-1.0
2021-10-20,BON,0.11230314,6.86,1.0,ema,premkt,nextopen,pullback,eod,False,2021-10-20 10:00:00,7.41,7.2,2021-10-20 10:39:00,stop_gap,0.2099000000000002,-2.8340080971659964,-1.00047641734159
2021-10-21,DJT,0.2781124,9.96,1.0,ema,premkt,nextopen,pullback,eod,False,2021-10-21 09:50:00,14.44,42.87,2021-10-21 15:55:00,eod,1.83,196.88365650969527,15.53551912568306
2021-10-22,DIBS,0.19572473,14.97,2.0,ema,premkt,nextopen,pullback,eod,False,2021-10-22 10:35:00,16.315,15.94,2021-10-22 11:19:00,stop,0.3750000000000018,-2.2984983144345827,-1.0
2021-10-22,YHGJ,0.12019229,2.08,5.0,ema,premkt,nextopen,pullback,eod,False,2021-10-22 10:35:00,2.32,2.1700000000000004,2021-10-22 11:55:00,stop,0.14999999999999947,-6.465517241379293,-1.0
2021-10-26,ROIV,0.28928983,7.04,1.0,ema,premkt,nextopen,pullback,eod,False,2021-10-26 09:50:00,9.1,8.540000000000001,2021-10-26 10:01:00,stop,0.5599999999999987,-6.153846153846143,-1.0
2021-10-26,LIDR,0.20898867,4.45,3.0,ema,premkt,nextopen,pullback,eod,False,2021-10-26 09:45:00,7.0,5.54,2021-10-26 13:25:00,stop,1.46,-20.85714285714285,-1.0
2021-10-26,OCGN,0.1905781,9.34,4.0,ema,premkt,nextopen,pullback,eod,False,2021-10-26 09:50:00,12.0486,11.65,2021-10-26 10:47:00,stop,0.39860000000000007,-3.3082681805355008,-1.0
2021-10-28,DBGI,0.7590759,3.03,1.0,ema,premkt,nextopen,pullback,eod,False,2021-10-28 10:50:00,4.43,4.21,2021-10-28 13:49:00,stop,0.21999999999999975,-4.966139954853266,-1.0
2021-10-28,MYSE,0.19015968,7.52,3.0,ema,premkt,nextopen,pullback,eod,False,2021-10-28 10:20:00,8.28,7.98,2021-10-28 11:35:00,stop,0.29999999999999893,-3.6231884057970842,-1.0
2021-10-28,CYH,0.15331352,10.11,4.0,ema,premkt,nextopen,pullback,eod,False,2021-10-28 09:45:00,11.67,12.0,2021-10-28 15:55:00,eod,0.41000000000000014,2.8277634961439535,0.8048780487804877
2021-10-29,UAVS,0.14339626,2.65,2.0,ema,premkt,nextopen,pullback,eod,False,2021-10-29 09:50:00,3.1408,2.9000000000000004,2021-10-29 11:43:00,stop,0.24079999999999968,-7.666836474783489,-1.0
2021-10-29,WBX,0.116915464,16.08,3.0,ema,premkt,nextopen,pullback,eod,False,2021-10-29 10:45:00,16.7193,16.34,2021-10-29 11:12:00,stop,0.37930000000000064,-2.268635648621653,-1.0
2021-10-29,METC,0.10821259,15.89,4.0,ema,premkt,nextopen,pullback,eod,False,2021-10-29 09:45:00,18.2,18.099999999999998,2021-10-29 09:52:00,stop,0.10000000000000142,-0.5494505494505586,-1.0
2021-11-02,UA,0.1534419,19.03,4.0,ema,premkt,nextopen,pullback,eod,False,2021-11-02 09:55:00,22.15,21.58,2021-11-02 12:10:00,stop,0.5700000000000003,-2.573363431151243,-1.0
2021-11-05,FNKO,0.11595869,17.42,3.0,ema,premkt,nextopen,pullback,eod,False,2021-11-05 09:50:00,19.051,18.889999999999997,2021-11-05 09:59:00,stop,0.16100000000000136,-0.8450999947509419,-1.0
2021-11-05,MNR,0.11563516,18.86,4.0,ema,premkt,nextopen,pullback,eod,False,2021-11-05 10:15:00,21.05,21.029999999999998,2021-11-05 10:24:00,stop,0.020000000000003126,-0.09501187648457421,-1.0
2021-11-05,CNTY,0.11236322,13.71,5.0,ema,premkt,nextopen,pullback,eod,False,2021-11-05 10:05:00,14.97,14.950000000000001,2021-11-05 10:10:00,stop,0.019999999999999574,-0.13360053440213404,-1.0
2021-11-08,AUTL,0.30035973,5.56,1.0,ema,premkt,nextopen,pullback,eod,False,2021-11-08 10:45:00,7.2307,7.07,2021-11-08 11:22:00,stop,0.1606999999999994,-2.2224680874604053,-1.0
2021-11-11,FOSL,0.31430638,13.84,1.0,ema,premkt,nextopen,pullback,eod,False,2021-11-11 09:45:00,19.59,18.939999999999998,2021-11-11 09:54:00,stop,0.6500000000000021,-3.3180193976518724,-1.0
2021-11-11,PPSI,0.21515381,6.79,2.0,ema,premkt,nextopen,pullback,eod,False,2021-11-11 09:50:00,9.1087,8.290000000000001,2021-11-11 13:03:00,stop,0.8186999999999998,-8.98811026820512,-1.0
2021-11-11,KRMD,0.13120568,2.82,5.0,ema,premkt,nextopen,pullback,eod,False,2021-11-11 10:40:00,3.3,3.2,2021-11-11 10:57:00,stop,0.09999999999999964,-3.0303030303030165,-1.0
2021-11-12,MITQ,0.2185185,2.7,1.0,ema,premkt,nextopen,pullback,eod,False,2021-11-12 10:30:00,3.18,3.25,2021-11-12 15:55:00,eod,0.08999999999999986,2.2012578616352085,0.7777777777777772
2021-11-12,MRAM,0.20972645,6.58,2.0,ema,premkt,nextopen,pullback,eod,False,2021-11-12 09:50:00,9.58,10.7,2021-11-12 15:55:00,eod,1.2400000000000002,11.69102296450939,0.9032258064516121
2021-11-12,XPOF,0.17255497,19.53,4.0,ema,premkt,nextopen,pullback,eod,False,2021-11-12 11:00:00,23.04,23.535,2021-11-12 15:55:00,eod,0.4200000000000017,2.1484375,1.1785714285714262
2021-11-15,EYPT,0.37401855,14.01,1.0,ema,premkt,nextopen,pullback,eod,False,2021-11-15 10:10:00,20.13,19.16,2021-11-15 10:41:00,stop,0.9699999999999989,-4.818678589170389,-1.0
2021-11-15,JSPR,0.103773475,8.48,5.0,ema,premkt,nextopen,pullback,eod,False,2021-11-15 09:45:00,9.2,8.96,2021-11-15 10:05:00,stop_gap,0.19989999999999952,-2.608695652173898,-1.20060030015007
2021-11-16,RXT,0.13142085,14.99,1.0,ema,premkt,nextopen,pullback,eod,False,2021-11-16 10:25:00,16.955,16.74,2021-11-16 10:37:00,stop,0.21499999999999986,-1.2680625184311456,-1.0
2021-11-17,APWC,0.15298498,2.68,2.0,ema,premkt,nextopen,pullback,eod,False,2021-11-17 10:35:00,2.86,3.04,2021-11-17 15:55:00,eod,0.06999999999999984,6.2937062937062915,2.5714285714285796
2021-11-19,UWMC,0.21185982,5.52,2.0,ema,premkt,nextopen,pullback,eod,False,2021-11-19 09:50:00,6.76,6.74,2021-11-19 09:55:00,stop,0.019999999999999574,-0.2958579881656709,-1.0
2021-11-19,CNTX,0.12134826,4.45,4.0,ema,premkt,nextopen,pullback,eod,False,2021-11-19 09:55:00,5.4399,5.13,2021-11-19 10:16:00,stop,0.30989999999999984,-5.696795896983398,-1.0
2021-11-19,PHUN,0.10764873,3.53,5.0,ema,premkt,nextopen,pullback,eod,False,2021-11-19 10:20:00,3.805,3.72,2021-11-19 10:48:00,stop,0.08499999999999996,-2.23390275952694,-1.0
2021-11-22,VG,0.24799514,16.37,1.0,ema,premkt,nextopen,pullback,eod,False,2021-11-22 10:45:00,20.525,20.65,2021-11-22 15:55:00,eod,0.045000000000001705,0.6090133982947554,2.7777777777776724
2021-11-23,SPRU,0.15301728,4.64,3.0,ema,premkt,nextopen,pullback,eod,False,2021-11-23 10:20:00,5.77,5.57,2021-11-23 10:27:00,stop,0.1999999999999993,-3.466204506065851,-1.0
2021-11-23,RLX,0.12637019,4.91,4.0,ema,premkt,nextopen,pullback,eod,False,2021-11-23 10:00:00,5.5917,5.49,2021-11-23 10:15:00,stop,0.10170000000000012,-1.818767101239338,-1.0
2021-11-24,ORMP,0.114840984,18.21,4.0,ema,premkt,nextopen,pullback,eod,False,2021-11-24 10:15:00,19.72,19.59,2021-11-24 10:20:00,stop,0.129999999999999,-0.6592292089249496,-1.0
2021-11-24,SLI,0.11264372,8.7,5.0,ema,premkt,nextopen,pullback,eod,False,2021-11-24 10:35:00,9.58,9.49,2021-11-24 10:43:00,stop,0.08999999999999986,-0.9394572025052228,-1.0
2021-11-26,BFRI,0.37931037,5.22,2.0,ema,premkt,nextopen,pullback,eod,False,2021-11-26 10:45:00,6.955,7.85,2021-11-26 15:55:00,eod,0.3650000000000002,12.868439971243696,2.4520547945205453
2021-11-26,IVVD,0.1745863,18.73,4.0,ema,premkt,nextopen,pullback,eod,False,2021-11-26 09:55:00,25.25,23.97,2021-11-26 11:11:00,stop,1.2800000000000011,-5.069306930693074,-1.0
2021-11-26,SABS,0.103370786,8.9,5.0,ema,premkt,nextopen,pullback,eod,False,2021-11-26 10:05:00,10.05,9.59,2021-11-26 10:38:00,stop,0.46000000000000085,-4.577114427860707,-1.0
2021-11-30,CPIX,0.8773042,2.2,1.0,ema,premkt,nextopen,pullback,eod,False,2021-11-30 10:00:00,4.53,4.29,2021-11-30 12:02:00,stop,0.2400000000000002,-5.298013245033117,-1.0
2021-11-30,LITS,0.15107727,2.45,3.0,ema,premkt,nextopen,pullback,eod,False,2021-11-30 10:05:00,2.79,3.43,2021-11-30 15:55:00,eod,0.009999999999999787,22.93906810035842,64.00000000000138
2021-11-30,CNTX,0.10215056,5.58,5.0,ema,premkt,nextopen,pullback,eod,False,2021-11-30 09:50:00,6.4899,6.2,2021-11-30 11:33:00,stop,0.2898999999999994,-4.46694093899751,-1.0
2021-12-01,CNTX,0.17296505,6.88,3.0,ema,premkt,nextopen,pullback,eod,False,2021-12-01 10:10:00,8.8023,8.4,2021-12-01 10:31:00,stop,0.4023000000000003,-4.5703963736750675,-1.0
2021-12-01,BBW,0.13834262,17.06,4.0,ema,premkt,nextopen,pullback,eod,False,2021-12-01 09:45:00,19.91,21.53,2021-12-01 15:55:00,eod,1.1499000000000024,8.136614766449025,1.4088181581007024
2021-12-02,PHUN,0.1415385,3.25,3.0,ema,premkt,nextopen,pullback,eod,False,2021-12-02 10:25:00,3.7199,3.58,2021-12-02 10:38:00,stop,0.1398999999999999,-3.7608537863921043,-1.0
2021-12-03,LGVN,0.36833334,18.0,1.0,ema,premkt,nextopen,pullback,eod,False,2021-12-03 10:40:00,24.825,24.389999999999997,2021-12-03 10:47:00,stop,0.4350000000000023,-1.7522658610272024,-1.0
2021-12-06,TACO,0.6466826,7.53,1.0,ema,premkt,nextopen,pullback,eod,False,2021-12-06 10:45:00,12.42,12.52,2021-12-06 15:55:00,eod,0.019999999999999574,0.8051529790660261,5.000000000000089
2021-12-07,JMIA,0.12466121,11.07,4.0,ema,premkt,nextopen,pullback,eod,False,2021-12-07 10:25:00,13.28,13.255,2021-12-07 15:55:00,eod,0.23999999999999844,-0.18825301204817846,-0.10416666666666143
2021-12-08,TULP,0.2331407,10.38,1.0,ema,premkt,nextopen,pullback,eod,False,2021-12-08 10:50:00,21.81,20.069999999999997,2021-12-08 12:29:00,stop,1.740000000000002,-7.9779917469051,-1.0
2021-12-08,RLX,0.10742247,3.91,3.0,ema,premkt,nextopen,pullback,eod,False,2021-12-08 10:55:00,4.7521,4.755,2021-12-08 15:55:00,eod,0.19070000000000054,0.061025651817070425,0.015207131620343211
2021-12-09,ENSC,0.81543624,2.98,2.0,ema,premkt,nextopen,pullback,eod,False,2021-12-09 10:10:00,4.8499,4.6275,2021-12-09 10:23:00,stop,0.2223999999999995,-4.58566156003215,-1.0
2021-12-09,CHAI,0.21495318,4.28,3.0,ema,premkt,nextopen,pullback,eod,False,2021-12-09 10:55:00,4.53,4.42,2021-12-09 11:11:00,stop,0.11000000000000032,-2.428256070640189,-1.0
2021-12-10,CXM,0.10954845,13.51,4.0,ema,premkt,nextopen,pullback,eod,False,2021-12-10 09:50:00,15.95,15.19,2021-12-10 12:31:00,stop,0.7599999999999998,-4.764890282131661,-1.0
2021-12-13,FHTX,0.51042545,11.99,1.0,ema,premkt,nextopen,pullback,eod,False,2021-12-13 09:45:00,17.78,17.74,2021-12-13 09:50:00,stop,0.0400000000000027,-0.22497187851520106,-1.0
2021-12-15,BFRI,0.2763636,5.5,2.0,ema,premkt,nextopen,pullback,eod,False,2021-12-15 09:45:00,7.67,7.21,2021-12-15 10:04:00,stop,0.45999999999999996,-5.997392438070404,-1.0
2021-12-16,STLN,0.10080004,6.25,5.0,ema,premkt,nextopen,pullback,eod,False,2021-12-16 10:00:00,7.67,7.07,2021-12-16 10:14:00,stop,0.5999999999999996,-7.822685788787476,-1.0
2021-12-17,ALZN,0.14541352,2.53,2.0,ema,premkt,nextopen,pullback,eod,False,2021-12-17 09:45:00,2.9572,2.8400000000000003,2021-12-17 09:54:00,stop,0.11719999999999953,-3.963208440416599,-1.0
2021-12-20,FSM,0.13043475,3.22,2.0,ema,premkt,nextopen,pullback,eod,False,2021-12-20 09:50:00,3.68,3.7701,2021-12-20 15:55:00,eod,0.06999999999999984,2.44836956521739,1.2871428571428547
2021-12-21,EZRA,1.462295,3.05,1.0,ema,premkt,nextopen,pullback,eod,False,2021-12-21 10:05:00,6.9516,6.6000000000000005,2021-12-21 10:16:00,stop,0.35159999999999947,-5.057828413602616,-1.0
2021-12-21,BFRI,0.30971134,7.62,2.0,ema,premkt,nextopen,pullback,eod,False,2021-12-21 11:00:00,11.45,10.85,2021-12-21 11:20:00,stop,0.5999999999999996,-5.2401746724890845,-1.0
2021-12-28,TULP,0.38648176,11.54,1.0,ema,premkt,nextopen,pullback,eod,False,2021-12-28 09:50:00,20.115,18.68,2021-12-28 09:58:00,stop,1.4349999999999987,-7.133979617201092,-1.0
2021-12-28,LGVN,0.10986364,12.47,5.0,ema,premkt,nextopen,pullback,eod,False,2021-12-28 10:35:00,13.4446,13.32,2021-12-28 10:42:00,stop,0.12459999999999916,-0.9267661365901514,-1.0
2021-12-29,TULP,0.26445842,19.02,1.0,ema,premkt,nextopen,pullback,eod,False,2021-12-29 10:05:00,25.0473,24.299999999999997,2021-12-29 10:21:00,stop,0.7473000000000027,-2.983555113724845,-1.0
2021-12-29,CPOP,0.1731602,2.31,2.0,ema,premkt,nextopen,pullback,eod,False,2021-12-29 09:45:00,3.0485,2.8000000000000003,2021-12-29 10:00:00,stop,0.24849999999999994,-8.151549942594716,-1.0
2022-01-03,BDSX,0.1859411,4.41,5.0,ema,premkt,nextopen,pullback,eod,False,2022-01-03 10:25:00,5.47,5.2516,2022-01-03 11:58:00,stop_gap,0.09999999999999964,-3.992687385740401,-2.184000000000007
2022-01-05,EWTX,0.16333127,15.49,2.0,ema,premkt,nextopen,pullback,eod,False,2022-01-05 10:20:00,19.3275,18.96,2022-01-05 15:55:00,eod,1.5574000000000012,-1.9014357780364755,-0.23597020675484745
2022-01-10,TLRY,0.11526477,6.42,1.0,ema,premkt,nextopen,pullback,eod,False,2022-01-10 10:05:00,7.665,7.37,2022-01-10 10:21:00,stop,0.29499999999999993,-3.848662752772336,-1.0
2022-01-20,MYSE,0.14715719,2.99,1.0,ema,premkt,nextopen,pullback,eod,False,2022-01-20 09:45:00,3.6563,3.5700000000000003,2022-01-20 09:56:00,stop,0.0862999999999996,-2.3603096026037163,-1.0
2022-01-31,FGI,0.34748006,3.77,2.0,ema,premkt,nextopen,pullback,eod,False,2022-01-31 10:15:00,5.35,5.08,2022-01-31 10:37:00,stop,0.2699999999999996,-5.046728971962611,-1.0
2022-02-07,RUMBW,0.105263114,3.8,4.0,ema,premkt,nextopen,pullback,eod,False,2022-02-07 09:50:00,4.415,4.1665,2022-02-07 10:10:00,stop,0.24849999999999994,-5.628539071347682,-1.0
2022-02-14,KSCP,0.13708866,6.32,2.0,ema,premkt,nextopen,pullback,eod,False,2022-02-14 09:55:00,7.4195,8.4498,2022-02-14 15:55:00,eod,0.4187000000000003,13.886380483860084,2.460711726773343
2022-02-14,KELYA,0.11386764,17.25,3.0,ema,premkt,nextopen,pullback,eod,False,2022-02-14 10:00:00,19.66,20.83,2022-02-14 15:55:00,eod,0.3400000000000034,5.951169888097652,3.4411764705881955
2022-02-15,RLGT,0.12576687,6.52,2.0,ema,premkt,nextopen,pullback,eod,False,2022-02-15 09:50:00,7.37,7.26,2022-02-15 14:10:00,stop_gap,0.10989999999999966,-1.4925373134328401,-1.0009099181073764
2022-02-15,AKTS,0.100746274,5.36,3.0,ema,premkt,nextopen,pullback,eod,False,2022-02-15 10:05:00,6.18,6.09,2022-02-15 12:26:00,stop,0.08999999999999986,-1.4563106796116498,-1.0
2022-02-17,ACVA,0.1061151,11.12,1.0,ema,premkt,nextopen,pullback,eod,False,2022-02-17 09:45:00,13.23,12.5525,2022-02-17 12:44:00,stop,0.6775000000000002,-5.120937263794412,-1.0
2022-02-23,SKIN,0.16043603,12.84,2.0,ema,premkt,nextopen,pullback,eod,False,2022-02-23 10:20:00,16.85,16.645,2022-02-23 15:55:00,eod,0.4600000000000044,-1.2166172106825024,-0.44565217391304324
2022-02-24,INDO,0.87624764,7.515,1.0,ema,premkt,nextopen,pullback,eod,False,2022-02-24 10:30:00,12.64,12.31,2022-02-24 10:53:00,stop,0.33000000000000007,-2.610759493670889,-1.0
2022-02-25,CISO,0.15430272,3.37,3.0,ema,premkt,nextopen,pullback,eod,False,2022-02-25 10:15:00,3.51,3.75,2022-02-25 15:55:00,eod,0.03999999999999959,6.8376068376068355,6.000000000000067
2022-02-28,SRG,0.12798262,9.22,4.0,ema,premkt,nextopen,pullback,eod,False,2022-02-28 10:20:00,10.23,10.1,2022-02-28 12:48:00,stop_gap,0.10999999999999943,-1.270772238514184,-1.181818181818195
2022-02-28,IMPP,0.11428571,2.1,5.0,ema,premkt,nextopen,pullback,eod,False,2022-02-28 10:00:00,2.4199,2.3000000000000003,2022-02-28 14:01:00,stop,0.1198999999999999,-4.954750196289092,-1.0
2022-03-01,RCEL,0.16956532,9.2,1.0,ema,premkt,nextopen,pullback,eod,False,2022-03-01 10:00:00,10.58,10.52,2022-03-01 15:44:00,stop,0.0600000000000005,-0.5671077504725952,-1.0
2022-03-01,AVIR,0.10410094,6.34,5.0,ema,premkt,nextopen,pullback,eod,False,2022-03-01 10:20:00,6.79,6.62,2022-03-01 10:48:00,stop,0.16999999999999993,-2.5036818851251863,-1.0
2022-03-02,INDO,0.1790353,10.78,2.0,ema,premkt,nextopen,pullback,eod,False,2022-03-02 09:55:00,13.0388,12.5647,2022-03-02 10:08:00,stop,0.47409999999999997,-3.6360708040617196,-1.0
2022-03-02,PSFE,0.16262972,2.89,3.0,ema,premkt,nextopen,pullback,eod,False,2022-03-02 10:10:00,3.2087,3.14,2022-03-02 10:47:00,stop,0.06869999999999976,-2.1410540094119024,-1.0
2022-03-02,ARLO,0.15092158,8.68,5.0,ema,premkt,nextopen,pullback,eod,False,2022-03-02 10:45:00,11.18,11.2175,2022-03-02 15:55:00,eod,0.27669999999999995,0.3354203935599154,0.13552584026020836
2022-03-03,INDO,0.5344827,14.5,1.0,ema,premkt,nextopen,pullback,eod,False,2022-03-03 10:20:00,21.9001,20.7,2022-03-03 14:33:00,stop,1.200099999999999,-5.479883653499296,-1.0
2022-03-03,RMNI,0.2538631,4.53,2.0,ema,premkt,nextopen,pullback,eod,False,2022-03-03 10:30:00,5.78,5.74,2022-03-03 15:55:00,eod,0.16000000000000014,-0.692041522491349,-0.25
2022-03-03,IMPP,0.16990292,2.06,3.0,ema,premkt,nextopen,pullback,eod,False,2022-03-03 10:05:00,2.41,2.3200000000000003,2022-03-03 10:20:00,stop,0.08999999999999986,-3.734439834024894,-1.0
2022-03-03,CAN,0.15711653,5.41,4.0,ema,premkt,nextopen,pullback,eod,False,2022-03-03 10:10:00,6.071,6.245,2022-03-03 15:55:00,eod,0.10459999999999958,2.866084664799873,1.6634799235181748
2022-03-03,EOSE,0.13358784,2.62,5.0,ema,premkt,nextopen,pullback,eod,False,2022-03-03 09:45:00,3.1299,3.0100000000000002,2022-03-03 15:16:00,stop,0.1198999999999999,-3.830793316080383,-1.0
2022-03-07,IMPP,0.3846153,3.38,1.0,ema,premkt,nextopen,pullback,eod,False,2022-03-07 09:50:00,5.16,7.0799,2022-03-07 15:55:00,eod,0.7699999999999996,37.20736434108527,2.493376623376625
2022-03-07,CLOV,0.16363633,2.2,2.0,ema,premkt,nextopen,pullback,eod,False,2022-03-07 09:55:00,2.6225,2.605,2022-03-07 15:55:00,eod,0.0924999999999998,-0.6673021925643452,-0.18918918918919037
2022-03-08,BSIN,0.58690965,6.32,2.0,ema,premkt,nextopen,pullback,eod,False,2022-03-08 09:50:00,12.56,10.4,2022-03-08 10:18:00,stop_gap,2.1500000000000004,-17.19745222929936,-1.0046511627906975
2022-03-09,BMBL,0.32052827,16.66,1.0,ema,premkt,nextopen,pullback,eod,False,2022-03-09 09:45:00,23.68,23.53,2022-03-09 15:55:00,eod,0.9600000000000009,-0.633445945945943,-0.1562499999999984
2022-03-09,ASTS,0.29037035,6.75,2.0,ema,premkt,nextopen,pullback,eod,False,2022-03-09 10:05:00,8.92,9.9,2022-03-09 15:55:00,eod,0.5099999999999998,10.986547085201792,1.921568627450982
2022-03-10,AGIG,0.15844154,7.7,1.0,ema,premkt,nextopen,pullback,eod,False,2022-03-10 10:00:00,8.5,8.32,2022-03-10 10:07:00,stop,0.17999999999999972,-2.117647058823524,-1.0
2022-03-10,IMPP,0.13636363,5.06,3.0,ema,premkt,nextopen,pullback,eod,False,2022-03-10 10:00:00,5.504,5.34,2022-03-10 10:07:00,stop,0.1639999999999997,-2.9796511627906974,-1.0
2022-03-11,PSO,0.18998182,8.69,2.0,ema,premkt,nextopen,pullback,eod,False,2022-03-11 10:50:00,10.27,10.23,2022-03-11 10:56:00,stop,0.03999999999999915,-0.3894839337877265,-1.0
2022-03-11,CLLS,0.123809576,4.2,4.0,ema,premkt,nextopen,pullback,eod,False,2022-03-11 10:00:00,4.68,4.65,2022-03-11 10:12:00,stop_gap,0.02999999999999936,-0.6410256410256276,-1.0
2022-03-14,AVX,0.21904767,3.15,1.0,ema,premkt,nextopen,pullback,eod,False,2022-03-14 09:55:00,4.23,3.6300000000000003,2022-03-14 13:39:00,stop,0.6000000000000001,-14.184397163120565,-1.0
2022-03-15,ASLE,0.10452962,14.35,1.0,ema,premkt,nextopen,pullback,eod,False,2022-03-15 10:30:00,15.82,15.72,2022-03-15 10:37:00,stop,0.09999999999999964,-0.6321112515802807,-1.0
2022-03-16,BEKE,0.43495643,9.06,2.0,ema,premkt,nextopen,pullback,eod,False,2022-03-16 10:50:00,14.38,14.23,2022-03-16 13:09:00,stop,0.15000000000000036,-1.0431154381084884,-1.0
2022-03-16,BILI,0.32926822,18.86,3.0,ema,premkt,nextopen,pullback,eod,False,2022-03-16 10:50:00,26.0,27.98,2022-03-16 15:55:00,eod,0.5500000000000007,7.615384615384624,3.599999999999996
2022-03-16,DDL,0.30980396,2.55,4.0,ema,premkt,nextopen,pullback,eod,False,2022-03-16 10:05:00,3.53,4.295,2022-03-16 15:55:00,eod,0.17999999999999972,21.671388101983013,4.250000000000007
2022-03-17,IMPP,0.19117653,2.04,1.0,ema,premkt,nextopen,pullback,eod,False,2022-03-17 10:15:00,2.575,2.49,2022-03-17 10:21:00,stop,0.08499999999999996,-3.300970873786402,-1.0
2022-03-17,AGIG,0.12727273,5.5,3.0,ema,premkt,nextopen,pullback,eod,False,2022-03-17 09:45:00,6.456,6.41,2022-03-17 09:52:00,stop,0.04600000000000026,-0.7125154894671692,-1.0
2022-03-18,STNE,0.2835369,9.61,1.0,ema,premkt,nextopen,pullback,eod,False,2022-03-18 10:40:00,13.199,13.07,2022-03-18 11:11:00,stop,0.12899999999999956,-0.977346768694598,-1.0
2022-03-18,IXHL,0.13772953,11.98,4.0,ema,premkt,nextopen,pullback,eod,False,2022-03-18 10:00:00,12.97,12.53,2022-03-18 11:36:00,stop,0.4400000000000013,-3.3924441017733287,-1.0
2022-03-18,DAVE,0.10615575,7.96,5.0,ema,premkt,nextopen,pullback,eod,False,2022-03-18 10:25:00,8.52,8.22,2022-03-18 10:38:00,stop,0.29999999999999893,-3.5211267605633645,-1.0
2022-03-22,ZH,0.1576922,2.6,2.0,ema,premkt,nextopen,pullback,eod,False,2022-03-22 09:55:00,3.0207,2.85,2022-03-22 15:53:00,stop,0.17070000000000007,-5.651008044493,-1.0
2022-03-22,GEVO,0.13071895,4.59,3.0,ema,premkt,nextopen,pullback,eod,False,2022-03-22 09:50:00,5.39,5.1000000000000005,2022-03-22 11:06:00,stop,0.28999999999999915,-5.3803339517625055,-1.0
2022-03-24,JXG,0.2751479,3.38,2.0,ema,premkt,nextopen,pullback,eod,False,2022-03-24 10:00:00,4.52,4.48,2022-03-24 10:05:00,stop,0.03999999999999915,-0.8849557522123686,-1.0
2022-03-28,CELZ,0.16666663,3.48,1.0,ema,premkt,nextopen,pullback,eod,False,2022-03-28 10:20:00,4.081,4.4725,2022-03-28 15:55:00,eod,0.14100000000000001,9.593236951727512,2.776595744680849
2022-03-28,ORIC,0.15638769,4.54,2.0,ema,premkt,nextopen,pullback,eod,False,2022-03-28 10:05:00,5.3,5.21,2022-03-28 10:17:00,stop,0.08999999999999986,-1.6981132075471694,-1.0
2022-03-29,SCNX,0.17512572,2.34,2.0,ema,premkt,nextopen,pullback,eod,False,2022-03-29 10:10:00,2.7625,2.78,2022-03-29 15:55:00,eod,0.11249999999999982,0.6334841628959031,0.15555555555555248
2022-03-29,GDYN,0.15807271,11.83,3.0,ema,premkt,nextopen,pullback,eod,False,2022-03-29 10:35:00,13.74,13.43,2022-03-29 10:42:00,stop,0.3100000000000005,-2.2561863173216956,-1.0
2022-03-30,DRCT,0.82558143,2.58,1.0,ema,premkt,nextopen,pullback,eod,False,2022-03-30 10:10:00,4.4787,4.24,2022-03-30 10:19:00,stop,0.2386999999999997,-5.3296715564784325,-1.0
2022-03-30,ARHS,0.20554972,7.2,3.0,ema,premkt,nextopen,pullback,eod,False,2022-03-30 10:00:00,8.54,8.7,2022-03-30 15:55:00,eod,0.29989999999999917,1.87353629976581,0.533511170390132
2022-03-30,TULP,0.13242006,8.76,4.0,ema,premkt,nextopen,pullback,eod,False,2022-03-30 09:50:00,12.13,10.950000000000001,2022-03-30 11:12:00,stop,1.1799999999999997,-9.727947238252266,-1.0
2022-04-01,ZH,0.13429749,2.42,4.0,ema,premkt,nextopen,pullback,eod,False,2022-04-01 10:00:00,2.6699,2.62,2022-04-01 10:10:00,stop,0.049900000000000055,-1.868983857073303,-1.0
2022-04-04,BEKE,0.114828944,14.01,2.0,ema,premkt,nextopen,pullback,eod,False,2022-04-04 10:10:00,15.525,16.402,2022-04-04 15:55:00,eod,0.375,5.648953301127224,2.3386666666666684
2022-04-04,TMC,0.106122494,2.45,4.0,ema,premkt,nextopen,pullback,eod,False,2022-04-04 10:05:00,2.795,2.66,2022-04-04 15:43:00,stop,0.1349999999999998,-4.830053667262957,-1.0
2022-04-05,SST,0.15081763,16.51,2.0,ema,premkt,nextopen,pullback,eod,False,2022-04-05 09:45:00,24.2635,20.349999999999998,2022-04-05 14:40:00,stop,3.9135000000000026,-16.129165206998174,-1.0
2022-04-06,TLRY,0.102418184,7.03,5.0,ema,premkt,nextopen,pullback,eod,False,2022-04-06 10:10:00,7.96,7.8,2022-04-06 10:18:00,stop,0.16000000000000014,-2.010050251256279,-1.0
2022-04-07,SBFMW,0.20293391,4.09,1.0,ema,premkt,nextopen,pullback,eod,False,2022-04-07 09:50:00,5.36,7.35,2022-04-07 15:56:00,eod,0.28990000000000027,37.12686567164178,6.864436012418066
2022-04-07,SBFM,0.15262318,6.29,2.0,ema,premkt,nextopen,pullback,eod,False,2022-04-07 09:50:00,7.4299,9.54,2022-04-07 15:55:00,eod,0.43979999999999997,28.40011305670331,4.797862664847656
2022-04-07,CNDT,0.11934149,4.86,4.0,ema,premkt,nextopen,pullback,eod,False,2022-04-07 09:45:00,5.6,5.4928,2022-04-07 10:49:00,stop,0.10719999999999974,-1.9142857142857128,-1.0
2022-04-07,CMBT,0.108463764,11.24,5.0,ema,premkt,nextopen,pullback,eod,False,2022-04-07 10:45:00,12.31,12.19,2022-04-07 11:10:00,stop,0.120000000000001,-0.9748172217709294,-1.0
2022-04-08,ATER,0.19480515,3.85,2.0,ema,premkt,nextopen,pullback,eod,False,2022-04-08 09:50:00,4.59,4.34,2022-04-08 12:00:00,stop,0.25,-5.446623093681913,-1.0
2022-04-08,BFRI,0.18811882,4.04,3.0,ema,premkt,nextopen,pullback,eod,False,2022-04-08 10:20:00,5.15,5.01,2022-04-08 10:34:00,stop,0.14000000000000057,-2.7184466019417597,-1.0
2022-04-11,VERU,0.37701154,4.35,1.0,ema,premkt,nextopen,pullback,eod,False,2022-04-11 10:00:00,6.26,12.29,2022-04-11 15:55:00,eod,0.21999999999999975,96.32587859424919,27.40909090909094
2022-04-11,VNET,0.19259262,5.4,2.0,ema,premkt,nextopen,pullback,eod,False,2022-04-11 10:50:00,7.0999,6.97,2022-04-11 15:55:00,eod,0.24489999999999945,-1.8296032338483648,-0.5304205798285031
2022-04-20,KLRS,0.2754159,5.41,1.0,ema,premkt,nextopen,pullback,eod,False,2022-04-20 09:55:00,8.3,7.34,2022-04-20 10:29:00,stop,0.9600000000000009,-11.566265060240976,-1.0
2022-04-25,BBAI,0.116959095,8.55,2.0,ema,premkt,nextopen,pullback,eod,False,2022-04-25 09:55:00,9.37,9.16,2022-04-25 10:36:00,stop,0.20999999999999908,-2.2411953041622135,-1.0
2022-04-26,MX,0.19627416,15.03,1.0,ema,premkt,nextopen,pullback,eod,False,2022-04-26 10:05:00,17.96,17.83,2022-04-26 11:05:00,stop,0.13000000000000256,-0.7238307349666018,-1.0
2022-04-27,NUTX,0.19401038,7.68,1.0,ema,premkt,nextopen,pullback,eod,False,2022-04-27 10:25:00,9.07,8.69,2022-04-27 10:51:00,stop,0.3800000000000008,-4.189636163175314,-1.0
2022-04-27,VRT,0.10530901,11.54,3.0,ema,premkt,nextopen,pullback,eod,False,2022-04-27 09:50:00,13.035,12.83,2022-04-27 10:03:00,stop,0.20500000000000007,-1.5726889144610623,-1.0
2022-04-28,ATOM,0.14578831,9.26,4.0,ema,premkt,nextopen,pullback,eod,False,2022-04-28 10:05:00,9.91,11.27,2022-04-28 15:55:00,eod,0.25,13.723511604439963,5.439999999999998
2022-04-28,UPWK,0.13011909,19.29,5.0,ema,premkt,nextopen,pullback,eod,False,2022-04-28 09:50:00,22.6488,21.9,2022-04-28 10:02:00,stop,0.7488000000000028,-3.3061354243933527,-1.0
2022-04-29,ZYME,0.44959676,4.96,1.0,ema,premkt,nextopen,pullback,eod,False,2022-04-29 10:00:00,7.205,7.07,2022-04-29 10:08:00,stop,0.1349999999999998,-1.8736988202637028,-1.0
2022-04-29,YMM,0.13607728,5.0,3.0,ema,premkt,nextopen,pullback,eod,False,2022-04-29 09:55:00,5.9,6.035,2022-04-29 15:55:00,eod,0.3100000000000005,2.2881355932203418,0.43548387096774055
2022-05-05,HDSN,0.1344539,7.14,2.0,ema,premkt,nextopen,pullback,eod,False,2022-05-05 09:50:00,8.6461,8.321,2022-05-05 11:20:00,stop,0.32510000000000083,-3.7600767976313065,-1.0
2022-05-05,AGIG,0.10218978,4.11,4.0,ema,premkt,nextopen,pullback,eod,False,2022-05-05 10:30:00,4.26,4.15,2022-05-05 10:44:00,stop,0.10999999999999943,-2.5821596244131273,-1.0
2022-05-06,GDYN,0.108377695,15.04,5.0,ema,premkt,nextopen,pullback,eod,False,2022-05-06 10:05:00,16.77,16.139999999999997,2022-05-06 12:16:00,stop,0.6300000000000026,-3.756708407871212,-1.0
2022-05-10,KYNB,0.1284635,7.94,4.0,ema,premkt,nextopen,pullback,eod,False,2022-05-10 09:55:00,9.515,9.97,2022-05-10 15:55:00,eod,0.375,4.781923279033107,1.2133333333333336
2022-05-12,CPNG,0.13650465,9.67,3.0,ema,premkt,nextopen,pullback,eod,False,2022-05-12 10:35:00,11.39,11.0649,2022-05-12 14:47:00,stop,0.32510000000000083,-2.8542581211589146,-1.0
2022-05-12,CLPT,0.11988711,7.09,4.0,ema,premkt,nextopen,pullback,eod,False,2022-05-12 10:45:00,8.37,8.11,2022-05-12 11:22:00,stop_gap,0.2599999999999998,-3.1063321385901954,-1.0
2022-05-12,SKYX,0.101876736,3.73,5.0,ema,premkt,nextopen,pullback,eod,False,2022-05-12 10:05:00,4.395,4.12,2022-05-12 11:28:00,stop,0.27499999999999947,-6.257110352673479,-1.0
2022-05-13,HOOD,0.23130834,8.56,3.0,ema,premkt,nextopen,pullback,eod,False,2022-05-13 10:50:00,10.505,10.67,2022-05-13 15:55:00,eod,0.2350000000000012,1.5706806282722363,0.7021276595744609
2022-05-13,PAYO,0.22222233,3.6,4.0,ema,premkt,nextopen,pullback,eod,False,2022-05-13 09:55:00,4.65,4.55,2022-05-13 10:01:00,stop,0.10000000000000053,-2.1505376344086113,-1.0
2022-05-13,CELU,0.17331016,5.77,5.0,ema,premkt,nextopen,pullback,eod,False,2022-05-13 10:10:00,7.0,7.42,2022-05-13 15:55:00,eod,0.1299999999999999,6.000000000000005,3.230769230769233
2022-05-16,FFAI,0.12195122,2.46,2.0,ema,premkt,nextopen,pullback,eod,False,2022-05-16 09:50:00,2.89,2.77,2022-05-16 12:05:00,stop,0.1200000000000001,-4.152249134948105,-1.0
2022-05-17,MVST,0.17559528,3.36,2.0,ema,premkt,nextopen,pullback,eod,False,2022-05-17 10:15:00,4.0458,3.9212000000000002,2022-05-17 10:40:00,stop,0.1245999999999996,-3.079737011221506,-1.0
2022-05-17,NNDM,0.11811018,2.54,5.0,ema,premkt,nextopen,pullback,eod,False,2022-05-17 10:20:00,2.89,2.85,2022-05-17 10:34:00,stop,0.040000000000000036,-1.384083044982698,-1.0
2022-05-18,DLO,0.11640787,19.25,1.0,ema,premkt,nextopen,pullback,eod,False,2022-05-18 09:45:00,24.15,23.2,2022-05-18 09:57:00,stop,0.9499999999999993,-3.9337474120082816,-1.0
2022-05-18,MX,0.10559726,17.33,3.0,ema,premkt,nextopen,pullback,eod,False,2022-05-18 10:05:00,19.67,19.509999999999998,2022-05-18 10:29:00,stop,0.1600000000000037,-0.8134214539908702,-1.0
2022-05-19,CAN,0.102547646,3.14,2.0,ema,premkt,nextopen,pullback,eod,False,2022-05-19 09:50:00,3.6475,3.52,2022-05-19 10:36:00,stop,0.12749999999999995,-3.4955448937628475,-1.0
2022-05-20,EVEX,0.1952095,8.35,1.0,ema,premkt,nextopen,pullback,eod,False,2022-05-20 10:20:00,10.71,10.39,2022-05-20 10:29:00,stop_gap,0.3100000000000005,-2.9878618113912236,-1.0322580645161283
2022-05-26,SPRC,0.29661012,2.36,1.0,ema,premkt,nextopen,pullback,eod,False,2022-05-26 10:35:00,3.37,3.1500000000000004,2022-05-26 11:41:00,stop,0.21999999999999975,-6.52818991097922,-1.0
2022-05-31,TXMD,3.457944,2.14,1.0,ema,premkt,nextopen,pullback,eod,False,2022-05-31 09:55:00,9.789,9.9455,2022-05-31 15:55:00,eod,0.24899999999999878,1.5987332720400316,0.6285140562249003
2022-05-31,AGIG,0.32978725,3.76,2.0,ema,premkt,nextopen,pullback,eod,False,2022-05-31 09:45:00,5.175,4.99,2022-05-31 14:29:00,stop,0.1849999999999996,-3.5748792270531293,-1.0
2022-05-31,INDO,0.14503813,15.72,3.0,ema,premkt,nextopen,pullback,eod,False,2022-05-31 09:55:00,18.295,17.9,2022-05-31 10:03:00,stop,0.3950000000000031,-2.15905985241871,-1.0
2022-06-02,PDSB,0.16172504,3.71,1.0,ema,premkt,nextopen,pullback,eod,False,2022-06-02 10:00:00,4.3,4.21,2022-06-02 10:15:00,stop,0.08999999999999986,-2.0930232558139528,-1.0
2022-06-02,CRDO,0.12195122,10.25,2.0,ema,premkt,nextopen,pullback,eod,False,2022-06-02 09:45:00,12.22,12.79,2022-06-02 15:55:00,eod,0.4800000000000004,4.664484451718476,1.1874999999999958
2022-06-03,AMLX,0.36131012,9.77,1.0,ema,premkt,nextopen,pullback,eod,False,2022-06-03 10:10:00,12.12,11.85,2022-06-03 10:17:00,stop,0.2699999999999996,-2.2277227722772297,-1.0
2022-06-06,FTCI,0.2518891,3.97,1.0,ema,premkt,nextopen,pullback,eod,False,2022-06-06 09:55:00,4.9601,4.9,2022-06-06 10:04:00,stop,0.060099999999999376,-1.211669119574188,-1.0
2022-06-06,SHLS,0.20898438,15.36,3.0,ema,premkt,nextopen,pullback,eod,False,2022-06-06 09:55:00,18.675,18.349999999999998,2022-06-06 10:08:00,stop,0.32500000000000284,-1.7402945113788593,-1.0
2022-06-06,ARRY,0.18782604,11.5,4.0,ema,premkt,nextopen,pullback,eod,False,2022-06-06 09:55:00,13.4109,13.41,2022-06-06 10:00:00,stop,0.0008999999999996788,-0.006710958996036798,-1.0
2022-06-06,KC,0.101098895,4.55,5.0,ema,premkt,nextopen,pullback,eod,False,2022-06-06 09:55:00,5.17,4.890000000000001,2022-06-06 11:11:00,stop,0.27999999999999936,-5.415860735009659,-1.0
2022-06-08,SYM,0.15824175,9.1,2.0,ema,premkt,nextopen,pullback,eod,False,2022-06-08 10:40:00,16.2,14.46,2022-06-08 11:52:00,stop,1.7399999999999984,-10.740740740740728,-1.0
2022-06-09,SOUN,0.14354074,4.18,3.0,ema,premkt,nextopen,pullback,eod,False,2022-06-09 10:25:00,4.62,4.56,2022-06-09 10:37:00,stop_gap,0.058399999999999785,-1.2987012987013102,-1.027397260273985
2022-06-10,COGT,0.33064508,4.96,1.0,ema,premkt,nextopen,pullback,eod,False,2022-06-10 10:00:00,8.31,7.925,2022-06-10 15:55:00,eod,0.7700000000000005,-4.632972322503015,-0.5000000000000006
2022-06-10,EDU,0.114305735,14.72,2.0,ema,premkt,nextopen,pullback,eod,False,2022-06-10 10:20:00,16.27,15.89,2022-06-10 12:33:00,stop,0.379999999999999,-2.335586969883219,-1.0
2022-06-14,INDO,0.23803353,7.73,1.0,ema,premkt,nextopen,pullback,eod,False,2022-06-14 10:35:00,8.95,8.8,2022-06-14 10:42:00,stop,0.14999999999999858,-1.6759776536312665,-1.0
2022-06-14,AGIG,0.14126992,6.3,3.0,ema,premkt,nextopen,pullback,eod,False,2022-06-14 09:45:00,7.8312,7.25,2022-06-14 11:33:00,stop,0.5811999999999999,-7.421595668607617,-1.0
2022-06-16,SIDU,0.62393165,4.68,1.0,ema,premkt,nextopen,pullback,eod,False,2022-06-16 09:55:00,7.385,7.24,2022-06-16 11:56:00,stop,0.14499999999999957,-1.9634394041976977,-1.0
2022-06-21,BKSY,0.3251232,2.03,3.0,ema,premkt,nextopen,pullback,eod,False,2022-06-21 09:45:00,2.67,2.6,2022-06-21 10:06:00,stop,0.06999999999999984,-2.621722846441943,-1.0
2022-06-21,ARBK,0.13031924,3.76,5.0,ema,premkt,nextopen,pullback,eod,False,2022-06-21 09:55:00,4.62,4.42,2022-06-21 15:51:00,stop,0.20000000000000018,-4.329004329004338,-1.0
2022-06-23,QURE,0.109161735,15.39,3.0,ema,premkt,nextopen,pullback,eod,False,2022-06-23 09:55:00,17.78,19.5,2022-06-23 15:55:00,eod,0.43000000000000327,9.67379077615298,3.999999999999967
2022-06-28,CRNT,0.15311015,2.09,1.0,ema,premkt,nextopen,pullback,eod,False,2022-06-28 09:45:00,2.465,2.49,2022-06-28 15:55:00,eod,0.0349999999999997,1.014198782961473,0.7142857142857306
2022-06-28,STRO,0.15011549,4.33,2.0,ema,premkt,nextopen,pullback,eod,False,2022-06-28 09:45:00,5.345,5.220000000000001,2022-06-28 09:51:00,stop,0.12499999999999911,-2.3386342376052194,-1.0
2022-06-28,MLCO,0.103918195,5.87,4.0,ema,premkt,nextopen,pullback,eod,False,2022-06-28 10:10:00,6.5,6.375,2022-06-28 11:19:00,stop,0.125,-1.9230769230769273,-1.0
2022-06-30,NRSN,0.4525547,2.74,1.0,ema,premkt,nextopen,pullback,eod,False,2022-06-30 10:30:00,3.755,3.5500000000000003,2022-06-30 15:43:00,stop,0.20499999999999963,-5.459387483355515,-1.0
2022-07-05,AMLX,0.16230094,19.47,1.0,ema,premkt,nextopen,pullback,eod,False,2022-07-05 10:10:00,21.9399,21.319999999999997,2022-07-05 13:34:00,stop,0.6199000000000048,-2.8254458771462265,-1.0
2022-07-07,FFAI,0.14317179,4.54,3.0,ema,premkt,nextopen,pullback,eod,False,2022-07-07 10:40:00,5.9569,5.7700000000000005,2022-07-07 11:00:00,stop,0.18689999999999962,-3.1375379811646953,-1.0
2022-07-08,SRG,0.49835527,6.08,1.0,ema,premkt,nextopen,pullback,eod,False,2022-07-08 10:05:00,9.18,10.96,2022-07-08 15:55:00,eod,0.11999999999999922,19.389978213507632,14.833333333333439
2022-07-08,TULP,0.22839499,8.1,3.0,ema,premkt,nextopen,pullback,eod,False,2022-07-08 09:55:00,9.59,9.200000000000001,2022-07-08 10:11:00,stop,0.3899999999999988,-4.066736183524489,-1.0
2022-07-08,TH,0.18677676,6.05,4.0,ema,premkt,nextopen,pullback,eod,False,2022-07-08 10:15:00,7.155,6.94,2022-07-08 11:07:00,stop,0.21499999999999986,-3.0048916841369677,-1.0
2022-07-13,PETZ,0.11650491,2.06,1.0,ema,premkt,nextopen,pullback,eod,False,2022-07-13 09:50:00,2.6194,2.45,2022-07-13 10:11:00,stop,0.1694,-6.467129877071088,-1.0
2022-07-15,USEA,0.95442116,2.2,1.0,ema,premkt,nextopen,pullback,eod,False,2022-07-15 10:55:00,6.02,6.1163,2022-07-15 15:55:00,eod,0.379999999999999,1.5996677740863774,0.2534210526315803
2022-07-15,PINS,0.1349659,17.56,2.0,ema,premkt,nextopen,pullback,eod,False,2022-07-15 10:00:00,19.83,19.75,2022-07-15 10:05:00,stop,0.0799999999999983,-0.4034291477559182,-1.0
2022-07-21,SIDU,0.12469435,4.09,1.0,ema,premkt,nextopen,pullback,eod,False,2022-07-21 10:40:00,4.61,4.49,2022-07-21 10:55:00,stop,0.1200000000000001,-2.6030368763557465,-1.0
2022-07-26,LBRT,0.120532036,12.85,2.0,ema,premkt,nextopen,pullback,eod,False,2022-07-26 11:00:00,14.048,13.955,2022-07-26 11:07:00,stop,0.09299999999999997,-0.6620159453302965,-1.0
2022-07-27,ONCO,0.7073171,2.05,1.0,ema,premkt,nextopen,pullback,eod,False,2022-07-27 09:55:00,3.5599,3.35,2022-07-27 10:24:00,stop,0.20989999999999975,-5.896233040253929,-1.0
2022-07-28,PLUG,0.16472638,17.18,2.0,ema,premkt,nextopen,pullback,eod,False,2022-07-28 09:50:00,20.72,21.63,2022-07-28 15:55:00,eod,0.3200000000000003,4.391891891891886,2.843749999999998
2022-07-28,STEM,0.13516605,8.73,4.0,ema,premkt,nextopen,pullback,eod,False,2022-07-28 10:00:00,10.8003,10.41,2022-07-28 10:20:00,stop,0.39029999999999987,-3.6137885058748376,-1.0
2022-07-29,MITK,0.1529932,9.02,2.0,ema,premkt,nextopen,pullback,eod,False,2022-07-29 10:00:00,10.27,10.875,2022-07-29 15:55:00,eod,0.25,5.890944498539441,2.4200000000000017
2022-07-29,AXTI,0.13960111,7.02,3.0,ema,premkt,nextopen,pullback,eod,False,2022-07-29 10:15:00,8.48,8.715,2022-07-29 15:55:00,eod,0.22000000000000064,2.77122641509433,1.0681818181818126
2022-08-01,VRAX,0.38518524,5.4,2.0,ema,premkt,nextopen,pullback,eod,False,2022-08-01 10:15:00,8.14,11.41,2022-08-01 15:55:00,eod,0.5500000000000007,40.17199017199016,5.945454545454537
2022-08-01,OM,0.11650491,15.45,4.0,ema,premkt,nextopen,pullback,eod,False,2022-08-01 10:50:00,19.24,19.91,2022-08-01 15:55:00,eod,2.25,3.4823284823285006,0.29777777777777853
2022-08-01,PSO,0.1112175,9.26,5.0,ema,premkt,nextopen,pullback,eod,False,2022-08-01 10:15:00,10.405,10.51,2022-08-01 15:55:00,eod,0.058999999999999275,1.009130225852961,1.7796610169491816
2022-08-02,FFAI,0.15999997,2.0,4.0,ema,premkt,nextopen,pullback,eod,False,2022-08-02 10:45:00,2.45,2.41,2022-08-02 15:55:00,eod,0.06000000000000005,-1.6326530612244872,-0.6666666666666666
2022-08-02,RIG,0.15527952,3.22,5.0,ema,premkt,nextopen,pullback,eod,False,2022-08-02 10:15:00,3.864,3.79,2022-08-02 10:23:00,stop,0.07399999999999984,-1.9151138716356098,-1.0
2022-08-03,SOFI,0.1357255,6.41,4.0,ema,premkt,nextopen,pullback,eod,False,2022-08-03 10:25:00,7.85,8.25,2022-08-03 15:55:00,eod,0.1999999999999993,5.095541401273884,2.000000000000009
2022-08-03,ARQT,0.12051284,19.5,5.0,ema,premkt,nextopen,pullback,eod,False,2022-08-03 09:45:00,23.05,21.99,2022-08-03 14:00:00,stop,1.0600000000000023,-4.598698481561836,-1.0
2022-08-04,NNVC,0.46341455,2.46,1.0,ema,premkt,nextopen,pullback,eod,False,2022-08-04 10:05:00,3.1531,3.1100000000000003,2022-08-04 10:49:00,stop,0.04309999999999947,-1.366908756461882,-1.0
2022-08-04,BCRX,0.13991034,11.15,4.0,ema,premkt,nextopen,pullback,eod,False,2022-08-04 09:45:00,13.738,13.645,2022-08-04 15:55:00,eod,0.7379999999999995,-0.6769544329596755,-0.12601626016260167
2022-08-05,CPS,0.42147112,5.03,1.0,ema,premkt,nextopen,pullback,eod,False,2022-08-05 09:50:00,8.51,8.120000000000001,2022-08-05 10:17:00,stop,0.3899999999999988,-4.582843713278484,-1.0
2022-08-05,PGY,0.18993783,17.69,2.0,ema,premkt,nextopen,pullback,eod,False,2022-08-05 10:00:00,23.72,22.99,2022-08-05 10:24:00,stop,0.7300000000000004,-3.0775716694772415,-1.0
2022-08-05,CLMT,0.15881455,13.16,4.0,ema,premkt,nextopen,pullback,eod,False,2022-08-05 09:50:00,17.0553,16.4609,2022-08-05 10:27:00,stop,0.5944000000000003,-3.4851336534684196,-1.0
2022-08-08,QNRX,0.13988662,5.29,2.0,ema,premkt,nextopen,pullback,eod,False,2022-08-08 10:35:00,5.74,5.5952,2022-08-08 10:43:00,stop,0.14480000000000004,-2.522648083623691,-1.0
2022-08-08,VRM,0.11637926,2.32,3.0,ema,premkt,nextopen,pullback,eod,False,2022-08-08 10:30:00,2.575,2.5100000000000002,2022-08-08 11:16:00,stop,0.06499999999999995,-2.5242718446601864,-1.0
2022-08-08,LVLU,0.10157609,5.71,5.0,ema,premkt,nextopen,pullback,eod,False,2022-08-08 10:05:00,6.9002,7.29,2022-08-08 15:55:00,eod,0.2702,5.649111619953051,1.4426350851221323
2022-08-10,OSUR,0.15360498,3.19,4.0,ema,premkt,nextopen,pullback,eod,False,2022-08-10 10:00:00,4.01,4.0,2022-08-10 10:05:00,stop,0.009999999999999787,-0.24937655860348684,-1.0
2022-08-10,PRCH,0.15062761,2.39,5.0,ema,premkt,nextopen,pullback,eod,False,2022-08-10 09:55:00,2.9682,2.875,2022-08-10 15:55:00,eod,0.19819999999999993,-3.1399501381308537,-0.47023208879919265
2022-08-11,VERU,0.20815635,11.77,3.0,ema,premkt,nextopen,pullback,eod,False,2022-08-11 10:15:00,17.21,16.209999999999997,2022-08-11 10:32:00,stop,1.0000000000000036,-5.810575246949467,-1.0
2022-08-12,AIRS,0.22650373,8.88,2.0,ema,premkt,nextopen,pullback,eod,False,2022-08-12 10:20:00,10.83,10.52,2022-08-12 11:41:00,stop_gap,0.3100000000000005,-2.8624192059095166,-1.0
2022-08-12,PAYO,0.17869723,5.68,4.0,ema,premkt,nextopen,pullback,eod,False,2022-08-12 10:10:00,7.055,6.92,2022-08-12 10:41:00,stop,0.1349999999999998,-1.9135364989369186,-1.0
2022-08-12,RANI,0.15795875,8.23,5.0,ema,premkt,nextopen,pullback,eod,False,2022-08-12 10:10:00,10.1,11.4,2022-08-12 15:55:00,eod,0.41000000000000014,12.871287128712883,3.1707317073170738
2022-08-15,VRDN,0.3584522,14.73,1.0,ema,premkt,nextopen,pullback,eod,False,2022-08-15 09:55:00,22.0,22.0,2022-08-15 15:55:00,eod,0.9400000000000013,0.0,0.0
2022-08-16,ARTL,0.33715594,4.36,1.0,ema,premkt,nextopen,pullback,eod,False,2022-08-16 10:05:00,5.7701,6.38,2022-08-16 15:55:00,eod,0.3700999999999999,10.570007452210529,1.6479329910834906
2022-08-16,AMTD,0.25663722,2.26,2.0,ema,premkt,nextopen,pullback,eod,False,2022-08-16 10:00:00,3.1004,2.93,2022-08-16 10:38:00,stop,0.17039999999999988,-5.49606502386788,-1.0
2022-08-17,ONCO,0.37254906,2.55,1.0,ema,premkt,nextopen,pullback,eod,False,2022-08-17 10:15:00,4.55,4.11,2022-08-17 10:25:00,stop,0.4399999999999995,-9.670329670329657,-1.0
2022-08-17,SRAD,0.103333354,12.0,4.0,ema,premkt,nextopen,pullback,eod,False,2022-08-17 09:50:00,14.2,13.52,2022-08-17 11:06:00,stop,0.6799999999999997,-4.788732394366191,-1.0
2022-08-19,GCT,0.6978967,15.69,1.0,ema,premkt,nextopen,pullback,eod,False,2022-08-19 10:35:00,31.82,56.165,2022-08-19 15:55:00,eod,6.520000000000003,76.50848522941547,3.7338957055214705
2022-08-19,SVRE,0.111111045,2.61,4.0,ema,premkt,nextopen,pullback,eod,False,2022-08-19 10:05:00,3.02,2.79,2022-08-19 11:21:00,stop,0.22999999999999998,-7.615894039735094,-1.0
2022-08-22,ONCO,0.100263834,3.79,3.0,ema,premkt,nextopen,pullback,eod,False,2022-08-22 09:55:00,4.1,3.9400000000000004,2022-08-22 10:18:00,stop,0.15999999999999925,-3.902439024390225,-1.0
2022-08-23,INDO,0.13896108,7.7,1.0,ema,premkt,nextopen,pullback,eod,False,2022-08-23 09:45:00,9.645,11.2277,2022-08-23 15:55:00,eod,0.4449999999999985,16.409538621047194,3.55662921348316
2022-08-24,NERV,0.19512188,4.51,1.0,ema,premkt,nextopen,pullback,eod,False,2022-08-24 10:05:00,5.36,5.24,2022-08-24 10:15:00,stop,0.1200000000000001,-2.23880597014926,-1.0
2022-08-24,FLXS,0.133762,17.1,3.0,ema,premkt,nextopen,pullback,eod,False,2022-08-24 10:15:00,19.6019,19.595,2022-08-24 15:55:00,eod,0.35190000000000055,-0.0352006693228768,-0.01960784313725965
2022-08-24,PTON,0.10267866,11.2,5.0,ema,premkt,nextopen,pullback,eod,False,2022-08-24 10:10:00,13.04,13.535,2022-08-24 15:55:00,eod,0.1899999999999995,3.7960122699386645,2.6052631578947487
2022-08-30,ONCO,0.11929822,2.85,1.0,ema,premkt,nextopen,pullback,eod,False,2022-08-30 10:00:00,3.09,2.9400000000000004,2022-08-30 10:08:00,stop,0.14999999999999947,-4.854368932038822,-1.0
2022-08-31,MOB,0.2540983,2.44,1.0,ema,premkt,nextopen,pullback,eod,False,2022-08-31 10:00:00,3.1887,3.0117000000000003,2022-08-31 10:41:00,stop,0.1769999999999996,-5.550851444162186,-1.0
2022-08-31,SNAP,0.123876095,10.01,3.0,ema,premkt,nextopen,pullback,eod,False,2022-08-31 10:45:00,11.06,10.92,2022-08-31 10:53:00,stop,0.14000000000000057,-1.2658227848101333,-1.0
2022-09-01,NTNX,0.21329486,17.3,1.0,ema,premkt,nextopen,pullback,eod,False,2022-09-01 10:50:00,22.31,21.9,2022-09-01 12:41:00,stop,0.41000000000000014,-1.8377409233527597,-1.0
2022-09-02,BIAFW,0.40476203,2.1,1.0,ema,premkt,nextopen,pullback,eod,False,2022-09-02 10:20:00,3.02,2.83,2022-09-02 10:27:00,stop,0.18999999999999995,-6.29139072847682,-1.0
2022-09-02,BIAF,0.21325302,8.3,2.0,ema,premkt,nextopen,pullback,eod,False,2022-09-02 09:45:00,12.09,10.700000000000001,2022-09-02 09:57:00,stop,1.3899999999999988,-11.497105045492129,-1.0
2022-09-07,QNRX,0.19277108,3.32,2.0,ema,premkt,nextopen,pullback,eod,False,2022-09-07 09:50:00,4.1402,3.8200000000000003,2022-09-07 14:32:00,stop,0.3201999999999998,-7.733925897299643,-1.0
2022-09-08,ASAN,0.18434858,19.04,2.0,ema,premkt,nextopen,pullback,eod,False,2022-09-08 09:45:00,23.08,23.069999999999997,2022-09-08 09:50:00,stop,0.010000000000001563,-0.04332755632583396,-1.0
2022-09-12,INM,0.3611616,11.02,1.0,ema,premkt,nextopen,pullback,eod,False,2022-09-12 09:55:00,13.9001,17.84,2022-09-12 15:55:00,eod,0.13010000000000055,28.344400399997127,30.283627978477963
2022-09-12,IDYA,0.10270274,9.25,4.0,ema,premkt,nextopen,pullback,eod,False,2022-09-12 10:55:00,10.8,12.08,2022-09-12 15:55:00,eod,0.19000000000000128,11.851851851851848,6.73684210526311
2022-09-13,VNET,0.15565038,4.69,1.0,ema,premkt,nextopen,pullback,eod,False,2022-09-13 09:50:00,5.665,5.685,2022-09-13 15:55:00,eod,0.1349999999999998,0.3530450132391838,0.14814814814814523
2022-09-14,BIAF,0.37681162,4.14,1.0,ema,premkt,nextopen,pullback,eod,False,2022-09-14 10:20:00,6.56,6.11,2022-09-14 10:29:00,stop,0.4499999999999993,-6.859756097560965,-1.0
2022-09-16,AAOI,0.204,2.5,2.0,ema,premkt,nextopen,pullback,eod,False,2022-09-16 11:00:00,3.402,3.33,2022-09-16 11:08:00,stop,0.07200000000000006,-2.1164021164021163,-1.0
2022-09-19,PRPL,0.4193548,2.79,1.0,ema,premkt,nextopen,pullback,eod,False,2022-09-19 10:05:00,3.9565,3.91,2022-09-19 10:10:00,stop,0.046499999999999986,-1.1752811828636411,-1.0
2022-09-22,VRAX,0.14144742,3.04,1.0,ema,premkt,nextopen,pullback,eod,False,2022-09-22 09:55:00,3.4087,3.3200000000000003,2022-09-22 10:18:00,stop,0.08869999999999978,-2.6021650482588643,-1.0
2022-09-22,MTVA,0.12954688,15.67,2.0,ema,premkt,nextopen,pullback,eod,False,2022-09-22 09:55:00,17.76,17.5,2022-09-22 10:00:00,stop,0.26000000000000156,-1.4639639639639768,-1.0
2022-09-26,ISPC,0.16019416,2.06,1.0,ema,premkt,nextopen,pullback,eod,False,2022-09-26 10:00:00,2.515,2.4200000000000004,2022-09-26 10:07:00,stop,0.09499999999999975,-3.77733598409542,-1.0
2022-09-26,MLCO,0.13018858,5.3,2.0,ema,premkt,nextopen,pullback,eod,False,2022-09-26 10:50:00,7.0688,6.8,2022-09-26 11:09:00,stop,0.2688000000000006,-3.8026256224536037,-1.0
2022-09-26,LESL,0.10557616,13.45,3.0,ema,premkt,nextopen,pullback,eod,False,2022-09-26 10:25:00,15.02,15.005,2022-09-26 10:31:00,stop,0.014999999999998792,-0.09986684420771885,-1.0
2022-09-27,SKIN,0.10192311,10.4,1.0,ema,premkt,nextopen,pullback,eod,False,2022-09-27 10:20:00,11.805,11.581100000000001,2022-09-27 12:10:00,stop,0.22389999999999866,-1.8966539601863452,-1.0
2022-09-30,INM,0.118466854,5.74,2.0,ema,premkt,nextopen,pullback,eod,False,2022-09-30 09:55:00,8.565,7.7301,2022-09-30 10:44:00,stop,0.8348999999999993,-9.747810858143602,-1.0
2022-10-03,FNGR,0.24925816,3.37,2.0,ema,premkt,nextopen,pullback,eod,False,2022-10-03 10:40:00,4.7,6.21,2022-10-03 15:49:00,eod,0.1900000000000004,32.12765957446808,7.947368421052614
2022-10-03,PBR,0.11264539,12.34,5.0,ema,premkt,nextopen,pullback,eod,False,2022-10-03 10:10:00,13.8,13.700000000000001,2022-10-03 12:00:00,stop,0.09999999999999964,-0.7246376811594124,-1.0
2022-10-05,TOPS,0.13812149,5.43,3.0,ema,premkt,nextopen,pullback,eod,False,2022-10-05 09:45:00,7.58,9.9212,2022-10-05 15:55:00,eod,1.6299000000000001,30.88654353562006,1.4364071415424262
2022-10-06,RELL,0.10063338,15.34,3.0,ema,premkt,nextopen,pullback,eod,False,2022-10-06 09:55:00,17.6775,19.0,2022-10-06 15:55:00,eod,0.5808999999999997,7.481261490595403,2.2766396970218663
2022-10-12,SUNE,0.22000003,5.0,1.0,ema,premkt,nextopen,pullback,eod,False,2022-10-12 10:50:00,6.9999,6.75,2022-10-12 11:47:00,stop,0.24990000000000023,-3.57005100072858,-1.0
2022-10-13,LASE,0.37542665,2.93,1.0,ema,premkt,nextopen,pullback,eod,False,2022-10-13 10:05:00,4.215,4.07,2022-10-13 10:39:00,stop,0.14499999999999957,-3.440094899169621,-1.0
2022-10-14,LASE,0.22033894,4.13,2.0,ema,premkt,nextopen,pullback,eod,False,2022-10-14 10:15:00,4.775,4.7122,2022-10-14 15:55:00,eod,0.22500000000000053,-1.3151832460733037,-0.2791111111111113
2022-10-18,FUBO,0.13827169,4.05,2.0,ema,premkt,nextopen,pullback,eod,False,2022-10-18 10:00:00,4.305,4.23,2022-10-18 10:28:00,stop,0.07499999999999929,-1.7421602787456303,-1.0
2022-10-20,INDO,0.10015178,6.59,2.0,ema,premkt,nextopen,pullback,eod,False,2022-10-20 09:55:00,7.3862,7.140000000000001,2022-10-20 10:02:00,stop,0.2461999999999991,-3.3332430749234976,-1.0
2022-10-25,CLS,0.14842105,9.5,1.0,ema,premkt,nextopen,pullback,eod,False,2022-10-25 09:45:00,11.29,11.175,2022-10-25 11:21:00,stop,0.11499999999999844,-1.0186005314437363,-1.0
2022-10-31,PERF,0.4363637,11.0,1.0,ema,premkt,nextopen,pullback,eod,False,2022-10-31 09:50:00,20.4,16.99,2022-10-31 10:07:00,stop,3.41,-16.71568627450981,-1.0
2022-11-01,CVNA,0.127864,13.53,3.0,ema,premkt,nextopen,pullback,eod,False,2022-11-01 10:00:00,15.6101,15.541500000000001,2022-11-01 10:05:00,stop,0.06859999999999822,-0.43945906816739155,-1.0
2022-11-01,KNSA,0.11821365,11.42,4.0,ema,premkt,nextopen,pullback,eod,False,2022-11-01 09:55:00,12.34,12.8,2022-11-01 15:55:00,eod,0.25,3.7277147487844386,1.8400000000000034
2022-11-01,API,0.10394263,2.79,5.0,ema,premkt,nextopen,pullback,eod,False,2022-11-01 09:50:00,3.07,3.0300000000000002,2022-11-01 10:08:00,stop,0.03999999999999959,-1.3029315960911947,-1.0
2022-11-02,BAND,0.32357728,12.3,1.0,ema,premkt,nextopen,pullback,eod,False,2022-11-02 10:00:00,17.7424,17.069999999999997,2022-11-02 10:17:00,stop,0.6724000000000032,-3.789791685454069,-1.0
2022-11-02,SNOA,0.13413656,2.49,3.0,ema,premkt,nextopen,pullback,eod,False,2022-11-02 09:50:00,3.2487,2.99,2022-11-02 11:34:00,stop,0.2586999999999997,-7.96318527410963,-1.0
2022-11-03,NRDS,0.20262098,9.92,1.0,ema,premkt,nextopen,pullback,eod,False,2022-11-03 10:00:00,13.0,13.75,2022-11-03 15:55:00,eod,0.4599999999999991,5.769230769230771,1.630434782608699
2022-11-03,VCYT,0.17846155,19.5,2.0,ema,premkt,nextopen,pullback,eod,False,2022-11-03 10:05:00,23.18,24.18,2022-11-03 15:55:00,eod,0.5899999999999999,4.3140638481449445,1.6949152542372885
2022-11-03,FLWS,0.10872674,6.99,4.0,ema,premkt,nextopen,pullback,eod,False,2022-11-03 09:45:00,8.205,8.105,2022-11-03 15:55:00,eod,0.3899999999999997,-1.218769043266299,-0.2564102564102557
2022-11-04,SNTG,0.5424013,3.04,1.0,ema,premkt,nextopen,pullback,eod,False,2022-11-04 10:00:00,5.8,4.67,2022-11-04 10:56:00,stop,1.13,-19.482758620689655,-1.0
2022-11-07,VERU,0.15942025,10.35,2.0,ema,premkt,nextopen,pullback,eod,False,2022-11-07 10:40:00,14.9,14.47,2022-11-07 10:54:00,stop,0.4299999999999997,-2.885906040268449,-1.0
2022-11-07,CERT,0.12863863,10.65,4.0,ema,premkt,nextopen,pullback,eod,False,2022-11-07 10:25:00,12.825,12.700000000000001,2022-11-07 11:03:00,stop,0.12499999999999822,-0.9746588693956948,-1.0
2022-11-08,TASK,0.15311015,16.04,3.0,ema,premkt,nextopen,pullback,eod,False,2022-11-08 09:50:00,21.37,20.549999999999997,2022-11-08 10:57:00,stop,0.8200000000000038,-3.837154890032779,-1.0
2022-11-08,GRWG,0.12688828,3.31,5.0,ema,premkt,nextopen,pullback,eod,False,2022-11-08 09:50:00,4.4096,4.12,2022-11-08 11:40:00,stop,0.2896000000000001,-6.567489114658931,-1.0
2022-11-09,RAMP,0.1792574,15.62,4.0,ema,premkt,nextopen,pullback,eod,False,2022-11-09 10:05:00,18.65,18.37,2022-11-09 15:55:00,eod,0.4400000000000013,-1.5013404825737098,-0.636363636363629
2022-11-09,OSUR,0.16901398,4.26,5.0,ema,premkt,nextopen,pullback,eod,False,2022-11-09 10:00:00,4.81,4.565,2022-11-09 13:39:00,stop,0.24499999999999922,-5.09355509355508,-1.0
2022-11-10,APPS,0.28876507,10.77,2.0,ema,premkt,nextopen,pullback,eod,False,2022-11-10 10:40:00,16.23,17.305,2022-11-10 15:55:00,eod,0.620000000000001,6.623536660505236,1.7338709677419315
2022-11-10,MGNI,0.24567461,5.78,3.0,ema,premkt,nextopen,pullback,eod,False,2022-11-10 10:40:00,8.65,9.51,2022-11-10 15:55:00,eod,0.19989999999999952,9.942196531791891,4.302151075537776
2022-11-10,PRTS,0.19602978,4.03,5.0,ema,premkt,nextopen,pullback,eod,False,2022-11-10 10:40:00,5.06,4.95,2022-11-10 13:51:00,stop,0.10999999999999943,-2.1739130434782483,-1.0
2022-11-11,BEKE,0.18045115,11.34,3.0,ema,premkt,nextopen,pullback,eod,False,2022-11-11 10:45:00,13.8,13.545,2022-11-11 10:56:00,stop,0.2550000000000008,-1.8478260869565277,-1.0
2022-11-15,SUNE,0.293617,2.35,1.0,ema,premkt,nextopen,pullback,eod,False,2022-11-15 10:10:00,3.41,3.3201,2022-11-15 10:23:00,stop,0.08990000000000009,-2.6363636363636367,-1.0
2022-11-15,BILI,0.16071427,12.88,2.0,ema,premkt,nextopen,pullback,eod,False,2022-11-15 10:00:00,15.33,16.335,2022-11-15 15:55:00,eod,0.5999999999999996,6.555772994129172,1.6750000000000023
2022-11-15,GDS,0.11439121,13.55,5.0,ema,premkt,nextopen,pullback,eod,False,2022-11-15 10:00:00,15.71,16.61,2022-11-15 15:55:00,eod,0.33999999999999986,5.728835136855492,2.6470588235294086
2022-11-16,INM,0.12949646,2.78,2.0,ema,premkt,nextopen,pullback,eod,False,2022-11-16 09:50:00,4.355,3.72,2022-11-16 15:50:00,stop,0.6350000000000002,-14.580941446613094,-1.0
2022-11-18,GRND,0.45313835,11.63,1.0,ema,premkt,nextopen,pullback,eod,False,2022-11-18 09:45:00,25.0,35.05,2022-11-18 15:55:00,eod,8.760000000000002,40.19999999999999,1.147260273972602
2022-11-21,SHC,0.27574754,6.02,1.0,ema,premkt,nextopen,pullback,eod,False,2022-11-21 10:55:00,8.22,8.09,2022-11-21 11:09:00,stop,0.13000000000000078,-1.5815085158150999,-1.0
2022-11-21,AIIO,0.13188982,5.08,2.0,ema,premkt,nextopen,pullback,eod,False,2022-11-21 10:45:00,6.63,6.41,2022-11-21 11:34:00,stop,0.21999999999999975,-3.318250377073906,-1.0
2022-11-23,MANU,0.10040164,14.94,2.0,ema,premkt,nextopen,pullback,eod,False,2022-11-23 10:10:00,16.9116,18.455,2022-11-23 15:55:00,eod,0.25970000000000226,9.126280186380932,5.943011166730785
2022-11-29,BILI,0.13502777,12.59,2.0,ema,premkt,nextopen,pullback,eod,False,2022-11-29 10:00:00,14.91,15.405,2022-11-29 15:55:00,eod,0.35999999999999943,3.319919517102621,1.375
2022-11-30,XPEV,0.16348767,7.34,1.0,ema,premkt,nextopen,pullback,eod,False,2022-11-30 10:40:00,10.15,10.76,2022-11-30 15:55:00,eod,0.3200000000000003,6.009852216748768,1.9062499999999964
2022-12-01,TOPS,0.40397346,3.02,1.0,ema,premkt,nextopen,pullback,eod,False,2022-12-01 10:00:00,5.18,4.44,2022-12-01 14:35:00,stop,0.7399999999999993,-14.285714285714269,-1.0
2022-12-01,EHTH,0.10393262,3.56,5.0,ema,premkt,nextopen,pullback,eod,False,2022-12-01 09:45:00,4.1699,4.09,2022-12-01 09:50:00,stop,0.0799000000000003,-1.9161130962373263,-1.0
2022-12-05,DBGI,0.14666665,3.75,2.0,ema,premkt,nextopen,pullback,eod,False,2022-12-05 09:50:00,4.6,4.89,2022-12-05 15:55:00,eod,0.33999999999999986,6.304347826086953,0.8529411764705886
2022-12-05,EH,0.12762237,5.72,5.0,ema,premkt,nextopen,pullback,eod,False,2022-12-05 09:45:00,7.11,6.5901000000000005,2022-12-05 09:57:00,stop,0.5198999999999998,-7.312236286919827,-1.0
2022-12-08,MOMO,0.13533843,5.25,1.0,ema,premkt,nextopen,pullback,eod,False,2022-12-08 10:45:00,7.13,6.95,2022-12-08 11:12:00,stop,0.17999999999999972,-2.524544179523136,-1.0
2022-12-12,RDGT,0.20845926,3.31,1.0,ema,premkt,nextopen,pullback,eod,False,2022-12-12 09:50:00,4.25,7.18,2022-12-12 15:55:00,eod,0.16000000000000014,68.94117647058823,18.312499999999982
2022-12-12,BIVI,0.13544309,7.9,4.0,ema,premkt,nextopen,pullback,eod,False,2022-12-12 10:10:00,9.34,9.02,2022-12-12 12:43:00,stop,0.3200000000000003,-3.426124197002145,-1.0
2022-12-13,WVE,0.19113576,3.61,2.0,ema,premkt,nextopen,pullback,eod,False,2022-12-13 10:15:00,4.155,4.11,2022-12-13 10:21:00,stop,0.04499999999999993,-1.0830324909747224,-1.0
2022-12-14,RNA,0.3770492,10.98,1.0,ema,premkt,nextopen,pullback,eod,False,2022-12-14 10:00:00,15.81,17.02,2022-12-14 15:55:00,eod,0.8300000000000001,7.653383934218838,1.4578313253012036
2022-12-15,HURA,0.10112357,8.01,2.0,ema,premkt,nextopen,pullback,eod,False,2022-12-15 10:05:00,9.8099,9.1001,2022-12-15 14:25:00,stop,0.7098000000000013,-7.235547762974148,-1.0
2022-12-20,EVER,0.10461831,10.61,4.0,ema,premkt,nextopen,pullback,eod,False,2022-12-20 09:50:00,12.34,13.13,2022-12-20 15:55:00,eod,0.37870000000000026,6.401944894651557,2.0860839714813846
2022-12-21,SINT,0.13386881,7.47,3.0,ema,premkt,nextopen,pullback,eod,False,2022-12-21 10:00:00,14.2501,11.58,2022-12-21 11:37:00,stop,2.6700999999999997,-18.737412369036,-1.0
2022-12-21,DSGN,0.11662531,8.06,5.0,ema,premkt,nextopen,pullback,eod,False,2022-12-21 10:15:00,8.92,8.870000000000001,2022-12-21 10:25:00,stop,0.049999999999998934,-0.5605381165919132,-1.0
2022-12-28,KALA,0.5969387,3.92,1.0,ema,premkt,nextopen,pullback,eod,False,2022-12-28 10:45:00,8.785,12.6516,2022-12-28 15:55:00,eod,0.5849999999999991,44.01365964712578,6.60957264957266
2022-12-29,RKTO,1.0204546,4.4,1.0,ema,premkt,nextopen,pullback,eod,False,2022-12-29 10:00:00,10.49,9.1201,2022-12-29 10:19:00,stop,1.3698999999999995,-13.05910390848426,-1.0
2022-12-29,NUWE,0.34242094,9.17,2.0,ema,premkt,nextopen,pullback,eod,False,2022-12-29 09:55:00,12.6773,12.27,2022-12-29 10:14:00,stop,0.4073000000000011,-3.212829230198866,-1.0
2022-12-29,KALA,0.29246795,12.48,3.0,ema,premkt,nextopen,pullback,eod,False,2022-12-29 10:45:00,15.71,15.040000000000001,2022-12-29 11:00:00,stop,0.6699999999999999,-4.26479949077021,-1.0
2023-01-03,HIND,0.43323445,6.74,2.0,ema,premkt,nextopen,pullback,eod,False,2023-01-03 10:50:00,18.9331,17.119999999999997,2023-01-03 10:59:00,stop,1.8131000000000022,-9.576350412769186,-1.0
2023-01-03,AUPH,0.30555546,4.32,3.0,ema,premkt,nextopen,pullback,eod,False,2023-01-03 10:00:00,5.711,5.9582,2023-01-03 15:55:00,eod,0.4110000000000005,4.328488881106618,0.6014598540145965
2023-01-03,ACMR,0.26977944,7.71,4.0,ema,premkt,nextopen,pullback,eod,False,2023-01-03 10:55:00,9.52,9.73,2023-01-03 15:55:00,eod,0.17999999999999972,2.205882352941191,1.1666666666666732
2023-01-03,FRMM,0.1592921,3.39,5.0,ema,premkt,nextopen,pullback,eod,False,2023-01-03 10:05:00,4.23,4.0600000000000005,2023-01-03 10:36:00,stop,0.16999999999999993,-4.018912529550822,-1.0
2023-01-04,GERN,0.42083335,2.4,1.0,ema,premkt,nextopen,pullback,eod,False,2023-01-04 10:25:00,3.5701,3.4800000000000004,2023-01-04 10:39:00,stop,0.09009999999999962,-2.523738830845068,-1.0
2023-01-05,HKD,0.69598997,10.0,1.0,ema,premkt,nextopen,pullback,eod,False,2023-01-05 10:00:00,18.37,31.1,2023-01-05 15:55:00,eod,1.370000000000001,69.29776810016331,9.291970802919701
2023-01-06,AEHR,0.21598148,17.27,2.0,ema,premkt,nextopen,pullback,eod,False,2023-01-06 09:45:00,22.61,22.7,2023-01-06 15:55:00,eod,1.0100000000000016,0.39805395842547053,0.08910891089108883
2023-01-06,SRTS,0.14013612,7.35,3.0,ema,premkt,nextopen,pullback,eod,False,2023-01-06 10:35:00,8.5864,8.5205,2023-01-06 10:44:00,stop,0.06589999999999918,-0.7674927792788555,-1.0
2023-01-10,SHC,0.7476852,8.64,1.0,ema,premkt,nextopen,pullback,eod,False,2023-01-10 09:55:00,15.3797,17.28,2023-01-10 15:55:00,eod,0.3896999999999995,12.355897709318132,4.876315114190413
2023-01-11,BWEN,0.5973451,2.26,1.0,ema,premkt,nextopen,pullback,eod,False,2023-01-11 10:20:00,4.2946,4.0200000000000005,2023-01-11 10:57:00,stop,0.2745999999999995,-6.394076281842298,-1.0
2023-01-11,LASE,0.1699605,2.53,2.0,ema,premkt,nextopen,pullback,eod,False,2023-01-11 09:50:00,3.26,3.5099,2023-01-11 15:55:00,eod,0.16999999999999948,7.665644171779151,1.4700000000000057
2023-01-12,VTAK,0.17142856,3.15,1.0,ema,premkt,nextopen,pullback,eod,False,2023-01-12 10:40:00,3.8885,3.75,2023-01-12 13:29:00,stop,0.13850000000000007,-3.5617847499035626,-1.0
2023-01-12,VISN,0.11180413,7.49,3.0,ema,premkt,nextopen,pullback,eod,False,2023-01-12 10:00:00,8.36,8.465,2023-01-12 15:55:00,eod,0.20500000000000007,1.2559808612440326,0.5121951219512214
2023-01-17,SI,0.219697,13.2,1.0,ema,premkt,nextopen,pullback,eod,False,2023-01-17 10:00:00,15.3,14.64,2023-01-17 11:36:00,stop,0.6600000000000001,-4.313725490196074,-1.0
2023-01-17,GP,0.10897434,3.12,5.0,ema,premkt,nextopen,pullback,eod,False,2023-01-17 09:50:00,3.7399,3.93,2023-01-17 15:55:00,eod,0.17989999999999995,5.083023610256965,1.0566981656475831
2023-01-18,NRGV,0.1404494,3.56,1.0,ema,premkt,nextopen,pullback,eod,False,2023-01-18 11:00:00,4.7685,4.76,2023-01-18 11:05:00,stop,0.008500000000000618,-0.17825311942960553,-1.0
2023-01-18,ACHR,0.108527064,2.58,2.0,ema,premkt,nextopen,pullback,eod,False,2023-01-18 10:15:00,3.0716,3.04,2023-01-18 10:55:00,stop,0.03160000000000007,-1.028779789035028,-1.0
2023-01-18,ATLX,0.10613215,8.48,3.0,ema,premkt,nextopen,pullback,eod,False,2023-01-18 09:50:00,10.805,9.870000000000001,2023-01-18 13:00:00,stop,0.9349999999999987,-8.653401203146682,-1.0
2023-01-20,COSM,0.10355985,3.09,2.0,ema,premkt,nextopen,pullback,eod,False,2023-01-20 09:50:00,3.8175,3.6100000000000003,2023-01-20 10:03:00,stop,0.20749999999999957,-5.435494433529787,-1.0
2023-01-23,VUZI,0.117886186,4.92,3.0,ema,premkt,nextopen,pullback,eod,False,2023-01-23 10:05:00,5.3599,5.2,2023-01-23 15:21:00,stop,0.1598999999999995,-2.983264613145753,-1.0
2023-01-25,EHTH,0.15313649,5.42,2.0,ema,premkt,nextopen,pullback,eod,False,2023-01-25 09:55:00,7.04,7.135,2023-01-25 15:55:00,eod,0.2999999999999998,1.3494318181818121,0.31666666666666604
2023-01-27,BZFD,0.26315796,2.09,2.0,ema,premkt,nextopen,pullback,eod,False,2023-01-27 10:30:00,2.695,3.81,2023-01-27 15:55:00,eod,0.1349999999999998,41.37291280148423,8.259259259259274
2023-01-30,DVLT,0.13260865,9.2,3.0,ema,premkt,nextopen,pullback,eod,False,2023-01-30 09:50:00,10.9803,9.9901,2023-01-30 10:38:00,stop,0.9901999999999997,-9.017968543664557,-1.0
2023-01-30,SOFI,0.10942757,5.94,5.0,ema,premkt,nextopen,pullback,eod,False,2023-01-30 10:45:00,6.765,6.76,2023-01-30 10:50:00,stop,0.004999999999999893,-0.07390983000739038,-1.0
2023-02-01,SMX,0.1181103,10.16,2.0,ema,premkt,nextopen,pullback,eod,False,2023-02-01 10:00:00,11.6806,11.0714,2023-02-01 10:19:00,stop_gap,0.4206000000000003,-5.215485505881546,-1.4484070375653806
2023-02-02,CVNA,0.28539824,13.56,2.0,ema,premkt,nextopen,pullback,eod,False,2023-02-02 10:05:00,16.56,15.77,2023-02-02 14:23:00,stop,0.7899999999999991,-4.770531400966183,-1.0
2023-02-02,OPEN,0.116666675,2.4,5.0,ema,premkt,nextopen,pullback,eod,False,2023-02-02 09:45:00,2.79,2.6700000000000004,2023-02-02 10:00:00,stop,0.11999999999999966,-4.30107526881719,-1.0
2023-02-03,HIND,1.0857143,6.3,1.0,ema,premkt,nextopen,pullback,eod,False,2023-02-03 10:05:00,18.15,16.15,2023-02-03 11:00:00,stop,2.0,-11.019283746556475,-1.0
2023-02-06,SOUN,0.2765957,2.82,1.0,ema,premkt,nextopen,pullback,eod,False,2023-02-06 10:30:00,4.0404,3.85,2023-02-06 10:37:00,stop,0.1903999999999999,-4.712404712404705,-1.0
2023-02-06,QUBT,0.20731711,2.46,2.0,ema,premkt,nextopen,pullback,eod,False,2023-02-06 10:05:00,3.385,3.0100000000000002,2023-02-06 10:36:00,stop,0.37499999999999956,-11.07828655834563,-1.0
2023-02-06,ARQQ,0.15600002,2.5,4.0,ema,premkt,nextopen,pullback,eod,False,2023-02-06 09:45:00,3.2948,3.06,2023-02-06 09:58:00,stop,0.2347999999999999,-7.12638096394318,-1.0
2023-02-06,BBAI,0.11337185,5.19,5.0,ema,premkt,nextopen,pullback,eod,False,2023-02-06 09:45:00,5.86,5.8500000000000005,2023-02-06 09:50:00,stop,0.009999999999999787,-0.17064846416381396,-1.0
2023-02-08,TIGO,0.116701484,16.89,1.0,ema,premkt,nextopen,pullback,eod,False,2023-02-08 10:00:00,19.01,18.799999999999997,2023-02-08 11:08:00,stop,0.2100000000000044,-1.1046817464492653,-1.0
2023-02-09,SONO,0.15285552,17.86,4.0,ema,premkt,nextopen,pullback,eod,False,2023-02-09 10:20:00,20.62,20.775,2023-02-09 15:55:00,eod,0.20000000000000284,0.7516973811833028,0.7749999999999769
2023-02-13,DDL,0.17479682,4.92,1.0,ema,premkt,nextopen,pullback,eod,False,2023-02-13 10:55:00,5.14,5.09,2023-02-13 12:48:00,stop,0.04999999999999982,-0.9727626459143934,-1.0
2023-02-13,OCUL,0.14987075,3.87,2.0,ema,premkt,nextopen,pullback,eod,False,2023-02-13 09:45:00,4.8798,5.306,2023-02-13 15:55:00,eod,0.32980000000000054,8.733964506742065,1.2922983626440236
2023-02-13,FSLY,0.12462008,9.87,4.0,ema,premkt,nextopen,pullback,eod,False,2023-02-13 10:25:00,12.04,12.62,2023-02-13 15:55:00,eod,0.47999999999999865,4.817275747508298,1.2083333333333368
2023-02-13,XPON,0.12337661,3.08,5.0,ema,premkt,nextopen,pullback,eod,False,2023-02-13 10:20:00,3.34,3.27,2023-02-13 10:28:00,stop,0.06999999999999984,-2.095808383233533,-1.0
2023-02-14,PLTR,0.12877798,7.61,1.0,ema,premkt,nextopen,pullback,eod,False,2023-02-14 10:05:00,8.8016,8.55,2023-02-14 10:35:00,stop,0.2515999999999998,-2.8585711688783877,-1.0
2023-02-16,LUNR,0.20251179,12.74,1.0,ema,premkt,nextopen,pullback,eod,False,2023-02-16 09:50:00,15.7892,43.71,2023-02-16 15:55:00,eod,1.0189999999999984,176.8347984698402,27.400196270853822
2023-02-16,CYH,0.15944886,5.08,2.0,ema,premkt,nextopen,pullback,eod,False,2023-02-16 09:50:00,6.9084,7.8,2023-02-16 15:55:00,eod,0.5784000000000002,12.906027444849745,1.5414937759336085
2023-02-21,MTW,0.10306406,14.36,1.0,ema,premkt,nextopen,pullback,eod,False,2023-02-21 10:00:00,16.51,15.9586,2023-02-21 11:15:00,stop,0.551400000000001,-3.339794064203516,-1.0
2023-02-23,RELY,0.19828331,11.65,2.0,ema,premkt,nextopen,pullback,eod,False,2023-02-23 10:50:00,13.795,13.540000000000001,2023-02-23 11:01:00,stop,0.254999999999999,-1.848495831823116,-1.0
2023-02-23,ENVX,0.15942037,8.28,5.0,ema,premkt,nextopen,pullback,eod,False,2023-02-23 10:35:00,9.565,9.3,2023-02-23 10:51:00,stop,0.2649999999999988,-2.7705175117616165,-1.0
2023-02-24,BAER,1.2669005,4.42,1.0,ema,premkt,nextopen,pullback,eod,False,2023-02-24 09:55:00,9.02,8.5,2023-02-24 10:01:00,stop,0.5199999999999996,-5.764966740576494,-1.0
2023-02-24,BYND,0.14060676,17.14,3.0,ema,premkt,nextopen,pullback,eod,False,2023-02-24 10:10:00,21.27,20.889999999999997,2023-02-24 10:16:00,stop,0.38000000000000256,-1.7865538316878316,-1.0
2023-02-27,OPRA,0.1612798,7.31,1.0,ema,premkt,nextopen,pullback,eod,False,2023-02-27 10:30:00,8.595,8.5,2023-02-27 10:38:00,stop,0.09500000000000064,-1.1052937754508552,-1.0
2023-02-28,SIBN,0.16765058,16.94,1.0,ema,premkt,nextopen,pullback,eod,False,2023-02-28 09:55:00,20.505,19.81,2023-02-28 15:35:00,stop_gap,0.6950000000000003,-3.3894172153133395,-1.0
2023-02-28,HIMS,0.10466325,9.65,5.0,ema,premkt,nextopen,pullback,eod,False,2023-02-28 10:35:00,11.5904,11.35,2023-02-28 12:33:00,stop,0.24040000000000106,-2.07413031474325,-1.0
2023-03-01,BGS,0.15079832,12.67,5.0,ema,premkt,nextopen,pullback,eod,False,2023-03-01 10:40:00,16.11,15.84,2023-03-01 11:08:00,stop,0.2699999999999996,-1.6759776536312776,-1.0
2023-03-03,ARDX,0.17647064,2.89,1.0,ema,premkt,nextopen,pullback,eod,False,2023-03-03 09:55:00,3.5862,3.82,2023-03-03 15:55:00,eod,0.11619999999999964,6.519435614299263,2.0120481927710907
2023-03-06,BBIO,0.6550138,10.87,1.0,ema,premkt,nextopen,pullback,eod,False,2023-03-06 10:10:00,17.81,17.2,2023-03-06 11:00:00,stop,0.6099999999999994,-3.425042111173493,-1.0
2023-03-07,WW,0.24547815,3.87,1.0,ema,premkt,nextopen,pullback,eod,False,2023-03-07 09:50:00,5.1625,6.78,2023-03-07 15:55:00,eod,0.34249999999999936,31.331719128329304,4.722627737226288
2023-03-08,LFST,0.17088616,4.74,1.0,ema,premkt,nextopen,pullback,eod,False,2023-03-08 09:50:00,6.06,5.74,2023-03-08 14:47:00,stop,0.3199999999999994,-5.280528052805266,-1.0
2023-03-09,SMX,0.18131864,3.64,1.0,ema,premkt,nextopen,pullback,eod,False,2023-03-09 10:10:00,4.27,4.05,2023-03-09 15:56:00,eod,0.47999999999999954,-5.152224824355967,-0.45833333333333326
2023-03-09,KLXE,0.12306559,13.57,4.0,ema,premkt,nextopen,pullback,eod,False,2023-03-09 10:40:00,15.99,15.75,2023-03-09 11:08:00,stop_gap,0.21000000000000085,-1.5009380863039379,-1.1428571428571392
2023-03-13,ZIM,0.13986671,19.57,1.0,ema,premkt,nextopen,pullback,eod,False,2023-03-13 10:30:00,24.14,23.6101,2023-03-13 10:38:00,stop,0.5299000000000014,-2.1951118475559306,-1.0
2023-03-13,HMY,0.11371899,3.16,2.0,ema,premkt,nextopen,pullback,eod,False,2023-03-13 10:00:00,3.595,3.49,2023-03-13 11:56:00,stop,0.10499999999999998,-2.9207232267037586,-1.0
2023-03-16,EVCM,0.2734375,8.96,1.0,ema,premkt,nextopen,pullback,eod,False,2023-03-16 10:20:00,10.04,10.76,2023-03-16 15:55:00,eod,0.20559999999999867,7.171314741035872,3.5019455252918545
2023-03-16,PATH,0.17213106,14.64,2.0,ema,premkt,nextopen,pullback,eod,False,2023-03-16 10:05:00,16.92,16.65,2023-03-16 10:18:00,stop,0.2700000000000031,-1.5957446808510856,-1.0
2023-03-16,PCT,0.13626838,4.77,3.0,ema,premkt,nextopen,pullback,eod,False,2023-03-16 09:50:00,6.425,6.220000000000001,2023-03-16 10:05:00,stop,0.20499999999999918,-3.1906614785992105,-1.0
2023-03-17,HUBC,0.17991626,2.39,1.0,ema,premkt,nextopen,pullback,eod,False,2023-03-17 10:30:00,2.832,2.7741000000000002,2023-03-17 11:27:00,stop,0.05789999999999962,-2.0444915254237195,-1.0
2023-03-20,FLG,0.39410484,6.54,1.0,ema,premkt,nextopen,pullback,eod,False,2023-03-20 10:55:00,9.075,8.98,2023-03-20 11:15:00,stop,0.09499999999999886,-1.0468319559228556,-1.0
2023-03-21,EDBL,0.11653113,3.69,1.0,ema,premkt,nextopen,pullback,eod,False,2023-03-21 10:25:00,3.72,4.08,2023-03-21 15:55:00,eod,0.10999999999999988,9.677419354838701,3.272727272727275
2023-03-21,WTTR,0.10731709,5.6,2.0,ema,premkt,nextopen,pullback,eod,False,2023-03-21 09:45:00,6.44,6.335,2023-03-21 15:55:00,eod,0.16999999999999993,-1.630434782608703,-0.6176470588235322
2023-03-21,HLIT,0.10007632,13.09,3.0,ema,premkt,nextopen,pullback,eod,False,2023-03-21 09:55:00,14.54,14.47,2023-03-21 10:14:00,stop,0.06999999999999851,-0.4814305364511551,-1.0
2023-03-22,APLM,0.23728812,8.85,3.0,ema,premkt,nextopen,pullback,eod,False,2023-03-22 10:10:00,14.3,14.0269,2023-03-22 10:44:00,stop,0.27310000000000123,-1.9097902097902186,-1.0
2023-03-28,BMEA,0.49060273,15.43,1.0,ema,premkt,nextopen,pullback,eod,False,2023-03-28 09:55:00,24.79,30.67,2023-03-28 15:55:00,eod,2.039999999999999,23.719241629689392,2.8823529411764732
2023-03-28,OSCR,0.36490262,3.59,2.0,ema,premkt,nextopen,pullback,eod,False,2023-03-28 10:50:00,6.4399,5.930000000000001,2023-03-28 13:56:00,stop,0.5098999999999991,-7.917824810944252,-1.0
2023-03-28,PYXS,0.12962961,2.7,4.0,ema,premkt,nextopen,pullback,eod,False,2023-03-28 10:15:00,3.1414,2.99,2023-03-28 10:22:00,stop,0.15139999999999976,-4.819507226077535,-1.0
2023-03-30,EVGO,0.13913047,5.75,4.0,ema,premkt,nextopen,pullback,eod,False,2023-03-30 09:50:00,7.185,7.0101,2023-03-30 09:57:00,stop,0.17489999999999917,-2.4342379958246285,-1.0
2023-03-30,FLNC,0.10461545,16.25,5.0,ema,premkt,nextopen,pullback,eod,False,2023-03-30 10:10:00,18.4085,18.66,2023-03-30 15:55:00,eod,0.21850000000000236,1.3662166933753328,1.1510297482837406
2023-03-31,PALI,0.20754719,2.65,1.0,ema,premkt,nextopen,pullback,eod,False,2023-03-31 10:05:00,3.1988,3.5217,2023-03-31 15:55:00,eod,0.15879999999999983,10.094410403901467,2.0333753148614644
2023-04-03,GFAI,0.15960455,7.08,1.0,ema,premkt,nextopen,pullback,eod,False,2023-04-03 09:55:00,10.0,19.36,2023-04-03 15:55:00,eod,1.2599999999999998,93.6,7.42857142857143
2023-04-03,VNET,0.15432096,3.24,2.0,ema,premkt,nextopen,pullback,eod,False,2023-04-03 10:10:00,3.875,4.135,2023-04-03 15:55:00,eod,0.0349999999999997,6.7096774193548425,7.428571428571487
2023-04-03,NINE,0.120503664,5.56,4.0,ema,premkt,nextopen,pullback,eod,False,2023-04-03 09:50:00,6.58,6.4215,2023-04-03 10:03:00,stop,0.15850000000000009,-2.408814589665653,-1.0
2023-04-04,BFRG,0.45842218,4.69,1.0,ema,premkt,nextopen,pullback,eod,False,2023-04-04 09:45:00,8.95,7.44,2023-04-04 10:31:00,stop,1.509999999999999,-16.871508379888255,-1.0
2023-04-05,IFRX,0.3289125,3.77,1.0,ema,premkt,nextopen,pullback,eod,False,2023-04-05 10:00:00,5.9916,5.17,2023-04-05 10:49:00,stop,0.8216000000000001,-13.712530876560525,-1.0
2023-04-10,GFAI,0.292549,12.75,1.0,ema,premkt,nextopen,pullback,eod,False,2023-04-10 10:10:00,17.05,16.189999999999998,2023-04-10 11:46:00,stop,0.860000000000003,-5.043988269794742,-1.0
2023-04-11,WW,0.41747582,4.12,1.0,ema,premkt,nextopen,pullback,eod,False,2023-04-11 10:35:00,5.9,6.545,2023-04-11 15:55:00,eod,0.20000000000000018,10.932203389830498,3.224999999999995
2023-04-11,CGNT,0.11436951,3.41,2.0,ema,premkt,nextopen,pullback,eod,False,2023-04-11 09:50:00,4.07,3.9000000000000004,2023-04-11 10:58:00,stop,0.16999999999999993,-4.176904176904173,-1.0
2023-04-12,MDAI,0.26190472,10.5,1.0,ema,premkt,nextopen,pullback,eod,False,2023-04-12 10:10:00,13.35,13.7,2023-04-12 15:55:00,eod,1.049999999999999,2.621722846441954,0.3333333333333333
2023-04-14,PRPL,0.12946427,2.24,3.0,ema,premkt,nextopen,pullback,eod,False,2023-04-14 10:10:00,2.555,2.535,2023-04-14 15:55:00,eod,0.07499999999999973,-0.7827788649706457,-0.26666666666666783
2023-04-17,XPEV,0.11290324,9.92,2.0,ema,premkt,nextopen,pullback,eod,False,2023-04-17 10:35:00,11.195,11.38,2023-04-17 15:55:00,eod,0.15499999999999936,1.6525234479678463,1.1935483870967822
2023-04-18,LZ,0.10113585,9.245,1.0,ema,premkt,nextopen,pullback,eod,False,2023-04-18 10:10:00,10.27,10.17,2023-04-18 10:27:00,stop,0.09999999999999964,-0.9737098344693274,-1.0
2023-04-20,DRMA,0.203125,2.56,1.0,ema,premkt,nextopen,pullback,eod,False,2023-04-20 10:10:00,2.83,2.7203000000000004,2023-04-20 14:14:00,stop,0.10969999999999969,-3.8763250883392164,-1.0
2023-04-20,KC,0.1010102,6.93,3.0,ema,premkt,nextopen,pullback,eod,False,2023-04-20 10:30:00,7.83,7.755,2023-04-20 10:58:00,stop,0.07500000000000018,-0.9578544061302652,-1.0
2023-04-21,BWEN,0.12554109,4.62,1.0,ema,premkt,nextopen,pullback,eod,False,2023-04-21 10:30:00,5.3499,5.1441,2023-04-21 15:33:00,stop,0.20579999999999998,-3.8468008747827076,-1.0
2023-04-24,IDYA,0.19691896,14.93,2.0,ema,premkt,nextopen,pullback,eod,False,2023-04-24 10:30:00,18.96,18.625,2023-04-24 11:45:00,stop,0.33500000000000085,-1.7668776371308037,-1.0
2023-04-24,NXPL,0.16538453,2.6,3.0,ema,premkt,nextopen,pullback,eod,False,2023-04-24 10:35:00,3.09,2.89,2023-04-24 15:37:00,stop,0.19999999999999973,-6.472491909385103,-1.0
2023-04-24,PHG,0.1400491,19.03,4.0,ema,premkt,nextopen,pullback,eod,False,2023-04-24 09:50:00,21.71,21.685,2023-04-24 15:55:00,eod,0.1700000000000017,-0.1151543067710814,-0.14705882352942282
2023-04-25,CXAI,0.37360895,6.29,1.0,ema,premkt,nextopen,pullback,eod,False,2023-04-25 10:30:00,9.4901,12.6345,2023-04-25 15:55:00,eod,0.8400999999999996,33.133475938082846,3.7428877514581607
2023-04-26,SAIH,0.39626694,2.7857,1.0,ema,premkt,nextopen,pullback,eod,False,2023-04-26 09:45:00,4.4004,3.95,2023-04-26 12:03:00,stop,0.45040000000000013,-10.235433142441597,-1.0
2023-04-26,MARA,0.123470545,8.99,4.0,ema,premkt,nextopen,pullback,eod,False,2023-04-26 10:25:00,9.99,9.790000000000001,2023-04-26 15:35:00,stop,0.1999999999999993,-2.00200200200199,-1.0
2023-05-01,NNOX,0.44189858,6.11,1.0,ema,premkt,nextopen,pullback,eod,False,2023-05-01 09:50:00,9.3239,10.3353,2023-05-01 15:55:00,eod,0.7738999999999994,10.847392185673389,1.3068871947280023
2023-05-01,CDLX,0.1325115,6.49,3.0,ema,premkt,nextopen,pullback,eod,False,2023-05-01 09:50:00,7.4,8.25,2023-05-01 15:55:00,eod,0.20999999999999996,11.486486486486491,4.047619047619047
2023-05-01,PLSE,0.100931644,6.44,5.0,ema,premkt,nextopen,pullback,eod,False,2023-05-01 10:30:00,7.05,6.875,2023-05-01 15:56:00,eod,0.35999999999999943,-2.4822695035460973,-0.4861111111111114
2023-05-02,QH,0.11570251,2.42,3.0,ema,premkt,nextopen,pullback,eod,False,2023-05-02 10:20:00,2.9763,2.7600000000000002,2023-05-02 14:22:00,stop,0.21629999999999994,-7.2674125592178225,-1.0
2023-05-03,SNTG,0.528517,2.63,2.0,ema,premkt,nextopen,pullback,eod,False,2023-05-03 09:45:00,4.86,3.81,2023-05-03 10:09:00,stop,1.0500000000000003,-21.604938271604944,-1.0
2023-05-03,MDXG,0.17454064,3.81,4.0,ema,premkt,nextopen,pullback,eod,False,2023-05-03 09:45:00,4.9444,5.3,2023-05-03 15:55:00,eod,0.1343999999999994,7.191974759323672,2.645833333333344
2023-05-03,EYPT,0.13713408,6.49,5.0,ema,premkt,nextopen,pullback,eod,False,2023-05-03 09:55:00,7.465,7.24,2023-05-03 10:59:00,stop,0.22499999999999964,-3.0140656396517085,-1.0
2023-05-04,LMND,0.16501355,11.09,2.0,ema,premkt,nextopen,pullback,eod,False,2023-05-04 10:30:00,14.22,13.84,2023-05-04 11:29:00,stop,0.3800000000000008,-2.6722925457102753,-1.0
2023-05-04,METC,0.12438309,7.4,3.0,ema,premkt,nextopen,pullback,eod,False,2023-05-04 09:50:00,8.44,8.035,2023-05-04 11:33:00,stop_gap,0.3999999999999986,-4.798578199052129,-1.012500000000002
2023-05-04,FROG,0.11016941,17.7,4.0,ema,premkt,nextopen,pullback,eod,False,2023-05-04 10:00:00,21.435,20.689999999999998,2023-05-04 11:23:00,stop,0.745000000000001,-3.4756239794728305,-1.0
2023-05-05,WAL,0.2835821,18.2,3.0,ema,premkt,nextopen,pullback,eod,False,2023-05-05 10:00:00,23.9244,26.7496,2023-05-05 15:55:00,eod,1.3834000000000017,11.808864590125578,2.0422148330200947
2023-05-05,LASR,0.24268699,9.23,4.0,ema,premkt,nextopen,pullback,eod,False,2023-05-05 09:50:00,12.09,12.71,2023-05-05 15:55:00,eod,0.6999999999999993,5.128205128205132,0.885714285714288
2023-05-08,IMPP,0.2541666,2.4,1.0,ema,premkt,nextopen,pullback,eod,False,2023-05-08 10:05:00,3.0,3.09,2023-05-08 15:55:00,eod,0.1599999999999997,3.0000000000000027,0.5625000000000002
2023-05-09,NVAX,0.20402694,7.45,3.0,ema,premkt,nextopen,pullback,eod,False,2023-05-09 10:50:00,11.0767,10.611,2023-05-09 11:08:00,stop,0.4657,-4.20432078146018,-1.0
2023-05-09,PLTR,0.19121456,7.74,4.0,ema,premkt,nextopen,pullback,eod,False,2023-05-09 10:45:00,9.35,9.58,2023-05-09 15:55:00,eod,0.10999999999999943,2.4598930481283476,2.0909090909091055
2023-05-10,UPST,0.39389634,14.09,1.0,ema,premkt,nextopen,pullback,eod,False,2023-05-10 10:55:00,18.23,18.96,2023-05-10 15:55:00,eod,0.7600000000000016,4.004388370817336,0.9605263157894722
2023-05-10,COMP,0.26428568,2.8,2.0,ema,premkt,nextopen,pullback,eod,False,2023-05-10 10:20:00,3.885,3.7100000000000004,2023-05-10 10:50:00,stop,0.17499999999999938,-4.504504504504492,-1.0
2023-05-10,TCRX,0.25294125,3.4,3.0,ema,premkt,nextopen,pullback,eod,False,2023-05-10 10:15:00,4.1,5.19,2023-05-10 15:55:00,eod,0.27999999999999936,26.58536585365856,3.8928571428571543
2023-05-11,APP,0.22150481,17.81,3.0,ema,premkt,nextopen,pullback,eod,False,2023-05-11 10:15:00,22.1694,21.91,2023-05-11 13:46:00,stop,0.2593999999999994,-1.1700812832101892,-1.0
2023-05-11,PRPL,0.19599998,2.5,4.0,ema,premkt,nextopen,pullback,eod,False,2023-05-11 09:45:00,3.1806,3.04,2023-05-11 10:00:00,stop,0.14060000000000006,-4.420549581839905,-1.0
2023-05-11,KLXE,0.18946183,8.92,5.0,ema,premkt,nextopen,pullback,eod,False,2023-05-11 10:00:00,11.017,10.74,2023-05-11 15:55:00,eod,0.5341999999999985,-2.5142960878641984,-0.5185323848745789
2023-05-12,BLBD,0.27225673,19.32,1.0,ema,premkt,nextopen,pullback,eod,False,2023-05-12 10:40:00,26.99,26.189999999999998,2023-05-12 10:59:00,stop,0.8000000000000007,-2.964060763245646,-1.0
2023-05-12,LUNR,0.16121209,8.25,2.0,ema,premkt,nextopen,pullback,eod,False,2023-05-12 10:10:00,9.1899,8.99,2023-05-12 10:30:00,stop,0.19989999999999952,-2.1752140937333353,-1.0
2023-05-12,SURG,0.111111164,4.41,3.0,ema,premkt,nextopen,pullback,eod,False,2023-05-12 09:50:00,5.2201,5.04,2023-05-12 10:14:00,stop,0.18010000000000037,-3.450125476523447,-1.0
2023-05-16,APLD,0.42313325,3.415,1.0,ema,premkt,nextopen,pullback,eod,False,2023-05-16 10:50:00,5.165,4.82,2023-05-16 11:56:00,stop,0.34499999999999975,-6.679574056147142,-1.0
2023-05-16,ACIC,0.14686835,4.09,4.0,ema,premkt,nextopen,pullback,eod,False,2023-05-16 09:45:00,4.91,4.8,2023-05-16 10:09:00,stop,0.11000000000000032,-2.2403258655804503,-1.0
2023-05-18,CWD,0.72333336,6.0,1.0,ema,premkt,nextopen,pullback,eod,False,2023-05-18 10:15:00,8.355,7.8001000000000005,2023-05-18 10:28:00,stop,0.5549,-6.641532016756435,-1.0
2023-05-19,SDA,0.7414634,4.1,1.0,ema,premkt,nextopen,pullback,eod,False,2023-05-19 10:50:00,6.075,7.5,2023-05-19 15:55:00,eod,0.2549999999999999,23.456790123456784,5.5882352941176485
2023-05-22,AVIR,0.26756752,3.7,1.0,ema,premkt,nextopen,pullback,eod,False,2023-05-22 10:25:00,5.0615,5.05,2023-05-22 15:55:00,eod,0.20149999999999935,-0.22720537390101825,-0.05707196029776616
2023-05-22,ADSE,0.10648918,6.01,2.0,ema,premkt,nextopen,pullback,eod,False,2023-05-22 09:50:00,7.4174,6.92,2023-05-22 10:58:00,stop,0.49739999999999984,-6.705853803219453,-1.0
2023-05-24,ENVB,0.29206347,3.15,1.0,ema,premkt,nextopen,pullback,eod,False,2023-05-24 09:45:00,5.88,5.0014,2023-05-24 15:55:00,eod,1.3099999999999996,-14.942176870748291,-0.6706870229007632
2023-05-25,LWLG,0.14643538,5.19,3.0,ema,premkt,nextopen,pullback,eod,False,2023-05-25 10:10:00,6.375,6.12,2023-05-25 10:31:00,stop,0.2549999999999999,-4.0000000000000036,-1.0
2023-05-25,VRT,0.12669957,16.24,5.0,ema,premkt,nextopen,pullback,eod,False,2023-05-25 10:55:00,18.4811,18.24,2023-05-25 15:49:00,stop,0.24110000000000298,-1.3045760263187933,-1.0
2023-05-26,MAX,0.1921053,7.6,2.0,ema,premkt,nextopen,pullback,eod,False,2023-05-26 10:00:00,9.875,9.53,2023-05-26 10:15:00,stop,0.34500000000000064,-3.4936708860759613,-1.0
2023-05-26,RCUS,0.18571424,17.5,3.0,ema,premkt,nextopen,pullback,eod,False,2023-05-26 09:50:00,22.25,22.005,2023-05-26 15:55:00,eod,1.0899999999999999,-1.1011235955056264,-0.2247706422018358
2023-06-01,LE,0.17862833,6.27,1.0,ema,premkt,nextopen,pullback,eod,False,2023-06-01 10:05:00,8.01,8.385,2023-06-01 15:55:00,eod,0.44849999999999923,4.681647940074907,0.8361204013377941
2023-06-01,ATTO,0.12075472,2.65,3.0,ema,premkt,nextopen,pullback,eod,False,2023-06-01 09:55:00,3.1452,2.8400000000000003,2023-06-01 10:30:00,stop,0.3051999999999997,-9.703675441943272,-1.0
2023-06-01,KC,0.11659193,4.46,4.0,ema,premkt,nextopen,pullback,eod,False,2023-06-01 10:25:00,5.145,5.325,2023-06-01 15:55:00,eod,0.05999999999999961,3.498542274052485,3.0000000000000298
2023-06-02,APLM,0.2164948,4.85,1.0,ema,premkt,nextopen,pullback,eod,False,2023-06-02 10:00:00,5.4265,5.1501,2023-06-02 10:33:00,stop_gap,0.26649999999999974,-5.093522528333172,-1.0371482176360227
2023-06-02,IOT,0.20725942,19.01,2.0,ema,premkt,nextopen,pullback,eod,False,2023-06-02 10:05:00,23.44,24.395,2023-06-02 15:55:00,eod,0.240000000000002,4.074232081911244,3.9791666666666266
2023-06-05,DCX,0.4684211,3.8,1.0,ema,premkt,nextopen,pullback,eod,False,2023-06-05 10:30:00,6.8307,6.42,2023-06-05 10:42:00,stop,0.4107000000000003,-6.012560938117617,-1.0
2023-06-05,RMTI,0.13981032,4.22,3.0,ema,premkt,nextopen,pullback,eod,False,2023-06-05 10:30:00,4.71,4.54,2023-06-05 11:53:00,stop,0.16999999999999993,-3.6093418259023347,-1.0
2023-06-07,SFIX,0.15489125,3.68,5.0,ema,premkt,nextopen,pullback,eod,False,2023-06-07 10:30:00,4.8193,4.78,2023-06-07 10:35:00,stop,0.03929999999999989,-0.8154711265121461,-1.0
2023-06-08,BAOS,0.92580104,5.93,1.0,ema,premkt,nextopen,pullback,eod,False,2023-06-08 09:45:00,11.5,10.49,2023-06-08 10:36:00,stop,1.0099999999999998,-8.782608695652172,-1.0
2023-06-08,CVNA,0.21184802,15.53,2.0,ema,premkt,nextopen,pullback,eod,False,2023-06-08 10:00:00,18.5,18.189999999999998,2023-06-08 10:07:00,stop,0.3100000000000023,-1.6756756756756919,-1.0
2023-06-08,FDMT,0.14121509,18.27,4.0,ema,premkt,nextopen,pullback,eod,False,2023-06-08 10:25:00,20.89,20.59,2023-06-08 10:37:00,stop,0.3000000000000007,-1.4360938247965582,-1.0
2023-06-08,BBLG,0.12037027,5.4,5.0,ema,premkt,nextopen,pullback,eod,False,2023-06-08 10:15:00,6.1,5.6611,2023-06-08 15:55:00,eod,0.6899999999999995,-7.195081967213102,-0.6360869565217387
2023-06-12,VERA,0.10682118,7.77,1.0,ema,premkt,nextopen,pullback,eod,False,2023-06-12 09:45:00,9.24,8.800600000000001,2023-06-12 11:41:00,stop,0.4393999999999991,-4.755411255411246,-1.0
2023-06-13,MPAA,0.14990509,5.27,2.0,ema,premkt,nextopen,pullback,eod,False,2023-06-13 10:00:00,6.0829,5.8950000000000005,2023-06-13 10:18:00,stop,0.18789999999999996,-3.088987160729262,-1.0
2023-06-14,NEXT,0.2709551,5.13,2.0,ema,premkt,nextopen,pullback,eod,False,2023-06-14 09:45:00,7.3701,6.7,2023-06-14 10:19:00,stop,0.6700999999999997,-9.09214257608445,-1.0
2023-06-16,BTDR,0.11904764,7.56,3.0,ema,premkt,nextopen,pullback,eod,False,2023-06-16 10:00:00,8.2499,8.02,2023-06-16 10:23:00,stop,0.22990000000000066,-2.7867004448538846,-1.0
2023-06-20,VCIG,0.34275627,2.83,1.0,ema,premkt,nextopen,pullback,eod,False,2023-06-20 09:45:00,4.29,7.4598,2023-06-20 15:55:00,eod,0.5998999999999999,73.88811188811191,5.283880646774464
2023-06-26,ORIC,0.12326658,6.49,2.0,ema,premkt,nextopen,pullback,eod,False,2023-06-26 09:55:00,7.5735,8.41,2023-06-26 15:55:00,eod,0.34199999999999964,11.0450914372483,2.4459064327485405
2023-06-29,JOBY,0.19977677,8.96,1.0,ema,premkt,nextopen,pullback,eod,False,2023-06-29 11:00:00,10.32,10.155,2023-06-29 11:10:00,stop,0.16500000000000092,-1.5988372093023395,-1.0
2023-06-29,TE,0.17748344,7.55,2.0,ema,premkt,nextopen,pullback,eod,False,2023-06-29 10:35:00,8.945,9.075,2023-06-29 15:55:00,eod,0.14499999999999957,1.4533258803800964,0.8965517241379268
2023-06-29,ACHR,0.12987018,3.85,4.0,ema,premkt,nextopen,pullback,eod,False,2023-06-29 09:45:00,4.54,4.3215,2023-06-29 10:53:00,stop,0.2184999999999997,-4.812775330396468,-1.0
2023-06-30,MVIS,0.10512829,3.9,2.0,ema,premkt,nextopen,pullback,eod,False,2023-06-30 10:15:00,4.4515,4.34,2023-06-30 12:08:00,stop,0.11150000000000038,-2.5047736717960345,-1.0
2023-07-03,ACMR,0.11697245,13.08,3.0,ema,premkt,nextopen,pullback,eod,False,2023-07-03 10:25:00,15.145,14.92,2023-07-03 10:44:00,stop,0.22499999999999964,-1.4856388246946128,-1.0
2023-07-06,CRBU,0.37254906,4.08,1.0,ema,premkt,nextopen,pullback,eod,False,2023-07-06 10:30:00,6.67,6.3100000000000005,2023-07-06 13:21:00,stop,0.35999999999999943,-5.397301349325334,-1.0
2023-07-06,GENI,0.104991436,5.81,3.0,ema,premkt,nextopen,pullback,eod,False,2023-07-06 09:55:00,6.6295,6.44,2023-07-06 10:32:00,stop,0.18949999999999978,-2.8584357794705473,-1.0
2023-07-07,GRRR,0.67464113,2.09,2.0,ema,premkt,nextopen,pullback,eod,False,2023-07-07 10:45:00,4.7073,4.75,2023-07-07 15:55:00,eod,0.7672999999999996,0.907101735602156,0.05564968069855334
2023-07-12,HLLY,0.1795454,4.4,3.0,ema,premkt,nextopen,pullback,eod,False,2023-07-12 09:55:00,5.348,5.28,2023-07-12 15:55:00,eod,0.18799999999999972,-1.2715033657441976,-0.36170212765957294
2023-07-12,DAKT,0.15548277,6.11,4.0,ema,premkt,nextopen,pullback,eod,False,2023-07-12 10:20:00,8.0,7.79,2023-07-12 10:34:00,stop,0.20999999999999996,-2.6249999999999996,-1.0
2023-07-12,ELOX,0.14379954,7.58,5.0,ema,premkt,nextopen,pullback,eod,False,2023-07-12 09:45:00,10.44,8.82,2023-07-12 10:14:00,stop,1.6199999999999992,-15.517241379310342,-1.0
2023-07-13,SXTP,0.47435904,4.68,1.0,ema,premkt,nextopen,pullback,eod,False,2023-07-13 10:05:00,6.78,6.3100000000000005,2023-07-13 12:22:00,stop,0.46999999999999975,-6.932153392330376,-1.0
2023-07-14,PRFX,0.39478266,5.75,1.0,ema,premkt,nextopen,pullback,eod,False,2023-07-14 10:05:00,10.4377,9.620000000000001,2023-07-14 14:35:00,stop,0.8176999999999985,-7.834101382488468,-1.0
2023-07-14,DFNS,0.17030573,11.45,2.0,ema,premkt,nextopen,pullback,eod,False,2023-07-14 10:30:00,11.6582,11.66,2023-07-14 15:55:00,eod,0.18820000000000014,0.015439776294789986,0.009564293304991266
2023-07-17,BBIO,0.4687158,18.22,3.0,ema,premkt,nextopen,pullback,eod,False,2023-07-17 09:45:00,29.49,32.0,2023-07-17 15:55:00,eod,1.6499999999999986,8.51135978297728,1.5212121212121235
2023-07-20,PSQH,0.40388763,13.89,1.0,ema,premkt,nextopen,pullback,eod,False,2023-07-20 10:05:00,18.2,29.6183,2023-07-20 15:55:00,eod,0.8899000000000008,62.73791208791211,12.830992246319802
2023-07-20,PRFX,0.2672292,7.11,3.0,ema,premkt,nextopen,pullback,eod,False,2023-07-20 09:55:00,10.49,9.55,2023-07-20 11:06:00,stop,0.9399999999999995,-8.960915157292659,-1.0
2023-07-21,DJT,0.25000012,13.36,2.0,ema,premkt,nextopen,pullback,eod,False,2023-07-21 10:30:00,22.1,20.549999999999997,2023-07-21 11:21:00,stop,1.5500000000000043,-7.013574660633504,-1.0
2023-07-21,GFAI,0.15217388,6.44,3.0,ema,premkt,nextopen,pullback,eod,False,2023-07-21 10:10:00,8.645,8.465,2023-07-21 15:55:00,eod,1.294999999999999,-2.0821283979178706,-0.13899613899613888
2023-07-21,QNRX,0.11981559,6.51,4.0,ema,premkt,nextopen,pullback,eod,False,2023-07-21 10:00:00,9.4,8.75,2023-07-21 10:08:00,stop,0.6500000000000004,-6.914893617021278,-1.0
2023-07-26,XPEV,0.1484375,15.36,1.0,ema,premkt,nextopen,pullback,eod,False,2023-07-26 10:30:00,19.81,19.61,2023-07-26 10:46:00,stop,0.1999999999999993,-1.009591115598174,-1.0
2023-07-26,WW,0.10775423,9.93,3.0,ema,premkt,nextopen,pullback,eod,False,2023-07-26 09:50:00,11.52,11.465,2023-07-26 15:55:00,eod,0.7199999999999989,-0.477430555555558,-0.07638888888888862
2023-07-27,SPOK,0.14506567,11.44,3.0,ema,premkt,nextopen,pullback,eod,False,2023-07-27 09:50:00,14.2397,13.47,2023-07-27 12:05:00,stop_gap,0.7596999999999987,-5.40531050513704,-1.0131630906936946
2023-07-28,COUR,0.16333592,13.01,3.0,ema,premkt,nextopen,pullback,eod,False,2023-07-28 10:50:00,15.11,14.97,2023-07-28 11:11:00,stop,0.1399999999999988,-0.9265387160820593,-1.0
2023-07-31,GDRX,0.12740743,6.75,2.0,ema,premkt,nextopen,pullback,eod,False,2023-07-31 09:45:00,8.38,9.23,2023-07-31 15:55:00,eod,0.5200000000000005,10.14319809069213,1.6346153846153826
2023-07-31,INVZ,0.105571866,3.41,3.0,ema,premkt,nextopen,pullback,eod,False,2023-07-31 10:10:00,3.9783,4.155,2023-07-31 15:55:00,eod,0.25829999999999975,4.441595656436181,0.6840882694541249
2023-07-31,ACHR,0.104602456,4.78,4.0,ema,premkt,nextopen,pullback,eod,False,2023-07-31 10:00:00,5.8109,6.69,2023-07-31 15:55:00,eod,0.2607999999999997,15.128465470064878,3.370782208588962
2023-08-01,AUDC,0.105980754,10.04,4.0,ema,premkt,nextopen,pullback,eod,False,2023-08-01 10:05:00,11.7,11.415000000000001,2023-08-01 10:19:00,stop,0.28499999999999837,-2.4358974358974272,-1.0
2023-08-02,FRSH,0.18201756,18.24,2.0,ema,premkt,nextopen,pullback,eod,False,2023-08-02 10:30:00,21.67,21.595,2023-08-02 15:55:00,eod,0.5300000000000047,-0.34610059990771713,-0.14150943396226826
2023-08-03,COOK,0.37257278,4.12,2.0,ema,premkt,nextopen,pullback,eod,False,2023-08-03 10:10:00,5.63,5.895,2023-08-03 15:55:00,eod,0.16999999999999993,4.706927175843689,1.5588235294117634
2023-08-03,UPWK,0.3039117,9.97,3.0,ema,premkt,nextopen,pullback,eod,False,2023-08-03 10:20:00,12.81,14.385,2023-08-03 15:55:00,eod,0.3200000000000003,12.295081967213118,4.921874999999994
2023-08-03,AURE,0.18386495,10.66,4.0,ema,premkt,nextopen,pullback,eod,False,2023-08-03 09:50:00,13.58,12.8901,2023-08-03 10:16:00,stop,0.6898999999999997,-5.0802650957290085,-1.0
2023-08-03,SABR,0.14905143,3.69,5.0,ema,premkt,nextopen,pullback,eod,False,2023-08-03 10:15:00,4.385,4.3100000000000005,2023-08-03 10:40:00,stop,0.07499999999999929,-1.7103762827822,-1.0
2023-08-04,AD,0.46624994,17.5,1.0,ema,premkt,nextopen,pullback,eod,False,2023-08-04 10:20:00,29.406,33.73,2023-08-04 15:55:00,eod,1.1660000000000004,14.70448207848738,3.7084048027444227
2023-08-04,AAOI,0.2701062,6.59,4.0,ema,premkt,nextopen,pullback,eod,False,2023-08-04 10:25:00,9.1204,10.87,2023-08-04 15:55:00,eod,0.25039999999999907,19.183369150475848,6.9872204472843675
2023-08-08,KD,0.16465867,12.45,3.0,ema,premkt,nextopen,pullback,eod,False,2023-08-08 10:40:00,14.9186,14.84,2023-08-08 11:17:00,stop,0.07859999999999978,-0.52685908865443,-1.0
2023-08-09,TNGX,0.3054831,3.83,1.0,ema,premkt,nextopen,pullback,eod,False,2023-08-09 10:30:00,8.4499,7.87,2023-08-09 10:46:00,stop,0.5798999999999994,-6.862803110095972,-1.0
2023-08-09,ARRY,0.20805383,17.88,2.0,ema,premkt,nextopen,pullback,eod,False,2023-08-09 10:25:00,21.97,21.75,2023-08-09 11:10:00,stop,0.21999999999999886,-1.0013654984069142,-1.0
2023-08-09,BOOM,0.17891741,17.55,4.0,ema,premkt,nextopen,pullback,eod,False,2023-08-09 10:40:00,21.245,22.2,2023-08-09 15:55:00,eod,0.5550000000000033,4.495175335373025,1.7207207207207076
2023-08-10,MGIH,0.111111045,2.43,1.0,ema,premkt,nextopen,pullback,eod,False,2023-08-10 10:20:00,2.76,2.6100000000000003,2023-08-10 13:29:00,stop,0.14999999999999947,-5.434782608695632,-1.0
2023-08-10,PRMB,0.110762,13.84,2.0,ema,premkt,nextopen,pullback,eod,False,2023-08-10 09:50:00,15.19,15.040000000000001,2023-08-10 09:59:00,stop,0.14999999999999858,-0.9874917709019049,-1.0
2023-08-15,VFS,1.1052632,10.45,1.0,ema,premkt,nextopen,pullback,eod,False,2023-08-15 10:15:00,20.35,19.2,2023-08-15 10:30:00,stop,1.1500000000000021,-5.651105651105659,-1.0
2023-08-15,DCTH,0.87179494,3.12,2.0,ema,premkt,nextopen,pullback,eod,False,2023-08-15 10:25:00,5.912,5.71,2023-08-15 15:25:00,stop,0.20199999999999996,-3.4167794316644073,-1.0
2023-08-16,DLO,0.2684102,15.5,1.0,ema,premkt,nextopen,pullback,eod,False,2023-08-16 09:55:00,22.3001,20.939999999999998,2023-08-16 13:06:00,stop,1.3601000000000028,-6.099075788897823,-1.0
2023-08-16,IDAI,0.111111164,2.34,3.0,ema,premkt,nextopen,pullback,eod,False,2023-08-16 10:50:00,2.47,2.53,2023-08-16 15:55:00,eod,0.08000000000000007,2.4291497975708287,0.7499999999999944
2023-08-23,RCUS,0.23444974,18.81,1.0,ema,premkt,nextopen,pullback,eod,False,2023-08-23 09:45:00,24.725,24.29,2023-08-23 09:56:00,stop,0.4350000000000023,-1.7593528816986947,-1.0
2023-08-28,HE,0.39751554,9.66,2.0,ema,premkt,nextopen,pullback,eod,False,2023-08-28 10:05:00,13.51,13.01,2023-08-28 11:13:00,stop,0.5,-3.700962250185047,-1.0
2023-08-28,RDZN,0.23834205,9.65,3.0,ema,premkt,nextopen,pullback,eod,False,2023-08-28 10:15:00,11.27,11.685,2023-08-28 15:55:00,eod,1.25,3.682342502218283,0.33200000000000074
2023-08-29,TIGR,0.119113564,3.61,1.0,ema,premkt,nextopen,pullback,eod,False,2023-08-29 10:30:00,4.455,4.33,2023-08-29 10:41:00,stop,0.125,-2.805836139169471,-1.0
2023-08-30,VFSWW,0.14999998,4.0,2.0,ema,premkt,nextopen,pullback,eod,False,2023-08-30 10:10:00,5.18,4.86,2023-08-30 11:04:00,stop,0.3199999999999994,-6.177606177606165,-1.0
2023-09-05,HSDT,0.4498645,7.38,1.0,ema,premkt,nextopen,pullback,eod,False,2023-09-05 10:55:00,10.58,10.19,2023-09-05 14:12:00,stop,0.39000000000000057,-3.6862003780718355,-1.0
2023-09-06,DAKT,0.11694503,8.38,2.0,ema,premkt,nextopen,pullback,eod,False,2023-09-06 10:05:00,9.075,8.83,2023-09-06 10:58:00,stop,0.24499999999999922,-2.6997245179063323,-1.0
2023-09-12,CGNT,0.14069271,4.62,2.0,ema,premkt,nextopen,pullback,eod,False,2023-09-12 09:50:00,5.61,5.76,2023-09-12 15:55:00,eod,0.27000000000000046,2.6737967914438387,0.5555555555555526
2023-09-21,ESLA,0.2628572,12.25,2.0,ema,premkt,nextopen,pullback,eod,False,2023-09-21 09:55:00,16.64,15.74,2023-09-21 11:31:00,stop,0.9000000000000004,-5.408653846153843,-1.0
2023-09-22,CCG,0.2397306,14.85,1.0,ema,premkt,nextopen,pullback,eod,False,2023-09-22 10:10:00,18.5376,19.295,2023-09-22 15:55:00,eod,1.4376000000000033,4.085750043155545,0.5268503060656642
2023-09-26,ADPT,0.16141737,5.08,1.0,ema,premkt,nextopen,pullback,eod,False,2023-09-26 10:30:00,5.68,5.5927,2023-09-26 10:40:00,stop,0.08729999999999993,-1.5369718309859115,-1.0
2023-09-26,ROIV,0.15572965,10.21,2.0,ema,premkt,nextopen,pullback,eod,False,2023-09-26 10:05:00,12.08,11.985,2023-09-26 10:11:00,stop,0.09500000000000064,-0.7864238410596025,-1.0
2023-09-27,BHVN,0.17847025,17.65,2.0,ema,premkt,nextopen,pullback,eod,False,2023-09-27 09:55:00,22.18,21.99,2023-09-27 10:00:00,stop,0.19000000000000128,-0.8566275924256184,-1.0
2023-09-28,ORGO,0.16603768,2.65,1.0,ema,premkt,nextopen,pullback,eod,False,2023-09-28 09:50:00,3.15,3.375,2023-09-28 15:55:00,eod,0.19999999999999973,7.14285714285714,1.125000000000002
2023-09-29,VSME,0.26246715,3.81,1.0,ema,premkt,nextopen,pullback,eod,False,2023-09-29 09:55:00,5.3,4.3500000000000005,2023-09-29 13:44:00,stop,0.9499999999999993,-17.924528301886777,-1.0
2023-10-02,FEMY,0.3657719,2.98,1.0,ema,premkt,nextopen,pullback,eod,False,2023-10-02 09:50:00,3.905,3.7600000000000002,2023-10-02 09:59:00,stop,0.14499999999999957,-3.713188220230468,-1.0
2023-10-02,CIFR,0.111588,2.33,3.0,ema,premkt,nextopen,pullback,eod,False,2023-10-02 10:00:00,2.59,2.58,2023-10-02 10:05:00,stop,0.009999999999999787,-0.3861003861003742,-1.0
2023-10-02,PBI,0.109363556,3.02,4.0,ema,premkt,nextopen,pullback,eod,False,2023-10-02 09:55:00,3.46,3.365,2023-10-02 10:26:00,stop,0.09499999999999975,-2.7456647398843903,-1.0
2023-10-02,MNTS,0.105002046,2.0,5.0,ema,premkt,nextopen,pullback,eod,False,2023-10-02 09:50:00,2.85,2.23,2023-10-02 14:36:00,stop_gap,0.45999999999999996,-21.75438596491228,-1.3478260869565222
2023-10-05,VSME,0.21290314,4.65,1.0,ema,premkt,nextopen,pullback,eod,False,2023-10-05 09:55:00,7.7,6.69,2023-10-05 10:09:00,stop,1.0099999999999998,-13.116883116883116,-1.0
2023-10-09,VEON,0.10324323,18.5,1.0,ema,premkt,nextopen,pullback,eod,False,2023-10-09 10:05:00,20.1,19.52,2023-10-09 11:28:00,stop,0.5800000000000018,-2.885572139303494,-1.0
2023-10-12,ACXP,0.15775394,3.74,2.0,ema,premkt,nextopen,pullback,eod,False,2023-10-12 10:00:00,4.6601,4.5,2023-10-12 10:17:00,stop,0.1600999999999999,-3.435548593377824,-1.0
2023-10-12,SRRK,0.1284672,6.85,3.0,ema,premkt,nextopen,pullback,eod,False,2023-10-12 10:30:00,8.36,8.26,2023-10-12 10:35:00,stop,0.09999999999999964,-1.1961722488038284,-1.0
2023-10-13,CMTL,0.22604406,8.14,1.0,ema,premkt,nextopen,pullback,eod,False,2023-10-13 10:15:00,10.8095,10.32,2023-10-13 10:49:00,stop,0.4894999999999996,-4.528424071418657,-1.0
2023-10-16,ALHC,0.14954686,6.62,2.0,ema,premkt,nextopen,pullback,eod,False,2023-10-16 10:10:00,7.66,7.77,2023-10-16 15:55:00,eod,0.08000000000000007,1.436031331592691,1.3749999999999918
2023-10-18,ARDX,0.1362319,3.45,1.0,ema,premkt,nextopen,pullback,eod,False,2023-10-18 10:30:00,3.925,3.895,2023-10-18 15:55:00,eod,0.12499999999999956,-0.7643312101910826,-0.2399999999999993
2023-10-24,CLSK,0.13043475,4.255,2.0,ema,premkt,nextopen,pullback,eod,False,2023-10-24 09:55:00,5.0485,4.84,2023-10-24 10:28:00,stop,0.2084999999999999,-4.129939586015652,-1.0
2023-10-24,MARA,0.13028574,8.75,3.0,ema,premkt,nextopen,pullback,eod,False,2023-10-24 09:55:00,10.42,10.02,2023-10-24 11:22:00,stop,0.40000000000000036,-3.8387715930902178,-1.0
2023-10-24,IREN,0.12812495,3.2,4.0,ema,premkt,nextopen,pullback,eod,False,2023-10-24 10:30:00,3.775,3.72,2023-10-24 10:40:00,stop,0.054999999999999716,-1.4569536423840956,-1.0
2023-10-24,RIOT,0.11789036,9.67,5.0,ema,premkt,nextopen,pullback,eod,False,2023-10-24 09:55:00,11.212,10.865,2023-10-24 10:25:00,stop,0.34699999999999953,-3.094898323225115,-1.0
2023-10-25,SRRK,0.10443866,7.66,1.0,ema,premkt,nextopen,pullback,eod,False,2023-10-25 09:45:00,8.855,8.63,2023-10-25 12:08:00,stop,0.22499999999999964,-2.540937323546011,-1.0
2023-10-27,NRDS,0.20481932,6.64,1.0,ema,premkt,nextopen,pullback,eod,False,2023-10-27 09:45:00,8.6799,9.266,2023-10-27 15:55:00,eod,0.48990000000000045,6.7523819398841,1.1963666054296787
2023-10-30,CHRS,0.14393938,2.64,1.0,ema,premkt,nextopen,pullback,eod,False,2023-10-30 10:05:00,3.125,2.9800000000000004,2023-10-30 10:52:00,stop,0.14499999999999957,-4.639999999999988,-1.0
2023-10-30,SOFI,0.10625911,6.87,2.0,ema,premkt,nextopen,pullback,eod,False,2023-10-30 10:05:00,7.135,7.01,2023-10-30 10:25:00,stop,0.125,-1.7519271198318198,-1.0
2023-11-01,TGTX,0.31824052,7.73,1.0,ema,premkt,nextopen,pullback,eod,False,2023-11-01 09:50:00,9.875,9.44,2023-11-01 10:05:00,stop,0.4350000000000005,-4.405063291139244,-1.0
2023-11-02,LMND,0.26,11.0,1.0,ema,premkt,nextopen,pullback,eod,False,2023-11-02 11:00:00,15.03,16.17,2023-11-02 15:55:00,eod,0.22999999999999865,7.58483033932138,4.956521739130474
2023-11-03,ANIK,0.27488148,18.99,1.0,ema,premkt,nextopen,pullback,eod,False,2023-11-03 10:20:00,21.09,20.875,2023-11-03 10:28:00,stop,0.21499999999999986,-1.0194404931247014,-1.0
2023-11-06,NSSC,0.17323709,18.795,3.0,ema,premkt,nextopen,pullback,eod,False,2023-11-06 09:45:00,22.435,22.855,2023-11-06 15:55:00,eod,0.8350000000000009,1.8720748829953227,0.5029940119760494
2023-11-07,TASK,0.14520717,10.26,2.0,ema,premkt,nextopen,pullback,eod,False,2023-11-07 10:35:00,11.87,12.1,2023-11-07 15:55:00,eod,0.27999999999999936,1.9376579612468525,0.8214285714285748
2023-11-08,EVGO,0.20869565,2.3,5.0,ema,premkt,nextopen,pullback,eod,False,2023-11-08 09:45:00,2.89,2.7100000000000004,2023-11-08 09:59:00,stop,0.17999999999999972,-6.22837370242213,-1.0
2023-11-09,TPST,0.22340417,2.82,2.0,ema,premkt,nextopen,pullback,eod,False,2023-11-09 09:45:00,4.2307,3.6700000000000004,2023-11-09 09:56:00,stop,0.5606999999999993,-13.253125960242972,-1.0
2023-11-10,BLNK,0.16666663,2.46,2.0,ema,premkt,nextopen,pullback,eod,False,2023-11-10 10:00:00,3.26,3.05,2023-11-10 15:55:00,eod,0.2699999999999996,-6.441717791411039,-0.7777777777777789
2023-11-13,MNTK,0.12983,6.47,1.0,ema,premkt,nextopen,pullback,eod,False,2023-11-13 10:00:00,8.177,8.7,2023-11-13 15:55:00,eod,0.3263999999999996,6.395988748929926,1.60232843137255
2023-11-14,AIRE,0.901528,5.89,1.0,ema,premkt,nextopen,pullback,eod,False,2023-11-14 10:10:00,9.1499,8.84,2023-11-14 10:18:00,stop,0.30990000000000073,-3.386922261445491,-1.0
2023-11-14,PSFE,0.12710285,10.7,2.0,ema,premkt,nextopen,pullback,eod,False,2023-11-14 09:50:00,12.8677,13.53,2023-11-14 15:55:00,eod,0.8976999999999986,5.146995966645163,0.7377743121310028
2023-11-14,PCT,0.120915055,3.06,3.0,ema,premkt,nextopen,pullback,eod,False,2023-11-14 09:45:00,3.83,3.7100000000000004,2023-11-14 10:01:00,stop,0.11999999999999966,-3.1331592689294974,-1.0
2023-11-14,OPEN,0.10837436,2.03,4.0,ema,premkt,nextopen,pullback,eod,False,2023-11-14 10:05:00,2.26,2.2517,2023-11-14 10:18:00,stop,0.008299999999999752,-0.36725663716813406,-1.0
2023-11-14,LWAY,0.10660982,9.38,5.0,ema,premkt,nextopen,pullback,eod,False,2023-11-14 09:55:00,10.6628,13.04,2023-11-14 15:55:00,eod,0.4928000000000008,22.29433169523951,4.823863636363625
2023-11-15,ARCT,0.1845361,19.4,1.0,ema,premkt,nextopen,pullback,eod,False,2023-11-15 10:00:00,24.16,23.2,2023-11-15 13:03:00,stop,0.9600000000000009,-3.9735099337748325,-1.0
2023-11-16,METCB,0.10631311,14.02,2.0,ema,premkt,nextopen,pullback,eod,False,2023-11-16 09:55:00,15.25,15.0201,2023-11-16 10:03:00,stop,0.22990000000000066,-1.507540983606559,-1.0
2023-11-17,GAP,0.1990484,13.67,2.0,ema,premkt,nextopen,pullback,eod,False,2023-11-17 10:40:00,17.95,17.639999999999997,2023-11-17 11:29:00,stop,0.3100000000000023,-1.7270194986072518,-1.0
2023-11-20,YPF,0.26281464,10.73,1.0,ema,premkt,nextopen,pullback,eod,False,2023-11-20 10:15:00,14.61,14.31,2023-11-20 10:29:00,stop,0.29999999999999893,-2.053388090349073,-1.0
2023-11-20,GGAL,0.182971,12.5,5.0,ema,premkt,nextopen,pullback,eod,False,2023-11-20 09:50:00,15.72,15.09,2023-11-20 10:04:00,stop,0.6300000000000008,-4.007633587786263,-1.0
2023-11-29,BMEA,0.21931589,9.94,2.0,ema,premkt,nextopen,pullback,eod,False,2023-11-29 10:25:00,14.115,13.34,2023-11-29 15:39:00,stop,0.7750000000000004,-5.490612823237695,-1.0
2023-11-30,VBIO,0.11637926,2.32,4.0,ema,premkt,nextopen,pullback,eod,False,2023-11-30 10:50:00,2.8,2.39,2023-11-30 11:18:00,stop,0.4099999999999997,-14.642857142857135,-1.0
2023-12-01,CMND,0.20857143,3.5,3.0,ema,premkt,nextopen,pullback,eod,False,2023-12-01 10:05:00,4.29,4.15,2023-12-01 15:55:00,eod,0.2699999999999996,-3.263403263403253,-0.5185185185185182
2023-12-01,PATH,0.14423084,19.76,4.0,ema,premkt,nextopen,pullback,eod,False,2023-12-01 09:55:00,23.89,25.0,2023-12-01 15:55:00,eod,0.8800000000000026,4.646295521138555,1.261363636363632
2023-12-04,ALT,0.14845943,3.57,3.0,ema,premkt,nextopen,pullback,eod,False,2023-12-04 10:25:00,4.6512,4.65,2023-12-04 15:55:00,eod,0.2312000000000003,-0.025799793601644083,-0.005190311418684543
2023-12-05,CMND,0.5300261,3.83,1.0,ema,premkt,nextopen,pullback,eod,False,2023-12-05 09:50:00,6.34,5.98,2023-12-05 10:02:00,stop,0.35999999999999943,-5.678233438485791,-1.0
2023-12-05,TVTX,0.1685214,6.29,2.0,ema,premkt,nextopen,pullback,eod,False,2023-12-05 10:20:00,7.885,7.51,2023-12-05 13:45:00,stop,0.375,-4.755865567533291,-1.0
2023-12-05,GYRE,0.12079704,16.06,3.0,ema,premkt,nextopen,pullback,eod,False,2023-12-05 10:45:00,19.3267,18.6533,2023-12-05 11:14:00,stop_gap,0.5267000000000017,-3.484298923251239,-1.278526675526856
2023-12-06,S,0.14399993,20.0,3.0,ema,premkt,nextopen,pullback,eod,False,2023-12-06 09:45:00,23.6796,23.1856,2023-12-06 15:55:00,eod,0.6646000000000036,-2.0861838882413553,-0.7433042431537723
2023-12-06,ALT,0.104448676,5.17,4.0,ema,premkt,nextopen,pullback,eod,False,2023-12-06 09:50:00,6.1088,6.865,2023-12-06 15:55:00,eod,0.2887999999999993,12.378863279203788,2.6184210526315876
2023-12-07,JBLU,0.12050748,4.73,3.0,ema,premkt,nextopen,pullback,eod,False,2023-12-07 09:55:00,5.41,5.25,2023-12-07 12:14:00,stop,0.16000000000000014,-2.957486136783738,-1.0
2023-12-07,SMTC,0.10778439,16.7,4.0,ema,premkt,nextopen,pullback,eod,False,2023-12-07 09:50:00,19.87,19.4,2023-12-07 15:55:00,eod,0.860000000000003,-2.3653749370911026,-0.5465116279069776
2023-12-08,MBI,0.6952468,7.38,1.0,ema,premkt,nextopen,pullback,eod,False,2023-12-08 09:50:00,12.0304,13.365,2023-12-08 15:55:00,eod,0.19040000000000035,11.09356297379971,7.009453781512592
2023-12-08,CURV,0.2650602,4.15,3.0,ema,premkt,nextopen,pullback,eod,False,2023-12-08 10:15:00,5.1608,4.895,2023-12-08 15:55:00,eod,0.6707999999999998,-5.150364284607045,-0.3962432915921296
2023-12-08,MOMO,0.110948086,6.57,4.0,ema,premkt,nextopen,pullback,eod,False,2023-12-08 10:05:00,7.565,7.430000000000001,2023-12-08 10:23:00,stop,0.1349999999999998,-1.7845340383344288,-1.0
2023-12-08,ALXO,0.104864836,9.25,5.0,ema,premkt,nextopen,pullback,eod,False,2023-12-08 10:45:00,12.7052,12.21,2023-12-08 15:55:00,eod,0.6451999999999991,-3.897616723861086,-0.7675139491630494
2023-12-11,M,0.14635718,17.39,1.0,ema,premkt,nextopen,pullback,eod,False,2023-12-11 10:00:00,20.235,20.78,2023-12-11 15:55:00,eod,0.23499999999999943,2.6933531010625344,2.3191489361702256
2023-12-13,CCCC,0.35897446,2.34,1.0,ema,premkt,nextopen,pullback,eod,False,2023-12-13 10:55:00,3.99,5.595,2023-12-13 15:55:00,eod,0.29000000000000004,40.22556390977443,5.534482758620688
2023-12-14,GOTU,0.17344165,3.69,1.0,ema,premkt,nextopen,pullback,eod,False,2023-12-14 11:00:00,4.3913,4.755,2023-12-14 15:55:00,eod,0.031299999999999883,8.282285428005377,11.619808306709299
2023-12-14,ALEC,0.14144921,6.9,2.0,ema,premkt,nextopen,pullback,eod,False,2023-12-14 10:00:00,7.98,7.839700000000001,2023-12-14 10:13:00,stop,0.14029999999999987,-1.7581453634085142,-1.0
2023-12-14,GFI,0.1076808,14.76,3.0,ema,premkt,nextopen,pullback,eod,False,2023-12-14 09:55:00,16.46,16.3643,2023-12-14 10:22:00,stop,0.09570000000000078,-0.5814094775212664,-1.0
2023-12-14,CDXS,0.10047853,2.09,4.0,ema,premkt,nextopen,pullback,eod,False,2023-12-14 10:15:00,2.51,2.965,2023-12-14 15:55:00,eod,0.08999999999999941,18.127490039840644,5.055555555555589
2023-12-15,CCCC,0.11377239,5.01,1.0,ema,premkt,nextopen,pullback,eod,False,2023-12-15 10:20:00,6.035,5.8901,2023-12-15 10:29:00,stop,0.1448999999999998,-2.4009942004970974,-1.0
2023-12-18,ARQT,0.2540983,2.44,1.0,ema,premkt,nextopen,pullback,eod,False,2023-12-18 10:00:00,3.1932,3.02,2023-12-18 10:09:00,stop,0.17320000000000002,-5.4240260553676585,-1.0
2023-12-21,MSAI,0.94274807,2.62,1.0,ema,premkt,nextopen,pullback,eod,False,2023-12-21 10:20:00,11.0699,8.540000000000001,2023-12-21 10:41:00,stop,2.5298999999999996,-22.85386498523021,-1.0
2023-12-21,MGTX,0.18533611,4.91,3.0,ema,premkt,nextopen,pullback,eod,False,2023-12-21 10:10:00,5.875,6.52,2023-12-21 15:55:00,eod,0.17499999999999982,10.97872340425532,3.685714285714287
2023-12-22,RKLB,0.14898431,4.43,2.0,ema,premkt,nextopen,pullback,eod,False,2023-12-22 10:25:00,5.68,5.49,2023-12-22 11:26:00,stop,0.1899999999999995,-3.3450704225352013,-1.0
2023-12-27,WULF,0.11711717,2.22,3.0,ema,premkt,nextopen,pullback,eod,False,2023-12-27 10:10:00,2.755,2.66,2023-12-27 10:20:00,stop,0.09499999999999975,-3.4482758620689613,-1.0
2023-12-27,PMVP,0.11038971,3.08,4.0,ema,premkt,nextopen,pullback,eod,False,2023-12-27 10:05:00,3.38,3.28,2023-12-27 10:19:00,stop_gap,0.08999999999999986,-2.9585798816568087,-1.1111111111111138
2023-12-27,EWTX,0.102941155,9.52,5.0,ema,premkt,nextopen,pullback,eod,False,2023-12-27 10:20:00,10.98,12.1,2023-12-27 15:55:00,eod,0.2400000000000002,10.200364298724951,4.666666666666659
2023-12-28,BBLG,0.2688173,4.65,2.0,ema,premkt,nextopen,pullback,eod,False,2023-12-28 10:00:00,8.5,6.01,2023-12-28 10:57:00,stop_gap,2.41,-29.294117647058826,-1.033195020746888
2023-12-29,GRFS,0.1082927,10.52,1.0,ema,premkt,nextopen,pullback,eod,False,2023-12-29 10:35:00,11.5899,11.55,2023-12-29 10:42:00,stop,0.03989999999999938,-0.3442652654466305,-1.0
2024-01-03,UK,0.1358025,4.05,3.0,ema,premkt,nextopen,pullback,eod,False,2024-01-03 10:00:00,5.3,5.03,2024-01-03 10:32:00,stop,0.2699999999999996,-5.094339622641497,-1.0
2024-01-03,HLP,0.13133633,2.17,4.0,ema,premkt,nextopen,pullback,eod,False,2024-01-03 10:00:00,2.699,3.3845,2024-01-03 15:55:00,eod,0.17859999999999943,25.398295665061134,3.8381858902575723
2024-01-03,SIDU,0.11764705,6.97,5.0,ema,premkt,nextopen,pullback,eod,False,2024-01-03 10:05:00,11.4684,9.870000000000001,2024-01-03 10:20:00,stop,1.5983999999999998,-13.937428063199741,-1.0
2024-01-04,QS,0.100000024,6.5,3.0,ema,premkt,nextopen,pullback,eod,False,2024-01-04 10:00:00,7.745,9.32,2024-01-04 15:55:00,eod,0.22499999999999964,20.335700451904447,7.0000000000000115
2024-01-05,AXGN,0.10074067,6.75,1.0,ema,premkt,nextopen,pullback,eod,False,2024-01-05 10:25:00,8.009,8.55,2024-01-05 15:55:00,eod,0.0990000000000002,6.754900736671243,5.464646464646457
2024-01-08,DOGZ,0.2990867,4.38,2.0,ema,premkt,nextopen,pullback,eod,False,2024-01-08 10:25:00,5.05,5.1,2024-01-08 15:55:00,eod,0.05999999999999961,0.990099009900991,0.8333333333333358
2024-01-08,BLNK,0.12056744,2.82,5.0,ema,premkt,nextopen,pullback,eod,False,2024-01-08 10:35:00,3.145,3.1001000000000003,2024-01-08 11:23:00,stop,0.04489999999999972,-1.4276629570747157,-1.0
2024-01-10,GDRX,0.124343276,5.71,3.0,ema,premkt,nextopen,pullback,eod,False,2024-01-10 10:45:00,6.55,6.3500000000000005,2024-01-10 11:15:00,stop,0.1999999999999993,-3.0534351145038108,-1.0
2024-01-11,CAN,0.1401869,2.14,2.0,ema,premkt,nextopen,pullback,eod,False,2024-01-11 10:25:00,2.29,2.24,2024-01-11 10:33:00,stop,0.04999999999999982,-2.183406113537112,-1.0
2024-01-11,MPU,0.11415529,2.19,5.0,ema,premkt,nextopen,pullback,eod,False,2024-01-11 10:00:00,2.395,2.7909,2024-01-11 15:57:00,eod,0.07489999999999997,16.530271398747388,5.28571428571429
2024-01-12,MDAI,0.16078436,2.55,2.0,ema,premkt,nextopen,pullback,eod,False,2024-01-12 10:00:00,3.1334,3.02,2024-01-12 10:14:00,stop,0.11339999999999995,-3.619071934639684,-1.0
2024-01-16,PCT,0.13333333,2.4,2.0,ema,premkt,nextopen,pullback,eod,False,2024-01-16 10:35:00,3.0311,2.95,2024-01-16 11:01:00,stop,0.08109999999999973,-2.6755963181683162,-1.0
2024-01-17,HERE,0.14803505,2.77,1.0,ema,premkt,nextopen,pullback,eod,False,2024-01-17 10:45:00,3.235,3.1068000000000002,2024-01-17 10:51:00,stop,0.12819999999999965,-3.9629057187016925,-1.0
2024-01-19,EWTX,0.27038193,9.69,1.0,ema,premkt,nextopen,pullback,eod,False,2024-01-19 09:45:00,12.94,13.17,2024-01-19 15:55:00,eod,1.0399999999999991,1.777434312210202,0.22115384615384676
2024-01-22,BFRG,0.1758691,4.89,2.0,ema,premkt,nextopen,pullback,eod,False,2024-01-22 09:45:00,6.655,6.775,2024-01-22 15:55:00,eod,0.7249999999999996,1.8031555221637907,0.16551724137931056
2024-01-22,RUM,0.1197772,3.59,3.0,ema,premkt,nextopen,pullback,eod,False,2024-01-22 09:45:00,4.2547,4.8499,2024-01-22 15:55:00,eod,0.2946999999999993,13.98923543375561,2.0196810315575213
2024-01-23,RVSN,0.3777778,2.25,1.0,ema,premkt,nextopen,pullback,eod,False,2024-01-23 09:45:00,3.34,3.2393,2024-01-23 09:54:00,stop,0.10069999999999979,-3.0149700598802287,-1.0
2024-01-23,GDS,0.10769236,5.85,4.0,ema,premkt,nextopen,pullback,eod,False,2024-01-23 10:25:00,6.6912,6.63,2024-01-23 10:34:00,stop_gap,0.061200000000000365,-0.9146341463414642,-1.0
2024-01-24,EVAX,0.86973953,4.99,1.0,ema,premkt,nextopen,pullback,eod,False,2024-01-24 10:40:00,10.9999,10.66,2024-01-24 10:45:00,stop,0.3399000000000001,-3.090028091164465,-1.0
2024-01-24,KURA,0.3710879,13.42,2.0,ema,premkt,nextopen,pullback,eod,False,2024-01-24 09:45:00,19.145,19.6408,2024-01-24 15:55:00,eod,0.8049999999999997,2.5897101070775586,0.6159006211180116
2024-01-25,AMSC,0.2892307,9.75,2.0,ema,premkt,nextopen,pullback,eod,False,2024-01-25 10:20:00,11.26,11.17,2024-01-25 11:14:00,stop,0.08999999999999986,-0.7992895204262829,-1.0
2024-01-25,IKT,0.11824322,2.96,3.0,ema,premkt,nextopen,pullback,eod,False,2024-01-25 10:40:00,3.6,3.5,2024-01-25 13:09:00,stop,0.10000000000000009,-2.777777777777779,-1.0
2024-01-25,BFRG,0.10270262,7.4,4.0,ema,premkt,nextopen,pullback,eod,False,2024-01-25 10:10:00,7.6074,7.4,2024-01-25 10:16:00,stop,0.2073999999999998,-2.7262928201488013,-1.0
2024-01-26,CRBP,0.99170625,8.44,1.0,ema,premkt,nextopen,pullback,eod,False,2024-01-26 09:50:00,18.275,29.81,2024-01-26 15:55:00,eod,1.7349999999999994,63.11901504787962,6.64841498559078
2024-01-26,EHTH,0.141577,5.58,2.0,ema,premkt,nextopen,pullback,eod,False,2024-01-26 09:55:00,6.7661,6.75,2024-01-26 15:55:00,eod,0.33369999999999944,-0.23795096141056016,-0.048246928378782764
2024-01-26,PRCH,0.12554109,2.31,4.0,ema,premkt,nextopen,pullback,eod,False,2024-01-26 09:55:00,2.885,2.75,2024-01-26 10:00:00,stop,0.1349999999999998,-4.679376083188902,-1.0
2024-01-26,IKT,0.117886186,2.46,5.0,ema,premkt,nextopen,pullback,eod,False,2024-01-26 09:45:00,2.86,3.06,2024-01-26 15:55:00,eod,0.14999999999999947,6.9930069930070005,1.3333333333333393
2024-01-29,CDLX,0.22703648,5.77,3.0,ema,premkt,nextopen,pullback,eod,False,2024-01-29 10:20:00,7.3,7.04,2024-01-29 14:32:00,stop,0.2599999999999998,-3.561643835616435,-1.0
2024-01-29,SOFI,0.15748024,7.62,4.0,ema,premkt,nextopen,pullback,eod,False,2024-01-29 10:15:00,9.27,9.01,2024-01-29 12:01:00,stop,0.2599999999999998,-2.8047464940668787,-1.0
2024-01-30,RVSN,0.22532332,14.69,1.0,ema,premkt,nextopen,pullback,eod,False,2024-01-30 09:50:00,21.575,19.759999999999998,2024-01-30 11:36:00,stop,1.8150000000000013,-8.412514484356903,-1.0
2024-01-30,CRBP,0.12835658,18.62,2.0,ema,premkt,nextopen,pullback,eod,False,2024-01-30 10:15:00,20.2,19.64,2024-01-30 10:22:00,stop_gap,0.5100000000000016,-2.7722772277227636,-1.0980392156862686
2024-01-31,REVB,0.14716983,7.95,1.0,ema,premkt,nextopen,pullback,eod,False,2024-01-31 09:55:00,8.66,8.290000000000001,2024-01-31 10:01:00,stop,0.3699999999999992,-4.2725173210161564,-1.0
2024-01-31,NYXH,0.10442257,8.14,2.0,ema,premkt,nextopen,pullback,eod,False,2024-01-31 10:40:00,8.88,10.705,2024-01-31 15:55:00,eod,0.009999999999999787,20.551801801801783,182.5000000000038
2024-02-01,PLUG,0.11910117,4.45,1.0,ema,premkt,nextopen,pullback,eod,False,2024-02-01 10:05:00,4.985,4.8500000000000005,2024-02-01 10:15:00,stop,0.1349999999999998,-2.7081243731193583,-1.0
2024-02-06,PLTR,0.21411479,16.72,1.0,ema,premkt,nextopen,pullback,eod,False,2024-02-06 11:00:00,20.5742,21.875,2024-02-06 15:55:00,eod,0.154200000000003,6.322481554568338,8.435797665369478
2024-02-06,AUDC,0.1092211,12.17,2.0,ema,premkt,nextopen,pullback,eod,False,2024-02-06 09:45:00,13.805,13.29,2024-02-06 13:17:00,stop_gap,0.472999999999999,-3.7305324157913877,-1.0887949260042318
2024-02-07,SONO,0.11239374,16.46,2.0,ema,premkt,nextopen,pullback,eod,False,2024-02-07 10:10:00,19.235,18.84,2024-02-07 11:48:00,stop,0.3949999999999996,-2.053548219391732,-1.0
2024-02-08,TNYA,0.13348424,4.42,5.0,ema,premkt,nextopen,pullback,eod,False,2024-02-08 09:50:00,5.605,5.3,2024-02-08 10:53:00,stop,0.3050000000000006,-5.441570026761832,-1.0
2024-02-09,IREN,0.13529408,5.1,3.0,ema,premkt,nextopen,pullback,eod,False,2024-02-09 09:55:00,5.79,5.5600000000000005,2024-02-09 10:04:00,stop,0.22999999999999954,-3.9723661485319472,-1.0
2024-02-12,LUNR,0.230461,4.99,1.0,ema,premkt,nextopen,pullback,eod,False,2024-02-12 10:35:00,6.1978,6.0,2024-02-12 10:46:00,stop,0.19779999999999998,-3.1914550324308677,-1.0
2024-02-13,BMR,0.82010055,9.95,1.0,ema,premkt,nextopen,pullback,eod,False,2024-02-13 09:55:00,17.98,16.58,2024-02-13 10:01:00,stop,1.4000000000000021,-7.786429365962189,-1.0
2024-02-14,COGT,0.5659889,5.46,1.0,ema,premkt,nextopen,pullback,eod,False,2024-02-14 09:45:00,8.855,8.4309,2024-02-14 13:40:00,stop,0.42410000000000103,-4.789384528514972,-1.0
2024-02-14,HCSG,0.257928,9.46,2.0,ema,premkt,nextopen,pullback,eod,False,2024-02-14 10:50:00,12.045,11.85,2024-02-14 11:50:00,stop,0.19500000000000028,-1.6189290161892966,-1.0
2024-02-14,LYFT,0.2349546,12.13,5.0,ema,premkt,nextopen,pullback,eod,False,2024-02-14 10:25:00,16.375,16.299999999999997,2024-02-14 10:30:00,stop,0.07500000000000284,-0.45801526717559327,-1.0
2024-02-15,PLCE,0.28005505,14.515,5.0,ema,premkt,nextopen,pullback,eod,False,2024-02-15 10:40:00,28.5873,27.299999999999997,2024-02-15 10:47:00,stop,1.2873000000000019,-4.503048556526856,-1.0
2024-02-16,BLZE,0.12883437,8.15,4.0,ema,premkt,nextopen,pullback,eod,False,2024-02-16 10:20:00,10.1801,11.755,2024-02-16 15:55:00,eod,0.39009999999999856,15.47037848351196,4.037169956421448
2024-02-20,LUNR,0.296448,7.32,3.0,ema,premkt,nextopen,pullback,eod,False,2024-02-20 09:50:00,9.32,10.97,2024-02-20 15:55:00,eod,0.5600000000000005,17.703862660944214,2.9464285714285694
2024-02-20,IOVA,0.273224,9.15,4.0,ema,premkt,nextopen,pullback,eod,False,2024-02-20 10:10:00,12.33,11.821,2024-02-20 14:37:00,stop,0.5090000000000003,-4.128142741281426,-1.0
2024-02-20,CPOP,0.13962269,2.65,5.0,ema,premkt,nextopen,pullback,eod,False,2024-02-20 10:30:00,3.1944,3.0,2024-02-20 10:38:00,stop,0.1943999999999999,-6.08564988730278,-1.0
2024-02-22,SOUNW,0.3129102,2.285,1.0,ema,premkt,nextopen,pullback,eod,False,2024-02-22 10:10:00,2.95,2.79,2024-02-22 10:22:00,stop,0.16000000000000014,-5.423728813559325,-1.0
2024-02-22,OCUL,0.20744681,7.52,4.0,ema,premkt,nextopen,pullback,eod,False,2024-02-22 09:55:00,9.0,9.785,2024-02-22 15:55:00,eod,0.17999999999999972,8.722222222222232,4.361111111111119
2024-02-22,WETH,0.17372167,3.05,5.0,ema,premkt,nextopen,pullback,eod,False,2024-02-22 10:10:00,4.08,3.66,2024-02-22 11:19:00,stop,0.41999999999999993,-10.29411764705882,-1.0
2024-02-23,AXTI,0.385965,2.28,2.0,ema,premkt,nextopen,pullback,eod,False,2024-02-23 10:15:00,4.19,3.7600000000000002,2024-02-23 11:32:00,stop,0.43000000000000016,-10.262529832935563,-1.0
2024-02-23,MRVI,0.36007822,5.11,3.0,ema,premkt,nextopen,pullback,eod,False,2024-02-23 10:00:00,7.99,7.6,2024-02-23 10:29:00,stop_gap,0.3700000000000001,-4.881101376720909,-1.0540540540540553
2024-02-26,ALT,0.13586962,9.2,2.0,ema,premkt,nextopen,pullback,eod,False,2024-02-26 09:45:00,11.06,11.33,2024-02-26 15:55:00,eod,0.22000000000000064,2.44122965641953,1.2272727272727217
2024-02-27,JANX,1.3701987,15.1,1.0,ema,premkt,nextopen,pullback,eod,False,2024-02-27 10:05:00,41.0,49.2,2024-02-27 15:55:00,eod,4.759999999999998,20.000000000000018,1.7226890756302533
2024-02-27,SOUN,0.23826087,5.75,3.0,ema,premkt,nextopen,pullback,eod,False,2024-02-27 10:20:00,7.1701,6.79,2024-02-27 11:24:00,stop,0.38009999999999966,-5.301181294542612,-1.0
2024-02-27,PUBM,0.23657215,16.57,4.0,ema,premkt,nextopen,pullback,eod,False,2024-02-27 10:10:00,20.95,20.5901,2024-02-27 10:46:00,stop,0.35989999999999966,-1.7178997613365166,-1.0
2024-02-27,PYXS,0.23012555,4.78,5.0,ema,premkt,nextopen,pullback,eod,False,2024-02-27 10:25:00,5.19,6.35,2024-02-27 15:55:00,eod,0.14320000000000022,22.35067437379574,8.10055865921786
2024-02-28,BAND,0.4576131,12.15,2.0,ema,premkt,nextopen,pullback,eod,False,2024-02-28 10:35:00,16.9184,18.36,2024-02-28 15:55:00,eod,0.3083999999999989,8.520900321543422,4.6744487678340025
2024-02-28,LFST,0.20298517,6.7,4.0,ema,premkt,nextopen,pullback,eod,False,2024-02-28 10:45:00,8.7,8.51,2024-02-28 10:56:00,stop,0.1899999999999995,-2.183908045977001,-1.0
2024-02-29,SIDU,0.2280072,5.57,4.0,ema,premkt,nextopen,pullback,eod,False,2024-02-29 10:10:00,6.9501,8.95,2024-02-29 15:55:00,eod,0.3400999999999996,28.775125537762047,5.880329314907384
2024-03-01,ADIL,0.5337255,2.04,1.0,ema,premkt,nextopen,pullback,eod,False,2024-03-01 10:00:00,3.38,3.04,2024-03-01 11:06:00,stop,0.33999999999999986,-10.059171597633132,-1.0
2024-03-04,FUFU,0.92633224,6.38,1.0,ema,premkt,nextopen,pullback,eod,False,2024-03-04 10:00:00,15.82,13.69,2024-03-04 10:26:00,stop,2.130000000000001,-13.463969658659924,-1.0
2024-03-04,PHUN,0.20338988,7.08,2.0,ema,premkt,nextopen,pullback,eod,False,2024-03-04 09:55:00,11.085,12.715,2024-03-04 15:55:00,eod,0.9850000000000012,14.704555705908874,1.6548223350253777
2024-03-06,PDYN,0.16417909,2.01,5.0,ema,premkt,nextopen,pullback,eod,False,2024-03-06 09:50:00,3.0009,2.6184000000000003,2024-03-06 09:59:00,stop,0.38249999999999984,-12.746176147155852,-1.0
2024-03-07,CELZ,0.6743696,4.76,1.0,ema,premkt,nextopen,pullback,eod,False,2024-03-07 10:05:00,7.1903,6.24,2024-03-07 10:22:00,stop,0.9502999999999995,-13.216416561200495,-1.0
2024-03-08,GRFS,0.17812729,5.61,2.0,ema,premkt,nextopen,pullback,eod,False,2024-03-08 10:10:00,6.82,7.005,2024-03-08 15:55:00,eod,0.3200000000000003,2.7126099706744844,0.5781249999999982
2024-03-08,SWBI,0.1204319,13.44,5.0,ema,premkt,nextopen,pullback,eod,False,2024-03-08 09:50:00,17.0631,17.38,2024-03-08 15:55:00,eod,0.7481000000000009,1.8572240683111474,0.4236064697232991
2024-03-11,KC,0.11895907,2.69,5.0,ema,premkt,nextopen,pullback,eod,False,2024-03-11 09:50:00,3.3199,3.2012,2024-03-11 10:00:00,stop,0.11870000000000003,-3.5754088978583676,-1.0
2024-03-12,RYDE,0.12135172,6.51,5.0,ema,premkt,nextopen,pullback,eod,False,2024-03-12 09:45:00,7.8463,7.29,2024-03-12 11:01:00,stop,0.5563000000000002,-7.089965971222112,-1.0
2024-03-13,SKIN,0.27298057,3.59,1.0,ema,premkt,nextopen,pullback,eod,False,2024-03-13 09:45:00,5.025,4.8500000000000005,2024-03-13 09:58:00,stop,0.17499999999999982,-3.482587064676612,-1.0
2024-03-13,HRTX,0.1864407,2.36,2.0,ema,premkt,nextopen,pullback,eod,False,2024-03-13 10:00:00,2.685,2.995,2024-03-13 15:55:00,eod,0.10499999999999998,11.545623836126628,2.9523809523809534
2024-03-14,SOUNW,0.24336278,4.52,2.0,ema,premkt,nextopen,pullback,eod,False,2024-03-14 10:05:00,4.705,5.045,2024-03-14 15:55:00,eod,0.3949999999999996,7.226354941551527,0.8607594936708867
2024-03-14,CCTG,0.23283577,3.35,3.0,ema,premkt,nextopen,pullback,eod,False,2024-03-14 10:30:00,4.13,3.9200000000000004,2024-03-14 11:06:00,stop,0.20999999999999952,-5.084745762711851,-1.0
2024-03-14,LAC,0.19197202,5.73,4.0,ema,premkt,nextopen,pullback,eod,False,2024-03-14 10:05:00,6.58,6.3,2024-03-14 10:49:00,stop,0.28000000000000025,-4.255319148936176,-1.0
2024-03-18,BNAI,0.36837125,10.56,1.0,ema,premkt,nextopen,pullback,eod,False,2024-03-18 10:45:00,15.4,13.55,2024-03-18 15:52:00,stop,1.8499999999999996,-12.012987012987008,-1.0
2024-03-19,SPIR,0.16327357,12.28,2.0,ema,premkt,nextopen,pullback,eod,False,2024-03-19 09:45:00,18.63,16.109499999999997,2024-03-19 10:08:00,stop,2.520500000000002,-13.529253891572745,-1.0
2024-03-19,ATNM,0.16207945,6.54,3.0,ema,premkt,nextopen,pullback,eod,False,2024-03-19 09:50:00,7.64,7.470000000000001,2024-03-19 10:35:00,stop,0.16999999999999904,-2.2251308900523403,-1.0
2024-03-20,SRAD,0.13676906,10.09,2.0,ema,premkt,nextopen,pullback,eod,False,2024-03-20 09:55:00,12.08,11.48,2024-03-20 10:38:00,stop,0.5999999999999996,-4.966887417218535,-1.0
2024-03-20,BAK,0.10233593,8.99,5.0,ema,premkt,nextopen,pullback,eod,False,2024-03-20 10:25:00,9.94,10.55,2024-03-20 15:55:00,eod,0.05999999999999872,6.1368209255533435,10.166666666666904
2024-03-21,AMTX,0.18356168,3.65,2.0,ema,premkt,nextopen,pullback,eod,False,2024-03-21 10:30:00,4.4891,5.0892,2024-03-21 15:55:00,eod,0.10909999999999975,13.36793566639194,5.500458295142087
2024-03-25,NKTX,0.17320633,8.92,1.0,ema,premkt,nextopen,pullback,eod,False,2024-03-25 10:00:00,11.0,10.8,2024-03-25 10:19:00,stop,0.1999999999999993,-1.8181818181818077,-1.0
2024-03-25,TH,0.1591928,8.92,2.0,ema,premkt,nextopen,pullback,eod,False,2024-03-25 10:50:00,10.93,11.11,2024-03-25 15:55:00,eod,0.08999999999999986,1.6468435498627532,2.0
2024-03-25,LCID,0.13718414,2.77,4.0,ema,premkt,nextopen,pullback,eod,False,2024-03-25 09:50:00,3.2802,3.14,2024-03-25 10:06:00,stop,0.14019999999999966,-4.274129626242296,-1.0
2024-03-25,XTLB,0.12213743,2.62,5.0,ema,premkt,nextopen,pullback,eod,False,2024-03-25 09:50:00,4.0852,3.3000000000000003,2024-03-25 12:11:00,stop,0.7852000000000001,-19.220601194555964,-1.0
2024-03-27,NUVB,0.13368058,2.88,2.0,ema,premkt,nextopen,pullback,eod,False,2024-03-27 10:45:00,3.61,3.94,2024-03-27 15:55:00,eod,0.17999999999999972,9.141274238227147,1.8333333333333366
2024-03-27,NVCR,0.13083398,13.07,3.0,ema,premkt,nextopen,pullback,eod,False,2024-03-27 10:30:00,15.21,14.84,2024-03-27 11:22:00,stop,0.370000000000001,-2.4326101249178222,-1.0
2024-03-27,PAYS,0.12721884,3.38,4.0,ema,premkt,nextopen,pullback,eod,False,2024-03-27 09:45:00,4.34,4.1000000000000005,2024-03-27 09:55:00,stop,0.23999999999999932,-5.529953917050678,-1.0
2024-03-27,STKS,0.12219441,4.01,5.0,ema,premkt,nextopen,pullback,eod,False,2024-03-27 10:45:00,4.85,4.975,2024-03-27 15:55:00,eod,0.05999999999999961,2.577319587628857,2.083333333333347
2024-03-28,SMMT,0.12266672,3.75,5.0,ema,premkt,nextopen,pullback,eod,False,2024-03-28 10:30:00,4.43,4.29,2024-03-28 11:46:00,stop,0.13999999999999968,-3.160270880361171,-1.0
2024-04-01,CXAI,0.54285717,2.45,1.0,ema,premkt,nextopen,pullback,eod,False,2024-04-01 10:30:00,5.3,6.07,2024-04-01 15:55:00,eod,0.4899999999999993,14.52830188679246,1.5714285714285745
2024-04-01,MESO,0.23153687,5.01,2.0,ema,premkt,nextopen,pullback,eod,False,2024-04-01 09:55:00,6.5,6.34,2024-04-01 10:04:00,stop,0.16000000000000014,-2.4615384615384595,-1.0
2024-04-02,VTSI,0.24213839,9.54,2.0,ema,premkt,nextopen,pullback,eod,False,2024-04-02 09:45:00,12.24,13.18,2024-04-02 15:55:00,eod,0.5099999999999998,7.679738562091498,1.8431372549019607
2024-04-03,VIVO,0.53728807,5.9,1.0,ema,premkt,nextopen,pullback,eod,False,2024-04-03 09:50:00,8.9059,8.55,2024-04-03 09:55:00,stop,0.3559000000000001,-3.9962272201574223,-1.0
2024-04-03,XTIA,0.22857141,3.5,2.0,ema,premkt,nextopen,pullback,eod,False,2024-04-03 09:55:00,4.415,4.28,2024-04-03 11:45:00,stop,0.1349999999999998,-3.05775764439411,-1.0
2024-04-04,LEVI,0.15261042,18.66,1.0,ema,premkt,nextopen,pullback,eod,False,2024-04-04 10:05:00,21.95,21.599999999999998,2024-04-04 11:06:00,stop,0.3500000000000014,-1.5945330296127658,-1.0
2024-04-04,ZETA,0.110636234,10.53,2.0,ema,premkt,nextopen,pullback,eod,False,2024-04-04 09:50:00,12.08,11.895,2024-04-04 15:55:00,eod,0.6899999999999995,-1.531456953642385,-0.2681159420289864
2024-04-04,MGNX,0.10241401,13.67,3.0,ema,premkt,nextopen,pullback,eod,False,2024-04-04 09:55:00,17.66,17.97,2024-04-04 15:55:00,eod,0.8300000000000018,1.7553793884484747,0.3734939759036121
2024-04-04,SWVL,0.10018098,16.57,4.0,ema,premkt,nextopen,pullback,eod,False,2024-04-04 10:10:00,19.0999,18.43,2024-04-04 10:22:00,stop_gap,0.6099000000000032,-3.5073482060115624,-1.0983767830791906
2024-04-05,NXL,0.18604648,2.15,2.0,ema,premkt,nextopen,pullback,eod,False,2024-04-05 09:55:00,2.42,2.3400000000000003,2024-04-05 10:12:00,stop,0.07999999999999963,-3.305785123966931,-1.0
2024-04-08,AXTI,0.1286174,3.11,2.0,ema,premkt,nextopen,pullback,eod,False,2024-04-08 10:05:00,3.885,3.7,2024-04-08 12:04:00,stop_gap,0.1849999999999996,-4.761904761904756,-1.0
2024-04-11,RENT,0.32162154,7.4,1.0,ema,premkt,nextopen,pullback,eod,False,2024-04-11 09:45:00,13.1258,19.72,2024-04-11 15:55:00,eod,2.1357999999999997,50.2384616556705,3.0874613727877143
2024-04-11,CADL,0.254902,5.1,2.0,ema,premkt,nextopen,pullback,eod,False,2024-04-11 10:30:00,6.1467,7.27,2024-04-11 15:55:00,eod,0.32669999999999977,18.274846665690525,3.438322620140803
2024-04-11,CYPH,0.15131581,3.04,4.0,ema,premkt,nextopen,pullback,eod,False,2024-04-11 11:00:00,3.9798,3.5650000000000004,2024-04-11 13:11:00,stop,0.4147999999999996,-10.422634303231304,-1.0
2024-04-11,GYRE,0.13472617,13.88,5.0,ema,premkt,nextopen,pullback,eod,False,2024-04-11 09:50:00,15.8,15.44,2024-04-11 09:58:00,stop_gap,0.2900000000000009,-2.27848101265824,-1.2413793103448278
2024-04-12,HKD,0.20189273,3.17,2.0,ema,premkt,nextopen,pullback,eod,False,2024-04-12 09:55:00,3.7444,3.6,2024-04-12 10:10:00,stop,0.14440000000000008,-3.8564255955560345,-1.0
2024-04-12,MNDR,0.1343137,10.2,4.0,ema,premkt,nextopen,pullback,eod,False,2024-04-12 10:30:00,12.4,11.99,2024-04-12 10:46:00,stop,0.41000000000000014,-3.3064516129032273,-1.0
2024-04-12,LYEL,0.116541386,2.66,5.0,ema,premkt,nextopen,pullback,eod,False,2024-04-12 10:15:00,3.04,3.02,2024-04-12 10:20:00,stop,0.020000000000000018,-0.6578947368421018,-1.0
2024-04-16,CGEM,0.20060432,16.55,1.0,ema,premkt,nextopen,pullback,eod,False,2024-04-16 09:55:00,19.9,19.5,2024-04-16 10:13:00,stop,0.3999999999999986,-2.010050251256279,-1.0
2024-04-17,EDBL,0.32307696,4.55,4.0,ema,premkt,nextopen,pullback,eod,False,2024-04-17 10:30:00,10.4023,8.33,2024-04-17 11:07:00,stop_gap,1.9123,-19.92155580977284,-1.0836688804057941
2024-04-18,RYDE,0.16533327,3.75,1.0,ema,premkt,nextopen,pullback,eod,False,2024-04-18 10:35:00,4.056,3.72,2024-04-18 12:15:00,stop_gap,0.31599999999999984,-8.284023668639051,-1.0632911392405064
2024-04-22,TRSG,0.15798318,5.95,1.0,ema,premkt,nextopen,pullback,eod,False,2024-04-22 10:15:00,7.32,7.2,2024-04-22 15:55:00,eod,0.5300000000000002,-1.6393442622950838,-0.22641509433962273
2024-04-24,PROP,0.14213204,11.82,3.0,ema,premkt,nextopen,pullback,eod,False,2024-04-24 10:50:00,14.71,14.3999,2024-04-24 15:55:00,eod,0.5400000000000009,-2.108089734874241,-0.5742592592592588
2024-04-26,TPC,0.13800573,13.89,2.0,ema,premkt,nextopen,pullback,eod,False,2024-04-26 10:00:00,17.08,16.58,2024-04-26 11:30:00,stop,0.5,-2.927400468384078,-1.0
2024-04-29,IBRX,0.14421773,7.35,1.0,ema,premkt,nextopen,pullback,eod,False,2024-04-29 10:20:00,9.08,8.84,2024-04-29 11:05:00,stop,0.2400000000000002,-2.643171806167399,-1.0
2024-04-29,MESO,0.12179494,6.24,4.0,ema,premkt,nextopen,pullback,eod,False,2024-04-29 10:00:00,7.45,7.3,2024-04-29 10:12:00,stop,0.15000000000000036,-2.0134228187919545,-1.0
2024-04-30,BLND,0.1377778,2.25,4.0,ema,premkt,nextopen,pullback,eod,False,2024-04-30 09:55:00,2.8,2.6300000000000003,2024-04-30 11:16:00,stop,0.16999999999999948,-6.07142857142855,-1.0
2024-05-01,FLG,0.20376253,2.65,2.0,ema,premkt,nextopen,pullback,eod,False,2024-05-01 10:05:00,3.23,3.4027,2024-05-01 15:55:00,eod,0.09499999999999975,5.346749226006198,1.8178947368421086
2024-05-01,HAPN,0.1170212,7.52,3.0,ema,premkt,nextopen,pullback,eod,False,2024-05-01 09:45:00,8.795,8.63,2024-05-01 11:14:00,stop,0.16499999999999915,-1.8760659465605345,-1.0
2024-05-03,OLOX,0.3242321,2.93,1.0,ema,premkt,nextopen,pullback,eod,False,2024-05-03 10:15:00,5.3832,5.4938,2024-05-03 15:55:00,eod,0.4828000000000001,2.0545400505275646,0.22908036454018182
2024-05-03,ARDX,0.23122239,6.79,4.0,ema,premkt,nextopen,pullback,eod,False,2024-05-03 10:25:00,8.405,8.765,2024-05-03 15:55:00,eod,0.08489999999999931,4.283164782867366,4.240282685512416
2024-05-06,BCRX,0.123595595,4.45,3.0,ema,premkt,nextopen,pullback,eod,False,2024-05-06 10:50:00,5.145,5.235,2024-05-06 15:55:00,eod,0.07499999999999929,1.7492711370262537,1.2000000000000213
2024-05-07,ZETA,0.19615388,13.0,1.0,ema,premkt,nextopen,pullback,eod,False,2024-05-07 10:10:00,15.69,15.5428,2024-05-07 10:29:00,stop,0.14719999999999978,-0.9381771829190533,-1.0
2024-05-07,JMIA,0.12065816,5.47,5.0,ema,premkt,nextopen,pullback,eod,False,2024-05-07 10:25:00,6.525,6.45,2024-05-07 15:55:00,eod,0.1850000000000005,-1.1494252873563204,-0.40540540540540526
2024-05-08,INOD,0.28338277,6.74,1.0,ema,premkt,nextopen,pullback,eod,False,2024-05-08 10:05:00,9.6101,8.75,2024-05-08 11:09:00,stop,0.8600999999999992,-8.949958897410005,-1.0
2024-05-08,MYGN,0.18543983,19.78,2.0,ema,premkt,nextopen,pullback,eod,False,2024-05-08 09:45:00,23.44,23.8,2024-05-08 15:55:00,eod,1.3200000000000038,1.5358361774743923,0.2727272727272715
2024-05-08,ELAN,0.16420114,13.52,3.0,ema,premkt,nextopen,pullback,eod,False,2024-05-08 09:45:00,16.315,16.785,2024-05-08 15:55:00,eod,0.2850000000000037,2.880784554091309,1.6491228070175186
2024-05-08,CRCT,0.16271842,5.53,4.0,ema,premkt,nextopen,pullback,eod,False,2024-05-08 10:20:00,7.18,8.12,2024-05-08 15:55:00,eod,0.12499999999999911,13.091922005571032,7.520000000000049
2024-05-09,EMBC,0.29319596,10.27,1.0,ema,premkt,nextopen,pullback,eod,False,2024-05-09 10:00:00,14.2498,13.99,2024-05-09 10:29:00,stop,0.25980000000000025,-1.8231834832769578,-1.0
2024-05-09,ZLAB,0.21001804,16.57,3.0,ema,premkt,nextopen,pullback,eod,False,2024-05-09 10:10:00,20.585,21.09,2024-05-09 15:55:00,eod,0.8050000000000033,2.4532426524167983,0.62732919254658
2024-05-10,NVAX,1.241611,4.47,1.0,ema,premkt,nextopen,pullback,eod,False,2024-05-10 09:50:00,10.34,9.86,2024-05-10 10:24:00,stop,0.4800000000000004,-4.642166344294008,-1.0
2024-05-10,ADMA,0.18326116,6.93,4.0,ema,premkt,nextopen,pullback,eod,False,2024-05-10 10:30:00,8.618,8.795,2024-05-10 15:55:00,eod,0.2580000000000009,2.053840798329065,0.6860465116279031
2024-05-10,SOUN,0.16842115,4.75,5.0,ema,premkt,nextopen,pullback,eod,False,2024-05-10 10:05:00,5.6517,5.470000000000001,2024-05-10 10:27:00,stop,0.1816999999999993,-3.214961869879851,-1.0
2024-05-13,GME,0.5085912,17.46,1.0,ema,premkt,nextopen,pullback,eod,False,2024-05-13 10:25:00,32.9244,29.59,2024-05-13 10:39:00,stop,3.3343999999999987,-10.127443476570564,-1.0
2024-05-13,AMC,0.2096219,2.91,2.0,ema,premkt,nextopen,pullback,eod,False,2024-05-13 09:45:00,3.525,3.41,2024-05-13 10:02:00,stop,0.11499999999999977,-3.262411347517724,-1.0
2024-05-13,KOSS,0.20707989,3.1978,3.0,ema,premkt,nextopen,pullback,eod,False,2024-05-13 09:45:00,4.83,4.25,2024-05-13 10:13:00,stop,0.5800000000000001,-12.00828157349897,-1.0
2024-05-14,KOSS,0.35926783,4.37,3.0,ema,premkt,nextopen,pullback,eod,False,2024-05-14 10:10:00,6.11,6.09,2024-05-14 10:15:00,stop,0.020000000000000462,-0.327332242225864,-1.0
2024-05-15,BCRX,0.10634327,5.36,5.0,ema,premkt,nextopen,pullback,eod,False,2024-05-15 10:00:00,6.5576,6.385,2024-05-15 15:55:00,eod,0.4875999999999996,-2.6320605099426686,-0.35397867104183806
2024-05-16,ASTS,0.3138075,2.39,2.0,ema,premkt,nextopen,pullback,eod,False,2024-05-16 10:05:00,3.199,3.1500000000000004,2024-05-16 10:11:00,stop,0.04899999999999949,-1.5317286652078654,-1.0
2024-05-17,OUST,0.111492276,11.66,1.0,ema,premkt,nextopen,pullback,eod,False,2024-05-17 10:10:00,13.36,13.14,2024-05-17 10:19:00,stop,0.21999999999999886,-1.6467065868263409,-1.0
2024-05-20,JDZG,0.10873282,11.68,4.0,ema,premkt,nextopen,pullback,eod,False,2024-05-20 10:45:00,14.09,13.34,2024-05-20 11:53:00,stop,0.75,-5.322924059616751,-1.0
2024-05-21,CMCM,0.11711705,5.55,2.0,ema,premkt,nextopen,pullback,eod,False,2024-05-21 09:50:00,6.32,6.140000000000001,2024-05-21 10:18:00,stop,0.17999999999999972,-2.848101265822778,-1.0
2024-05-22,CHAI,0.625,2.4,1.0,ema,premkt,nextopen,pullback,eod,False,2024-05-22 09:50:00,3.99,3.5700000000000003,2024-05-22 10:13:00,stop,0.41999999999999993,-10.526315789473683,-1.0
2024-05-22,WOOF,0.12653053,2.45,3.0,ema,premkt,nextopen,pullback,eod,False,2024-05-22 10:10:00,3.05,2.95,2024-05-22 14:32:00,stop,0.09999999999999964,-3.2786885245901565,-1.0
2024-05-23,BORR,0.102941155,5.83,1.0,ema,premkt,nextopen,pullback,eod,False,2024-05-23 11:00:00,6.7393,6.61,2024-05-23 11:52:00,stop,0.12929999999999975,-1.9185968869170344,-1.0
2024-05-24,SRXH,0.6390313,4.1,1.0,ema,premkt,nextopen,pullback,eod,False,2024-05-24 09:50:00,5.58,5.48,2024-05-24 09:55:00,stop,0.09999999999999964,-1.7921146953404965,-1.0
2024-05-28,OKLO,0.1428572,10.15,3.0,ema,premkt,nextopen,pullback,eod,False,2024-05-28 10:05:00,11.34,10.870000000000001,2024-05-28 10:22:00,stop,0.46999999999999886,-4.144620811287469,-1.0
2024-05-28,SMR,0.13239074,7.78,4.0,ema,premkt,nextopen,pullback,eod,False,2024-05-28 10:10:00,8.85,8.53,2024-05-28 10:54:00,stop,0.3200000000000003,-3.6158192090395502,-1.0
2024-05-29,OOMA,0.1784811,7.9,1.0,ema,premkt,nextopen,pullback,eod,False,2024-05-29 10:10:00,9.345,9.09,2024-05-29 10:30:00,stop,0.2550000000000008,-2.7287319422151013,-1.0
2024-05-29,ASTS,0.1575985,5.33,2.0,ema,premkt,nextopen,pullback,eod,False,2024-05-29 10:25:00,7.1685,9.1586,2024-05-29 15:55:00,eod,0.2885,27.761735370021622,6.8980935875216645
2024-05-29,CHWY,0.14311063,16.91,3.0,ema,premkt,nextopen,pullback,eod,False,2024-05-29 10:50:00,21.67,21.221,2024-05-29 11:34:00,stop,0.4490000000000016,-2.07198892478081,-1.0
2024-05-30,WOOF,0.14696479,3.13,2.0,ema,premkt,nextopen,pullback,eod,False,2024-05-30 10:25:00,3.725,3.94,2024-05-30 15:55:00,eod,0.10499999999999998,5.771812080536898,2.0476190476190466
2024-05-30,AMSC,0.13679552,15.79,3.0,ema,premkt,nextopen,pullback,eod,False,2024-05-30 10:15:00,19.105,18.24,2024-05-30 12:50:00,stop,0.865000000000002,-4.527610573148399,-1.0
2024-05-30,ALHC,0.11747849,6.98,4.0,ema,premkt,nextopen,pullback,eod,False,2024-05-30 09:50:00,7.97,7.8420000000000005,2024-05-30 10:10:00,stop,0.12799999999999923,-1.6060225846925902,-1.0
2024-05-31,BTDR,0.106529236,5.82,3.0,ema,premkt,nextopen,pullback,eod,False,2024-05-31 10:05:00,6.41,6.3500000000000005,2024-05-31 10:14:00,stop,0.05999999999999961,-0.9360374414976502,-1.0
2024-06-03,LQDA,0.1305362,12.87,5.0,ema,premkt,nextopen,pullback,eod,False,2024-06-03 10:30:00,14.7871,14.73,2024-06-03 10:53:00,stop,0.05710000000000015,-0.38614738522090297,-1.0
2024-06-04,ANNX,0.316594,4.58,1.0,ema,premkt,nextopen,pullback,eod,False,2024-06-04 10:05:00,6.19,5.79,2024-06-04 10:20:00,stop,0.40000000000000036,-6.462035541195476,-1.0
2024-06-04,CORZ,0.28336763,4.87,2.0,ema,premkt,nextopen,pullback,eod,False,2024-06-04 10:15:00,6.52,6.32,2024-06-04 10:49:00,stop,0.1999999999999993,-3.0674846625766805,-1.0
2024-06-05,SFIX,0.17602992,2.67,3.0,ema,premkt,nextopen,pullback,eod,False,2024-06-05 10:00:00,3.5994,3.33,2024-06-05 11:04:00,stop,0.2694000000000001,-7.484580763460579,-1.0
2024-06-10,OPRA,0.14518762,13.76,2.0,ema,premkt,nextopen,pullback,eod,False,2024-06-10 10:00:00,16.27,15.84,2024-06-10 10:57:00,stop,0.4299999999999997,-2.6429010448678514,-1.0
2024-06-11,AISP,0.17197454,3.14,2.0,ema,premkt,nextopen,pullback,eod,False,2024-06-11 09:45:00,4.2299,4.01,2024-06-11 10:17:00,stop,0.21989999999999998,-5.1987044610983695,-1.0
2024-06-12,BMR,0.37954545,4.4,1.0,ema,premkt,nextopen,pullback,eod,False,2024-06-12 09:50:00,6.27,5.99,2024-06-12 10:10:00,stop,0.27999999999999936,-4.465709728867617,-1.0
2024-06-12,MREO,0.11931825,3.52,3.0,ema,premkt,nextopen,pullback,eod,False,2024-06-12 10:30:00,3.89,3.74,2024-06-12 11:50:00,stop,0.1499999999999999,-3.856041131105392,-1.0
2024-06-12,WULF,0.10215831,3.475,4.0,ema,premkt,nextopen,pullback,eod,False,2024-06-12 10:00:00,3.9,3.89,2024-06-12 10:05:00,stop,0.009999999999999787,-0.2564102564102555,-1.0
2024-06-14,LGVN,0.28624535,2.69,1.0,ema,premkt,nextopen,pullback,eod,False,2024-06-14 09:55:00,3.445,3.22,2024-06-14 11:54:00,stop,0.22499999999999964,-6.531204644412181,-1.0
2024-06-17,SCNI,0.7478509,3.49,1.0,ema,premkt,nextopen,pullback,eod,False,2024-06-17 10:00:00,5.89,5.6000000000000005,2024-06-17 10:38:00,stop,0.28999999999999915,-4.923599320882843,-1.0
2024-06-20,NNE,0.1310345,11.6,2.0,ema,premkt,nextopen,pullback,eod,False,2024-06-20 10:25:00,12.92,12.5,2024-06-20 10:41:00,stop,0.41999999999999993,-3.2507739938080538,-1.0
2024-06-24,ALT,0.16536665,6.41,1.0,ema,premkt,nextopen,pullback,eod,False,2024-06-24 10:05:00,7.805,7.67,2024-06-24 12:13:00,stop,0.1349999999999998,-1.7296604740550947,-1.0
2024-06-24,DJTWW,0.116322756,15.99,2.0,ema,premkt,nextopen,pullback,eod,False,2024-06-24 09:50:00,19.45,18.5,2024-06-24 10:33:00,stop,0.9499999999999993,-4.884318766066831,-1.0
2024-06-25,EMPD,0.47938132,3.88,1.0,ema,premkt,nextopen,pullback,eod,False,2024-06-25 10:40:00,9.22,7.82,2024-06-25 14:36:00,stop,1.4000000000000004,-15.184381778741873,-1.0
2024-06-25,ENVX,0.16694355,12.04,2.0,ema,premkt,nextopen,pullback,eod,False,2024-06-25 09:55:00,15.17,16.245,2024-06-25 15:55:00,eod,0.6600000000000001,7.086354647330273,1.62878787878788
2024-06-25,BTBT,0.111111045,2.43,3.0,ema,premkt,nextopen,pullback,eod,False,2024-06-25 10:00:00,2.8099,3.395,2024-06-25 15:55:00,eod,0.11979999999999968,20.822805082031405,4.883973288814706
2024-06-25,CORZZ,0.100000024,7.5,4.0,ema,premkt,nextopen,pullback,eod,False,2024-06-25 10:20:00,8.45,8.12,2024-06-25 14:43:00,stop_gap,0.27999999999999936,-3.905325443786989,-1.1785714285714315
2024-06-27,GOVX,0.20583558,2.015,2.0,ema,premkt,nextopen,pullback,eod,False,2024-06-27 09:45:00,4.0676,3.7375,2024-06-27 15:55:00,eod,1.3775999999999993,-8.115350575277802,-0.23961962833914055
2024-06-28,DXYZ,0.12880886,14.44,1.0,ema,premkt,nextopen,pullback,eod,False,2024-06-28 10:00:00,15.97,15.235100000000001,2024-06-28 14:24:00,stop,0.7348999999999997,-4.601753287413901,-1.0
2024-06-28,FBLG,0.11373401,4.66,2.0,ema,premkt,nextopen,pullback,eod,False,2024-06-28 11:00:00,5.55,5.2,2024-06-28 13:01:00,stop_gap,0.34999999999999964,-6.306306306306297,-1.0
2024-07-01,HUMA,0.116666675,4.8,1.0,ema,premkt,nextopen,pullback,eod,False,2024-07-01 09:55:00,6.11,5.66,2024-07-01 10:44:00,stop,0.4500000000000002,-7.364975450081834,-1.0
2024-07-03,KOSS,0.20412838,4.36,2.0,ema,premkt,nextopen,pullback,eod,False,2024-07-03 09:55:00,6.24,11.17,2024-07-03 15:55:00,eod,0.46999999999999975,79.00641025641025,10.489361702127665
2024-07-05,MDWD,0.41350794,14.51,1.0,ema,premkt,nextopen,pullback,eod,False,2024-07-05 10:10:00,19.55,19.1284,2024-07-05 10:37:00,stop,0.42160000000000153,-2.156521739130446,-1.0
2024-07-05,KOSS,0.30761993,10.63,2.0,ema,premkt,nextopen,pullback,eod,False,2024-07-05 09:50:00,15.954,14.27,2024-07-05 10:16:00,stop,1.684000000000001,-10.55534662153692,-1.0
2024-07-08,PLSE,0.105394125,12.05,3.0,ema,premkt,nextopen,pullback,eod,False,2024-07-08 09:45:00,15.3799,14.11,2024-07-08 09:58:00,stop,1.2698999999999998,-8.25688073394495,-1.0
2024-07-09,BYRN,0.111542106,10.31,3.0,ema,premkt,nextopen,pullback,eod,False,2024-07-09 10:45:00,11.0,10.775,2024-07-09 11:42:00,stop,0.22499999999999964,-2.045454545454539,-1.0
2024-07-10,AEHR,0.19016922,12.41,4.0,ema,premkt,nextopen,pullback,eod,False,2024-07-10 10:10:00,15.5447,15.31,2024-07-10 10:21:00,stop,0.23470000000000013,-1.5098393664721765,-1.0
2024-07-10,SNGX,0.18733156,7.42,5.0,ema,premkt,nextopen,pullback,eod,False,2024-07-10 10:10:00,8.14,7.99,2024-07-10 10:19:00,stop,0.15000000000000036,-1.8427518427518441,-1.0
2024-07-11,QS,0.3197782,5.41,2.0,ema,premkt,nextopen,pullback,eod,False,2024-07-11 10:20:00,6.88,7.035,2024-07-11 15:55:00,eod,0.29000000000000004,2.2529069767441845,0.5344827586206905
2024-07-12,SNTG,0.23478258,2.3,1.0,ema,premkt,nextopen,pullback,eod,False,2024-07-12 10:10:00,3.2435,3.16,2024-07-12 10:17:00,stop,0.08349999999999991,-2.5743795282873405,-1.0
2024-07-15,SCNI,0.6354681,4.06,2.0,ema,premkt,nextopen,pullback,eod,False,2024-07-15 09:50:00,7.8899,7.28,2024-07-15 10:06:00,stop,0.6098999999999997,-7.730135996653942,-1.0
2024-07-16,AEON,0.10964906,2.28,2.0,ema,premkt,nextopen,pullback,eod,False,2024-07-16 10:00:00,2.9699,2.7600000000000002,2024-07-16 11:40:00,stop,0.20989999999999975,-7.067578032930388,-1.0
2024-07-17,SHIM,0.37681162,2.07,1.0,ema,premkt,nextopen,pullback,eod,False,2024-07-17 10:00:00,2.9,3.09,2024-07-17 15:55:00,eod,0.1499999999999999,6.5517241379310365,1.266666666666667
2024-07-17,LCFY,0.32293582,5.45,2.0,ema,premkt,nextopen,pullback,eod,False,2024-07-17 09:55:00,7.758,7.17,2024-07-17 10:03:00,stop,0.5880000000000001,-7.579273008507348,-1.0
2024-07-17,LGVN,0.19034088,3.52,3.0,ema,premkt,nextopen,pullback,eod,False,2024-07-17 10:10:00,4.14,3.955,2024-07-17 15:55:00,eod,0.2699999999999996,-4.468599033816412,-0.6851851851851848
2024-07-19,NAAS,0.13102591,8.09,3.0,ema,premkt,nextopen,pullback,eod,False,2024-07-19 10:35:00,8.8534,8.11,2024-07-19 14:30:00,stop,0.7434000000000012,-8.39677412067682,-1.0
2024-07-22,SERV,0.4953642,7.55,1.0,ema,premkt,nextopen,pullback,eod,False,2024-07-22 10:15:00,12.7382,12.09,2024-07-22 10:27:00,stop,0.648200000000001,-5.088631046772707,-1.0
2024-07-22,AEHL,0.12064338,3.73,3.0,ema,premkt,nextopen,pullback,eod,False,2024-07-22 09:55:00,4.2,4.09,2024-07-22 10:03:00,stop,0.11000000000000032,-2.619047619047632,-1.0
2024-07-22,EMBC,0.10504544,13.17,4.0,ema,premkt,nextopen,pullback,eod,False,2024-07-22 10:10:00,15.215,15.15,2024-07-22 12:03:00,stop,0.0649999999999995,-0.42720999014130845,-1.0
2024-07-24,TKNO,0.16733074,2.51,1.0,ema,premkt,nextopen,pullback,eod,False,2024-07-24 09:55:00,3.7,3.1300000000000003,2024-07-24 10:25:00,stop,0.5699999999999998,-15.405405405405403,-1.0
2024-07-25,BALY,0.23520708,13.52,2.0,ema,premkt,nextopen,pullback,eod,False,2024-07-25 10:40:00,16.805,16.77,2024-07-25 10:52:00,stop,0.03500000000000014,-0.20827134781314927,-1.0
2024-07-25,INDV,0.16452205,10.88,3.0,ema,premkt,nextopen,pullback,eod,False,2024-07-25 10:05:00,12.74,12.44,2024-07-25 10:49:00,stop,0.3000000000000007,-2.3547880690737877,-1.0
2024-07-25,IMAX,0.10095346,17.83,5.0,ema,premkt,nextopen,pullback,eod,False,2024-07-25 10:15:00,19.8,19.45,2024-07-25 10:54:00,stop_gap,0.34900000000000375,-1.7676767676767735,-1.0028653295128873
2024-07-26,COUR,0.39406204,7.41,1.0,ema,premkt,nextopen,pullback,eod,False,2024-07-26 10:10:00,10.8329,10.65,2024-07-26 10:17:00,stop,0.18290000000000006,-1.6883752273167851,-1.0
2024-07-26,AEYE,0.12525463,19.64,3.0,ema,premkt,nextopen,pullback,eod,False,2024-07-26 09:55:00,24.31,26.8,2024-07-26 15:55:00,eod,0.4698999999999991,10.242698477992596,5.298999787188778
2024-07-29,LGVN,0.18313956,3.44,1.0,ema,premkt,nextopen,pullback,eod,False,2024-07-29 10:30:00,4.2385,3.9400000000000004,2024-07-29 10:55:00,stop,0.29849999999999977,-7.042585820455349,-1.0
2024-07-29,NIPG,0.11862528,9.02,2.0,ema,premkt,nextopen,pullback,eod,False,2024-07-29 09:45:00,10.4,16.5,2024-07-29 15:55:00,eod,0.35999999999999943,58.653846153846146,16.94444444444447
2024-07-30,MIRA,0.13100433,2.29,2.0,ema,premkt,nextopen,pullback,eod,False,2024-07-30 10:25:00,2.6701,2.49,2024-07-30 11:35:00,stop,0.18009999999999993,-6.745065727875355,-1.0
2024-07-30,SERV,0.11500776,19.39,4.0,ema,premkt,nextopen,pullback,eod,False,2024-07-30 09:50:00,20.77,20.63,2024-07-30 09:58:00,stop,0.14000000000000057,-0.6740491092922518,-1.0
2024-07-31,PCRX,0.13561916,19.54,1.0,ema,premkt,nextopen,pullback,eod,False,2024-07-31 10:15:00,21.32,20.72,2024-07-31 12:53:00,stop,0.6000000000000014,-2.814258911819889,-1.0
2024-08-06,LUMN,0.5366796,2.59,1.0,ema,premkt,nextopen,pullback,eod,False,2024-08-06 10:00:00,4.025,5.145,2024-08-06 15:55:00,eod,0.13500000000000023,27.826086956521713,8.296296296296276
2024-08-07,RYAM,0.21746874,5.61,3.0,ema,premkt,nextopen,pullback,eod,False,2024-08-07 09:45:00,7.41,7.24,2024-08-07 10:17:00,stop,0.16999999999999993,-2.2941970310391357,-1.0
2024-08-08,GPGI,0.21171749,7.51,4.0,ema,premkt,nextopen,pullback,eod,False,2024-08-08 10:30:00,9.115,8.99,2024-08-08 10:46:00,stop,0.125,-1.371365880416897,-1.0
2024-08-09,ADMA,0.2387203,12.19,3.0,ema,premkt,nextopen,pullback,eod,False,2024-08-09 10:10:00,15.65,15.92,2024-08-09 15:55:00,eod,0.4900000000000002,1.7252396166134165,0.5510204081632641
2024-08-09,BLND,0.23048317,2.69,4.0,ema,premkt,nextopen,pullback,eod,False,2024-08-09 09:50:00,3.63,3.43,2024-08-09 14:12:00,stop,0.19999999999999973,-5.509641873278226,-1.0
2024-08-09,HNST,0.21604943,3.24,5.0,ema,premkt,nextopen,pullback,eod,False,2024-08-09 09:55:00,3.955,3.8400000000000003,2024-08-09 10:25:00,stop,0.11499999999999977,-2.9077117572692712,-1.0
2024-08-12,ZNTL,0.110000014,3.0,3.0,ema,premkt,nextopen,pullback,eod,False,2024-08-12 10:10:00,3.309,3.29,2024-08-12 10:47:00,stop,0.019000000000000128,-0.5741915986702928,-1.0
2024-08-13,LWAY,0.22836757,11.21,1.0,ema,premkt,nextopen,pullback,eod,False,2024-08-13 09:45:00,15.66,16.63,2024-08-13 15:55:00,eod,0.7599999999999998,6.194125159642394,1.2763157894736832
2024-08-14,VSXY,0.16675413,19.07,2.0,ema,premkt,nextopen,pullback,eod,False,2024-08-14 10:10:00,22.17,21.75,2024-08-14 12:21:00,stop,0.4200000000000017,-1.8944519621109657,-1.0
2024-08-14,STRO,0.102484465,3.22,4.0,ema,premkt,nextopen,pullback,eod,False,2024-08-14 09:55:00,3.41,3.57,2024-08-14 15:55:00,eod,0.10999999999999988,4.692082111436946,1.4545454545454535
2024-08-15,GRSD,0.18799543,8.83,2.0,ema,premkt,nextopen,pullback,eod,False,2024-08-15 10:40:00,10.9932,10.82,2024-08-15 15:50:00,stop,0.17319999999999958,-1.575519412000137,-1.0
2024-08-16,RILYP,0.32167494,4.26,4.0,ema,premkt,nextopen,pullback,eod,False,2024-08-16 10:40:00,6.62,7.2099,2024-08-16 15:55:00,eod,0.45999999999999996,8.910876132930511,1.2823913043478263
2024-08-16,RILY,0.2400794,5.04,5.0,ema,premkt,nextopen,pullback,eod,False,2024-08-16 10:00:00,6.27,6.26,2024-08-16 10:07:00,stop,0.009999999999999787,-0.15948963317383713,-1.0
2024-08-19,VRAX,1.3568075,2.13,1.0,ema,premkt,nextopen,pullback,eod,False,2024-08-19 10:05:00,4.71,5.045,2024-08-19 15:55:00,eod,0.41000000000000014,7.112526539278141,0.8170731707317069
2024-08-19,AIFC,0.16740096,2.27,4.0,ema,premkt,nextopen,pullback,eod,False,2024-08-19 10:30:00,2.94,2.8600000000000003,2024-08-19 10:55:00,stop,0.07999999999999963,-2.7210884353741416,-1.0
2024-08-20,BTTC,0.77091646,5.02,1.0,ema,premkt,nextopen,pullback,eod,False,2024-08-20 09:55:00,9.6273,10.15,2024-08-20 15:55:00,eod,0.7271999999999998,5.429351947067196,0.7187843784378445
2024-08-22,PTON,0.13988101,3.36,2.0,ema,premkt,nextopen,pullback,eod,False,2024-08-22 10:45:00,4.2243,4.535,2024-08-22 15:55:00,eod,0.2143000000000006,7.355064744454687,1.4498366775548244
2024-08-23,FFAI,0.3059702,8.04,1.0,ema,premkt,nextopen,pullback,eod,False,2024-08-23 10:10:00,8.1239,7.6000000000000005,2024-08-23 10:16:00,stop,0.5239000000000003,-6.4488730782013555,-1.0
2024-08-23,VRAX,0.11969113,5.18,2.0,ema,premkt,nextopen,pullback,eod,False,2024-08-23 10:20:00,5.6738,5.51,2024-08-23 12:26:00,stop,0.16380000000000017,-2.886954069583003,-1.0
2024-08-26,INDO,0.13782048,3.12,3.0,ema,premkt,nextopen,pullback,eod,False,2024-08-26 09:50:00,3.61,3.467,2024-08-26 10:09:00,stop,0.1429999999999998,-3.9612188365650947,-1.0
2024-08-28,VRAX,0.2781186,4.89,1.0,ema,premkt,nextopen,pullback,eod,False,2024-08-28 10:30:00,6.46,6.1601,2024-08-28 11:21:00,stop,0.29990000000000006,-4.64241486068111,-1.0
2024-08-28,AIXI,0.11546397,4.85,2.0,ema,premkt,nextopen,pullback,eod,False,2024-08-28 10:15:00,5.74,5.4425,2024-08-28 12:20:00,stop,0.2975000000000003,-5.182926829268297,-1.0
2024-08-29,IREN,0.1159029,7.42,3.0,ema,premkt,nextopen,pullback,eod,False,2024-08-29 09:55:00,8.82,8.4,2024-08-29 10:23:00,stop,0.41999999999999993,-4.761904761904756,-1.0
2024-08-30,LESL,0.11199999,2.5,4.0,ema,premkt,nextopen,pullback,eod,False,2024-08-30 10:05:00,3.02,3.015,2024-08-30 15:55:00,eod,0.10499999999999998,-0.16556291390728006,-0.04761904761904661
2024-09-03,SOC,0.19328976,16.84,2.0,ema,premkt,nextopen,pullback,eod,False,2024-09-03 10:55:00,22.04,23.21,2024-09-03 15:55:00,eod,0.2699999999999996,5.308529945553553,4.333333333333346
2024-09-03,BOF,0.19000006,2.0,3.0,ema,premkt,nextopen,pullback,eod,False,2024-09-03 09:50:00,3.02,3.4199,2024-09-03 15:55:00,eod,0.4099999999999997,13.241721854304632,0.9753658536585377
2024-09-04,ATRA,0.20117486,6.81,1.0,ema,premkt,nextopen,pullback,eod,False,2024-09-04 10:25:00,8.61,8.47,2024-09-04 10:32:00,stop,0.1399999999999988,-1.6260162601625883,-1.0
2024-09-04,ASST,0.12195122,2.05,2.0,ema,premkt,nextopen,pullback,eod,False,2024-09-04 10:00:00,3.1306,2.83,2024-09-04 10:34:00,stop,0.30059999999999976,-9.601993228135175,-1.0
2024-09-05,APLD,0.54012334,3.24,1.0,ema,premkt,nextopen,pullback,eod,False,2024-09-05 09:55:00,4.525,5.305,2024-09-05 15:55:00,eod,0.14500000000000046,17.237569060773474,5.379310344827565
2024-09-05,PPTA,0.100123525,8.09,3.0,ema,premkt,nextopen,pullback,eod,False,2024-09-05 09:55:00,9.05,9.0104,2024-09-05 15:55:00,eod,0.3600000000000012,-0.43756906077347946,-0.10999999999999985
2024-09-09,SMMT,0.3088833,12.27,1.0,ema,premkt,nextopen,pullback,eod,False,2024-09-09 09:50:00,17.6401,19.26,2024-09-09 15:55:00,eod,1.0101000000000013,9.183054517831547,1.6037026037026028
2024-09-09,RLAY,0.29006422,6.24,2.0,ema,premkt,nextopen,pullback,eod,False,2024-09-09 09:55:00,8.94,9.645,2024-09-09 15:55:00,eod,0.5299999999999994,7.885906040268464,1.3301886792452848
2024-09-09,RZLT,0.12643683,4.35,4.0,ema,premkt,nextopen,pullback,eod,False,2024-09-09 10:30:00,5.02,4.94,2024-09-09 13:12:00,stop,0.07999999999999918,-1.5936254980079556,-1.0
2024-09-10,LASE,0.15828395,6.76,4.0,ema,premkt,nextopen,pullback,eod,False,2024-09-10 10:00:00,8.43,9.1,2024-09-10 15:55:00,eod,0.6393999999999993,7.947805456702262,1.0478573662808894
2024-09-10,VRDN,0.13460195,14.19,5.0,ema,premkt,nextopen,pullback,eod,False,2024-09-10 10:55:00,16.4426,18.8742,2024-09-10 15:55:00,eod,0.5500999999999987,14.78841545740941,4.420287220505372
2024-09-11,PLCE,0.3897959,4.9,1.0,ema,premkt,nextopen,pullback,eod,False,2024-09-11 09:55:00,7.8999,8.97,2024-09-11 15:55:00,eod,0.6998999999999995,13.5457410853302,1.5289327046720984
2024-09-11,PCT,0.104477525,4.69,5.0,ema,premkt,nextopen,pullback,eod,False,2024-09-11 10:45:00,5.97,6.765,2024-09-11 15:55:00,eod,0.27999999999999936,13.316582914572873,2.8392857142857206
2024-09-12,NTGR,0.2347771,15.93,1.0,ema,premkt,nextopen,pullback,eod,False,2024-09-12 09:55:00,20.45,20.55,2024-09-12 15:55:00,eod,0.240000000000002,0.4889975550122383,0.4166666666666691
2024-09-16,ZNTL,0.53086424,3.24,1.0,ema,premkt,nextopen,pullback,eod,False,2024-09-16 09:50:00,4.7212,4.501,2024-09-16 10:07:00,stop,0.22019999999999929,-4.664068457171888,-1.0
2024-09-17,EOCN,0.38501298,3.87,1.0,ema,premkt,nextopen,pullback,eod,False,2024-09-17 10:25:00,8.16,15.35,2024-09-17 15:49:00,eod,0.7999999999999998,88.11274509803921,8.9875
2024-09-17,BOOM,0.15490377,10.91,2.0,ema,premkt,nextopen,pullback,eod,False,2024-09-17 10:00:00,12.935,12.64,2024-09-17 13:45:00,stop,0.29499999999999993,-2.2806339389253916,-1.0
2024-09-17,CMP,0.1031487,9.21,4.0,ema,premkt,nextopen,pullback,eod,False,2024-09-17 10:00:00,11.384,11.07,2024-09-17 15:55:00,eod,0.37400000000000055,-2.7582572030920627,-0.8395721925133679
2024-09-18,LUNR,0.55185187,5.4,1.0,ema,premkt,nextopen,pullback,eod,False,2024-09-18 10:50:00,8.505,8.32,2024-09-18 11:20:00,stop,0.1850000000000005,-2.175191064079962,-1.0
2024-09-18,SWVL,0.19016397,3.05,2.0,ema,premkt,nextopen,pullback,eod,False,2024-09-18 10:15:00,3.96,3.6500000000000004,2024-09-18 13:13:00,stop,0.3099999999999996,-7.828282828282818,-1.0
2024-09-19,EWTX,0.3502884,19.07,2.0,ema,premkt,nextopen,pullback,eod,False,2024-09-19 10:35:00,27.78,29.1969,2024-09-19 15:55:00,eod,1.110000000000003,5.100431965442764,1.2764864864864816
2024-09-19,ALP,0.17457116,9.91,4.0,ema,premkt,nextopen,pullback,eod,False,2024-09-19 10:15:00,11.2,10.59,2024-09-19 10:50:00,stop,0.6099999999999994,-5.446428571428563,-1.0
2024-09-20,PARA,0.77083254,2.88,2.0,ema,premkt,nextopen,pullback,eod,False,2024-09-20 09:45:00,6.42,6.25,2024-09-20 09:53:00,stop,0.16999999999999993,-2.6479750778816147,-1.0
2024-09-20,EOCN,0.1726191,8.4,5.0,ema,premkt,nextopen,pullback,eod,False,2024-09-20 10:20:00,11.0598,10.6004,2024-09-20 10:28:00,stop,0.4593999999999987,-4.153782166042774,-1.0
2024-09-24,PARA,0.5976145,4.2,1.0,ema,premkt,nextopen,pullback,eod,False,2024-09-24 09:55:00,7.0403,8.09,2024-09-24 15:55:00,eod,0.4302999999999999,14.909875999602274,2.43946084127353
2024-09-24,WVE,0.20037448,5.34,4.0,ema,premkt,nextopen,pullback,eod,False,2024-09-24 10:40:00,7.47,8.235,2024-09-24 15:55:00,eod,0.20999999999999996,10.24096385542168,3.642857142857142
2024-09-25,ORBS,0.6626506,2.49,1.0,ema,premkt,nextopen,pullback,eod,False,2024-09-25 09:55:00,4.1192,3.77,2024-09-25 11:37:00,stop,0.3492000000000002,-8.477374247426683,-1.0
2024-09-25,TNON,0.20398009,4.02,3.0,ema,premkt,nextopen,pullback,eod,False,2024-09-25 10:05:00,5.32,5.2414,2024-09-25 15:55:00,eod,0.41000000000000014,-1.4774436090225662,-0.1917073170731723
2024-09-26,GOTU,0.17525768,2.91,3.0,ema,premkt,nextopen,pullback,eod,False,2024-09-26 10:40:00,3.555,3.515,2024-09-26 11:03:00,stop,0.040000000000000036,-1.1251758087201136,-1.0
2024-09-27,DTSS,0.106796145,2.06,4.0,ema,premkt,nextopen,pullback,eod,False,2024-09-27 10:20:00,2.301,2.38,2024-09-27 15:55:00,eod,0.09099999999999975,3.4332898739678264,0.8681318681318676
2024-09-27,IONQ,0.104218245,8.06,5.0,ema,premkt,nextopen,pullback,eod,False,2024-09-27 10:20:00,9.5981,9.675,2024-09-27 15:55:00,eod,0.4281000000000006,0.8012002375470173,0.1796309273534223
2024-09-30,PRME,0.22254336,3.46,2.0,ema,premkt,nextopen,pullback,eod,False,2024-09-30 10:15:00,5.0,4.6000000000000005,2024-09-30 10:36:00,stop,0.39999999999999947,-7.999999999999985,-1.0
2024-09-30,TIGR,0.18777299,4.58,3.0,ema,premkt,nextopen,pullback,eod,False,2024-09-30 09:45:00,5.795,5.41,2024-09-30 11:40:00,stop,0.3849999999999998,-6.64365832614322,-1.0
2024-10-01,ARCO,0.15253818,8.72,1.0,ema,premkt,nextopen,pullback,eod,False,2024-10-01 10:00:00,9.8,9.765,2024-10-01 10:05:00,stop,0.03500000000000014,-0.3571428571428559,-1.0
2024-10-01,UNFI,0.15041625,16.82,2.0,ema,premkt,nextopen,pullback,eod,False,2024-10-01 10:50:00,20.825,20.439999999999998,2024-10-01 12:56:00,stop,0.38500000000000156,-1.8487394957983239,-1.0
2024-10-02,DUO,0.25368726,3.39,1.0,ema,premkt,nextopen,pullback,eod,False,2024-10-02 09:50:00,4.0699,3.89,2024-10-02 09:56:00,stop,0.1798999999999995,-4.420256025946568,-1.0
2024-10-02,TIGR,0.2520064,6.23,2.0,ema,premkt,nextopen,pullback,eod,False,2024-10-02 10:00:00,8.2684,7.71,2024-10-02 11:06:00,stop,0.5583999999999998,-6.753422669440279,-1.0
2024-10-03,EVGO,0.29007638,3.93,1.0,ema,premkt,nextopen,pullback,eod,False,2024-10-03 10:00:00,5.48,6.325,2024-10-03 15:55:00,eod,0.41000000000000014,15.419708029197077,2.0609756097560963
2024-10-03,HKD,0.28644502,3.91,2.0,ema,premkt,nextopen,pullback,eod,False,2024-10-03 09:50:00,5.6601,4.9,2024-10-03 10:39:00,stop,0.7600999999999996,-13.429091358809908,-1.0
2024-10-04,ULCC,0.10220444,4.99,3.0,ema,premkt,nextopen,pullback,eod,False,2024-10-04 10:00:00,6.06,5.83,2024-10-04 12:34:00,stop,0.22999999999999954,-3.7953795379537913,-1.0
2024-10-07,SRRK,2.5498652,7.42,1.0,ema,premkt,nextopen,pullback,eod,False,2024-10-07 09:55:00,29.77,33.74,2024-10-07 15:55:00,eod,2.4800000000000004,13.335572724219013,1.600806451612904
2024-10-07,AVNW,0.16219008,19.36,2.0,ema,premkt,nextopen,pullback,eod,False,2024-10-07 10:55:00,24.66,24.4801,2024-10-07 11:02:00,stop,0.17989999999999995,-0.7295214922952153,-1.0
2024-10-07,TIGR,0.120661855,12.39,3.0,ema,premkt,nextopen,pullback,eod,False,2024-10-07 10:25:00,13.22,12.51,2024-10-07 10:38:00,stop,0.7100000000000009,-5.3706505295007645,-1.0
2024-10-07,HERE,0.118181825,3.72,4.0,ema,premkt,nextopen,pullback,eod,False,2024-10-07 10:50:00,4.8653,4.75,2024-10-07 10:55:00,stop,0.1153000000000004,-2.369843586212572,-1.0
2024-10-07,NIU,0.11428571,2.8,5.0,ema,premkt,nextopen,pullback,eod,False,2024-10-07 09:50:00,3.41,3.2100000000000004,2024-10-07 10:59:00,stop,0.19999999999999973,-5.8651026392961825,-1.0
2024-10-08,AZUL,0.14106584,3.19,2.0,ema,premkt,nextopen,pullback,eod,False,2024-10-08 10:30:00,3.6389,3.595,2024-10-08 13:04:00,stop,0.04389999999999983,-1.2064085300502847,-1.0
2024-10-11,DJTWW,0.1367575,16.16,2.0,ema,premkt,nextopen,pullback,eod,False,2024-10-11 10:05:00,18.39,17.6601,2024-10-11 11:13:00,stop,0.7299000000000007,-3.969004893964112,-1.0
2024-10-14,XPON,0.67364013,2.39,2.0,ema,premkt,nextopen,pullback,eod,False,2024-10-14 10:25:00,3.6578,3.4301000000000004,2024-10-14 11:05:00,stop,0.22769999999999957,-6.2250533107332195,-1.0
2024-10-14,RILY,0.1867882,4.39,3.0,ema,premkt,nextopen,pullback,eod,False,2024-10-14 10:25:00,5.56,5.345000000000001,2024-10-14 10:42:00,stop,0.21499999999999897,-3.866906474820131,-1.0
2024-10-14,DXYZ,0.1482966,9.98,4.0,ema,premkt,nextopen,pullback,eod,False,2024-10-14 10:00:00,12.4,11.99,2024-10-14 10:16:00,stop,0.41000000000000014,-3.3064516129032273,-1.0
2024-10-16,WVE,0.40712607,8.56,2.0,ema,premkt,nextopen,pullback,eod,False,2024-10-16 10:05:00,13.85,14.902,2024-10-16 15:55:00,eod,0.7400000000000002,7.595667870036094,1.4216216216216206
2024-10-17,SLQT,0.17777777,2.25,4.0,ema,premkt,nextopen,pullback,eod,False,2024-10-17 10:05:00,2.6103,2.52,2024-10-17 10:20:00,stop,0.09030000000000005,-3.459372485921164,-1.0
2024-10-18,HEPS,0.60454535,2.2,2.0,ema,premkt,nextopen,pullback,eod,False,2024-10-18 09:50:00,3.79,3.5100000000000002,2024-10-18 10:13:00,stop,0.2799999999999998,-7.387862796833766,-1.0
2024-10-18,SUNE,0.49546278,5.51,3.0,ema,premkt,nextopen,pullback,eod,False,2024-10-18 09:50:00,9.6543,8.34,2024-10-18 12:47:00,stop,1.3142999999999994,-13.61362294521612,-1.0
2024-10-18,AIFF,0.1690141,2.84,5.0,ema,premkt,nextopen,pullback,eod,False,2024-10-18 10:00:00,3.36,3.2501,2024-10-18 12:15:00,stop,0.10989999999999966,-3.270833333333323,-1.0
2024-10-21,BIVI,0.7446809,2.35,1.0,ema,premkt,nextopen,pullback,eod,False,2024-10-21 10:30:00,6.44,5.41,2024-10-21 11:14:00,stop,1.0300000000000002,-15.993788819875776,-1.0
2024-10-22,ARQQ,0.13559318,7.08,3.0,ema,premkt,nextopen,pullback,eod,False,2024-10-22 10:10:00,8.94,8.370000000000001,2024-10-22 10:23:00,stop,0.5699999999999985,-6.375838926174482,-1.0
2024-10-22,PHUN,0.1058265,8.41,4.0,ema,premkt,nextopen,pullback,eod,False,2024-10-22 09:45:00,10.18,11.59,2024-10-22 15:55:00,eod,0.629999999999999,13.850687622789781,2.2380952380952417
2024-10-23,PHUN,0.21134019,11.64,2.0,ema,premkt,nextopen,pullback,eod,False,2024-10-23 10:35:00,13.71,12.99,2024-10-23 13:05:00,stop,0.7200000000000006,-5.251641137855589,-1.0
2024-10-23,UPWK,0.16417909,10.05,3.0,ema,premkt,nextopen,pullback,eod,False,2024-10-23 09:50:00,12.415,12.13,2024-10-23 09:59:00,stop,0.28499999999999837,-2.295610149013272,-1.0
2024-10-23,ORIC,0.141217,8.71,5.0,ema,premkt,nextopen,pullback,eod,False,2024-10-23 10:00:00,9.38,8.99,2024-10-23 10:42:00,stop,0.39000000000000057,-4.157782515991482,-1.0
2024-10-24,QS,0.18339777,5.18,2.0,ema,premkt,nextopen,pullback,eod,False,2024-10-24 10:20:00,6.9299,6.655,2024-10-24 10:43:00,stop,0.2748999999999997,-3.966868208776453,-1.0
2024-10-24,HAPN,0.18138039,12.46,3.0,ema,premkt,nextopen,pullback,eod,False,2024-10-24 09:50:00,14.7519,14.620000000000001,2024-10-24 10:17:00,stop,0.13189999999999813,-0.8941221130837285,-1.0
2024-10-25,UPXI,2.0266666,3.0,1.0,ema,premkt,nextopen,pullback,eod,False,2024-10-25 10:50:00,11.43,9.85,2024-10-25 11:27:00,stop,1.58,-13.823272090988626,-1.0
2024-10-25,NWL,0.20901322,7.18,4.0,ema,premkt,nextopen,pullback,eod,False,2024-10-25 10:05:00,8.755,8.66,2024-10-25 14:23:00,stop,0.09500000000000064,-1.0850942318675116,-1.0
2024-10-28,EYPT,0.124210596,9.5,2.0,ema,premkt,nextopen,pullback,eod,False,2024-10-28 10:40:00,13.16,12.540000000000001,2024-10-28 10:55:00,stop,0.6199999999999992,-4.711246200607899,-1.0
2024-10-28,IONR,0.10306752,8.15,5.0,ema,premkt,nextopen,pullback,eod,False,2024-10-28 09:55:00,9.31,8.8199,2024-10-28 15:55:00,eod,0.7100000000000009,-5.264232008592906,-0.6902816901408442
2024-10-29,VFC,0.1927563,17.03,1.0,ema,premkt,nextopen,pullback,eod,False,2024-10-29 10:40:00,21.13,21.0,2024-10-29 10:46:00,stop,0.129999999999999,-0.615238996687173,-1.0
2024-10-30,NRDS,0.28091872,11.32,2.0,ema,premkt,nextopen,pullback,eod,False,2024-10-30 10:05:00,14.86,14.41,2024-10-30 11:01:00,stop,0.4499999999999993,-3.0282637954239577,-1.0
2024-10-30,EXTR,0.16033757,14.22,3.0,ema,premkt,nextopen,pullback,eod,False,2024-10-30 09:50:00,16.95,16.170099999999998,2024-10-30 11:45:00,stop,0.7799000000000014,-4.601179941002953,-1.0
2024-10-30,UIS,0.1486988,5.38,4.0,ema,premkt,nextopen,pullback,eod,False,2024-10-30 10:55:00,6.97,7.195,2024-10-30 15:55:00,eod,0.0699999999999994,3.2281205164993,3.2142857142857495
2024-10-31,ORN,0.2785977,5.42,2.0,ema,premkt,nextopen,pullback,eod,False,2024-10-31 10:25:00,6.29,6.21,2024-10-31 10:32:00,stop,0.08000000000000007,-1.2718600953895098,-1.0
2024-10-31,ATEC,0.24110317,5.62,4.0,ema,premkt,nextopen,pullback,eod,False,2024-10-31 09:50:00,8.29,7.855,2024-10-31 15:55:00,eod,0.7449999999999992,-5.247285886610364,-0.5838926174496634
2024-11-01,NAGE,0.18051577,3.49,1.0,ema,premkt,nextopen,pullback,eod,False,2024-11-01 10:15:00,4.9,5.8642,2024-11-01 15:55:00,eod,0.1299999999999999,19.677551020408156,7.416923076923083
2024-11-01,ADMA,0.12139797,16.31,4.0,ema,premkt,nextopen,pullback,eod,False,2024-11-01 10:05:00,19.8,18.889999999999997,2024-11-01 11:36:00,stop,0.9100000000000037,-4.59595959595962,-1.0
2024-11-04,CC,0.14431131,17.82,1.0,ema,premkt,nextopen,pullback,eod,False,2024-11-04 10:00:00,20.48,20.635,2024-11-04 15:55:00,eod,0.39000000000000057,0.7568359375,0.3974358974358998
2024-11-04,EVO,0.13144326,3.88,3.0,ema,premkt,nextopen,pullback,eod,False,2024-11-04 10:00:00,4.4,4.37,2024-11-04 10:16:00,stop,0.03000000000000025,-0.6818181818181834,-1.0
2024-11-04,CVRX,0.120895624,13.4,4.0,ema,premkt,nextopen,pullback,eod,False,2024-11-04 10:15:00,14.92,15.03,2024-11-04 15:55:00,eod,0.4299999999999997,0.7372654155495928,0.25581395348837094
2024-11-05,LUCK,0.18549371,10.38,1.0,ema,premkt,nextopen,pullback,eod,False,2024-11-05 10:55:00,11.6,11.43,2024-11-05 11:37:00,stop,0.16999999999999993,-1.4655172413793105,-1.0
2024-11-05,GOGO,0.18015265,6.55,2.0,ema,premkt,nextopen,pullback,eod,False,2024-11-05 09:50:00,8.72,8.28,2024-11-05 10:16:00,stop,0.4400000000000013,-5.045871559633042,-1.0
2024-11-05,KC,0.11913359,2.77,5.0,ema,premkt,nextopen,pullback,eod,False,2024-11-05 10:40:00,3.23,3.31,2024-11-05 15:55:00,eod,0.04999999999999982,2.4767801857585203,1.6000000000000072
2024-11-06,GEO,0.2782551,15.13,1.0,ema,premkt,nextopen,pullback,eod,False,2024-11-06 10:00:00,20.0972,21.335,2024-11-06 15:55:00,eod,0.7072000000000038,6.159066934697366,1.7502828054298547
2024-11-07,DXYZ,0.36375082,15.89,1.0,ema,premkt,nextopen,pullback,eod,False,2024-11-07 10:20:00,24.86,23.639999999999997,2024-11-07 10:31:00,stop,1.2200000000000024,-4.907481898632349,-1.0
2024-11-07,EBS,0.24239135,9.2,2.0,ema,premkt,nextopen,pullback,eod,False,2024-11-07 09:55:00,12.21,11.69,2024-11-07 10:03:00,stop,0.5200000000000014,-4.258804258804272,-1.0
2024-11-07,LYFT,0.23472226,14.4,3.0,ema,premkt,nextopen,pullback,eod,False,2024-11-07 09:50:00,18.725,18.24,2024-11-07 10:48:00,stop,0.485000000000003,-2.590120160213638,-1.0
2024-11-07,UPWK,0.20644724,14.58,4.0,ema,premkt,nextopen,pullback,eod,False,2024-11-07 10:20:00,17.325,17.22,2024-11-07 10:32:00,stop,0.10500000000000043,-0.60606060606061,-1.0
2024-11-07,UAA,0.18971431,8.75,5.0,ema,premkt,nextopen,pullback,eod,False,2024-11-07 10:05:00,11.28,11.115,2024-11-07 15:55:00,eod,0.25,-1.4627659574467988,-0.6599999999999966
2024-11-08,INDI,0.3527696,3.43,1.0,ema,premkt,nextopen,pullback,eod,False,2024-11-08 09:50:00,4.998,4.640000000000001,2024-11-08 11:16:00,stop,0.35799999999999965,-7.162865146058417,-1.0
2024-11-08,FTRE,0.29362893,18.05,3.0,ema,premkt,nextopen,pullback,eod,False,2024-11-08 10:30:00,24.215,24.084999999999997,2024-11-08 10:43:00,stop,0.13000000000000256,-0.536857319843087,-1.0
2024-11-08,PRCH,0.23605156,2.33,4.0,ema,premkt,nextopen,pullback,eod,False,2024-11-08 09:55:00,3.45,3.755,2024-11-08 15:55:00,eod,0.31000000000000005,8.840579710144914,0.9838709677419344
2024-11-11,CANG,0.1735295,3.4,1.0,ema,premkt,nextopen,pullback,eod,False,2024-11-11 09:50:00,4.16,3.99,2024-11-11 10:00:00,stop,0.16999999999999993,-4.086538461538458,-1.0
2024-11-11,BTBT,0.17249417,4.29,2.0,ema,premkt,nextopen,pullback,eod,False,2024-11-11 10:10:00,5.43,5.19,2024-11-11 11:17:00,stop,0.23999999999999932,-4.41988950276242,-1.0
2024-11-11,MARA,0.15844154,19.25,3.0,ema,premkt,nextopen,pullback,eod,False,2024-11-11 09:50:00,22.5743,24.9834,2024-11-11 15:55:00,eod,0.5539000000000023,10.671870224104385,4.349341036288118
2024-11-11,AISP,0.12727273,2.75,4.0,ema,premkt,nextopen,pullback,eod,False,2024-11-11 09:55:00,3.035,3.18,2024-11-11 15:55:00,eod,0.0947,4.777594728171342,1.5311510031678988
2024-11-11,AZI,0.12648225,2.53,5.0,ema,premkt,nextopen,pullback,eod,False,2024-11-11 10:15:00,2.96,2.8200000000000003,2024-11-11 10:41:00,stop,0.13999999999999968,-4.729729729729715,-1.0
2024-11-13,BTCT,1.1457143,10.5,1.0,ema,premkt,nextopen,pullback,eod,False,2024-11-13 09:55:00,18.45,17.77,2024-11-13 10:04:00,stop,0.6799999999999997,-3.685636856368557,-1.0
2024-11-13,RKLB,0.31241477,14.66,2.0,ema,premkt,nextopen,pullback,eod,False,2024-11-13 10:10:00,20.075,19.36,2024-11-13 15:44:00,stop,0.7149999999999999,-3.561643835616435,-1.0
2024-11-13,BTCS,0.24613762,2.88,3.0,ema,premkt,nextopen,pullback,eod,False,2024-11-13 10:15:00,4.415,3.89,2024-11-13 10:35:00,stop,0.5249999999999999,-11.891279728199322,-1.0
2024-11-14,QUBT,0.37969923,2.66,1.0,ema,premkt,nextopen,pullback,eod,False,2024-11-14 10:30:00,3.84,3.62,2024-11-14 11:00:00,stop,0.21999999999999975,-5.7291666666666625,-1.0
2024-11-15,RCAT,0.14427865,4.02,5.0,ema,premkt,nextopen,pullback,eod,False,2024-11-15 10:25:00,4.73,4.57,2024-11-15 13:15:00,stop,0.16000000000000014,-3.382663847780132,-1.0
2024-11-18,ACRS,0.18536592,2.05,2.0,ema,premkt,nextopen,pullback,eod,False,2024-11-18 10:25:00,2.42,3.185,2024-11-18 15:55:00,eod,0.13999999999999968,31.611570247933884,5.464285714285728
2024-11-19,ACRS,0.18152869,3.14,1.0,ema,premkt,nextopen,pullback,eod,False,2024-11-19 09:55:00,4.011,3.8200000000000003,2024-11-19 10:38:00,stop,0.19099999999999984,-4.761904761904756,-1.0
2024-11-20,SPAI,0.25217402,2.3,1.0,ema,premkt,nextopen,pullback,eod,False,2024-11-20 09:50:00,2.98,2.8200000000000003,2024-11-20 10:35:00,stop,0.1599999999999997,-5.369127516778516,-1.0
2024-11-20,KC,0.23747265,4.59,2.0,ema,premkt,nextopen,pullback,eod,False,2024-11-20 10:45:00,6.15,6.505,2024-11-20 15:55:00,eod,0.10000000000000053,5.772357723577226,3.5499999999999763
2024-11-20,RCAT,0.18987346,4.74,3.0,ema,premkt,nextopen,pullback,eod,False,2024-11-20 09:45:00,6.435,5.99,2024-11-20 10:01:00,stop,0.4449999999999994,-6.915306915306907,-1.0
2024-11-20,XCUR,0.17525768,5.82,5.0,ema,premkt,nextopen,pullback,eod,False,2024-11-20 10:05:00,8.0987,10.74,2024-11-20 15:55:00,eod,0.7085999999999988,32.613876301134766,3.7274908269827907
2024-11-21,SKK,0.5372807,4.56,2.0,ema,premkt,nextopen,pullback,eod,False,2024-11-21 09:50:00,10.2,7.61,2024-11-21 10:40:00,stop,2.589999999999999,-25.392156862745086,-1.0
2024-11-21,CRNC,0.20567381,2.82,3.0,ema,premkt,nextopen,pullback,eod,False,2024-11-21 09:50:00,4.37,5.84,2024-11-21 15:55:00,eod,0.73,33.638443935926766,2.013698630136986
2024-11-21,QUBT,0.15217388,3.68,5.0,ema,premkt,nextopen,pullback,eod,False,2024-11-21 09:45:00,4.44,4.83,2024-11-21 15:55:00,eod,0.41999999999999993,8.783783783783772,0.9285714285714279
2024-11-22,XCUR,0.38581955,10.86,1.0,ema,premkt,nextopen,pullback,eod,False,2024-11-22 10:30:00,13.43,18.03,2024-11-22 15:55:00,eod,0.7998999999999992,34.25167535368578,5.75071883985499
2024-11-22,REPL,0.2380091,11.05,2.0,ema,premkt,nextopen,pullback,eod,False,2024-11-22 10:40:00,16.235,15.0,2024-11-22 15:34:00,stop,1.2349999999999994,-7.60702186633816,-1.0
2024-11-22,PDYN,0.110000014,2.0,4.0,ema,premkt,nextopen,pullback,eod,False,2024-11-22 10:10:00,2.73,4.46,2024-11-22 15:55:00,eod,0.2012999999999998,63.369963369963365,8.594138102334831
2024-11-22,QMCO,0.106965184,4.02,5.0,ema,premkt,nextopen,pullback,eod,False,2024-11-22 09:50:00,5.1,8.9201,2024-11-22 15:55:00,eod,0.6027999999999993,74.90392156862747,6.337259455872601
2024-11-25,QMCO,0.49616647,9.13,1.0,ema,premkt,nextopen,pullback,eod,False,2024-11-25 10:35:00,23.96,19.509999999999998,2024-11-25 11:04:00,stop,4.450000000000003,-18.572621035058447,-1.0
2024-11-25,XCUR,0.20783472,18.38,4.0,ema,premkt,nextopen,pullback,eod,False,2024-11-25 10:55:00,26.9188,26.8601,2024-11-25 15:55:00,eod,2.5188000000000024,-0.2180632123274462,-0.02330474829283853
2024-11-27,UMAC,0.8953358,5.36,1.0,ema,premkt,nextopen,pullback,eod,False,2024-11-27 10:10:00,10.35,9.3001,2024-11-27 11:31:00,stop,1.0498999999999992,-10.143961352656994,-1.0
2024-11-27,IREN,0.11924684,9.56,3.0,ema,premkt,nextopen,pullback,eod,False,2024-11-27 10:05:00,11.555,12.3601,2024-11-27 15:55:00,eod,0.2049000000000003,6.967546516659451,3.929233772571978
2024-11-27,RGTI,0.113636374,2.2,4.0,ema,premkt,nextopen,pullback,eod,False,2024-11-27 10:40:00,2.3405,2.405,2024-11-27 15:55:00,eod,0.03049999999999997,2.7558214056825348,2.1147540983606503
2024-11-27,HSAI,0.10932946,6.86,5.0,ema,premkt,nextopen,pullback,eod,False,2024-11-27 10:20:00,7.48,7.3100000000000005,2024-11-27 13:54:00,stop,0.16999999999999993,-2.2727272727272707,-1.0
2024-11-29,VCIG,0.21951222,4.1,4.0,ema,premkt,nextopen,pullback,eod,False,2024-11-29 10:15:00,4.53,4.3500000000000005,2024-11-29 10:28:00,stop,0.17999999999999972,-3.9735099337748325,-1.0
2024-12-02,UMAC,0.18366265,18.73,2.0,ema,premkt,nextopen,pullback,eod,False,2024-12-02 09:55:00,21.5036,20.24,2024-12-02 10:11:00,stop,1.2636000000000003,-5.876225376216082,-1.0
2024-12-02,AISP,0.17948723,3.12,3.0,ema,premkt,nextopen,pullback,eod,False,2024-12-02 09:45:00,3.9,3.66,2024-12-02 10:02:00,stop,0.23999999999999977,-6.153846153846143,-1.0
2024-12-03,PRCH,0.16710877,3.77,3.0,ema,premkt,nextopen,pullback,eod,False,2024-12-03 09:50:00,4.62,5.545,2024-12-03 15:55:00,eod,0.22999999999999954,20.021645021645007,4.02173913043479
2024-12-03,PPTA,0.10797346,9.03,5.0,ema,premkt,nextopen,pullback,eod,False,2024-12-03 10:35:00,9.83,9.69,2024-12-03 11:14:00,stop,0.14000000000000057,-1.4242115971515812,-1.0
2024-12-04,VCIG,0.17999995,2.5,2.0,ema,premkt,nextopen,pullback,eod,False,2024-12-04 09:50:00,3.1839,2.9600000000000004,2024-12-04 10:12:00,stop,0.22389999999999954,-7.032256038192141,-1.0
2024-12-04,CHR,0.1328671,2.86,3.0,ema,premkt,nextopen,pullback,eod,False,2024-12-04 10:00:00,3.235,3.1,2024-12-04 12:12:00,stop,0.1349999999999998,-4.173106646058722,-1.0
2024-12-05,CAPR,0.163522,12.72,5.0,ema,premkt,nextopen,pullback,eod,False,2024-12-05 10:30:00,14.99,14.98,2024-12-05 10:35:00,stop,0.009999999999999787,-0.06671114076050033,-1.0
2024-12-06,ASAN,0.293661,15.46,3.0,ema,premkt,nextopen,pullback,eod,False,2024-12-06 10:10:00,20.9,20.68,2024-12-06 10:16:00,stop,0.21999999999999886,-1.0526315789473606,-1.0
2024-12-09,QMCO,0.23636365,13.75,2.0,ema,premkt,nextopen,pullback,eod,False,2024-12-09 10:15:00,17.04,16.619999999999997,2024-12-09 10:21:00,stop,0.4200000000000017,-2.464788732394374,-1.0
2024-12-09,BBAI,0.22781062,3.38,3.0,ema,premkt,nextopen,pullback,eod,False,2024-12-09 09:50:00,4.2199,3.91,2024-12-09 10:21:00,stop,0.30989999999999984,-7.343775918860629,-1.0
2024-12-09,SATL,0.21173465,3.92,5.0,ema,premkt,nextopen,pullback,eod,False,2024-12-09 09:50:00,5.27,5.05,2024-12-09 09:58:00,stop,0.21999999999999975,-4.174573055028463,-1.0
2024-12-10,QURE,0.8807403,7.295,1.0,ema,premkt,nextopen,pullback,eod,False,2024-12-10 10:10:00,14.12,13.51,2024-12-10 10:22:00,stop,0.6099999999999994,-4.320113314447593,-1.0
2024-12-10,CRDF,0.47540975,2.44,2.0,ema,premkt,nextopen,pullback,eod,False,2024-12-10 10:25:00,3.68,3.5,2024-12-10 10:50:00,stop,0.18000000000000016,-4.891304347826086,-1.0
2024-12-11,CADL,1.7219088,4.61,1.0,ema,premkt,nextopen,pullback,eod,False,2024-12-11 09:55:00,12.305,11.790000000000001,2024-12-11 10:08:00,stop,0.5149999999999988,-4.185290532303931,-1.0
2024-12-11,FEIM,0.27990627,12.79,3.0,ema,premkt,nextopen,pullback,eod,False,2024-12-11 10:55:00,16.7122,16.895,2024-12-11 15:55:00,eod,0.28219999999999956,1.0938117064180686,0.6477675407512423
2024-12-12,SRFM,0.16519177,3.39,3.0,ema,premkt,nextopen,pullback,eod,False,2024-12-12 10:05:00,4.0,3.89,2024-12-12 10:15:00,stop,0.10999999999999988,-2.749999999999997,-1.0
2024-12-12,APVO,0.14685309,10.01,4.0,ema,premkt,nextopen,pullback,eod,False,2024-12-12 09:55:00,11.97,11.16,2024-12-12 10:11:00,stop,0.8100000000000005,-6.766917293233088,-1.0
2024-12-12,JUNS,0.12956524,11.5,5.0,ema,premkt,nextopen,pullback,eod,False,2024-12-12 09:45:00,13.95,13.19,2024-12-12 10:14:00,stop,0.7599999999999998,-5.448028673835125,-1.0
2024-12-13,AMPG,0.18636358,2.2,1.0,ema,premkt,nextopen,pullback,eod,False,2024-12-13 10:45:00,2.4997,2.4001,2024-12-13 15:41:00,stop,0.09959999999999969,-3.984478137376468,-1.0
2024-12-13,TASK,0.12680113,15.97,4.0,ema,premkt,nextopen,pullback,eod,False,2024-12-13 09:55:00,17.886,17.569999999999997,2024-12-13 10:53:00,stop,0.3160000000000025,-1.76674494017669,-1.0
2024-12-16,SGMT,0.17995441,4.39,3.0,ema,premkt,nextopen,pullback,eod,False,2024-12-16 10:00:00,5.51,5.695,2024-12-16 15:55:00,eod,0.3799999999999999,3.3575317604355837,0.48684210526315935
2024-12-16,VRDN,0.1770308,17.85,4.0,ema,premkt,nextopen,pullback,eod,False,2024-12-16 09:45:00,22.615,21.595,2024-12-16 15:55:00,eod,1.3449999999999989,-4.510280787088217,-0.7583643122676583
2024-12-16,WKEY,0.14795911,7.84,5.0,ema,premkt,nextopen,pullback,eod,False,2024-12-16 10:40:00,11.57,11.3,2024-12-16 10:45:00,stop,0.2699999999999996,-2.3336214347450257,-1.0
2024-12-17,QUBT,0.2806859,11.08,1.0,ema,premkt,nextopen,pullback,eod,False,2024-12-17 10:05:00,14.45,13.53,2024-12-17 10:15:00,stop,0.9199999999999999,-6.366782006920413,-1.0
2024-12-17,SIDU,0.21834064,4.58,3.0,ema,premkt,nextopen,pullback,eod,False,2024-12-17 10:10:00,6.03,5.44,2024-12-17 10:25:00,stop,0.5899999999999999,-9.78441127694859,-1.0
2024-12-18,DFNS,0.53956234,11.88,1.0,ema,premkt,nextopen,pullback,eod,False,2024-12-18 09:45:00,19.6027,50.68,2024-12-18 15:50:00,eod,2.7127000000000017,158.53581394399754,11.456224425848779
2024-12-18,SOUNW,0.15799093,10.95,5.0,ema,premkt,nextopen,pullback,eod,False,2024-12-18 10:00:00,14.25,13.5801,2024-12-18 15:33:00,stop,0.6699000000000002,-4.70105263157895,-1.0
2024-12-19,ELAB,0.4837209,2.15,3.0,ema,premkt,nextopen,pullback,eod,False,2024-12-19 10:10:00,3.0037,2.8096,2024-12-19 10:18:00,stop,0.19409999999999972,-6.462030162799204,-1.0
2024-12-19,KULR,0.39423084,2.08,4.0,ema,premkt,nextopen,pullback,eod,False,2024-12-19 10:10:00,2.5391,2.29,2024-12-19 10:22:00,stop,0.24909999999999988,-9.81056279784175,-1.0
2024-12-19,BTLN,0.30624998,3.2,5.0,ema,premkt,nextopen,pullback,eod,False,2024-12-19 10:10:00,6.3,5.1000000000000005,2024-12-19 10:27:00,stop,1.1999999999999993,-19.047619047619037,-1.0
2024-12-20,HUMA,0.6705203,3.46,2.0,ema,premkt,nextopen,pullback,eod,False,2024-12-20 10:05:00,5.545,5.081,2024-12-20 11:02:00,stop,0.4639999999999995,-8.367899008115408,-1.0
2024-12-20,ISPC,0.22297299,2.96,4.0,ema,premkt,nextopen,pullback,eod,False,2024-12-20 10:30:00,3.62,3.3200000000000003,2024-12-20 11:09:00,stop,0.2999999999999998,-8.287292817679548,-1.0
2024-12-23,RUM,0.39082062,7.19,2.0,ema,premkt,nextopen,pullback,eod,False,2024-12-23 09:45:00,10.94,13.2119,2024-12-23 15:55:00,eod,0.9847000000000001,20.766910420475316,2.3072001624860365
2024-12-23,LAES,0.3054545,2.75,3.0,ema,premkt,nextopen,pullback,eod,False,2024-12-23 09:50:00,3.65,3.6300000000000003,2024-12-23 09:55:00,stop,0.019999999999999574,-0.5479452054794387,-1.0
2024-12-24,AMPG,0.21457493,2.47,2.0,ema,premkt,nextopen,pullback,eod,False,2024-12-24 10:00:00,3.13,2.99,2024-12-24 10:18:00,stop,0.13999999999999968,-4.472843450479225,-1.0
2024-12-24,RZLV,0.13003099,3.23,5.0,ema,premkt,nextopen,pullback,eod,False,2024-12-24 09:55:00,3.5988,3.52,2024-12-24 10:01:00,stop,0.0788000000000002,-2.1896187618094975,-1.0
2024-12-26,PDYN,0.37348175,4.94,2.0,ema,premkt,nextopen,pullback,eod,False,2024-12-26 09:45:00,6.95,6.6000000000000005,2024-12-26 09:56:00,stop,0.34999999999999964,-5.035971223021574,-1.0
2024-12-27,QSI,0.58604646,2.15,2.0,ema,premkt,nextopen,pullback,eod,False,2024-12-27 10:35:00,3.1,3.63,2024-12-27 15:55:00,eod,0.2799999999999998,17.09677419354838,1.8928571428571435
2024-12-27,PDYN,0.17146778,7.29,5.0,ema,premkt,nextopen,pullback,eod,False,2024-12-27 10:20:00,9.8483,11.855,2024-12-27 15:55:00,eod,1.6082999999999998,20.376105520749775,1.2477149785487787
2024-12-30,INTZ,1.0462964,2.16,1.0,ema,premkt,nextopen,pullback,eod,False,2024-12-30 10:15:00,6.44,5.8100000000000005,2024-12-30 10:29:00,stop,0.6299999999999999,-9.782608695652172,-1.0
2024-12-30,PDYN,0.1401869,11.77,5.0,ema,premkt,nextopen,pullback,eod,False,2024-12-30 10:50:00,13.6001,13.13,2024-12-30 11:04:00,stop,0.47009999999999863,-3.4565922309394703,-1.0
2025-01-02,VSTM,0.39782012,3.67,1.0,ema,premkt,nextopen,pullback,eod,False,2025-01-02 10:40:00,5.9988,6.455,2025-01-02 15:55:00,eod,0.12880000000000003,7.604854304194175,3.541925465838508
2025-01-03,CRNC,0.36065578,7.93,1.0,ema,premkt,nextopen,pullback,eod,False,2025-01-03 10:25:00,13.98,19.6501,2025-01-03 15:55:00,eod,1.709900000000001,40.55865522174533,3.316041873793786
2025-01-03,ONDS,0.22813678,2.63,2.0,ema,premkt,nextopen,pullback,eod,False,2025-01-03 10:00:00,3.1606,3.0300000000000002,2025-01-03 10:21:00,stop,0.13059999999999983,-4.132126811364922,-1.0
2025-01-03,NUS,0.16919112,6.56,4.0,ema,premkt,nextopen,pullback,eod,False,2025-01-03 09:55:00,7.87,7.71,2025-01-03 13:30:00,stop,0.16000000000000014,-2.0330368487928907,-1.0
2025-01-06,PTLE,0.31935048,7.39,3.0,ema,premkt,nextopen,pullback,eod,False,2025-01-06 09:50:00,10.02,9.03,2025-01-06 15:21:00,stop,0.9900000000000002,-9.880239520958089,-1.0
2025-01-06,KSCP,0.22714889,14.17,5.0,ema,premkt,nextopen,pullback,eod,False,2025-01-06 10:10:00,16.6,16.09,2025-01-06 10:26:00,stop,0.5100000000000016,-3.0722891566265176,-1.0
2025-01-08,VIR,0.5906211,7.89,1.0,ema,premkt,nextopen,pullback,eod,False,2025-01-08 10:05:00,12.9799,12.21,2025-01-08 15:55:00,eod,1.2199000000000009,-5.931478670868029,-0.6311173046971057
2025-01-08,ANGO,0.25106394,9.4,4.0,ema,premkt,nextopen,pullback,eod,False,2025-01-08 10:55:00,12.34,12.19,2025-01-08 11:21:00,stop,0.15000000000000036,-1.2155591572123203,-1.0
2025-01-10,SSL,0.1346153,4.42,5.0,ema,premkt,nextopen,pullback,eod,False,2025-01-10 09:45:00,5.005,4.960500000000001,2025-01-10 11:06:00,stop,0.04449999999999932,-0.8891108891108779,-1.0
2025-01-13,VRME,0.26078427,2.55,1.0,ema,premkt,nextopen,pullback,eod,False,2025-01-13 10:15:00,3.27,4.11,2025-01-13 15:55:00,eod,0.20999999999999996,25.688073394495415,4.000000000000002
2025-01-13,INTZ,0.19310343,2.9,3.0,ema,premkt,nextopen,pullback,eod,False,2025-01-13 10:00:00,3.1905,3.0438,2025-01-13 10:07:00,stop,0.14670000000000005,-4.5980253878702415,-1.0
2025-01-14,KULR,0.23981893,2.21,2.0,ema,premkt,nextopen,pullback,eod,False,2025-01-14 10:00:00,2.67,2.5,2025-01-14 10:31:00,stop,0.16999999999999993,-6.367041198501866,-1.0
2025-01-14,SOUNW,0.19833338,6.0,4.0,ema,premkt,nextopen,pullback,eod,False,2025-01-14 10:05:00,7.03,6.55,2025-01-14 15:57:00,eod,0.7298999999999998,-6.827880512091045,-0.6576243321002885
2025-01-15,RGTIW,0.48979592,3.43,1.0,ema,premkt,nextopen,pullback,eod,False,2025-01-15 10:00:00,5.11,4.99,2025-01-15 10:15:00,stop,0.1200000000000001,-2.3483365949119372,-1.0
2025-01-15,QBTS,0.2600423,4.73,4.0,ema,premkt,nextopen,pullback,eod,False,2025-01-15 10:45:00,5.9,5.805000000000001,2025-01-15 10:54:00,stop,0.09499999999999975,-1.610169491525415,-1.0
2025-01-15,XXII,0.21574807,6.35,5.0,ema,premkt,nextopen,pullback,eod,False,2025-01-15 10:25:00,7.875,7.65,2025-01-15 10:38:00,stop,0.22499999999999964,-2.857142857142858,-1.0
2025-01-16,RZLV,0.17012441,2.41,3.0,ema,premkt,nextopen,pullback,eod,False,2025-01-16 10:10:00,2.879,2.7020000000000004,2025-01-16 10:44:00,stop,0.1769999999999996,-6.147968044459873,-1.0
2025-01-17,BZAI,0.18307698,6.5,1.0,ema,premkt,nextopen,pullback,eod,False,2025-01-17 10:00:00,8.79,8.69,2025-01-17 10:05:00,stop,0.09999999999999964,-1.1376564277588153,-1.0
2025-01-17,SSL,0.10441768,4.98,5.0,ema,premkt,nextopen,pullback,eod,False,2025-01-17 10:50:00,5.4899,5.44,2025-01-17 11:14:00,stop,0.04989999999999917,-0.9089418750796718,-1.0
2025-01-21,REPL,0.24260354,10.14,2.0,ema,premkt,nextopen,pullback,eod,False,2025-01-21 09:50:00,12.52,12.31,2025-01-21 10:13:00,stop,0.20999999999999908,-1.6773162939297093,-1.0
2025-01-21,EOLS,0.2350142,10.51,3.0,ema,premkt,nextopen,pullback,eod,False,2025-01-21 10:10:00,13.42,13.36,2025-01-21 10:15:00,stop,0.0600000000000005,-0.44709388971684305,-1.0
2025-01-22,MGX,0.22794116,2.72,2.0,ema,premkt,nextopen,pullback,eod,False,2025-01-22 10:35:00,3.42,3.35,2025-01-22 10:50:00,stop,0.06999999999999984,-2.0467836257309857,-1.0
2025-01-23,DGNX,1.0479999,7.5,1.0,ema,premkt,nextopen,pullback,eod,False,2025-01-23 09:50:00,21.96,15.98,2025-01-23 10:40:00,stop_gap,5.410000000000004,-27.231329690346083,-1.1053604436229199
2025-01-24,EVAX,0.9148351,3.64,1.0,ema,premkt,nextopen,pullback,eod,False,2025-01-24 10:00:00,7.68,6.16,2025-01-24 12:13:00,stop,1.5199999999999996,-19.791666666666664,-1.0
2025-01-24,RNAZ,0.18545449,5.5,3.0,ema,premkt,nextopen,pullback,eod,False,2025-01-24 09:45:00,7.46,6.59,2025-01-24 10:00:00,stop_gap,0.5199999999999996,-11.662198391420908,-1.6730769230769247
2025-01-24,DAN,0.15661705,13.23,4.0,ema,premkt,nextopen,pullback,eod,False,2025-01-24 09:55:00,15.67,15.15,2025-01-24 11:59:00,stop,0.5199999999999996,-3.318442884492656,-1.0
2025-01-28,BKSY,0.20136786,13.16,4.0,ema,premkt,nextopen,pullback,eod,False,2025-01-28 10:30:00,15.835,15.3505,2025-01-28 10:40:00,stop,0.4845000000000006,-3.059677928639093,-1.0
2025-01-29,PACK,0.22125447,5.74,1.0,ema,premkt,nextopen,pullback,eod,False,2025-01-29 09:55:00,7.243,7.07,2025-01-29 10:30:00,stop,0.17300000000000004,-2.388513047079943,-1.0
2025-01-29,NVNI,0.16666663,5.22,2.0,ema,premkt,nextopen,pullback,eod,False,2025-01-29 10:00:00,6.68,6.0200000000000005,2025-01-29 10:28:00,stop,0.6599999999999993,-9.880239520958078,-1.0
2025-01-30,ACMR,0.11727691,17.48,2.0,ema,premkt,nextopen,pullback,eod,False,2025-01-30 09:45:00,20.37,20.51,2025-01-30 15:55:00,eod,0.8630000000000031,0.6872852233676952,0.16222479721900354
2025-01-30,CORZW,0.10655737,6.1,3.0,ema,premkt,nextopen,pullback,eod,False,2025-01-30 10:05:00,6.73,6.69,2025-01-30 10:16:00,stop,0.040000000000000036,-0.5943536404160454,-1.0
2025-01-30,FLG,0.10086942,9.6,4.0,ema,premkt,nextopen,pullback,eod,False,2025-01-30 10:45:00,11.26,11.08,2025-01-30 11:21:00,stop,0.17999999999999972,-1.5985790408525768,-1.0
2025-01-31,KRSA,0.31496048,2.54,1.0,ema,premkt,nextopen,pullback,eod,False,2025-01-31 10:10:00,4.024,3.89,2025-01-31 10:20:00,stop,0.1339999999999999,-3.3300198807157066,-1.0
2025-01-31,VIAV,0.2132132,9.99,2.0,ema,premkt,nextopen,pullback,eod,False,2025-01-31 09:55:00,12.61,12.36,2025-01-31 11:56:00,stop,0.25,-1.9825535289452856,-1.0
2025-01-31,CIFR,0.19148934,4.7,3.0,ema,premkt,nextopen,pullback,eod,False,2025-01-31 09:50:00,5.795,5.7147,2025-01-31 15:55:00,eod,0.20500000000000007,-1.385677308024158,-0.39170731707317186
2025-01-31,REBN,0.1871922,2.03,4.0,ema,premkt,nextopen,pullback,eod,False,2025-01-31 09:55:00,3.0007,3.3299,2025-01-31 15:55:00,eod,0.6107,10.970773486186536,0.5390535451121659
2025-01-31,VALN,0.10095239,5.25,5.0,ema,premkt,nextopen,pullback,eod,False,2025-01-31 09:55:00,5.67,5.78,2025-01-31 15:56:00,eod,0.04699999999999971,1.9400352733686121,2.340425531914915
2025-02-03,REBN,0.5151515,3.3,2.0,ema,premkt,nextopen,pullback,eod,False,2025-02-03 10:10:00,5.08,5.0,2025-02-03 15:55:00,eod,0.26119999999999965,-1.5748031496062964,-0.30627871362940345
2025-02-03,KC,0.18695307,12.57,3.0,ema,premkt,nextopen,pullback,eod,False,2025-02-03 10:20:00,16.0,15.53,2025-02-03 10:35:00,stop,0.47000000000000064,-2.937500000000004,-1.0
2025-02-03,SSYS,0.16433942,9.31,4.0,ema,premkt,nextopen,pullback,eod,False,2025-02-03 10:20:00,11.14,11.31,2025-02-03 15:55:00,eod,0.2699999999999996,1.526032315978454,0.6296296296296303
2025-02-05,ACB,0.26899457,3.68,1.0,ema,premkt,nextopen,pullback,eod,False,2025-02-05 10:05:00,5.2196,5.385,2025-02-05 15:55:00,eod,0.18959999999999955,3.168825197333125,0.8723628691983143
2025-02-06,QNTM,0.34149194,8.58,2.0,ema,premkt,nextopen,pullback,eod,False,2025-02-06 10:35:00,12.7,12.620000000000001,2025-02-06 10:40:00,stop,0.0799999999999983,-0.629921259842503,-1.0
2025-02-06,RNAZ,0.26733768,8.94,3.0,ema,premkt,nextopen,pullback,eod,False,2025-02-06 09:55:00,13.04,12.01,2025-02-06 10:04:00,stop,1.0299999999999994,-7.898773006134963,-1.0
2025-02-06,APPS,0.25984251,2.54,4.0,ema,premkt,nextopen,pullback,eod,False,2025-02-06 10:25:00,4.2701,5.1055,2025-02-06 15:55:00,eod,0.34010000000000007,19.56394463829887,2.4563363716553948
2025-02-07,TNXP,0.21975088,11.24,1.0,ema,premkt,nextopen,pullback,eod,False,2025-02-07 10:45:00,12.94,12.39,2025-02-07 13:26:00,stop,0.5499999999999989,-4.250386398763517,-1.0
2025-02-07,ULCC,0.14956737,8.09,2.0,ema,premkt,nextopen,pullback,eod,False,2025-02-07 10:05:00,9.61,9.23,2025-02-07 10:52:00,stop,0.379999999999999,-3.954214360041608,-1.0
2025-02-10,MNTS,0.23426211,3.8,2.0,ema,premkt,nextopen,pullback,eod,False,2025-02-10 09:55:00,5.11,4.61,2025-02-10 11:32:00,stop_gap,0.47550000000000026,-9.784735812133071,-1.051524710830704
2025-02-10,DOMH,0.2114538,3.22,3.0,ema,premkt,nextopen,pullback,eod,False,2025-02-10 10:00:00,4.03,6.09,2025-02-10 15:55:00,eod,0.3039999999999998,51.11662531017369,6.776315789473687
2025-02-10,MBLY,0.15059114,16.07,4.0,ema,premkt,nextopen,pullback,eod,False,2025-02-10 10:25:00,18.9765,18.61,2025-02-10 10:51:00,stop,0.36650000000000205,-1.9313361262614404,-1.0
2025-02-10,FHTX,0.14736843,4.75,5.0,ema,premkt,nextopen,pullback,eod,False,2025-02-10 10:20:00,5.5,5.293,2025-02-10 10:58:00,stop,0.20699999999999985,-3.763636363636358,-1.0
2025-02-11,SLQT,0.2876712,4.38,2.0,ema,premkt,nextopen,pullback,eod,False,2025-02-11 10:45:00,5.596,5.33,2025-02-11 11:10:00,stop,0.266,-4.75339528234453,-1.0
2025-02-11,SATL,0.12084246,4.51,3.0,ema,premkt,nextopen,pullback,eod,False,2025-02-11 10:25:00,4.785,4.76,2025-02-11 11:03:00,stop_gap,0.025000000000000355,-0.5224660397074254,-1.0
2025-02-11,USGO,0.10915816,10.81,4.0,ema,premkt,nextopen,pullback,eod,False,2025-02-11 10:35:00,12.4203,12.55,2025-02-11 15:55:00,eod,1.0002999999999993,1.0442581902208703,0.12966110166950073
2025-02-12,AIFF,0.27738094,8.4,1.0,ema,premkt,nextopen,pullback,eod,False,2025-02-12 10:15:00,13.15,12.200000000000001,2025-02-12 10:31:00,stop,0.9499999999999993,-7.224334600760452,-1.0
2025-02-13,DOMH,0.20683181,6.87,3.0,ema,premkt,nextopen,pullback,eod,False,2025-02-13 10:00:00,8.3075,12.87,2025-02-13 15:55:00,eod,0.6374999999999993,54.920252783629266,7.1568627450980475
2025-02-13,OPRT,0.1624366,5.91,4.0,ema,premkt,nextopen,pullback,eod,False,2025-02-13 09:55:00,7.565,7.2,2025-02-13 10:20:00,stop,0.3650000000000002,-4.824851288830145,-1.0
2025-02-13,PGY,0.15449917,11.78,5.0,ema,premkt,nextopen,pullback,eod,False,2025-02-13 10:20:00,13.9,13.790000000000001,2025-02-13 10:25:00,stop,0.10999999999999943,-0.7913669064748108,-1.0
2025-02-14,WRD,1.080955,17.17,1.0,ema,premkt,nextopen,pullback,eod,False,2025-02-14 09:50:00,33.71,30.440099999999997,2025-02-14 10:27:00,stop,3.2699000000000034,-9.700088994363698,-1.0
2025-02-14,ZH,0.17826092,4.6,4.0,ema,premkt,nextopen,pullback,eod,False,2025-02-14 09:45:00,5.435,5.2,2025-02-14 09:57:00,stop,0.23499999999999943,-4.323827046918116,-1.0
2025-02-18,PCT,0.15145004,9.31,4.0,ema,premkt,nextopen,pullback,eod,False,2025-02-18 10:25:00,10.86,10.92,2025-02-18 15:55:00,eod,0.21999999999999886,0.5524861878453136,0.27272727272727637
2025-02-19,JTAI,0.43354547,4.06,1.0,ema,premkt,nextopen,pullback,eod,False,2025-02-19 11:00:00,5.937,5.8500000000000005,2025-02-19 11:05:00,stop,0.08699999999999974,-1.4653865588681092,-1.0
2025-02-20,XOS,0.4153353,3.13,1.0,ema,premkt,nextopen,pullback,eod,False,2025-02-20 10:20:00,7.134,6.09,2025-02-20 15:55:00,eod,1.484,-14.634146341463417,-0.703504043126685
2025-02-20,HLF,0.2855872,5.62,3.0,ema,premkt,nextopen,pullback,eod,False,2025-02-20 09:45:00,7.75,7.25,2025-02-20 10:17:00,stop,0.5,-6.451612903225811,-1.0
2025-02-20,VNET,0.15490806,13.04,5.0,ema,premkt,nextopen,pullback,eod,False,2025-02-20 10:00:00,14.74,14.72,2025-02-20 10:05:00,stop,0.019999999999999574,-0.13568521031207537,-1.0
2025-02-21,TUYA,0.10178316,3.88,3.0,ema,premkt,nextopen,pullback,eod,False,2025-02-21 09:45:00,4.3054,4.2401,2025-02-21 09:53:00,stop,0.06529999999999969,-1.516699958192036,-1.0
2025-02-24,GSUN,0.12830186,2.65,4.0,ema,premkt,nextopen,pullback,eod,False,2025-02-24 10:00:00,4.392,3.2,2025-02-24 15:55:00,eod,1.342,-27.140255009107474,-0.8882265275707899
2025-02-24,CRML,0.123595476,2.67,5.0,ema,premkt,nextopen,pullback,eod,False,2025-02-24 09:45:00,3.3,3.0,2025-02-24 09:55:00,stop,0.2999999999999998,-9.090909090909083,-1.0
2025-02-25,AHCO,0.13450289,8.55,2.0,ema,premkt,nextopen,pullback,eod,False,2025-02-25 10:20:00,10.78,10.61,2025-02-25 10:41:00,stop,0.16999999999999993,-1.576994434137291,-1.0
2025-02-25,BOOM,0.123947024,8.31,3.0,ema,premkt,nextopen,pullback,eod,False,2025-02-25 10:05:00,9.6872,9.16,2025-02-25 10:47:00,stop_gap,0.4972000000000012,-5.442233049797673,-1.0603378921962978
2025-02-26,PRCH,0.27968335,3.79,2.0,ema,premkt,nextopen,pullback,eod,False,2025-02-26 10:05:00,5.58,5.2700000000000005,2025-02-26 10:20:00,stop,0.3099999999999996,-5.5555555555555465,-1.0
2025-02-27,RRGB,0.19247782,4.52,4.0,ema,premkt,nextopen,pullback,eod,False,2025-02-27 10:05:00,5.81,5.76,2025-02-27 10:13:00,stop,0.04999999999999982,-0.8605851979345935,-1.0
2025-02-28,ORGO,0.32247555,3.07,1.0,ema,premkt,nextopen,pullback,eod,False,2025-02-28 09:45:00,5.29,5.0,2025-02-28 09:51:00,stop,0.29000000000000004,-5.482041587901698,-1.0
2025-02-28,ENVB,0.16981125,2.12,3.0,ema,premkt,nextopen,pullback,eod,False,2025-02-28 10:05:00,2.48,2.82,2025-02-28 15:55:00,eod,0.08999999999999986,13.709677419354826,3.777777777777782
2025-02-28,EXFY,0.12422359,3.22,4.0,ema,premkt,nextopen,pullback,eod,False,2025-02-28 09:45:00,3.94,3.86,2025-02-28 15:55:00,eod,0.24999999999999956,-2.0304568527918843,-0.32000000000000084
2025-02-28,ACH,0.12336719,6.89,5.0,ema,premkt,nextopen,pullback,eod,False,2025-02-28 10:50:00,9.035,8.8,2025-02-28 11:04:00,stop,0.23499999999999943,-2.6009961261759806,-1.0
2025-03-03,TRNR,0.23346305,2.57,2.0,ema,premkt,nextopen,pullback,eod,False,2025-03-03 09:50:00,3.56,3.0450000000000004,2025-03-03 11:14:00,stop,0.5149999999999997,-14.466292134831448,-1.0
2025-03-03,BKKT,0.10887778,11.94,5.0,ema,premkt,nextopen,pullback,eod,False,2025-03-03 09:45:00,13.87,13.34,2025-03-03 10:00:00,stop,0.5299999999999994,-3.8211968276856467,-1.0
2025-03-04,JFIN,0.25455093,7.07,1.0,ema,premkt,nextopen,pullback,eod,False,2025-03-04 09:50:00,9.15,8.89,2025-03-04 15:55:00,eod,0.5099999999999998,-2.841530054644803,-0.5098039215686272
2025-03-04,CAPR,0.10534012,13.67,3.0,ema,premkt,nextopen,pullback,eod,False,2025-03-04 10:25:00,15.11,14.86,2025-03-04 10:35:00,stop,0.25,-1.6545334215751106,-1.0
2025-03-05,CTOS,0.3308457,4.02,1.0,ema,premkt,nextopen,pullback,eod,False,2025-03-05 10:30:00,4.76,4.67,2025-03-05 10:47:00,stop,0.08999999999999986,-1.8907563025210017,-1.0
2025-03-05,NAGE,0.19821429,5.6,3.0,ema,premkt,nextopen,pullback,eod,False,2025-03-05 10:00:00,8.26,8.485,2025-03-05 15:55:00,eod,0.6199999999999992,2.723970944309917,0.3629032258064515
2025-03-05,NEXN,0.14420485,7.42,4.0,ema,premkt,nextopen,pullback,eod,False,2025-03-05 10:35:00,8.925,9.56,2025-03-05 15:55:00,eod,0.28500000000000014,7.114845938375347,2.2280701754385945
2025-03-06,TRNR,0.15420556,2.14,2.0,ema,premkt,nextopen,pullback,eod,False,2025-03-06 09:55:00,2.47,2.4000000000000004,2025-03-06 10:30:00,stop,0.06999999999999984,-2.8340080971659853,-1.0
2025-03-06,MYE,0.1420883,9.74,3.0,ema,premkt,nextopen,pullback,eod,False,2025-03-06 10:00:00,12.18,12.45,2025-03-06 15:55:00,eod,0.4499999999999993,2.2167487684729092,0.6
2025-03-07,APEI,0.23636365,19.25,1.0,ema,premkt,nextopen,pullback,eod,False,2025-03-07 10:20:00,22.71,22.49,2025-03-07 10:28:00,stop,0.22000000000000242,-0.9687362395420673,-1.0
2025-03-10,DWTX,0.106060624,6.6,4.0,ema,premkt,nextopen,pullback,eod,False,2025-03-10 10:35:00,7.586,8.5605,2025-03-10 15:55:00,eod,0.516,12.846032164513566,1.8885658914728662
2025-03-10,KAZR,0.10265291,8.67,5.0,ema,premkt,nextopen,pullback,eod,False,2025-03-10 10:15:00,10.31,10.78,2025-03-10 15:55:00,eod,0.25,4.55868089233753,1.8799999999999955
2025-03-11,MYO,0.3357314,4.17,2.0,ema,premkt,nextopen,pullback,eod,False,2025-03-11 09:55:00,5.98,5.63,2025-03-11 10:12:00,stop,0.35000000000000053,-5.852842809364556,-1.0
2025-03-11,HLLY,0.17499995,2.4,5.0,ema,premkt,nextopen,pullback,eod,False,2025-03-11 10:00:00,2.705,2.985,2025-03-11 15:55:00,eod,0.08499999999999996,10.351201478743066,3.2941176470588225
2025-03-12,GRPN,0.25383818,9.77,1.0,ema,premkt,nextopen,pullback,eod,False,2025-03-12 09:45:00,12.695,13.88,2025-03-12 15:55:00,eod,0.1750000000000007,9.334383615596686,6.7714285714285465
2025-03-12,SPHL,0.20333326,6.0,2.0,ema,premkt,nextopen,pullback,eod,False,2025-03-12 11:00:00,7.4,7.0601,2025-03-12 11:38:00,stop,0.3399000000000001,-4.593243243243239,-1.0
2025-03-12,DWTX,0.16711593,11.13,3.0,ema,premkt,nextopen,pullback,eod,False,2025-03-12 10:20:00,12.575,11.97,2025-03-12 11:31:00,stop,0.6049999999999986,-4.811133200795215,-1.0
2025-03-13,SRTA,0.15547705,2.83,4.0,ema,premkt,nextopen,pullback,eod,False,2025-03-13 09:50:00,3.4,3.3201,2025-03-13 09:57:00,stop,0.07989999999999986,-2.3499999999999965,-1.0
2025-03-14,QBTS,0.11432707,6.91,3.0,ema,premkt,nextopen,pullback,eod,False,2025-03-14 10:25:00,9.127,10.1199,2025-03-14 15:55:00,eod,0.40700000000000003,10.878711515284301,2.4395577395577366
2025-03-14,QMCO,0.113360405,14.82,4.0,ema,premkt,nextopen,pullback,eod,False,2025-03-14 10:55:00,17.75,17.47,2025-03-14 11:01:00,stop,0.28000000000000114,-1.5774647887323967,-1.0
2025-03-17,ARQQ,0.13933337,15.0,4.0,ema,premkt,nextopen,pullback,eod,False,2025-03-17 10:35:00,19.545,23.448,2025-03-17 15:55:00,eod,1.0550000000000033,19.96930161166537,3.6995260663506984
2025-03-17,QNTM,0.13905942,4.89,5.0,ema,premkt,nextopen,pullback,eod,False,2025-03-17 09:50:00,6.1,7.07,2025-03-17 15:55:00,eod,0.3779999999999992,15.901639344262296,2.566137566137573
2025-03-18,AIFF,0.108986616,5.23,2.0,ema,premkt,nextopen,pullback,eod,False,2025-03-18 10:40:00,5.4239,5.2045,2025-03-18 11:37:00,stop,0.21939999999999937,-4.045059827799169,-1.0
2025-03-19,ATER,0.12796223,2.11,2.0,ema,premkt,nextopen,pullback,eod,False,2025-03-19 09:45:00,3.1599,2.8000000000000003,2025-03-19 11:00:00,stop,0.35989999999999966,-11.389600936738498,-1.0
2025-03-20,ELAB,0.17730498,5.64,1.0,ema,premkt,nextopen,pullback,eod,False,2025-03-20 09:50:00,7.57,7.07,2025-03-20 10:14:00,stop,0.5,-6.605019815059443,-1.0
2025-03-20,DBI,0.10005641,3.8,2.0,ema,premkt,nextopen,pullback,eod,False,2025-03-20 10:10:00,4.23,4.21,2025-03-20 10:19:00,stop_gap,0.020000000000000462,-0.47281323877069736,-1.0
2025-03-21,IBO,0.51923084,2.08,1.0,ema,premkt,nextopen,pullback,eod,False,2025-03-21 09:50:00,3.57,4.37,2025-03-21 15:55:00,eod,0.36999999999999966,22.408963585434183,2.162162162162165
2025-03-24,HUHU,0.18624163,5.96,1.0,ema,premkt,nextopen,pullback,eod,False,2025-03-24 10:30:00,6.86,6.82,2025-03-24 10:42:00,stop,0.040000000000000036,-0.5830903790087438,-1.0
2025-03-24,OSUR,0.10465109,3.44,2.0,ema,premkt,nextopen,pullback,eod,False,2025-03-24 09:55:00,4.01,3.9050000000000002,2025-03-24 10:08:00,stop,0.10499999999999954,-2.618453865336645,-1.0
2025-03-24,LXEO,0.103321075,2.71,3.0,ema,premkt,nextopen,pullback,eod,False,2025-03-24 09:45:00,3.7586,3.4200000000000004,2025-03-24 10:07:00,stop,0.33859999999999957,-9.008673442239123,-1.0
2025-03-24,DMRA,0.100000024,6.1,4.0,ema,premkt,nextopen,pullback,eod,False,2025-03-24 10:00:00,6.7035,6.48,2025-03-24 10:17:00,stop,0.2234999999999996,-3.334079212351748,-1.0
2025-03-26,VIVO,0.46460176,2.26,1.0,ema,premkt,nextopen,pullback,eod,False,2025-03-26 10:35:00,4.9656,4.640000000000001,2025-03-26 10:43:00,stop,0.32559999999999967,-6.557112937006604,-1.0
2025-03-26,PLTK,0.13171446,4.4,3.0,ema,premkt,nextopen,pullback,eod,False,2025-03-26 10:30:00,5.415,5.335,2025-03-26 10:39:00,stop,0.08000000000000007,-1.4773776546629702,-1.0
2025-03-26,PRM,0.106476426,9.11,5.0,ema,premkt,nextopen,pullback,eod,False,2025-03-26 09:45:00,10.49,10.120000000000001,2025-03-26 12:53:00,stop,0.3699999999999992,-3.5271687321258294,-1.0
2025-03-27,WOOF,0.20081973,2.44,1.0,ema,premkt,nextopen,pullback,eod,False,2025-03-27 10:00:00,3.25,3.1701,2025-03-27 15:55:00,eod,0.21799999999999997,-2.4584615384615316,-0.36651376146788933
2025-03-27,MREO,0.13924062,2.37,3.0,ema,premkt,nextopen,pullback,eod,False,2025-03-27 10:05:00,2.49,2.4200000000000004,2025-03-27 10:16:00,stop,0.06999999999999984,-2.8112449799196693,-1.0
2025-03-28,QNTM,0.17780423,8.38,2.0,ema,premkt,nextopen,pullback,eod,False,2025-03-28 09:55:00,10.6497,9.61,2025-03-28 12:26:00,stop,1.0396999999999998,-9.762716320647524,-1.0
2025-03-31,MCHB,0.11988056,9.3,2.0,ema,premkt,nextopen,pullback,eod,False,2025-03-31 09:50:00,10.475,10.36,2025-03-31 10:14:00,stop,0.11500000000000021,-1.0978520286396232,-1.0
2025-04-02,SBFM,0.58173084,2.08,1.0,ema,premkt,nextopen,pullback,eod,False,2025-04-02 09:50:00,3.27,3.0900000000000003,2025-04-02 09:59:00,stop,0.17999999999999972,-5.504587155963292,-1.0
2025-04-02,TTEC,0.24464834,3.27,2.0,ema,premkt,nextopen,pullback,eod,False,2025-04-02 10:20:00,4.7397,4.9602,2025-04-02 15:55:00,eod,0.21969999999999956,4.652193176783359,1.0036413290851198
2025-04-02,CGNT,0.11922133,8.22,5.0,ema,premkt,nextopen,pullback,eod,False,2025-04-02 10:40:00,9.82,9.7304,2025-04-02 11:05:00,stop,0.08960000000000079,-0.9124236252545881,-1.0
2025-04-04,USAR,0.3076923,6.5,1.0,ema,premkt,nextopen,pullback,eod,False,2025-04-04 10:10:00,8.81,8.32,2025-04-04 10:55:00,stop,0.4900000000000002,-5.5618615209988675,-1.0
2025-04-07,BJDX,1.3371105,3.53,1.0,ema,premkt,nextopen,pullback,eod,False,2025-04-07 09:55:00,8.0,7.11,2025-04-07 12:16:00,stop,0.8899999999999997,-11.124999999999996,-1.0
2025-04-08,SPIR,0.25,7.48,2.0,ema,premkt,nextopen,pullback,eod,False,2025-04-08 09:50:00,9.5,9.19,2025-04-08 10:51:00,stop,0.3100000000000005,-3.2631578947368456,-1.0
2025-04-08,CRMD,0.23723233,6.07,3.0,ema,premkt,nextopen,pullback,eod,False,2025-04-08 09:55:00,7.4,7.17,2025-04-08 10:02:00,stop,0.23000000000000043,-3.1081081081081097,-1.0
2025-04-09,HMY,0.11946201,12.97,2.0,ema,premkt,nextopen,pullback,eod,False,2025-04-09 10:10:00,14.335,14.275,2025-04-09 10:48:00,stop,0.0600000000000005,-0.41855598186257836,-1.0
2025-04-09,BTU,0.117753625,11.26,3.0,ema,premkt,nextopen,pullback,eod,False,2025-04-09 10:30:00,11.545,11.31,2025-04-09 10:38:00,stop,0.23499999999999943,-2.035513209181461,-1.0
2025-04-10,KROS,0.12971926,10.33,2.0,ema,premkt,nextopen,pullback,eod,False,2025-04-10 10:00:00,12.1529,11.9,2025-04-10 10:11:00,stop,0.25290000000000035,-2.0809847855244423,-1.0
2025-04-11,CBLL,0.16412556,11.15,3.0,ema,premkt,nextopen,pullback,eod,False,2025-04-11 10:05:00,14.24,15.295,2025-04-11 15:55:00,eod,0.3000000000000007,7.40870786516854,3.5166666666666573
2025-04-11,ABSI,0.13238287,2.455,4.0,ema,premkt,nextopen,pullback,eod,False,2025-04-11 10:30:00,2.7884,2.7401000000000004,2025-04-11 10:56:00,stop,0.04829999999999979,-1.7321761583703799,-1.0
2025-04-14,BULL,1.0860376,13.25,1.0,ema,premkt,nextopen,pullback,eod,False,2025-04-14 09:50:00,34.0,67.325,2025-04-14 15:55:00,eod,7.470000000000002,98.01470588235294,4.4611780455153935
2025-04-14,USAR,0.16967511,8.31,2.0,ema,premkt,nextopen,pullback,eod,False,2025-04-14 10:10:00,10.818,11.686,2025-04-14 15:55:00,eod,0.927999999999999,8.02366426326493,0.9353448275862082
2025-04-15,BULLW,0.18720317,2.4006,3.0,ema,premkt,nextopen,pullback,eod,False,2025-04-15 09:50:00,2.88,2.5900000000000003,2025-04-15 11:38:00,stop,0.2899999999999996,-10.06944444444443,-1.0
2025-04-15,IE,0.13861382,5.05,4.0,ema,premkt,nextopen,pullback,eod,False,2025-04-15 10:05:00,6.01,6.465,2025-04-15 15:55:00,eod,0.1999999999999993,7.570715474209644,2.2750000000000083
2025-04-15,IPX,0.119253755,15.01,5.0,ema,premkt,nextopen,pullback,eod,False,2025-04-15 10:00:00,17.45,17.3683,2025-04-15 10:12:00,stop_gap,0.07000000000000028,-0.46819484240686604,-1.1671428571428222
2025-04-16,TGL,0.77884626,2.08,1.0,ema,premkt,nextopen,pullback,eod,False,2025-04-16 09:50:00,3.59,3.4901000000000004,2025-04-16 09:55:00,stop,0.09989999999999943,-2.782729805013917,-1.0
2025-04-16,NB,0.2352941,2.89,3.0,ema,premkt,nextopen,pullback,eod,False,2025-04-16 10:20:00,3.5901,3.49,2025-04-16 10:32:00,stop,0.10009999999999986,-2.7882231692710424,-1.0
2025-04-17,QURE,0.38498402,9.39,1.0,ema,premkt,nextopen,pullback,eod,False,2025-04-17 09:45:00,13.845,13.2169,2025-04-17 10:02:00,stop,0.6280999999999999,-4.536655832430481,-1.0
2025-04-17,GPCR,0.16028059,18.53,5.0,ema,premkt,nextopen,pullback,eod,False,2025-04-17 10:00:00,22.5642,22.4,2025-04-17 10:05:00,stop,0.164200000000001,-0.7277014031075835,-1.0
2025-04-21,DWTX,0.26697886,4.27,2.0,ema,premkt,nextopen,pullback,eod,False,2025-04-21 09:50:00,6.9,5.8,2025-04-21 10:42:00,stop,1.1000000000000005,-15.94202898550725,-1.0
2025-04-22,MTEN,0.16721308,6.1,2.0,ema,premkt,nextopen,pullback,eod,False,2025-04-22 09:55:00,6.7205,6.9,2025-04-22 15:56:00,eod,0.1305000000000005,2.670932222304878,1.3754789272030599
2025-04-22,BIYA,0.105121255,3.71,4.0,ema,premkt,nextopen,pullback,eod,False,2025-04-22 10:00:00,3.964,3.73,2025-04-22 11:20:00,stop_gap,0.13519999999999976,-5.903128153380422,-1.7307692307692337
2025-04-23,UPXI,0.26944447,9.0,2.0,ema,premkt,nextopen,pullback,eod,False,2025-04-23 10:30:00,11.03,10.61,2025-04-23 10:42:00,stop,0.41999999999999993,-3.80779691749773,-1.0
2025-04-23,MIND,0.21323526,5.44,4.0,ema,premkt,nextopen,pullback,eod,False,2025-04-23 11:00:00,6.99,6.91,2025-04-23 13:00:00,stop,0.08000000000000007,-1.1444921316165924,-1.0
2025-04-24,CYH,0.20164609,2.43,2.0,ema,premkt,nextopen,pullback,eod,False,2025-04-24 11:00:00,3.1,3.0417,2025-04-24 11:45:00,stop,0.05830000000000002,-1.8806451612903285,-1.0
2025-04-24,EPSM,0.18773234,5.38,3.0,ema,premkt,nextopen,pullback,eod,False,2025-04-24 09:45:00,6.5,6.9339,2025-04-24 15:55:00,eod,0.10999999999999943,6.675384615384616,3.9445454545454783
2025-04-24,XXI,0.16363645,16.5,4.0,ema,premkt,nextopen,pullback,eod,False,2025-04-24 10:05:00,26.94,24.71,2025-04-24 15:55:00,eod,5.700000000000003,-8.277654046028216,-0.3912280701754385
2025-04-24,PONY,0.12523031,5.43,5.0,ema,premkt,nextopen,pullback,eod,False,2025-04-24 10:20:00,6.91,6.640000000000001,2025-04-24 11:01:00,stop,0.2699999999999996,-3.907380607814759,-1.0
2025-04-28,WOLF,0.16360855,3.27,1.0,ema,premkt,nextopen,pullback,eod,False,2025-04-28 09:45:00,3.875,3.75,2025-04-28 09:55:00,stop,0.125,-3.2258064516129004,-1.0
2025-04-28,SABR,0.13242006,2.19,2.0,ema,premkt,nextopen,pullback,eod,False,2025-04-28 09:50:00,2.755,2.64,2025-04-28 10:00:00,stop,0.11499999999999977,-4.174228675136105,-1.0
2025-04-29,LZMH,0.13483155,8.01,4.0,ema,premkt,nextopen,pullback,eod,False,2025-04-29 10:55:00,9.2741,9.19,2025-04-29 11:05:00,stop,0.08410000000000117,-0.9068265384242213,-1.0
2025-04-30,RCKY,0.28171086,13.95,1.0,ema,premkt,nextopen,pullback,eod,False,2025-04-30 09:50:00,19.84,21.01,2025-04-30 15:55:00,eod,1.1300000000000026,5.897177419354849,1.0353982300884947
2025-05-01,MAX,0.17976189,8.4,3.0,ema,premkt,nextopen,pullback,eod,False,2025-05-01 10:15:00,10.1,9.75,2025-05-01 12:12:00,stop,0.34999999999999964,-3.4653465346534573,-1.0
2025-05-01,UPBD,0.1251384,19.9,5.0,ema,premkt,nextopen,pullback,eod,False,2025-05-01 09:50:00,22.91,22.72,2025-05-01 10:06:00,stop_gap,0.17730000000000246,-0.8293321693583655,-1.0716300056401502
2025-05-02,KIDZ,0.52145517,5.36,1.0,ema,premkt,nextopen,pullback,eod,False,2025-05-02 10:05:00,7.15,6.58,2025-05-02 10:21:00,stop,0.5700000000000003,-7.972027972027973,-1.0
2025-05-02,CPS,0.113009214,15.22,5.0,ema,premkt,nextopen,pullback,eod,False,2025-05-02 09:50:00,19.51,21.71,2025-05-02 15:55:00,eod,1.8000000000000043,11.276268580215266,1.222222222222219
2025-05-05,FNGR,0.19485295,2.72,1.0,ema,premkt,nextopen,pullback,eod,False,2025-05-05 09:55:00,3.37,3.22,2025-05-05 10:06:00,stop,0.1499999999999999,-4.4510385756676545,-1.0
2025-05-06,TDUP,0.21396387,4.44,2.0,ema,premkt,nextopen,pullback,eod,False,2025-05-06 09:55:00,5.68,6.465,2025-05-06 15:55:00,eod,0.27999999999999936,13.820422535211275,2.8035714285714355
2025-05-07,ANGI,0.33244443,11.25,1.0,ema,premkt,nextopen,pullback,eod,False,2025-05-07 09:50:00,14.68,14.290000000000001,2025-05-07 10:01:00,stop,0.3899999999999988,-2.656675749318793,-1.0
2025-05-07,CURI,0.31205165,3.3,2.0,ema,premkt,nextopen,pullback,eod,False,2025-05-07 09:50:00,5.06,4.74,2025-05-07 10:41:00,stop,0.3199999999999994,-6.324110671936745,-1.0
2025-05-07,PRCH,0.263407,6.34,4.0,ema,premkt,nextopen,pullback,eod,False,2025-05-07 10:55:00,9.75,9.49,2025-05-07 11:06:00,stop,0.2599999999999998,-2.6666666666666616,-1.0
2025-05-07,NRDS,0.25295508,8.46,5.0,ema,premkt,nextopen,pullback,eod,False,2025-05-07 09:55:00,11.0752,10.7838,2025-05-07 10:10:00,stop,0.2914000000000012,-2.6311037272464755,-1.0
2025-05-08,ASST,0.63716805,3.39,1.0,ema,premkt,nextopen,pullback,eod,False,2025-05-08 10:05:00,5.27,7.685,2025-05-08 15:55:00,eod,0.27999999999999936,45.82542694497154,8.62500000000002
2025-05-08,ZVIA,0.25123155,2.03,5.0,ema,premkt,nextopen,pullback,eod,False,2025-05-08 09:50:00,2.76,3.095,2025-05-08 15:55:00,eod,0.04999999999999938,12.13768115942031,6.700000000000092
2025-05-09,WBUY,1.233474,7.11,1.0,ema,premkt,nextopen,pullback,eod,False,2025-05-09 10:00:00,22.41,18.99,2025-05-09 12:22:00,stop,3.4200000000000017,-15.26104417670684,-1.0
2025-05-09,GDOT,0.28390813,8.7,5.0,ema,premkt,nextopen,pullback,eod,False,2025-05-09 10:00:00,10.65,10.75,2025-05-09 15:55:00,eod,0.41999999999999993,0.9389671361502261,0.23809523809523728
2025-05-13,BKKT,0.2617383,10.01,4.0,ema,premkt,nextopen,pullback,eod,False,2025-05-13 10:15:00,12.13,11.99,2025-05-13 10:29:00,stop,0.14000000000000057,-1.1541632316570571,-1.0
2025-05-13,OPRX,0.25,9.2,5.0,ema,premkt,nextopen,pullback,eod,False,2025-05-13 10:10:00,12.28,11.940100000000001,2025-05-13 10:23:00,stop,0.3398999999999983,-2.767915309446245,-1.0
2025-05-14,ABSI,0.2195946,2.96,2.0,ema,premkt,nextopen,pullback,eod,False,2025-05-14 10:00:00,3.24,2.91,2025-05-14 13:24:00,stop,0.33000000000000007,-10.185185185185187,-1.0
2025-05-15,IA,0.23537421,7.35,1.0,ema,premkt,nextopen,pullback,eod,False,2025-05-15 10:00:00,9.8,9.5,2025-05-15 12:27:00,stop,0.3000000000000007,-3.0612244897959218,-1.0
2025-05-15,STLN,0.19409287,2.37,4.0,ema,premkt,nextopen,pullback,eod,False,2025-05-15 10:15:00,2.89,3.07,2025-05-15 15:55:00,eod,0.17999999999999972,6.22837370242213,1.0
2025-05-16,TSSI,0.46561444,8.87,1.0,ema,premkt,nextopen,pullback,eod,False,2025-05-16 10:35:00,15.12,15.505,2025-05-16 15:55:00,eod,0.47999999999999865,2.546296296296302,0.8020833333333388
2025-05-16,QUBT,0.13961041,9.24,4.0,ema,premkt,nextopen,pullback,eod,False,2025-05-16 10:45:00,12.14,12.7408,2025-05-16 15:55:00,eod,0.45000000000000107,4.9489291598022955,1.335111111111107
2025-05-16,EVLV,0.13095248,4.2,5.0,ema,premkt,nextopen,pullback,eod,False,2025-05-16 09:50:00,5.03,5.46,2025-05-16 15:55:00,eod,0.09999999999999964,8.548707753479112,4.300000000000012
2025-05-19,NVAX,0.2035662,6.73,1.0,ema,premkt,nextopen,pullback,eod,False,2025-05-19 10:30:00,7.325,7.735,2025-05-19 15:55:00,eod,0.19500000000000028,5.597269624573387,2.1025641025641004
2025-05-19,CHAI,0.12554109,2.31,2.0,ema,premkt,nextopen,pullback,eod,False,2025-05-19 10:10:00,3.04,4.0599,2025-05-19 15:55:00,eod,0.19999999999999973,33.54934210526315,5.099500000000006
2025-05-20,QBTS,0.16654003,13.15,3.0,ema,premkt,nextopen,pullback,eod,False,2025-05-20 10:00:00,15.665,16.595,2025-05-20 15:55:00,eod,0.7949999999999982,5.936801787424195,1.1698113207547194
2025-05-20,XYF,0.15270162,15.0,4.0,ema,premkt,nextopen,pullback,eod,False,2025-05-20 09:55:00,17.85,17.61,2025-05-20 10:12:00,stop,0.240000000000002,-1.3445378151260567,-1.0
2025-05-21,ASST,0.29198968,7.74,1.0,ema,premkt,nextopen,pullback,eod,False,2025-05-21 10:00:00,9.165,8.540000000000001,2025-05-21 12:36:00,stop,0.6249999999999982,-6.81942171303872,-1.0
2025-05-21,EDBL,0.26944447,3.6,2.0,ema,premkt,nextopen,pullback,eod,False,2025-05-21 09:45:00,5.935,5.3100000000000005,2025-05-21 10:32:00,stop,0.6249999999999991,-10.530749789384986,-1.0
2025-05-21,NAKA,0.25164258,15.22,3.0,ema,premkt,nextopen,pullback,eod,False,2025-05-21 10:00:00,19.0066,18.0264,2025-05-21 13:25:00,stop,0.9802,-5.157155935306679,-1.0
2025-05-21,GOOS,0.1569506,8.92,4.0,ema,premkt,nextopen,pullback,eod,False,2025-05-21 11:00:00,11.501,11.3,2025-05-21 11:22:00,stop,0.20099999999999874,-1.7476741152943065,-1.0
2025-05-21,GPUS,0.14099789,4.61,5.0,ema,premkt,nextopen,pullback,eod,False,2025-05-21 09:50:00,6.43,7.03,2025-05-21 15:55:00,eod,0.9898999999999996,9.331259720062214,0.6061218304879289
2025-05-22,ASST,0.15796018,8.04,1.0,ema,premkt,nextopen,pullback,eod,False,2025-05-22 09:50:00,10.365,12.89,2025-05-22 15:55:00,eod,0.6750000000000007,24.360829715388334,3.7407407407407374
2025-05-23,UEC,0.16279078,5.16,2.0,ema,premkt,nextopen,pullback,eod,False,2025-05-23 10:00:00,6.17,6.435,2025-05-23 15:55:00,eod,0.16999999999999993,4.294975688816849,1.5588235294117634
2025-05-23,LTBR,0.1322701,10.66,3.0,ema,premkt,nextopen,pullback,eod,False,2025-05-23 10:25:00,14.65,15.21,2025-05-23 15:55:00,eod,0.8900000000000006,3.8225255972696326,0.6292134831460676
2025-05-23,FULC,0.11437917,6.12,4.0,ema,premkt,nextopen,pullback,eod,False,2025-05-23 09:50:00,6.745,6.62,2025-05-23 10:30:00,stop,0.125,-1.8532246108228345,-1.0
2025-05-23,UUUU,0.111111164,4.5,5.0,ema,premkt,nextopen,pullback,eod,False,2025-05-23 10:30:00,5.175,5.4,2025-05-23 15:55:00,eod,0.16500000000000004,4.347826086956541,1.3636363636363666
2025-05-27,SBET,4.0491076,6.72,1.0,ema,premkt,nextopen,pullback,eod,False,2025-05-27 10:15:00,34.81,32.1214,2025-05-27 13:45:00,stop,2.688600000000001,-7.723642631427752,-1.0
2025-05-27,MTAL,0.18522167,10.15,2.0,ema,premkt,nextopen,pullback,eod,False,2025-05-27 10:00:00,12.248,12.1601,2025-05-27 10:06:00,stop,0.08789999999999942,-0.7176681907250071,-1.0
2025-05-27,GYRE,0.17511511,8.68,3.0,ema,premkt,nextopen,pullback,eod,False,2025-05-27 09:50:00,10.6,10.39,2025-05-27 10:56:00,stop,0.20999999999999908,-1.9811320754716921,-1.0
2025-05-28,MNRO,0.30675912,12.77,2.0,ema,premkt,nextopen,pullback,eod,False,2025-05-28 10:15:00,16.71,16.76,2025-05-28 15:55:00,eod,0.5800000000000018,0.29922202274088594,0.08620689655172509
2025-05-28,JOBY,0.1656977,6.88,3.0,ema,premkt,nextopen,pullback,eod,False,2025-05-28 10:35:00,8.575,8.815,2025-05-28 15:55:00,eod,0.06999999999999851,2.798833819241975,3.4285714285715048
2025-05-29,LZMH,0.26447976,19.51,1.0,ema,premkt,nextopen,pullback,eod,False,2025-05-29 11:00:00,28.3,28.35,2025-05-29 15:55:00,eod,1.6600000000000037,0.17667844522968323,0.030120481927711204
2025-05-29,ORIC,0.22110558,5.97,2.0,ema,premkt,nextopen,pullback,eod,False,2025-05-29 09:45:00,8.0871,7.62,2025-05-29 09:51:00,stop,0.4670999999999994,-5.775865266906544,-1.0
2025-05-29,TSHA,0.16803277,2.44,3.0,ema,premkt,nextopen,pullback,eod,False,2025-05-29 10:05:00,2.93,2.8400000000000003,2025-05-29 10:32:00,stop,0.08999999999999986,-3.0716723549487956,-1.0
2025-05-30,RRGB,0.3961661,3.13,1.0,ema,premkt,nextopen,pullback,eod,False,2025-05-30 09:50:00,5.18,5.195,2025-05-30 15:55:00,eod,0.5499999999999998,0.28957528957529455,0.027272727272728316
2025-05-30,SPRO,0.17370892,2.13,3.0,ema,premkt,nextopen,pullback,eod,False,2025-05-30 09:55:00,2.58,2.5201,2025-05-30 15:55:00,eod,0.11999999999999966,-2.3217054263566017,-0.4991666666666705
2025-05-30,LVWR,0.15156806,2.87,4.0,ema,premkt,nextopen,pullback,eod,False,2025-05-30 09:50:00,4.4294,4.365,2025-05-30 15:55:00,eod,0.8294000000000001,-1.453921524359958,-0.07764649143959489
2025-06-02,CENX,0.23757267,15.49,3.0,ema,premkt,nextopen,pullback,eod,False,2025-06-02 10:15:00,19.56,19.29,2025-06-02 10:36:00,stop,0.2699999999999996,-1.3803680981595123,-1.0
2025-06-02,APLD,0.21083462,6.83,5.0,ema,premkt,nextopen,pullback,eod,False,2025-06-02 10:00:00,8.81,10.18,2025-06-02 15:55:00,eod,0.2900000000000009,15.550510783200888,4.724137931034465
2025-06-03,BMGL,0.117347,3.92,3.0,ema,premkt,nextopen,pullback,eod,False,2025-06-03 10:10:00,4.485,4.34,2025-06-03 10:18:00,stop,0.14500000000000046,-3.232998885172811,-1.0
2025-06-03,SRFM,0.10648143,2.16,5.0,ema,premkt,nextopen,pullback,eod,False,2025-06-03 10:05:00,2.5,2.4000000000000004,2025-06-03 11:08:00,stop,0.09999999999999964,-3.9999999999999813,-1.0
2025-06-04,YEXT,0.15249264,6.82,3.0,ema,premkt,nextopen,pullback,eod,False,2025-06-04 09:50:00,8.725,8.9093,2025-06-04 15:55:00,eod,0.15499999999999936,2.1123209169054524,1.1890322580645234
2025-06-05,TGE,0.69269276,9.99,1.0,ema,premkt,nextopen,pullback,eod,False,2025-06-05 09:45:00,20.79,16.56,2025-06-05 11:02:00,stop,4.23,-20.346320346320347,-1.0
2025-06-05,ZENA,0.4874214,3.18,3.0,ema,premkt,nextopen,pullback,eod,False,2025-06-05 10:05:00,6.495,5.32,2025-06-05 13:09:00,stop,1.1749999999999998,-18.090839107005387,-1.0
2025-06-05,PL,0.30827057,3.99,5.0,ema,premkt,nextopen,pullback,eod,False,2025-06-05 11:00:00,6.255,6.180000000000001,2025-06-05 11:28:00,stop,0.07499999999999929,-1.1990407673860837,-1.0
2025-06-06,NX,0.2168963,17.09,3.0,ema,premkt,nextopen,pullback,eod,False,2025-06-06 09:55:00,21.26,20.43,2025-06-06 10:10:00,stop,0.8300000000000018,-3.904045155221081,-1.0
2025-06-06,MANU,0.111513376,13.81,5.0,ema,premkt,nextopen,pullback,eod,False,2025-06-06 10:30:00,15.62,16.425,2025-06-06 15:55:00,eod,0.17999999999999972,5.153649167733687,4.472222222222237
2025-06-09,UMAC,0.19946086,7.42,2.0,ema,premkt,nextopen,pullback,eod,False,2025-06-09 10:15:00,9.11,9.125,2025-06-09 15:55:00,eod,0.3070999999999984,0.16465422612514935,0.04884402474764132
2025-06-09,NXAT,0.14705884,3.4,4.0,ema,premkt,nextopen,pullback,eod,False,2025-06-09 09:45:00,4.446,5.5405,2025-06-09 15:55:00,eod,0.6459999999999995,24.61763382816016,1.6942724458204348
2025-06-10,MFI,0.14339614,2.65,2.0,ema,premkt,nextopen,pullback,eod,False,2025-06-10 10:15:00,3.095,2.99,2025-06-10 10:53:00,stop,0.10499999999999998,-3.392568659127626,-1.0
2025-06-10,ARAI,0.13264501,6.295,4.0,ema,premkt,nextopen,pullback,eod,False,2025-06-10 10:00:00,9.2,10.1,2025-06-10 15:55:00,eod,1.4399999999999995,9.782608695652172,0.6250000000000004
2025-06-10,QTRX,0.11067188,5.06,5.0,ema,premkt,nextopen,pullback,eod,False,2025-06-10 10:55:00,6.18,6.11,2025-06-10 11:00:00,stop,0.0699999999999994,-1.132686084142387,-1.0
2025-06-11,USBC,0.1390729,3.02,4.0,ema,premkt,nextopen,pullback,eod,False,2025-06-11 10:10:00,3.2,3.4999,2025-06-11 15:55:00,eod,0.18000000000000016,9.371874999999985,1.6661111111111075
2025-06-12,HIND,0.30131006,2.29,1.0,ema,premkt,nextopen,pullback,eod,False,2025-06-12 09:45:00,3.2296,3.0700000000000003,2025-06-12 09:51:00,stop,0.15959999999999974,-4.9417884567748205,-1.0
2025-06-13,AGIG,0.8011204,7.14,1.0,ema,premkt,nextopen,pullback,eod,False,2025-06-13 10:05:00,14.32,15.381,2025-06-13 15:55:00,eod,1.2400000000000002,7.409217877094965,0.8556451612903224
2025-06-13,SSL,0.12577319,4.85,5.0,ema,premkt,nextopen,pullback,eod,False,2025-06-13 10:15:00,5.37,5.455,2025-06-13 15:55:00,eod,0.08000000000000007,1.582867783985109,1.0624999999999987
2025-06-16,ECHO,0.44121146,16.84,1.0,ema,premkt,nextopen,pullback,eod,False,2025-06-16 09:55:00,24.4,25.2,2025-06-16 15:55:00,eod,0.5399999999999991,3.2786885245901676,1.4814814814814852
2025-06-16,SBET,0.1813246,9.21,5.0,ema,premkt,nextopen,pullback,eod,False,2025-06-16 10:00:00,11.96,13.26,2025-06-16 15:55:00,eod,0.8900000000000006,10.869565217391287,1.4606741573033686
2025-06-17,RBNE,0.26268113,5.52,3.0,ema,premkt,nextopen,pullback,eod,False,2025-06-17 10:20:00,7.685,10.6,2025-06-17 15:52:00,eod,0.544999999999999,37.93103448275863,5.348623853211019
2025-06-17,TJGC,0.17808223,3.65,4.0,ema,premkt,nextopen,pullback,eod,False,2025-06-17 10:05:00,4.205,4.0,2025-06-17 10:20:00,stop,0.20500000000000007,-4.875148632580261,-1.0
2025-06-18,EZRA,0.4422804,2.17,2.0,ema,premkt,nextopen,pullback,eod,False,2025-06-18 10:05:00,2.9001,2.7100000000000004,2025-06-18 15:07:00,stop,0.1900999999999997,-6.554946381159265,-1.0
2025-06-18,TMC,0.11488974,5.44,3.0,ema,premkt,nextopen,pullback,eod,False,2025-06-18 09:50:00,6.865,6.7146,2025-06-18 15:55:00,eod,0.45500000000000007,-2.1908230152949737,-0.3305494505494512
2025-06-18,GOGO,0.10853958,12.53,5.0,ema,premkt,nextopen,pullback,eod,False,2025-06-18 10:05:00,14.035,14.49,2025-06-18 15:55:00,eod,0.3149999999999995,3.2418952618453956,1.4444444444444469
2025-06-20,GRRR,0.17490697,18.81,5.0,ema,premkt,nextopen,pullback,eod,False,2025-06-20 10:15:00,26.23,25.24,2025-06-20 10:30:00,stop,0.990000000000002,-3.7743042317956665,-1.0
2025-06-23,AGIG,0.43716216,14.8,1.0,ema,premkt,nextopen,pullback,eod,False,2025-06-23 10:10:00,21.4599,20.29,2025-06-23 10:35:00,stop,1.169900000000002,-5.451563148010951,-1.0
2025-06-23,CRMD,0.22997797,13.61,4.0,ema,premkt,nextopen,pullback,eod,False,2025-06-23 10:45:00,17.19,16.551599999999997,2025-06-23 11:46:00,stop,0.6384000000000043,-3.7137870855148636,-1.0
2025-06-23,GEOS,0.21671021,11.49,5.0,ema,premkt,nextopen,pullback,eod,False,2025-06-23 11:00:00,15.655,18.23,2025-06-23 15:55:00,eod,0.5649999999999995,16.448419035451934,4.557522123893811
2025-06-24,NKTR,1.0880504,9.54,2.0,ema,premkt,nextopen,pullback,eod,False,2025-06-24 10:55:00,20.08,25.48,2025-06-24 15:55:00,eod,1.8200000000000003,26.892430278884483,2.9670329670329676
2025-06-24,WFF,0.220891,6.51,3.0,ema,premkt,nextopen,pullback,eod,False,2025-06-24 10:00:00,8.7599,8.1,2025-06-24 10:07:00,stop,0.6599000000000004,-7.533191018162311,-1.0
2025-06-24,KEP,0.20414197,10.38,4.0,ema,premkt,nextopen,pullback,eod,False,2025-06-24 10:25:00,12.5652,12.55,2025-06-24 10:42:00,stop,0.015200000000000102,-0.1209690255626672,-1.0
2025-06-25,QS,0.38799083,4.33,1.0,ema,premkt,nextopen,pullback,eod,False,2025-06-25 09:50:00,6.235,6.045,2025-06-25 10:00:00,stop,0.1900000000000004,-3.0473135525260653,-1.0
2025-06-25,SRFM,0.22222233,3.6,2.0,ema,premkt,nextopen,pullback,eod,False,2025-06-25 10:00:00,4.78,4.58,2025-06-25 10:45:00,stop,0.20000000000000018,-4.184100418410042,-1.0
2025-06-25,BMBL,0.15547025,5.21,4.0,ema,premkt,nextopen,pullback,eod,False,2025-06-25 10:00:00,6.15,6.125,2025-06-25 10:09:00,stop,0.025000000000000355,-0.40650406504065817,-1.0
2025-06-25,TIGR,0.12546122,8.13,5.0,ema,premkt,nextopen,pullback,eod,False,2025-06-25 10:55:00,9.2398,9.875,2025-06-25 15:55:00,eod,0.1095000000000006,6.874607675490796,5.800913242009095
2025-06-26,VVOS,0.16721308,3.05,2.0,ema,premkt,nextopen,pullback,eod,False,2025-06-26 09:45:00,3.72,3.5,2025-06-26 10:01:00,stop,0.2200000000000002,-5.913978494623661,-1.0
2025-06-26,SRFM,0.11023617,2.54,3.0,ema,premkt,nextopen,pullback,eod,False,2025-06-26 10:05:00,3.385,3.2100000000000004,2025-06-26 10:48:00,stop,0.17499999999999938,-5.169867060561284,-1.0
2025-06-27,SKYE,0.14117646,4.25,5.0,ema,premkt,nextopen,pullback,eod,False,2025-06-27 09:50:00,5.675,4.9,2025-06-27 11:19:00,stop,0.7749999999999995,-13.656387665198233,-1.0
2025-06-30,NFE,0.20000005,2.5,2.0,ema,premkt,nextopen,pullback,eod,False,2025-06-30 09:55:00,3.1389,3.345,2025-06-30 15:55:00,eod,0.1488999999999998,6.5659944566567985,1.3841504365345898
2025-06-30,LIMN,0.16033757,9.48,4.0,ema,premkt,nextopen,pullback,eod,False,2025-06-30 10:25:00,11.4,10.78,2025-06-30 14:02:00,stop_gap,0.4499999999999993,-5.4385964912280755,-1.3777777777777822
2025-06-30,BDMD,0.15384614,3.9,5.0,ema,premkt,nextopen,pullback,eod,False,2025-06-30 10:35:00,4.45,4.3100000000000005,2025-06-30 11:25:00,stop,0.13999999999999968,-3.146067415730325,-1.0
2025-07-01,CLRO,1.173913,5.75,1.0,ema,premkt,nextopen,pullback,eod,False,2025-07-01 09:55:00,12.275,11.69,2025-07-01 10:00:00,stop,0.5850000000000009,-4.765784114052963,-1.0
2025-07-01,ATAI,0.2054795,2.19,2.0,ema,premkt,nextopen,pullback,eod,False,2025-07-01 10:00:00,2.725,2.64,2025-07-01 10:44:00,stop,0.08499999999999996,-3.119266055045866,-1.0
2025-07-02,CYN,0.2335937,12.8,4.0,ema,premkt,nextopen,pullback,eod,False,2025-07-02 09:55:00,15.8259,15.290000000000001,2025-07-02 10:11:00,stop,0.5358999999999998,-3.3862213207463743,-1.0
2025-07-02,DQ,0.1163398,15.3,5.0,ema,premkt,nextopen,pullback,eod,False,2025-07-02 09:55:00,17.32,17.72,2025-07-02 15:55:00,eod,0.28000000000000114,2.3094688221708903,1.4285714285714177
2025-07-07,COGT,0.18337739,7.58,1.0,ema,premkt,nextopen,pullback,eod,False,2025-07-07 09:55:00,9.91,9.49,2025-07-07 10:24:00,stop,0.41999999999999993,-4.238143289606455,-1.0
2025-07-07,BTBT,0.14625847,2.94,3.0,ema,premkt,nextopen,pullback,eod,False,2025-07-07 10:25:00,3.53,3.47,2025-07-07 13:11:00,stop,0.05999999999999961,-1.6997167138810054,-1.0
2025-07-07,SY,0.10769224,3.25,4.0,ema,premkt,nextopen,pullback,eod,False,2025-07-07 10:25:00,4.17,4.2585,2025-07-07 15:55:00,eod,0.1299999999999999,2.1223021582733814,0.6807692307692298
2025-07-08,OCC,0.2596686,3.62,3.0,ema,premkt,nextopen,pullback,eod,False,2025-07-08 10:40:00,4.6,4.65,2025-07-08 15:55:00,eod,0.2499999999999991,1.0869565217391353,0.20000000000000356
2025-07-08,ZEPP,0.23563218,3.48,4.0,ema,premkt,nextopen,pullback,eod,False,2025-07-08 10:00:00,4.715,5.055,2025-07-08 15:55:00,eod,0.6449999999999996,7.211028632025451,0.5271317829457366
2025-07-09,PROK,0.55761385,3.73,1.0,ema,premkt,nextopen,pullback,eod,False,2025-07-09 09:50:00,6.7912,5.76,2025-07-09 10:27:00,stop,1.0312000000000001,-15.184356225703855,-1.0
2025-07-10,LIMN,0.15134096,5.22,2.0,ema,premkt,nextopen,pullback,eod,False,2025-07-10 09:55:00,6.43,5.99,2025-07-10 10:31:00,stop,0.4399999999999995,-6.8429237947122745,-1.0
2025-07-10,METC,0.14409447,12.7,4.0,ema,premkt,nextopen,pullback,eod,False,2025-07-10 10:05:00,15.77,16.64,2025-07-10 15:55:00,eod,0.5798999999999985,5.516804058338631,1.500258665287124
2025-07-10,POET,0.1147542,6.1,5.0,ema,premkt,nextopen,pullback,eod,False,2025-07-10 10:25:00,6.63,6.93,2025-07-10 15:55:00,eod,0.08000000000000007,4.52488687782806,3.7499999999999947
2025-07-14,SQNS,0.17999995,4.5,4.0,ema,premkt,nextopen,pullback,eod,False,2025-07-14 09:55:00,5.3314,5.24,2025-07-14 10:00:00,stop,0.09140000000000015,-1.7143714596541293,-1.0
2025-07-15,QXL,0.1394422,5.02,3.0,ema,premkt,nextopen,pullback,eod,False,2025-07-15 10:20:00,5.7999,5.47,2025-07-15 10:39:00,stop_gap,0.30989999999999984,-5.688029103950076,-1.0645369474023894
2025-07-16,NUWE,1.74106,6.895,1.0,ema,premkt,nextopen,pullback,eod,False,2025-07-16 10:20:00,18.13,18.099999999999998,2025-07-16 10:25:00,stop,0.030000000000001137,-0.1654715940430318,-1.0
2025-07-16,BTCS,0.2086438,4.75,4.0,ema,premkt,nextopen,pullback,eod,False,2025-07-16 10:00:00,5.88,5.75,2025-07-16 10:05:00,stop,0.1299999999999999,-2.2108843537414935,-1.0
2025-07-21,PWCM,0.20433438,3.23,3.0,ema,premkt,nextopen,pullback,eod,False,2025-07-21 09:45:00,4.1384,3.97,2025-07-21 09:56:00,stop,0.16839999999999966,-4.0692054900444585,-1.0
2025-07-23,IOVA,0.19808304,3.13,3.0,ema,premkt,nextopen,pullback,eod,False,2025-07-23 09:55:00,4.0,3.985,2025-07-23 15:55:00,eod,0.31999999999999984,-0.3750000000000031,-0.04687500000000041
2025-07-24,ATHR,0.153481,6.32,5.0,ema,premkt,nextopen,pullback,eod,False,2025-07-24 10:05:00,8.7535,8.82,2025-07-24 15:55:00,eod,1.4623000000000008,0.7596961215513787,0.04547630445189053
2025-07-25,LHAI,1.0905862,5.63,1.0,ema,premkt,nextopen,pullback,eod,False,2025-07-25 10:05:00,10.585,9.61,2025-07-25 10:23:00,stop,0.9750000000000014,-9.211147850732182,-1.0
2025-07-25,HTOO,0.42706132,4.73,2.0,ema,premkt,nextopen,pullback,eod,False,2025-07-25 10:50:00,6.4,6.16,2025-07-25 11:22:00,stop,0.2400000000000002,-3.749999999999998,-1.0
2025-07-25,COUR,0.27202642,9.08,4.0,ema,premkt,nextopen,pullback,eod,False,2025-07-25 10:05:00,11.91,11.862400000000001,2025-07-25 10:10:00,stop,0.0475999999999992,-0.3996641477749696,-1.0
2025-07-25,LIDR,0.18493152,2.92,5.0,ema,premkt,nextopen,pullback,eod,False,2025-07-25 10:05:00,3.835,4.455,2025-07-25 15:55:00,eod,0.2548999999999997,16.16688396349413,2.432326402510792
2025-07-28,SMX,0.3443395,2.12,2.0,ema,premkt,nextopen,pullback,eod,False,2025-07-28 10:30:00,2.5448,2.43,2025-07-28 13:33:00,stop,0.11479999999999979,-4.511160012574655,-1.0
2025-07-28,LIDR,0.20405865,4.435,5.0,ema,premkt,nextopen,pullback,eod,False,2025-07-28 10:45:00,4.4899,4.19,2025-07-28 12:57:00,stop,0.29989999999999917,-6.679436067618417,-1.0
2025-07-29,XPRO,0.22222221,9.0,4.0,ema,premkt,nextopen,pullback,eod,False,2025-07-29 10:50:00,11.3,12.055,2025-07-29 15:55:00,eod,0.2400000000000002,6.681415929203527,3.1458333333333264
2025-07-30,REPL,0.71066666,3.75,1.0,ema,premkt,nextopen,pullback,eod,False,2025-07-30 11:00:00,6.99,7.305,2025-07-30 15:55:00,eod,0.33000000000000007,4.5064377682403345,0.9545454545454528
2025-07-30,SUPX,0.18486345,16.12,4.0,ema,premkt,nextopen,pullback,eod,False,2025-07-30 09:55:00,21.96,23.275,2025-07-30 15:55:00,eod,2.9300000000000033,5.98816029143896,0.448805460750852
2025-07-31,APLD,0.25324023,10.03,1.0,ema,premkt,nextopen,pullback,eod,False,2025-07-31 10:10:00,13.9789,13.23,2025-07-31 13:49:00,stop,0.748899999999999,-5.357360021174761,-1.0
2025-07-31,ALHC,0.15384614,13.0,5.0,ema,premkt,nextopen,pullback,eod,False,2025-07-31 09:45:00,15.92,15.43,2025-07-31 09:57:00,stop,0.4900000000000002,-3.0778894472361817,-1.0
2025-08-01,ATEC,0.13185263,10.58,3.0,ema,premkt,nextopen,pullback,eod,False,2025-08-01 09:50:00,13.15,13.665,2025-08-01 15:55:00,eod,0.7200000000000006,3.916349809885933,0.7152777777777755
2025-08-01,FLGT,0.12048888,17.18,4.0,ema,premkt,nextopen,pullback,eod,False,2025-08-01 10:30:00,19.145,18.91,2025-08-01 12:21:00,stop,0.23499999999999943,-1.2274745364324824,-1.0
2025-08-04,PBM,0.92813563,2.36,1.0,ema,premkt,nextopen,pullback,eod,False,2025-08-04 10:00:00,4.465,4.33,2025-08-04 10:10:00,stop,0.1349999999999998,-3.023516237402013,-1.0
2025-08-04,UNIT,0.5417516,4.91,3.0,ema,premkt,nextopen,pullback,eod,False,2025-08-04 10:35:00,8.11,8.205,2025-08-04 15:55:00,eod,0.11999999999999922,1.1713933415536504,0.7916666666666772
2025-08-05,AMRC,0.2964071,16.7,4.0,ema,premkt,nextopen,pullback,eod,False,2025-08-05 09:45:00,23.08,24.785,2025-08-05 15:55:00,eod,0.879999999999999,7.387348353552858,1.9375000000000042
2025-08-05,CSTL,0.29569197,15.32,5.0,ema,premkt,nextopen,pullback,eod,False,2025-08-05 10:35:00,20.53,20.18,2025-08-05 15:42:00,stop,0.3500000000000014,-1.7048222113979605,-1.0
2025-08-07,AVAH,0.36760926,3.89,1.0,ema,premkt,nextopen,pullback,eod,False,2025-08-07 09:55:00,5.9,5.6000000000000005,2025-08-07 10:07:00,stop,0.2999999999999998,-5.0847457627118615,-1.0
2025-08-07,ARHS,0.2566446,9.87,2.0,ema,premkt,nextopen,pullback,eod,False,2025-08-07 10:20:00,12.02,11.84,2025-08-07 10:37:00,stop,0.17999999999999972,-1.4975041597337757,-1.0
2025-08-07,MATV,0.24132752,6.28,3.0,ema,premkt,nextopen,pullback,eod,False,2025-08-07 09:55:00,8.24,8.42,2025-08-07 15:55:00,eod,0.41000000000000014,2.1844660194174637,0.4390243902439016
2025-08-07,RUN,0.23484015,9.07,4.0,ema,premkt,nextopen,pullback,eod,False,2025-08-07 10:20:00,11.92,11.7728,2025-08-07 11:39:00,stop,0.14719999999999978,-1.2348993288590626,-1.0
2025-08-07,XERS,0.22495449,5.49,5.0,ema,premkt,nextopen,pullback,eod,False,2025-08-07 10:30:00,6.9,6.62,2025-08-07 11:05:00,stop,0.28000000000000025,-4.057971014492756,-1.0
2025-08-08,OPRX,0.26557636,12.84,3.0,ema,premkt,nextopen,pullback,eod,False,2025-08-08 10:30:00,14.81,17.51,2025-08-08 15:55:00,eod,0.5099999999999998,18.230925050641456,5.294117647058828
2025-08-12,FRMM,0.7904191,3.34,1.0,ema,premkt,nextopen,pullback,eod,False,2025-08-12 10:10:00,5.52,10.58,2025-08-12 15:55:00,eod,0.6394999999999991,91.66666666666667,7.912431587177495
2025-08-12,ONDS,0.14868808,3.43,5.0,ema,premkt,nextopen,pullback,eod,False,2025-08-12 10:30:00,4.1237,4.09,2025-08-12 11:30:00,stop,0.03370000000000051,-0.8172272473749409,-1.0
2025-08-13,WBTN,0.36217952,9.36,2.0,ema,premkt,nextopen,pullback,eod,False,2025-08-13 10:45:00,16.6302,16.96,2025-08-13 15:55:00,eod,0.7701999999999991,1.9831391083691363,0.42820046741106554
2025-08-13,TGEN,0.24036276,8.82,3.0,ema,premkt,nextopen,pullback,eod,False,2025-08-13 10:10:00,10.38,9.5,2025-08-13 12:43:00,stop,0.8800000000000008,-8.477842003853574,-1.0
2025-08-13,XFOR,0.23643422,2.58,4.0,ema,premkt,nextopen,pullback,eod,False,2025-08-13 09:55:00,3.0189,2.8200000000000003,2025-08-13 11:03:00,stop,0.19889999999999963,-6.5884924972672065,-1.0
2025-08-15,PPSI,0.55627024,3.11,1.0,ema,premkt,nextopen,pullback,eod,False,2025-08-15 10:00:00,5.275,4.86,2025-08-15 10:16:00,stop,0.41500000000000004,-7.867298578199056,-1.0
2025-08-18,PPCB,1.020906,2.87,1.0,ema,premkt,nextopen,pullback,eod,False,2025-08-18 09:45:00,8.0485,7.8100000000000005,2025-08-18 09:59:00,stop,0.23850000000000016,-2.9632850841771807,-1.0
2025-08-18,GDRX,0.24664879,3.73,2.0,ema,premkt,nextopen,pullback,eod,False,2025-08-18 10:15:00,4.88,5.1088,2025-08-18 15:55:00,eod,0.25,4.688524590163934,0.9151999999999987
2025-08-18,OTLK,0.111111164,2.34,5.0,ema,premkt,nextopen,pullback,eod,False,2025-08-18 09:50:00,2.829,2.7,2025-08-18 12:44:00,stop,0.129,-4.559915164369032,-1.0
2025-08-19,KYIV,0.116666675,13.5,4.0,ema,premkt,nextopen,pullback,eod,False,2025-08-19 10:05:00,15.75,15.31,2025-08-19 10:20:00,stop,0.4399999999999995,-2.7936507936507926,-1.0
2025-08-20,PPCB,0.3365667,3.67,1.0,ema,premkt,nextopen,pullback,eod,False,2025-08-20 10:35:00,4.92,4.78,2025-08-20 10:54:00,stop,0.13999999999999968,-2.8455284552845517,-1.0
2025-08-25,AEHR,0.16408837,18.1,4.0,ema,premkt,nextopen,pullback,eod,False,2025-08-25 10:25:00,23.84,24.7,2025-08-25 15:55:00,eod,0.41000000000000014,3.6073825503355694,2.097560975609754
2025-08-25,CGTX,0.12633455,2.81,5.0,ema,premkt,nextopen,pullback,eod,False,2025-08-25 09:45:00,3.5692,3.3150000000000004,2025-08-25 10:45:00,stop,0.25419999999999954,-7.122044155553054,-1.0
2025-08-26,SER,0.24113476,5.64,2.0,ema,premkt,nextopen,pullback,eod,False,2025-08-26 10:30:00,6.04,5.640000000000001,2025-08-26 13:05:00,stop,0.39999999999999947,-6.62251655629138,-1.0
2025-08-26,OPAD,0.14560437,3.64,3.0,ema,premkt,nextopen,pullback,eod,False,2025-08-26 09:50:00,4.38,4.09,2025-08-26 10:27:00,stop,0.29000000000000004,-6.6210045662100425,-1.0
2025-08-26,DOMO,0.10621393,13.84,5.0,ema,premkt,nextopen,pullback,eod,False,2025-08-26 10:30:00,16.2741,16.04,2025-08-26 11:10:00,stop,0.23410000000000153,-1.4384820051492997,-1.0
2025-08-27,SKYA,0.17677295,9.73,2.0,ema,premkt,nextopen,pullback,eod,False,2025-08-27 10:25:00,14.7,15.67,2025-08-27 15:55:00,eod,2.9299999999999997,6.598639455782318,0.33105802047781596
2025-08-27,VIR,0.12162161,4.44,3.0,ema,premkt,nextopen,pullback,eod,False,2025-08-27 10:10:00,5.01,5.205,2025-08-27 15:55:00,eod,0.16999999999999993,3.8922155688622784,1.147058823529414
2025-08-28,VELO,0.1222707,4.58,2.0,ema,premkt,nextopen,pullback,eod,False,2025-08-28 10:40:00,4.85,4.8004,2025-08-28 10:51:00,stop_gap,0.009999999999999787,-1.0226804123711353,-4.960000000000092
2025-08-28,OPAD,0.11904764,3.36,4.0,ema,premkt,nextopen,pullback,eod,False,2025-08-28 09:55:00,4.0687,6.085,2025-08-28 15:55:00,eod,0.11869999999999958,49.55636935630545,16.98652064026965
2025-08-28,TVTX,0.106651306,17.44,5.0,ema,premkt,nextopen,pullback,eod,False,2025-08-28 10:20:00,18.955,18.889999999999997,2025-08-28 10:29:00,stop,0.06500000000000128,-0.3429174360327192,-1.0
2025-08-29,NEO,0.21775305,7.21,3.0,ema,premkt,nextopen,pullback,eod,False,2025-08-29 10:05:00,8.645,8.82,2025-08-29 15:55:00,eod,0.08499999999999908,2.0242914979757165,2.0588235294117956
2025-08-29,SOGP,0.17636359,12.5,4.0,ema,premkt,nextopen,pullback,eod,False,2025-08-29 10:25:00,12.1486,12.058,2025-08-29 15:55:00,eod,0.6984999999999992,-0.7457649441087844,-0.12970651395848296
2025-08-29,YDKG,0.17102134,4.21,5.0,ema,premkt,nextopen,pullback,eod,False,2025-08-29 10:25:00,4.75,4.19,2025-08-29 11:01:00,stop,0.5599999999999996,-11.789473684210517,-1.0
2025-09-02,MLYS,0.46253228,15.48,1.0,ema,premkt,nextopen,pullback,eod,False,2025-09-02 10:50:00,28.19,27.99,2025-09-02 11:04:00,stop,0.20000000000000284,-0.709471443774401,-1.0
2025-09-03,IPDN,0.24460435,6.95,4.0,ema,premkt,nextopen,pullback,eod,False,2025-09-03 10:10:00,10.2,9.22,2025-09-03 10:22:00,stop,0.9799999999999986,-9.60784313725489,-1.0
2025-09-05,FBIO,0.14788735,2.84,2.0,ema,premkt,nextopen,pullback,eod,False,2025-09-05 10:10:00,3.4787,3.41,2025-09-05 10:24:00,stop,0.06869999999999976,-1.9748756719464078,-1.0
2025-09-09,MGIH,0.28318584,2.26,2.0,ema,premkt,nextopen,pullback,eod,False,2025-09-09 10:10:00,2.27,2.1300000000000003,2025-09-09 10:18:00,stop,0.13999999999999968,-6.16740088105725,-1.0
2025-09-10,MEI,0.14936328,7.4,4.0,ema,premkt,nextopen,pullback,eod,False,2025-09-10 09:50:00,8.4099,8.1,2025-09-10 10:37:00,stop,0.30990000000000073,-3.6849427460493023,-1.0
2025-09-10,DAKT,0.14228344,17.43,5.0,ema,premkt,nextopen,pullback,eod,False,2025-09-10 09:50:00,21.405,21.095,2025-09-10 13:28:00,stop,0.3100000000000023,-1.4482597523943097,-1.0
2025-09-11,MAZE,0.31710362,16.02,2.0,ema,premkt,nextopen,pullback,eod,False,2025-09-11 09:50:00,23.735,23.49,2025-09-11 09:55:00,stop,0.245000000000001,-1.0322308826627435,-1.0
2025-09-11,OPEN,0.29863477,5.86,3.0,ema,premkt,nextopen,pullback,eod,False,2025-09-11 09:45:00,8.3601,10.33,2025-09-11 15:55:00,eod,0.5900999999999987,23.563115273740753,3.33824775461787
2025-09-16,MBAI,0.22439349,2.12,3.0,ema,premkt,nextopen,pullback,eod,False,2025-09-16 10:00:00,2.43,2.3000000000000003,2025-09-16 10:14:00,stop,0.1299999999999999,-5.349794238683126,-1.0
2025-09-16,JMIA,0.13483143,9.79,4.0,ema,premkt,nextopen,pullback,eod,False,2025-09-16 10:00:00,11.9118,11.8003,2025-09-16 10:20:00,stop,0.11149999999999949,-0.9360466092446118,-1.0
2025-09-18,PESI,0.15628827,8.19,3.0,ema,premkt,nextopen,pullback,eod,False,2025-09-18 10:20:00,9.82,9.74,2025-09-18 10:26:00,stop,0.08000000000000007,-0.8146639511201648,-1.0
2025-09-18,KEEL,0.1098361,3.05,4.0,ema,premkt,nextopen,pullback,eod,False,2025-09-18 09:50:00,3.458,3.27,2025-09-18 12:35:00,stop,0.18800000000000017,-5.436668594563332,-1.0
2025-09-19,AGMH,2.134529,2.23,1.0,ema,premkt,nextopen,pullback,eod,False,2025-09-19 10:05:00,9.43,10.69,2025-09-19 15:55:00,eod,2.289999999999999,13.361611876988345,0.5502183406113538
2025-09-19,WLDS,0.19491518,4.72,5.0,ema,premkt,nextopen,pullback,eod,False,2025-09-19 10:50:00,5.8103,5.65,2025-09-19 11:03:00,stop,0.16029999999999944,-2.7588936887940285,-1.0
2025-09-22,MBX,1.24,10.0,3.0,ema,premkt,nextopen,pullback,eod,False,2025-09-22 10:25:00,24.24,22.5981,2025-09-22 10:32:00,stop,1.6418999999999997,-6.773514851485151,-1.0
2025-09-24,QURE,1.8814056,13.66,1.0,ema,premkt,nextopen,pullback,eod,False,2025-09-24 10:00:00,38.865,38.49,2025-09-24 10:08:00,stop,0.375,-0.9648784253184051,-1.0
2025-09-24,LAC,0.64657974,3.07,3.0,ema,premkt,nextopen,pullback,eod,False,2025-09-24 09:50:00,5.8986,6.015,2025-09-24 15:55:00,eod,0.5286,1.973349608381647,0.22020431328036252
2025-09-24,CLPT,0.3388158,12.16,4.0,ema,premkt,nextopen,pullback,eod,False,2025-09-24 10:05:00,18.1139,19.33,2025-09-24 15:55:00,eod,0.7219000000000015,6.713628760233847,1.684582352126326
2025-09-26,AQST,0.11977184,5.26,3.0,ema,premkt,nextopen,pullback,eod,False,2025-09-26 10:35:00,5.935,5.88,2025-09-26 10:50:00,stop,0.054999999999999716,-0.9267059814658807,-1.0
2025-09-26,IONR,0.10239649,4.59,4.0,ema,premkt,nextopen,pullback,eod,False,2025-09-26 10:45:00,4.89,4.84,2025-09-26 15:37:00,stop,0.04999999999999982,-1.0224948875255602,-1.0
2025-09-29,IBG,0.30962336,2.39,4.0,ema,premkt,nextopen,pullback,eod,False,2025-09-29 09:55:00,3.21,3.0300000000000002,2025-09-29 11:17:00,stop,0.17999999999999972,-5.607476635514008,-1.0
2025-09-30,SPRC,0.3183856,4.46,1.0,ema,premkt,nextopen,pullback,eod,False,2025-09-30 10:20:00,6.1499,6.0200000000000005,2025-09-30 11:01:00,stop,0.12989999999999924,-2.1122294671457986,-1.0
2025-10-02,TSHA,0.26886785,3.18,3.0,ema,premkt,nextopen,pullback,eod,False,2025-10-02 10:20:00,4.48,4.32,2025-10-02 10:36:00,stop,0.16000000000000014,-3.57142857142857,-1.0
2025-10-03,PLUG,0.13780928,2.83,2.0,ema,premkt,nextopen,pullback,eod,False,2025-10-03 10:15:00,3.49,3.4200000000000004,2025-10-03 10:22:00,stop,0.06999999999999984,-2.005730659025784,-1.0
2025-10-03,RUM,0.112313986,7.39,4.0,ema,premkt,nextopen,pullback,eod,False,2025-10-03 10:10:00,8.3415,8.51,2025-10-03 15:55:00,eod,0.16000000000000014,2.0200203800275762,1.0531249999999983
2025-10-06,CRML,0.44047618,7.98,1.0,ema,premkt,nextopen,pullback,eod,False,2025-10-06 09:45:00,14.0524,12.74,2025-10-06 09:54:00,stop,1.3124000000000002,-9.3393299365233,-1.0
2025-10-06,IONR,0.25789475,4.75,2.0,ema,premkt,nextopen,pullback,eod,False,2025-10-06 10:35:00,7.24,6.8304,2025-10-06 11:52:00,stop,0.4096000000000002,-5.657458563535911,-1.0
2025-10-07,BTQ,0.20549452,9.1,5.0,ema,premkt,nextopen,pullback,eod,False,2025-10-07 09:45:00,11.79,11.09,2025-10-07 10:01:00,stop,0.6999999999999993,-5.93723494486853,-1.0
2025-10-09,DMRA,0.43755877,10.65,4.0,ema,premkt,nextopen,pullback,eod,False,2025-10-09 09:55:00,15.3812,14.5401,2025-10-09 10:06:00,stop,0.8410999999999991,-5.4683639768028485,-1.0
2025-10-09,SUGP,0.21764708,6.7995,5.0,ema,premkt,nextopen,pullback,eod,False,2025-10-09 10:20:00,8.48,8.2342,2025-10-09 10:35:00,stop,0.2458000000000009,-2.898584905660384,-1.0
2025-10-10,YHGJ,0.33333337,6.0,5.0,ema,premkt,nextopen,pullback,eod,False,2025-10-10 10:00:00,8.3942,8.19,2025-10-10 10:11:00,stop,0.20420000000000016,-2.4326320554668768,-1.0
2025-10-14,GWAV,1.0164511,8.51,1.0,ema,premkt,nextopen,pullback,eod,False,2025-10-14 09:50:00,22.755,17.79,2025-10-14 10:24:00,stop,4.965,-21.819380355965723,-1.0
2025-10-15,VERI,0.45146525,5.46,3.0,ema,premkt,nextopen,pullback,eod,False,2025-10-15 10:35:00,9.2181,8.9,2025-10-15 10:44:00,stop,0.3180999999999994,-3.4508195832112842,-1.0
2025-10-16,AQMS,0.23744619,13.94,3.0,ema,premkt,nextopen,pullback,eod,False,2025-10-16 09:50:00,18.3101,17.24,2025-10-16 10:07:00,stop,1.0701,-5.8443154324662405,-1.0
2025-10-17,ARTV,1.0180507,2.77,1.0,ema,premkt,nextopen,pullback,eod,False,2025-10-17 10:00:00,5.6359,5.430000000000001,2025-10-17 10:09:00,stop,0.20589999999999975,-3.653365034865763,-1.0
2025-10-17,ACHV,0.28896105,3.08,2.0,ema,premkt,nextopen,pullback,eod,False,2025-10-17 09:55:00,4.1101,4.185,2025-10-17 15:55:00,eod,0.22009999999999996,1.8223400890489128,0.34029986369831683
2025-10-20,GSIT,0.47637796,5.08,2.0,ema,premkt,nextopen,pullback,eod,False,2025-10-20 10:40:00,15.61,12.82,2025-10-20 13:32:00,stop,2.789999999999999,-17.873158231902618,-1.0
2025-10-20,ABAT,0.24020624,4.85,4.0,ema,premkt,nextopen,pullback,eod,False,2025-10-20 10:00:00,6.3565,6.09,2025-10-20 10:10:00,stop,0.26649999999999974,-4.192558798080704,-1.0
2025-10-21,EOSE,0.13424385,15.01,5.0,ema,premkt,nextopen,pullback,eod,False,2025-10-21 10:45:00,16.525,16.31,2025-10-21 10:54:00,stop,0.21499999999999986,-1.301059001512861,-1.0
2025-10-22,RANI,0.24912286,2.85,5.0,ema,premkt,nextopen,pullback,eod,False,2025-10-22 10:40:00,3.1579,3.0300000000000002,2025-10-22 11:07:00,stop,0.1278999999999999,-4.050159916400132,-1.0
2025-10-23,BIOA,0.32231402,6.05,3.0,ema,premkt,nextopen,pullback,eod,False,2025-10-23 10:25:00,8.12,7.99,2025-10-23 10:51:00,stop,0.129999999999999,-1.6009852216748666,-1.0
2025-10-23,GTX,0.18734801,12.51,4.0,ema,premkt,nextopen,pullback,eod,False,2025-10-23 10:15:00,15.5,15.26,2025-10-23 10:34:00,stop,0.2400000000000002,-1.5483870967741953,-1.0
2025-10-24,NEUP,0.5555556,4.05,2.0,ema,premkt,nextopen,pullback,eod,False,2025-10-24 10:20:00,6.68,6.220000000000001,2025-10-24 10:36:00,stop,0.4599999999999991,-6.886227544910161,-1.0
2025-10-27,BBAR,0.43852913,10.11,2.0,ema,premkt,nextopen,pullback,eod,False,2025-10-27 10:00:00,14.31,14.09,2025-10-27 10:06:00,stop,0.22000000000000064,-1.5373864430468287,-1.0
2025-10-27,DYN,0.36682236,17.12,3.0,ema,premkt,nextopen,pullback,eod,False,2025-10-27 09:55:00,24.33,23.54,2025-10-27 10:56:00,stop,0.7899999999999991,-3.2470201397451715,-1.0
2025-10-27,SUPV,0.36255574,6.73,4.0,ema,premkt,nextopen,pullback,eod,False,2025-10-27 10:00:00,9.79,9.5701,2025-10-27 10:09:00,stop,0.2198999999999991,-2.24616956077629,-1.0
2025-10-27,CEPU,0.31693125,9.45,5.0,ema,premkt,nextopen,pullback,eod,False,2025-10-27 10:00:00,12.7001,12.5624,2025-10-27 10:07:00,stop,0.1377000000000006,-1.084243431154086,-1.0
2025-10-29,PUMP,0.23287666,7.3,1.0,ema,premkt,nextopen,pullback,eod,False,2025-10-29 09:50:00,9.57,11.1622,2025-10-29 15:55:00,eod,0.4299999999999997,16.637408568443046,3.702790697674421
2025-10-29,WKEY,0.10946274,12.47,5.0,ema,premkt,nextopen,pullback,eod,False,2025-10-29 11:00:00,14.9,16.15,2025-10-29 15:55:00,eod,0.7699999999999996,8.389261744966436,1.623376623376622
2025-10-30,EBS,0.15531921,9.4,5.0,ema,premkt,nextopen,pullback,eod,False,2025-10-30 09:45:00,12.518,12.79,2025-10-30 15:55:00,eod,0.8780000000000001,2.172871065665438,0.30979498861047655
2025-10-31,ATEC,0.22627068,16.33,3.0,ema,premkt,nextopen,pullback,eod,False,2025-10-31 10:15:00,19.5,19.04,2025-10-31 11:03:00,stop,0.46000000000000085,-2.358974358974364,-1.0
2025-11-03,CIFR,0.23002684,18.65,3.0,ema,premkt,nextopen,pullback,eod,False,2025-11-03 09:45:00,23.83,22.529999999999998,2025-11-03 10:33:00,stop,1.3000000000000007,-5.4553084347461205,-1.0
2025-11-04,TCMD,0.3506657,15.77,1.0,ema,premkt,nextopen,pullback,eod,False,2025-11-04 10:30:00,22.9201,22.599999999999998,2025-11-04 11:12:00,stop,0.3201000000000036,-1.3965907653108123,-1.0
2025-11-04,HTZ,0.16194332,4.94,4.0,ema,premkt,nextopen,pullback,eod,False,2025-11-04 09:45:00,6.26,6.755,2025-11-04 15:55:00,eod,0.43539999999999957,7.907348242811496,1.1368856224161705
2025-11-05,APPS,0.3471284,5.92,1.0,ema,premkt,nextopen,pullback,eod,False,2025-11-05 10:15:00,8.19,7.86,2025-11-05 11:00:00,stop,0.3299999999999992,-4.029304029304015,-1.0
2025-11-05,BW,0.28208554,3.74,2.0,ema,premkt,nextopen,pullback,eod,False,2025-11-05 10:15:00,5.14,4.84,2025-11-05 10:38:00,stop,0.2999999999999998,-5.836575875486383,-1.0
2025-11-05,NPCE,0.23723412,9.4,3.0,ema,premkt,nextopen,pullback,eod,False,2025-11-05 10:25:00,12.39,13.0,2025-11-05 15:55:00,eod,0.16999999999999993,4.923325262308298,3.5882352941176454
2025-11-06,FSLY,0.20198262,8.07,4.0,ema,premkt,nextopen,pullback,eod,False,2025-11-06 10:10:00,10.34,10.03,2025-11-06 10:37:00,stop,0.3100000000000005,-2.9980657640232167,-1.0
2025-11-07,ORGO,0.31362462,3.89,2.0,ema,premkt,nextopen,pullback,eod,False,2025-11-07 10:00:00,5.17,5.565,2025-11-07 15:55:00,eod,0.14999999999999947,7.640232108317213,2.6333333333333457
2025-11-07,HLLY,0.23076916,2.73,3.0,ema,premkt,nextopen,pullback,eod,False,2025-11-07 10:50:00,3.8,3.64,2025-11-07 15:50:00,stop,0.1599999999999997,-4.210526315789465,-1.0
2025-11-07,TNDM,0.2003001,13.33,4.0,ema,premkt,nextopen,pullback,eod,False,2025-11-07 10:45:00,16.15,15.84,2025-11-07 11:49:00,stop,0.3099999999999987,-1.9195046439628438,-1.0
2025-11-10,COGT,1.2105262,14.82,1.0,ema,premkt,nextopen,pullback,eod,False,2025-11-10 10:00:00,32.43,32.19,2025-11-10 15:55:00,eod,0.9200000000000017,-0.7400555041628176,-0.26086956521739296
2025-11-10,SOC,0.29775274,5.34,2.0,ema,premkt,nextopen,pullback,eod,False,2025-11-10 10:10:00,5.97,5.9402,2025-11-10 10:23:00,stop,0.029799999999999827,-0.4991624790619764,-1.0
2025-11-10,VFF,0.15202701,2.96,3.0,ema,premkt,nextopen,pullback,eod,False,2025-11-10 10:40:00,3.37,3.46,2025-11-10 15:55:00,eod,0.1299999999999999,2.6706231454005858,0.6923076923076917
2025-11-10,PRTH,0.14989734,4.87,4.0,ema,premkt,nextopen,pullback,eod,False,2025-11-10 10:15:00,5.81,5.55,2025-11-10 11:19:00,stop,0.2599999999999998,-4.475043029259895,-1.0
2025-11-12,MH,0.1715039,11.37,1.0,ema,premkt,nextopen,pullback,eod,False,2025-11-12 10:05:00,13.5501,13.96,2025-11-12 15:55:00,eod,0.3400999999999996,3.0250699256832103,1.205233754778009
2025-11-12,PAL,0.12765956,6.58,3.0,ema,premkt,nextopen,pullback,eod,False,2025-11-12 10:40:00,8.59,8.42,2025-11-12 10:47:00,stop_gap,0.16000000000000014,-1.9790454016297976,-1.0624999999999987
2025-11-12,KOPN,0.125,2.8,4.0,ema,premkt,nextopen,pullback,eod,False,2025-11-12 10:25:00,2.84,2.81,2025-11-12 10:30:00,stop,0.029999999999999805,-1.0563380281690127,-1.0
2025-11-12,IHS,0.12481427,6.73,5.0,ema,premkt,nextopen,pullback,eod,False,2025-11-12 09:55:00,7.15,6.9,2025-11-12 14:03:00,stop,0.25,-3.4965034965035002,-1.0
2025-11-13,OLOX,0.36401665,2.39,1.0,ema,premkt,nextopen,pullback,eod,False,2025-11-13 10:15:00,3.08,3.18,2025-11-13 15:55:00,eod,0.34999999999999964,3.2467532467532534,0.28571428571428625
2025-11-13,CURI,0.18880093,3.76,4.0,ema,premkt,nextopen,pullback,eod,False,2025-11-13 09:50:00,4.7564,4.54,2025-11-13 11:07:00,stop,0.21640000000000015,-4.549659406273654,-1.0
2025-11-13,CLBT,0.17720723,15.97,5.0,ema,premkt,nextopen,pullback,eod,False,2025-11-13 09:45:00,19.6937,19.023,2025-11-13 15:37:00,stop,0.6707000000000001,-3.4056576468616817,-1.0
2025-11-14,OWLT,0.11220479,10.16,1.0,ema,premkt,nextopen,pullback,eod,False,2025-11-14 09:50:00,11.46,10.78,2025-11-14 13:39:00,stop,0.6800000000000015,-5.933682373472959,-1.0
2025-11-17,PACS,0.21455586,10.58,3.0,ema,premkt,nextopen,pullback,eod,False,2025-11-17 09:50:00,14.17,15.7601,2025-11-17 15:55:00,eod,0.5800000000000001,11.221594918842626,2.74155172413793
2025-11-18,DGNX,0.19205308,13.59,2.0,ema,premkt,nextopen,pullback,eod,False,2025-11-18 10:00:00,15.465,15.1401,2025-11-18 10:10:00,stop,0.3248999999999995,-2.1008729388942715,-1.0
2025-11-19,OLOX,0.21700883,3.41,2.0,ema,premkt,nextopen,pullback,eod,False,2025-11-19 09:50:00,4.45,4.2,2025-11-19 09:58:00,stop,0.25,-5.61797752808989,-1.0
2025-11-19,SGML,0.14543104,7.77,3.0,ema,premkt,nextopen,pullback,eod,False,2025-11-19 09:45:00,10.3,10.43,2025-11-19 15:55:00,eod,0.8100000000000005,1.2621359223300876,0.1604938271604925
2025-11-20,PACS,0.52644086,16.83,1.0,ema,premkt,nextopen,pullback,eod,False,2025-11-20 09:50:00,26.95,25.68,2025-11-20 11:13:00,stop,1.2699999999999996,-4.712430426716141,-1.0
2025-11-20,NNOX,0.1815182,3.03,4.0,ema,premkt,nextopen,pullback,eod,False,2025-11-20 10:15:00,3.835,3.6100000000000003,2025-11-20 11:38:00,stop,0.22499999999999964,-5.867014341590604,-1.0
2025-11-24,MFI,0.20701766,11.4,1.0,ema,premkt,nextopen,pullback,eod,False,2025-11-24 09:45:00,14.0011,13.63,2025-11-24 09:51:00,stop,0.37109999999999843,-2.650506031668931,-1.0
2025-11-24,OSCR,0.20548964,13.48,2.0,ema,premkt,nextopen,pullback,eod,False,2025-11-24 10:45:00,16.52,16.502,2025-11-24 10:50:00,stop,0.018000000000000682,-0.10895883777239934,-1.0
2025-11-24,EPSM,0.15598893,3.59,3.0,ema,premkt,nextopen,pullback,eod,False,2025-11-24 09:50:00,4.51,4.34,2025-11-24 10:21:00,stop,0.16999999999999993,-3.7694013303769425,-1.0
2025-11-25,BNED,0.28850782,6.69,1.0,ema,premkt,nextopen,pullback,eod,False,2025-11-25 10:25:00,9.11,8.94,2025-11-25 10:42:00,stop,0.16999999999999993,-1.866081229418226,-1.0
2025-11-25,KSS,0.23903072,15.73,2.0,ema,premkt,nextopen,pullback,eod,False,2025-11-25 09:45:00,20.5566,22.33,2025-11-25 15:55:00,eod,0.8166000000000011,8.626913010906456,2.1716874846926233
2025-11-26,AEHL,0.14687502,3.2,3.0,ema,premkt,nextopen,pullback,eod,False,2025-11-26 09:55:00,3.29,3.14,2025-11-26 10:14:00,stop,0.1499999999999999,-4.5592705167173175,-1.0
2025-11-28,SMX,0.9252893,17.4,1.0,ema,premkt,nextopen,pullback,eod,False,2025-11-28 10:00:00,46.0,53.05,2025-11-28 15:55:00,eod,12.119999999999997,15.326086956521735,0.5816831683168315
2025-12-02,XXI,0.15611064,11.21,2.0,ema,premkt,nextopen,pullback,eod,False,2025-12-02 09:50:00,13.405,12.99,2025-12-02 11:50:00,stop,0.41499999999999915,-3.0958597538231936,-1.0
2025-12-02,FRMM,0.12460399,9.47,3.0,ema,premkt,nextopen,pullback,eod,False,2025-12-02 10:45:00,10.825,10.595,2025-12-02 11:31:00,stop,0.22999999999999865,-2.124711316397221,-1.0
2025-12-02,CDLR,0.11531842,17.43,4.0,ema,premkt,nextopen,pullback,eod,False,2025-12-02 10:25:00,18.0,17.639999999999997,2025-12-02 10:47:00,stop,0.360000000000003,-2.000000000000013,-1.0
2025-12-03,CAPR,3.716981,6.36,1.0,ema,premkt,nextopen,pullback,eod,False,2025-12-03 10:20:00,23.3,22.599999999999998,2025-12-03 10:25:00,stop,0.7000000000000028,-3.0042918454935785,-1.0
2025-12-04,PLRZ,1.3004229,7.09,1.0,ema,premkt,nextopen,pullback,eod,False,2025-12-04 09:45:00,17.72,16.34,2025-12-04 10:02:00,stop,1.379999999999999,-7.787810383747173,-1.0
2025-12-04,QCLS,0.17344749,4.67,2.0,ema,premkt,nextopen,pullback,eod,False,2025-12-04 10:05:00,6.9055,7.06,2025-12-04 15:55:00,eod,1.0153999999999996,2.237347042212723,0.15215678550324965
2025-12-08,WVE,0.712283,7.49,2.0,ema,premkt,nextopen,pullback,eod,False,2025-12-08 09:55:00,14.5,18.3243,2025-12-08 15:55:00,eod,1.2899999999999991,26.374482758620687,2.9645736434108554
2025-12-09,AMCI,0.32697678,7.8449,2.0,ema,premkt,nextopen,pullback,eod,False,2025-12-09 09:45:00,12.81,11.77,2025-12-09 10:36:00,stop,1.040000000000001,-8.118657298985177,-1.0
2025-12-09,TROX,0.24013066,3.75,5.0,ema,premkt,nextopen,pullback,eod,False,2025-12-09 10:30:00,4.485,4.42,2025-12-09 10:47:00,stop,0.06500000000000039,-1.449275362318847,-1.0
2025-12-10,ASPC,1.480916,10.48,1.0,ema,premkt,nextopen,pullback,eod,False,2025-12-10 10:50:00,39.4,38.7,2025-12-10 10:58:00,stop,0.6999999999999957,-1.776649746192882,-1.0
2025-12-10,ENVB,0.9695946,5.92,2.0,ema,premkt,nextopen,pullback,eod,False,2025-12-10 10:20:00,12.08,11.33,2025-12-10 10:47:00,stop,0.75,-6.20860927152318,-1.0
2025-12-10,NXDR,0.34328365,2.01,3.0,ema,premkt,nextopen,pullback,eod,False,2025-12-10 09:55:00,2.55,2.5100000000000002,2025-12-10 10:00:00,stop,0.03999999999999959,-1.5686274509803755,-1.0
2025-12-11,BGDE,0.26865673,6.7,1.0,ema,premkt,nextopen,pullback,eod,False,2025-12-11 10:05:00,9.7715,9.14,2025-12-11 10:21:00,stop,0.6314999999999991,-6.462672056490804,-1.0
2025-12-11,PL,0.22024739,12.94,2.0,ema,premkt,nextopen,pullback,eod,False,2025-12-11 10:05:00,17.17,17.395,2025-12-11 15:55:00,eod,1.0200000000000031,1.3104251601630645,0.2205882352941149
2025-12-11,NXDR,0.166008,2.53,4.0,ema,premkt,nextopen,pullback,eod,False,2025-12-11 10:00:00,3.3799,3.1700000000000004,2025-12-11 10:08:00,stop,0.20989999999999975,-6.210242906594865,-1.0
2025-12-12,VIVO,0.20472443,2.54,4.0,ema,premkt,nextopen,pullback,eod,False,2025-12-12 10:10:00,2.88,2.865,2025-12-12 15:55:00,eod,0.11999999999999966,-0.5208333333333259,-0.12499999999999768
2025-12-12,RENT,0.19182944,5.63,5.0,ema,premkt,nextopen,pullback,eod,False,2025-12-12 09:45:00,6.915,6.5600000000000005,2025-12-12 10:08:00,stop,0.35499999999999954,-5.133767172812719,-1.0
2025-12-15,IMNM,0.17118037,19.57,5.0,ema,premkt,nextopen,pullback,eod,False,2025-12-15 09:45:00,24.2412,23.731599999999997,2025-12-15 11:34:00,stop,0.5096000000000025,-2.1022061614111576,-1.0
2025-12-16,AMCI,0.6478679,7.27,1.0,ema,premkt,nextopen,pullback,eod,False,2025-12-16 09:50:00,12.2,11.69,2025-12-16 11:23:00,stop,0.5099999999999998,-4.180327868852462,-1.0
2025-12-16,RZLV,0.29094827,2.32,2.0,ema,premkt,nextopen,pullback,eod,False,2025-12-16 11:00:00,3.0999,2.9800000000000004,2025-12-16 15:18:00,stop,0.11989999999999945,-3.867866705377576,-1.0
2025-12-18,SOC,0.5246211,5.28,1.0,ema,premkt,nextopen,pullback,eod,False,2025-12-18 10:15:00,8.861,8.4801,2025-12-18 11:45:00,stop,0.38090000000000046,-4.298611894820004,-1.0
2025-12-18,DJT,0.28319013,10.47,2.0,ema,premkt,nextopen,pullback,eod,False,2025-12-18 10:20:00,13.968,14.849,2025-12-18 15:55:00,eod,0.5779999999999994,6.307273768613975,1.5242214532871992
2025-12-18,IA,0.25295734,10.99,3.0,ema,premkt,nextopen,pullback,eod,False,2025-12-18 10:40:00,14.87,14.69,2025-12-18 10:50:00,stop,0.17999999999999972,-1.2104909213180859,-1.0
2025-12-18,FCEL,0.17594934,7.9,5.0,ema,premkt,nextopen,pullback,eod,False,2025-12-18 10:00:00,10.52,10.11,2025-12-18 13:30:00,stop,0.41000000000000014,-3.897338403041828,-1.0
2025-12-22,HYMC,0.27496946,16.42,2.0,ema,premkt,nextopen,pullback,eod,False,2025-12-22 10:35:00,24.0501,24.51,2025-12-22 15:55:00,eod,0.5600000000000023,1.9122581610887313,0.8212499999999986
2025-12-22,ADEA,0.26871562,12.77,3.0,ema,premkt,nextopen,pullback,eod,False,2025-12-22 09:50:00,15.85,16.73,2025-12-22 15:55:00,eod,0.2538,5.552050473186121,3.4672970843183637
2025-12-22,FJET,0.15545595,6.69,4.0,ema,premkt,nextopen,pullback,eod,False,2025-12-22 09:55:00,9.275,29.2,2025-12-22 15:55:00,eod,0.8550000000000004,214.82479784366575,23.304093567251446
2025-12-22,VELO,0.15420127,10.83,5.0,ema,premkt,nextopen,pullback,eod,False,2025-12-22 11:00:00,13.67,13.34,2025-12-22 11:10:00,stop_gap,0.3200000000000003,-2.4140453547915164,-1.0312499999999993
2025-12-23,SOC,0.16184211,7.6,2.0,ema,premkt,nextopen,pullback,eod,False,2025-12-23 10:15:00,8.38,10.555,2025-12-23 15:55:00,eod,0.4900000000000002,25.95465393794747,4.438775510204078
2025-12-26,ASPC,0.6512667,13.42,1.0,ema,premkt,nextopen,pullback,eod,False,2025-12-26 10:00:00,29.3,24.369999999999997,2025-12-26 10:15:00,stop,4.930000000000003,-16.82593856655291,-1.0
2025-12-26,SIDU,0.36363637,2.2,2.0,ema,premkt,nextopen,pullback,eod,False,2025-12-26 10:10:00,2.7982,2.58,2025-12-26 10:43:00,stop,0.21819999999999995,-7.797870059323852,-1.0
2025-12-26,AMCI,0.10160422,9.35,4.0,ema,premkt,nextopen,pullback,eod,False,2025-12-26 10:30:00,10.91,10.700000000000001,2025-12-26 10:53:00,stop,0.20999999999999908,-1.9248395967002674,-1.0
2025-12-30,CHRN,0.6025641,5.46,1.0,ema,premkt,nextopen,pullback,eod,False,2025-12-30 10:10:00,8.67,11.01,2025-12-30 15:55:00,eod,0.629999999999999,26.989619377162622,3.7142857142857197
2025-12-30,CETX,0.36492884,2.11,2.0,ema,premkt,nextopen,pullback,eod,False,2025-12-30 10:05:00,3.08,2.9200000000000004,2025-12-30 10:18:00,stop,0.1599999999999997,-5.194805194805186,-1.0
2026-01-02,ANGH,0.58189666,2.32,1.0,ema,premkt,nextopen,pullback,eod,False,2026-01-02 10:15:00,3.9922,3.6900000000000004,2026-01-02 12:26:00,stop,0.3021999999999996,-7.56976103401632,-1.0
2026-01-02,SLS,0.3444109,3.31,4.0,ema,premkt,nextopen,pullback,eod,False,2026-01-02 09:45:00,4.615,4.4,2026-01-02 09:59:00,stop,0.21499999999999986,-4.658721560130008,-1.0
2026-01-05,ASTI,0.17487681,4.06,4.0,ema,premkt,nextopen,pullback,eod,False,2026-01-05 09:50:00,6.5383,4.92,2026-01-05 10:03:00,stop,1.6182999999999996,-24.751082085557407,-1.0
2026-01-05,ALT,0.16666663,3.51,5.0,ema,premkt,nextopen,pullback,eod,False,2026-01-05 09:55:00,4.35,4.19,2026-01-05 10:09:00,stop,0.15999999999999925,-3.6781609195402076,-1.0
2026-01-06,AZI,0.537037,2.16,2.0,ema,premkt,nextopen,pullback,eod,False,2026-01-06 11:00:00,3.36,3.84,2026-01-06 15:55:00,eod,0.2799999999999998,14.28571428571428,1.7142857142857155
2026-01-06,AEVA,0.25744832,13.09,4.0,ema,premkt,nextopen,pullback,eod,False,2026-01-06 10:20:00,16.03,15.94,2026-01-06 10:41:00,stop,0.09000000000000163,-0.5614472863381237,-1.0
2026-01-06,IMSR,0.2353363,6.99,5.0,ema,premkt,nextopen,pullback,eod,False,2026-01-06 10:05:00,8.9,8.51,2026-01-06 11:29:00,stop,0.39000000000000057,-4.382022471910119,-1.0
2026-01-07,GLUE,0.36851966,16.01,1.0,ema,premkt,nextopen,pullback,eod,False,2026-01-07 10:25:00,24.79,23.5,2026-01-07 14:09:00,stop,1.2899999999999991,-5.203711173860426,-1.0
2026-01-07,MNTS,0.19023395,9.83,3.0,ema,premkt,nextopen,pullback,eod,False,2026-01-07 09:50:00,12.6724,13.87,2026-01-07 15:55:00,eod,0.48240000000000016,9.45045926580601,2.4825870646766153
2026-01-08,NEOG,0.25203252,7.38,3.0,ema,premkt,nextopen,pullback,eod,False,2026-01-08 10:10:00,9.525,9.31,2026-01-08 10:47:00,stop,0.21499999999999986,-2.257217847769022,-1.0
2026-01-09,CETX,0.31034482,2.9,1.0,ema,premkt,nextopen,pullback,eod,False,2026-01-09 09:55:00,3.75,3.72,2026-01-09 10:00:00,stop,0.029999999999999805,-0.7999999999999896,-1.0
2026-01-09,ASPI,0.12732923,6.44,5.0,ema,premkt,nextopen,pullback,eod,False,2026-01-09 10:30:00,8.03,7.680000000000001,2026-01-09 10:49:00,stop,0.34999999999999876,-4.358655043586534,-1.0
2026-01-12,RXST,0.16515839,8.84,3.0,ema,premkt,nextopen,pullback,eod,False,2026-01-12 10:15:00,9.93,9.75,2026-01-12 10:21:00,stop,0.17999999999999972,-1.8126888217522619,-1.0
2026-01-12,KC,0.15698719,11.02,4.0,ema,premkt,nextopen,pullback,eod,False,2026-01-12 10:40:00,13.2,13.435,2026-01-12 15:55:00,eod,0.10999999999999943,1.780303030303032,2.1363636363636584
2026-01-12,OSS,0.13135076,8.07,5.0,ema,premkt,nextopen,pullback,eod,False,2026-01-12 09:55:00,9.275,8.89,2026-01-12 10:37:00,stop,0.3849999999999998,-4.150943396226414,-1.0
2026-01-13,AZIO,0.32669318,2.51,1.0,ema,premkt,nextopen,pullback,eod,False,2026-01-13 10:50:00,3.6274,3.45,2026-01-13 10:55:00,stop,0.1774,-4.890555218613879,-1.0
2026-01-14,KULR,0.15942025,3.45,2.0,ema,premkt,nextopen,pullback,eod,False,2026-01-14 10:15:00,4.09,3.9600000000000004,2026-01-14 14:08:00,stop,0.12999999999999945,-3.178484107579449,-1.0
2026-01-14,GCDT,0.12826598,4.21,4.0,ema,premkt,nextopen,pullback,eod,False,2026-01-14 10:20:00,4.7,4.5801,2026-01-14 10:36:00,stop_gap,0.10939999999999994,-2.551063829787237,-1.0959780621572248
2026-01-14,AGIG,0.12111795,3.22,5.0,ema,premkt,nextopen,pullback,eod,False,2026-01-14 10:05:00,3.675,3.4200000000000004,2026-01-14 10:46:00,stop,0.25499999999999945,-6.938775510204065,-1.0
2026-01-15,RFIL,0.25797498,7.21,2.0,ema,premkt,nextopen,pullback,eod,False,2026-01-15 10:10:00,8.93,8.790000000000001,2026-01-15 10:28:00,stop,0.1399999999999988,-1.5677491601343685,-1.0
2026-01-15,ROLR,0.20963478,18.89,3.0,ema,premkt,nextopen,pullback,eod,False,2026-01-15 10:35:00,25.0,22.93,2026-01-15 11:03:00,stop,2.0700000000000003,-8.279999999999998,-1.0
2026-01-16,CGTL,0.17060363,3.81,4.0,ema,premkt,nextopen,pullback,eod,False,2026-01-16 10:55:00,4.8,4.3,2026-01-16 12:56:00,stop_gap,0.16999999999999993,-10.416666666666663,-2.9411764705882364
2026-01-16,KOPN,0.114864826,2.96,5.0,ema,premkt,nextopen,pullback,eod,False,2026-01-16 10:05:00,3.5,3.3467,2026-01-16 15:55:00,eod,0.2689999999999997,-4.380000000000006,-0.5698884758364327
2026-01-20,CRVS,0.6782608,8.05,1.0,ema,premkt,nextopen,pullback,eod,False,2026-01-20 09:45:00,15.753,21.875,2026-01-20 15:55:00,eod,2.0630000000000006,38.862438900526875,2.9675230247212787
2026-01-20,MASS,0.19561243,5.47,3.0,ema,premkt,nextopen,pullback,eod,False,2026-01-20 10:15:00,6.59,6.575,2026-01-20 15:55:00,eod,0.11499999999999932,-0.22761760242792084,-0.13043478260869365
2026-01-20,IBRX,0.18478262,5.52,4.0,ema,premkt,nextopen,pullback,eod,False,2026-01-20 09:45:00,6.885,6.61,2026-01-20 11:24:00,stop,0.27499999999999947,-3.9941902687000597,-1.0
2026-01-20,NUAI,0.15935338,4.33,5.0,ema,premkt,nextopen,pullback,eod,False,2026-01-20 10:05:00,5.89,5.575,2026-01-20 15:55:00,eod,0.46999999999999975,-5.348047538200329,-0.670212765957446
2026-01-21,BNAI,0.47317076,6.15,1.0,ema,premkt,nextopen,pullback,eod,False,2026-01-21 09:45:00,9.86,9.09,2026-01-21 10:33:00,stop,0.7699999999999996,-7.809330628803246,-1.0
2026-01-22,SXTP,1.9949999,2.0,1.0,ema,premkt,nextopen,pullback,eod,False,2026-01-22 10:10:00,6.51,6.09,2026-01-22 10:36:00,stop,0.41999999999999993,-6.451612903225801,-1.0
2026-01-22,CABA,0.16452992,2.34,4.0,ema,premkt,nextopen,pullback,eod,False,2026-01-22 10:05:00,2.965,2.97,2026-01-22 15:55:00,eod,0.12499999999999956,0.1686340640809636,0.04000000000000284
2026-01-22,SPHL,0.13089001,5.73,5.0,ema,premkt,nextopen,pullback,eod,False,2026-01-22 09:55:00,8.5,6.54,2026-01-22 10:48:00,stop,1.96,-23.058823529411764,-1.0
2026-01-23,KUST,0.71078444,2.04,3.0,ema,premkt,nextopen,pullback,eod,False,2026-01-23 09:45:00,4.22,3.5,2026-01-23 09:52:00,stop,0.7199999999999998,-17.061611374407583,-1.0
2026-01-26,NAMM,0.4967742,3.1,2.0,ema,premkt,nextopen,pullback,eod,False,2026-01-26 09:45:00,5.09,4.21,2026-01-26 12:39:00,stop,0.8799999999999999,-17.288801571709232,-1.0
2026-01-26,LE,0.19822061,14.05,3.0,ema,premkt,nextopen,pullback,eod,False,2026-01-26 10:35:00,19.165,18.869999999999997,2026-01-26 15:40:00,stop,0.2950000000000017,-1.539264283850783,-1.0
2026-01-27,RDW,0.115419745,10.96,4.0,ema,premkt,nextopen,pullback,eod,False,2026-01-27 09:55:00,13.37,14.075,2026-01-27 15:55:00,eod,0.7799999999999994,5.2729992520568425,0.9038461538461546
2026-01-28,SUPX,0.1850512,16.59,4.0,ema,premkt,nextopen,pullback,eod,False,2026-01-28 10:20:00,18.71,17.79,2026-01-28 10:37:00,stop,0.9200000000000017,-4.917156600748274,-1.0
2026-01-29,KRRO,0.26603937,11.69,5.0,ema,premkt,nextopen,pullback,eod,False,2026-01-29 10:20:00,13.555,13.1745,2026-01-29 10:26:00,stop,0.3804999999999996,-2.807082257469562,-1.0
2026-01-30,GITS,0.15820897,3.35,5.0,ema,premkt,nextopen,pullback,eod,False,2026-01-30 09:50:00,6.1963,5.09,2026-01-30 10:11:00,stop,1.1063,-17.854203314881467,-1.0
2026-02-02,AQST,0.35593224,2.95,2.0,ema,premkt,nextopen,pullback,eod,False,2026-02-02 10:45:00,4.2699,4.180000000000001,2026-02-02 10:51:00,stop,0.0898999999999992,-2.1054357244900124,-1.0
2026-02-02,NAMM,0.160326,3.68,5.0,ema,premkt,nextopen,pullback,eod,False,2026-02-02 09:55:00,4.39,4.29,2026-02-02 10:43:00,stop,0.09999999999999964,-2.27790432801821,-1.0
2026-02-04,INNV,0.14840996,5.66,4.0,ema,premkt,nextopen,pullback,eod,False,2026-02-04 09:50:00,7.28,7.87,2026-02-04 15:55:00,eod,0.5799000000000003,8.104395604395599,1.0174167959993095
2026-02-06,GLXY,0.16538,16.84,2.0,ema,premkt,nextopen,pullback,eod,False,2026-02-06 09:45:00,19.27,19.069999999999997,2026-02-06 09:55:00,stop,0.20000000000000284,-1.0378827192527362,-1.0
2026-02-06,GWAV,0.11428571,4.55,5.0,ema,premkt,nextopen,pullback,eod,False,2026-02-06 10:10:00,4.6405,4.5,2026-02-06 11:02:00,stop_gap,0.05050000000000043,-3.0276909815752706,-2.782178217821764
2026-02-10,VSTS,0.22814202,7.32,2.0,ema,premkt,nextopen,pullback,eod,False,2026-02-10 10:15:00,9.0301,8.945,2026-02-10 10:40:00,stop,0.08509999999999884,-0.9424037386075335,-1.0
2026-02-10,YEXT,0.14663959,4.91,5.0,ema,premkt,nextopen,pullback,eod,False,2026-02-10 09:50:00,5.6,5.49,2026-02-10 12:08:00,stop,0.10999999999999943,-1.9642857142857073,-1.0
2026-02-11,JAGU,0.12703586,3.07,3.0,ema,premkt,nextopen,pullback,eod,False,2026-02-11 10:15:00,3.35,3.3400000000000003,2026-02-11 10:20:00,stop,0.009999999999999787,-0.29850746268655914,-1.0
2026-02-12,FSLY,0.4489795,9.31,1.0,ema,premkt,nextopen,pullback,eod,False,2026-02-12 10:45:00,14.9893,15.93,2026-02-12 15:55:00,eod,0.3392999999999997,6.275810077855537,2.7724727379899807
2026-02-12,MH,0.21150732,12.34,4.0,ema,premkt,nextopen,pullback,eod,False,2026-02-12 10:30:00,15.61,15.4,2026-02-12 10:39:00,stop,0.20999999999999908,-1.3452914798206206,-1.0
2026-02-13,CRSR,0.41484714,4.58,1.0,ema,premkt,nextopen,pullback,eod,False,2026-02-13 10:45:00,7.34,7.235,2026-02-13 10:53:00,stop,0.10499999999999954,-1.4305177111716527,-1.0
2026-02-13,ATOM,0.16317987,2.39,3.0,ema,premkt,nextopen,pullback,eod,False,2026-02-13 09:45:00,3.29,3.9,2026-02-13 15:55:00,eod,0.54,18.541033434650455,1.1296296296296293
2026-02-13,NCI,0.12844038,2.18,5.0,ema,premkt,nextopen,pullback,eod,False,2026-02-13 09:50:00,2.9899,2.7,2026-02-13 10:40:00,stop,0.2898999999999998,-9.695976454062006,-1.0
2026-02-18,CNVS,0.13284123,2.71,4.0,ema,premkt,nextopen,pullback,eod,False,2026-02-18 10:35:00,3.2299,3.1,2026-02-18 13:10:00,stop_gap,0.12990000000000013,-4.021796340443984,-1.0
2026-02-18,VIVO,0.118852496,2.44,5.0,ema,premkt,nextopen,pullback,eod,False,2026-02-18 10:35:00,3.0007,2.9200000000000004,2026-02-18 12:20:00,stop,0.08069999999999977,-2.6893724797547147,-1.0
2026-02-19,RELY,0.20132267,13.61,2.0,ema,premkt,nextopen,pullback,eod,False,2026-02-19 10:35:00,17.315,17.169999999999998,2026-02-19 10:41:00,stop,0.14500000000000313,-0.8374241986716879,-1.0
2026-02-20,TNDM,0.22829366,18.52,2.0,ema,premkt,nextopen,pullback,eod,False,2026-02-20 09:55:00,23.04,24.54,2026-02-20 15:55:00,eod,0.9800000000000004,6.510416666666674,1.5306122448979584
2026-02-20,OPEN,0.18279564,4.65,3.0,ema,premkt,nextopen,pullback,eod,False,2026-02-20 10:45:00,5.42,5.37,2026-02-20 10:53:00,stop,0.04999999999999982,-0.9225092250922495,-1.0
2026-02-23,VNDA,0.39670134,5.76,1.0,ema,premkt,nextopen,pullback,eod,False,2026-02-23 10:40:00,8.55,8.26,2026-02-23 10:50:00,stop,0.2900000000000009,-3.3918128654970903,-1.0
2026-02-23,IBRX,0.14367819,8.7,3.0,ema,premkt,nextopen,pullback,eod,False,2026-02-23 10:35:00,10.1741,9.94,2026-02-23 11:01:00,stop,0.23409999999999975,-2.300940623740677,-1.0
2026-02-24,LRMR,0.27758002,2.81,2.0,ema,premkt,nextopen,pullback,eod,False,2026-02-24 09:55:00,3.9814,3.81,2026-02-24 10:03:00,stop,0.17139999999999977,-4.305018335258948,-1.0
2026-02-24,CDIO,0.14617944,3.01,5.0,ema,premkt,nextopen,pullback,eod,False,2026-02-24 09:55:00,3.6825,3.4800000000000004,2026-02-24 10:02:00,stop,0.20249999999999968,-5.498981670061087,-1.0
2026-02-25,ACHC,0.18258595,17.17,3.0,ema,premkt,nextopen,pullback,eod,False,2026-02-25 09:45:00,21.6,21.15,2026-02-25 09:52:00,stop,0.45000000000000284,-2.083333333333348,-1.0
2026-02-26,DNUT,0.22575247,2.99,4.0,ema,premkt,nextopen,pullback,eod,False,2026-02-26 10:20:00,3.99,3.815,2026-02-26 15:55:00,eod,0.2200000000000002,-4.385964912280704,-0.795454545454546
2026-02-27,BATL,0.23132527,4.15,1.0,ema,premkt,nextopen,pullback,eod,False,2026-02-27 10:00:00,5.6599,5.390000000000001,2026-02-27 10:14:00,stop,0.2698999999999998,-4.768635488259509,-1.0
2026-02-27,ARLO,0.18152344,12.34,4.0,ema,premkt,nextopen,pullback,eod,False,2026-02-27 09:55:00,15.67,15.745,2026-02-27 15:55:00,eod,0.674199999999999,0.4786215698787455,0.11124295461287363
2026-02-27,FIGS,0.1684041,12.47,5.0,ema,premkt,nextopen,pullback,eod,False,2026-02-27 10:00:00,15.2215,14.48,2026-02-27 11:07:00,stop,0.7415000000000003,-4.871399007982136,-1.0
2026-03-02,ANNA,0.16842103,2.85,5.0,ema,premkt,nextopen,pullback,eod,False,2026-03-02 11:00:00,3.2,3.64,2026-03-02 15:55:00,eod,0.07989999999999986,13.749999999999996,5.506883604505641
2026-03-03,TMDE,0.12745106,3.06,5.0,ema,premkt,nextopen,pullback,eod,False,2026-03-03 09:55:00,3.78,3.5100000000000002,2026-03-03 11:44:00,stop,0.2699999999999996,-7.142857142857128,-1.0
2026-03-04,SHMD,0.25351012,6.41,2.0,ema,premkt,nextopen,pullback,eod,False,2026-03-04 09:45:00,8.41,8.44,2026-03-04 15:55:00,eod,0.41999999999999993,0.356718192627814,0.07142857142856991
2026-03-05,ALTO,0.3653847,2.6,1.0,ema,premkt,nextopen,pullback,eod,False,2026-03-05 10:20:00,4.11,3.89,2026-03-05 10:38:00,stop,0.2200000000000002,-5.3527980535279855,-1.0
2026-03-05,TMDE,0.1357466,2.21,5.0,ema,premkt,nextopen,pullback,eod,False,2026-03-05 09:55:00,2.8488,3.04,2026-03-05 15:55:00,eod,0.27879999999999994,6.711597865768026,0.6857962697274026
2026-03-10,LFMD,0.12179494,3.12,5.0,ema,premkt,nextopen,pullback,eod,False,2026-03-10 10:25:00,3.76,3.6900000000000004,2026-03-10 10:40:00,stop,0.0699999999999994,-1.8617021276595591,-1.0
2026-03-11,ACXP,0.19999993,2.9,2.0,ema,premkt,nextopen,pullback,eod,False,2026-03-11 10:00:00,4.18,6.04,2026-03-11 15:55:00,eod,0.6495999999999995,44.497607655502414,2.8633004926108403
2026-03-11,ATPC,0.16666663,3.78,4.0,ema,premkt,nextopen,pullback,eod,False,2026-03-11 09:55:00,4.5,4.2,2026-03-11 10:06:00,stop,0.2999999999999998,-6.666666666666665,-1.0
2026-03-11,TSSI,0.16515839,11.05,5.0,ema,premkt,nextopen,pullback,eod,False,2026-03-11 09:45:00,14.19,13.290000000000001,2026-03-11 11:09:00,stop,0.8999999999999986,-6.3424947145877315,-1.0
2026-03-12,BMBL,0.2922536,2.84,1.0,ema,premkt,nextopen,pullback,eod,False,2026-03-12 10:10:00,3.8612,3.7401000000000004,2026-03-12 11:59:00,stop,0.12109999999999976,-3.1363306744017327,-1.0
2026-03-12,ROMA,0.28985512,4.83,2.0,ema,premkt,nextopen,pullback,eod,False,2026-03-12 09:55:00,7.72,6.430000000000001,2026-03-12 10:16:00,stop,1.2899999999999991,-16.709844559585484,-1.0
2026-03-12,HIMX,0.28584123,9.15,3.0,ema,premkt,nextopen,pullback,eod,False,2026-03-12 10:00:00,11.8899,11.370000000000001,2026-03-12 10:13:00,stop,0.5198999999999998,-4.372618777281556,-1.0
2026-03-12,WOOF,0.2208333,2.4,5.0,ema,premkt,nextopen,pullback,eod,False,2026-03-12 10:20:00,3.23,3.0901,2026-03-12 12:14:00,stop,0.1398999999999999,-4.3312693498452015,-1.0
2026-03-13,KRRO,0.19913042,11.5,2.0,ema,premkt,nextopen,pullback,eod,False,2026-03-13 10:25:00,13.08,12.84,2026-03-13 11:35:00,stop,0.2400000000000002,-1.834862385321101,-1.0
2026-03-13,STLN,0.19847333,2.62,3.0,ema,premkt,nextopen,pullback,eod,False,2026-03-13 10:00:00,3.285,3.1801000000000004,2026-03-13 10:16:00,stop,0.10489999999999977,-3.1933028919330253,-1.0
2026-03-13,PAYP,0.15638769,18.16,4.0,ema,premkt,nextopen,pullback,eod,False,2026-03-13 10:20:00,21.3,20.689999999999998,2026-03-13 11:03:00,stop,0.610000000000003,-2.8638497652582307,-1.0
2026-03-13,LOCO,0.14705873,10.88,5.0,ema,premkt,nextopen,pullback,eod,False,2026-03-13 09:45:00,12.91,12.6,2026-03-13 10:49:00,stop,0.3100000000000005,-2.4012393493415995,-1.0
2026-03-16,CTMX,0.47863257,4.68,1.0,ema,premkt,nextopen,pullback,eod,False,2026-03-16 09:50:00,7.305,6.84,2026-03-16 15:26:00,stop,0.46499999999999986,-6.365503080082135,-1.0
2026-03-16,CING,0.15074801,8.69,5.0,ema,premkt,nextopen,pullback,eod,False,2026-03-16 10:05:00,9.7,9.65,2026-03-16 10:17:00,stop,0.049999999999998934,-0.5154639175257603,-1.0
2026-03-17,JVA,0.22397482,3.17,1.0,ema,premkt,nextopen,pullback,eod,False,2026-03-17 09:55:00,3.95,4.14,2026-03-17 15:55:00,eod,0.08499999999999996,4.810126582278462,2.235294117647054
2026-03-18,ARTL,0.26185572,4.85,1.0,ema,premkt,nextopen,pullback,eod,False,2026-03-18 09:45:00,7.3197,6.79,2026-03-18 10:10:00,stop,0.5297000000000001,-7.236635381231471,-1.0
2026-03-18,BATL,0.14563107,11.33,5.0,ema,premkt,nextopen,pullback,eod,False,2026-03-18 10:00:00,13.32,12.82,2026-03-18 10:56:00,stop,0.5,-3.7537537537537524,-1.0
2026-03-19,CAL,0.23578739,8.86,1.0,ema,premkt,nextopen,pullback,eod,False,2026-03-19 09:50:00,10.645,10.61,2026-03-19 09:55:00,stop,0.03500000000000014,-0.32879286049788403,-1.0
2026-03-20,IDN,0.1895833,4.8,1.0,ema,premkt,nextopen,pullback,eod,False,2026-03-20 10:15:00,5.94,5.79,2026-03-20 10:45:00,stop,0.15000000000000036,-2.5252525252525304,-1.0
2026-03-20,ARTL,0.17318428,7.16,3.0,ema,premkt,nextopen,pullback,eod,False,2026-03-20 10:15:00,8.74,8.51,2026-03-20 10:57:00,stop,0.23000000000000043,-2.6315789473684292,-1.0
2026-03-24,ANNA,0.2667278,5.455,1.0,ema,premkt,nextopen,pullback,eod,False,2026-03-24 10:05:00,7.8,7.62,2026-03-24 10:46:00,stop,0.17999999999999972,-2.3076923076922995,-1.0
2026-03-25,FEED,0.18141592,2.26,2.0,ema,premkt,nextopen,pullback,eod,False,2026-03-25 09:55:00,2.605,2.72,2026-03-25 15:55:00,eod,0.1849999999999996,4.414587332053754,0.621621621621624
2026-03-25,PAYS,0.16710877,3.77,3.0,ema,premkt,nextopen,pullback,eod,False,2026-03-25 10:30:00,5.085,5.17,2026-03-25 15:55:00,eod,0.21499999999999986,1.6715830875122961,0.3953488372093024
2026-03-25,BIAF,0.1604377,3.96,4.0,ema,premkt,nextopen,pullback,eod,False,2026-03-25 09:50:00,4.825,4.54,2026-03-25 10:09:00,stop,0.28500000000000014,-5.9067357512953444,-1.0
2026-03-26,NAVN,0.23060119,9.15,4.0,ema,premkt,nextopen,pullback,eod,False,2026-03-26 10:20:00,11.345,11.120000000000001,2026-03-26 10:46:00,stop,0.22499999999999964,-1.9832525341560103,-1.0
2026-03-26,LOVE,0.21346319,11.29,5.0,ema,premkt,nextopen,pullback,eod,False,2026-03-26 10:30:00,14.01,13.84,2026-03-26 11:02:00,stop,0.16999999999999993,-1.2134189864382527,-1.0
2026-03-27,RBNE,0.23584902,2.12,3.0,ema,premkt,nextopen,pullback,eod,False,2026-03-27 10:00:00,2.66,2.576,2026-03-27 10:05:00,stop,0.08400000000000007,-3.157894736842104,-1.0
2026-03-30,MKDW,0.14345121,4.81,4.0,ema,premkt,nextopen,pullback,eod,False,2026-03-30 10:25:00,6.18,6.12,2026-03-30 15:55:00,eod,0.6799999999999997,-0.9708737864077555,-0.08823529411764652
2026-03-30,GLND,0.12180269,8.21,5.0,ema,premkt,nextopen,pullback,eod,False,2026-03-30 10:30:00,11.0,10.52,2026-03-30 10:42:00,stop,0.4800000000000004,-4.3636363636363695,-1.0
2026-03-31,SPCE,0.11516118,2.17,4.0,ema,premkt,nextopen,pullback,eod,False,2026-03-31 10:05:00,2.6298,2.5300000000000002,2026-03-31 10:47:00,stop,0.09979999999999967,-3.7949653966080965,-1.0
2026-04-02,BATL,0.35064936,3.85,2.0,ema,premkt,nextopen,pullback,eod,False,2026-04-02 10:15:00,4.7248,4.575,2026-04-02 10:25:00,stop,0.14979999999999993,-3.170504571622079,-1.0
2026-04-02,ANNA,0.19008267,7.26,3.0,ema,premkt,nextopen,pullback,eod,False,2026-04-02 09:50:00,9.32,8.99,2026-04-02 10:15:00,stop,0.33000000000000007,-3.5407725321888406,-1.0
2026-04-02,WTI,0.12320542,3.01,4.0,ema,premkt,nextopen,pullback,eod,False,2026-04-02 10:15:00,3.295,3.25,2026-04-02 10:22:00,stop,0.04499999999999993,-1.365705614567525,-1.0
2026-04-02,RBNE,0.119617105,2.09,5.0,ema,premkt,nextopen,pullback,eod,False,2026-04-02 10:15:00,2.2886,2.24,2026-04-02 10:26:00,stop,0.04859999999999998,-2.1235689941448865,-1.0
2026-04-06,FUBO,0.120777845,9.77,2.0,ema,premkt,nextopen,pullback,eod,False,2026-04-06 10:40:00,11.49,12.12,2026-04-06 15:55:00,eod,0.39000000000000057,5.483028720626626,1.6153846153846105
2026-04-06,LWLG,0.1031332,7.66,5.0,ema,premkt,nextopen,pullback,eod,False,2026-04-06 09:50:00,8.8167,8.57,2026-04-06 10:24:00,stop,0.24670000000000059,-2.798099062007331,-1.0
2026-04-07,SKYQ,0.27399993,5.0,2.0,ema,premkt,nextopen,pullback,eod,False,2026-04-07 09:50:00,7.6888,6.54,2026-04-07 12:35:00,stop,1.1487999999999996,-14.941213193216107,-1.0
2026-04-08,ELAB,0.34782612,3.45,1.0,ema,premkt,nextopen,pullback,eod,False,2026-04-08 09:50:00,4.9449,4.49,2026-04-08 10:12:00,stop,0.4548999999999994,-9.199377136039145,-1.0
2026-04-09,RELL,0.14811635,11.76,4.0,ema,premkt,nextopen,pullback,eod,False,2026-04-09 10:00:00,13.5,14.435,2026-04-09 15:55:00,eod,0.42989999999999995,6.925925925925935,2.174924401023495
2026-04-10,OGN,0.1590712,6.91,2.0,ema,premkt,nextopen,pullback,eod,False,2026-04-10 10:00:00,8.51,8.915,2026-04-10 15:55:00,eod,0.27999999999999936,4.759106933019974,1.4464285714285725
2026-04-13,ALMU,0.30390334,10.76,3.0,ema,premkt,nextopen,pullback,eod,False,2026-04-13 10:00:00,14.735,15.63,2026-04-13 15:55:00,eod,0.3849,6.073973532405841,2.3252792933229443
2026-04-14,CNSY,0.112754226,5.41,3.0,ema,premkt,nextopen,pullback,eod,False,2026-04-14 10:00:00,5.729,5.59,2026-04-14 11:24:00,stop,0.13900000000000023,-2.4262524000698282,-1.0
2026-04-15,RGTIW,0.18428576,7.0,1.0,ema,premkt,nextopen,pullback,eod,False,2026-04-15 10:15:00,8.15,8.81,2026-04-15 15:55:00,eod,0.08000000000000007,8.098159509202452,8.249999999999995
2026-04-15,WATT,0.15853655,16.4,3.0,ema,premkt,nextopen,pullback,eod,False,2026-04-15 09:50:00,20.45,22.15,2026-04-15 15:55:00,eod,1.0600000000000023,8.312958435207829,1.6037735849056562
2026-04-16,WSHP,1.9336982,8.22,1.0,ema,premkt,nextopen,pullback,eod,False,2026-04-16 09:50:00,31.94,28.11,2026-04-16 10:00:00,stop_gap,3.6600000000000037,-11.991233562930503,-1.0464480874316935
2026-04-20,PBM,0.72565794,7.6,1.0,ema,premkt,nextopen,pullback,eod,False,2026-04-20 10:35:00,12.865,12.61,2026-04-20 10:41:00,stop,0.2550000000000008,-1.9821220365332404,-1.0
2026-04-20,GHRS,0.16902947,18.34,4.0,ema,premkt,nextopen,pullback,eod,False,2026-04-20 09:45:00,23.68,21.79,2026-04-20 11:03:00,stop,1.8900000000000006,-7.9814189189189255,-1.0
2026-04-21,GRPN,0.1692307,14.95,2.0,ema,premkt,nextopen,pullback,eod,False,2026-04-21 09:55:00,18.52,17.04,2026-04-21 10:20:00,stop,1.4800000000000004,-7.9913606911447115,-1.0
2026-04-22,POET,0.124390244,10.25,5.0,ema,premkt,nextopen,pullback,eod,False,2026-04-22 10:10:00,11.91,11.58,2026-04-22 10:31:00,stop,0.33000000000000007,-2.7707808564231717,-1.0
2026-04-23,TRT,0.33171904,8.26,1.0,ema,premkt,nextopen,pullback,eod,False,2026-04-23 10:20:00,13.49,12.09,2026-04-23 13:28:00,stop,1.4000000000000004,-10.378057820607856,-1.0
2026-04-24,ELPW,0.46441948,2.67,1.0,ema,premkt,nextopen,pullback,eod,False,2026-04-24 10:05:00,3.71,3.5900000000000003,2026-04-24 10:24:00,stop,0.11999999999999966,-3.2345013477088846,-1.0
2026-04-28,DDI,0.16974974,9.19,2.0,ema,premkt,nextopen,pullback,eod,False,2026-04-28 09:55:00,10.8145,10.9,2026-04-28 15:55:00,eod,0.07450000000000045,0.7906052059734492,1.1476510067113983
2026-04-29,PRCH,0.17578578,8.59,1.0,ema,premkt,nextopen,pullback,eod,False,2026-04-29 09:45:00,10.4,10.25,2026-04-29 09:50:00,stop,0.15000000000000036,-1.4423076923076983,-1.0
2026-04-29,FCEL,0.1463784,9.94,4.0,ema,premkt,nextopen,pullback,eod,False,2026-04-29 10:00:00,11.2,10.99,2026-04-29 10:09:00,stop,0.20999999999999908,-1.8749999999999933,-1.0
2026-04-30,MRAM,0.36921906,13.19,2.0,ema,premkt,nextopen,pullback,eod,False,2026-04-30 09:55:00,18.2,18.285,2026-04-30 15:55:00,eod,0.9498999999999995,0.4670329670329654,0.08948310348457826
2026-04-30,HTZ,0.15535712,5.6,5.0,ema,premkt,nextopen,pullback,eod,False,2026-04-30 09:50:00,6.525,6.46,2026-04-30 12:43:00,stop,0.06500000000000039,-0.9961685823754896,-1.0
2026-05-01,CERS,0.3251232,2.03,2.0,ema,premkt,nextopen,pullback,eod,False,2026-05-01 09:50:00,2.9,2.8310000000000004,2026-05-01 10:06:00,stop,0.0689999999999995,-2.3793103448275676,-1.0
2026-05-01,AIOS,0.30257523,9.32,3.0,ema,premkt,nextopen,pullback,eod,False,2026-05-01 10:20:00,14.89,22.67,2026-05-01 15:55:00,eod,2.8000000000000007,52.24983210208194,2.7785714285714285
2026-05-01,BOOM,0.21359229,6.18,4.0,ema,premkt,nextopen,pullback,eod,False,2026-05-01 09:55:00,8.0667,7.87,2026-05-01 10:39:00,stop,0.19670000000000076,-2.438419675951764,-1.0
2026-05-04,GBTG,0.5691401,5.93,2.0,ema,premkt,nextopen,pullback,eod,False,2026-05-04 10:30:00,9.365,9.35,2026-05-04 10:35:00,stop,0.015000000000000568,-0.16017084890550537,-1.0
2026-05-04,HTCO,0.16455698,7.9,5.0,ema,premkt,nextopen,pullback,eod,False,2026-05-04 09:55:00,13.86,9.040000000000001,2026-05-04 11:35:00,stop,4.8199999999999985,-34.77633477633477,-1.0
2026-05-05,BLZE,0.6012931,4.64,1.0,ema,premkt,nextopen,pullback,eod,False,2026-05-05 10:00:00,7.77,7.51,2026-05-05 10:21:00,stop,0.2599999999999998,-3.346203346203347,-1.0
2026-05-05,EVER,0.3066393,14.61,4.0,ema,premkt,nextopen,pullback,eod,False,2026-05-05 10:05:00,21.17,23.875,2026-05-05 15:55:00,eod,0.5700000000000038,12.77751535191307,4.7456140350876845
2026-05-07,RXT,0.75110126,2.27,1.0,ema,premkt,nextopen,pullback,eod,False,2026-05-07 10:25:00,3.97,3.64,2026-05-07 14:50:00,stop,0.33000000000000007,-8.312342569269527,-1.0
2026-05-07,OSG,0.26777256,4.22,3.0,ema,premkt,nextopen,pullback,eod,False,2026-05-07 09:55:00,5.6,5.430000000000001,2026-05-07 10:04:00,stop,0.16999999999999904,-3.035714285714264,-1.0
2026-05-07,HIMX,0.25061834,12.33,4.0,ema,premkt,nextopen,pullback,eod,False,2026-05-07 09:50:00,17.5434,16.389999999999997,2026-05-07 12:40:00,stop,1.1534000000000013,-6.574552253269039,-1.0
2026-05-08,FLNC,0.2532947,18.97,2.0,ema,premkt,nextopen,pullback,eod,False,2026-05-08 09:55:00,24.82,23.99,2026-05-08 13:00:00,stop,0.8300000000000018,-3.3440773569701876,-1.0
2026-05-11,BW,0.14855576,14.54,4.0,ema,premkt,nextopen,pullback,eod,False,2026-05-11 10:35:00,18.158,17.7,2026-05-11 11:11:00,stop,0.45800000000000196,-2.5223042185262834,-1.0
2026-05-12,VSTS,0.26666665,9.3,1.0,ema,premkt,nextopen,pullback,eod,False,2026-05-12 10:40:00,12.14,12.02,2026-05-12 10:49:00,stop,0.120000000000001,-0.9884678747940745,-1.0
2026-05-12,HTCO,0.248227,7.05,2.0,ema,premkt,nextopen,pullback,eod,False,2026-05-12 09:55:00,9.01,8.89,2026-05-12 10:05:00,stop,0.11999999999999922,-1.3318534961154205,-1.0
2026-05-12,QUBT,0.24754417,10.18,3.0,ema,premkt,nextopen,pullback,eod,False,2026-05-12 10:05:00,13.245,12.73,2026-05-12 10:22:00,stop,0.5149999999999988,-3.8882597206492897,-1.0
2026-05-13,AEHL,0.43364942,2.11,1.0,ema,premkt,nextopen,pullback,eod,False,2026-05-13 09:50:00,2.95,2.75,2026-05-13 10:01:00,stop,0.20000000000000018,-6.779661016949157,-1.0
2026-05-13,TDIC,0.26491523,2.36,2.0,ema,premkt,nextopen,pullback,eod,False,2026-05-13 10:35:00,3.6786,25.9,2026-05-13 15:55:00,eod,0.3585999999999996,604.0722013809601,61.967094255437885
2026-05-13,VNET,0.22505534,9.02,4.0,ema,premkt,nextopen,pullback,eod,False,2026-05-13 10:25:00,11.415,11.265,2026-05-13 10:32:00,stop,0.14999999999999858,-1.3140604467805406,-1.0
2026-05-13,SLS,0.2097702,5.22,5.0,ema,premkt,nextopen,pullback,eod,False,2026-05-13 10:10:00,6.0899,5.91,2026-05-13 10:46:00,stop,0.17989999999999995,-2.9540714954268577,-1.0
2026-05-14,AIIO,0.6800766,2.61,1.0,ema,premkt,nextopen,pullback,eod,False,2026-05-14 10:00:00,3.875,3.5100000000000002,2026-05-14 10:17:00,stop,0.36499999999999977,-9.41935483870967,-1.0
2026-05-14,POET,0.21155179,14.37,3.0,ema,premkt,nextopen,pullback,eod,False,2026-05-14 10:25:00,18.1514,18.0601,2026-05-14 10:30:00,stop,0.09130000000000038,-0.5029915047875089,-1.0
2026-05-14,DERM,0.19267821,5.19,4.0,ema,premkt,nextopen,pullback,eod,False,2026-05-14 10:00:00,5.9723,5.74,2026-05-14 10:16:00,stop,0.2322999999999995,-3.8896237630393515,-1.0
2026-05-14,STUB,0.18351054,7.52,5.0,ema,premkt,nextopen,pullback,eod,False,2026-05-14 10:00:00,9.055,8.81,2026-05-14 12:31:00,stop,0.24499999999999922,-2.705687465488671,-1.0
2026-05-15,PIII,0.2940446,4.03,1.0,ema,premkt,nextopen,pullback,eod,False,2026-05-15 09:55:00,7.8099,11.43,2026-05-15 15:55:00,eod,1.7698999999999998,46.352706180616906,2.045369794903667
2026-05-15,WYY,0.12360811,8.98,4.0,ema,premkt,nextopen,pullback,eod,False,2026-05-15 10:35:00,10.58,10.120000000000001,2026-05-15 10:58:00,stop,0.4599999999999991,-4.347826086956507,-1.0
2026-05-18,HIVE,0.33828986,2.69,1.0,ema,premkt,nextopen,pullback,eod,False,2026-05-18 09:55:00,3.8,3.64,2026-05-18 10:04:00,stop,0.1599999999999997,-4.210526315789465,-1.0
2026-05-18,TE,0.18165779,5.67,3.0,ema,premkt,nextopen,pullback,eod,False,2026-05-18 09:50:00,6.845,6.5200000000000005,2026-05-18 09:57:00,stop,0.3249999999999993,-4.747991234477711,-1.0
2026-05-18,CPSH,0.12418294,4.59,5.0,ema,premkt,nextopen,pullback,eod,False,2026-05-18 09:45:00,5.34,5.0701,2026-05-18 10:26:00,stop,0.2698999999999998,-5.054307116104861,-1.0
2026-05-19,BKKT,0.13876152,8.72,2.0,ema,premkt,nextopen,pullback,eod,False,2026-05-19 09:50:00,10.1999,9.77,2026-05-19 12:19:00,stop_gap,0.42489999999999917,-4.214747203403957,-1.0117674746999312
2026-05-20,WNW,0.14315784,4.75,2.0,ema,premkt,nextopen,pullback,eod,False,2026-05-20 10:25:00,6.11,5.71,2026-05-20 11:07:00,stop,0.40000000000000036,-6.546644844517191,-1.0
2026-05-21,CODX,0.3179916,2.39,2.0,ema,premkt,nextopen,pullback,eod,False,2026-05-21 10:00:00,3.1619,3.74,2026-05-21 15:55:00,eod,0.2319,18.283310667636556,2.492884864165589
2026-05-21,INFQ,0.20751333,11.18,3.0,ema,premkt,nextopen,pullback,eod,False,2026-05-21 10:50:00,14.578,14.32,2026-05-21 12:54:00,stop,0.2579999999999991,-1.7697900946631817,-1.0
2026-05-21,RLAY,0.15053761,13.02,5.0,ema,premkt,nextopen,pullback,eod,False,2026-05-21 09:50:00,14.645,14.06,2026-05-21 15:06:00,stop,0.5849999999999991,-3.994537384772956,-1.0
2026-05-22,GOVX,0.3890909,2.75,3.0,ema,premkt,nextopen,pullback,eod,False,2026-05-22 09:50:00,4.0898,3.7600000000000002,2026-05-22 10:06:00,stop,0.3298000000000001,-8.063964008019953,-1.0
2026-05-22,HCWB,0.24418604,2.58,4.0,ema,premkt,nextopen,pullback,eod,False,2026-05-22 10:20:00,3.105,3.0,2026-05-22 10:41:00,stop,0.10499999999999998,-3.3816425120772986,-1.0
2026-05-26,MNTS,0.75609756,7.38,1.0,ema,premkt,nextopen,pullback,eod,False,2026-05-26 09:50:00,14.65,12.33,2026-05-26 11:22:00,stop,2.3200000000000003,-15.836177474402735,-1.0
2026-05-26,AIIO,0.24418604,2.58,3.0,ema,premkt,nextopen,pullback,eod,False,2026-05-26 10:50:00,3.3101,3.16,2026-05-26 15:16:00,stop,0.15009999999999968,-4.534606205250591,-1.0
2026-05-26,CPSH,0.1783334,6.0,4.0,ema,premkt,nextopen,pullback,eod,False,2026-05-26 09:50:00,9.235,11.23,2026-05-26 15:55:00,eod,0.9293999999999993,21.60259880887927,2.1465461588121393
2026-05-27,QTTB,0.29337096,7.09,2.0,ema,premkt,nextopen,pullback,eod,False,2026-05-27 10:25:00,11.87,11.441,2026-05-27 10:37:00,stop,0.4289999999999985,-3.614153327716918,-1.0
2026-05-27,MNTS,0.256783,15.48,4.0,ema,premkt,nextopen,pullback,eod,False,2026-05-27 10:35:00,20.1338,18.74,2026-05-27 11:07:00,stop,1.3938000000000024,-6.9226872224816045,-1.0
2026-05-27,VCIG,0.18275869,2.9,5.0,ema,premkt,nextopen,pullback,eod,False,2026-05-27 09:55:00,3.445,4.4017,2026-05-27 15:55:00,eod,0.22499999999999964,27.77068214804064,4.252000000000007
2026-05-28,ATPC,1.0245614,2.85,1.0,ema,premkt,nextopen,pullback,eod,False,2026-05-28 09:55:00,5.94,5.7,2026-05-28 10:05:00,stop,0.2400000000000002,-4.040404040404044,-1.0
2026-05-28,ASTC,0.570601,13.81,2.0,ema,premkt,nextopen,pullback,eod,False,2026-05-28 10:00:00,20.96,19.84,2026-05-28 11:05:00,stop,1.120000000000001,-5.343511450381689,-1.0
2026-05-28,UMAC,0.32766867,18.83,3.0,ema,premkt,nextopen,pullback,eod,False,2026-05-28 09:55:00,27.58,29.8,2026-05-28 15:55:00,eod,1.6799999999999997,8.04931109499638,1.3214285714285732
2026-05-29,REPL,0.6944444,4.68,2.0,ema,premkt,nextopen,pullback,eod,False,2026-05-29 10:25:00,8.19,8.74,2026-05-29 15:55:00,eod,0.2699999999999996,6.715506715506714,2.037037037037043
2026-06-01,MASK,0.5111731,3.58,1.0,ema,premkt,nextopen,pullback,eod,False,2026-06-01 10:00:00,6.2207,5.5,2026-06-01 10:18:00,stop,0.7206999999999999,-11.585512884402071,-1.0
2026-06-01,ELMT,0.2467277,15.28,4.0,ema,premkt,nextopen,pullback,eod,False,2026-06-01 09:45:00,20.61,19.496599999999997,2026-06-01 09:53:00,stop,1.1134000000000022,-5.402231926249401,-1.0
2026-06-01,FLNC,0.24046612,18.88,5.0,ema,premkt,nextopen,pullback,eod,False,2026-06-01 10:05:00,24.42,27.015,2026-06-01 15:55:00,eod,1.185800000000004,10.626535626535617,2.1883960195648426
2026-06-02,QUCY,0.22421527,2.23,4.0,ema,premkt,nextopen,pullback,eod,False,2026-06-02 10:00:00,2.8801,2.8200000000000003,2026-06-02 10:05:00,stop,0.06009999999999982,-2.086733099545146,-1.0
2026-06-03,LASE,0.45247936,2.42,2.0,ema,premkt,nextopen,pullback,eod,False,2026-06-03 10:15:00,3.89,3.87,2026-06-03 10:29:00,stop,0.020000000000000018,-0.5141388174807249,-1.0
2026-06-03,FOFO,0.21197009,4.01,4.0,ema,premkt,nextopen,pullback,eod,False,2026-06-03 09:45:00,6.4,5.165,2026-06-03 09:58:00,stop,1.2350000000000003,-19.296875000000004,-1.0
2026-06-04,FOXX,0.7762238,2.86,1.0,ema,premkt,nextopen,pullback,eod,False,2026-06-04 10:00:00,6.4,6.03,2026-06-04 10:49:00,stop,0.3700000000000001,-5.781250000000004,-1.0
2026-06-05,BBCP,0.4172933,7.98,1.0,ema,premkt,nextopen,pullback,eod,False,2026-06-05 10:00:00,11.55,10.83,2026-06-05 11:41:00,stop,0.7200000000000006,-6.233766233766236,-1.0
2026-06-08,OCC,0.594309,12.3,1.0,ema,premkt,nextopen,pullback,eod,False,2026-06-08 10:30:00,20.25,19.33,2026-06-08 10:53:00,stop,0.9200000000000017,-4.543209876543219,-1.0
2026-06-08,SDOT,0.17792416,12.14,4.0,ema,premkt,nextopen,pullback,eod,False,2026-06-08 10:00:00,16.2501,19.775,2026-06-08 15:55:00,eod,1.25,21.691558821176482,2.819919999999999
2026-06-09,BNAI,0.19102347,18.27,3.0,ema,premkt,nextopen,pullback,eod,False,2026-06-09 10:50:00,21.3,20.694999999999997,2026-06-09 11:05:00,stop,0.605000000000004,-2.840375586854482,-1.0
2026-06-09,STAK,0.16959059,5.13,4.0,ema,premkt,nextopen,pullback,eod,False,2026-06-09 10:10:00,7.8,6.5,2026-06-09 10:45:00,stop_gap,1.1498999999999997,-16.666666666666664,-1.1305330898338988
2026-06-09,FCEL,0.16451609,15.5,5.0,ema,premkt,nextopen,pullback,eod,False,2026-06-09 10:25:00,18.87,18.4,2026-06-09 10:31:00,stop,0.4700000000000024,-2.490726020137801,-1.0
2026-06-10,LAKE,0.12893093,9.54,3.0,ema,premkt,nextopen,pullback,eod,False,2026-06-10 09:55:00,11.16,10.665000000000001,2026-06-10 10:47:00,stop,0.4949999999999992,-4.435483870967738,-1.0
2026-06-16,AIBZ,0.20000005,6.25,5.0,ema,premkt,nextopen,pullback,eod,False,2026-06-16 10:15:00,7.255,7.68,2026-06-16 15:55:00,eod,0.08499999999999996,5.858028945554783,5.0
2026-06-18,CRVO,0.22834647,3.81,4.0,ema,premkt,nextopen,pullback,eod,False,2026-06-18 10:30:00,6.2314,5.99,2026-06-18 10:37:00,stop,0.24139999999999961,-3.8739288121449333,-1.0
2026-06-22,SSTK,0.18759453,13.22,3.0,ema,premkt,nextopen,pullback,eod,False,2026-06-22 10:10:00,15.525,15.96,2026-06-22 15:55:00,eod,0.5350000000000001,2.801932367149762,0.8130841121495335
2026-06-22,FTH,0.10886645,17.82,5.0,ema,premkt,nextopen,pullback,eod,False,2026-06-22 10:55:00,19.98,24.04,2026-06-22 15:55:00,eod,0.5150000000000006,20.320320320320317,7.8834951456310565
2026-06-23,BLZE,0.26970446,8.12,1.0,ema,premkt,nextopen,pullback,eod,False,2026-06-23 10:25:00,10.4537,10.17,2026-06-23 10:41:00,stop,0.2836999999999996,-2.7138716435329058,-1.0
2026-06-24,QNRX,0.3138461,3.25,1.0,ema,premkt,nextopen,pullback,eod,False,2026-06-24 10:25:00,3.97,3.79,2026-06-24 10:59:00,stop,0.18000000000000016,-4.534005037783384,-1.0
2026-06-24,WEN,0.24862945,6.255,3.0,ema,premkt,nextopen,pullback,eod,False,2026-06-24 10:00:00,7.7876,7.9,2026-06-24 15:55:00,eod,0.2976000000000001,1.4433201499820303,0.3776881720430108
2026-06-24,RUN,0.20921147,12.81,4.0,ema,premkt,nextopen,pullback,eod,False,2026-06-24 10:00:00,15.935,15.82,2026-06-24 10:10:00,stop,0.11500000000000021,-0.7216818324443097,-1.0
2026-06-24,EHGO,0.17250001,4.0,5.0,ema,premkt,nextopen,pullback,eod,False,2026-06-24 10:05:00,5.3962,4.92,2026-06-24 10:17:00,stop,0.4762000000000004,-8.824728512657066,-1.0
2026-06-25,MEI,0.16934872,13.09,4.0,ema,premkt,nextopen,pullback,eod,False,2026-06-25 09:50:00,16.33,15.700000000000001,2026-06-25 11:34:00,stop,0.6299999999999972,-3.8579301898346463,-1.0
2026-06-26,SDOT,0.8608415,6.18,1.0,ema,premkt,nextopen,pullback,eod,False,2026-06-26 10:25:00,10.91,10.39,2026-06-26 10:36:00,stop,0.5199999999999996,-4.766269477543538,-1.0
2026-06-29,RPAY,0.19273746,3.58,3.0,ema,premkt,nextopen,pullback,eod,False,2026-06-29 09:45:00,4.3026,4.28,2026-06-29 09:50:00,stop,0.02259999999999973,-0.5252637939850313,-1.0
2026-06-29,CCXIU,0.16942143,14.52,4.0,ema,premkt,nextopen,pullback,eod,False,2026-06-29 10:00:00,16.11,15.99,2026-06-29 10:20:00,stop_gap,0.019999999999999574,-0.7448789571694592,-6.000000000000089
2026-07-01,CCXIW,0.14709854,7.41,3.0,ema,premkt,nextopen,pullback,eod,False,2026-07-01 10:05:00,9.04,8.73,2026-07-01 10:23:00,stop_gap,0.24999999999999822,-3.4292035398230003,-1.2400000000000038
2026-07-02,NEXA,0.11996651,12.04,3.0,ema,premkt,nextopen,pullback,eod,False,2026-07-02 10:50:00,13.37,13.32,2026-07-02 11:05:00,stop_gap,0.019899999999999807,-0.37397157816004833,-2.5125628140703227
2026-07-07,CLRO,0.37,7.0,1.0,ema,premkt,nextopen,pullback,eod,False,2026-07-07 10:05:00,10.82,13.98,2026-07-07 15:55:00,eod,1.4800000000000004,29.205175600739363,2.1351351351351346
2026-07-07,SKYQ,0.15566051,2.12,4.0,ema,premkt,nextopen,pullback,eod,False,2026-07-07 10:00:00,2.615,2.45,2026-07-07 10:20:00,stop,0.16500000000000004,-6.309751434034416,-1.0
2026-07-07,AMPG,0.11824322,5.92,5.0,ema,premkt,nextopen,pullback,eod,False,2026-07-07 10:00:00,6.955,6.75,2026-07-07 10:09:00,stop,0.20500000000000007,-2.9475197699496802,-1.0
2026-07-08,SKYQ,0.15666664,3.0,3.0,ema,premkt,nextopen,pullback,eod,False,2026-07-08 10:10:00,3.875,3.5205,2026-07-08 13:32:00,stop,0.3544999999999998,-9.14838709677419,-1.0
2026-07-08,KC,0.102754235,9.44,4.0,ema,premkt,nextopen,pullback,eod,False,2026-07-08 10:50:00,10.49,10.51,2026-07-08 15:55:00,eod,0.08000000000000007,0.19065776930409228,0.24999999999999445
2026-07-09,JLHL,0.21895432,3.06,1.0,ema,premkt,nextopen,pullback,eod,False,2026-07-09 09:55:00,4.63,13.02,2026-07-09 15:55:00,eod,0.5599999999999996,181.2095032397408,14.982142857142868
2026-07-09,SUNE,0.1516589,2.11,4.0,ema,premkt,nextopen,pullback,eod,False,2026-07-09 10:20:00,2.535,2.525,2026-07-09 15:55:00,eod,0.17499999999999982,-0.39447731755425375,-0.05714285714285852
2026-07-09,AP,0.14086473,7.17,5.0,ema,premkt,nextopen,pullback,eod,False,2026-07-09 10:25:00,8.77,8.59,2026-07-09 11:08:00,stop,0.17999999999999972,-2.052451539338651,-1.0
2026-07-10,VOD,0.12446487,13.08,4.0,ema,premkt,nextopen,pullback,eod,False,2026-07-10 09:50:00,14.7371,14.67,2026-07-10 11:12:00,stop,0.06709999999999994,-0.4553134605858711,-1.0
2026-07-13,AGEN,0.6179105,3.35,2.0,ema,premkt,nextopen,pullback,eod,False,2026-07-13 10:40:00,7.4,7.33,2026-07-13 10:48:00,stop,0.07000000000000028,-0.9459459459459474,-1.0
2026-07-13,SKYQ,0.168239,3.18,5.0,ema,premkt,nextopen,pullback,eod,False,2026-07-13 10:15:00,3.8301,3.7100000000000004,2026-07-13 13:42:00,stop,0.12009999999999943,-3.135688363228095,-1.0
2026-07-15,TRT,0.17543864,10.26,2.0,ema,premkt,nextopen,pullback,eod,False,2026-07-15 09:55:00,12.45,11.8901,2026-07-15 10:15:00,stop,0.559899999999999,-4.497188755020076,-1.0
2026-07-17,BIYA,0.38157892,3.04,2.0,ema,premkt,nextopen,pullback,eod,False,2026-07-17 10:05:00,4.68,4.29,2026-07-17 10:24:00,stop,0.3899999999999997,-8.333333333333325,-1.0
2026-07-17,JLHL,0.14928913,8.44,3.0,ema,premkt,nextopen,pullback,eod,False,2026-07-17 10:05:00,9.5659,9.16,2026-07-17 10:52:00,stop,0.40589999999999904,-4.2431971900187,-1.0
2026-07-20,BXBL,0.3878554,8.3,2.0,ema,premkt,nextopen,pullback,eod,False,2026-07-20 10:05:00,10.825,10.63,2026-07-20 10:12:00,stop,0.1949999999999985,-1.8013856812932882,-1.0
2026-07-20,SKYQ,0.1144737,3.8,4.0,ema,premkt,nextopen,pullback,eod,False,2026-07-20 09:50:00,4.6801,4.53,2026-07-20 10:03:00,stop,0.15010000000000012,-3.2071964274267617,-1.0
2026-07-21,FWRD,0.14772725,13.2,2.0,ema,premkt,nextopen,pullback,eod,False,2026-07-21 09:45:00,15.58,16.15,2026-07-21 15:55:00,eod,0.39000000000000057,3.6585365853658347,1.4615384615384557
2026-07-21,PWCM,0.118367314,2.45,3.0,ema,premkt,nextopen,pullback,eod,False,2026-07-21 10:40:00,2.7807,2.656,2026-07-21 14:01:00,stop,0.12469999999999981,-4.484482324594518,-1.0
2026-07-22,ADVB,0.17514122,7.08,2.0,ema,premkt,nextopen,pullback,eod,False,2026-07-22 10:00:00,9.1001,11.9399,2026-07-22 15:55:00,eod,0.6600999999999999,31.206250480763952,4.30207544311468
2026-07-22,AIRJ,0.16657817,3.77,3.0,ema,premkt,nextopen,pullback,eod,False,2026-07-22 10:15:00,4.58,4.605,2026-07-22 15:55:00,eod,0.14999999999999947,0.5458515283842891,0.16666666666666963
2026-07-23,ADVB,0.23673463,12.25,2.0,ema,premkt,nextopen,pullback,eod,False,2026-07-23 10:15:00,18.0,15.9505,2026-07-23 11:00:00,stop,2.0495,-11.386111111111108,-1.0
2026-07-23,NVCR,0.1560694,15.57,4.0,ema,premkt,nextopen,pullback,eod,False,2026-07-23 10:00:00,20.15,19.66,2026-07-23 10:06:00,stop,0.48999999999999844,-2.4317617866004837,-1.0
2026-07-23,CLF,0.12910056,9.45,5.0,ema,premkt,nextopen,pullback,eod,False,2026-07-23 10:35:00,11.215,10.950000000000001,2026-07-23 11:11:00,stop,0.2649999999999988,-2.3629068212215665,-1.0
2026-07-24,CJMB,0.17446816,2.35,4.0,ema,premkt,nextopen,pullback,eod,False,2026-07-24 10:00:00,2.4,2.2800000000000002,2026-07-24 10:10:00,stop,0.11999999999999966,-4.999999999999982,-1.0
2026-07-27,VEEE,0.17347729,12.97,2.0,ema,premkt,nextopen,pullback,eod,False,2026-07-27 10:50:00,17.4627,16.36,2026-07-27 11:28:00,stop,1.1027000000000022,-6.314601980220713,-1.0
2026-07-27,PN,0.1654135,7.98,3.0,ema,premkt,nextopen,pullback,eod,False,2026-07-27 10:30:00,9.9188,9.39,2026-07-27 10:47:00,stop,0.5287999999999986,-5.331290075412332,-1.0
2026-07-27,AGPU,0.14890516,6.85,5.0,ema,premkt,nextopen,pullback,eod,False,2026-07-27 10:55:00,7.2501,7.2883,2026-07-27 15:55:00,eod,0.1700999999999997,0.5268892842857253,0.22457378012933485
2026-07-28,DFNS,0.56259537,13.1,2.0,ema,premkt,nextopen,pullback,eod,False,2026-07-28 10:25:00,29.9499,27.5,2026-07-28 10:32:00,stop,2.4498999999999995,-8.179993923185048,-1.0
2026-07-28,INLF,0.44237804,3.28,3.0,ema,premkt,nextopen,pullback,eod,False,2026-07-28 10:05:00,5.775,4.88,2026-07-28 11:11:00,stop,0.8950000000000005,-15.49783549783551,-1.0
2026-07-28,BIYA,0.3189448,4.17,4.0,ema,premkt,nextopen,pullback,eod,False,2026-07-28 10:00:00,4.62,6.37,2026-07-28 15:55:00,eod,0.5999999999999996,37.87878787878787,2.9166666666666683
2026-07-29,AMIX,0.56909096,2.75,1.0,ema,premkt,nextopen,pullback,eod,False,2026-07-29 10:05:00,5.665,4.92,2026-07-29 10:16:00,stop,0.7450000000000001,-13.150926743159753,-1.0
2026-07-29,GMM,0.3927126,2.47,2.0,ema,premkt,nextopen,pullback,eod,False,2026-07-29 10:05:00,3.451,3.2,2026-07-29 10:13:00,stop,0.2509999999999999,-7.273254129237894,-1.0
2026-07-29,STFS,0.35261703,3.63,4.0,ema,premkt,nextopen,pullback,eod,False,2026-07-29 10:00:00,5.81,4.57,2026-07-29 11:30:00,stop,1.2399999999999993,-21.342512908777955,-1.0
2026-07-30,PN,0.90018654,10.72,1.0,ema,premkt,nextopen,pullback,eod,False,2026-07-30 10:00:00,17.2,15.63,2026-07-30 10:09:00,stop,1.5699999999999985,-9.127906976744182,-1.0
2026-08-03,FCUV,0.33706892,11.6,2.0,ema,premkt,nextopen,pullback,eod,False,2026-08-03 10:00:00,15.0211,13.74,2026-08-03 12:29:00,stop,1.2811000000000003,-8.528669671329004,-1.0
2026-08-03,CNH,0.11317074,10.25,3.0,ema,premkt,nextopen,pullback,eod,False,2026-08-03 10:20:00,11.815,11.700000000000001,2026-08-03 10:59:00,stop,0.11499999999999844,-0.973338975878113,-1.0
2026-08-04,DDD,0.16961133,2.83,5.0,ema,premkt,nextopen,pullback,eod,False,2026-08-04 10:20:00,3.485,3.4250000000000003,2026-08-04 10:45:00,stop,0.05999999999999961,-1.7216642754662725,-1.0
2026-08-05,INLF,1.4544024,3.18,1.0,ema,premkt,nextopen,pullback,eod,False,2026-08-05 10:10:00,6.1886,5.720000000000001,2026-08-05 10:21:00,stop,0.46859999999999946,-7.571987202275143,-1.0
2026-08-05,GTE,0.5124451,6.83,2.0,ema,premkt,nextopen,pullback,eod,False,2026-08-05 10:00:00,10.555,10.35,2026-08-05 10:09:00,stop,0.20500000000000007,-1.9422074846044524,-1.0
2026-08-05,APPS,0.256572,9.51,4.0,ema,premkt,nextopen,pullback,eod,False,2026-08-05 10:35:00,13.59,13.370000000000001,2026-08-05 10:53:00,stop,0.21999999999999886,-1.6188373804267742,-1.0
2026-08-05,SWIM,0.22280705,5.7,5.0,ema,premkt,nextopen,pullback,eod,False,2026-08-05 10:45:00,7.115,7.3,2026-08-05 15:55:00,eod,0.16500000000000004,2.6001405481377304,1.1212121212121187
2026-08-07,STLN,0.30861735,4.99,5.0,ema,premkt,nextopen,pullback,eod,False,2026-08-07 09:50:00,6.465,6.395,2026-08-07 15:55:00,eod,0.1949999999999994,-1.0827532869296275,-0.35897435897436153
2026-08-10,VREX,0.48186946,12.41,1.0,ema,premkt,nextopen,pullback,eod,False,2026-08-10 10:05:00,18.445,18.445,2026-08-10 15:55:00,eod,0.05500000000000327,0.0,0.0
2026-08-10,XHLD,0.46039605,2.02,2.0,ema,premkt,nextopen,pullback,eod,False,2026-08-10 10:10:00,3.57,3.35,2026-08-10 10:20:00,stop,0.21999999999999975,-6.1624649859943865,-1.0
2026-08-10,ABCL,0.26406932,6.93,4.0,ema,premkt,nextopen,pullback,eod,False,2026-08-10 09:45:00,9.4399,9.385,2026-08-10 15:55:00,eod,0.4153000000000002,-0.5815739573512446,-0.13219359499157216
2026-08-10,INHD,0.22060263,5.145,5.0,ema,premkt,nextopen,pullback,eod,False,2026-08-10 09:45:00,6.1901,6.09,2026-08-10 10:38:00,stop,0.1001000000000003,-1.6170982698179404,-1.0
2026-08-11,WYHG,0.40384614,5.72,1.0,ema,premkt,nextopen,pullback,eod,False,2026-08-11 10:05:00,7.805,7.59,2026-08-11 10:19:00,stop,0.21499999999999986,-2.754644458680333,-1.0
2026-08-11,STIM,0.2603686,2.17,5.0,ema,premkt,nextopen,pullback,eod,False,2026-08-11 10:35:00,3.05,2.85,2026-08-11 11:36:00,stop,0.19999999999999973,-6.5573770491803245,-1.0
2026-08-13,FGI,0.7906977,4.73,1.0,ema,premkt,nextopen,pullback,eod,False,2026-08-13 10:30:00,10.265,11.6736,2026-08-13 15:55:00,eod,1.745000000000001,13.722357525572338,0.8072206303724923
2026-08-13,CURI,0.27851355,2.8,3.0,ema,premkt,nextopen,pullback,eod,False,2026-08-13 10:40:00,4.08,3.9600000000000004,2026-08-13 11:04:00,stop,0.11999999999999966,-2.941176470588225,-1.0
2026-08-13,OMER,0.21444201,13.71,4.0,ema,premkt,nextopen,pullback,eod,False,2026-08-13 09:45:00,17.8,17.02,2026-08-13 10:19:00,stop,0.7800000000000011,-4.382022471910119,-1.0
2026-08-17,OABI,0.23816562,3.38,3.0,ema,premkt,nextopen,pullback,eod,False,2026-08-17 10:30:00,4.0172,3.9400000000000004,2026-08-17 11:46:00,stop,0.07719999999999949,-1.9217365329084801,-1.0
2026-08-18,SLE,1.0596025,3.02,2.0,ema,premkt,nextopen,pullback,eod,False,2026-08-18 09:55:00,5.3,5.0600000000000005,2026-08-18 10:11:00,stop,0.23999999999999932,-4.528301886792441,-1.0
2026-08-18,PFSA,0.9470197,4.53,3.0,ema,premkt,nextopen,pullback,eod,False,2026-08-18 09:45:00,11.84,26.81,2026-08-18 15:46:00,eod,2.76,126.43581081081079,5.423913043478261
2026-08-19,TNON,1.1412845,5.45,1.0,ema,premkt,nextopen,pullback,eod,False,2026-08-19 09:50:00,11.39,10.59,2026-08-19 09:58:00,stop,0.8000000000000007,-7.023705004389824,-1.0
2026-08-19,MRVI,0.17020905,5.74,3.0,ema,premkt,nextopen,pullback,eod,False,2026-08-19 09:45:00,7.42,7.19,2026-08-19 10:19:00,stop,0.22999999999999954,-3.0997304582210172,-1.0
2026-08-19,ARCT,0.14555418,8.21,4.0,ema,premkt,nextopen,pullback,eod,False,2026-08-19 10:20:00,9.815,10.08,2026-08-19 15:55:00,eod,0.3949999999999996,2.6999490575649654,0.6708860759493692
2026-08-21,RFAI,2.142184,12.73,1.0,ema,premkt,nextopen,pullback,eod,False,2026-08-21 10:00:00,52.49,43.940000000000005,2026-08-21 10:37:00,stop,8.549999999999997,-16.288816917508086,-1.0
2026-08-21,BRNX,0.16562498,3.2,5.0,ema,premkt,nextopen,pullback,eod,False,2026-08-21 09:50:00,3.8401,3.62,2026-08-21 13:32:00,stop,0.22009999999999996,-5.731621572354884,-1.0
2026-08-24,SDOT,0.632777,13.18,1.0,ema,premkt,nextopen,pullback,eod,False,2026-08-24 10:40:00,26.75,25.349999999999998,2026-08-24 11:16:00,stop,1.4000000000000021,-5.233644859813092,-1.0
2026-08-24,SUPX,0.13849759,8.52,5.0,ema,premkt,nextopen,pullback,eod,False,2026-08-24 10:40:00,8.655,10.48,2026-08-24 15:55:00,eod,0.35499999999999865,21.08607741190065,5.140845070422558
2026-08-25,GRML,0.20467842,8.55,4.0,ema,premkt,nextopen,pullback,eod,False,2026-08-25 10:40:00,11.12,10.035,2026-08-25 14:14:00,stop_gap,0.9899999999999984,-9.757194244604307,-1.0959595959595967
2026-08-25,BRNX,0.18181825,4.18,5.0,ema,premkt,nextopen,pullback,eod,False,2026-08-25 09:45:00,5.0613,4.84,2026-08-25 10:32:00,stop,0.22130000000000027,-4.372394444115157,-1.0
2026-08-27,YJ,0.152174,2.76,3.0,ema,premkt,nextopen,pullback,eod,False,2026-08-27 09:45:00,3.16,3.1100000000000003,2026-08-27 10:43:00,stop,0.04999999999999982,-1.5822784810126556,-1.0
2026-08-31,WETO,0.26048958,5.72,2.0,ema,premkt,nextopen,pullback,eod,False,2026-08-31 10:40:00,13.09,10.42,2026-08-31 11:59:00,stop,2.67,-20.397249809014518,-1.0
2026-08-31,NEOV,0.15269458,3.34,4.0,ema,premkt,nextopen,pullback,eod,False,2026-08-31 09:55:00,4.0514,4.265,2026-08-31 15:55:00,eod,0.15139999999999976,5.272251567359421,1.4108322324966969
2026-08-31,DPRO,0.11198211,4.465,5.0,ema,premkt,nextopen,pullback,eod,False,2026-08-31 10:15:00,5.1416,5.38,2026-08-31 15:55:00,eod,0.05660000000000043,4.636688968414493,4.212014134275578
2026-09-01,SST,0.11607146,2.24,4.0,ema,premkt,nextopen,pullback,eod,False,2026-09-01 10:05:00,2.4,2.74,2026-09-01 15:55:00,eod,0.1299999999999999,14.166666666666682,2.61538461538462
2026-09-01,PXS,0.10634327,5.36,5.0,ema,premkt,nextopen,pullback,eod,False,2026-09-01 10:05:00,6.15,6.2,2026-09-01 15:55:00,eod,0.3839000000000006,0.8130081300812941,0.13024225058608946
