date,symbol,gap,prev_close,rank,status,rth_minutes
2021-01-05,ATOM,0.2188679,15.9,1.0,ok,390.0
2021-01-06,TATT,0.4901961,5.1,1.0,ok,389.0
2021-01-06,TLRY,0.15878022,9.51,2.0,ok,390.0
2021-01-06,ACB,0.14329898,9.7,3.0,ok,390.0
2021-01-06,CRON,0.12898934,7.52,4.0,ok,390.0
2021-01-06,NCTY,0.12850463,8.56,5.0,ok,390.0
2021-01-07,NCTY,0.45668232,14.89,1.0,ok,386.0
2021-01-07,CBAT,0.37031257,6.4,2.0,ok,390.0
2021-01-07,XNET,0.27133536,3.37,3.0,ok,390.0
2021-01-07,DDD,0.2055161,11.24,4.0,ok,390.0
2021-01-07,MARA,0.18985856,16.96,5.0,ok,390.0
2021-01-08,LGHL,1.1652174,2.3,1.0,ok,390.0
2021-01-08,FTFT,0.6452174,5.75,2.0,ok,382.0
2021-01-08,GRNQ,0.35585582,2.22,3.0,ok,390.0
2021-01-08,SCOR,0.2570423,2.84,4.0,ok,364.0
2021-01-08,JAGX,0.21641803,2.68,5.0,ok,390.0
2021-01-11,GOVX,1.148485,3.3,1.0,ok,386.0
2021-01-11,PWCM,0.56338024,2.13,2.0,ok,390.0
2021-01-11,MESO,0.4907621,8.66,3.0,ok,390.0
2021-01-11,BNGO,0.26709402,4.68,4.0,ok,390.0
2021-01-11,DOGZ,0.111607194,2.24,5.0,ok,207.0
2021-01-12,IRIX,0.37328672,2.86,1.0,ok,376.0
2021-01-12,CAPR,0.17312074,4.39,2.0,ok,378.0
2021-01-12,PAVS,0.16981137,2.12,3.0,ok,381.0
2021-01-12,UAVS,0.1636107,7.09,4.0,ok,388.0
2021-01-12,APXTW,0.1618799,3.83,5.0,ok,267.0
2021-01-13,BGM,0.42003298,10.0,1.0,ok,382.0
2021-01-13,SMC,0.4052478,13.72,2.0,ok,263.0
2021-01-13,GLNG,0.23287678,12.24,3.0,ok,390.0
2021-01-13,MTRX,0.222404,12.23,4.0,ok,371.0
2021-01-13,STIM,0.21079695,11.67,5.0,ok,339.0
2021-01-14,IBRX,0.35318005,14.78,1.0,ok,390.0
2021-01-14,CNET,0.35267854,2.24,2.0,ok,390.0
2021-01-14,ORGO,0.32697546,7.34,3.0,ok,382.0
2021-01-14,MNTS,0.29349732,17.07,4.0,ok,388.0
2021-01-14,ASTS,0.18373036,13.35,5.0,ok,390.0
2021-01-15,DBVT,0.42272723,3.74,1.0,ok,390.0
2021-01-15,AMTX,0.19999993,3.5,2.0,ok,372.0
2021-01-15,BB,0.17233813,9.11,3.0,ok,390.0
2021-01-15,TLRY,0.16271555,18.56,4.0,ok,390.0
2021-01-15,NCNA,0.14615381,6.5,5.0,ok,379.0
2021-01-19,ACRS,1.3894558,5.88,1.0,ok,386.0
2021-01-19,GEVO,0.38437498,6.4,2.0,ok,390.0
2021-01-19,NERV,0.3468635,2.71,3.0,ok,388.0
2021-01-19,DBVT,0.3021201,5.66,4.0,ok,380.0
2021-01-19,CRNT,0.28041244,4.85,5.0,ok,390.0
2021-01-20,DARE,0.45762706,2.36,1.0,ok,390.0
2021-01-20,NIKI,0.4433962,3.18,2.0,ok,387.0
2021-01-20,LCTX,0.22177422,2.48,3.0,ok,390.0
2021-01-20,UAVS,0.16856682,12.28,4.0,ok,390.0
2021-01-20,SENS,0.16842103,2.85,5.0,ok,390.0
2021-01-21,IPWR,0.37650943,9.11,1.0,ok,378.0
2021-01-21,JAGX,0.16095889,2.92,2.0,ok,390.0
2021-01-21,ECOR,0.15322578,2.48,3.0,ok,390.0
2021-01-21,DTIL,0.12636614,14.64,4.0,ok,387.0
2021-01-21,CRDF,0.12387788,11.14,5.0,ok,389.0
2021-01-22,EVGO,0.55547225,13.34,1.0,ok,390.0
2021-01-22,HIND,0.2489872,5.0601,2.0,ok,390.0
2021-01-22,SCYX,0.21203828,7.31,3.0,ok,387.0
2021-01-22,LAB,0.14772737,6.16,4.0,ok,390.0
2021-01-25,AMTX,0.6181817,4.4,1.0,ok,390.0
2021-01-25,BB,0.3924501,14.04,2.0,ok,390.0
2021-01-25,RCON,0.3881278,2.19,3.0,ok,382.0
2021-01-25,AUPH,0.37954247,14.86,4.0,ok,390.0
2021-01-25,AMC,0.3414024,3.51,5.0,ok,390.0
2021-01-26,KOSS,0.94833326,6.0,1.0,ok,382.0
2021-01-26,EDSA,0.61301994,5.53,2.0,ok,386.0
2021-01-26,VANI,0.23923445,2.09,3.0,ok,387.0
2021-01-26,MYO,0.2343173,10.84,4.0,ok,290.0
2021-01-26,PRTS,0.19456685,13.62,5.0,ok,390.0
2021-01-27,AMC,3.1004133,4.96,1.0,ok,365.0
2021-01-27,KOSS,0.7520001,10.0,2.0,ok,264.0
2021-01-27,CANG,0.41087627,8.5,3.0,ok,389.0
2021-01-27,KODK,0.3488865,9.43,4.0,ok,390.0
2021-01-27,OXBR,0.29933107,3.14,5.0,ok,390.0
2021-01-28,JAN,1.3428206,9.52,1.0,no_minute_data,
2021-01-28,AIFC,1.3424368,9.52,2.0,ok,300.0
2021-01-28,MPU,0.85025644,9.75,3.0,ok,315.0
2021-01-28,XWEL,0.39330542,2.39,4.0,ok,390.0
2021-01-28,AG,0.33698034,13.89,5.0,ok,366.0
2021-01-29,AMC,0.658404,8.63,1.0,ok,386.0
2021-01-29,FFAI,0.316267,15.43,2.0,ok,390.0
2021-01-29,CD,0.2743436,3.29,3.0,ok,314.0
2021-01-29,TRVG,0.24209261,2.48,4.0,ok,389.0
2021-01-29,RIOT,0.22930253,19.93,5.0,ok,390.0
2021-02-01,PHUN,0.47115386,2.08,1.0,ok,390.0
2021-02-01,MVST,0.42975736,15.66,2.0,ok,390.0
2021-02-01,CDE,0.3816371,9.05,3.0,ok,390.0
2021-02-01,IMTE,0.33855188,5.11,4.0,ok,383.0
2021-02-01,AG,0.3165549,18.12,5.0,ok,390.0
2021-02-02,MBRX,0.5765958,4.7,1.0,ok,390.0
2021-02-02,AREC,0.35436904,2.51,2.0,ok,390.0
2021-02-02,PRTA,0.30999994,11.0,3.0,ok,373.0
2021-02-02,TLSA,0.30366492,3.82,4.0,ok,374.0
2021-02-02,GSM,0.24634969,2.76,5.0,ok,390.0
2021-02-03,SGLY,1.1729958,4.74,1.0,ok,378.0
2021-02-03,SLS,0.43643022,8.18,2.0,ok,390.0
2021-02-03,KOSS,0.33749998,20.0,3.0,ok,390.0
2021-02-03,CPSH,0.28242064,6.94,4.0,ok,386.0
2021-02-03,SOGP,0.26199913,5.16,5.0,ok,390.0
2021-02-04,AVXL,0.9210019,10.38,1.0,ok,382.0
2021-02-04,ATOS,0.36728394,3.24,2.0,ok,390.0
2021-02-04,SOGP,0.28365195,8.5,3.0,ok,390.0
2021-02-04,ANVS,0.25206387,18.17,4.0,ok,371.0
2021-02-04,GNPX,0.21314383,5.63,5.0,ok,382.0
2021-02-05,JG,1.7562814,3.98,1.0,ok,386.0
2021-02-05,KRKR,0.46888888,4.5,2.0,ok,361.0
2021-02-05,AREC,0.41037333,4.68,3.0,ok,386.0
2021-02-05,BTCT,0.38321173,2.74,4.0,ok,390.0
2021-02-05,MYND,0.34857774,2.7,5.0,ok,369.0
2021-02-08,OCGN,0.767619,5.25,1.0,ok,378.0
2021-02-08,WPRT,0.43930638,8.65,2.0,ok,390.0
2021-02-08,CLNE,0.2995373,12.97,3.0,ok,390.0
2021-02-08,PPBT,0.25703776,4.76,4.0,ok,388.0
2021-02-08,PHUN,0.21818185,2.2,5.0,ok,390.0
2021-02-09,CHCI,2.1848342,4.22,1.0,ok,386.0
2021-02-09,OTLK,0.19637465,3.31,2.0,ok,386.0
2021-02-09,DSX,0.17657351,2.6,3.0,ok,347.0
2021-02-09,RMCF,0.16271186,5.9,4.0,ok,258.0
2021-02-09,PRSO,0.13742697,3.42,5.0,ok,360.0
2021-02-10,OLB,0.7127516,7.45,1.0,ok,378.0
2021-02-10,WGS,0.48195887,15.52,2.0,ok,390.0
2021-02-10,GSAT,0.4477613,2.01,3.0,ok,390.0
2021-02-10,ACHR,0.3727759,11.24,4.0,ok,390.0
2021-02-10,OGI,0.35788274,4.345,5.0,ok,390.0
2021-02-11,RCMT,1.681572,3.69,1.0,ok,382.0
2021-02-11,ACIU,0.5896033,7.31,2.0,ok,390.0
2021-02-11,MVIS,0.4057144,14.0,3.0,ok,390.0
2021-02-11,SNDL,0.34237278,2.95,4.0,ok,386.0
2021-02-11,GRNQ,0.19898784,2.47,5.0,ok,384.0
2021-02-12,ASYS,0.18644059,8.85,1.0,ok,326.0
2021-02-12,INO,0.18615377,13.0,2.0,ok,390.0
2021-02-12,ALAR,0.18222225,2.25,3.0,ok,376.0
2021-02-12,AHG,0.17985606,2.78,4.0,ok,280.0
2021-02-12,AMBO,0.15894032,3.02,5.0,ok,315.0
2021-02-16,SCKT,2.1450615,3.24,1.0,ok,350.0
2021-02-16,FWDI,0.36833334,4.2,2.0,ok,340.0
2021-02-16,SOS,0.3024193,7.44,3.0,ok,390.0
2021-02-16,MYO,0.22770917,14.58,4.0,ok,347.0
2021-02-16,SGLY,0.22476375,7.71,5.0,ok,390.0
2021-02-17,LODE,3.3688889,2.25,1.0,ok,390.0
2021-02-17,PETZ,1.8019168,3.13,2.0,ok,328.0
2021-02-17,CLPS,1.7176383,4.9,3.0,ok,370.0
2021-02-17,DOGZ,0.6681615,2.23,4.0,ok,390.0
2021-02-17,ONCY,0.5481727,3.01,5.0,ok,390.0
2021-02-18,QUIK,0.3723849,7.17,1.0,ok,377.0
2021-02-18,BKSY,0.26210046,10.95,2.0,ok,390.0
2021-02-18,BTTC,0.18309855,3.55,3.0,ok,389.0
2021-02-18,RIGL,0.17439294,4.53,4.0,ok,390.0
2021-02-18,INBS,0.15320337,7.18,5.0,ok,332.0
2021-02-19,WATT,0.57795703,3.72,1.0,ok,390.0
2021-02-19,EOLS,0.4818436,7.16,2.0,thin_session,
2021-02-19,JFU,0.27376425,2.63,3.0,ok,390.0
2021-02-19,MTC,0.25575447,3.91,4.0,ok,384.0
2021-02-19,TAOP,0.25173616,5.76,5.0,ok,382.0
2021-02-22,ENVX,0.2698413,15.75,1.0,ok,390.0
2021-02-22,CTXR,0.20873785,2.06,2.0,ok,390.0
2021-02-22,VIOT,0.18447924,15.88,3.0,ok,382.0
2021-02-22,VUZI,0.15002823,17.73,4.0,ok,390.0
2021-02-22,BODI,0.13879001,14.05,5.0,ok,390.0
2021-02-23,YHGJ,0.74261594,2.37,1.0,ok,390.0
2021-02-23,RETO,0.11965811,2.34,2.0,ok,390.0
2021-02-24,SYPR,1.5864661,2.66,1.0,ok,390.0
2021-02-24,ARLO,0.2447604,6.68,2.0,ok,389.0
2021-02-24,RCMT,0.16049373,4.05,3.0,ok,341.0
2021-02-24,IONQ,0.15733111,12.14,4.0,ok,390.0
2021-02-24,AIM,0.15060353,2.26,5.0,ok,381.0
2021-02-25,KOSS,0.7684381,18.44,1.0,ok,386.0
2021-02-25,AIFC,0.41636586,8.31,2.0,ok,378.0
2021-02-25,JAN,0.4162308,8.31,3.0,no_minute_data,
2021-02-25,SCKT,0.38613856,10.1,4.0,ok,390.0
2021-02-25,AMC,0.19825912,9.09,5.0,ok,390.0
2021-02-26,BTCT,0.21917808,2.19,1.0,ok,381.0
2021-02-26,RKT,0.1725663,19.9,2.0,ok,390.0
2021-02-26,SRTS,0.1649214,3.82,3.0,ok,384.0
2021-03-01,ECOR,0.3225807,2.17,1.0,ok,390.0
2021-03-01,RKLB,0.31219506,10.25,2.0,ok,390.0
2021-03-01,SOS,0.27044022,4.77,3.0,ok,390.0
2021-03-01,SCKT,0.26546144,10.51,4.0,ok,345.0
2021-03-01,SOGP,0.22948968,8.06,5.0,ok,319.0
2021-03-02,KOPN,0.2097826,9.2,1.0,ok,390.0
2021-03-02,SOS,0.18684602,6.69,2.0,ok,390.0
2021-03-02,FBIO,0.14948452,3.88,3.0,ok,386.0
2021-03-02,KXIN,0.14857137,3.5,4.0,ok,384.0
2021-03-02,AVTX,0.10991955,3.73,5.0,ok,318.0
2021-03-03,ZVRA,0.6723224,9.43,1.0,ok,386.0
2021-03-03,OVID,0.5844594,2.96,2.0,ok,390.0
2021-03-03,SLE,0.47630918,4.01,3.0,ok,390.0
2021-03-03,UWMC,0.33305144,9.13,4.0,ok,390.0
2021-03-03,OCGN,0.2541666,9.6,5.0,ok,390.0
2021-03-04,AIFA,0.2240001,2.5,1.0,ok,390.0
2021-03-04,SLE,0.1823417,5.21,2.0,ok,390.0
2021-03-04,SKT,0.16090333,17.74,3.0,ok,390.0
2021-03-05,AEI,0.3849765,10.65,1.0,ok,360.0
2021-03-05,SIFY,0.29629624,2.7,2.0,ok,390.0
2021-03-05,CLPS,0.25627232,4.14,3.0,ok,390.0
2021-03-05,BTCT,0.20192313,2.08,4.0,ok,389.0
2021-03-05,LFMD,0.16712713,14.48,5.0,ok,368.0
2021-03-08,CMMB,0.5793414,3.34,1.0,ok,390.0
2021-03-08,VANI,0.5543859,5.7,2.0,ok,372.0
2021-03-08,IMVT,0.44047368,13.51,3.0,ok,390.0
2021-03-08,MBI,0.115820885,7.68,4.0,thin_session,
2021-03-08,CUE,0.11494255,13.05,5.0,ok,294.0
2021-03-09,VANI,0.5921835,11.77,1.0,ok,390.0
2021-03-09,GTBP,0.3017621,4.54,2.0,ok,375.0
2021-03-09,ASYS,0.14613819,8.83,3.0,ok,260.0
2021-03-09,YDKG,0.1449275,2.76,4.0,ok,310.0
2021-03-09,SCKT,0.1428572,7.63,5.0,ok,380.0
2021-03-10,MNOV,0.73415506,5.68,1.0,ok,390.0
2021-03-10,ENVB,0.7064847,2.93,2.0,ok,390.0
2021-03-10,KOSS,0.40949726,17.9,3.0,ok,378.0
2021-03-10,HIND,0.35310733,3.54,4.0,ok,378.0
2021-03-10,NAGE,0.24432814,11.46,5.0,ok,378.0
2021-03-11,XMAX,1.8875,2.4,1.0,ok,390.0
2021-03-11,SIEB,0.45813942,4.3,2.0,ok,387.0
2021-03-11,LGVN,0.4506259,7.19,3.0,ok,381.0
2021-03-11,OGI,0.37716258,2.89,4.0,ok,390.0
2021-03-11,SLE,0.2162162,5.55,5.0,ok,390.0
2021-03-12,ENTX,0.5420792,4.04,1.0,ok,362.0
2021-03-12,ANIX,0.30503893,5.14,2.0,ok,386.0
2021-03-12,GRABW,0.11650479,5.15,3.0,ok,119.0
2021-03-12,BTCT,0.113360286,2.47,4.0,ok,390.0
2021-03-12,FRSX,0.10041261,7.27,5.0,ok,390.0
2021-03-15,ZKIN,0.1627543,6.39,1.0,ok,385.0
2021-03-15,TOON,0.1327014,2.11,2.0,ok,390.0
2021-03-15,AREC,0.12657928,4.34,3.0,ok,374.0
2021-03-15,CBAT,0.11213243,5.44,4.0,ok,390.0
2021-03-15,SLE,0.110429406,6.52,5.0,ok,387.0
2021-03-16,ZDGE,0.3178928,11.27,1.0,ok,377.0
2021-03-16,SYPR,0.22666669,3.75,2.0,ok,339.0
2021-03-16,ERNA,0.1591512,3.77,3.0,ok,372.0
2021-03-16,CMMB,0.1409396,4.47,4.0,ok,383.0
2021-03-16,ZVRA,0.13411558,11.93,5.0,ok,390.0
2021-03-17,QNTM,0.38164246,2.07,1.0,ok,390.0
2021-03-17,IMTX,0.3327601,11.63,2.0,ok,390.0
2021-03-17,AREC,0.21835518,4.26,3.0,ok,390.0
2021-03-18,SGLY,0.30455065,8.57,1.0,ok,390.0
2021-03-18,OCG,0.29528332,10.6,2.0,ok,381.0
2021-03-18,PCTTW,0.27923977,13.68,3.0,thin_session,
2021-03-18,AYTU,0.12244892,9.8,4.0,ok,375.0
2021-03-18,UONE,0.11831939,5.95,5.0,ok,378.0
2021-03-19,AAME,0.20945787,4.54,1.0,ok,380.0
2021-03-19,ZKIN,0.19612312,8.77,2.0,ok,390.0
2021-03-19,ALEC,0.14214039,17.94,3.0,ok,386.0
2021-03-22,DYAI,0.53658533,5.33,1.0,ok,390.0
2021-03-22,MRKR,0.21487594,2.42,2.0,ok,390.0
2021-03-22,CETX,0.20302892,2.08,3.0,ok,388.0
2021-03-22,LODE,0.12318838,5.52,4.0,ok,386.0
2021-03-22,EDSA,0.1165756,5.49,5.0,ok,222.0
2021-03-23,BNTC,1.1630094,3.19,1.0,ok,390.0
2021-03-23,RKTO,0.40366971,2.18,2.0,ok,390.0
2021-03-23,ORMP,0.17908442,10.38,3.0,ok,383.0
2021-03-24,DLPN,0.583197,18.33,1.0,ok,386.0
2021-03-24,ZKIN,0.32275605,11.03,2.0,ok,389.0
2021-03-24,SLNH,0.19230771,13.0,3.0,ok,79.0
2021-03-24,PLBY,0.14863396,18.3,4.0,ok,376.0
2021-03-24,SOS,0.1466049,6.48,5.0,ok,390.0
2021-03-25,QNRX,0.6275072,3.49,1.0,ok,390.0
2021-03-25,QXO,0.11933935,6.21,2.0,ok,303.0
2021-03-25,JXG,0.105263114,3.61,3.0,ok,212.0
2021-03-25,TWAV,0.10277772,3.6,4.0,ok,236.0
2021-03-26,EEIQ,3.4650002,4.0,1.0,ok,284.0
2021-03-26,FRMM,0.68143106,5.87,2.0,ok,386.0
2021-03-26,FTFT,0.117533684,5.19,3.0,ok,389.0
2021-03-29,EEIQ,0.44516122,15.5,1.0,ok,364.0
2021-03-29,FLY,0.26188672,13.25,2.0,ok,389.0
2021-03-29,DLPN,0.18566036,13.25,3.0,ok,390.0
2021-03-29,TDUP,0.16732001,20.0,4.0,ok,359.0
2021-03-29,WKEY,0.13320208,15.24,5.0,ok,388.0
2021-03-30,MBRX,0.21891892,3.7,1.0,ok,387.0
2021-03-31,RKDA,0.43776834,2.33,1.0,ok,390.0
2021-03-31,TAOP,0.25248504,10.06,2.0,ok,387.0
2021-03-31,CLRO,0.1816647,3.08,3.0,ok,356.0
2021-03-31,OCGN,0.14814818,6.75,4.0,ok,390.0
2021-03-31,OPENW,0.11945033,9.46,5.0,ok,74.0
2021-04-01,UPC,0.33167088,4.01,1.0,ok,381.0
2021-04-01,FTFT,0.29193544,6.2,2.0,ok,386.0
2021-04-01,SNOA,0.26379538,7.43,3.0,ok,386.0
2021-04-01,MPU,0.18309855,3.55,4.0,ok,334.0
2021-04-01,UAVS,0.17891371,6.26,5.0,ok,390.0
2021-04-05,GENI,0.22392833,15.63,1.0,ok,390.0
2021-04-05,VVOS,0.15238094,7.35,2.0,ok,336.0
2021-04-05,IRD,0.12068963,6.38,3.0,ok,290.0
2021-04-06,ERNA,0.7880086,4.67,1.0,ok,390.0
2021-04-06,MPU,0.17698348,11.47,2.0,ok,386.0
2021-04-06,AEHL,0.1555556,3.15,3.0,ok,245.0
2021-04-06,EVAX,0.14999998,5.2,4.0,ok,147.0
2021-04-06,INVZ,0.14974356,9.75,5.0,ok,367.0
2021-04-07,ASTC,0.30733943,2.18,1.0,ok,390.0
2021-04-07,SOS,0.2955556,4.5,2.0,ok,390.0
2021-04-07,CBAT,0.15338647,5.02,3.0,ok,389.0
2021-04-07,TULP,0.10866141,6.35,4.0,ok,359.0
2021-04-07,GRAB,0.101621985,12.7,5.0,ok,388.0
2021-04-08,IMMP,0.13836467,3.18,1.0,ok,386.0
2021-04-08,HYFT,0.114548445,11.96,2.0,ok,174.0
2021-04-08,APRE,0.113223076,4.84,3.0,ok,383.0
2021-04-09,CELC,0.54297686,14.31,1.0,ok,385.0
2021-04-09,GURE,0.20322585,4.65,2.0,ok,321.0
2021-04-09,SOHU,0.16201925,16.64,3.0,ok,369.0
2021-04-12,ZDGE,0.12670708,13.49,1.0,ok,311.0
2021-04-13,RIGL,0.13268614,3.09,1.0,ok,389.0
2021-04-13,VTVT,0.10894942,2.57,2.0,ok,390.0
2021-04-13,EVGN,0.10569477,4.39,3.0,ok,354.0
2021-04-13,CAN,0.10197866,13.14,4.0,ok,390.0
2021-04-14,TV,0.14831042,10.12,1.0,ok,390.0
2021-04-15,TAOP,0.20611918,6.21,1.0,ok,388.0
2021-04-15,KXIN,0.13502109,2.37,2.0,ok,379.0
2021-04-15,INO,0.11085963,8.84,3.0,ok,390.0
2021-04-16,SBET,0.9094076,2.87,1.0,ok,390.0
2021-04-16,YI,0.10459876,11.09,2.0,ok,326.0
2021-04-19,CLNE,0.26481152,11.14,1.0,ok,390.0
2021-04-19,LFMD,0.12036109,9.97,2.0,ok,379.0
2021-04-19,CHAI,0.118967414,8.91,3.0,ok,85.0
2021-04-19,IDYA,0.103170395,18.61,4.0,ok,220.0
2021-04-20,QCLS,0.42217243,4.465,1.0,ok,373.0
2021-04-20,XXII,0.11549294,3.55,2.0,ok,389.0
2021-04-20,HIND,0.100806475,2.48,3.0,ok,379.0
2021-04-21,OCGN,0.20471013,5.52,1.0,ok,390.0
2021-04-21,INTT,0.1624738,9.54,2.0,ok,359.0
2021-04-22,FIRY,0.15966582,16.76,1.0,ok,390.0
2021-04-22,OPENW,0.15689147,6.82,2.0,ok,74.0
2021-04-22,MVIS,0.12441981,12.495,3.0,ok,390.0
2021-04-22,BNGO,0.10998309,5.91,4.0,ok,390.0
2021-04-23,SYPR,0.28825617,2.81,1.0,ok,390.0
2021-04-23,NTRP,0.105919,3.21,2.0,ok,316.0
2021-04-26,OCGN,0.14849436,9.63,1.0,ok,390.0
2021-04-26,VYGR,0.12740898,4.67,2.0,ok,389.0
2021-04-26,MVIS,0.11240959,17.97,3.0,ok,390.0
2021-04-27,ALDX,0.1602161,11.11,1.0,ok,390.0
2021-04-27,SLNH,0.12774193,7.75,2.0,ok,334.0
2021-04-27,NNDM,0.11178613,8.23,3.0,ok,390.0
2021-04-28,DFTX,0.114427805,4.02,1.0,ok,390.0
2021-04-28,BOXL,0.10245907,2.44,2.0,ok,390.0
2021-04-28,ABTC,0.10114944,4.35,3.0,ok,369.0
2021-04-29,WVVI,0.3444022,10.245,1.0,ok,390.0
2021-04-29,NOK,0.15719068,4.2,2.0,ok,390.0
2021-04-29,REI,0.112612605,2.22,3.0,ok,321.0
2021-04-29,EZPW,0.11132431,5.21,4.0,ok,318.0
2021-05-03,PALI,0.13666224,7.61,1.0,ok,326.0
2021-05-03,AIOS,0.11459029,15.01,2.0,ok,94.0
2021-05-04,BLRX,0.5329155,3.19,1.0,ok,374.0
2021-05-04,PRPO,0.2929293,4.95,2.0,ok,382.0
2021-05-04,CNSY,0.15769231,2.6,3.0,ok,389.0
2021-05-04,STIM,0.13300502,10.15,4.0,ok,386.0
2021-05-05,VERU,0.20229888,8.7,1.0,ok,390.0
2021-05-05,HAYW,0.1784426,19.39,2.0,ok,385.0
2021-05-05,OPLN,0.11026883,14.51,3.0,thin_session,
2021-05-05,CVGI,0.10962558,11.22,4.0,ok,320.0
2021-05-06,ALF,0.45810056,3.58,1.0,ok,389.0
2021-05-06,AMS,0.32957745,3.55,2.0,ok,378.0
2021-05-06,BRN,0.18642116,2.68,3.0,ok,376.0
2021-05-06,AIFC,0.12608695,6.9,4.0,ok,232.0
2021-05-06,JAN,0.12600732,6.9,5.0,no_minute_data,
2021-05-07,CMMB,0.17380345,19.85,1.0,ok,219.0
2021-05-07,OPENW,0.13692307,6.5,2.0,thin_session,
2021-05-07,GPRO,0.11015332,10.44,3.0,ok,390.0
2021-05-10,ALF,0.31891894,3.7,1.0,ok,386.0
2021-05-10,LEDS,0.26030183,7.95,2.0,ok,390.0
2021-05-10,SRTA,0.1183908,8.7,3.0,ok,331.0
2021-05-10,GTX,0.102778316,5.68,4.0,ok,297.0
2021-05-11,DDD,0.1412493,17.77,1.0,ok,390.0
2021-05-11,AVTX,0.13842535,2.54,2.0,ok,390.0
2021-05-11,ARQ,0.101511836,4.63,3.0,ok,272.0
2021-05-12,VTAK,0.23493981,3.32,1.0,ok,382.0
2021-05-12,FUBO,0.19864178,17.67,2.0,ok,390.0
2021-05-12,VANI,0.18400002,5.0,3.0,ok,390.0
2021-05-12,NERV,0.17488778,2.23,4.0,ok,390.0
2021-05-12,BMRA,0.16129029,3.41,5.0,ok,354.0
2021-05-13,PALI,0.2514286,5.25,1.0,ok,390.0
2021-05-13,NEGG,0.20364225,6.04,2.0,ok,300.0
2021-05-13,BRT,0.1496259,16.09,3.0,thin_session,
2021-05-13,COMP,0.11626291,14.45,4.0,ok,387.0
2021-05-14,BNGO,0.19478452,4.41,1.0,ok,390.0
2021-05-14,AEVA,0.18696892,7.06,2.0,ok,388.0
2021-05-14,FTFT,0.15953302,2.57,3.0,ok,339.0
2021-05-14,CRCT,0.1219331,20.0,4.0,ok,343.0
2021-05-14,LFMD,0.12135172,6.51,5.0,ok,388.0
2021-05-17,DBGI,0.2588235,3.4,1.0,ok,381.0
2021-05-17,DFTX,0.120743036,3.23,2.0,ok,388.0
2021-05-17,SMMT,0.115249634,5.41,3.0,ok,333.0
2021-05-18,ULBI,0.3384254,8.51,1.0,ok,390.0
2021-05-18,AGEN,0.29446697,3.26,2.0,ok,390.0
2021-05-19,LPTH,0.13675225,2.34,1.0,ok,388.0
2021-05-20,NEGG,0.47505426,9.22,1.0,ok,380.0
2021-05-20,CPSH,0.21775544,5.97,2.0,ok,384.0
2021-05-20,SPCE,0.19397795,17.27,3.0,ok,390.0
2021-05-20,VTGN,0.14347827,2.3,4.0,ok,390.0
2021-05-20,SLE,0.14174318,4.36,5.0,ok,381.0
2021-05-21,JZXN,0.3274932,7.42,1.0,ok,386.0
2021-05-21,ENVB,0.14403296,2.43,2.0,ok,388.0
2021-05-21,YALA,0.100877166,15.96,3.0,ok,387.0
2021-05-24,ZSTK,0.10153842,3.25,1.0,ok,220.0
2021-05-25,EDU,0.12566876,9.07,1.0,ok,390.0
2021-05-26,PVLA,0.3324468,3.76,1.0,ok,390.0
2021-05-26,INSE,0.13015878,9.45,2.0,ok,387.0
2021-05-26,RNAC,0.12605047,3.57,3.0,ok,380.0
2021-05-27,ABTS,0.22580647,16.43,1.0,ok,365.0
2021-05-27,ORGO,0.1828022,16.63,2.0,ok,388.0
2021-05-27,SOS,0.17484665,3.26,3.0,ok,390.0
2021-05-27,LNTH,0.16145563,19.51,4.0,ok,386.0
2021-05-27,BTBT,0.10497236,9.05,5.0,ok,387.0
2021-05-28,YEXT,0.21039796,12.31,1.0,ok,390.0
2021-05-28,ATNM,0.107569695,7.53,2.0,ok,247.0
2021-06-01,RZLT,0.3118974,10.33,1.0,ok,212.0
2021-06-01,BB,0.115193605,10.07,2.0,ok,390.0
2021-06-02,BB,0.11678195,11.56,1.0,ok,390.0
2021-06-03,JZXN,0.42265296,9.31,1.0,ok,343.0
2021-06-03,WKHS,0.24913192,11.52,2.0,ok,390.0
2021-06-03,BB,0.2419672,15.25,3.0,ok,390.0
2021-06-03,CLOV,0.14530897,8.74,4.0,ok,390.0
2021-06-03,VTAK,0.12634408,3.72,5.0,ok,385.0
2021-06-04,SENS,0.31219506,2.05,1.0,ok,390.0
2021-06-04,LEDS,0.24966896,15.1,2.0,ok,390.0
2021-06-04,NCTY,0.19744062,10.94,3.0,ok,390.0
2021-06-04,XERS,0.13974035,3.85,4.0,ok,390.0
2021-06-04,CLNE,0.11074567,9.12,5.0,ok,390.0
2021-06-07,VTAK,0.42008197,4.88,1.0,ok,386.0
2021-06-07,AREC,0.25446153,3.3,2.0,ok,390.0
2021-06-07,EOCN,0.17058825,3.4,3.0,ok,348.0
2021-06-07,BNGO,0.1222707,6.87,4.0,ok,390.0
2021-06-07,CLNE,0.12030077,9.31,5.0,ok,390.0
2021-06-08,CLOV,0.3955537,11.92,1.0,ok,390.0
2021-06-08,NEXT,0.23850572,3.48,2.0,ok,386.0
2021-06-08,PDSB,0.18723404,9.4,3.0,ok,384.0
2021-06-08,KRSA,0.14603174,3.15,4.0,ok,390.0
2021-06-08,AYTU,0.14506519,5.37,5.0,ok,388.0
2021-06-09,AEMD,3.79638,2.21,1.0,ok,390.0
2021-06-09,AEHL,0.5689223,3.99,2.0,ok,385.0
2021-06-09,SLDPW,0.39999998,2.0,3.0,ok,260.0
2021-06-09,CLNE,0.39444458,9.9,4.0,ok,390.0
2021-06-09,GEO,0.28616357,6.36,5.0,ok,386.0
2021-06-10,SCNX,0.54628897,4.08,1.0,ok,390.0
2021-06-10,NXPL,0.29423463,5.03,2.0,ok,375.0
2021-06-10,ANY,0.20000005,2.0,3.0,ok,390.0
2021-06-10,AEI,0.14522827,4.82,4.0,ok,390.0
2021-06-10,EDU,0.11193776,9.02,5.0,ok,390.0
2021-06-11,AMST,0.5090252,2.77,1.0,ok,390.0
2021-06-11,INBS,0.27548206,3.63,2.0,ok,376.0
2021-06-11,CMMB,0.25,20.0,3.0,ok,349.0
2021-06-11,RCON,0.2376374,12.74,4.0,ok,361.0
2021-06-11,PGEN,0.2331903,6.99,5.0,ok,390.0
2021-06-14,MDIA,0.48177087,3.84,1.0,ok,388.0
2021-06-14,SLDPW,0.24831891,2.8999,2.0,ok,274.0
2021-06-14,MREO,0.103773594,3.18,3.0,ok,388.0
2021-06-15,OCGN,0.15497553,6.13,1.0,ok,390.0
2021-06-15,UXIN,0.123552084,5.18,2.0,ok,390.0
2021-06-15,NRXP,0.10266662,18.0,3.0,ok,208.0
2021-06-16,APRE,0.50721645,4.85,1.0,ok,390.0
2021-06-16,GTEC,0.20572054,9.09,2.0,ok,327.0
2021-06-16,XYF,0.16698503,8.27,3.0,ok,301.0
2021-06-16,FWDI,0.1428572,2.73,4.0,ok,376.0
2021-06-16,BCTX,0.102819204,6.03,5.0,ok,390.0
2021-06-17,QNRX,0.7675841,3.27,1.0,ok,386.0
2021-06-17,TAOX,0.235955,8.9,2.0,ok,368.0
2021-06-17,HIND,0.15873015,6.3,3.0,ok,379.0
2021-06-18,FXHO,0.17501545,16.17,1.0,ok,388.0
2021-06-18,GEO,0.10138893,7.2,2.0,ok,390.0
2021-06-21,AEI,0.5050918,4.91,1.0,ok,390.0
2021-06-21,MNOV,0.3324468,3.76,2.0,ok,390.0
2021-06-21,LNAI,0.12068963,5.8,3.0,ok,372.0
2021-06-21,OKUR,0.100811124,8.63,4.0,ok,113.0
2021-06-22,ADIL,0.22648084,2.87,1.0,ok,389.0
2021-06-22,ALF,0.21538448,7.8,2.0,ok,386.0
2021-06-22,GROY,0.1614219,4.52,3.0,ok,354.0
2021-06-22,VTVT,0.13559318,2.36,4.0,ok,388.0
2021-06-22,XAIR,0.12156868,5.1,5.0,ok,328.0
2021-06-23,ENTX,0.60579073,4.49,1.0,ok,386.0
2021-06-23,VIVO,0.10821915,7.3,2.0,ok,348.0
2021-06-23,CLOV,0.10451305,12.63,3.0,ok,390.0
2021-06-24,DHX,0.16845882,2.79,1.0,ok,365.0
2021-06-24,IFBD,0.1465323,3.72,2.0,ok,353.0
2021-06-24,CXM,0.10170448,17.6,3.0,ok,388.0
2021-06-25,UPXI,0.28571427,5.6,1.0,ok,386.0
2021-06-25,FFAI,0.15482569,14.92,2.0,ok,367.0
2021-06-25,PVLA,0.121281385,4.37,3.0,ok,390.0
2021-06-25,PSFE,0.10441041,11.11,4.0,ok,390.0
2021-06-28,HIND,0.265,6.0,1.0,ok,390.0
2021-06-28,ALF,0.15905261,17.1,2.0,ok,390.0
2021-06-28,MXC,0.13757527,9.01,3.0,ok,188.0
2021-06-28,LENZ,0.1351074,18.5,4.0,ok,383.0
2021-06-28,ABUS,0.13056386,3.37,5.0,ok,377.0
2021-06-29,AUUD,0.29202032,5.89,1.0,ok,386.0
2021-06-29,DBGI,0.18032789,5.49,2.0,ok,382.0
2021-06-29,UPC,0.10580206,2.93,3.0,ok,287.0
2021-06-30,BLIN,0.43657804,3.39,1.0,ok,374.0
2021-06-30,IRD,0.40421057,4.75,2.0,ok,390.0
2021-06-30,ASTS,0.27326155,10.21,3.0,ok,390.0
2021-06-30,SLS,0.144606,13.07,4.0,ok,385.0
2021-07-01,SCNX,1.0227604,4.42,1.0,ok,390.0
2021-07-01,BLIN,0.42790687,4.3,2.0,ok,390.0
2021-07-01,WNW,0.3015151,6.6,3.0,ok,389.0
2021-07-01,SPRO,0.19269335,13.96,4.0,ok,340.0
2021-07-01,HURA,0.11013222,2.27,5.0,ok,381.0
2021-07-02,WAVE,1.1898618,10.85,1.0,ok,370.0
2021-07-02,TATT,0.6540084,5.925,2.0,ok,389.0
2021-07-02,AIFA,0.10267854,2.24,3.0,ok,372.0
2021-07-06,NXPL,0.6452205,5.44,1.0,ok,390.0
2021-07-06,BLIN,0.5551839,8.97,2.0,ok,390.0
2021-07-06,LRMR,0.13663292,9.89,3.0,ok,231.0
2021-07-06,OCGN,0.13580239,7.29,4.0,ok,390.0
2021-07-07,DTST,0.7283951,7.29,1.0,ok,390.0
2021-07-08,DBGI,0.45161295,5.27,1.0,ok,386.0
2021-07-08,UONE,0.13642383,7.55,2.0,ok,386.0
2021-07-08,GAME,0.13513517,11.1,3.0,ok,368.0
2021-07-09,AVX,0.5588937,4.61,1.0,ok,382.0
2021-07-09,GALT,0.43478262,2.76,2.0,ok,390.0
2021-07-09,HIND,0.16306484,5.09,3.0,ok,390.0
2021-07-09,RCON,0.12244892,3.43,4.0,ok,374.0
2021-07-09,XYF,0.12141657,12.49,5.0,ok,227.0
2021-07-12,TPST,1.3477981,15.67,1.0,ok,386.0
2021-07-12,TROO,0.7374873,9.79,2.0,ok,359.0
2021-07-12,SBET,0.7257384,4.74,3.0,ok,390.0
2021-07-12,AEHL,0.26426423,3.33,4.0,ok,390.0
2021-07-12,ATEC,0.13851595,14.15,5.0,ok,359.0
2021-07-13,NXPL,0.84257877,6.67,1.0,ok,382.0
2021-07-13,BLIN,0.4242928,6.01,2.0,ok,389.0
2021-07-13,CLNN,0.30548322,13.04,3.0,ok,376.0
2021-07-13,BAOS,0.26916146,4.05,4.0,ok,387.0
2021-07-13,TONX,0.116279125,2.15,5.0,ok,390.0
2021-07-14,DTSS,1.1399317,2.93,1.0,ok,390.0
2021-07-14,OXBR,0.30447757,3.35,2.0,ok,390.0
2021-07-14,JZXN,0.29511678,4.71,3.0,ok,390.0
2021-07-14,TROO,0.24811268,9.59,4.0,ok,377.0
2021-07-14,YHGJ,0.14559388,2.61,5.0,ok,373.0
2021-07-15,DTSS,0.3994975,3.98,1.0,ok,389.0
2021-07-15,TONX,0.22891569,2.49,2.0,ok,390.0
2021-07-15,ARLO,0.17085433,5.97,3.0,ok,389.0
2021-07-15,BLIN,0.11707318,6.15,4.0,ok,382.0
2021-07-16,TROO,0.24865341,11.14,1.0,ok,390.0
2021-07-16,SOGP,0.15312183,5.55,2.0,ok,387.0
2021-07-16,AEHR,0.12811399,2.81,3.0,ok,390.0
2021-07-19,NRXP,0.46713614,8.52,1.0,ok,390.0
2021-07-19,CYTK,0.4513781,19.23,2.0,ok,390.0
2021-07-19,AEHR,0.44999993,3.4,3.0,ok,386.0
2021-07-19,OXBR,0.11764705,3.57,4.0,ok,388.0
2021-07-20,IMNM,0.45733178,16.64,1.0,ok,390.0
2021-07-20,MTVA,0.44680858,2.82,2.0,ok,390.0
2021-07-20,SLI,0.14947367,4.75,3.0,ok,346.0
2021-07-20,AEHR,0.114241004,6.39,4.0,ok,389.0
2021-07-20,TAL,0.10962558,18.7,5.0,ok,390.0
2021-07-21,PRFX,0.27301586,3.15,1.0,ok,358.0
2021-07-21,NUWE,0.114427805,4.02,2.0,ok,206.0
2021-07-22,PRFX,0.5159236,3.14,1.0,ok,369.0
2021-07-22,FFAI,0.22206092,13.78,2.0,ok,384.0
2021-07-22,DVLT,0.21867323,4.07,3.0,ok,390.0
2021-07-22,NRXP,0.15430272,10.11,4.0,ok,390.0
2021-07-22,SOS,0.15384614,2.73,5.0,ok,390.0
2021-07-23,SCKT,1.4655173,5.8,1.0,ok,386.0
2021-07-23,ALZN,0.41811848,5.74,2.0,ok,389.0
2021-07-23,NRXP,0.22796357,16.45,3.0,ok,378.0
2021-07-23,UPC,0.17493474,3.83,4.0,ok,377.0
2021-07-23,KRSA,0.111111164,3.6,5.0,ok,371.0
2021-07-26,XBIO,0.30555558,2.52,1.0,ok,390.0
2021-07-26,FEED,0.27969348,2.61,2.0,ok,390.0
2021-07-26,BTBT,0.15404248,4.23,3.0,ok,390.0
2021-07-26,KEEL,0.14893615,3.29,4.0,ok,385.0
2021-07-26,SOS,0.14516127,2.48,5.0,ok,390.0
2021-07-27,KPRX,1.0480769,3.12,1.0,ok,390.0
2021-07-27,NXPL,0.20173907,5.75,2.0,ok,362.0
2021-07-27,ZSTK,0.18141592,4.52,3.0,ok,385.0
2021-07-28,UPXI,0.3161291,4.65,1.0,ok,382.0
2021-07-28,BTBT,0.27334464,5.89,2.0,ok,386.0
2021-07-28,TAL,0.13430119,5.51,3.0,ok,390.0
2021-07-28,TLRY,0.120974064,12.73,4.0,ok,390.0
2021-07-28,YMM,0.1148926,8.7,5.0,ok,390.0
2021-07-29,HAPN,0.3753847,16.25,1.0,ok,390.0
2021-07-29,BON,0.14796746,12.3,2.0,ok,121.0
2021-07-29,DAO,0.13665259,9.44,3.0,ok,355.0
2021-07-29,ZSTK,0.11850059,8.27,4.0,ok,389.0
2021-07-30,TAOP,0.26397514,3.22,1.0,ok,388.0
2021-07-30,BELFB,0.1555556,12.14,2.0,ok,308.0
2021-07-30,RLYB,0.15390074,14.1,3.0,ok,308.0
2021-08-02,AUTL,0.22744358,5.32,1.0,ok,389.0
2021-08-02,DLPN,0.22704077,7.84,2.0,ok,390.0
2021-08-02,AVX,0.2012012,3.33,3.0,ok,375.0
2021-08-02,RANI,0.113636374,11.0,4.0,ok,159.0
2021-08-02,KEEL,0.10023868,4.19,5.0,ok,375.0
2021-08-03,OTLK,0.3340708,2.26,1.0,ok,390.0
2021-08-03,HLIT,0.11226845,8.64,2.0,ok,387.0
2021-08-04,BYSI,1.9179647,9.63,1.0,ok,374.0
2021-08-04,CERS,0.14035082,5.13,2.0,ok,388.0
2021-08-04,RNA,0.122727156,19.03,3.0,ok,379.0
2021-08-05,ENSC,0.37163818,4.09,1.0,ok,389.0
2021-08-05,SSYS,0.18121827,19.7,2.0,ok,380.0
2021-08-05,MVIS,0.14648116,12.22,3.0,ok,390.0
2021-08-05,QNST,0.14253402,17.68,4.0,ok,271.0
2021-08-05,CTRM,0.123780966,2.02,5.0,ok,390.0
2021-08-06,ANY,0.5552325,3.44,1.0,ok,390.0
2021-08-06,MVST,0.15568292,10.47,2.0,ok,390.0
2021-08-06,PRTS,0.1456368,16.96,3.0,ok,381.0
2021-08-06,WPRT,0.12787724,3.91,4.0,ok,390.0
2021-08-06,AUPH,0.1255337,11.71,5.0,ok,390.0
2021-08-09,ANY,0.17489707,4.86,1.0,ok,390.0
2021-08-09,FTFT,0.17182136,2.91,2.0,ok,390.0
2021-08-09,RSI,0.14440441,11.08,3.0,ok,383.0
2021-08-09,KEEL,0.14117646,5.95,4.0,ok,390.0
2021-08-09,HUT,0.13175678,5.92,5.0,ok,389.0
2021-08-10,FULC,0.5858344,8.33,1.0,ok,382.0
2021-08-10,LU,0.15323305,7.48,2.0,ok,390.0
2021-08-10,MYO,0.1503185,7.85,3.0,ok,283.0
2021-08-10,ORGO,0.13292861,14.82,4.0,ok,356.0
2021-08-10,KXIN,0.10996568,2.91,5.0,ok,390.0
2021-08-11,FULC,0.25998926,18.77,1.0,ok,390.0
2021-08-11,GTIM,0.22666669,4.5,2.0,ok,356.0
2021-08-11,CURI,0.18118584,10.37,3.0,ok,383.0
2021-08-11,ORIO,0.15151525,5.94,4.0,ok,390.0
2021-08-11,PDFS,0.14331901,18.56,5.0,ok,162.0
2021-08-12,PRHI,0.21126771,2.84,1.0,ok,331.0
2021-08-12,XBIO,0.1790123,3.24,2.0,ok,390.0
2021-08-12,OPEN,0.17172408,14.5,3.0,ok,390.0
2021-08-12,CLOV,0.17097175,8.13,4.0,ok,390.0
2021-08-12,HIMS,0.14663148,7.57,5.0,ok,390.0
2021-08-16,TVTX,0.33139157,15.45,1.0,ok,390.0
2021-08-16,FEED,0.26190472,2.52,2.0,ok,390.0
2021-08-16,ENLV,0.1716814,10.17,3.0,ok,385.0
2021-08-17,BON,0.2840352,10.21,1.0,ok,343.0
2021-08-17,PWCM,0.19978261,4.6,2.0,ok,385.0
2021-08-17,JOBY,0.15230465,9.98,3.0,ok,389.0
2021-08-18,PMCB,0.84210527,3.42,1.0,ok,374.0
2021-08-18,KULR,0.112745166,2.04,2.0,ok,246.0
2021-08-20,GOVX,0.72790694,4.3,1.0,ok,390.0
2021-08-20,EDVA,0.122807026,2.85,2.0,ok,176.0
2021-08-20,QFIN,0.10610938,16.9,3.0,ok,389.0
2021-08-23,VVOS,0.6979166,3.84,1.0,ok,382.0
2021-08-23,XERS,0.27272725,2.2,2.0,ok,390.0
2021-08-23,XOS,0.11125827,7.55,3.0,ok,289.0
2021-08-23,STTK,0.10275686,19.95,4.0,ok,171.0
2021-08-23,FINV,0.10206783,5.78,5.0,ok,351.0
2021-08-24,TVRD,0.21078432,14.28,1.0,ok,390.0
2021-08-25,CPOP,0.13842487,4.19,1.0,ok,389.0
2021-08-25,SNTG,0.12295079,6.1,2.0,ok,311.0
2021-08-26,NRXP,0.16111529,12.91,1.0,ok,375.0
2021-08-26,UUU,0.1357956,6.77,2.0,ok,297.0
2021-08-26,BBW,0.104477644,16.85,3.0,ok,355.0
2021-08-27,PRFX,0.21908128,2.83,1.0,ok,318.0
2021-08-27,MI,0.16972482,10.9,2.0,ok,390.0
2021-08-27,RNXT,0.13820934,7.26,3.0,ok,364.0
2021-08-27,SBET,0.12704241,5.59,4.0,ok,387.0
2021-08-30,ATER,0.46052635,6.08,1.0,ok,390.0
2021-08-30,ROOT,0.23749995,6.4,2.0,ok,390.0
2021-08-30,KPLT,0.19613254,3.62,3.0,ok,390.0
2021-08-30,BLIN,0.1954732,4.86,4.0,ok,384.0
2021-08-30,RANI,0.12879002,20.0,5.0,ok,198.0
2021-08-31,ACIU,0.71816885,6.99,1.0,ok,390.0
2021-08-31,CHAI,0.29629636,3.78,2.0,ok,363.0
2021-08-31,SPOK,0.1911422,7.85,3.0,ok,372.0
2021-08-31,PALI,0.13186812,2.73,4.0,ok,355.0
2021-09-01,ABVC,0.39999998,2.9,1.0,ok,390.0
2021-09-01,FCUV,0.21961033,5.1,2.0,ok,275.0
2021-09-01,FIRY,0.15972817,11.77,3.0,ok,390.0
2021-09-01,SLI,0.11434114,5.16,4.0,ok,375.0
2021-09-02,INCR,0.11851847,6.75,1.0,ok,217.0
2021-09-02,GSM,0.11448741,9.08,2.0,ok,390.0
2021-09-02,FCUV,0.110996604,19.28,3.0,ok,386.0
2021-09-03,QNRX,0.6127273,5.5,1.0,ok,390.0
2021-09-03,FTFT,0.13565886,2.58,2.0,ok,390.0
2021-09-03,ENVB,0.11764705,2.21,3.0,ok,390.0
2021-09-03,OLB,0.10020447,4.89,4.0,ok,379.0
2021-09-07,RNXT,0.41191387,7.89,1.0,ok,384.0
2021-09-07,OPAD,0.16859794,8.63,2.0,ok,379.0
2021-09-07,PLRX,0.13871634,19.32,3.0,ok,350.0
2021-09-07,RKLB,0.110946774,13.52,4.0,ok,390.0
2021-09-07,ARQQ,0.10778439,8.35,5.0,ok,190.0
2021-09-08,ARQQ,0.23982298,11.3,1.0,ok,386.0
2021-09-08,AEI,0.11250007,2.4,2.0,ok,390.0
2021-09-09,GROY,0.23298562,4.12,1.0,ok,389.0
2021-09-09,CURV,0.1879741,18.46,2.0,ok,388.0
2021-09-09,CRDF,0.13724816,7.05,3.0,ok,388.0
2021-09-10,ABUS,0.16279078,3.87,1.0,ok,390.0
2021-09-10,SOS,0.13953483,2.58,2.0,ok,390.0
2021-09-10,SY,0.1137774,5.19,3.0,ok,309.0
2021-09-10,KPLT,0.10317457,6.3,4.0,ok,390.0
2021-09-13,MEC,0.24353445,13.92,1.0,ok,347.0
2021-09-13,ATER,0.21186435,11.8,2.0,ok,390.0
2021-09-13,GGAL,0.1568842,10.56,3.0,ok,369.0
2021-09-13,SUPV,0.117351174,2.47,4.0,ok,274.0
2021-09-13,BMA,0.11723602,18.29,5.0,ok,306.0
2021-09-14,ATYR,0.34535527,9.15,1.0,ok,390.0
2021-09-14,LIFE,0.34535527,9.15,2.0,no_minute_data,
2021-09-14,SUNE,0.2150222,6.79,3.0,ok,390.0
2021-09-14,KPLT,0.10650885,6.76,4.0,ok,390.0
2021-09-14,FCEL,0.10320282,5.62,5.0,ok,390.0
2021-09-15,INDP,0.6760961,7.07,1.0,ok,374.0
2021-09-15,IPHA,0.11151743,5.47,2.0,ok,276.0
2021-09-16,OPAD,0.35135138,12.58,1.0,ok,385.0
2021-09-16,TMC,0.29900002,10.0,2.0,ok,390.0
2021-09-16,SPIR,0.24282789,9.76,3.0,ok,373.0
2021-09-16,INDP,0.22325587,10.75,4.0,ok,390.0
2021-09-16,PMCB,0.14371264,3.34,5.0,ok,383.0
2021-09-17,CRVS,0.6769911,2.26,1.0,ok,390.0
2021-09-17,IPHA,0.32173908,5.75,2.0,ok,382.0
2021-09-17,ABCL,0.14292932,19.8,3.0,ok,390.0
2021-09-20,VSTM,0.20289862,2.76,1.0,ok,390.0
2021-09-21,NNVC,0.3799473,3.79,1.0,thin_session,
2021-09-21,SPIR,0.10965252,12.95,2.0,ok,388.0
2021-09-22,AEMD,0.28421056,3.8,1.0,ok,390.0
2021-09-22,ATER,0.12923074,13.0,2.0,ok,390.0
2021-09-22,XPOF,0.104448676,10.34,3.0,ok,223.0
2021-09-23,MRM,1.0834744,7.3891,1.0,ok,386.0
2021-09-23,JSPR,0.33333325,10.23,2.0,ok,381.0
2021-09-23,DBGI,0.19341564,2.43,3.0,ok,378.0
2021-09-24,AEHR,0.18845499,11.78,1.0,ok,390.0
2021-09-24,CAPR,0.16135454,5.02,2.0,ok,389.0
2021-09-24,IMRN,0.13012052,4.15,3.0,ok,259.0
2021-09-27,RCAT,0.5708332,2.4,1.0,ok,390.0
2021-09-27,QNRX,0.40611815,18.96,2.0,ok,375.0
2021-09-27,IPM,0.25187027,4.01,3.0,ok,390.0
2021-09-28,DBGI,0.62033904,2.95,1.0,ok,390.0
2021-09-28,GOGO,0.1382978,12.22,2.0,ok,390.0
2021-09-28,FEIM,0.13715649,9.55,3.0,ok,201.0
2021-09-29,GOVX,0.16507173,4.18,1.0,ok,380.0
2021-09-29,FBIO,0.1205883,3.4,2.0,ok,371.0
2021-09-29,PRQR,0.10455561,8.1,3.0,ok,367.0
2021-09-30,IPM,0.351609,8.39,1.0,ok,381.0
2021-09-30,BLIN,0.15885413,3.84,2.0,ok,376.0
2021-09-30,AMTX,0.13480401,16.32,3.0,ok,386.0
2021-09-30,MYSE,0.108275294,12.93,4.0,ok,390.0
2021-10-01,IPM,0.17880797,10.57,1.0,ok,386.0
2021-10-01,KEEL,0.11058819,4.25,2.0,ok,390.0
2021-10-04,XENE,0.69935894,15.6,1.0,ok,390.0
2021-10-04,JSPR,0.24465811,9.36,2.0,ok,302.0
2021-10-04,RDHL,0.22535467,4.37,3.0,ok,379.0
2021-10-04,WBX,0.12639415,8.07,4.0,ok,230.0
2021-10-05,BSIN,0.1546483,4.72,1.0,ok,384.0
2021-10-05,RYM,0.13156474,18.47,2.0,ok,365.0
2021-10-05,TISI,0.11728394,3.24,3.0,ok,358.0
2021-10-05,TAOX,0.10604334,8.77,4.0,ok,336.0
2021-10-05,WBX,0.103488445,8.6,5.0,ok,306.0
2021-10-06,BTBT,0.1458937,10.35,1.0,ok,390.0
2021-10-06,MTVA,0.12727273,2.2,2.0,ok,160.0
2021-10-06,PWCM,0.10112357,4.45,3.0,ok,362.0
2021-10-08,CCXI,0.8867346,19.6,1.0,ok,390.0
2021-10-11,PTGX,0.8681359,18.24,1.0,ok,390.0
2021-10-11,NXXT,0.12492764,3.4579,2.0,ok,389.0
2021-10-11,EMPD,0.10015333,9.13,3.0,ok,274.0
2021-10-12,GWH,0.51919377,10.42,1.0,ok,386.0
2021-10-12,NTRB,0.4513638,7.4,2.0,ok,382.0
2021-10-12,TIPT,0.21163487,10.75,3.0,ok,368.0
2021-10-12,TARA,0.15096295,6.75,4.0,ok,382.0
2021-10-12,WWR,0.1031518,3.49,5.0,ok,377.0
2021-10-13,JSPR,0.20804441,7.21,1.0,ok,377.0
2021-10-13,AHG,0.1806283,3.82,2.0,ok,333.0
2021-10-13,KOSS,0.1803962,19.18,3.0,ok,389.0
2021-10-13,SNTG,0.12741315,2.59,4.0,ok,373.0
2021-10-13,MYSE,0.12125242,15.01,5.0,ok,381.0
2021-10-14,NRXP,0.27436447,9.44,1.0,ok,390.0
2021-10-14,DRIO,0.11624622,13.48,2.0,ok,306.0
2021-10-14,OPAD,0.11124849,8.09,3.0,ok,389.0
2021-10-14,SLE,0.10537994,3.29,4.0,ok,284.0
2021-10-15,PWCM,0.42441857,3.44,1.0,ok,390.0
2021-10-15,JSPR,0.3926282,12.48,2.0,ok,386.0
2021-10-15,SNOA,0.19191921,5.94,3.0,ok,388.0
2021-10-15,ABVC,0.15040648,2.46,4.0,ok,323.0
2021-10-18,MGTX,0.24089634,14.28,1.0,ok,389.0
2021-10-18,AGRO,0.10081518,8.93,2.0,ok,342.0
2021-10-19,WATT,0.27499998,2.0,1.0,ok,390.0
2021-10-19,OLB,0.19111967,5.18,2.0,ok,380.0
2021-10-19,EDSA,0.13824284,7.74,3.0,ok,331.0
2021-10-20,BON,0.11230314,6.86,1.0,ok,288.0
2021-10-21,DJT,0.2781124,9.96,1.0,ok,370.0
2021-10-21,AHG,0.16481185,18.87,2.0,ok,390.0
2021-10-22,DJTWW,3.0194864,11.29,1.0,ok,390.0
2021-10-22,DIBS,0.19572473,14.97,2.0,ok,287.0
2021-10-22,LTRYW,0.15555549,2.7,3.0,ok,265.0
2021-10-22,TDACW,0.15555549,2.7,4.0,no_minute_data,
2021-10-22,YHGJ,0.12019229,2.08,5.0,ok,372.0
2021-10-25,BKKT,0.51147544,9.15,1.0,thin_session,
2021-10-25,PHUN,0.3638444,8.74,2.0,ok,378.0
2021-10-25,JSPR,0.19060051,11.49,3.0,ok,189.0
2021-10-25,DIBS,0.15151513,15.51,4.0,ok,375.0
2021-10-25,IBN,0.1075325,19.9,5.0,thin_session,
2021-10-26,ROIV,0.28928983,7.04,1.0,ok,352.0
2021-10-26,GRABW,0.28717947,3.9,2.0,ok,227.0
2021-10-26,LIDR,0.20898867,4.45,3.0,ok,378.0
2021-10-26,OCGN,0.1905781,9.34,4.0,ok,374.0
2021-10-26,TIGR,0.18510163,8.86,5.0,ok,390.0
2021-10-27,PHUN,0.15862072,4.35,1.0,ok,390.0
2021-10-28,DBGI,0.7590759,3.03,1.0,ok,373.0
2021-10-28,IFRX,0.48251748,2.86,2.0,ok,390.0
2021-10-28,MYSE,0.19015968,7.52,3.0,ok,390.0
2021-10-28,CYH,0.15331352,10.11,4.0,ok,389.0
2021-10-29,ATEN,0.16434121,13.85,1.0,thin_session,
2021-10-29,UAVS,0.14339626,2.65,2.0,ok,389.0
2021-10-29,WBX,0.116915464,16.08,3.0,ok,319.0
2021-10-29,METC,0.10821259,15.89,4.0,ok,368.0
2021-11-01,SLDPW,0.19529414,4.25,1.0,ok,235.0
2021-11-01,DBVT,0.118811965,3.03,2.0,ok,273.0
2021-11-02,BRCC,0.4704684,9.82,1.0,ok,386.0
2021-11-02,BBLG,0.28649628,5.48,2.0,ok,337.0
2021-11-02,SABS,0.24531436,8.43,3.0,ok,349.0
2021-11-02,UA,0.1534419,19.03,4.0,ok,389.0
2021-11-02,HLIT,0.10396576,9.33,5.0,ok,363.0
2021-11-03,INVE,0.15490091,19.69,1.0,ok,340.0
2021-11-03,GFAI,0.14798212,2.23,2.0,ok,337.0
2021-11-03,OCGN,0.111040235,15.67,3.0,ok,390.0
2021-11-03,CTEV,0.110360265,4.44,4.0,ok,388.0
2021-11-04,EVAX,2.583077,6.5,1.0,ok,377.0
2021-11-04,PETZ,0.70464134,2.37,2.0,ok,390.0
2021-11-04,QNST,0.32366085,13.44,3.0,ok,373.0
2021-11-04,XRTX,0.26873386,3.87,4.0,ok,375.0
2021-11-04,WBX,0.1405406,18.5,5.0,ok,321.0
2021-11-05,IHRT,0.13052416,19.46,1.0,ok,387.0
2021-11-05,GPRO,0.12049544,8.88,2.0,ok,390.0
2021-11-05,FNKO,0.11595869,17.42,3.0,ok,381.0
2021-11-05,MNR,0.11563516,18.86,4.0,ok,390.0
2021-11-05,CNTY,0.11236322,13.71,5.0,ok,257.0
2021-11-08,AUTL,0.30035973,5.56,1.0,ok,390.0
2021-11-08,EVGO,0.21292591,9.98,2.0,ok,390.0
2021-11-08,BGDE,0.19477439,12.63,3.0,ok,179.0
2021-11-08,GOTU,0.1608392,2.86,4.0,ok,390.0
2021-11-08,INTT,0.14710367,13.12,5.0,ok,282.0
2021-11-09,EVGO,0.3123604,13.43,1.0,ok,390.0
2021-11-09,ATER,0.3001604,6.23,2.0,ok,390.0
2021-11-09,TDUP,0.23309064,19.22,3.0,ok,382.0
2021-11-09,INVZ,0.19198322,4.74,4.0,ok,390.0
2021-11-09,REAL,0.16618073,13.72,5.0,ok,390.0
2021-11-10,BEKE,0.10446966,19.79,1.0,ok,390.0
2021-11-11,FOSL,0.31430638,13.84,1.0,ok,389.0
2021-11-11,PPSI,0.21515381,6.79,2.0,ok,390.0
2021-11-11,OPEN,0.20645487,19.52,3.0,ok,390.0
2021-11-11,SBH,0.1571114,18.14,4.0,ok,373.0
2021-11-11,KRMD,0.13120568,2.82,5.0,ok,266.0
2021-11-12,MITQ,0.2185185,2.7,1.0,ok,390.0
2021-11-12,MRAM,0.20972645,6.58,2.0,ok,390.0
2021-11-12,RLX,0.18942416,4.49,3.0,ok,390.0
2021-11-12,XPOF,0.17255497,19.53,4.0,ok,362.0
2021-11-12,SWAG,0.14609051,4.86,5.0,ok,367.0
2021-11-15,EYPT,0.37401855,14.01,1.0,ok,387.0
2021-11-15,ABTC,0.20415223,2.89,2.0,ok,388.0
2021-11-15,UAVS,0.13261652,2.79,3.0,ok,373.0
2021-11-15,OXBR,0.10644257,3.57,4.0,ok,284.0
2021-11-15,JSPR,0.103773475,8.48,5.0,ok,236.0
2021-11-16,RXT,0.13142085,14.99,1.0,ok,385.0
2021-11-16,LTRYW,0.12179494,3.12,2.0,ok,274.0
2021-11-17,BTLN,0.18949223,16.94,1.0,ok,366.0
2021-11-17,APWC,0.15298498,2.68,2.0,ok,223.0
2021-11-17,BRTX,0.1406492,6.47,3.0,ok,74.0
2021-11-18,KTTA,0.21848738,2.38,1.0,ok,200.0
2021-11-18,CRDF,0.15296376,5.23,2.0,ok,389.0
2021-11-19,LGVN,0.7190684,6.87,1.0,ok,378.0
2021-11-19,UWMC,0.21185982,5.52,2.0,ok,390.0
2021-11-19,TUSK,0.15384614,2.21,3.0,ok,385.0
2021-11-19,CNTX,0.12134826,4.45,4.0,ok,349.0
2021-11-19,PHUN,0.10764873,3.53,5.0,ok,390.0
2021-11-22,VG,0.24799514,16.37,1.0,ok,390.0
2021-11-22,PRFX,0.14410484,2.29,2.0,ok,376.0
2021-11-22,SY,0.13643134,4.32,3.0,ok,382.0
2021-11-22,BSAC,0.10508466,17.98,4.0,ok,354.0
2021-11-23,ISPC,0.8967905,8.88,1.0,ok,382.0
2021-11-23,APVO,0.4675926,6.48,2.0,ok,369.0
2021-11-23,SPRU,0.15301728,4.64,3.0,ok,390.0
2021-11-23,RLX,0.12637019,4.91,4.0,ok,390.0
2021-11-24,GAME,0.19182384,3.18,1.0,ok,390.0
2021-11-24,QTEX,0.13636363,2.86,2.0,ok,380.0
2021-11-24,LOCL,0.12495196,8.0092,3.0,thin_session,
2021-11-24,ORMP,0.114840984,18.21,4.0,ok,362.0
2021-11-24,SLI,0.11264372,8.7,5.0,ok,390.0
2021-11-26,ISPC,0.79509807,10.2,1.0,ok,389.0
2021-11-26,BFRI,0.37931037,5.22,2.0,ok,369.0
2021-11-26,GOVX,0.23195875,3.88,3.0,ok,291.0
2021-11-26,IVVD,0.1745863,18.73,4.0,ok,227.0
2021-11-26,SABS,0.103370786,8.9,5.0,ok,227.0
2021-11-29,NRXP,0.4962963,6.75,1.0,ok,390.0
2021-11-29,CMPX,0.16149068,3.22,2.0,ok,206.0
2021-11-29,QTEX,0.13333333,3.3,3.0,ok,358.0
2021-11-29,FRMM,0.10905731,5.41,4.0,ok,378.0
2021-11-29,ATEC,0.106906295,10.57,5.0,ok,352.0
2021-11-30,CPIX,0.8773042,2.2,1.0,ok,390.0
2021-11-30,PPSI,0.416705,7.63,2.0,ok,386.0
2021-11-30,LITS,0.15107727,2.45,3.0,ok,390.0
2021-11-30,MDXH,0.10509217,9.23,4.0,ok,122.0
2021-11-30,CNTX,0.10215056,5.58,5.0,ok,374.0
2021-12-01,SVRN,0.9501916,5.22,1.0,ok,386.0
2021-12-01,ABUS,0.59375,3.2,2.0,ok,390.0
2021-12-01,CNTX,0.17296505,6.88,3.0,ok,386.0
2021-12-01,BBW,0.13834262,17.06,4.0,ok,389.0
2021-12-01,ROIV,0.13423824,6.63,5.0,ok,380.0
2021-12-02,OMER,0.22287393,6.82,1.0,ok,390.0
2021-12-02,GRAB,0.18574023,11.01,2.0,ok,390.0
2021-12-02,PHUN,0.1415385,3.25,3.0,ok,390.0
2021-12-02,RLX,0.109371066,4.11,4.0,ok,390.0
2021-12-03,LGVN,0.36833334,18.0,1.0,ok,390.0
2021-12-03,BZFD,0.12714434,9.91,2.0,ok,233.0
2021-12-03,ISPC,0.11163151,12.81,3.0,ok,387.0
2021-12-03,PRCH,0.1051805,19.11,4.0,ok,342.0
2021-12-06,TACO,0.6466826,7.53,1.0,ok,390.0
2021-12-06,ACET,0.39285707,9.8,2.0,ok,386.0
2021-12-06,RUMBW,0.37023532,3.4,3.0,ok,378.0
2021-12-06,RUM,0.22352946,11.9,4.0,ok,390.0
2021-12-06,DJTWW,0.18963432,15.1307,5.0,ok,333.0
2021-12-07,GEVO,0.21359217,5.15,1.0,ok,390.0
2021-12-07,DJTWW,0.13469982,13.66,2.0,ok,322.0
2021-12-07,BJDX,0.12840462,2.57,3.0,ok,385.0
2021-12-07,JMIA,0.12466121,11.07,4.0,ok,390.0
2021-12-07,ACAD,0.12391758,19.4,5.0,ok,389.0
2021-12-08,TULP,0.2331407,10.38,1.0,ok,373.0
2021-12-08,DARE,0.14532602,2.122,2.0,ok,390.0
2021-12-08,RLX,0.10742247,3.91,3.0,ok,390.0
2021-12-09,QTEX,1.2527881,2.69,1.0,ok,390.0
2021-12-09,ENSC,0.81543624,2.98,2.0,ok,390.0
2021-12-09,CHAI,0.21495318,4.28,3.0,ok,384.0
2021-12-09,APRE,0.13616502,4.12,4.0,ok,384.0
2021-12-09,EVGO,0.12366474,12.17,5.0,ok,390.0
2021-12-10,CNTX,0.18210864,6.26,1.0,ok,390.0
2021-12-10,EFOI,0.16430604,3.53,2.0,ok,387.0
2021-12-10,WEAV,0.13367808,13.54,3.0,ok,330.0
2021-12-10,CXM,0.10954845,13.51,4.0,ok,389.0
2021-12-10,NU,0.10842204,10.33,5.0,ok,390.0
2021-12-13,FHTX,0.51042545,11.99,1.0,ok,390.0
2021-12-13,BFRI,0.23836124,5.37,2.0,ok,390.0
2021-12-13,CCO,0.12459016,3.05,3.0,thin_session,
2021-12-13,JWEL,0.102391005,14.9,4.0,ok,142.0
2021-12-14,JILL,0.100286484,14.54,1.0,thin_session,
2021-12-15,RUMBW,0.37837732,2.65,1.0,ok,274.0
2021-12-15,BFRI,0.2763636,5.5,2.0,ok,390.0
2021-12-15,PRM,0.21592772,12.18,3.0,ok,259.0
2021-12-15,RUM,0.13232684,11.26,4.0,ok,389.0
2021-12-15,CABA,0.11607146,3.36,5.0,ok,354.0
2021-12-16,LUCK,0.19923043,10.0,1.0,thin_session,
2021-12-16,AMZE,0.116573095,7.12,2.0,ok,182.0
2021-12-16,PRLD,0.1161654,13.3,3.0,ok,339.0
2021-12-16,TE,0.105691075,11.31,4.0,ok,377.0
2021-12-16,STLN,0.10080004,6.25,5.0,ok,299.0
2021-12-17,SPRB,0.15725803,2.48,1.0,ok,390.0
2021-12-17,ALZN,0.14541352,2.53,2.0,ok,389.0
2021-12-17,IVVD,0.1269393,14.18,3.0,ok,390.0
2021-12-20,LCTX,0.13207555,2.12,1.0,ok,385.0
2021-12-20,FSM,0.13043475,3.22,2.0,ok,390.0
2021-12-20,OCGN,0.10305357,5.24,3.0,ok,390.0
2021-12-21,EZRA,1.462295,3.05,1.0,ok,386.0
2021-12-21,BFRI,0.30971134,7.62,2.0,ok,382.0
2021-12-21,PPSI,0.3066002,7.05,3.0,ok,382.0
2021-12-21,QSI,0.1374408,6.33,4.0,ok,389.0
2021-12-21,EMBJ,0.12281978,13.9,5.0,ok,385.0
2021-12-22,BRTX,0.2954048,4.57,1.0,ok,383.0
2021-12-22,TYRA,0.122606635,12.43,2.0,ok,258.0
2021-12-23,ENSC,0.19318187,4.84,1.0,ok,390.0
2021-12-23,XXII,0.118181825,2.2,2.0,ok,390.0
2021-12-23,TKC,0.110717416,3.7,3.0,ok,325.0
2021-12-28,TULP,0.38648176,11.54,1.0,ok,386.0
2021-12-28,EZRA,0.34839916,5.31,2.0,ok,390.0
2021-12-28,SCNI,0.31330466,2.33,3.0,ok,388.0
2021-12-28,KNDI,0.12874258,3.34,4.0,ok,385.0
2021-12-28,LGVN,0.10986364,12.47,5.0,ok,370.0
2021-12-29,TULP,0.26445842,19.02,1.0,ok,381.0
2021-12-29,CPOP,0.1731602,2.31,2.0,ok,390.0
2021-12-29,NRXP,0.102222204,4.5,3.0,ok,380.0
2021-12-30,EZRA,0.2032001,6.25,1.0,ok,389.0
2022-01-03,CELZ,0.595122,2.05,1.0,ok,390.0
2022-01-03,UCL,0.29215693,5.1,2.0,ok,355.0
2022-01-03,CHAI,0.2337662,3.08,3.0,ok,370.0
2022-01-03,XERS,0.21810699,2.43,4.0,ok,387.0
2022-01-03,BDSX,0.1859411,4.41,5.0,ok,170.0
2022-01-04,IMMX,0.2923875,5.78,1.0,ok,390.0
2022-01-04,ISPC,0.20099258,8.06,2.0,ok,383.0
2022-01-05,LGVN,0.23879313,11.6,1.0,ok,388.0
2022-01-05,EWTX,0.16333127,15.49,2.0,ok,371.0
2022-01-05,SENS,0.14925373,2.68,3.0,ok,390.0
2022-01-05,STTK,0.11688304,8.47,4.0,ok,206.0
2022-01-05,BDSX,0.10188687,5.3,5.0,ok,146.0
2022-01-06,RUMBW,0.113333344,3.0,1.0,ok,150.0
2022-01-06,CHAI,0.105919,3.21,2.0,ok,333.0
2022-01-07,ABSI,0.4837134,6.14,1.0,ok,390.0
2022-01-10,TLRY,0.11526477,6.42,1.0,ok,390.0
2022-01-11,BDTX,0.1326667,4.5,1.0,ok,385.0
2022-01-11,DSGN,0.10469723,17.67,2.0,ok,62.0
2022-01-12,IMMX,0.3020259,5.43,1.0,ok,390.0
2022-01-12,BJDX,0.15693426,2.74,2.0,ok,365.0
2022-01-12,OCGN,0.10576928,4.16,3.0,ok,390.0
2022-01-12,INTT,0.10041845,11.95,4.0,ok,201.0
2022-01-13,IVVD,0.15951979,5.83,1.0,ok,390.0
2022-01-13,BTCS,0.14624202,6.7,2.0,ok,390.0
2022-01-13,ISPC,0.13030744,6.83,3.0,ok,371.0
2022-01-13,GHRS,0.105656385,18.74,4.0,thin_session,
2022-01-14,REVB,0.23317754,7.49,1.0,ok,287.0
2022-01-18,BMEA,0.10575855,9.03,1.0,ok,192.0
2022-01-19,EDVA,0.5323076,3.25,1.0,ok,390.0
2022-01-19,AMZE,0.20357144,5.6,2.0,ok,351.0
2022-01-19,SOFI,0.19154227,12.06,3.0,ok,390.0
2022-01-19,RUMBW,0.11140227,3.815,4.0,ok,194.0
2022-01-20,MYSE,0.14715719,2.99,1.0,ok,390.0
2022-01-24,BTBD,0.53970826,2.468,1.0,ok,381.0
2022-01-26,SLI,0.104545474,6.6,1.0,ok,389.0
2022-01-26,ONDS,0.10375273,4.53,2.0,ok,385.0
2022-01-27,SATL,0.1296295,8.1,1.0,ok,281.0
2022-01-28,KSCP,0.1962775,5.91,1.0,ok,382.0
2022-01-28,EMPD,0.14021158,3.78,2.0,ok,320.0
2022-01-28,MRAM,0.10651624,7.98,3.0,ok,349.0
2022-01-28,AVAH,0.105555534,5.4,4.0,ok,210.0
2022-01-31,QTEX,0.43913043,2.3,1.0,ok,390.0
2022-01-31,FGI,0.34748006,3.77,2.0,ok,386.0
2022-01-31,KSCP,0.17588711,16.29,3.0,ok,382.0
2022-01-31,TKLF,0.103003025,3.4,4.0,ok,390.0
2022-02-01,AMC,0.1300857,16.06,1.0,ok,390.0
2022-02-02,ATI,0.12812328,18.81,1.0,ok,389.0
2022-02-03,BON,0.19465077,3.365,1.0,ok,380.0
2022-02-04,ANY,0.13419914,2.31,1.0,ok,390.0
2022-02-04,EGAN,0.110447764,10.05,2.0,ok,369.0
2022-02-07,ANGH,0.41685307,12.0688,1.0,ok,338.0
2022-02-07,PHUN,0.1889764,2.54,2.0,ok,390.0
2022-02-07,IMMX,0.106659055,4.37,3.0,ok,303.0
2022-02-07,RUMBW,0.105263114,3.8,4.0,ok,386.0
2022-02-10,BRCC,0.2256453,12.01,1.0,ok,390.0
2022-02-10,LUCK,0.19161022,7.72,2.0,ok,351.0
2022-02-10,INVA,0.11307645,15.83,3.0,ok,387.0
2022-02-11,MODD,0.56334233,3.71,1.0,ok,374.0
2022-02-11,BRCC,0.20524299,15.64,2.0,ok,389.0
2022-02-11,SRTS,0.106870174,7.86,3.0,ok,235.0
2022-02-14,BNC,0.1428572,2.31,1.0,ok,381.0
2022-02-14,KSCP,0.13708866,6.32,2.0,ok,390.0
2022-02-14,KELYA,0.11386764,17.25,3.0,ok,345.0
2022-02-14,DRCT,0.100000024,3.0,4.0,ok,359.0
2022-02-15,GCMG,0.14517844,9.3,1.0,ok,264.0
2022-02-15,RLGT,0.12576687,6.52,2.0,ok,253.0
2022-02-15,AKTS,0.100746274,5.36,3.0,ok,355.0
2022-02-15,HIVE,0.100000024,2.0,4.0,ok,387.0
2022-02-17,ACVA,0.1061151,11.12,1.0,ok,387.0
2022-02-18,NRGV,0.6522522,11.1,1.0,ok,390.0
2022-02-22,NVCT,0.23549485,5.86,1.0,ok,361.0
2022-02-22,PHUN,0.1289308,3.18,2.0,ok,390.0
2022-02-22,OCGN,0.112716675,3.46,3.0,ok,390.0
2022-02-23,INDO,0.2318393,6.47,1.0,ok,389.0
2022-02-23,SKIN,0.16043603,12.84,2.0,ok,390.0
2022-02-23,PANL,0.12983072,5.08,3.0,ok,354.0
2022-02-23,QUCY,0.1271249,13.53,4.0,ok,79.0
2022-02-23,RLMD,0.122058034,18.27,5.0,ok,290.0
2022-02-24,INDO,0.87624764,7.515,1.0,ok,386.0
2022-02-24,GBR,0.130597,2.68,2.0,ok,334.0
2022-02-24,NEXT,0.100000024,2.6,3.0,ok,311.0
2022-02-25,OPLN,0.6106647,13.69,1.0,ok,390.0
2022-02-25,UUU,0.3487289,2.98,2.0,ok,381.0
2022-02-25,CISO,0.15430272,3.37,3.0,ok,360.0
2022-02-25,GHRS,0.11531317,16.13,4.0,thin_session,
2022-02-25,PLTK,0.11118293,18.01,5.0,ok,390.0
2022-02-28,FHN,0.32347262,18.25,1.0,ok,390.0
2022-02-28,INDO,0.20283806,11.98,2.0,ok,388.0
2022-02-28,ALF,0.16019428,2.06,3.0,ok,389.0
2022-02-28,SRG,0.12798262,9.22,4.0,ok,346.0
2022-02-28,IMPP,0.11428571,2.1,5.0,ok,390.0
2022-03-01,RCEL,0.16956532,9.2,1.0,ok,157.0
2022-03-01,RVMD,0.15010571,18.92,2.0,ok,317.0
2022-03-01,DDD,0.14927053,17.82,3.0,ok,390.0
2022-03-01,EDIT,0.11214948,17.12,4.0,ok,388.0
2022-03-01,AVIR,0.10410094,6.34,5.0,ok,378.0
2022-03-02,BORR,0.20179367,2.13,1.0,ok,341.0
2022-03-02,INDO,0.1790353,10.78,2.0,ok,388.0
2022-03-02,PSFE,0.16262972,2.89,3.0,ok,390.0
2022-03-02,SOFI,0.15625,11.2,4.0,ok,390.0
2022-03-02,ARLO,0.15092158,8.68,5.0,ok,387.0
2022-03-03,INDO,0.5344827,14.5,1.0,ok,386.0
2022-03-03,RMNI,0.2538631,4.53,2.0,ok,376.0
2022-03-03,IMPP,0.16990292,2.06,3.0,ok,390.0
2022-03-03,CAN,0.15711653,5.41,4.0,ok,390.0
2022-03-03,EOSE,0.13358784,2.62,5.0,ok,390.0
2022-03-04,FNKO,0.14719105,17.8,1.0,ok,390.0
2022-03-07,IMPP,0.3846153,3.38,1.0,ok,370.0
2022-03-07,CLOV,0.16363633,2.2,2.0,ok,390.0
2022-03-08,NINE,0.9693594,3.59,1.0,thin_session,
2022-03-08,BSIN,0.58690965,6.32,2.0,ok,366.0
2022-03-08,AGIG,0.4079647,11.3,3.0,ok,336.0
2022-03-08,BRN,0.30735195,4.88,4.0,ok,370.0
2022-03-08,VYGR,0.22137403,3.93,5.0,ok,385.0
2022-03-09,BMBL,0.32052827,16.66,1.0,ok,390.0
2022-03-09,ASTS,0.29037035,6.75,2.0,ok,390.0
2022-03-09,EOSE,0.2662722,3.38,3.0,ok,389.0
2022-03-09,DRTS,0.17212427,11.91,4.0,ok,214.0
2022-03-09,HTOO,0.16261196,7.81,5.0,ok,214.0
2022-03-10,AGIG,0.15844154,7.7,1.0,ok,390.0
2022-03-10,LGVN,0.15417254,7.07,2.0,ok,378.0
2022-03-10,IMPP,0.13636363,5.06,3.0,ok,390.0
2022-03-11,SHLS,0.20268536,15.64,1.0,ok,390.0
2022-03-11,PSO,0.18998182,8.69,2.0,ok,369.0
2022-03-11,CUE,0.12903225,4.96,3.0,ok,333.0
2022-03-11,CLLS,0.123809576,4.2,4.0,ok,253.0
2022-03-11,ALTO,0.11455476,5.84,5.0,ok,388.0
2022-03-14,AVX,0.21904767,3.15,1.0,ok,386.0
2022-03-14,MGLD,0.18004858,4.11,2.0,ok,381.0
2022-03-14,KSCP,0.1163708,5.07,3.0,ok,388.0
2022-03-15,ASLE,0.10452962,14.35,1.0,ok,235.0
2022-03-16,YMM,0.48593032,5.0,1.0,ok,390.0
2022-03-16,BEKE,0.43495643,9.06,2.0,ok,390.0
2022-03-16,BILI,0.32926822,18.86,3.0,ok,390.0
2022-03-16,DDL,0.30980396,2.55,4.0,ok,382.0
2022-03-16,KC,0.30218065,3.21,5.0,ok,390.0
2022-03-17,IMPP,0.19117653,2.04,1.0,ok,390.0
2022-03-17,NINE,0.15537858,2.51,2.0,ok,364.0
2022-03-17,AGIG,0.12727273,5.5,3.0,ok,390.0
2022-03-18,STNE,0.2835369,9.61,1.0,ok,390.0
2022-03-18,IMPP,0.17402518,2.325,2.0,ok,390.0
2022-03-18,SBFM,0.14191425,3.03,3.0,ok,230.0
2022-03-18,IXHL,0.13772953,11.98,4.0,ok,336.0
2022-03-18,DAVE,0.10615575,7.96,5.0,ok,390.0
2022-03-21,COCO,0.10113633,8.8,1.0,ok,338.0
2022-03-21,CMPS,0.10036898,13.55,2.0,ok,313.0
2022-03-22,BGDE,0.17026377,4.17,1.0,ok,175.0
2022-03-22,ZH,0.1576922,2.6,2.0,ok,387.0
2022-03-22,GEVO,0.13071895,4.59,3.0,ok,390.0
2022-03-23,SIDU,0.11421323,3.94,1.0,ok,96.0
2022-03-24,CD,0.42391777,2.1,1.0,ok,389.0
2022-03-24,JXG,0.2751479,3.38,2.0,ok,382.0
2022-03-24,ESOA,0.2546445,3.3,3.0,ok,390.0
2022-03-25,SPRC,0.3191011,4.45,1.0,ok,341.0
2022-03-25,TLRY,0.15925407,6.97,2.0,ok,390.0
2022-03-25,AVX,0.13441956,4.91,3.0,ok,389.0
2022-03-25,ACB,0.12747514,4.04,4.0,ok,390.0
2022-03-25,ZSTK,0.11330056,2.03,5.0,ok,383.0
2022-03-28,CELZ,0.16666663,3.48,1.0,ok,390.0
2022-03-28,ORIC,0.15638769,4.54,2.0,ok,363.0
2022-03-28,DLNG,0.10317457,3.49,3.0,ok,339.0
2022-03-29,HYMC,0.27155173,2.32,1.0,ok,390.0
2022-03-29,SCNX,0.17512572,2.34,2.0,ok,388.0
2022-03-29,GDYN,0.15807271,11.83,3.0,ok,386.0
2022-03-29,XOS,0.113636374,3.08,4.0,ok,288.0
2022-03-29,CEE,0.11146939,10.479,5.0,thin_session,
2022-03-30,DRCT,0.82558143,2.58,1.0,ok,390.0
2022-03-30,IVVD,0.48831177,3.85,2.0,ok,390.0
2022-03-30,ARHS,0.20554972,7.2,3.0,ok,371.0
2022-03-30,TULP,0.13242006,8.76,4.0,ok,390.0
2022-03-31,LGVN,0.39732146,6.72,1.0,ok,390.0
2022-03-31,ACTG,0.13053882,4.175,2.0,ok,267.0
2022-03-31,CELZ,0.1120944,3.39,3.0,ok,385.0
2022-04-01,ALOY,0.2723881,2.68,1.0,ok,386.0
2022-04-01,LVLU,0.20059001,6.78,2.0,ok,250.0
2022-04-01,BEKE,0.13608956,12.37,3.0,ok,390.0
2022-04-01,ZH,0.13429749,2.42,4.0,ok,379.0
2022-04-01,DAO,0.13380289,7.1,5.0,ok,265.0
2022-04-04,DRTS,0.1252371,10.54,1.0,ok,137.0
2022-04-04,BEKE,0.114828944,14.01,2.0,ok,390.0
2022-04-04,JMIA,0.106540084,9.48,3.0,ok,390.0
2022-04-04,TMC,0.106122494,2.45,4.0,ok,388.0
2022-04-05,GGR,0.25510192,12.74,1.0,ok,363.0
2022-04-05,SST,0.15081763,16.51,2.0,ok,374.0
2022-04-05,ATER,0.116959095,3.42,3.0,ok,390.0
2022-04-06,BBAI,0.42069626,10.34,1.0,ok,384.0
2022-04-06,IVDA,0.21241832,3.06,2.0,ok,357.0
2022-04-06,ARRY,0.18070006,10.57,3.0,ok,390.0
2022-04-06,DC,0.13188398,6.9,4.0,ok,348.0
2022-04-06,TLRY,0.102418184,7.03,5.0,ok,390.0
2022-04-07,SBFMW,0.20293391,4.09,1.0,ok,177.0
2022-04-07,SBFM,0.15262318,6.29,2.0,ok,390.0
2022-04-07,SST,0.14879763,19.96,3.0,ok,390.0
2022-04-07,CNDT,0.11934149,4.86,4.0,ok,390.0
2022-04-07,CMBT,0.108463764,11.24,5.0,ok,389.0
2022-04-08,ONCO,0.24680436,10.17,1.0,ok,381.0
2022-04-08,ATER,0.19480515,3.85,2.0,ok,390.0
2022-04-08,BFRI,0.18811882,4.04,3.0,ok,389.0
2022-04-11,VERU,0.37701154,4.35,1.0,ok,382.0
2022-04-11,VNET,0.19259262,5.4,2.0,ok,390.0
2022-04-11,SWVL,0.16923082,6.5,3.0,ok,166.0
2022-04-12,VERU,0.10830617,12.28,1.0,ok,390.0
2022-04-12,RERE,0.10075867,3.37,2.0,ok,244.0
2022-04-13,IMA,0.1205883,6.8,1.0,ok,159.0
2022-04-13,BCTX,0.10998988,9.91,2.0,ok,387.0
2022-04-14,IMTE,0.13203883,5.15,1.0,ok,344.0
2022-04-14,DLPN,0.12321663,3.855,2.0,ok,354.0
2022-04-14,ATOM,0.119205356,10.57,3.0,ok,317.0
2022-04-18,TRMD,0.12505281,9.68,1.0,ok,281.0
2022-04-20,KLRS,0.2754159,5.41,1.0,ok,386.0
2022-04-20,NBP,0.17133951,12.84,2.0,ok,379.0
2022-04-20,AVX,0.10330582,2.42,3.0,ok,326.0
2022-04-21,SWVL,0.16197181,4.26,1.0,ok,342.0
2022-04-21,LBRT,0.1493268,17.45,2.0,ok,389.0
2022-04-22,ATEN,0.1114701,13.2,1.0,ok,390.0
2022-04-25,SBFM,0.28228223,3.33,1.0,ok,390.0
2022-04-25,BBAI,0.116959095,8.55,2.0,ok,272.0
2022-04-26,MX,0.19627416,15.03,1.0,ok,373.0
2022-04-26,OI,0.12150943,13.25,2.0,ok,376.0
2022-04-27,NUTX,0.19401038,7.68,1.0,ok,390.0
2022-04-27,CSTM,0.1130991,15.65,2.0,ok,377.0
2022-04-27,VRT,0.10530901,11.54,3.0,ok,390.0
2022-04-28,RCMT,0.27334464,11.78,1.0,ok,349.0
2022-04-28,HAPN,0.23272729,13.75,2.0,ok,390.0
2022-04-28,ONIT,0.16731524,17.99,3.0,thin_session,
2022-04-28,ATOM,0.14578831,9.26,4.0,ok,338.0
2022-04-28,UPWK,0.13011909,19.29,5.0,ok,390.0
2022-04-29,ZYME,0.44959676,4.96,1.0,ok,390.0
2022-04-29,IQ,0.14970064,3.34,2.0,ok,389.0
2022-04-29,YMM,0.13607728,5.0,3.0,ok,390.0
2022-04-29,KC,0.13387096,3.72,4.0,ok,383.0
2022-04-29,SOUN,0.13199997,7.5,5.0,ok,81.0
2022-05-02,INVZ,0.12128723,4.04,1.0,ok,390.0
2022-05-03,SOUN,0.45388126,10.95,1.0,ok,382.0
2022-05-03,BLTE,0.19503951,8.87,2.0,ok,372.0
2022-05-03,HLIT,0.1325581,8.6,3.0,ok,372.0
2022-05-04,AGIG,0.106666684,3.75,1.0,ok,379.0
2022-05-05,AUST,0.18764305,4.37,1.0,ok,386.0
2022-05-05,HDSN,0.1344539,7.14,2.0,ok,389.0
2022-05-05,VISN,0.12699282,6.54,3.0,ok,382.0
2022-05-05,AGIG,0.10218978,4.11,4.0,ok,382.0
2022-05-06,FNKO,0.20095694,16.72,1.0,ok,390.0
2022-05-06,CCXI,0.16751921,15.64,2.0,ok,390.0
2022-05-06,ATEC,0.12882304,10.79,3.0,ok,370.0
2022-05-06,OPEN,0.11328673,7.15,4.0,ok,386.0
2022-05-06,GDYN,0.108377695,15.04,5.0,ok,373.0
2022-05-10,ALXO,0.26344085,9.3,1.0,thin_session,
2022-05-10,IDYA,0.20772946,8.28,2.0,thin_session,
2022-05-10,CLOV,0.14522815,2.41,3.0,ok,390.0
2022-05-10,KYNB,0.1284635,7.94,4.0,ok,382.0
2022-05-10,QURE,0.12722552,13.48,5.0,ok,336.0
2022-05-11,PRCH,0.31940305,3.35,1.0,ok,387.0
2022-05-11,VERU,0.24005127,7.79,2.0,ok,390.0
2022-05-11,GSM,0.17920387,6.36,3.0,ok,383.0
2022-05-11,PRPL,0.16025639,3.12,4.0,ok,390.0
2022-05-11,AKA,0.13538456,3.25,5.0,thin_session,
2022-05-12,CGEM,0.2421341,7.31,1.0,ok,390.0
2022-05-12,SMRT,0.1401099,3.64,2.0,ok,383.0
2022-05-12,CPNG,0.13650465,9.67,3.0,ok,390.0
2022-05-12,CLPT,0.11988711,7.09,4.0,ok,264.0
2022-05-12,SKYX,0.101876736,3.73,5.0,ok,210.0
2022-05-13,AFRM,0.3763857,18.04,1.0,ok,390.0
2022-05-13,VERU,0.2480619,9.03,2.0,ok,390.0
2022-05-13,HOOD,0.23130834,8.56,3.0,ok,390.0
2022-05-13,PAYO,0.22222233,3.6,4.0,ok,390.0
2022-05-13,CELU,0.17331016,5.77,5.0,ok,340.0
2022-05-16,DJTWW,0.15503252,12.32,1.0,ok,202.0
2022-05-16,FFAI,0.12195122,2.46,2.0,ok,388.0
2022-05-17,PPSI,0.26063251,3.22,1.0,ok,380.0
2022-05-17,MVST,0.17559528,3.36,2.0,ok,355.0
2022-05-17,TRAK,0.15779376,4.82,3.0,ok,94.0
2022-05-17,SOUN,0.15081966,6.1,4.0,ok,334.0
2022-05-17,NNDM,0.11811018,2.54,5.0,ok,388.0
2022-05-18,DLO,0.11640787,19.25,1.0,ok,389.0
2022-05-18,AVX,0.115671635,2.68,2.0,ok,390.0
2022-05-18,MX,0.10559726,17.33,3.0,ok,360.0
2022-05-19,SIGA,0.18551242,7.39,1.0,ok,390.0
2022-05-19,CAN,0.102547646,3.14,2.0,ok,386.0
2022-05-20,EVEX,0.1952095,8.35,1.0,ok,352.0
2022-05-23,SIGA,0.1827327,12.4,1.0,ok,390.0
2022-05-23,EVEX,0.15558064,8.87,2.0,ok,233.0
2022-05-24,GOVX,0.19396555,2.32,1.0,ok,390.0
2022-05-25,RIME,0.2763636,2.75,1.0,ok,327.0
2022-05-25,PLAB,0.12167561,15.04,2.0,ok,386.0
2022-05-26,SPRC,0.29661012,2.36,1.0,ok,390.0
2022-05-26,MOD,0.1574713,8.7,2.0,thin_session,
2022-05-26,M,0.1478045,19.21,3.0,ok,390.0
2022-05-26,BBW,0.12778902,16.68,4.0,ok,327.0
2022-05-26,DXLG,0.10476196,4.2,5.0,ok,382.0
2022-05-27,RRGB,0.19047618,8.61,1.0,ok,378.0
2022-05-27,PMVP,0.16502655,13.21,2.0,ok,390.0
2022-05-31,TXMD,3.457944,2.14,1.0,ok,390.0
2022-05-31,AGIG,0.32978725,3.76,2.0,ok,390.0
2022-05-31,INDO,0.14503813,15.72,3.0,ok,379.0
2022-05-31,HIVE,0.13819098,3.98,4.0,ok,380.0
2022-05-31,AVAL,0.13499272,4.23,5.0,ok,223.0
2022-06-01,TNXP,0.45901644,2.44,1.0,ok,390.0
2022-06-02,PDSB,0.16172504,3.71,1.0,ok,387.0
2022-06-02,CRDO,0.12195122,10.25,2.0,ok,386.0
2022-06-03,AMLX,0.36131012,9.77,1.0,ok,390.0
2022-06-06,FTCI,0.2518891,3.97,1.0,ok,389.0
2022-06-06,YMM,0.22169816,6.9,2.0,ok,390.0
2022-06-06,SHLS,0.20898438,15.36,3.0,ok,390.0
2022-06-06,ARRY,0.18782604,11.5,4.0,ok,390.0
2022-06-06,KC,0.101098895,4.55,5.0,ok,390.0
2022-06-07,BZFD,0.17040348,2.23,1.0,ok,372.0
2022-06-08,EFOI,0.30701756,2.28,1.0,ok,390.0
2022-06-08,SYM,0.15824175,9.1,2.0,ok,299.0
2022-06-08,YMM,0.105526924,7.96,3.0,ok,390.0
2022-06-09,AIFC,0.16137564,3.78,1.0,ok,389.0
2022-06-09,JAN,0.161273,3.78,2.0,no_minute_data,
2022-06-09,SOUN,0.14354074,4.18,3.0,ok,381.0
2022-06-09,ZGN,0.101952195,9.62,4.0,thin_session,
2022-06-09,OLMA,0.100000024,4.0,5.0,ok,360.0
2022-06-10,COGT,0.33064508,4.96,1.0,ok,390.0
2022-06-10,EDU,0.114305735,14.72,2.0,ok,388.0
2022-06-13,SNTI,0.16041672,4.8,1.0,ok,166.0
2022-06-13,EDU,0.105095625,16.21,2.0,ok,390.0
2022-06-14,INDO,0.23803353,7.73,1.0,ok,385.0
2022-06-14,DRTS,0.23522592,8.63,2.0,ok,102.0
2022-06-14,AGIG,0.14126992,6.3,3.0,ok,390.0
2022-06-15,ASTL,0.18995333,7.9,1.0,ok,387.0
2022-06-15,DJTWW,0.11482561,6.88,2.0,ok,177.0
2022-06-16,SIDU,0.62393165,4.68,1.0,ok,374.0
2022-06-21,VALN,0.889132,13.71,1.0,ok,173.0
2022-06-21,SYM,0.56071436,16.8,2.0,ok,375.0
2022-06-21,BKSY,0.3251232,2.03,3.0,ok,389.0
2022-06-21,GROV,0.15100002,10.0,4.0,ok,333.0
2022-06-21,ARBK,0.13031924,3.76,5.0,ok,178.0
2022-06-23,PGY,0.18443322,5.91,1.0,ok,152.0
2022-06-23,GSUN,0.17914104,16.3,2.0,ok,265.0
2022-06-23,QURE,0.109161735,15.39,3.0,ok,390.0
2022-06-24,LNAI,0.13846159,3.25,1.0,ok,295.0
2022-06-24,BCYC,0.13801754,15.94,2.0,ok,356.0
2022-06-28,CRNT,0.15311015,2.09,1.0,ok,390.0
2022-06-28,STRO,0.15011549,4.33,2.0,ok,389.0
2022-06-28,LNAI,0.13461542,2.6,3.0,ok,222.0
2022-06-28,MLCO,0.103918195,5.87,4.0,ok,389.0
2022-06-29,NRSN,0.18823528,2.55,1.0,ok,390.0
2022-06-29,XAIR,0.15916955,5.78,2.0,ok,359.0
2022-06-30,NRSN,0.4525547,2.74,1.0,ok,390.0
2022-06-30,ASPN,0.30486357,8.43,2.0,ok,390.0
2022-07-05,AMLX,0.16230094,19.47,1.0,ok,372.0
2022-07-06,PROK,0.15814507,8.41,1.0,ok,210.0
2022-07-07,IE,0.18038332,8.87,1.0,ok,184.0
2022-07-07,QTEX,0.17351592,2.19,2.0,ok,387.0
2022-07-07,FFAI,0.14317179,4.54,3.0,ok,390.0
2022-07-08,SRG,0.49835527,6.08,1.0,ok,390.0
2022-07-08,USEA,0.25552416,7.08,2.0,ok,389.0
2022-07-08,TULP,0.22839499,8.1,3.0,ok,307.0
2022-07-08,TH,0.18677676,6.05,4.0,ok,388.0
2022-07-08,ALVO,0.16061461,7.16,5.0,ok,180.0
2022-07-11,DJTWW,0.45462894,5.2247,1.0,ok,322.0
2022-07-12,INDO,0.33333337,5.82,1.0,ok,387.0
2022-07-12,QCLS,0.1428572,4.27,2.0,ok,266.0
2022-07-12,ANNX,0.12531972,3.91,3.0,ok,245.0
2022-07-12,VRCA,0.10204089,2.94,4.0,ok,343.0
2022-07-13,PETZ,0.11650491,2.06,1.0,ok,390.0
2022-07-15,USEA,0.95442116,2.2,1.0,ok,390.0
2022-07-15,PINS,0.1349659,17.56,2.0,ok,390.0
2022-07-15,ALLO,0.119730234,11.86,3.0,ok,388.0
2022-07-18,HKD,0.38433075,16.21,1.0,thin_session,
2022-07-19,STIM,0.20604384,3.64,1.0,ok,388.0
2022-07-19,USEA,0.18385279,2.51,2.0,ok,390.0
2022-07-20,VITL,0.10143328,9.07,1.0,ok,337.0
2022-07-21,SIDU,0.12469435,4.09,1.0,ok,386.0
2022-07-22,CYH,0.17518246,4.11,1.0,thin_session,
2022-07-22,APLD,0.16888893,2.25,2.0,ok,388.0
2022-07-22,GEVO,0.102941155,2.72,3.0,ok,390.0
2022-07-22,SLI,0.102941155,5.44,4.0,ok,380.0
2022-07-25,SIGA,0.18837988,12.16,1.0,ok,390.0
2022-07-25,EVEX,0.16125143,8.31,2.0,ok,202.0
2022-07-26,PGY,0.17580152,9.67,1.0,ok,390.0
2022-07-26,LBRT,0.120532036,12.85,2.0,ok,389.0
2022-07-27,ONCO,0.7073171,2.05,1.0,ok,390.0
2022-07-27,TEVA,0.20786524,7.12,2.0,ok,390.0
2022-07-27,RES,0.20521009,6.58,3.0,thin_session,
2022-07-27,PGY,0.18578255,16.74,4.0,ok,386.0
2022-07-27,EVEX,0.14896214,8.19,5.0,ok,217.0
2022-07-28,JAKK,0.40495872,17.08,1.0,ok,348.0
2022-07-28,PLUG,0.16472638,17.18,2.0,ok,390.0
2022-07-28,SHLS,0.1424067,19.03,3.0,ok,390.0
2022-07-28,STEM,0.13516605,8.73,4.0,ok,390.0
2022-07-28,ARRY,0.13496935,13.04,5.0,ok,390.0
2022-07-29,GETY,1.5219047,10.5,1.0,ok,377.0
2022-07-29,MITK,0.1529932,9.02,2.0,ok,338.0
2022-07-29,AXTI,0.13960111,7.02,3.0,ok,375.0
2022-07-29,PGY,0.10684466,17.97,4.0,ok,390.0
2022-08-01,GOVX,0.5604396,2.73,1.0,ok,390.0
2022-08-01,VRAX,0.38518524,5.4,2.0,ok,382.0
2022-08-01,MAIA,0.20689654,5.8,3.0,ok,382.0
2022-08-01,OM,0.11650491,15.45,4.0,ok,336.0
2022-08-01,PSO,0.1112175,9.26,5.0,ok,325.0
2022-08-02,AMTD,4.1634617,2.08,1.0,ok,386.0
2022-08-02,INVZ,0.21500003,4.0,2.0,ok,388.0
2022-08-02,PINS,0.1815908,19.99,3.0,ok,390.0
2022-08-02,FFAI,0.15999997,2.0,4.0,ok,390.0
2022-08-02,RIG,0.15527952,3.22,5.0,ok,390.0
2022-08-03,MDIA,0.6886544,3.79,1.0,ok,371.0
2022-08-03,AMTD,0.22000003,7.0,2.0,ok,390.0
2022-08-03,LEDS,0.1692307,3.25,3.0,ok,314.0
2022-08-03,SOFI,0.1357255,6.41,4.0,ok,390.0
2022-08-03,ARQT,0.12051284,19.5,5.0,ok,374.0
2022-08-04,NNVC,0.46341455,2.46,1.0,ok,390.0
2022-08-04,ZETA,0.14951777,6.22,2.0,ok,373.0
2022-08-04,RELY,0.14176977,10.51,3.0,ok,384.0
2022-08-04,BCRX,0.13991034,11.15,4.0,ok,390.0
2022-08-05,CPS,0.42147112,5.03,1.0,ok,389.0
2022-08-05,PGY,0.18993783,17.69,2.0,ok,368.0
2022-08-05,AMTD,0.17441857,4.3,3.0,ok,390.0
2022-08-05,CLMT,0.15881455,13.16,4.0,ok,312.0
2022-08-05,SRTS,0.13027847,11.13,5.0,ok,362.0
2022-08-08,KOD,0.17864478,9.74,1.0,ok,380.0
2022-08-08,QNRX,0.13988662,5.29,2.0,ok,384.0
2022-08-08,VRM,0.11637926,2.32,3.0,ok,390.0
2022-08-08,BBAI,0.11481476,2.7,4.0,ok,313.0
2022-08-08,LVLU,0.10157609,5.71,5.0,ok,370.0
2022-08-09,GDRX,0.2789948,7.76,1.0,ok,390.0
2022-08-10,QXO,0.27210307,3.68,1.0,ok,371.0
2022-08-10,ALTG,0.16360629,11.34,2.0,thin_session,
2022-08-10,JMIA,0.15751445,6.92,3.0,ok,390.0
2022-08-10,OSUR,0.15360498,3.19,4.0,ok,386.0
2022-08-10,PRCH,0.15062761,2.39,5.0,ok,384.0
2022-08-11,ARHS,0.3047167,6.4,1.0,ok,373.0
2022-08-11,ENVX,0.2408669,16.15,2.0,ok,390.0
2022-08-11,VERU,0.20815635,11.77,3.0,ok,386.0
2022-08-11,GWAV,0.19166672,3.6,4.0,ok,376.0
2022-08-11,GNLN,0.13230765,3.25,5.0,ok,194.0
2022-08-12,LZ,0.2283895,10.99,1.0,ok,381.0
2022-08-12,AIRS,0.22650373,8.88,2.0,ok,283.0
2022-08-12,TOST,0.19614327,18.15,3.0,ok,390.0
2022-08-12,PAYO,0.17869723,5.68,4.0,ok,390.0
2022-08-12,RANI,0.15795875,8.23,5.0,ok,358.0
2022-08-15,VRDN,0.3584522,14.73,1.0,ok,386.0
2022-08-15,HYFM,0.2337662,3.85,2.0,ok,364.0
2022-08-15,VEEE,0.22816896,7.1,3.0,ok,382.0
2022-08-15,TAOX,0.13881397,7.42,4.0,ok,199.0
2022-08-15,GWAV,0.12667656,3.355,5.0,ok,282.0
2022-08-16,ARTL,0.33715594,4.36,1.0,ok,388.0
2022-08-16,AMTD,0.25663722,2.26,2.0,ok,390.0
2022-08-16,TGL,0.20972228,7.2,3.0,ok,373.0
2022-08-16,DNA,0.19484234,3.49,4.0,ok,390.0
2022-08-16,REBN,0.1654135,3.99,5.0,ok,309.0
2022-08-17,ONCO,0.37254906,2.55,1.0,ok,390.0
2022-08-17,QNRX,0.2035929,5.01,2.0,ok,387.0
2022-08-17,GNPX,0.12556052,2.23,3.0,ok,361.0
2022-08-17,SRAD,0.103333354,12.0,4.0,ok,320.0
2022-08-18,NEGG,0.12607098,4.085,1.0,ok,369.0
2022-08-18,SYM,0.110616684,15.73,2.0,ok,357.0
2022-08-19,GCT,0.6978967,15.69,1.0,ok,297.0
2022-08-19,BULL,0.26008058,9.92,2.0,thin_session,
2022-08-19,GNS,0.16333723,8.51,3.0,ok,260.0
2022-08-19,SVRE,0.111111045,2.61,4.0,ok,277.0
2022-08-22,SVRE,0.6834532,2.78,1.0,ok,388.0
2022-08-22,REBN,0.1315068,3.65,2.0,ok,239.0
2022-08-22,ONCO,0.100263834,3.79,3.0,ok,348.0
2022-08-23,INDO,0.13896108,7.7,1.0,ok,390.0
2022-08-24,NERV,0.19512188,4.51,1.0,ok,390.0
2022-08-24,SNTG,0.15438604,2.85,2.0,thin_session,
2022-08-24,FLXS,0.133762,17.1,3.0,ok,94.0
2022-08-24,GASS,0.11451614,3.1,4.0,ok,201.0
2022-08-24,PTON,0.10267866,11.2,5.0,ok,390.0
2022-08-25,DXLG,0.18571436,4.2,1.0,ok,362.0
2022-08-25,TE,0.16634429,10.57,2.0,ok,385.0
2022-08-26,DRUG,0.27335644,2.89,1.0,ok,390.0
2022-08-26,TIGR,0.13838124,3.83,2.0,ok,347.0
2022-08-26,KC,0.13662791,3.44,3.0,ok,382.0
2022-08-26,API,0.10329664,4.55,4.0,ok,322.0
2022-08-29,DRUG,0.19607842,2.55,1.0,ok,390.0
2022-08-30,ONCO,0.11929822,2.85,1.0,ok,376.0
2022-08-30,SCOR,0.10648143,2.16,2.0,ok,352.0
2022-08-31,MOB,0.2540983,2.44,1.0,ok,389.0
2022-08-31,NMTC,0.16666663,2.16,2.0,ok,301.0
2022-08-31,SNAP,0.123876095,10.01,3.0,ok,390.0
2022-09-01,NTNX,0.21329486,17.3,1.0,ok,390.0
2022-09-02,BIAFW,0.40476203,2.1,1.0,ok,197.0
2022-09-02,BIAF,0.21325302,8.3,2.0,ok,377.0
2022-09-02,PR,0.12732458,7.62,3.0,ok,379.0
2022-09-06,OUT,0.12223065,17.28,1.0,ok,390.0
2022-09-06,ADT,0.12201178,7.21,2.0,ok,389.0
2022-09-07,BIAF,0.2987013,5.39,1.0,ok,386.0
2022-09-07,QNRX,0.19277108,3.32,2.0,ok,386.0
2022-09-07,GETY,0.101396084,13.61,3.0,ok,232.0
2022-09-08,AMLX,0.74860334,17.9,1.0,ok,390.0
2022-09-08,ASAN,0.18434858,19.04,2.0,ok,390.0
2022-09-09,INM,0.22209704,8.87,1.0,ok,307.0
2022-09-12,INM,0.3611616,11.02,1.0,ok,390.0
2022-09-12,QH,0.18181813,2.75,2.0,ok,268.0
2022-09-12,ATER,0.10843372,2.49,3.0,ok,348.0
2022-09-12,IDYA,0.10270274,9.25,4.0,ok,374.0
2022-09-13,VNET,0.15565038,4.69,1.0,ok,389.0
2022-09-14,BIAF,0.37681162,4.14,1.0,ok,386.0
2022-09-15,MTVA,0.6239619,16.86,1.0,ok,384.0
2022-09-16,AMPX,0.5730157,9.9999,1.0,ok,372.0
2022-09-16,AAOI,0.204,2.5,2.0,ok,390.0
2022-09-16,SJ,0.20000005,5.0,3.0,ok,304.0
2022-09-19,PRPL,0.4193548,2.79,1.0,ok,390.0
2022-09-22,VRAX,0.14144742,3.04,1.0,ok,356.0
2022-09-22,MTVA,0.12954688,15.67,2.0,ok,249.0
2022-09-26,ISPC,0.16019416,2.06,1.0,ok,379.0
2022-09-26,MLCO,0.13018858,5.3,2.0,ok,390.0
2022-09-26,LESL,0.10557616,13.45,3.0,ok,390.0
2022-09-27,SKIN,0.10192311,10.4,1.0,ok,390.0
2022-09-28,SILO,0.21568632,5.1,1.0,ok,238.0
2022-09-28,KPRX,0.15151513,6.6,2.0,ok,198.0
2022-09-28,RDNT,0.11358583,17.96,3.0,ok,275.0
2022-09-30,SAIH,0.1637168,2.26,1.0,ok,367.0
2022-09-30,INM,0.118466854,5.74,2.0,ok,333.0
2022-10-03,LVWR,0.3885795,7.18,1.0,ok,342.0
2022-10-03,FNGR,0.24925816,3.37,2.0,ok,368.0
2022-10-03,XPER,0.23974538,14.14,3.0,ok,359.0
2022-10-03,SBS,0.17829454,9.11,4.0,ok,390.0
2022-10-03,PBR,0.11264539,12.34,5.0,ok,390.0
2022-10-04,FNGR,0.19538462,6.5,1.0,ok,390.0
2022-10-04,PLTK,0.1638577,9.95,2.0,ok,390.0
2022-10-04,VISN,0.109063506,9.56,3.0,ok,390.0
2022-10-05,SHFS,0.27722776,5.05,1.0,ok,337.0
2022-10-05,INDO,0.15760112,7.17,2.0,ok,370.0
2022-10-05,TOPS,0.13812149,5.43,3.0,ok,386.0
2022-10-05,BNGO,0.102941155,2.04,4.0,ok,390.0
2022-10-06,SUNE,0.51449275,2.76,1.0,ok,390.0
2022-10-06,BEAT,0.39072847,4.53,2.0,ok,388.0
2022-10-06,RELL,0.10063338,15.34,3.0,ok,329.0
2022-10-07,OSG,0.1739825,12.8,1.0,ok,387.0
2022-10-10,SOBR,0.28112447,2.49,1.0,ok,385.0
2022-10-10,KITT,0.13953483,4.73,2.0,ok,196.0
2022-10-10,SNTI,0.111607194,4.48,3.0,ok,369.0
2022-10-10,MPTI,0.100000024,15.2,4.0,ok,105.0
2022-10-11,BSET,0.15113711,16.51,1.0,ok,190.0
2022-10-11,JOBY,0.14025974,3.85,2.0,ok,390.0
2022-10-11,LUCY,0.111111045,2.16,3.0,ok,313.0
2022-10-12,SUNE,0.22000003,5.0,1.0,ok,386.0
2022-10-12,LOCO,0.1407181,9.1,2.0,ok,346.0
2022-10-13,LASE,0.37542665,2.93,1.0,ok,390.0
2022-10-14,ELVN,0.383721,2.58,1.0,ok,390.0
2022-10-14,LASE,0.22033894,4.13,2.0,ok,388.0
2022-10-17,XTIA,0.7384939,4.78,1.0,ok,390.0
2022-10-17,LPL,0.15032685,4.59,2.0,ok,250.0
2022-10-17,GROY,0.14627147,2.12,3.0,ok,382.0
2022-10-18,VTAK,0.41284406,5.45,1.0,ok,388.0
2022-10-18,FUBO,0.13827169,4.05,2.0,ok,390.0
2022-10-18,VNET,0.11524165,5.38,3.0,ok,359.0
2022-10-19,SOBR,0.18045115,2.66,1.0,ok,387.0
2022-10-20,DBD,0.13656712,2.68,1.0,ok,378.0
2022-10-20,INDO,0.10015178,6.59,2.0,ok,344.0
2022-10-21,PHVS,0.108527064,5.16,1.0,ok,72.0
2022-10-25,CLS,0.14842105,9.5,1.0,ok,366.0
2022-10-26,GRNT,0.17361653,10.225,1.0,thin_session,
2022-10-28,JAKK,0.1460259,17.62,1.0,ok,256.0
2022-10-31,PERF,0.4363637,11.0,1.0,ok,257.0
2022-10-31,SXC,0.15359938,6.83,2.0,ok,362.0
2022-10-31,JELD,0.10521233,10.36,3.0,ok,381.0
2022-11-01,SOFI,0.1875,5.44,1.0,ok,390.0
2022-11-01,GDS,0.15874851,8.63,2.0,ok,389.0
2022-11-01,CVNA,0.127864,13.53,3.0,ok,390.0
2022-11-01,KNSA,0.11821365,11.42,4.0,ok,366.0
2022-11-01,API,0.10394263,2.79,5.0,ok,341.0
2022-11-02,BAND,0.32357728,12.3,1.0,ok,390.0
2022-11-02,ARCT,0.2653172,18.28,2.0,ok,379.0
2022-11-02,SNOA,0.13413656,2.49,3.0,ok,389.0
2022-11-03,NRDS,0.20262098,9.92,1.0,ok,386.0
2022-11-03,VCYT,0.17846155,19.5,2.0,ok,390.0
2022-11-03,TGLS,0.13579607,19.9,3.0,thin_session,
2022-11-03,FLWS,0.10872674,6.99,4.0,ok,375.0
2022-11-03,SUIG,0.10486889,2.67,5.0,ok,131.0
2022-11-04,SNTG,0.5424013,3.04,1.0,ok,374.0
2022-11-04,DMRC,0.25597274,14.65,2.0,thin_session,
2022-11-04,XPEV,0.17055392,6.86,3.0,ok,390.0
2022-11-04,BILI,0.16159499,9.53,4.0,ok,390.0
2022-11-04,OEC,0.14046824,15.35,5.0,thin_session,
2022-11-07,DJT,0.28546906,17.48,1.0,ok,390.0
2022-11-07,VERU,0.15942025,10.35,2.0,ok,390.0
2022-11-07,PERF,0.15594327,9.17,3.0,ok,138.0
2022-11-07,CERT,0.12863863,10.65,4.0,ok,382.0
2022-11-07,TIGO,0.12856424,11.8,5.0,ok,225.0
2022-11-08,HIMS,0.27056277,4.62,1.0,ok,388.0
2022-11-08,FULC,0.15329766,5.61,2.0,ok,248.0
2022-11-08,TASK,0.15311015,16.04,3.0,ok,387.0
2022-11-08,OPRT,0.14698803,4.15,4.0,ok,349.0
2022-11-08,GRWG,0.12688828,3.31,5.0,ok,390.0
2022-11-09,HCAT,0.31993818,6.47,1.0,ok,378.0
2022-11-09,RNA,0.23897064,13.6,2.0,ok,298.0
2022-11-09,ARRY,0.20730269,16.98,3.0,ok,390.0
2022-11-09,RAMP,0.1792574,15.62,4.0,ok,384.0
2022-11-09,OSUR,0.16901398,4.26,5.0,ok,335.0
2022-11-10,RPAY,0.33561635,4.38,1.0,ok,388.0
2022-11-10,APPS,0.28876507,10.77,2.0,ok,390.0
2022-11-10,MGNI,0.24567461,5.78,3.0,ok,390.0
2022-11-10,WRBY,0.20408165,13.23,4.0,thin_session,
2022-11-10,PRTS,0.19602978,4.03,5.0,ok,386.0
2022-11-11,SNAL,0.8666667,2.25,1.0,ok,383.0
2022-11-11,VS,0.19999993,3.0,2.0,ok,357.0
2022-11-11,BEKE,0.18045115,11.34,3.0,ok,390.0
2022-11-11,PSNY,0.17763162,4.56,4.0,ok,390.0
2022-11-11,LZ,0.16807616,9.46,5.0,ok,384.0
2022-11-14,ASTS,0.15515292,8.83,1.0,ok,390.0
2022-11-14,ATAT,0.13978493,12.88,2.0,ok,328.0
2022-11-14,GSUN,0.119089365,5.71,3.0,ok,255.0
2022-11-14,HCM,0.116161704,9.9,4.0,ok,341.0
2022-11-14,BEKE,0.11574805,13.53,5.0,ok,390.0
2022-11-15,SUNE,0.293617,2.35,1.0,ok,390.0
2022-11-15,BILI,0.16071427,12.88,2.0,ok,390.0
2022-11-15,FDMT,0.16011858,13.49,3.0,ok,374.0
2022-11-15,NU,0.121839166,4.35,4.0,ok,390.0
2022-11-15,GDS,0.11439121,13.55,5.0,ok,390.0
2022-11-16,AIRS,0.13268614,3.09,1.0,ok,355.0
2022-11-16,INM,0.12949646,2.78,2.0,ok,390.0
2022-11-16,SRAD,0.1123153,10.15,3.0,ok,332.0
2022-11-17,ALTI,0.27177703,8.61,1.0,ok,279.0
2022-11-18,GRND,0.45313835,11.63,1.0,ok,311.0
2022-11-18,STNE,0.14790285,9.87,2.0,ok,390.0
2022-11-18,GSUN,0.14285707,2.31,3.0,ok,324.0
2022-11-21,SHC,0.27574754,6.02,1.0,ok,386.0
2022-11-21,AIIO,0.13188982,5.08,2.0,ok,333.0
2022-11-22,ANF,0.18840587,18.63,1.0,ok,390.0
2022-11-23,GSUN,0.21674883,2.03,1.0,ok,361.0
2022-11-23,MANU,0.10040164,14.94,2.0,ok,390.0
2022-11-25,NAMS,0.14299512,10.35,1.0,ok,108.0
2022-11-25,XGN,0.11176467,3.4,2.0,ok,193.0
2022-11-29,DRS,0.1704756,9.87,1.0,ok,318.0
2022-11-29,BILI,0.13502777,12.59,2.0,ok,390.0
2022-11-29,BZ,0.10983825,15.08,3.0,ok,389.0
2022-11-30,XPEV,0.16348767,7.34,1.0,ok,390.0
2022-11-30,BBW,0.14377177,19.38,2.0,ok,371.0
2022-11-30,WOOF,0.12223387,9.49,3.0,ok,390.0
2022-12-01,TOPS,0.40397346,3.02,1.0,ok,381.0
2022-12-01,VTAK,0.2571429,2.45,2.0,ok,388.0
2022-12-01,HTCO,0.22920513,5.41,3.0,ok,308.0
2022-12-01,HCM,0.104699016,12.13,4.0,ok,385.0
2022-12-01,EHTH,0.10393262,3.56,5.0,ok,387.0
2022-12-02,TOPS,0.630854,3.63,1.0,ok,390.0
2022-12-02,AVXL,0.41713643,8.87,2.0,ok,390.0
2022-12-02,VTAK,0.27760255,3.17,3.0,ok,390.0
2022-12-02,IOT,0.19191921,9.9,4.0,ok,390.0
2022-12-05,IOVA,0.2046783,6.84,1.0,ok,390.0
2022-12-05,DBGI,0.14666665,3.75,2.0,ok,390.0
2022-12-05,XPEV,0.13187778,11.45,3.0,ok,390.0
2022-12-05,ENSC,0.13023257,2.15,4.0,ok,358.0
2022-12-05,EH,0.12762237,5.72,5.0,ok,389.0
2022-12-07,MSC,0.16550112,4.29,1.0,ok,125.0
2022-12-07,REPL,0.16304922,18.89,2.0,ok,356.0
2022-12-08,MOMO,0.13533843,5.25,1.0,ok,390.0
2022-12-12,RDGT,0.20845926,3.31,1.0,ok,357.0
2022-12-12,COGT,0.17387378,11.1,2.0,ok,349.0
2022-12-12,DFSC,0.15384614,2.86,3.0,ok,311.0
2022-12-12,BIVI,0.13544309,7.9,4.0,ok,388.0
2022-12-13,ACMR,0.27064216,8.72,1.0,ok,380.0
2022-12-13,WVE,0.19113576,3.61,2.0,ok,379.0
2022-12-13,SDGR,0.18790364,17.03,3.0,ok,390.0
2022-12-13,NUWE,0.17155552,11.25,4.0,ok,348.0
2022-12-13,CVNA,0.12929296,4.95,5.0,ok,390.0
2022-12-14,RNA,0.3770492,10.98,1.0,ok,390.0
2022-12-15,OPAL,0.10363388,7.43,1.0,ok,162.0
2022-12-15,HURA,0.10112357,8.01,2.0,ok,290.0
2022-12-16,LANV,0.27653992,7.63,1.0,thin_session,
2022-12-16,PL,0.115618706,4.93,2.0,ok,386.0
2022-12-19,VKTX,0.35572135,4.02,1.0,ok,390.0
2022-12-19,ZYME,0.27863777,6.46,2.0,ok,390.0
2022-12-20,QS,0.12991452,5.85,1.0,ok,390.0
2022-12-20,CGNT,0.12765968,2.35,2.0,ok,346.0
2022-12-20,MUFG,0.11344874,5.55,3.0,ok,389.0
2022-12-20,EVER,0.10461831,10.61,4.0,ok,329.0
2022-12-21,ADCT,0.14150941,3.18,1.0,ok,388.0
2022-12-21,FRMM,0.13452911,2.23,2.0,ok,383.0
2022-12-21,SINT,0.13386881,7.47,3.0,ok,364.0
2022-12-21,HTCO,0.12077296,2.07,4.0,ok,341.0
2022-12-21,DSGN,0.11662531,8.06,5.0,ok,313.0
2022-12-22,ORIC,0.46333325,3.0,1.0,ok,389.0
2022-12-28,KALA,0.5969387,3.92,1.0,ok,352.0
2022-12-29,RKTO,1.0204546,4.4,1.0,ok,364.0
2022-12-29,NUWE,0.34242094,9.17,2.0,ok,375.0
2022-12-29,KALA,0.29246795,12.48,3.0,ok,386.0
2022-12-30,PALI,0.3167702,3.22,1.0,ok,370.0
2022-12-30,DBGI,0.27499998,4.4,2.0,ok,386.0
2023-01-03,GRRR,0.4451295,8.11,1.0,ok,341.0
2023-01-03,HIND,0.43323445,6.74,2.0,ok,360.0
2023-01-03,AUPH,0.30555546,4.32,3.0,ok,390.0
2023-01-03,ACMR,0.26977944,7.71,4.0,ok,383.0
2023-01-03,FRMM,0.1592921,3.39,5.0,ok,390.0
2023-01-04,GERN,0.42083335,2.4,1.0,ok,390.0
2023-01-04,INM,0.26696825,2.21,2.0,ok,374.0
2023-01-04,KC,0.13705587,3.94,3.0,ok,379.0
2023-01-04,GEG,0.118483424,2.11,4.0,ok,213.0
2023-01-04,SCLX,0.117875576,5.3136,5.0,ok,76.0
2023-01-05,HKD,0.69598997,10.0,1.0,ok,386.0
2023-01-05,TWAV,0.5429863,2.21,2.0,ok,374.0
2023-01-05,XHG,0.39682305,2.77,3.0,ok,347.0
2023-01-06,IMNM,0.21656048,4.71,1.0,ok,284.0
2023-01-06,AEHR,0.21598148,17.27,2.0,ok,390.0
2023-01-06,SRTS,0.14013612,7.35,3.0,ok,320.0
2023-01-06,TKC,0.11018908,4.63,4.0,thin_session,
2023-01-09,VYGR,0.23994255,6.96,1.0,ok,364.0
2023-01-09,SPRB,0.14049578,2.42,2.0,ok,388.0
2023-01-09,ARHS,0.1283139,10.24,3.0,ok,373.0
2023-01-09,ALVO,0.118359804,10.73,4.0,ok,131.0
2023-01-10,SHC,0.7476852,8.64,1.0,ok,390.0
2023-01-10,FRO,0.24008298,11.33,2.0,ok,390.0
2023-01-10,NUWE,0.16309011,9.32,3.0,ok,341.0
2023-01-10,CMND,0.15363133,3.58,4.0,ok,113.0
2023-01-11,BWEN,0.5973451,2.26,1.0,ok,386.0
2023-01-11,LASE,0.1699605,2.53,2.0,ok,388.0
2023-01-11,INM,0.13043475,2.3,3.0,ok,347.0
2023-01-11,ERAS,0.12800002,3.75,4.0,ok,340.0
2023-01-11,HKD,0.112843275,13.47,5.0,ok,389.0
2023-01-12,VTAK,0.17142856,3.15,1.0,ok,362.0
2023-01-12,BAER,0.11823201,9.05,2.0,thin_session,
2023-01-12,VISN,0.11180413,7.49,3.0,ok,390.0
2023-01-12,MARA,0.10986972,5.37,4.0,ok,390.0
2023-01-12,HIVE,0.10389614,2.31,5.0,ok,380.0
2023-01-13,SPCE,0.13203454,4.62,1.0,ok,390.0
2023-01-17,SI,0.219697,13.2,1.0,ok,390.0
2023-01-17,TKC,0.12883437,4.35,2.0,ok,335.0
2023-01-17,SCLX,0.1197319,7.6,3.0,ok,203.0
2023-01-17,CAN,0.115254164,2.95,4.0,ok,374.0
2023-01-17,GP,0.10897434,3.12,5.0,ok,346.0
2023-01-18,NRGV,0.1404494,3.56,1.0,ok,390.0
2023-01-18,ACHR,0.108527064,2.58,2.0,ok,388.0
2023-01-18,ATLX,0.10613215,8.48,3.0,ok,376.0
2023-01-19,RNXT,0.1808219,3.65,1.0,ok,90.0
2023-01-20,GNS,1.4258375,2.09,1.0,ok,390.0
2023-01-20,COSM,0.10355985,3.09,2.0,ok,386.0
2023-01-23,CVKD,0.3131069,4.12,1.0,ok,335.0
2023-01-23,XHG,0.2896825,2.52,2.0,ok,214.0
2023-01-23,VUZI,0.117886186,4.92,3.0,ok,382.0
2023-01-23,HCM,0.1027714,17.32,4.0,ok,260.0
2023-01-24,PBR,0.23273468,11.73,1.0,ok,381.0
2023-01-24,NCLH,0.19458771,15.52,2.0,ok,383.0
2023-01-24,NIO,0.19071305,12.06,3.0,ok,383.0
2023-01-24,PLTR,0.18699193,7.38,4.0,ok,381.0
2023-01-25,TIGO,0.18312097,14.83,1.0,ok,368.0
2023-01-25,EHTH,0.15313649,5.42,2.0,ok,385.0
2023-01-27,CRGO,0.40896094,10.49,1.0,ok,247.0
2023-01-27,BZFD,0.26315796,2.09,2.0,ok,390.0
2023-01-27,CETX,0.11016953,5.9,3.0,ok,134.0
2023-01-30,GNS,0.42025316,3.95,1.0,ok,386.0
2023-01-30,BBAI,0.24793386,2.42,2.0,ok,390.0
2023-01-30,DVLT,0.13260865,9.2,3.0,ok,334.0
2023-01-30,SCLX,0.112401724,8.81,4.0,ok,241.0
2023-01-30,SOFI,0.10942757,5.94,5.0,ok,390.0
2023-01-31,ATCX,1.1937845,5.47,1.0,thin_session,
2023-01-31,CVNA,0.10800004,10.0,2.0,ok,390.0
2023-02-01,EDBL,0.2175926,10.8,1.0,ok,225.0
2023-02-01,SMX,0.1181103,10.16,2.0,ok,110.0
2023-02-01,LION,0.11811018,10.16,3.0,no_minute_data,
2023-02-01,BZFD,0.11304343,2.3,4.0,ok,390.0
2023-02-02,GNS,0.3339622,5.3,1.0,ok,382.0
2023-02-02,CVNA,0.28539824,13.56,2.0,ok,378.0
2023-02-02,SI,0.19458127,16.24,3.0,ok,390.0
2023-02-02,FLWS,0.19080234,10.22,4.0,ok,368.0
2023-02-02,OPEN,0.116666675,2.4,5.0,ok,390.0
2023-02-03,HIND,1.0857143,6.3,1.0,ok,361.0
2023-02-06,SOUN,0.2765957,2.82,1.0,ok,390.0
2023-02-06,QUBT,0.20731711,2.46,2.0,ok,387.0
2023-02-06,BZFD,0.16822422,2.14,3.0,ok,389.0
2023-02-06,ARQQ,0.15600002,2.5,4.0,ok,390.0
2023-02-06,BBAI,0.11337185,5.19,5.0,ok,390.0
2023-02-07,LUCY,0.19215679,2.55,1.0,ok,389.0
2023-02-08,TIGO,0.116701484,16.89,1.0,ok,258.0
2023-02-09,APP,0.36198735,12.68,1.0,ok,390.0
2023-02-09,BLBD,0.17971015,13.8,2.0,ok,343.0
2023-02-09,QNST,0.16369855,14.6,3.0,ok,322.0
2023-02-09,SONO,0.15285552,17.86,4.0,ok,390.0
2023-02-09,PWP,0.12635088,10.32,5.0,ok,303.0
2023-02-10,EDBL,0.13947988,4.23,1.0,ok,359.0
2023-02-10,CRSR,0.1078043,15.12,2.0,ok,379.0
2023-02-13,DDL,0.17479682,4.92,1.0,ok,376.0
2023-02-13,OCUL,0.14987075,3.87,2.0,ok,390.0
2023-02-13,TIGO,0.1266625,18.64,3.0,ok,259.0
2023-02-13,FSLY,0.12462008,9.87,4.0,ok,390.0
2023-02-13,XPON,0.12337661,3.08,5.0,ok,390.0
2023-02-14,PLTR,0.12877798,7.61,1.0,ok,390.0
2023-02-14,LICN,0.11814344,4.74,2.0,ok,371.0
2023-02-15,OSUR,0.1825558,4.93,1.0,ok,366.0
2023-02-15,ADPT,0.14516115,8.68,2.0,ok,385.0
2023-02-16,LUNR,0.20251179,12.74,1.0,ok,334.0
2023-02-16,CYH,0.15944886,5.08,2.0,ok,390.0
2023-02-17,AORT,0.1500001,13.2,1.0,thin_session,
2023-02-17,DKNG,0.1235261,17.81,2.0,ok,390.0
2023-02-21,MTW,0.10306406,14.36,1.0,ok,348.0
2023-02-22,VRT,0.11439848,15.26,1.0,ok,390.0
2023-02-23,LUNG,0.3972602,8.76,1.0,ok,359.0
2023-02-23,RELY,0.19828331,11.65,2.0,ok,388.0
2023-02-23,GSM,0.19145334,4.28,3.0,ok,390.0
2023-02-23,MRVI,0.17932034,13.83,4.0,ok,383.0
2023-02-23,ENVX,0.15942037,8.28,5.0,ok,390.0
2023-02-24,BAER,1.2669005,4.42,1.0,ok,369.0
2023-02-24,MAX,0.15931034,14.5,2.0,thin_session,
2023-02-24,BYND,0.14060676,17.14,3.0,ok,390.0
2023-02-24,RLAY,0.12105572,17.43,4.0,ok,362.0
2023-02-24,GDYN,0.11478126,12.11,5.0,ok,258.0
2023-02-27,OPRA,0.1612798,7.31,1.0,ok,354.0
2023-02-27,PSHG,0.1569506,2.23,2.0,ok,274.0
2023-02-27,DYN,0.13706887,11.6,3.0,ok,275.0
2023-02-28,SIBN,0.16765058,16.94,1.0,ok,302.0
2023-02-28,SKIN,0.14840996,11.32,2.0,ok,390.0
2023-02-28,SINT,0.12288141,2.36,3.0,ok,383.0
2023-02-28,GNLX,0.10720003,12.5,4.0,ok,192.0
2023-02-28,HIMS,0.10466325,9.65,5.0,ok,390.0
2023-03-01,OKYO,0.23318386,2.23,1.0,ok,332.0
2023-03-01,GDRX,0.18714559,5.29,2.0,ok,380.0
2023-03-01,LION,0.17602742,14.6,3.0,no_minute_data,
2023-03-01,SMX,0.1760273,14.6,4.0,ok,312.0
2023-03-01,BGS,0.15079832,12.67,5.0,ok,390.0
2023-03-02,EYPT,0.10410094,3.17,1.0,ok,219.0
2023-03-02,RNXT,0.100000024,5.1,2.0,ok,92.0
2023-03-03,ARDX,0.17647064,2.89,1.0,ok,390.0
2023-03-03,IOT,0.14099538,16.88,2.0,ok,390.0
2023-03-03,OKYO,0.101769924,2.26,3.0,ok,184.0
2023-03-06,BBIO,0.6550138,10.87,1.0,ok,390.0
2023-03-06,KALA,0.2656716,16.75,2.0,ok,390.0
2023-03-06,AZUL,0.24278855,4.16,3.0,ok,390.0
2023-03-07,WW,0.24547815,3.87,1.0,ok,390.0
2023-03-07,SLND,0.13586962,9.2,2.0,ok,217.0
2023-03-07,PTGX,0.11644733,15.2,3.0,ok,390.0
2023-03-08,LFST,0.17088616,4.74,1.0,ok,386.0
2023-03-08,ARLO,0.16246498,3.57,2.0,thin_session,
2023-03-09,SMX,0.18131864,3.64,1.0,ok,313.0
2023-03-09,TORO,0.16602325,3.85,2.0,ok,384.0
2023-03-09,ASAN,0.12921357,17.8,3.0,ok,390.0
2023-03-09,KLXE,0.12306559,13.57,4.0,ok,266.0
2023-03-09,MGNX,0.109090924,5.5,5.0,ok,324.0
2023-03-10,MYPS,0.2103746,3.47,1.0,ok,302.0
2023-03-10,NEUP,0.19533527,3.43,2.0,ok,119.0
2023-03-10,JYNT,0.1938461,16.25,3.0,ok,184.0
2023-03-10,SI,0.17605639,2.84,4.0,ok,390.0
2023-03-10,RAIN,0.13981044,8.44,5.0,ok,189.0
2023-03-13,ZIM,0.13986671,19.57,1.0,ok,390.0
2023-03-13,HMY,0.11371899,3.16,2.0,ok,390.0
2023-03-14,KEY,0.19437683,11.38,1.0,ok,390.0
2023-03-14,LX,0.18262815,2.24,2.0,ok,306.0
2023-03-14,WAFDP,0.1753732,14.0,3.0,ok,203.0
2023-03-14,HBAN,0.17115223,11.12,4.0,ok,390.0
2023-03-14,CUBI,0.16245699,17.42,5.0,ok,388.0
2023-03-15,CTOS,0.107765436,6.31,1.0,ok,267.0
2023-03-16,EVCM,0.2734375,8.96,1.0,ok,348.0
2023-03-16,PATH,0.17213106,14.64,2.0,ok,390.0
2023-03-16,PCT,0.13626838,4.77,3.0,ok,390.0
2023-03-17,HUBC,0.17991626,2.39,1.0,ok,390.0
2023-03-17,MARA,0.10091734,7.63,2.0,ok,390.0
2023-03-20,FLG,0.39410484,6.54,1.0,ok,390.0
2023-03-20,NSLR,0.18099713,2.93,2.0,ok,339.0
2023-03-21,EDBL,0.11653113,3.69,1.0,ok,283.0
2023-03-21,WTTR,0.10731709,5.6,2.0,ok,381.0
2023-03-21,HLIT,0.10007632,13.09,3.0,ok,386.0
2023-03-22,GME,0.5070822,17.65,1.0,ok,390.0
2023-03-22,CVNA,0.27994955,7.93,2.0,ok,385.0
2023-03-22,APLM,0.23728812,8.85,3.0,ok,255.0
2023-03-23,SCYX,0.100000024,2.0,1.0,ok,356.0
2023-03-24,PEPG,0.18483412,16.88,1.0,ok,64.0
2023-03-24,AFYA,0.12361932,9.96,2.0,ok,317.0
2023-03-24,RNW,0.11161733,4.39,3.0,ok,386.0
2023-03-27,PYXS,0.42533934,2.21,1.0,ok,390.0
2023-03-27,GHRS,0.13366961,7.93,2.0,ok,157.0
2023-03-28,BMEA,0.49060273,15.43,1.0,ok,386.0
2023-03-28,OSCR,0.36490262,3.59,2.0,ok,390.0
2023-03-28,VKTX,0.3497808,9.12,3.0,ok,390.0
2023-03-28,PYXS,0.12962961,2.7,4.0,ok,390.0
2023-03-29,ARCT,0.2451613,15.5,1.0,ok,387.0
2023-03-29,EBS,0.19775283,8.9,2.0,ok,390.0
2023-03-29,NABL,0.1358025,12.15,3.0,ok,388.0
2023-03-30,APLM,0.7206291,10.81,1.0,ok,260.0
2023-03-30,CXM,0.18382359,10.88,2.0,ok,390.0
2023-03-30,RNXT,0.15128195,3.9,3.0,ok,224.0
2023-03-30,EVGO,0.13913047,5.75,4.0,ok,390.0
2023-03-30,FLNC,0.10461545,16.25,5.0,ok,390.0
2023-03-31,PALI,0.20754719,2.65,1.0,ok,390.0
2023-03-31,OABI,0.17378914,3.51,2.0,ok,290.0
2023-04-03,GFAI,0.15960455,7.08,1.0,ok,378.0
2023-04-03,VNET,0.15432096,3.24,2.0,ok,388.0
2023-04-03,PYXS,0.12219441,4.01,3.0,ok,390.0
2023-04-03,NINE,0.120503664,5.56,4.0,ok,379.0
2023-04-04,BFRG,0.45842218,4.69,1.0,ok,374.0
2023-04-04,CDLX,0.39130437,3.45,2.0,ok,390.0
2023-04-04,PHAT,0.13881397,7.42,3.0,ok,334.0
2023-04-05,IFRX,0.3289125,3.77,1.0,ok,378.0
2023-04-05,GRRR,0.10204089,2.94,2.0,ok,342.0
2023-04-06,GRRR,0.14666677,3.0,1.0,ok,379.0
2023-04-10,GFAI,0.292549,12.75,1.0,ok,386.0
2023-04-10,ELOX,0.13297868,5.64,2.0,ok,388.0
2023-04-11,WW,0.41747582,4.12,1.0,ok,390.0
2023-04-11,CGNT,0.11436951,3.41,2.0,ok,371.0
2023-04-12,MDAI,0.26190472,10.5,1.0,ok,203.0
2023-04-12,SPNT,0.12081349,8.36,2.0,thin_session,
2023-04-13,FRGT,0.118466854,2.87,1.0,ok,326.0
2023-04-14,CXAI,1.6297336,7.13,1.0,ok,373.0
2023-04-14,BFRG,0.15892851,5.6,2.0,ok,388.0
2023-04-14,PRPL,0.12946427,2.24,3.0,ok,354.0
2023-04-17,CNSP,0.54042554,2.35,1.0,ok,390.0
2023-04-17,XPEV,0.11290324,9.92,2.0,ok,390.0
2023-04-17,ROIV,0.10267234,7.11,3.0,ok,390.0
2023-04-18,LZ,0.10113585,9.245,1.0,ok,369.0
2023-04-19,LUNR,0.24038458,10.4,1.0,ok,390.0
2023-04-20,DRMA,0.203125,2.56,1.0,ok,365.0
2023-04-20,MDXH,0.20059896,3.34,2.0,ok,353.0
2023-04-20,KC,0.1010102,6.93,3.0,ok,376.0
2023-04-21,BWEN,0.12554109,4.62,1.0,ok,299.0
2023-04-24,GETY,0.55731225,5.06,1.0,ok,390.0
2023-04-24,IDYA,0.19691896,14.93,2.0,ok,382.0
2023-04-24,NXPL,0.16538453,2.6,3.0,ok,331.0
2023-04-24,PHG,0.1400491,19.03,4.0,ok,382.0
2023-04-24,ARBB,0.13333333,4.65,5.0,ok,262.0
2023-04-25,CXAI,0.37360895,6.29,1.0,ok,390.0
2023-04-25,ASTS,0.17660546,4.36,2.0,ok,389.0
2023-04-26,SAIH,0.39626694,2.7857,1.0,ok,390.0
2023-04-26,VRT,0.17145205,12.23,2.0,ok,390.0
2023-04-26,CLSK,0.14986372,3.67,3.0,ok,390.0
2023-04-26,MARA,0.123470545,8.99,4.0,ok,390.0
2023-04-26,CIFR,0.122727275,2.2,5.0,ok,348.0
2023-04-27,ATOM,0.30268204,5.22,1.0,ok,390.0
2023-04-27,TROX,0.11764705,12.53,2.0,thin_session,
2023-04-28,DPU,0.65899587,4.78,1.0,ok,352.0
2023-04-28,CUBI,0.18766761,18.65,2.0,ok,326.0
2023-04-28,HKD,0.16224182,6.78,3.0,ok,388.0
2023-04-28,KALA,0.112191916,15.42,4.0,ok,169.0
2023-05-01,NNOX,0.44189858,6.11,1.0,ok,386.0
2023-05-01,JXG,0.2504201,5.95,2.0,ok,192.0
2023-05-01,CDLX,0.1325115,6.49,3.0,ok,390.0
2023-05-01,CXAI,0.10325658,12.59,4.0,ok,363.0
2023-05-01,PLSE,0.100931644,6.44,5.0,ok,163.0
2023-05-02,WAFU,0.47970486,2.71,1.0,ok,366.0
2023-05-02,IMTX,0.35450816,7.32,2.0,ok,380.0
2023-05-02,QH,0.11570251,2.42,3.0,ok,387.0
2023-05-03,NIKI,1.2768168,2.8897,1.0,ok,380.0
2023-05-03,SNTG,0.528517,2.63,2.0,ok,385.0
2023-05-03,INBS,0.17543864,3.42,3.0,ok,280.0
2023-05-03,MDXG,0.17454064,3.81,4.0,ok,370.0
2023-05-03,EYPT,0.13713408,6.49,5.0,ok,335.0
2023-05-04,VITL,0.16846156,13.0,1.0,ok,313.0
2023-05-04,LMND,0.16501355,11.09,2.0,ok,390.0
2023-05-04,METC,0.12438309,7.4,3.0,ok,360.0
2023-05-04,FROG,0.11016941,17.7,4.0,ok,389.0
2023-05-05,CVNA,0.39305556,7.2,1.0,ok,386.0
2023-05-05,ACH,0.3505534,13.55,2.0,ok,385.0
2023-05-05,WAL,0.2835821,18.2,3.0,ok,390.0
2023-05-05,LASR,0.24268699,9.23,4.0,ok,357.0
2023-05-05,MCB,0.19693875,19.86,5.0,ok,309.0
2023-05-08,IMPP,0.2541666,2.4,1.0,ok,386.0
2023-05-08,BAK,0.23446012,9.17,2.0,ok,390.0
2023-05-09,EVER,0.22706759,6.65,1.0,ok,329.0
2023-05-09,SHLS,0.21196759,19.72,2.0,ok,390.0
2023-05-09,NVAX,0.20402694,7.45,3.0,ok,390.0
2023-05-09,PLTR,0.19121456,7.74,4.0,ok,390.0
2023-05-09,OPRT,0.16898143,4.32,5.0,ok,277.0
2023-05-10,UPST,0.39389634,14.09,1.0,ok,390.0
2023-05-10,COMP,0.26428568,2.8,2.0,ok,389.0
2023-05-10,TCRX,0.25294125,3.4,3.0,ok,389.0
2023-05-10,MBC,0.20949066,8.64,4.0,ok,380.0
2023-05-10,CARG,0.1918143,16.37,5.0,ok,385.0
2023-05-11,DMRC,0.25,19.92,1.0,ok,303.0
2023-05-11,GT,0.22781575,11.72,2.0,ok,390.0
2023-05-11,APP,0.22150481,17.81,3.0,ok,390.0
2023-05-11,PRPL,0.19599998,2.5,4.0,ok,383.0
2023-05-11,KLXE,0.18946183,8.92,5.0,ok,286.0
2023-05-12,BLBD,0.27225673,19.32,1.0,ok,383.0
2023-05-12,LUNR,0.16121209,8.25,2.0,ok,316.0
2023-05-12,SURG,0.111111164,4.41,3.0,ok,264.0
2023-05-12,SFWL,0.10014737,6.79,4.0,ok,247.0
2023-05-15,TLS,0.1569506,2.23,1.0,ok,332.0
2023-05-16,APLD,0.42313325,3.415,1.0,ok,390.0
2023-05-16,BEEM,0.21834505,10.03,2.0,ok,344.0
2023-05-16,DPU,0.17398119,6.38,3.0,ok,229.0
2023-05-16,ACIC,0.14686835,4.09,4.0,ok,344.0
2023-05-18,CWD,0.72333336,6.0,1.0,ok,364.0
2023-05-18,DLO,0.124237776,14.0,2.0,ok,374.0
2023-05-19,SDA,0.7414634,4.1,1.0,ok,360.0
2023-05-19,GSIT,0.11317563,5.92,2.0,ok,389.0
2023-05-22,AVIR,0.26756752,3.7,1.0,ok,375.0
2023-05-22,ADSE,0.10648918,6.01,2.0,ok,129.0
2023-05-23,AMST,0.19130433,4.6,1.0,ok,265.0
2023-05-23,LFCR,0.119403005,5.36,2.0,ok,389.0
2023-05-24,ENVB,0.29206347,3.15,1.0,ok,386.0
2023-05-24,KSS,0.15882349,19.27,2.0,ok,390.0
2023-05-24,ORGO,0.15116274,3.44,3.0,ok,378.0
2023-05-25,DCX,0.32096064,4.58,1.0,ok,296.0
2023-05-25,MOD,0.18727827,19.73,2.0,thin_session,
2023-05-25,LWLG,0.14643538,5.19,3.0,ok,377.0
2023-05-25,RRGB,0.13633215,14.45,4.0,ok,348.0
2023-05-25,VRT,0.12669957,16.24,5.0,ok,390.0
2023-05-26,PDSB,0.21428573,6.72,1.0,ok,387.0
2023-05-26,MAX,0.1921053,7.6,2.0,ok,329.0
2023-05-26,RCUS,0.18571424,17.5,3.0,ok,389.0
2023-05-30,ALAR,0.25079358,3.15,1.0,ok,332.0
2023-05-30,IOVA,0.20397353,7.55,2.0,ok,390.0
2023-05-30,NXGL,0.15283847,2.29,3.0,ok,94.0
2023-05-30,GOTU,0.12449801,2.49,4.0,ok,373.0
2023-05-30,TIGR,0.1235522,2.59,5.0,ok,370.0
2023-06-01,LE,0.17862833,6.27,1.0,ok,330.0
2023-06-01,RMTI,0.12650609,3.32,2.0,ok,309.0
2023-06-01,ATTO,0.12075472,2.65,3.0,ok,362.0
2023-06-01,KC,0.11659193,4.46,4.0,ok,387.0
2023-06-01,PEBK,0.10129869,17.22,5.0,thin_session,
2023-06-02,APLM,0.2164948,4.85,1.0,ok,217.0
2023-06-02,IOT,0.20725942,19.01,2.0,ok,390.0
2023-06-02,UUU,0.13453603,2.45,3.0,ok,342.0
2023-06-02,RMTI,0.105121374,3.71,4.0,ok,330.0
2023-06-05,DCX,0.4684211,3.8,1.0,ok,386.0
2023-06-05,ELTX,0.1986773,18.145,2.0,ok,164.0
2023-06-05,RMTI,0.13981032,4.22,3.0,ok,347.0
2023-06-06,ZURA,0.16640997,6.49,1.0,ok,358.0
2023-06-06,PDSB,0.11332309,6.53,2.0,ok,387.0
2023-06-07,DCX,0.30952382,4.2,1.0,ok,389.0
2023-06-07,YEXT,0.18333328,9.6,2.0,ok,390.0
2023-06-07,ELTX,0.16461205,13.79,3.0,ok,91.0
2023-06-07,AFRM,0.16434896,15.82,4.0,ok,390.0
2023-06-07,SFIX,0.15489125,3.68,5.0,ok,390.0
2023-06-08,BAOS,0.92580104,5.93,1.0,ok,375.0
2023-06-08,CVNA,0.21184802,15.53,2.0,ok,390.0
2023-06-08,LAKE,0.17232811,12.28,3.0,ok,71.0
2023-06-08,FDMT,0.14121509,18.27,4.0,ok,367.0
2023-06-08,BBLG,0.12037027,5.4,5.0,ok,183.0
2023-06-09,WLDS,0.20673072,2.08,1.0,ok,350.0
2023-06-09,KC,0.14405012,4.79,2.0,ok,389.0
2023-06-12,VERA,0.10682118,7.77,1.0,ok,363.0
2023-06-13,MGIH,0.47000003,2.0,1.0,ok,383.0
2023-06-13,MPAA,0.14990509,5.27,2.0,ok,294.0
2023-06-14,IVA,0.30790198,3.67,1.0,ok,363.0
2023-06-14,NEXT,0.2709551,5.13,2.0,ok,390.0
2023-06-14,CYH,0.13414633,4.1,3.0,ok,370.0
2023-06-15,MVIS,0.1673913,4.6,1.0,ok,390.0
2023-06-15,DFLI,0.1015625,2.56,2.0,ok,381.0
2023-06-16,SPCE,0.40886712,4.06,1.0,ok,390.0
2023-06-16,LAES,0.12446618,16.39,2.0,ok,90.0
2023-06-16,BTDR,0.11904764,7.56,3.0,ok,276.0
2023-06-16,ENVX,0.11885548,13.63,4.0,ok,390.0
2023-06-20,VCIG,0.34275627,2.83,1.0,ok,381.0
2023-06-20,BOF,0.31602716,4.43,2.0,ok,312.0
2023-06-20,VERA,0.13442123,12.87,3.0,ok,383.0
2023-06-20,DCX,0.1232394,2.84,4.0,ok,206.0
2023-06-21,PCT,0.14735508,7.94,1.0,ok,390.0
2023-06-22,ROOT,0.49688148,9.62,1.0,ok,388.0
2023-06-22,AAOI,0.12725091,4.165,2.0,ok,389.0
2023-06-26,SCNX,1.1795361,8.44,1.0,ok,373.0
2023-06-26,ORIC,0.12326658,6.49,2.0,ok,366.0
2023-06-28,XPOF,0.17811704,15.72,1.0,ok,390.0
2023-06-29,JOBY,0.19977677,8.96,1.0,ok,390.0
2023-06-29,TE,0.17748344,7.55,2.0,ok,390.0
2023-06-29,HURA,0.13043475,2.9901,3.0,ok,322.0
2023-06-29,ACHR,0.12987018,3.85,4.0,ok,390.0
2023-06-29,KLRS,0.10975611,3.28,5.0,ok,359.0
2023-06-30,AUPH,0.13209605,9.16,1.0,ok,390.0
2023-06-30,MVIS,0.10512829,3.9,2.0,ok,389.0
2023-07-03,ALVO,0.14728689,7.74,1.0,ok,138.0
2023-07-03,OKUR,0.12042689,6.56,2.0,ok,120.0
2023-07-03,ACMR,0.11697245,13.08,3.0,ok,224.0
2023-07-06,CRBU,0.37254906,4.08,1.0,ok,390.0
2023-07-06,SG,0.13957047,13.04,2.0,ok,390.0
2023-07-06,GENI,0.104991436,5.81,3.0,ok,390.0
2023-07-07,AURE,0.9351852,5.4,1.0,ok,349.0
2023-07-07,GRRR,0.67464113,2.09,2.0,ok,390.0
2023-07-07,CSTL,0.5060241,13.28,3.0,ok,390.0
2023-07-10,TMC,0.17391312,2.53,1.0,ok,390.0
2023-07-10,WBX,0.11083746,4.06,2.0,ok,389.0
2023-07-11,GDTC,1.1260746,3.49,1.0,ok,389.0
2023-07-11,ABOS,0.15891123,4.96,2.0,ok,377.0
2023-07-12,RXRX,1.1637168,6.78,1.0,ok,390.0
2023-07-12,GPUS,0.62727284,3.3,2.0,ok,363.0
2023-07-12,HLLY,0.1795454,4.4,3.0,ok,367.0
2023-07-12,DAKT,0.15548277,6.11,4.0,ok,348.0
2023-07-12,ELOX,0.14379954,7.58,5.0,ok,382.0
2023-07-13,SXTP,0.47435904,4.68,1.0,ok,376.0
2023-07-14,PRFX,0.39478266,5.75,1.0,ok,349.0
2023-07-14,DFNS,0.17030573,11.45,2.0,ok,150.0
2023-07-14,LUNR,0.16276348,8.54,3.0,ok,373.0
2023-07-17,ABOS,0.7531847,6.28,1.0,ok,390.0
2023-07-17,HCTI,0.50136995,3.65,2.0,ok,365.0
2023-07-17,BBIO,0.4687158,18.22,3.0,ok,390.0
2023-07-17,PRFX,0.25432098,8.1,4.0,ok,350.0
2023-07-17,NMAD,0.1602211,5.43,5.0,ok,348.0
2023-07-19,SXTP,0.3264463,2.42,1.0,ok,386.0
2023-07-19,VRM,0.11830354,2.24,2.0,ok,390.0
2023-07-19,TRUG,0.112167,11.6799,3.0,ok,218.0
2023-07-19,RBBN,0.104026794,2.98,4.0,ok,348.0
2023-07-20,PSQH,0.40388763,13.89,1.0,ok,377.0
2023-07-20,GRRR,0.32894742,2.28,2.0,ok,390.0
2023-07-20,PRFX,0.2672292,7.11,3.0,ok,384.0
2023-07-21,BGLC,0.40041065,4.87,1.0,ok,378.0
2023-07-21,DJT,0.25000012,13.36,2.0,ok,386.0
2023-07-21,GFAI,0.15217388,6.44,3.0,ok,390.0
2023-07-21,QNRX,0.11981559,6.51,4.0,ok,357.0
2023-07-24,AMC,0.32733214,4.4,1.0,ok,386.0
2023-07-25,KNSA,0.12717545,14.94,1.0,ok,387.0
2023-07-26,XPEV,0.1484375,15.36,1.0,ok,390.0
2023-07-26,GPUS,0.14655173,3.48,2.0,ok,352.0
2023-07-26,WW,0.10775423,9.93,3.0,ok,390.0
2023-07-27,CLS,0.24605107,16.46,1.0,ok,390.0
2023-07-27,NMAD,0.16279078,3.87,2.0,ok,174.0
2023-07-27,SPOK,0.14506567,11.44,3.0,ok,319.0
2023-07-27,IMAX,0.13693905,17.38,4.0,ok,388.0
2023-07-27,NOA,0.13333333,18.88,5.0,thin_session,
2023-07-28,BJDX,0.37196267,5.35,1.0,ok,365.0
2023-07-28,SIGA,0.24960494,5.09,2.0,ok,387.0
2023-07-28,COUR,0.16333592,13.01,3.0,ok,383.0
2023-07-31,EOSE,0.20353985,2.26,1.0,ok,390.0
2023-07-31,GDRX,0.12740743,6.75,2.0,ok,390.0
2023-07-31,INVZ,0.105571866,3.41,3.0,ok,390.0
2023-07-31,ACHR,0.104602456,4.78,4.0,ok,390.0
2023-08-01,AMSC,0.5873016,10.08,1.0,ok,390.0
2023-08-01,TTI,0.20044541,4.49,2.0,ok,390.0
2023-08-01,RGTI,0.15261042,2.49,3.0,ok,390.0
2023-08-01,AUDC,0.105980754,10.04,4.0,ok,300.0
2023-08-02,CDLX,0.22094059,11.27,1.0,ok,386.0
2023-08-02,FRSH,0.18201756,18.24,2.0,ok,390.0
2023-08-03,BJDX,0.92307687,5.46,1.0,ok,385.0
2023-08-03,COOK,0.37257278,4.12,2.0,ok,390.0
2023-08-03,UPWK,0.3039117,9.97,3.0,ok,390.0
2023-08-03,AURE,0.18386495,10.66,4.0,ok,220.0
2023-08-03,SABR,0.14905143,3.69,5.0,ok,390.0
2023-08-04,AD,0.46624994,17.5,1.0,ok,389.0
2023-08-04,TDS,0.36718237,7.9,2.0,ok,390.0
2023-08-04,CMRC,0.27387202,9.53,3.0,ok,386.0
2023-08-04,AAOI,0.2701062,6.59,4.0,ok,390.0
2023-08-04,FUBO,0.20249224,3.21,5.0,ok,390.0
2023-08-07,GENI,0.13513505,7.4,1.0,ok,383.0
2023-08-08,CHGG,0.30608177,10.03,1.0,ok,390.0
2023-08-08,HIMS,0.17215192,7.9,2.0,ok,390.0
2023-08-08,KD,0.16465867,12.45,3.0,ok,390.0
2023-08-08,SGMT,0.12923467,15.94,4.0,ok,287.0
2023-08-08,BEEP,0.11346161,10.4,5.0,thin_session,
2023-08-09,TNGX,0.3054831,3.83,1.0,ok,382.0
2023-08-09,ARRY,0.20805383,17.88,2.0,ok,390.0
2023-08-09,MQ,0.20262098,4.96,3.0,ok,390.0
2023-08-09,BOOM,0.17891741,17.55,4.0,ok,299.0
2023-08-09,VERX,0.17332578,17.77,5.0,ok,277.0
2023-08-10,MGIH,0.111111045,2.43,1.0,ok,350.0
2023-08-10,PRMB,0.110762,13.84,2.0,ok,382.0
2023-08-10,NABL,0.10007465,13.39,3.0,ok,362.0
2023-08-11,TLSI,0.21693122,11.34,1.0,ok,108.0
2023-08-11,INOD,0.19514477,10.71,2.0,ok,375.0
2023-08-11,ACHR,0.17667246,5.83,3.0,ok,390.0
2023-08-11,AIXI,0.13557208,8.04,4.0,ok,364.0
2023-08-11,PLSE,0.12573099,6.84,5.0,ok,119.0
2023-08-15,VFS,1.1052632,10.45,1.0,ok,372.0
2023-08-15,DCTH,0.87179494,3.12,2.0,ok,390.0
2023-08-15,NVTS,0.13937294,8.61,3.0,ok,389.0
2023-08-15,GSM,0.11810017,4.83,4.0,ok,386.0
2023-08-16,DLO,0.2684102,15.5,1.0,ok,390.0
2023-08-16,HKD,0.1169492,5.9,2.0,ok,340.0
2023-08-16,IDAI,0.111111164,2.34,3.0,ok,238.0
2023-08-18,HE,0.10806322,12.03,1.0,ok,390.0
2023-08-21,EOSE,0.10702336,2.99,1.0,ok,389.0
2023-08-22,HKD,0.14999998,5.0,1.0,ok,390.0
2023-08-22,APLD,0.13389826,5.9,2.0,ok,385.0
2023-08-22,ASLE,0.125,12.64,3.0,ok,301.0
2023-08-23,RCUS,0.23444974,18.81,1.0,ok,385.0
2023-08-23,MYSZ,0.11739135,2.3,2.0,ok,258.0
2023-08-24,TSHA,0.18018007,2.22,1.0,ok,388.0
2023-08-24,GRPN,0.13715506,11.775,2.0,ok,347.0
2023-08-28,VFSWW,0.6993618,2.5539,1.0,ok,371.0
2023-08-28,HE,0.39751554,9.66,2.0,ok,381.0
2023-08-28,RDZN,0.23834205,9.65,3.0,ok,188.0
2023-08-29,TIGR,0.119113564,3.61,1.0,ok,390.0
2023-08-30,DBGI,0.6431925,8.52,1.0,ok,337.0
2023-08-30,VFSWW,0.14999998,4.0,2.0,ok,353.0
2023-08-31,VFSWW,0.21052635,5.7,1.0,ok,366.0
2023-08-31,BEKE,0.107556224,15.66,2.0,ok,390.0
2023-09-01,SCNX,0.76717806,7.64,1.0,ok,379.0
2023-09-01,EOSE,0.4738462,3.25,2.0,ok,390.0
2023-09-05,HSDT,0.4498645,7.38,1.0,ok,377.0
2023-09-06,MITK,0.19734514,11.3,1.0,ok,366.0
2023-09-06,DAKT,0.11694503,8.38,2.0,ok,336.0
2023-09-07,DBI,0.28566837,10.38,1.0,ok,388.0
2023-09-07,GIII,0.20146513,19.3,2.0,ok,351.0
2023-09-08,SWBI,0.15888655,10.51,1.0,ok,364.0
2023-09-08,EOSE,0.120996475,2.81,2.0,ok,390.0
2023-09-11,BLRX,0.11004794,2.09,1.0,ok,374.0
2023-09-12,MTRX,0.15056467,7.97,1.0,ok,245.0
2023-09-12,CGNT,0.14069271,4.62,2.0,ok,343.0
2023-09-12,GERN,0.10683763,2.34,3.0,ok,390.0
2023-09-13,RCKT,0.4022237,15.29,1.0,ok,390.0
2023-09-15,IOVA,0.23789024,4.645,1.0,ok,390.0
2023-09-18,ESLA,0.11353207,8.72,1.0,ok,247.0
2023-09-19,SEZL,0.5786543,12.93,1.0,ok,293.0
2023-09-20,CETX,0.1394496,5.45,1.0,ok,247.0
2023-09-20,BHC,0.124352455,7.72,2.0,ok,390.0
2023-09-21,CDT,0.55685353,12.84,1.0,ok,264.0
2023-09-21,ESLA,0.2628572,12.25,2.0,ok,376.0
2023-09-21,RDZN,0.124100685,11.12,3.0,ok,219.0
2023-09-22,CCG,0.2397306,14.85,1.0,ok,386.0
2023-09-26,ADPT,0.16141737,5.08,1.0,ok,381.0
2023-09-26,ROIV,0.15572965,10.21,2.0,ok,390.0
2023-09-27,MLKN,0.2385639,19.15,1.0,ok,390.0
2023-09-27,BHVN,0.17847025,17.65,2.0,ok,389.0
2023-09-28,ORGO,0.16603768,2.65,1.0,ok,380.0
2023-09-29,VSME,0.26246715,3.81,1.0,ok,297.0
2023-09-29,EDIT,0.13150287,6.92,2.0,ok,390.0
2023-10-02,FEMY,0.3657719,2.98,1.0,ok,390.0
2023-10-02,NEUP,0.16296303,2.7,2.0,ok,388.0
2023-10-02,CIFR,0.111588,2.33,3.0,ok,370.0
2023-10-02,PBI,0.109363556,3.02,4.0,ok,380.0
2023-10-02,MNTS,0.105002046,2.0,5.0,ok,381.0
2023-10-03,ALXO,0.6819128,4.81,1.0,ok,390.0
2023-10-05,VSME,0.21290314,4.65,1.0,ok,370.0
2023-10-05,FEMY,0.20524025,2.29,2.0,ok,389.0
2023-10-05,CMBT,0.19804871,14.77,3.0,ok,390.0
2023-10-05,VFS,0.105589986,8.05,4.0,ok,385.0
2023-10-09,VEON,0.10324323,18.5,1.0,ok,81.0
2023-10-10,ERAS,0.104545474,2.2,1.0,ok,335.0
2023-10-11,ABAT,0.15674889,6.89,1.0,ok,257.0
2023-10-12,VSAT,0.16890597,15.63,1.0,ok,390.0
2023-10-12,ACXP,0.15775394,3.74,2.0,ok,362.0
2023-10-12,SRRK,0.1284672,6.85,3.0,ok,388.0
2023-10-12,EVLV,0.10344839,4.35,4.0,ok,389.0
2023-10-13,CMTL,0.22604406,8.14,1.0,ok,353.0
2023-10-16,MNTS,0.20579267,3.11,1.0,ok,369.0
2023-10-16,ALHC,0.14954686,6.62,2.0,ok,371.0
2023-10-16,MARA,0.107652426,7.71,3.0,ok,390.0
2023-10-18,ARDX,0.1362319,3.45,1.0,ok,390.0
2023-10-24,HUT,0.1327014,2.11,1.0,ok,390.0
2023-10-24,CLSK,0.13043475,4.255,2.0,ok,390.0
2023-10-24,MARA,0.13028574,8.75,3.0,ok,390.0
2023-10-24,IREN,0.12812495,3.2,4.0,ok,385.0
2023-10-24,RIOT,0.11789036,9.67,5.0,ok,390.0
2023-10-25,SRRK,0.10443866,7.66,1.0,ok,365.0
2023-10-26,ALT,0.11814356,2.37,1.0,ok,378.0
2023-10-27,NRDS,0.20481932,6.64,1.0,ok,389.0
2023-10-27,CVRX,0.15654206,12.84,2.0,ok,185.0
2023-10-27,COUR,0.11466813,17.18,3.0,ok,389.0
2023-10-30,CHRS,0.14393938,2.64,1.0,ok,390.0
2023-10-30,SOFI,0.10625911,6.87,2.0,ok,390.0
2023-10-31,HRMY,0.13292754,19.71,1.0,ok,374.0
2023-10-31,LUNG,0.108998775,7.89,2.0,ok,199.0
2023-11-01,TGTX,0.31824052,7.73,1.0,ok,390.0
2023-11-01,TTMI,0.12706697,11.49,2.0,ok,367.0
2023-11-02,LMND,0.26,11.0,1.0,ok,390.0
2023-11-02,ENGN,0.25699997,20.0,2.0,thin_session,
2023-11-02,LIND,0.24143827,5.84,3.0,thin_session,
2023-11-02,FSLY,0.22807014,14.25,4.0,ok,390.0
2023-11-02,CWH,0.2221539,17.28,5.0,ok,387.0
2023-11-03,ANIK,0.27488148,18.99,1.0,ok,202.0
2023-11-03,CPS,0.23605657,12.73,2.0,ok,328.0
2023-11-03,FIGS,0.20106769,5.62,3.0,ok,390.0
2023-11-03,FNKO,0.15845537,7.51,4.0,ok,365.0
2023-11-03,ATMU,0.14430892,19.9,5.0,ok,333.0
2023-11-06,AIRE,0.2947719,8.99,1.0,ok,292.0
2023-11-06,OPRX,0.29210842,8.49,2.0,ok,288.0
2023-11-06,NSSC,0.17323709,18.795,3.0,ok,358.0
2023-11-07,UIS,0.1799308,2.89,1.0,thin_session,
2023-11-07,TASK,0.14520717,10.26,2.0,ok,365.0
2023-11-08,AERT,0.35849047,2.65,1.0,ok,292.0
2023-11-08,TH,0.27186012,12.58,2.0,ok,369.0
2023-11-08,UPWK,0.22245324,12.025,3.0,ok,390.0
2023-11-08,SRTA,0.22026432,2.27,4.0,ok,382.0
2023-11-08,EVGO,0.20869565,2.3,5.0,ok,388.0
2023-11-09,CDNA,0.26382303,6.33,1.0,ok,386.0
2023-11-09,TPST,0.22340417,2.82,2.0,ok,390.0
2023-11-09,CLMT,0.22307694,13.0,3.0,ok,234.0
2023-11-09,XMTR,0.17812312,16.73,4.0,ok,316.0
2023-11-09,BAK,0.16927457,7.03,5.0,ok,380.0
2023-11-10,RCEL,0.21457493,9.88,1.0,ok,263.0
2023-11-10,BLNK,0.16666663,2.46,2.0,ok,389.0
2023-11-10,INDI,0.1659919,4.94,3.0,ok,388.0
2023-11-10,VERA,0.12945259,11.51,4.0,ok,333.0
2023-11-10,FIGS,0.12286687,5.86,5.0,ok,387.0
2023-11-13,MNTK,0.12983,6.47,1.0,ok,333.0
2023-11-14,AIRE,0.901528,5.89,1.0,ok,373.0
2023-11-14,PSFE,0.12710285,10.7,2.0,ok,366.0
2023-11-14,PCT,0.120915055,3.06,3.0,ok,389.0
2023-11-14,OPEN,0.10837436,2.03,4.0,ok,390.0
2023-11-14,LWAY,0.10660982,9.38,5.0,ok,299.0
2023-11-15,ARCT,0.1845361,19.4,1.0,ok,365.0
2023-11-15,CRMD,0.17252398,3.13,2.0,ok,389.0
2023-11-15,SLDB,0.16901398,2.13,3.0,ok,354.0
2023-11-15,SIRI,0.122710586,4.89,4.0,ok,390.0
2023-11-16,M,0.12633455,12.61,1.0,ok,390.0
2023-11-16,METCB,0.10631311,14.02,2.0,ok,223.0
2023-11-17,RENX,1.4455445,3.03,1.0,ok,378.0
2023-11-17,GAP,0.1990484,13.67,2.0,ok,390.0
2023-11-20,YPF,0.26281464,10.73,1.0,ok,390.0
2023-11-20,SUPV,0.23876834,2.05,2.0,ok,331.0
2023-11-20,CNTB,0.21463418,2.05,3.0,ok,142.0
2023-11-20,BBAR,0.18369591,4.41,4.0,ok,374.0
2023-11-20,GGAL,0.182971,12.5,5.0,ok,385.0
2023-11-21,AIFF,0.16842103,2.85,1.0,ok,241.0
2023-11-22,BNKK,0.18371606,4.79,1.0,ok,390.0
2023-11-22,SHOT,0.18371606,4.79,2.0,no_minute_data,
2023-11-27,IRS,0.15770316,8.12,1.0,ok,272.0
2023-11-28,RNA,0.25324678,6.16,1.0,ok,390.0
2023-11-28,ARIS,0.103412986,3.09,2.0,ok,197.0
2023-11-29,RDHL,0.3201754,2.28,1.0,ok,386.0
2023-11-29,BMEA,0.21931589,9.94,2.0,ok,388.0
2023-11-29,GME,0.14825797,13.49,3.0,ok,390.0
2023-11-30,CMND,0.48148143,4.05,1.0,ok,364.0
2023-11-30,STRO,0.19480515,2.31,2.0,ok,353.0
2023-11-30,VFS,0.14814818,7.56,3.0,ok,390.0
2023-11-30,VBIO,0.11637926,2.32,4.0,ok,257.0
2023-11-30,ADIL,0.107981205,2.13,5.0,ok,201.0
2023-12-01,ALT,0.8164556,3.16,1.0,ok,390.0
2023-12-01,SPRC,0.22919333,7.81,2.0,ok,233.0
2023-12-01,CMND,0.20857143,3.5,3.0,ok,389.0
2023-12-01,PATH,0.14423084,19.76,4.0,ok,390.0
2023-12-01,FEBO,0.13963962,4.44,5.0,ok,291.0
2023-12-04,EYPT,2.3282905,6.61,1.0,ok,390.0
2023-12-04,CLSK,0.15575922,7.64,2.0,ok,390.0
2023-12-04,ALT,0.14845943,3.57,3.0,ok,390.0
2023-12-04,BNKK,0.1216495,4.85,4.0,ok,390.0
2023-12-04,SHOT,0.1216495,4.85,5.0,no_minute_data,
2023-12-05,CMND,0.5300261,3.83,1.0,ok,386.0
2023-12-05,TVTX,0.1685214,6.29,2.0,ok,390.0
2023-12-05,GYRE,0.12079704,16.06,3.0,ok,153.0
2023-12-06,WBUY,0.25210083,5.95,1.0,ok,286.0
2023-12-06,PHR,0.23118639,14.75,2.0,ok,369.0
2023-12-06,S,0.14399993,20.0,3.0,ok,390.0
2023-12-06,ALT,0.104448676,5.17,4.0,ok,390.0
2023-12-07,WBUY,0.2832619,2.33,1.0,ok,388.0
2023-12-07,ASLE,0.15649116,14.25,2.0,ok,348.0
2023-12-07,JBLU,0.12050748,4.73,3.0,ok,390.0
2023-12-07,SMTC,0.10778439,16.7,4.0,ok,390.0
2023-12-08,MBI,0.6952468,7.38,1.0,ok,390.0
2023-12-08,SOAR,0.33097184,5.65,2.0,ok,311.0
2023-12-08,CURV,0.2650602,4.15,3.0,ok,324.0
2023-12-08,MOMO,0.110948086,6.57,4.0,ok,380.0
2023-12-08,ALXO,0.104864836,9.25,5.0,ok,382.0
2023-12-11,M,0.14635718,17.39,1.0,ok,390.0
2023-12-11,QXO,0.13664067,8.86,2.0,ok,362.0
2023-12-11,CDT,0.12427187,5.15,3.0,ok,210.0
2023-12-13,CCCC,0.35897446,2.34,1.0,ok,390.0
2023-12-13,QXO,0.14732361,9.5,2.0,ok,189.0
2023-12-13,LFMD,0.11728394,8.1,3.0,ok,376.0
2023-12-14,GOTU,0.17344165,3.69,1.0,ok,390.0
2023-12-14,ALEC,0.14144921,6.9,2.0,ok,350.0
2023-12-14,GFI,0.1076808,14.76,3.0,ok,390.0
2023-12-14,CDXS,0.10047853,2.09,4.0,ok,389.0
2023-12-15,CCCC,0.11377239,5.01,1.0,ok,390.0
2023-12-18,ARQT,0.2540983,2.44,1.0,ok,390.0
2023-12-19,ALDX,0.16216218,2.96,1.0,ok,386.0
2023-12-20,NEON,0.1622808,2.28,1.0,ok,125.0
2023-12-20,YHC,0.14503813,3.93,2.0,ok,372.0
2023-12-20,VRCA,0.10251796,5.56,3.0,ok,340.0
2023-12-21,MSAI,0.94274807,2.62,1.0,ok,377.0
2023-12-21,SFWL,0.23966944,3.63,2.0,ok,358.0
2023-12-21,MGTX,0.18533611,4.91,3.0,ok,353.0
2023-12-21,ABAT,0.15819216,5.31,4.0,ok,290.0
2023-12-21,TRON,0.1401869,2.14,5.0,ok,114.0
2023-12-22,AISP,0.15562403,6.49,1.0,ok,288.0
2023-12-22,RKLB,0.14898431,4.43,2.0,ok,390.0
2023-12-27,CHRS,0.3761468,2.18,1.0,ok,390.0
2023-12-27,CIFR,0.12449801,4.98,2.0,ok,390.0
2023-12-27,WULF,0.11711717,2.22,3.0,ok,390.0
2023-12-27,PMVP,0.11038971,3.08,4.0,ok,227.0
2023-12-27,EWTX,0.102941155,9.52,5.0,ok,348.0
2023-12-28,CING,1.5062656,3.99,1.0,ok,382.0
2023-12-28,BBLG,0.2688173,4.65,2.0,ok,328.0
2023-12-29,GRFS,0.1082927,10.52,1.0,ok,377.0
2024-01-02,WULF,0.2208333,2.4,1.0,ok,390.0
2024-01-02,ARBK,0.18181813,3.74,2.0,ok,356.0
2024-01-02,ANY,0.1536144,3.32,3.0,ok,348.0
2024-01-02,CLSK,0.14233005,11.03,4.0,ok,390.0
2024-01-02,BTBT,0.14184391,4.23,5.0,ok,390.0
2024-01-03,NTRP,0.6172414,2.9,1.0,ok,375.0
2024-01-03,DYN,0.37825418,13.06,2.0,ok,390.0
2024-01-03,UK,0.1358025,4.05,3.0,ok,227.0
2024-01-03,HLP,0.13133633,2.17,4.0,ok,357.0
2024-01-03,SIDU,0.11764705,6.97,5.0,ok,364.0
2024-01-04,NEXR,0.352381,3.15,1.0,ok,352.0
2024-01-04,PAAI,0.19138765,2.09,2.0,ok,277.0
2024-01-04,QS,0.100000024,6.5,3.0,ok,390.0
2024-01-05,AXGN,0.10074067,6.75,1.0,ok,371.0
2024-01-08,ACON,1.1470587,3.06,1.0,ok,380.0
2024-01-08,DOGZ,0.2990867,4.38,2.0,ok,162.0
2024-01-08,CLRB,0.15129149,2.71,3.0,ok,390.0
2024-01-08,YHC,0.12698448,4.41,4.0,ok,296.0
2024-01-08,BLNK,0.12056744,2.82,5.0,ok,390.0
2024-01-09,OPRX,0.17290425,13.36,1.0,ok,178.0
2024-01-10,XERS,0.1535269,2.41,1.0,ok,387.0
2024-01-10,PENG,0.13535464,18.47,2.0,ok,380.0
2024-01-10,GDRX,0.124343276,5.71,3.0,ok,390.0
2024-01-11,WULF,0.15094352,2.12,1.0,ok,390.0
2024-01-11,CAN,0.1401869,2.14,2.0,ok,390.0
2024-01-11,BTDR,0.12434554,7.64,3.0,ok,351.0
2024-01-11,BTBT,0.12138736,3.46,4.0,ok,390.0
2024-01-11,MPU,0.11415529,2.19,5.0,ok,312.0
2024-01-12,ROMA,0.16336632,4.04,1.0,ok,358.0
2024-01-12,MDAI,0.16078436,2.55,2.0,ok,385.0
2024-01-16,MCHB,0.2681719,10.77,1.0,ok,390.0
2024-01-16,PCT,0.13333333,2.4,2.0,ok,385.0
2024-01-16,LAES,0.13274336,2.26,3.0,ok,390.0
2024-01-16,WKEY,0.120622635,2.57,4.0,ok,215.0
2024-01-17,HERE,0.14803505,2.77,1.0,ok,169.0
2024-01-18,RNAZ,0.1574074,2.16,1.0,ok,349.0
2024-01-18,LXEO,0.12925565,17.33,2.0,ok,250.0
2024-01-19,EWTX,0.27038193,9.69,1.0,ok,390.0
2024-01-22,DJTWW,0.26181817,11.0,1.0,ok,355.0
2024-01-22,BFRG,0.1758691,4.89,2.0,ok,386.0
2024-01-22,RUM,0.1197772,3.59,3.0,ok,390.0
2024-01-22,CHRS,0.118852496,2.44,4.0,ok,388.0
2024-01-23,RVSN,0.3777778,2.25,1.0,ok,390.0
2024-01-23,RUM,0.22290397,4.89,2.0,ok,390.0
2024-01-23,PLUG,0.18309855,2.84,3.0,ok,390.0
2024-01-23,GDS,0.10769236,5.85,4.0,ok,388.0
2024-01-24,EVAX,0.86973953,4.99,1.0,ok,373.0
2024-01-24,KURA,0.3710879,13.42,2.0,ok,390.0
2024-01-24,TAL,0.11937547,10.89,3.0,ok,390.0
2024-01-25,VERA,0.307873,17.02,1.0,ok,390.0
2024-01-25,AMSC,0.2892307,9.75,2.0,ok,390.0
2024-01-25,IKT,0.11824322,2.96,3.0,ok,294.0
2024-01-25,BFRG,0.10270262,7.4,4.0,ok,336.0
2024-01-26,CRBP,0.99170625,8.44,1.0,ok,366.0
2024-01-26,EHTH,0.141577,5.58,2.0,ok,364.0
2024-01-26,AXG,0.12578619,4.77,3.0,ok,163.0
2024-01-26,PRCH,0.12554109,2.31,4.0,ok,373.0
2024-01-26,IKT,0.117886186,2.46,5.0,ok,293.0
2024-01-29,MDAI,0.36531365,2.71,1.0,ok,366.0
2024-01-29,JL,0.29352808,10.05,2.0,ok,152.0
2024-01-29,CDLX,0.22703648,5.77,3.0,ok,385.0
2024-01-29,SOFI,0.15748024,7.62,4.0,ok,390.0
2024-01-29,ZIM,0.115151525,13.44,5.0,ok,390.0
2024-01-30,RVSN,0.22532332,14.69,1.0,ok,390.0
2024-01-30,CRBP,0.12835658,18.62,2.0,ok,359.0
2024-01-31,REVB,0.14716983,7.95,1.0,ok,293.0
2024-01-31,NYXH,0.10442257,8.14,2.0,ok,134.0
2024-02-01,PLUG,0.11910117,4.45,1.0,ok,390.0
2024-02-02,CCTG,0.48205125,3.9,1.0,ok,377.0
2024-02-05,WRAP,0.7181374,4.08,1.0,thin_session,
2024-02-05,FDMT,0.7181246,17.49,2.0,ok,390.0
2024-02-05,GHM,0.14711833,19.78,3.0,thin_session,
2024-02-05,BRTX,0.14642847,2.8,4.0,ok,372.0
2024-02-05,LUCK,0.11889398,11.6,5.0,ok,390.0
2024-02-06,PLTR,0.21411479,16.72,1.0,ok,390.0
2024-02-06,AUDC,0.1092211,12.17,2.0,ok,201.0
2024-02-07,JSPR,0.1416049,14.83,1.0,ok,285.0
2024-02-07,SONO,0.11239374,16.46,2.0,ok,390.0
2024-02-08,CCTG,1.2432432,2.59,1.0,ok,387.0
2024-02-08,OSCR,0.29977632,13.41,2.0,ok,390.0
2024-02-08,MLYS,0.16279066,12.47,3.0,ok,324.0
2024-02-08,REPL,0.14555252,7.42,4.0,ok,281.0
2024-02-08,TNYA,0.13348424,4.42,5.0,ok,374.0
2024-02-09,CLSK,0.24000001,10.5,1.0,ok,390.0
2024-02-09,CIFR,0.13793099,2.9,2.0,ok,390.0
2024-02-09,IREN,0.13529408,5.1,3.0,ok,390.0
2024-02-09,VIP,0.12471664,4.41,4.0,ok,251.0
2024-02-09,BGDE,0.1090225,2.66,5.0,ok,273.0
2024-02-12,LUNR,0.230461,4.99,1.0,ok,390.0
2024-02-12,ASYS,0.10465109,3.44,2.0,ok,241.0
2024-02-13,BMR,0.82010055,9.95,1.0,ok,365.0
2024-02-13,JBLU,0.12026358,6.07,2.0,ok,390.0
2024-02-13,GTM,0.109862685,16.02,3.0,ok,390.0
2024-02-13,MGIH,0.10610938,3.11,4.0,ok,352.0
2024-02-14,COGT,0.5659889,5.46,1.0,ok,388.0
2024-02-14,HCSG,0.257928,9.46,2.0,ok,383.0
2024-02-14,SNTG,0.25110126,2.27,3.0,ok,288.0
2024-02-14,LRMR,0.24027467,8.74,4.0,ok,376.0
2024-02-14,LYFT,0.2349546,12.13,5.0,ok,390.0
2024-02-15,NNOX,0.9559747,6.36,1.0,ok,386.0
2024-02-15,SOUN,0.7782705,2.255,2.0,ok,390.0
2024-02-15,DJTWW,0.36768448,15.72,3.0,ok,222.0
2024-02-15,ENGNW,0.3241378,2.9,4.0,thin_session,
2024-02-15,PLCE,0.28005505,14.515,5.0,ok,370.0
2024-02-16,WAFU,0.17040348,2.23,1.0,ok,246.0
2024-02-16,LUNR,0.1686567,6.7,2.0,ok,390.0
2024-02-16,BMR,0.16499996,10.0,3.0,ok,386.0
2024-02-16,BLZE,0.12883437,8.15,4.0,ok,389.0
2024-02-16,SXTC,0.12844038,2.18,5.0,ok,268.0
2024-02-20,SCNX,1.3270373,4.59,1.0,ok,334.0
2024-02-20,MNY,0.54285717,2.1,2.0,ok,386.0
2024-02-20,LUNR,0.296448,7.32,3.0,ok,390.0
2024-02-20,IOVA,0.273224,9.15,4.0,ok,390.0
2024-02-20,CPOP,0.13962269,2.65,5.0,ok,390.0
2024-02-21,LUNR,0.17288446,10.99,1.0,ok,373.0
2024-02-21,NEO,0.11564624,14.7,2.0,ok,387.0
2024-02-22,SOUNW,0.3129102,2.285,1.0,ok,292.0
2024-02-22,RELY,0.24646688,17.69,2.0,ok,390.0
2024-02-22,RILY,0.22693098,15.2,3.0,ok,383.0
2024-02-22,OCUL,0.20744681,7.52,4.0,ok,390.0
2024-02-22,WETH,0.17372167,3.05,5.0,ok,210.0
2024-02-23,LUNR,0.4009663,8.28,1.0,ok,390.0
2024-02-23,AXTI,0.385965,2.28,2.0,ok,390.0
2024-02-23,MRVI,0.36007822,5.11,3.0,ok,386.0
2024-02-23,LOT,0.33160615,13.51,4.0,ok,130.0
2024-02-23,FLNC,0.12801361,14.725,5.0,ok,390.0
2024-02-26,IBRX,0.15999997,3.5,1.0,ok,390.0
2024-02-26,ALT,0.13586962,9.2,2.0,ok,390.0
2024-02-26,ALVO,0.11353707,16.03,3.0,ok,263.0
2024-02-26,WEAV,0.105263114,10.64,4.0,thin_session,
2024-02-27,JANX,1.3701987,15.1,1.0,ok,386.0
2024-02-27,IFBD,1.134058,2.76,2.0,ok,390.0
2024-02-27,SOUN,0.23826087,5.75,3.0,ok,390.0
2024-02-27,PUBM,0.23657215,16.57,4.0,ok,390.0
2024-02-27,PYXS,0.23012555,4.78,5.0,ok,377.0
2024-02-28,BYND,0.50265956,7.52,1.0,ok,390.0
2024-02-28,BAND,0.4576131,12.15,2.0,ok,386.0
2024-02-28,LTH,0.27053142,12.42,3.0,thin_session,
2024-02-28,LFST,0.20298517,6.7,4.0,ok,389.0
2024-02-28,RVLV,0.20182967,17.49,5.0,ok,390.0
2024-02-29,JL,1.0547523,12.8,1.0,ok,322.0
2024-02-29,PLCE,0.28958333,19.2,2.0,ok,344.0
2024-02-29,RVSN,0.2827586,2.9,3.0,ok,386.0
2024-02-29,SIDU,0.2280072,5.57,4.0,ok,390.0
2024-02-29,RNA,0.19986892,15.26,5.0,ok,386.0
2024-03-01,ADIL,0.5337255,2.04,1.0,ok,390.0
2024-03-01,SG,0.24843013,12.74,2.0,ok,390.0
2024-03-01,PLGO,0.2435714,14.96,3.0,ok,368.0
2024-03-01,NVTS,0.19218242,6.14,4.0,ok,390.0
2024-03-01,OPRA,0.15285456,12.18,5.0,ok,376.0
2024-03-04,FUFU,0.92633224,6.38,1.0,ok,364.0
2024-03-04,PHUN,0.20338988,7.08,2.0,ok,370.0
2024-03-04,SMR,0.18840575,3.45,3.0,ok,383.0
2024-03-04,BBAI,0.1849711,3.46,4.0,ok,390.0
2024-03-04,AQST,0.16037738,4.24,5.0,ok,381.0
2024-03-05,PHUN,0.28847706,12.41,1.0,ok,390.0
2024-03-05,PAY,0.19021404,16.35,2.0,ok,377.0
2024-03-05,DSP,0.14379084,9.18,3.0,ok,229.0
2024-03-05,COCH,0.100000024,8.7,4.0,ok,278.0
2024-03-05,PPTA,0.100000024,3.5,5.0,ok,152.0
2024-03-06,AISP,0.80404055,4.95,1.0,ok,390.0
2024-03-06,IFBD,0.25430214,5.23,2.0,ok,368.0
2024-03-06,HIPO,0.24343014,14.46,3.0,ok,340.0
2024-03-06,STRC,0.16468596,2.01,4.0,no_minute_data,
2024-03-06,PDYN,0.16417909,2.01,5.0,ok,341.0
2024-03-07,CELZ,0.6743696,4.76,1.0,ok,347.0
2024-03-07,HNST,0.33650792,3.15,2.0,ok,385.0
2024-03-07,RSI,0.32838595,5.39,3.0,ok,388.0
2024-03-07,YEXT,0.25671136,5.96,4.0,ok,369.0
2024-03-07,OSPN,0.2526399,9.58,5.0,ok,332.0
2024-03-08,PRCH,0.25401938,3.11,1.0,ok,390.0
2024-03-08,GRFS,0.17812729,5.61,2.0,ok,385.0
2024-03-08,FNKO,0.16304338,6.44,3.0,ok,359.0
2024-03-08,SOUNW,0.1401869,2.675,4.0,ok,192.0
2024-03-08,SWBI,0.1204319,13.44,5.0,ok,388.0
2024-03-11,RVSN,0.26855123,2.83,1.0,ok,389.0
2024-03-11,AUUD,0.20196092,3.07,2.0,ok,334.0
2024-03-11,GDS,0.1840874,6.41,3.0,ok,387.0
2024-03-11,LENZ,0.121130586,3.14,4.0,ok,375.0
2024-03-11,KC,0.11895907,2.69,5.0,ok,389.0
2024-03-12,SGLY,0.29354835,3.1,1.0,ok,375.0
2024-03-12,PACK,0.28146458,4.37,2.0,ok,386.0
2024-03-12,HRTG,0.23776233,7.15,3.0,thin_session,
2024-03-12,GUTS,0.13619173,7.93,4.0,ok,336.0
2024-03-12,RYDE,0.12135172,6.51,5.0,ok,217.0
2024-03-13,SKIN,0.27298057,3.59,1.0,ok,390.0
2024-03-13,HRTX,0.1864407,2.36,2.0,ok,390.0
2024-03-13,TH,0.17330217,8.54,3.0,ok,344.0
2024-03-13,ANNX,0.14814806,4.59,4.0,ok,389.0
2024-03-13,HCM,0.13288426,16.33,5.0,ok,258.0
2024-03-14,TBCH,0.27833188,11.03,1.0,ok,369.0
2024-03-14,SOUNW,0.24336278,4.52,2.0,ok,254.0
2024-03-14,CCTG,0.23283577,3.35,3.0,ok,369.0
2024-03-14,LAC,0.19197202,5.73,4.0,ok,390.0
2024-03-14,BBAI,0.17479682,2.46,5.0,ok,390.0
2024-03-15,CDLX,0.5271839,8.185,1.0,ok,390.0
2024-03-15,MDAI,0.15289247,2.42,2.0,ok,381.0
2024-03-18,BNAI,0.36837125,10.56,1.0,ok,244.0
2024-03-18,EH,0.14964223,15.37,2.0,ok,385.0
2024-03-18,RVSN,0.1428572,2.45,3.0,ok,328.0
2024-03-18,HERE,0.109550595,3.01,4.0,ok,202.0
2024-03-18,EONR,0.10897446,3.12,5.0,ok,193.0
2024-03-19,NCMI,0.22734022,4.22,1.0,ok,381.0
2024-03-19,SPIR,0.16327357,12.28,2.0,ok,388.0
2024-03-19,ATNM,0.16207945,6.54,3.0,ok,360.0
2024-03-20,TSHA,0.3111111,2.25,1.0,ok,390.0
2024-03-20,SRAD,0.13676906,10.09,2.0,ok,350.0
2024-03-20,CGC,0.1253264,3.83,3.0,ok,390.0
2024-03-20,ANVS,0.10426009,8.92,4.0,ok,372.0
2024-03-20,BAK,0.10233593,8.99,5.0,ok,382.0
2024-03-21,LU,0.4447316,3.37,1.0,ok,390.0
2024-03-21,AMTX,0.18356168,3.65,2.0,ok,390.0
2024-03-21,GRSD,0.12157714,9.13,3.0,ok,293.0
2024-03-22,OTLK,0.5298296,7.04,1.0,ok,386.0
2024-03-22,COOT,0.122807026,2.85,2.0,thin_session,
2024-03-25,NKTX,0.17320633,8.92,1.0,ok,388.0
2024-03-25,TH,0.1591928,8.92,2.0,ok,387.0
2024-03-25,GDRX,0.15501523,6.58,3.0,ok,382.0
2024-03-25,LCID,0.13718414,2.77,4.0,ok,390.0
2024-03-25,XTLB,0.12213743,2.62,5.0,ok,364.0
2024-03-26,STOK,0.70307684,6.5,1.0,ok,390.0
2024-03-26,IVVD,0.19814241,3.23,2.0,ok,366.0
2024-03-26,DNUT,0.19196069,12.45,3.0,ok,390.0
2024-03-26,STRO,0.174312,3.27,4.0,ok,388.0
2024-03-26,XTLB,0.15658367,2.81,5.0,ok,229.0
2024-03-27,DXYZ,0.22222221,9.0,1.0,ok,352.0
2024-03-27,NUVB,0.13368058,2.88,2.0,ok,389.0
2024-03-27,NVCR,0.13083398,13.07,3.0,ok,385.0
2024-03-27,PAYS,0.12721884,3.38,4.0,ok,369.0
2024-03-27,STKS,0.12219441,4.01,5.0,ok,338.0
2024-03-28,AVTX,2.9368422,4.75,1.0,ok,385.0
2024-03-28,MESO,0.27793694,3.49,2.0,ok,385.0
2024-03-28,IBIO,0.25,3.36,3.0,ok,390.0
2024-03-28,ATLX,0.13404822,14.92,4.0,ok,222.0
2024-03-28,SMMT,0.12266672,3.75,5.0,ok,380.0
2024-04-01,CXAI,0.54285717,2.45,1.0,ok,390.0
2024-04-01,MESO,0.23153687,5.01,2.0,ok,389.0
2024-04-01,CURV,0.20901644,4.88,3.0,ok,136.0
2024-04-01,BLDP,0.12589931,2.78,4.0,ok,389.0
2024-04-02,XTIA,0.4660194,2.06,1.0,ok,390.0
2024-04-02,VTSI,0.24213839,9.54,2.0,ok,370.0
2024-04-03,VIVO,0.53728807,5.9,1.0,ok,390.0
2024-04-03,XTIA,0.22857141,3.5,2.0,ok,389.0
2024-04-03,RVSN,0.19402981,2.01,3.0,ok,370.0
2024-04-03,VNDA,0.18925834,3.91,4.0,ok,390.0
2024-04-03,MNY,0.18468475,2.22,5.0,ok,287.0
2024-04-04,LEVI,0.15261042,18.66,1.0,ok,390.0
2024-04-04,ZETA,0.110636234,10.53,2.0,ok,390.0
2024-04-04,MGNX,0.10241401,13.67,3.0,ok,390.0
2024-04-04,SWVL,0.10018098,16.57,4.0,ok,178.0
2024-04-05,GCTS,0.9249563,5.73,1.0,ok,386.0
2024-04-05,NXL,0.18604648,2.15,2.0,ok,292.0
2024-04-05,AXTI,0.102484465,3.22,3.0,ok,383.0
2024-04-08,LGVN,0.70000005,2.2,1.0,ok,390.0
2024-04-08,AXTI,0.1286174,3.11,2.0,ok,339.0
2024-04-08,VIVO,0.10193324,5.69,3.0,ok,315.0
2024-04-09,TSHA,0.100746274,2.68,1.0,ok,386.0
2024-04-10,ARQ,0.105341196,6.74,1.0,ok,319.0
2024-04-11,RENT,0.32162154,7.4,1.0,ok,378.0
2024-04-11,CADL,0.254902,5.1,2.0,ok,390.0
2024-04-11,ELVN,0.2116549,19.82,3.0,ok,342.0
2024-04-11,CYPH,0.15131581,3.04,4.0,ok,375.0
2024-04-11,GYRE,0.13472617,13.88,5.0,ok,114.0
2024-04-12,ALLR,0.25816274,2.297,1.0,ok,386.0
2024-04-12,HKD,0.20189273,3.17,2.0,ok,350.0
2024-04-12,SRXH,0.17068946,6.62,3.0,thin_session,
2024-04-12,MNDR,0.1343137,10.2,4.0,ok,385.0
2024-04-12,LYEL,0.116541386,2.66,5.0,ok,361.0
2024-04-15,RENT,0.14352572,19.23,1.0,ok,349.0
2024-04-15,ALLR,0.11428571,2.1,2.0,ok,319.0
2024-04-16,CGEM,0.20060432,16.55,1.0,ok,378.0
2024-04-16,MNDR,0.1255256,16.65,2.0,ok,349.0
2024-04-16,AVTX,0.10892391,15.24,3.0,ok,134.0
2024-04-17,DVLT,0.7885246,6.1,1.0,ok,382.0
2024-04-17,VNDA,0.33827162,4.05,2.0,ok,390.0
2024-04-17,CXAI,0.32736576,3.91,3.0,ok,389.0
2024-04-17,EDBL,0.32307696,4.55,4.0,ok,344.0
2024-04-17,PLCE,0.31786215,7.11,5.0,ok,385.0
2024-04-18,RYDE,0.16533327,3.75,1.0,ok,155.0
2024-04-18,VTSI,0.103907585,11.26,2.0,ok,281.0
2024-04-19,DJTWW,0.17087376,15.45,1.0,ok,232.0
2024-04-19,YYAI,0.105263114,2.09,2.0,ok,382.0
2024-04-22,TRSG,0.15798318,5.95,1.0,ok,335.0
2024-04-23,IBRX,0.24493933,4.94,1.0,ok,390.0
2024-04-23,RNAC,0.10952902,18.26,2.0,ok,100.0
2024-04-24,AEYE,0.20029676,13.48,1.0,ok,279.0
2024-04-24,MTC,0.14732134,2.24,2.0,ok,365.0
2024-04-24,PROP,0.14213204,11.82,3.0,ok,238.0
2024-04-26,SNAP,0.27017546,11.4,1.0,ok,390.0
2024-04-26,TPC,0.13800573,13.89,2.0,ok,353.0
2024-04-29,IBRX,0.14421773,7.35,1.0,ok,390.0
2024-04-29,ZONE,0.1371429,3.5,2.0,ok,123.0
2024-04-29,XPER,0.12964821,9.95,3.0,ok,241.0
2024-04-29,MESO,0.12179494,6.24,4.0,ok,227.0
2024-04-29,AXG,0.11119938,12.59,5.0,ok,255.0
2024-04-30,WGS,0.29818177,11.0,1.0,ok,390.0
2024-04-30,HLIT,0.26063836,9.4,2.0,ok,387.0
2024-04-30,BOF,0.15294123,2.55,3.0,ok,206.0
2024-04-30,BLND,0.1377778,2.25,4.0,ok,390.0
2024-04-30,LTRX,0.101156,3.46,5.0,ok,251.0
2024-05-01,TGTX,0.25549042,13.66,1.0,ok,390.0
2024-05-01,FLG,0.20376253,2.65,2.0,ok,390.0
2024-05-01,HAPN,0.1170212,7.52,3.0,ok,386.0
2024-05-02,ENVX,0.359447,6.51,1.0,ok,390.0
2024-05-02,ASPN,0.3002628,15.22,2.0,ok,390.0
2024-05-02,LUNG,0.29274607,7.72,3.0,ok,351.0
2024-05-02,RSI,0.22429907,6.42,4.0,ok,372.0
2024-05-02,STI,0.14814818,2.16,5.0,ok,254.0
2024-05-03,OLOX,0.3242321,2.93,1.0,ok,390.0
2024-05-03,OSPN,0.26848257,10.95,2.0,ok,339.0
2024-05-03,LOCO,0.26395345,8.6,3.0,ok,378.0
2024-05-03,ARDX,0.23122239,6.79,4.0,ok,390.0
2024-05-03,RLAY,0.23022604,7.08,5.0,ok,349.0
2024-05-06,XBP,1.0377357,2.12,1.0,ok,390.0
2024-05-06,BENF,0.17302048,6.82,2.0,ok,371.0
2024-05-06,BCRX,0.123595595,4.45,3.0,ok,390.0
2024-05-06,CTMX,0.10383749,4.43,4.0,ok,379.0
2024-05-07,ZETA,0.19615388,13.0,1.0,ok,390.0
2024-05-07,HIMS,0.17038631,11.65,2.0,ok,390.0
2024-05-07,PTON,0.16666675,3.54,3.0,ok,390.0
2024-05-07,TVTX,0.129771,6.55,4.0,ok,366.0
2024-05-07,JMIA,0.12065816,5.47,5.0,ok,390.0
2024-05-08,INOD,0.28338277,6.74,1.0,ok,390.0
2024-05-08,MYGN,0.18543983,19.78,2.0,ok,368.0
2024-05-08,ELAN,0.16420114,13.52,3.0,ok,390.0
2024-05-08,CRCT,0.16271842,5.53,4.0,ok,390.0
2024-05-08,DSY,0.14890504,6.85,5.0,thin_session,
2024-05-09,EMBC,0.29319596,10.27,1.0,ok,376.0
2024-05-09,MGNI,0.21348321,8.9,2.0,ok,388.0
2024-05-09,ZLAB,0.21001804,16.57,3.0,ok,384.0
2024-05-09,WRBY,0.18327975,12.44,4.0,ok,389.0
2024-05-09,SLQT,0.16400003,2.5,5.0,ok,330.0
2024-05-10,NVAX,1.241611,4.47,1.0,ok,390.0
2024-05-10,SRTS,0.2650919,3.81,2.0,ok,389.0
2024-05-10,ARRY,0.18705034,12.51,3.0,ok,390.0
2024-05-10,ADMA,0.18326116,6.93,4.0,ok,390.0
2024-05-10,SOUN,0.16842115,4.75,5.0,ok,390.0
2024-05-13,GME,0.5085912,17.46,1.0,ok,354.0
2024-05-13,AMC,0.2096219,2.91,2.0,ok,390.0
2024-05-13,KOSS,0.20707989,3.1978,3.0,ok,373.0
2024-05-13,FULC,0.11780465,7.47,4.0,ok,342.0
2024-05-14,AMC,1.2890174,5.19,1.0,ok,302.0
2024-05-14,PLUG,0.6920414,2.89,2.0,ok,390.0
2024-05-14,KOSS,0.35926783,4.37,3.0,ok,385.0
2024-05-14,BB,0.23225808,3.1,4.0,ok,390.0
2024-05-14,HROW,0.20546818,12.07,5.0,ok,370.0
2024-05-15,OPRX,0.3311069,10.48,1.0,ok,297.0
2024-05-15,ARQT,0.15867162,8.13,2.0,ok,390.0
2024-05-15,TMCI,0.15400004,5.0,3.0,ok,384.0
2024-05-15,SRAD,0.13157892,9.5,4.0,ok,352.0
2024-05-15,BCRX,0.10634327,5.36,5.0,ok,390.0
2024-05-16,JDZG,0.47420144,4.07,1.0,ok,329.0
2024-05-16,ASTS,0.3138075,2.39,2.0,ok,390.0
2024-05-16,GRRR,0.14367819,5.22,3.0,ok,278.0
2024-05-16,SOWG,0.14213204,15.76,4.0,ok,137.0
2024-05-16,GOOS,0.1366024,11.42,5.0,ok,388.0
2024-05-17,OUST,0.111492276,11.66,1.0,ok,377.0
2024-05-17,AUTL,0.10565102,4.07,2.0,ok,353.0
2024-05-20,MTC,0.32524955,7.01,1.0,ok,328.0
2024-05-20,STRO,0.1496259,4.01,2.0,ok,388.0
2024-05-20,ASPI,0.14823008,4.52,3.0,ok,334.0
2024-05-20,JDZG,0.10873282,11.68,4.0,ok,303.0
2024-05-21,EDBL,0.5,3.8,1.0,ok,353.0
2024-05-21,CMCM,0.11711705,5.55,2.0,ok,196.0
2024-05-21,ALLO,0.11583018,2.59,3.0,ok,383.0
2024-05-21,LRMR,0.10729027,7.27,4.0,ok,364.0
2024-05-22,CHAI,0.625,2.4,1.0,ok,389.0
2024-05-22,RZLT,0.20666659,3.0,2.0,ok,381.0
2024-05-22,WOOF,0.12653053,2.45,3.0,ok,390.0
2024-05-22,DVLT,0.10162604,2.46,4.0,ok,266.0
2024-05-23,BORR,0.102941155,5.83,1.0,ok,386.0
2024-05-24,SRXH,0.6390313,4.1,1.0,ok,304.0
2024-05-24,PAGS,0.11267614,12.27,2.0,thin_session,
2024-05-28,GME,0.21578944,19.0,1.0,ok,390.0
2024-05-28,IPW,0.14778328,2.03,2.0,ok,284.0
2024-05-28,OKLO,0.1428572,10.15,3.0,ok,390.0
2024-05-28,SMR,0.13239074,7.78,4.0,ok,390.0
2024-05-28,NNE,0.13181818,4.4,5.0,ok,380.0
2024-05-29,OOMA,0.1784811,7.9,1.0,ok,236.0
2024-05-29,ASTS,0.1575985,5.33,2.0,ok,390.0
2024-05-29,CHWY,0.14311063,16.91,3.0,ok,390.0
2024-05-30,RRGB,0.18870723,6.73,1.0,ok,374.0
2024-05-30,WOOF,0.14696479,3.13,2.0,ok,390.0
2024-05-30,AMSC,0.13679552,15.79,3.0,ok,378.0
2024-05-30,ALHC,0.11747849,6.98,4.0,ok,336.0
2024-05-30,BWLP,0.11395347,18.26,5.0,ok,363.0
2024-05-31,PD,0.17827296,17.95,1.0,ok,385.0
2024-05-31,ASAN,0.13404417,13.13,2.0,ok,390.0
2024-05-31,BTDR,0.106529236,5.82,3.0,ok,294.0
2024-06-03,AMC,0.2563511,4.33,1.0,ok,386.0
2024-06-03,KYTX,0.20271349,12.53,2.0,ok,326.0
2024-06-03,PDC,0.14553988,2.13,3.0,ok,227.0
2024-06-03,SMMT,0.13298786,8.685,4.0,ok,390.0
2024-06-03,LQDA,0.1305362,12.87,5.0,ok,363.0
2024-06-04,ANNX,0.316594,4.58,1.0,ok,390.0
2024-06-04,CORZ,0.28336763,4.87,2.0,ok,390.0
2024-06-05,CCM,0.26666665,2.1,1.0,ok,374.0
2024-06-05,BNAI,0.21917808,3.65,2.0,ok,265.0
2024-06-05,SFIX,0.17602992,2.67,3.0,ok,390.0
2024-06-05,HPE,0.15675676,17.6,4.0,ok,390.0
2024-06-05,VIR,0.15122879,10.58,5.0,ok,371.0
2024-06-06,VNDA,0.281188,5.05,1.0,ok,390.0
2024-06-06,FBLG,0.15671647,6.7,2.0,ok,306.0
2024-06-07,GERN,0.14652956,3.89,1.0,ok,390.0
2024-06-10,AIOS,0.16023731,3.37,1.0,ok,139.0
2024-06-10,OPRA,0.14518762,13.76,2.0,ok,390.0
2024-06-11,TOYO,0.3284458,6.82,1.0,ok,266.0
2024-06-11,AISP,0.17197454,3.14,2.0,ok,390.0
2024-06-11,SHLS,0.10132158,6.81,3.0,ok,390.0
2024-06-12,BMR,0.37954545,4.4,1.0,ok,390.0
2024-06-12,DSY,0.12949646,2.78,2.0,ok,293.0
2024-06-12,MREO,0.11931825,3.52,3.0,ok,389.0
2024-06-12,WULF,0.10215831,3.475,4.0,ok,390.0
2024-06-13,GRAL,0.12225473,13.66,1.0,ok,263.0
2024-06-14,LGVN,0.28624535,2.69,1.0,ok,390.0
2024-06-14,MOLN,0.1428572,5.95,2.0,ok,93.0
2024-06-14,BOOM,0.10438728,13.22,3.0,ok,350.0
2024-06-17,SCNI,0.7478509,3.49,1.0,ok,385.0
2024-06-17,CNSP,0.111111164,2.79,2.0,ok,242.0
2024-06-18,CHGG,0.15708816,2.61,1.0,ok,390.0
2024-06-18,ARQ,0.100519896,5.77,2.0,ok,240.0
2024-06-20,HROW,0.14107645,17.65,1.0,ok,331.0
2024-06-20,NNE,0.1310345,11.6,2.0,ok,389.0
2024-06-21,SLDB,0.1349206,6.3,1.0,ok,329.0
2024-06-21,DOGZ,0.10568595,16.18,2.0,ok,100.0
2024-06-24,ALT,0.16536665,6.41,1.0,ok,390.0
2024-06-24,DJTWW,0.116322756,15.99,2.0,ok,362.0
2024-06-25,EMPD,0.47938132,3.88,1.0,ok,345.0
2024-06-25,ENVX,0.16694355,12.04,2.0,ok,390.0
2024-06-25,BTBT,0.111111045,2.43,3.0,ok,390.0
2024-06-25,CORZZ,0.100000024,7.5,4.0,ok,311.0
2024-06-26,EMPD,0.45683467,5.56,1.0,ok,377.0
2024-06-26,RIVN,0.36538458,11.96,2.0,ok,390.0
2024-06-26,DAKT,0.18315017,10.92,3.0,ok,385.0
2024-06-26,SVRA,0.16315794,3.8,4.0,ok,390.0
2024-06-26,MTVA,0.13849759,4.26,5.0,ok,189.0
2024-06-27,SCNX,0.23598552,11.85,1.0,ok,163.0
2024-06-27,GOVX,0.20583558,2.015,2.0,ok,390.0
2024-06-27,IIIV,0.18936706,19.75,3.0,ok,278.0
2024-06-27,SUZ,0.14055037,9.21,4.0,ok,390.0
2024-06-27,PHUN,0.11726391,6.14,5.0,ok,343.0
2024-06-28,DXYZ,0.12880886,14.44,1.0,ok,356.0
2024-06-28,FBLG,0.11373401,4.66,2.0,ok,341.0
2024-07-01,HUMA,0.116666675,4.8,1.0,ok,390.0
2024-07-02,EMPD,0.27897,4.66,1.0,ok,369.0
2024-07-03,DOYU,0.31688643,12.59,1.0,ok,257.0
2024-07-03,KOSS,0.20412838,4.36,2.0,ok,352.0
2024-07-03,ABSI,0.14141417,2.97,3.0,ok,216.0
2024-07-05,MDWD,0.41350794,14.51,1.0,ok,369.0
2024-07-05,KOSS,0.30761993,10.63,2.0,ok,378.0
2024-07-05,ACHR,0.13064134,4.21,3.0,ok,390.0
2024-07-08,GRFS,0.2046349,7.04,1.0,ok,376.0
2024-07-08,POET,0.1107955,3.52,2.0,ok,348.0
2024-07-08,PLSE,0.105394125,12.05,3.0,ok,342.0
2024-07-09,QURE,0.6375662,3.78,1.0,ok,390.0
2024-07-09,WETH,0.11846554,2.45,2.0,ok,147.0
2024-07-09,BYRN,0.111542106,10.31,3.0,ok,316.0
2024-07-10,LGVN,1.0418117,2.87,1.0,ok,390.0
2024-07-10,VIVO,0.6941178,2.55,2.0,ok,390.0
2024-07-10,NAAS,0.4030769,3.25,3.0,ok,378.0
2024-07-10,AEHR,0.19016922,12.41,4.0,ok,390.0
2024-07-10,SNGX,0.18733156,7.42,5.0,ok,389.0
2024-07-11,EMPD,0.6690496,3.65,1.0,ok,373.0
2024-07-11,QS,0.3197782,5.41,2.0,ok,390.0
2024-07-11,LXEO,0.18613136,16.44,3.0,ok,249.0
2024-07-11,MEI,0.16503727,9.44,4.0,ok,385.0
2024-07-11,BNED,0.13060069,7.12,5.0,thin_session,
2024-07-12,SNTG,0.23478258,2.3,1.0,ok,374.0
2024-07-12,IMMP,0.17412925,2.01,2.0,ok,354.0
2024-07-15,DJTWW,0.7633529,19.565,1.0,ok,371.0
2024-07-15,SCNI,0.6354681,4.06,2.0,ok,370.0
2024-07-15,PHUN,0.28473413,5.83,3.0,ok,388.0
2024-07-15,RUM,0.12962961,5.94,4.0,ok,390.0
2024-07-15,CTRN,0.11474538,18.65,5.0,ok,211.0
2024-07-16,ANGO,0.17200673,5.93,1.0,ok,388.0
2024-07-16,AEON,0.10964906,2.28,2.0,ok,389.0
2024-07-16,KYTX,0.10494447,9.91,3.0,ok,316.0
2024-07-17,SHIM,0.37681162,2.07,1.0,ok,390.0
2024-07-17,LCFY,0.32293582,5.45,2.0,ok,383.0
2024-07-17,LGVN,0.19034088,3.52,3.0,ok,387.0
2024-07-17,AEHR,0.14370549,16.84,4.0,ok,390.0
2024-07-19,SERV,0.623574,2.63,1.0,ok,390.0
2024-07-19,HE,0.38196087,12.75,2.0,ok,390.0
2024-07-19,NAAS,0.13102591,8.09,3.0,ok,380.0
2024-07-19,MYSZ,0.101726055,3.404,4.0,ok,233.0
2024-07-22,SERV,0.4953642,7.55,1.0,ok,390.0
2024-07-22,MDBH,0.124121785,10.675,2.0,ok,93.0
2024-07-22,AEHL,0.12064338,3.73,3.0,ok,119.0
2024-07-22,EMBC,0.10504544,13.17,4.0,ok,302.0
2024-07-22,DQ,0.10006213,16.08,5.0,thin_session,
2024-07-23,FEIM,0.30201626,10.1,1.0,ok,315.0
2024-07-23,MESO,0.11523175,7.55,2.0,ok,249.0
2024-07-23,ARTV,0.10450292,11.77,3.0,ok,77.0
2024-07-24,TKNO,0.16733074,2.51,1.0,ok,378.0
2024-07-25,MIRA,0.3898306,2.36,1.0,ok,390.0
2024-07-25,BALY,0.23520708,13.52,2.0,ok,386.0
2024-07-25,INDV,0.16452205,10.88,3.0,ok,342.0
2024-07-25,NTCT,0.10191786,18.25,4.0,ok,332.0
2024-07-25,IMAX,0.10095346,17.83,5.0,ok,380.0
2024-07-26,COUR,0.39406204,7.41,1.0,ok,390.0
2024-07-26,NWL,0.14039457,6.34,2.0,ok,390.0
2024-07-26,AEYE,0.12525463,19.64,3.0,ok,370.0
2024-07-26,RILY,0.108721614,16.74,4.0,ok,373.0
2024-07-26,NOV,0.10818553,18.67,5.0,ok,390.0
2024-07-29,LGVN,0.18313956,3.44,1.0,ok,390.0
2024-07-29,NIPG,0.11862528,9.02,2.0,ok,383.0
2024-07-29,OIS,0.10970473,4.74,3.0,thin_session,
2024-07-29,SDA,0.10531926,9.4,4.0,ok,104.0
2024-07-30,HLIT,0.26042557,11.75,1.0,ok,390.0
2024-07-30,MIRA,0.13100433,2.29,2.0,ok,337.0
2024-07-30,NXH,0.12288451,13.59,3.0,ok,390.0
2024-07-30,SERV,0.11500776,19.39,4.0,ok,390.0
2024-07-31,PCRX,0.13561916,19.54,1.0,ok,358.0
2024-08-01,BBLG,0.6944444,2.16,1.0,ok,389.0
2024-08-01,CDNA,0.30065036,19.99,2.0,ok,389.0
2024-08-01,MAX,0.24335372,14.67,3.0,ok,384.0
2024-08-01,PRM,0.16924667,9.69,4.0,ok,372.0
2024-08-01,RSI,0.14885116,10.01,5.0,ok,387.0
2024-08-02,MKDW,0.9567307,2.08,1.0,ok,386.0
2024-08-02,OSTX,0.183267,2.51,2.0,ok,366.0
2024-08-02,LASR,0.11942959,11.22,3.0,ok,271.0
2024-08-02,GDYN,0.10204077,12.25,4.0,ok,302.0
2024-08-05,INDO,0.10043669,2.29,1.0,ok,390.0
2024-08-06,LUMN,0.5366796,2.59,1.0,ok,390.0
2024-08-06,SMX,0.36923075,3.25,2.0,ok,258.0
2024-08-06,CORZW,0.24105,4.19,3.0,ok,279.0
2024-08-06,NPKI,0.17765045,6.98,4.0,thin_session,
2024-08-06,CRVO,0.156039,13.33,5.0,ok,178.0
2024-08-07,LUMN,0.444,5.0,1.0,ok,390.0
2024-08-07,CEVA,0.30192196,16.13,2.0,ok,185.0
2024-08-07,RYAM,0.21746874,5.61,3.0,ok,349.0
2024-08-07,INGN,0.21472394,8.15,4.0,ok,323.0
2024-08-07,VTEX,0.21179402,6.02,5.0,ok,338.0
2024-08-08,XMTR,0.36347663,11.39,1.0,ok,384.0
2024-08-08,AXGN,0.3257575,7.92,2.0,ok,376.0
2024-08-08,ASPN,0.31945944,18.5,3.0,ok,390.0
2024-08-08,GPGI,0.21171749,7.51,4.0,ok,372.0
2024-08-08,PSNL,0.19791663,2.88,5.0,ok,301.0
2024-08-09,INOD,0.25190842,16.375,1.0,ok,338.0
2024-08-09,PBI,0.2517364,5.68,2.0,ok,389.0
2024-08-09,ADMA,0.2387203,12.19,3.0,ok,390.0
2024-08-09,BLND,0.23048317,2.69,4.0,ok,390.0
2024-08-09,HNST,0.21604943,3.24,5.0,ok,387.0
2024-08-12,KEY,0.16628885,14.61,1.0,ok,390.0
2024-08-12,BEKE,0.11929309,14.03,2.0,ok,390.0
2024-08-12,ZNTL,0.110000014,3.0,3.0,ok,354.0
2024-08-13,LWAY,0.22836757,11.21,1.0,ok,334.0
2024-08-13,HSAI,0.21629214,3.56,2.0,ok,350.0
2024-08-13,TRDA,0.12104154,14.21,3.0,ok,125.0
2024-08-13,BZFD,0.12053573,2.24,4.0,ok,276.0
2024-08-13,SPRY,0.10599077,10.85,5.0,ok,389.0
2024-08-14,SERV,0.340405,10.37,1.0,ok,390.0
2024-08-14,VSXY,0.16675413,19.07,2.0,ok,389.0
2024-08-14,GRAL,0.12815666,15.84,3.0,ok,358.0
2024-08-14,STRO,0.102484465,3.22,4.0,ok,276.0
2024-08-15,AISP,0.25595236,2.52,1.0,ok,377.0
2024-08-15,GRSD,0.18799543,8.83,2.0,ok,358.0
2024-08-15,MF,0.17216122,13.65,3.0,ok,153.0
2024-08-15,GOVX,0.13538456,3.25,4.0,ok,390.0
2024-08-15,CLBT,0.119081855,13.94,5.0,ok,387.0
2024-08-16,CING,1.1916666,4.8,1.0,ok,374.0
2024-08-16,RILYG,0.38878906,7.2,2.0,ok,185.0
2024-08-16,RILYN,0.32782984,7.2,3.0,ok,245.0
2024-08-16,RILYP,0.32167494,4.26,4.0,ok,225.0
2024-08-16,RILY,0.2400794,5.04,5.0,ok,390.0
2024-08-19,VRAX,1.3568075,2.13,1.0,ok,381.0
2024-08-19,GOVX,0.48017,7.06,2.0,ok,390.0
2024-08-19,XPER,0.18278146,7.55,3.0,ok,336.0
2024-08-19,AIFC,0.16740096,2.27,4.0,ok,353.0
2024-08-19,ZIM,0.156515,19.06,5.0,ok,390.0
2024-08-20,BTTC,0.77091646,5.02,1.0,ok,369.0
2024-08-20,TLS,0.17647064,2.89,2.0,ok,381.0
2024-08-20,LUNR,0.17411757,4.25,3.0,ok,390.0
2024-08-20,BTBT,0.13344479,2.99,4.0,ok,390.0
2024-08-20,TELO,0.113114715,6.1,5.0,ok,187.0
2024-08-21,IMMR,0.14602792,9.93,1.0,ok,377.0
2024-08-21,ALZN,0.104783654,4.39,2.0,ok,370.0
2024-08-22,RZLV,0.24547517,8.84,1.0,ok,164.0
2024-08-22,PTON,0.13988101,3.36,2.0,ok,390.0
2024-08-22,GOVX,0.10179639,8.35,3.0,ok,390.0
2024-08-23,FFAI,0.3059702,8.04,1.0,ok,390.0
2024-08-23,VRAX,0.11969113,5.18,2.0,ok,384.0
2024-08-26,MF,0.3191489,2.35,1.0,ok,390.0
2024-08-26,CMPS,0.15438116,7.19,2.0,ok,387.0
2024-08-26,INDO,0.13782048,3.12,3.0,ok,358.0
2024-08-26,DOGZ,0.12797165,19.77,4.0,ok,131.0
2024-08-27,TRIB,0.3990147,2.03,1.0,ok,390.0
2024-08-28,VRAX,0.2781186,4.89,1.0,ok,386.0
2024-08-28,AIXI,0.11546397,4.85,2.0,ok,320.0
2024-08-28,WEST,0.10810816,8.51,3.0,ok,307.0
2024-08-29,BCDA,0.9545455,2.2,1.0,ok,390.0
2024-08-29,AZI,0.29007638,2.62,2.0,ok,321.0
2024-08-29,IREN,0.1159029,7.42,3.0,ok,390.0
2024-08-30,TOVX,0.3148936,4.7,1.0,ok,386.0
2024-08-30,LUNR,0.23443973,4.82,2.0,ok,390.0
2024-08-30,EBS,0.17845118,8.91,3.0,ok,390.0
2024-08-30,LESL,0.11199999,2.5,4.0,ok,389.0
2024-09-03,SHLS,0.28756964,5.39,1.0,ok,390.0
2024-09-03,SOC,0.19328976,16.84,2.0,ok,389.0
2024-09-03,BOF,0.19000006,2.0,3.0,ok,390.0
2024-09-04,ATRA,0.20117486,6.81,1.0,ok,344.0
2024-09-04,ASST,0.12195122,2.05,2.0,ok,390.0
2024-09-05,APLD,0.54012334,3.24,1.0,ok,390.0
2024-09-05,FFAI,0.15267181,5.24,2.0,ok,389.0
2024-09-05,PPTA,0.100123525,8.09,3.0,ok,333.0
2024-09-06,SGLY,0.18548381,2.48,1.0,ok,214.0
2024-09-06,FFAI,0.1477927,5.21,2.0,ok,390.0
2024-09-06,LUCK,0.13391995,10.79,3.0,ok,346.0
2024-09-06,ITOC,0.111111045,3.78,4.0,ok,117.0
2024-09-09,SMMT,0.3088833,12.27,1.0,ok,390.0
2024-09-09,RLAY,0.29006422,6.24,2.0,ok,390.0
2024-09-09,GLSI,0.13793099,14.5,3.0,ok,101.0
2024-09-09,RZLT,0.12643683,4.35,4.0,ok,313.0
2024-09-10,AVO,0.21608984,10.69,1.0,ok,374.0
2024-09-10,MTRX,0.20240688,9.14,2.0,ok,342.0
2024-09-10,NNE,0.17567563,7.4,3.0,ok,368.0
2024-09-10,LASE,0.15828395,6.76,4.0,ok,377.0
2024-09-10,VRDN,0.13460195,14.19,5.0,ok,390.0
2024-09-11,PLCE,0.3897959,4.9,1.0,ok,386.0
2024-09-11,BKYI,0.25,2.0,2.0,ok,382.0
2024-09-11,SGML,0.13177466,9.41,3.0,ok,378.0
2024-09-11,LAR,0.116279006,2.15,4.0,ok,377.0
2024-09-11,PCT,0.104477525,4.69,5.0,ok,390.0
2024-09-12,NTGR,0.2347771,15.93,1.0,ok,369.0
2024-09-12,BKYI,0.13419914,2.31,2.0,ok,383.0
2024-09-12,AURA,0.105843425,9.07,3.0,ok,204.0
2024-09-13,TNON,1.909091,4.4,1.0,ok,378.0
2024-09-16,ZNTL,0.53086424,3.24,1.0,ok,390.0
2024-09-16,VRAX,0.35521233,2.59,2.0,ok,379.0
2024-09-16,BLCO,0.16720259,15.55,3.0,ok,388.0
2024-09-16,PDSB,0.116666675,3.0,4.0,ok,183.0
2024-09-17,EOCN,0.38501298,3.87,1.0,ok,327.0
2024-09-17,BOOM,0.15490377,10.91,2.0,ok,327.0
2024-09-17,TDAY,0.11062896,4.61,3.0,ok,382.0
2024-09-17,CMP,0.1031487,9.21,4.0,ok,387.0
2024-09-17,UEIC,0.100776196,8.54,5.0,ok,197.0
2024-09-18,LUNR,0.55185187,5.4,1.0,ok,390.0
2024-09-18,SWVL,0.19016397,3.05,2.0,ok,269.0
2024-09-19,XCUR,1.462882,2.29,1.0,ok,385.0
2024-09-19,EWTX,0.3502884,19.07,2.0,ok,390.0
2024-09-19,EOCN,0.31884062,6.9,3.0,ok,386.0
2024-09-19,ALP,0.17457116,9.91,4.0,ok,325.0
2024-09-19,AUTL,0.14987075,3.87,5.0,ok,285.0
2024-09-20,BATL,1.2176871,2.94,1.0,ok,331.0
2024-09-20,PARA,0.77083254,2.88,2.0,ok,390.0
2024-09-20,TNON,0.34990048,5.03,3.0,ok,388.0
2024-09-20,GDHG,0.25649345,3.08,4.0,ok,358.0
2024-09-20,EOCN,0.1726191,8.4,5.0,ok,386.0
2024-09-23,BDTX,0.18487382,4.76,1.0,ok,386.0
2024-09-23,POET,0.10828018,3.14,2.0,ok,390.0
2024-09-24,PARA,0.5976145,4.2,1.0,ok,366.0
2024-09-24,CAPR,0.41206038,5.97,2.0,ok,390.0
2024-09-24,HSCS,0.3945577,2.94,3.0,ok,381.0
2024-09-24,WVE,0.20037448,5.34,4.0,ok,390.0
2024-09-24,TME,0.13038158,10.18,5.0,ok,390.0
2024-09-25,ORBS,0.6626506,2.49,1.0,ok,390.0
2024-09-25,CLYM,0.22103667,6.56,2.0,ok,365.0
2024-09-25,TNON,0.20398009,4.02,3.0,ok,390.0
2024-09-26,SBC,0.23125005,8.0,1.0,ok,157.0
2024-09-26,NCNA,0.18688524,3.05,2.0,ok,347.0
2024-09-26,GOTU,0.17525768,2.91,3.0,ok,389.0
2024-09-26,TAL,0.17067313,8.32,4.0,ok,390.0
2024-09-26,BEKE,0.1560328,16.35,5.0,ok,390.0
2024-09-27,ONCO,0.8686297,3.3554,1.0,ok,388.0
2024-09-27,BMEA,0.19958198,9.57,2.0,ok,363.0
2024-09-27,LGCY,0.12935328,4.02,3.0,ok,148.0
2024-09-27,DTSS,0.106796145,2.06,4.0,ok,346.0
2024-09-27,IONQ,0.104218245,8.06,5.0,ok,390.0
2024-09-30,TTEC,0.38024688,4.05,1.0,ok,390.0
2024-09-30,PRME,0.22254336,3.46,2.0,ok,390.0
2024-09-30,TIGR,0.18777299,4.58,3.0,ok,390.0
2024-09-30,NIO,0.18098152,6.52,4.0,ok,390.0
2024-09-30,MNSO,0.14743996,17.13,5.0,ok,390.0
2024-10-01,ARCO,0.15253818,8.72,1.0,ok,386.0
2024-10-01,UNFI,0.15041625,16.82,2.0,ok,390.0
2024-10-02,DUO,0.25368726,3.39,1.0,ok,386.0
2024-10-02,TIGR,0.2520064,6.23,2.0,ok,390.0
2024-10-02,JOBY,0.18541658,4.8,3.0,ok,390.0
2024-10-02,HTT,0.18224287,2.14,4.0,ok,315.0
2024-10-02,KC,0.1786834,3.19,5.0,ok,390.0
2024-10-03,EVGO,0.29007638,3.93,1.0,ok,390.0
2024-10-03,HKD,0.28644502,3.91,2.0,ok,390.0
2024-10-04,ACMR,0.14814818,18.9,1.0,ok,389.0
2024-10-04,SND,0.12470865,2.0,2.0,ok,200.0
2024-10-04,ULCC,0.10220444,4.99,3.0,ok,388.0
2024-10-07,SRRK,2.5498652,7.42,1.0,ok,390.0
2024-10-07,AVNW,0.16219008,19.36,2.0,ok,273.0
2024-10-07,TIGR,0.120661855,12.39,3.0,ok,390.0
2024-10-07,HERE,0.118181825,3.72,4.0,ok,354.0
2024-10-07,NIU,0.11428571,2.8,5.0,ok,370.0
2024-10-08,RZLV,0.15160346,6.86,1.0,ok,287.0
2024-10-08,AZUL,0.14106584,3.19,2.0,ok,350.0
2024-10-09,LASE,0.184111,7.93,1.0,ok,390.0
2024-10-09,AIOS,0.1319083,19.18,2.0,ok,271.0
2024-10-10,UVE,0.13013697,16.96,1.0,thin_session,
2024-10-11,TURB,0.33003306,3.03,1.0,ok,312.0
2024-10-11,DJTWW,0.1367575,16.16,2.0,ok,235.0
2024-10-11,AEHR,0.1343844,13.32,3.0,ok,389.0
2024-10-14,TONX,0.7699115,7.91,1.0,ok,382.0
2024-10-14,XPON,0.67364013,2.39,2.0,ok,390.0
2024-10-14,RILY,0.1867882,4.39,3.0,ok,389.0
2024-10-14,DXYZ,0.1482966,9.98,4.0,ok,368.0
2024-10-14,VNDA,0.14189196,4.44,5.0,ok,373.0
2024-10-15,RENX,0.5552764,3.98,1.0,ok,351.0
2024-10-15,PARA,0.4026997,3.7,2.0,ok,375.0
2024-10-15,WOLF,0.3216169,11.38,3.0,ok,390.0
2024-10-15,MGTX,0.26077592,4.64,4.0,ok,338.0
2024-10-15,IMRX,0.22500002,2.0,5.0,ok,389.0
2024-10-16,BDRX,0.6926148,5.01,1.0,ok,340.0
2024-10-16,WVE,0.40712607,8.56,2.0,ok,390.0
2024-10-16,NVCR,0.20697403,17.78,3.0,ok,388.0
2024-10-16,LAC,0.16853929,2.67,4.0,ok,390.0
2024-10-16,PHUN,0.15213358,5.39,5.0,ok,389.0
2024-10-17,VSME,0.5405406,2.22,1.0,ok,381.0
2024-10-17,GEVO,0.36888885,2.25,2.0,ok,390.0
2024-10-17,RENX,0.22614849,2.83,3.0,ok,350.0
2024-10-17,SLQT,0.17777777,2.25,4.0,ok,382.0
2024-10-17,ALAR,0.17668271,16.64,5.0,ok,379.0
2024-10-18,SOBR,0.899371,7.95,1.0,ok,346.0
2024-10-18,HEPS,0.60454535,2.2,2.0,ok,390.0
2024-10-18,SUNE,0.49546278,5.51,3.0,ok,382.0
2024-10-18,TNON,0.3119533,3.43,4.0,ok,371.0
2024-10-18,AIFF,0.1690141,2.84,5.0,ok,314.0
2024-10-21,BIVI,0.7446809,2.35,1.0,ok,367.0
2024-10-21,ISPC,0.59649134,4.56,2.0,ok,331.0
2024-10-21,XPON,0.3892858,2.8,3.0,ok,379.0
2024-10-21,LTBR,0.32738948,7.01,4.0,ok,390.0
2024-10-21,AUST,0.24279833,2.43,5.0,ok,299.0
2024-10-22,SOBR,0.14999998,9.0,1.0,ok,252.0
2024-10-22,BIVI,0.14068449,2.63,2.0,ok,390.0
2024-10-22,ARQQ,0.13559318,7.08,3.0,ok,290.0
2024-10-22,PHUN,0.1058265,8.41,4.0,ok,390.0
2024-10-23,BIVI,0.21726203,3.36,1.0,ok,380.0
2024-10-23,PHUN,0.21134019,11.64,2.0,ok,390.0
2024-10-23,UPWK,0.16417909,10.05,3.0,ok,390.0
2024-10-23,HOWL,0.1432507,3.63,4.0,ok,350.0
2024-10-23,ORIC,0.141217,8.71,5.0,ok,265.0
2024-10-24,TVGN,0.21370971,2.48,1.0,ok,390.0
2024-10-24,QS,0.18339777,5.18,2.0,ok,390.0
2024-10-24,HAPN,0.18138039,12.46,3.0,ok,390.0
2024-10-24,SUNE,0.14593303,4.18,4.0,ok,339.0
2024-10-24,MXL,0.1432414,14.87,5.0,ok,390.0
2024-10-25,UPXI,2.0266666,3.0,1.0,ok,349.0
2024-10-25,FRMM,0.3917526,3.88,2.0,ok,352.0
2024-10-25,XPON,0.36931813,3.52,3.0,ok,376.0
2024-10-25,NWL,0.20901322,7.18,4.0,ok,390.0
2024-10-25,FFAI,0.20000005,2.0,5.0,ok,389.0
2024-10-28,AMIX,1.4928663,7.71,1.0,ok,362.0
2024-10-28,EYPT,0.124210596,9.5,2.0,ok,383.0
2024-10-28,PHUN,0.12074518,10.6,3.0,ok,390.0
2024-10-28,AVTX,0.1080333,14.44,4.0,ok,65.0
2024-10-28,IONR,0.10306752,8.15,5.0,ok,175.0
2024-10-29,VFC,0.1927563,17.03,1.0,ok,390.0
2024-10-29,PRQR,0.11782479,3.31,2.0,ok,299.0
2024-10-30,ASPI,0.484375,5.76,1.0,ok,390.0
2024-10-30,NRDS,0.28091872,11.32,2.0,ok,390.0
2024-10-30,EXTR,0.16033757,14.22,3.0,ok,385.0
2024-10-30,UIS,0.1486988,5.38,4.0,ok,380.0
2024-10-30,BIVI,0.1484375,2.56,5.0,ok,385.0
2024-10-31,AMIX,0.51269543,10.24,1.0,ok,367.0
2024-10-31,ORN,0.2785977,5.42,2.0,ok,331.0
2024-10-31,RELY,0.24442983,15.26,3.0,ok,383.0
2024-10-31,ATEC,0.24110317,5.62,4.0,ok,390.0
2024-10-31,BAND,0.214172,18.84,5.0,ok,329.0
2024-11-01,NAGE,0.18051577,3.49,1.0,ok,390.0
2024-11-01,TILE,0.1686815,17.47,2.0,ok,380.0
2024-11-01,PESI,0.12891209,13.42,3.0,ok,204.0
2024-11-01,ADMA,0.12139797,16.31,4.0,ok,390.0
2024-11-01,MD,0.12012994,12.32,5.0,ok,359.0
2024-11-04,CC,0.14431131,17.82,1.0,ok,389.0
2024-11-04,IART,0.14107883,19.28,2.0,ok,382.0
2024-11-04,EVO,0.13144326,3.88,3.0,ok,143.0
2024-11-04,CVRX,0.120895624,13.4,4.0,ok,321.0
2024-11-05,LUCK,0.18549371,10.38,1.0,ok,368.0
2024-11-05,GOGO,0.18015265,6.55,2.0,ok,389.0
2024-11-05,LIND,0.1368984,9.35,3.0,ok,326.0
2024-11-05,AVO,0.12201154,12.13,4.0,ok,267.0
2024-11-05,KC,0.11913359,2.77,5.0,ok,383.0
2024-11-06,GEO,0.2782551,15.13,1.0,ok,390.0
2024-11-06,TMCI,0.24999988,5.76,2.0,ok,371.0
2024-11-06,CXW,0.24431396,13.63,3.0,ok,388.0
2024-11-06,MGNX,0.21750665,3.77,4.0,ok,383.0
2024-11-06,PHUN,0.20486665,6.37,5.0,ok,390.0
2024-11-07,DXYZ,0.36375082,15.89,1.0,ok,386.0
2024-11-07,EBS,0.24239135,9.2,2.0,ok,386.0
2024-11-07,LYFT,0.23472226,14.4,3.0,ok,390.0
2024-11-07,UPWK,0.20644724,14.58,4.0,ok,390.0
2024-11-07,UAA,0.18971431,8.75,5.0,ok,390.0
2024-11-08,INDI,0.3527696,3.43,1.0,ok,390.0
2024-11-08,VMAR,0.34113717,2.99,2.0,ok,359.0
2024-11-08,FTRE,0.29362893,18.05,3.0,ok,390.0
2024-11-08,PRCH,0.23605156,2.33,4.0,ok,389.0
2024-11-08,TNYA,0.20000005,2.5,5.0,ok,387.0
2024-11-11,CANG,0.1735295,3.4,1.0,ok,255.0
2024-11-11,BTBT,0.17249417,4.29,2.0,ok,390.0
2024-11-11,MARA,0.15844154,19.25,3.0,ok,390.0
2024-11-11,AISP,0.12727273,2.75,4.0,ok,337.0
2024-11-11,AZI,0.12648225,2.53,5.0,ok,375.0
2024-11-12,BTCT,0.87301576,2.52,1.0,ok,356.0
2024-11-12,EVGO,0.17777777,5.4,2.0,ok,390.0
2024-11-12,SDGR,0.17707264,19.54,3.0,ok,384.0
2024-11-12,GOVX,0.16242039,3.14,4.0,ok,390.0
2024-11-12,ALIT,0.1528635,7.46,5.0,ok,389.0
2024-11-13,BTCT,1.1457143,10.5,1.0,ok,365.0
2024-11-13,RKLB,0.31241477,14.66,2.0,ok,390.0
2024-11-13,BTCS,0.24613762,2.88,3.0,ok,390.0
2024-11-13,KAPA,0.24130738,2.0543,4.0,ok,370.0
2024-11-13,SSYS,0.22765195,8.39,5.0,ok,373.0
2024-11-14,QUBT,0.37969923,2.66,1.0,ok,390.0
2024-11-14,BTCT,0.37110484,17.65,2.0,ok,386.0
2024-11-14,GRSD,0.2609117,10.31,3.0,ok,339.0
2024-11-14,BTCS,0.22308445,4.17,4.0,ok,390.0
2024-11-14,LUNR,0.20833325,11.76,5.0,ok,386.0
2024-11-15,BE,0.5775603,13.28,1.0,thin_session,
2024-11-15,VIP,0.54251003,2.47,2.0,ok,389.0
2024-11-15,FCEL,0.17831671,7.01,3.0,ok,389.0
2024-11-15,ZETA,0.1525619,17.37,4.0,ok,390.0
2024-11-15,RCAT,0.14427865,4.02,5.0,ok,389.0
2024-11-18,UAVS,0.6172414,2.9,1.0,ok,390.0
2024-11-18,ACRS,0.18536592,2.05,2.0,ok,389.0
2024-11-18,MI,0.17878795,3.3,3.0,ok,209.0
2024-11-18,ALDX,0.16389549,4.21,4.0,ok,332.0
2024-11-18,RGNX,0.1536864,9.63,5.0,ok,377.0
2024-11-19,ACRS,0.18152869,3.14,1.0,ok,390.0
2024-11-20,SPAI,0.25217402,2.3,1.0,ok,388.0
2024-11-20,KC,0.23747265,4.59,2.0,ok,390.0
2024-11-20,RCAT,0.18987346,4.74,3.0,ok,390.0
2024-11-20,BTCT,0.18811274,16.32,4.0,ok,376.0
2024-11-20,XCUR,0.17525768,5.82,5.0,ok,378.0
2024-11-21,SPAI,0.9302188,3.2,1.0,ok,378.0
2024-11-21,SKK,0.5372807,4.56,2.0,ok,289.0
2024-11-21,CRNC,0.20567381,2.82,3.0,ok,390.0
2024-11-21,RMSG,0.19946814,3.76,4.0,ok,283.0
2024-11-21,QUBT,0.15217388,3.68,5.0,ok,390.0
2024-11-22,XCUR,0.38581955,10.86,1.0,ok,357.0
2024-11-22,REPL,0.2380091,11.05,2.0,ok,385.0
2024-11-22,ARQQ,0.1574508,10.67,3.0,ok,340.0
2024-11-22,PDYN,0.110000014,2.0,4.0,ok,390.0
2024-11-22,QMCO,0.106965184,4.02,5.0,ok,363.0
2024-11-25,QMCO,0.49616647,9.13,1.0,ok,366.0
2024-11-25,QUBT,0.22459018,6.1,2.0,ok,390.0
2024-11-25,UMAC,0.2136364,4.4,3.0,ok,315.0
2024-11-25,XCUR,0.20783472,18.38,4.0,ok,359.0
2024-11-25,PDYN,0.19565225,4.6,5.0,ok,386.0
2024-11-26,ZENA,0.89875376,6.42,1.0,ok,377.0
2024-11-26,ZDAI,0.8975332,10.54,2.0,thin_session,
2024-11-26,SMTK,0.41068137,5.43,3.0,ok,351.0
2024-11-26,CRBU,0.24257421,2.02,4.0,ok,370.0
2024-11-26,ARWR,0.2213943,18.79,5.0,ok,389.0
2024-11-27,UMAC,0.8953358,5.36,1.0,ok,370.0
2024-11-27,QMCO,0.33197916,17.23,2.0,ok,384.0
2024-11-27,IREN,0.11924684,9.56,3.0,ok,390.0
2024-11-27,RGTI,0.113636374,2.2,4.0,ok,390.0
2024-11-27,HSAI,0.10932946,6.86,5.0,ok,380.0
2024-11-29,UMAC,0.4408493,9.89,1.0,ok,384.0
2024-11-29,SOS,0.28398788,9.93,2.0,ok,233.0
2024-11-29,CABA,0.26245844,3.01,3.0,ok,323.0
2024-11-29,VCIG,0.21951222,4.1,4.0,ok,359.0
2024-11-29,AMBR,0.1169014,7.1,5.0,ok,90.0
2024-12-02,CABA,0.3272252,3.82,1.0,ok,390.0
2024-12-02,UMAC,0.18366265,18.73,2.0,ok,382.0
2024-12-02,AISP,0.17948723,3.12,3.0,ok,352.0
2024-12-02,CRVO,0.17777777,10.8,4.0,ok,166.0
2024-12-02,PDYN,0.16099072,6.46,5.0,ok,383.0
2024-12-03,SHIM,0.2571429,2.8,1.0,ok,374.0
2024-12-03,VIR,0.22699392,8.15,2.0,ok,388.0
2024-12-03,PRCH,0.16710877,3.77,3.0,ok,390.0
2024-12-03,EOSE,0.14186847,2.89,4.0,ok,389.0
2024-12-03,PPTA,0.10797346,9.03,5.0,ok,365.0
2024-12-04,XCUR,0.245,14.0,1.0,ok,234.0
2024-12-04,VCIG,0.17999995,2.5,2.0,ok,388.0
2024-12-04,CHR,0.1328671,2.86,3.0,ok,199.0
2024-12-04,NA,0.101252675,9.58,4.0,ok,105.0
2024-12-05,TARA,1.6694915,3.54,1.0,ok,381.0
2024-12-05,PRFX,0.82089555,2.68,2.0,ok,386.0
2024-12-05,BJDX,0.6812339,3.89,3.0,ok,377.0
2024-12-05,MEI,0.30897307,11.61,4.0,thin_session,
2024-12-05,CAPR,0.163522,12.72,5.0,ok,387.0
2024-12-06,ZBAO,0.56470597,2.55,1.0,ok,354.0
2024-12-06,NEXR,0.39130425,2.3,2.0,ok,367.0
2024-12-06,ASAN,0.293661,15.46,3.0,ok,390.0
2024-12-06,WOOF,0.21836734,4.9,4.0,ok,390.0
2024-12-06,ZNB,0.20569205,3.865,5.0,ok,318.0
2024-12-09,GXAI,0.4000001,2.6,1.0,ok,390.0
2024-12-09,QMCO,0.23636365,13.75,2.0,ok,357.0
2024-12-09,BBAI,0.22781062,3.38,3.0,ok,390.0
2024-12-09,NUAI,0.21457493,9.88,4.0,thin_session,
2024-12-09,SATL,0.21173465,3.92,5.0,ok,380.0
2024-12-10,QURE,0.8807403,7.295,1.0,ok,386.0
2024-12-10,CRDF,0.47540975,2.44,2.0,ok,390.0
2024-12-10,PBM,0.3574823,2.07,3.0,ok,359.0
2024-12-10,NAMS,0.34989202,18.52,4.0,ok,390.0
2024-12-10,GELS,0.264045,3.56,5.0,ok,359.0
2024-12-11,CADL,1.7219088,4.61,1.0,ok,378.0
2024-12-11,RGTIW,0.4079423,2.77,2.0,ok,355.0
2024-12-11,FEIM,0.27990627,12.79,3.0,ok,346.0
2024-12-11,SFIX,0.24956524,4.6,4.0,ok,390.0
2024-12-11,RGTI,0.22496152,6.49,5.0,ok,390.0
2024-12-12,TRVI,0.57028115,2.49,1.0,ok,390.0
2024-12-12,ZENA,0.20562387,5.69,2.0,ok,389.0
2024-12-12,SRFM,0.16519177,3.39,3.0,ok,331.0
2024-12-12,APVO,0.14685309,10.01,4.0,ok,361.0
2024-12-12,JUNS,0.12956524,11.5,5.0,ok,285.0
2024-12-13,AMPG,0.18636358,2.2,1.0,ok,390.0
2024-12-13,GRRR,0.17945373,7.69,2.0,ok,387.0
2024-12-13,ISPC,0.13913035,3.45,3.0,ok,306.0
2024-12-13,TASK,0.12680113,15.97,4.0,ok,302.0
2024-12-13,MESO,0.12192774,10.375,5.0,ok,214.0
2024-12-16,AEHR,0.21856034,11.53,1.0,ok,390.0
2024-12-16,RCAT,0.19805586,8.23,2.0,ok,390.0
2024-12-16,SGMT,0.17995441,4.39,3.0,ok,386.0
2024-12-16,VRDN,0.1770308,17.85,4.0,ok,390.0
2024-12-16,WKEY,0.14795911,7.84,5.0,ok,386.0
2024-12-17,QUBT,0.2806859,11.08,1.0,ok,386.0
2024-12-17,MNTS,0.270473,7.84,2.0,ok,341.0
2024-12-17,SIDU,0.21834064,4.58,3.0,ok,377.0
2024-12-17,MITK,0.203372,9.49,4.0,ok,387.0
2024-12-17,TEVA,0.20109022,16.51,5.0,ok,390.0
2024-12-18,DFNS,0.53956234,11.88,1.0,ok,296.0
2024-12-18,VISN,0.21909034,5.61,2.0,ok,389.0
2024-12-18,RZLV,0.18844986,3.29,3.0,ok,390.0
2024-12-18,BIOA,0.17073178,4.1,4.0,ok,376.0
2024-12-18,SOUNW,0.15799093,10.95,5.0,ok,313.0
2024-12-19,CURR,1.19,2.0,1.0,ok,379.0
2024-12-19,MESO,0.52489793,12.25,2.0,ok,388.0
2024-12-19,ELAB,0.4837209,2.15,3.0,ok,383.0
2024-12-19,KULR,0.39423084,2.08,4.0,ok,390.0
2024-12-19,BTLN,0.30624998,3.2,5.0,ok,333.0
2024-12-20,NVNI,1.1722846,2.67,1.0,ok,386.0
2024-12-20,HUMA,0.6705203,3.46,2.0,ok,390.0
2024-12-20,PBM,0.60159945,2.46,3.0,ok,386.0
2024-12-20,ISPC,0.22297299,2.96,4.0,ok,306.0
2024-12-20,QNTM,0.16184974,3.46,5.0,ok,226.0
2024-12-23,RGTIW,0.5705129,3.12,1.0,ok,320.0
2024-12-23,RUM,0.39082062,7.19,2.0,ok,390.0
2024-12-23,LAES,0.3054545,2.75,3.0,ok,390.0
2024-12-23,RGTI,0.29562438,9.37,4.0,ok,390.0
2024-12-23,WKEY,0.248927,6.99,5.0,ok,375.0
2024-12-24,LAES,0.25102043,4.9,1.0,ok,389.0
2024-12-24,AMPG,0.21457493,2.47,2.0,ok,366.0
2024-12-24,DRCT,0.17545462,5.5,3.0,ok,341.0
2024-12-24,VNCE,0.16000009,5.0,4.0,ok,188.0
2024-12-24,RZLV,0.13003099,3.23,5.0,ok,361.0
2024-12-26,ZNB,0.88888884,2.16,1.0,ok,390.0
2024-12-26,PDYN,0.37348175,4.94,2.0,ok,390.0
2024-12-26,CYD,0.307963,9.79,3.0,ok,131.0
2024-12-26,KC,0.13228703,8.92,4.0,ok,389.0
2024-12-26,AIXI,0.120518446,5.2476,5.0,ok,216.0
2024-12-27,MYSZ,1.1232228,4.22,1.0,ok,379.0
2024-12-27,QSI,0.58604646,2.15,2.0,ok,390.0
2024-12-27,ZEO,0.20384622,2.6,3.0,ok,155.0
2024-12-27,RGTIW,0.18879998,6.25,4.0,ok,338.0
2024-12-27,PDYN,0.17146778,7.29,5.0,ok,382.0
2024-12-30,INTZ,1.0462964,2.16,1.0,ok,386.0
2024-12-30,ARTW,0.35245895,2.44,2.0,ok,376.0
2024-12-30,VNCE,0.28855717,4.02,3.0,ok,255.0
2024-12-30,IVDA,0.20253158,5.53,4.0,ok,326.0
2024-12-30,PDYN,0.1401869,11.77,5.0,ok,377.0
2025-01-02,VSTM,0.39782012,3.67,1.0,ok,389.0
2025-01-02,NUAI,0.3244897,4.9,2.0,ok,278.0
2025-01-02,XPON,0.31071436,2.8,3.0,ok,386.0
2025-01-02,BYAH,0.21237111,4.85,4.0,ok,128.0
2025-01-02,CISO,0.18730152,3.15,5.0,ok,174.0
2025-01-03,CRNC,0.36065578,7.93,1.0,ok,390.0
2025-01-03,ONDS,0.22813678,2.63,2.0,ok,390.0
2025-01-03,SPCB,0.21223962,7.68,3.0,ok,380.0
2025-01-03,NUS,0.16919112,6.56,4.0,ok,379.0
2025-01-03,SATL,0.14098358,3.05,5.0,ok,285.0
2025-01-06,ARBE,0.71102655,2.63,1.0,ok,390.0
2025-01-06,KITT,0.58684206,3.8,2.0,ok,390.0
2025-01-06,PTLE,0.31935048,7.39,3.0,ok,240.0
2025-01-06,MBOT,0.29439247,2.14,4.0,ok,390.0
2025-01-06,KSCP,0.22714889,14.17,5.0,ok,277.0
2025-01-07,IMRX,0.5847459,2.36,1.0,ok,390.0
2025-01-07,MSAI,0.57500005,2.0,2.0,ok,390.0
2025-01-07,GETY,0.4396888,2.57,3.0,ok,390.0
2025-01-07,AUR,0.39230776,6.5,4.0,ok,390.0
2025-01-07,CRMD,0.27742755,7.93,5.0,ok,380.0
2025-01-08,VIR,0.5906211,7.89,1.0,ok,390.0
2025-01-08,LFVN,0.33734167,16.45,2.0,ok,255.0
2025-01-08,ABSI,0.3322476,3.07,3.0,ok,390.0
2025-01-08,ANGO,0.25106394,9.4,4.0,ok,383.0
2025-01-08,SLDB,0.14540803,3.92,5.0,ok,353.0
2025-01-10,BAER,0.36917567,2.79,1.0,ok,390.0
2025-01-10,SANA,0.16976738,4.3,2.0,ok,390.0
2025-01-10,ARHS,0.14795923,9.46,3.0,ok,388.0
2025-01-10,OPFI,0.14118981,8.22,4.0,ok,388.0
2025-01-10,SSL,0.1346153,4.42,5.0,ok,358.0
2025-01-13,VRME,0.26078427,2.55,1.0,ok,390.0
2025-01-13,XXII,0.22740293,4.89,2.0,ok,347.0
2025-01-13,INTZ,0.19310343,2.9,3.0,ok,385.0
2025-01-13,GRRR,0.15536487,11.65,4.0,ok,384.0
2025-01-13,TRAW,0.15384614,8.06,5.0,ok,183.0
2025-01-14,RILY,0.24810123,3.95,1.0,ok,333.0
2025-01-14,KULR,0.23981893,2.21,2.0,ok,390.0
2025-01-14,APLD,0.22730196,7.765,3.0,ok,390.0
2025-01-14,SOUNW,0.19833338,6.0,4.0,ok,136.0
2025-01-14,KITT,0.16908216,2.07,5.0,ok,389.0
2025-01-15,RGTIW,0.48979592,3.43,1.0,ok,340.0
2025-01-15,ARQQ,0.3767314,18.05,2.0,ok,344.0
2025-01-15,LAES,0.31284142,3.66,3.0,ok,390.0
2025-01-15,QBTS,0.2600423,4.73,4.0,ok,390.0
2025-01-15,XXII,0.21574807,6.35,5.0,ok,371.0
2025-01-16,DOYU,0.30510986,12.29,1.0,ok,332.0
2025-01-16,BOWN,0.17878795,6.6,2.0,thin_session,
2025-01-16,RZLV,0.17012441,2.41,3.0,ok,390.0
2025-01-16,HUYA,0.15560782,3.03,4.0,ok,339.0
2025-01-16,INTZ,0.1273408,2.67,5.0,ok,382.0
2025-01-17,BZAI,0.18307698,6.5,1.0,ok,306.0
2025-01-17,ISPC,0.11578941,2.85,2.0,ok,363.0
2025-01-17,KITT,0.112612605,2.22,3.0,ok,387.0
2025-01-17,LAES,0.108046055,4.35,4.0,ok,390.0
2025-01-17,SSL,0.10441768,4.98,5.0,ok,358.0
2025-01-21,VATE,0.45375407,5.11,1.0,ok,380.0
2025-01-21,REPL,0.24260354,10.14,2.0,ok,326.0
2025-01-21,EOLS,0.2350142,10.51,3.0,ok,381.0
2025-01-21,CAN,0.18656719,2.01,4.0,ok,390.0
2025-01-21,BTCT,0.16101694,8.26,5.0,ok,390.0
2025-01-22,NUAI,0.5255474,2.74,1.0,ok,390.0
2025-01-22,MGX,0.22794116,2.72,2.0,ok,389.0
2025-01-22,MDAI,0.16267955,2.09,3.0,ok,361.0
2025-01-22,PDYN,0.15402842,8.44,4.0,ok,390.0
2025-01-22,RZLV,0.12937069,2.86,5.0,ok,390.0
2025-01-23,DGNX,1.0479999,7.5,1.0,ok,334.0
2025-01-23,VNCE,0.86383,2.35,2.0,ok,390.0
2025-01-23,XCUR,0.4705882,10.37,3.0,ok,241.0
2025-01-23,DXST,0.29310346,4.06,4.0,ok,365.0
2025-01-23,SPCB,0.28398788,13.24,5.0,ok,371.0
2025-01-24,EVAX,0.9148351,3.64,1.0,ok,370.0
2025-01-24,DWTX,0.31011236,13.35,2.0,ok,388.0
2025-01-24,RNAZ,0.18545449,5.5,3.0,ok,367.0
2025-01-24,DAN,0.15661705,13.23,4.0,ok,383.0
2025-01-24,WKEY,0.15479112,8.14,5.0,ok,298.0
2025-01-28,DXF,2.2658064,7.75,1.0,ok,313.0
2025-01-28,YIBO,0.8116883,3.08,2.0,ok,389.0
2025-01-28,RNAZ,0.20790625,6.83,3.0,ok,340.0
2025-01-28,BKSY,0.20136786,13.16,4.0,ok,388.0
2025-01-28,MOB,0.16479397,2.67,5.0,ok,234.0
2025-01-29,PACK,0.22125447,5.74,1.0,ok,389.0
2025-01-29,NVNI,0.16666663,5.22,2.0,ok,386.0
2025-01-29,DJTWW,0.16156983,19.62,3.0,ok,188.0
2025-01-29,PL,0.1446886,5.46,4.0,ok,390.0
2025-01-30,ONEW,0.17263842,15.35,1.0,ok,187.0
2025-01-30,ACMR,0.11727691,17.48,2.0,ok,389.0
2025-01-30,CORZW,0.10655737,6.1,3.0,ok,192.0
2025-01-30,FLG,0.10086942,9.6,4.0,ok,390.0
2025-01-31,KRSA,0.31496048,2.54,1.0,ok,390.0
2025-01-31,VIAV,0.2132132,9.99,2.0,ok,390.0
2025-01-31,CIFR,0.19148934,4.7,3.0,ok,390.0
2025-01-31,REBN,0.1871922,2.03,4.0,ok,390.0
2025-01-31,VALN,0.10095239,5.25,5.0,ok,72.0
2025-02-03,GHRS,0.8867924,10.6,1.0,ok,389.0
2025-02-03,REBN,0.5151515,3.3,2.0,ok,372.0
2025-02-03,KC,0.18695307,12.57,3.0,ok,390.0
2025-02-03,SSYS,0.16433942,9.31,4.0,ok,385.0
2025-02-04,EVAX,0.6374999,2.4,1.0,ok,390.0
2025-02-04,AMOD,0.22222221,2.61,2.0,ok,367.0
2025-02-04,ACON,0.19398499,6.65,3.0,ok,322.0
2025-02-05,ACB,0.26899457,3.68,1.0,ok,390.0
2025-02-05,MAT,0.1770891,18.07,2.0,ok,390.0
2025-02-05,QUCY,0.17142856,7.0,3.0,ok,206.0
2025-02-05,BBAI,0.120162964,4.91,4.0,ok,390.0
2025-02-05,REBN,0.1185683,4.47,5.0,ok,379.0
2025-02-06,CJMB,0.44878054,4.1,1.0,ok,326.0
2025-02-06,QNTM,0.34149194,8.58,2.0,ok,377.0
2025-02-06,RNAZ,0.26733768,8.94,3.0,ok,380.0
2025-02-06,APPS,0.25984251,2.54,4.0,ok,390.0
2025-02-06,IVVD,0.19431281,2.11,5.0,ok,390.0
2025-02-07,TNXP,0.21975088,11.24,1.0,ok,385.0
2025-02-07,ULCC,0.14956737,8.09,2.0,ok,386.0
2025-02-07,FBYD,0.12684357,6.78,3.0,ok,77.0
2025-02-07,CLSK,0.112716794,10.38,4.0,ok,390.0
2025-02-07,NTRB,0.10944533,6.67,5.0,ok,294.0
2025-02-10,SLDB,0.26041663,2.88,1.0,ok,373.0
2025-02-10,MNTS,0.23426211,3.8,2.0,ok,378.0
2025-02-10,DOMH,0.2114538,3.22,3.0,ok,376.0
2025-02-10,MBLY,0.15059114,16.07,4.0,ok,390.0
2025-02-10,FHTX,0.14736843,4.75,5.0,ok,218.0
2025-02-11,DOMH,0.6931771,6.16,1.0,ok,386.0
2025-02-11,SLQT,0.2876712,4.38,2.0,ok,390.0
2025-02-11,SATL,0.12084246,4.51,3.0,ok,342.0
2025-02-11,USGO,0.10915816,10.81,4.0,ok,192.0
2025-02-12,AIFF,0.27738094,8.4,1.0,ok,386.0
2025-02-12,CLMT,0.1964736,15.88,2.0,ok,378.0
2025-02-12,BZAI,0.16510904,3.21,3.0,ok,361.0
2025-02-12,NEUP,0.12977636,4.47,4.0,ok,264.0
2025-02-13,AIFF,0.2914418,12.97,1.0,ok,386.0
2025-02-13,DNOW,0.2729844,14.14,2.0,ok,368.0
2025-02-13,DOMH,0.20683181,6.87,3.0,ok,387.0
2025-02-13,OPRT,0.1624366,5.91,4.0,ok,381.0
2025-02-13,PGY,0.15449917,11.78,5.0,ok,390.0
2025-02-14,WRD,1.080955,17.17,1.0,ok,382.0
2025-02-14,NUS,0.38234818,6.42,2.0,ok,358.0
2025-02-14,PONY,0.19784653,14.86,3.0,ok,374.0
2025-02-14,ZH,0.17826092,4.6,4.0,ok,388.0
2025-02-14,KC,0.16714692,17.35,5.0,ok,389.0
2025-02-18,SLDB,0.6575681,4.03,1.0,ok,386.0
2025-02-18,GCL,0.42004454,3.0492,2.0,ok,390.0
2025-02-18,AIFF,0.1587125,9.01,3.0,ok,389.0
2025-02-18,PCT,0.15145004,9.31,4.0,ok,389.0
2025-02-18,CSAI,0.14435697,19.05,5.0,ok,338.0
2025-02-19,JTAI,0.43354547,4.06,1.0,ok,378.0
2025-02-19,CYCU,0.4089508,3.35,2.0,ok,377.0
2025-02-19,SEDG,0.34465444,16.93,3.0,ok,390.0
2025-02-19,NIVF,0.21917808,2.19,4.0,ok,366.0
2025-02-19,CVI,0.119695425,18.49,5.0,thin_session,
2025-02-20,XOS,0.4153353,3.13,1.0,ok,370.0
2025-02-20,CYD,0.29152775,15.64,2.0,ok,336.0
2025-02-20,HLF,0.2855872,5.62,3.0,ok,390.0
2025-02-20,AMPL,0.23206747,11.85,4.0,ok,386.0
2025-02-20,VNET,0.15490806,13.04,5.0,ok,390.0
2025-02-21,CYD,0.18526661,18.98,1.0,ok,323.0
2025-02-21,EDIT,0.1650486,2.06,2.0,ok,385.0
2025-02-21,TUYA,0.10178316,3.88,3.0,ok,387.0
2025-02-24,ATCH,0.7106384,2.35,1.0,ok,386.0
2025-02-24,DOMH,0.15738988,8.2,2.0,ok,236.0
2025-02-24,LINC,0.14916098,16.09,3.0,ok,326.0
2025-02-24,GSUN,0.12830186,2.65,4.0,ok,335.0
2025-02-24,CRML,0.123595476,2.67,5.0,ok,272.0
2025-02-25,DOMH,0.17015362,7.58,1.0,ok,387.0
2025-02-25,AHCO,0.13450289,8.55,2.0,ok,389.0
2025-02-25,BOOM,0.123947024,8.31,3.0,ok,255.0
2025-02-25,UMAC,0.10673833,8.37,4.0,ok,347.0
2025-02-26,CHAI,0.9971428,3.5,1.0,ok,378.0
2025-02-26,PRCH,0.27968335,3.79,2.0,ok,390.0
2025-02-26,INGN,0.25420153,9.52,3.0,ok,333.0
2025-02-26,VISN,0.19632351,4.89,4.0,ok,390.0
2025-02-26,EYE,0.18006992,11.44,5.0,ok,382.0
2025-02-27,ATCH,0.4113475,2.82,1.0,ok,375.0
2025-02-27,CORZW,0.26,5.0,2.0,ok,182.0
2025-02-27,RILY,0.23226953,5.64,3.0,ok,390.0
2025-02-27,RRGB,0.19247782,4.52,4.0,ok,370.0
2025-02-27,CORZ,0.18413162,10.02,5.0,ok,390.0
2025-02-28,ORGO,0.32247555,3.07,1.0,ok,390.0
2025-02-28,ANAB,0.18572736,16.4,2.0,ok,341.0
2025-02-28,ENVB,0.16981125,2.12,3.0,ok,389.0
2025-02-28,EXFY,0.12422359,3.22,4.0,ok,362.0
2025-02-28,ACH,0.12336719,6.89,5.0,ok,389.0
2025-03-03,ACON,1.1522388,3.35,1.0,ok,370.0
2025-03-03,TRNR,0.23346305,2.57,2.0,ok,390.0
2025-03-03,BFRG,0.14301443,2.09,3.0,ok,219.0
2025-03-03,HUT,0.11932206,14.75,4.0,ok,390.0
2025-03-03,BKKT,0.10887778,11.94,5.0,ok,305.0
2025-03-04,JFIN,0.25455093,7.07,1.0,ok,254.0
2025-03-04,TRNR,0.14935064,2.31,2.0,ok,390.0
2025-03-04,CAPR,0.10534012,13.67,3.0,ok,388.0
2025-03-05,CTOS,0.3308457,4.02,1.0,ok,371.0
2025-03-05,OPFI,0.20366275,9.35,2.0,ok,385.0
2025-03-05,NAGE,0.19821429,5.6,3.0,ok,390.0
2025-03-05,NEXN,0.14420485,7.42,4.0,ok,348.0
2025-03-05,LZMH,0.12261152,6.28,5.0,ok,181.0
2025-03-06,ECX,0.19074678,2.41,1.0,ok,349.0
2025-03-06,TRNR,0.15420556,2.14,2.0,ok,387.0
2025-03-06,MYE,0.1420883,9.74,3.0,ok,346.0
2025-03-06,TH,0.12635374,5.54,4.0,ok,336.0
2025-03-06,ACDC,0.10856271,6.54,5.0,ok,359.0
2025-03-07,APEI,0.23636365,19.25,1.0,ok,239.0
2025-03-07,GAP,0.15277028,19.48,2.0,ok,390.0
2025-03-10,TRVI,0.5325581,4.3,1.0,ok,390.0
2025-03-10,MLYS,0.34315586,10.52,2.0,ok,390.0
2025-03-10,XNET,0.106666684,4.5,3.0,ok,290.0
2025-03-10,DWTX,0.106060624,6.6,4.0,ok,383.0
2025-03-10,KAZR,0.10265291,8.67,5.0,ok,202.0
2025-03-11,SNOA,0.5448029,2.79,1.0,ok,388.0
2025-03-11,MYO,0.3357314,4.17,2.0,ok,374.0
2025-03-11,LFMD,0.2716627,4.27,3.0,ok,388.0
2025-03-11,BVS,0.24885833,8.76,4.0,ok,337.0
2025-03-11,HLLY,0.17499995,2.4,5.0,ok,326.0
2025-03-12,GRPN,0.25383818,9.77,1.0,ok,390.0
2025-03-12,SPHL,0.20333326,6.0,2.0,ok,284.0
2025-03-12,DWTX,0.16711593,11.13,3.0,ok,362.0
2025-03-12,SFIX,0.15130019,4.23,4.0,ok,388.0
2025-03-12,TBCH,0.10921991,14.1,5.0,ok,233.0
2025-03-13,CRVO,0.26256073,6.17,1.0,ok,389.0
2025-03-13,MGTX,0.20592833,6.41,2.0,ok,386.0
2025-03-13,RAIL,0.19582665,6.23,3.0,ok,350.0
2025-03-13,SRTA,0.15547705,2.83,4.0,ok,371.0
2025-03-13,HMR,0.11764705,2.55,5.0,ok,390.0
2025-03-14,AAOI,0.49023318,15.87,1.0,ok,390.0
2025-03-14,GDOT,0.17319274,6.64,2.0,ok,360.0
2025-03-14,QBTS,0.11432707,6.91,3.0,ok,390.0
2025-03-14,QMCO,0.113360405,14.82,4.0,ok,390.0
2025-03-14,GOGO,0.1033479,6.87,5.0,ok,388.0
2025-03-17,FEED,0.7543727,2.2059,1.0,ok,389.0
2025-03-17,ANNX,0.21153855,2.6,2.0,ok,381.0
2025-03-17,QUBT,0.20169258,7.09,3.0,ok,390.0
2025-03-17,ARQQ,0.13933337,15.0,4.0,ok,380.0
2025-03-17,QNTM,0.13905942,4.89,5.0,ok,374.0
2025-03-18,SCNX,0.22177422,2.48,1.0,ok,390.0
2025-03-18,AIFF,0.108986616,5.23,2.0,ok,350.0
2025-03-19,LSE,0.47232938,7.77,1.0,ok,389.0
2025-03-19,ATER,0.12796223,2.11,2.0,ok,390.0
2025-03-19,OLMA,0.10386479,4.14,3.0,ok,338.0
2025-03-19,STNE,0.10261762,9.85,4.0,ok,390.0
2025-03-20,ELAB,0.17730498,5.64,1.0,ok,268.0
2025-03-20,DBI,0.10005641,3.8,2.0,ok,367.0
2025-03-21,IBO,0.51923084,2.08,1.0,ok,386.0
2025-03-21,CURV,0.25497282,5.53,2.0,ok,223.0
2025-03-21,ELAB,0.15625,6.4,3.0,ok,309.0
2025-03-24,HUHU,0.18624163,5.96,1.0,ok,248.0
2025-03-24,OSUR,0.10465109,3.44,2.0,ok,339.0
2025-03-24,LXEO,0.103321075,2.71,3.0,ok,383.0
2025-03-24,DMRA,0.100000024,6.1,4.0,ok,324.0
2025-03-25,MBLY,0.13368273,15.26,1.0,ok,390.0
2025-03-26,VIVO,0.46460176,2.26,1.0,ok,390.0
2025-03-26,WVE,0.13665259,9.44,2.0,ok,388.0
2025-03-26,PLTK,0.13171446,4.4,3.0,ok,387.0
2025-03-26,MYSE,0.117724895,3.78,4.0,ok,378.0
2025-03-26,PRM,0.106476426,9.11,5.0,ok,378.0
2025-03-27,WOOF,0.20081973,2.44,1.0,ok,390.0
2025-03-27,NTHI,0.1560694,12.11,2.0,thin_session,
2025-03-27,MREO,0.13924062,2.37,3.0,ok,360.0
2025-03-27,IBO,0.13636363,2.2,4.0,ok,284.0
2025-03-27,ZGN,0.1228044,7.08,5.0,ok,370.0
2025-03-28,ALP,1.5371549,4.71,1.0,ok,381.0
2025-03-28,QNTM,0.17780423,8.38,2.0,ok,384.0
2025-03-28,SMTK,0.10529387,3.438,3.0,ok,144.0
2025-03-31,HERE,0.24345028,3.42,1.0,ok,360.0
2025-03-31,MCHB,0.11988056,9.3,2.0,ok,366.0
2025-04-01,CSAI,0.35135138,4.44,1.0,ok,382.0
2025-04-01,OMER,0.11435521,8.22,2.0,ok,328.0
2025-04-01,LXEH,0.10067117,19.37,3.0,thin_session,
2025-04-02,SBFM,0.58173084,2.08,1.0,ok,390.0
2025-04-02,TTEC,0.24464834,3.27,2.0,ok,390.0
2025-04-02,HERE,0.13373864,6.58,3.0,ok,363.0
2025-04-02,ANGO,0.12939954,9.66,4.0,ok,345.0
2025-04-02,CGNT,0.11922133,8.22,5.0,ok,362.0
2025-04-03,VBIO,0.48923075,3.25,1.0,ok,366.0
2025-04-04,USAR,0.3076923,6.5,1.0,ok,359.0
2025-04-07,BJDX,1.3371105,3.53,1.0,ok,366.0
2025-04-08,AGL,0.27294123,4.25,1.0,ok,390.0
2025-04-08,SPIR,0.25,7.48,2.0,ok,378.0
2025-04-08,CRMD,0.23723233,6.07,3.0,ok,376.0
2025-04-08,BTU,0.17821777,10.31,4.0,ok,390.0
2025-04-08,LEVI,0.16358018,13.5,5.0,ok,390.0
2025-04-09,DXF,0.19937694,6.42,1.0,ok,289.0
2025-04-09,HMY,0.11946201,12.97,2.0,ok,390.0
2025-04-09,BTU,0.117753625,11.26,3.0,ok,390.0
2025-04-10,LOVE,0.15003133,15.93,1.0,ok,370.0
2025-04-10,KROS,0.12971926,10.33,2.0,ok,389.0
2025-04-11,BGLC,0.35023046,2.17,1.0,ok,367.0
2025-04-11,BULL,0.33111477,12.02,2.0,thin_session,
2025-04-11,CBLL,0.16412556,11.15,3.0,ok,350.0
2025-04-11,ABSI,0.13238287,2.455,4.0,ok,384.0
2025-04-11,CERT,0.12654614,10.51,5.0,ok,386.0
2025-04-14,BULL,1.0860376,13.25,1.0,ok,362.0
2025-04-14,USAR,0.16967511,8.31,2.0,ok,386.0
2025-04-14,MB,0.16562498,3.2,3.0,ok,290.0
2025-04-14,GPCR,0.13207555,15.9,4.0,ok,358.0
2025-04-14,CEPU,0.12075472,10.7,5.0,thin_session,
2025-04-15,TMC,0.25971735,2.83,1.0,ok,390.0
2025-04-15,USAR,0.21787238,11.75,2.0,ok,390.0
2025-04-15,BULLW,0.18720317,2.4006,3.0,ok,317.0
2025-04-15,IE,0.13861382,5.05,4.0,ok,384.0
2025-04-15,IPX,0.119253755,15.01,5.0,ok,172.0
2025-04-16,TGL,0.77884626,2.08,1.0,ok,390.0
2025-04-16,EDVA,0.41489363,2.82,2.0,ok,390.0
2025-04-16,NB,0.2352941,2.89,3.0,ok,390.0
2025-04-16,HTZ,0.19315064,3.65,4.0,ok,390.0
2025-04-17,QURE,0.38498402,9.39,1.0,ok,388.0
2025-04-17,DXF,0.31243253,9.25,2.0,ok,364.0
2025-04-17,HTZ,0.3012259,5.71,3.0,ok,390.0
2025-04-17,HTZWW,0.27666664,3.0,4.0,ok,355.0
2025-04-17,GPCR,0.16028059,18.53,5.0,ok,388.0
2025-04-21,SHFS,0.73094165,2.23,1.0,ok,390.0
2025-04-21,DWTX,0.26697886,4.27,2.0,ok,385.0
2025-04-22,EDVA,0.22255635,6.65,1.0,ok,361.0
2025-04-22,MTEN,0.16721308,6.1,2.0,ok,114.0
2025-04-22,BHC,0.105932236,4.72,3.0,ok,372.0
2025-04-22,BIYA,0.105121255,3.71,4.0,ok,94.0
2025-04-23,SNOA,0.75965667,2.33,1.0,ok,390.0
2025-04-23,UPXI,0.26944447,9.0,2.0,ok,384.0
2025-04-23,RZLT,0.2427653,3.11,3.0,ok,382.0
2025-04-23,MIND,0.21323526,5.44,4.0,ok,329.0
2025-04-23,NDRA,0.20247626,3.0853,5.0,ok,252.0
2025-04-24,BCTX,0.72191536,5.43,1.0,ok,390.0
2025-04-24,CYH,0.20164609,2.43,2.0,ok,389.0
2025-04-24,EPSM,0.18773234,5.38,3.0,ok,316.0
2025-04-24,XXI,0.16363645,16.5,4.0,ok,378.0
2025-04-24,PONY,0.12523031,5.43,5.0,ok,390.0
2025-04-25,PONY,0.2338177,7.57,1.0,ok,390.0
2025-04-25,MBOT,0.100823045,2.43,2.0,ok,359.0
2025-04-28,WOLF,0.16360855,3.27,1.0,ok,390.0
2025-04-28,SABR,0.13242006,2.19,2.0,ok,382.0
2025-04-28,SXTC,0.11790395,2.29,3.0,ok,258.0
2025-04-28,UPC,0.11428571,4.2,4.0,ok,208.0
2025-04-28,SSII,0.1004405,11.35,5.0,ok,109.0
2025-04-29,LFMD,0.31639338,6.1,1.0,ok,390.0
2025-04-29,CLVT,0.19220066,3.59,2.0,ok,386.0
2025-04-29,WOLF,0.13801444,4.13,3.0,ok,390.0
2025-04-29,LZMH,0.13483155,8.01,4.0,ok,153.0
2025-04-29,PUMP,0.13472486,5.27,5.0,ok,384.0
2025-04-30,RCKY,0.28171086,13.95,1.0,ok,302.0
2025-04-30,SKYA,0.22099996,5.0,2.0,ok,384.0
2025-04-30,JAKK,0.15257049,19.46,3.0,ok,191.0
2025-04-30,ORN,0.11374414,6.33,4.0,ok,302.0
2025-05-01,FEED,0.46503484,2.86,1.0,ok,388.0
2025-05-01,VISN,0.20384622,3.74,2.0,ok,390.0
2025-05-01,MAX,0.17976189,8.4,3.0,ok,323.0
2025-05-01,TZOO,0.16510451,13.87,4.0,ok,165.0
2025-05-01,UPBD,0.1251384,19.9,5.0,ok,367.0
2025-05-02,KIDZ,0.52145517,5.36,1.0,ok,369.0
2025-05-02,NPKI,0.27814567,6.04,2.0,ok,376.0
2025-05-02,ADPT,0.19701087,7.36,3.0,ok,390.0
2025-05-02,BTSG,0.13743019,17.9,4.0,ok,389.0
2025-05-02,CPS,0.113009214,15.22,5.0,ok,374.0
2025-05-05,FNGR,0.19485295,2.72,1.0,ok,373.0
2025-05-05,DFSC,0.11551714,5.8,2.0,ok,304.0
2025-05-06,TALO,0.21640742,7.07,1.0,ok,390.0
2025-05-06,TDUP,0.21396387,4.44,2.0,ok,390.0
2025-05-06,AMRC,0.20378327,11.63,3.0,ok,355.0
2025-05-06,SEDG,0.1493808,12.92,4.0,ok,390.0
2025-05-06,HRTX,0.14553988,2.13,5.0,ok,382.0
2025-05-07,ANGI,0.33244443,11.25,1.0,ok,387.0
2025-05-07,CURI,0.31205165,3.3,2.0,ok,382.0
2025-05-07,EHTH,0.26923084,4.68,3.0,ok,338.0
2025-05-07,PRCH,0.263407,6.34,4.0,ok,390.0
2025-05-07,NRDS,0.25295508,8.46,5.0,ok,358.0
2025-05-08,ASST,0.63716805,3.39,1.0,ok,373.0
2025-05-08,ONT,0.2936877,15.05,2.0,ok,330.0
2025-05-08,AVAH,0.2614107,4.82,3.0,ok,313.0
2025-05-08,QBTS,0.25834548,6.89,4.0,ok,390.0
2025-05-08,ZVIA,0.25123155,2.03,5.0,ok,386.0
2025-05-09,WBUY,1.233474,7.11,1.0,ok,374.0
2025-05-09,ZKIN,0.6428571,2.52,2.0,ok,390.0
2025-05-09,LASR,0.329849,8.61,3.0,ok,330.0
2025-05-09,MITK,0.29284906,8.81,4.0,ok,303.0
2025-05-09,GDOT,0.28390813,8.7,5.0,ok,367.0
2025-05-12,NAKA,6.311538,3.9,1.0,ok,373.0
2025-05-12,FTRE,0.2829268,6.15,2.0,ok,374.0
2025-05-12,RGTIW,0.21352816,3.7906,3.0,ok,202.0
2025-05-12,ZIM,0.1701808,14.27,4.0,ok,390.0
2025-05-12,GCT,0.15758622,14.5,5.0,ok,381.0
2025-05-13,LICN,0.5258621,3.48,1.0,ok,362.0
2025-05-13,INHD,0.40254235,2.36,2.0,ok,381.0
2025-05-13,XHG,0.28125,2.24,3.0,ok,375.0
2025-05-13,BKKT,0.2617383,10.01,4.0,ok,385.0
2025-05-13,OPRX,0.25,9.2,5.0,ok,354.0
2025-05-14,SEPN,0.6077266,6.73,1.0,ok,390.0
2025-05-14,ABSI,0.2195946,2.96,2.0,ok,386.0
2025-05-14,WBUY,0.19172418,7.25,3.0,ok,185.0
2025-05-14,FNGR,0.18719172,4.38,4.0,ok,359.0
2025-05-14,LUXE,0.13258433,8.9,5.0,thin_session,
2025-05-15,IA,0.23537421,7.35,1.0,ok,339.0
2025-05-15,DLO,0.21963978,10.19,2.0,ok,378.0
2025-05-15,AARD,0.20709383,8.74,3.0,thin_session,
2025-05-15,STLN,0.19409287,2.37,4.0,ok,380.0
2025-05-15,HCWB,0.19182742,8.81,5.0,ok,244.0
2025-05-16,TSSI,0.46561444,8.87,1.0,ok,390.0
2025-05-16,SORA,0.43066657,7.5,2.0,ok,313.0
2025-05-16,BULLW,0.29149795,2.47,3.0,ok,211.0
2025-05-16,QUBT,0.13961041,9.24,4.0,ok,390.0
2025-05-16,EVLV,0.13095248,4.2,5.0,ok,390.0
2025-05-19,NVAX,0.2035662,6.73,1.0,ok,390.0
2025-05-19,CHAI,0.12554109,2.31,2.0,ok,390.0
2025-05-20,CHAI,0.5356264,4.07,1.0,ok,386.0
2025-05-20,TIL,0.20236683,16.9,2.0,ok,209.0
2025-05-20,QBTS,0.16654003,13.15,3.0,ok,390.0
2025-05-20,XYF,0.15270162,15.0,4.0,ok,292.0
2025-05-20,ARMP,0.13924062,2.37,5.0,ok,200.0
2025-05-21,ASST,0.29198968,7.74,1.0,ok,386.0
2025-05-21,EDBL,0.26944447,3.6,2.0,ok,381.0
2025-05-21,NAKA,0.25164258,15.22,3.0,ok,389.0
2025-05-21,GOOS,0.1569506,8.92,4.0,ok,389.0
2025-05-21,GPUS,0.14099789,4.61,5.0,ok,382.0
2025-05-22,ASST,0.15796018,8.04,1.0,ok,390.0
2025-05-22,LUMN,0.14435697,3.81,2.0,ok,390.0
2025-05-22,TIL,0.13440204,16.22,3.0,ok,370.0
2025-05-23,FNUC,0.18475068,3.41,1.0,ok,382.0
2025-05-23,UEC,0.16279078,5.16,2.0,ok,390.0
2025-05-23,LTBR,0.1322701,10.66,3.0,ok,390.0
2025-05-23,FULC,0.11437917,6.12,4.0,ok,350.0
2025-05-23,UUUU,0.111111164,4.5,5.0,ok,390.0
2025-05-27,SBET,4.0491076,6.72,1.0,ok,386.0
2025-05-27,MTAL,0.18522167,10.15,2.0,ok,367.0
2025-05-27,GYRE,0.17511511,8.68,3.0,ok,326.0
2025-05-27,FLD,0.14596272,4.83,4.0,ok,284.0
2025-05-27,RGTIW,0.124282956,5.23,5.0,ok,227.0
2025-05-28,LVWR,0.4453125,2.56,1.0,ok,390.0
2025-05-28,MNRO,0.30675912,12.77,2.0,ok,388.0
2025-05-28,JOBY,0.1656977,6.88,3.0,ok,390.0
2025-05-28,BULLW,0.10787165,3.43,4.0,ok,176.0
2025-05-28,VLOSU,0.100000024,12.0,5.0,thin_session,
2025-05-29,LZMH,0.26447976,19.51,1.0,ok,306.0
2025-05-29,ORIC,0.22110558,5.97,2.0,ok,390.0
2025-05-29,TSHA,0.16803277,2.44,3.0,ok,390.0
2025-05-29,YSXT,0.13786364,6.6,4.0,thin_session,
2025-05-29,KSS,0.12352252,8.1,5.0,ok,386.0
2025-05-30,RRGB,0.3961661,3.13,1.0,ok,386.0
2025-05-30,VIVO,0.2959906,4.24,2.0,ok,372.0
2025-05-30,SPRO,0.17370892,2.13,3.0,ok,389.0
2025-05-30,LVWR,0.15156806,2.87,4.0,ok,390.0
2025-05-30,PATH,0.14837718,12.94,5.0,ok,390.0
2025-06-02,VERA,0.6749339,18.95,1.0,ok,390.0
2025-06-02,BMGL,0.36759865,6.08,2.0,ok,325.0
2025-06-02,CENX,0.23757267,15.49,3.0,ok,390.0
2025-06-02,CLF,0.23327613,5.83,4.0,ok,390.0
2025-06-02,APLD,0.21083462,6.83,5.0,ok,390.0
2025-06-03,AGEN,0.16828084,4.13,1.0,ok,382.0
2025-06-03,JOBY,0.13199997,7.5,2.0,ok,390.0
2025-06-03,BMGL,0.117347,3.92,3.0,ok,390.0
2025-06-03,LTBR,0.10661507,14.21,4.0,ok,373.0
2025-06-03,SRFM,0.10648143,2.16,5.0,ok,313.0
2025-06-04,BAOS,0.8312237,2.37,1.0,ok,389.0
2025-06-04,VCIG,0.23051953,3.08,2.0,ok,380.0
2025-06-04,YEXT,0.15249264,6.82,3.0,ok,386.0
2025-06-04,WETO,0.13821137,2.46,4.0,ok,202.0
2025-06-04,SGMT,0.11432505,3.63,5.0,ok,390.0
2025-06-05,TGE,0.69269276,9.99,1.0,ok,272.0
2025-06-05,LIMN,0.67505896,12.71,2.0,ok,350.0
2025-06-05,ZENA,0.4874214,3.18,3.0,ok,386.0
2025-06-05,TJGC,0.36168826,15.4,4.0,ok,378.0
2025-06-05,PL,0.30827057,3.99,5.0,ok,390.0
2025-06-06,HYPD,0.36624193,3.14,1.0,ok,390.0
2025-06-06,RENT,0.36201787,6.74,2.0,ok,303.0
2025-06-06,NX,0.2168963,17.09,3.0,ok,359.0
2025-06-06,TGE,0.20517933,10.04,4.0,ok,333.0
2025-06-06,MANU,0.111513376,13.81,5.0,ok,298.0
2025-06-09,TPST,0.33160305,8.2457,1.0,ok,317.0
2025-06-09,UMAC,0.19946086,7.42,2.0,ok,389.0
2025-06-09,EVTL,0.15241635,5.38,3.0,ok,374.0
2025-06-09,NXAT,0.14705884,3.4,4.0,ok,390.0
2025-06-09,MB,0.14580643,7.75,5.0,ok,149.0
2025-06-10,ZENA,0.15859032,4.54,1.0,ok,372.0
2025-06-10,MFI,0.14339614,2.65,2.0,ok,262.0
2025-06-10,SKIL,0.13391876,18.22,3.0,thin_session,
2025-06-10,ARAI,0.13264501,6.295,4.0,ok,382.0
2025-06-10,QTRX,0.11067188,5.06,5.0,ok,381.0
2025-06-11,ABCL,0.15894043,3.02,1.0,ok,390.0
2025-06-11,SAIL,0.14860046,19.65,2.0,ok,390.0
2025-06-11,RGTIW,0.14213192,3.94,3.0,ok,278.0
2025-06-11,USBC,0.1390729,3.02,4.0,ok,385.0
2025-06-11,OUST,0.13661873,16.03,5.0,ok,390.0
2025-06-12,HIND,0.30131006,2.29,1.0,ok,390.0
2025-06-12,AGIG,0.23260069,5.46,2.0,ok,368.0
2025-06-12,PL,0.1510129,5.43,3.0,ok,388.0
2025-06-12,INDO,0.13622296,3.23,4.0,ok,385.0
2025-06-12,HPP,0.12730408,2.48,5.0,ok,390.0
2025-06-13,AGIG,0.8011204,7.14,1.0,ok,386.0
2025-06-13,INDO,0.33615816,3.54,2.0,ok,390.0
2025-06-13,DFNS,0.26897693,12.12,3.0,ok,376.0
2025-06-13,IMPP,0.13931894,3.23,4.0,ok,278.0
2025-06-13,SSL,0.12577319,4.85,5.0,ok,343.0
2025-06-16,ECHO,0.44121146,16.84,1.0,ok,390.0
2025-06-16,NXAT,0.4068966,2.9,2.0,ok,342.0
2025-06-16,BRRWW,0.22222221,2.16,3.0,ok,192.0
2025-06-16,NEON,0.18976808,16.81,4.0,ok,364.0
2025-06-16,SBET,0.1813246,9.21,5.0,ok,390.0
2025-06-17,SAFX,0.45248866,2.21,1.0,ok,389.0
2025-06-17,BGSF,0.3930055,4.02,2.0,ok,306.0
2025-06-17,RBNE,0.26268113,5.52,3.0,ok,366.0
2025-06-17,TJGC,0.17808223,3.65,4.0,ok,317.0
2025-06-17,XTIA,0.17689526,2.77,5.0,ok,389.0
2025-06-18,LSE,0.71171165,5.55,1.0,ok,388.0
2025-06-18,EZRA,0.4422804,2.17,2.0,ok,390.0
2025-06-18,TMC,0.11488974,5.44,3.0,ok,390.0
2025-06-18,BATL,0.1095407,2.83,4.0,ok,315.0
2025-06-18,GOGO,0.10853958,12.53,5.0,ok,389.0
2025-06-20,AIFF,0.22666669,3.0,1.0,ok,380.0
2025-06-20,DFSC,0.19982159,11.21,2.0,ok,345.0
2025-06-20,NEXR,0.18244803,6.495,3.0,ok,227.0
2025-06-20,GALT,0.1793313,3.29,4.0,ok,350.0
2025-06-20,GRRR,0.17490697,18.81,5.0,ok,390.0
2025-06-23,AGIG,0.43716216,14.8,1.0,ok,390.0
2025-06-23,INDO,0.30434787,5.06,2.0,ok,390.0
2025-06-23,RBNE,0.30392158,6.12,3.0,ok,388.0
2025-06-23,CRMD,0.22997797,13.61,4.0,ok,389.0
2025-06-23,GEOS,0.21671021,11.49,5.0,ok,389.0
2025-06-24,NA,1.6556473,10.89,1.0,ok,382.0
2025-06-24,NKTR,1.0880504,9.54,2.0,ok,390.0
2025-06-24,WFF,0.220891,6.51,3.0,ok,314.0
2025-06-24,KEP,0.20414197,10.38,4.0,ok,361.0
2025-06-24,CTOR,0.13,2.5,5.0,ok,243.0
2025-06-25,QS,0.38799083,4.33,1.0,ok,390.0
2025-06-25,SRFM,0.22222233,3.6,2.0,ok,362.0
2025-06-25,INDI,0.16413379,3.29,3.0,ok,387.0
2025-06-25,BMBL,0.15547025,5.21,4.0,ok,390.0
2025-06-25,TIGR,0.12546122,8.13,5.0,ok,390.0
2025-06-26,LIVE,0.1715976,8.45,1.0,ok,324.0
2025-06-26,VVOS,0.16721308,3.05,2.0,ok,246.0
2025-06-26,SRFM,0.11023617,2.54,3.0,ok,390.0
2025-06-26,YAAS,0.10602915,4.81,4.0,ok,259.0
2025-06-26,TLS,0.10035837,2.79,5.0,ok,367.0
2025-06-27,CYN,0.6095587,13.6,1.0,ok,386.0
2025-06-27,INMB,0.4808917,6.28,2.0,ok,382.0
2025-06-27,BBLG,0.4639424,4.16,3.0,ok,385.0
2025-06-27,GCTK,0.2739463,5.22,4.0,ok,333.0
2025-06-27,SKYE,0.14117646,4.25,5.0,ok,361.0
2025-06-30,CIGL,1.5467775,9.62,1.0,thin_session,
2025-06-30,NFE,0.20000005,2.5,2.0,ok,390.0
2025-06-30,DFSC,0.17511511,10.85,3.0,ok,154.0
2025-06-30,LIMN,0.16033757,9.48,4.0,ok,189.0
2025-06-30,BDMD,0.15384614,3.9,5.0,ok,255.0
2025-07-01,CLRO,1.173913,5.75,1.0,ok,382.0
2025-07-01,ATAI,0.2054795,2.19,2.0,ok,390.0
2025-07-01,DDC,0.193578,10.9,3.0,ok,97.0
2025-07-01,PL,0.16885245,6.1,4.0,ok,390.0
2025-07-01,TRNR,0.14726031,5.84,5.0,ok,317.0
2025-07-02,DAIC,0.86984813,4.61,1.0,ok,370.0
2025-07-02,SCAG,0.5738498,4.13,2.0,ok,242.0
2025-07-02,NAMM,0.35901165,6.88,3.0,ok,368.0
2025-07-02,CYN,0.2335937,12.8,4.0,ok,390.0
2025-07-02,DQ,0.1163398,15.3,5.0,ok,389.0
2025-07-03,NMAD,0.49504948,2.02,1.0,ok,323.0
2025-07-03,CV,0.41714287,3.5,2.0,ok,300.0
2025-07-03,FIEE,0.37827718,2.67,3.0,ok,342.0
2025-07-03,AEBI,0.26063347,11.18,4.0,ok,320.0
2025-07-03,BULLW,0.2156862,5.1,5.0,ok,103.0
2025-07-07,COGT,0.18337739,7.58,1.0,ok,386.0
2025-07-07,PRME,0.1575563,3.11,2.0,ok,389.0
2025-07-07,BTBT,0.14625847,2.94,3.0,ok,390.0
2025-07-07,SY,0.10769224,3.25,4.0,ok,384.0
2025-07-08,NDRA,2.0665975,3.4566,1.0,ok,381.0
2025-07-08,WOLF,0.4285282,2.31,2.0,ok,390.0
2025-07-08,OCC,0.2596686,3.62,3.0,ok,350.0
2025-07-08,ZEPP,0.23563218,3.48,4.0,ok,376.0
2025-07-08,VIOT,0.2313677,2.64,5.0,ok,365.0
2025-07-09,PROK,0.55761385,3.73,1.0,ok,390.0
2025-07-09,SOBR,0.43620193,3.37,2.0,ok,388.0
2025-07-09,KZIA,0.43589747,6.825,3.0,ok,350.0
2025-07-09,BTCT,0.28486645,3.37,4.0,ok,325.0
2025-07-09,WKHS,0.24723256,2.71,5.0,ok,389.0
2025-07-10,USAR,0.18896842,9.79,1.0,ok,387.0
2025-07-10,LIMN,0.15134096,5.22,2.0,ok,267.0
2025-07-10,CRML,0.14840996,2.83,3.0,ok,367.0
2025-07-10,METC,0.14409447,12.7,4.0,ok,390.0
2025-07-10,POET,0.1147542,6.1,5.0,ok,390.0
2025-07-11,CVM,0.6387435,3.82,1.0,ok,302.0
2025-07-11,GAUZ,0.20336127,5.95,2.0,ok,351.0
2025-07-11,RCAT,0.19469023,6.78,3.0,ok,390.0
2025-07-11,BTCS,0.14895117,4.29,4.0,ok,390.0
2025-07-11,BTCT,0.14133334,3.75,5.0,ok,378.0
2025-07-14,DARE,2.145129,2.515,1.0,ok,390.0
2025-07-14,YHC,0.34615386,2.6,2.0,ok,389.0
2025-07-14,HUBC,0.24603176,2.52,3.0,ok,353.0
2025-07-14,SQNS,0.17999995,4.5,4.0,ok,386.0
2025-07-14,HYPD,0.13378692,13.23,5.0,ok,331.0
2025-07-15,KC,0.1605035,12.71,1.0,ok,389.0
2025-07-15,PROK,0.15040648,3.69,2.0,ok,390.0
2025-07-15,QXL,0.1394422,5.02,3.0,ok,131.0
2025-07-15,VNET,0.1373738,7.92,4.0,ok,389.0
2025-07-15,PMA,0.12103748,3.47,5.0,ok,231.0
2025-07-16,NUWE,1.74106,6.895,1.0,ok,377.0
2025-07-16,DTST,0.3431952,3.38,2.0,ok,388.0
2025-07-16,PEW,0.24129927,17.24,3.0,ok,373.0
2025-07-16,BTCS,0.2086438,4.75,4.0,ok,390.0
2025-07-16,DPRO,0.19529092,3.61,5.0,ok,390.0
2025-07-17,EMPD,3.415186,9.2243,1.0,ok,352.0
2025-07-17,XXII,0.67248905,4.58,2.0,ok,373.0
2025-07-17,LCID,0.3100437,2.29,3.0,ok,390.0
2025-07-17,SRPT,0.22633302,18.38,4.0,ok,390.0
2025-07-17,BTCS,0.15028083,5.76,5.0,ok,390.0
2025-07-18,LITS,0.9955554,4.5,1.0,ok,374.0
2025-07-18,BZAI,0.75247526,3.03,2.0,ok,390.0
2025-07-18,MESO,0.24797404,12.34,3.0,ok,387.0
2025-07-18,LAWR,0.247159,3.52,4.0,ok,366.0
2025-07-18,IH,0.18445599,3.04,5.0,ok,94.0
2025-07-21,GCTK,0.6655232,5.83,1.0,ok,371.0
2025-07-21,OPEN,0.23555553,2.25,2.0,ok,381.0
2025-07-21,PWCM,0.20433438,3.23,3.0,ok,387.0
2025-07-21,UAVS,0.17821789,2.02,4.0,ok,390.0
2025-07-21,CD,0.16085267,5.16,5.0,ok,313.0
2025-07-22,KSS,0.8954184,10.42,1.0,ok,386.0
2025-07-22,LCFY,0.2759924,5.29,2.0,ok,323.0
2025-07-22,GVH,0.257123,7.16,3.0,ok,343.0
2025-07-22,OPEN,0.211838,3.21,4.0,ok,386.0
2025-07-22,NXDR,0.18048787,2.05,5.0,thin_session,
2025-07-23,PAPL,1.4200001,3.5,1.0,ok,376.0
2025-07-23,DNUT,0.38498783,4.13,2.0,ok,390.0
2025-07-23,IOVA,0.19808304,3.13,3.0,ok,390.0
2025-07-23,FLWS,0.1548872,6.65,4.0,ok,374.0
2025-07-23,ATYR,0.13167942,5.24,5.0,ok,390.0
2025-07-24,BGMS,0.31999993,14.0,1.0,ok,355.0
2025-07-24,MXL,0.29242814,15.32,2.0,ok,390.0
2025-07-24,UAVS,0.21380472,2.97,3.0,ok,390.0
2025-07-24,LIMN,0.19783616,6.47,4.0,ok,380.0
2025-07-24,ATHR,0.153481,6.32,5.0,ok,295.0
2025-07-25,LHAI,1.0905862,5.63,1.0,ok,376.0
2025-07-25,HTOO,0.42706132,4.73,2.0,ok,381.0
2025-07-25,FRMM,0.3145541,2.13,3.0,ok,385.0
2025-07-25,COUR,0.27202642,9.08,4.0,ok,390.0
2025-07-25,LIDR,0.18493152,2.92,5.0,ok,390.0
2025-07-28,CELC,2.3376904,13.77,1.0,ok,390.0
2025-07-28,SMX,0.3443395,2.12,2.0,ok,390.0
2025-07-28,CRVO,0.34075725,8.98,3.0,ok,380.0
2025-07-28,SUIG,0.31186438,5.9,4.0,ok,389.0
2025-07-28,LIDR,0.20405865,4.435,5.0,ok,381.0
2025-07-29,FRMM,0.5463917,2.91,1.0,thin_session,
2025-07-29,SRPT,0.31529582,13.86,2.0,ok,390.0
2025-07-29,SCNI,0.29024398,2.05,3.0,ok,386.0
2025-07-29,XPRO,0.22222221,9.0,4.0,ok,390.0
2025-07-29,UAVS,0.14644349,2.39,5.0,ok,383.0
2025-07-30,REPL,0.71066666,3.75,1.0,ok,390.0
2025-07-30,HAPN,0.27383685,13.11,2.0,ok,390.0
2025-07-30,VFC,0.20995843,12.4,3.0,ok,390.0
2025-07-30,SUPX,0.18486345,16.12,4.0,ok,357.0
2025-07-30,RCON,0.18141592,2.26,5.0,ok,354.0
2025-07-31,APLD,0.25324023,10.03,1.0,ok,390.0
2025-07-31,INDV,0.19913793,17.4,2.0,ok,387.0
2025-07-31,MDXG,0.16564417,6.52,3.0,ok,376.0
2025-07-31,RSI,0.1550436,16.06,4.0,ok,390.0
2025-07-31,ALHC,0.15384614,13.0,5.0,ok,390.0
2025-08-01,NAMM,0.43939388,3.96,1.0,ok,385.0
2025-08-01,FDMT,0.1733334,4.5,2.0,ok,390.0
2025-08-01,ATEC,0.13185263,10.58,3.0,ok,390.0
2025-08-01,FLGT,0.12048888,17.18,4.0,ok,292.0
2025-08-01,SUIG,0.11191332,5.54,5.0,ok,309.0
2025-08-04,PBM,0.92813563,2.36,1.0,ok,390.0
2025-08-04,VISN,0.7752652,7.79,2.0,ok,390.0
2025-08-04,UNIT,0.5417516,4.91,3.0,ok,357.0
2025-08-04,SNGX,0.5255474,2.74,4.0,ok,389.0
2025-08-04,SRTA,0.30158734,3.78,5.0,ok,390.0
2025-08-05,AIP,0.51111114,9.45,1.0,ok,390.0
2025-08-05,STAA,0.4478097,18.49,2.0,ok,390.0
2025-08-05,TCMD,0.3538928,9.89,3.0,ok,336.0
2025-08-05,AMRC,0.2964071,16.7,4.0,ok,384.0
2025-08-05,CSTL,0.29569197,15.32,5.0,ok,373.0
2025-08-06,MYGN,0.33979332,3.87,1.0,ok,390.0
2025-08-06,CYRX,0.2759645,6.74,2.0,ok,387.0
2025-08-06,FLYW,0.26156068,10.38,3.0,ok,390.0
2025-08-06,GO,0.22503829,13.02,4.0,ok,390.0
2025-08-06,EHTH,0.22324157,3.27,5.0,ok,363.0
2025-08-07,AVAH,0.36760926,3.89,1.0,ok,387.0
2025-08-07,ARHS,0.2566446,9.87,2.0,ok,383.0
2025-08-07,MATV,0.24132752,6.28,3.0,ok,340.0
2025-08-07,RUN,0.23484015,9.07,4.0,ok,390.0
2025-08-07,XERS,0.22495449,5.49,5.0,ok,389.0
2025-08-08,LZ,0.28434885,8.37,1.0,ok,390.0
2025-08-08,REAL,0.27949178,5.51,2.0,ok,389.0
2025-08-08,OPRX,0.26557636,12.84,3.0,ok,365.0
2025-08-08,TKNO,0.26267278,4.34,4.0,ok,294.0
2025-08-08,EMBC,0.24521458,10.36,5.0,ok,346.0
2025-08-11,IMXI,0.63954747,9.28,1.0,ok,390.0
2025-08-11,AUUD,0.32435083,2.65,2.0,ok,378.0
2025-08-11,BNC,0.21637416,17.1,3.0,ok,334.0
2025-08-11,TLS,0.20588219,2.38,4.0,ok,390.0
2025-08-11,SGML,0.19209564,5.44,5.0,ok,389.0
2025-08-12,FRMM,0.7904191,3.34,1.0,ok,374.0
2025-08-12,YSXT,0.20704842,2.27,2.0,ok,129.0
2025-08-12,GDOT,0.20644498,9.93,3.0,ok,383.0
2025-08-12,SBGI,0.18560278,12.56,4.0,ok,372.0
2025-08-12,ONDS,0.14868808,3.43,5.0,ok,390.0
2025-08-13,FRMM,0.40185547,10.24,1.0,ok,390.0
2025-08-13,WBTN,0.36217952,9.36,2.0,ok,390.0
2025-08-13,TGEN,0.24036276,8.82,3.0,ok,359.0
2025-08-13,XFOR,0.23643422,2.58,4.0,ok,390.0
2025-08-13,SMWB,0.19295776,7.1,5.0,ok,296.0
2025-08-14,SNOA,0.844692,3.052,1.0,ok,374.0
2025-08-14,WULF,0.31868124,5.46,2.0,ok,390.0
2025-08-14,JEM,0.2698413,5.04,3.0,ok,169.0
2025-08-14,DLO,0.16536129,11.69,4.0,ok,390.0
2025-08-14,CINT,0.16460896,4.86,5.0,ok,281.0
2025-08-15,PPSI,0.55627024,3.11,1.0,ok,390.0
2025-08-15,VBIO,0.45428574,3.5,2.0,ok,384.0
2025-08-15,KULR,0.18026567,5.27,3.0,ok,388.0
2025-08-15,VIOT,0.15299773,3.73,4.0,ok,311.0
2025-08-15,AMBO,0.14905143,3.69,5.0,ok,78.0
2025-08-18,PPCB,1.020906,2.87,1.0,ok,390.0
2025-08-18,GDRX,0.24664879,3.73,2.0,ok,390.0
2025-08-18,XNET,0.21126759,6.39,3.0,ok,389.0
2025-08-18,WULF,0.115942,8.97,4.0,ok,390.0
2025-08-18,OTLK,0.111111164,2.34,5.0,ok,379.0
2025-08-19,LASE,0.8699186,2.46,1.0,ok,390.0
2025-08-19,LIDR,0.1500001,2.6,2.0,ok,387.0
2025-08-19,IOVA,0.12199998,2.5,3.0,ok,390.0
2025-08-19,KYIV,0.116666675,13.5,4.0,ok,380.0
2025-08-19,TH,0.101863265,8.05,5.0,ok,358.0
2025-08-20,PPCB,0.3365667,3.67,1.0,ok,389.0
2025-08-20,RCKT,0.31615114,2.91,2.0,ok,390.0
2025-08-20,HTZ,0.123077035,5.2,3.0,ok,390.0
2025-08-21,CNTN,0.38300848,3.59,1.0,ok,382.0
2025-08-21,VELO,0.2056961,3.16,2.0,ok,355.0
2025-08-21,LYTS,0.15888834,19.3,3.0,ok,263.0
2025-08-22,LIMN,0.37769783,2.78,1.0,ok,390.0
2025-08-22,FMFC,0.17891812,7.21,2.0,ok,354.0
2025-08-25,SKYA,0.549966,7.355,1.0,ok,390.0
2025-08-25,VELO,0.28534698,3.89,2.0,ok,370.0
2025-08-25,ASST,0.22624433,4.42,3.0,ok,388.0
2025-08-25,AEHR,0.16408837,18.1,4.0,ok,389.0
2025-08-25,CGTX,0.12633455,2.81,5.0,ok,390.0
2025-08-26,PACK,0.2795031,4.83,1.0,ok,386.0
2025-08-26,SER,0.24113476,5.64,2.0,ok,344.0
2025-08-26,OPAD,0.14560437,3.64,3.0,ok,390.0
2025-08-26,OTLK,0.13973057,2.97,4.0,ok,389.0
2025-08-26,DOMO,0.10621393,13.84,5.0,ok,349.0
2025-08-27,KSS,0.26194263,13.04,1.0,ok,390.0
2025-08-27,SKYA,0.17677295,9.73,2.0,ok,382.0
2025-08-27,VIR,0.12162161,4.44,3.0,ok,387.0
2025-08-27,GOOS,0.109285116,12.17,4.0,ok,389.0
2025-08-28,GPRE,0.16683412,9.95,1.0,ok,384.0
2025-08-28,VELO,0.1222707,4.58,2.0,ok,221.0
2025-08-28,SPRC,0.11971831,4.26,3.0,ok,374.0
2025-08-28,OPAD,0.11904764,3.36,4.0,ok,390.0
2025-08-28,TVTX,0.106651306,17.44,5.0,ok,376.0
2025-08-29,DFNS,0.47425473,3.69,1.0,ok,386.0
2025-08-29,WOOF,0.23219812,3.23,2.0,ok,389.0
2025-08-29,NEO,0.21775305,7.21,3.0,ok,390.0
2025-08-29,SOGP,0.17636359,12.5,4.0,ok,389.0
2025-08-29,YDKG,0.17102134,4.21,5.0,ok,237.0
2025-09-02,MLYS,0.46253228,15.48,1.0,ok,390.0
2025-09-02,MNKD,0.32026136,4.59,2.0,ok,390.0
2025-09-02,ULCC,0.14897954,4.9,3.0,ok,390.0
2025-09-03,STI,1.2835364,3.28,1.0,ok,386.0
2025-09-03,JEM,0.51351357,2.22,2.0,ok,390.0
2025-09-03,GEG,0.28125,2.56,3.0,ok,379.0
2025-09-03,IPDN,0.24460435,6.95,4.0,ok,360.0
2025-09-03,LPTH,0.22606933,4.91,5.0,ok,381.0
2025-09-04,BRIA,0.8870568,2.5599,1.0,ok,390.0
2025-09-04,HWH,0.40406322,4.43,2.0,ok,381.0
2025-09-04,AEO,0.30339622,13.62,3.0,ok,390.0
2025-09-05,DLTH,0.15041792,3.59,1.0,ok,356.0
2025-09-05,FBIO,0.14788735,2.84,2.0,ok,384.0
2025-09-05,CIGL,0.116838455,2.91,3.0,ok,368.0
2025-09-05,ASST,0.107078075,5.51,4.0,ok,386.0
2025-09-05,LAWR,0.101382494,2.17,5.0,ok,288.0
2025-09-08,RAPP,1.6754875,14.36,1.0,ok,389.0
2025-09-08,FWDI,0.8648732,16.355,2.0,ok,349.0
2025-09-08,HOUR,0.4642856,3.64,3.0,ok,360.0
2025-09-08,QS,0.2831633,7.84,4.0,ok,390.0
2025-09-08,MCRB,0.23192143,19.36,5.0,ok,343.0
2025-09-09,ZONE,0.48433053,3.51,1.0,ok,381.0
2025-09-09,MGIH,0.28318584,2.26,2.0,ok,344.0
2025-09-09,DC,0.11764705,4.59,3.0,ok,363.0
2025-09-09,WYFI,0.100000024,16.0,4.0,ok,374.0
2025-09-10,ASST,0.8210987,6.28,1.0,ok,360.0
2025-09-10,DUO,0.1898017,3.53,2.0,ok,321.0
2025-09-10,REVB,0.16309023,2.33,3.0,ok,353.0
2025-09-10,MEI,0.14936328,7.4,4.0,ok,301.0
2025-09-10,DAKT,0.14228344,17.43,5.0,ok,365.0
2025-09-11,MOGU,1.8440001,2.5,1.0,ok,385.0
2025-09-11,MAZE,0.31710362,16.02,2.0,ok,390.0
2025-09-11,OPEN,0.29863477,5.86,3.0,ok,390.0
2025-09-11,WLDS,0.2771343,5.18,4.0,ok,382.0
2025-09-11,MIMI,0.15999997,9.0,5.0,ok,347.0
2025-09-12,HCWB,0.6536144,3.32,1.0,ok,389.0
2025-09-12,ANGX,0.30384624,13.0,2.0,ok,349.0
2025-09-12,ADXN,0.2551254,8.78,3.0,ok,201.0
2025-09-12,MGIH,0.23744285,2.19,4.0,ok,369.0
2025-09-12,HUIZ,0.23674917,2.83,5.0,ok,378.0
2025-09-15,HSDT,2.2142856,7.56,1.0,ok,370.0
2025-09-15,GLUE,0.5010395,4.81,2.0,ok,390.0
2025-09-15,AZIO,0.24264717,4.08,3.0,ok,355.0
2025-09-15,RCEL,0.20833337,4.56,4.0,ok,390.0
2025-09-15,KEEL,0.13452911,2.23,5.0,ok,390.0
2025-09-16,WBTN,0.32085562,14.96,1.0,ok,390.0
2025-09-16,DFNS,0.22718441,5.15,2.0,ok,386.0
2025-09-16,MBAI,0.22439349,2.12,3.0,ok,388.0
2025-09-16,JMIA,0.13483143,9.79,4.0,ok,390.0
2025-09-16,ZONE,0.104477644,2.68,5.0,ok,374.0
2025-09-17,NFE,0.385,2.0,1.0,ok,390.0
2025-09-17,CWD,0.36063004,6.35,2.0,ok,386.0
2025-09-17,FGNX,0.24229074,6.81,3.0,ok,362.0
2025-09-17,ORKA,0.18926167,14.9,4.0,ok,348.0
2025-09-17,QNRX,0.16498697,8.2061,5.0,ok,237.0
2025-09-18,LASE,0.42142856,2.8,1.0,ok,390.0
2025-09-18,NBTX,0.2300787,10.2026,2.0,ok,169.0
2025-09-18,PESI,0.15628827,8.19,3.0,ok,247.0
2025-09-18,KEEL,0.1098361,3.05,4.0,ok,390.0
2025-09-18,TURB,0.105589986,11.27,5.0,ok,310.0
2025-09-19,AGMH,2.134529,2.23,1.0,ok,386.0
2025-09-19,ZOOZ,0.948498,2.33,2.0,ok,386.0
2025-09-19,YDKG,0.31896555,3.48,3.0,ok,314.0
2025-09-19,MGIH,0.20491803,2.44,4.0,ok,346.0
2025-09-19,WLDS,0.19491518,4.72,5.0,ok,372.0
2025-09-22,AVX,2.0082986,2.41,1.0,ok,390.0
2025-09-22,AIXC,1.9225354,2.84,2.0,ok,390.0
2025-09-22,MBX,1.24,10.0,3.0,ok,390.0
2025-09-22,PLTS,0.77699864,7.13,4.0,ok,361.0
2025-09-22,BKKT,0.3697319,10.44,5.0,ok,390.0
2025-09-23,SLE,1.3536584,3.28,1.0,ok,378.0
2025-09-23,IPDN,0.4685315,2.86,2.0,ok,389.0
2025-09-23,SLNH,0.40714288,2.1,3.0,ok,390.0
2025-09-23,FLD,0.20876288,3.88,4.0,ok,388.0
2025-09-23,FLNA,0.1637932,2.32,5.0,ok,390.0
2025-09-24,QURE,1.8814056,13.66,1.0,ok,390.0
2025-09-24,SHFS,1.6349695,3.26,2.0,ok,386.0
2025-09-24,LAC,0.64657974,3.07,3.0,ok,390.0
2025-09-24,CLPT,0.3388158,12.16,4.0,ok,390.0
2025-09-24,AQMS,0.33333325,4.05,5.0,ok,387.0
2025-09-25,PEPG,1.218045,2.66,1.0,ok,390.0
2025-09-25,LUXE,0.15789473,8.17,2.0,ok,368.0
2025-09-25,LAC,0.12811983,6.01,3.0,ok,390.0
2025-09-25,CAPR,0.10016155,6.19,4.0,ok,385.0
2025-09-26,BIAF,0.81231666,3.41,1.0,ok,373.0
2025-09-26,DPU,0.5822785,3.16,2.0,ok,379.0
2025-09-26,AQST,0.11977184,5.26,3.0,ok,390.0
2025-09-26,IONR,0.10239649,4.59,4.0,ok,287.0
2025-09-29,XTND,0.6291971,6.85,1.0,ok,383.0
2025-09-29,ZURA,0.48962653,2.41,2.0,ok,390.0
2025-09-29,STKH,0.4307692,4.3348,3.0,ok,349.0
2025-09-29,IBG,0.30962336,2.39,4.0,ok,348.0
2025-09-29,AVTX,0.23148143,10.8,5.0,ok,313.0
2025-09-30,SPRC,0.3183856,4.46,1.0,ok,386.0
2025-09-30,IBG,0.27301586,3.15,2.0,ok,386.0
2025-09-30,PATH,0.20859873,12.56,3.0,ok,390.0
2025-09-30,DPRO,0.18848932,6.95,4.0,ok,390.0
2025-09-30,EFTY,0.16856945,14.89,5.0,ok,231.0
2025-10-01,LAC,0.30823112,5.71,1.0,ok,390.0
2025-10-01,UCFI,0.29584348,4.09,2.0,ok,105.0
2025-10-01,NVA,0.27256095,16.4,3.0,ok,249.0
2025-10-01,TWG,0.21688497,6.87,4.0,ok,186.0
2025-10-01,RZLV,0.21485949,4.98,5.0,ok,390.0
2025-10-02,CIGL,0.4941634,2.57,1.0,ok,390.0
2025-10-02,BTTC,0.30151844,4.61,2.0,thin_session,
2025-10-02,TSHA,0.26886785,3.18,3.0,ok,390.0
2025-10-02,ANGX,0.2577319,7.76,4.0,ok,389.0
2025-10-02,ANGO,0.1499548,11.07,5.0,ok,380.0
2025-10-03,QCLS,0.20588243,5.1,1.0,ok,387.0
2025-10-03,PLUG,0.13780928,2.83,2.0,ok,390.0
2025-10-03,KDK,0.121522665,6.83,3.0,ok,376.0
2025-10-03,RUM,0.112313986,7.39,4.0,ok,390.0
2025-10-03,DBVT,0.10040808,12.25,5.0,ok,138.0
2025-10-06,CRML,0.44047618,7.98,1.0,ok,367.0
2025-10-06,IONR,0.25789475,4.75,2.0,ok,375.0
2025-10-06,NIOBW,0.22448981,2.45,3.0,ok,164.0
2025-10-06,BTTC,0.1891892,9.25,4.0,ok,324.0
2025-10-06,PLUG,0.1811024,3.81,5.0,ok,390.0
2025-10-07,TMQ,2.4593303,2.09,1.0,ok,390.0
2025-10-07,SMTK,0.31768954,2.77,2.0,thin_session,
2025-10-07,DVLT,0.30274045,2.08,3.0,ok,390.0
2025-10-07,LXEO,0.27511597,6.47,4.0,ok,386.0
2025-10-07,BTQ,0.20549452,9.1,5.0,ok,390.0
2025-10-08,XBIO,1.7272727,4.29,1.0,ok,386.0
2025-10-08,ALP,1.374552,5.58,2.0,ok,389.0
2025-10-08,ACXP,0.67132866,4.29,3.0,ok,390.0
2025-10-08,UPC,0.4332688,5.17,4.0,ok,382.0
2025-10-08,CRMLW,0.4112426,3.38,5.0,ok,231.0
2025-10-09,TTRX,2.5307143,7.0,1.0,ok,378.0
2025-10-09,AMBO,0.45938385,3.57,2.0,ok,353.0
2025-10-09,BAOS,0.44410884,3.31,3.0,ok,389.0
2025-10-09,DMRA,0.43755877,10.65,4.0,ok,379.0
2025-10-09,SUGP,0.21764708,6.7995,5.0,ok,329.0
2025-10-10,OLOX,0.71296287,3.24,1.0,ok,390.0
2025-10-10,YDDL,0.50369,5.42,2.0,ok,369.0
2025-10-10,LFS,0.47909975,3.11,3.0,ok,356.0
2025-10-10,FMFC,0.41962183,8.46,4.0,ok,225.0
2025-10-10,YHGJ,0.33333337,6.0,5.0,ok,376.0
2025-10-13,PMAX,0.93822396,2.59,1.0,ok,388.0
2025-10-13,GWH,0.39423084,4.16,2.0,ok,378.0
2025-10-13,ACON,0.2579676,8.5972,3.0,ok,334.0
2025-10-13,IMSRW,0.22699392,8.15,4.0,ok,192.0
2025-10-13,UAMY,0.20311213,12.21,5.0,ok,390.0
2025-10-14,GWAV,1.0164511,8.51,1.0,ok,365.0
2025-10-14,ELAB,0.85988486,5.21,2.0,ok,385.0
2025-10-14,AQMS,0.70534813,9.91,3.0,ok,369.0
2025-10-14,CRMLW,0.5468497,12.38,4.0,ok,352.0
2025-10-14,AKA,0.38990068,10.4324,5.0,ok,146.0
2025-10-15,OMER,1.8268294,4.1,1.0,ok,390.0
2025-10-15,SDOT,1.1194603,5.19,2.0,ok,381.0
2025-10-15,VERI,0.45146525,5.46,3.0,ok,390.0
2025-10-15,IBG,0.43167698,3.22,4.0,ok,373.0
2025-10-15,RKDA,0.39837396,3.69,5.0,ok,380.0
2025-10-16,RYOJ,1.0714285,2.17,1.0,ok,388.0
2025-10-16,CRMLW,0.28406286,12.11,2.0,ok,283.0
2025-10-16,AQMS,0.23744619,13.94,3.0,ok,384.0
2025-10-16,IMSRW,0.1965065,11.45,4.0,ok,266.0
2025-10-16,QNRX,0.17878187,15.27,5.0,ok,157.0
2025-10-17,ARTV,1.0180507,2.77,1.0,ok,390.0
2025-10-17,ACHV,0.28896105,3.08,2.0,ok,387.0
2025-10-17,OLOX,0.23701298,3.08,3.0,ok,385.0
2025-10-20,REPL,1.042222,4.5,1.0,ok,390.0
2025-10-20,GSIT,0.47637796,5.08,2.0,ok,349.0
2025-10-20,FGI,0.27100837,4.76,3.0,ok,376.0
2025-10-20,ABAT,0.24020624,4.85,4.0,ok,390.0
2025-10-20,DGNX,0.19391894,14.8,5.0,ok,346.0
2025-10-21,AMCI,0.5625,8.32,1.0,ok,316.0
2025-10-21,RYOJ,0.28152633,3.8,2.0,ok,362.0
2025-10-21,GSIT,0.20894372,12.97,3.0,ok,390.0
2025-10-21,VELO,0.14418209,5.93,4.0,ok,362.0
2025-10-21,EOSE,0.13424385,15.01,5.0,ok,390.0
2025-10-22,BYND,0.70442,3.62,1.0,ok,334.0
2025-10-22,FLWS,0.32233012,5.15,2.0,ok,390.0
2025-10-22,DNUT,0.254717,3.71,3.0,ok,390.0
2025-10-22,WOK,0.25,3.92,4.0,ok,264.0
2025-10-22,RANI,0.24912286,2.85,5.0,ok,390.0
2025-10-23,SLMT,0.47305393,8.35,1.0,ok,382.0
2025-10-23,OLOX,0.34210527,2.28,2.0,ok,390.0
2025-10-23,BIOA,0.32231402,6.05,3.0,ok,380.0
2025-10-23,GTX,0.18734801,12.51,4.0,ok,390.0
2025-10-23,CLB,0.17989016,12.77,5.0,ok,357.0
2025-10-24,AIXC,0.6402266,3.53,1.0,ok,390.0
2025-10-24,NEUP,0.5555556,4.05,2.0,ok,382.0
2025-10-24,BYND,0.1672535,2.84,3.0,ok,390.0
2025-10-24,ARTV,0.15702474,4.84,4.0,ok,235.0
2025-10-24,GRND,0.14838207,12.67,5.0,ok,390.0
2025-10-27,CLIK,0.72141695,6.21,1.0,ok,388.0
2025-10-27,BBAR,0.43852913,10.11,2.0,ok,390.0
2025-10-27,DYN,0.36682236,17.12,3.0,ok,390.0
2025-10-27,SUPV,0.36255574,6.73,4.0,ok,390.0
2025-10-27,CEPU,0.31693125,9.45,5.0,ok,366.0
2025-10-28,NBTX,0.20026529,15.08,1.0,ok,164.0
2025-10-28,HELP,0.16743469,6.51,2.0,ok,382.0
2025-10-28,IMSRW,0.1457144,7.0,3.0,ok,138.0
2025-10-28,ARQT,0.14562118,19.64,4.0,ok,390.0
2025-10-28,SEV,0.10911429,7.79,5.0,ok,239.0
2025-10-29,PUMP,0.23287666,7.3,1.0,ok,390.0
2025-10-29,FUBO,0.18131864,3.64,2.0,ok,390.0
2025-10-29,GNTA,0.14999998,2.4,3.0,ok,373.0
2025-10-29,NPWR,0.13043475,3.45,4.0,thin_session,
2025-10-29,WKEY,0.10946274,12.47,5.0,ok,375.0
2025-10-30,TECX,0.25886142,18.62,1.0,ok,383.0
2025-10-30,GPRK,0.2226994,6.6,2.0,ok,384.0
2025-10-30,MAX,0.19064748,11.12,3.0,ok,355.0
2025-10-30,ARBB,0.18333328,6.0,4.0,ok,299.0
2025-10-30,EBS,0.15531921,9.4,5.0,ok,390.0
2025-10-31,GETY,0.522388,2.01,1.0,ok,390.0
2025-10-31,ARDX,0.28343308,5.01,2.0,ok,390.0
2025-10-31,ATEC,0.22627068,16.33,3.0,ok,390.0
2025-10-31,DPU,0.20401335,2.99,4.0,ok,294.0
2025-10-31,FIP,0.1860044,5.11,5.0,ok,388.0
2025-11-03,CRBU,0.40495872,2.42,1.0,ok,390.0
2025-11-03,AREC,0.28303874,3.85,2.0,ok,390.0
2025-11-03,CIFR,0.23002684,18.65,3.0,ok,390.0
2025-11-03,LGCL,0.20072997,2.74,4.0,ok,316.0
2025-11-03,KVUE,0.18745446,14.37,5.0,ok,390.0
2025-11-04,TCMD,0.3506657,15.77,1.0,ok,381.0
2025-11-04,IHRT,0.23024046,2.91,2.0,ok,390.0
2025-11-04,UPWK,0.20473444,15.63,3.0,ok,390.0
2025-11-04,HTZ,0.16194332,4.94,4.0,ok,390.0
2025-11-04,SGHC,0.12211895,10.56,5.0,ok,390.0
2025-11-05,APPS,0.3471284,5.92,1.0,ok,390.0
2025-11-05,BW,0.28208554,3.74,2.0,ok,390.0
2025-11-05,NPCE,0.23723412,9.4,3.0,ok,351.0
2025-11-05,RVLV,0.1831832,19.98,4.0,ok,389.0
2025-11-05,OSS,0.18008482,4.72,5.0,ok,353.0
2025-11-06,STGW,0.38981295,4.81,1.0,ok,390.0
2025-11-06,FWRD,0.24024868,17.69,2.0,ok,322.0
2025-11-06,MQ,0.2321428,4.48,3.0,ok,390.0
2025-11-06,FSLY,0.20198262,8.07,4.0,ok,390.0
2025-11-06,LZ,0.1921376,10.175,5.0,ok,390.0
2025-11-07,MSGM,1.0799086,2.19,1.0,ok,390.0
2025-11-07,ORGO,0.31362462,3.89,2.0,ok,390.0
2025-11-07,HLLY,0.23076916,2.73,3.0,ok,390.0
2025-11-07,TNDM,0.2003001,13.33,4.0,ok,389.0
2025-11-07,NATR,0.19227982,13.73,5.0,ok,233.0
2025-11-10,COGT,1.2105262,14.82,1.0,ok,390.0
2025-11-10,SOC,0.29775274,5.34,2.0,ok,390.0
2025-11-10,VFF,0.15202701,2.96,3.0,ok,381.0
2025-11-10,PRTH,0.14989734,4.87,4.0,ok,379.0
2025-11-10,NVA,0.14092445,8.87,5.0,ok,362.0
2025-11-11,BBAI,0.21891415,5.71,1.0,ok,390.0
2025-11-11,REAL,0.21231043,11.21,2.0,ok,390.0
2025-11-11,CYCU,0.21200001,2.64,3.0,ok,387.0
2025-11-11,PUBM,0.2026143,7.65,4.0,ok,389.0
2025-11-11,BODI,0.20119524,5.02,5.0,ok,358.0
2025-11-12,MH,0.1715039,11.37,1.0,ok,374.0
2025-11-12,AFJK,0.145082,12.2,2.0,thin_session,
2025-11-12,PAL,0.12765956,6.58,3.0,ok,326.0
2025-11-12,KOPN,0.125,2.8,4.0,ok,379.0
2025-11-12,IHS,0.12481427,6.73,5.0,ok,369.0
2025-11-13,OLOX,0.36401665,2.39,1.0,ok,390.0
2025-11-13,FLY,0.23812127,18.31,2.0,ok,390.0
2025-11-13,LVLU,0.22290397,4.89,3.0,ok,300.0
2025-11-13,CURI,0.18880093,3.76,4.0,ok,375.0
2025-11-13,CLBT,0.17720723,15.97,5.0,ok,386.0
2025-11-14,OWLT,0.11220479,10.16,1.0,ok,297.0
2025-11-17,SGML,0.35478544,6.06,1.0,ok,386.0
2025-11-17,ZYME,0.2960043,18.52,2.0,ok,389.0
2025-11-17,PACS,0.21455586,10.58,3.0,ok,390.0
2025-11-17,SSP,0.20588243,3.06,4.0,ok,386.0
2025-11-17,TNXP,0.13836479,15.9,5.0,ok,360.0
2025-11-18,OLMA,2.1050467,8.52,1.0,ok,386.0
2025-11-18,DGNX,0.19205308,13.59,2.0,ok,376.0
2025-11-18,ARVN,0.16847825,11.04,3.0,ok,390.0
2025-11-18,GRRR,0.1434232,12.62,4.0,ok,384.0
2025-11-18,CLIK,0.12850809,6.77,5.0,ok,300.0
2025-11-19,KZIA,0.34027767,5.76,1.0,ok,389.0
2025-11-19,OLOX,0.21700883,3.41,2.0,ok,390.0
2025-11-19,SGML,0.14543104,7.77,3.0,ok,390.0
2025-11-19,ANNX,0.118749976,3.2,4.0,ok,390.0
2025-11-19,CORZW,0.11339092,9.26,5.0,ok,193.0
2025-11-20,PACS,0.52644086,16.83,1.0,ok,390.0
2025-11-20,MAGN,0.3819095,7.96,2.0,ok,386.0
2025-11-20,CRNC,0.3232323,7.92,3.0,ok,390.0
2025-11-20,NNOX,0.1815182,3.03,4.0,ok,387.0
2025-11-20,ALLT,0.17096019,8.54,5.0,ok,314.0
2025-11-21,NVRI,0.36698592,13.57,1.0,ok,390.0
2025-11-21,MNDR,0.27796054,3.04,2.0,ok,390.0
2025-11-21,MFI,0.24412298,11.06,3.0,ok,254.0
2025-11-24,MFI,0.20701766,11.4,1.0,ok,206.0
2025-11-24,OSCR,0.20548964,13.48,2.0,ok,390.0
2025-11-24,EPSM,0.15598893,3.59,3.0,ok,352.0
2025-11-24,BGDE,0.123595595,4.45,4.0,ok,196.0
2025-11-25,BNED,0.28850782,6.69,1.0,ok,367.0
2025-11-25,KSS,0.23903072,15.73,2.0,ok,390.0
2025-11-25,FLNC,0.14841771,15.8,3.0,ok,390.0
2025-11-25,FLNA,0.113793015,2.9,4.0,ok,359.0
2025-11-25,BGDE,0.109803915,5.1,5.0,ok,221.0
2025-11-26,WOOF,0.19865322,2.97,1.0,ok,390.0
2025-11-26,ALP,0.17199993,2.15,2.0,ok,347.0
2025-11-26,AEHL,0.14687502,3.2,3.0,ok,387.0
2025-11-28,SMX,0.9252893,17.4,1.0,ok,327.0
2025-11-28,TMC,0.12521446,5.83,2.0,ok,329.0
2025-12-01,APUS,0.1448276,2.9,1.0,thin_session,
2025-12-01,GEOS,0.10782087,13.17,2.0,ok,271.0
2025-12-02,TAOP,0.4532709,2.14,1.0,ok,382.0
2025-12-02,XXI,0.15611064,11.21,2.0,ok,309.0
2025-12-02,FRMM,0.12460399,9.47,3.0,ok,373.0
2025-12-02,CDLR,0.11531842,17.43,4.0,ok,215.0
2025-12-03,CAPR,3.716981,6.36,1.0,ok,350.0
2025-12-03,KXIN,0.28709674,3.1,2.0,ok,365.0
2025-12-03,PMAX,0.28634357,2.27,3.0,ok,385.0
2025-12-03,AHMA,0.18285716,12.25,4.0,ok,367.0
2025-12-03,POET,0.15170944,4.68,5.0,ok,390.0
2025-12-04,PLRZ,1.3004229,7.09,1.0,ok,390.0
2025-12-04,QCLS,0.17344749,4.67,2.0,ok,390.0
2025-12-04,FLYE,0.14318705,8.66,3.0,ok,236.0
2025-12-05,NEXR,0.34000003,2.5,1.0,ok,384.0
2025-12-05,FTH,0.19034088,10.56,2.0,ok,232.0
2025-12-05,BGL,0.1347518,4.23,3.0,ok,191.0
2025-12-05,LGHL,0.10958898,4.38,4.0,ok,275.0
2025-12-08,CETX,1.6482086,3.07,1.0,ok,353.0
2025-12-08,WVE,0.712283,7.49,2.0,ok,390.0
2025-12-08,TWG,0.58236265,6.01,3.0,ok,312.0
2025-12-08,FULC,0.45617986,8.9,4.0,ok,390.0
2025-12-08,BDRX,0.43849206,5.04,5.0,ok,375.0
2025-12-09,XCUR,0.7223265,5.33,1.0,ok,390.0
2025-12-09,AMCI,0.32697678,7.8449,2.0,ok,380.0
2025-12-09,VOR,0.2625599,8.36,3.0,ok,390.0
2025-12-09,MAMA,0.24686933,11.18,4.0,ok,380.0
2025-12-09,TROX,0.24013066,3.75,5.0,ok,390.0
2025-12-10,ASPC,1.480916,10.48,1.0,ok,280.0
2025-12-10,ENVB,0.9695946,5.92,2.0,ok,390.0
2025-12-10,NXDR,0.34328365,2.01,3.0,ok,390.0
2025-12-10,BDRX,0.2285012,4.07,4.0,ok,372.0
2025-12-10,VELO,0.21547806,6.59,5.0,ok,379.0
2025-12-11,BGDE,0.26865673,6.7,1.0,ok,346.0
2025-12-11,PL,0.22024739,12.94,2.0,ok,390.0
2025-12-11,BQ,0.19000006,2.0,3.0,ok,357.0
2025-12-11,NXDR,0.166008,2.53,4.0,ok,390.0
2025-12-11,OCG,0.14942586,8.7,5.0,ok,320.0
2025-12-12,TLRY,0.38078296,8.43,1.0,ok,390.0
2025-12-12,NX,0.32616007,15.08,2.0,ok,383.0
2025-12-12,JZXN,0.28596795,5.63,3.0,ok,351.0
2025-12-12,VIVO,0.20472443,2.54,4.0,ok,322.0
2025-12-12,RENT,0.19182944,5.63,5.0,ok,284.0
2025-12-15,KYTX,0.38952172,8.78,1.0,ok,384.0
2025-12-15,AMCI,0.33579326,2.71,2.0,ok,373.0
2025-12-15,MIST,0.20746887,2.41,3.0,ok,390.0
2025-12-15,GLSI,0.2050327,10.73,4.0,ok,337.0
2025-12-15,IMNM,0.17118037,19.57,5.0,ok,390.0
2025-12-16,AMCI,0.6478679,7.27,1.0,ok,374.0
2025-12-16,RZLV,0.29094827,2.32,2.0,ok,390.0
2025-12-16,RILY,0.27150536,3.72,3.0,ok,390.0
2025-12-16,BDRX,0.22384942,4.78,4.0,ok,363.0
2025-12-17,DBVT,0.40711904,17.98,1.0,ok,361.0
2025-12-17,ZSTK,0.18665159,8.84,2.0,ok,124.0
2025-12-17,BEAT,0.15116274,3.44,3.0,ok,390.0
2025-12-17,COUR,0.11335015,7.94,4.0,ok,389.0
2025-12-17,ATLX,0.1017369,4.03,5.0,ok,286.0
2025-12-18,SOC,0.5246211,5.28,1.0,ok,390.0
2025-12-18,DJT,0.28319013,10.47,2.0,ok,390.0
2025-12-18,IA,0.25295734,10.99,3.0,ok,374.0
2025-12-18,SPAI,0.2198143,3.23,4.0,ok,316.0
2025-12-18,FCEL,0.17594934,7.9,5.0,ok,390.0
2025-12-19,RDAC,0.25120306,10.39,1.0,ok,204.0
2025-12-19,WYFI,0.18881118,14.3,2.0,ok,383.0
2025-12-19,OLOX,0.12448132,2.41,3.0,ok,355.0
2025-12-19,DJTWW,0.1010499,7.62,4.0,ok,292.0
2025-12-22,AZI,0.66999996,2.5,1.0,ok,390.0
2025-12-22,HYMC,0.27496946,16.42,2.0,ok,390.0
2025-12-22,ADEA,0.26871562,12.77,3.0,ok,368.0
2025-12-22,FJET,0.15545595,6.69,4.0,ok,375.0
2025-12-22,VELO,0.15420127,10.83,5.0,ok,377.0
2025-12-23,XTND,0.1975398,13.82,1.0,ok,165.0
2025-12-23,SOC,0.16184211,7.6,2.0,ok,390.0
2025-12-23,PXLW,0.1348685,6.08,3.0,ok,134.0
2025-12-24,OMER,0.87885725,8.75,1.0,thin_session,
2025-12-26,ASPC,0.6512667,13.42,1.0,ok,298.0
2025-12-26,SIDU,0.36363637,2.2,2.0,ok,390.0
2025-12-26,PBK,0.125,2.0,3.0,ok,341.0
2025-12-26,AMCI,0.10160422,9.35,4.0,ok,389.0
2025-12-29,TII,0.16718268,3.23,1.0,ok,264.0
2025-12-30,CHRN,0.6025641,5.46,1.0,ok,386.0
2025-12-30,CETX,0.36492884,2.11,2.0,ok,390.0
2025-12-30,FLYE,0.28098392,5.285,3.0,ok,337.0
2025-12-30,SIDU,0.14591444,2.57,4.0,ok,390.0
2026-01-02,ANGH,0.58189666,2.32,1.0,ok,299.0
2026-01-02,IRWD,0.37987983,3.33,2.0,ok,390.0
2026-01-02,SIDU,0.36891377,2.67,3.0,ok,390.0
2026-01-02,SLS,0.3444109,3.31,4.0,ok,390.0
2026-01-02,NUAI,0.24472582,2.37,5.0,ok,390.0
2026-01-05,MNTS,0.7247387,5.74,1.0,ok,381.0
2026-01-05,GHRS,0.42114055,13.24,2.0,ok,374.0
2026-01-05,KZIA,0.18000007,5.0,3.0,ok,173.0
2026-01-05,ASTI,0.17487681,4.06,4.0,ok,365.0
2026-01-05,ALT,0.16666663,3.51,5.0,ok,390.0
2026-01-06,ALMS,1.6714802,8.31,1.0,ok,390.0
2026-01-06,AZI,0.537037,2.16,2.0,ok,390.0
2026-01-06,WVE,0.26999998,15.0,3.0,ok,390.0
2026-01-06,AEVA,0.25744832,13.09,4.0,ok,390.0
2026-01-06,IMSR,0.2353363,6.99,5.0,ok,390.0
2026-01-07,GLUE,0.36851966,16.01,1.0,ok,390.0
2026-01-07,AZI,0.20867205,3.69,2.0,ok,380.0
2026-01-07,MNTS,0.19023395,9.83,3.0,ok,390.0
2026-01-07,MBLY,0.15681446,12.18,4.0,ok,390.0
2026-01-08,MLTX,0.4340124,11.29,1.0,ok,390.0
2026-01-08,ASPC,0.3616891,16.34,2.0,ok,232.0
2026-01-08,NEOG,0.25203252,7.38,3.0,ok,390.0
2026-01-08,SER,0.23553717,2.42,4.0,ok,148.0
2026-01-08,SMPL,0.112287045,19.37,5.0,ok,390.0
2026-01-09,CETX,0.31034482,2.9,1.0,ok,390.0
2026-01-09,LDI,0.15163934,2.44,2.0,ok,390.0
2026-01-09,KUST,0.15140843,2.84,3.0,ok,332.0
2026-01-09,ICON,0.13975155,3.22,4.0,ok,341.0
2026-01-09,ASPI,0.12732923,6.44,5.0,ok,390.0
2026-01-12,OM,0.42324555,4.56,1.0,ok,384.0
2026-01-12,INBS,0.2834822,17.92,2.0,ok,368.0
2026-01-12,RXST,0.16515839,8.84,3.0,ok,336.0
2026-01-12,KC,0.15698719,11.02,4.0,ok,383.0
2026-01-12,OSS,0.13135076,8.07,5.0,ok,390.0
2026-01-13,AZIO,0.32669318,2.51,1.0,ok,390.0
2026-01-13,OSS,0.14545465,10.45,2.0,ok,389.0
2026-01-13,PDYN,0.13875592,6.27,3.0,ok,390.0
2026-01-13,KELYA,0.13495624,9.56,4.0,ok,341.0
2026-01-14,AZI,0.16225159,3.02,1.0,ok,379.0
2026-01-14,KULR,0.15942025,3.45,2.0,ok,390.0
2026-01-14,GSIT,0.15364587,7.68,3.0,ok,380.0
2026-01-14,GCDT,0.12826598,4.21,4.0,ok,237.0
2026-01-14,AGIG,0.12111795,3.22,5.0,ok,361.0
2026-01-15,RILY,0.33183026,7.54,1.0,ok,390.0
2026-01-15,RFIL,0.25797498,7.21,2.0,ok,321.0
2026-01-15,ROLR,0.20963478,18.89,3.0,ok,382.0
2026-01-15,OCUL,0.13188803,11.07,4.0,ok,390.0
2026-01-16,ACCL,0.44816053,2.99,1.0,ok,373.0
2026-01-16,BNAI,0.21015763,5.71,2.0,ok,351.0
2026-01-16,IBRX,0.18987334,3.95,3.0,ok,390.0
2026-01-16,CGTL,0.17060363,3.81,4.0,ok,361.0
2026-01-16,KOPN,0.114864826,2.96,5.0,ok,390.0
2026-01-20,CRVS,0.6782608,8.05,1.0,ok,390.0
2026-01-20,TII,0.21130216,4.07,2.0,ok,376.0
2026-01-20,MASS,0.19561243,5.47,3.0,ok,302.0
2026-01-20,IBRX,0.18478262,5.52,4.0,ok,390.0
2026-01-20,NUAI,0.15935338,4.33,5.0,ok,386.0
2026-01-21,BNAI,0.47317076,6.15,1.0,ok,381.0
2026-01-21,IMSRW,0.14078677,4.83,2.0,thin_session,
2026-01-21,TII,0.10905349,4.86,3.0,ok,381.0
2026-01-22,SXTP,1.9949999,2.0,1.0,ok,390.0
2026-01-22,IOTR,1.2457337,2.93,2.0,ok,390.0
2026-01-22,ROLR,0.24619281,7.88,3.0,ok,377.0
2026-01-22,CABA,0.16452992,2.34,4.0,ok,390.0
2026-01-22,SPHL,0.13089001,5.73,5.0,ok,321.0
2026-01-23,MOVE,1.8891487,6.97,1.0,ok,386.0
2026-01-23,DRCT,1.3549783,2.31,2.0,ok,386.0
2026-01-23,KUST,0.71078444,2.04,3.0,ok,390.0
2026-01-23,RTB,0.4026718,5.24,4.0,ok,372.0
2026-01-23,BGL,0.25352108,4.26,5.0,ok,390.0
2026-01-26,BNAI,2.346784,16.48,1.0,ok,358.0
2026-01-26,NAMM,0.4967742,3.1,2.0,ok,382.0
2026-01-26,LE,0.19822061,14.05,3.0,ok,373.0
2026-01-26,SWAG,0.17431188,2.18,4.0,ok,226.0
2026-01-26,PLG,0.15561962,3.47,5.0,ok,390.0
2026-01-27,NUWE,1.055814,2.15,1.0,ok,390.0
2026-01-27,NAMM,0.2800982,4.07,2.0,ok,390.0
2026-01-27,NTLA,0.18351257,13.95,3.0,ok,390.0
2026-01-27,RDW,0.115419745,10.96,4.0,ok,390.0
2026-01-27,UMC,0.10554552,11.33,5.0,ok,390.0
2026-01-28,PDYN,0.46165645,6.52,1.0,ok,390.0
2026-01-28,AZI,0.26406932,2.31,2.0,ok,387.0
2026-01-28,KUST,0.1990521,2.11,3.0,ok,356.0
2026-01-28,SUPX,0.1850512,16.59,4.0,ok,304.0
2026-01-28,LTRX,0.17997098,6.89,5.0,ok,388.0
2026-01-29,XHLD,0.6745099,2.55,1.0,ok,390.0
2026-01-29,ZSTK,0.41899443,8.95,2.0,ok,261.0
2026-01-29,SER,0.41176462,2.72,3.0,ok,389.0
2026-01-29,VTIX,0.2886598,10.67,4.0,ok,335.0
2026-01-29,KRRO,0.26603937,11.69,5.0,ok,291.0
2026-01-30,LRHC,0.5050168,2.99,1.0,ok,388.0
2026-01-30,ANL,0.39663088,6.53,2.0,ok,378.0
2026-01-30,SPHL,0.17499995,4.0,3.0,ok,277.0
2026-01-30,ATCX,0.16538465,7.8,4.0,ok,127.0
2026-01-30,GITS,0.15820897,3.35,5.0,ok,341.0
2026-02-02,VHUB,1.0249221,6.42,1.0,ok,377.0
2026-02-02,AQST,0.35593224,2.95,2.0,ok,390.0
2026-02-02,ATTT,0.25348186,3.59,3.0,ok,69.0
2026-02-02,SLGB,0.2136364,2.2,4.0,ok,167.0
2026-02-02,NAMM,0.160326,3.68,5.0,ok,375.0
2026-02-03,FIEE,0.20155036,5.16,1.0,ok,280.0
2026-02-03,SCZM,0.12948382,11.43,2.0,ok,275.0
2026-02-03,WULF,0.12127972,13.44,3.0,ok,390.0
2026-02-03,FEED,0.11983466,2.42,4.0,ok,334.0
2026-02-03,THM,0.117886186,2.46,5.0,ok,365.0
2026-02-04,CIGL,0.3796296,2.7,1.0,ok,381.0
2026-02-04,FEED,0.34756088,2.46,2.0,ok,390.0
2026-02-04,APPS,0.194332,4.94,3.0,ok,389.0
2026-02-04,INNV,0.14840996,5.66,4.0,ok,361.0
2026-02-04,TLF,0.13391614,2.875,5.0,ok,144.0
2026-02-05,BYRN,0.13666117,12.22,1.0,ok,373.0
2026-02-05,EMBC,0.11141062,11.35,2.0,ok,333.0
2026-02-06,QNST,0.26401436,11.06,1.0,ok,360.0
2026-02-06,GLXY,0.16538,16.84,2.0,ok,390.0
2026-02-06,BATL,0.1291666,2.4,3.0,ok,386.0
2026-02-06,MITK,0.120162964,9.82,4.0,ok,371.0
2026-02-06,GWAV,0.11428571,4.55,5.0,ok,115.0
2026-02-09,MNTS,0.24666667,6.0,1.0,ok,389.0
2026-02-09,PHOE,0.2035011,13.71,2.0,ok,84.0
2026-02-09,NEXN,0.1576271,5.9,3.0,ok,257.0
2026-02-09,DFNS,0.11650491,2.06,4.0,ok,337.0
2026-02-09,QS,0.110979915,8.47,5.0,ok,390.0
2026-02-10,EVMN,0.7374927,16.99,1.0,ok,387.0
2026-02-10,VSTS,0.22814202,7.32,2.0,ok,385.0
2026-02-10,LUXE,0.16429496,7.73,3.0,ok,292.0
2026-02-10,DDL,0.15867162,2.71,4.0,ok,357.0
2026-02-10,YEXT,0.14663959,4.91,5.0,ok,389.0
2026-02-11,MNTN,0.41451418,8.13,1.0,ok,388.0
2026-02-11,BETA,0.19141316,16.77,2.0,ok,390.0
2026-02-11,JAGU,0.12703586,3.07,3.0,ok,309.0
2026-02-11,KELYB,0.11586046,18.01,4.0,thin_session,
2026-02-12,FSLY,0.4489795,9.31,1.0,ok,390.0
2026-02-12,NVCR,0.3714285,10.5,2.0,ok,390.0
2026-02-12,PRCH,0.23386025,7.59,3.0,ok,388.0
2026-02-12,MH,0.21150732,12.34,4.0,ok,386.0
2026-02-12,IA,0.2065332,18.98,5.0,ok,303.0
2026-02-13,CRSR,0.41484714,4.58,1.0,ok,390.0
2026-02-13,RIVN,0.2692858,14.0,2.0,ok,390.0
2026-02-13,ATOM,0.16317987,2.39,3.0,ok,390.0
2026-02-13,MITK,0.12945259,11.51,4.0,ok,358.0
2026-02-13,NCI,0.12844038,2.18,5.0,ok,387.0
2026-02-17,OBAI,0.85942495,3.13,1.0,ok,386.0
2026-02-17,CMPS,0.3476764,5.81,2.0,ok,390.0
2026-02-17,RIME,0.29885054,3.48,3.0,ok,381.0
2026-02-17,LFS,0.2314049,2.42,4.0,ok,390.0
2026-02-17,SUNE,0.19268298,2.05,5.0,ok,380.0
2026-02-18,BENF,0.22513092,3.82,1.0,ok,384.0
2026-02-18,RSI,0.20011806,16.94,2.0,ok,390.0
2026-02-18,QMCO,0.14438498,5.61,3.0,ok,333.0
2026-02-18,CNVS,0.13284123,2.71,4.0,ok,332.0
2026-02-18,VIVO,0.118852496,2.44,5.0,ok,361.0
2026-02-19,CDIO,0.23943663,2.13,1.0,ok,383.0
2026-02-19,RELY,0.20132267,13.61,2.0,ok,390.0
2026-02-19,NP,0.19415343,18.13,3.0,ok,258.0
2026-02-19,BAND,0.17321014,12.99,4.0,ok,342.0
2026-02-19,HLF,0.14752102,16.54,5.0,thin_session,
2026-02-20,CDIO,0.3571428,2.24,1.0,ok,390.0
2026-02-20,TNDM,0.22829366,18.52,2.0,ok,390.0
2026-02-20,OPEN,0.18279564,4.65,3.0,ok,390.0
2026-02-20,ANPA,0.16085792,11.19,4.0,ok,319.0
2026-02-20,CMRC,0.14965987,2.94,5.0,ok,358.0
2026-02-23,VNDA,0.39670134,5.76,1.0,ok,390.0
2026-02-23,LEGN,0.16280341,18.12,2.0,ok,387.0
2026-02-23,IBRX,0.14367819,8.7,3.0,ok,390.0
2026-02-23,SSTK,0.12156856,16.05,4.0,ok,294.0
2026-02-24,VIR,0.3236878,7.43,1.0,ok,390.0
2026-02-24,LRMR,0.27758002,2.81,2.0,ok,390.0
2026-02-24,MYGN,0.27168953,4.38,3.0,ok,382.0
2026-02-24,SGHC,0.15248954,9.72,4.0,ok,383.0
2026-02-24,CDIO,0.14617944,3.01,5.0,ok,371.0
2026-02-25,UIS,0.21830976,2.13,1.0,ok,374.0
2026-02-25,SGML,0.18333328,12.6,2.0,ok,390.0
2026-02-25,ACHC,0.18258595,17.17,3.0,ok,390.0
2026-02-25,RYAM,0.1743375,7.17,4.0,ok,380.0
2026-02-25,LFST,0.11834741,7.14,5.0,ok,390.0
2026-02-26,HCTI,0.4079175,5.81,1.0,ok,377.0
2026-02-26,BFLY,0.29193556,3.1,2.0,ok,390.0
2026-02-26,ARHS,0.2584523,8.38,3.0,ok,377.0
2026-02-26,DNUT,0.22575247,2.99,4.0,ok,390.0
2026-02-26,FA,0.21638644,9.52,5.0,ok,390.0
2026-02-27,BATL,0.23132527,4.15,1.0,ok,381.0
2026-02-27,CDIO,0.21168578,5.22,2.0,ok,390.0
2026-02-27,PRAA,0.20560372,12.67,3.0,ok,362.0
2026-02-27,ARLO,0.18152344,12.34,4.0,ok,388.0
2026-02-27,FIGS,0.1684041,12.47,5.0,ok,390.0
2026-03-02,BATL,0.93840575,5.52,1.0,ok,386.0
2026-03-02,INDO,0.44557822,5.88,2.0,ok,390.0
2026-03-02,AGIG,0.26794267,4.18,3.0,ok,384.0
2026-03-02,WTI,0.19254184,2.65,4.0,ok,390.0
2026-03-02,ANNA,0.16842103,2.85,5.0,ok,175.0
2026-03-03,BATL,1.098305,11.8,1.0,ok,386.0
2026-03-03,MASS,0.17246592,6.61,2.0,ok,283.0
2026-03-03,ANNA,0.17032969,3.64,3.0,ok,278.0
2026-03-03,VG,0.16828191,11.38,4.0,ok,390.0
2026-03-03,TMDE,0.12745106,3.06,5.0,ok,386.0
2026-03-04,EOLS,0.30024207,4.13,1.0,ok,387.0
2026-03-04,SHMD,0.25351012,6.41,2.0,ok,380.0
2026-03-04,SWIM,0.23291922,6.44,3.0,ok,376.0
2026-03-04,BW,0.20123446,8.1,4.0,ok,390.0
2026-03-04,ACEL,0.17434514,11.07,5.0,thin_session,
2026-03-05,ALTO,0.3653847,2.6,1.0,ok,390.0
2026-03-05,STEM,0.21134329,10.05,2.0,ok,305.0
2026-03-05,NAGE,0.15182185,4.94,3.0,ok,379.0
2026-03-05,PDYN,0.14266491,7.43,4.0,ok,390.0
2026-03-05,TMDE,0.1357466,2.21,5.0,ok,390.0
2026-03-06,BATL,0.32921052,19.0,1.0,ok,390.0
2026-03-06,TURB,0.3245033,3.02,2.0,ok,380.0
2026-03-06,INDO,0.24752474,5.05,3.0,ok,390.0
2026-03-06,IBG,0.22558129,4.3,4.0,ok,378.0
2026-03-06,MXC,0.18209875,13.12,5.0,ok,181.0
2026-03-09,HIMS,0.47490478,15.74,1.0,ok,390.0
2026-03-09,RLMD,0.44044948,4.45,2.0,ok,390.0
2026-03-09,QURE,0.26243865,14.27,3.0,ok,390.0
2026-03-09,BHVN,0.19858873,9.92,4.0,ok,389.0
2026-03-09,TURB,0.1574074,3.78,5.0,ok,390.0
2026-03-10,STGW,0.2318703,5.24,1.0,ok,385.0
2026-03-10,ZVRA,0.20065784,9.12,2.0,ok,389.0
2026-03-10,AGCC,0.17032957,18.2,3.0,ok,214.0
2026-03-10,TDOC,0.13396227,5.3,4.0,ok,390.0
2026-03-10,LFMD,0.12179494,3.12,5.0,ok,385.0
2026-03-11,DOMO,0.41552508,4.38,1.0,ok,389.0
2026-03-11,ACXP,0.19999993,2.9,2.0,ok,390.0
2026-03-11,TMDE,0.19402993,2.01,3.0,ok,374.0
2026-03-11,ATPC,0.16666663,3.78,4.0,ok,360.0
2026-03-11,TSSI,0.16515839,11.05,5.0,ok,389.0
2026-03-12,BMBL,0.2922536,2.84,1.0,ok,390.0
2026-03-12,ROMA,0.28985512,4.83,2.0,ok,346.0
2026-03-12,HIMX,0.28584123,9.15,3.0,ok,390.0
2026-03-12,ATPC,0.24700236,4.17,4.0,ok,390.0
2026-03-12,WOOF,0.2208333,2.4,5.0,ok,390.0
2026-03-13,ELPW,0.43726397,3.59,1.0,ok,390.0
2026-03-13,KRRO,0.19913042,11.5,2.0,ok,362.0
2026-03-13,STLN,0.19847333,2.62,3.0,ok,387.0
2026-03-13,PAYP,0.15638769,18.16,4.0,ok,390.0
2026-03-13,LOCO,0.14705873,10.88,5.0,ok,380.0
2026-03-16,CTMX,0.47863257,4.68,1.0,ok,390.0
2026-03-16,DSGR,0.34593475,19.31,2.0,ok,324.0
2026-03-16,CLIK,0.34124815,3.1165,3.0,ok,318.0
2026-03-16,TLS,0.2102803,4.28,4.0,ok,379.0
2026-03-16,CING,0.15074801,8.69,5.0,ok,346.0
2026-03-17,JVA,0.22397482,3.17,1.0,ok,326.0
2026-03-17,GRO,0.16822433,3.21,2.0,ok,275.0
2026-03-17,CDIO,0.14522815,2.41,3.0,ok,186.0
2026-03-17,NUAI,0.10701442,5.56,4.0,ok,390.0
2026-03-18,ARTL,0.26185572,4.85,1.0,ok,382.0
2026-03-18,OVID,0.19900501,2.01,2.0,ok,388.0
2026-03-18,AIB,0.18275857,2.9,3.0,ok,363.0
2026-03-18,KC,0.15701222,13.12,4.0,ok,385.0
2026-03-18,BATL,0.14563107,11.33,5.0,ok,390.0
2026-03-19,CAL,0.23578739,8.86,1.0,ok,356.0
2026-03-19,FDMT,0.16121483,8.56,2.0,ok,247.0
2026-03-19,BATL,0.1295054,11.93,3.0,ok,390.0
2026-03-20,IDN,0.1895833,4.8,1.0,ok,329.0
2026-03-20,BIAF,0.17508411,2.97,2.0,ok,386.0
2026-03-20,ARTL,0.17318428,7.16,3.0,ok,349.0
2026-03-20,SER,0.12903225,2.48,4.0,ok,386.0
2026-03-20,YSS,0.125,17.68,5.0,ok,388.0
2026-03-23,REED,0.111111164,4.5,1.0,ok,95.0
2026-03-23,AISP,0.100877166,2.28,2.0,ok,259.0
2026-03-24,ANNA,0.2667278,5.455,1.0,ok,390.0
2026-03-24,NPT,0.10246432,7.71,2.0,thin_session,
2026-03-25,BRZE,0.25083244,18.02,1.0,ok,390.0
2026-03-25,FEED,0.18141592,2.26,2.0,ok,388.0
2026-03-25,PAYS,0.16710877,3.77,3.0,ok,390.0
2026-03-25,BIAF,0.1604377,3.96,4.0,ok,379.0
2026-03-25,TGEN,0.14545453,2.75,5.0,ok,218.0
2026-03-26,GLND,0.7982991,8.23,1.0,ok,332.0
2026-03-26,PGEN,0.31129038,3.1,2.0,ok,390.0
2026-03-26,BATL,0.26959848,5.23,3.0,ok,390.0
2026-03-26,NAVN,0.23060119,9.15,4.0,ok,390.0
2026-03-26,LOVE,0.21346319,11.29,5.0,ok,314.0
2026-03-27,ARTL,1.5047023,3.19,1.0,ok,300.0
2026-03-27,ONCO,0.81366456,3.22,2.0,ok,347.0
2026-03-27,RBNE,0.23584902,2.12,3.0,ok,384.0
2026-03-27,U,0.1806773,17.13,4.0,ok,390.0
2026-03-27,NMAX,0.15384614,5.98,5.0,ok,360.0
2026-03-30,EEIQ,0.5057306,6.98,1.0,ok,384.0
2026-03-30,SGML,0.23900568,10.46,2.0,ok,390.0
2026-03-30,RZLV,0.19665265,2.39,3.0,ok,390.0
2026-03-30,MKDW,0.14345121,4.81,4.0,ok,241.0
2026-03-30,GLND,0.12180269,8.21,5.0,ok,384.0
2026-03-31,SST,0.2866242,3.14,1.0,ok,382.0
2026-03-31,ARTL,0.15922105,8.73,2.0,ok,364.0
2026-03-31,ANNX,0.13709676,4.96,3.0,ok,388.0
2026-03-31,SPCE,0.11516118,2.17,4.0,ok,390.0
2026-03-31,RGTIW,0.11447084,4.63,5.0,ok,128.0
2026-04-01,BCG,0.55472636,2.01,1.0,ok,390.0
2026-04-01,TH,0.3383621,9.28,2.0,ok,383.0
2026-04-01,NCNO,0.22630179,14.98,3.0,ok,390.0
2026-04-01,ASTC,0.18546844,5.23,4.0,ok,346.0
2026-04-01,ELAB,0.16861427,5.99,5.0,ok,363.0
2026-04-02,TURB,0.3787235,2.35,1.0,ok,390.0
2026-04-02,BATL,0.35064936,3.85,2.0,ok,390.0
2026-04-02,ANNA,0.19008267,7.26,3.0,ok,377.0
2026-04-02,WTI,0.12320542,3.01,4.0,ok,386.0
2026-04-02,RBNE,0.119617105,2.09,5.0,ok,338.0
2026-04-06,RENX,0.16831684,2.02,1.0,ok,366.0
2026-04-06,FUBO,0.120777845,9.77,2.0,ok,389.0
2026-04-06,LZM,0.11653113,3.69,3.0,ok,219.0
2026-04-06,ANVS,0.11403513,2.28,4.0,ok,310.0
2026-04-06,LWLG,0.1031332,7.66,5.0,ok,386.0
2026-04-07,ADVB,0.6142534,4.42,1.0,ok,380.0
2026-04-07,SKYQ,0.27399993,5.0,2.0,ok,390.0
2026-04-07,BGDE,0.18532825,2.59,3.0,ok,361.0
2026-04-07,ORGO,0.111607194,2.24,4.0,ok,384.0
2026-04-08,ELAB,0.34782612,3.45,1.0,ok,386.0
2026-04-08,SKIL,0.2811792,4.41,2.0,ok,281.0
2026-04-08,LEVI,0.14953756,19.71,3.0,ok,390.0
2026-04-08,CRML,0.13367605,7.78,4.0,ok,390.0
2026-04-08,JBLU,0.12417567,4.55,5.0,ok,390.0
2026-04-09,ELAB,0.44222224,4.5,1.0,ok,386.0
2026-04-09,CLIK,0.23809528,2.1,2.0,ok,387.0
2026-04-09,TURB,0.14847171,2.29,3.0,ok,328.0
2026-04-09,RELL,0.14811635,11.76,4.0,ok,292.0
2026-04-09,WW,0.100000024,11.3,5.0,ok,286.0
2026-04-10,SLP,0.19745958,12.99,1.0,ok,325.0
2026-04-10,OGN,0.1590712,6.91,2.0,ok,390.0
2026-04-13,ALLO,0.50367653,2.72,1.0,ok,390.0
2026-04-13,SKYQ,0.49324858,12.59,2.0,ok,390.0
2026-04-13,ALMU,0.30390334,10.76,3.0,ok,389.0
2026-04-13,BATL,0.28125,3.2,4.0,ok,390.0
2026-04-13,TURB,0.1767441,2.15,5.0,ok,324.0
2026-04-14,ROLR,1.0648329,5.09,1.0,ok,390.0
2026-04-14,SANA,0.24299061,3.21,2.0,ok,390.0
2026-04-14,CNSY,0.112754226,5.41,3.0,ok,269.0
2026-04-14,RVMDW,0.10204089,4.41,4.0,ok,241.0
2026-04-15,RGTIW,0.18428576,7.0,1.0,ok,192.0
2026-04-15,KZIA,0.16279066,9.46,2.0,ok,232.0
2026-04-15,WATT,0.15853655,16.4,3.0,ok,372.0
2026-04-15,XNDU,0.1544168,14.83,4.0,ok,390.0
2026-04-15,GLOO,0.13961041,6.16,5.0,ok,174.0
2026-04-16,WSHP,1.9336982,8.22,1.0,ok,352.0
2026-04-16,CDNA,0.2379055,17.57,2.0,ok,381.0
2026-04-16,MRLN,0.18964314,14.29,3.0,ok,378.0
2026-04-16,SLDP,0.1503067,3.26,4.0,ok,390.0
2026-04-16,ACHV,0.14084518,3.55,5.0,ok,390.0
2026-04-17,PBM,0.6729131,5.87,1.0,ok,386.0
2026-04-17,LZM,0.36246789,3.89,2.0,ok,365.0
2026-04-17,WSHP,0.33824039,14.265,3.0,ok,380.0
2026-04-17,FRMM,0.26160347,2.37,4.0,ok,368.0
2026-04-17,RPAY,0.25,3.18,5.0,ok,389.0
2026-04-20,PBM,0.72565794,7.6,1.0,ok,390.0
2026-04-20,CMPS,0.29804814,6.66,2.0,ok,390.0
2026-04-20,ATAI,0.24689817,4.03,3.0,ok,390.0
2026-04-20,GHRS,0.16902947,18.34,4.0,ok,308.0
2026-04-20,SKYQ,0.16479397,8.01,5.0,ok,339.0
2026-04-21,SPRC,0.43735218,4.23,1.0,ok,376.0
2026-04-21,GRPN,0.1692307,14.95,2.0,ok,385.0
2026-04-21,JLHL,0.13347459,9.44,3.0,ok,207.0
2026-04-22,AGPU,1.2233608,4.88,1.0,ok,382.0
2026-04-22,HCAI,0.2724595,6.79,2.0,ok,347.0
2026-04-22,HCSG,0.24031007,19.35,3.0,ok,377.0
2026-04-22,KYTX,0.1410917,9.71,4.0,ok,382.0
2026-04-22,POET,0.124390244,10.25,5.0,ok,390.0
2026-04-23,TRT,0.33171904,8.26,1.0,ok,390.0
2026-04-23,QS,0.32106698,7.31,2.0,ok,390.0
2026-04-23,HELE,0.2549317,19.77,3.0,ok,361.0
2026-04-23,MNTS,0.21441436,5.55,4.0,ok,356.0
2026-04-23,TLRY,0.18170273,7.87,5.0,ok,390.0
2026-04-24,ELPW,0.46441948,2.67,1.0,ok,390.0
2026-04-24,OGN,0.24897957,8.6,2.0,ok,390.0
2026-04-24,SST,0.22715402,3.83,3.0,ok,376.0
2026-04-24,POET,0.1568259,11.72,4.0,ok,390.0
2026-04-24,HQWWW,0.1536144,3.32,5.0,thin_session,
2026-04-27,GLND,0.28663445,6.21,1.0,ok,381.0
2026-04-27,ELPW,0.2375691,3.62,2.0,ok,372.0
2026-04-27,SGMT,0.23037541,5.86,3.0,ok,390.0
2026-04-27,TRAK,0.19340897,8.12,4.0,ok,310.0
2026-04-27,OGN,0.17364216,11.26,5.0,ok,390.0
2026-04-28,NXH,0.33333325,5.34,1.0,ok,390.0
2026-04-28,DDI,0.16974974,9.19,2.0,ok,307.0
2026-04-28,SKYQ,0.1394496,5.45,3.0,ok,378.0
2026-04-29,PRCH,0.17578578,8.59,1.0,ok,389.0
2026-04-29,FVRR,0.17277992,10.36,2.0,ok,380.0
2026-04-29,CAST,0.15416658,2.4,3.0,ok,211.0
2026-04-29,FCEL,0.1463784,9.94,4.0,ok,390.0
2026-04-29,NEO,0.13636363,9.02,5.0,ok,390.0
2026-04-30,FATN,0.4012096,2.48,1.0,ok,390.0
2026-04-30,MRAM,0.36921906,13.19,2.0,ok,390.0
2026-04-30,PACK,0.22842646,3.94,3.0,ok,377.0
2026-04-30,VISN,0.21745694,10.47,4.0,ok,390.0
2026-04-30,HTZ,0.15535712,5.6,5.0,ok,390.0
2026-05-01,CUE,1.2896879,14.74,1.0,ok,390.0
2026-05-01,CERS,0.3251232,2.03,2.0,ok,390.0
2026-05-01,AIOS,0.30257523,9.32,3.0,ok,290.0
2026-05-01,BOOM,0.21359229,6.18,4.0,ok,366.0
2026-05-01,FIVN,0.1732558,17.2,5.0,ok,390.0
2026-05-04,PN,1.0104713,2.865,1.0,ok,390.0
2026-05-04,GBTG,0.5691401,5.93,2.0,ok,390.0
2026-05-04,SSM,0.22666669,6.0,3.0,ok,131.0
2026-05-04,ADVB,0.16508532,5.27,4.0,ok,297.0
2026-05-04,HTCO,0.16455698,7.9,5.0,ok,356.0
2026-05-05,BLZE,0.6012931,4.64,1.0,ok,390.0
2026-05-05,VRDN,0.35632992,14.06,2.0,ok,389.0
2026-05-05,DGXX,0.3518988,3.95,3.0,ok,390.0
2026-05-05,EVER,0.3066393,14.61,4.0,ok,387.0
2026-05-05,CHRN,0.2542373,11.8,5.0,ok,208.0
2026-05-06,EVC,0.63087416,3.98,1.0,ok,390.0
2026-05-06,AVTX,0.40221393,16.26,2.0,ok,390.0
2026-05-06,COMP,0.27823687,7.26,3.0,ok,390.0
2026-05-06,MASK,0.24401915,2.09,4.0,ok,387.0
2026-05-06,BLMN,0.22569442,5.76,5.0,ok,390.0
2026-05-07,RXT,0.75110126,2.27,1.0,ok,390.0
2026-05-07,FLNC,0.4162979,13.56,2.0,ok,390.0
2026-05-07,OSG,0.26777256,4.22,3.0,ok,385.0
2026-05-07,HIMX,0.25061834,12.33,4.0,ok,390.0
2026-05-07,JMIA,0.22449064,7.46,5.0,thin_session,
2026-05-08,PHOE,0.93494236,19.06,1.0,ok,229.0
2026-05-08,FLNC,0.2532947,18.97,2.0,ok,390.0
2026-05-08,PGNY,0.22077239,19.16,3.0,ok,390.0
2026-05-08,LOCO,0.17320502,13.51,4.0,ok,277.0
2026-05-08,ASYS,0.16858876,18.21,5.0,ok,312.0
2026-05-11,BZH,0.3478955,18.77,1.0,ok,389.0
2026-05-11,HTCO,0.20205474,5.84,2.0,ok,256.0
2026-05-11,GRSD,0.16186237,4.51,3.0,ok,369.0
2026-05-11,BW,0.14855576,14.54,4.0,ok,389.0
2026-05-11,DRTS,0.14571095,8.51,5.0,ok,388.0
2026-05-12,VSTS,0.26666665,9.3,1.0,ok,390.0
2026-05-12,HTCO,0.248227,7.05,2.0,ok,388.0
2026-05-12,QUBT,0.24754417,10.18,3.0,ok,390.0
2026-05-12,MGNX,0.16949153,2.95,4.0,ok,371.0
2026-05-12,AMBO,0.16587687,2.11,5.0,ok,275.0
2026-05-13,AEHL,0.43364942,2.11,1.0,ok,390.0
2026-05-13,TDIC,0.26491523,2.36,2.0,ok,348.0
2026-05-13,EOSE,0.23086417,8.1,3.0,ok,390.0
2026-05-13,VNET,0.22505534,9.02,4.0,ok,390.0
2026-05-13,SLS,0.2097702,5.22,5.0,ok,390.0
2026-05-14,AIIO,0.6800766,2.61,1.0,ok,382.0
2026-05-14,AEHL,0.422652,3.62,2.0,ok,295.0
2026-05-14,POET,0.21155179,14.37,3.0,ok,390.0
2026-05-14,DERM,0.19267821,5.19,4.0,ok,302.0
2026-05-14,STUB,0.18351054,7.52,5.0,ok,390.0
2026-05-15,PIII,0.2940446,4.03,1.0,ok,323.0
2026-05-15,GEMI,0.2823193,5.26,2.0,ok,390.0
2026-05-15,MICC,0.13015974,15.02,3.0,ok,390.0
2026-05-15,WYY,0.12360811,8.98,4.0,ok,230.0
2026-05-15,LESL,0.10857141,3.5,5.0,ok,356.0
2026-05-18,HIVE,0.33828986,2.69,1.0,ok,390.0
2026-05-18,QUCY,0.24855494,3.46,2.0,ok,390.0
2026-05-18,TE,0.18165779,5.67,3.0,ok,390.0
2026-05-18,AIIO,0.14303482,4.02,4.0,ok,386.0
2026-05-18,CPSH,0.12418294,4.59,5.0,ok,374.0
2026-05-19,ENHA,0.16999996,5.0,1.0,ok,319.0
2026-05-19,BKKT,0.13876152,8.72,2.0,ok,389.0
2026-05-20,GCTS,0.15178573,2.8,1.0,ok,390.0
2026-05-20,WNW,0.14315784,4.75,2.0,ok,363.0
2026-05-20,AMPG,0.13283205,3.99,3.0,ok,390.0
2026-05-20,EGHT,0.13278008,2.41,4.0,ok,366.0
2026-05-20,POET,0.12853861,13.07,5.0,ok,390.0
2026-05-21,AIAI,0.4435302,13.37,1.0,ok,329.0
2026-05-21,CODX,0.3179916,2.39,2.0,ok,390.0
2026-05-21,INFQ,0.20751333,11.18,3.0,ok,390.0
2026-05-21,QUCY,0.19452894,3.29,4.0,ok,382.0
2026-05-21,RLAY,0.15053761,13.02,5.0,ok,390.0
2026-05-22,PCLA,1.7244444,2.25,1.0,ok,390.0
2026-05-22,AKTX,0.9299612,5.14,2.0,ok,364.0
2026-05-22,GOVX,0.3890909,2.75,3.0,ok,390.0
2026-05-22,HCWB,0.24418604,2.58,4.0,ok,389.0
2026-05-22,MTVA,0.2404182,2.87,5.0,ok,390.0
2026-05-26,MNTS,0.75609756,7.38,1.0,ok,390.0
2026-05-26,CODX,0.35502946,5.07,2.0,ok,390.0
2026-05-26,AIIO,0.24418604,2.58,3.0,ok,390.0
2026-05-26,CPSH,0.1783334,6.0,4.0,ok,381.0
2026-05-26,PONY,0.1547085,8.92,5.0,ok,390.0
2026-05-27,APPS,0.34927237,4.81,1.0,ok,390.0
2026-05-27,QTTB,0.29337096,7.09,2.0,ok,386.0
2026-05-27,IPWR,0.27890182,6.92,3.0,ok,385.0
2026-05-27,MNTS,0.256783,15.48,4.0,ok,390.0
2026-05-27,VCIG,0.18275869,2.9,5.0,ok,390.0
2026-05-28,ATPC,1.0245614,2.85,1.0,ok,390.0
2026-05-28,ASTC,0.570601,13.81,2.0,ok,351.0
2026-05-28,UMAC,0.32766867,18.83,3.0,ok,390.0
2026-05-28,QTEX,0.21904767,2.1,4.0,ok,390.0
2026-05-28,PUSA,0.20708442,3.67,5.0,ok,390.0
2026-05-29,OLOX,1.0711381,4.92,1.0,ok,380.0
2026-05-29,REPL,0.6944444,4.68,2.0,ok,390.0
2026-05-29,IOTR,0.6250001,2.8,3.0,ok,388.0
2026-05-29,PD,0.25403225,7.44,4.0,ok,390.0
2026-05-29,PLCE,0.2091955,4.35,5.0,ok,388.0
2026-06-01,MASK,0.5111731,3.58,1.0,ok,378.0
2026-06-01,CRE,0.36742413,2.64,2.0,ok,339.0
2026-06-01,AIIO,0.28270042,2.37,3.0,ok,390.0
2026-06-01,ELMT,0.2467277,15.28,4.0,ok,389.0
2026-06-01,FLNC,0.24046612,18.88,5.0,ok,390.0
2026-06-02,VSA,0.79439235,4.28,1.0,ok,359.0
2026-06-02,ABTS,0.495327,2.14,2.0,ok,389.0
2026-06-02,LFVN,0.24198377,9.43,3.0,ok,364.0
2026-06-02,QUCY,0.22421527,2.23,4.0,ok,389.0
2026-06-02,SBFM,0.20920503,2.39,5.0,ok,362.0
2026-06-03,XOS,1.9058297,2.23,1.0,ok,390.0
2026-06-03,LASE,0.45247936,2.42,2.0,ok,390.0
2026-06-03,NCT,0.21404684,2.99,3.0,ok,338.0
2026-06-03,FOFO,0.21197009,4.01,4.0,ok,343.0
2026-06-03,HTCO,0.15068483,2.92,5.0,ok,312.0
2026-06-04,FOXX,0.7762238,2.86,1.0,ok,390.0
2026-06-04,SPRC,0.4323467,9.46,2.0,ok,338.0
2026-06-04,ROLR,0.3571428,5.6,3.0,ok,378.0
2026-06-04,MOBX,0.3542601,2.23,4.0,ok,390.0
2026-06-04,RPGL,0.2640264,3.03,5.0,ok,315.0
2026-06-05,BBCP,0.4172933,7.98,1.0,ok,376.0
2026-06-05,MASK,0.31578946,3.61,2.0,ok,372.0
2026-06-05,MRLN,0.2799443,7.18,3.0,ok,390.0
2026-06-05,ABTS,0.13761461,2.18,4.0,ok,189.0
2026-06-05,LASE,0.111878514,3.62,5.0,ok,390.0
2026-06-08,OCC,0.594309,12.3,1.0,ok,390.0
2026-06-08,ABAT,0.2861737,3.11,2.0,ok,390.0
2026-06-08,FOFO,0.17948711,3.9,3.0,ok,160.0
2026-06-08,SDOT,0.17792416,12.14,4.0,ok,380.0
2026-06-08,NRIX,0.14241803,14.64,5.0,ok,390.0
2026-06-09,FAC,0.44927537,13.8,1.0,ok,375.0
2026-06-09,INDP,0.26666677,2.1,2.0,ok,318.0
2026-06-09,BNAI,0.19102347,18.27,3.0,ok,342.0
2026-06-09,STAK,0.16959059,5.13,4.0,ok,315.0
2026-06-09,FCEL,0.16451609,15.5,5.0,ok,390.0
2026-06-10,XOS,0.18715084,3.58,1.0,ok,358.0
2026-06-10,STAK,0.14690268,5.65,2.0,ok,267.0
2026-06-10,LAKE,0.12893093,9.54,3.0,ok,280.0
2026-06-10,FAC,0.120000005,16.0,4.0,ok,374.0
2026-06-10,FACWW,0.111111164,2.25,5.0,ok,244.0
2026-06-11,EDHL,3.7228575,3.5,1.0,ok,343.0
2026-06-11,QH,1.1600001,3.25,2.0,ok,350.0
2026-06-11,LASE,0.2651162,2.15,3.0,ok,390.0
2026-06-11,FACWW,0.14754105,3.05,4.0,ok,167.0
2026-06-12,DSY,0.77319586,3.88,1.0,ok,384.0
2026-06-12,GMM,0.51388884,2.88,2.0,ok,390.0
2026-06-12,EDHL,0.41471577,5.98,3.0,ok,389.0
2026-06-12,MF,0.26096034,4.79,4.0,ok,361.0
2026-06-12,MASK,0.18061674,2.27,5.0,ok,380.0
2026-06-15,CUPR,1.7581863,3.97,1.0,ok,321.0
2026-06-15,SDOT,0.37260962,16.21,2.0,ok,293.0
2026-06-15,GMM,0.21428573,3.36,3.0,ok,372.0
2026-06-15,CRMT,0.12440193,2.09,4.0,ok,351.0
2026-06-15,QMCO,0.11208153,13.74,5.0,ok,375.0
2026-06-16,SLBT,2.3663664,3.33,1.0,ok,364.0
2026-06-16,TDIC,0.72191536,5.43,2.0,ok,377.0
2026-06-16,CRVO,0.3467741,2.48,3.0,ok,390.0
2026-06-16,CRE,0.33650792,3.15,4.0,ok,386.0
2026-06-16,AIBZ,0.20000005,6.25,5.0,ok,283.0
2026-06-17,LNAI,0.6660807,2.845,1.0,ok,390.0
2026-06-17,CLPT,0.36056972,13.34,2.0,ok,383.0
2026-06-17,CRE,0.33333337,3.27,3.0,ok,320.0
2026-06-17,SDOT,0.2687428,8.67,4.0,ok,365.0
2026-06-17,MNTS,0.15145004,9.31,5.0,ok,390.0
2026-06-18,CAST,1.3126214,5.15,1.0,ok,377.0
2026-06-18,LPA,0.3917197,3.14,2.0,ok,386.0
2026-06-18,BFLY,0.26269698,5.71,3.0,ok,390.0
2026-06-18,CRVO,0.22834647,3.81,4.0,ok,334.0
2026-06-18,ATPC,0.19780219,2.73,5.0,ok,390.0
2026-06-22,CRMT,0.46875,2.4,1.0,ok,390.0
2026-06-22,ICCM,0.30740738,5.4,2.0,ok,374.0
2026-06-22,SSTK,0.18759453,13.22,3.0,ok,317.0
2026-06-22,QTEX,0.12935328,2.01,4.0,ok,390.0
2026-06-22,FTH,0.10886645,17.82,5.0,ok,129.0
2026-06-23,BLZE,0.26970446,8.12,1.0,ok,390.0
2026-06-23,ICCM,0.10623944,5.93,2.0,ok,384.0
2026-06-23,WYHG,0.10015178,6.59,3.0,ok,162.0
2026-06-24,QNRX,0.3138461,3.25,1.0,ok,367.0
2026-06-24,ABSI,0.2834009,7.41,2.0,ok,390.0
2026-06-24,WEN,0.24862945,6.255,3.0,ok,382.0
2026-06-24,RUN,0.20921147,12.81,4.0,ok,390.0
2026-06-24,EHGO,0.17250001,4.0,5.0,ok,386.0
2026-06-25,FCUV,0.3642534,4.42,1.0,ok,386.0
2026-06-25,WYY,0.36208844,17.62,2.0,ok,376.0
2026-06-25,EHGO,0.24054062,3.7,3.0,ok,367.0
2026-06-25,MEI,0.16934872,13.09,4.0,ok,383.0
2026-06-25,JLHL,0.14037728,13.25,5.0,ok,69.0
2026-06-26,SDOT,0.8608415,6.18,1.0,ok,373.0
2026-06-26,ILLR,0.6819345,3.05,2.0,ok,386.0
2026-06-26,TII,0.26457393,2.23,3.0,ok,390.0
2026-06-26,SKYQ,0.155303,2.64,4.0,ok,390.0
2026-06-29,UPC,4.8006754,2.96,1.0,ok,385.0
2026-06-29,QDEL,0.23277736,13.79,2.0,ok,390.0
2026-06-29,RPAY,0.19273746,3.58,3.0,ok,370.0
2026-06-29,CCXIU,0.16942143,14.52,4.0,ok,89.0
2026-06-29,CCXIW,0.14217246,6.26,5.0,thin_session,
2026-06-30,PAVS,0.2276423,6.15,1.0,ok,332.0
2026-06-30,SKYQ,0.12643683,3.48,2.0,ok,384.0
2026-06-30,CAST,0.10892856,5.6,3.0,ok,380.0
2026-07-01,JEM,1.1649873,3.97,1.0,ok,324.0
2026-07-01,SOC,0.25974035,3.08,2.0,ok,390.0
2026-07-01,CCXIW,0.14709854,7.41,3.0,ok,122.0
2026-07-02,USDE,0.8653847,2.08,1.0,ok,390.0
2026-07-02,DSY,0.45486104,2.88,2.0,ok,388.0
2026-07-02,NEXA,0.11996651,12.04,3.0,ok,347.0
2026-07-02,IQMXW,0.105862856,5.1,4.0,thin_session,
2026-07-02,TENX,0.10308504,13.29,5.0,ok,378.0
2026-07-06,FXHO,0.8145833,7.2,1.0,ok,345.0
2026-07-06,JLHL,0.24965894,7.33,2.0,ok,345.0
2026-07-06,BGDE,0.22953022,7.45,3.0,ok,134.0
2026-07-06,CRE,0.14859438,2.49,4.0,ok,297.0
2026-07-06,GMEX,0.13110542,3.89,5.0,ok,353.0
2026-07-07,CLRO,0.37,7.0,1.0,ok,378.0
2026-07-07,TDIC,0.20334268,3.59,2.0,ok,352.0
2026-07-07,EDHL,0.16414142,3.96,3.0,ok,294.0
2026-07-07,SKYQ,0.15566051,2.12,4.0,ok,390.0
2026-07-07,AMPG,0.11824322,5.92,5.0,ok,383.0
2026-07-08,IOTR,0.40674603,2.52,1.0,ok,389.0
2026-07-08,TC,0.27804875,2.05,2.0,ok,353.0
2026-07-08,SKYQ,0.15666664,3.0,3.0,ok,390.0
2026-07-08,KC,0.102754235,9.44,4.0,ok,389.0
2026-07-09,JLHL,0.21895432,3.06,1.0,ok,362.0
2026-07-09,IOTR,0.19209039,3.54,2.0,ok,315.0
2026-07-09,SMPL,0.17056072,12.84,3.0,ok,389.0
2026-07-09,SUNE,0.1516589,2.11,4.0,ok,390.0
2026-07-09,AP,0.14086473,7.17,5.0,ok,245.0
2026-07-10,WNW,0.18674707,3.32,1.0,ok,162.0
2026-07-10,WOK,0.17326725,2.02,2.0,ok,387.0
2026-07-10,EQPT,0.125,16.0,3.0,ok,389.0
2026-07-10,VOD,0.12446487,13.08,4.0,ok,388.0
2026-07-10,CCC,0.10594785,5.38,5.0,ok,390.0
2026-07-13,QTTB,0.633363,11.21,1.0,ok,390.0
2026-07-13,AGEN,0.6179105,3.35,2.0,ok,390.0
2026-07-13,MIMI,0.4465115,2.15,3.0,ok,390.0
2026-07-13,GFUZ,0.40350878,9.12,4.0,ok,373.0
2026-07-13,SKYQ,0.168239,3.18,5.0,ok,390.0
2026-07-14,MF,0.43492055,6.3,1.0,ok,300.0
2026-07-14,CLSK,0.1881069,12.36,2.0,ok,390.0
2026-07-14,LVLU,0.17427897,8.32,3.0,ok,115.0
2026-07-14,SNWV,0.15452933,11.26,4.0,ok,114.0
2026-07-14,GFUZ,0.1431818,11.0,5.0,ok,369.0
2026-07-15,ELVA,0.5462611,7.89,1.0,ok,390.0
2026-07-15,TRT,0.17543864,10.26,2.0,ok,314.0
2026-07-15,KOPN,0.1170212,3.76,3.0,ok,389.0
2026-07-15,SHMD,0.10398221,4.52,4.0,ok,286.0
2026-07-16,RUBI,0.70967746,3.72,1.0,ok,364.0
2026-07-16,ATPC,0.3531747,2.52,2.0,ok,390.0
2026-07-16,ATAI,0.318097,5.36,3.0,ok,390.0
2026-07-16,ERNA,0.1218425,6.73,4.0,ok,216.0
2026-07-17,SDOT,0.5396491,14.25,1.0,ok,386.0
2026-07-17,BIYA,0.38157892,3.04,2.0,ok,389.0
2026-07-17,JLHL,0.14928913,8.44,3.0,ok,346.0
2026-07-20,BIYA,0.87922716,4.14,1.0,ok,357.0
2026-07-20,BXBL,0.3878554,8.3,2.0,ok,378.0
2026-07-20,ADVB,0.33399594,5.03,3.0,ok,378.0
2026-07-20,SKYQ,0.1144737,3.8,4.0,ok,385.0
2026-07-20,NNBR,0.103773594,3.18,5.0,ok,360.0
2026-07-21,UTZ,0.8899329,7.45,1.0,ok,390.0
2026-07-21,FWRD,0.14772725,13.2,2.0,ok,352.0
2026-07-21,PWCM,0.118367314,2.45,3.0,ok,257.0
2026-07-22,INLF,0.45739913,2.23,1.0,ok,390.0
2026-07-22,ADVB,0.17514122,7.08,2.0,ok,344.0
2026-07-22,AIRJ,0.16657817,3.77,3.0,ok,387.0
2026-07-22,SNTG,0.12440193,2.09,4.0,ok,313.0
2026-07-23,DOMO,0.36031735,3.15,1.0,ok,390.0
2026-07-23,ADVB,0.23673463,12.25,2.0,ok,365.0
2026-07-23,RELL,0.17594671,18.01,3.0,ok,335.0
2026-07-23,NVCR,0.1560694,15.57,4.0,ok,389.0
2026-07-23,CLF,0.12910056,9.45,5.0,ok,390.0
2026-07-24,VIVK,0.7028302,2.12,1.0,ok,390.0
2026-07-24,ADVB,0.37604284,16.78,2.0,ok,375.0
2026-07-24,JEM,0.29746842,4.74,3.0,ok,385.0
2026-07-24,CJMB,0.17446816,2.35,4.0,ok,379.0
2026-07-24,PN,0.16207635,9.44,5.0,ok,272.0
2026-07-27,DFNS,0.6,4.35,1.0,ok,361.0
2026-07-27,VEEE,0.17347729,12.97,2.0,ok,335.0
2026-07-27,PN,0.1654135,7.98,3.0,ok,146.0
2026-07-27,OMER,0.14913177,9.79,4.0,ok,380.0
2026-07-27,AGPU,0.14890516,6.85,5.0,ok,349.0
2026-07-28,FIRY,0.6704546,8.36,1.0,ok,390.0
2026-07-28,DFNS,0.56259537,13.1,2.0,ok,343.0
2026-07-28,INLF,0.44237804,3.28,3.0,ok,351.0
2026-07-28,BIYA,0.3189448,4.17,4.0,ok,382.0
2026-07-28,LVWR,0.22222221,2.43,5.0,ok,390.0
2026-07-29,AMIX,0.56909096,2.75,1.0,ok,386.0
2026-07-29,GMM,0.3927126,2.47,2.0,ok,388.0
2026-07-29,VRRM,0.3755982,4.18,3.0,ok,390.0
2026-07-29,STFS,0.35261703,3.63,4.0,ok,370.0
2026-07-29,SKYQ,0.22343314,3.67,5.0,ok,385.0
2026-07-30,PN,0.90018654,10.72,1.0,ok,378.0
2026-07-30,STKH,0.5848708,2.71,2.0,ok,390.0
2026-07-30,CMCO,0.36582017,14.62,3.0,ok,379.0
2026-07-30,XRX,0.2954545,2.64,4.0,ok,390.0
2026-07-30,BOOM,0.29151285,5.42,5.0,ok,246.0
2026-07-31,PWP,0.32188547,14.91,1.0,ok,382.0
2026-07-31,NWL,0.2839434,5.14,2.0,ok,390.0
2026-07-31,DUOT,0.14742017,8.14,3.0,ok,369.0
2026-07-31,FLNC,0.12286556,13.47,4.0,ok,390.0
2026-07-31,BSBR,0.114851475,5.05,5.0,ok,388.0
2026-08-03,UPC,1.221519,3.16,1.0,ok,390.0
2026-08-03,FCUV,0.33706892,11.6,2.0,ok,380.0
2026-08-03,CNH,0.11317074,10.25,3.0,ok,389.0
2026-08-03,RUBI,0.112107635,2.23,4.0,ok,318.0
2026-08-04,DXST,0.3230089,2.26,1.0,ok,376.0
2026-08-04,BLZE,0.2931366,15.59,2.0,ok,390.0
2026-08-04,MED,0.2351129,9.74,3.0,thin_session,
2026-08-04,MRAM,0.17475724,15.45,4.0,ok,385.0
2026-08-04,DDD,0.16961133,2.83,5.0,ok,390.0
2026-08-05,INLF,1.4544024,3.18,1.0,ok,347.0
2026-08-05,GTE,0.5124451,6.83,2.0,ok,390.0
2026-08-05,BLMN,0.35874438,8.92,3.0,ok,389.0
2026-08-05,APPS,0.256572,9.51,4.0,ok,390.0
2026-08-05,SWIM,0.22280705,5.7,5.0,ok,377.0
2026-08-06,CLRO,2.1752717,3.68,1.0,ok,390.0
2026-08-06,PAVS,0.89409375,4.91,2.0,ok,386.0
2026-08-06,ASPN,0.45708585,5.01,3.0,ok,390.0
2026-08-06,IOVA,0.37096763,4.34,4.0,ok,390.0
2026-08-06,EVH,0.32467532,3.08,5.0,ok,382.0
2026-08-07,NAMI,2.130584,2.91,1.0,ok,390.0
2026-08-07,DSY,0.7478261,3.45,2.0,ok,389.0
2026-08-07,VATE,0.48987854,7.41,3.0,ok,385.0
2026-08-07,FIGS,0.35231316,11.24,4.0,ok,390.0
2026-08-07,STLN,0.30861735,4.99,5.0,ok,387.0
2026-08-10,VREX,0.48186946,12.41,1.0,ok,389.0
2026-08-10,XHLD,0.46039605,2.02,2.0,ok,386.0
2026-08-10,SLN,0.39748967,11.95,3.0,ok,388.0
2026-08-10,ABCL,0.26406932,6.93,4.0,ok,390.0
2026-08-10,INHD,0.22060263,5.145,5.0,ok,302.0
2026-08-11,WYHG,0.40384614,5.72,1.0,ok,378.0
2026-08-11,BW,0.33558547,8.88,2.0,ok,390.0
2026-08-11,ELPW,0.28678298,4.01,3.0,ok,344.0
2026-08-11,FF,0.27728152,5.16,4.0,ok,375.0
2026-08-11,STIM,0.2603686,2.17,5.0,ok,390.0
2026-08-12,BOXL,0.5580205,2.93,1.0,ok,390.0
2026-08-12,HYLN,0.29846942,3.92,2.0,ok,386.0
2026-08-12,VELO,0.24543464,13.69,3.0,ok,387.0
2026-08-12,OWLT,0.17830873,5.44,4.0,ok,268.0
2026-08-12,NRGV,0.16759777,3.58,5.0,ok,389.0
2026-08-13,FGI,0.7906977,4.73,1.0,ok,353.0
2026-08-13,ARX,0.4408524,13.61,2.0,ok,390.0
2026-08-13,CURI,0.27851355,2.8,3.0,ok,390.0
2026-08-13,OMER,0.21444201,13.71,4.0,ok,390.0
2026-08-13,HLIT,0.20666659,12.0,5.0,ok,389.0
2026-08-14,CAPR,0.81947744,4.21,1.0,ok,390.0
2026-08-14,SXTC,0.39393938,3.3,2.0,ok,387.0
2026-08-14,BOXL,0.30441177,6.8,3.0,ok,339.0
2026-08-14,MF,0.30400002,10.0,4.0,ok,335.0
2026-08-14,IMXI,0.21709406,11.7,5.0,ok,374.0
2026-08-17,IPST,2.5998366,2.2001,1.0,ok,390.0
2026-08-17,XPON,0.23901105,3.64,2.0,ok,380.0
2026-08-17,OABI,0.23816562,3.38,3.0,ok,389.0
2026-08-17,WETO,0.23600972,8.22,4.0,ok,352.0
2026-08-17,JLHL,0.23226702,7.19,5.0,ok,249.0
2026-08-18,XOS,1.1674643,2.09,1.0,ok,390.0
2026-08-18,SLE,1.0596025,3.02,2.0,ok,351.0
2026-08-18,PFSA,0.9470197,4.53,3.0,ok,336.0
2026-08-18,SGLY,0.50334084,4.49,4.0,ok,372.0
2026-08-18,WEAV,0.318264,5.53,5.0,ok,390.0
2026-08-19,TNON,1.1412845,5.45,1.0,ok,366.0
2026-08-19,RCON,0.18263483,3.34,2.0,ok,287.0
2026-08-19,MRVI,0.17020905,5.74,3.0,ok,390.0
2026-08-19,ARCT,0.14555418,8.21,4.0,ok,375.0
2026-08-19,KC,0.13191879,10.84,5.0,ok,379.0
2026-08-20,SGLY,0.5469799,2.98,1.0,ok,390.0
2026-08-20,CDTG,0.18604648,3.01,2.0,ok,377.0
2026-08-20,BULL,0.15046287,8.64,3.0,ok,390.0
2026-08-20,MODD,0.12048197,3.32,4.0,ok,137.0
2026-08-20,RCON,0.10081744,3.67,5.0,ok,246.0
2026-08-21,RFAI,2.142184,12.73,1.0,ok,307.0
2026-08-21,SUGP,0.37769783,2.78,2.0,ok,363.0
2026-08-21,ADXN,0.28446376,4.57,3.0,ok,305.0
2026-08-21,USDE,0.26,4.0,4.0,ok,386.0
2026-08-21,BRNX,0.16562498,3.2,5.0,ok,277.0
2026-08-24,SDOT,0.632777,13.18,1.0,ok,390.0
2026-08-24,PMI,0.41121495,3.21,2.0,ok,380.0
2026-08-24,CAPR,0.27662957,6.29,3.0,ok,390.0
2026-08-24,DXST,0.19444442,2.52,4.0,ok,355.0
2026-08-24,SUPX,0.13849759,8.52,5.0,ok,267.0
2026-08-25,DFNS,0.4809264,11.01,1.0,ok,379.0
2026-08-25,AMIX,0.41713226,5.37,2.0,ok,390.0
2026-08-25,JEM,0.3534032,3.82,3.0,ok,370.0
2026-08-25,GRML,0.20467842,8.55,4.0,ok,366.0
2026-08-25,BRNX,0.18181825,4.18,5.0,ok,338.0
2026-08-26,DAIC,0.6005155,3.88,1.0,ok,382.0
2026-08-26,PSNYW,0.51742625,3.73,2.0,ok,273.0
2026-08-26,VCIG,0.3838029,2.84,3.0,ok,376.0
2026-08-26,WVVIP,0.34826732,3.3302,4.0,ok,299.0
2026-08-26,SDOT,0.22446477,16.35,5.0,ok,337.0
2026-08-27,WNW,0.3104838,2.48,1.0,ok,387.0
2026-08-27,LTRX,0.17932868,5.66,2.0,ok,369.0
2026-08-27,YJ,0.152174,2.76,3.0,ok,321.0
2026-08-27,PSNYW,0.14126384,5.38,4.0,ok,212.0
2026-08-27,DAIC,0.13786411,5.15,5.0,ok,382.0
2026-08-28,PSQL,0.7344228,9.79,1.0,ok,324.0
2026-08-28,AEMD,0.34562206,2.17,2.0,ok,390.0
2026-08-28,XLAB,0.3135593,4.72,3.0,ok,312.0
2026-08-31,AEHL,0.90960455,3.54,1.0,ok,378.0
2026-08-31,WETO,0.26048958,5.72,2.0,ok,386.0
2026-08-31,BRNX,0.15681231,3.89,3.0,ok,290.0
2026-08-31,NEOV,0.15269458,3.34,4.0,ok,387.0
2026-08-31,DPRO,0.11198211,4.465,5.0,ok,387.0
2026-09-01,WETO,0.40237224,5.48,1.0,ok,390.0
2026-09-01,SSM,0.39925373,2.68,2.0,ok,389.0
2026-09-01,YEXT,0.13146234,6.77,3.0,ok,380.0
2026-09-01,SST,0.11607146,2.24,4.0,ok,338.0
2026-09-01,PXS,0.10634327,5.36,5.0,ok,284.0
