date,symbol,gap,prev_close,rank,ma,vwap,fill,stop,target,inverted,entry_ts,entry_px,exit_px,exit_ts,exit_reason,R_dollars,pnl_pct,R_mult,equity_frictionless
2021-01-06,TATT,0.4901961,5.1,1.0,ema,premkt,nextopen,pullback,eod,False,2021-01-06 09:55:00,7.66,7.140000000000001,2021-01-06 10:41:00,stop,0.5199999999999996,-6.788511749347248,-1.0,0.99
2021-01-07,NCTY,0.45668232,14.89,1.0,ema,premkt,nextopen,pullback,eod,False,2021-01-07 10:15:00,23.35,22.259999999999998,2021-01-07 10:45:00,stop,1.0900000000000034,-4.668094218415431,-1.0,0.9801
2021-01-08,LGHL,1.1652174,2.3,1.0,ema,premkt,nextopen,pullback,eod,False,2021-01-08 10:50:00,4.75,4.3,2021-01-08 11:35:00,stop,0.4500000000000002,-9.473684210526322,-1.0,0.9702989999999999
2021-01-12,IRIX,0.37328672,2.86,1.0,ema,premkt,nextopen,pullback,eod,False,2021-01-12 10:20:00,3.995,3.81,2021-01-12 10:35:00,stop,0.18500000000000005,-4.630788485607007,-1.0,0.96059601
2021-01-13,BGM,0.42003298,10.0,1.0,ema,premkt,nextopen,pullback,eod,False,2021-01-13 10:00:00,14.64,13.22,2021-01-13 10:56:00,stop,1.42,-9.699453551912562,-1.0,0.9509900498999999
2021-01-14,ORGO,0.32697546,7.34,3.0,ema,premkt,nextopen,pullback,eod,False,2021-01-14 10:25:00,9.4495,9.25,2021-01-14 13:38:00,stop,0.19950000000000045,-2.111222816022018,-1.0,0.9414801494009999
2021-01-19,ACRS,1.3894558,5.88,1.0,ema,premkt,nextopen,pullback,eod,False,2021-01-19 10:20:00,15.3984,18.705,2021-01-19 15:55:00,eod,0.7384000000000004,21.473659600997497,4.4780606717226386,0.9836402017034015
2021-01-20,DARE,0.45762706,2.36,1.0,ema,premkt,nextopen,pullback,eod,False,2021-01-20 09:45:00,3.5599,3.49,2021-01-20 09:50:00,stop,0.06989999999999963,-1.9635383016376795,-1.0,0.9738037996863674
2021-01-21,IPWR,0.37650943,9.11,1.0,ema,premkt,nextopen,pullback,eod,False,2021-01-21 09:50:00,15.6,13.120000000000001,2021-01-21 10:15:00,stop,2.4799999999999986,-15.897435897435885,-1.0,0.9640657616895038
2021-01-22,EVGO,0.55547225,13.34,1.0,ema,premkt,nextopen,pullback,eod,False,2021-01-22 10:05:00,21.95,20.779999999999998,2021-01-22 10:16:00,stop,1.1700000000000017,-5.330296127562651,-1.0,0.9544251040726087
2021-01-25,AMTX,0.6181817,4.4,1.0,ema,premkt,nextopen,pullback,eod,False,2021-01-25 09:55:00,7.3,6.94,2021-01-25 10:07:00,stop,0.35999999999999943,-4.93150684931506,-1.0,0.9448808530318826
2021-01-26,VANI,0.23923445,2.09,3.0,ema,premkt,nextopen,pullback,eod,False,2021-01-26 09:50:00,2.4889,2.43,2021-01-26 09:56:00,stop,0.05889999999999995,-2.3665072923781616,-1.0,0.9354320445015638
2021-01-27,KOSS,0.7520001,10.0,2.0,ema,premkt,nextopen,pullback,eod,False,2021-01-27 10:00:00,17.0,57.41,2021-01-27 15:53:00,eod,0.9100000000000001,237.70588235294116,44.406593406593394,1.3508255490983572
2021-01-28,MPU,0.85025644,9.75,3.0,ema,premkt,nextopen,pullback,eod,False,2021-01-28 10:45:00,14.14,13.790000000000001,2021-01-28 10:50:00,stop,0.34999999999999964,-2.4752475247524774,-1.0,1.3373172936073736
2021-02-02,AREC,0.35436904,2.51,2.0,ema,premkt,nextopen,pullback,eod,False,2021-02-02 09:50:00,3.3899,3.31,2021-02-02 09:56:00,stop,0.07989999999999986,-2.3570016814655204,-1.0,1.3239441206712999
2021-02-03,SLS,0.43643022,8.18,2.0,ema,premkt,nextopen,pullback,eod,False,2021-02-03 09:50:00,12.095,11.84,2021-02-03 09:57:00,stop,0.2550000000000008,-2.1083092186854113,-1.0,1.310704679464587
2021-02-04,ATOS,0.36728394,3.24,2.0,ema,premkt,nextopen,pullback,eod,False,2021-02-04 09:50:00,4.67,4.32,2021-02-04 10:04:00,stop,0.34999999999999964,-7.494646680942174,-1.0,1.297597632669941
2021-02-05,KRKR,0.46888888,4.5,2.0,ema,premkt,nextopen,pullback,eod,False,2021-02-05 10:25:00,5.74,5.38,2021-02-05 10:51:00,stop,0.3600000000000003,-6.271777003484324,-1.0,1.2846216563432415
2021-02-08,OCGN,0.767619,5.25,1.0,ema,premkt,nextopen,pullback,eod,False,2021-02-08 10:10:00,12.25,15.5499,2021-02-08 15:55:00,eod,1.709999999999999,26.937959183673456,1.9297660818713456,1.3094118493477274
2021-02-09,OTLK,0.19637465,3.31,2.0,ema,premkt,nextopen,pullback,eod,False,2021-02-09 09:50:00,3.951,3.75,2021-02-09 09:57:00,stop,0.20100000000000007,-5.087319665907364,-1.0,1.2963177308542502
2021-02-10,OLB,0.7127516,7.45,1.0,ema,premkt,nextopen,pullback,eod,False,2021-02-10 10:30:00,10.9989,9.98,2021-02-10 13:57:00,stop,1.0189000000000004,-9.263653638091085,-1.0,1.2833545535457076
2021-02-11,RCMT,1.681572,3.69,1.0,ema,premkt,nextopen,pullback,eod,False,2021-02-11 09:50:00,9.95,8.66,2021-02-11 10:03:00,stop,1.2899999999999991,-12.964824120603001,-1.0,1.2705210080102505
2021-02-12,INO,0.18615377,13.0,2.0,ema,premkt,nextopen,pullback,eod,False,2021-02-12 10:20:00,15.585,15.49,2021-02-12 10:26:00,stop,0.09500000000000064,-0.6095604748155292,-1.0,1.2578157979301479
2021-02-16,SCKT,2.1450615,3.24,1.0,ema,premkt,nextopen,pullback,eod,False,2021-02-16 10:10:00,11.64,11.39,2021-02-16 10:16:00,stop,0.25,-2.1477663230240585,-1.0,1.2452376399508465
2021-02-17,CLPS,1.7176383,4.9,3.0,ema,premkt,nextopen,pullback,eod,False,2021-02-17 10:15:00,19.254,15.19,2021-02-17 10:43:00,stop,4.064000000000002,-21.107302378726512,-1.0,1.2327852635513379
2021-02-18,BKSY,0.26210046,10.95,2.0,ema,premkt,nextopen,pullback,eod,False,2021-02-18 09:55:00,13.73,13.52,2021-02-18 12:20:00,stop,0.21000000000000085,-1.5294974508375914,-1.0,1.2204574109158246
2021-02-19,JFU,0.27376425,2.63,3.0,ema,premkt,nextopen,pullback,eod,False,2021-02-19 10:10:00,2.98,2.79,2021-02-19 11:06:00,stop,0.18999999999999995,-6.375838926174493,-1.0,1.2082528368066663
2021-02-22,CTXR,0.20873785,2.06,2.0,ema,premkt,nextopen,pullback,eod,False,2021-02-22 09:55:00,2.6386,2.47,2021-02-22 11:03:00,stop,0.16859999999999964,-6.389752141287031,-1.0,1.1961703084385995
2021-02-23,YHGJ,0.74261594,2.37,1.0,ema,premkt,nextopen,pullback,eod,False,2021-02-23 10:25:00,4.7,4.220000000000001,2021-02-23 10:35:00,stop,0.47999999999999954,-10.212765957446802,-1.0,1.1842086053542136
2021-02-24,RCMT,0.16049373,4.05,3.0,ema,premkt,nextopen,pullback,eod,False,2021-02-24 09:55:00,5.118,4.84,2021-02-24 10:05:00,stop,0.27800000000000047,-5.431809300508017,-1.0,1.1723665193006714
2021-02-25,SCKT,0.38613856,10.1,4.0,ema,premkt,nextopen,pullback,eod,False,2021-02-25 09:50:00,16.8075,15.0109,2021-02-25 10:38:00,stop,1.7966000000000015,-10.689275621002537,-1.0,1.1606428541076645
2021-02-26,SRTS,0.1649214,3.82,3.0,ema,premkt,nextopen,pullback,eod,False,2021-02-26 09:50:00,5.58,4.8500000000000005,2021-02-26 10:55:00,stop,0.7299999999999995,-13.082437275985658,-1.0,1.149036425566588
2021-03-01,SOS,0.27044022,4.77,3.0,ema,premkt,nextopen,pullback,eod,False,2021-03-01 09:45:00,7.025,6.57,2021-03-01 15:55:00,eod,0.915,-6.476868327402141,-0.4972677595628416,1.1433226378766121
2021-03-03,ZVRA,0.6723224,9.43,1.0,ema,premkt,nextopen,pullback,eod,False,2021-03-03 09:50:00,16.5249,15.290000000000001,2021-03-03 10:43:00,stop,1.2348999999999979,-7.472965040635637,-1.0,1.131889411497846
2021-03-04,SLE,0.1823417,5.21,2.0,ema,premkt,nextopen,pullback,eod,False,2021-03-04 10:05:00,6.1985,8.3792,2021-03-04 15:55:00,eod,0.24849999999999994,35.18109219972576,8.775452716297792,1.2312178316046207
2021-03-08,VANI,0.5543859,5.7,2.0,ema,premkt,nextopen,pullback,eod,False,2021-03-08 10:20:00,11.76,11.1,2021-03-08 10:28:00,stop,0.6600000000000001,-5.612244897959185,-1.0,1.2189056532885745
2021-03-09,ASYS,0.14613819,8.83,3.0,ema,premkt,nextopen,pullback,eod,False,2021-03-09 10:55:00,10.37,10.635,2021-03-09 15:55:00,eod,0.08999999999999986,2.555448408871741,2.9444444444444553,1.2547956530798494
2021-03-10,MNOV,0.73415506,5.68,1.0,ema,premkt,nextopen,pullback,eod,False,2021-03-10 10:05:00,9.1089,8.6,2021-03-10 10:21:00,stop,0.5089000000000006,-5.586843636443484,-1.0,1.242247696549051
2021-03-11,SLE,0.2162162,5.55,5.0,ema,premkt,nextopen,pullback,eod,False,2021-03-11 11:00:00,6.68,6.8811,2021-03-11 15:55:00,eod,0.2599999999999998,3.010479041916181,0.7734615384615402,1.2518560046942824
2021-03-12,ENTX,0.5420792,4.04,1.0,ema,premkt,nextopen,pullback,eod,False,2021-03-12 10:20:00,7.6494,7.3,2021-03-12 10:28:00,stop,0.34940000000000015,-4.5676785107328755,-1.0,1.2393374446473395
2021-03-15,CBAT,0.11213243,5.44,4.0,ema,premkt,nextopen,pullback,eod,False,2021-03-15 10:40:00,6.07,5.930000000000001,2021-03-15 11:12:00,stop,0.13999999999999968,-2.3064250411861553,-1.0,1.226944070200866
2021-03-16,ERNA,0.1591512,3.77,3.0,ema,premkt,nextopen,pullback,eod,False,2021-03-16 10:05:00,4.67,4.3950000000000005,2021-03-16 10:43:00,stop,0.27499999999999947,-5.888650963597419,-1.0,1.2146746294988573
2021-03-17,AREC,0.21835518,4.26,3.0,ema,premkt,nextopen,pullback,eod,False,2021-03-17 09:55:00,5.2601,4.970000000000001,2021-03-17 10:26:00,stop,0.2900999999999998,-5.515104275584115,-1.0,1.2025278832038686
2021-03-18,OCG,0.29528332,10.6,2.0,ema,premkt,nextopen,pullback,eod,False,2021-03-18 10:15:00,13.58,13.39,2021-03-18 10:20:00,stop,0.1899999999999995,-1.3991163475699508,-1.0,1.1905026043718299
2021-03-19,ZKIN,0.19612312,8.77,2.0,ema,premkt,nextopen,pullback,eod,False,2021-03-19 09:50:00,11.2,11.16,2021-03-19 15:55:00,eod,1.1599999999999984,-0.35714285714284477,-0.03448275862068897,1.1900920862323914
2021-03-22,MRKR,0.21487594,2.42,2.0,ema,premkt,nextopen,pullback,eod,False,2021-03-22 10:10:00,2.8187,2.7600000000000002,2021-03-22 10:15:00,stop,0.058699999999999974,-2.082520310781566,-1.0,1.1781911653700674
2021-03-23,RKTO,0.40366971,2.18,2.0,ema,premkt,nextopen,pullback,eod,False,2021-03-23 10:50:00,2.73,2.6900000000000004,2021-03-23 11:16:00,stop,0.03999999999999959,-1.465201465201449,-1.0,1.1664092537163666
2021-03-24,DLPN,0.583197,18.33,1.0,ema,premkt,nextopen,pullback,eod,False,2021-03-24 10:50:00,24.519,24.189999999999998,2021-03-24 10:55:00,stop,0.3290000000000006,-1.341816550430286,-1.0,1.154745161179203
2021-03-25,QNRX,0.6275072,3.49,1.0,ema,premkt,nextopen,pullback,eod,False,2021-03-25 09:55:00,6.107,5.71,2021-03-25 10:01:00,stop,0.39700000000000024,-6.500736859341738,-1.0,1.143197709567411
2021-03-26,FTFT,0.117533684,5.19,3.0,ema,premkt,nextopen,pullback,eod,False,2021-03-26 10:25:00,6.14,5.890000000000001,2021-03-26 11:19:00,stop,0.2499999999999991,-4.0716612377850065,-1.0,1.131765732471737
2021-03-29,EEIQ,0.44516122,15.5,1.0,ema,premkt,nextopen,pullback,eod,False,2021-03-29 09:55:00,23.2881,20.843,2021-03-29 10:25:00,stop,2.4451,-10.499353747192774,-1.0,1.1204480751470196
2021-04-01,UPC,0.33167088,4.01,1.0,ema,premkt,nextopen,pullback,eod,False,2021-04-01 10:00:00,6.54,5.92,2021-04-01 10:20:00,stop,0.6200000000000001,-9.480122324159023,-1.0,1.1092435943955494
2021-04-05,GENI,0.22392833,15.63,1.0,ema,premkt,nextopen,pullback,eod,False,2021-04-05 10:15:00,19.375,19.06,2021-04-05 10:22:00,stop,0.3150000000000013,-1.62580645161291,-1.0,1.098151158451594
2021-04-06,MPU,0.17698348,11.47,2.0,ema,premkt,nextopen,pullback,eod,False,2021-04-06 09:50:00,15.25,14.76,2021-04-06 09:57:00,stop,0.4900000000000002,-3.2131147540983673,-1.0,1.087169646867078
2021-04-07,TULP,0.10866141,6.35,4.0,ema,premkt,nextopen,pullback,eod,False,2021-04-07 09:55:00,8.25,7.890000000000001,2021-04-07 10:02:00,stop,0.35999999999999943,-4.363636363636358,-1.0,1.0762979503984071
2021-04-12,ZDGE,0.12670708,13.49,1.0,ema,premkt,nextopen,pullback,eod,False,2021-04-12 09:50:00,14.66,14.64,2021-04-12 09:55:00,stop,0.019999999999999574,-0.13642564802182067,-1.0,1.065534970894423
2021-04-13,RIGL,0.13268614,3.09,1.0,ema,premkt,nextopen,pullback,eod,False,2021-04-13 10:55:00,3.54,3.47,2021-04-13 11:05:00,stop,0.06999999999999984,-1.9774011299435013,-1.0,1.0548796211854787
2021-04-14,TV,0.14831042,10.12,1.0,ema,premkt,nextopen,pullback,eod,False,2021-04-14 09:55:00,13.25,12.3,2021-04-14 10:48:00,stop,0.9499999999999993,-7.169811320754715,-1.0,1.0443308249736238
2021-04-20,HIND,0.100806475,2.48,3.0,ema,premkt,nextopen,pullback,eod,False,2021-04-20 09:50:00,2.975,2.83,2021-04-20 10:06:00,stop,0.14500000000000002,-4.873949579831938,-1.0,1.0338875167238877
2021-04-21,INTT,0.1624738,9.54,2.0,ema,premkt,nextopen,pullback,eod,False,2021-04-21 09:50:00,11.17,11.6983,2021-04-21 15:55:00,eod,0.27970000000000006,4.729632945389439,1.8888094386843033,1.0534156817251472
2021-04-22,MVIS,0.12441981,12.495,3.0,ema,premkt,nextopen,pullback,eod,False,2021-04-22 10:05:00,13.98,13.5,2021-04-22 10:16:00,stop,0.4800000000000004,-3.433476394849788,-1.0,1.0428815249078958
2021-04-23,SYPR,0.28825617,2.81,1.0,ema,premkt,nextopen,pullback,eod,False,2021-04-23 10:10:00,3.58,3.47,2021-04-23 10:16:00,stop,0.10999999999999988,-3.0726256983240163,-1.0,1.0324527096588167
2021-04-26,OCGN,0.14849436,9.63,1.0,ema,premkt,nextopen,pullback,eod,False,2021-04-26 09:45:00,11.535,11.11,2021-04-26 09:55:00,stop,0.4250000000000007,-3.684438664932821,-1.0,1.0221281825622286
2021-04-27,SLNH,0.12774193,7.75,2.0,ema,premkt,nextopen,pullback,eod,False,2021-04-27 10:30:00,9.085,8.78,2021-04-27 10:56:00,stop,0.3050000000000015,-3.3571821684094783,-1.0,1.0119069007366064
2021-04-28,BOXL,0.10245907,2.44,2.0,ema,premkt,nextopen,pullback,eod,False,2021-04-28 10:45:00,2.7574,2.82,2021-04-28 15:55:00,eod,0.0873999999999997,2.2702545876550184,0.7162471395881005,1.019154654968427
2021-04-29,WVVI,0.3444022,10.245,1.0,ema,premkt,nextopen,pullback,eod,False,2021-04-29 10:20:00,13.67,13.36,2021-04-29 15:13:00,stop,0.3100000000000005,-2.2677395757132457,-1.0,1.0089631084187427
2021-05-03,AIOS,0.11459029,15.01,2.0,ema,premkt,nextopen,pullback,eod,False,2021-05-03 10:15:00,17.06,16.869999999999997,2021-05-03 10:22:00,stop,0.19000000000000128,-1.1137162954279134,-1.0,0.9988734773345552
2021-05-04,BLRX,0.5329155,3.19,1.0,ema,premkt,nextopen,pullback,eod,False,2021-05-04 09:45:00,5.86,4.94,2021-05-04 10:08:00,stop,0.9199999999999999,-15.699658703071673,-1.0,0.9888847425612096
2021-05-06,BRN,0.18642116,2.68,3.0,ema,premkt,nextopen,pullback,eod,False,2021-05-06 10:40:00,3.8901,3.49,2021-05-06 10:50:00,stop,0.4000999999999997,-10.285082645690336,-1.0,0.9789958951355975
2021-05-07,GPRO,0.11015332,10.44,3.0,ema,premkt,nextopen,pullback,eod,False,2021-05-07 09:50:00,11.95,11.6142,2021-05-07 11:37:00,stop,0.335799999999999,-2.810041841004174,-1.0,0.9692059361842414
2021-05-10,LEDS,0.26030183,7.95,2.0,ema,premkt,nextopen,pullback,eod,False,2021-05-10 09:50:00,11.76,10.65,2021-05-10 10:26:00,stop,1.1099999999999994,-9.438775510204078,-1.0,0.959513876822399
2021-05-11,DDD,0.1412493,17.77,1.0,ema,premkt,nextopen,pullback,eod,False,2021-05-11 09:55:00,22.3415,23.88,2021-05-11 15:55:00,eod,1.701500000000003,6.8862878499653,0.9042021745518639,0.9681898221617541
2021-05-12,VTAK,0.23493981,3.32,1.0,ema,premkt,nextopen,pullback,eod,False,2021-05-12 09:55:00,6.021,5.04,2021-05-12 11:14:00,stop,0.9809999999999999,-16.292974588938712,-1.0,0.9585079239401365
2021-05-14,BNGO,0.19478452,4.41,1.0,ema,premkt,nextopen,pullback,eod,False,2021-05-14 10:05:00,5.13,5.01,2021-05-14 10:18:00,stop,0.1200000000000001,-2.3391812865497075,-1.0,0.9489228447007352
2021-05-17,DBGI,0.2588235,3.4,1.0,ema,premkt,nextopen,pullback,eod,False,2021-05-17 09:50:00,4.77,4.34,2021-05-17 10:43:00,stop,0.4299999999999997,-9.014675052410892,-1.0,0.9394336162537278
2021-05-18,AGEN,0.29446697,3.26,2.0,ema,premkt,nextopen,pullback,eod,False,2021-05-18 10:10:00,4.375,4.15,2021-05-18 10:58:00,stop,0.22499999999999964,-5.142857142857138,-1.0,0.9300392800911905
2021-05-19,LPTH,0.13675225,2.34,1.0,ema,premkt,nextopen,pullback,eod,False,2021-05-19 10:05:00,2.64,2.58,2021-05-19 10:18:00,stop,0.06000000000000005,-2.2727272727272707,-1.0,0.9207388872902786
2021-05-21,ENVB,0.14403296,2.43,2.0,ema,premkt,nextopen,pullback,eod,False,2021-05-21 09:45:00,3.0801,2.9200000000000004,2021-05-21 09:56:00,stop,0.16009999999999946,-5.197883185610841,-1.0,0.9115314984173758
2021-05-27,ABTS,0.22580647,16.43,1.0,ema,premkt,nextopen,pullback,eod,False,2021-05-27 10:10:00,19.08,18.75,2021-05-27 10:39:00,stop,0.3299999999999983,-1.729559748427667,-1.0,0.9024161834332021
2021-05-28,YEXT,0.21039796,12.31,1.0,ema,premkt,nextopen,pullback,eod,False,2021-05-28 09:50:00,14.87,14.61,2021-05-28 09:58:00,stop,0.2599999999999998,-1.748486886348355,-1.0,0.89339202159887
2021-06-03,VTAK,0.12634408,3.72,5.0,ema,premkt,nextopen,pullback,eod,False,2021-06-03 09:55:00,4.24,4.33,2021-06-03 15:55:00,eod,0.33000000000000007,2.1226415094339535,0.27272727272727226,0.8958285452941396
2021-06-04,LEDS,0.24966896,15.1,2.0,ema,premkt,nextopen,pullback,eod,False,2021-06-04 09:45:00,23.09,20.56,2021-06-04 15:41:00,stop,2.530000000000001,-10.957124296232134,-1.0,0.8868702598411982
2021-06-07,VTAK,0.42008197,4.88,1.0,ema,premkt,nextopen,pullback,eod,False,2021-06-07 10:25:00,8.57,7.84,2021-06-07 10:37:00,stop,0.7300000000000004,-8.51808634772463,-1.0,0.8780015572427862
2021-06-08,NEXT,0.23850572,3.48,2.0,ema,premkt,nextopen,pullback,eod,False,2021-06-08 09:45:00,5.69,5.67,2021-06-08 15:55:00,eod,0.9400000000000004,-0.35149384885765356,-0.021276595744681333,0.8778147484008196
2021-06-09,AEMD,3.79638,2.21,1.0,ema,premkt,nextopen,pullback,eod,False,2021-06-09 10:10:00,10.4884,9.52,2021-06-09 10:20:00,stop,0.9684000000000008,-9.233057473017814,-1.0,0.8690366009168115
2021-06-10,SCNX,0.54628897,4.08,1.0,ema,premkt,nextopen,pullback,eod,False,2021-06-10 10:00:00,7.02,6.7299,2021-06-10 15:55:00,eod,1.0099999999999998,-4.132478632478631,-0.2872277227722771,0.8665404868779405
2021-06-11,CMMB,0.25,20.0,3.0,ema,premkt,nextopen,pullback,eod,False,2021-06-11 10:15:00,24.14,23.49,2021-06-11 10:51:00,stop,0.6500000000000021,-2.692626346313187,-1.0,0.8578750820091611
2021-06-14,SLDPW,0.24831891,2.8999,2.0,ema,premkt,nextopen,pullback,eod,False,2021-06-14 09:50:00,3.835,3.62,2021-06-14 15:06:00,stop,0.21499999999999986,-5.606258148631027,-1.0,0.8492963311890694
2021-06-15,OCGN,0.15497553,6.13,1.0,ema,premkt,nextopen,pullback,eod,False,2021-06-15 09:50:00,7.23,7.0,2021-06-15 10:05:00,stop,0.23000000000000043,-3.181189488243441,-1.0,0.8408033678771787
2021-06-16,APRE,0.50721645,4.85,1.0,ema,premkt,nextopen,pullback,eod,False,2021-06-16 10:05:00,6.8714,6.75,2021-06-16 10:13:00,stop,0.1214000000000004,-1.766743312862018,-1.0,0.8323953341984069
2021-06-17,TAOX,0.235955,8.9,2.0,ema,premkt,nextopen,pullback,eod,False,2021-06-17 09:55:00,10.495,11.21,2021-06-17 15:55:00,eod,0.6549999999999994,6.812767984754653,1.091603053435118,0.8414817870831682
2021-06-18,GEO,0.10138893,7.2,2.0,ema,premkt,nextopen,pullback,eod,False,2021-06-18 10:00:00,7.8,7.705,2021-06-18 10:18:00,stop,0.09499999999999975,-1.2179487179487136,-1.0,0.8330669692123366
2021-06-21,AEI,0.5050918,4.91,1.0,ema,premkt,nextopen,pullback,eod,False,2021-06-21 09:55:00,6.76,6.42,2021-06-21 10:13:00,stop,0.33999999999999986,-5.029585798816571,-1.0,0.8247362995202132
2021-06-22,ALF,0.21538448,7.8,2.0,ema,premkt,nextopen,pullback,eod,False,2021-06-22 10:35:00,11.44,15.815,2021-06-22 15:55:00,eod,0.7199999999999989,38.243006993007,6.076388888888898,0.874850484386893
2021-06-25,UPXI,0.28571427,5.6,1.0,ema,premkt,nextopen,pullback,eod,False,2021-06-25 10:00:00,8.2177,7.3500000000000005,2021-06-25 15:24:00,stop,0.8677000000000001,-10.55891551163951,-1.0,0.866101979543024
2021-06-28,LENZ,0.1351074,18.5,4.0,ema,premkt,nextopen,pullback,eod,False,2021-06-28 10:00:00,22.075,21.069999999999997,2021-06-28 10:45:00,stop,1.0050000000000026,-4.552661381653467,-1.0,0.8574409597475938
2021-06-29,AUUD,0.29202032,5.89,1.0,ema,premkt,nextopen,pullback,eod,False,2021-06-29 10:20:00,7.7901,7.640000000000001,2021-06-29 11:31:00,stop,0.15009999999999923,-1.9268045339597584,-1.0,0.8488665501501179
2021-06-30,BLIN,0.43657804,3.39,1.0,ema,premkt,nextopen,pullback,eod,False,2021-06-30 09:45:00,6.2815,5.54,2021-06-30 10:15:00,stop,0.7415000000000003,-11.804505293321665,-1.0,0.8403778846486167
2021-07-01,WNW,0.3015151,6.6,3.0,ema,premkt,nextopen,pullback,eod,False,2021-07-01 10:00:00,8.5101,8.01,2021-07-01 10:23:00,stop,0.5000999999999998,-5.876546691578244,-1.0,0.8319741058021306
2021-07-02,WAVE,1.1898618,10.85,1.0,ema,premkt,nextopen,pullback,eod,False,2021-07-02 10:05:00,26.15,21.99,2021-07-02 14:07:00,stop,4.16,-15.90822179732314,-1.0,0.8236543647441092
2021-07-06,NXPL,0.6452205,5.44,1.0,ema,premkt,nextopen,pullback,eod,False,2021-07-06 10:10:00,9.49,8.75,2021-07-06 10:21:00,stop,0.7400000000000002,-7.797681770284514,-1.0,0.8154178210966682
2021-07-12,TPST,1.3477981,15.67,1.0,ema,premkt,nextopen,pullback,eod,False,2021-07-12 10:00:00,34.01,29.069999999999997,2021-07-12 10:20:00,stop,4.940000000000001,-14.525139664804476,-1.0,0.8072636428857015
2021-07-13,NXPL,0.84257877,6.67,1.0,ema,premkt,nextopen,pullback,eod,False,2021-07-13 09:50:00,12.46,11.69,2021-07-13 09:58:00,stop,0.7700000000000014,-6.179775280898891,-1.0,0.7991910064568445
2021-07-14,TROO,0.24811268,9.59,4.0,ema,premkt,nextopen,pullback,eod,False,2021-07-14 10:00:00,16.09,13.77,2021-07-14 11:17:00,stop,2.3200000000000003,-14.418893722809202,-1.0,0.791199096392276
2021-07-16,AEHR,0.12811399,2.81,3.0,ema,premkt,nextopen,pullback,eod,False,2021-07-16 09:55:00,3.55,3.2100000000000004,2021-07-16 11:45:00,stop,0.3399999999999994,-9.577464788732382,-1.0,0.7832871054283532
2021-07-19,CYTK,0.4513781,19.23,2.0,ema,premkt,nextopen,pullback,eod,False,2021-07-19 09:50:00,30.5,28.389999999999997,2021-07-19 10:40:00,stop,2.110000000000003,-6.918032786885253,-1.0,0.7754542343740697
2021-07-20,MTVA,0.44680858,2.82,2.0,ema,premkt,nextopen,pullback,eod,False,2021-07-20 10:10:00,3.85,3.95,2021-07-20 15:55:00,eod,0.08000000000000007,2.5974025974025983,1.25,0.7851474123037455
2021-07-21,NUWE,0.114427805,4.02,2.0,ema,premkt,nextopen,pullback,eod,False,2021-07-21 10:15:00,4.6155,4.53,2021-07-21 10:43:00,stop,0.08549999999999969,-1.8524536886577736,-1.0,0.7772959381807081
2021-07-22,PRFX,0.5159236,3.14,1.0,ema,premkt,nextopen,pullback,eod,False,2021-07-22 09:45:00,7.25,5.45,2021-07-22 10:03:00,stop,1.7999999999999998,-24.827586206896544,-1.0,0.769522978798901
2021-07-26,XBIO,0.30555558,2.52,1.0,ema,premkt,nextopen,pullback,eod,False,2021-07-26 09:50:00,3.4,3.1700000000000004,2021-07-26 12:34:00,stop,0.22999999999999954,-6.764705882352928,-1.0,0.761827749010912
2021-07-28,UPXI,0.3161291,4.65,1.0,ema,premkt,nextopen,pullback,eod,False,2021-07-28 10:00:00,6.28,5.920100000000001,2021-07-28 10:19:00,stop,0.35989999999999966,-5.7308917197452125,-1.0,0.7542094715208029
2021-07-29,HAPN,0.3753847,16.25,1.0,ema,premkt,nextopen,pullback,eod,False,2021-07-29 10:15:00,24.01,24.18,2021-07-29 15:55:00,eod,0.8500000000000014,0.7080383173677651,0.19999999999999749,0.7557178904638445
2021-07-30,RLYB,0.15390074,14.1,3.0,ema,premkt,nextopen,pullback,eod,False,2021-07-30 10:10:00,17.72,17.415,2021-07-30 11:20:00,stop,0.3049999999999997,-1.7212189616252815,-1.0,0.748160711559206
2021-08-03,OTLK,0.3340708,2.26,1.0,ema,premkt,nextopen,pullback,eod,False,2021-08-03 10:05:00,2.94,2.87,2021-08-03 10:31:00,stop,0.06999999999999984,-2.3809523809523725,-1.0,0.740679104443614
2021-08-04,CERS,0.14035082,5.13,2.0,ema,premkt,nextopen,pullback,eod,False,2021-08-04 09:55:00,6.22,6.075,2021-08-04 10:43:00,stop,0.14499999999999957,-2.331189710610926,-1.0,0.7332723133991778
2021-08-05,MVIS,0.14648116,12.22,3.0,ema,premkt,nextopen,pullback,eod,False,2021-08-05 10:20:00,14.665,14.42,2021-08-05 10:42:00,stop,0.24499999999999922,-1.6706443914081048,-1.0,0.725939590265186
2021-08-06,MVST,0.15568292,10.47,2.0,ema,premkt,nextopen,pullback,eod,False,2021-08-06 10:35:00,12.085,11.620000000000001,2021-08-06 12:45:00,stop,0.46499999999999986,-3.847745138601566,-1.0,0.718680194362534
2021-08-09,ANY,0.17489707,4.86,1.0,ema,premkt,nextopen,pullback,eod,False,2021-08-09 10:40:00,5.5599,5.465,2021-08-09 15:55:00,eod,0.18989999999999974,-1.7068652313890542,-0.49973670352817334,0.7150886856503168
2021-08-10,FULC,0.5858344,8.33,1.0,ema,premkt,nextopen,pullback,eod,False,2021-08-10 10:15:00,14.1401,18.13,2021-08-10 15:55:00,eod,0.8901000000000003,28.216915014745283,4.482530052803052,0.7471427508887867
2021-08-11,CURI,0.18118584,10.37,3.0,ema,premkt,nextopen,pullback,eod,False,2021-08-11 10:20:00,12.3,12.27,2021-08-11 10:28:00,stop,0.030000000000001137,-0.24390243902440156,-1.0,0.7396713233798988
2021-08-12,XBIO,0.1790123,3.24,2.0,ema,premkt,nextopen,pullback,eod,False,2021-08-12 09:50:00,4.1944,3.9000000000000004,2021-08-12 10:19:00,stop,0.29439999999999955,-7.018882319282838,-1.0,0.7322746101460998
2021-08-16,FEED,0.26190472,2.52,2.0,ema,premkt,nextopen,pullback,eod,False,2021-08-16 10:20:00,3.39,3.415,2021-08-16 15:55:00,eod,0.14000000000000012,0.7374631268436627,0.17857142857142777,0.7335822433785036
2021-08-18,PMCB,0.84210527,3.42,1.0,ema,premkt,nextopen,pullback,eod,False,2021-08-18 10:05:00,7.68,6.83,2021-08-18 13:16:00,stop,0.8499999999999996,-11.067708333333325,-1.0,0.7262464209447186
2021-08-23,VVOS,0.6979166,3.84,1.0,ema,premkt,nextopen,pullback,eod,False,2021-08-23 10:35:00,6.09,5.930000000000001,2021-08-23 10:46:00,stop,0.15999999999999925,-2.6272577996715785,-1.0,0.7189839567352714
2021-08-25,SNTG,0.12295079,6.1,2.0,ema,premkt,nextopen,pullback,eod,False,2021-08-25 10:15:00,6.43,6.42,2021-08-25 15:55:00,eod,0.41999999999999993,-0.15552099533436836,-0.023809523809523305,0.7188127700789059
2021-08-26,BBW,0.104477644,16.85,3.0,ema,premkt,nextopen,pullback,eod,False,2021-08-26 10:00:00,18.07,17.773,2021-08-26 13:29:00,stop,0.2970000000000006,-1.6436081903707822,-1.0,0.7116246423781168
2021-08-31,SPOK,0.1911422,7.85,3.0,ema,premkt,nextopen,pullback,eod,False,2021-08-31 09:50:00,9.6901,9.9,2021-08-31 15:55:00,eod,0.25009999999999977,2.1661283165292478,0.8392642942822922,0.7175970539109104
2021-09-01,ABVC,0.39999998,2.9,1.0,ema,premkt,nextopen,pullback,eod,False,2021-09-01 10:20:00,3.78,3.62,2021-09-01 11:22:00,stop,0.1599999999999997,-4.232804232804222,-1.0,0.7104210833718013
2021-09-02,GSM,0.11448741,9.08,2.0,ema,premkt,nextopen,pullback,eod,False,2021-09-02 09:45:00,11.2,10.38,2021-09-02 10:03:00,stop,0.8199999999999985,-7.321428571428557,-1.0,0.7033168725380833
2021-09-03,FTFT,0.13565886,2.58,2.0,ema,premkt,nextopen,pullback,eod,False,2021-09-03 09:55:00,3.0397,2.93,2021-09-03 10:02:00,stop,0.10969999999999969,-3.60890877389215,-1.0,0.6962837038127024
2021-09-07,OPAD,0.16859794,8.63,2.0,ema,premkt,nextopen,pullback,eod,False,2021-09-07 09:50:00,10.92,10.61,2021-09-07 10:00:00,stop,0.3100000000000005,-2.83882783882784,-1.0,0.6893208667745754
2021-09-08,ARQQ,0.23982298,11.3,1.0,ema,premkt,nextopen,pullback,eod,False,2021-09-08 10:15:00,16.0895,14.5101,2021-09-08 13:29:00,stop,1.5794000000000015,-9.816339848969836,-1.0,0.6824276581068296
2021-09-09,CURV,0.1879741,18.46,2.0,ema,premkt,nextopen,pullback,eod,False,2021-09-09 09:55:00,23.08,24.49,2021-09-09 15:55:00,eod,0.782,6.1091854419410785,1.80306905370844,0.694732300024101
2021-09-10,ABUS,0.16279078,3.87,1.0,ema,premkt,nextopen,pullback,eod,False,2021-09-10 10:55:00,4.47,4.38,2021-09-10 11:44:00,stop,0.08999999999999986,-2.0134228187919434,-1.0,0.68778497702386
2021-09-13,ATER,0.21186435,11.8,2.0,ema,premkt,nextopen,pullback,eod,False,2021-09-13 10:50:00,17.3002,16.819999999999997,2021-09-13 11:01:00,stop,0.4802000000000035,-2.775690454445634,-1.0,0.6809071272536213
2021-09-14,KPLT,0.10650885,6.76,4.0,ema,premkt,nextopen,pullback,eod,False,2021-09-14 10:45:00,7.148,7.0200000000000005,2021-09-14 10:55:00,stop,0.12799999999999923,-1.7907106883044088,-1.0,0.6740980559810851
2021-09-15,INDP,0.6760961,7.07,1.0,ema,premkt,nextopen,pullback,eod,False,2021-09-15 09:55:00,17.19,13.540000000000001,2021-09-15 13:54:00,stop,3.6500000000000004,-21.233275159976728,-1.0,0.6673570754212742
2021-09-16,SPIR,0.24282789,9.76,3.0,ema,premkt,nextopen,pullback,eod,False,2021-09-16 10:05:00,12.53,11.64,2021-09-16 10:16:00,stop,0.8899999999999988,-7.102952913008764,-1.0,0.6606835046670615
2021-09-17,CRVS,0.6769911,2.26,1.0,ema,premkt,nextopen,pullback,eod,False,2021-09-17 10:00:00,3.81,5.47,2021-09-17 15:55:00,eod,0.1599999999999997,43.56955380577428,10.375000000000018,0.7292294182762693
2021-09-20,VSTM,0.20289862,2.76,1.0,ema,premkt,nextopen,pullback,eod,False,2021-09-20 10:15:00,3.0727,3.0700000000000003,2021-09-20 10:20:00,stop,0.0026999999999999247,-0.08787060240179612,-1.0,0.7219371240935066
2021-09-21,SPIR,0.10965252,12.95,2.0,ema,premkt,nextopen,pullback,eod,False,2021-09-21 09:50:00,17.7,14.811,2021-09-21 13:19:00,stop,2.8889999999999993,-16.322033898305076,-1.0,0.7147177528525716
2021-09-22,AEMD,0.28421056,3.8,1.0,ema,premkt,nextopen,pullback,eod,False,2021-09-22 10:05:00,5.27,5.07,2021-09-22 11:04:00,stop,0.1999999999999993,-3.795066413662229,-1.0,0.7075705753240459
2021-09-23,MRM,1.0834744,7.3891,1.0,ema,premkt,nextopen,pullback,eod,False,2021-09-23 10:15:00,15.09,13.93,2021-09-23 11:40:00,stop,1.1600000000000001,-7.687210072895956,-1.0,0.7004948695708054
2021-09-24,AEHR,0.18845499,11.78,1.0,ema,premkt,nextopen,pullback,eod,False,2021-09-24 09:45:00,15.0498,15.71,2021-09-24 15:55:00,eod,0.7797999999999998,4.386769259392165,0.8466273403436799,0.7064254506542967
2021-09-27,RCAT,0.5708332,2.4,1.0,ema,premkt,nextopen,pullback,eod,False,2021-09-27 09:45:00,4.095,3.6500000000000004,2021-09-27 10:13:00,stop,0.4449999999999994,-10.86691086691085,-1.0,0.6993611961477537
2021-09-28,GOGO,0.1382978,12.22,2.0,ema,premkt,nextopen,pullback,eod,False,2021-09-28 10:40:00,15.18,16.825,2021-09-28 15:55:00,eod,0.46999999999999886,10.836627140974976,3.5000000000000075,0.7238388380129251
2021-09-30,IPM,0.351609,8.39,1.0,ema,premkt,nextopen,pullback,eod,False,2021-09-30 10:40:00,12.46,11.36,2021-09-30 11:19:00,stop,1.1000000000000014,-8.828250401284121,-1.0,0.7166004496327959
2021-10-11,NXXT,0.12492764,3.4579,2.0,ema,premkt,nextopen,pullback,eod,False,2021-10-11 10:10:00,4.3015,4.05,2021-10-11 10:20:00,stop,0.25150000000000006,-5.846797628734168,-1.0,0.7094344451364679
2021-10-12,GWH,0.51919377,10.42,1.0,ema,premkt,nextopen,pullback,eod,False,2021-10-12 10:05:00,17.2,23.4799,2021-10-12 15:55:00,eod,1.1099999999999994,36.51104651162791,5.657567567567572,0.7495711782176616
2021-10-13,JSPR,0.20804441,7.21,1.0,ema,premkt,nextopen,pullback,eod,False,2021-10-13 09:55:00,14.33,15.12,2021-10-13 15:55:00,eod,3.4800000000000004,5.512909979064884,0.22701149425287329,0.7512727909498225
2021-10-14,DRIO,0.11624622,13.48,2.0,ema,premkt,nextopen,pullback,eod,False,2021-10-14 10:00:00,15.63,16.105,2021-10-14 15:55:00,eod,0.2270000000000003,3.039027511196424,2.0925110132158546,0.7669932568397416
2021-10-15,PWCM,0.42441857,3.44,1.0,ema,premkt,nextopen,pullback,eod,False,2021-10-15 10:10:00,4.9783,4.8500000000000005,2021-10-15 10:38:00,stop,0.12829999999999941,-2.5771849828254534,-1.0,0.7593233242713442
2021-10-18,AGRO,0.10081518,8.93,2.0,ema,premkt,nextopen,pullback,eod,False,2021-10-18 09:50:00,9.765,9.61,2021-10-18 12:16:00,stop,0.15500000000000114,-1.5873015873016039,-1.0,0.7517300910286308
2021-10-20,BON,0.11230314,6.86,1.0,ema,premkt,nextopen,pullback,eod,False,2021-10-20 10:00:00,7.41,7.2,2021-10-20 10:39:00,stop_gap,0.2099000000000002,-2.8340080971659964,-1.00047641734159,0.7442092087458289
2021-10-21,DJT,0.2781124,9.96,1.0,ema,premkt,nextopen,pullback,eod,False,2021-10-21 09:50:00,14.44,42.87,2021-10-21 15:55:00,eod,1.83,196.88365650969527,15.53551912568306,0.8598259727056315
2021-10-22,DIBS,0.19572473,14.97,2.0,ema,premkt,nextopen,pullback,eod,False,2021-10-22 10:35:00,16.315,15.94,2021-10-22 11:19:00,stop,0.3750000000000018,-2.2984983144345827,-1.0,0.8512277129785752
2021-10-26,ROIV,0.28928983,7.04,1.0,ema,premkt,nextopen,pullback,eod,False,2021-10-26 09:50:00,9.1,8.540000000000001,2021-10-26 10:01:00,stop,0.5599999999999987,-6.153846153846143,-1.0,0.8427154358487895
2021-10-28,DBGI,0.7590759,3.03,1.0,ema,premkt,nextopen,pullback,eod,False,2021-10-28 10:50:00,4.43,4.21,2021-10-28 13:49:00,stop,0.21999999999999975,-4.966139954853266,-1.0,0.8342882814903015
2021-10-29,UAVS,0.14339626,2.65,2.0,ema,premkt,nextopen,pullback,eod,False,2021-10-29 09:50:00,3.1408,2.9000000000000004,2021-10-29 11:43:00,stop,0.24079999999999968,-7.666836474783489,-1.0,0.8259453986753985
2021-11-02,UA,0.1534419,19.03,4.0,ema,premkt,nextopen,pullback,eod,False,2021-11-02 09:55:00,22.15,21.58,2021-11-02 12:10:00,stop,0.5700000000000003,-2.573363431151243,-1.0,0.8176859446886445
2021-11-05,FNKO,0.11595869,17.42,3.0,ema,premkt,nextopen,pullback,eod,False,2021-11-05 09:50:00,19.051,18.889999999999997,2021-11-05 09:59:00,stop,0.16100000000000136,-0.8450999947509419,-1.0,0.8095090852417581
2021-11-08,AUTL,0.30035973,5.56,1.0,ema,premkt,nextopen,pullback,eod,False,2021-11-08 10:45:00,7.2307,7.07,2021-11-08 11:22:00,stop,0.1606999999999994,-2.2224680874604053,-1.0,0.8014139943893406
2021-11-11,FOSL,0.31430638,13.84,1.0,ema,premkt,nextopen,pullback,eod,False,2021-11-11 09:45:00,19.59,18.939999999999998,2021-11-11 09:54:00,stop,0.6500000000000021,-3.3180193976518724,-1.0,0.7933998544454471
2021-11-12,MITQ,0.2185185,2.7,1.0,ema,premkt,nextopen,pullback,eod,False,2021-11-12 10:30:00,3.18,3.25,2021-11-12 15:55:00,eod,0.08999999999999986,2.2012578616352085,0.7777777777777772,0.799570742202245
2021-11-15,EYPT,0.37401855,14.01,1.0,ema,premkt,nextopen,pullback,eod,False,2021-11-15 10:10:00,20.13,19.16,2021-11-15 10:41:00,stop,0.9699999999999989,-4.818678589170389,-1.0,0.7915750347802225
2021-11-16,RXT,0.13142085,14.99,1.0,ema,premkt,nextopen,pullback,eod,False,2021-11-16 10:25:00,16.955,16.74,2021-11-16 10:37:00,stop,0.21499999999999986,-1.2680625184311456,-1.0,0.7836592844324203
2021-11-17,APWC,0.15298498,2.68,2.0,ema,premkt,nextopen,pullback,eod,False,2021-11-17 10:35:00,2.86,3.04,2021-11-17 15:55:00,eod,0.06999999999999984,6.2937062937062915,2.5714285714285796,0.8038105231749683
2021-11-19,UWMC,0.21185982,5.52,2.0,ema,premkt,nextopen,pullback,eod,False,2021-11-19 09:50:00,6.76,6.74,2021-11-19 09:55:00,stop,0.019999999999999574,-0.2958579881656709,-1.0,0.7957724179432186
2021-11-22,VG,0.24799514,16.37,1.0,ema,premkt,nextopen,pullback,eod,False,2021-11-22 10:45:00,20.525,20.65,2021-11-22 15:55:00,eod,0.045000000000001705,0.6090133982947554,2.7777777777776724,0.8178772073305295
2021-11-23,SPRU,0.15301728,4.64,3.0,ema,premkt,nextopen,pullback,eod,False,2021-11-23 10:20:00,5.77,5.57,2021-11-23 10:27:00,stop,0.1999999999999993,-3.466204506065851,-1.0,0.8096984352572242
2021-11-24,ORMP,0.114840984,18.21,4.0,ema,premkt,nextopen,pullback,eod,False,2021-11-24 10:15:00,19.72,19.59,2021-11-24 10:20:00,stop,0.129999999999999,-0.6592292089249496,-1.0,0.801601450904652
2021-11-26,BFRI,0.37931037,5.22,2.0,ema,premkt,nextopen,pullback,eod,False,2021-11-26 10:45:00,6.955,7.85,2021-11-26 15:55:00,eod,0.3650000000000002,12.868439971243696,2.4520547945205453,0.8212571577145058
2021-11-30,CPIX,0.8773042,2.2,1.0,ema,premkt,nextopen,pullback,eod,False,2021-11-30 10:00:00,4.53,4.29,2021-11-30 12:02:00,stop,0.2400000000000002,-5.298013245033117,-1.0,0.8130445861373607
2021-12-01,CNTX,0.17296505,6.88,3.0,ema,premkt,nextopen,pullback,eod,False,2021-12-01 10:10:00,8.8023,8.4,2021-12-01 10:31:00,stop,0.4023000000000003,-4.5703963736750675,-1.0,0.8049141402759872
2021-12-02,PHUN,0.1415385,3.25,3.0,ema,premkt,nextopen,pullback,eod,False,2021-12-02 10:25:00,3.7199,3.58,2021-12-02 10:38:00,stop,0.1398999999999999,-3.7608537863921043,-1.0,0.7968649988732273
2021-12-03,LGVN,0.36833334,18.0,1.0,ema,premkt,nextopen,pullback,eod,False,2021-12-03 10:40:00,24.825,24.389999999999997,2021-12-03 10:47:00,stop,0.4350000000000023,-1.7522658610272024,-1.0,0.788896348884495
2021-12-06,TACO,0.6466826,7.53,1.0,ema,premkt,nextopen,pullback,eod,False,2021-12-06 10:45:00,12.42,12.52,2021-12-06 15:55:00,eod,0.019999999999999574,0.8051529790660261,5.000000000000089,0.8283411663287205
2021-12-07,JMIA,0.12466121,11.07,4.0,ema,premkt,nextopen,pullback,eod,False,2021-12-07 10:25:00,13.28,13.255,2021-12-07 15:55:00,eod,0.23999999999999844,-0.18825301204817846,-0.10416666666666143,0.8274783109471281
2021-12-08,TULP,0.2331407,10.38,1.0,ema,premkt,nextopen,pullback,eod,False,2021-12-08 10:50:00,21.81,20.069999999999997,2021-12-08 12:29:00,stop,1.740000000000002,-7.9779917469051,-1.0,0.8192035278376568
2021-12-09,ENSC,0.81543624,2.98,2.0,ema,premkt,nextopen,pullback,eod,False,2021-12-09 10:10:00,4.8499,4.6275,2021-12-09 10:23:00,stop,0.2223999999999995,-4.58566156003215,-1.0,0.8110114925592803
2021-12-10,CXM,0.10954845,13.51,4.0,ema,premkt,nextopen,pullback,eod,False,2021-12-10 09:50:00,15.95,15.19,2021-12-10 12:31:00,stop,0.7599999999999998,-4.764890282131661,-1.0,0.8029013776336875
2021-12-13,FHTX,0.51042545,11.99,1.0,ema,premkt,nextopen,pullback,eod,False,2021-12-13 09:45:00,17.78,17.74,2021-12-13 09:50:00,stop,0.0400000000000027,-0.22497187851520106,-1.0,0.7948723638573506
2021-12-15,BFRI,0.2763636,5.5,2.0,ema,premkt,nextopen,pullback,eod,False,2021-12-15 09:45:00,7.67,7.21,2021-12-15 10:04:00,stop,0.45999999999999996,-5.997392438070404,-1.0,0.7869236402187771
2021-12-16,STLN,0.10080004,6.25,5.0,ema,premkt,nextopen,pullback,eod,False,2021-12-16 10:00:00,7.67,7.07,2021-12-16 10:14:00,stop,0.5999999999999996,-7.822685788787476,-1.0,0.7790544038165894
2021-12-17,ALZN,0.14541352,2.53,2.0,ema,premkt,nextopen,pullback,eod,False,2021-12-17 09:45:00,2.9572,2.8400000000000003,2021-12-17 09:54:00,stop,0.11719999999999953,-3.963208440416599,-1.0,0.7712638597784235
2021-12-20,FSM,0.13043475,3.22,2.0,ema,premkt,nextopen,pullback,eod,False,2021-12-20 09:50:00,3.68,3.7701,2021-12-20 15:55:00,eod,0.06999999999999984,2.44836956521739,1.2871428571428547,0.7811911274592859
2021-12-21,EZRA,1.462295,3.05,1.0,ema,premkt,nextopen,pullback,eod,False,2021-12-21 10:05:00,6.9516,6.6000000000000005,2021-12-21 10:16:00,stop,0.35159999999999947,-5.057828413602616,-1.0,0.773379216184693
2021-12-28,TULP,0.38648176,11.54,1.0,ema,premkt,nextopen,pullback,eod,False,2021-12-28 09:50:00,20.115,18.68,2021-12-28 09:58:00,stop,1.4349999999999987,-7.133979617201092,-1.0,0.7656454240228461
2021-12-29,TULP,0.26445842,19.02,1.0,ema,premkt,nextopen,pullback,eod,False,2021-12-29 10:05:00,25.0473,24.299999999999997,2021-12-29 10:21:00,stop,0.7473000000000027,-2.983555113724845,-1.0,0.7579889697826176
2022-01-03,BDSX,0.1859411,4.41,5.0,ema,premkt,nextopen,pullback,eod,False,2022-01-03 10:25:00,5.47,5.2516,2022-01-03 11:58:00,stop_gap,0.09999999999999964,-3.992687385740401,-2.184000000000007,0.7414344906825652
2022-01-05,EWTX,0.16333127,15.49,2.0,ema,premkt,nextopen,pullback,eod,False,2022-01-05 10:20:00,19.3275,18.96,2022-01-05 15:55:00,eod,1.5574000000000012,-1.9014357780364755,-0.23597020675484745,0.7396849261819498
2022-01-10,TLRY,0.11526477,6.42,1.0,ema,premkt,nextopen,pullback,eod,False,2022-01-10 10:05:00,7.665,7.37,2022-01-10 10:21:00,stop,0.29499999999999993,-3.848662752772336,-1.0,0.7322880769201303
2022-01-20,MYSE,0.14715719,2.99,1.0,ema,premkt,nextopen,pullback,eod,False,2022-01-20 09:45:00,3.6563,3.5700000000000003,2022-01-20 09:56:00,stop,0.0862999999999996,-2.3603096026037163,-1.0,0.724965196150929
2022-01-31,FGI,0.34748006,3.77,2.0,ema,premkt,nextopen,pullback,eod,False,2022-01-31 10:15:00,5.35,5.08,2022-01-31 10:37:00,stop,0.2699999999999996,-5.046728971962611,-1.0,0.7177155441894197
2022-02-07,RUMBW,0.105263114,3.8,4.0,ema,premkt,nextopen,pullback,eod,False,2022-02-07 09:50:00,4.415,4.1665,2022-02-07 10:10:00,stop,0.24849999999999994,-5.628539071347682,-1.0,0.7105383887475255
2022-02-14,KSCP,0.13708866,6.32,2.0,ema,premkt,nextopen,pullback,eod,False,2022-02-14 09:55:00,7.4195,8.4498,2022-02-14 15:55:00,eod,0.4187000000000003,13.886380483860084,2.460711726773343,0.7280226902026622
2022-02-15,RLGT,0.12576687,6.52,2.0,ema,premkt,nextopen,pullback,eod,False,2022-02-15 09:50:00,7.37,7.26,2022-02-15 14:10:00,stop_gap,0.10989999999999966,-1.4925373134328401,-1.0009099181073764,0.7207358388903516
2022-02-17,ACVA,0.1061151,11.12,1.0,ema,premkt,nextopen,pullback,eod,False,2022-02-17 09:45:00,13.23,12.5525,2022-02-17 12:44:00,stop,0.6775000000000002,-5.120937263794412,-1.0,0.7135284805014481
2022-02-23,SKIN,0.16043603,12.84,2.0,ema,premkt,nextopen,pullback,eod,False,2022-02-23 10:20:00,16.85,16.645,2022-02-23 15:55:00,eod,0.4600000000000044,-1.2166172106825024,-0.44565217391304324,0.7103486253166047
2022-02-24,INDO,0.87624764,7.515,1.0,ema,premkt,nextopen,pullback,eod,False,2022-02-24 10:30:00,12.64,12.31,2022-02-24 10:53:00,stop,0.33000000000000007,-2.610759493670889,-1.0,0.7032451390634387
2022-02-25,CISO,0.15430272,3.37,3.0,ema,premkt,nextopen,pullback,eod,False,2022-02-25 10:15:00,3.51,3.75,2022-02-25 15:55:00,eod,0.03999999999999959,6.8376068376068355,6.000000000000067,0.7454398474072454
2022-02-28,SRG,0.12798262,9.22,4.0,ema,premkt,nextopen,pullback,eod,False,2022-02-28 10:20:00,10.23,10.1,2022-02-28 12:48:00,stop_gap,0.10999999999999943,-1.270772238514184,-1.181818181818195,0.7366301037560689
2022-03-01,RCEL,0.16956532,9.2,1.0,ema,premkt,nextopen,pullback,eod,False,2022-03-01 10:00:00,10.58,10.52,2022-03-01 15:44:00,stop,0.0600000000000005,-0.5671077504725952,-1.0,0.7292638027185082
2022-03-02,INDO,0.1790353,10.78,2.0,ema,premkt,nextopen,pullback,eod,False,2022-03-02 09:55:00,13.0388,12.5647,2022-03-02 10:08:00,stop,0.47409999999999997,-3.6360708040617196,-1.0,0.7219711646913232
2022-03-03,INDO,0.5344827,14.5,1.0,ema,premkt,nextopen,pullback,eod,False,2022-03-03 10:20:00,21.9001,20.7,2022-03-03 14:33:00,stop,1.200099999999999,-5.479883653499296,-1.0,0.7147514530444099
2022-03-07,IMPP,0.3846153,3.38,1.0,ema,premkt,nextopen,pullback,eod,False,2022-03-07 09:50:00,5.16,7.0799,2022-03-07 15:55:00,eod,0.7699999999999996,37.20736434108527,2.493376623376625,0.732572898689864
2022-03-08,BSIN,0.58690965,6.32,2.0,ema,premkt,nextopen,pullback,eod,False,2022-03-08 09:50:00,12.56,10.4,2022-03-08 10:18:00,stop_gap,2.1500000000000004,-17.19745222929936,-1.0046511627906975,0.7252130965448867
2022-03-09,BMBL,0.32052827,16.66,1.0,ema,premkt,nextopen,pullback,eod,False,2022-03-09 09:45:00,23.68,23.53,2022-03-09 15:55:00,eod,0.9600000000000009,-0.633445945945943,-0.1562499999999984,0.7240799510815353
2022-03-10,AGIG,0.15844154,7.7,1.0,ema,premkt,nextopen,pullback,eod,False,2022-03-10 10:00:00,8.5,8.32,2022-03-10 10:07:00,stop,0.17999999999999972,-2.117647058823524,-1.0,0.71683915157072
2022-03-11,PSO,0.18998182,8.69,2.0,ema,premkt,nextopen,pullback,eod,False,2022-03-11 10:50:00,10.27,10.23,2022-03-11 10:56:00,stop,0.03999999999999915,-0.3894839337877265,-1.0,0.7096707600550127
2022-03-14,AVX,0.21904767,3.15,1.0,ema,premkt,nextopen,pullback,eod,False,2022-03-14 09:55:00,4.23,3.6300000000000003,2022-03-14 13:39:00,stop,0.6000000000000001,-14.184397163120565,-1.0,0.7025740524544626
2022-03-15,ASLE,0.10452962,14.35,1.0,ema,premkt,nextopen,pullback,eod,False,2022-03-15 10:30:00,15.82,15.72,2022-03-15 10:37:00,stop,0.09999999999999964,-0.6321112515802807,-1.0,0.695548311929918
2022-03-16,BEKE,0.43495643,9.06,2.0,ema,premkt,nextopen,pullback,eod,False,2022-03-16 10:50:00,14.38,14.23,2022-03-16 13:09:00,stop,0.15000000000000036,-1.0431154381084884,-1.0,0.6885928288106188
2022-03-17,IMPP,0.19117653,2.04,1.0,ema,premkt,nextopen,pullback,eod,False,2022-03-17 10:15:00,2.575,2.49,2022-03-17 10:21:00,stop,0.08499999999999996,-3.300970873786402,-1.0,0.6817069005225126
2022-03-18,STNE,0.2835369,9.61,1.0,ema,premkt,nextopen,pullback,eod,False,2022-03-18 10:40:00,13.199,13.07,2022-03-18 11:11:00,stop,0.12899999999999956,-0.977346768694598,-1.0,0.6748898315172874
2022-03-22,ZH,0.1576922,2.6,2.0,ema,premkt,nextopen,pullback,eod,False,2022-03-22 09:55:00,3.0207,2.85,2022-03-22 15:53:00,stop,0.17070000000000007,-5.651008044493,-1.0,0.6681409332021145
2022-03-24,JXG,0.2751479,3.38,2.0,ema,premkt,nextopen,pullback,eod,False,2022-03-24 10:00:00,4.52,4.48,2022-03-24 10:05:00,stop,0.03999999999999915,-0.8849557522123686,-1.0,0.6614595238700934
2022-03-28,CELZ,0.16666663,3.48,1.0,ema,premkt,nextopen,pullback,eod,False,2022-03-28 10:20:00,4.081,4.4725,2022-03-28 15:55:00,eod,0.14100000000000001,9.593236951727512,2.776595744680849,0.6798255808626567
2022-03-29,SCNX,0.17512572,2.34,2.0,ema,premkt,nextopen,pullback,eod,False,2022-03-29 10:10:00,2.7625,2.78,2022-03-29 15:55:00,eod,0.11249999999999982,0.6334841628959031,0.15555555555555248,0.6808830873217763
2022-03-30,DRCT,0.82558143,2.58,1.0,ema,premkt,nextopen,pullback,eod,False,2022-03-30 10:10:00,4.4787,4.24,2022-03-30 10:19:00,stop,0.2386999999999997,-5.3296715564784325,-1.0,0.6740742564485585
2022-04-01,ZH,0.13429749,2.42,4.0,ema,premkt,nextopen,pullback,eod,False,2022-04-01 10:00:00,2.6699,2.62,2022-04-01 10:10:00,stop,0.049900000000000055,-1.868983857073303,-1.0,0.6673335138840729
2022-04-04,BEKE,0.114828944,14.01,2.0,ema,premkt,nextopen,pullback,eod,False,2022-04-04 10:10:00,15.525,16.402,2022-04-04 15:55:00,eod,0.375,5.648953301127224,2.3386666666666684,0.6829402203287751
2022-04-05,SST,0.15081763,16.51,2.0,ema,premkt,nextopen,pullback,eod,False,2022-04-05 09:45:00,24.2635,20.349999999999998,2022-04-05 14:40:00,stop,3.9135000000000026,-16.129165206998174,-1.0,0.6761108181254873
2022-04-06,TLRY,0.102418184,7.03,5.0,ema,premkt,nextopen,pullback,eod,False,2022-04-06 10:10:00,7.96,7.8,2022-04-06 10:18:00,stop,0.16000000000000014,-2.010050251256279,-1.0,0.6693497099442325
2022-04-07,SBFMW,0.20293391,4.09,1.0,ema,premkt,nextopen,pullback,eod,False,2022-04-07 09:50:00,5.36,7.35,2022-04-07 15:56:00,eod,0.28990000000000027,37.12686567164178,6.864436012418066,0.7152967924826602
2022-04-08,ATER,0.19480515,3.85,2.0,ema,premkt,nextopen,pullback,eod,False,2022-04-08 09:50:00,4.59,4.34,2022-04-08 12:00:00,stop,0.25,-5.446623093681913,-1.0,0.7081438245578336
2022-04-11,VERU,0.37701154,4.35,1.0,ema,premkt,nextopen,pullback,eod,False,2022-04-11 10:00:00,6.26,12.29,2022-04-11 15:55:00,eod,0.21999999999999975,96.32587859424919,27.40909090909094,0.9022396091980037
2022-04-20,KLRS,0.2754159,5.41,1.0,ema,premkt,nextopen,pullback,eod,False,2022-04-20 09:55:00,8.3,7.34,2022-04-20 10:29:00,stop,0.9600000000000009,-11.566265060240976,-1.0,0.8932172131060236
2022-04-25,BBAI,0.116959095,8.55,2.0,ema,premkt,nextopen,pullback,eod,False,2022-04-25 09:55:00,9.37,9.16,2022-04-25 10:36:00,stop,0.20999999999999908,-2.2411953041622135,-1.0,0.8842850409749634
2022-04-26,MX,0.19627416,15.03,1.0,ema,premkt,nextopen,pullback,eod,False,2022-04-26 10:05:00,17.96,17.83,2022-04-26 11:05:00,stop,0.13000000000000256,-0.7238307349666018,-1.0,0.8754421905652138
2022-04-27,NUTX,0.19401038,7.68,1.0,ema,premkt,nextopen,pullback,eod,False,2022-04-27 10:25:00,9.07,8.69,2022-04-27 10:51:00,stop,0.3800000000000008,-4.189636163175314,-1.0,0.8666877686595617
2022-04-28,ATOM,0.14578831,9.26,4.0,ema,premkt,nextopen,pullback,eod,False,2022-04-28 10:05:00,9.91,11.27,2022-04-28 15:55:00,eod,0.25,13.723511604439963,5.439999999999998,0.9138355832746418
2022-04-29,ZYME,0.44959676,4.96,1.0,ema,premkt,nextopen,pullback,eod,False,2022-04-29 10:00:00,7.205,7.07,2022-04-29 10:08:00,stop,0.1349999999999998,-1.8736988202637028,-1.0,0.9046972274418953
2022-05-05,HDSN,0.1344539,7.14,2.0,ema,premkt,nextopen,pullback,eod,False,2022-05-05 09:50:00,8.6461,8.321,2022-05-05 11:20:00,stop,0.32510000000000083,-3.7600767976313065,-1.0,0.8956502551674763
2022-05-06,GDYN,0.108377695,15.04,5.0,ema,premkt,nextopen,pullback,eod,False,2022-05-06 10:05:00,16.77,16.139999999999997,2022-05-06 12:16:00,stop,0.6300000000000026,-3.756708407871212,-1.0,0.8866937526158015
2022-05-10,KYNB,0.1284635,7.94,4.0,ema,premkt,nextopen,pullback,eod,False,2022-05-10 09:55:00,9.515,9.97,2022-05-10 15:55:00,eod,0.375,4.781923279033107,1.2133333333333336,0.8974523034808732
2022-05-12,CPNG,0.13650465,9.67,3.0,ema,premkt,nextopen,pullback,eod,False,2022-05-12 10:35:00,11.39,11.0649,2022-05-12 14:47:00,stop,0.32510000000000083,-2.8542581211589146,-1.0,0.8884777804460645
2022-05-13,HOOD,0.23130834,8.56,3.0,ema,premkt,nextopen,pullback,eod,False,2022-05-13 10:50:00,10.505,10.67,2022-05-13 15:55:00,eod,0.2350000000000012,1.5706806282722363,0.7021276595744609,0.8947160286917497
2022-05-16,FFAI,0.12195122,2.46,2.0,ema,premkt,nextopen,pullback,eod,False,2022-05-16 09:50:00,2.89,2.77,2022-05-16 12:05:00,stop,0.1200000000000001,-4.152249134948105,-1.0,0.8857688684048322
2022-05-17,MVST,0.17559528,3.36,2.0,ema,premkt,nextopen,pullback,eod,False,2022-05-17 10:15:00,4.0458,3.9212000000000002,2022-05-17 10:40:00,stop,0.1245999999999996,-3.079737011221506,-1.0,0.8769111797207838
2022-05-18,DLO,0.11640787,19.25,1.0,ema,premkt,nextopen,pullback,eod,False,2022-05-18 09:45:00,24.15,23.2,2022-05-18 09:57:00,stop,0.9499999999999993,-3.9337474120082816,-1.0,0.868142067923576
2022-05-19,CAN,0.102547646,3.14,2.0,ema,premkt,nextopen,pullback,eod,False,2022-05-19 09:50:00,3.6475,3.52,2022-05-19 10:36:00,stop,0.12749999999999995,-3.4955448937628475,-1.0,0.8594606472443402
2022-05-20,EVEX,0.1952095,8.35,1.0,ema,premkt,nextopen,pullback,eod,False,2022-05-20 10:20:00,10.71,10.39,2022-05-20 10:29:00,stop_gap,0.3100000000000005,-2.9878618113912236,-1.0322580645161283,0.8505887954018181
2022-05-26,SPRC,0.29661012,2.36,1.0,ema,premkt,nextopen,pullback,eod,False,2022-05-26 10:35:00,3.37,3.1500000000000004,2022-05-26 11:41:00,stop,0.21999999999999975,-6.52818991097922,-1.0,0.8420829074477999
2022-05-31,TXMD,3.457944,2.14,1.0,ema,premkt,nextopen,pullback,eod,False,2022-05-31 09:55:00,9.789,9.9455,2022-05-31 15:55:00,eod,0.24899999999999878,1.5987332720400316,0.6285140562249003,0.8473755168861766
2022-06-02,PDSB,0.16172504,3.71,1.0,ema,premkt,nextopen,pullback,eod,False,2022-06-02 10:00:00,4.3,4.21,2022-06-02 10:15:00,stop,0.08999999999999986,-2.0930232558139528,-1.0,0.8389017617173149
2022-06-03,AMLX,0.36131012,9.77,1.0,ema,premkt,nextopen,pullback,eod,False,2022-06-03 10:10:00,12.12,11.85,2022-06-03 10:17:00,stop,0.2699999999999996,-2.2277227722772297,-1.0,0.8305127441001418
2022-06-06,FTCI,0.2518891,3.97,1.0,ema,premkt,nextopen,pullback,eod,False,2022-06-06 09:55:00,4.9601,4.9,2022-06-06 10:04:00,stop,0.060099999999999376,-1.211669119574188,-1.0,0.8222076166591403
2022-06-08,SYM,0.15824175,9.1,2.0,ema,premkt,nextopen,pullback,eod,False,2022-06-08 10:40:00,16.2,14.46,2022-06-08 11:52:00,stop,1.7399999999999984,-10.740740740740728,-1.0,0.8139855404925489
2022-06-09,SOUN,0.14354074,4.18,3.0,ema,premkt,nextopen,pullback,eod,False,2022-06-09 10:25:00,4.62,4.56,2022-06-09 10:37:00,stop_gap,0.058399999999999785,-1.2987012987013102,-1.027397260273985,0.805622675350502
2022-06-10,COGT,0.33064508,4.96,1.0,ema,premkt,nextopen,pullback,eod,False,2022-06-10 10:00:00,8.31,7.925,2022-06-10 15:55:00,eod,0.7700000000000005,-4.632972322503015,-0.5000000000000006,0.8015945619737496
2022-06-14,INDO,0.23803353,7.73,1.0,ema,premkt,nextopen,pullback,eod,False,2022-06-14 10:35:00,8.95,8.8,2022-06-14 10:42:00,stop,0.14999999999999858,-1.6759776536312665,-1.0,0.7935786163540121
2022-06-16,SIDU,0.62393165,4.68,1.0,ema,premkt,nextopen,pullback,eod,False,2022-06-16 09:55:00,7.385,7.24,2022-06-16 11:56:00,stop,0.14499999999999957,-1.9634394041976977,-1.0,0.7856428301904719
2022-06-21,BKSY,0.3251232,2.03,3.0,ema,premkt,nextopen,pullback,eod,False,2022-06-21 09:45:00,2.67,2.6,2022-06-21 10:06:00,stop,0.06999999999999984,-2.621722846441943,-1.0,0.7777864018885672
2022-06-23,QURE,0.109161735,15.39,3.0,ema,premkt,nextopen,pullback,eod,False,2022-06-23 09:55:00,17.78,19.5,2022-06-23 15:55:00,eod,0.43000000000000327,9.67379077615298,3.999999999999967,0.8088978579641095
2022-06-28,CRNT,0.15311015,2.09,1.0,ema,premkt,nextopen,pullback,eod,False,2022-06-28 09:45:00,2.465,2.49,2022-06-28 15:55:00,eod,0.0349999999999997,1.014198782961473,0.7142857142857306,0.8146756998067105
2022-06-30,NRSN,0.4525547,2.74,1.0,ema,premkt,nextopen,pullback,eod,False,2022-06-30 10:30:00,3.755,3.5500000000000003,2022-06-30 15:43:00,stop,0.20499999999999963,-5.459387483355515,-1.0,0.8065289428086434
2022-07-05,AMLX,0.16230094,19.47,1.0,ema,premkt,nextopen,pullback,eod,False,2022-07-05 10:10:00,21.9399,21.319999999999997,2022-07-05 13:34:00,stop,0.6199000000000048,-2.8254458771462265,-1.0,0.7984636533805569
2022-07-07,FFAI,0.14317179,4.54,3.0,ema,premkt,nextopen,pullback,eod,False,2022-07-07 10:40:00,5.9569,5.7700000000000005,2022-07-07 11:00:00,stop,0.18689999999999962,-3.1375379811646953,-1.0,0.7904790168467514
2022-07-08,SRG,0.49835527,6.08,1.0,ema,premkt,nextopen,pullback,eod,False,2022-07-08 10:05:00,9.18,10.96,2022-07-08 15:55:00,eod,0.11999999999999922,19.389978213507632,14.833333333333439,0.907733404345687
2022-07-13,PETZ,0.11650491,2.06,1.0,ema,premkt,nextopen,pullback,eod,False,2022-07-13 09:50:00,2.6194,2.45,2022-07-13 10:11:00,stop,0.1694,-6.467129877071088,-1.0,0.89865607030223
2022-07-15,USEA,0.95442116,2.2,1.0,ema,premkt,nextopen,pullback,eod,False,2022-07-15 10:55:00,6.02,6.1163,2022-07-15 15:55:00,eod,0.379999999999999,1.5996677740863774,0.2534210526315803,0.9009334539751275
2022-07-21,SIDU,0.12469435,4.09,1.0,ema,premkt,nextopen,pullback,eod,False,2022-07-21 10:40:00,4.61,4.49,2022-07-21 10:55:00,stop,0.1200000000000001,-2.6030368763557465,-1.0,0.8919241194353762
2022-07-26,LBRT,0.120532036,12.85,2.0,ema,premkt,nextopen,pullback,eod,False,2022-07-26 11:00:00,14.048,13.955,2022-07-26 11:07:00,stop,0.09299999999999997,-0.6620159453302965,-1.0,0.8830048782410225
2022-07-27,ONCO,0.7073171,2.05,1.0,ema,premkt,nextopen,pullback,eod,False,2022-07-27 09:55:00,3.5599,3.35,2022-07-27 10:24:00,stop,0.20989999999999975,-5.896233040253929,-1.0,0.8741748294586122
2022-07-28,PLUG,0.16472638,17.18,2.0,ema,premkt,nextopen,pullback,eod,False,2022-07-28 09:50:00,20.72,21.63,2022-07-28 15:55:00,eod,0.3200000000000003,4.391891891891886,2.843749999999998,0.8990341761713414
2022-07-29,MITK,0.1529932,9.02,2.0,ema,premkt,nextopen,pullback,eod,False,2022-07-29 10:00:00,10.27,10.875,2022-07-29 15:55:00,eod,0.25,5.890944498539441,2.4200000000000017,0.9207908032346879
2022-08-01,VRAX,0.38518524,5.4,2.0,ema,premkt,nextopen,pullback,eod,False,2022-08-01 10:15:00,8.14,11.41,2022-08-01 15:55:00,eod,0.5500000000000007,40.17199017199016,5.945454545454537,0.975536001899732
2022-08-02,FFAI,0.15999997,2.0,4.0,ema,premkt,nextopen,pullback,eod,False,2022-08-02 10:45:00,2.45,2.41,2022-08-02 15:55:00,eod,0.06000000000000005,-1.6326530612244872,-0.6666666666666666,0.9690324285537337
2022-08-03,SOFI,0.1357255,6.41,4.0,ema,premkt,nextopen,pullback,eod,False,2022-08-03 10:25:00,7.85,8.25,2022-08-03 15:55:00,eod,0.1999999999999993,5.095541401273884,2.000000000000009,0.9884130771248084
2022-08-04,NNVC,0.46341455,2.46,1.0,ema,premkt,nextopen,pullback,eod,False,2022-08-04 10:05:00,3.1531,3.1100000000000003,2022-08-04 10:49:00,stop,0.04309999999999947,-1.366908756461882,-1.0,0.9785289463535604
2022-08-05,CPS,0.42147112,5.03,1.0,ema,premkt,nextopen,pullback,eod,False,2022-08-05 09:50:00,8.51,8.120000000000001,2022-08-05 10:17:00,stop,0.3899999999999988,-4.582843713278484,-1.0,0.9687436568900247
2022-08-08,QNRX,0.13988662,5.29,2.0,ema,premkt,nextopen,pullback,eod,False,2022-08-08 10:35:00,5.74,5.5952,2022-08-08 10:43:00,stop,0.14480000000000004,-2.522648083623691,-1.0,0.9590562203211245
2022-08-10,OSUR,0.15360498,3.19,4.0,ema,premkt,nextopen,pullback,eod,False,2022-08-10 10:00:00,4.01,4.0,2022-08-10 10:05:00,stop,0.009999999999999787,-0.24937655860348684,-1.0,0.9494656581179132
2022-08-11,VERU,0.20815635,11.77,3.0,ema,premkt,nextopen,pullback,eod,False,2022-08-11 10:15:00,17.21,16.209999999999997,2022-08-11 10:32:00,stop,1.0000000000000036,-5.810575246949467,-1.0,0.9399710015367341
2022-08-12,AIRS,0.22650373,8.88,2.0,ema,premkt,nextopen,pullback,eod,False,2022-08-12 10:20:00,10.83,10.52,2022-08-12 11:41:00,stop_gap,0.3100000000000005,-2.8624192059095166,-1.0,0.9305712915213668
2022-08-15,VRDN,0.3584522,14.73,1.0,ema,premkt,nextopen,pullback,eod,False,2022-08-15 09:55:00,22.0,22.0,2022-08-15 15:55:00,eod,0.9400000000000013,0.0,0.0,0.9305712915213668
2022-08-16,ARTL,0.33715594,4.36,1.0,ema,premkt,nextopen,pullback,eod,False,2022-08-16 10:05:00,5.7701,6.38,2022-08-16 15:55:00,eod,0.3700999999999999,10.570007452210529,1.6479329910834906,0.9459064828398992
2022-08-17,ONCO,0.37254906,2.55,1.0,ema,premkt,nextopen,pullback,eod,False,2022-08-17 10:15:00,4.55,4.11,2022-08-17 10:25:00,stop,0.4399999999999995,-9.670329670329657,-1.0,0.9364474180115002
2022-08-19,GCT,0.6978967,15.69,1.0,ema,premkt,nextopen,pullback,eod,False,2022-08-19 10:35:00,31.82,56.165,2022-08-19 15:55:00,eod,6.520000000000003,76.50848522941547,3.7338957055214705,0.9714133879370983
2022-08-22,ONCO,0.100263834,3.79,3.0,ema,premkt,nextopen,pullback,eod,False,2022-08-22 09:55:00,4.1,3.9400000000000004,2022-08-22 10:18:00,stop,0.15999999999999925,-3.902439024390225,-1.0,0.9616992540577273
2022-08-23,INDO,0.13896108,7.7,1.0,ema,premkt,nextopen,pullback,eod,False,2022-08-23 09:45:00,9.645,11.2277,2022-08-23 15:55:00,eod,0.4449999999999985,16.409538621047194,3.55662921348316,0.9959033306733941
2022-08-24,NERV,0.19512188,4.51,1.0,ema,premkt,nextopen,pullback,eod,False,2022-08-24 10:05:00,5.36,5.24,2022-08-24 10:15:00,stop,0.1200000000000001,-2.23880597014926,-1.0,0.9859442973666601
2022-08-30,ONCO,0.11929822,2.85,1.0,ema,premkt,nextopen,pullback,eod,False,2022-08-30 10:00:00,3.09,2.9400000000000004,2022-08-30 10:08:00,stop,0.14999999999999947,-4.854368932038822,-1.0,0.9760848543929935
2022-08-31,MOB,0.2540983,2.44,1.0,ema,premkt,nextopen,pullback,eod,False,2022-08-31 10:00:00,3.1887,3.0117000000000003,2022-08-31 10:41:00,stop,0.1769999999999996,-5.550851444162186,-1.0,0.9663240058490636
2022-09-01,NTNX,0.21329486,17.3,1.0,ema,premkt,nextopen,pullback,eod,False,2022-09-01 10:50:00,22.31,21.9,2022-09-01 12:41:00,stop,0.41000000000000014,-1.8377409233527597,-1.0,0.956660765790573
2022-09-02,BIAFW,0.40476203,2.1,1.0,ema,premkt,nextopen,pullback,eod,False,2022-09-02 10:20:00,3.02,2.83,2022-09-02 10:27:00,stop,0.18999999999999995,-6.29139072847682,-1.0,0.9470941581326673
2022-09-07,QNRX,0.19277108,3.32,2.0,ema,premkt,nextopen,pullback,eod,False,2022-09-07 09:50:00,4.1402,3.8200000000000003,2022-09-07 14:32:00,stop,0.3201999999999998,-7.733925897299643,-1.0,0.9376232165513406
2022-09-08,ASAN,0.18434858,19.04,2.0,ema,premkt,nextopen,pullback,eod,False,2022-09-08 09:45:00,23.08,23.069999999999997,2022-09-08 09:50:00,stop,0.010000000000001563,-0.04332755632583396,-1.0,0.9282469843858272
2022-09-12,INM,0.3611616,11.02,1.0,ema,premkt,nextopen,pullback,eod,False,2022-09-12 09:55:00,13.9001,17.84,2022-09-12 15:55:00,eod,0.13010000000000055,28.344400399997127,30.283627978477963,1.2093538478586716
2022-09-13,VNET,0.15565038,4.69,1.0,ema,premkt,nextopen,pullback,eod,False,2022-09-13 09:50:00,5.665,5.685,2022-09-13 15:55:00,eod,0.1349999999999998,0.3530450132391838,0.14814814814814523,1.2111454831888326
2022-09-14,BIAF,0.37681162,4.14,1.0,ema,premkt,nextopen,pullback,eod,False,2022-09-14 10:20:00,6.56,6.11,2022-09-14 10:29:00,stop,0.4499999999999993,-6.859756097560965,-1.0,1.1990340283569443
2022-09-16,AAOI,0.204,2.5,2.0,ema,premkt,nextopen,pullback,eod,False,2022-09-16 11:00:00,3.402,3.33,2022-09-16 11:08:00,stop,0.07200000000000006,-2.1164021164021163,-1.0,1.1870436880733748
2022-09-19,PRPL,0.4193548,2.79,1.0,ema,premkt,nextopen,pullback,eod,False,2022-09-19 10:05:00,3.9565,3.91,2022-09-19 10:10:00,stop,0.046499999999999986,-1.1752811828636411,-1.0,1.175173251192641
2022-09-22,VRAX,0.14144742,3.04,1.0,ema,premkt,nextopen,pullback,eod,False,2022-09-22 09:55:00,3.4087,3.3200000000000003,2022-09-22 10:18:00,stop,0.08869999999999978,-2.6021650482588643,-1.0,1.1634215186807144
2022-09-26,ISPC,0.16019416,2.06,1.0,ema,premkt,nextopen,pullback,eod,False,2022-09-26 10:00:00,2.515,2.4200000000000004,2022-09-26 10:07:00,stop,0.09499999999999975,-3.77733598409542,-1.0,1.1517873034939072
2022-09-27,SKIN,0.10192311,10.4,1.0,ema,premkt,nextopen,pullback,eod,False,2022-09-27 10:20:00,11.805,11.581100000000001,2022-09-27 12:10:00,stop,0.22389999999999866,-1.8966539601863452,-1.0,1.1402694304589682
2022-09-30,INM,0.118466854,5.74,2.0,ema,premkt,nextopen,pullback,eod,False,2022-09-30 09:55:00,8.565,7.7301,2022-09-30 10:44:00,stop,0.8348999999999993,-9.747810858143602,-1.0,1.1288667361543785
2022-10-03,FNGR,0.24925816,3.37,2.0,ema,premkt,nextopen,pullback,eod,False,2022-10-03 10:40:00,4.7,6.21,2022-10-03 15:49:00,eod,0.1900000000000004,32.12765957446808,7.947368421052614,1.218581934659279
2022-10-05,TOPS,0.13812149,5.43,3.0,ema,premkt,nextopen,pullback,eod,False,2022-10-05 09:45:00,7.58,9.9212,2022-10-05 15:55:00,eod,1.6299000000000001,30.88654353562006,1.4364071415424262,1.2360857325942707
2022-10-06,RELL,0.10063338,15.34,3.0,ema,premkt,nextopen,pullback,eod,False,2022-10-06 09:55:00,17.6775,19.0,2022-10-06 15:55:00,eod,0.5808999999999997,7.481261490595403,2.2766396970218663,1.2642269510717354
2022-10-12,SUNE,0.22000003,5.0,1.0,ema,premkt,nextopen,pullback,eod,False,2022-10-12 10:50:00,6.9999,6.75,2022-10-12 11:47:00,stop,0.24990000000000023,-3.57005100072858,-1.0,1.251584681561018
2022-10-13,LASE,0.37542665,2.93,1.0,ema,premkt,nextopen,pullback,eod,False,2022-10-13 10:05:00,4.215,4.07,2022-10-13 10:39:00,stop,0.14499999999999957,-3.440094899169621,-1.0,1.239068834745408
2022-10-14,LASE,0.22033894,4.13,2.0,ema,premkt,nextopen,pullback,eod,False,2022-10-14 10:15:00,4.775,4.7122,2022-10-14 15:55:00,eod,0.22500000000000053,-1.3151832460733037,-0.2791111111111113,1.2356104559533185
2022-10-18,FUBO,0.13827169,4.05,2.0,ema,premkt,nextopen,pullback,eod,False,2022-10-18 10:00:00,4.305,4.23,2022-10-18 10:28:00,stop,0.07499999999999929,-1.7421602787456303,-1.0,1.2232543513937852
2022-10-20,INDO,0.10015178,6.59,2.0,ema,premkt,nextopen,pullback,eod,False,2022-10-20 09:55:00,7.3862,7.140000000000001,2022-10-20 10:02:00,stop,0.2461999999999991,-3.3332430749234976,-1.0,1.2110218078798474
2022-10-25,CLS,0.14842105,9.5,1.0,ema,premkt,nextopen,pullback,eod,False,2022-10-25 09:45:00,11.29,11.175,2022-10-25 11:21:00,stop,0.11499999999999844,-1.0186005314437363,-1.0,1.198911589801049
2022-10-31,PERF,0.4363637,11.0,1.0,ema,premkt,nextopen,pullback,eod,False,2022-10-31 09:50:00,20.4,16.99,2022-10-31 10:07:00,stop,3.41,-16.71568627450981,-1.0,1.1869224739030384
2022-11-01,CVNA,0.127864,13.53,3.0,ema,premkt,nextopen,pullback,eod,False,2022-11-01 10:00:00,15.6101,15.541500000000001,2022-11-01 10:05:00,stop,0.06859999999999822,-0.43945906816739155,-1.0,1.175053249164008
2022-11-02,BAND,0.32357728,12.3,1.0,ema,premkt,nextopen,pullback,eod,False,2022-11-02 10:00:00,17.7424,17.069999999999997,2022-11-02 10:17:00,stop,0.6724000000000032,-3.789791685454069,-1.0,1.163302716672368
2022-11-03,NRDS,0.20262098,9.92,1.0,ema,premkt,nextopen,pullback,eod,False,2022-11-03 10:00:00,13.0,13.75,2022-11-03 15:55:00,eod,0.4599999999999991,5.769230769230771,1.630434782608699,1.1822696087920261
2022-11-04,SNTG,0.5424013,3.04,1.0,ema,premkt,nextopen,pullback,eod,False,2022-11-04 10:00:00,5.8,4.67,2022-11-04 10:56:00,stop,1.13,-19.482758620689655,-1.0,1.170446912704106
2022-11-07,VERU,0.15942025,10.35,2.0,ema,premkt,nextopen,pullback,eod,False,2022-11-07 10:40:00,14.9,14.47,2022-11-07 10:54:00,stop,0.4299999999999997,-2.885906040268449,-1.0,1.1587424435770648
2022-11-08,TASK,0.15311015,16.04,3.0,ema,premkt,nextopen,pullback,eod,False,2022-11-08 09:50:00,21.37,20.549999999999997,2022-11-08 10:57:00,stop,0.8200000000000038,-3.837154890032779,-1.0,1.147155019141294
2022-11-09,RAMP,0.1792574,15.62,4.0,ema,premkt,nextopen,pullback,eod,False,2022-11-09 10:05:00,18.65,18.37,2022-11-09 15:55:00,eod,0.4400000000000013,-1.5013404825737098,-0.636363636363629,1.1398549417467587
2022-11-10,APPS,0.28876507,10.77,2.0,ema,premkt,nextopen,pullback,eod,False,2022-11-10 10:40:00,16.23,17.305,2022-11-10 15:55:00,eod,0.620000000000001,6.623536660505236,1.7338709677419315,1.1596185556560774
2022-11-11,BEKE,0.18045115,11.34,3.0,ema,premkt,nextopen,pullback,eod,False,2022-11-11 10:45:00,13.8,13.545,2022-11-11 10:56:00,stop,0.2550000000000008,-1.8478260869565277,-1.0,1.1480223700995167
2022-11-15,SUNE,0.293617,2.35,1.0,ema,premkt,nextopen,pullback,eod,False,2022-11-15 10:10:00,3.41,3.3201,2022-11-15 10:23:00,stop,0.08990000000000009,-2.6363636363636367,-1.0,1.1365421463985215
2022-11-16,INM,0.12949646,2.78,2.0,ema,premkt,nextopen,pullback,eod,False,2022-11-16 09:50:00,4.355,3.72,2022-11-16 15:50:00,stop,0.6350000000000002,-14.580941446613094,-1.0,1.1251767249345364
2022-11-18,GRND,0.45313835,11.63,1.0,ema,premkt,nextopen,pullback,eod,False,2022-11-18 09:45:00,25.0,35.05,2022-11-18 15:55:00,eod,8.760000000000002,40.19999999999999,1.147260273972602,1.1380854305116963
2022-11-21,SHC,0.27574754,6.02,1.0,ema,premkt,nextopen,pullback,eod,False,2022-11-21 10:55:00,8.22,8.09,2022-11-21 11:09:00,stop,0.13000000000000078,-1.5815085158150999,-1.0,1.1267045762065793
2022-11-23,MANU,0.10040164,14.94,2.0,ema,premkt,nextopen,pullback,eod,False,2022-11-23 10:10:00,16.9116,18.455,2022-11-23 15:55:00,eod,0.25970000000000226,9.126280186380932,5.943011166730785,1.193664754986603
2022-11-29,BILI,0.13502777,12.59,2.0,ema,premkt,nextopen,pullback,eod,False,2022-11-29 10:00:00,14.91,15.405,2022-11-29 15:55:00,eod,0.35999999999999943,3.319919517102621,1.375,1.2100776453676687
2022-11-30,XPEV,0.16348767,7.34,1.0,ema,premkt,nextopen,pullback,eod,False,2022-11-30 10:40:00,10.15,10.76,2022-11-30 15:55:00,eod,0.3200000000000003,6.009852216748768,1.9062499999999964,1.23314475048249
2022-12-01,TOPS,0.40397346,3.02,1.0,ema,premkt,nextopen,pullback,eod,False,2022-12-01 10:00:00,5.18,4.44,2022-12-01 14:35:00,stop,0.7399999999999993,-14.285714285714269,-1.0,1.220813302977665
2022-12-05,DBGI,0.14666665,3.75,2.0,ema,premkt,nextopen,pullback,eod,False,2022-12-05 09:50:00,4.6,4.89,2022-12-05 15:55:00,eod,0.33999999999999986,6.304347826086953,0.8529411764705886,1.2312261223265923
2022-12-08,MOMO,0.13533843,5.25,1.0,ema,premkt,nextopen,pullback,eod,False,2022-12-08 10:45:00,7.13,6.95,2022-12-08 11:12:00,stop,0.17999999999999972,-2.524544179523136,-1.0,1.2189138611033263
2022-12-12,RDGT,0.20845926,3.31,1.0,ema,premkt,nextopen,pullback,eod,False,2022-12-12 09:50:00,4.25,7.18,2022-12-12 15:55:00,eod,0.16000000000000014,68.94117647058823,18.312499999999982,1.4421274619178728
2022-12-13,WVE,0.19113576,3.61,2.0,ema,premkt,nextopen,pullback,eod,False,2022-12-13 10:15:00,4.155,4.11,2022-12-13 10:21:00,stop,0.04499999999999993,-1.0830324909747224,-1.0,1.427706187298694
2022-12-14,RNA,0.3770492,10.98,1.0,ema,premkt,nextopen,pullback,eod,False,2022-12-14 10:00:00,15.81,17.02,2022-12-14 15:55:00,eod,0.8300000000000001,7.653383934218838,1.4578313253012036,1.4485197353303978
2022-12-15,HURA,0.10112357,8.01,2.0,ema,premkt,nextopen,pullback,eod,False,2022-12-15 10:05:00,9.8099,9.1001,2022-12-15 14:25:00,stop,0.7098000000000013,-7.235547762974148,-1.0,1.4340345379770938
2022-12-20,EVER,0.10461831,10.61,4.0,ema,premkt,nextopen,pullback,eod,False,2022-12-20 09:50:00,12.34,13.13,2022-12-20 15:55:00,eod,0.37870000000000026,6.401944894651557,2.0860839714813846,1.4639497026193409
2022-12-21,SINT,0.13386881,7.47,3.0,ema,premkt,nextopen,pullback,eod,False,2022-12-21 10:00:00,14.2501,11.58,2022-12-21 11:37:00,stop,2.6700999999999997,-18.737412369036,-1.0,1.4493102055931475
2022-12-28,KALA,0.5969387,3.92,1.0,ema,premkt,nextopen,pullback,eod,False,2022-12-28 10:45:00,8.785,12.6516,2022-12-28 15:55:00,eod,0.5849999999999991,44.01365964712578,6.60957264957266,1.5451034165494972
2022-12-29,RKTO,1.0204546,4.4,1.0,ema,premkt,nextopen,pullback,eod,False,2022-12-29 10:00:00,10.49,9.1201,2022-12-29 10:19:00,stop,1.3698999999999995,-13.05910390848426,-1.0,1.5296523823840023
2023-01-03,HIND,0.43323445,6.74,2.0,ema,premkt,nextopen,pullback,eod,False,2023-01-03 10:50:00,18.9331,17.119999999999997,2023-01-03 10:59:00,stop,1.8131000000000022,-9.576350412769186,-1.0,1.5143558585601622
2023-01-04,GERN,0.42083335,2.4,1.0,ema,premkt,nextopen,pullback,eod,False,2023-01-04 10:25:00,3.5701,3.4800000000000004,2023-01-04 10:39:00,stop,0.09009999999999962,-2.523738830845068,-1.0,1.4992122999745605
2023-01-05,HKD,0.69598997,10.0,1.0,ema,premkt,nextopen,pullback,eod,False,2023-01-05 10:00:00,18.37,31.1,2023-01-05 15:55:00,eod,1.370000000000001,69.29776810016331,9.291970802919701,1.6385186691619775
2023-01-06,AEHR,0.21598148,17.27,2.0,ema,premkt,nextopen,pullback,eod,False,2023-01-06 09:45:00,22.61,22.7,2023-01-06 15:55:00,eod,1.0100000000000016,0.39805395842547053,0.08910891089108883,1.639978735302815
2023-01-10,SHC,0.7476852,8.64,1.0,ema,premkt,nextopen,pullback,eod,False,2023-01-10 09:55:00,15.3797,17.28,2023-01-10 15:55:00,eod,0.3896999999999995,12.355897709318132,4.876315114190413,1.7199492662418951
2023-01-11,BWEN,0.5973451,2.26,1.0,ema,premkt,nextopen,pullback,eod,False,2023-01-11 10:20:00,4.2946,4.0200000000000005,2023-01-11 10:57:00,stop,0.2745999999999995,-6.394076281842298,-1.0,1.702749773579476
2023-01-12,VTAK,0.17142856,3.15,1.0,ema,premkt,nextopen,pullback,eod,False,2023-01-12 10:40:00,3.8885,3.75,2023-01-12 13:29:00,stop,0.13850000000000007,-3.5617847499035626,-1.0,1.6857222758436814
2023-01-17,SI,0.219697,13.2,1.0,ema,premkt,nextopen,pullback,eod,False,2023-01-17 10:00:00,15.3,14.64,2023-01-17 11:36:00,stop,0.6600000000000001,-4.313725490196074,-1.0,1.6688650530852445
2023-01-18,NRGV,0.1404494,3.56,1.0,ema,premkt,nextopen,pullback,eod,False,2023-01-18 11:00:00,4.7685,4.76,2023-01-18 11:05:00,stop,0.008500000000000618,-0.17825311942960553,-1.0,1.652176402554392
2023-01-20,COSM,0.10355985,3.09,2.0,ema,premkt,nextopen,pullback,eod,False,2023-01-20 09:50:00,3.8175,3.6100000000000003,2023-01-20 10:03:00,stop,0.20749999999999957,-5.435494433529787,-1.0,1.635654638528848
2023-01-23,VUZI,0.117886186,4.92,3.0,ema,premkt,nextopen,pullback,eod,False,2023-01-23 10:05:00,5.3599,5.2,2023-01-23 15:21:00,stop,0.1598999999999995,-2.983264613145753,-1.0,1.6192980921435596
2023-01-25,EHTH,0.15313649,5.42,2.0,ema,premkt,nextopen,pullback,eod,False,2023-01-25 09:55:00,7.04,7.135,2023-01-25 15:55:00,eod,0.2999999999999998,1.3494318181818121,0.31666666666666604,1.6244258694353477
2023-01-27,BZFD,0.26315796,2.09,2.0,ema,premkt,nextopen,pullback,eod,False,2023-01-27 10:30:00,2.695,3.81,2023-01-27 15:55:00,eod,0.1349999999999998,41.37291280148423,8.259259259259274,1.7585914134664897
2023-01-30,DVLT,0.13260865,9.2,3.0,ema,premkt,nextopen,pullback,eod,False,2023-01-30 09:50:00,10.9803,9.9901,2023-01-30 10:38:00,stop,0.9901999999999997,-9.017968543664557,-1.0,1.741005499331825
2023-02-01,SMX,0.1181103,10.16,2.0,ema,premkt,nextopen,pullback,eod,False,2023-02-01 10:00:00,11.6806,11.0714,2023-02-01 10:19:00,stop_gap,0.4206000000000003,-5.215485505881546,-1.4484070375653806,1.7157886531551025
2023-02-02,CVNA,0.28539824,13.56,2.0,ema,premkt,nextopen,pullback,eod,False,2023-02-02 10:05:00,16.56,15.77,2023-02-02 14:23:00,stop,0.7899999999999991,-4.770531400966183,-1.0,1.6986307666235514
2023-02-03,HIND,1.0857143,6.3,1.0,ema,premkt,nextopen,pullback,eod,False,2023-02-03 10:05:00,18.15,16.15,2023-02-03 11:00:00,stop,2.0,-11.019283746556475,-1.0,1.6816444589573158
2023-02-06,SOUN,0.2765957,2.82,1.0,ema,premkt,nextopen,pullback,eod,False,2023-02-06 10:30:00,4.0404,3.85,2023-02-06 10:37:00,stop,0.1903999999999999,-4.712404712404705,-1.0,1.6648280143677427
2023-02-08,TIGO,0.116701484,16.89,1.0,ema,premkt,nextopen,pullback,eod,False,2023-02-08 10:00:00,19.01,18.799999999999997,2023-02-08 11:08:00,stop,0.2100000000000044,-1.1046817464492653,-1.0,1.6481797342240654
2023-02-09,SONO,0.15285552,17.86,4.0,ema,premkt,nextopen,pullback,eod,False,2023-02-09 10:20:00,20.62,20.775,2023-02-09 15:55:00,eod,0.20000000000000284,0.7516973811833028,0.7749999999999769,1.6609531271643014
2023-02-13,DDL,0.17479682,4.92,1.0,ema,premkt,nextopen,pullback,eod,False,2023-02-13 10:55:00,5.14,5.09,2023-02-13 12:48:00,stop,0.04999999999999982,-0.9727626459143934,-1.0,1.6443435958926584
2023-02-14,PLTR,0.12877798,7.61,1.0,ema,premkt,nextopen,pullback,eod,False,2023-02-14 10:05:00,8.8016,8.55,2023-02-14 10:35:00,stop,0.2515999999999998,-2.8585711688783877,-1.0,1.627900159933732
2023-02-16,LUNR,0.20251179,12.74,1.0,ema,premkt,nextopen,pullback,eod,False,2023-02-16 09:50:00,15.7892,43.71,2023-02-16 15:55:00,eod,1.0189999999999984,176.8347984698402,27.400196270853822,2.0739479988491176
2023-02-21,MTW,0.10306406,14.36,1.0,ema,premkt,nextopen,pullback,eod,False,2023-02-21 10:00:00,16.51,15.9586,2023-02-21 11:15:00,stop,0.551400000000001,-3.339794064203516,-1.0,2.0532085188606266
2023-02-23,RELY,0.19828331,11.65,2.0,ema,premkt,nextopen,pullback,eod,False,2023-02-23 10:50:00,13.795,13.540000000000001,2023-02-23 11:01:00,stop,0.254999999999999,-1.848495831823116,-1.0,2.0326764336720204
2023-02-24,BAER,1.2669005,4.42,1.0,ema,premkt,nextopen,pullback,eod,False,2023-02-24 09:55:00,9.02,8.5,2023-02-24 10:01:00,stop,0.5199999999999996,-5.764966740576494,-1.0,2.0123496693353
2023-02-27,OPRA,0.1612798,7.31,1.0,ema,premkt,nextopen,pullback,eod,False,2023-02-27 10:30:00,8.595,8.5,2023-02-27 10:38:00,stop,0.09500000000000064,-1.1052937754508552,-1.0,1.992226172641947
2023-02-28,SIBN,0.16765058,16.94,1.0,ema,premkt,nextopen,pullback,eod,False,2023-02-28 09:55:00,20.505,19.81,2023-02-28 15:35:00,stop_gap,0.6950000000000003,-3.3894172153133395,-1.0,1.9723039109155276
2023-03-01,BGS,0.15079832,12.67,5.0,ema,premkt,nextopen,pullback,eod,False,2023-03-01 10:40:00,16.11,15.84,2023-03-01 11:08:00,stop,0.2699999999999996,-1.6759776536312776,-1.0,1.9525808718063724
2023-03-03,ARDX,0.17647064,2.89,1.0,ema,premkt,nextopen,pullback,eod,False,2023-03-03 09:55:00,3.5862,3.82,2023-03-03 15:55:00,eod,0.11619999999999964,6.519435614299263,2.0120481927710907,1.9918677399499467
2023-03-06,BBIO,0.6550138,10.87,1.0,ema,premkt,nextopen,pullback,eod,False,2023-03-06 10:10:00,17.81,17.2,2023-03-06 11:00:00,stop,0.6099999999999994,-3.425042111173493,-1.0,1.9719490625504472
2023-03-07,WW,0.24547815,3.87,1.0,ema,premkt,nextopen,pullback,eod,False,2023-03-07 09:50:00,5.1625,6.78,2023-03-07 15:55:00,eod,0.34249999999999936,31.331719128329304,4.722627737226288,2.0650768759424283
2023-03-08,LFST,0.17088616,4.74,1.0,ema,premkt,nextopen,pullback,eod,False,2023-03-08 09:50:00,6.06,5.74,2023-03-08 14:47:00,stop,0.3199999999999994,-5.280528052805266,-1.0,2.044426107183004
2023-03-09,SMX,0.18131864,3.64,1.0,ema,premkt,nextopen,pullback,eod,False,2023-03-09 10:10:00,4.27,4.05,2023-03-09 15:56:00,eod,0.47999999999999954,-5.152224824355967,-0.45833333333333326,2.035055820858415
2023-03-13,ZIM,0.13986671,19.57,1.0,ema,premkt,nextopen,pullback,eod,False,2023-03-13 10:30:00,24.14,23.6101,2023-03-13 10:38:00,stop,0.5299000000000014,-2.1951118475559306,-1.0,2.0147052626498305
2023-03-16,EVCM,0.2734375,8.96,1.0,ema,premkt,nextopen,pullback,eod,False,2023-03-16 10:20:00,10.04,10.76,2023-03-16 15:55:00,eod,0.20559999999999867,7.171314741035872,3.5019455252918545,2.085259143443016
2023-03-17,HUBC,0.17991626,2.39,1.0,ema,premkt,nextopen,pullback,eod,False,2023-03-17 10:30:00,2.832,2.7741000000000002,2023-03-17 11:27:00,stop,0.05789999999999962,-2.0444915254237195,-1.0,2.064406552008586
2023-03-20,FLG,0.39410484,6.54,1.0,ema,premkt,nextopen,pullback,eod,False,2023-03-20 10:55:00,9.075,8.98,2023-03-20 11:15:00,stop,0.09499999999999886,-1.0468319559228556,-1.0,2.0437624864885002
2023-03-21,EDBL,0.11653113,3.69,1.0,ema,premkt,nextopen,pullback,eod,False,2023-03-21 10:25:00,3.72,4.08,2023-03-21 15:55:00,eod,0.10999999999999988,9.677419354838701,3.272727272727275,2.1106492587735786
2023-03-22,APLM,0.23728812,8.85,3.0,ema,premkt,nextopen,pullback,eod,False,2023-03-22 10:10:00,14.3,14.0269,2023-03-22 10:44:00,stop,0.27310000000000123,-1.9097902097902186,-1.0,2.0895427661858426
2023-03-28,BMEA,0.49060273,15.43,1.0,ema,premkt,nextopen,pullback,eod,False,2023-03-28 09:55:00,24.79,30.67,2023-03-28 15:55:00,eod,2.039999999999999,23.719241629689392,2.8823529411764732,2.1497707635641405
2023-03-30,EVGO,0.13913047,5.75,4.0,ema,premkt,nextopen,pullback,eod,False,2023-03-30 09:50:00,7.185,7.0101,2023-03-30 09:57:00,stop,0.17489999999999917,-2.4342379958246285,-1.0,2.1282730559284992
2023-03-31,PALI,0.20754719,2.65,1.0,ema,premkt,nextopen,pullback,eod,False,2023-03-31 10:05:00,3.1988,3.5217,2023-03-31 15:55:00,eod,0.15879999999999983,10.094410403901467,2.0333753148614644,2.171548834880597
2023-04-03,GFAI,0.15960455,7.08,1.0,ema,premkt,nextopen,pullback,eod,False,2023-04-03 09:55:00,10.0,19.36,2023-04-03 15:55:00,eod,1.2599999999999998,93.6,7.42857142857143,2.332863891186013
2023-04-04,BFRG,0.45842218,4.69,1.0,ema,premkt,nextopen,pullback,eod,False,2023-04-04 09:45:00,8.95,7.44,2023-04-04 10:31:00,stop,1.509999999999999,-16.871508379888255,-1.0,2.309535252274153
2023-04-05,IFRX,0.3289125,3.77,1.0,ema,premkt,nextopen,pullback,eod,False,2023-04-05 10:00:00,5.9916,5.17,2023-04-05 10:49:00,stop,0.8216000000000001,-13.712530876560525,-1.0,2.2864398997514113
2023-04-10,GFAI,0.292549,12.75,1.0,ema,premkt,nextopen,pullback,eod,False,2023-04-10 10:10:00,17.05,16.189999999999998,2023-04-10 11:46:00,stop,0.860000000000003,-5.043988269794742,-1.0,2.2635755007538974
2023-04-11,WW,0.41747582,4.12,1.0,ema,premkt,nextopen,pullback,eod,False,2023-04-11 10:35:00,5.9,6.545,2023-04-11 15:55:00,eod,0.20000000000000018,10.932203389830498,3.224999999999995,2.33657581065321
2023-04-12,MDAI,0.26190472,10.5,1.0,ema,premkt,nextopen,pullback,eod,False,2023-04-12 10:10:00,13.35,13.7,2023-04-12 15:55:00,eod,1.049999999999999,2.621722846441954,0.3333333333333333,2.344364396688721
2023-04-14,PRPL,0.12946427,2.24,3.0,ema,premkt,nextopen,pullback,eod,False,2023-04-14 10:10:00,2.555,2.535,2023-04-14 15:55:00,eod,0.07499999999999973,-0.7827788649706457,-0.26666666666666783,2.338112758297551
2023-04-17,XPEV,0.11290324,9.92,2.0,ema,premkt,nextopen,pullback,eod,False,2023-04-17 10:35:00,11.195,11.38,2023-04-17 15:55:00,eod,0.15499999999999936,1.6525234479678463,1.1935483870967822,2.3660192654127155
2023-04-18,LZ,0.10113585,9.245,1.0,ema,premkt,nextopen,pullback,eod,False,2023-04-18 10:10:00,10.27,10.17,2023-04-18 10:27:00,stop,0.09999999999999964,-0.9737098344693274,-1.0,2.342359072758588
2023-04-20,DRMA,0.203125,2.56,1.0,ema,premkt,nextopen,pullback,eod,False,2023-04-20 10:10:00,2.83,2.7203000000000004,2023-04-20 14:14:00,stop,0.10969999999999969,-3.8763250883392164,-1.0,2.3189354820310024
2023-04-21,BWEN,0.12554109,4.62,1.0,ema,premkt,nextopen,pullback,eod,False,2023-04-21 10:30:00,5.3499,5.1441,2023-04-21 15:33:00,stop,0.20579999999999998,-3.8468008747827076,-1.0,2.2957461272106925
2023-04-24,IDYA,0.19691896,14.93,2.0,ema,premkt,nextopen,pullback,eod,False,2023-04-24 10:30:00,18.96,18.625,2023-04-24 11:45:00,stop,0.33500000000000085,-1.7668776371308037,-1.0,2.2727886659385854
2023-04-25,CXAI,0.37360895,6.29,1.0,ema,premkt,nextopen,pullback,eod,False,2023-04-25 10:30:00,9.4901,12.6345,2023-04-25 15:55:00,eod,0.8400999999999996,33.133475938082846,3.7428877514581607,2.3578565945325303
2023-04-26,SAIH,0.39626694,2.7857,1.0,ema,premkt,nextopen,pullback,eod,False,2023-04-26 09:45:00,4.4004,3.95,2023-04-26 12:03:00,stop,0.45040000000000013,-10.235433142441597,-1.0,2.334278028587205
2023-05-01,NNOX,0.44189858,6.11,1.0,ema,premkt,nextopen,pullback,eod,False,2023-05-01 09:50:00,9.3239,10.3353,2023-05-01 15:55:00,eod,0.7738999999999994,10.847392185673389,1.3068871947280023,2.3647844092321604
2023-05-02,QH,0.11570251,2.42,3.0,ema,premkt,nextopen,pullback,eod,False,2023-05-02 10:20:00,2.9763,2.7600000000000002,2023-05-02 14:22:00,stop,0.21629999999999994,-7.2674125592178225,-1.0,2.3411365651398386
2023-05-03,SNTG,0.528517,2.63,2.0,ema,premkt,nextopen,pullback,eod,False,2023-05-03 09:45:00,4.86,3.81,2023-05-03 10:09:00,stop,1.0500000000000003,-21.604938271604944,-1.0,2.3177251994884402
2023-05-04,LMND,0.16501355,11.09,2.0,ema,premkt,nextopen,pullback,eod,False,2023-05-04 10:30:00,14.22,13.84,2023-05-04 11:29:00,stop,0.3800000000000008,-2.6722925457102753,-1.0,2.2945479474935557
2023-05-05,WAL,0.2835821,18.2,3.0,ema,premkt,nextopen,pullback,eod,False,2023-05-05 10:00:00,23.9244,26.7496,2023-05-05 15:55:00,eod,1.3834000000000017,11.808864590125578,2.0422148330200947,2.3414075460280275
2023-05-08,IMPP,0.2541666,2.4,1.0,ema,premkt,nextopen,pullback,eod,False,2023-05-08 10:05:00,3.0,3.09,2023-05-08 15:55:00,eod,0.1599999999999997,3.0000000000000027,0.5625000000000002,2.3545779634744353
2023-05-09,NVAX,0.20402694,7.45,3.0,ema,premkt,nextopen,pullback,eod,False,2023-05-09 10:50:00,11.0767,10.611,2023-05-09 11:08:00,stop,0.4657,-4.20432078146018,-1.0,2.331032183839691
2023-05-10,UPST,0.39389634,14.09,1.0,ema,premkt,nextopen,pullback,eod,False,2023-05-10 10:55:00,18.23,18.96,2023-05-10 15:55:00,eod,0.7600000000000016,4.004388370817336,0.9605263157894722,2.353422361394993
2023-05-11,APP,0.22150481,17.81,3.0,ema,premkt,nextopen,pullback,eod,False,2023-05-11 10:15:00,22.1694,21.91,2023-05-11 13:46:00,stop,0.2593999999999994,-1.1700812832101892,-1.0,2.3298881377810434
2023-05-12,BLBD,0.27225673,19.32,1.0,ema,premkt,nextopen,pullback,eod,False,2023-05-12 10:40:00,26.99,26.189999999999998,2023-05-12 10:59:00,stop,0.8000000000000007,-2.964060763245646,-1.0,2.306589256403233
2023-05-16,APLD,0.42313325,3.415,1.0,ema,premkt,nextopen,pullback,eod,False,2023-05-16 10:50:00,5.165,4.82,2023-05-16 11:56:00,stop,0.34499999999999975,-6.679574056147142,-1.0,2.2835233638392007
2023-05-18,CWD,0.72333336,6.0,1.0,ema,premkt,nextopen,pullback,eod,False,2023-05-18 10:15:00,8.355,7.8001000000000005,2023-05-18 10:28:00,stop,0.5549,-6.641532016756435,-1.0,2.260688130200809
2023-05-19,SDA,0.7414634,4.1,1.0,ema,premkt,nextopen,pullback,eod,False,2023-05-19 10:50:00,6.075,7.5,2023-05-19 15:55:00,eod,0.2549999999999999,23.456790123456784,5.5882352941176485,2.387020702182619
2023-05-22,AVIR,0.26756752,3.7,1.0,ema,premkt,nextopen,pullback,eod,False,2023-05-22 10:25:00,5.0615,5.05,2023-05-22 15:55:00,eod,0.20149999999999935,-0.22720537390101825,-0.05707196029776616,2.38565838267517
2023-05-24,ENVB,0.29206347,3.15,1.0,ema,premkt,nextopen,pullback,eod,False,2023-05-24 09:45:00,5.88,5.0014,2023-05-24 15:55:00,eod,1.3099999999999996,-14.942176870748291,-0.6706870229007632,2.3696580814918233
2023-05-25,LWLG,0.14643538,5.19,3.0,ema,premkt,nextopen,pullback,eod,False,2023-05-25 10:10:00,6.375,6.12,2023-05-25 10:31:00,stop,0.2549999999999999,-4.0000000000000036,-1.0,2.3459615006769052
2023-05-26,MAX,0.1921053,7.6,2.0,ema,premkt,nextopen,pullback,eod,False,2023-05-26 10:00:00,9.875,9.53,2023-05-26 10:15:00,stop,0.34500000000000064,-3.4936708860759613,-1.0,2.3225018856701363
2023-06-01,LE,0.17862833,6.27,1.0,ema,premkt,nextopen,pullback,eod,False,2023-06-01 10:05:00,8.01,8.385,2023-06-01 15:55:00,eod,0.44849999999999923,4.681647940074907,0.8361204013377941,2.3419207977576795
2023-06-02,APLM,0.2164948,4.85,1.0,ema,premkt,nextopen,pullback,eod,False,2023-06-02 10:00:00,5.4265,5.1501,2023-06-02 10:33:00,stop_gap,0.26649999999999974,-5.093522528333172,-1.0371482176360227,2.3176316079452883
2023-06-05,DCX,0.4684211,3.8,1.0,ema,premkt,nextopen,pullback,eod,False,2023-06-05 10:30:00,6.8307,6.42,2023-06-05 10:42:00,stop,0.4107000000000003,-6.012560938117617,-1.0,2.2944552918658356
2023-06-07,SFIX,0.15489125,3.68,5.0,ema,premkt,nextopen,pullback,eod,False,2023-06-07 10:30:00,4.8193,4.78,2023-06-07 10:35:00,stop,0.03929999999999989,-0.8154711265121461,-1.0,2.2715107389471774
2023-06-08,BAOS,0.92580104,5.93,1.0,ema,premkt,nextopen,pullback,eod,False,2023-06-08 09:45:00,11.5,10.49,2023-06-08 10:36:00,stop,1.0099999999999998,-8.782608695652172,-1.0,2.2487956315577056
2023-06-12,VERA,0.10682118,7.77,1.0,ema,premkt,nextopen,pullback,eod,False,2023-06-12 09:45:00,9.24,8.800600000000001,2023-06-12 11:41:00,stop,0.4393999999999991,-4.755411255411246,-1.0,2.2263076752421287
2023-06-13,MPAA,0.14990509,5.27,2.0,ema,premkt,nextopen,pullback,eod,False,2023-06-13 10:00:00,6.0829,5.8950000000000005,2023-06-13 10:18:00,stop,0.18789999999999996,-3.088987160729262,-1.0,2.2040445984897072
2023-06-14,NEXT,0.2709551,5.13,2.0,ema,premkt,nextopen,pullback,eod,False,2023-06-14 09:45:00,7.3701,6.7,2023-06-14 10:19:00,stop,0.6700999999999997,-9.09214257608445,-1.0,2.18200415250481
2023-06-16,BTDR,0.11904764,7.56,3.0,ema,premkt,nextopen,pullback,eod,False,2023-06-16 10:00:00,8.2499,8.02,2023-06-16 10:23:00,stop,0.22990000000000066,-2.7867004448538846,-1.0,2.160184110979762
2023-06-20,VCIG,0.34275627,2.83,1.0,ema,premkt,nextopen,pullback,eod,False,2023-06-20 09:45:00,4.29,7.4598,2023-06-20 15:55:00,eod,0.5998999999999999,73.88811188811191,5.283880646774464,2.274325661154519
2023-06-26,ORIC,0.12326658,6.49,2.0,ema,premkt,nextopen,pullback,eod,False,2023-06-26 09:55:00,7.5735,8.41,2023-06-26 15:55:00,eod,0.34199999999999964,11.0450914372483,2.4459064327485405,2.329953538802348
2023-06-29,JOBY,0.19977677,8.96,1.0,ema,premkt,nextopen,pullback,eod,False,2023-06-29 11:00:00,10.32,10.155,2023-06-29 11:10:00,stop,0.16500000000000092,-1.5988372093023395,-1.0,2.3066540034143244
2023-06-30,MVIS,0.10512829,3.9,2.0,ema,premkt,nextopen,pullback,eod,False,2023-06-30 10:15:00,4.4515,4.34,2023-06-30 12:08:00,stop,0.11150000000000038,-2.5047736717960345,-1.0,2.283587463380181
2023-07-03,ACMR,0.11697245,13.08,3.0,ema,premkt,nextopen,pullback,eod,False,2023-07-03 10:25:00,15.145,14.92,2023-07-03 10:44:00,stop,0.22499999999999964,-1.4856388246946128,-1.0,2.260751588746379
2023-07-06,CRBU,0.37254906,4.08,1.0,ema,premkt,nextopen,pullback,eod,False,2023-07-06 10:30:00,6.67,6.3100000000000005,2023-07-06 13:21:00,stop,0.35999999999999943,-5.397301349325334,-1.0,2.2381440728589155
2023-07-07,GRRR,0.67464113,2.09,2.0,ema,premkt,nextopen,pullback,eod,False,2023-07-07 10:45:00,4.7073,4.75,2023-07-07 15:55:00,eod,0.7672999999999996,0.907101735602156,0.05564968069855334,2.2393895928890353
2023-07-12,HLLY,0.1795454,4.4,3.0,ema,premkt,nextopen,pullback,eod,False,2023-07-12 09:55:00,5.348,5.28,2023-07-12 15:55:00,eod,0.18799999999999972,-1.2715033657441976,-0.36170212765957294,2.2312896730849685
2023-07-13,SXTP,0.47435904,4.68,1.0,ema,premkt,nextopen,pullback,eod,False,2023-07-13 10:05:00,6.78,6.3100000000000005,2023-07-13 12:22:00,stop,0.46999999999999975,-6.932153392330376,-1.0,2.2089767763541186
2023-07-14,PRFX,0.39478266,5.75,1.0,ema,premkt,nextopen,pullback,eod,False,2023-07-14 10:05:00,10.4377,9.620000000000001,2023-07-14 14:35:00,stop,0.8176999999999985,-7.834101382488468,-1.0,2.1868870085905776
2023-07-17,BBIO,0.4687158,18.22,3.0,ema,premkt,nextopen,pullback,eod,False,2023-07-17 09:45:00,29.49,32.0,2023-07-17 15:55:00,eod,1.6499999999999986,8.51135978297728,1.5212121212121235,2.220154198842471
2023-07-20,PSQH,0.40388763,13.89,1.0,ema,premkt,nextopen,pullback,eod,False,2023-07-20 10:05:00,18.2,29.6183,2023-07-20 15:55:00,eod,0.8899000000000008,62.73791208791211,12.830992246319802,2.505022011952292
2023-07-21,DJT,0.25000012,13.36,2.0,ema,premkt,nextopen,pullback,eod,False,2023-07-21 10:30:00,22.1,20.549999999999997,2023-07-21 11:21:00,stop,1.5500000000000043,-7.013574660633504,-1.0,2.479971791832769
2023-07-26,XPEV,0.1484375,15.36,1.0,ema,premkt,nextopen,pullback,eod,False,2023-07-26 10:30:00,19.81,19.61,2023-07-26 10:46:00,stop,0.1999999999999993,-1.009591115598174,-1.0,2.4551720739144414
2023-07-27,SPOK,0.14506567,11.44,3.0,ema,premkt,nextopen,pullback,eod,False,2023-07-27 09:50:00,14.2397,13.47,2023-07-27 12:05:00,stop_gap,0.7596999999999987,-5.40531050513704,-1.0131630906936946,2.4302971766485215
2023-07-28,COUR,0.16333592,13.01,3.0,ema,premkt,nextopen,pullback,eod,False,2023-07-28 10:50:00,15.11,14.97,2023-07-28 11:11:00,stop,0.1399999999999988,-0.9265387160820593,-1.0,2.4059942048820364
2023-07-31,GDRX,0.12740743,6.75,2.0,ema,premkt,nextopen,pullback,eod,False,2023-07-31 09:45:00,8.38,9.23,2023-07-31 15:55:00,eod,0.5200000000000005,10.14319809069213,1.6346153846153826,2.445322956307993
2023-08-01,AUDC,0.105980754,10.04,4.0,ema,premkt,nextopen,pullback,eod,False,2023-08-01 10:05:00,11.7,11.415000000000001,2023-08-01 10:19:00,stop,0.28499999999999837,-2.4358974358974272,-1.0,2.420869726744913
2023-08-02,FRSH,0.18201756,18.24,2.0,ema,premkt,nextopen,pullback,eod,False,2023-08-02 10:30:00,21.67,21.595,2023-08-02 15:55:00,eod,0.5300000000000047,-0.34610059990771713,-0.14150943396226826,2.4174439676976323
2023-08-03,COOK,0.37257278,4.12,2.0,ema,premkt,nextopen,pullback,eod,False,2023-08-03 10:10:00,5.63,5.895,2023-08-03 15:55:00,eod,0.16999999999999993,4.706927175843689,1.5588235294117634,2.4551276530764485
2023-08-04,AD,0.46624994,17.5,1.0,ema,premkt,nextopen,pullback,eod,False,2023-08-04 10:20:00,29.406,33.73,2023-08-04 15:55:00,eod,1.1660000000000004,14.70448207848738,3.7084048027444227,2.546173724876642
2023-08-08,KD,0.16465867,12.45,3.0,ema,premkt,nextopen,pullback,eod,False,2023-08-08 10:40:00,14.9186,14.84,2023-08-08 11:17:00,stop,0.07859999999999978,-0.52685908865443,-1.0,2.5207119876278754
2023-08-09,TNGX,0.3054831,3.83,1.0,ema,premkt,nextopen,pullback,eod,False,2023-08-09 10:30:00,8.4499,7.87,2023-08-09 10:46:00,stop,0.5798999999999994,-6.862803110095972,-1.0,2.4955048677515967
2023-08-10,MGIH,0.111111045,2.43,1.0,ema,premkt,nextopen,pullback,eod,False,2023-08-10 10:20:00,2.76,2.6100000000000003,2023-08-10 13:29:00,stop,0.14999999999999947,-5.434782608695632,-1.0,2.4705498190740807
2023-08-15,VFS,1.1052632,10.45,1.0,ema,premkt,nextopen,pullback,eod,False,2023-08-15 10:15:00,20.35,19.2,2023-08-15 10:30:00,stop,1.1500000000000021,-5.651105651105659,-1.0,2.44584432088334
2023-08-16,DLO,0.2684102,15.5,1.0,ema,premkt,nextopen,pullback,eod,False,2023-08-16 09:55:00,22.3001,20.939999999999998,2023-08-16 13:06:00,stop,1.3601000000000028,-6.099075788897823,-1.0,2.4213858776745067
2023-08-23,RCUS,0.23444974,18.81,1.0,ema,premkt,nextopen,pullback,eod,False,2023-08-23 09:45:00,24.725,24.29,2023-08-23 09:56:00,stop,0.4350000000000023,-1.7593528816986947,-1.0,2.397172018897762
2023-08-28,HE,0.39751554,9.66,2.0,ema,premkt,nextopen,pullback,eod,False,2023-08-28 10:05:00,13.51,13.01,2023-08-28 11:13:00,stop,0.5,-3.700962250185047,-1.0,2.373200298708784
2023-08-29,TIGR,0.119113564,3.61,1.0,ema,premkt,nextopen,pullback,eod,False,2023-08-29 10:30:00,4.455,4.33,2023-08-29 10:41:00,stop,0.125,-2.805836139169471,-1.0,2.3494682957216964
2023-08-30,VFSWW,0.14999998,4.0,2.0,ema,premkt,nextopen,pullback,eod,False,2023-08-30 10:10:00,5.18,4.86,2023-08-30 11:04:00,stop,0.3199999999999994,-6.177606177606165,-1.0,2.3259736127644794
2023-09-05,HSDT,0.4498645,7.38,1.0,ema,premkt,nextopen,pullback,eod,False,2023-09-05 10:55:00,10.58,10.19,2023-09-05 14:12:00,stop,0.39000000000000057,-3.6862003780718355,-1.0,2.3027138766368345
2023-09-06,DAKT,0.11694503,8.38,2.0,ema,premkt,nextopen,pullback,eod,False,2023-09-06 10:05:00,9.075,8.83,2023-09-06 10:58:00,stop,0.24499999999999922,-2.6997245179063323,-1.0,2.279686737870466
2023-09-12,CGNT,0.14069271,4.62,2.0,ema,premkt,nextopen,pullback,eod,False,2023-09-12 09:50:00,5.61,5.76,2023-09-12 15:55:00,eod,0.27000000000000046,2.6737967914438387,0.5555555555555526,2.2923516641919686
2023-09-21,ESLA,0.2628572,12.25,2.0,ema,premkt,nextopen,pullback,eod,False,2023-09-21 09:55:00,16.64,15.74,2023-09-21 11:31:00,stop,0.9000000000000004,-5.408653846153843,-1.0,2.269428147550049
2023-09-22,CCG,0.2397306,14.85,1.0,ema,premkt,nextopen,pullback,eod,False,2023-09-22 10:10:00,18.5376,19.295,2023-09-22 15:55:00,eod,1.4376000000000033,4.085750043155545,0.5268503060656642,2.281384636691357
2023-09-26,ADPT,0.16141737,5.08,1.0,ema,premkt,nextopen,pullback,eod,False,2023-09-26 10:30:00,5.68,5.5927,2023-09-26 10:40:00,stop,0.08729999999999993,-1.5369718309859115,-1.0,2.2585707903244434
2023-09-27,BHVN,0.17847025,17.65,2.0,ema,premkt,nextopen,pullback,eod,False,2023-09-27 09:55:00,22.18,21.99,2023-09-27 10:00:00,stop,0.19000000000000128,-0.8566275924256184,-1.0,2.235985082421199
2023-09-28,ORGO,0.16603768,2.65,1.0,ema,premkt,nextopen,pullback,eod,False,2023-09-28 09:50:00,3.15,3.375,2023-09-28 15:55:00,eod,0.19999999999999973,7.14285714285714,1.125000000000002,2.2611399145984374
2023-09-29,VSME,0.26246715,3.81,1.0,ema,premkt,nextopen,pullback,eod,False,2023-09-29 09:55:00,5.3,4.3500000000000005,2023-09-29 13:44:00,stop,0.9499999999999993,-17.924528301886777,-1.0,2.2385285154524532
2023-10-02,FEMY,0.3657719,2.98,1.0,ema,premkt,nextopen,pullback,eod,False,2023-10-02 09:50:00,3.905,3.7600000000000002,2023-10-02 09:59:00,stop,0.14499999999999957,-3.713188220230468,-1.0,2.2161432302979285
2023-10-05,VSME,0.21290314,4.65,1.0,ema,premkt,nextopen,pullback,eod,False,2023-10-05 09:55:00,7.7,6.69,2023-10-05 10:09:00,stop,1.0099999999999998,-13.116883116883116,-1.0,2.193981797994949
2023-10-09,VEON,0.10324323,18.5,1.0,ema,premkt,nextopen,pullback,eod,False,2023-10-09 10:05:00,20.1,19.52,2023-10-09 11:28:00,stop,0.5800000000000018,-2.885572139303494,-1.0,2.1720419800149995
2023-10-12,ACXP,0.15775394,3.74,2.0,ema,premkt,nextopen,pullback,eod,False,2023-10-12 10:00:00,4.6601,4.5,2023-10-12 10:17:00,stop,0.1600999999999999,-3.435548593377824,-1.0,2.1503215602148495
2023-10-13,CMTL,0.22604406,8.14,1.0,ema,premkt,nextopen,pullback,eod,False,2023-10-13 10:15:00,10.8095,10.32,2023-10-13 10:49:00,stop,0.4894999999999996,-4.528424071418657,-1.0,2.128818344612701
2023-10-16,ALHC,0.14954686,6.62,2.0,ema,premkt,nextopen,pullback,eod,False,2023-10-16 10:10:00,7.66,7.77,2023-10-16 15:55:00,eod,0.08000000000000007,1.436031331592691,1.3749999999999918,2.1580895968511253
2023-10-18,ARDX,0.1362319,3.45,1.0,ema,premkt,nextopen,pullback,eod,False,2023-10-18 10:30:00,3.925,3.895,2023-10-18 15:55:00,eod,0.12499999999999956,-0.7643312101910826,-0.2399999999999993,2.1529101818186827
2023-10-24,CLSK,0.13043475,4.255,2.0,ema,premkt,nextopen,pullback,eod,False,2023-10-24 09:55:00,5.0485,4.84,2023-10-24 10:28:00,stop,0.2084999999999999,-4.129939586015652,-1.0,2.1313810800004958
2023-10-25,SRRK,0.10443866,7.66,1.0,ema,premkt,nextopen,pullback,eod,False,2023-10-25 09:45:00,8.855,8.63,2023-10-25 12:08:00,stop,0.22499999999999964,-2.540937323546011,-1.0,2.1100672692004907
2023-10-27,NRDS,0.20481932,6.64,1.0,ema,premkt,nextopen,pullback,eod,False,2023-10-27 09:45:00,8.6799,9.266,2023-10-27 15:55:00,eod,0.48990000000000045,6.7523819398841,1.1963666054296787,2.1353114093613073
2023-10-30,CHRS,0.14393938,2.64,1.0,ema,premkt,nextopen,pullback,eod,False,2023-10-30 10:05:00,3.125,2.9800000000000004,2023-10-30 10:52:00,stop,0.14499999999999957,-4.639999999999988,-1.0,2.113958295267694
2023-11-01,TGTX,0.31824052,7.73,1.0,ema,premkt,nextopen,pullback,eod,False,2023-11-01 09:50:00,9.875,9.44,2023-11-01 10:05:00,stop,0.4350000000000005,-4.405063291139244,-1.0,2.092818712315017
2023-11-02,LMND,0.26,11.0,1.0,ema,premkt,nextopen,pullback,eod,False,2023-11-02 11:00:00,15.03,16.17,2023-11-02 15:55:00,eod,0.22999999999999865,7.58483033932138,4.956521739130474,2.1965497267515013
2023-11-03,ANIK,0.27488148,18.99,1.0,ema,premkt,nextopen,pullback,eod,False,2023-11-03 10:20:00,21.09,20.875,2023-11-03 10:28:00,stop,0.21499999999999986,-1.0194404931247014,-1.0,2.1745842294839863
2023-11-06,NSSC,0.17323709,18.795,3.0,ema,premkt,nextopen,pullback,eod,False,2023-11-06 09:45:00,22.435,22.855,2023-11-06 15:55:00,eod,0.8350000000000009,1.8720748829953227,0.5029940119760494,2.185522257943666
2023-11-07,TASK,0.14520717,10.26,2.0,ema,premkt,nextopen,pullback,eod,False,2023-11-07 10:35:00,11.87,12.1,2023-11-07 15:55:00,eod,0.27999999999999936,1.9376579612468525,0.8214285714285748,2.2034747622053463
2023-11-08,EVGO,0.20869565,2.3,5.0,ema,premkt,nextopen,pullback,eod,False,2023-11-08 09:45:00,2.89,2.7100000000000004,2023-11-08 09:59:00,stop,0.17999999999999972,-6.22837370242213,-1.0,2.181440014583293
2023-11-09,TPST,0.22340417,2.82,2.0,ema,premkt,nextopen,pullback,eod,False,2023-11-09 09:45:00,4.2307,3.6700000000000004,2023-11-09 09:56:00,stop,0.5606999999999993,-13.253125960242972,-1.0,2.15962561443746
2023-11-10,BLNK,0.16666663,2.46,2.0,ema,premkt,nextopen,pullback,eod,False,2023-11-10 10:00:00,3.26,3.05,2023-11-10 15:55:00,eod,0.2699999999999996,-6.441717791411039,-0.7777777777777789,2.142828526325169
2023-11-13,MNTK,0.12983,6.47,1.0,ema,premkt,nextopen,pullback,eod,False,2023-11-13 10:00:00,8.177,8.7,2023-11-13 15:55:00,eod,0.3263999999999996,6.395988748929926,1.60232843137255,2.1771636770380387
2023-11-14,AIRE,0.901528,5.89,1.0,ema,premkt,nextopen,pullback,eod,False,2023-11-14 10:10:00,9.1499,8.84,2023-11-14 10:18:00,stop,0.30990000000000073,-3.386922261445491,-1.0,2.1553920402676585
2023-11-15,ARCT,0.1845361,19.4,1.0,ema,premkt,nextopen,pullback,eod,False,2023-11-15 10:00:00,24.16,23.2,2023-11-15 13:03:00,stop,0.9600000000000009,-3.9735099337748325,-1.0,2.133838119864982
2023-11-16,METCB,0.10631311,14.02,2.0,ema,premkt,nextopen,pullback,eod,False,2023-11-16 09:55:00,15.25,15.0201,2023-11-16 10:03:00,stop,0.22990000000000066,-1.507540983606559,-1.0,2.112499738666332
2023-11-17,GAP,0.1990484,13.67,2.0,ema,premkt,nextopen,pullback,eod,False,2023-11-17 10:40:00,17.95,17.639999999999997,2023-11-17 11:29:00,stop,0.3100000000000023,-1.7270194986072518,-1.0,2.0913747412796684
2023-11-20,YPF,0.26281464,10.73,1.0,ema,premkt,nextopen,pullback,eod,False,2023-11-20 10:15:00,14.61,14.31,2023-11-20 10:29:00,stop,0.29999999999999893,-2.053388090349073,-1.0,2.0704609938668717
2023-11-29,BMEA,0.21931589,9.94,2.0,ema,premkt,nextopen,pullback,eod,False,2023-11-29 10:25:00,14.115,13.34,2023-11-29 15:39:00,stop,0.7750000000000004,-5.490612823237695,-1.0,2.049756383928203
2023-11-30,VBIO,0.11637926,2.32,4.0,ema,premkt,nextopen,pullback,eod,False,2023-11-30 10:50:00,2.8,2.39,2023-11-30 11:18:00,stop,0.4099999999999997,-14.642857142857135,-1.0,2.029258820088921
2023-12-01,CMND,0.20857143,3.5,3.0,ema,premkt,nextopen,pullback,eod,False,2023-12-01 10:05:00,4.29,4.15,2023-12-01 15:55:00,eod,0.2699999999999996,-3.263403263403253,-0.5185185185185182,2.0187367373180893
2023-12-04,ALT,0.14845943,3.57,3.0,ema,premkt,nextopen,pullback,eod,False,2023-12-04 10:25:00,4.6512,4.65,2023-12-04 15:55:00,eod,0.2312000000000003,-0.025799793601644083,-0.005190311418684543,2.0186319585946992
2023-12-05,CMND,0.5300261,3.83,1.0,ema,premkt,nextopen,pullback,eod,False,2023-12-05 09:50:00,6.34,5.98,2023-12-05 10:02:00,stop,0.35999999999999943,-5.678233438485791,-1.0,1.9984456390087522
2023-12-06,S,0.14399993,20.0,3.0,ema,premkt,nextopen,pullback,eod,False,2023-12-06 09:45:00,23.6796,23.1856,2023-12-06 15:55:00,eod,0.6646000000000036,-2.0861838882413553,-0.7433042431537723,1.9835911077768786
2023-12-07,JBLU,0.12050748,4.73,3.0,ema,premkt,nextopen,pullback,eod,False,2023-12-07 09:55:00,5.41,5.25,2023-12-07 12:14:00,stop,0.16000000000000014,-2.957486136783738,-1.0,1.9637551966991098
2023-12-08,MBI,0.6952468,7.38,1.0,ema,premkt,nextopen,pullback,eod,False,2023-12-08 09:50:00,12.0304,13.365,2023-12-08 15:55:00,eod,0.19040000000000035,11.09356297379971,7.009453781512592,2.1014037095937854
2023-12-11,M,0.14635718,17.39,1.0,ema,premkt,nextopen,pullback,eod,False,2023-12-11 10:00:00,20.235,20.78,2023-12-11 15:55:00,eod,0.23499999999999943,2.6933531010625344,2.3191489361702256,2.150138391369471
2023-12-13,CCCC,0.35897446,2.34,1.0,ema,premkt,nextopen,pullback,eod,False,2023-12-13 10:55:00,3.99,5.595,2023-12-13 15:55:00,eod,0.29000000000000004,40.22556390977443,5.534482758620688,2.2691374299262987
2023-12-14,GOTU,0.17344165,3.69,1.0,ema,premkt,nextopen,pullback,eod,False,2023-12-14 11:00:00,4.3913,4.755,2023-12-14 15:55:00,eod,0.031299999999999883,8.282285428005377,11.619808306709299,2.532806849499525
2023-12-15,CCCC,0.11377239,5.01,1.0,ema,premkt,nextopen,pullback,eod,False,2023-12-15 10:20:00,6.035,5.8901,2023-12-15 10:29:00,stop,0.1448999999999998,-2.4009942004970974,-1.0,2.5074787810045294
2023-12-18,ARQT,0.2540983,2.44,1.0,ema,premkt,nextopen,pullback,eod,False,2023-12-18 10:00:00,3.1932,3.02,2023-12-18 10:09:00,stop,0.17320000000000002,-5.4240260553676585,-1.0,2.482403993194484
2023-12-21,MSAI,0.94274807,2.62,1.0,ema,premkt,nextopen,pullback,eod,False,2023-12-21 10:20:00,11.0699,8.540000000000001,2023-12-21 10:41:00,stop,2.5298999999999996,-22.85386498523021,-1.0,2.457579953262539
2023-12-22,RKLB,0.14898431,4.43,2.0,ema,premkt,nextopen,pullback,eod,False,2023-12-22 10:25:00,5.68,5.49,2023-12-22 11:26:00,stop,0.1899999999999995,-3.3450704225352013,-1.0,2.4330041537299136
2023-12-27,WULF,0.11711717,2.22,3.0,ema,premkt,nextopen,pullback,eod,False,2023-12-27 10:10:00,2.755,2.66,2023-12-27 10:20:00,stop,0.09499999999999975,-3.4482758620689613,-1.0,2.4086741121926143
2023-12-28,BBLG,0.2688173,4.65,2.0,ema,premkt,nextopen,pullback,eod,False,2023-12-28 10:00:00,8.5,6.01,2023-12-28 10:57:00,stop_gap,2.41,-29.294117647058826,-1.033195020746888,2.383787811199421
2023-12-29,GRFS,0.1082927,10.52,1.0,ema,premkt,nextopen,pullback,eod,False,2023-12-29 10:35:00,11.5899,11.55,2023-12-29 10:42:00,stop,0.03989999999999938,-0.3442652654466305,-1.0,2.3599499330874267
2024-01-03,UK,0.1358025,4.05,3.0,ema,premkt,nextopen,pullback,eod,False,2024-01-03 10:00:00,5.3,5.03,2024-01-03 10:32:00,stop,0.2699999999999996,-5.094339622641497,-1.0,2.3363504337565524
2024-01-04,QS,0.100000024,6.5,3.0,ema,premkt,nextopen,pullback,eod,False,2024-01-04 10:00:00,7.745,9.32,2024-01-04 15:55:00,eod,0.22499999999999964,20.335700451904447,7.0000000000000115,2.499894964119511
2024-01-05,AXGN,0.10074067,6.75,1.0,ema,premkt,nextopen,pullback,eod,False,2024-01-05 10:25:00,8.009,8.55,2024-01-05 15:55:00,eod,0.0990000000000002,6.754900736671243,5.464646464646457,2.636505385896143
2024-01-08,DOGZ,0.2990867,4.38,2.0,ema,premkt,nextopen,pullback,eod,False,2024-01-08 10:25:00,5.05,5.1,2024-01-08 15:55:00,eod,0.05999999999999961,0.990099009900991,0.8333333333333358,2.658476264111944
2024-01-10,GDRX,0.124343276,5.71,3.0,ema,premkt,nextopen,pullback,eod,False,2024-01-10 10:45:00,6.55,6.3500000000000005,2024-01-10 11:15:00,stop,0.1999999999999993,-3.0534351145038108,-1.0,2.631891501470825
2024-01-11,CAN,0.1401869,2.14,2.0,ema,premkt,nextopen,pullback,eod,False,2024-01-11 10:25:00,2.29,2.24,2024-01-11 10:33:00,stop,0.04999999999999982,-2.183406113537112,-1.0,2.6055725864561166
2024-01-12,MDAI,0.16078436,2.55,2.0,ema,premkt,nextopen,pullback,eod,False,2024-01-12 10:00:00,3.1334,3.02,2024-01-12 10:14:00,stop,0.11339999999999995,-3.619071934639684,-1.0,2.5795168605915553
2024-01-16,PCT,0.13333333,2.4,2.0,ema,premkt,nextopen,pullback,eod,False,2024-01-16 10:35:00,3.0311,2.95,2024-01-16 11:01:00,stop,0.08109999999999973,-2.6755963181683162,-1.0,2.55372169198564
2024-01-17,HERE,0.14803505,2.77,1.0,ema,premkt,nextopen,pullback,eod,False,2024-01-17 10:45:00,3.235,3.1068000000000002,2024-01-17 10:51:00,stop,0.12819999999999965,-3.9629057187016925,-1.0,2.5281844750657836
2024-01-19,EWTX,0.27038193,9.69,1.0,ema,premkt,nextopen,pullback,eod,False,2024-01-19 09:45:00,12.94,13.17,2024-01-19 15:55:00,eod,1.0399999999999991,1.777434312210202,0.22115384615384676,2.533775652270256
2024-01-22,BFRG,0.1758691,4.89,2.0,ema,premkt,nextopen,pullback,eod,False,2024-01-22 09:45:00,6.655,6.775,2024-01-22 15:55:00,eod,0.7249999999999996,1.8031555221637907,0.16551724137931056,2.5379694878326347
2024-01-23,RVSN,0.3777778,2.25,1.0,ema,premkt,nextopen,pullback,eod,False,2024-01-23 09:45:00,3.34,3.2393,2024-01-23 09:54:00,stop,0.10069999999999979,-3.0149700598802287,-1.0,2.512589792954308
2024-01-24,EVAX,0.86973953,4.99,1.0,ema,premkt,nextopen,pullback,eod,False,2024-01-24 10:40:00,10.9999,10.66,2024-01-24 10:45:00,stop,0.3399000000000001,-3.090028091164465,-1.0,2.487463895024765
2024-01-25,AMSC,0.2892307,9.75,2.0,ema,premkt,nextopen,pullback,eod,False,2024-01-25 10:20:00,11.26,11.17,2024-01-25 11:14:00,stop,0.08999999999999986,-0.7992895204262829,-1.0,2.462589256074517
2024-01-26,CRBP,0.99170625,8.44,1.0,ema,premkt,nextopen,pullback,eod,False,2024-01-26 09:50:00,18.275,29.81,2024-01-26 15:55:00,eod,1.7349999999999994,63.11901504787962,6.64841498559078,2.626312409208924
2024-01-29,CDLX,0.22703648,5.77,3.0,ema,premkt,nextopen,pullback,eod,False,2024-01-29 10:20:00,7.3,7.04,2024-01-29 14:32:00,stop,0.2599999999999998,-3.561643835616435,-1.0,2.600049285116835
2024-01-30,RVSN,0.22532332,14.69,1.0,ema,premkt,nextopen,pullback,eod,False,2024-01-30 09:50:00,21.575,19.759999999999998,2024-01-30 11:36:00,stop,1.8150000000000013,-8.412514484356903,-1.0,2.5740487922656663
2024-01-31,REVB,0.14716983,7.95,1.0,ema,premkt,nextopen,pullback,eod,False,2024-01-31 09:55:00,8.66,8.290000000000001,2024-01-31 10:01:00,stop,0.3699999999999992,-4.2725173210161564,-1.0,2.5483083043430095
2024-02-01,PLUG,0.11910117,4.45,1.0,ema,premkt,nextopen,pullback,eod,False,2024-02-01 10:05:00,4.985,4.8500000000000005,2024-02-01 10:15:00,stop,0.1349999999999998,-2.7081243731193583,-1.0,2.522825221299579
2024-02-06,PLTR,0.21411479,16.72,1.0,ema,premkt,nextopen,pullback,eod,False,2024-02-06 11:00:00,20.5742,21.875,2024-02-06 15:55:00,eod,0.154200000000003,6.322481554568338,8.435797665369478,2.7356456524193216
2024-02-07,SONO,0.11239374,16.46,2.0,ema,premkt,nextopen,pullback,eod,False,2024-02-07 10:10:00,19.235,18.84,2024-02-07 11:48:00,stop,0.3949999999999996,-2.053548219391732,-1.0,2.7082891958951283
2024-02-08,TNYA,0.13348424,4.42,5.0,ema,premkt,nextopen,pullback,eod,False,2024-02-08 09:50:00,5.605,5.3,2024-02-08 10:53:00,stop,0.3050000000000006,-5.441570026761832,-1.0,2.681206303936177
2024-02-09,IREN,0.13529408,5.1,3.0,ema,premkt,nextopen,pullback,eod,False,2024-02-09 09:55:00,5.79,5.5600000000000005,2024-02-09 10:04:00,stop,0.22999999999999954,-3.9723661485319472,-1.0,2.6543942408968153
2024-02-12,LUNR,0.230461,4.99,1.0,ema,premkt,nextopen,pullback,eod,False,2024-02-12 10:35:00,6.1978,6.0,2024-02-12 10:46:00,stop,0.19779999999999998,-3.1914550324308677,-1.0,2.6278502984878473
2024-02-13,BMR,0.82010055,9.95,1.0,ema,premkt,nextopen,pullback,eod,False,2024-02-13 09:55:00,17.98,16.58,2024-02-13 10:01:00,stop,1.4000000000000021,-7.786429365962189,-1.0,2.6015717955029687
2024-02-14,COGT,0.5659889,5.46,1.0,ema,premkt,nextopen,pullback,eod,False,2024-02-14 09:45:00,8.855,8.4309,2024-02-14 13:40:00,stop,0.42410000000000103,-4.789384528514972,-1.0,2.575556077547939
2024-02-15,PLCE,0.28005505,14.515,5.0,ema,premkt,nextopen,pullback,eod,False,2024-02-15 10:40:00,28.5873,27.299999999999997,2024-02-15 10:47:00,stop,1.2873000000000019,-4.503048556526856,-1.0,2.5498005167724593
2024-02-16,BLZE,0.12883437,8.15,4.0,ema,premkt,nextopen,pullback,eod,False,2024-02-16 10:20:00,10.1801,11.755,2024-02-16 15:55:00,eod,0.39009999999999856,15.47037848351196,4.037169956421448,2.652740297184276
2024-02-20,LUNR,0.296448,7.32,3.0,ema,premkt,nextopen,pullback,eod,False,2024-02-20 09:50:00,9.32,10.97,2024-02-20 15:55:00,eod,0.5600000000000005,17.703862660944214,2.9464285714285694,2.730901395226313
2024-02-22,SOUNW,0.3129102,2.285,1.0,ema,premkt,nextopen,pullback,eod,False,2024-02-22 10:10:00,2.95,2.79,2024-02-22 10:22:00,stop,0.16000000000000014,-5.423728813559325,-1.0,2.7035923812740497
2024-02-23,AXTI,0.385965,2.28,2.0,ema,premkt,nextopen,pullback,eod,False,2024-02-23 10:15:00,4.19,3.7600000000000002,2024-02-23 11:32:00,stop,0.43000000000000016,-10.262529832935563,-1.0,2.676556457461309
2024-02-26,ALT,0.13586962,9.2,2.0,ema,premkt,nextopen,pullback,eod,False,2024-02-26 09:45:00,11.06,11.33,2024-02-26 15:55:00,eod,0.22000000000000064,2.44122965641953,1.2272727272727217,2.7094051048937886
2024-02-27,JANX,1.3701987,15.1,1.0,ema,premkt,nextopen,pullback,eod,False,2024-02-27 10:05:00,41.0,49.2,2024-02-27 15:55:00,eod,4.759999999999998,20.000000000000018,1.7226890756302533,2.756079730650362
2024-02-28,BAND,0.4576131,12.15,2.0,ema,premkt,nextopen,pullback,eod,False,2024-02-28 10:35:00,16.9184,18.36,2024-02-28 15:55:00,eod,0.3083999999999989,8.520900321543422,4.6744487678340025,2.884911265660271
2024-02-29,SIDU,0.2280072,5.57,4.0,ema,premkt,nextopen,pullback,eod,False,2024-02-29 10:10:00,6.9501,8.95,2024-02-29 15:55:00,eod,0.3400999999999996,28.775125537762047,5.880329314907384,3.0545535485239577
2024-03-01,ADIL,0.5337255,2.04,1.0,ema,premkt,nextopen,pullback,eod,False,2024-03-01 10:00:00,3.38,3.04,2024-03-01 11:06:00,stop,0.33999999999999986,-10.059171597633132,-1.0,3.024008013038718
2024-03-04,FUFU,0.92633224,6.38,1.0,ema,premkt,nextopen,pullback,eod,False,2024-03-04 10:00:00,15.82,13.69,2024-03-04 10:26:00,stop,2.130000000000001,-13.463969658659924,-1.0,2.9937679329083307
2024-03-06,PDYN,0.16417909,2.01,5.0,ema,premkt,nextopen,pullback,eod,False,2024-03-06 09:50:00,3.0009,2.6184000000000003,2024-03-06 09:59:00,stop,0.38249999999999984,-12.746176147155852,-1.0,2.963830253579247
2024-03-07,CELZ,0.6743696,4.76,1.0,ema,premkt,nextopen,pullback,eod,False,2024-03-07 10:05:00,7.1903,6.24,2024-03-07 10:22:00,stop,0.9502999999999995,-13.216416561200495,-1.0,2.9341919510434544
2024-03-08,GRFS,0.17812729,5.61,2.0,ema,premkt,nextopen,pullback,eod,False,2024-03-08 10:10:00,6.82,7.005,2024-03-08 15:55:00,eod,0.3200000000000003,2.7126099706744844,0.5781249999999982,2.9511552482604246
2024-03-11,KC,0.11895907,2.69,5.0,ema,premkt,nextopen,pullback,eod,False,2024-03-11 09:50:00,3.3199,3.2012,2024-03-11 10:00:00,stop,0.11870000000000003,-3.5754088978583676,-1.0,2.9216436957778202
2024-03-12,RYDE,0.12135172,6.51,5.0,ema,premkt,nextopen,pullback,eod,False,2024-03-12 09:45:00,7.8463,7.29,2024-03-12 11:01:00,stop,0.5563000000000002,-7.089965971222112,-1.0,2.892427258820042
2024-03-13,SKIN,0.27298057,3.59,1.0,ema,premkt,nextopen,pullback,eod,False,2024-03-13 09:45:00,5.025,4.8500000000000005,2024-03-13 09:58:00,stop,0.17499999999999982,-3.482587064676612,-1.0,2.8635029862318415
2024-03-14,SOUNW,0.24336278,4.52,2.0,ema,premkt,nextopen,pullback,eod,False,2024-03-14 10:05:00,4.705,5.045,2024-03-14 15:55:00,eod,0.3949999999999996,7.226354941551527,0.8607594936708867,2.8881508600373813
2024-03-18,BNAI,0.36837125,10.56,1.0,ema,premkt,nextopen,pullback,eod,False,2024-03-18 10:45:00,15.4,13.55,2024-03-18 15:52:00,stop,1.8499999999999996,-12.012987012987008,-1.0,2.8592693514370073
2024-03-19,SPIR,0.16327357,12.28,2.0,ema,premkt,nextopen,pullback,eod,False,2024-03-19 09:45:00,18.63,16.109499999999997,2024-03-19 10:08:00,stop,2.520500000000002,-13.529253891572745,-1.0,2.8306766579226372
2024-03-20,SRAD,0.13676906,10.09,2.0,ema,premkt,nextopen,pullback,eod,False,2024-03-20 09:55:00,12.08,11.48,2024-03-20 10:38:00,stop,0.5999999999999996,-4.966887417218535,-1.0,2.8023698913434107
2024-03-21,AMTX,0.18356168,3.65,2.0,ema,premkt,nextopen,pullback,eod,False,2024-03-21 10:30:00,4.4891,5.0892,2024-03-21 15:55:00,eod,0.10909999999999975,13.36793566639194,5.500458295142087,2.956513078492374
2024-03-25,NKTX,0.17320633,8.92,1.0,ema,premkt,nextopen,pullback,eod,False,2024-03-25 10:00:00,11.0,10.8,2024-03-25 10:19:00,stop,0.1999999999999993,-1.8181818181818077,-1.0,2.9269479477074505
2024-03-27,NUVB,0.13368058,2.88,2.0,ema,premkt,nextopen,pullback,eod,False,2024-03-27 10:45:00,3.61,3.94,2024-03-27 15:55:00,eod,0.17999999999999972,9.141274238227147,1.8333333333333366,2.980608660082087
2024-03-28,SMMT,0.12266672,3.75,5.0,ema,premkt,nextopen,pullback,eod,False,2024-03-28 10:30:00,4.43,4.29,2024-03-28 11:46:00,stop,0.13999999999999968,-3.160270880361171,-1.0,2.950802573481266
2024-04-01,CXAI,0.54285717,2.45,1.0,ema,premkt,nextopen,pullback,eod,False,2024-04-01 10:30:00,5.3,6.07,2024-04-01 15:55:00,eod,0.4899999999999993,14.52830188679246,1.5714285714285745,2.9971723282074003
2024-04-02,VTSI,0.24213839,9.54,2.0,ema,premkt,nextopen,pullback,eod,False,2024-04-02 09:45:00,12.24,13.18,2024-04-02 15:55:00,eod,0.5099999999999998,7.679738562091498,1.8431372549019607,3.052414327982203
2024-04-03,VIVO,0.53728807,5.9,1.0,ema,premkt,nextopen,pullback,eod,False,2024-04-03 09:50:00,8.9059,8.55,2024-04-03 09:55:00,stop,0.3559000000000001,-3.9962272201574223,-1.0,3.021890184702381
2024-04-04,LEVI,0.15261042,18.66,1.0,ema,premkt,nextopen,pullback,eod,False,2024-04-04 10:05:00,21.95,21.599999999999998,2024-04-04 11:06:00,stop,0.3500000000000014,-1.5945330296127658,-1.0,2.991671282855357
2024-04-05,NXL,0.18604648,2.15,2.0,ema,premkt,nextopen,pullback,eod,False,2024-04-05 09:55:00,2.42,2.3400000000000003,2024-04-05 10:12:00,stop,0.07999999999999963,-3.305785123966931,-1.0,2.9617545700268035
2024-04-08,AXTI,0.1286174,3.11,2.0,ema,premkt,nextopen,pullback,eod,False,2024-04-08 10:05:00,3.885,3.7,2024-04-08 12:04:00,stop_gap,0.1849999999999996,-4.761904761904756,-1.0,2.9321370243265354
2024-04-11,RENT,0.32162154,7.4,1.0,ema,premkt,nextopen,pullback,eod,False,2024-04-11 09:45:00,13.1258,19.72,2024-04-11 15:55:00,eod,2.1357999999999997,50.2384616556705,3.0874613727877143,3.0226656223498245
2024-04-12,HKD,0.20189273,3.17,2.0,ema,premkt,nextopen,pullback,eod,False,2024-04-12 09:55:00,3.7444,3.6,2024-04-12 10:10:00,stop,0.14440000000000008,-3.8564255955560345,-1.0,2.9924389661263264
2024-04-16,CGEM,0.20060432,16.55,1.0,ema,premkt,nextopen,pullback,eod,False,2024-04-16 09:55:00,19.9,19.5,2024-04-16 10:13:00,stop,0.3999999999999986,-2.010050251256279,-1.0,2.9625145764650633
2024-04-17,EDBL,0.32307696,4.55,4.0,ema,premkt,nextopen,pullback,eod,False,2024-04-17 10:30:00,10.4023,8.33,2024-04-17 11:07:00,stop_gap,1.9123,-19.92155580977284,-1.0836688804057941,2.9304107279224256
2024-04-18,RYDE,0.16533327,3.75,1.0,ema,premkt,nextopen,pullback,eod,False,2024-04-18 10:35:00,4.056,3.72,2024-04-18 12:15:00,stop_gap,0.31599999999999984,-8.284023668639051,-1.0632911392405064,2.8992519303090734
2024-04-22,TRSG,0.15798318,5.95,1.0,ema,premkt,nextopen,pullback,eod,False,2024-04-22 10:15:00,7.32,7.2,2024-04-22 15:55:00,eod,0.5300000000000002,-1.6393442622950838,-0.22641509433962273,2.8926875863159207
2024-04-24,PROP,0.14213204,11.82,3.0,ema,premkt,nextopen,pullback,eod,False,2024-04-24 10:50:00,14.71,14.3999,2024-04-24 15:55:00,eod,0.5400000000000009,-2.108089734874241,-0.5742592592592588,2.8760760600100586
2024-04-26,TPC,0.13800573,13.89,2.0,ema,premkt,nextopen,pullback,eod,False,2024-04-26 10:00:00,17.08,16.58,2024-04-26 11:30:00,stop,0.5,-2.927400468384078,-1.0,2.8473152994099578
2024-04-29,IBRX,0.14421773,7.35,1.0,ema,premkt,nextopen,pullback,eod,False,2024-04-29 10:20:00,9.08,8.84,2024-04-29 11:05:00,stop,0.2400000000000002,-2.643171806167399,-1.0,2.818842146415858
2024-04-30,BLND,0.1377778,2.25,4.0,ema,premkt,nextopen,pullback,eod,False,2024-04-30 09:55:00,2.8,2.6300000000000003,2024-04-30 11:16:00,stop,0.16999999999999948,-6.07142857142855,-1.0,2.7906537249516994
2024-05-01,FLG,0.20376253,2.65,2.0,ema,premkt,nextopen,pullback,eod,False,2024-05-01 10:05:00,3.23,3.4027,2024-05-01 15:55:00,eod,0.09499999999999975,5.346749226006198,1.8178947368421086,2.8413848721410844
2024-05-03,OLOX,0.3242321,2.93,1.0,ema,premkt,nextopen,pullback,eod,False,2024-05-03 10:15:00,5.3832,5.4938,2024-05-03 15:55:00,eod,0.4828000000000001,2.0545400505275646,0.22908036454018182,2.847893926964175
2024-05-06,BCRX,0.123595595,4.45,3.0,ema,premkt,nextopen,pullback,eod,False,2024-05-06 10:50:00,5.145,5.235,2024-05-06 15:55:00,eod,0.07499999999999929,1.7492711370262537,1.2000000000000213,2.882068654087746
2024-05-07,ZETA,0.19615388,13.0,1.0,ema,premkt,nextopen,pullback,eod,False,2024-05-07 10:10:00,15.69,15.5428,2024-05-07 10:29:00,stop,0.14719999999999978,-0.9381771829190533,-1.0,2.8532479675468685
2024-05-08,INOD,0.28338277,6.74,1.0,ema,premkt,nextopen,pullback,eod,False,2024-05-08 10:05:00,9.6101,8.75,2024-05-08 11:09:00,stop,0.8600999999999992,-8.949958897410005,-1.0,2.8247154878713996
2024-05-09,EMBC,0.29319596,10.27,1.0,ema,premkt,nextopen,pullback,eod,False,2024-05-09 10:00:00,14.2498,13.99,2024-05-09 10:29:00,stop,0.25980000000000025,-1.8231834832769578,-1.0,2.7964683329926854
2024-05-10,NVAX,1.241611,4.47,1.0,ema,premkt,nextopen,pullback,eod,False,2024-05-10 09:50:00,10.34,9.86,2024-05-10 10:24:00,stop,0.4800000000000004,-4.642166344294008,-1.0,2.7685036496627586
2024-05-13,GME,0.5085912,17.46,1.0,ema,premkt,nextopen,pullback,eod,False,2024-05-13 10:25:00,32.9244,29.59,2024-05-13 10:39:00,stop,3.3343999999999987,-10.127443476570564,-1.0,2.740818613166131
2024-05-14,KOSS,0.35926783,4.37,3.0,ema,premkt,nextopen,pullback,eod,False,2024-05-14 10:10:00,6.11,6.09,2024-05-14 10:15:00,stop,0.020000000000000462,-0.327332242225864,-1.0,2.7134104270344697
2024-05-15,BCRX,0.10634327,5.36,5.0,ema,premkt,nextopen,pullback,eod,False,2024-05-15 10:00:00,6.5576,6.385,2024-05-15 15:55:00,eod,0.4875999999999996,-2.6320605099426686,-0.35397867104183806,2.7038055328649424
2024-05-16,ASTS,0.3138075,2.39,2.0,ema,premkt,nextopen,pullback,eod,False,2024-05-16 10:05:00,3.199,3.1500000000000004,2024-05-16 10:11:00,stop,0.04899999999999949,-1.5317286652078654,-1.0,2.676767477536293
2024-05-17,OUST,0.111492276,11.66,1.0,ema,premkt,nextopen,pullback,eod,False,2024-05-17 10:10:00,13.36,13.14,2024-05-17 10:19:00,stop,0.21999999999999886,-1.6467065868263409,-1.0,2.64999980276093
2024-05-20,JDZG,0.10873282,11.68,4.0,ema,premkt,nextopen,pullback,eod,False,2024-05-20 10:45:00,14.09,13.34,2024-05-20 11:53:00,stop,0.75,-5.322924059616751,-1.0,2.6234998047333207
2024-05-21,CMCM,0.11711705,5.55,2.0,ema,premkt,nextopen,pullback,eod,False,2024-05-21 09:50:00,6.32,6.140000000000001,2024-05-21 10:18:00,stop,0.17999999999999972,-2.848101265822778,-1.0,2.5972648066859874
2024-05-22,CHAI,0.625,2.4,1.0,ema,premkt,nextopen,pullback,eod,False,2024-05-22 09:50:00,3.99,3.5700000000000003,2024-05-22 10:13:00,stop,0.41999999999999993,-10.526315789473683,-1.0,2.5712921586191273
2024-05-23,BORR,0.102941155,5.83,1.0,ema,premkt,nextopen,pullback,eod,False,2024-05-23 11:00:00,6.7393,6.61,2024-05-23 11:52:00,stop,0.12929999999999975,-1.9185968869170344,-1.0,2.545579237032936
2024-05-24,SRXH,0.6390313,4.1,1.0,ema,premkt,nextopen,pullback,eod,False,2024-05-24 09:50:00,5.58,5.48,2024-05-24 09:55:00,stop,0.09999999999999964,-1.7921146953404965,-1.0,2.5201234446626066
2024-05-28,OKLO,0.1428572,10.15,3.0,ema,premkt,nextopen,pullback,eod,False,2024-05-28 10:05:00,11.34,10.870000000000001,2024-05-28 10:22:00,stop,0.46999999999999886,-4.144620811287469,-1.0,2.4949222102159805
2024-05-29,OOMA,0.1784811,7.9,1.0,ema,premkt,nextopen,pullback,eod,False,2024-05-29 10:10:00,9.345,9.09,2024-05-29 10:30:00,stop,0.2550000000000008,-2.7287319422151013,-1.0,2.469972988113821
2024-05-30,WOOF,0.14696479,3.13,2.0,ema,premkt,nextopen,pullback,eod,False,2024-05-30 10:25:00,3.725,3.94,2024-05-30 15:55:00,eod,0.10499999999999998,5.771812080536898,2.0476190476190466,2.520548625489485
2024-05-31,BTDR,0.106529236,5.82,3.0,ema,premkt,nextopen,pullback,eod,False,2024-05-31 10:05:00,6.41,6.3500000000000005,2024-05-31 10:14:00,stop,0.05999999999999961,-0.9360374414976502,-1.0,2.49534313923459
2024-06-03,LQDA,0.1305362,12.87,5.0,ema,premkt,nextopen,pullback,eod,False,2024-06-03 10:30:00,14.7871,14.73,2024-06-03 10:53:00,stop,0.05710000000000015,-0.38614738522090297,-1.0,2.4703897078422443
2024-06-04,ANNX,0.316594,4.58,1.0,ema,premkt,nextopen,pullback,eod,False,2024-06-04 10:05:00,6.19,5.79,2024-06-04 10:20:00,stop,0.40000000000000036,-6.462035541195476,-1.0,2.445685810763822
2024-06-05,SFIX,0.17602992,2.67,3.0,ema,premkt,nextopen,pullback,eod,False,2024-06-05 10:00:00,3.5994,3.33,2024-06-05 11:04:00,stop,0.2694000000000001,-7.484580763460579,-1.0,2.421228952656184
2024-06-10,OPRA,0.14518762,13.76,2.0,ema,premkt,nextopen,pullback,eod,False,2024-06-10 10:00:00,16.27,15.84,2024-06-10 10:57:00,stop,0.4299999999999997,-2.6429010448678514,-1.0,2.397016663129622
2024-06-11,AISP,0.17197454,3.14,2.0,ema,premkt,nextopen,pullback,eod,False,2024-06-11 09:45:00,4.2299,4.01,2024-06-11 10:17:00,stop,0.21989999999999998,-5.1987044610983695,-1.0,2.373046496498326
2024-06-12,BMR,0.37954545,4.4,1.0,ema,premkt,nextopen,pullback,eod,False,2024-06-12 09:50:00,6.27,5.99,2024-06-12 10:10:00,stop,0.27999999999999936,-4.465709728867617,-1.0,2.3493160315333426
2024-06-14,LGVN,0.28624535,2.69,1.0,ema,premkt,nextopen,pullback,eod,False,2024-06-14 09:55:00,3.445,3.22,2024-06-14 11:54:00,stop,0.22499999999999964,-6.531204644412181,-1.0,2.325822871218009
2024-06-17,SCNI,0.7478509,3.49,1.0,ema,premkt,nextopen,pullback,eod,False,2024-06-17 10:00:00,5.89,5.6000000000000005,2024-06-17 10:38:00,stop,0.28999999999999915,-4.923599320882843,-1.0,2.302564642505829
2024-06-20,NNE,0.1310345,11.6,2.0,ema,premkt,nextopen,pullback,eod,False,2024-06-20 10:25:00,12.92,12.5,2024-06-20 10:41:00,stop,0.41999999999999993,-3.2507739938080538,-1.0,2.2795389960807704
2024-06-24,ALT,0.16536665,6.41,1.0,ema,premkt,nextopen,pullback,eod,False,2024-06-24 10:05:00,7.805,7.67,2024-06-24 12:13:00,stop,0.1349999999999998,-1.7296604740550947,-1.0,2.256743606119963
2024-06-25,EMPD,0.47938132,3.88,1.0,ema,premkt,nextopen,pullback,eod,False,2024-06-25 10:40:00,9.22,7.82,2024-06-25 14:36:00,stop,1.4000000000000004,-15.184381778741873,-1.0,2.2341761700587632
2024-06-27,GOVX,0.20583558,2.015,2.0,ema,premkt,nextopen,pullback,eod,False,2024-06-27 09:45:00,4.0676,3.7375,2024-06-27 15:55:00,eod,1.3775999999999993,-8.115350575277802,-0.23961962833914055,2.2288226454236266
2024-06-28,DXYZ,0.12880886,14.44,1.0,ema,premkt,nextopen,pullback,eod,False,2024-06-28 10:00:00,15.97,15.235100000000001,2024-06-28 14:24:00,stop,0.7348999999999997,-4.601753287413901,-1.0,2.2065344189693903
2024-07-01,HUMA,0.116666675,4.8,1.0,ema,premkt,nextopen,pullback,eod,False,2024-07-01 09:55:00,6.11,5.66,2024-07-01 10:44:00,stop,0.4500000000000002,-7.364975450081834,-1.0,2.184469074779696
2024-07-03,KOSS,0.20412838,4.36,2.0,ema,premkt,nextopen,pullback,eod,False,2024-07-03 09:55:00,6.24,11.17,2024-07-03 15:55:00,eod,0.46999999999999975,79.00641025641025,10.489361702127665,2.4136059373044603
2024-07-05,MDWD,0.41350794,14.51,1.0,ema,premkt,nextopen,pullback,eod,False,2024-07-05 10:10:00,19.55,19.1284,2024-07-05 10:37:00,stop,0.42160000000000153,-2.156521739130446,-1.0,2.3894698779314156
2024-07-08,PLSE,0.105394125,12.05,3.0,ema,premkt,nextopen,pullback,eod,False,2024-07-08 09:45:00,15.3799,14.11,2024-07-08 09:58:00,stop,1.2698999999999998,-8.25688073394495,-1.0,2.3655751791521014
2024-07-09,BYRN,0.111542106,10.31,3.0,ema,premkt,nextopen,pullback,eod,False,2024-07-09 10:45:00,11.0,10.775,2024-07-09 11:42:00,stop,0.22499999999999964,-2.045454545454539,-1.0,2.34191942736058
2024-07-10,AEHR,0.19016922,12.41,4.0,ema,premkt,nextopen,pullback,eod,False,2024-07-10 10:10:00,15.5447,15.31,2024-07-10 10:21:00,stop,0.23470000000000013,-1.5098393664721765,-1.0,2.3185002330869744
2024-07-11,QS,0.3197782,5.41,2.0,ema,premkt,nextopen,pullback,eod,False,2024-07-11 10:20:00,6.88,7.035,2024-07-11 15:55:00,eod,0.29000000000000004,2.2529069767441845,0.5344827586206905,2.330892217091405
2024-07-12,SNTG,0.23478258,2.3,1.0,ema,premkt,nextopen,pullback,eod,False,2024-07-12 10:10:00,3.2435,3.16,2024-07-12 10:17:00,stop,0.08349999999999991,-2.5743795282873405,-1.0,2.307583294920491
2024-07-15,SCNI,0.6354681,4.06,2.0,ema,premkt,nextopen,pullback,eod,False,2024-07-15 09:50:00,7.8899,7.28,2024-07-15 10:06:00,stop,0.6098999999999997,-7.730135996653942,-1.0,2.2845074619712857
2024-07-16,AEON,0.10964906,2.28,2.0,ema,premkt,nextopen,pullback,eod,False,2024-07-16 10:00:00,2.9699,2.7600000000000002,2024-07-16 11:40:00,stop,0.20989999999999975,-7.067578032930388,-1.0,2.261662387351573
2024-07-17,SHIM,0.37681162,2.07,1.0,ema,premkt,nextopen,pullback,eod,False,2024-07-17 10:00:00,2.9,3.09,2024-07-17 15:55:00,eod,0.1499999999999999,6.5517241379310365,1.266666666666667,2.290310110924693
2024-07-19,NAAS,0.13102591,8.09,3.0,ema,premkt,nextopen,pullback,eod,False,2024-07-19 10:35:00,8.8534,8.11,2024-07-19 14:30:00,stop,0.7434000000000012,-8.39677412067682,-1.0,2.2674070098154457
2024-07-22,SERV,0.4953642,7.55,1.0,ema,premkt,nextopen,pullback,eod,False,2024-07-22 10:15:00,12.7382,12.09,2024-07-22 10:27:00,stop,0.648200000000001,-5.088631046772707,-1.0,2.244732939717291
2024-07-24,TKNO,0.16733074,2.51,1.0,ema,premkt,nextopen,pullback,eod,False,2024-07-24 09:55:00,3.7,3.1300000000000003,2024-07-24 10:25:00,stop,0.5699999999999998,-15.405405405405403,-1.0,2.2222856103201183
2024-07-25,BALY,0.23520708,13.52,2.0,ema,premkt,nextopen,pullback,eod,False,2024-07-25 10:40:00,16.805,16.77,2024-07-25 10:52:00,stop,0.03500000000000014,-0.20827134781314927,-1.0,2.200062754216917
2024-07-26,COUR,0.39406204,7.41,1.0,ema,premkt,nextopen,pullback,eod,False,2024-07-26 10:10:00,10.8329,10.65,2024-07-26 10:17:00,stop,0.18290000000000006,-1.6883752273167851,-1.0,2.1780621266747477
2024-07-29,LGVN,0.18313956,3.44,1.0,ema,premkt,nextopen,pullback,eod,False,2024-07-29 10:30:00,4.2385,3.9400000000000004,2024-07-29 10:55:00,stop,0.29849999999999977,-7.042585820455349,-1.0,2.1562815054080002
2024-07-30,MIRA,0.13100433,2.29,2.0,ema,premkt,nextopen,pullback,eod,False,2024-07-30 10:25:00,2.6701,2.49,2024-07-30 11:35:00,stop,0.18009999999999993,-6.745065727875355,-1.0,2.13471869035392
2024-07-31,PCRX,0.13561916,19.54,1.0,ema,premkt,nextopen,pullback,eod,False,2024-07-31 10:15:00,21.32,20.72,2024-07-31 12:53:00,stop,0.6000000000000014,-2.814258911819889,-1.0,2.113371503450381
2024-08-06,LUMN,0.5366796,2.59,1.0,ema,premkt,nextopen,pullback,eod,False,2024-08-06 10:00:00,4.025,5.145,2024-08-06 15:55:00,eod,0.13500000000000023,27.826086956521713,8.296296296296276,2.2887030652181157
2024-08-07,RYAM,0.21746874,5.61,3.0,ema,premkt,nextopen,pullback,eod,False,2024-08-07 09:45:00,7.41,7.24,2024-08-07 10:17:00,stop,0.16999999999999993,-2.2941970310391357,-1.0,2.2658160345659346
2024-08-08,GPGI,0.21171749,7.51,4.0,ema,premkt,nextopen,pullback,eod,False,2024-08-08 10:30:00,9.115,8.99,2024-08-08 10:46:00,stop,0.125,-1.371365880416897,-1.0,2.2431578742202753
2024-08-09,ADMA,0.2387203,12.19,3.0,ema,premkt,nextopen,pullback,eod,False,2024-08-09 10:10:00,15.65,15.92,2024-08-09 15:55:00,eod,0.4900000000000002,1.7252396166134165,0.5510204081632641,2.2555181318945503
2024-08-12,ZNTL,0.110000014,3.0,3.0,ema,premkt,nextopen,pullback,eod,False,2024-08-12 10:10:00,3.309,3.29,2024-08-12 10:47:00,stop,0.019000000000000128,-0.5741915986702928,-1.0,2.2329629505756046
2024-08-13,LWAY,0.22836757,11.21,1.0,ema,premkt,nextopen,pullback,eod,False,2024-08-13 09:45:00,15.66,16.63,2024-08-13 15:55:00,eod,0.7599999999999998,6.194125159642394,1.2763157894736832,2.2614626092868986
2024-08-14,VSXY,0.16675413,19.07,2.0,ema,premkt,nextopen,pullback,eod,False,2024-08-14 10:10:00,22.17,21.75,2024-08-14 12:21:00,stop,0.4200000000000017,-1.8944519621109657,-1.0,2.2388479831940296
2024-08-15,GRSD,0.18799543,8.83,2.0,ema,premkt,nextopen,pullback,eod,False,2024-08-15 10:40:00,10.9932,10.82,2024-08-15 15:50:00,stop,0.17319999999999958,-1.575519412000137,-1.0,2.2164595033620893
2024-08-16,RILYP,0.32167494,4.26,4.0,ema,premkt,nextopen,pullback,eod,False,2024-08-16 10:40:00,6.62,7.2099,2024-08-16 15:55:00,eod,0.45999999999999996,8.910876132930511,1.2823913043478263,2.2448831872975954
2024-08-19,VRAX,1.3568075,2.13,1.0,ema,premkt,nextopen,pullback,eod,False,2024-08-19 10:05:00,4.71,5.045,2024-08-19 15:55:00,eod,0.41000000000000014,7.112526539278141,0.8170731707317069,2.2632255255352707
2024-08-20,BTTC,0.77091646,5.02,1.0,ema,premkt,nextopen,pullback,eod,False,2024-08-20 09:55:00,9.6273,10.15,2024-08-20 15:55:00,eod,0.7271999999999998,5.429351947067196,0.7187843784378445,2.279493237061636
2024-08-22,PTON,0.13988101,3.36,2.0,ema,premkt,nextopen,pullback,eod,False,2024-08-22 10:45:00,4.2243,4.535,2024-08-22 15:55:00,eod,0.2143000000000006,7.355064744454687,1.4498366775548244,2.3125421660749375
2024-08-23,FFAI,0.3059702,8.04,1.0,ema,premkt,nextopen,pullback,eod,False,2024-08-23 10:10:00,8.1239,7.6000000000000005,2024-08-23 10:16:00,stop,0.5239000000000003,-6.4488730782013555,-1.0,2.289416744414188
2024-08-26,INDO,0.13782048,3.12,3.0,ema,premkt,nextopen,pullback,eod,False,2024-08-26 09:50:00,3.61,3.467,2024-08-26 10:09:00,stop,0.1429999999999998,-3.9612188365650947,-1.0,2.266522576970046
2024-08-28,VRAX,0.2781186,4.89,1.0,ema,premkt,nextopen,pullback,eod,False,2024-08-28 10:30:00,6.46,6.1601,2024-08-28 11:21:00,stop,0.29990000000000006,-4.64241486068111,-1.0,2.2438573512003455
2024-08-29,IREN,0.1159029,7.42,3.0,ema,premkt,nextopen,pullback,eod,False,2024-08-29 09:55:00,8.82,8.4,2024-08-29 10:23:00,stop,0.41999999999999993,-4.761904761904756,-1.0,2.221418777688342
2024-08-30,LESL,0.11199999,2.5,4.0,ema,premkt,nextopen,pullback,eod,False,2024-08-30 10:05:00,3.02,3.015,2024-08-30 15:55:00,eod,0.10499999999999998,-0.16556291390728006,-0.04761904761904661,2.220360959222776
2024-09-03,SOC,0.19328976,16.84,2.0,ema,premkt,nextopen,pullback,eod,False,2024-09-03 10:55:00,22.04,23.21,2024-09-03 15:55:00,eod,0.2699999999999996,5.308529945553553,4.333333333333346,2.3165766007890967
2024-09-04,ATRA,0.20117486,6.81,1.0,ema,premkt,nextopen,pullback,eod,False,2024-09-04 10:25:00,8.61,8.47,2024-09-04 10:32:00,stop,0.1399999999999988,-1.6260162601625883,-1.0,2.2934108347812057
2024-09-05,APLD,0.54012334,3.24,1.0,ema,premkt,nextopen,pullback,eod,False,2024-09-05 09:55:00,4.525,5.305,2024-09-05 15:55:00,eod,0.14500000000000046,17.237569060773474,5.379310344827565,2.4167805210659874
2024-09-09,SMMT,0.3088833,12.27,1.0,ema,premkt,nextopen,pullback,eod,False,2024-09-09 09:50:00,17.6401,19.26,2024-09-09 15:55:00,eod,1.0101000000000013,9.183054517831547,1.6037026037026028,2.4555384932081
2024-09-10,LASE,0.15828395,6.76,4.0,ema,premkt,nextopen,pullback,eod,False,2024-09-10 10:00:00,8.43,9.1,2024-09-10 15:55:00,eod,0.6393999999999993,7.947805456702262,1.0478573662808894,2.4812690341910435
2024-09-11,PLCE,0.3897959,4.9,1.0,ema,premkt,nextopen,pullback,eod,False,2024-09-11 09:55:00,7.8999,8.97,2024-09-11 15:55:00,eod,0.6998999999999995,13.5457410853302,1.5289327046720984,2.5192059679456915
2024-09-12,NTGR,0.2347771,15.93,1.0,ema,premkt,nextopen,pullback,eod,False,2024-09-12 09:55:00,20.45,20.55,2024-09-12 15:55:00,eod,0.240000000000002,0.4889975550122383,0.4166666666666691,2.5297026594787986
2024-09-16,ZNTL,0.53086424,3.24,1.0,ema,premkt,nextopen,pullback,eod,False,2024-09-16 09:50:00,4.7212,4.501,2024-09-16 10:07:00,stop,0.22019999999999929,-4.664068457171888,-1.0,2.5044056328840107
2024-09-17,EOCN,0.38501298,3.87,1.0,ema,premkt,nextopen,pullback,eod,False,2024-09-17 10:25:00,8.16,15.35,2024-09-17 15:49:00,eod,0.7999999999999998,88.11274509803921,8.9875,2.729489089139461
2024-09-18,LUNR,0.55185187,5.4,1.0,ema,premkt,nextopen,pullback,eod,False,2024-09-18 10:50:00,8.505,8.32,2024-09-18 11:20:00,stop,0.1850000000000005,-2.175191064079962,-1.0,2.7021941982480664
2024-09-19,EWTX,0.3502884,19.07,2.0,ema,premkt,nextopen,pullback,eod,False,2024-09-19 10:35:00,27.78,29.1969,2024-09-19 15:55:00,eod,1.110000000000003,5.100431965442764,1.2764864864864816,2.7366873420273246
2024-09-20,PARA,0.77083254,2.88,2.0,ema,premkt,nextopen,pullback,eod,False,2024-09-20 09:45:00,6.42,6.25,2024-09-20 09:53:00,stop,0.16999999999999993,-2.6479750778816147,-1.0,2.7093204686070513
2024-09-24,PARA,0.5976145,4.2,1.0,ema,premkt,nextopen,pullback,eod,False,2024-09-24 09:55:00,7.0403,8.09,2024-09-24 15:55:00,eod,0.4302999999999999,14.909875999602274,2.43946084127353,2.775413280503329
2024-09-25,ORBS,0.6626506,2.49,1.0,ema,premkt,nextopen,pullback,eod,False,2024-09-25 09:55:00,4.1192,3.77,2024-09-25 11:37:00,stop,0.3492000000000002,-8.477374247426683,-1.0,2.7476591476982954
2024-09-26,GOTU,0.17525768,2.91,3.0,ema,premkt,nextopen,pullback,eod,False,2024-09-26 10:40:00,3.555,3.515,2024-09-26 11:03:00,stop,0.040000000000000036,-1.1251758087201136,-1.0,2.7201825562213124
2024-09-27,DTSS,0.106796145,2.06,4.0,ema,premkt,nextopen,pullback,eod,False,2024-09-27 10:20:00,2.301,2.38,2024-09-27 15:55:00,eod,0.09099999999999975,3.4332898739678264,0.8681318681318676,2.7437973278632337
2024-09-30,PRME,0.22254336,3.46,2.0,ema,premkt,nextopen,pullback,eod,False,2024-09-30 10:15:00,5.0,4.6000000000000005,2024-09-30 10:36:00,stop,0.39999999999999947,-7.999999999999985,-1.0,2.7163593545846014
2024-10-01,ARCO,0.15253818,8.72,1.0,ema,premkt,nextopen,pullback,eod,False,2024-10-01 10:00:00,9.8,9.765,2024-10-01 10:05:00,stop,0.03500000000000014,-0.3571428571428559,-1.0,2.6891957610387554
2024-10-02,DUO,0.25368726,3.39,1.0,ema,premkt,nextopen,pullback,eod,False,2024-10-02 09:50:00,4.0699,3.89,2024-10-02 09:56:00,stop,0.1798999999999995,-4.420256025946568,-1.0,2.662303803428368
2024-10-03,EVGO,0.29007638,3.93,1.0,ema,premkt,nextopen,pullback,eod,False,2024-10-03 10:00:00,5.48,6.325,2024-10-03 15:55:00,eod,0.41000000000000014,15.419708029197077,2.0609756097560963,2.717173235474635
2024-10-04,ULCC,0.10220444,4.99,3.0,ema,premkt,nextopen,pullback,eod,False,2024-10-04 10:00:00,6.06,5.83,2024-10-04 12:34:00,stop,0.22999999999999954,-3.7953795379537913,-1.0,2.690001503119889
2024-10-07,SRRK,2.5498652,7.42,1.0,ema,premkt,nextopen,pullback,eod,False,2024-10-07 09:55:00,29.77,33.74,2024-10-07 15:55:00,eod,2.4800000000000004,13.335572724219013,1.600806451612904,2.7330632207303163
2024-10-08,AZUL,0.14106584,3.19,2.0,ema,premkt,nextopen,pullback,eod,False,2024-10-08 10:30:00,3.6389,3.595,2024-10-08 13:04:00,stop,0.04389999999999983,-1.2064085300502847,-1.0,2.7057325885230132
2024-10-11,DJTWW,0.1367575,16.16,2.0,ema,premkt,nextopen,pullback,eod,False,2024-10-11 10:05:00,18.39,17.6601,2024-10-11 11:13:00,stop,0.7299000000000007,-3.969004893964112,-1.0,2.678675262637783
2024-10-14,XPON,0.67364013,2.39,2.0,ema,premkt,nextopen,pullback,eod,False,2024-10-14 10:25:00,3.6578,3.4301000000000004,2024-10-14 11:05:00,stop,0.22769999999999957,-6.2250533107332195,-1.0,2.6518885100114056
2024-10-16,WVE,0.40712607,8.56,2.0,ema,premkt,nextopen,pullback,eod,False,2024-10-16 10:05:00,13.85,14.902,2024-10-16 15:55:00,eod,0.7400000000000002,7.595667870036094,1.4216216216216206,2.6895883304510275
2024-10-17,SLQT,0.17777777,2.25,4.0,ema,premkt,nextopen,pullback,eod,False,2024-10-17 10:05:00,2.6103,2.52,2024-10-17 10:20:00,stop,0.09030000000000005,-3.459372485921164,-1.0,2.6626924471465174
2024-10-18,HEPS,0.60454535,2.2,2.0,ema,premkt,nextopen,pullback,eod,False,2024-10-18 09:50:00,3.79,3.5100000000000002,2024-10-18 10:13:00,stop,0.2799999999999998,-7.387862796833766,-1.0,2.636065522675052
2024-10-21,BIVI,0.7446809,2.35,1.0,ema,premkt,nextopen,pullback,eod,False,2024-10-21 10:30:00,6.44,5.41,2024-10-21 11:14:00,stop,1.0300000000000002,-15.993788819875776,-1.0,2.6097048674483014
2024-10-22,ARQQ,0.13559318,7.08,3.0,ema,premkt,nextopen,pullback,eod,False,2024-10-22 10:10:00,8.94,8.370000000000001,2024-10-22 10:23:00,stop,0.5699999999999985,-6.375838926174482,-1.0,2.5836078187738183
2024-10-23,PHUN,0.21134019,11.64,2.0,ema,premkt,nextopen,pullback,eod,False,2024-10-23 10:35:00,13.71,12.99,2024-10-23 13:05:00,stop,0.7200000000000006,-5.251641137855589,-1.0,2.5577717405860803
2024-10-24,QS,0.18339777,5.18,2.0,ema,premkt,nextopen,pullback,eod,False,2024-10-24 10:20:00,6.9299,6.655,2024-10-24 10:43:00,stop,0.2748999999999997,-3.966868208776453,-1.0,2.5321940231802196
2024-10-25,UPXI,2.0266666,3.0,1.0,ema,premkt,nextopen,pullback,eod,False,2024-10-25 10:50:00,11.43,9.85,2024-10-25 11:27:00,stop,1.58,-13.823272090988626,-1.0,2.5068720829484175
2024-10-28,EYPT,0.124210596,9.5,2.0,ema,premkt,nextopen,pullback,eod,False,2024-10-28 10:40:00,13.16,12.540000000000001,2024-10-28 10:55:00,stop,0.6199999999999992,-4.711246200607899,-1.0,2.4818033621189333
2024-10-29,VFC,0.1927563,17.03,1.0,ema,premkt,nextopen,pullback,eod,False,2024-10-29 10:40:00,21.13,21.0,2024-10-29 10:46:00,stop,0.129999999999999,-0.615238996687173,-1.0,2.456985328497744
2024-10-30,NRDS,0.28091872,11.32,2.0,ema,premkt,nextopen,pullback,eod,False,2024-10-30 10:05:00,14.86,14.41,2024-10-30 11:01:00,stop,0.4499999999999993,-3.0282637954239577,-1.0,2.4324154752127667
2024-10-31,ORN,0.2785977,5.42,2.0,ema,premkt,nextopen,pullback,eod,False,2024-10-31 10:25:00,6.29,6.21,2024-10-31 10:32:00,stop,0.08000000000000007,-1.2718600953895098,-1.0,2.408091320460639
2024-11-01,NAGE,0.18051577,3.49,1.0,ema,premkt,nextopen,pullback,eod,False,2024-11-01 10:15:00,4.9,5.8642,2024-11-01 15:55:00,eod,0.1299999999999999,19.677551020408156,7.416923076923083,2.5866976013212657
2024-11-04,CC,0.14431131,17.82,1.0,ema,premkt,nextopen,pullback,eod,False,2024-11-04 10:00:00,20.48,20.635,2024-11-04 15:55:00,eod,0.39000000000000057,0.7568359375,0.3974358974358998,2.59697806614703
2024-11-05,LUCK,0.18549371,10.38,1.0,ema,premkt,nextopen,pullback,eod,False,2024-11-05 10:55:00,11.6,11.43,2024-11-05 11:37:00,stop,0.16999999999999993,-1.4655172413793105,-1.0,2.5710082854855596
2024-11-06,GEO,0.2782551,15.13,1.0,ema,premkt,nextopen,pullback,eod,False,2024-11-06 10:00:00,20.0972,21.335,2024-11-06 15:55:00,eod,0.7072000000000038,6.159066934697366,1.7502828054298547,2.6160082014325905
2024-11-07,DXYZ,0.36375082,15.89,1.0,ema,premkt,nextopen,pullback,eod,False,2024-11-07 10:20:00,24.86,23.639999999999997,2024-11-07 10:31:00,stop,1.2200000000000024,-4.907481898632349,-1.0,2.5898481194182645
2024-11-08,INDI,0.3527696,3.43,1.0,ema,premkt,nextopen,pullback,eod,False,2024-11-08 09:50:00,4.998,4.640000000000001,2024-11-08 11:16:00,stop,0.35799999999999965,-7.162865146058417,-1.0,2.563949638224082
2024-11-11,CANG,0.1735295,3.4,1.0,ema,premkt,nextopen,pullback,eod,False,2024-11-11 09:50:00,4.16,3.99,2024-11-11 10:00:00,stop,0.16999999999999993,-4.086538461538458,-1.0,2.538310141841841
2024-11-13,BTCT,1.1457143,10.5,1.0,ema,premkt,nextopen,pullback,eod,False,2024-11-13 09:55:00,18.45,17.77,2024-11-13 10:04:00,stop,0.6799999999999997,-3.685636856368557,-1.0,2.5129270404234227
2024-11-14,QUBT,0.37969923,2.66,1.0,ema,premkt,nextopen,pullback,eod,False,2024-11-14 10:30:00,3.84,3.62,2024-11-14 11:00:00,stop,0.21999999999999975,-5.7291666666666625,-1.0,2.4877977700191884
2024-11-15,RCAT,0.14427865,4.02,5.0,ema,premkt,nextopen,pullback,eod,False,2024-11-15 10:25:00,4.73,4.57,2024-11-15 13:15:00,stop,0.16000000000000014,-3.382663847780132,-1.0,2.4629197923189965
2024-11-18,ACRS,0.18536592,2.05,2.0,ema,premkt,nextopen,pullback,eod,False,2024-11-18 10:25:00,2.42,3.185,2024-11-18 15:55:00,eod,0.13999999999999968,31.611570247933884,5.464285714285728,2.597500766684999
2024-11-19,ACRS,0.18152869,3.14,1.0,ema,premkt,nextopen,pullback,eod,False,2024-11-19 09:55:00,4.011,3.8200000000000003,2024-11-19 10:38:00,stop,0.19099999999999984,-4.761904761904756,-1.0,2.571525759018149
2024-11-20,SPAI,0.25217402,2.3,1.0,ema,premkt,nextopen,pullback,eod,False,2024-11-20 09:50:00,2.98,2.8200000000000003,2024-11-20 10:35:00,stop,0.1599999999999997,-5.369127516778516,-1.0,2.5458105014279675
2024-11-21,SKK,0.5372807,4.56,2.0,ema,premkt,nextopen,pullback,eod,False,2024-11-21 09:50:00,10.2,7.61,2024-11-21 10:40:00,stop,2.589999999999999,-25.392156862745086,-1.0,2.5203523964136876
2024-11-22,XCUR,0.38581955,10.86,1.0,ema,premkt,nextopen,pullback,eod,False,2024-11-22 10:30:00,13.43,18.03,2024-11-22 15:55:00,eod,0.7998999999999992,34.25167535368578,5.75071883985499,2.6652907765049862
2024-11-25,QMCO,0.49616647,9.13,1.0,ema,premkt,nextopen,pullback,eod,False,2024-11-25 10:35:00,23.96,19.509999999999998,2024-11-25 11:04:00,stop,4.450000000000003,-18.572621035058447,-1.0,2.6386378687399366
2024-11-27,UMAC,0.8953358,5.36,1.0,ema,premkt,nextopen,pullback,eod,False,2024-11-27 10:10:00,10.35,9.3001,2024-11-27 11:31:00,stop,1.0498999999999992,-10.143961352656994,-1.0,2.6122514900525373
2024-11-29,VCIG,0.21951222,4.1,4.0,ema,premkt,nextopen,pullback,eod,False,2024-11-29 10:15:00,4.53,4.3500000000000005,2024-11-29 10:28:00,stop,0.17999999999999972,-3.9735099337748325,-1.0,2.586128975152012
2024-12-02,UMAC,0.18366265,18.73,2.0,ema,premkt,nextopen,pullback,eod,False,2024-12-02 09:55:00,21.5036,20.24,2024-12-02 10:11:00,stop,1.2636000000000003,-5.876225376216082,-1.0,2.560267685400492
2024-12-03,PRCH,0.16710877,3.77,3.0,ema,premkt,nextopen,pullback,eod,False,2024-12-03 09:50:00,4.62,5.545,2024-12-03 15:55:00,eod,0.22999999999999954,20.021645021645007,4.02173913043479,2.663234972748121
2024-12-04,VCIG,0.17999995,2.5,2.0,ema,premkt,nextopen,pullback,eod,False,2024-12-04 09:50:00,3.1839,2.9600000000000004,2024-12-04 10:12:00,stop,0.22389999999999954,-7.032256038192141,-1.0,2.6366026230206394
2024-12-05,CAPR,0.163522,12.72,5.0,ema,premkt,nextopen,pullback,eod,False,2024-12-05 10:30:00,14.99,14.98,2024-12-05 10:35:00,stop,0.009999999999999787,-0.06671114076050033,-1.0,2.610236596790433
2024-12-06,ASAN,0.293661,15.46,3.0,ema,premkt,nextopen,pullback,eod,False,2024-12-06 10:10:00,20.9,20.68,2024-12-06 10:16:00,stop,0.21999999999999886,-1.0526315789473606,-1.0,2.584134230822529
2024-12-09,QMCO,0.23636365,13.75,2.0,ema,premkt,nextopen,pullback,eod,False,2024-12-09 10:15:00,17.04,16.619999999999997,2024-12-09 10:21:00,stop,0.4200000000000017,-2.464788732394374,-1.0,2.5582928885143037
2024-12-10,QURE,0.8807403,7.295,1.0,ema,premkt,nextopen,pullback,eod,False,2024-12-10 10:10:00,14.12,13.51,2024-12-10 10:22:00,stop,0.6099999999999994,-4.320113314447593,-1.0,2.5327099596291607
2024-12-11,CADL,1.7219088,4.61,1.0,ema,premkt,nextopen,pullback,eod,False,2024-12-11 09:55:00,12.305,11.790000000000001,2024-12-11 10:08:00,stop,0.5149999999999988,-4.185290532303931,-1.0,2.507382860032869
2024-12-12,SRFM,0.16519177,3.39,3.0,ema,premkt,nextopen,pullback,eod,False,2024-12-12 10:05:00,4.0,3.89,2024-12-12 10:15:00,stop,0.10999999999999988,-2.749999999999997,-1.0,2.4823090314325404
2024-12-13,AMPG,0.18636358,2.2,1.0,ema,premkt,nextopen,pullback,eod,False,2024-12-13 10:45:00,2.4997,2.4001,2024-12-13 15:41:00,stop,0.09959999999999969,-3.984478137376468,-1.0,2.457485941118215
2024-12-16,SGMT,0.17995441,4.39,3.0,ema,premkt,nextopen,pullback,eod,False,2024-12-16 10:00:00,5.51,5.695,2024-12-16 15:55:00,eod,0.3799999999999999,3.3575317604355837,0.48684210526315935,2.4694500174105007
2024-12-17,QUBT,0.2806859,11.08,1.0,ema,premkt,nextopen,pullback,eod,False,2024-12-17 10:05:00,14.45,13.53,2024-12-17 10:15:00,stop,0.9199999999999999,-6.366782006920413,-1.0,2.4447555172363957
2024-12-18,DFNS,0.53956234,11.88,1.0,ema,premkt,nextopen,pullback,eod,False,2024-12-18 09:45:00,19.6027,50.68,2024-12-18 15:50:00,eod,2.7127000000000017,158.53581394399754,11.456224425848779,2.7248321959543174
2024-12-19,ELAB,0.4837209,2.15,3.0,ema,premkt,nextopen,pullback,eod,False,2024-12-19 10:10:00,3.0037,2.8096,2024-12-19 10:18:00,stop,0.19409999999999972,-6.462030162799204,-1.0,2.697583873994774
2024-12-20,HUMA,0.6705203,3.46,2.0,ema,premkt,nextopen,pullback,eod,False,2024-12-20 10:05:00,5.545,5.081,2024-12-20 11:02:00,stop,0.4639999999999995,-8.367899008115408,-1.0,2.6706080352548263
2024-12-23,RUM,0.39082062,7.19,2.0,ema,premkt,nextopen,pullback,eod,False,2024-12-23 09:45:00,10.94,13.2119,2024-12-23 15:55:00,eod,0.9847000000000001,20.766910420475316,2.3072001624860365,2.732224308183591
2024-12-24,AMPG,0.21457493,2.47,2.0,ema,premkt,nextopen,pullback,eod,False,2024-12-24 10:00:00,3.13,2.99,2024-12-24 10:18:00,stop,0.13999999999999968,-4.472843450479225,-1.0,2.7049020651017552
2024-12-26,PDYN,0.37348175,4.94,2.0,ema,premkt,nextopen,pullback,eod,False,2024-12-26 09:45:00,6.95,6.6000000000000005,2024-12-26 09:56:00,stop,0.34999999999999964,-5.035971223021574,-1.0,2.6778530444507376
2024-12-27,QSI,0.58604646,2.15,2.0,ema,premkt,nextopen,pullback,eod,False,2024-12-27 10:35:00,3.1,3.63,2024-12-27 15:55:00,eod,0.2799999999999998,17.09677419354838,1.8928571428571435,2.7285409770778406
2024-12-30,INTZ,1.0462964,2.16,1.0,ema,premkt,nextopen,pullback,eod,False,2024-12-30 10:15:00,6.44,5.8100000000000005,2024-12-30 10:29:00,stop,0.6299999999999999,-9.782608695652172,-1.0,2.701255567307062
2025-01-02,VSTM,0.39782012,3.67,1.0,ema,premkt,nextopen,pullback,eod,False,2025-01-02 10:40:00,5.9988,6.455,2025-01-02 15:55:00,eod,0.12880000000000003,7.604854304194175,3.541925465838508,2.7969320261428914
2025-01-03,CRNC,0.36065578,7.93,1.0,ema,premkt,nextopen,pullback,eod,False,2025-01-03 10:25:00,13.98,19.6501,2025-01-03 15:55:00,eod,1.709900000000001,40.55865522174533,3.316041873793786,2.8896794633113387
2025-01-06,PTLE,0.31935048,7.39,3.0,ema,premkt,nextopen,pullback,eod,False,2025-01-06 09:50:00,10.02,9.03,2025-01-06 15:21:00,stop,0.9900000000000002,-9.880239520958089,-1.0,2.860782668678225
2025-01-08,VIR,0.5906211,7.89,1.0,ema,premkt,nextopen,pullback,eod,False,2025-01-08 10:05:00,12.9799,12.21,2025-01-08 15:55:00,eod,1.2199000000000009,-5.931478670868029,-0.6311173046971057,2.842727774206421
2025-01-10,SSL,0.1346153,4.42,5.0,ema,premkt,nextopen,pullback,eod,False,2025-01-10 09:45:00,5.005,4.960500000000001,2025-01-10 11:06:00,stop,0.04449999999999932,-0.8891108891108779,-1.0,2.814300496464357
2025-01-13,VRME,0.26078427,2.55,1.0,ema,premkt,nextopen,pullback,eod,False,2025-01-13 10:15:00,3.27,4.11,2025-01-13 15:55:00,eod,0.20999999999999996,25.688073394495415,4.000000000000002,2.9268725163229314
2025-01-14,KULR,0.23981893,2.21,2.0,ema,premkt,nextopen,pullback,eod,False,2025-01-14 10:00:00,2.67,2.5,2025-01-14 10:31:00,stop,0.16999999999999993,-6.367041198501866,-1.0,2.897603791159702
2025-01-15,RGTIW,0.48979592,3.43,1.0,ema,premkt,nextopen,pullback,eod,False,2025-01-15 10:00:00,5.11,4.99,2025-01-15 10:15:00,stop,0.1200000000000001,-2.3483365949119372,-1.0,2.868627753248105
2025-01-16,RZLV,0.17012441,2.41,3.0,ema,premkt,nextopen,pullback,eod,False,2025-01-16 10:10:00,2.879,2.7020000000000004,2025-01-16 10:44:00,stop,0.1769999999999996,-6.147968044459873,-1.0,2.839941475715624
2025-01-17,BZAI,0.18307698,6.5,1.0,ema,premkt,nextopen,pullback,eod,False,2025-01-17 10:00:00,8.79,8.69,2025-01-17 10:05:00,stop,0.09999999999999964,-1.1376564277588153,-1.0,2.8115420609584674
2025-01-21,REPL,0.24260354,10.14,2.0,ema,premkt,nextopen,pullback,eod,False,2025-01-21 09:50:00,12.52,12.31,2025-01-21 10:13:00,stop,0.20999999999999908,-1.6773162939297093,-1.0,2.7834266403488828
2025-01-22,MGX,0.22794116,2.72,2.0,ema,premkt,nextopen,pullback,eod,False,2025-01-22 10:35:00,3.42,3.35,2025-01-22 10:50:00,stop,0.06999999999999984,-2.0467836257309857,-1.0,2.755592373945394
2025-01-23,DGNX,1.0479999,7.5,1.0,ema,premkt,nextopen,pullback,eod,False,2025-01-23 09:50:00,21.96,15.98,2025-01-23 10:40:00,stop_gap,5.410000000000004,-27.231329690346083,-1.1053604436229199,2.725133145856312
2025-01-24,EVAX,0.9148351,3.64,1.0,ema,premkt,nextopen,pullback,eod,False,2025-01-24 10:00:00,7.68,6.16,2025-01-24 12:13:00,stop,1.5199999999999996,-19.791666666666664,-1.0,2.697881814397749
2025-01-28,BKSY,0.20136786,13.16,4.0,ema,premkt,nextopen,pullback,eod,False,2025-01-28 10:30:00,15.835,15.3505,2025-01-28 10:40:00,stop,0.4845000000000006,-3.059677928639093,-1.0,2.6709029962537714
2025-01-29,PACK,0.22125447,5.74,1.0,ema,premkt,nextopen,pullback,eod,False,2025-01-29 09:55:00,7.243,7.07,2025-01-29 10:30:00,stop,0.17300000000000004,-2.388513047079943,-1.0,2.6441939662912337
2025-01-30,ACMR,0.11727691,17.48,2.0,ema,premkt,nextopen,pullback,eod,False,2025-01-30 09:45:00,20.37,20.51,2025-01-30 15:55:00,eod,0.8630000000000031,0.6872852233676952,0.16222479721900354,2.6484835045911272
2025-01-31,KRSA,0.31496048,2.54,1.0,ema,premkt,nextopen,pullback,eod,False,2025-01-31 10:10:00,4.024,3.89,2025-01-31 10:20:00,stop,0.1339999999999999,-3.3300198807157066,-1.0,2.6219986695452158
2025-02-03,REBN,0.5151515,3.3,2.0,ema,premkt,nextopen,pullback,eod,False,2025-02-03 10:10:00,5.08,5.0,2025-02-03 15:55:00,eod,0.26119999999999965,-1.5748031496062964,-0.30627871362940345,2.6139680457487526
2025-02-05,ACB,0.26899457,3.68,1.0,ema,premkt,nextopen,pullback,eod,False,2025-02-05 10:05:00,5.2196,5.385,2025-02-05 15:55:00,eod,0.18959999999999955,3.168825197333125,0.8723628691983143,2.6367713323925734
2025-02-06,QNTM,0.34149194,8.58,2.0,ema,premkt,nextopen,pullback,eod,False,2025-02-06 10:35:00,12.7,12.620000000000001,2025-02-06 10:40:00,stop,0.0799999999999983,-0.629921259842503,-1.0,2.6104036190686477
2025-02-07,TNXP,0.21975088,11.24,1.0,ema,premkt,nextopen,pullback,eod,False,2025-02-07 10:45:00,12.94,12.39,2025-02-07 13:26:00,stop,0.5499999999999989,-4.250386398763517,-1.0,2.584299582877961
2025-02-10,MNTS,0.23426211,3.8,2.0,ema,premkt,nextopen,pullback,eod,False,2025-02-10 09:55:00,5.11,4.61,2025-02-10 11:32:00,stop_gap,0.47550000000000026,-9.784735812133071,-1.051524710830704,2.5571250341621043
2025-02-11,SLQT,0.2876712,4.38,2.0,ema,premkt,nextopen,pullback,eod,False,2025-02-11 10:45:00,5.596,5.33,2025-02-11 11:10:00,stop,0.266,-4.75339528234453,-1.0,2.5315537838204833
2025-02-12,AIFF,0.27738094,8.4,1.0,ema,premkt,nextopen,pullback,eod,False,2025-02-12 10:15:00,13.15,12.200000000000001,2025-02-12 10:31:00,stop,0.9499999999999993,-7.224334600760452,-1.0,2.5062382459822783
2025-02-13,DOMH,0.20683181,6.87,3.0,ema,premkt,nextopen,pullback,eod,False,2025-02-13 10:00:00,8.3075,12.87,2025-02-13 15:55:00,eod,0.6374999999999993,54.920252783629266,7.1568627450980475,2.685606277312383
2025-02-14,WRD,1.080955,17.17,1.0,ema,premkt,nextopen,pullback,eod,False,2025-02-14 09:50:00,33.71,30.440099999999997,2025-02-14 10:27:00,stop,3.2699000000000034,-9.700088994363698,-1.0,2.658750214539259
2025-02-18,PCT,0.15145004,9.31,4.0,ema,premkt,nextopen,pullback,eod,False,2025-02-18 10:25:00,10.86,10.92,2025-02-18 15:55:00,eod,0.21999999999999886,0.5524861878453136,0.27272727272727637,2.6660013514880023
2025-02-19,JTAI,0.43354547,4.06,1.0,ema,premkt,nextopen,pullback,eod,False,2025-02-19 11:00:00,5.937,5.8500000000000005,2025-02-19 11:05:00,stop,0.08699999999999974,-1.4653865588681092,-1.0,2.6393413379731223
2025-02-20,XOS,0.4153353,3.13,1.0,ema,premkt,nextopen,pullback,eod,False,2025-02-20 10:20:00,7.134,6.09,2025-02-20 15:55:00,eod,1.484,-14.634146341463417,-0.703504043126685,2.6207734649485674
2025-02-21,TUYA,0.10178316,3.88,3.0,ema,premkt,nextopen,pullback,eod,False,2025-02-21 09:45:00,4.3054,4.2401,2025-02-21 09:53:00,stop,0.06529999999999969,-1.516699958192036,-1.0,2.594565730299082
2025-02-24,GSUN,0.12830186,2.65,4.0,ema,premkt,nextopen,pullback,eod,False,2025-02-24 10:00:00,4.392,3.2,2025-02-24 15:55:00,eod,1.342,-27.140255009107474,-0.8882265275707899,2.5715201092073046
2025-02-25,AHCO,0.13450289,8.55,2.0,ema,premkt,nextopen,pullback,eod,False,2025-02-25 10:20:00,10.78,10.61,2025-02-25 10:41:00,stop,0.16999999999999993,-1.576994434137291,-1.0,2.5458049081152314
2025-02-26,PRCH,0.27968335,3.79,2.0,ema,premkt,nextopen,pullback,eod,False,2025-02-26 10:05:00,5.58,5.2700000000000005,2025-02-26 10:20:00,stop,0.3099999999999996,-5.5555555555555465,-1.0,2.520346859034079
2025-02-27,RRGB,0.19247782,4.52,4.0,ema,premkt,nextopen,pullback,eod,False,2025-02-27 10:05:00,5.81,5.76,2025-02-27 10:13:00,stop,0.04999999999999982,-0.8605851979345935,-1.0,2.4951433904437383
2025-02-28,ORGO,0.32247555,3.07,1.0,ema,premkt,nextopen,pullback,eod,False,2025-02-28 09:45:00,5.29,5.0,2025-02-28 09:51:00,stop,0.29000000000000004,-5.482041587901698,-1.0,2.470191956539301
2025-03-03,TRNR,0.23346305,2.57,2.0,ema,premkt,nextopen,pullback,eod,False,2025-03-03 09:50:00,3.56,3.0450000000000004,2025-03-03 11:14:00,stop,0.5149999999999997,-14.466292134831448,-1.0,2.445490036973908
2025-03-04,JFIN,0.25455093,7.07,1.0,ema,premkt,nextopen,pullback,eod,False,2025-03-04 09:50:00,9.15,8.89,2025-03-04 15:55:00,eod,0.5099999999999998,-2.841530054644803,-0.5098039215686272,2.433022832863845
2025-03-05,CTOS,0.3308457,4.02,1.0,ema,premkt,nextopen,pullback,eod,False,2025-03-05 10:30:00,4.76,4.67,2025-03-05 10:47:00,stop,0.08999999999999986,-1.8907563025210017,-1.0,2.408692604535206
2025-03-06,TRNR,0.15420556,2.14,2.0,ema,premkt,nextopen,pullback,eod,False,2025-03-06 09:55:00,2.47,2.4000000000000004,2025-03-06 10:30:00,stop,0.06999999999999984,-2.8340080971659853,-1.0,2.384605678489854
2025-03-07,APEI,0.23636365,19.25,1.0,ema,premkt,nextopen,pullback,eod,False,2025-03-07 10:20:00,22.71,22.49,2025-03-07 10:28:00,stop,0.22000000000000242,-0.9687362395420673,-1.0,2.360759621704956
2025-03-10,DWTX,0.106060624,6.6,4.0,ema,premkt,nextopen,pullback,eod,False,2025-03-10 10:35:00,7.586,8.5605,2025-03-10 15:55:00,eod,0.516,12.846032164513566,1.8885658914728662,2.4053441227001393
2025-03-11,MYO,0.3357314,4.17,2.0,ema,premkt,nextopen,pullback,eod,False,2025-03-11 09:55:00,5.98,5.63,2025-03-11 10:12:00,stop,0.35000000000000053,-5.852842809364556,-1.0,2.381290681473138
2025-03-12,GRPN,0.25383818,9.77,1.0,ema,premkt,nextopen,pullback,eod,False,2025-03-12 09:45:00,12.695,13.88,2025-03-12 15:55:00,eod,0.1750000000000007,9.334383615596686,6.7714285714285465,2.5425380790471754
2025-03-13,SRTA,0.15547705,2.83,4.0,ema,premkt,nextopen,pullback,eod,False,2025-03-13 09:50:00,3.4,3.3201,2025-03-13 09:57:00,stop,0.07989999999999986,-2.3499999999999965,-1.0,2.5171126982567036
2025-03-14,QBTS,0.11432707,6.91,3.0,ema,premkt,nextopen,pullback,eod,False,2025-03-14 10:25:00,9.127,10.1199,2025-03-14 15:55:00,eod,0.40700000000000003,10.878711515284301,2.4395577395577366,2.5785191159004155
2025-03-17,ARQQ,0.13933337,15.0,4.0,ema,premkt,nextopen,pullback,eod,False,2025-03-17 10:35:00,19.545,23.448,2025-03-17 15:55:00,eod,1.0550000000000033,19.96930161166537,3.6995260663506984,2.6739121027189867
2025-03-18,AIFF,0.108986616,5.23,2.0,ema,premkt,nextopen,pullback,eod,False,2025-03-18 10:40:00,5.4239,5.2045,2025-03-18 11:37:00,stop,0.21939999999999937,-4.045059827799169,-1.0,2.647172981691797
2025-03-19,ATER,0.12796223,2.11,2.0,ema,premkt,nextopen,pullback,eod,False,2025-03-19 09:45:00,3.1599,2.8000000000000003,2025-03-19 11:00:00,stop,0.35989999999999966,-11.389600936738498,-1.0,2.620701251874879
2025-03-20,ELAB,0.17730498,5.64,1.0,ema,premkt,nextopen,pullback,eod,False,2025-03-20 09:50:00,7.57,7.07,2025-03-20 10:14:00,stop,0.5,-6.605019815059443,-1.0,2.59449423935613
2025-03-21,IBO,0.51923084,2.08,1.0,ema,premkt,nextopen,pullback,eod,False,2025-03-21 09:50:00,3.57,4.37,2025-03-21 15:55:00,eod,0.36999999999999966,22.408963585434183,2.162162162162165,2.6505914120989655
2025-03-24,HUHU,0.18624163,5.96,1.0,ema,premkt,nextopen,pullback,eod,False,2025-03-24 10:30:00,6.86,6.82,2025-03-24 10:42:00,stop,0.040000000000000036,-0.5830903790087438,-1.0,2.6240854979779757
2025-03-26,VIVO,0.46460176,2.26,1.0,ema,premkt,nextopen,pullback,eod,False,2025-03-26 10:35:00,4.9656,4.640000000000001,2025-03-26 10:43:00,stop,0.32559999999999967,-6.557112937006604,-1.0,2.597844642998196
2025-03-27,WOOF,0.20081973,2.44,1.0,ema,premkt,nextopen,pullback,eod,False,2025-03-27 10:00:00,3.25,3.1701,2025-03-27 15:55:00,eod,0.21799999999999997,-2.4584615384615316,-0.36651376146788933,2.588323184880051
2025-03-28,QNTM,0.17780423,8.38,2.0,ema,premkt,nextopen,pullback,eod,False,2025-03-28 09:55:00,10.6497,9.61,2025-03-28 12:26:00,stop,1.0396999999999998,-9.762716320647524,-1.0,2.5624399530312507
2025-03-31,MCHB,0.11988056,9.3,2.0,ema,premkt,nextopen,pullback,eod,False,2025-03-31 09:50:00,10.475,10.36,2025-03-31 10:14:00,stop,0.11500000000000021,-1.0978520286396232,-1.0,2.5368155535009382
2025-04-02,SBFM,0.58173084,2.08,1.0,ema,premkt,nextopen,pullback,eod,False,2025-04-02 09:50:00,3.27,3.0900000000000003,2025-04-02 09:59:00,stop,0.17999999999999972,-5.504587155963292,-1.0,2.5114473979659286
2025-04-04,USAR,0.3076923,6.5,1.0,ema,premkt,nextopen,pullback,eod,False,2025-04-04 10:10:00,8.81,8.32,2025-04-04 10:55:00,stop,0.4900000000000002,-5.5618615209988675,-1.0,2.4863329239862693
2025-04-07,BJDX,1.3371105,3.53,1.0,ema,premkt,nextopen,pullback,eod,False,2025-04-07 09:55:00,8.0,7.11,2025-04-07 12:16:00,stop,0.8899999999999997,-11.124999999999996,-1.0,2.4614695947464065
2025-04-08,SPIR,0.25,7.48,2.0,ema,premkt,nextopen,pullback,eod,False,2025-04-08 09:50:00,9.5,9.19,2025-04-08 10:51:00,stop,0.3100000000000005,-3.2631578947368456,-1.0,2.4368548987989422
2025-04-09,HMY,0.11946201,12.97,2.0,ema,premkt,nextopen,pullback,eod,False,2025-04-09 10:10:00,14.335,14.275,2025-04-09 10:48:00,stop,0.0600000000000005,-0.41855598186257836,-1.0,2.412486349810953
2025-04-10,KROS,0.12971926,10.33,2.0,ema,premkt,nextopen,pullback,eod,False,2025-04-10 10:00:00,12.1529,11.9,2025-04-10 10:11:00,stop,0.25290000000000035,-2.0809847855244423,-1.0,2.3883614863128435
2025-04-11,CBLL,0.16412556,11.15,3.0,ema,premkt,nextopen,pullback,eod,False,2025-04-11 10:05:00,14.24,15.295,2025-04-11 15:55:00,eod,0.3000000000000007,7.40870786516854,3.5166666666666573,2.4723521985815116
2025-04-14,BULL,1.0860376,13.25,1.0,ema,premkt,nextopen,pullback,eod,False,2025-04-14 09:50:00,34.0,67.325,2025-04-14 15:55:00,eod,7.470000000000002,98.01470588235294,4.4611780455153935,2.5826482320724473
2025-04-15,BULLW,0.18720317,2.4006,3.0,ema,premkt,nextopen,pullback,eod,False,2025-04-15 09:50:00,2.88,2.5900000000000003,2025-04-15 11:38:00,stop,0.2899999999999996,-10.06944444444443,-1.0,2.5568217497517227
2025-04-16,TGL,0.77884626,2.08,1.0,ema,premkt,nextopen,pullback,eod,False,2025-04-16 09:50:00,3.59,3.4901000000000004,2025-04-16 09:55:00,stop,0.09989999999999943,-2.782729805013917,-1.0,2.5312535322542056
2025-04-17,QURE,0.38498402,9.39,1.0,ema,premkt,nextopen,pullback,eod,False,2025-04-17 09:45:00,13.845,13.2169,2025-04-17 10:02:00,stop,0.6280999999999999,-4.536655832430481,-1.0,2.5059409969316633
2025-04-21,DWTX,0.26697886,4.27,2.0,ema,premkt,nextopen,pullback,eod,False,2025-04-21 09:50:00,6.9,5.8,2025-04-21 10:42:00,stop,1.1000000000000005,-15.94202898550725,-1.0,2.480881586962347
2025-04-22,MTEN,0.16721308,6.1,2.0,ema,premkt,nextopen,pullback,eod,False,2025-04-22 09:55:00,6.7205,6.9,2025-04-22 15:56:00,eod,0.1305000000000005,2.670932222304878,1.3754789272030599,2.515005590399875
2025-04-23,UPXI,0.26944447,9.0,2.0,ema,premkt,nextopen,pullback,eod,False,2025-04-23 10:30:00,11.03,10.61,2025-04-23 10:42:00,stop,0.41999999999999993,-3.80779691749773,-1.0,2.4898555344958764
2025-04-24,CYH,0.20164609,2.43,2.0,ema,premkt,nextopen,pullback,eod,False,2025-04-24 11:00:00,3.1,3.0417,2025-04-24 11:45:00,stop,0.05830000000000002,-1.8806451612903285,-1.0,2.4649569791509176
2025-04-28,WOLF,0.16360855,3.27,1.0,ema,premkt,nextopen,pullback,eod,False,2025-04-28 09:45:00,3.875,3.75,2025-04-28 09:55:00,stop,0.125,-3.2258064516129004,-1.0,2.4403074093594084
2025-04-29,LZMH,0.13483155,8.01,4.0,ema,premkt,nextopen,pullback,eod,False,2025-04-29 10:55:00,9.2741,9.19,2025-04-29 11:05:00,stop,0.08410000000000117,-0.9068265384242213,-1.0,2.415904335265814
2025-04-30,RCKY,0.28171086,13.95,1.0,ema,premkt,nextopen,pullback,eod,False,2025-04-30 09:50:00,19.84,21.01,2025-04-30 15:55:00,eod,1.1300000000000026,5.897177419354849,1.0353982300884947,2.4409185659937873
2025-05-01,MAX,0.17976189,8.4,3.0,ema,premkt,nextopen,pullback,eod,False,2025-05-01 10:15:00,10.1,9.75,2025-05-01 12:12:00,stop,0.34999999999999964,-3.4653465346534573,-1.0,2.4165093803338493
2025-05-02,KIDZ,0.52145517,5.36,1.0,ema,premkt,nextopen,pullback,eod,False,2025-05-02 10:05:00,7.15,6.58,2025-05-02 10:21:00,stop,0.5700000000000003,-7.972027972027973,-1.0,2.392344286530511
2025-05-05,FNGR,0.19485295,2.72,1.0,ema,premkt,nextopen,pullback,eod,False,2025-05-05 09:55:00,3.37,3.22,2025-05-05 10:06:00,stop,0.1499999999999999,-4.4510385756676545,-1.0,2.3684208436652057
2025-05-06,TDUP,0.21396387,4.44,2.0,ema,premkt,nextopen,pullback,eod,False,2025-05-06 09:55:00,5.68,6.465,2025-05-06 15:55:00,eod,0.27999999999999936,13.820422535211275,2.8035714285714355,2.434821213746534
2025-05-07,ANGI,0.33244443,11.25,1.0,ema,premkt,nextopen,pullback,eod,False,2025-05-07 09:50:00,14.68,14.290000000000001,2025-05-07 10:01:00,stop,0.3899999999999988,-2.656675749318793,-1.0,2.410473001609069
2025-05-08,ASST,0.63716805,3.39,1.0,ema,premkt,nextopen,pullback,eod,False,2025-05-08 10:05:00,5.27,7.685,2025-05-08 15:55:00,eod,0.27999999999999936,45.82542694497154,8.62500000000002,2.6183762979978518
2025-05-09,WBUY,1.233474,7.11,1.0,ema,premkt,nextopen,pullback,eod,False,2025-05-09 10:00:00,22.41,18.99,2025-05-09 12:22:00,stop,3.4200000000000017,-15.26104417670684,-1.0,2.5921925350178734
2025-05-13,BKKT,0.2617383,10.01,4.0,ema,premkt,nextopen,pullback,eod,False,2025-05-13 10:15:00,12.13,11.99,2025-05-13 10:29:00,stop,0.14000000000000057,-1.1541632316570571,-1.0,2.566270609667695
2025-05-14,ABSI,0.2195946,2.96,2.0,ema,premkt,nextopen,pullback,eod,False,2025-05-14 10:00:00,3.24,2.91,2025-05-14 13:24:00,stop,0.33000000000000007,-10.185185185185187,-1.0,2.540607903571018
2025-05-15,IA,0.23537421,7.35,1.0,ema,premkt,nextopen,pullback,eod,False,2025-05-15 10:00:00,9.8,9.5,2025-05-15 12:27:00,stop,0.3000000000000007,-3.0612244897959218,-1.0,2.515201824535308
2025-05-16,TSSI,0.46561444,8.87,1.0,ema,premkt,nextopen,pullback,eod,False,2025-05-16 10:35:00,15.12,15.505,2025-05-16 15:55:00,eod,0.47999999999999865,2.546296296296302,0.8020833333333388,2.5353758391696015
2025-05-19,NVAX,0.2035662,6.73,1.0,ema,premkt,nextopen,pullback,eod,False,2025-05-19 10:30:00,7.325,7.735,2025-05-19 15:55:00,eod,0.19500000000000028,5.597269624573387,2.1025641025641004,2.588683741429065
2025-05-20,QBTS,0.16654003,13.15,3.0,ema,premkt,nextopen,pullback,eod,False,2025-05-20 10:00:00,15.665,16.595,2025-05-20 15:55:00,eod,0.7949999999999982,5.936801787424195,1.1698113207547194,2.6189664568948388
2025-05-21,ASST,0.29198968,7.74,1.0,ema,premkt,nextopen,pullback,eod,False,2025-05-21 10:00:00,9.165,8.540000000000001,2025-05-21 12:36:00,stop,0.6249999999999982,-6.81942171303872,-1.0,2.5927767923258904
2025-05-22,ASST,0.15796018,8.04,1.0,ema,premkt,nextopen,pullback,eod,False,2025-05-22 09:50:00,10.365,12.89,2025-05-22 15:55:00,eod,0.6750000000000007,24.360829715388334,3.7407407407407374,2.6897658501128956
2025-05-23,UEC,0.16279078,5.16,2.0,ema,premkt,nextopen,pullback,eod,False,2025-05-23 10:00:00,6.17,6.435,2025-05-23 15:55:00,eod,0.16999999999999993,4.294975688816849,1.5588235294117634,2.731694553070538
2025-05-27,SBET,4.0491076,6.72,1.0,ema,premkt,nextopen,pullback,eod,False,2025-05-27 10:15:00,34.81,32.1214,2025-05-27 13:45:00,stop,2.688600000000001,-7.723642631427752,-1.0,2.7043776075398327
2025-05-28,MNRO,0.30675912,12.77,2.0,ema,premkt,nextopen,pullback,eod,False,2025-05-28 10:15:00,16.71,16.76,2025-05-28 15:55:00,eod,0.5800000000000018,0.29922202274088594,0.08620689655172509,2.7067089675463323
2025-05-29,LZMH,0.26447976,19.51,1.0,ema,premkt,nextopen,pullback,eod,False,2025-05-29 11:00:00,28.3,28.35,2025-05-29 15:55:00,eod,1.6600000000000037,0.17667844522968323,0.030120481927711204,2.707524241331738
2025-05-30,RRGB,0.3961661,3.13,1.0,ema,premkt,nextopen,pullback,eod,False,2025-05-30 09:50:00,5.18,5.195,2025-05-30 15:55:00,eod,0.5499999999999998,0.28957528957529455,0.027272727272728316,2.708262657033919
2025-06-02,CENX,0.23757267,15.49,3.0,ema,premkt,nextopen,pullback,eod,False,2025-06-02 10:15:00,19.56,19.29,2025-06-02 10:36:00,stop,0.2699999999999996,-1.3803680981595123,-1.0,2.68118003046358
2025-06-03,BMGL,0.117347,3.92,3.0,ema,premkt,nextopen,pullback,eod,False,2025-06-03 10:10:00,4.485,4.34,2025-06-03 10:18:00,stop,0.14500000000000046,-3.232998885172811,-1.0,2.654368230158944
2025-06-04,YEXT,0.15249264,6.82,3.0,ema,premkt,nextopen,pullback,eod,False,2025-06-04 09:50:00,8.725,8.9093,2025-06-04 15:55:00,eod,0.15499999999999936,2.1123209169054524,1.1890322580645234,2.6859295246633503
2025-06-05,TGE,0.69269276,9.99,1.0,ema,premkt,nextopen,pullback,eod,False,2025-06-05 09:45:00,20.79,16.56,2025-06-05 11:02:00,stop,4.23,-20.346320346320347,-1.0,2.659070229416717
2025-06-06,NX,0.2168963,17.09,3.0,ema,premkt,nextopen,pullback,eod,False,2025-06-06 09:55:00,21.26,20.43,2025-06-06 10:10:00,stop,0.8300000000000018,-3.904045155221081,-1.0,2.6324795271225496
2025-06-09,UMAC,0.19946086,7.42,2.0,ema,premkt,nextopen,pullback,eod,False,2025-06-09 10:15:00,9.11,9.125,2025-06-09 15:55:00,eod,0.3070999999999984,0.16465422612514935,0.04884402474764132,2.633765336074254
2025-06-10,MFI,0.14339614,2.65,2.0,ema,premkt,nextopen,pullback,eod,False,2025-06-10 10:15:00,3.095,2.99,2025-06-10 10:53:00,stop,0.10499999999999998,-3.392568659127626,-1.0,2.6074276827135114
2025-06-11,USBC,0.1390729,3.02,4.0,ema,premkt,nextopen,pullback,eod,False,2025-06-11 10:10:00,3.2,3.4999,2025-06-11 15:55:00,eod,0.18000000000000016,9.371874999999985,1.6661111111111075,2.650870325049388
2025-06-12,HIND,0.30131006,2.29,1.0,ema,premkt,nextopen,pullback,eod,False,2025-06-12 09:45:00,3.2296,3.0700000000000003,2025-06-12 09:51:00,stop,0.15959999999999974,-4.9417884567748205,-1.0,2.624361621798894
2025-06-13,AGIG,0.8011204,7.14,1.0,ema,premkt,nextopen,pullback,eod,False,2025-06-13 10:05:00,14.32,15.381,2025-06-13 15:55:00,eod,1.2400000000000002,7.409217877094965,0.8556451612903224,2.646816845030577
2025-06-16,ECHO,0.44121146,16.84,1.0,ema,premkt,nextopen,pullback,eod,False,2025-06-16 09:55:00,24.4,25.2,2025-06-16 15:55:00,eod,0.5399999999999991,3.2786885245901676,1.4814814814814852,2.6860289464384373
2025-06-17,RBNE,0.26268113,5.52,3.0,ema,premkt,nextopen,pullback,eod,False,2025-06-17 10:20:00,7.685,10.6,2025-06-17 15:52:00,eod,0.544999999999999,37.93103448275863,5.348623853211019,2.8296945313717963
2025-06-18,EZRA,0.4422804,2.17,2.0,ema,premkt,nextopen,pullback,eod,False,2025-06-18 10:05:00,2.9001,2.7100000000000004,2025-06-18 15:07:00,stop,0.1900999999999997,-6.554946381159265,-1.0,2.801397586058078
2025-06-20,GRRR,0.17490697,18.81,5.0,ema,premkt,nextopen,pullback,eod,False,2025-06-20 10:15:00,26.23,25.24,2025-06-20 10:30:00,stop,0.990000000000002,-3.7743042317956665,-1.0,2.7733836101974974
2025-06-23,AGIG,0.43716216,14.8,1.0,ema,premkt,nextopen,pullback,eod,False,2025-06-23 10:10:00,21.4599,20.29,2025-06-23 10:35:00,stop,1.169900000000002,-5.451563148010951,-1.0,2.745649774095522
2025-06-24,NKTR,1.0880504,9.54,2.0,ema,premkt,nextopen,pullback,eod,False,2025-06-24 10:55:00,20.08,25.48,2025-06-24 15:55:00,eod,1.8200000000000003,26.892430278884483,2.9670329670329676,2.827114108052202
2025-06-25,QS,0.38799083,4.33,1.0,ema,premkt,nextopen,pullback,eod,False,2025-06-25 09:50:00,6.235,6.045,2025-06-25 10:00:00,stop,0.1900000000000004,-3.0473135525260653,-1.0,2.79884296697168
2025-06-26,VVOS,0.16721308,3.05,2.0,ema,premkt,nextopen,pullback,eod,False,2025-06-26 09:45:00,3.72,3.5,2025-06-26 10:01:00,stop,0.2200000000000002,-5.913978494623661,-1.0,2.7708545373019633
2025-06-27,SKYE,0.14117646,4.25,5.0,ema,premkt,nextopen,pullback,eod,False,2025-06-27 09:50:00,5.675,4.9,2025-06-27 11:19:00,stop,0.7749999999999995,-13.656387665198233,-1.0,2.7431459919289436
2025-06-30,NFE,0.20000005,2.5,2.0,ema,premkt,nextopen,pullback,eod,False,2025-06-30 09:55:00,3.1389,3.345,2025-06-30 15:55:00,eod,0.1488999999999998,6.5659944566567985,1.3841504365345898,2.7811152591510093
2025-07-01,CLRO,1.173913,5.75,1.0,ema,premkt,nextopen,pullback,eod,False,2025-07-01 09:55:00,12.275,11.69,2025-07-01 10:00:00,stop,0.5850000000000009,-4.765784114052963,-1.0,2.7533041065594994
2025-07-02,CYN,0.2335937,12.8,4.0,ema,premkt,nextopen,pullback,eod,False,2025-07-02 09:55:00,15.8259,15.290000000000001,2025-07-02 10:11:00,stop,0.5358999999999998,-3.3862213207463743,-1.0,2.7257710654939045
2025-07-07,COGT,0.18337739,7.58,1.0,ema,premkt,nextopen,pullback,eod,False,2025-07-07 09:55:00,9.91,9.49,2025-07-07 10:24:00,stop,0.41999999999999993,-4.238143289606455,-1.0,2.6985133548389655
2025-07-08,OCC,0.2596686,3.62,3.0,ema,premkt,nextopen,pullback,eod,False,2025-07-08 10:40:00,4.6,4.65,2025-07-08 15:55:00,eod,0.2499999999999991,1.0869565217391353,0.20000000000000356,2.7039103815486434
2025-07-09,PROK,0.55761385,3.73,1.0,ema,premkt,nextopen,pullback,eod,False,2025-07-09 09:50:00,6.7912,5.76,2025-07-09 10:27:00,stop,1.0312000000000001,-15.184356225703855,-1.0,2.676871277733157
2025-07-10,LIMN,0.15134096,5.22,2.0,ema,premkt,nextopen,pullback,eod,False,2025-07-10 09:55:00,6.43,5.99,2025-07-10 10:31:00,stop,0.4399999999999995,-6.8429237947122745,-1.0,2.6501025649558256
2025-07-14,SQNS,0.17999995,4.5,4.0,ema,premkt,nextopen,pullback,eod,False,2025-07-14 09:55:00,5.3314,5.24,2025-07-14 10:00:00,stop,0.09140000000000015,-1.7143714596541293,-1.0,2.6236015393062675
2025-07-15,QXL,0.1394422,5.02,3.0,ema,premkt,nextopen,pullback,eod,False,2025-07-15 10:20:00,5.7999,5.47,2025-07-15 10:39:00,stop_gap,0.30989999999999984,-5.688029103950076,-1.0645369474023894,2.595672331567734
2025-07-16,NUWE,1.74106,6.895,1.0,ema,premkt,nextopen,pullback,eod,False,2025-07-16 10:20:00,18.13,18.099999999999998,2025-07-16 10:25:00,stop,0.030000000000001137,-0.1654715940430318,-1.0,2.5697156082520567
2025-07-21,PWCM,0.20433438,3.23,3.0,ema,premkt,nextopen,pullback,eod,False,2025-07-21 09:45:00,4.1384,3.97,2025-07-21 09:56:00,stop,0.16839999999999966,-4.0692054900444585,-1.0,2.544018452169536
2025-07-23,IOVA,0.19808304,3.13,3.0,ema,premkt,nextopen,pullback,eod,False,2025-07-23 09:55:00,4.0,3.985,2025-07-23 15:55:00,eod,0.31999999999999984,-0.3750000000000031,-0.04687500000000041,2.5428259435200813
2025-07-24,ATHR,0.153481,6.32,5.0,ema,premkt,nextopen,pullback,eod,False,2025-07-24 10:05:00,8.7535,8.82,2025-07-24 15:55:00,eod,1.4623000000000008,0.7596961215513787,0.04547630445189053,2.543982326787838
2025-07-25,LHAI,1.0905862,5.63,1.0,ema,premkt,nextopen,pullback,eod,False,2025-07-25 10:05:00,10.585,9.61,2025-07-25 10:23:00,stop,0.9750000000000014,-9.211147850732182,-1.0,2.5185425035199596
2025-07-28,SMX,0.3443395,2.12,2.0,ema,premkt,nextopen,pullback,eod,False,2025-07-28 10:30:00,2.5448,2.43,2025-07-28 13:33:00,stop,0.11479999999999979,-4.511160012574655,-1.0,2.49335707848476
2025-07-29,XPRO,0.22222221,9.0,4.0,ema,premkt,nextopen,pullback,eod,False,2025-07-29 10:50:00,11.3,12.055,2025-07-29 15:55:00,eod,0.2400000000000002,6.681415929203527,3.1458333333333264,2.57179393657876
2025-07-30,REPL,0.71066666,3.75,1.0,ema,premkt,nextopen,pullback,eod,False,2025-07-30 11:00:00,6.99,7.305,2025-07-30 15:55:00,eod,0.33000000000000007,4.5064377682403345,0.9545454545454528,2.596342878700648
2025-07-31,APLD,0.25324023,10.03,1.0,ema,premkt,nextopen,pullback,eod,False,2025-07-31 10:10:00,13.9789,13.23,2025-07-31 13:49:00,stop,0.748899999999999,-5.357360021174761,-1.0,2.570379449913642
2025-08-01,ATEC,0.13185263,10.58,3.0,ema,premkt,nextopen,pullback,eod,False,2025-08-01 09:50:00,13.15,13.665,2025-08-01 15:55:00,eod,0.7200000000000006,3.916349809885933,0.7152777777777755,2.588764802923441
2025-08-04,PBM,0.92813563,2.36,1.0,ema,premkt,nextopen,pullback,eod,False,2025-08-04 10:00:00,4.465,4.33,2025-08-04 10:10:00,stop,0.1349999999999998,-3.023516237402013,-1.0,2.5628771548942066
2025-08-05,AMRC,0.2964071,16.7,4.0,ema,premkt,nextopen,pullback,eod,False,2025-08-05 09:45:00,23.08,24.785,2025-08-05 15:55:00,eod,0.879999999999999,7.387348353552858,1.9375000000000042,2.612532899770282
2025-08-07,AVAH,0.36760926,3.89,1.0,ema,premkt,nextopen,pullback,eod,False,2025-08-07 09:55:00,5.9,5.6000000000000005,2025-08-07 10:07:00,stop,0.2999999999999998,-5.0847457627118615,-1.0,2.5864075707725793
2025-08-08,OPRX,0.26557636,12.84,3.0,ema,premkt,nextopen,pullback,eod,False,2025-08-08 10:30:00,14.81,17.51,2025-08-08 15:55:00,eod,0.5099999999999998,18.230925050641456,5.294117647058828,2.723335030401716
2025-08-12,FRMM,0.7904191,3.34,1.0,ema,premkt,nextopen,pullback,eod,False,2025-08-12 10:10:00,5.52,10.58,2025-08-12 15:55:00,eod,0.6394999999999991,91.66666666666667,7.912431587177495,2.938817051571891
2025-08-13,WBTN,0.36217952,9.36,2.0,ema,premkt,nextopen,pullback,eod,False,2025-08-13 10:45:00,16.6302,16.96,2025-08-13 15:55:00,eod,0.7701999999999991,1.9831391083691363,0.42820046741106554,2.9514010799230777
2025-08-15,PPSI,0.55627024,3.11,1.0,ema,premkt,nextopen,pullback,eod,False,2025-08-15 10:00:00,5.275,4.86,2025-08-15 10:16:00,stop,0.41500000000000004,-7.867298578199056,-1.0,2.921887069123847
2025-08-18,PPCB,1.020906,2.87,1.0,ema,premkt,nextopen,pullback,eod,False,2025-08-18 09:45:00,8.0485,7.8100000000000005,2025-08-18 09:59:00,stop,0.23850000000000016,-2.9632850841771807,-1.0,2.8926681984326086
2025-08-19,KYIV,0.116666675,13.5,4.0,ema,premkt,nextopen,pullback,eod,False,2025-08-19 10:05:00,15.75,15.31,2025-08-19 10:20:00,stop,0.4399999999999995,-2.7936507936507926,-1.0,2.8637415164482825
2025-08-20,PPCB,0.3365667,3.67,1.0,ema,premkt,nextopen,pullback,eod,False,2025-08-20 10:35:00,4.92,4.78,2025-08-20 10:54:00,stop,0.13999999999999968,-2.8455284552845517,-1.0,2.8351041012837994
2025-08-25,AEHR,0.16408837,18.1,4.0,ema,premkt,nextopen,pullback,eod,False,2025-08-25 10:25:00,23.84,24.7,2025-08-25 15:55:00,eod,0.41000000000000014,3.6073825503355694,2.097560975609754,2.8945721385302403
2025-08-26,SER,0.24113476,5.64,2.0,ema,premkt,nextopen,pullback,eod,False,2025-08-26 10:30:00,6.04,5.640000000000001,2025-08-26 13:05:00,stop,0.39999999999999947,-6.62251655629138,-1.0,2.865626417144938
2025-08-27,SKYA,0.17677295,9.73,2.0,ema,premkt,nextopen,pullback,eod,False,2025-08-27 10:25:00,14.7,15.67,2025-08-27 15:55:00,eod,2.9299999999999997,6.598639455782318,0.33105802047781596,2.8751133032358274
2025-08-28,VELO,0.1222707,4.58,2.0,ema,premkt,nextopen,pullback,eod,False,2025-08-28 10:40:00,4.85,4.8004,2025-08-28 10:51:00,stop_gap,0.009999999999999787,-1.0226804123711353,-4.960000000000092,2.7325076833953275
2025-08-29,NEO,0.21775305,7.21,3.0,ema,premkt,nextopen,pullback,eod,False,2025-08-29 10:05:00,8.645,8.82,2025-08-29 15:55:00,eod,0.08499999999999908,2.0242914979757165,2.0588235294117956,2.7887651945240557
2025-09-02,MLYS,0.46253228,15.48,1.0,ema,premkt,nextopen,pullback,eod,False,2025-09-02 10:50:00,28.19,27.99,2025-09-02 11:04:00,stop,0.20000000000000284,-0.709471443774401,-1.0,2.760877542578815
2025-09-03,IPDN,0.24460435,6.95,4.0,ema,premkt,nextopen,pullback,eod,False,2025-09-03 10:10:00,10.2,9.22,2025-09-03 10:22:00,stop,0.9799999999999986,-9.60784313725489,-1.0,2.7332687671530267
2025-09-05,FBIO,0.14788735,2.84,2.0,ema,premkt,nextopen,pullback,eod,False,2025-09-05 10:10:00,3.4787,3.41,2025-09-05 10:24:00,stop,0.06869999999999976,-1.9748756719464078,-1.0,2.7059360794814964
2025-09-09,MGIH,0.28318584,2.26,2.0,ema,premkt,nextopen,pullback,eod,False,2025-09-09 10:10:00,2.27,2.1300000000000003,2025-09-09 10:18:00,stop,0.13999999999999968,-6.16740088105725,-1.0,2.6788767186866815
2025-09-10,MEI,0.14936328,7.4,4.0,ema,premkt,nextopen,pullback,eod,False,2025-09-10 09:50:00,8.4099,8.1,2025-09-10 10:37:00,stop,0.30990000000000073,-3.6849427460493023,-1.0,2.652087951499815
2025-09-11,MAZE,0.31710362,16.02,2.0,ema,premkt,nextopen,pullback,eod,False,2025-09-11 09:50:00,23.735,23.49,2025-09-11 09:55:00,stop,0.245000000000001,-1.0322308826627435,-1.0,2.6255670719848165
2025-09-16,MBAI,0.22439349,2.12,3.0,ema,premkt,nextopen,pullback,eod,False,2025-09-16 10:00:00,2.43,2.3000000000000003,2025-09-16 10:14:00,stop,0.1299999999999999,-5.349794238683126,-1.0,2.5993114012649685
2025-09-18,PESI,0.15628827,8.19,3.0,ema,premkt,nextopen,pullback,eod,False,2025-09-18 10:20:00,9.82,9.74,2025-09-18 10:26:00,stop,0.08000000000000007,-0.8146639511201648,-1.0,2.573318287252319
2025-09-19,AGMH,2.134529,2.23,1.0,ema,premkt,nextopen,pullback,eod,False,2025-09-19 10:05:00,9.43,10.69,2025-09-19 15:55:00,eod,2.289999999999999,13.361611876988345,0.5502183406113538,2.587477156431087
2025-09-22,MBX,1.24,10.0,3.0,ema,premkt,nextopen,pullback,eod,False,2025-09-22 10:25:00,24.24,22.5981,2025-09-22 10:32:00,stop,1.6418999999999997,-6.773514851485151,-1.0,2.561602384866776
2025-09-24,QURE,1.8814056,13.66,1.0,ema,premkt,nextopen,pullback,eod,False,2025-09-24 10:00:00,38.865,38.49,2025-09-24 10:08:00,stop,0.375,-0.9648784253184051,-1.0,2.535986361018108
2025-09-26,AQST,0.11977184,5.26,3.0,ema,premkt,nextopen,pullback,eod,False,2025-09-26 10:35:00,5.935,5.88,2025-09-26 10:50:00,stop,0.054999999999999716,-0.9267059814658807,-1.0,2.510626497407927
2025-09-29,IBG,0.30962336,2.39,4.0,ema,premkt,nextopen,pullback,eod,False,2025-09-29 09:55:00,3.21,3.0300000000000002,2025-09-29 11:17:00,stop,0.17999999999999972,-5.607476635514008,-1.0,2.485520232433848
2025-09-30,SPRC,0.3183856,4.46,1.0,ema,premkt,nextopen,pullback,eod,False,2025-09-30 10:20:00,6.1499,6.0200000000000005,2025-09-30 11:01:00,stop,0.12989999999999924,-2.1122294671457986,-1.0,2.460665030109509
2025-10-02,TSHA,0.26886785,3.18,3.0,ema,premkt,nextopen,pullback,eod,False,2025-10-02 10:20:00,4.48,4.32,2025-10-02 10:36:00,stop,0.16000000000000014,-3.57142857142857,-1.0,2.436058379808414
2025-10-03,PLUG,0.13780928,2.83,2.0,ema,premkt,nextopen,pullback,eod,False,2025-10-03 10:15:00,3.49,3.4200000000000004,2025-10-03 10:22:00,stop,0.06999999999999984,-2.005730659025784,-1.0,2.41169779601033
2025-10-06,CRML,0.44047618,7.98,1.0,ema,premkt,nextopen,pullback,eod,False,2025-10-06 09:45:00,14.0524,12.74,2025-10-06 09:54:00,stop,1.3124000000000002,-9.3393299365233,-1.0,2.3875808180502265
2025-10-07,BTQ,0.20549452,9.1,5.0,ema,premkt,nextopen,pullback,eod,False,2025-10-07 09:45:00,11.79,11.09,2025-10-07 10:01:00,stop,0.6999999999999993,-5.93723494486853,-1.0,2.363705009869724
2025-10-09,DMRA,0.43755877,10.65,4.0,ema,premkt,nextopen,pullback,eod,False,2025-10-09 09:55:00,15.3812,14.5401,2025-10-09 10:06:00,stop,0.8410999999999991,-5.4683639768028485,-1.0,2.340067959771027
2025-10-10,YHGJ,0.33333337,6.0,5.0,ema,premkt,nextopen,pullback,eod,False,2025-10-10 10:00:00,8.3942,8.19,2025-10-10 10:11:00,stop,0.20420000000000016,-2.4326320554668768,-1.0,2.316667280173317
2025-10-14,GWAV,1.0164511,8.51,1.0,ema,premkt,nextopen,pullback,eod,False,2025-10-14 09:50:00,22.755,17.79,2025-10-14 10:24:00,stop,4.965,-21.819380355965723,-1.0,2.2935006073715836
2025-10-15,VERI,0.45146525,5.46,3.0,ema,premkt,nextopen,pullback,eod,False,2025-10-15 10:35:00,9.2181,8.9,2025-10-15 10:44:00,stop,0.3180999999999994,-3.4508195832112842,-1.0,2.270565601297868
2025-10-16,AQMS,0.23744619,13.94,3.0,ema,premkt,nextopen,pullback,eod,False,2025-10-16 09:50:00,18.3101,17.24,2025-10-16 10:07:00,stop,1.0701,-5.8443154324662405,-1.0,2.247859945284889
2025-10-17,ARTV,1.0180507,2.77,1.0,ema,premkt,nextopen,pullback,eod,False,2025-10-17 10:00:00,5.6359,5.430000000000001,2025-10-17 10:09:00,stop,0.20589999999999975,-3.653365034865763,-1.0,2.2253813458320404
2025-10-20,GSIT,0.47637796,5.08,2.0,ema,premkt,nextopen,pullback,eod,False,2025-10-20 10:40:00,15.61,12.82,2025-10-20 13:32:00,stop,2.789999999999999,-17.873158231902618,-1.0,2.20312753237372
2025-10-21,EOSE,0.13424385,15.01,5.0,ema,premkt,nextopen,pullback,eod,False,2025-10-21 10:45:00,16.525,16.31,2025-10-21 10:54:00,stop,0.21499999999999986,-1.301059001512861,-1.0,2.181096257049983
2025-10-22,RANI,0.24912286,2.85,5.0,ema,premkt,nextopen,pullback,eod,False,2025-10-22 10:40:00,3.1579,3.0300000000000002,2025-10-22 11:07:00,stop,0.1278999999999999,-4.050159916400132,-1.0,2.159285294479483
2025-10-23,BIOA,0.32231402,6.05,3.0,ema,premkt,nextopen,pullback,eod,False,2025-10-23 10:25:00,8.12,7.99,2025-10-23 10:51:00,stop,0.129999999999999,-1.6009852216748666,-1.0,2.1376924415346883
2025-10-24,NEUP,0.5555556,4.05,2.0,ema,premkt,nextopen,pullback,eod,False,2025-10-24 10:20:00,6.68,6.220000000000001,2025-10-24 10:36:00,stop,0.4599999999999991,-6.886227544910161,-1.0,2.1163155171193413
2025-10-27,BBAR,0.43852913,10.11,2.0,ema,premkt,nextopen,pullback,eod,False,2025-10-27 10:00:00,14.31,14.09,2025-10-27 10:06:00,stop,0.22000000000000064,-1.5373864430468287,-1.0,2.095152361948148
2025-10-29,PUMP,0.23287666,7.3,1.0,ema,premkt,nextopen,pullback,eod,False,2025-10-29 09:50:00,9.57,11.1622,2025-10-29 15:55:00,eod,0.4299999999999997,16.637408568443046,3.702790697674421,2.17273146870847
2025-10-30,EBS,0.15531921,9.4,5.0,ema,premkt,nextopen,pullback,eod,False,2025-10-30 09:45:00,12.518,12.79,2025-10-30 15:55:00,eod,0.8780000000000001,2.172871065665438,0.30979498861047655,2.179462481914492
2025-10-31,ATEC,0.22627068,16.33,3.0,ema,premkt,nextopen,pullback,eod,False,2025-10-31 10:15:00,19.5,19.04,2025-10-31 11:03:00,stop,0.46000000000000085,-2.358974358974364,-1.0,2.157667857095347
2025-11-03,CIFR,0.23002684,18.65,3.0,ema,premkt,nextopen,pullback,eod,False,2025-11-03 09:45:00,23.83,22.529999999999998,2025-11-03 10:33:00,stop,1.3000000000000007,-5.4553084347461205,-1.0,2.1360911785243935
2025-11-04,TCMD,0.3506657,15.77,1.0,ema,premkt,nextopen,pullback,eod,False,2025-11-04 10:30:00,22.9201,22.599999999999998,2025-11-04 11:12:00,stop,0.3201000000000036,-1.3965907653108123,-1.0,2.1147302667391497
2025-11-05,APPS,0.3471284,5.92,1.0,ema,premkt,nextopen,pullback,eod,False,2025-11-05 10:15:00,8.19,7.86,2025-11-05 11:00:00,stop,0.3299999999999992,-4.029304029304015,-1.0,2.093582964071758
2025-11-06,FSLY,0.20198262,8.07,4.0,ema,premkt,nextopen,pullback,eod,False,2025-11-06 10:10:00,10.34,10.03,2025-11-06 10:37:00,stop,0.3100000000000005,-2.9980657640232167,-1.0,2.0726471344310404
2025-11-07,ORGO,0.31362462,3.89,2.0,ema,premkt,nextopen,pullback,eod,False,2025-11-07 10:00:00,5.17,5.565,2025-11-07 15:55:00,eod,0.14999999999999947,7.640232108317213,2.6333333333333457,2.1272268423043914
2025-11-10,COGT,1.2105262,14.82,1.0,ema,premkt,nextopen,pullback,eod,False,2025-11-10 10:00:00,32.43,32.19,2025-11-10 15:55:00,eod,0.9200000000000017,-0.7400555041628176,-0.26086956521739296,2.1216775548896845
2025-11-12,MH,0.1715039,11.37,1.0,ema,premkt,nextopen,pullback,eod,False,2025-11-12 10:05:00,13.5501,13.96,2025-11-12 15:55:00,eod,0.3400999999999996,3.0250699256832103,1.205233754778009,2.147248728948764
2025-11-13,OLOX,0.36401665,2.39,1.0,ema,premkt,nextopen,pullback,eod,False,2025-11-13 10:15:00,3.08,3.18,2025-11-13 15:55:00,eod,0.34999999999999964,3.2467532467532534,0.28571428571428625,2.153383725317189
2025-11-14,OWLT,0.11220479,10.16,1.0,ema,premkt,nextopen,pullback,eod,False,2025-11-14 09:50:00,11.46,10.78,2025-11-14 13:39:00,stop,0.6800000000000015,-5.933682373472959,-1.0,2.131849888064017
2025-11-17,PACS,0.21455586,10.58,3.0,ema,premkt,nextopen,pullback,eod,False,2025-11-17 09:50:00,14.17,15.7601,2025-11-17 15:55:00,eod,0.5800000000000001,11.221594918842626,2.74155172413793,2.1902956554262683
2025-11-18,DGNX,0.19205308,13.59,2.0,ema,premkt,nextopen,pullback,eod,False,2025-11-18 10:00:00,15.465,15.1401,2025-11-18 10:10:00,stop,0.3248999999999995,-2.1008729388942715,-1.0,2.1683926988720055
2025-11-19,OLOX,0.21700883,3.41,2.0,ema,premkt,nextopen,pullback,eod,False,2025-11-19 09:50:00,4.45,4.2,2025-11-19 09:58:00,stop,0.25,-5.61797752808989,-1.0,2.1467087718832856
2025-11-20,PACS,0.52644086,16.83,1.0,ema,premkt,nextopen,pullback,eod,False,2025-11-20 09:50:00,26.95,25.68,2025-11-20 11:13:00,stop,1.2699999999999996,-4.712430426716141,-1.0,2.1252416841644526
2025-11-24,MFI,0.20701766,11.4,1.0,ema,premkt,nextopen,pullback,eod,False,2025-11-24 09:45:00,14.0011,13.63,2025-11-24 09:51:00,stop,0.37109999999999843,-2.650506031668931,-1.0,2.103989267322808
2025-11-25,BNED,0.28850782,6.69,1.0,ema,premkt,nextopen,pullback,eod,False,2025-11-25 10:25:00,9.11,8.94,2025-11-25 10:42:00,stop,0.16999999999999993,-1.866081229418226,-1.0,2.08294937464958
2025-11-26,AEHL,0.14687502,3.2,3.0,ema,premkt,nextopen,pullback,eod,False,2025-11-26 09:55:00,3.29,3.14,2025-11-26 10:14:00,stop,0.1499999999999999,-4.5592705167173175,-1.0,2.0621198809030843
2025-11-28,SMX,0.9252893,17.4,1.0,ema,premkt,nextopen,pullback,eod,False,2025-11-28 10:00:00,46.0,53.05,2025-11-28 15:55:00,eod,12.119999999999997,15.326086956521735,0.5816831683168315,2.074114885160813
2025-12-02,XXI,0.15611064,11.21,2.0,ema,premkt,nextopen,pullback,eod,False,2025-12-02 09:50:00,13.405,12.99,2025-12-02 11:50:00,stop,0.41499999999999915,-3.0958597538231936,-1.0,2.053373736309205
2025-12-03,CAPR,3.716981,6.36,1.0,ema,premkt,nextopen,pullback,eod,False,2025-12-03 10:20:00,23.3,22.599999999999998,2025-12-03 10:25:00,stop,0.7000000000000028,-3.0042918454935785,-1.0,2.0328399989461126
2025-12-04,PLRZ,1.3004229,7.09,1.0,ema,premkt,nextopen,pullback,eod,False,2025-12-04 09:45:00,17.72,16.34,2025-12-04 10:02:00,stop,1.379999999999999,-7.787810383747173,-1.0,2.0125115989566513
2025-12-08,WVE,0.712283,7.49,2.0,ema,premkt,nextopen,pullback,eod,False,2025-12-08 09:55:00,14.5,18.3243,2025-12-08 15:55:00,eod,1.2899999999999991,26.374482758620687,2.9645736434108554,2.0721739873899065
2025-12-09,AMCI,0.32697678,7.8449,2.0,ema,premkt,nextopen,pullback,eod,False,2025-12-09 09:45:00,12.81,11.77,2025-12-09 10:36:00,stop,1.040000000000001,-8.118657298985177,-1.0,2.0514522475160075
2025-12-10,ASPC,1.480916,10.48,1.0,ema,premkt,nextopen,pullback,eod,False,2025-12-10 10:50:00,39.4,38.7,2025-12-10 10:58:00,stop,0.6999999999999957,-1.776649746192882,-1.0,2.0309377250408476
2025-12-11,BGDE,0.26865673,6.7,1.0,ema,premkt,nextopen,pullback,eod,False,2025-12-11 10:05:00,9.7715,9.14,2025-12-11 10:21:00,stop,0.6314999999999991,-6.462672056490804,-1.0,2.010628347790439
2025-12-12,VIVO,0.20472443,2.54,4.0,ema,premkt,nextopen,pullback,eod,False,2025-12-12 10:10:00,2.88,2.865,2025-12-12 15:55:00,eod,0.11999999999999966,-0.5208333333333259,-0.12499999999999768,2.008115062355701
2025-12-15,IMNM,0.17118037,19.57,5.0,ema,premkt,nextopen,pullback,eod,False,2025-12-15 09:45:00,24.2412,23.731599999999997,2025-12-15 11:34:00,stop,0.5096000000000025,-2.1022061614111576,-1.0,1.9880339117321442
2025-12-16,AMCI,0.6478679,7.27,1.0,ema,premkt,nextopen,pullback,eod,False,2025-12-16 09:50:00,12.2,11.69,2025-12-16 11:23:00,stop,0.5099999999999998,-4.180327868852462,-1.0,1.9681535726148227
2025-12-18,SOC,0.5246211,5.28,1.0,ema,premkt,nextopen,pullback,eod,False,2025-12-18 10:15:00,8.861,8.4801,2025-12-18 11:45:00,stop,0.38090000000000046,-4.298611894820004,-1.0,1.9484720368886745
2025-12-22,HYMC,0.27496946,16.42,2.0,ema,premkt,nextopen,pullback,eod,False,2025-12-22 10:35:00,24.0501,24.51,2025-12-22 15:55:00,eod,0.5600000000000023,1.9122581610887313,0.8212499999999986,1.9644738634916228
2025-12-23,SOC,0.16184211,7.6,2.0,ema,premkt,nextopen,pullback,eod,False,2025-12-23 10:15:00,8.38,10.555,2025-12-23 15:55:00,eod,0.4900000000000002,25.95465393794747,4.438775510204078,2.051672448248649
2025-12-26,ASPC,0.6512667,13.42,1.0,ema,premkt,nextopen,pullback,eod,False,2025-12-26 10:00:00,29.3,24.369999999999997,2025-12-26 10:15:00,stop,4.930000000000003,-16.82593856655291,-1.0,2.031155723766162
2025-12-30,CHRN,0.6025641,5.46,1.0,ema,premkt,nextopen,pullback,eod,False,2025-12-30 10:10:00,8.67,11.01,2025-12-30 15:55:00,eod,0.629999999999999,26.989619377162622,3.7142857142857197,2.1065986506489054
2026-01-02,ANGH,0.58189666,2.32,1.0,ema,premkt,nextopen,pullback,eod,False,2026-01-02 10:15:00,3.9922,3.6900000000000004,2026-01-02 12:26:00,stop,0.3021999999999996,-7.56976103401632,-1.0,2.0855326641424163
2026-01-05,ASTI,0.17487681,4.06,4.0,ema,premkt,nextopen,pullback,eod,False,2026-01-05 09:50:00,6.5383,4.92,2026-01-05 10:03:00,stop,1.6182999999999996,-24.751082085557407,-1.0,2.064677337500992
2026-01-06,AZI,0.537037,2.16,2.0,ema,premkt,nextopen,pullback,eod,False,2026-01-06 11:00:00,3.36,3.84,2026-01-06 15:55:00,eod,0.2799999999999998,14.28571428571428,1.7142857142857155,2.100071806143866
2026-01-07,GLUE,0.36851966,16.01,1.0,ema,premkt,nextopen,pullback,eod,False,2026-01-07 10:25:00,24.79,23.5,2026-01-07 14:09:00,stop,1.2899999999999991,-5.203711173860426,-1.0,2.0790710880824275
2026-01-08,NEOG,0.25203252,7.38,3.0,ema,premkt,nextopen,pullback,eod,False,2026-01-08 10:10:00,9.525,9.31,2026-01-08 10:47:00,stop,0.21499999999999986,-2.257217847769022,-1.0,2.058280377201603
2026-01-09,CETX,0.31034482,2.9,1.0,ema,premkt,nextopen,pullback,eod,False,2026-01-09 09:55:00,3.75,3.72,2026-01-09 10:00:00,stop,0.029999999999999805,-0.7999999999999896,-1.0,2.037697573429587
2026-01-12,RXST,0.16515839,8.84,3.0,ema,premkt,nextopen,pullback,eod,False,2026-01-12 10:15:00,9.93,9.75,2026-01-12 10:21:00,stop,0.17999999999999972,-1.8126888217522619,-1.0,2.0173205976952913
2026-01-13,AZIO,0.32669318,2.51,1.0,ema,premkt,nextopen,pullback,eod,False,2026-01-13 10:50:00,3.6274,3.45,2026-01-13 10:55:00,stop,0.1774,-4.890555218613879,-1.0,1.9971473917183384
2026-01-14,KULR,0.15942025,3.45,2.0,ema,premkt,nextopen,pullback,eod,False,2026-01-14 10:15:00,4.09,3.9600000000000004,2026-01-14 14:08:00,stop,0.12999999999999945,-3.178484107579449,-1.0,1.977175917801155
2026-01-15,RFIL,0.25797498,7.21,2.0,ema,premkt,nextopen,pullback,eod,False,2026-01-15 10:10:00,8.93,8.790000000000001,2026-01-15 10:28:00,stop,0.1399999999999988,-1.5677491601343685,-1.0,1.9574041586231434
2026-01-16,CGTL,0.17060363,3.81,4.0,ema,premkt,nextopen,pullback,eod,False,2026-01-16 10:55:00,4.8,4.3,2026-01-16 12:56:00,stop_gap,0.16999999999999993,-10.416666666666663,-2.9411764705882364,1.899833448075404
2026-01-20,CRVS,0.6782608,8.05,1.0,ema,premkt,nextopen,pullback,eod,False,2026-01-20 09:45:00,15.753,21.875,2026-01-20 15:55:00,eod,2.0630000000000006,38.862438900526875,2.9675230247212787,1.9562114430783977
2026-01-21,BNAI,0.47317076,6.15,1.0,ema,premkt,nextopen,pullback,eod,False,2026-01-21 09:45:00,9.86,9.09,2026-01-21 10:33:00,stop,0.7699999999999996,-7.809330628803246,-1.0,1.9366493286476136
2026-01-22,SXTP,1.9949999,2.0,1.0,ema,premkt,nextopen,pullback,eod,False,2026-01-22 10:10:00,6.51,6.09,2026-01-22 10:36:00,stop,0.41999999999999993,-6.451612903225801,-1.0,1.9172828353611375
2026-01-23,KUST,0.71078444,2.04,3.0,ema,premkt,nextopen,pullback,eod,False,2026-01-23 09:45:00,4.22,3.5,2026-01-23 09:52:00,stop,0.7199999999999998,-17.061611374407583,-1.0,1.898110007007526
2026-01-26,NAMM,0.4967742,3.1,2.0,ema,premkt,nextopen,pullback,eod,False,2026-01-26 09:45:00,5.09,4.21,2026-01-26 12:39:00,stop,0.8799999999999999,-17.288801571709232,-1.0,1.8791289069374508
2026-01-27,RDW,0.115419745,10.96,4.0,ema,premkt,nextopen,pullback,eod,False,2026-01-27 09:55:00,13.37,14.075,2026-01-27 15:55:00,eod,0.7799999999999994,5.2729992520568425,0.9038461538461546,1.8961133412886162
2026-01-28,SUPX,0.1850512,16.59,4.0,ema,premkt,nextopen,pullback,eod,False,2026-01-28 10:20:00,18.71,17.79,2026-01-28 10:37:00,stop,0.9200000000000017,-4.917156600748274,-1.0,1.8771522078757301
2026-01-29,KRRO,0.26603937,11.69,5.0,ema,premkt,nextopen,pullback,eod,False,2026-01-29 10:20:00,13.555,13.1745,2026-01-29 10:26:00,stop,0.3804999999999996,-2.807082257469562,-1.0,1.858380685796973
2026-01-30,GITS,0.15820897,3.35,5.0,ema,premkt,nextopen,pullback,eod,False,2026-01-30 09:50:00,6.1963,5.09,2026-01-30 10:11:00,stop,1.1063,-17.854203314881467,-1.0,1.8397968789390031
2026-02-02,AQST,0.35593224,2.95,2.0,ema,premkt,nextopen,pullback,eod,False,2026-02-02 10:45:00,4.2699,4.180000000000001,2026-02-02 10:51:00,stop,0.0898999999999992,-2.1054357244900124,-1.0,1.821398910149613
2026-02-04,INNV,0.14840996,5.66,4.0,ema,premkt,nextopen,pullback,eod,False,2026-02-04 09:50:00,7.28,7.87,2026-02-04 15:55:00,eod,0.5799000000000003,8.104395604395599,1.0174167959993095,1.8399301285836238
2026-02-06,GLXY,0.16538,16.84,2.0,ema,premkt,nextopen,pullback,eod,False,2026-02-06 09:45:00,19.27,19.069999999999997,2026-02-06 09:55:00,stop,0.20000000000000284,-1.0378827192527362,-1.0,1.8215308272977875
2026-02-10,VSTS,0.22814202,7.32,2.0,ema,premkt,nextopen,pullback,eod,False,2026-02-10 10:15:00,9.0301,8.945,2026-02-10 10:40:00,stop,0.08509999999999884,-0.9424037386075335,-1.0,1.8033155190248096
2026-02-11,JAGU,0.12703586,3.07,3.0,ema,premkt,nextopen,pullback,eod,False,2026-02-11 10:15:00,3.35,3.3400000000000003,2026-02-11 10:20:00,stop,0.009999999999999787,-0.29850746268655914,-1.0,1.7852823638345614
2026-02-12,FSLY,0.4489795,9.31,1.0,ema,premkt,nextopen,pullback,eod,False,2026-02-12 10:45:00,14.9893,15.93,2026-02-12 15:55:00,eod,0.3392999999999997,6.275810077855537,2.7724727379899807,1.8347788306680175
2026-02-13,CRSR,0.41484714,4.58,1.0,ema,premkt,nextopen,pullback,eod,False,2026-02-13 10:45:00,7.34,7.235,2026-02-13 10:53:00,stop,0.10499999999999954,-1.4305177111716527,-1.0,1.8164310423613372
2026-02-18,CNVS,0.13284123,2.71,4.0,ema,premkt,nextopen,pullback,eod,False,2026-02-18 10:35:00,3.2299,3.1,2026-02-18 13:10:00,stop_gap,0.12990000000000013,-4.021796340443984,-1.0,1.798266731937724
2026-02-19,RELY,0.20132267,13.61,2.0,ema,premkt,nextopen,pullback,eod,False,2026-02-19 10:35:00,17.315,17.169999999999998,2026-02-19 10:41:00,stop,0.14500000000000313,-0.8374241986716879,-1.0,1.7802840646183467
2026-02-20,TNDM,0.22829366,18.52,2.0,ema,premkt,nextopen,pullback,eod,False,2026-02-20 09:55:00,23.04,24.54,2026-02-20 15:55:00,eod,0.9800000000000004,6.510416666666674,1.5306122448979584,1.8075333105053624
2026-02-23,VNDA,0.39670134,5.76,1.0,ema,premkt,nextopen,pullback,eod,False,2026-02-23 10:40:00,8.55,8.26,2026-02-23 10:50:00,stop,0.2900000000000009,-3.3918128654970903,-1.0,1.7894579774003088
2026-02-24,LRMR,0.27758002,2.81,2.0,ema,premkt,nextopen,pullback,eod,False,2026-02-24 09:55:00,3.9814,3.81,2026-02-24 10:03:00,stop,0.17139999999999977,-4.305018335258948,-1.0,1.7715633976263057
2026-02-25,ACHC,0.18258595,17.17,3.0,ema,premkt,nextopen,pullback,eod,False,2026-02-25 09:45:00,21.6,21.15,2026-02-25 09:52:00,stop,0.45000000000000284,-2.083333333333348,-1.0,1.7538477636500427
2026-02-26,DNUT,0.22575247,2.99,4.0,ema,premkt,nextopen,pullback,eod,False,2026-02-26 10:20:00,3.99,3.815,2026-02-26 15:55:00,eod,0.2200000000000002,-4.385964912280704,-0.795454545454546,1.7398967018937355
2026-02-27,BATL,0.23132527,4.15,1.0,ema,premkt,nextopen,pullback,eod,False,2026-02-27 10:00:00,5.6599,5.390000000000001,2026-02-27 10:14:00,stop,0.2698999999999998,-4.768635488259509,-1.0,1.722497734874798
2026-03-02,ANNA,0.16842103,2.85,5.0,ema,premkt,nextopen,pullback,eod,False,2026-03-02 11:00:00,3.2,3.64,2026-03-02 15:55:00,eod,0.07989999999999986,13.749999999999996,5.506883604505641,1.8173536802245993
2026-03-03,TMDE,0.12745106,3.06,5.0,ema,premkt,nextopen,pullback,eod,False,2026-03-03 09:55:00,3.78,3.5100000000000002,2026-03-03 11:44:00,stop,0.2699999999999996,-7.142857142857128,-1.0,1.7991801434223533
2026-03-04,SHMD,0.25351012,6.41,2.0,ema,premkt,nextopen,pullback,eod,False,2026-03-04 09:45:00,8.41,8.44,2026-03-04 15:55:00,eod,0.41999999999999993,0.356718192627814,0.07142857142856991,1.8004652720962264
2026-03-05,ALTO,0.3653847,2.6,1.0,ema,premkt,nextopen,pullback,eod,False,2026-03-05 10:20:00,4.11,3.89,2026-03-05 10:38:00,stop,0.2200000000000002,-5.3527980535279855,-1.0,1.7824606193752641
2026-03-10,LFMD,0.12179494,3.12,5.0,ema,premkt,nextopen,pullback,eod,False,2026-03-10 10:25:00,3.76,3.6900000000000004,2026-03-10 10:40:00,stop,0.0699999999999994,-1.8617021276595591,-1.0,1.7646360131815115
2026-03-11,ACXP,0.19999993,2.9,2.0,ema,premkt,nextopen,pullback,eod,False,2026-03-11 10:00:00,4.18,6.04,2026-03-11 15:55:00,eod,0.6495999999999995,44.497607655502414,2.8633004926108403,1.815162844839726
2026-03-12,BMBL,0.2922536,2.84,1.0,ema,premkt,nextopen,pullback,eod,False,2026-03-12 10:10:00,3.8612,3.7401000000000004,2026-03-12 11:59:00,stop,0.12109999999999976,-3.1363306744017327,-1.0,1.7970112163913285
2026-03-13,KRRO,0.19913042,11.5,2.0,ema,premkt,nextopen,pullback,eod,False,2026-03-13 10:25:00,13.08,12.84,2026-03-13 11:35:00,stop,0.2400000000000002,-1.834862385321101,-1.0,1.7790411042274152
2026-03-16,CTMX,0.47863257,4.68,1.0,ema,premkt,nextopen,pullback,eod,False,2026-03-16 09:50:00,7.305,6.84,2026-03-16 15:26:00,stop,0.46499999999999986,-6.365503080082135,-1.0,1.761250693185141
2026-03-17,JVA,0.22397482,3.17,1.0,ema,premkt,nextopen,pullback,eod,False,2026-03-17 09:55:00,3.95,4.14,2026-03-17 15:55:00,eod,0.08499999999999996,4.810126582278462,2.235294117647054,1.8006198263269264
2026-03-18,ARTL,0.26185572,4.85,1.0,ema,premkt,nextopen,pullback,eod,False,2026-03-18 09:45:00,7.3197,6.79,2026-03-18 10:10:00,stop,0.5297000000000001,-7.236635381231471,-1.0,1.782613628063657
2026-03-19,CAL,0.23578739,8.86,1.0,ema,premkt,nextopen,pullback,eod,False,2026-03-19 09:50:00,10.645,10.61,2026-03-19 09:55:00,stop,0.03500000000000014,-0.32879286049788403,-1.0,1.7647874917830204
2026-03-20,IDN,0.1895833,4.8,1.0,ema,premkt,nextopen,pullback,eod,False,2026-03-20 10:15:00,5.94,5.79,2026-03-20 10:45:00,stop,0.15000000000000036,-2.5252525252525304,-1.0,1.7471396168651903
2026-03-24,ANNA,0.2667278,5.455,1.0,ema,premkt,nextopen,pullback,eod,False,2026-03-24 10:05:00,7.8,7.62,2026-03-24 10:46:00,stop,0.17999999999999972,-2.3076923076922995,-1.0,1.7296682206965384
2026-03-25,FEED,0.18141592,2.26,2.0,ema,premkt,nextopen,pullback,eod,False,2026-03-25 09:55:00,2.605,2.72,2026-03-25 15:55:00,eod,0.1849999999999996,4.414587332053754,0.621621621621624,1.740420212338706
2026-03-26,NAVN,0.23060119,9.15,4.0,ema,premkt,nextopen,pullback,eod,False,2026-03-26 10:20:00,11.345,11.120000000000001,2026-03-26 10:46:00,stop,0.22499999999999964,-1.9832525341560103,-1.0,1.723016010215319
2026-03-27,RBNE,0.23584902,2.12,3.0,ema,premkt,nextopen,pullback,eod,False,2026-03-27 10:00:00,2.66,2.576,2026-03-27 10:05:00,stop,0.08400000000000007,-3.157894736842104,-1.0,1.7057858501131657
2026-03-30,MKDW,0.14345121,4.81,4.0,ema,premkt,nextopen,pullback,eod,False,2026-03-30 10:25:00,6.18,6.12,2026-03-30 15:55:00,eod,0.6799999999999997,-0.9708737864077555,-0.08823529411764652,1.7042807449513013
2026-03-31,SPCE,0.11516118,2.17,4.0,ema,premkt,nextopen,pullback,eod,False,2026-03-31 10:05:00,2.6298,2.5300000000000002,2026-03-31 10:47:00,stop,0.09979999999999967,-3.7949653966080965,-1.0,1.6872379375017883
2026-04-02,BATL,0.35064936,3.85,2.0,ema,premkt,nextopen,pullback,eod,False,2026-04-02 10:15:00,4.7248,4.575,2026-04-02 10:25:00,stop,0.14979999999999993,-3.170504571622079,-1.0,1.6703655581267705
2026-04-06,FUBO,0.120777845,9.77,2.0,ema,premkt,nextopen,pullback,eod,False,2026-04-06 10:40:00,11.49,12.12,2026-04-06 15:55:00,eod,0.39000000000000057,5.483028720626626,1.6153846153846105,1.6973483863734338
2026-04-07,SKYQ,0.27399993,5.0,2.0,ema,premkt,nextopen,pullback,eod,False,2026-04-07 09:50:00,7.6888,6.54,2026-04-07 12:35:00,stop,1.1487999999999996,-14.941213193216107,-1.0,1.6803749025096995
2026-04-08,ELAB,0.34782612,3.45,1.0,ema,premkt,nextopen,pullback,eod,False,2026-04-08 09:50:00,4.9449,4.49,2026-04-08 10:12:00,stop,0.4548999999999994,-9.199377136039145,-1.0,1.6635711534846025
2026-04-09,RELL,0.14811635,11.76,4.0,ema,premkt,nextopen,pullback,eod,False,2026-04-09 10:00:00,13.5,14.435,2026-04-09 15:55:00,eod,0.42989999999999995,6.925925925925935,2.174924401023495,1.6997525684301271
2026-04-10,OGN,0.1590712,6.91,2.0,ema,premkt,nextopen,pullback,eod,False,2026-04-10 10:00:00,8.51,8.915,2026-04-10 15:55:00,eod,0.27999999999999936,4.759106933019974,1.4464285714285725,1.7243382752234917
2026-04-13,ALMU,0.30390334,10.76,3.0,ema,premkt,nextopen,pullback,eod,False,2026-04-13 10:00:00,14.735,15.63,2026-04-13 15:55:00,eod,0.3849,6.073973532405841,2.3252792933229443,1.7644339560841054
2026-04-14,CNSY,0.112754226,5.41,3.0,ema,premkt,nextopen,pullback,eod,False,2026-04-14 10:00:00,5.729,5.59,2026-04-14 11:24:00,stop,0.13900000000000023,-2.4262524000698282,-1.0,1.7467896165232644
2026-04-15,RGTIW,0.18428576,7.0,1.0,ema,premkt,nextopen,pullback,eod,False,2026-04-15 10:15:00,8.15,8.81,2026-04-15 15:55:00,eod,0.08000000000000007,8.098159509202452,8.249999999999995,1.8908997598864337
2026-04-16,WSHP,1.9336982,8.22,1.0,ema,premkt,nextopen,pullback,eod,False,2026-04-16 09:50:00,31.94,28.11,2026-04-16 10:00:00,stop_gap,3.6600000000000037,-11.991233562930503,-1.0464480874316935,1.8711124755138515
2026-04-20,PBM,0.72565794,7.6,1.0,ema,premkt,nextopen,pullback,eod,False,2026-04-20 10:35:00,12.865,12.61,2026-04-20 10:41:00,stop,0.2550000000000008,-1.9821220365332404,-1.0,1.852401350758713
2026-04-21,GRPN,0.1692307,14.95,2.0,ema,premkt,nextopen,pullback,eod,False,2026-04-21 09:55:00,18.52,17.04,2026-04-21 10:20:00,stop,1.4800000000000004,-7.9913606911447115,-1.0,1.8338773372511257
2026-04-22,POET,0.124390244,10.25,5.0,ema,premkt,nextopen,pullback,eod,False,2026-04-22 10:10:00,11.91,11.58,2026-04-22 10:31:00,stop,0.33000000000000007,-2.7707808564231717,-1.0,1.8155385638786143
2026-04-23,TRT,0.33171904,8.26,1.0,ema,premkt,nextopen,pullback,eod,False,2026-04-23 10:20:00,13.49,12.09,2026-04-23 13:28:00,stop,1.4000000000000004,-10.378057820607856,-1.0,1.7973831782398282
2026-04-24,ELPW,0.46441948,2.67,1.0,ema,premkt,nextopen,pullback,eod,False,2026-04-24 10:05:00,3.71,3.5900000000000003,2026-04-24 10:24:00,stop,0.11999999999999966,-3.2345013477088846,-1.0,1.7794093464574299
2026-04-28,DDI,0.16974974,9.19,2.0,ema,premkt,nextopen,pullback,eod,False,2026-04-28 09:55:00,10.8145,10.9,2026-04-28 15:55:00,eod,0.07450000000000045,0.7906052059734492,1.1476510067113983,1.7998307557355653
2026-04-29,PRCH,0.17578578,8.59,1.0,ema,premkt,nextopen,pullback,eod,False,2026-04-29 09:45:00,10.4,10.25,2026-04-29 09:50:00,stop,0.15000000000000036,-1.4423076923076983,-1.0,1.7818324481782095
2026-04-30,MRAM,0.36921906,13.19,2.0,ema,premkt,nextopen,pullback,eod,False,2026-04-30 09:55:00,18.2,18.285,2026-04-30 15:55:00,eod,0.9498999999999995,0.4670329670329654,0.08948310348457826,1.7834268871517347
2026-05-01,CERS,0.3251232,2.03,2.0,ema,premkt,nextopen,pullback,eod,False,2026-05-01 09:50:00,2.9,2.8310000000000004,2026-05-01 10:06:00,stop,0.0689999999999995,-2.3793103448275676,-1.0,1.7655926182802173
2026-05-04,GBTG,0.5691401,5.93,2.0,ema,premkt,nextopen,pullback,eod,False,2026-05-04 10:30:00,9.365,9.35,2026-05-04 10:35:00,stop,0.015000000000000568,-0.16017084890550537,-1.0,1.747936692097415
2026-05-05,BLZE,0.6012931,4.64,1.0,ema,premkt,nextopen,pullback,eod,False,2026-05-05 10:00:00,7.77,7.51,2026-05-05 10:21:00,stop,0.2599999999999998,-3.346203346203347,-1.0,1.730457325176441
2026-05-07,RXT,0.75110126,2.27,1.0,ema,premkt,nextopen,pullback,eod,False,2026-05-07 10:25:00,3.97,3.64,2026-05-07 14:50:00,stop,0.33000000000000007,-8.312342569269527,-1.0,1.7131527519246765
2026-05-08,FLNC,0.2532947,18.97,2.0,ema,premkt,nextopen,pullback,eod,False,2026-05-08 09:55:00,24.82,23.99,2026-05-08 13:00:00,stop,0.8300000000000018,-3.3440773569701876,-1.0,1.6960212244054298
2026-05-11,BW,0.14855576,14.54,4.0,ema,premkt,nextopen,pullback,eod,False,2026-05-11 10:35:00,18.158,17.7,2026-05-11 11:11:00,stop,0.45800000000000196,-2.5223042185262834,-1.0,1.6790610121613754
2026-05-12,VSTS,0.26666665,9.3,1.0,ema,premkt,nextopen,pullback,eod,False,2026-05-12 10:40:00,12.14,12.02,2026-05-12 10:49:00,stop,0.120000000000001,-0.9884678747940745,-1.0,1.6622704020397616
2026-05-13,AEHL,0.43364942,2.11,1.0,ema,premkt,nextopen,pullback,eod,False,2026-05-13 09:50:00,2.95,2.75,2026-05-13 10:01:00,stop,0.20000000000000018,-6.779661016949157,-1.0,1.645647698019364
2026-05-14,AIIO,0.6800766,2.61,1.0,ema,premkt,nextopen,pullback,eod,False,2026-05-14 10:00:00,3.875,3.5100000000000002,2026-05-14 10:17:00,stop,0.36499999999999977,-9.41935483870967,-1.0,1.6291912210391704
2026-05-15,PIII,0.2940446,4.03,1.0,ema,premkt,nextopen,pullback,eod,False,2026-05-15 09:55:00,7.8099,11.43,2026-05-15 15:55:00,eod,1.7698999999999998,46.352706180616906,2.045369794903667,1.6625142061755278
2026-05-18,HIVE,0.33828986,2.69,1.0,ema,premkt,nextopen,pullback,eod,False,2026-05-18 09:55:00,3.8,3.64,2026-05-18 10:04:00,stop,0.1599999999999997,-4.210526315789465,-1.0,1.6458890641137724
2026-05-19,BKKT,0.13876152,8.72,2.0,ema,premkt,nextopen,pullback,eod,False,2026-05-19 09:50:00,10.1999,9.77,2026-05-19 12:19:00,stop_gap,0.42489999999999917,-4.214747203403957,-1.0117674746999312,1.6292364938934263
2026-05-20,WNW,0.14315784,4.75,2.0,ema,premkt,nextopen,pullback,eod,False,2026-05-20 10:25:00,6.11,5.71,2026-05-20 11:07:00,stop,0.40000000000000036,-6.546644844517191,-1.0,1.612944128954492
2026-05-21,CODX,0.3179916,2.39,2.0,ema,premkt,nextopen,pullback,eod,False,2026-05-21 10:00:00,3.1619,3.74,2026-05-21 15:55:00,eod,0.2319,18.283310667636556,2.492884864165589,1.6531529690126459
2026-05-22,GOVX,0.3890909,2.75,3.0,ema,premkt,nextopen,pullback,eod,False,2026-05-22 09:50:00,4.0898,3.7600000000000002,2026-05-22 10:06:00,stop,0.3298000000000001,-8.063964008019953,-1.0,1.6366214393225194
2026-05-26,MNTS,0.75609756,7.38,1.0,ema,premkt,nextopen,pullback,eod,False,2026-05-26 09:50:00,14.65,12.33,2026-05-26 11:22:00,stop,2.3200000000000003,-15.836177474402735,-1.0,1.620255224929294
2026-05-27,QTTB,0.29337096,7.09,2.0,ema,premkt,nextopen,pullback,eod,False,2026-05-27 10:25:00,11.87,11.441,2026-05-27 10:37:00,stop,0.4289999999999985,-3.614153327716918,-1.0,1.604052672680001
2026-05-28,ATPC,1.0245614,2.85,1.0,ema,premkt,nextopen,pullback,eod,False,2026-05-28 09:55:00,5.94,5.7,2026-05-28 10:05:00,stop,0.2400000000000002,-4.040404040404044,-1.0,1.588012145953201
2026-05-29,REPL,0.6944444,4.68,2.0,ema,premkt,nextopen,pullback,eod,False,2026-05-29 10:25:00,8.19,8.74,2026-05-29 15:55:00,eod,0.2699999999999996,6.715506715506714,2.037037037037043,1.6203605415189144
2026-06-01,MASK,0.5111731,3.58,1.0,ema,premkt,nextopen,pullback,eod,False,2026-06-01 10:00:00,6.2207,5.5,2026-06-01 10:18:00,stop,0.7206999999999999,-11.585512884402071,-1.0,1.6041569361037253
2026-06-02,QUCY,0.22421527,2.23,4.0,ema,premkt,nextopen,pullback,eod,False,2026-06-02 10:00:00,2.8801,2.8200000000000003,2026-06-02 10:05:00,stop,0.06009999999999982,-2.086733099545146,-1.0,1.5881153667426882
2026-06-03,LASE,0.45247936,2.42,2.0,ema,premkt,nextopen,pullback,eod,False,2026-06-03 10:15:00,3.89,3.87,2026-06-03 10:29:00,stop,0.020000000000000018,-0.5141388174807249,-1.0,1.5722342130752613
2026-06-04,FOXX,0.7762238,2.86,1.0,ema,premkt,nextopen,pullback,eod,False,2026-06-04 10:00:00,6.4,6.03,2026-06-04 10:49:00,stop,0.3700000000000001,-5.781250000000004,-1.0,1.5565118709445087
2026-06-05,BBCP,0.4172933,7.98,1.0,ema,premkt,nextopen,pullback,eod,False,2026-06-05 10:00:00,11.55,10.83,2026-06-05 11:41:00,stop,0.7200000000000006,-6.233766233766236,-1.0,1.5409467522350637
2026-06-08,OCC,0.594309,12.3,1.0,ema,premkt,nextopen,pullback,eod,False,2026-06-08 10:30:00,20.25,19.33,2026-06-08 10:53:00,stop,0.9200000000000017,-4.543209876543219,-1.0,1.525537284712713
2026-06-09,BNAI,0.19102347,18.27,3.0,ema,premkt,nextopen,pullback,eod,False,2026-06-09 10:50:00,21.3,20.694999999999997,2026-06-09 11:05:00,stop,0.605000000000004,-2.840375586854482,-1.0,1.510281911865586
2026-06-10,LAKE,0.12893093,9.54,3.0,ema,premkt,nextopen,pullback,eod,False,2026-06-10 09:55:00,11.16,10.665000000000001,2026-06-10 10:47:00,stop,0.4949999999999992,-4.435483870967738,-1.0,1.49517909274693
2026-06-16,AIBZ,0.20000005,6.25,5.0,ema,premkt,nextopen,pullback,eod,False,2026-06-16 10:15:00,7.255,7.68,2026-06-16 15:55:00,eod,0.08499999999999996,5.858028945554783,5.0,1.5699380473842766
2026-06-18,CRVO,0.22834647,3.81,4.0,ema,premkt,nextopen,pullback,eod,False,2026-06-18 10:30:00,6.2314,5.99,2026-06-18 10:37:00,stop,0.24139999999999961,-3.8739288121449333,-1.0,1.5542386669104338
2026-06-22,SSTK,0.18759453,13.22,3.0,ema,premkt,nextopen,pullback,eod,False,2026-06-22 10:10:00,15.525,15.96,2026-06-22 15:55:00,eod,0.5350000000000001,2.801932367149762,0.8130841121495335,1.566875934575967
2026-06-23,BLZE,0.26970446,8.12,1.0,ema,premkt,nextopen,pullback,eod,False,2026-06-23 10:25:00,10.4537,10.17,2026-06-23 10:41:00,stop,0.2836999999999996,-2.7138716435329058,-1.0,1.5512071752302075
2026-06-24,QNRX,0.3138461,3.25,1.0,ema,premkt,nextopen,pullback,eod,False,2026-06-24 10:25:00,3.97,3.79,2026-06-24 10:59:00,stop,0.18000000000000016,-4.534005037783384,-1.0,1.5356951034779054
2026-06-25,MEI,0.16934872,13.09,4.0,ema,premkt,nextopen,pullback,eod,False,2026-06-25 09:50:00,16.33,15.700000000000001,2026-06-25 11:34:00,stop,0.6299999999999972,-3.8579301898346463,-1.0,1.5203381524431263
2026-06-26,SDOT,0.8608415,6.18,1.0,ema,premkt,nextopen,pullback,eod,False,2026-06-26 10:25:00,10.91,10.39,2026-06-26 10:36:00,stop,0.5199999999999996,-4.766269477543538,-1.0,1.505134770918695
2026-06-29,RPAY,0.19273746,3.58,3.0,ema,premkt,nextopen,pullback,eod,False,2026-06-29 09:45:00,4.3026,4.28,2026-06-29 09:50:00,stop,0.02259999999999973,-0.5252637939850313,-1.0,1.4900834232095082
2026-07-01,CCXIW,0.14709854,7.41,3.0,ema,premkt,nextopen,pullback,eod,False,2026-07-01 10:05:00,9.04,8.73,2026-07-01 10:23:00,stop_gap,0.24999999999999822,-3.4292035398230003,-1.2400000000000038,1.4716063887617101
2026-07-02,NEXA,0.11996651,12.04,3.0,ema,premkt,nextopen,pullback,eod,False,2026-07-02 10:50:00,13.37,13.32,2026-07-02 11:05:00,stop_gap,0.019899999999999807,-0.37397157816004833,-2.5125628140703227,1.4346313538682003
2026-07-07,CLRO,0.37,7.0,1.0,ema,premkt,nextopen,pullback,eod,False,2026-07-07 10:05:00,10.82,13.98,2026-07-07 15:55:00,eod,1.4800000000000004,29.205175600739363,2.1351351351351346,1.465262671964305
2026-07-08,SKYQ,0.15666664,3.0,3.0,ema,premkt,nextopen,pullback,eod,False,2026-07-08 10:10:00,3.875,3.5205,2026-07-08 13:32:00,stop,0.3544999999999998,-9.14838709677419,-1.0,1.450610045244662
2026-07-09,JLHL,0.21895432,3.06,1.0,ema,premkt,nextopen,pullback,eod,False,2026-07-09 09:55:00,4.63,13.02,2026-07-09 15:55:00,eod,0.5599999999999996,181.2095032397408,14.982142857142868,1.6679425145232822
2026-07-10,VOD,0.12446487,13.08,4.0,ema,premkt,nextopen,pullback,eod,False,2026-07-10 09:50:00,14.7371,14.67,2026-07-10 11:12:00,stop,0.06709999999999994,-0.4553134605858711,-1.0,1.6512630893780493
2026-07-13,AGEN,0.6179105,3.35,2.0,ema,premkt,nextopen,pullback,eod,False,2026-07-13 10:40:00,7.4,7.33,2026-07-13 10:48:00,stop,0.07000000000000028,-0.9459459459459474,-1.0,1.634750458484269
2026-07-15,TRT,0.17543864,10.26,2.0,ema,premkt,nextopen,pullback,eod,False,2026-07-15 09:55:00,12.45,11.8901,2026-07-15 10:15:00,stop,0.559899999999999,-4.497188755020076,-1.0,1.6184029538994262
2026-07-17,BIYA,0.38157892,3.04,2.0,ema,premkt,nextopen,pullback,eod,False,2026-07-17 10:05:00,4.68,4.29,2026-07-17 10:24:00,stop,0.3899999999999997,-8.333333333333325,-1.0,1.602218924360432
2026-07-20,BXBL,0.3878554,8.3,2.0,ema,premkt,nextopen,pullback,eod,False,2026-07-20 10:05:00,10.825,10.63,2026-07-20 10:12:00,stop,0.1949999999999985,-1.8013856812932882,-1.0,1.5861967351168276
2026-07-21,FWRD,0.14772725,13.2,2.0,ema,premkt,nextopen,pullback,eod,False,2026-07-21 09:45:00,15.58,16.15,2026-07-21 15:55:00,eod,0.39000000000000057,3.6585365853658347,1.4615384615384557,1.6093796104762272
2026-07-22,ADVB,0.17514122,7.08,2.0,ema,premkt,nextopen,pullback,eod,False,2026-07-22 10:00:00,9.1001,11.9399,2026-07-22 15:55:00,eod,0.6600999999999999,31.206250480763952,4.30207544311468,1.6786163354850197
2026-07-23,ADVB,0.23673463,12.25,2.0,ema,premkt,nextopen,pullback,eod,False,2026-07-23 10:15:00,18.0,15.9505,2026-07-23 11:00:00,stop,2.0495,-11.386111111111108,-1.0,1.6618301721301694
2026-07-24,CJMB,0.17446816,2.35,4.0,ema,premkt,nextopen,pullback,eod,False,2026-07-24 10:00:00,2.4,2.2800000000000002,2026-07-24 10:10:00,stop,0.11999999999999966,-4.999999999999982,-1.0,1.6452118704088676
2026-07-27,VEEE,0.17347729,12.97,2.0,ema,premkt,nextopen,pullback,eod,False,2026-07-27 10:50:00,17.4627,16.36,2026-07-27 11:28:00,stop,1.1027000000000022,-6.314601980220713,-1.0,1.628759751704779
2026-07-28,DFNS,0.56259537,13.1,2.0,ema,premkt,nextopen,pullback,eod,False,2026-07-28 10:25:00,29.9499,27.5,2026-07-28 10:32:00,stop,2.4498999999999995,-8.179993923185048,-1.0,1.6124721541877312
2026-07-29,AMIX,0.56909096,2.75,1.0,ema,premkt,nextopen,pullback,eod,False,2026-07-29 10:05:00,5.665,4.92,2026-07-29 10:16:00,stop,0.7450000000000001,-13.150926743159753,-1.0,1.5963474326458538
2026-07-30,PN,0.90018654,10.72,1.0,ema,premkt,nextopen,pullback,eod,False,2026-07-30 10:00:00,17.2,15.63,2026-07-30 10:09:00,stop,1.5699999999999985,-9.127906976744182,-1.0,1.5803839583193953
2026-08-03,FCUV,0.33706892,11.6,2.0,ema,premkt,nextopen,pullback,eod,False,2026-08-03 10:00:00,15.0211,13.74,2026-08-03 12:29:00,stop,1.2811000000000003,-8.528669671329004,-1.0,1.5645801187362014
2026-08-04,DDD,0.16961133,2.83,5.0,ema,premkt,nextopen,pullback,eod,False,2026-08-04 10:20:00,3.485,3.4250000000000003,2026-08-04 10:45:00,stop,0.05999999999999961,-1.7216642754662725,-1.0,1.5489343175488395
2026-08-05,INLF,1.4544024,3.18,1.0,ema,premkt,nextopen,pullback,eod,False,2026-08-05 10:10:00,6.1886,5.720000000000001,2026-08-05 10:21:00,stop,0.46859999999999946,-7.571987202275143,-1.0,1.5334449743733511
2026-08-07,STLN,0.30861735,4.99,5.0,ema,premkt,nextopen,pullback,eod,False,2026-08-07 09:50:00,6.465,6.395,2026-08-07 15:55:00,eod,0.1949999999999994,-1.0827532869296275,-0.35897435897436153,1.5279403001063698
2026-08-10,VREX,0.48186946,12.41,1.0,ema,premkt,nextopen,pullback,eod,False,2026-08-10 10:05:00,18.445,18.445,2026-08-10 15:55:00,eod,0.05500000000000327,0.0,0.0,1.5279403001063698
2026-08-11,WYHG,0.40384614,5.72,1.0,ema,premkt,nextopen,pullback,eod,False,2026-08-11 10:05:00,7.805,7.59,2026-08-11 10:19:00,stop,0.21499999999999986,-2.754644458680333,-1.0,1.5126608971053062
2026-08-13,FGI,0.7906977,4.73,1.0,ema,premkt,nextopen,pullback,eod,False,2026-08-13 10:30:00,10.265,11.6736,2026-08-13 15:55:00,eod,1.745000000000001,13.722357525572338,0.8072206303724923,1.5248714079343177
2026-08-17,OABI,0.23816562,3.38,3.0,ema,premkt,nextopen,pullback,eod,False,2026-08-17 10:30:00,4.0172,3.9400000000000004,2026-08-17 11:46:00,stop,0.07719999999999949,-1.9217365329084801,-1.0,1.5096226938549746
2026-08-18,SLE,1.0596025,3.02,2.0,ema,premkt,nextopen,pullback,eod,False,2026-08-18 09:55:00,5.3,5.0600000000000005,2026-08-18 10:11:00,stop,0.23999999999999932,-4.528301886792441,-1.0,1.4945264669164249
2026-08-19,TNON,1.1412845,5.45,1.0,ema,premkt,nextopen,pullback,eod,False,2026-08-19 09:50:00,11.39,10.59,2026-08-19 09:58:00,stop,0.8000000000000007,-7.023705004389824,-1.0,1.4795812022472605
2026-08-21,RFAI,2.142184,12.73,1.0,ema,premkt,nextopen,pullback,eod,False,2026-08-21 10:00:00,52.49,43.940000000000005,2026-08-21 10:37:00,stop,8.549999999999997,-16.288816917508086,-1.0,1.4647853902247878
2026-08-24,SDOT,0.632777,13.18,1.0,ema,premkt,nextopen,pullback,eod,False,2026-08-24 10:40:00,26.75,25.349999999999998,2026-08-24 11:16:00,stop,1.4000000000000021,-5.233644859813092,-1.0,1.45013753632254
2026-08-25,GRML,0.20467842,8.55,4.0,ema,premkt,nextopen,pullback,eod,False,2026-08-25 10:40:00,11.12,10.035,2026-08-25 14:14:00,stop_gap,0.9899999999999984,-9.757194244604307,-1.0959595959595967,1.434244614838601
2026-08-27,YJ,0.152174,2.76,3.0,ema,premkt,nextopen,pullback,eod,False,2026-08-27 09:45:00,3.16,3.1100000000000003,2026-08-27 10:43:00,stop,0.04999999999999982,-1.5822784810126556,-1.0,1.419902168690215
2026-08-31,WETO,0.26048958,5.72,2.0,ema,premkt,nextopen,pullback,eod,False,2026-08-31 10:40:00,13.09,10.42,2026-08-31 11:59:00,stop,2.67,-20.397249809014518,-1.0,1.4057031470033128
2026-09-01,SST,0.11607146,2.24,4.0,ema,premkt,nextopen,pullback,eod,False,2026-09-01 10:05:00,2.4,2.74,2026-09-01 15:55:00,eod,0.1299999999999999,14.166666666666682,2.61538461538462,1.442467690848015
