date,symbol,rank,gap,raw_gap,prev_close,open,high,low,close,volume,prev_dollar_vol
2021-01-05,ATOM,1.0,0.2188679,0.2188679,15.9,19.38,24.69,18.11,21.82,7.847558e+06,1.0501854e+07
2021-01-06,TATT,1.0,0.4901961,0.4901961,5.1,7.6,8.34,6.25,6.59,2.9423864e+07,5.5567765e+06
2021-01-06,TLRY,2.0,0.15878022,0.15878022,9.51,11.02,12.04,10.52,10.77,6.377073e+07,1.6788638e+08
2021-01-06,ACB,3.0,0.14329898,0.14329898,9.7,11.09,11.3,10.12,10.27,7.412069e+07,2.3298341e+08
2021-01-06,CRON,4.0,0.12898934,0.12898934,7.52,8.49,9.07,8.11,8.65,1.683386e+07,3.5273064e+07
2021-01-06,NCTY,5.0,0.12850463,0.12850463,8.56,9.66,15.86,9.56,14.89,4.921884e+07,2.2883678e+08
2021-01-07,NCTY,1.0,0.45668232,0.45668232,14.89,21.69,27.82,16.1,17.1,3.4677016e+07,7.3286854e+08
2021-01-07,CBAT,2.0,0.37031257,0.37031257,6.4,8.77,8.8,7.31,7.72,3.980639e+07,3.1811248e+08
2021-01-07,XNET,3.0,0.27133536,0.27133536,3.37,4.2844,5.82,3.95,4.99,5.608693e+07,3.581587e+07
2021-01-07,DDD,4.0,0.2055161,0.2055161,11.24,13.55,25.33,12.36,22.96,1.9380443e+08,3.7319216e+07
2021-01-07,MARA,5.0,0.18985856,0.18985856,16.96,20.18,24.35,18.55,22.36,1.1953348e+08,1.4166982e+09
2021-01-08,LGHL,1.0,1.1652174,1.1652174,2.3,4.98,5.39,3.11,3.66,2.3716616e+07,1.1336815e+06
2021-01-08,FTFT,2.0,0.6452174,0.6452174,5.75,9.46,11.29,6.14,7.62,1.4433067e+08,1.699454e+09
2021-01-08,GRNQ,3.0,0.35585582,0.35585582,2.22,3.01,3.73,2.4,2.67,3.0485512e+07,2.0419576e+07
2021-01-08,SCOR,4.0,0.2570423,0.2570423,2.84,3.57,3.6,2.92,3.29,3.522797e+06,4.105004e+06
2021-01-08,JAGX,5.0,0.21641803,0.21641791,2.68,3.26,4.47,3.2,4.0,2.886469e+08,3.104894e+08
2021-01-11,GOVX,1.0,1.148485,1.148485,3.3,7.09,7.4,5.13,5.36,5.091293e+07,1.9844286e+06
2021-01-11,PWCM,2.0,0.56338024,0.5633801,2.13,3.33,3.7,2.27,2.45,2.2299402e+08,4.7038077e+08
2021-01-11,MESO,3.0,0.4907621,0.4907621,8.66,12.91,13.7,11.35,11.4,1.5360405e+07,2.632969e+06
2021-01-11,BNGO,4.0,0.26709402,0.26709402,4.68,5.93,6.08,5.23,5.67,1.4576394e+08,6.4352666e+08
2021-01-11,DOGZ,5.0,0.111607194,0.111607194,2.24,2.49,2.55,2.13,2.32,934697.0,1.3998812e+06
2021-01-12,IRIX,1.0,0.37328672,0.37328672,2.86,3.9276,4.93,3.53,4.13,1.0748096e+07,1.4081152e+06
2021-01-12,CAPR,2.0,0.17312074,0.17312074,4.39,5.15,5.96,4.69,4.91,9.041036e+06,4.0305688e+06
2021-01-12,PAVS,3.0,0.16981137,0.16981137,2.12,2.48,2.57,2.15,2.37,6.863621e+06,6.1126656e+07
2021-01-12,UAVS,4.0,0.1636107,0.1636107,7.09,8.25,8.27,7.36,7.79,4.609998e+06,2.7841382e+07
2021-01-12,APXTW,5.0,0.1618799,0.1618799,3.83,4.45,4.7617,4.13,4.51,1.003307e+06,3.0689445e+06
2021-01-13,BGM,1.0,0.42003298,0.41999996,10.0,14.2,17.45,11.2,12.02,1.0775157e+07,8.381713e+07
2021-01-13,SMC,2.0,0.4052478,0.4052478,13.72,19.28,19.29,15.26,17.58,801808.0,5.0635995e+06
2021-01-13,GLNG,3.0,0.23287678,0.23284316,12.24,15.09,15.1246,12.6,12.64,1.0631592e+07,3.7270788e+07
2021-01-13,MTRX,4.0,0.222404,0.222404,12.23,14.95,15.5,14.1475,15.36,1.336165e+06,5.1466895e+06
2021-01-13,STIM,5.0,0.21079695,0.21079695,11.67,14.13,14.71,12.88,14.27,890354.0,2.1647618e+06
2021-01-14,IBRX,1.0,0.35318005,0.35318005,14.78,20.0,20.05,17.4,17.79,6.430725e+06,3.070842e+07
2021-01-14,CNET,2.0,0.35267854,0.35267854,2.24,3.03,3.29,2.5,2.62,2.2983292e+07,9.662917e+06
2021-01-14,ORGO,3.0,0.32697546,0.32697546,7.34,9.74,10.5099,9.06,9.49,5.211611e+06,6.248946e+06
2021-01-14,MNTS,4.0,0.29349732,0.29349732,17.07,22.08,22.74,20.01,21.59,4.37959e+06,2.6555782e+07
2021-01-14,ASTS,5.0,0.18373036,0.18373036,13.35,15.8028,15.88,14.15,14.46,5.273297e+06,2.3192902e+07
2021-01-15,DBVT,1.0,0.42272723,0.42275405,3.74,5.3211,5.9,4.98,5.66,1.7396066e+07,2.3584778e+06
2021-01-15,AMTX,2.0,0.19999993,0.19999993,3.5,4.2,4.41,3.56,3.62,8.393932e+06,5.3579995e+06
2021-01-15,BB,3.0,0.17233813,0.17233813,9.11,10.68,11.56,9.4,9.84,1.538687e+08,5.9778906e+08
2021-01-15,TLRY,4.0,0.16271555,0.16271555,18.56,21.58,22.61,18.57,19.7,9.922717e+07,1.5357014e+09
2021-01-15,NCNA,5.0,0.14615381,0.14615381,6.5,7.45,7.77,6.5,7.0,2.412975e+06,1.215641e+07
2021-01-19,ACRS,1.0,1.3894558,1.3894558,5.88,14.05,19.95,13.29,18.83,1.1465982e+08,1.7938999e+06
2021-01-19,GEVO,2.0,0.38437498,0.38437498,6.4,8.86,11.68,8.5,11.03,1.5079574e+08,1.2379492e+08
2021-01-19,NERV,3.0,0.3468635,0.3468635,2.71,3.65,3.75,3.26,3.45,1.1419166e+07,1.3777884e+06
2021-01-19,DBVT,4.0,0.3021201,0.3021202,5.66,7.37,7.38,6.12,6.57,4.8528e+06,9.846173e+07
2021-01-19,CRNT,5.0,0.28041244,0.28041244,4.85,6.21,6.9,5.8,6.46,4.4595344e+07,1.8264784e+08
2021-01-20,DARE,1.0,0.45762706,0.45762718,2.36,3.44,3.85,2.82,3.0,4.3137588e+07,1.0395163e+08
2021-01-20,NIKI,2.0,0.4433962,0.4433962,3.18,4.59,4.94,3.5,4.02,1.9459664e+07,1.3280698e+06
2021-01-20,LCTX,3.0,0.22177422,0.22177422,2.48,3.03,3.03,2.63,3.0,7.635854e+06,8.795414e+06
2021-01-20,UAVS,4.0,0.16856682,0.16856682,12.28,14.35,15.1,12.69,14.95,1.9021712e+07,1.7880648e+08
2021-01-20,SENS,5.0,0.16842103,0.16842103,2.85,3.33,3.9,2.59,2.66,2.1243389e+08,1.1686063e+09
2021-01-21,IPWR,1.0,0.37650943,0.37650943,9.11,12.54,17.0,12.06,13.17,9.477541e+06,1.881133e+06
2021-01-21,JAGX,2.0,0.16095889,0.16095889,2.92,3.39,3.41,3.06,3.11,3.2982622e+07,7.961759e+07
2021-01-21,ECOR,3.0,0.15322578,0.15322578,2.48,2.86,2.87,2.15,2.57,1.8273364e+07,2.1774388e+07
2021-01-21,DTIL,4.0,0.12636614,0.12636602,14.64,16.49,16.6,13.43,13.58,3.969967e+06,2.5935376e+07
2021-01-21,CRDF,5.0,0.12387788,0.12387788,11.14,12.52,12.52,11.0,11.37,6.342978e+06,7.976915e+07
2021-01-22,EVGO,1.0,0.55547225,0.55547225,13.34,20.75,24.0,20.0,22.0,4.97799e+07,4.4293605e+06
2021-01-22,HIND,2.0,0.2489872,0.2489872,5.0601,6.32,7.57,5.84,6.02,6.8570984e+07,1.3161127e+08
2021-01-22,SCYX,3.0,0.21203828,0.21203828,7.31,8.86,9.15,7.62,8.11,8.475626e+06,3.045536e+06
2021-01-22,LAB,4.0,0.14772737,0.14772737,6.16,7.07,7.5,6.7,6.85,1.0199549e+07,3.4084104e+07
2021-01-25,AMTX,1.0,0.6181817,0.6181817,4.4,7.12,11.0,6.86,8.8,6.3940936e+07,4.3841504e+07
2021-01-25,BB,2.0,0.3924501,0.3924501,14.04,19.55,20.83,15.74,18.03,3.6439155e+08,1.6810483e+09
2021-01-25,RCON,3.0,0.3881278,0.3881278,2.19,3.04,3.6,2.35,2.56,1.6923456e+07,7.5979095e+06
2021-01-25,AUPH,4.0,0.37954247,0.37954247,14.86,20.5,20.5,17.82,18.73,3.6427856e+07,1.2110306e+08
2021-01-25,AMC,5.0,0.3414024,0.34188032,3.51,4.71,4.88,3.85,4.42,4.435409e+08,9.379571e+08
2021-01-26,KOSS,1.0,0.94833326,0.94833326,6.0,11.69,13.9,8.72,10.0,3.483291e+07,5.1598188e+07
2021-01-26,EDSA,2.0,0.61301994,0.6130198,5.53,8.92,9.0999,7.0,7.48,1.6521856e+07,1.3007224e+06
2021-01-26,VANI,3.0,0.23923445,0.23923445,2.09,2.59,2.91,2.32,2.48,2.0652946e+07,6.223564e+06
2021-01-26,MYO,4.0,0.2343173,0.2343173,10.84,13.38,13.89,11.33,12.37,922469.0,1.3783602e+06
2021-01-26,PRTS,5.0,0.19456685,0.19456685,13.62,16.27,20.86,15.37,20.18,3.4925164e+07,9.862763e+07
2021-01-27,AMC,1.0,3.1004133,3.1008062,4.96,20.34,20.36,11.01,19.9,1.2546332e+09,2.2682598e+09
2021-01-27,KOSS,2.0,0.7520001,0.7520001,10.0,17.52,69.79,14.19,58.0,2.5302064e+07,3.4832912e+08
2021-01-27,CANG,3.0,0.41087627,0.41058826,8.5,11.99,12.44,10.3,12.08,3.930865e+06,3.189591e+06
2021-01-27,KODK,4.0,0.3488865,0.3488865,9.43,12.72,13.99,10.71,12.08,4.8005344e+07,7.136919e+07
2021-01-27,OXBR,5.0,0.29933107,0.29933107,3.14,4.0799,5.41,3.33,4.12,3.0988784e+07,2.8059005e+08
2021-01-28,JAN,1.0,1.3428206,1.3424368,9.52,22.3,31.83,11.8,12.99,8.223409e+06,2.9773678e+07
2021-01-28,AIFC,2.0,1.3424368,1.3424368,9.52,22.3,31.83,11.8,12.99,8.223409e+06,2.9773678e+07
2021-01-28,MPU,3.0,0.85025644,0.85025656,9.75,18.04,21.5999,10.08,12.75,3.292593e+06,1.4939935e+07
2021-01-28,XWEL,4.0,0.39330542,0.3933053,2.39,3.33,3.33,1.96,2.28,6.543741e+07,1.19032216e+08
2021-01-28,AG,5.0,0.33698034,0.33693302,13.89,18.57,19.29,15.39,16.86,5.402483e+07,1.3311925e+08
2021-01-29,AMC,1.0,0.658404,0.65816915,8.63,14.31,16.0,11.6,13.26,5.979279e+08,5.1056896e+09
2021-01-29,FFAI,2.0,0.316267,0.3162669,15.43,20.31,20.65,17.07,18.45,1.4826516e+07,2.4986944e+08
2021-01-29,CD,3.0,0.2743436,0.27462006,3.29,4.1935,4.5,3.62,3.89,3.015952e+06,2.656744e+06
2021-01-29,TRVG,4.0,0.24209261,0.24193549,2.48,3.08,3.15,2.46,2.52,8.815963e+06,3.058537e+07
2021-01-29,RIOT,5.0,0.22930253,0.22930253,19.93,24.5,24.7351,19.66,20.52,2.6947348e+07,5.3847904e+08
2021-02-01,PHUN,1.0,0.47115386,0.47115386,2.08,3.06,3.17,2.43,2.69,7.88565e+07,1.3905032e+08
2021-02-01,MVST,2.0,0.42975736,0.42975736,15.66,22.39,25.2,19.81,24.5,2.9367798e+07,2.8304746e+07
2021-02-01,CDE,3.0,0.3816371,0.38121545,9.05,12.5,12.6,10.5,11.14,1.9676196e+07,6.897412e+07
2021-02-01,IMTE,4.0,0.33855188,0.33855188,5.11,6.84,8.9,5.61,5.96,1.6498845e+07,5.4269735e+06
2021-02-01,AG,5.0,0.3165549,0.31622517,18.12,23.85,24.01,20.85,22.12,6.0364736e+07,5.581679e+08
2021-02-02,MBRX,1.0,0.5765958,0.5765958,4.7,7.41,8.78,6.03,6.39,5.427442e+07,5.4987365e+06
2021-02-02,AREC,2.0,0.35436904,0.3545817,2.51,3.4,4.29,3.11,3.37,9.312349e+07,5.478981e+06
2021-02-02,PRTA,3.0,0.30999994,0.30999994,11.0,14.41,14.98,13.0,14.35,2.563316e+06,7.915589e+06
2021-02-02,TLSA,4.0,0.30366492,0.30366492,3.82,4.98,4.99,4.21,4.54,4.575517e+06,2.9724832e+06
2021-02-02,GSM,5.0,0.24634969,0.24637687,2.76,3.44,4.49,3.0,3.33,3.1068352e+07,8.515789e+07
2021-02-03,SGLY,1.0,1.1729958,1.172996,4.74,10.3,11.3,7.11,7.44,2.0074572e+07,4.480812e+06
2021-02-03,SLS,2.0,0.43643022,0.43643022,8.18,11.75,13.15,8.6,9.4,4.075686e+07,1.4112362e+08
2021-02-03,KOSS,3.0,0.33749998,0.33749998,20.0,26.75,30.0,23.81,25.59,7.301418e+06,1.3444445e+08
2021-02-03,CPSH,4.0,0.28242064,0.28242064,6.94,8.9,17.5,8.3,16.54,4.619645e+07,1.068041e+07
2021-02-03,SOGP,5.0,0.26199913,0.26205432,5.16,6.5122,10.35,6.23,8.5,6.942638e+07,2.3428272e+08
2021-02-04,AVXL,1.0,0.9210019,0.9210019,10.38,19.94,28.7,13.8001,14.89,1.1701743e+08,1.8860821e+08
2021-02-04,ATOS,2.0,0.36728394,0.36728394,3.24,4.43,4.9,4.0306,4.33,1.2756884e+08,1.8403251e+08
2021-02-04,SOGP,3.0,0.28365195,0.2835294,8.5,10.91,16.01,10.5,14.49,7.544659e+07,5.901243e+08
2021-02-04,ANVS,4.0,0.25206387,0.25206387,18.17,22.75,35.0,18.83,19.56,3.458283e+06,1.2663781e+07
2021-02-04,GNPX,5.0,0.21314383,0.21314383,5.63,6.83,6.86,5.72,6.19,5.321006e+06,2.1731626e+07
2021-02-05,JG,1.0,1.7562814,1.7562814,3.98,10.97,11.0,4.89,4.98,7.666787e+07,2.6708825e+06
2021-02-05,KRKR,2.0,0.46888888,0.46888888,4.5,6.61,8.5,4.27,4.57,9.540247e+06,3.729141e+06
2021-02-05,AREC,3.0,0.41037333,0.4102564,4.68,6.6,7.25,5.63,6.0,5.752152e+07,6.956858e+07
2021-02-05,BTCT,4.0,0.38321173,0.3832116,2.74,3.79,4.2699,2.94,3.05,5.6429616e+07,9.681385e+07
2021-02-05,MYND,5.0,0.34857774,0.34811103,2.7,3.6399,4.07,3.01,3.18,2.650023e+06,1.9379844e+06
2021-02-08,OCGN,1.0,0.767619,0.767619,5.25,9.28,18.77,9.13,15.81,7.218314e+08,1.7633786e+09
2021-02-08,WPRT,2.0,0.43930638,0.43930638,8.65,12.45,12.95,11.36,12.16,2.3222396e+07,1.0013449e+08
2021-02-08,CLNE,3.0,0.2995373,0.2995373,12.97,16.855,18.42,16.0,17.87,3.2407714e+07,8.7635144e+07
2021-02-08,PPBT,4.0,0.25703776,0.25703776,4.76,5.9835,7.19,5.6,6.99,1.064345e+07,2.869372e+07
2021-02-08,PHUN,5.0,0.21818185,0.21818185,2.2,2.68,2.92,2.52,2.77,2.0391492e+07,1.1972783e+07
2021-02-09,CHCI,1.0,2.1848342,2.1848342,4.22,13.44,15.72,7.83,8.38,3.3989324e+07,1.620869e+07
2021-02-09,OTLK,2.0,0.19637465,0.19637465,3.31,3.96,4.26,2.6,3.1,3.902492e+07,1.28235e+08
2021-02-09,DSX,3.0,0.17657351,0.17692316,2.6,3.06,3.09,2.8289,3.0,3.626669e+06,1.7415138e+06
2021-02-09,RMCF,4.0,0.16271186,0.16271186,5.9,6.86,7.8,6.05,6.78,792730.0,2.3101982e+06
2021-02-09,PRSO,5.0,0.13742697,0.13742685,3.42,3.89,5.08,3.63,4.36,2.175011e+06,1.5333399e+06
2021-02-10,OLB,1.0,0.7127516,0.71275175,7.45,12.76,16.4,9.25,10.1,2.0136564e+07,3.168619e+06
2021-02-10,WGS,2.0,0.48195887,0.48195875,15.52,23.0,25.74,18.98,22.1,2.5821594e+07,1.5051033e+07
2021-02-10,GSAT,3.0,0.4477613,0.4477613,2.01,2.91,2.98,2.26,2.4,3.0998026e+08,5.9184006e+08
2021-02-10,ACHR,4.0,0.3727759,0.3727759,11.24,15.43,15.75,13.4,13.68,2.973826e+07,4.800379e+06
2021-02-10,OGI,5.0,0.35788274,0.35788274,4.345,5.9,6.31,4.74,6.0,1.450662e+08,5.562257e+08
2021-02-11,RCMT,1.0,1.681572,1.681572,3.69,9.895,12.49,5.77,6.1,6.375837e+07,1.7287684e+07
2021-02-11,ACIU,2.0,0.5896033,0.5896033,7.31,11.62,12.5,7.96,8.43,2.8263704e+07,1.3708004e+06
2021-02-11,MVIS,3.0,0.4057144,0.40571427,14.0,19.68,21.75,17.0,18.31,4.3920016e+07,2.4547365e+08
2021-02-11,SNDL,4.0,0.34237278,0.3423729,2.95,3.96,3.96,1.0,2.38,2.9798157e+09,7.809981e+09
2021-02-11,GRNQ,5.0,0.19898784,0.19898784,2.47,2.9615,3.25,2.6,2.82,1.1596792e+07,8.806052e+06
2021-02-12,ASYS,1.0,0.18644059,0.18644059,8.85,10.5,11.0,9.55,10.8,1.206095e+06,2.0947598e+06
2021-02-12,INO,2.0,0.18615377,0.18615389,13.0,15.42,16.08,14.18,14.22,4.6669492e+07,1.2117552e+08
2021-02-12,ALAR,3.0,0.18222225,0.18222225,2.25,2.66,2.98,2.26,2.32,1.197547e+07,7.8420105e+06
2021-02-12,AHG,4.0,0.17985606,0.17985606,2.78,3.28,3.3,2.72,2.85,1.342851e+06,5.5548405e+06
2021-02-12,AMBO,5.0,0.15894032,0.15894043,3.02,3.5,3.79,3.06,3.23,3.90296e+06,1.6816779e+06
2021-02-16,SCKT,1.0,2.1450615,2.1450615,3.24,10.19,35.0,9.17,20.68,2.2743198e+08,2.870128e+06
2021-02-16,FWDI,2.0,0.36833334,0.36821437,4.2,5.7465,5.7465,4.59,4.88,2.860183e+06,1.3611985e+07
2021-02-16,SOS,3.0,0.3024193,0.3024193,7.44,9.69,13.69,9.61,11.84,1.8145869e+08,1.0901286e+09
2021-02-16,MYO,4.0,0.22770917,0.22770917,14.58,17.9,18.88,14.78,18.14,1.250545e+06,4.493177e+06
2021-02-16,SGLY,5.0,0.22476375,0.22476006,7.71,9.4429,9.5,8.0,8.63,9.334191e+06,4.258118e+07
2021-02-17,LODE,1.0,3.3688889,3.3688889,2.25,9.83,9.85,5.3,5.79,2.0540773e+08,4.766092e+06
2021-02-17,PETZ,2.0,1.8019168,1.8019171,3.13,8.77,14.52,4.41,4.88,3.110544e+07,7.577311e+06
2021-02-17,CLPS,3.0,1.7176383,1.7183673,4.9,13.32,19.78,10.5,10.84,1.2764536e+08,3.2899825e+06
2021-02-17,DOGZ,4.0,0.6681615,0.6681614,2.23,3.72,4.85,2.75,2.88,1.0449954e+08,1.0868715e+07
2021-02-17,ONCY,5.0,0.5481727,0.5481727,3.01,4.66,4.7,3.45,3.56,2.0707016e+07,4.5880525e+06
2021-02-18,QUIK,1.0,0.3723849,0.3723849,7.17,9.84,12.49,7.58,7.92,1.2462498e+07,2.3079585e+06
2021-02-18,BKSY,2.0,0.26210046,0.26210046,10.95,13.82,14.75,13.33,13.97,2.222725e+07,1.5144945e+06
2021-02-18,BTTC,3.0,0.18309855,0.18309855,3.55,4.2,4.61,3.93,4.06,1.5162707e+07,4.5261895e+06
2021-02-18,RIGL,4.0,0.17439294,0.17439294,4.53,5.32,5.5,4.76,4.76,2.3355752e+07,9.099497e+06
2021-02-18,INBS,5.0,0.15320337,0.15320337,7.18,8.28,9.63,7.4,7.55,4.447748e+06,1.5716194e+07
2021-02-19,WATT,1.0,0.57795703,0.5779569,3.72,5.87,7.69,4.83,7.23,1.7838672e+08,9.846096e+06
2021-02-19,EOLS,2.0,0.4818436,0.4818436,7.16,10.61,14.81,9.55,12.29,3.394992e+07,3.7234362e+06
2021-02-19,JFU,3.0,0.27376425,0.27376413,2.63,3.35,3.5,2.61,2.75,4.1657756e+07,2.2986472e+08
2021-02-19,MTC,4.0,0.25575447,0.25575435,3.91,4.91,5.52,4.33,4.52,1.4693972e+07,1.5939518e+07
2021-02-19,TAOP,5.0,0.25173616,0.25173604,5.76,7.21,9.6899,6.2081,7.04,1.5162361e+07,1.7897645e+06
2021-02-22,ENVX,1.0,0.2698413,0.2698413,15.75,20.0,28.5,19.0,20.8,2.0390992e+07,1.182006e+06
2021-02-22,CTXR,2.0,0.20873785,0.20873785,2.06,2.49,2.9,2.14,2.25,1.4740666e+08,3.1764218e+08
2021-02-22,VIOT,3.0,0.18447924,0.1845088,15.88,18.81,18.99,13.91,14.3,9.231569e+06,4.4333098e+08
2021-02-22,VUZI,4.0,0.15002823,0.15002823,17.73,20.39,24.44,19.56,20.48,2.4646936e+07,8.468278e+07
2021-02-22,BODI,5.0,0.13879001,0.13879001,14.05,16.0,18.2,15.16,15.54,1.6096493e+07,2.7087082e+08
2021-02-23,YHGJ,1.0,0.74261594,0.7426162,2.37,4.13,5.0,2.88,2.94,1.8194915e+08,2.791954e+07
2021-02-23,RETO,2.0,0.11965811,0.11965811,2.34,2.62,2.8,2.12,2.55,3.2276394e+07,3.1322886e+08
2021-02-24,SYPR,1.0,1.5864661,1.5864661,2.66,6.88,7.89,4.72,5.06,1.9386306e+08,3.2713638e+06
2021-02-24,ARLO,2.0,0.2447604,0.2447604,6.68,8.315,8.65,7.2608,7.52,6.337591e+06,2.3351636e+07
2021-02-24,RCMT,3.0,0.16049373,0.16049373,4.05,4.7,5.39,4.235,4.27,3.715442e+06,1.3625885e+07
2021-02-24,IONQ,4.0,0.15733111,0.15733111,12.14,14.05,15.39,13.61,14.44,7.406573e+06,4.6101775e+06
2021-02-24,AIM,5.0,0.15060353,0.15044248,2.26,2.6,2.7,2.33,2.35,7.190816e+06,5.9256385e+06
2021-02-25,KOSS,1.0,0.7684381,0.7684381,18.44,32.61,35.05,18.93,21.53,3.852441e+07,2.4662851e+08
2021-02-25,AIFC,2.0,0.41636586,0.41636586,8.31,11.77,12.97,8.59,9.68,6.034455e+06,1.1193728e+07
2021-02-25,JAN,3.0,0.4162308,0.41636586,8.31,11.77,12.97,8.59,9.68,6.034455e+06,1.1193728e+07
2021-02-25,SCKT,4.0,0.38613856,0.38613856,10.1,14.0,18.62,11.55,11.74,2.4497218e+07,2.0408636e+07
2021-02-25,AMC,5.0,0.19825912,0.19801986,9.09,10.89,11.0,7.85,8.29,4.4588074e+08,3.4295642e+09
2021-02-26,BTCT,1.0,0.21917808,0.21917808,2.19,2.67,2.78,2.3,2.38,1.7917706e+07,2.6849928e+06
2021-02-26,RKT,2.0,0.1725663,0.17236185,19.9,23.33,23.56,21.58,21.85,5.078373e+07,3.0587354e+08
2021-02-26,SRTS,3.0,0.1649214,0.1649214,3.82,4.45,6.09,4.26,4.57,2.554622e+07,1.0030174e+06
2021-03-01,ECOR,1.0,0.3225807,0.32258058,2.17,2.87,3.63,2.6,2.64,1.4053392e+08,4.9548545e+06
2021-03-01,RKLB,2.0,0.31219506,0.31219506,10.25,13.45,15.1499,12.71,13.95,4.071071e+07,1.544798e+06
2021-03-01,SOS,3.0,0.27044022,0.27044022,4.77,6.06,7.32,5.88,6.69,1.9430197e+08,6.486959e+08
2021-03-01,SCKT,4.0,0.26546144,0.26546144,10.51,13.3,13.36,11.25,11.46,2.523013e+06,1.5941589e+07
2021-03-01,SOGP,5.0,0.22948968,0.22952843,8.06,9.91,10.39,9.1545,9.91,1.479322e+06,1.4030115e+07
2021-03-02,KOPN,1.0,0.2097826,0.2097826,9.2,11.13,11.86,9.56,9.91,1.5273791e+07,6.2118932e+07
2021-03-02,SOS,2.0,0.18684602,0.18684602,6.69,7.94,8.5,6.5,6.8,1.29122616e+08,1.2998802e+09
2021-03-02,FBIO,3.0,0.14948452,0.14948452,3.88,4.46,5.08,4.17,4.89,9.117852e+06,1.9150206e+06
2021-03-02,KXIN,4.0,0.14857137,0.14857137,3.5,4.02,4.16,3.65,3.83,1.3667917e+07,4.2287385e+06
2021-03-02,AVTX,5.0,0.10991955,0.10991955,3.73,4.14,4.15,3.62,3.66,2.07675e+06,2.0732459e+06
2021-03-03,ZVRA,1.0,0.6723224,0.6723224,9.43,15.77,18.15,12.6,13.47,5.9563576e+07,8.322743e+07
2021-03-03,OVID,2.0,0.5844594,0.5844594,2.96,4.69,4.75,3.83,4.04,1.2445145e+08,2.64965e+06
2021-03-03,SLE,3.0,0.47630918,0.47630918,4.01,5.92,6.3978,4.8,5.21,7.909806e+07,5.683252e+07
2021-03-03,UWMC,4.0,0.33305144,0.33296824,9.13,12.17,12.45,9.32,9.62,9.482058e+07,3.6942653e+08
2021-03-03,OCGN,5.0,0.2541666,0.2541666,9.6,12.04,14.05,10.4,10.46,1.81821e+08,1.7030688e+08
2021-03-04,AIFA,1.0,0.2240001,0.22371995,2.5,3.0593,3.55,2.66,3.27,9.581317e+07,4.9451244e+07
2021-03-04,SLE,2.0,0.1823417,0.18234158,5.21,6.16,9.1,5.96,8.82,2.6472784e+08,4.1210093e+08
2021-03-04,SKT,3.0,0.16090333,0.16121757,17.74,20.6,22.4,16.57,17.15,6.753814e+07,3.1651763e+08
2021-03-05,AEI,1.0,0.3849765,0.38497663,10.65,14.75,16.44,10.03,10.26,5.677883e+06,2.934405e+06
2021-03-05,SIFY,2.0,0.29629624,0.29629624,2.7,3.5,5.25,3.1,3.94,3.1183928e+07,3.7158318e+06
2021-03-05,CLPS,3.0,0.25627232,0.25603867,4.14,5.2,5.46,4.15,4.27,1.847908e+07,7.518045e+06
2021-03-05,BTCT,4.0,0.20192313,0.20192313,2.08,2.5,2.74,2.14,2.39,2.7062332e+07,2.8477738e+06
2021-03-05,LFMD,5.0,0.16712713,0.16712713,14.48,16.9,16.9,13.2501,15.96,1.231272e+06,2.2055182e+07
2021-03-08,CMMB,1.0,0.5793414,0.5793414,3.34,5.275,6.94,4.11,4.67,4.9390116e+07,1.741513e+07
2021-03-08,VANI,2.0,0.5543859,0.5543859,5.7,8.86,14.83,8.75,11.77,3.2125603e+08,4.2038973e+09
2021-03-08,IMVT,3.0,0.44047368,0.44047368,13.51,19.4608,19.4608,14.78,15.39,1.3610347e+07,2.4023806e+07
2021-03-08,MBI,4.0,0.115820885,0.11588538,7.68,8.57,10.14,8.22,10.0,8.792538e+06,4.85889e+06
2021-03-08,CUE,5.0,0.11494255,0.11494255,13.05,14.55,14.6499,13.06,13.27,1.127492e+06,7.549151e+06
2021-03-09,VANI,1.0,0.5921835,0.5921835,11.77,18.74,20.0,13.33,15.48,1.07597224e+08,3.7811837e+09
2021-03-09,GTBP,2.0,0.3017621,0.3017621,4.54,5.91,6.17,5.16,5.85,4.518737e+06,1.0663189e+06
2021-03-09,ASYS,3.0,0.14613819,0.14613819,8.83,10.1204,10.74,9.49,10.69,338772.0,1.2198115e+06
2021-03-09,YDKG,4.0,0.1449275,0.14492762,2.76,3.16,3.53,3.02,3.53,3.256642e+06,2.4833375e+06
2021-03-09,SCKT,5.0,0.1428572,0.1428572,7.63,8.72,11.75,8.36,9.27,4.399273e+06,2.506104e+06
2021-03-10,MNOV,1.0,0.73415506,0.73415506,5.68,9.85,10.81,7.8,8.74,2.78744e+07,2.191194e+07
2021-03-10,ENVB,2.0,0.7064847,0.70648456,2.93,5.0,7.0,4.5,4.54,2.6498774e+08,1.5729559e+06
2021-03-10,KOSS,3.0,0.40949726,0.40949726,17.9,25.23,40.48,23.2,30.28,6.0384416e+07,1.0270372e+08
2021-03-10,HIND,4.0,0.35310733,0.35310733,3.54,4.79,4.8,3.57,3.73,6.167004e+06,2.147508e+07
2021-03-10,NAGE,5.0,0.24432814,0.24432814,11.46,14.26,14.75,10.66,10.75,4.302352e+06,1.7374666e+07
2021-03-11,XMAX,1.0,1.8875,1.8874998,2.4,6.93,7.49,4.2,4.49,3.7848748e+07,7.299497e+06
2021-03-11,SIEB,2.0,0.45813942,0.45813942,4.3,6.27,6.99,5.3,5.87,1.4578456e+07,1.2292346e+07
2021-03-11,LGVN,3.0,0.4506259,0.4506259,7.19,10.43,12.48,8.0,8.45,1.7025366e+07,5.3752225e+06
2021-03-11,OGI,4.0,0.37716258,0.37716258,2.89,3.98,4.04,3.56,4.035,9.996008e+07,4.2957016e+07
2021-03-11,SLE,5.0,0.2162162,0.2162162,5.55,6.75,8.4,6.18,6.87,3.8946776e+07,3.2094048e+07
2021-03-12,ENTX,1.0,0.5420792,0.5420792,4.04,6.23,10.16,5.59,6.9,1.2577344e+08,1.4599489e+09
2021-03-12,ANIX,2.0,0.30503893,0.30503893,5.14,6.7079,6.85,5.42,5.84,8.340274e+06,1.1885632e+06
2021-03-12,GRABW,3.0,0.11650479,0.11650479,5.15,5.75,5.75,5.0,5.08,191066.0,2.1624388e+06
2021-03-12,BTCT,4.0,0.113360286,0.113360286,2.47,2.75,2.94,2.585,2.69,3.574159e+07,4.8700325e+06
2021-03-12,FRSX,5.0,0.10041261,0.10041261,7.27,8.0,8.6,7.47,7.75,1.6057764e+07,2.689226e+07
2021-03-15,ZKIN,1.0,0.1627543,0.1627543,6.39,7.43,8.75,6.81,8.75,1.1882759e+07,5.9970725e+06
2021-03-15,TOON,2.0,0.1327014,0.13270152,2.11,2.39,2.44,2.24,2.31,3.9592376e+07,5.036128e+07
2021-03-15,AREC,3.0,0.12657928,0.12672806,4.34,4.89,4.89,4.4,4.59,4.352602e+06,7.250348e+06
2021-03-15,CBAT,4.0,0.11213243,0.11213243,5.44,6.05,6.29,5.72,5.97,7.624583e+06,1.2678089e+07
2021-03-15,SLE,5.0,0.110429406,0.110429406,6.52,7.24,7.24,5.92,6.1,6.812348e+06,4.3532468e+07
2021-03-16,ZDGE,1.0,0.3178928,0.31765747,11.27,14.85,14.85,12.44,12.48,1.608492e+06,8.587831e+06
2021-03-16,SYPR,2.0,0.22666669,0.22666669,3.75,4.6,5.04,4.11,4.26,4.930339e+06,1.2201375e+06
2021-03-16,ERNA,3.0,0.1591512,0.1591512,3.77,4.37,5.14,3.82,4.15,6.9031e+06,9.705808e+06
2021-03-16,CMMB,4.0,0.1409396,0.1409396,4.47,5.1,8.2,4.6,4.71,2.4742748e+07,1.6340116e+07
2021-03-16,ZVRA,5.0,0.13411558,0.13411558,11.93,13.53,13.8,10.42,11.03,1.4097116e+07,2.394148e+08
2021-03-17,QNTM,1.0,0.38164246,0.38164246,2.07,2.86,3.09,2.27,2.39,6.2404936e+07,3.0566468e+06
2021-03-17,IMTX,2.0,0.3327601,0.3327601,11.63,15.5,18.42,14.03,14.6,3.9272532e+07,1.636248e+06
2021-03-17,AREC,3.0,0.21835518,0.21830976,4.26,5.19,5.68,4.5,4.58,7.552219e+07,6.9663615e+06
2021-03-18,SGLY,1.0,0.30455065,0.3045509,8.57,11.18,11.46,8.32,8.54,4.3782132e+07,1.03662536e+08
2021-03-18,OCG,2.0,0.29528332,0.29528296,10.6,13.73,17.0,9.46,10.16,9.2074104e+07,1.06668e+09
2021-03-18,PCTTW,3.0,0.27923977,0.27923977,13.68,17.5,19.5,15.8519,17.0,130010.0,6.468041e+06
2021-03-18,AYTU,4.0,0.12244892,0.12244892,9.8,11.0,11.7643,9.76,9.88,3.191804e+06,9.184443e+06
2021-03-18,UONE,5.0,0.11831939,0.11835301,5.95,6.6542,7.3,5.94,6.01,7.426035e+06,2.2282155e+06
2021-03-19,AAME,1.0,0.20945787,0.20925105,4.54,5.49,6.74,5.12,5.7,1.9853888e+07,5.7948605e+06
2021-03-19,ZKIN,2.0,0.19612312,0.196123,8.77,10.49,14.6,10.05,11.2,8.664904e+07,6.789603e+07
2021-03-19,ALEC,3.0,0.14214039,0.14214039,17.94,20.49,21.69,19.79,21.02,3.690206e+06,8.400585e+06
2021-03-22,DYAI,1.0,0.53658533,0.53658533,5.33,8.19,8.78,6.37,6.87,2.7109528e+07,2.29723e+06
2021-03-22,MRKR,2.0,0.21487594,0.21487606,2.42,2.94,3.3,2.75,2.86,4.3330108e+07,1.5640685e+08
2021-03-22,CETX,3.0,0.20302892,0.20302892,2.08,2.5023,2.5117,2.18,2.33,1.1353565e+07,1.2025503e+07
2021-03-22,LODE,4.0,0.12318838,0.12318838,5.52,6.2,6.3,5.71,5.93,5.077139e+06,3.8259668e+07
2021-03-22,EDSA,5.0,0.1165756,0.11657572,5.49,6.13,6.3383,5.41,5.41,1.258762e+06,1.2460928e+06
2021-03-23,BNTC,1.0,1.1630094,1.1630094,3.19,6.9,10.49,5.29,9.26,1.2473375e+08,3.4858598e+06
2021-03-23,RKTO,2.0,0.40366971,0.40366971,2.18,3.06,3.15,2.33,2.51,8.061391e+07,1.0556018e+06
2021-03-23,ORMP,3.0,0.17908442,0.17919075,10.38,12.24,12.73,10.45,10.93,7.336308e+06,4.756416e+07
2021-03-24,DLPN,1.0,0.583197,0.583197,18.33,29.02,32.5,18.53,19.16,5.140434e+07,3.2048973e+09
2021-03-24,ZKIN,2.0,0.32275605,0.32275617,11.03,14.59,14.6,10.86,11.22,2.1107336e+07,1.2852311e+08
2021-03-24,SLNH,3.0,0.19230771,0.19230771,13.0,15.5,15.5,10.25,10.41,78190.0,3.173144e+06
2021-03-24,PLBY,4.0,0.14863396,0.14863396,18.3,21.02,21.38,17.66,18.63,3.307036e+06,2.8096812e+07
2021-03-24,SOS,5.0,0.1466049,0.1466049,6.48,7.43,7.44,5.94,6.09,6.679007e+07,1.8685987e+08
2021-03-25,QNRX,1.0,0.6275072,0.6275071,3.49,5.68,7.15,4.72,4.77,1.0621336e+08,5.265192e+06
2021-03-25,QXO,2.0,0.11933935,0.11916256,6.21,6.95,6.95,5.71,6.54,3.299095e+06,2.6368965e+06
2021-03-25,JXG,3.0,0.105263114,0.10526323,3.61,3.99,4.8,3.71,4.74,671233.0,2.223417e+06
2021-03-25,TWAV,4.0,0.10277772,0.10277784,3.6,3.97,4.35,3.95,4.2,834070.0,1.0761408e+06
2021-03-26,EEIQ,1.0,3.4650002,3.4650002,4.0,17.86,35.2,13.5,15.5,1.6378146e+07,1.769756e+06
2021-03-26,FRMM,2.0,0.68143106,0.68143106,5.87,9.87,10.6,6.72,6.96,4.3774164e+07,5.472366e+06
2021-03-26,FTFT,3.0,0.117533684,0.117533684,5.19,5.8,6.46,5.6,5.9,7.754246e+06,8.632387e+06
2021-03-29,EEIQ,1.0,0.44516122,0.44516122,15.5,22.4,28.0,17.3,18.54,5.182723e+06,2.5386126e+08
2021-03-29,FLY,2.0,0.26188672,0.26188672,13.25,16.72,17.02,16.505,16.89,9.751732e+06,2.3192535e+06
2021-03-29,DLPN,3.0,0.18566036,0.18566036,13.25,15.71,17.8,14.0,14.3,1.2374953e+07,7.373682e+07
2021-03-29,TDUP,4.0,0.16732001,0.16732001,20.0,23.3464,31.5999,19.05,31.4,1.595846e+06,1.1325398e+08
2021-03-29,WKEY,5.0,0.13320208,0.13318896,15.24,17.2698,18.95,15.63,16.38,1.3287777e+07,4.8495296e+08
2021-03-30,MBRX,1.0,0.21891892,0.21891892,3.7,4.51,4.77,4.07,4.25,3.1494528e+07,1.3067439e+06
2021-03-31,RKDA,1.0,0.43776834,0.43776822,2.33,3.35,3.47,2.72,2.755,7.693476e+07,2.2170962e+07
2021-03-31,TAOP,2.0,0.25248504,0.25248504,10.06,12.6,13.2,9.12,9.41,1.57929e+07,6.264151e+06
2021-03-31,CLRO,3.0,0.1816647,0.18181825,3.08,3.64,4.11,3.28,3.6,1.1324984e+07,1.0030913e+06
2021-03-31,OCGN,4.0,0.14814818,0.14814818,6.75,7.75,7.75,6.72,6.79,3.0088886e+07,1.5732453e+08
2021-03-31,OPENW,5.0,0.11945033,0.11945033,9.46,10.59,10.59,9.5,10.21,84042.0,1.17777e+06
2021-04-01,UPC,1.0,0.33167088,0.33167076,4.01,5.34,7.22,5.07,5.25,7.603972e+07,3.9615475e+06
2021-04-01,FTFT,2.0,0.29193544,0.29193556,6.2,8.01,8.45,5.31,5.525,1.14525256e+08,1.6509e+07
2021-04-01,SNOA,3.0,0.26379538,0.2637955,7.43,9.39,9.89,8.2,8.8,1.5358963e+07,3.1379712e+06
2021-04-01,MPU,4.0,0.18309855,0.18309855,3.55,4.2,15.81,4.12,9.7,1.4874829e+08,2.3792135e+06
2021-04-01,UAVS,5.0,0.17891371,0.17891371,6.26,7.38,7.69,6.78,7.31,1.034252e+07,3.1787668e+07
2021-04-05,GENI,1.0,0.22392833,0.22392833,15.63,19.13,23.49,18.85,22.0,1.0102098e+07,2.0838026e+07
2021-04-05,VVOS,2.0,0.15238094,0.15238106,7.35,8.47,10.1,8.17,9.35,2.452194e+06,2.2719952e+06
2021-04-05,IRD,3.0,0.12068963,0.12068963,6.38,7.15,7.28,6.31,6.57,1.534307e+06,1.00586444e+06
2021-04-06,ERNA,1.0,0.7880086,0.7880086,4.67,8.35,8.53,5.8,6.07,4.4570864e+07,3.993765e+07
2021-04-06,MPU,2.0,0.17698348,0.17698336,11.47,13.5,16.0,11.34,13.0,3.0337564e+07,5.409808e+08
2021-04-06,AEHL,3.0,0.1555556,0.1555556,3.15,3.64,3.65,3.2501,3.37,903194.0,3.5820762e+06
2021-04-06,EVAX,4.0,0.14999998,0.1500001,5.2,5.98,5.98,5.195,5.29,226180.0,1.1858548e+06
2021-04-06,INVZ,5.0,0.14974356,0.14974356,9.75,11.21,11.27,10.17,10.79,1.952349e+06,6.3781575e+06
2021-04-07,ASTC,1.0,0.30733943,0.3073393,2.18,2.85,2.98,2.1,2.21,6.0523136e+07,1.1113051e+06
2021-04-07,SOS,2.0,0.2955556,0.2955556,4.5,5.83,6.17,5.23,5.78,3.5404054e+08,2.9830454e+08
2021-04-07,CBAT,3.0,0.15338647,0.15338647,5.02,5.79,5.8,5.04,5.15,1.5871833e+07,1.0862934e+07
2021-04-07,TULP,4.0,0.10866141,0.10866141,6.35,7.04,9.22,6.52,7.19,1.0016969e+07,2.0434414e+07
2021-04-07,GRAB,5.0,0.101621985,0.101621985,12.7,13.9906,14.14,12.71,13.13,5.390263e+06,4.928324e+06
2021-04-08,IMMP,1.0,0.13836467,0.13836467,3.18,3.62,3.65,3.32,3.54,1.4256487e+07,8.601986e+06
2021-04-08,HYFT,2.0,0.114548445,0.114548445,11.96,13.33,13.33,11.9,12.91,161875.0,2.8351898e+06
2021-04-08,APRE,3.0,0.113223076,0.113223076,4.84,5.388,5.75,5.04,5.5,1.3888779e+07,2.0311641e+06
2021-04-09,CELC,1.0,0.54297686,0.54297686,14.31,22.08,24.25,19.04,21.6,1.5879301e+07,7.248273e+06
2021-04-09,GURE,2.0,0.20322585,0.20322573,4.65,5.595,5.63,4.85,5.09,5.075622e+06,7.202134e+06
2021-04-09,SOHU,3.0,0.16201925,0.16201925,16.64,19.336,20.18,18.59,18.9,3.353788e+06,4.7461105e+06
2021-04-12,ZDGE,1.0,0.12670708,0.1267606,13.49,15.2,15.2899,13.64,14.18,740714.0,4.638078e+06
2021-04-13,RIGL,1.0,0.13268614,0.13268614,3.09,3.5,3.68,3.28,3.61,1.8444474e+07,1.0058206e+07
2021-04-13,VTVT,2.0,0.10894942,0.10894942,2.57,2.85,3.79,2.77,3.44,2.5604286e+08,1.0541138e+06
2021-04-13,EVGN,3.0,0.10569477,0.105580926,4.39,4.8535,4.95,4.42,4.55,1.87479e+06,2.4641772e+06
2021-04-13,CAN,4.0,0.10197866,0.10197866,13.14,14.48,15.87,13.76,14.61,4.192924e+07,7.9482074e+08
2021-04-14,TV,1.0,0.14831042,0.14822137,10.12,11.62,13.85,11.58,12.5,5.855997e+07,8.94187e+06
2021-04-15,TAOP,1.0,0.20611918,0.20611906,6.21,7.49,7.52,5.95,6.32,1.4916602e+07,4.9592565e+06
2021-04-15,KXIN,2.0,0.13502109,0.13502121,2.37,2.69,2.72,2.42,2.56,1.5069966e+07,2.6658042e+06
2021-04-15,INO,3.0,0.11085963,0.11085963,8.84,9.82,10.37,8.85,9.01,7.1409384e+07,5.3123776e+07
2021-04-16,SBET,1.0,0.9094076,0.90940773,2.87,5.48,5.68,3.75,3.86,9.4779144e+07,2.151851e+07
2021-04-16,YI,2.0,0.10459876,0.10459876,11.09,12.25,12.63,11.25,12.23,1.166548e+06,7.3869715e+06
2021-04-19,CLNE,1.0,0.26481152,0.26481152,11.14,14.09,14.1,11.68,11.84,6.9883096e+07,3.526982e+07
2021-04-19,LFMD,2.0,0.12036109,0.12036109,9.97,11.17,11.29,8.1,8.25,3.425385e+06,7.473721e+07
2021-04-19,CHAI,3.0,0.118967414,0.11896753,8.91,9.97,11.0,9.61,10.15,107533.0,2.7507398e+06
2021-04-19,IDYA,4.0,0.103170395,0.103170395,18.61,20.53,20.53,17.75,18.38,294648.0,1.0976309e+07
2021-04-20,QCLS,1.0,0.42217243,0.42217243,4.465,6.35,7.89,4.6,4.95,1.4415196e+07,2.0133355e+06
2021-04-20,XXII,2.0,0.11549294,0.11549294,3.55,3.96,3.96,3.4832,3.74,1.2311935e+07,4.3280536e+07
2021-04-20,HIND,3.0,0.100806475,0.100806475,2.48,2.73,3.14,2.53,2.65,2.2824292e+07,1.4480891e+07
2021-04-21,OCGN,1.0,0.20471013,0.20471013,5.52,6.65,6.76,5.83,6.5,1.3683454e+08,7.493235e+07
2021-04-21,INTT,2.0,0.1624738,0.1624738,9.54,11.09,12.15,10.85,11.66,1.646665e+06,1.3653934e+06
2021-04-22,FIRY,1.0,0.15966582,0.15966594,16.76,19.436,19.55,16.0,16.57,1.217175e+08,1.5474292e+09
2021-04-22,OPENW,2.0,0.15689147,0.15689147,6.82,7.89,7.89,6.81,7.375,64893.0,1.9892849e+06
2021-04-22,MVIS,3.0,0.12441981,0.12444985,12.495,14.05,14.93,12.8125,13.14,3.9090496e+07,2.9489773e+08
2021-04-22,BNGO,4.0,0.10998309,0.10998309,5.91,6.56,6.95,5.79,5.96,7.538129e+07,1.68263e+08
2021-04-23,SYPR,1.0,0.28825617,0.28825617,2.81,3.62,5.82,3.41,4.47,1.3023551e+08,6.1099685e+06
2021-04-23,NTRP,2.0,0.105919,0.105919,3.21,3.55,3.55,3.21,3.35,1.734027e+06,8.483735e+06
2021-04-26,OCGN,1.0,0.14849436,0.14849436,9.63,11.06,12.6,10.78,11.59,2.71659e+08,4.780072e+09
2021-04-26,VYGR,2.0,0.12740898,0.12740898,4.67,5.265,5.97,5.15,5.44,7.43043e+06,1.6648456e+06
2021-04-26,MVIS,3.0,0.11240959,0.11240959,17.97,19.99,27.8,19.75,26.44,2.1423312e+08,2.1179732e+09
2021-04-27,ALDX,1.0,0.1602161,0.1602161,11.11,12.89,15.95,12.79,14.85,8.392517e+07,8.53729e+06
2021-04-27,SLNH,2.0,0.12774193,0.12774193,7.75,8.74,10.56,8.2076,8.5,1.919998e+06,2.916046e+06
2021-04-27,NNDM,3.0,0.11178613,0.11178613,8.23,9.15,9.33,7.86,8.13,5.9433036e+07,1.7430174e+08
2021-04-28,DFTX,1.0,0.114427805,0.114427924,4.02,4.48,4.81,4.07,4.57,4.3944716e+07,2.4880283e+08
2021-04-28,BOXL,2.0,0.10245907,0.10245907,2.44,2.69,3.03,2.635,2.78,2.8945714e+07,1.5475783e+07
2021-04-28,ABTC,3.0,0.10114944,0.10114944,4.35,4.79,4.9,4.32,4.5,7.479157e+06,2.7187108e+06
2021-04-29,WVVI,1.0,0.3444022,0.3444022,10.245,13.7734,16.54,12.06,12.25,2.55198e+07,1.375842e+06
2021-04-29,NOK,2.0,0.15719068,0.157143,4.2,4.86,4.93,4.55,4.67,1.6733533e+08,1.28590216e+08
2021-04-29,REI,3.0,0.112612605,0.112612605,2.22,2.47,2.47,2.15,2.23,2.63452e+06,4.905403e+06
2021-04-29,EZPW,4.0,0.11132431,0.11132431,5.21,5.79,5.94,5.59,5.64,1.277091e+06,1.11618e+06
2021-05-03,PALI,1.0,0.13666224,0.13666224,7.61,8.65,8.66,6.52,6.57,1.090669e+06,6.2085045e+06
2021-05-03,AIOS,2.0,0.11459029,0.11459017,15.01,16.73,18.26,16.5,16.86,159463.0,1.1835085e+06
2021-05-04,BLRX,1.0,0.5329155,0.53291523,3.19,4.89,6.34,4.38,4.88,2.445743e+08,2.7784168e+06
2021-05-04,PRPO,2.0,0.2929293,0.2929294,4.95,6.4,9.18,5.05,5.25,2.3518674e+08,1.6509339e+09
2021-05-04,CNSY,3.0,0.15769231,0.15769231,2.6,3.01,3.54,2.28,2.4,2.9476812e+07,4.6243495e+06
2021-05-04,STIM,4.0,0.13300502,0.13300502,10.15,11.5,15.18,11.3,14.13,5.474989e+06,6.5034295e+06
2021-05-05,VERU,1.0,0.20229888,0.20229888,8.7,10.46,11.18,8.62,8.79,2.6326804e+07,9.894588e+06
2021-05-05,HAYW,2.0,0.1784426,0.1784426,19.39,22.85,25.28,22.32,24.11,5.913753e+06,1.6877676e+07
2021-05-05,OPLN,3.0,0.11026883,0.11026883,14.51,16.11,17.48,15.8,16.83,8.702155e+06,7.618978e+07
2021-05-05,CVGI,4.0,0.10962558,0.10962558,11.22,12.45,12.45,10.98,12.25,749966.0,2.6555832e+06
2021-05-06,ALF,1.0,0.45810056,0.45810056,3.58,5.22,5.6,3.4,3.61,4.1484876e+07,1.3509796e+07
2021-05-06,AMS,2.0,0.32957745,0.32957745,3.55,4.72,4.9,3.1,4.14,1.2930723e+07,9.141768e+07
2021-05-06,BRN,3.0,0.18642116,0.18656719,2.68,3.18,4.2,2.64,3.01,1.0131334e+07,3.0152708e+06
2021-05-06,AIFC,4.0,0.12608695,0.12608695,6.9,7.77,8.05,7.31,7.7,747197.0,3.1945758e+06
2021-05-06,JAN,5.0,0.12600732,0.12608695,6.9,7.77,8.05,7.31,7.7,747197.0,3.1945758e+06
2021-05-07,CMMB,1.0,0.17380345,0.17380345,19.85,23.3,23.3,19.3401,19.83,394990.0,5.863591e+06
2021-05-07,OPENW,2.0,0.13692307,0.13692307,6.5,7.39,7.72,7.02,7.321,42234.0,1.537016e+06
2021-05-07,GPRO,3.0,0.11015332,0.11015332,10.44,11.59,12.25,10.695,10.8,1.3002082e+07,3.993777e+07
2021-05-10,ALF,1.0,0.31891894,0.31891894,3.7,4.88,4.91,3.86,4.57,2.3219584e+07,3.0553868e+07
2021-05-10,LEDS,2.0,0.26030183,0.26030183,7.95,10.0194,12.36,8.66,8.7,6.1334268e+07,1.13483176e+08
2021-05-10,SRTA,3.0,0.1183908,0.1183908,8.7,9.73,9.73,7.65,7.72,737386.0,7.649388e+06
2021-05-10,GTX,4.0,0.102778316,0.102852225,5.68,6.2642,6.2867,5.9,5.97,425044.0,1.7814524e+06
2021-05-11,DDD,1.0,0.1412493,0.1412493,17.77,20.28,24.29,19.7,24.03,6.038207e+07,1.0269983e+08
2021-05-11,AVTX,2.0,0.13842535,0.13842523,2.54,2.8916,3.3,2.41,2.61,6.932342e+07,1.1613414e+06
2021-05-11,ARQ,3.0,0.101511836,0.101511836,4.63,5.1,5.46,4.91,5.2,1.361799e+06,1.3187815e+06
2021-05-12,VTAK,1.0,0.23493981,0.23493981,3.32,4.1,6.37,3.55,3.92,7.590896e+07,2.0685094e+06
2021-05-12,FUBO,2.0,0.19864178,0.19864178,17.67,21.18,21.38,18.85,19.38,5.7335444e+07,5.7006656e+08
2021-05-12,VANI,3.0,0.18400002,0.18400002,5.0,5.92,7.32,5.53,6.38,1.10624904e+08,1.671468e+07
2021-05-12,NERV,4.0,0.17488778,0.17488778,2.23,2.62,3.0,2.52,2.58,5.731426e+07,1.4840206e+07
2021-05-12,BMRA,5.0,0.16129029,0.16131961,3.41,3.9601,4.17,3.66,3.78,3.971356e+06,1.8286974e+07
2021-05-13,PALI,1.0,0.2514286,0.2514286,5.25,6.57,6.79,4.44,4.6,3.9213908e+07,2.9747288e+06
2021-05-13,NEGG,2.0,0.20364225,0.20364237,6.04,7.27,8.7,6.08,7.15,4.284697e+06,1.4875517e+07
2021-05-13,BRT,3.0,0.1496259,0.14916098,16.09,18.49,18.49,17.6,18.27,233785.0,3.3680715e+06
2021-05-13,COMP,4.0,0.11626291,0.11626291,14.45,16.13,16.2,13.51,13.66,3.057297e+06,1.6645287e+07
2021-05-14,BNGO,1.0,0.19478452,0.19478464,4.41,5.269,5.58,4.99,5.4,1.04114e+08,1.3448014e+08
2021-05-14,AEVA,2.0,0.18696892,0.18696892,7.06,8.38,8.85,7.82,7.94,5.527118e+06,2.2414222e+07
2021-05-14,FTFT,3.0,0.15953302,0.15953314,2.57,2.98,3.03,2.74,2.79,2.328902e+06,7.40426e+06
2021-05-14,CRCT,4.0,0.1219331,0.12199998,20.0,22.44,25.34,20.83,24.54,1.399763e+06,3.246044e+07
2021-05-14,LFMD,5.0,0.12135172,0.12135172,6.51,7.3,9.16,7.3,8.78,1.4839862e+07,1.1531463e+07
2021-05-17,DBGI,1.0,0.2588235,0.2588235,3.4,4.28,5.1,3.65,4.05,3.466608e+07,1.6720133e+07
2021-05-17,DFTX,2.0,0.120743036,0.120743036,3.23,3.62,3.64,3.18,3.31,1.1495744e+07,2.1047514e+07
2021-05-17,SMMT,3.0,0.115249634,0.115249634,5.41,6.0335,7.43,5.74,6.85,2.442112e+06,1.0220247e+06
2021-05-18,ULBI,1.0,0.3384254,0.3384254,8.51,11.39,11.78,10.05,10.5,3.1034844e+07,1.0796978e+07
2021-05-18,AGEN,2.0,0.29446697,0.29447842,3.26,4.22,4.5,3.85,3.93,9.5930664e+07,6.9223265e+06
2021-05-19,LPTH,1.0,0.13675225,0.13675225,2.34,2.66,2.89,2.33,2.48,4.166798e+07,6.914103e+06
2021-05-20,NEGG,1.0,0.47505426,0.47505426,9.22,13.6,14.9,11.56,13.24,3.681593e+06,1.2710743e+08
2021-05-20,CPSH,2.0,0.21775544,0.21775544,5.97,7.27,7.48,6.28,6.62,1.0492462e+07,2.4614488e+06
2021-05-20,SPCE,3.0,0.19397795,0.19397807,17.27,20.62,21.6299,18.7,19.81,1.6334866e+08,3.4877677e+08
2021-05-20,VTGN,4.0,0.14347827,0.1434784,2.3,2.63,2.69,2.46,2.58,2.7348012e+07,7.9537655e+06
2021-05-20,SLE,5.0,0.14174318,0.14174306,4.36,4.978,5.44,4.38,4.67,4.969154e+06,5.154318e+06
2021-05-21,JZXN,1.0,0.3274932,0.3274933,7.42,9.85,14.5,8.0,8.41,4.234309e+07,1.5988245e+07
2021-05-21,ENVB,2.0,0.14403296,0.14403284,2.43,2.78,3.15,2.53,2.72,3.5923204e+07,6.3113685e+06
2021-05-21,YALA,3.0,0.100877166,0.100877166,15.96,17.57,19.5,16.53,16.9,1.5222042e+07,1.229756e+08
2021-05-24,ZSTK,1.0,0.10153842,0.10153842,3.25,3.58,3.58,3.29,3.5,514358.0,1.00823125e+06
2021-05-25,EDU,1.0,0.12566876,0.12568915,9.07,10.21,11.075,9.935,10.96,1.4627003e+08,1.7798792e+09
2021-05-26,PVLA,1.0,0.3324468,0.3324468,3.76,5.01,5.09,3.3401,3.39,1.1548746e+08,1.3702063e+09
2021-05-26,INSE,2.0,0.13015878,0.13015878,9.45,10.68,11.49,10.57,11.25,3.593137e+06,4.758122e+06
2021-05-26,RNAC,3.0,0.12605047,0.12605047,3.57,4.02,4.25,3.8,4.1,6.349165e+06,7.1182155e+06
2021-05-27,ABTS,1.0,0.22580647,0.22580636,16.43,20.14,24.36,16.56,16.93,8.229148e+06,2.8417492e+07
2021-05-27,ORGO,2.0,0.1828022,0.1828022,16.63,19.67,19.7499,17.41,17.91,6.649212e+06,1.223617e+07
2021-05-27,SOS,3.0,0.17484665,0.17484665,3.26,3.83,3.83,3.37,3.8,1.1369711e+08,1.18992424e+08
2021-05-27,LNTH,4.0,0.16145563,0.16145563,19.51,22.66,24.1962,22.0,22.78,5.699601e+06,2.3510174e+07
2021-05-27,BTBT,5.0,0.10497236,0.10497236,9.05,10.0,10.18,8.7627,9.43,5.988631e+06,1.8859114e+07
2021-05-28,YEXT,1.0,0.21039796,0.21039796,12.31,14.9,15.06,14.31,14.47,1.4083631e+07,1.1294149e+08
2021-05-28,ATNM,2.0,0.107569695,0.107569695,7.53,8.34,8.53,8.01,8.16,608127.0,1.2084822e+06
2021-06-01,RZLT,1.0,0.3118974,0.3118974,10.33,13.5519,15.0,11.55,13.2,384753.0,1.4598562e+06
2021-06-01,BB,2.0,0.115193605,0.115193605,10.07,11.23,11.61,10.52,11.56,1.5200474e+08,2.150494e+09
2021-06-02,BB,1.0,0.11678195,0.11678195,11.56,12.91,16.66,12.33,15.25,6.284121e+08,1.7571748e+09
2021-06-03,JZXN,1.0,0.42265296,0.42265296,9.31,13.2449,13.55,10.6135,11.2,4.507811e+06,3.0835652e+06
2021-06-03,WKHS,2.0,0.24913192,0.24913192,11.52,14.39,18.3317,13.1,14.77,1.5689461e+08,3.938051e+08
2021-06-03,BB,3.0,0.2419672,0.2419672,15.25,18.94,20.17,13.56,15.88,9.447586e+08,9.583284e+09
2021-06-03,CLOV,4.0,0.14530897,0.14530897,8.74,10.01,10.46,8.55,8.94,4.9588372e+07,3.061052e+08
2021-06-03,VTAK,5.0,0.12634408,0.12634408,3.72,4.19,5.47,3.92,4.35,1.1776792e+07,1.4339354e+07
2021-06-04,SENS,1.0,0.31219506,0.31219518,2.05,2.69,3.2,2.52,2.91,2.2076462e+08,7.573089e+07
2021-06-04,LEDS,2.0,0.24966896,0.24966896,15.1,18.87,28.8,18.1,20.5,4.734431e+07,4.41452e+08
2021-06-04,NCTY,3.0,0.19744062,0.19744062,10.94,13.1,16.25,12.4,13.15,2.8015712e+07,1.2633785e+07
2021-06-04,XERS,4.0,0.13974035,0.13974035,3.85,4.388,4.4,3.92,4.05,1.6354316e+07,6.201778e+07
2021-06-04,CLNE,5.0,0.11074567,0.11074567,9.12,10.13,11.2398,9.21,9.31,3.3797224e+07,2.8105507e+08
2021-06-07,VTAK,1.0,0.42008197,0.42008185,4.88,6.93,9.82,6.43,9.01,1.29589064e+08,1.8168685e+08
2021-06-07,AREC,2.0,0.25446153,0.25454545,3.3,4.14,4.22,2.82,2.92,4.3560096e+07,2.721149e+07
2021-06-07,EOCN,3.0,0.17058825,0.17058825,3.4,3.98,4.08,3.63,3.9,3.515165e+06,4.4322675e+06
2021-06-07,BNGO,4.0,0.1222707,0.12227082,6.87,7.71,8.86,7.58,8.4,8.8203704e+07,2.0645562e+08
2021-06-07,CLNE,5.0,0.12030077,0.12030077,9.31,10.43,10.95,9.74,10.36,2.8816556e+07,3.1465216e+08
2021-06-08,CLOV,1.0,0.3955537,0.3955537,11.92,16.635,24.93,16.32,22.15,7.375965e+08,1.4985632e+09
2021-06-08,NEXT,2.0,0.23850572,0.23850572,3.48,4.31,6.13,4.31,5.56,1.0938942e+08,9.9945576e+07
2021-06-08,PDSB,3.0,0.18723404,0.18723404,9.4,11.16,11.6,10.2,11.16,3.530648e+06,6.3142428e+07
2021-06-08,KRSA,4.0,0.14603174,0.14603174,3.15,3.61,4.4,3.42,4.1,2.1041292e+07,2.629936e+07
2021-06-08,AYTU,5.0,0.14506519,0.145028,5.37,6.1488,6.18,5.36,5.51,7.065554e+06,2.63326e+06
2021-06-09,AEMD,1.0,3.79638,3.79638,2.21,10.6,12.49,8.71,10.79,2.5403552e+08,1.6900192e+07
2021-06-09,AEHL,2.0,0.5689223,0.5689224,3.99,6.26,7.7,4.2,4.55,2.0357934e+07,7.66404e+07
2021-06-09,SLDPW,3.0,0.39999998,0.39999998,2.0,2.8,2.96,2.0997,2.37,1.08588e+06,1.422738e+06
2021-06-09,CLNE,4.0,0.39444458,0.39444458,9.9,13.805,14.5,11.15,13.02,1.5851867e+08,4.4321814e+08
2021-06-09,GEO,5.0,0.28616357,0.28616357,6.36,8.18,11.0,7.92,8.8,3.4655302e+08,9.49382e+07
2021-06-10,SCNX,1.0,0.54628897,0.54656863,4.08,6.31,10.82,5.86,6.67,1.9515298e+08,1.0974874e+06
2021-06-10,NXPL,2.0,0.29423463,0.29423463,5.03,6.51,7.67,5.3,6.31,1.203656e+07,6.5224465e+06
2021-06-10,ANY,3.0,0.20000005,0.20000005,2.0,2.4,3.75,2.28,3.21,2.0135622e+08,1.712659e+07
2021-06-10,AEI,4.0,0.14522827,0.14522815,4.82,5.52,6.17,5.16,5.54,1.9734716e+07,1.1418494e+07
2021-06-10,EDU,5.0,0.11193776,0.111973286,9.02,10.03,10.29,9.62,9.73,1.3263622e+08,6.1189165e+08
2021-06-11,AMST,1.0,0.5090252,0.5090252,2.77,4.18,4.5,2.96,3.2,4.280289e+07,9.074863e+07
2021-06-11,INBS,2.0,0.27548206,0.27548206,3.63,4.63,4.9,3.92,4.31,1.1212787e+07,8.671293e+06
2021-06-11,CMMB,3.0,0.25,0.25,20.0,25.0,27.92,21.58,23.92,3.01714e+06,3.175286e+07
2021-06-11,RCON,4.0,0.2376374,0.2376374,12.74,15.7675,17.5,4.62,6.24,1.23147784e+08,7.838425e+06
2021-06-11,PGEN,5.0,0.2331903,0.2331903,6.99,8.62,8.72,7.22,7.33,1.1831457e+07,1.084221e+07
2021-06-14,MDIA,1.0,0.48177087,0.48177087,3.84,5.69,5.9,4.84,5.6,1.6509353e+07,5.429161e+06
2021-06-14,SLDPW,2.0,0.24831891,0.24831891,2.8999,3.62,4.0,3.29,3.65,1.018527e+06,2.5438038e+06
2021-06-14,MREO,3.0,0.103773594,0.103773594,3.18,3.51,3.58,3.26,3.37,5.424317e+06,2.5854928e+06
2021-06-15,OCGN,1.0,0.15497553,0.15497553,6.13,7.08,7.35,6.26,6.26,1.0155509e+08,1.8848053e+08
2021-06-15,UXIN,2.0,0.123552084,0.1235522,5.18,5.82,5.82,4.05,4.51,3.7709464e+07,3.157489e+07
2021-06-15,NRXP,3.0,0.10266662,0.102683425,18.0,19.8483,19.8483,17.3,17.52,256218.0,2.405916e+06
2021-06-16,APRE,1.0,0.50721645,0.50721645,4.85,7.31,7.8,5.33,5.38,1.4026477e+08,2.195396e+06
2021-06-16,GTEC,2.0,0.20572054,0.20572054,9.09,10.96,11.24,8.51,9.19,2.211596e+06,5.2027525e+06
2021-06-16,XYF,3.0,0.16698503,0.16686809,8.27,9.65,9.92,8.2,9.6,792184.0,3.5939628e+07
2021-06-16,FWDI,4.0,0.1428572,0.14285707,2.73,3.12,3.68,2.88,3.16,1.5497627e+07,9.749846e+06
2021-06-16,BCTX,5.0,0.102819204,0.102819204,6.03,6.65,7.58,6.33,6.57,1.9824974e+07,1.3015056e+07
2021-06-17,QNRX,1.0,0.7675841,0.7675842,3.27,5.78,6.34,3.91,4.15,7.90397e+07,4.430657e+06
2021-06-17,TAOX,2.0,0.235955,0.23595512,8.9,11.0,12.87,9.85,11.13,4.922128e+06,1.5104617e+07
2021-06-17,HIND,3.0,0.15873015,0.15873015,6.3,7.3,7.4,5.81,5.89,5.874632e+06,2.5297808e+07
2021-06-18,FXHO,1.0,0.17501545,0.17501545,16.17,19.0,19.9,16.7002,16.8,1.0689837e+07,2.4117907e+08
2021-06-18,GEO,2.0,0.10138893,0.10138893,7.2,7.93,8.05,7.55,7.62,1.0960579e+07,4.1127984e+07
2021-06-21,AEI,1.0,0.5050918,0.50509167,4.91,7.39,7.64,6.0,6.12,9.261603e+07,6.1006845e+06
2021-06-21,MNOV,2.0,0.3324468,0.3324468,3.76,5.01,5.09,4.01,4.2,2.2505126e+07,1.8545974e+06
2021-06-21,LNAI,3.0,0.12068963,0.12068963,5.8,6.5,6.5076,5.58,5.87,4.263096e+06,5.952465e+06
2021-06-21,OKUR,4.0,0.100811124,0.100811124,8.63,9.5,9.5,8.55,8.68,205438.0,3.0266618e+06
2021-06-22,ADIL,1.0,0.22648084,0.22648084,2.87,3.52,3.78,2.97,3.13,2.75002e+07,1.4804432e+07
2021-06-22,ALF,2.0,0.21538448,0.21538448,7.8,9.48,16.45,9.03,16.29,2.1663882e+08,1.6114091e+08
2021-06-22,GROY,3.0,0.1614219,0.16150439,4.52,5.25,5.88,5.15,5.53,1.635543e+06,3.7440922e+06
2021-06-22,VTVT,4.0,0.13559318,0.1355933,2.36,2.68,2.83,2.39,2.52,2.4663528e+07,1.7558518e+06
2021-06-22,XAIR,5.0,0.12156868,0.12156856,5.1,5.72,6.28,5.65,6.17,3.405451e+06,2.7309428e+06
2021-06-23,ENTX,1.0,0.60579073,0.60579073,4.49,7.21,8.68,6.1518,6.5,1.6220678e+08,2.04647e+06
2021-06-23,VIVO,2.0,0.10821915,0.10821915,7.3,8.09,8.43,7.39,7.98,3.860401e+06,2.6162026e+07
2021-06-23,CLOV,3.0,0.10451305,0.10451305,12.63,13.95,14.54,13.11,13.83,1.5294942e+08,1.9916314e+09
2021-06-24,DHX,1.0,0.16845882,0.16845882,2.79,3.26,3.39,3.02,3.34,2.003707e+06,4.9001495e+06
2021-06-24,IFBD,2.0,0.1465323,0.1465323,3.72,4.2651,4.71,3.78,3.83,8.964252e+06,4.1293972e+06
2021-06-24,CXM,3.0,0.10170448,0.10170448,17.6,19.39,21.0,18.85,19.64,5.069016e+06,3.1607622e+08
2021-06-25,UPXI,1.0,0.28571427,0.28571427,5.6,7.2,9.37,7.15,7.86,3.45759e+07,3.2672432e+07
2021-06-25,FFAI,2.0,0.15482569,0.15482569,14.92,17.23,17.48,15.25,15.96,3.397396e+06,3.2669728e+07
2021-06-25,PVLA,3.0,0.121281385,0.121281505,4.37,4.9,4.91,3.915,4.0,4.93104e+07,1.442722e+08
2021-06-25,PSFE,4.0,0.10441041,0.10441053,11.11,12.27,13.19,11.92,12.21,6.931157e+07,9.6909304e+07
2021-06-28,HIND,1.0,0.265,0.265,6.0,7.59,8.05,6.71,7.64,3.4939828e+07,1.945338e+07
2021-06-28,ALF,2.0,0.15905261,0.15905261,17.1,19.8198,22.5,17.75,18.59,3.853014e+07,1.5367872e+09
2021-06-28,MXC,3.0,0.13757527,0.13762486,9.01,10.25,10.6,9.52,10.29,340137.0,4.247404e+06
2021-06-28,LENZ,4.0,0.1351074,0.13513517,18.5,21.0,24.4,20.078,22.7,1.48595e+06,8.4919144e+07
2021-06-28,ABUS,5.0,0.13056386,0.13056386,3.37,3.81,3.82,3.33,3.37,7.704659e+06,5.95862e+07
2021-06-29,AUUD,1.0,0.29202032,0.29202044,5.89,7.61,9.3,6.75,7.01,6.4272764e+07,2.2101706e+08
2021-06-29,DBGI,2.0,0.18032789,0.18032789,5.49,6.48,7.5,5.25,5.78,1.7613332e+07,3.8071644e+07
2021-06-29,UPC,3.0,0.10580206,0.10580206,2.93,3.24,3.78,3.15,3.7,2.032853e+06,3.1392725e+06
2021-06-30,BLIN,1.0,0.43657804,0.43657804,3.39,4.87,8.54,4.23,4.3,1.3241697e+08,2.000231e+07
2021-06-30,IRD,2.0,0.40421057,0.40421057,4.75,6.67,7.0,5.15,5.28,6.104676e+07,1.8768438e+06
2021-06-30,ASTS,3.0,0.27326155,0.27326155,10.21,13.0,15.48,12.51,12.94,4.425459e+07,1.2278066e+07
2021-06-30,SLS,4.0,0.144606,0.144606,13.07,14.96,15.0789,10.21,11.1,7.035913e+06,1.6740239e+07
2021-07-01,SCNX,1.0,1.0227604,1.0226243,4.42,8.94,9.49,6.57,7.17,9.635466e+07,1.2247865e+06
2021-07-01,BLIN,2.0,0.42790687,0.42790687,4.3,6.14,6.78,4.73,5.75,8.048392e+07,5.6939296e+08
2021-07-01,WNW,3.0,0.3015151,0.30151522,6.6,8.59,9.8,7.53,8.2,2.2989792e+07,4.345902e+06
2021-07-01,SPRO,4.0,0.19269335,0.19269335,13.96,16.65,17.14,15.5,16.39,1.664994e+06,2.5514412e+06
2021-07-01,HURA,5.0,0.11013222,0.11013222,2.27,2.52,2.85,2.01,2.3,2.1456848e+07,1.1756421e+06
2021-07-02,WAVE,1.0,1.1898618,1.1898618,10.85,23.76,30.0,18.5,18.79,1.6050495e+07,7.1837635e+06
2021-07-02,TATT,2.0,0.6540084,0.6540084,5.925,9.8,10.4399,8.07,8.45,3.442574e+07,2.9731046e+07
2021-07-02,AIFA,3.0,0.10267854,0.10267854,2.24,2.47,2.7,2.38,2.53,7.293079e+06,7.1323775e+06
2021-07-06,NXPL,1.0,0.6452205,0.6452205,5.44,8.95,10.8,8.0,8.4,8.725808e+07,2.1703588e+06
2021-07-06,BLIN,2.0,0.5551839,0.5551839,8.97,13.95,14.38,11.52,12.23,9.92411e+07,1.2738081e+09
2021-07-06,LRMR,3.0,0.13663292,0.13663292,9.89,11.2413,12.43,10.9,11.43,559926.0,1.9732232e+06
2021-07-06,OCGN,4.0,0.13580239,0.13580239,7.29,8.28,8.29,7.46,7.53,3.1683228e+07,1.4803352e+08
2021-07-07,DTST,1.0,0.7283951,0.7283951,7.29,12.6,13.1,9.17,9.68,4.790092e+07,4.9552704e+07
2021-07-08,DBGI,1.0,0.45161295,0.45161295,5.27,7.65,8.8,5.75,5.97,4.030524e+07,6.038532e+07
2021-07-08,UONE,2.0,0.13642383,0.13642383,7.55,8.58,11.12,8.2,9.0,5.8537604e+07,1.6051263e+07
2021-07-08,GAME,3.0,0.13513517,0.13513517,11.1,12.6,12.7366,10.5501,11.04,3.191568e+06,2.1367412e+07
2021-07-09,AVX,1.0,0.5588937,0.5588937,4.61,7.1865,8.45,4.9,5.6,2.0017616e+07,1.7460808e+07
2021-07-09,GALT,2.0,0.43478262,0.43478262,2.76,3.96,4.4,3.38,3.45,1.0435344e+08,1.0943621e+06
2021-07-09,HIND,3.0,0.16306484,0.16306484,5.09,5.92,6.25,4.65,4.69,4.2585736e+07,4.1937304e+07
2021-07-09,RCON,4.0,0.12244892,0.12244892,3.43,3.85,3.89,3.61,3.76,4.39808e+06,1.4354537e+07
2021-07-09,XYF,5.0,0.12141657,0.121697426,12.49,14.01,14.06,12.58,12.97,601731.0,3.5628148e+07
2021-07-12,TPST,1.0,1.3477981,1.3477983,15.67,36.79,41.0,21.67,24.19,1.5476198e+07,1.2236128e+08
2021-07-12,TROO,2.0,0.7374873,0.7374873,9.79,17.01,29.0,17.0,20.0,1.1598164e+08,1.2212937e+09
2021-07-12,SBET,3.0,0.7257384,0.7257385,4.74,8.18,8.94,5.42,5.66,7.3911064e+07,1.1591141e+08
2021-07-12,AEHL,4.0,0.26426423,0.26426435,3.33,4.21,4.95,3.68,4.08,4.0624016e+07,9.884182e+06
2021-07-12,ATEC,5.0,0.13851595,0.13851595,14.15,16.11,16.47,15.47,15.79,1.771234e+06,6.30599e+06
2021-07-13,NXPL,1.0,0.84257877,0.84257865,6.67,12.29,14.85,8.88,9.36,9.334546e+07,7.0496765e+06
2021-07-13,BLIN,2.0,0.4242928,0.4242928,6.01,8.56,9.99,6.6359,7.26,5.2798228e+07,2.359945e+07
2021-07-13,CLNN,3.0,0.30548322,0.30548322,13.04,17.0235,17.82,12.5,13.58,7.950906e+06,3.3888964e+07
2021-07-13,BAOS,4.0,0.26916146,0.2691357,4.05,5.14,5.87,3.2105,3.56,1.3561253e+07,1.5304023e+07
2021-07-13,TONX,5.0,0.116279125,0.116279006,2.15,2.4,2.74,2.22,2.22,5.0758504e+07,1.78496e+07
2021-07-14,DTSS,1.0,1.1399317,1.1399317,2.93,6.27,6.84,3.65,3.98,8.887926e+07,8.53434e+06
2021-07-14,OXBR,2.0,0.30447757,0.30447757,3.35,4.37,4.85,3.28,3.54,3.780091e+07,3.669873e+07
2021-07-14,JZXN,3.0,0.29511678,0.29511678,4.71,6.1,6.31,4.92,5.12,2.756208e+07,1.8189644e+06
2021-07-14,TROO,4.0,0.24811268,0.24811268,9.59,11.9694,19.01,11.03,13.2,1.12848104e+08,1.8606773e+08
2021-07-14,YHGJ,5.0,0.14559388,0.14559388,2.61,2.99,3.2,2.52,2.89,1.8367808e+07,1.7446938e+07
2021-07-15,DTSS,1.0,0.3994975,0.3994975,3.98,5.57,5.8,3.8,4.05,4.9060024e+07,3.537395e+08
2021-07-15,TONX,2.0,0.22891569,0.22891569,2.49,3.06,3.97,2.78,3.2,2.72274e+08,2.2697482e+08
2021-07-15,ARLO,3.0,0.17085433,0.17085433,5.97,6.99,7.0,6.26,6.39,5.725946e+06,1.0044441e+07
2021-07-15,BLIN,4.0,0.11707318,0.11707318,6.15,6.87,7.53,6.0,6.12,1.9310844e+07,2.1283238e+07
2021-07-16,TROO,1.0,0.24865341,0.24865341,11.14,13.91,14.42,10.35,12.405,3.855996e+07,3.1815306e+08
2021-07-16,SOGP,2.0,0.15312183,0.15315318,5.55,6.4,6.44,5.24,5.59,2.1231988e+07,3.2105362e+06
2021-07-16,AEHR,3.0,0.12811399,0.12811399,2.81,3.17,3.8,3.08,3.4,7.824995e+07,7.1130175e+06
2021-07-19,NRXP,1.0,0.46713614,0.46713603,8.52,12.5,14.93,11.02,12.38,6.555948e+07,2.7652428e+06
2021-07-19,CYTK,2.0,0.4513781,0.4513781,19.23,27.91,31.41,26.69,27.0,4.0470436e+07,1.3263508e+07
2021-07-19,AEHR,3.0,0.44999993,0.44999993,3.4,4.93,6.75,4.23,6.39,1.3991616e+08,2.6604984e+08
2021-07-19,OXBR,4.0,0.11764705,0.11764705,3.57,3.99,3.99,3.36,3.48,1.806198e+07,5.5935975e+06
2021-07-20,IMNM,1.0,0.45733178,0.45733178,16.64,24.25,24.96,17.9,18.14,2.1281042e+07,1.0712332e+06
2021-07-20,MTVA,2.0,0.44680858,0.44680858,2.82,4.08,5.63,3.78,3.97,1.2596144e+08,1.2674205e+07
2021-07-20,SLI,3.0,0.14947367,0.14947367,4.75,5.46,5.75,5.27,5.61,1.577211e+06,6.085244e+06
2021-07-20,AEHR,4.0,0.114241004,0.114241004,6.39,7.12,7.15,5.4,5.84,3.33785e+07,8.9406426e+08
2021-07-20,TAL,5.0,0.10962558,0.10962558,18.7,20.75,21.05,18.76,19.18,2.7955892e+07,4.327276e+08
2021-07-21,PRFX,1.0,0.27301586,0.27301586,3.15,4.01,4.64,2.72,3.14,8.648459e+06,8.608434e+06
2021-07-21,NUWE,2.0,0.114427805,0.114427924,4.02,4.48,4.9,4.31,4.38,796138.0,1.8667955e+06
2021-07-22,PRFX,1.0,0.5159236,0.5159236,3.14,4.76,7.84,3.54,4.08,3.6636956e+07,2.7156162e+07
2021-07-22,FFAI,2.0,0.22206092,0.22206104,13.78,16.84,17.0,12.91,13.98,9.346277e+06,1.9694968e+07
2021-07-22,DVLT,3.0,0.21867323,0.21867323,4.07,4.96,7.06,4.44,4.6,1.0840437e+08,1.2612817e+07
2021-07-22,NRXP,4.0,0.15430272,0.15430272,10.11,11.67,18.28,11.06,16.45,5.8435756e+07,1.1815577e+07
2021-07-22,SOS,5.0,0.15384614,0.15384614,2.73,3.15,3.15,2.62,2.65,3.001848e+07,7.383169e+07
2021-07-23,SCKT,1.0,1.4655173,1.4655173,5.8,14.3,14.7,7.88,8.35,5.259804e+07,2.9201458e+07
2021-07-23,ALZN,2.0,0.41811848,0.4181186,5.74,8.14,8.28,5.63,5.73,2.8223952e+07,2.6242928e+07
2021-07-23,NRXP,3.0,0.22796357,0.22796357,16.45,20.2,26.24,16.55,24.77,5.8095932e+07,9.612682e+08
2021-07-23,UPC,4.0,0.17493474,0.17493474,3.83,4.5,5.0,2.8,3.04,1.2220713e+07,4.9823372e+07
2021-07-23,KRSA,5.0,0.111111164,0.111111164,3.6,4.0,4.23,3.6,4.13,3.978083e+06,5.973145e+06
2021-07-26,XBIO,1.0,0.30555558,0.30555558,2.52,3.29,4.06,2.75,3.03,1.149997e+08,7.568393e+08
2021-07-26,FEED,2.0,0.27969348,0.27969348,2.61,3.34,3.75,1.85,1.9,1.2362601e+08,3.2454086e+08
2021-07-26,BTBT,3.0,0.15404248,0.15404248,4.23,4.8816,9.41,4.8816,8.87,2.1002698e+08,5.0115855e+06
2021-07-26,KEEL,4.0,0.14893615,0.14893615,3.29,3.78,4.38,3.65,4.32,9.306521e+06,2.712434e+06
2021-07-26,SOS,5.0,0.14516127,0.14516127,2.48,2.84,3.13,2.53,3.04,5.497277e+07,3.2715308e+07
2021-07-27,KPRX,1.0,1.0480769,1.0480769,3.12,6.39,6.43,3.565,3.77,5.107949e+07,2.5050976e+07
2021-07-27,NXPL,2.0,0.20173907,0.20173907,5.75,6.91,7.65,6.18,6.62,9.589275e+06,2.683456e+06
2021-07-27,ZSTK,3.0,0.18141592,0.18141592,4.52,5.34,5.6,4.3,5.07,1.0336579e+07,1.0334731e+07
2021-07-28,UPXI,1.0,0.3161291,0.31612897,4.65,6.12,7.4,5.28,5.62,5.5008364e+07,1.8449759e+06
2021-07-28,BTBT,2.0,0.27334464,0.27334464,5.89,7.5,9.46,6.95,8.0,1.3799058e+08,1.911964e+08
2021-07-28,TAL,3.0,0.13430119,0.13430119,5.51,6.25,6.66,5.9,6.4,1.4991882e+08,7.263066e+08
2021-07-28,TLRY,4.0,0.120974064,0.12097418,12.73,14.27,16.49,14.02,16.01,1.1677024e+08,3.159519e+08
2021-07-28,YMM,5.0,0.1148926,0.11494255,8.7,9.7,10.27,9.3,9.86,7.390836e+06,9.113084e+07
2021-07-29,HAPN,1.0,0.3753847,0.3753847,16.25,22.35,25.7,21.59,24.02,4.1718264e+07,4.1669908e+07
2021-07-29,BON,2.0,0.14796746,0.14796746,12.3,14.12,15.1,13.45,14.39,186594.0,1.00648444e+06
2021-07-29,DAO,3.0,0.13665259,0.13665259,9.44,10.73,10.86,8.74,9.23,2.349233e+06,3.1402848e+07
2021-07-29,ZSTK,4.0,0.11850059,0.11850059,8.27,9.25,9.34,6.4,7.0,1.9006876e+07,3.909617e+08
2021-07-30,TAOP,1.0,0.26397514,0.26397514,3.22,4.07,4.2,3.16,3.46,2.4027016e+07,1.3435418e+06
2021-07-30,BELFB,2.0,0.1555556,0.15568364,12.14,14.03,15.25,13.175,13.64,590743.0,2.9641145e+06
2021-07-30,RLYB,3.0,0.15390074,0.15387225,14.1,16.2696,25.78,15.645,17.0,1.821283e+06,1.1162138e+07
2021-08-02,AUTL,1.0,0.22744358,0.22744358,5.32,6.53,6.75,5.78,5.86,1.7070458e+07,1.8643621e+06
2021-08-02,DLPN,2.0,0.22704077,0.22704077,7.84,9.62,12.8,8.61,12.22,5.6999308e+07,1.5203406e+06
2021-08-02,AVX,3.0,0.2012012,0.2012012,3.33,4.0,4.1,3.42,3.59,1.0336402e+07,1.6914342e+07
2021-08-02,RANI,4.0,0.113636374,0.113636374,11.0,12.25,12.25,9.24,10.75,197501.0,1.3478718e+07
2021-08-02,KEEL,5.0,0.10023868,0.10023868,4.19,4.61,4.84,4.27,4.37,4.980058e+06,7.5967175e+06
2021-08-03,OTLK,1.0,0.3340708,0.3340708,2.26,3.015,3.27,2.38,2.41,1.1518986e+08,1.1401135e+06
2021-08-03,HLIT,2.0,0.11226845,0.11226845,8.64,9.61,10.75,9.46,10.63,6.265661e+06,1.1345521e+07
2021-08-04,BYSI,1.0,1.9179647,1.9179647,9.63,28.1,30.0,20.57,26.58,8.3480296e+07,1.3235858e+06
2021-08-04,CERS,2.0,0.14035082,0.14035082,5.13,5.85,6.4,5.82,6.19,1.0765402e+07,1.2229941e+07
2021-08-04,RNA,3.0,0.122727156,0.122727156,19.03,21.3655,21.5,19.5001,19.65,2.255581e+06,9.329629e+06
2021-08-05,ENSC,1.0,0.37163818,0.37163818,4.09,5.61,5.85,4.22,4.55,2.1278728e+07,7.2960165e+06
2021-08-05,SSYS,2.0,0.18121827,0.18121827,19.7,23.27,23.27,21.34,21.89,2.319069e+06,1.5426145e+07
2021-08-05,MVIS,3.0,0.14648116,0.14648116,12.22,14.01,15.14,13.3818,13.76,2.517752e+07,7.6883816e+07
2021-08-05,QNST,4.0,0.14253402,0.14253402,17.68,20.2,20.995,18.925,19.06,583783.0,6.7941235e+06
2021-08-05,CTRM,5.0,0.123780966,0.12376237,2.02,2.27,2.68,2.18,2.5,4.2635388e+07,2.1971945e+06
2021-08-06,ANY,1.0,0.5552325,0.5552325,3.44,5.35,5.61,4.36,4.86,1.1815186e+08,1.4356324e+07
2021-08-06,MVST,2.0,0.15568292,0.15568292,10.47,12.1,13.349,11.05,11.65,2.5043964e+07,7.475983e+07
2021-08-06,PRTS,3.0,0.1456368,0.14563692,16.96,19.43,20.67,17.8705,19.93,4.289513e+06,2.1258646e+07
2021-08-06,WPRT,4.0,0.12787724,0.12787712,3.91,4.41,5.18,4.37,5.02,1.8743186e+07,1.1632485e+07
2021-08-06,AUPH,5.0,0.1255337,0.1255337,11.71,13.18,14.6099,12.8,14.42,1.1865283e+07,4.4351732e+07
2021-08-09,ANY,1.0,0.17489707,0.17489707,4.86,5.71,6.58,5.27,5.4,1.0551606e+08,5.7421805e+08
2021-08-09,FTFT,2.0,0.17182136,0.17182136,2.91,3.41,3.61,3.21,3.25,3.0598132e+07,3.824879e+07
2021-08-09,RSI,3.0,0.14440441,0.14440441,11.08,12.68,12.87,12.05,12.67,4.317032e+06,8.0775635e+06
2021-08-09,KEEL,4.0,0.14117646,0.14117646,5.95,6.79,7.19,6.49,6.61,2.0850912e+07,6.99287e+07
2021-08-09,HUT,5.0,0.13175678,0.13175666,5.92,6.7,6.7,6.18,6.43,1.1408949e+07,4.4255104e+07
2021-08-10,FULC,1.0,0.5858344,0.5858344,8.33,13.21,22.0899,12.07,18.77,1.0484354e+08,6.15971e+06
2021-08-10,LU,2.0,0.15323305,0.15374339,7.48,8.63,8.98,7.75,7.96,1.9413692e+07,4.8617084e+07
2021-08-10,MYO,3.0,0.1503185,0.1503185,7.85,9.03,10.38,8.7,9.13,1.075389e+06,1.9168209e+06
2021-08-10,ORGO,4.0,0.13292861,0.13292861,14.82,16.79,17.0,14.86,15.0,1.515174e+06,8.261868e+06
2021-08-10,KXIN,5.0,0.10996568,0.10996556,2.91,3.23,3.45,2.9,2.99,4.072817e+07,8.776813e+07
2021-08-11,FULC,1.0,0.25998926,0.25998926,18.77,23.65,25.25,18.91,20.2,4.9383776e+07,1.9679132e+09
2021-08-11,GTIM,2.0,0.22666669,0.22666669,4.5,5.52,5.79,4.68,4.88,9.034107e+06,2.931984e+06
2021-08-11,CURI,3.0,0.18118584,0.18129218,10.37,12.25,12.91,11.9,12.26,2.554065e+06,9.525882e+06
2021-08-11,ORIO,4.0,0.15151525,0.15151513,5.94,6.84,7.45,6.62,6.91,2.1595846e+07,4.6241595e+06
2021-08-11,PDFS,5.0,0.14331901,0.14331901,18.56,21.22,21.69,20.11,21.49,202319.0,1.4100774e+06
2021-08-12,PRHI,1.0,0.21126771,0.21126771,2.84,3.44,3.98,3.07,3.14,6.449492e+06,2.9341912e+06
2021-08-12,XBIO,2.0,0.1790123,0.1790123,3.24,3.82,4.44,3.63,3.65,3.160699e+07,9.471978e+06
2021-08-12,OPEN,3.0,0.17172408,0.17172408,14.5,16.99,18.47,15.88,17.98,6.129848e+07,2.8258784e+08
2021-08-12,CLOV,4.0,0.17097175,0.17097175,8.13,9.52,9.65,8.58,9.01,1.4835486e+08,2.7353328e+08
2021-08-12,HIMS,5.0,0.14663148,0.14663148,7.57,8.68,9.08,8.04,8.39,1.0004425e+07,3.9312252e+07
2021-08-16,TVTX,1.0,0.33139157,0.33139157,15.45,20.57,21.34,17.05,17.82,3.1221312e+07,1.1682193e+07
2021-08-16,FEED,2.0,0.26190472,0.26190484,2.52,3.18,4.08,3.14,3.37,2.4840464e+08,1.5223442e+08
2021-08-16,ENLV,3.0,0.1716814,0.17165196,10.17,11.9157,13.18,11.12,11.49,1.2904408e+07,1.3099368e+06
2021-08-17,BON,1.0,0.2840352,0.2840352,10.21,13.11,13.5,10.5,11.68,5.291823e+06,1.0608394e+06
2021-08-17,PWCM,2.0,0.19978261,0.19978261,4.6,5.519,5.62,4.94,5.09,2.0820792e+07,1.5432139e+07
2021-08-17,JOBY,3.0,0.15230465,0.15230465,9.98,11.5,11.5,8.9,9.29,3.701638e+06,2.731997e+07
2021-08-18,PMCB,1.0,0.84210527,0.84210527,3.42,6.3,9.98,6.08,9.9,2.2965456e+08,3.9671762e+06
2021-08-18,KULR,2.0,0.112745166,0.112745166,2.04,2.27,2.27,2.15,2.17,556867.0,1.315192e+06
2021-08-20,GOVX,1.0,0.72790694,0.7279068,4.3,7.43,7.5,5.32,5.71,1.0366365e+08,9.854146e+07
2021-08-20,EDVA,2.0,0.122807026,0.122807026,2.85,3.2,3.2,2.5558,2.63,432630.0,5.6105355e+06
2021-08-20,QFIN,3.0,0.10610938,0.10650897,16.9,18.7,19.8594,18.47,19.45,1.0505208e+07,5.8147896e+07
2021-08-23,VVOS,1.0,0.6979166,0.69791675,3.84,6.52,7.09,5.35,5.9,1.7306123e+08,2.9439668e+06
2021-08-23,XERS,2.0,0.27272725,0.27272725,2.2,2.8,2.98,2.48,2.67,9.9443944e+07,2.4472118e+06
2021-08-23,XOS,3.0,0.11125827,0.11125827,7.55,8.39,8.5,7.53,7.84,649056.0,2.3291902e+06
2021-08-23,STTK,4.0,0.10275686,0.10275686,19.95,22.0,22.52,21.15,21.24,422304.0,2.229233e+06
2021-08-23,FINV,5.0,0.10206783,0.10207605,5.78,6.37,6.49,5.85,6.07,2.382467e+06,2.0050884e+07
2021-08-24,TVRD,1.0,0.21078432,0.21078444,14.28,17.29,18.25,14.53,14.88,3.7887616e+07,1.1565019e+08
2021-08-25,CPOP,1.0,0.13842487,0.13842475,4.19,4.77,4.77,4.26,4.48,1.737202e+07,5.169668e+06
2021-08-25,SNTG,2.0,0.12295079,0.12295079,6.1,6.85,7.36,6.02,6.7,2.842696e+06,2.975963e+07
2021-08-26,NRXP,1.0,0.16111529,0.16111541,12.91,14.99,15.0,13.12,13.26,4.991847e+06,1.6002513e+07
2021-08-26,UUU,2.0,0.1357956,0.1358937,6.77,7.69,8.1195,6.26,6.9,7.242129e+06,5.718363e+07
2021-08-26,BBW,3.0,0.104477644,0.10445106,16.85,18.61,19.71,17.0201,17.54,1.272892e+06,5.226651e+06
2021-08-27,PRFX,1.0,0.21908128,0.21908128,2.83,3.45,3.47,2.8,2.92,2.959111e+06,4.0674628e+06
2021-08-27,MI,2.0,0.16972482,0.16972482,10.9,12.75,13.23,10.03,11.25,2.854205e+07,6.251698e+08
2021-08-27,RNXT,3.0,0.13820934,0.13820934,7.26,8.2634,9.8,7.5,7.71,4.748874e+06,1.3890551e+07
2021-08-27,SBET,4.0,0.12704241,0.12704825,5.59,6.3002,6.8682,5.8301,6.82,9.953742e+06,6.8409805e+06
2021-08-30,ATER,1.0,0.46052635,0.46052635,6.08,8.88,9.0,6.48,6.62,5.2573704e+07,2.3806074e+08
2021-08-30,ROOT,2.0,0.23749995,0.23749995,6.4,7.92,8.4,6.28,6.39,5.5060676e+07,5.9505268e+07
2021-08-30,KPLT,3.0,0.19613254,0.19613266,3.62,4.33,5.79,4.09,5.09,8.8792424e+07,1.114363e+07
2021-08-30,BLIN,4.0,0.1954732,0.1954732,4.86,5.81,6.08,5.12,5.47,1.3585649e+07,2.2960478e+07
2021-08-30,RANI,5.0,0.12879002,0.12879002,20.0,22.5758,22.5758,17.16,17.66,398902.0,6.31802e+06
2021-08-31,ACIU,1.0,0.71816885,0.71816885,6.99,12.01,12.61,7.93,8.13,1.0401503e+08,1.1036511e+06
2021-08-31,CHAI,2.0,0.29629636,0.29629636,3.78,4.9,4.96,4.03,4.46,6.176803e+06,1.6725026e+06
2021-08-31,SPOK,3.0,0.1911422,0.19108284,7.85,9.35,10.02,9.01,9.91,4.097902e+06,1.3163272e+06
2021-08-31,PALI,4.0,0.13186812,0.13186812,2.73,3.09,3.2,2.61,2.81,4.838467e+06,2.3952255e+06
2021-09-01,ABVC,1.0,0.39999998,0.39999998,2.9,4.06,4.75,3.19,3.59,5.3148664e+07,1.0292013e+06
2021-09-01,FCUV,2.0,0.21961033,0.21960783,5.1,6.22,24.48,5.7,19.28,4.0752908e+07,7.605176e+06
2021-09-01,FIRY,3.0,0.15972817,0.15972805,11.77,13.65,13.98,12.075,12.21,1.0487434e+08,4.5152915e+08
2021-09-01,SLI,4.0,0.11434114,0.11434114,5.16,5.75,6.61,5.7,6.6,3.898693e+06,4.535294e+06
2021-09-02,INCR,1.0,0.11851847,0.11851859,6.75,7.55,7.75,6.901,7.07,1.54496e+06,4.3187445e+06
2021-09-02,GSM,2.0,0.11448741,0.11453748,9.08,10.12,11.25,9.36,9.53,3.1865576e+07,6.940832e+07
2021-09-02,FCUV,3.0,0.110996604,0.11099577,19.28,21.42,25.25,16.54,17.91,3.8724692e+07,7.857161e+08
2021-09-03,QNRX,1.0,0.6127273,0.6127273,5.5,8.87,8.88,6.25,6.69,6.4640372e+07,6.4809012e+07
2021-09-03,FTFT,2.0,0.13565886,0.13565898,2.58,2.93,3.17,2.63,2.84,6.958509e+07,2.9020718e+06
2021-09-03,ENVB,3.0,0.11764705,0.11764705,2.21,2.47,2.9099,2.31,2.63,5.9821336e+07,5.471898e+06
2021-09-03,OLB,4.0,0.10020447,0.10020459,4.89,5.38,6.655,4.93,5.38,7.786082e+06,8.803672e+06
2021-09-07,RNXT,1.0,0.41191387,0.41191387,7.89,11.14,11.15,9.16,9.95,1.976415e+07,9.083575e+06
2021-09-07,OPAD,2.0,0.16859794,0.16859794,8.63,10.085,11.78,9.72,10.9,6.349231e+06,3.3872492e+06
2021-09-07,PLRX,3.0,0.13871634,0.13871634,19.32,22.0,24.17,19.04,19.16,1.831647e+06,1.3341812e+06
2021-09-07,RKLB,4.0,0.110946774,0.110946774,13.52,15.02,16.46,14.07,14.5,1.6189636e+07,1.3658834e+08
2021-09-07,ARQQ,5.0,0.10778439,0.10778439,8.35,9.25,26.0,8.88,11.3,3.540211e+06,1.2874198e+06
2021-09-08,ARQQ,1.0,0.23982298,0.23982298,11.3,14.01,19.0,13.01,14.01,1.4966787e+07,4.0004384e+07
2021-09-08,AEI,2.0,0.11250007,0.11249995,2.4,2.67,2.81,2.41,2.57,4.5977896e+07,8.233878e+07
2021-09-09,GROY,1.0,0.23298562,0.2330097,4.12,5.08,5.38,4.9,5.12,1.33317e+07,3.7785878e+06
2021-09-09,CURV,2.0,0.1879741,0.1879741,18.46,21.93,25.02,21.0,24.44,6.547632e+06,2.0297582e+07
2021-09-09,CRDF,3.0,0.13724816,0.13724816,7.05,8.0176,8.58,6.96,6.99,1.9357608e+07,3.1826684e+07
2021-09-10,ABUS,1.0,0.16279078,0.16279078,3.87,4.5,4.67,4.17,4.38,2.5835056e+07,2.422421e+07
2021-09-10,SOS,2.0,0.13953483,0.13953495,2.58,2.94,3.14,2.76,2.8,5.7012404e+07,1.6672816e+07
2021-09-10,SY,3.0,0.1137774,0.113680124,5.19,5.78,5.8753,5.26,5.33,2.011065e+06,3.857618e+06
2021-09-10,KPLT,4.0,0.10317457,0.10317457,6.3,6.95,7.16,6.33,6.45,2.2577678e+07,5.834986e+07
2021-09-13,MEC,1.0,0.24353445,0.24353445,13.92,17.31,18.49,16.02,17.3,981113.0,1.3334804e+06
2021-09-13,ATER,2.0,0.21186435,0.21186435,11.8,14.3,19.1,14.19,17.98,2.424844e+08,9.272034e+08
2021-09-13,GGAL,3.0,0.1568842,0.15687501,10.56,12.2166,12.75,11.33,11.54,4.840259e+06,1.4174836e+07
2021-09-13,SUPV,4.0,0.117351174,0.11740887,2.47,2.76,2.89,2.58,2.63,2.363741e+06,2.0092784e+06
2021-09-13,BMA,5.0,0.11723602,0.1170038,18.29,20.43,21.2,19.5,19.73,1.370195e+06,7.138953e+06
2021-09-14,ATYR,1.0,0.34535527,0.34535527,9.15,12.31,12.97,8.8,9.0,1.0910612e+08,1.0516879e+09
2021-09-14,LIFE,2.0,0.34535527,0.34535527,9.15,12.31,12.97,8.8,9.0,1.0910612e+08,1.0516879e+09
2021-09-14,SUNE,3.0,0.2150222,0.21502209,6.79,8.25,9.69,7.79,9.41,2.6661488e+07,2.5715768e+06
2021-09-14,KPLT,4.0,0.10650885,0.10650885,6.76,7.48,7.59,6.34,6.6,2.4630892e+07,1.3818395e+08
2021-09-14,FCEL,5.0,0.10320282,0.10320282,5.62,6.2,7.54,6.12,6.44,2.158401e+08,1.2826754e+08
2021-09-15,INDP,1.0,0.6760961,0.6760962,7.07,11.85,28.8299,10.2,10.75,1.6954749e+08,1.207457e+06
2021-09-15,IPHA,2.0,0.11151743,0.11151743,5.47,6.08,6.1091,5.35,5.58,620988.0,1.2381235e+06
2021-09-16,OPAD,1.0,0.35135138,0.35135138,12.58,17.0,20.97,13.74,19.97,1.1141084e+08,8.7218296e+07
2021-09-16,TMC,2.0,0.29900002,0.29900002,10.0,12.99,13.68,11.14,12.39,4.2648452e+07,7.241589e+07
2021-09-16,SPIR,3.0,0.24282789,0.24282789,9.76,12.13,13.2,10.86,11.41,4.167584e+06,4.4632385e+06
2021-09-16,INDP,4.0,0.22325587,0.22325575,10.75,13.15,15.0,11.11,11.58,5.7347364e+07,1.8226355e+09
2021-09-16,PMCB,5.0,0.14371264,0.14371264,3.34,3.82,3.93,3.36,3.5,1.6845538e+07,5.899475e+06
2021-09-17,CRVS,1.0,0.6769911,0.6769911,2.26,3.79,5.8,3.57,5.32,2.4833478e+08,9.240442e+06
2021-09-17,IPHA,2.0,0.32173908,0.32173908,5.75,7.6,11.95,7.5,8.1,6.6347136e+07,1.616509e+06
2021-09-17,ABCL,3.0,0.14292932,0.14292932,19.8,22.63,22.6337,19.81,20.36,1.5079225e+07,1.30341176e+08
2021-09-20,VSTM,1.0,0.20289862,0.2028985,2.76,3.32,3.58,2.72,2.81,3.5588508e+07,2.3103994e+07
2021-09-21,NNVC,1.0,0.3799473,0.3799473,3.79,5.23,7.86,4.7,6.19,1.0103242e+08,1.1722129e+06
2021-09-21,SPIR,2.0,0.10965252,0.10965252,12.95,14.37,18.36,13.53,15.27,1.2204383e+07,1.5118309e+07
2021-09-22,AEMD,1.0,0.28421056,0.28421056,3.8,4.88,5.9899,4.68,5.06,9.650728e+07,6.4939945e+06
2021-09-22,ATER,2.0,0.12923074,0.12923074,13.0,14.68,16.93,14.01,16.72,9.774786e+07,7.7969536e+08
2021-09-22,XPOF,3.0,0.104448676,0.104448676,10.34,11.42,11.98,11.1,11.16,274345.0,2.4331365e+06
2021-09-23,MRM,1.0,1.0834744,1.0834744,7.3891,15.395,18.45,11.06,12.8,4.9005364e+07,1.1385532e+07
2021-09-23,JSPR,2.0,0.33333325,0.33333337,10.23,13.64,14.93,10.62,14.36,9.905533e+06,3.3921962e+06
2021-09-23,DBGI,3.0,0.19341564,0.19341564,2.43,2.9,3.09,2.6,2.81,1.6159071e+07,7.458122e+06
2021-09-24,AEHR,1.0,0.18845499,0.18845499,11.78,14.0,16.75,13.54,15.82,6.508711e+07,4.748354e+07
2021-09-24,CAPR,2.0,0.16135454,0.16135454,5.02,5.83,5.85,4.98,5.23,2.745165e+07,2.9097375e+06
2021-09-24,IMRN,3.0,0.13012052,0.13012052,4.15,4.69,5.2,4.11,4.55,1.799288e+06,1.4310736e+06
2021-09-27,RCAT,1.0,0.5708332,0.5708332,2.4,3.77,4.24,3.41,3.6,2.376853e+08,2.560296e+06
2021-09-27,QNRX,2.0,0.40611815,0.40611815,18.96,26.66,29.8,21.01,21.37,8.000702e+06,4.0171308e+06
2021-09-27,IPM,3.0,0.25187027,0.25187027,4.01,5.02,5.75,4.58,5.4,3.2495988e+07,1.813402e+07
2021-09-28,DBGI,1.0,0.62033904,0.62033904,2.95,4.78,4.87,3.41,3.52,8.388533e+07,3.587498e+06
2021-09-28,GOGO,2.0,0.1382978,0.1382978,12.22,13.91,17.75,13.85,16.82,4.4386812e+07,5.3135985e+06
2021-09-28,FEIM,3.0,0.13715649,0.13719368,9.55,10.8602,11.33,10.02,10.6,658744.0,3.201838e+06
2021-09-29,GOVX,1.0,0.16507173,0.16507185,4.18,4.87,5.04,4.22,4.5,1.1319897e+07,1.6452734e+07
2021-09-29,FBIO,2.0,0.1205883,0.12058818,3.4,3.81,3.81,3.49,3.6,1.2072404e+07,1.0203978e+06
2021-09-29,PRQR,3.0,0.10455561,0.10455561,8.1,8.9469,9.09,7.84,8.05,3.564721e+06,8.825777e+06
2021-09-30,IPM,1.0,0.351609,0.351609,8.39,11.34,14.25,9.61,10.57,9.933408e+07,1.1182584e+09
2021-09-30,BLIN,2.0,0.15885413,0.15885413,3.84,4.45,4.5,3.87,4.11,1.2283373e+07,2.5815705e+06
2021-09-30,AMTX,3.0,0.13480401,0.13480401,16.32,18.52,19.74,17.22,18.28,6.950122e+06,1.0641374e+07
2021-09-30,MYSE,4.0,0.108275294,0.108275294,12.93,14.33,14.79,12.92,13.65,1.8324304e+07,6.946634e+08
2021-10-01,IPM,1.0,0.17880797,0.17880797,10.57,12.46,13.57,9.9,10.07,4.6076876e+07,1.0499612e+09
2021-10-01,KEEL,2.0,0.11058819,0.11058819,4.25,4.72,5.05,4.6,5.03,9.772988e+06,2.247839e+07
2021-10-04,XENE,1.0,0.69935894,0.69935894,15.6,26.51,32.35,25.22,31.5,6.394779e+07,4.8151895e+06
2021-10-04,JSPR,2.0,0.24465811,0.24465811,9.36,11.65,12.03,9.27,9.27,3.968488e+06,1.6877296e+06
2021-10-04,RDHL,3.0,0.22535467,0.22535479,4.37,5.3548,5.39,4.63,4.88,8.953899e+06,2.4348852e+06
2021-10-04,WBX,4.0,0.12639415,0.12639415,8.07,9.09,10.0,8.3,8.6,411761.0,2.5650495e+06
2021-10-05,BSIN,1.0,0.1546483,0.15466106,4.72,5.45,5.57,4.56,4.84,1.9484172e+07,8.154503e+06
2021-10-05,RYM,2.0,0.13156474,0.13156474,18.47,20.9,21.83,18.06,18.61,3.02183e+06,2.242064e+07
2021-10-05,TISI,3.0,0.11728394,0.11728394,3.24,3.62,3.67,3.31,3.46,3.191223e+06,4.3466675e+06
2021-10-05,TAOX,4.0,0.10604334,0.10604322,8.77,9.7,11.13,9.605,9.99,2.080102e+06,1.6850591e+06
2021-10-05,WBX,5.0,0.103488445,0.103488326,8.6,9.49,10.1,9.09,9.4,733028.0,3.5411448e+06
2021-10-06,BTBT,1.0,0.1458937,0.1458937,10.35,11.86,12.42,10.9,11.22,9.102742e+07,7.8342976e+08
2021-10-06,MTVA,2.0,0.12727273,0.12727273,2.2,2.48,2.48,2.08,2.1,547945.0,1.1104654e+06
2021-10-06,PWCM,3.0,0.10112357,0.10112369,4.45,4.9,5.13,4.29,4.73,8.752316e+06,3.2655345e+06
2021-10-08,CCXI,1.0,0.8867346,0.8867346,19.6,36.98,40.9,29.07,38.41,1.4585291e+08,1.2396736e+08
2021-10-11,PTGX,1.0,0.8681359,0.8681359,18.24,34.0748,37.1,32.1,35.36,4.584543e+07,7.542933e+06
2021-10-11,NXXT,2.0,0.12492764,0.1249603,3.4579,3.89,4.4,3.5701,3.68,2.9732816e+07,3.2559032e+06
2021-10-11,EMPD,3.0,0.10015333,0.10015333,9.13,10.0444,10.67,9.14,9.28,2.227316e+06,1.9759794e+07
2021-10-12,GWH,1.0,0.51919377,0.5191939,10.42,15.83,28.92,15.26,23.8,6.997368e+07,3.2768192e+07
2021-10-12,NTRB,2.0,0.4513638,0.45135128,7.4,10.74,12.32,9.1,9.7,6.964325e+07,6.3949395e+06
2021-10-12,TIPT,3.0,0.21163487,0.212093,10.75,13.03,14.3837,12.8101,14.22,4.154417e+06,2.3168185e+06
2021-10-12,TARA,4.0,0.15096295,0.15096295,6.75,7.769,7.95,7.11,7.55,1.1379376e+07,1.9317285e+06
2021-10-12,WWR,5.0,0.1031518,0.1031518,3.49,3.85,4.19,3.61,3.81,5.797364e+06,1.3344842e+07
2021-10-13,JSPR,1.0,0.20804441,0.20804441,7.21,8.71,18.24,8.68,14.79,9.2515336e+07,2.961486e+06
2021-10-13,AHG,2.0,0.1806283,0.1806283,3.82,4.51,4.72,3.94,4.38,3.684992e+06,7.6988585e+06
2021-10-13,KOSS,3.0,0.1803962,0.1803962,19.18,22.64,22.92,17.86,18.65,1.2328519e+07,5.484953e+07
2021-10-13,SNTG,4.0,0.12741315,0.12741315,2.59,2.92,3.25,2.47,2.77,1.0817659e+07,4.8309845e+06
2021-10-13,MYSE,5.0,0.12125242,0.12125242,15.01,16.83,17.29,10.93,11.0,8.7464e+07,7.8009043e+08
2021-10-14,NRXP,1.0,0.27436447,0.27436447,9.44,12.03,13.49,11.251,11.91,6.031589e+07,5.2662756e+07
2021-10-14,DRIO,2.0,0.11624622,0.11624634,13.48,15.047,16.54,14.67,16.2,785801.0,1.4765452e+06
2021-10-14,OPAD,3.0,0.11124849,0.111248374,8.09,8.99,9.1999,8.0401,8.18,1.1751445e+07,6.6389615e+06
2021-10-14,SLE,4.0,0.10537994,0.10537994,3.29,3.6367,3.6683,3.31,3.33,875580.0,1.2491011e+06
2021-10-15,PWCM,1.0,0.42441857,0.42441857,3.44,4.9,5.75,4.37,4.75,6.2425084e+07,2.115567e+07
2021-10-15,JSPR,2.0,0.3926282,0.3926282,12.48,17.38,18.88,14.15,16.42,3.5779916e+07,5.035067e+07
2021-10-15,SNOA,3.0,0.19191921,0.19191921,5.94,7.08,7.2,6.03,6.27,2.275568e+07,2.3913015e+06
2021-10-15,ABVC,4.0,0.15040648,0.15040648,2.46,2.83,3.2,2.5,2.71,6.131133e+06,7.2441e+06
2021-10-18,MGTX,1.0,0.24089634,0.24089634,14.28,17.72,19.1699,16.54,18.56,7.911779e+06,1.9624146e+06
2021-10-18,AGRO,2.0,0.10081518,0.100783825,8.93,9.83,10.17,9.55,9.64,1.822761e+06,7.616576e+06
2021-10-19,WATT,1.0,0.27499998,0.27499998,2.0,2.55,2.65,2.12,2.19,8.487047e+07,1.752268e+06
2021-10-19,OLB,2.0,0.19111967,0.19111979,5.18,6.17,6.33,5.3,5.61,1.5872478e+07,2.3735225e+06
2021-10-19,EDSA,3.0,0.13824284,0.13824296,7.74,8.81,8.85,7.95,8.22,6.095961e+06,1.0199772e+06
2021-10-20,BON,1.0,0.11230314,0.11230326,6.86,7.6304,9.77,6.75,7.34,1.950671e+06,1.7912558e+06
2021-10-21,DJT,1.0,0.2781124,0.2781124,9.96,12.73,52.0,12.62,45.5,5.0006554e+08,6.9532355e+06
2021-10-21,AHG,2.0,0.16481185,0.16481185,18.87,21.98,22.39,8.99,9.14,3.6877824e+07,1.107603e+09
2021-10-22,DJTWW,1.0,3.0194864,3.0194864,11.29,45.38,79.22,26.09,29.1,5.135714e+07,1.0639197e+09
2021-10-22,DIBS,2.0,0.19572473,0.19572473,14.97,17.9,19.0,15.02,15.51,765445.0,1.6151582e+06
2021-10-22,LTRYW,3.0,0.15555549,0.15555549,2.7,3.12,3.6,2.7,3.14,1.976008e+06,5.1166835e+06
2021-10-22,TDACW,4.0,0.15555549,0.15555549,2.7,3.12,3.6,2.7,3.14,1.976008e+06,5.1166835e+06
2021-10-22,YHGJ,5.0,0.12019229,0.12019229,2.08,2.33,3.41,2.15,2.66,1.1371911e+07,1.0829706e+06
2021-10-25,BKKT,1.0,0.51147544,0.51147544,9.15,13.83,30.6,13.75,30.6,1.0176739e+07,4.9290116e+07
2021-10-25,PHUN,2.0,0.3638444,0.3638444,8.74,11.92,12.0,6.65,7.16,2.3937798e+08,5.634709e+09
2021-10-25,JSPR,3.0,0.19060051,0.19060051,11.49,13.68,14.65,11.5,11.79,826026.0,8.879713e+06
2021-10-25,DIBS,4.0,0.15151513,0.15151513,15.51,17.86,17.9996,15.72,17.73,1.130637e+06,1.1872052e+07
2021-10-25,IBN,5.0,0.1075325,0.10753775,19.9,22.04,22.04,21.87,21.87,552344.0,2.880133e+08
2021-10-26,ROIV,1.0,0.28928983,0.28928983,7.04,9.0766,9.4,7.75,8.41,2.442923e+06,1.9785779e+06
2021-10-26,GRABW,2.0,0.28717947,0.28717947,3.9,5.02,5.0992,3.16,3.59,844717.0,1.7160625e+06
2021-10-26,LIDR,3.0,0.20898867,0.20898879,4.45,5.38,9.19,5.25,5.5,7.462583e+07,8.1332335e+06
2021-10-26,OCGN,4.0,0.1905781,0.1905781,9.34,11.12,13.23,8.3149,9.15,2.3927125e+08,3.576286e+08
2021-10-26,TIGR,5.0,0.18510163,0.18510163,8.86,10.5,10.8,8.52,8.67,2.7690224e+07,5.092623e+07
2021-10-27,PHUN,1.0,0.15862072,0.15862072,4.35,5.04,5.65,4.51,4.78,1.741146e+08,5.5421434e+08
2021-10-28,DBGI,1.0,0.7590759,0.7590759,3.03,5.33,6.64,3.6,3.8,1.1763475e+08,3.1468428e+06
2021-10-28,IFRX,2.0,0.48251748,0.48251748,2.86,4.24,5.24,3.64,4.06,1.2132591e+08,5.5584555e+06
2021-10-28,MYSE,3.0,0.19015968,0.19015956,7.52,8.95,9.45,7.81,7.94,2.36011e+07,4.4279428e+07
2021-10-28,CYH,4.0,0.15331352,0.15331352,10.11,11.66,12.43,11.02,11.97,5.764003e+06,1.920809e+07
2021-10-29,ATEN,1.0,0.16434121,0.16462088,13.85,16.13,19.05,16.03,18.69,8.826014e+06,7.152639e+06
2021-10-29,UAVS,2.0,0.14339626,0.14339614,2.65,3.03,3.37,2.72,2.87,5.998993e+07,7.8772315e+06
2021-10-29,WBX,3.0,0.116915464,0.116915345,16.08,17.96,18.48,15.25,15.65,1.668105e+06,4.053141e+07
2021-10-29,METC,4.0,0.10821259,0.10824418,15.89,17.61,18.95,17.2,18.59,1.633634e+06,8.914179e+06
2021-11-01,SLDPW,1.0,0.19529414,0.19529414,4.25,5.08,5.49,4.55,4.85,537061.0,2.2624068e+06
2021-11-01,DBVT,2.0,0.118811965,0.118811965,3.03,3.39,3.39,3.15,3.25,2.310685e+06,5.6386055e+06
2021-11-02,BRCC,1.0,0.4704684,0.4704684,9.82,14.44,15.75,11.0,11.33,9.991616e+07,4.0338005e+06
2021-11-02,BBLG,2.0,0.28649628,0.2864964,5.48,7.05,7.1219,5.18,5.39,6.117592e+06,9.691331e+06
2021-11-02,SABS,3.0,0.24531436,0.24534988,8.43,10.4983,11.45,8.3501,9.17,4.218527e+06,1.386859e+07
2021-11-02,UA,4.0,0.1534419,0.1534419,19.03,21.95,22.48,21.56,21.68,1.2286219e+07,5.4821396e+07
2021-11-02,HLIT,5.0,0.10396576,0.10396576,9.33,10.3,11.0999,10.3,10.5,2.91889e+06,1.8242622e+07
2021-11-03,INVE,1.0,0.15490091,0.15490091,19.69,22.74,24.0,21.81,22.29,933926.0,2.3394675e+06
2021-11-03,GFAI,2.0,0.14798212,0.147982,2.23,2.56,2.64,2.36,2.48,9.060021e+06,3.124442e+06
2021-11-03,OCGN,3.0,0.111040235,0.111040235,15.67,17.41,17.65,12.3,12.73,2.1594411e+08,2.8224625e+09
2021-11-03,CTEV,4.0,0.110360265,0.110360265,4.44,4.93,5.31,4.72,4.76,7.04013e+06,1.9432362e+07
2021-11-04,EVAX,1.0,2.583077,2.583077,6.5,23.29,25.04,12.0,12.68,3.6052464e+07,1.272583e+07
2021-11-04,PETZ,2.0,0.70464134,0.70464146,2.37,4.04,4.67,2.88,4.26,1.3172483e+08,5.3142016e+07
2021-11-04,QNST,3.0,0.32366085,0.32366085,13.44,17.79,18.23,15.08,15.46,1.976919e+06,1.160595e+07
2021-11-04,XRTX,4.0,0.26873386,0.26873386,3.87,4.91,5.89,3.12,4.0,2.8568012e+07,1.066477e+08
2021-11-04,WBX,5.0,0.1405406,0.1405406,18.5,21.1,21.1,17.73,17.97,920928.0,3.8739664e+07
2021-11-05,IHRT,1.0,0.13052416,0.13052416,19.46,22.0,22.4,18.955,20.12,1.656773e+06,3.094134e+07
2021-11-05,GPRO,2.0,0.12049544,0.12049544,8.88,9.95,10.1,9.285,9.58,8.711136e+06,3.5098628e+07
2021-11-05,FNKO,3.0,0.11595869,0.11595869,17.42,19.44,20.0,18.37,18.98,1.915081e+06,1.1222103e+07
2021-11-05,MNR,4.0,0.11563516,0.1150583,18.86,21.03,21.14,20.99,21.12,9.643537e+06,8.2977965e+06
2021-11-05,CNTY,5.0,0.11236322,0.11236322,13.71,15.2505,15.89,14.5,15.75,380505.0,9.068617e+06
2021-11-08,AUTL,1.0,0.30035973,0.30035973,5.56,7.23,7.9,6.76,6.97,4.190946e+07,2.4816225e+06
2021-11-08,EVGO,2.0,0.21292591,0.21292591,9.98,12.105,14.4,11.12,13.43,5.4390216e+07,2.0611742e+07
2021-11-08,BGDE,3.0,0.19477439,0.19477439,12.63,15.09,15.09,13.0,13.43,275958.0,1.6929758e+06
2021-11-08,GOTU,4.0,0.1608392,0.1608392,2.86,3.32,3.42,2.98,3.14,3.794968e+07,1.2478812e+07
2021-11-08,INTT,5.0,0.14710367,0.14710367,13.12,15.05,15.48,14.38,15.0,444461.0,1.6260928e+06
2021-11-09,EVGO,1.0,0.3123604,0.3123604,13.43,17.625,17.76,14.18,14.8,8.942394e+07,7.304606e+08
2021-11-09,ATER,2.0,0.3001604,0.30016053,6.23,8.1,8.31,6.74,7.01,3.225878e+07,7.062321e+07
2021-11-09,TDUP,3.0,0.23309064,0.23309064,19.22,23.7,23.7,18.66,20.01,2.641811e+06,1.5499526e+07
2021-11-09,INVZ,4.0,0.19198322,0.19198322,4.74,5.65,5.67,5.11,5.36,1.2788483e+07,5.0199585e+06
2021-11-09,REAL,5.0,0.16618073,0.16618073,13.72,16.0,17.09,15.29,16.28,1.404353e+07,8.0051224e+07
2021-11-10,BEKE,1.0,0.10446966,0.104598284,19.79,21.86,23.0,21.43,22.26,2.4647028e+07,3.9065667e+08
2021-11-11,FOSL,1.0,0.31430638,0.31430638,13.84,18.19,20.0,16.65,16.98,1.917444e+07,1.6790938e+07
2021-11-11,PPSI,2.0,0.21515381,0.21502209,6.79,8.25,10.08,7.58,7.82,9.9700744e+07,4.6495916e+07
2021-11-11,OPEN,3.0,0.20645487,0.20619869,19.52,23.545,24.4,22.08,22.56,4.6322976e+07,5.8789824e+08
2021-11-11,SBH,4.0,0.1571114,0.1571114,18.14,20.99,21.35,19.0,19.97,1.655387e+06,3.292633e+07
2021-11-11,KRMD,5.0,0.13120568,0.13120568,2.82,3.19,3.59,3.04,3.53,2.172847e+06,3.7023075e+06
2021-11-12,MITQ,1.0,0.2185185,0.2185185,2.7,3.29,3.5,3.1,3.28,2.7774888e+07,1.7797458e+07
2021-11-12,MRAM,2.0,0.20972645,0.20972645,6.58,7.96,11.17,7.92,10.74,9.269349e+07,2.8186482e+06
2021-11-12,RLX,3.0,0.18942416,0.18930972,4.49,5.34,5.65,4.86,4.98,3.552539e+07,2.86957e+07
2021-11-12,XPOF,4.0,0.17255497,0.17255497,19.53,22.9,24.73,21.74,23.6,1.531034e+06,4.9875325e+06
2021-11-12,SWAG,5.0,0.14609051,0.14609051,4.86,5.57,6.08,5.3,5.75,7.408616e+06,1.7159722e+07
2021-11-15,EYPT,1.0,0.37401855,0.37401855,14.01,19.25,21.5,14.0326,14.3,1.6726711e+07,4.124292e+06
2021-11-15,ABTC,2.0,0.20415223,0.20415223,2.89,3.48,3.88,3.08,3.26,3.526732e+07,9.724564e+06
2021-11-15,UAVS,3.0,0.13261652,0.13261652,2.79,3.16,3.17,2.67,2.68,1.2137197e+07,6.229442e+06
2021-11-15,OXBR,4.0,0.10644257,0.10644257,3.57,3.95,4.18,3.63,3.99,2.38675e+06,1.4644325e+07
2021-11-15,JSPR,5.0,0.103773475,0.103773594,8.48,9.36,9.44,8.53,8.84,516710.0,2.2714442e+06
2021-11-16,RXT,1.0,0.13142085,0.13142085,14.99,16.96,18.5,16.371,16.7,6.832931e+06,2.6144328e+07
2021-11-16,LTRYW,2.0,0.12179494,0.12179494,3.12,3.5,3.6,2.41,2.84,2.32875e+06,2.356536e+06
2021-11-17,BTLN,1.0,0.18949223,0.18949223,16.94,20.15,21.0,15.65,17.13,7.324614e+06,2.4578722e+07
2021-11-17,APWC,2.0,0.15298498,0.15298498,2.68,3.09,3.1901,2.8,3.01,1.334909e+06,4.425835e+06
2021-11-17,BRTX,3.0,0.1406492,0.1406492,6.47,7.38,7.38,6.86,6.89,91531.0,1.4247134e+06
2021-11-18,KTTA,1.0,0.21848738,0.21848738,2.38,2.9,2.9,2.33,2.4,1.075784e+06,1.5251636e+06
2021-11-18,CRDF,2.0,0.15296376,0.15296376,5.23,6.03,6.29,5.6,6.21,1.9750878e+07,3.7635028e+06
2021-11-19,LGVN,1.0,0.7190684,0.7190685,6.87,11.81,14.75,8.95,10.03,1.0160254e+08,1.9138854e+09
2021-11-19,UWMC,2.0,0.21185982,0.2119565,5.52,6.69,7.03,6.35,6.44,2.5403848e+07,5.605179e+07
2021-11-19,TUSK,3.0,0.15384614,0.15384614,2.21,2.55,2.77,2.3101,2.49,1.7801254e+07,1.2017719e+07
2021-11-19,CNTX,4.0,0.12134826,0.12134826,4.45,4.99,5.9,4.78,4.89,7.93522e+06,2.6323172e+06
2021-11-19,PHUN,5.0,0.10764873,0.10764873,3.53,3.91,4.12,3.54,3.7,4.362983e+07,3.2740782e+07
2021-11-22,VG,1.0,0.24799514,0.24740374,16.37,20.42,20.82,20.375,20.79,1.1192384e+08,3.0261322e+07
2021-11-22,PRFX,2.0,0.14410484,0.14410472,2.29,2.62,2.82,2.11,2.3,1.743309e+07,3.2869515e+06
2021-11-22,SY,3.0,0.13643134,0.13657403,4.32,4.91,4.91,4.56,4.82,4.78349e+06,3.474913e+06
2021-11-22,BSAC,4.0,0.10508466,0.105116844,17.98,19.87,20.16,19.01,19.61,1.349979e+06,1.6101485e+07
2021-11-23,ISPC,1.0,0.8967905,0.8967905,8.88,16.8435,18.5,11.2,13.19,3.9997744e+07,8.786414e+08
2021-11-23,APVO,2.0,0.4675926,0.4675926,6.48,9.51,22.0799,8.36,17.03,1.6418534e+08,4.0886012e+06
2021-11-23,SPRU,3.0,0.15301728,0.15301728,4.64,5.35,6.38,4.821,4.95,3.01495e+07,1.2585197e+07
2021-11-23,RLX,4.0,0.12637019,0.12627304,4.91,5.53,5.9,4.8,4.97,6.4789096e+07,1.3799283e+08
2021-11-24,GAME,1.0,0.19182384,0.19182384,3.18,3.79,4.2999,3.45,3.81,2.0438512e+07,8.95246e+06
2021-11-24,QTEX,2.0,0.13636363,0.13636363,2.86,3.25,3.52,2.96,3.16,1.0573974e+07,1.1372561e+06
2021-11-24,LOCL,3.0,0.12495196,0.12495637,8.0092,9.01,12.87,8.76,10.62,2.70549e+06,1.1495285e+06
2021-11-24,ORMP,4.0,0.114840984,0.11532128,18.21,20.31,22.12,18.0,18.92,2.28659e+06,3.7849172e+07
2021-11-24,SLI,5.0,0.11264372,0.11264372,8.7,9.68,10.74,9.18,10.63,8.14225e+06,2.6178586e+07
2021-11-26,ISPC,1.0,0.79509807,0.79509807,10.2,18.31,24.6699,16.42,17.51,7.097526e+07,1.1833132e+08
2021-11-26,BFRI,2.0,0.37931037,0.37931037,5.22,7.2,9.49,6.58,7.9,1.037033e+08,1.184221e+09
2021-11-26,GOVX,3.0,0.23195875,0.23195875,3.88,4.78,4.9099,4.1801,4.69,8.912558e+06,1.4815702e+06
2021-11-26,IVVD,4.0,0.1745863,0.1745863,18.73,22.0,27.86,21.21,25.12,2.852139e+06,5.098362e+06
2021-11-26,SABS,5.0,0.103370786,0.103370786,8.9,9.82,10.75,9.28,10.5,784239.0,1.1047925e+06
2021-11-29,NRXP,1.0,0.4962963,0.4962964,6.75,10.1,10.39,7.71,8.1,7.4625336e+07,1.474949e+08
2021-11-29,CMPX,2.0,0.16149068,0.16149068,3.22,3.74,3.749,2.97,3.05,872635.0,1.7515899e+06
2021-11-29,QTEX,3.0,0.13333333,0.13333333,3.3,3.74,3.79,3.15,3.35,3.591003e+06,1.1041803e+07
2021-11-29,FRMM,4.0,0.10905731,0.10905731,5.41,6.0,6.42,5.51,5.71,4.964133e+06,1.2464613e+07
2021-11-29,ATEC,5.0,0.106906295,0.106906295,10.57,11.7,11.95,10.52,10.82,2.373626e+06,1.4918286e+07
2021-11-30,CPIX,1.0,0.8773042,0.8772727,2.2,4.13,5.4799,4.03,5.03,2.0785722e+08,4.0620932e+07
2021-11-30,PPSI,2.0,0.416705,0.41677594,7.63,10.81,11.96,8.29,10.11,7.7019016e+07,1.6369064e+08
2021-11-30,LITS,3.0,0.15107727,0.15102041,2.45,2.82,3.55,2.76,3.37,2.713272e+07,2.8339125e+06
2021-11-30,MDXH,4.0,0.10509217,0.10509217,9.23,10.2,10.2,8.89,9.08,90925.0,1.1733638e+06
2021-11-30,CNTX,5.0,0.10215056,0.10215056,5.58,6.15,6.95,5.93,6.88,5.805671e+06,1.745304e+07
2021-12-01,SVRN,1.0,0.9501916,0.95019174,5.22,10.18,10.75,6.1395,6.54,4.515045e+07,2.8195688e+07
2021-12-01,ABUS,2.0,0.59375,0.59375,3.2,5.1,6.5,4.13,4.61,3.2284186e+08,5.8746115e+06
2021-12-01,CNTX,3.0,0.17296505,0.17296505,6.88,8.07,10.87,7.07,7.16,7.985918e+07,3.9943016e+07
2021-12-01,BBW,4.0,0.13834262,0.1377492,17.06,19.41,23.3399,18.52,21.66,3.610347e+06,6.0067575e+06
2021-12-01,ROIV,5.0,0.13423824,0.13423824,6.63,7.52,9.77,7.1,8.89,6.955825e+06,2.2024728e+06
2021-12-02,OMER,1.0,0.22287393,0.22287393,6.82,8.34,8.4499,6.78,7.32,1.8452276e+07,4.228509e+06
2021-12-02,GRAB,2.0,0.18574023,0.18574023,11.01,13.055,13.29,8.13,8.75,3.7943316e+07,1.007619e+08
2021-12-02,PHUN,3.0,0.1415385,0.1415385,3.25,3.71,4.04,3.36,3.5,1.08347496e+08,1.4247328e+08
2021-12-02,RLX,4.0,0.109371066,0.109488964,4.11,4.56,4.69,3.9,4.43,5.452273e+07,8.765441e+07
2021-12-03,LGVN,1.0,0.36833334,0.36833334,18.0,24.63,26.0,20.01,20.12,2.8766564e+07,6.152161e+07
2021-12-03,BZFD,2.0,0.12714434,0.12714434,9.91,11.17,11.2309,8.5,9.62,948040.0,1.5680791e+06
2021-12-03,ISPC,3.0,0.11163151,0.11163151,12.81,14.24,16.96,12.25,13.24,9.611781e+06,4.121068e+07
2021-12-03,PRCH,4.0,0.1051805,0.1051805,19.11,21.12,21.12,17.14,17.69,1.395425e+06,2.2240964e+07
2021-12-06,TACO,1.0,0.6466826,0.6467463,7.53,12.4,12.54,12.39,12.51,1.0946221e+07,2.2404688e+06
2021-12-06,ACET,2.0,0.39285707,0.39285707,9.8,13.65,15.67,12.4,13.57,4.8714544e+07,2.7360032e+06
2021-12-06,RUMBW,3.0,0.37023532,0.37023532,3.4,4.6588,4.95,3.16,3.75,8.64932e+06,2.3647718e+07
2021-12-06,RUM,4.0,0.22352946,0.22352946,11.9,14.56,15.48,12.0,12.7,7.77607e+07,5.396756e+08
2021-12-06,DJTWW,5.0,0.18963432,0.18963432,15.1307,18.0,18.27,13.55,13.66,1.480102e+06,9.143164e+06
2021-12-07,GEVO,1.0,0.21359217,0.21359217,5.15,6.25,6.3,5.42,5.55,4.3013536e+07,5.2570852e+07
2021-12-07,DJTWW,2.0,0.13469982,0.13469982,13.66,15.5,16.75,14.5,16.48,1.218528e+06,2.0218194e+07
2021-12-07,BJDX,3.0,0.12840462,0.12840474,2.57,2.9,2.96,2.58,2.63,1.8817376e+07,5.392248e+06
2021-12-07,JMIA,4.0,0.12466121,0.12466121,11.07,12.45,14.06,12.39,13.37,2.2391956e+07,5.1052944e+07
2021-12-07,ACAD,5.0,0.12391758,0.12391758,19.4,21.804,21.86,19.81,21.32,6.102253e+06,5.1063924e+07
2021-12-08,TULP,1.0,0.2331407,0.2331407,10.38,12.8,24.85,12.16,19.11,6.816596e+07,1.2067087e+08
2021-12-08,DARE,2.0,0.14532602,0.14514613,2.122,2.43,2.51,2.01,2.13,1.1416947e+08,6.77016e+07
2021-12-08,RLX,3.0,0.10742247,0.10741687,3.91,4.33,4.93,4.15,4.76,5.5576828e+07,6.049602e+07
2021-12-09,QTEX,1.0,1.2527881,1.2527881,2.69,6.06,6.24,4.52,4.95,1.6650101e+08,1.4972432e+06
2021-12-09,ENSC,2.0,0.81543624,0.8154361,2.98,5.41,6.27,4.47,4.97,1.1776748e+08,7.043861e+07
2021-12-09,CHAI,3.0,0.21495318,0.21495318,4.28,5.2,5.4763,3.99,4.08,1.6161055e+07,2.7494084e+07
2021-12-09,APRE,4.0,0.13616502,0.13621366,4.12,4.6812,4.7,4.06,4.21,6.576429e+06,3.7184935e+06
2021-12-09,EVGO,5.0,0.12366474,0.12366474,12.17,13.675,13.76,12.6,12.84,1.7723132e+07,3.1855778e+07
2021-12-10,CNTX,1.0,0.18210864,0.18210864,6.26,7.4,7.65,5.1,5.38,3.568135e+07,1.4187571e+08
2021-12-10,EFOI,2.0,0.16430604,0.16430604,3.53,4.11,4.13,3.21,3.45,1.699899e+07,4.6437e+07
2021-12-10,WEAV,3.0,0.13367808,0.13367808,13.54,15.35,15.35,14.37,14.55,806578.0,4.530064e+06
2021-12-10,CXM,4.0,0.10954845,0.10954845,13.51,14.99,16.39,14.64,15.03,3.19111e+06,6.902813e+06
2021-12-10,NU,5.0,0.10842204,0.10842204,10.33,11.45,11.85,9.8,11.85,5.101905e+07,1.0819255e+09
2021-12-13,FHTX,1.0,0.51042545,0.51042545,11.99,18.11,19.0,15.26,18.58,2.3900498e+07,1.1233191e+06
2021-12-13,BFRI,2.0,0.23836124,0.23836136,5.37,6.65,8.25,5.82,6.82,7.6717224e+07,1.7609934e+08
2021-12-13,CCO,3.0,0.12459016,0.12459016,3.05,3.43,3.44,3.245,3.29,4.439068e+06,8.163041e+06
2021-12-13,JWEL,4.0,0.102391005,0.10238266,14.9,16.4255,16.85,14.43,16.72,311677.0,5.0448732e+07
2021-12-14,JILL,1.0,0.100286484,0.10041261,14.54,16.0,16.4286,15.34,16.27,128439.0,1.1621822e+06
2021-12-15,RUMBW,1.0,0.37837732,0.37837732,2.65,3.6527,3.66,2.9611,3.34,1.074651e+06,3.537827e+06
2021-12-15,BFRI,2.0,0.2763636,0.2763636,5.5,7.02,7.89,6.51,6.95,8.587794e+07,8.92862e+07
2021-12-15,PRM,3.0,0.21592772,0.21592772,12.18,14.81,14.81,11.95,12.3,614780.0,1.0172152e+07
2021-12-15,RUM,4.0,0.13232684,0.13232684,11.26,12.75,12.8,11.58,12.5,1.1261953e+07,8.247816e+07
2021-12-15,CABA,5.0,0.11607146,0.11607146,3.36,3.75,4.0,3.35,3.97,3.84403e+06,1.7780324e+07
2021-12-16,LUCK,1.0,0.19923043,0.199,10.0,11.99,12.63,9.42,9.56,337885.0,1.07209e+06
2021-12-16,AMZE,2.0,0.116573095,0.116572976,7.12,7.95,7.95,6.95,7.15,264804.0,2.6971982e+06
2021-12-16,PRLD,3.0,0.1161654,0.1161654,13.3,14.845,15.57,13.53,13.67,990314.0,1.1477381e+07
2021-12-16,TE,4.0,0.105691075,0.1061008,11.31,12.51,12.8,11.32,11.45,3.781151e+06,1.8054188e+07
2021-12-16,STLN,5.0,0.10080004,0.10080004,6.25,6.88,9.02,5.83,6.27,996971.0,2.4487625e+06
2021-12-17,SPRB,1.0,0.15725803,0.15725803,2.48,2.87,5.8,2.74,5.03,1.1321774e+08,1.7161308e+07
2021-12-17,ALZN,2.0,0.14541352,0.14541507,2.53,2.8979,3.04,2.38,2.45,2.9048028e+07,7.7734095e+06
2021-12-17,IVVD,3.0,0.1269393,0.1269393,14.18,15.98,17.1,10.81,11.48,7.042056e+07,2.7723674e+09
2021-12-20,LCTX,1.0,0.13207555,0.13207555,2.12,2.4,2.605,2.34,2.57,6.648144e+06,3.1319268e+07
2021-12-20,FSM,2.0,0.13043475,0.13043475,3.22,3.64,3.86,3.6001,3.79,1.3858952e+07,2.926126e+07
2021-12-20,OCGN,3.0,0.10305357,0.10305357,5.24,5.78,5.78,5.04,5.17,2.3714436e+07,1.071712e+08
2021-12-21,EZRA,1.0,1.462295,1.4622953,3.05,7.51,8.25,5.1,5.45,7.560205e+07,2.2359978e+06
2021-12-21,BFRI,2.0,0.30971134,0.30971122,7.62,9.98,14.63,9.5801,11.03,1.0509766e+08,7.9367256e+07
2021-12-21,PPSI,3.0,0.3066002,0.3063829,7.05,9.21,9.6,8.03,8.32,1.5243231e+07,9.214759e+06
2021-12-21,QSI,4.0,0.1374408,0.1374408,6.33,7.2,8.4,7.18,7.78,7.090906e+06,6.1805805e+06
2021-12-21,EMBJ,5.0,0.12281978,0.122302175,13.9,15.6,16.35,15.39,16.07,5.562333e+06,2.6135016e+07
2021-12-22,BRTX,1.0,0.2954048,0.2954048,4.57,5.92,6.25,4.69,5.37,1.0419058e+07,1.8837636e+07
2021-12-22,TYRA,2.0,0.122606635,0.122606635,12.43,13.954,14.38,12.78,14.23,261142.0,5.829981e+06
2021-12-23,ENSC,1.0,0.19318187,0.19318175,4.84,5.775,7.0,4.8615,5.12,5.6931156e+07,8.520152e+07
2021-12-23,XXII,2.0,0.118181825,0.118181825,2.2,2.46,3.52,2.23,3.05,7.775365e+07,2.9133038e+06
2021-12-23,TKC,3.0,0.110717416,0.110810876,3.7,4.11,4.12,3.88,3.9,2.542101e+06,4.1526692e+06
2021-12-28,TULP,1.0,0.38648176,0.38648176,11.54,16.0,23.3999,15.7701,19.02,4.3560656e+07,9.898758e+06
2021-12-28,EZRA,2.0,0.34839916,0.34839928,5.31,7.16,7.3499,5.68,6.02,4.628129e+07,5.4134304e+07
2021-12-28,SCNI,3.0,0.31330466,0.31330478,2.33,3.06,3.06,2.39,2.49,2.5477084e+07,8.355347e+06
2021-12-28,KNDI,4.0,0.12874258,0.12874258,3.34,3.77,3.84,3.49,3.51,1.3954715e+07,4.3642675e+06
2021-12-28,LGVN,5.0,0.10986364,0.10986364,12.47,13.84,15.15,12.09,12.21,6.526346e+06,1.5768041e+07
2021-12-29,TULP,1.0,0.26445842,0.26445842,19.02,24.05,29.91,21.8,23.04,2.8224098e+07,8.285237e+08
2021-12-29,CPOP,2.0,0.1731602,0.1731602,2.31,2.71,3.46,2.57,3.26,1.3958382e+08,1.932876e+08
2021-12-29,NRXP,3.0,0.102222204,0.102222204,4.5,4.96,5.2,4.58,4.97,6.359688e+06,2.914065e+06
2021-12-30,EZRA,1.0,0.2032001,0.20319998,6.25,7.52,7.73,6.37,6.57,2.3688356e+07,4.594957e+07
2022-01-03,CELZ,1.0,0.595122,0.595122,2.05,3.27,3.88,2.96,3.2,6.444449e+07,1.3814621e+06
2022-01-03,UCL,2.0,0.29215693,0.29215693,5.1,6.59,6.59,3.5,3.8,934840.0,1.9041156e+06
2022-01-03,CHAI,3.0,0.2337662,0.2337662,3.08,3.8,4.29,3.48,3.73,6.311201e+06,3.3194608e+06
2022-01-03,XERS,4.0,0.21810699,0.21810699,2.43,2.96,3.1,2.74,2.81,1.1575699e+07,2.2591474e+07
2022-01-03,BDSX,5.0,0.1859411,0.1859411,4.41,5.23,5.85,5.15,5.81,291812.0,1.7198964e+07
2022-01-04,IMMX,1.0,0.2923875,0.2923875,5.78,7.47,7.75,5.86,6.49,6.3005776e+07,8.6304525e+08
2022-01-04,ISPC,2.0,0.20099258,0.20099258,8.06,9.68,9.8,8.38,8.5,1.042411e+07,7.647135e+06
2022-01-05,LGVN,1.0,0.23879313,0.23879302,11.6,14.37,14.79,11.81,11.86,1.474065e+07,1.1326345e+07
2022-01-05,EWTX,2.0,0.16333127,0.16333127,15.49,18.02,20.71,16.21,18.97,6.066552e+06,6.935353e+06
2022-01-05,SENS,3.0,0.14925373,0.14925373,2.68,3.08,3.09,2.78,2.8,3.253531e+07,3.017388e+07
2022-01-05,STTK,4.0,0.11688304,0.11688304,8.47,9.46,9.46,7.9,7.92,209148.0,1.8147399e+06
2022-01-05,BDSX,5.0,0.10188687,0.10188675,5.3,5.84,5.9973,5.3,5.37,156836.0,1.217956e+06
2022-01-06,RUMBW,1.0,0.113333344,0.113333344,3.0,3.34,3.34,2.75,3.16,575790.0,2.470959e+06
2022-01-06,CHAI,2.0,0.105919,0.105919,3.21,3.55,3.55,3.2058,3.23,2.082341e+06,8.51328e+06
2022-01-07,ABSI,1.0,0.4837134,0.4837134,6.14,9.11,9.26,7.08,7.19,4.3943292e+07,3.9941928e+06
2022-01-10,TLRY,1.0,0.11526477,0.11526477,6.42,7.16,7.84,6.95,7.29,1.0820519e+08,1.7655347e+08
2022-01-11,BDTX,1.0,0.1326667,0.1326667,4.5,5.097,5.21,4.76,5.1,1.9109836e+07,2.074995e+06
2022-01-11,DSGN,2.0,0.10469723,0.10469723,17.67,19.52,19.52,17.1,17.83,46037.0,1.4826014e+06
2022-01-12,IMMX,1.0,0.3020259,0.3020259,5.43,7.07,7.5999,6.22,6.43,4.6058852e+07,1.0407643e+07
2022-01-12,BJDX,2.0,0.15693426,0.15693438,2.74,3.17,3.2,2.72,2.74,7.347864e+06,1.581887e+06
2022-01-12,OCGN,3.0,0.10576928,0.10576928,4.16,4.6,4.64,4.15,4.17,2.4102598e+07,3.994098e+07
2022-01-12,INTT,4.0,0.10041845,0.10041845,11.95,13.15,13.24,12.52,12.89,252330.0,1.2278505e+06
2022-01-13,IVVD,1.0,0.15951979,0.15951979,5.83,6.76,6.77,5.18,5.26,2.5163858e+07,2.6390288e+07
2022-01-13,BTCS,2.0,0.14624202,0.1462686,6.7,7.68,8.88,6.43,6.88,5.4482e+07,5.986323e+07
2022-01-13,ISPC,3.0,0.13030744,0.13030744,6.83,7.72,7.76,6.85,6.95,1.1321373e+07,6.4265175e+06
2022-01-13,GHRS,4.0,0.105656385,0.105656385,18.74,20.72,22.79,18.77,18.91,56082.0,1.214708e+06
2022-01-14,REVB,1.0,0.23317754,0.23317754,7.49,9.2365,9.25,6.56,6.9,4.799158e+06,2.4269622e+06
2022-01-18,BMEA,1.0,0.10575855,0.10575855,9.03,9.985,9.985,7.14,7.38,271069.0,2.0259979e+06
2022-01-19,EDVA,1.0,0.5323076,0.53230774,3.25,4.98,5.1199,3.93,3.96,6.310491e+07,3.2942754e+07
2022-01-19,AMZE,2.0,0.20357144,0.20357144,5.6,6.74,7.46,6.12,6.7,5.525487e+06,8.0417175e+06
2022-01-19,SOFI,3.0,0.19154227,0.19154227,12.06,14.37,14.39,13.37,13.71,1.8861434e+08,7.168635e+08
2022-01-19,RUMBW,4.0,0.11140227,0.11140227,3.815,4.24,4.24,3.8,3.85,678799.0,6.0996205e+06
2022-01-20,MYSE,1.0,0.14715719,0.14715719,2.99,3.43,4.14,3.28,3.33,1.0644603e+08,2.0595272e+07
2022-01-24,BTBD,1.0,0.53970826,0.53970826,2.468,3.8,3.92,2.4,3.1,1.0489916e+07,1.2998832e+06
2022-01-26,SLI,1.0,0.104545474,0.104545474,6.6,7.29,7.42,6.63,7.0,5.29908e+06,1.4343549e+07
2022-01-26,ONDS,2.0,0.10375273,0.10375273,4.53,5.0,5.33,4.37,4.43,7.258395e+06,1.6318194e+06
2022-01-27,SATL,1.0,0.1296295,0.1296295,8.1,9.15,9.15,5.65,5.93,520766.0,1.7020126e+06
2022-01-28,KSCP,1.0,0.1962775,0.1962775,5.91,7.07,16.29,6.33,16.29,2.8423772e+07,9.733078e+06
2022-01-28,EMPD,2.0,0.14021158,0.14021158,3.78,4.31,4.42,2.74,2.98,1.762089e+06,1.8081139e+06
2022-01-28,MRAM,3.0,0.10651624,0.10651624,7.98,8.83,9.35,8.25,9.35,1.184501e+06,2.2126225e+06
2022-01-28,AVAH,4.0,0.105555534,0.105555534,5.4,5.97,5.97,5.195,5.35,351962.0,1.7723502e+06
2022-01-31,QTEX,1.0,0.43913043,0.43913043,2.3,3.31,3.54,2.66,3.14,7.4403256e+07,1.020107e+07
2022-01-31,FGI,2.0,0.34748006,0.34748006,3.77,5.08,6.25,4.5,4.86,5.0761572e+07,4.7011675e+06
2022-01-31,KSCP,3.0,0.17588711,0.17588079,16.29,19.1551,27.5,18.35,21.4,4.29794e+07,4.6302326e+08
2022-01-31,TKLF,4.0,0.103003025,0.102941155,3.4,3.75,4.56,3.45,4.2,4.258067e+07,9.4241336e+07
2022-02-01,AMC,1.0,0.1300857,0.13013697,16.06,18.15,18.71,16.52,16.86,1.2550705e+08,6.7950086e+08
2022-02-02,ATI,1.0,0.12812328,0.12812328,18.81,21.22,22.68,20.66,22.02,1.0779819e+07,5.245059e+07
2022-02-03,BON,1.0,0.19465077,0.19465077,3.365,4.02,4.3299,3.81,4.07,1.166153e+07,1.4818181e+06
2022-02-04,ANY,1.0,0.13419914,0.13419914,2.31,2.62,3.41,2.5,3.03,8.5226536e+07,1.4080284e+07
2022-02-04,EGAN,2.0,0.110447764,0.110447764,10.05,11.16,12.98,11.0,12.745,1.718253e+06,1.3935531e+06
2022-02-07,ANGH,1.0,0.41685307,0.41687655,12.0688,17.1,23.1,16.47,19.5,4.457041e+06,4.8109735e+06
2022-02-07,PHUN,2.0,0.1889764,0.1889764,2.54,3.02,3.43,2.84,2.96,1.27179864e+08,3.10234e+07
2022-02-07,IMMX,3.0,0.106659055,0.106659055,4.37,4.8361,5.04,4.55,4.8,1.813654e+06,4.19964e+06
2022-02-07,RUMBW,4.0,0.105263114,0.105263114,3.8,4.2,7.22,3.91,4.64,6.299595e+06,2.3433002e+06
2022-02-10,BRCC,1.0,0.2256453,0.2256453,12.01,14.72,18.5,13.61,15.64,8.008974e+06,1.7805438e+07
2022-02-10,LUCK,2.0,0.19161022,0.19170988,7.72,9.2,9.38,8.64,8.87,2.518949e+06,3.7190405e+06
2022-02-10,INVA,3.0,0.11307645,0.11307645,15.83,17.62,18.449,17.3,18.0,4.577571e+06,1.6542112e+07
2022-02-11,MODD,1.0,0.56334233,0.56334233,3.71,5.8,6.05,4.02,4.26,1.1593029e+07,2.2914705e+06
2022-02-11,BRCC,2.0,0.20524299,0.20524299,15.64,18.85,19.25,15.76,16.28,1.0226074e+07,1.2526036e+08
2022-02-11,SRTS,3.0,0.106870174,0.106870174,7.86,8.7,9.2,7.86,8.15,921598.0,1.5108099e+06
2022-02-14,BNC,1.0,0.1428572,0.1428572,2.31,2.64,2.7,2.25,2.55,6.206061e+06,5.2588835e+06
2022-02-14,KSCP,2.0,0.13708866,0.13707268,6.32,7.1863,9.3599,6.63,8.4,6.901638e+07,6.805079e+06
2022-02-14,KELYA,3.0,0.11386764,0.11362314,17.25,19.21,21.06,19.21,20.86,1.10124e+06,2.307774e+06
2022-02-14,DRCT,4.0,0.100000024,0.100000024,3.0,3.3,3.64,2.66,2.67,2.393973e+06,9.178506e+06
2022-02-15,GCMG,1.0,0.14517844,0.14516127,9.3,10.65,10.65,9.83,10.0,608434.0,5.1324285e+06
2022-02-15,RLGT,2.0,0.12576687,0.12576687,6.52,7.34,7.65,7.01,7.13,645350.0,1.5360142e+06
2022-02-15,AKTS,3.0,0.100746274,0.100746274,5.36,5.9,6.3895,5.8121,6.07,1.950232e+06,2.6686422e+06
2022-02-15,HIVE,4.0,0.100000024,0.100000024,2.0,2.2,2.25,2.11,2.21,1.0677094e+07,1.7847148e+07
2022-02-17,ACVA,1.0,0.1061151,0.1061151,11.12,12.3,13.69,11.89,12.52,4.984246e+06,1.3934383e+07
2022-02-18,NRGV,1.0,0.6522522,0.6522522,11.1,18.34,18.57,11.72,12.36,2.307727e+07,6.426868e+07
2022-02-22,NVCT,1.0,0.23549485,0.23549485,5.86,7.24,7.6999,6.25,6.36,8.979961e+06,7.7358975e+06
2022-02-22,PHUN,2.0,0.1289308,0.1289308,3.18,3.59,3.62,3.14,3.28,4.736824e+07,3.0543758e+07
2022-02-22,OCGN,3.0,0.112716675,0.112716675,3.46,3.85,4.53,3.72,4.23,6.996084e+07,3.1108998e+07
2022-02-23,INDO,1.0,0.2318393,0.2318393,6.47,7.97,8.44,6.83,7.515,4.005521e+07,5.707265e+08
2022-02-23,SKIN,2.0,0.16043603,0.16043603,12.84,14.9,18.18,14.85,16.54,1.4356078e+07,3.320555e+07
2022-02-23,PANL,3.0,0.12983072,0.1299212,5.08,5.74,5.8488,4.96,5.02,1.436443e+06,3.4396325e+06
2022-02-23,QUCY,4.0,0.1271249,0.1271249,13.53,15.25,15.26,14.305,14.72,82834.0,1.9602399e+06
2022-02-23,RLMD,5.0,0.122058034,0.122058034,18.27,20.5,20.55,19.29,19.5,954914.0,5.655022e+06
2022-02-24,INDO,1.0,0.87624764,0.87624764,7.515,14.1,14.47,9.38,11.41,4.7348704e+07,3.0101488e+08
2022-02-24,GBR,2.0,0.130597,0.130597,2.68,3.03,3.37,2.54,2.85,6.042729e+06,1.777762e+06
2022-02-24,NEXT,3.0,0.100000024,0.100000024,2.6,2.86,3.0,2.62,2.79,966257.0,1.8533839e+06
2022-02-25,OPLN,1.0,0.6106647,0.6106647,13.69,22.05,22.1,18.3902,18.94,2.03532e+07,5.3317852e+07
2022-02-25,UUU,2.0,0.3487289,0.3489933,2.98,4.02,4.3925,3.34,3.96,1.9954584e+07,4.4824595e+06
2022-02-25,CISO,3.0,0.15430272,0.15430272,3.37,3.89,4.47,3.44,3.79,5.408755e+06,1.5492968e+06
2022-02-25,GHRS,4.0,0.11531317,0.11531317,16.13,17.99,19.79,15.41,15.99,47933.0,1.926438e+06
2022-02-25,PLTK,5.0,0.11118293,0.11160469,18.01,20.02,21.3,19.42,21.28,6.680074e+06,4.583952e+07
2022-02-28,FHN,1.0,0.32347262,0.3232876,18.25,24.15,24.24,23.33,23.48,1.0214437e+08,1.146387e+08
2022-02-28,INDO,2.0,0.20283806,0.20283806,11.98,14.41,15.15,12.56,13.5,1.3791736e+07,1.2470502e+08
2022-02-28,ALF,3.0,0.16019428,0.16019428,2.06,2.39,2.6,2.07,2.4,1.9220888e+07,8.466289e+06
2022-02-28,SRG,4.0,0.12798262,0.12798262,9.22,10.4,10.56,10.08,10.19,1.644055e+06,5.7563595e+06
2022-02-28,IMPP,5.0,0.11428571,0.11428571,2.1,2.34,2.82,2.15,2.37,1.0742058e+08,2.7814166e+08
2022-03-01,RCEL,1.0,0.16956532,0.16956532,9.2,10.76,11.0,10.25,10.57,269964.0,1.1183888e+06
2022-03-01,RVMD,2.0,0.15010571,0.15010571,18.92,21.76,21.99,18.21,18.56,652772.0,1.2669267e+07
2022-03-01,DDD,3.0,0.14927053,0.14927053,17.82,20.48,20.51,17.14,17.26,9.554793e+06,6.6272028e+07
2022-03-01,EDIT,4.0,0.11214948,0.11214948,17.12,19.04,19.3,17.02,17.49,3.53069e+06,3.4374804e+07
2022-03-01,AVIR,5.0,0.10410094,0.10410094,6.34,7.0,7.32,6.07,6.46,2.955266e+06,9.331884e+06
2022-03-02,BORR,1.0,0.20179367,0.20187783,2.13,2.56,2.74,2.37,2.65,6.002132e+06,1.02281325e+06
2022-03-02,INDO,2.0,0.1790353,0.1790353,10.78,12.71,15.2125,11.8,14.5,1.238916e+07,3.6417976e+07
2022-03-02,PSFE,3.0,0.16262972,0.16259515,2.89,3.3599,3.45,2.9902,3.03,2.3458138e+07,3.701453e+07
2022-03-02,SOFI,4.0,0.15625,0.15625,11.2,12.95,13.0,11.51,11.58,1.4944205e+08,1.2411873e+09
2022-03-02,ARLO,5.0,0.15092158,0.15092158,8.68,9.99,11.5,9.835,11.19,7.893938e+06,1.3620092e+07
2022-03-03,INDO,1.0,0.5344827,0.5344827,14.5,22.25,25.25,17.52,20.2,4.6666144e+07,1.7964282e+08
2022-03-03,RMNI,2.0,0.2538631,0.2538631,4.53,5.68,6.07,5.43,5.72,3.747326e+06,1.9499612e+06
2022-03-03,IMPP,3.0,0.16990292,0.16990304,2.06,2.41,2.6,1.96,2.2,1.1441382e+08,1.8630493e+08
2022-03-03,CAN,4.0,0.15711653,0.15711653,5.41,6.26,6.54,5.92,6.25,2.272534e+07,1.5045242e+07
2022-03-03,EOSE,5.0,0.13358784,0.13358784,2.62,2.97,3.83,2.86,3.12,2.3952576e+07,2.6526398e+06
2022-03-04,FNKO,1.0,0.14719105,0.14719105,17.8,20.42,20.85,19.02,19.5,5.011802e+06,2.7063262e+07
2022-03-07,IMPP,1.0,0.3846153,0.3846153,3.38,4.68,8.4,4.35,7.5,2.2338978e+08,4.9114602e+08
2022-03-07,CLOV,2.0,0.16363633,0.16363633,2.2,2.56,2.81,2.48,2.6,4.906337e+07,2.4480662e+07
2022-03-08,NINE,1.0,0.9693594,0.9693594,3.59,7.07,7.09,5.66,5.66,4.424444e+06,2.4505664e+08
2022-03-08,BSIN,2.0,0.58690965,0.5870253,6.32,10.03,13.92,6.33,7.36,4.3742132e+07,8.242716e+07
2022-03-08,AGIG,3.0,0.4079647,0.4079646,11.3,15.91,16.61,5.91,6.95,6.2965652e+07,2.2603853e+09
2022-03-08,BRN,4.0,0.30735195,0.3073771,4.88,6.38,6.38,3.12,3.95,7.739075e+06,8.270351e+07
2022-03-08,VYGR,5.0,0.22137403,0.22137403,3.93,4.8,5.74,4.75,5.24,4.869202e+06,1.4650844e+06
2022-03-09,BMBL,1.0,0.32052827,0.32052827,16.66,22.0,24.75,21.98,23.64,3.8618156e+07,1.9889298e+08
2022-03-09,ASTS,2.0,0.29037035,0.29037035,6.75,8.71,11.48,7.85,9.78,5.346404e+07,5.20371e+06
2022-03-09,EOSE,3.0,0.2662722,0.2662722,3.38,4.28,4.39,3.29,3.4,1.7419576e+07,1.7323346e+07
2022-03-09,DRTS,4.0,0.17212427,0.17212427,11.91,13.96,13.96,8.2655,9.13,298421.0,6.6854165e+06
2022-03-09,HTOO,5.0,0.16261196,0.16261208,7.81,9.08,9.1799,8.31,8.7,300772.0,2.166205e+06
2022-03-10,AGIG,1.0,0.15844154,0.15844154,7.7,8.92,9.88,7.76,8.55,3.24151e+07,4.663893e+08
2022-03-10,LGVN,2.0,0.15417254,0.15417254,7.07,8.16,8.8,6.43,6.94,6.456712e+06,1.6505509e+07
2022-03-10,IMPP,3.0,0.13636363,0.13636363,5.06,5.75,6.19,4.73,4.99,5.305631e+07,4.449851e+08
2022-03-11,SHLS,1.0,0.20268536,0.20268536,15.64,18.81,18.94,16.73,17.92,5.983801e+06,3.5530876e+07
2022-03-11,PSO,2.0,0.18998182,0.18987346,8.69,10.34,10.44,9.8,10.23,4.456729e+06,1.0107165e+07
2022-03-11,CUE,3.0,0.12903225,0.12903225,4.96,5.6,5.6,4.67,4.76,525501.0,2.0225889e+06
2022-03-11,CLLS,4.0,0.123809576,0.123809576,4.2,4.72,4.77,4.34,4.4,340201.0,1.2978588e+06
2022-03-11,ALTO,5.0,0.11455476,0.11455476,5.84,6.509,6.511,5.67,6.13,9.227763e+06,3.4037356e+07
2022-03-14,AVX,1.0,0.21904767,0.21904755,3.15,3.84,4.88,3.53,3.96,1.1372101e+08,5.5058776e+07
2022-03-14,MGLD,2.0,0.18004858,0.18004858,4.11,4.85,5.15,2.92,3.39,1.046593e+07,3.693226e+08
2022-03-14,KSCP,3.0,0.1163708,0.1163708,5.07,5.66,6.75,5.321,5.43,1.7049802e+07,2.1837352e+06
2022-03-15,ASLE,1.0,0.10452962,0.10452962,14.35,15.85,16.62,14.97,15.22,276440.0,1.8899381e+06
2022-03-16,YMM,1.0,0.48593032,0.48599994,5.0,7.43,7.44,6.3,6.79,3.7469564e+07,7.963536e+07
2022-03-16,BEKE,2.0,0.43495643,0.43487847,9.06,13.0,15.3,12.54,14.89,1.1957459e+08,4.04162e+08
2022-03-16,BILI,3.0,0.32926822,0.32926822,18.86,25.07,28.09,22.71,27.83,3.567328e+07,3.8266595e+08
2022-03-16,DDL,4.0,0.30980396,0.30980396,2.55,3.34,4.3,3.0802,4.25,4.926645e+06,3.3379628e+06
2022-03-16,KC,5.0,0.30218065,0.30218065,3.21,4.18,6.1,3.92,5.53,6.941419e+07,7.048638e+07
2022-03-17,IMPP,1.0,0.19117653,0.19117653,2.04,2.43,2.8,2.25,2.325,7.013211e+07,6.876215e+07
2022-03-17,NINE,2.0,0.15537858,0.15537858,2.51,2.9,3.24,2.81,2.99,4.688701e+06,1.2475646e+07
2022-03-17,AGIG,3.0,0.12727273,0.12727273,5.5,6.2,7.3799,6.2,6.65,1.9454098e+07,2.7539852e+07
2022-03-18,STNE,1.0,0.2835369,0.2840792,9.61,12.34,13.9,12.09,13.65,7.3601944e+07,1.5786515e+08
2022-03-18,IMPP,2.0,0.17402518,0.1741935,2.325,2.73,2.83,2.25,2.37,4.0269624e+07,1.6305717e+08
2022-03-18,SBFM,3.0,0.14191425,0.14191425,3.03,3.46,3.48,3.1,3.25,868246.0,2.9506958e+06
2022-03-18,IXHL,4.0,0.13772953,0.13772964,11.98,13.63,15.43,12.15,12.3,3.747147e+06,1.4096482e+07
2022-03-18,DAVE,5.0,0.10615575,0.10615575,7.96,8.805,10.41,7.8338,10.11,1.7785576e+07,1.0934079e+07
2022-03-21,COCO,1.0,0.10113633,0.10113633,8.8,9.69,9.78,8.92,9.18,527934.0,6.879488e+06
2022-03-21,CMPS,2.0,0.10036898,0.10036898,13.55,14.91,15.3109,13.62,13.86,910405.0,4.7190855e+06
2022-03-22,BGDE,1.0,0.17026377,0.17026377,4.17,4.88,4.88,4.29,4.46,290184.0,1.7356666e+06
2022-03-22,ZH,2.0,0.1576922,0.15769231,2.6,3.01,3.19,2.82,2.83,1.5797626e+07,3.881936e+07
2022-03-22,GEVO,3.0,0.13071895,0.13071895,4.59,5.19,5.49,4.6,4.69,3.522154e+07,5.581065e+07
2022-03-23,SIDU,1.0,0.11421323,0.11421311,3.94,4.39,4.39,3.95,4.03,321022.0,1.3361959e+06
2022-03-24,CD,1.0,0.42391777,0.42380965,2.1,2.99,3.06,2.35,2.74,1.4871062e+07,1.2157194e+06
2022-03-24,JXG,2.0,0.2751479,0.2751479,3.38,4.31,5.63,3.81,4.3,7.4060744e+07,1.9234238e+07
2022-03-24,ESOA,3.0,0.2546445,0.25454545,3.3,4.14,4.678,3.35,3.75,1.9800672e+07,6.2169225e+06
2022-03-25,SPRC,1.0,0.3191011,0.3191011,4.45,5.87,6.99,4.34,4.62,7.317621e+06,2.941788e+06
2022-03-25,TLRY,2.0,0.15925407,0.15925395,6.97,8.08,8.66,7.25,8.56,3.0312064e+08,7.886125e+08
2022-03-25,AVX,3.0,0.13441956,0.13441968,4.91,5.57,6.1,4.35,4.39,3.900078e+07,1.2388966e+08
2022-03-25,ACB,4.0,0.12747514,0.12747526,4.04,4.555,4.56,3.98,4.46,4.3708736e+07,8.74456e+07
2022-03-25,ZSTK,5.0,0.11330056,0.11330056,2.03,2.26,2.38,2.02,2.3,6.453754e+06,5.1855255e+06
2022-03-28,CELZ,1.0,0.16666663,0.16666663,3.48,4.06,5.145,3.8,4.54,4.3495376e+07,1.9401836e+07
2022-03-28,ORIC,2.0,0.15638769,0.15638769,4.54,5.25,5.54,5.01,5.23,1.641284e+06,3.4688005e+06
2022-03-28,DLNG,3.0,0.10317457,0.1031518,3.49,3.85,4.4,3.73,4.1,2.533568e+06,1.0146683e+07
2022-03-29,HYMC,1.0,0.27155173,0.27155173,2.32,2.95,3.1,2.19,2.59,3.875871e+08,8.9916806e+08
2022-03-29,SCNX,2.0,0.17512572,0.1752137,2.34,2.75,3.47,2.561,2.62,1.8288496e+07,2.5638045e+06
2022-03-29,GDYN,3.0,0.15807271,0.15807271,11.83,13.7,16.37,13.42,14.26,4.815543e+06,1.4879443e+07
2022-03-29,XOS,4.0,0.113636374,0.113636374,3.08,3.43,3.45,3.05,3.17,555007.0,1.1733784e+06
2022-03-29,CEE,5.0,0.11146939,0.111747265,10.479,11.65,11.93,10.9566,11.8,390602.0,1.3488884e+06
2022-03-30,DRCT,1.0,0.82558143,0.82558143,2.58,4.71,5.49,4.1,4.14,1.2829187e+08,1.4107388e+07
2022-03-30,IVVD,2.0,0.48831177,0.48831177,3.85,5.73,6.14,5.0,5.02,9.275526e+07,6.3132645e+06
2022-03-30,ARHS,3.0,0.20554972,0.20555568,7.2,8.68,9.18,8.1764,8.7,2.065994e+06,6.878268e+06
2022-03-30,TULP,4.0,0.13242006,0.13242006,8.76,9.92,14.42,9.81,11.15,2.1034776e+07,4.1867808e+06
2022-03-31,LGVN,1.0,0.39732146,0.39732158,6.72,9.39,14.24,8.84,13.8,1.3749528e+08,1.0549412e+07
2022-03-31,ACTG,2.0,0.13053882,0.13053882,4.175,4.72,4.83,4.41,4.51,922595.0,1.4567076e+06
2022-03-31,CELZ,3.0,0.1120944,0.1120944,3.39,3.77,4.5,3.71,3.9,2.027866e+07,7.289724e+06
2022-04-01,ALOY,1.0,0.2723881,0.2723881,2.68,3.41,3.85,3.01,3.2,1.941196e+07,3.8655892e+06
2022-04-01,LVLU,2.0,0.20059001,0.20059001,6.78,8.14,8.14,7.05,7.75,717815.0,1.8385055e+06
2022-04-01,BEKE,3.0,0.13608956,0.13662088,12.37,14.06,14.69,13.3,14.01,2.982508e+07,2.5655125e+08
2022-04-01,ZH,4.0,0.13429749,0.13429749,2.42,2.745,2.805,2.49,2.54,6.342997e+06,9.344416e+06
2022-04-01,DAO,5.0,0.13380289,0.13380289,7.1,8.05,8.25,7.66,7.77,313279.0,1.8988736e+06
2022-04-04,DRTS,1.0,0.1252371,0.1252371,10.54,11.86,11.98,11.58,11.96,166730.0,3.3830238e+06
2022-04-04,BEKE,2.0,0.114828944,0.11527479,14.01,15.625,16.545,15.16,16.43,3.897281e+07,4.1784938e+08
2022-04-04,JMIA,3.0,0.106540084,0.106540084,9.48,10.49,12.53,10.38,11.82,2.4940692e+07,2.1265374e+07
2022-04-04,TMC,4.0,0.106122494,0.106122494,2.45,2.71,2.89,2.5664,2.66,1.3748394e+07,2.4919674e+07
2022-04-05,GGR,1.0,0.25510192,0.25510204,12.74,15.99,17.59,13.1,14.02,3.65667e+06,7.644439e+07
2022-04-05,SST,2.0,0.15081763,0.15081763,16.51,19.0,37.1,18.61,20.31,3.2536264e+07,3.362937e+07
2022-04-05,ATER,3.0,0.116959095,0.116958976,3.42,3.82,4.23,3.35,3.65,7.850669e+07,4.9753856e+08
2022-04-06,BBAI,1.0,0.42069626,0.42069626,10.34,14.69,16.12,10.28,10.37,1.8097352e+07,2.1855968e+07
2022-04-06,IVDA,2.0,0.21241832,0.21241832,3.06,3.71,3.82,2.77,3.03,6.720863e+06,6.77312e+06
2022-04-06,ARRY,3.0,0.18070006,0.18070006,10.57,12.48,12.66,10.555,11.03,1.2802366e+07,7.040133e+07
2022-04-06,DC,4.0,0.13188398,0.13188398,6.9,7.81,8.0,5.08,5.41,1.689067e+06,5.785657e+06
2022-04-06,TLRY,5.0,0.102418184,0.102418184,7.03,7.75,8.15,7.16,7.25,1.2807464e+08,3.0911722e+08
2022-04-07,SBFMW,1.0,0.20293391,0.20293391,4.09,4.92,7.6,4.87,7.43,378085.0,2.0666566e+06
2022-04-07,SBFM,2.0,0.15262318,0.15262318,6.29,7.25,9.87,7.0001,9.65,1.06808376e+08,4.6485776e+08
2022-04-07,SST,3.0,0.14879763,0.14879763,19.96,22.93,28.45,22.0,26.81,2.0339438e+07,1.1405486e+08
2022-04-07,CNDT,4.0,0.11934149,0.11934149,4.86,5.44,5.73,5.24,5.38,6.692735e+06,8.484107e+06
2022-04-07,CMBT,5.0,0.108463764,0.10854089,11.24,12.46,12.53,11.805,12.0,7.045536e+06,2.81156e+07
2022-04-08,ONCO,1.0,0.24680436,0.24680436,10.17,12.68,14.1401,10.6533,10.85,1.0714865e+07,5.6787816e+07
2022-04-08,ATER,2.0,0.19480515,0.19480515,3.85,4.6,4.93,4.17,4.67,8.629658e+07,7.4976344e+07
2022-04-08,BFRI,3.0,0.18811882,0.18811882,4.04,4.8,5.42,4.3,4.62,3.6230556e+07,1.9911694e+07
2022-04-11,VERU,1.0,0.37701154,0.37701142,4.35,5.99,14.57,5.68,12.28,3.5159613e+08,2.5448935e+06
2022-04-11,VNET,2.0,0.19259262,0.19259262,5.4,6.44,7.28,6.03,7.0,1.0551463e+07,8.210133e+06
2022-04-11,SWVL,3.0,0.16923082,0.1692307,6.5,7.6,7.6,5.5,6.57,287506.0,1.0767055e+06
2022-04-12,VERU,1.0,0.10830617,0.10830617,12.28,13.61,13.87,9.6,10.01,9.086596e+07,4.3176003e+09
2022-04-12,RERE,2.0,0.10075867,0.10089028,3.37,3.71,3.7197,3.09,3.1,738417.0,3.0962515e+06
2022-04-13,IMA,1.0,0.1205883,0.12058818,6.8,7.62,7.9104,7.055,7.3,287515.0,1.404132e+06
2022-04-13,BCTX,2.0,0.10998988,0.10998988,9.91,11.0,11.25,8.48,9.03,1.7477288e+07,4.314887e+07
2022-04-14,IMTE,1.0,0.13203883,0.13203883,5.15,5.83,5.87,4.47,4.55,3.755048e+06,1.5595781e+07
2022-04-14,DLPN,2.0,0.12321663,0.12321663,3.855,4.33,4.61,3.96,4.15,8.501285e+06,1.3645274e+06
2022-04-14,ATOM,3.0,0.119205356,0.119205356,10.57,11.83,12.14,10.96,11.33,899627.0,2.1702745e+06
2022-04-18,TRMD,1.0,0.12505281,0.125,9.68,10.89,10.93,10.19,10.26,788040.0,1.0971506e+06
2022-04-20,KLRS,1.0,0.2754159,0.2754159,5.41,6.9,8.51,6.17,6.25,8.7896584e+07,1.2047908e+06
2022-04-20,NBP,2.0,0.17133951,0.17133951,12.84,15.04,15.29,13.62,14.49,4.686026e+06,2.4418124e+07
2022-04-20,AVX,3.0,0.10330582,0.10330582,2.42,2.67,2.67,2.295,2.3,3.459492e+06,2.2668625e+06
2022-04-21,SWVL,1.0,0.16197181,0.16197169,4.26,4.95,9.8,4.53,6.3,2.168896e+07,1.2316682e+06
2022-04-21,LBRT,2.0,0.1493268,0.14899707,17.45,20.05,20.05,17.37,17.58,5.22892e+06,4.0588284e+07
2022-04-22,ATEN,1.0,0.1114701,0.11136365,13.2,14.67,15.0,14.34,14.44,7.38215e+06,7.076467e+06
2022-04-25,SBFM,1.0,0.28228223,0.28228235,3.33,4.27,4.8,4.0,4.01,4.9343544e+07,5.0027455e+06
2022-04-25,BBAI,2.0,0.116959095,0.116959095,8.55,9.55,10.34,8.4,10.1,602607.0,8.699429e+06
2022-04-26,MX,1.0,0.19627416,0.19627416,15.03,17.98,18.2,17.36,17.51,3.207417e+06,6.0249105e+06
2022-04-26,OI,2.0,0.12150943,0.12150943,13.25,14.86,14.89,12.62,12.65,2.464936e+06,1.4052685e+07
2022-04-27,NUTX,1.0,0.19401038,0.1940105,7.68,9.17,10.51,7.99,8.72,4.5121904e+07,5.793971e+08
2022-04-27,CSTM,2.0,0.1130991,0.1130991,15.65,17.42,17.42,16.04,16.57,1.527849e+06,2.1347414e+07
2022-04-27,VRT,3.0,0.10530901,0.105286,11.54,12.755,13.22,12.39,12.87,6.627264e+06,5.9451056e+07
2022-04-28,RCMT,1.0,0.27334464,0.27334464,11.78,15.0,17.3,13.5,17.03,2.217122e+06,1.5023034e+06
2022-04-28,HAPN,2.0,0.23272729,0.23272729,13.75,16.95,17.48,15.16,16.32,8.208241e+06,4.181251e+07
2022-04-28,ONIT,3.0,0.16731524,0.16731524,17.99,21.0,21.95,20.02,21.33,414214.0,1.5335035e+06
2022-04-28,ATOM,4.0,0.14578831,0.14578831,9.26,10.61,12.0,9.67,11.28,919017.0,4.509296e+06
2022-04-28,UPWK,5.0,0.13011909,0.13011909,19.29,21.8,22.74,20.06,21.63,3.551162e+06,2.8096408e+07
2022-04-29,ZYME,1.0,0.44959676,0.44959676,4.96,7.19,7.88,6.08,6.11,3.679173e+07,1.367843e+07
2022-04-29,IQ,2.0,0.14970064,0.14970064,3.34,3.84,3.96,3.55,3.56,2.5947356e+07,3.6203524e+07
2022-04-29,YMM,3.0,0.13607728,0.13599992,5.0,5.68,6.105,5.6,6.03,1.1793954e+07,2.7636516e+07
2022-04-29,KC,4.0,0.13387096,0.13387096,3.72,4.218,4.25,3.6,3.62,6.742986e+06,2.253214e+07
2022-04-29,SOUN,5.0,0.13199997,0.13199997,7.5,8.49,8.49,5.75,6.5,101825.0,1.4276025e+06
2022-05-02,INVZ,1.0,0.12128723,0.12128723,4.04,4.53,4.68,4.12,4.41,3.0700356e+07,9.259595e+06
2022-05-03,SOUN,1.0,0.45388126,0.45388126,10.95,15.92,18.14,12.45,12.62,2.8591174e+07,1.9566614e+08
2022-05-03,BLTE,2.0,0.19503951,0.19503951,8.87,10.6,15.65,9.606,11.6,7.514449e+06,6.4067655e+06
2022-05-03,HLIT,3.0,0.1325581,0.1325581,8.6,9.74,9.99,9.28,9.71,2.021478e+06,9.059197e+06
2022-05-04,AGIG,1.0,0.106666684,0.106666684,3.75,4.15,4.25,3.92,4.11,4.904993e+06,5.548245e+06
2022-05-05,AUST,1.0,0.18764305,0.18764305,4.37,5.19,5.81,3.49,3.72,1.4249072e+07,3.547138e+07
2022-05-05,HDSN,2.0,0.1344539,0.1344539,7.14,8.1,9.22,8.06,9.06,9.418967e+06,1.0593154e+07
2022-05-05,VISN,3.0,0.12699282,0.12691128,6.54,7.37,8.19,7.05,7.31,1.0052337e+07,4.7307824e+07
2022-05-05,AGIG,4.0,0.10218978,0.10218978,4.11,4.53,4.61,3.75,3.93,1.0493204e+07,2.0159522e+07
2022-05-06,FNKO,1.0,0.20095694,0.20095694,16.72,20.08,21.48,18.7,21.22,5.582997e+06,1.8294472e+07
2022-05-06,CCXI,2.0,0.16751921,0.16751921,15.64,18.26,19.48,17.19,17.38,8.675682e+06,3.379557e+07
2022-05-06,ATEC,3.0,0.12882304,0.12882304,10.79,12.18,12.3,9.25,9.41,1.602349e+06,1.0703184e+07
2022-05-06,OPEN,4.0,0.11328673,0.11328673,7.15,7.96,7.96,6.25,6.71,4.686763e+07,1.8273558e+08
2022-05-06,GDYN,5.0,0.108377695,0.108377695,15.04,16.67,17.938,15.8689,17.39,1.846306e+06,1.6875286e+07
2022-05-10,ALXO,1.0,0.26344085,0.26344085,9.3,11.75,11.75,9.25,9.8,761535.0,3.986538e+06
2022-05-10,IDYA,2.0,0.20772946,0.20772946,8.28,10.0,10.0,8.22,9.32,436863.0,2.3712678e+06
2022-05-10,CLOV,3.0,0.14522815,0.14522815,2.41,2.76,2.89,2.3,2.37,2.1684698e+07,3.3238706e+07
2022-05-10,KYNB,4.0,0.1284635,0.1284635,7.94,8.96,10.43,8.6437,9.99,2.732678e+06,1.2166232e+07
2022-05-10,QURE,5.0,0.12722552,0.12722552,13.48,15.195,15.195,13.4005,13.91,907522.0,1.1308318e+07
2022-05-11,PRCH,1.0,0.31940305,0.31940305,3.35,4.42,4.42,3.4427,3.63,5.525344e+06,1.0855685e+07
2022-05-11,VERU,2.0,0.24005127,0.24005139,7.79,9.66,9.7,7.82,8.16,4.2191984e+07,3.428067e+07
2022-05-11,GSM,3.0,0.17920387,0.17924523,6.36,7.5,7.854,6.5545,6.78,3.454822e+06,1.478183e+07
2022-05-11,PRPL,4.0,0.16025639,0.16025639,3.12,3.62,4.09,3.24,3.27,1.1597108e+07,7.639953e+06
2022-05-11,AKA,5.0,0.13538456,0.13538468,3.25,3.69,3.69,3.17,3.18,588180.0,1.515566e+06
2022-05-12,CGEM,1.0,0.2421341,0.2421341,7.31,9.08,9.67,8.635,9.0,1.4739284e+07,7.792372e+06
2022-05-12,SMRT,2.0,0.1401099,0.1401099,3.64,4.15,4.2,3.62,4.11,2.874064e+06,7.8027805e+06
2022-05-12,CPNG,3.0,0.13650465,0.13650465,9.67,10.99,13.3,9.86,11.46,4.41332e+07,2.98068e+08
2022-05-12,CLPT,4.0,0.11988711,0.11988711,7.09,7.94,8.5,7.08,7.74,646275.0,2.4385842e+06
2022-05-12,SKYX,5.0,0.101876736,0.101876736,3.73,4.11,4.97,3.75,4.85,335885.0,1.5873724e+06
2022-05-13,AFRM,1.0,0.3763857,0.3763857,18.04,24.83,25.32,21.21,23.71,8.571584e+07,9.465223e+08
2022-05-13,VERU,2.0,0.2480619,0.24806213,9.03,11.27,15.1499,10.41,13.0,1.0973213e+08,1.3097456e+08
2022-05-13,HOOD,3.0,0.23130834,0.23130834,8.56,10.54,10.855,9.84,10.69,4.8905004e+07,2.77828e+08
2022-05-13,PAYO,4.0,0.22222233,0.22222233,3.6,4.4,4.91,4.29,4.73,1.2413908e+07,1.3294242e+07
2022-05-13,CELU,5.0,0.17331016,0.17331028,5.77,6.77,8.98,6.45,7.34,1.152141e+06,5.161294e+06
2022-05-16,DJTWW,1.0,0.15503252,0.15503252,12.32,14.23,14.6282,12.81,14.44,528940.0,5.367183e+06
2022-05-16,FFAI,2.0,0.12195122,0.12195122,2.46,2.76,3.29,2.475,2.52,1.3705025e+07,1.0181192e+07
2022-05-17,PPSI,1.0,0.26063251,0.2608695,3.22,4.06,4.1599,3.53,3.65,2.6148152e+07,1.2664775e+06
2022-05-17,MVST,2.0,0.17559528,0.17559528,3.36,3.95,4.31,3.78,4.0,1.923759e+06,4.2492875e+06
2022-05-17,TRAK,3.0,0.15779376,0.15767634,4.82,5.58,5.6,5.0,5.21,113045.0,1.2359445e+06
2022-05-17,SOUN,4.0,0.15081966,0.15081966,6.1,7.02,7.1499,6.01,6.22,1.378483e+06,2.9911472e+06
2022-05-17,NNDM,5.0,0.11811018,0.11811018,2.54,2.84,3.04,2.765,2.91,1.091948e+07,8.992042e+06
2022-05-18,DLO,1.0,0.11640787,0.116363645,19.25,21.49,25.64,21.07,22.2,1.0502833e+07,6.0828132e+07
2022-05-18,AVX,2.0,0.115671635,0.115671635,2.68,2.99,3.13,2.58,2.92,5.7094264e+07,6.5466716e+07
2022-05-18,MX,3.0,0.10559726,0.10559726,17.33,19.16,19.99,19.11,19.66,2.594399e+06,4.2475485e+06
2022-05-19,SIGA,1.0,0.18551242,0.1853857,7.39,8.76,9.75,8.0,8.65,3.9839484e+07,2.2625075e+06
2022-05-19,CAN,2.0,0.102547646,0.102547646,3.14,3.462,3.81,3.35,3.38,1.0836846e+07,1.710745e+07
2022-05-20,EVEX,1.0,0.1952095,0.1952095,8.35,9.98,11.84,8.14,8.87,2.966369e+06,4.0767792e+06
2022-05-23,SIGA,1.0,0.1827327,0.18306458,12.4,14.67,14.8,10.38,10.83,7.376754e+07,9.7361325e+08
2022-05-23,EVEX,2.0,0.15558064,0.15558064,8.87,10.25,10.25,8.36,9.09,322092.0,2.6311692e+07
2022-05-24,GOVX,1.0,0.19396555,0.19396555,2.32,2.77,3.38,2.23,2.29,1.61021e+08,3.857927e+08
2022-05-25,RIME,1.0,0.2763636,0.2763636,2.75,3.51,3.8196,3.11,3.21,5.464036e+06,3.279419e+06
2022-05-25,PLAB,2.0,0.12167561,0.12167561,15.04,16.87,18.2,15.4806,17.86,3.020082e+06,1.8409818e+07
2022-05-26,SPRC,1.0,0.29661012,0.29661024,2.36,3.06,3.75,2.8601,3.33,2.6267124e+07,1.4570922e+06
2022-05-26,MOD,2.0,0.1574713,0.1574713,8.7,10.07,11.53,9.96,10.85,1.372453e+06,2.6629132e+06
2022-05-26,M,3.0,0.1478045,0.14783967,19.21,22.05,22.99,21.12,22.92,4.9528316e+07,5.3407117e+08
2022-05-26,BBW,4.0,0.12778902,0.12769783,16.68,18.81,19.85,17.88,19.12,1.044775e+06,7.766575e+06
2022-05-26,DXLG,5.0,0.10476196,0.10476196,4.2,4.64,4.7,4.23,4.4,2.450844e+06,5.302634e+06
2022-05-27,RRGB,1.0,0.19047618,0.19047618,8.61,10.25,11.03,10.05,10.77,2.892868e+06,1.0707473e+07
2022-05-27,PMVP,2.0,0.16502655,0.16502655,13.21,15.39,18.1187,14.73,15.33,9.113157e+06,4.3391876e+07
2022-05-31,TXMD,1.0,3.457944,3.457944,2.14,9.54,9.99,9.12,9.93,7.494562e+06,1.3019504e+06
2022-05-31,AGIG,2.0,0.32978725,0.32978725,3.76,5.0,6.15,4.7,4.79,7.422957e+07,2.5787222e+07
2022-05-31,INDO,3.0,0.14503813,0.14503813,15.72,18.0,19.18,16.73,16.73,5.406678e+06,1.8973694e+07
2022-05-31,HIVE,4.0,0.13819098,0.13819098,3.98,4.53,4.63,4.295,4.39,3.627593e+06,8.1630675e+06
2022-05-31,AVAL,5.0,0.13499272,0.1347518,4.23,4.8,4.93,4.6,4.91,1.135311e+06,1.8269792e+06
2022-06-01,TNXP,1.0,0.45901644,0.45901632,2.44,3.56,4.79,3.06,3.15,1.6317523e+08,2.4603042e+07
2022-06-02,PDSB,1.0,0.16172504,0.16172504,3.71,4.31,4.43,3.97,4.22,1.6797348e+07,4.4483235e+06
2022-06-02,CRDO,2.0,0.12195122,0.12195122,10.25,11.5,13.4,11.5,12.94,1.886684e+06,5.964229e+06
2022-06-03,AMLX,1.0,0.36131012,0.36131012,9.77,13.3,13.94,11.42,12.35,2.1207436e+07,1.6883538e+06
2022-06-06,FTCI,1.0,0.2518891,0.2518891,3.97,4.97,5.31,4.7396,5.23,8.795936e+06,2.339775e+06
2022-06-06,YMM,2.0,0.22169816,0.22173917,6.9,8.43,8.72,7.1005,7.12,3.908313e+07,3.264635e+07
2022-06-06,SHLS,3.0,0.20898438,0.20898438,15.36,18.57,19.48,18.05,18.66,6.07769e+06,2.7914404e+07
2022-06-06,ARRY,4.0,0.18782604,0.18782604,11.5,13.66,14.4699,13.11,13.57,1.2500521e+07,3.428241e+07
2022-06-06,KC,5.0,0.101098895,0.101098895,4.55,5.01,5.2588,4.59,4.66,5.18126e+06,1.1309467e+07
2022-06-07,BZFD,1.0,0.17040348,0.17040348,2.23,2.61,2.63,2.28,2.29,4.086483e+06,7.125285e+06
2022-06-08,EFOI,1.0,0.30701756,0.30701756,2.28,2.98,3.12,2.3101,2.7,4.664424e+07,5.2565284e+07
2022-06-08,SYM,2.0,0.15824175,0.15824175,9.1,10.54,20.77,10.15,20.07,2.185946e+06,1.2695956e+06
2022-06-08,YMM,3.0,0.105526924,0.10552764,7.96,8.8,9.015,8.12,8.17,2.5006194e+07,1.4010581e+08
2022-06-09,AIFC,1.0,0.16137564,0.16137564,3.78,4.39,5.0,3.67,3.77,2.1255908e+07,1.6109275e+07
2022-06-09,JAN,2.0,0.161273,0.16137564,3.78,4.39,5.0,3.67,3.77,2.1255908e+07,1.6109275e+07
2022-06-09,SOUN,3.0,0.14354074,0.14354074,4.18,4.78,5.24,4.13,4.2,3.165651e+06,4.5540095e+06
2022-06-09,ZGN,4.0,0.101952195,0.10187113,9.62,10.6,11.02,9.89,10.05,305689.0,1.2008358e+06
2022-06-09,OLMA,5.0,0.100000024,0.100000024,4.0,4.4,4.74,4.01,4.34,1.681412e+06,2.76292e+06
2022-06-10,COGT,1.0,0.33064508,0.33064508,4.96,6.6,10.8899,6.5,7.87,1.06460136e+08,2.260143e+06
2022-06-10,EDU,2.0,0.114305735,0.11480975,14.72,16.41,17.24,15.7502,16.21,6.185647e+06,5.064824e+07
2022-06-13,SNTI,1.0,0.16041672,0.1604166,4.8,5.57,5.6858,2.61,2.64,260067.0,1.0285488e+06
2022-06-13,EDU,2.0,0.105095625,0.10487354,16.21,17.91,18.47,16.31,17.1,1.0232185e+07,1.00269336e+08
2022-06-14,INDO,1.0,0.23803353,0.23803353,7.73,9.57,10.28,7.9,7.95,1.3229353e+07,1.5052096e+07
2022-06-14,DRTS,2.0,0.23522592,0.23522592,8.63,10.66,10.66,8.301,8.97,70958.0,1.7761144e+06
2022-06-14,AGIG,3.0,0.14126992,0.1412698,6.3,7.19,8.15,6.01,6.14,3.9300864e+07,9.8747384e+07
2022-06-15,ASTL,1.0,0.18995333,0.18987334,7.9,9.4,9.735,9.03,9.45,6.282045e+06,1.2216513e+07
2022-06-15,DJTWW,2.0,0.11482561,0.11482561,6.88,7.67,8.55,7.52,8.34,286085.0,3.9720855e+06
2022-06-16,SIDU,1.0,0.62393165,0.62393165,4.68,7.6,9.22,6.78,7.63,8.8193544e+07,4.8933888e+08
2022-06-21,VALN,1.0,0.889132,0.889132,13.71,25.9,26.48,24.5901,26.48,369804.0,1.6028361e+06
2022-06-21,SYM,2.0,0.56071436,0.56071436,16.8,26.22,28.48,15.19,15.56,6.514826e+06,8.784384e+06
2022-06-21,BKSY,3.0,0.3251232,0.3251232,2.03,2.69,2.92,2.325,2.44,5.5797348e+07,6.022809e+06
2022-06-21,GROV,4.0,0.15100002,0.15100002,10.0,11.51,12.5033,6.77,6.85,1.071193e+06,5.33546e+06
2022-06-21,ARBK,5.0,0.13031924,0.13031912,3.76,4.25,4.85,4.25,4.44,439981.0,1.04841206e+06
2022-06-23,PGY,1.0,0.18443322,0.18443322,5.91,7.0,7.0,5.09,6.08,225116.0,2.2632758e+06
2022-06-23,GSUN,2.0,0.17914104,0.17914116,16.3,19.22,29.64,17.08,20.5,742120.0,8.550425e+06
2022-06-23,QURE,3.0,0.109161735,0.109161735,15.39,17.07,19.5897,17.01,19.54,4.50415e+06,8.891126e+06
2022-06-24,LNAI,1.0,0.13846159,0.13846159,3.25,3.7,3.7,3.16,3.33,2.870162e+06,1.1621642e+06
2022-06-24,BCYC,2.0,0.13801754,0.13801754,15.94,18.14,18.16,15.8,16.88,613072.0,6.581355e+06
2022-06-28,CRNT,1.0,0.15311015,0.15311015,2.09,2.41,2.68,2.41,2.5,1.0703685e+07,2.0701554e+06
2022-06-28,STRO,2.0,0.15011549,0.15011549,4.33,4.98,5.72,4.85,5.23,1.7125964e+07,2.0739098e+06
2022-06-28,LNAI,3.0,0.13461542,0.13461542,2.6,2.95,2.95,2.42,2.47,806620.0,2.9627025e+06
2022-06-28,MLCO,4.0,0.103918195,0.103918195,5.87,6.48,6.665,6.145,6.17,5.996406e+06,1.5391721e+07
2022-06-29,NRSN,1.0,0.18823528,0.18823528,2.55,3.03,3.16,2.365,2.74,3.91898e+07,1.3644545e+07
2022-06-29,XAIR,2.0,0.15916955,0.15916944,5.78,6.7,6.8417,5.8657,6.25,3.686287e+06,2.2061584e+07
2022-06-30,NRSN,1.0,0.4525547,0.4525547,2.74,3.98,4.47,3.33,3.38,7.795229e+07,1.07380056e+08
2022-06-30,ASPN,2.0,0.30486357,0.30486357,8.43,11.0,11.01,9.3,9.88,2.7800256e+07,1.5098462e+08
2022-07-05,AMLX,1.0,0.16230094,0.16230094,19.47,22.63,23.17,19.1,19.5,2.079239e+06,1.0659124e+07
2022-07-06,PROK,1.0,0.15814507,0.15814507,8.41,9.74,9.74,8.5,8.84,486359.0,1.8610909e+06
2022-07-07,IE,1.0,0.18038332,0.18038332,8.87,10.47,10.47,8.86,9.12,186200.0,1.9555511e+06
2022-07-07,QTEX,2.0,0.17351592,0.17351592,2.19,2.57,2.6,2.02,2.1,3.0288588e+07,1.945074e+08
2022-07-07,FFAI,3.0,0.14317179,0.14317179,4.54,5.19,6.41,5.1675,5.5,6.3040144e+07,5.6278536e+07
2022-07-08,SRG,1.0,0.49835527,0.49835527,6.08,9.11,11.2999,9.0,10.96,8.2791336e+07,7.2856395e+06
2022-07-08,USEA,2.0,0.25552416,0.2556498,7.08,8.89,8.95,6.65,7.5,1.4472232e+07,2.9161533e+08
2022-07-08,TULP,3.0,0.22839499,0.22839499,8.1,9.95,10.8,8.81,9.18,2.122751e+06,5.6376325e+06
2022-07-08,TH,4.0,0.18677676,0.18677676,6.05,7.18,7.97,6.77,7.61,6.237673e+06,4.8786115e+06
2022-07-08,ALVO,5.0,0.16061461,0.16061461,7.16,8.31,8.46,7.75,7.8,242235.0,2.9297932e+06
2022-07-11,DJTWW,1.0,0.45462894,0.45462894,5.2247,7.6,8.3698,7.11,7.93,1.363809e+06,1.0945224e+06
2022-07-12,INDO,1.0,0.33333337,0.33333337,5.82,7.76,7.76,6.55,6.73,1.5259369e+07,1.908087e+06
2022-07-12,QCLS,2.0,0.1428572,0.1428572,4.27,4.88,5.0,4.27,5.0,742223.0,7.284637e+06
2022-07-12,ANNX,3.0,0.12531972,0.12531972,3.91,4.4,4.6,4.16,4.26,503704.0,1.2732915e+06
2022-07-12,VRCA,4.0,0.10204089,0.10204077,2.94,3.24,3.44,2.99,3.4,585762.0,1.7978952e+06
2022-07-13,PETZ,1.0,0.11650491,0.11650491,2.06,2.3,3.64,2.3,2.93,5.870583e+07,1.6595154e+07
2022-07-15,USEA,1.0,0.95442116,0.9545455,2.2,4.3,7.3899,4.3,6.07,1.0425072e+08,2.5843578e+06
2022-07-15,PINS,2.0,0.1349659,0.1349659,17.56,19.93,20.78,19.63,20.4,4.421556e+07,3.0423018e+08
2022-07-15,ALLO,3.0,0.119730234,0.119730234,11.86,13.28,14.06,12.21,12.81,4.115372e+06,1.4038776e+07
2022-07-18,HKD,1.0,0.38433075,0.38433075,16.21,22.44,29.4999,22.1,27.8,815478.0,5.2724965e+06
2022-07-19,STIM,1.0,0.20604384,0.20604384,3.64,4.39,4.5599,3.7901,3.81,2.667514e+07,1.2611872e+06
2022-07-19,USEA,2.0,0.18385279,0.183267,2.51,2.97,2.98,2.54,2.61,1.353569e+07,4.362402e+07
2022-07-20,VITL,1.0,0.10143328,0.10143328,9.07,9.99,10.75,9.73,10.53,1.020254e+06,2.2253152e+06
2022-07-21,SIDU,1.0,0.12469435,0.12469435,4.09,4.6,5.04,4.27,4.65,2.1802484e+07,3.1063906e+07
2022-07-22,CYH,1.0,0.17518246,0.17518246,4.11,4.83,5.06,4.6506,4.9,9.090676e+06,7.1647945e+06
2022-07-22,APLD,2.0,0.16888893,0.16888893,2.25,2.63,2.65,2.02,2.13,1.9130284e+07,2.4777968e+07
2022-07-22,GEVO,3.0,0.102941155,0.102941155,2.72,3.0,3.02,2.44,2.45,2.7993756e+07,2.2488738e+07
2022-07-22,SLI,4.0,0.102941155,0.102941155,5.44,6.0,6.09,4.9,5.0,3.683767e+06,9.689228e+06
2022-07-25,SIGA,1.0,0.18837988,0.18832242,12.16,14.45,16.34,13.83,15.69,6.0140268e+07,1.0467889e+08
2022-07-25,EVEX,2.0,0.16125143,0.16125143,8.31,9.65,10.48,8.23,8.23,274216.0,3.587103e+06
2022-07-26,PGY,1.0,0.17580152,0.1758014,9.67,11.37,21.56,10.58,16.74,5.8447604e+07,9.5654376e+07
2022-07-26,LBRT,2.0,0.120532036,0.120622516,12.85,14.4,14.42,13.48,13.8,1.0374154e+07,3.741063e+07
2022-07-27,ONCO,1.0,0.7073171,0.7073171,2.05,3.5,4.04,3.02,3.14,8.305499e+07,3.5172545e+06
2022-07-27,TEVA,2.0,0.20786524,0.20786524,7.12,8.6,9.18,8.21,9.14,7.1204744e+07,1.1775148e+08
2022-07-27,RES,3.0,0.20521009,0.20516717,6.58,7.93,8.09,7.15,7.8,2.539309e+06,1.2071247e+07
2022-07-27,PGY,4.0,0.18578255,0.18578255,16.74,19.85,24.94,18.0,21.97,4.2954724e+07,9.7841286e+08
2022-07-27,EVEX,5.0,0.14896214,0.14896214,8.19,9.41,9.62,8.62,8.67,225921.0,1.2146261e+06
2022-07-28,JAKK,1.0,0.40495872,0.4051522,17.08,24.0,26.25,21.53,22.46,1.630272e+06,3.8180972e+06
2022-07-28,PLUG,2.0,0.16472638,0.16472638,17.18,20.01,21.86,20.01,21.63,7.912645e+07,2.506707e+08
2022-07-28,SHLS,3.0,0.1424067,0.1424067,19.03,21.74,23.01,20.39,22.52,5.145024e+06,3.3114618e+07
2022-07-28,STEM,4.0,0.13516605,0.13516617,8.73,9.91,11.26,9.78,10.69,9.044098e+06,2.0723142e+07
2022-07-28,ARRY,5.0,0.13496935,0.13496935,13.04,14.8,17.17,14.5,16.1,1.2872978e+07,5.54713e+07
2022-07-29,GETY,1.0,1.5219047,1.5219047,10.5,26.48,29.53,17.9,26.15,1.2931573e+07,5.713491e+06
2022-07-29,MITK,2.0,0.1529932,0.1529932,9.02,10.4,11.04,9.79,10.88,1.1861e+06,3.7925132e+06
2022-07-29,AXTI,3.0,0.13960111,0.13960111,7.02,8.0,8.85,7.86,8.77,1.620293e+06,1.1665625e+06
2022-07-29,PGY,4.0,0.10684466,0.10684478,17.97,19.89,27.55,16.41,24.82,1.4598399e+07,1.3156365e+08
2022-08-01,GOVX,1.0,0.5604396,0.5604396,2.73,4.26,4.3,3.56,3.9,1.1606013e+08,4.937078e+08
2022-08-01,VRAX,2.0,0.38518524,0.38518512,5.4,7.48,13.75,6.98,11.85,5.75618e+07,5.3836828e+07
2022-08-01,MAIA,3.0,0.20689654,0.20689654,5.8,7.0,9.64,6.26,7.8,1.255637e+07,3.5775068e+07
2022-08-01,OM,4.0,0.11650491,0.11650491,15.45,17.25,20.39,16.975,19.61,4.215482e+06,1.2536362e+07
2022-08-01,PSO,5.0,0.1112175,0.11123109,9.26,10.29,10.595,10.29,10.51,884245.0,2.4255182e+06
2022-08-02,AMTD,1.0,4.1634617,4.1634617,2.08,10.74,12.9,6.4,7.0,2.3094656e+08,6.046647e+07
2022-08-02,INVZ,2.0,0.21500003,0.21500003,4.0,4.86,4.92,4.44,4.73,1.1454824e+07,3.229704e+06
2022-08-02,PINS,3.0,0.1815908,0.1815908,19.99,23.62,23.77,21.9,22.31,5.1813028e+07,6.022329e+08
2022-08-02,FFAI,4.0,0.15999997,0.15999997,2.0,2.32,2.89,2.17,2.42,6.5510268e+07,2.4858978e+07
2022-08-02,RIG,5.0,0.15527952,0.15527952,3.22,3.72,3.99,3.6,3.74,4.5732936e+07,6.1207936e+07
2022-08-03,MDIA,1.0,0.6886544,0.6886544,3.79,6.4,6.63,4.36,5.65,8.948051e+06,7.5061175e+06
2022-08-03,AMTD,2.0,0.22000003,0.22000003,7.0,8.54,9.3,5.6,6.25,8.435809e+07,1.6166259e+09
2022-08-03,LEDS,3.0,0.1692307,0.1692307,3.25,3.8,4.28,3.45,3.62,1.908937e+06,2.2458572e+06
2022-08-03,SOFI,4.0,0.1357255,0.1357255,6.41,7.28,8.42,7.05,8.23,1.488382e+08,3.205457e+08
2022-08-03,ARQT,5.0,0.12051284,0.12051284,19.5,21.85,23.76,21.67,22.21,3.379066e+06,2.1544868e+07
2022-08-04,NNVC,1.0,0.46341455,0.46341455,2.46,3.6,3.88,2.8,3.65,2.7425556e+07,1.5189e+06
2022-08-04,ZETA,2.0,0.14951777,0.14951777,6.22,7.15,7.4,6.56,6.7,3.675721e+06,8.315306e+06
2022-08-04,RELY,3.0,0.14176977,0.14176977,10.51,12.0,13.55,11.53,11.71,3.303347e+06,2.030159e+07
2022-08-04,BCRX,4.0,0.13991034,0.13991034,11.15,12.71,14.19,12.35,13.74,1.2289282e+07,3.8963764e+07
2022-08-05,CPS,1.0,0.42147112,0.42147112,5.03,7.15,10.0,7.15,8.53,9.20696e+06,1.3560629e+06
2022-08-05,PGY,2.0,0.18993783,0.18993771,17.69,21.05,26.05,20.12,22.76,3.712318e+06,2.91078e+07
2022-08-05,AMTD,3.0,0.17441857,0.17441857,4.3,5.05,5.7,4.45,4.68,2.6341772e+07,1.4220829e+08
2022-08-05,CLMT,4.0,0.15881455,0.15881455,13.16,15.25,17.23,14.5011,15.685,1.209731e+06,2.7208168e+06
2022-08-05,SRTS,5.0,0.13027847,0.13027847,11.13,12.58,14.82,12.0252,14.55,2.034821e+06,2.7071165e+06
2022-08-08,KOD,1.0,0.17864478,0.17864478,9.74,11.48,11.7899,10.022,11.11,4.19509e+06,9.91981e+06
2022-08-08,QNRX,2.0,0.13988662,0.13988662,5.29,6.03,6.5,5.48,5.59,5.443338e+06,8.624314e+07
2022-08-08,VRM,3.0,0.11637926,0.11637926,2.32,2.59,2.76,2.37,2.46,3.692774e+07,8.71722e+07
2022-08-08,BBAI,4.0,0.11481476,0.11481476,2.7,3.01,3.31,2.611,2.74,1.975126e+06,2.954303e+07
2022-08-08,LVLU,5.0,0.10157609,0.10157621,5.71,6.29,7.67,6.25,7.33,1.493945e+06,1.247812e+06
2022-08-09,GDRX,1.0,0.2789948,0.2789948,7.76,9.925,10.37,7.76,7.81,2.7474888e+07,7.629708e+07
2022-08-10,QXO,1.0,0.27210307,0.271739,3.68,4.68,4.75,3.52,4.07,1.2633901e+07,6.8576065e+06
2022-08-10,ALTG,2.0,0.16360629,0.16402113,11.34,13.2,13.47,12.64,13.21,221503.0,1.3147596e+06
2022-08-10,JMIA,3.0,0.15751445,0.15751445,6.92,8.01,8.39,7.5,8.2,1.0491828e+07,2.6738326e+07
2022-08-10,OSUR,4.0,0.15360498,0.15360498,3.19,3.68,4.49,3.41,4.22,7.500096e+06,4.468667e+06
2022-08-10,PRCH,5.0,0.15062761,0.15062761,2.39,2.75,3.04,2.6201,2.88,5.109187e+06,8.055273e+06
2022-08-11,ARHS,1.0,0.3047167,0.3046875,6.4,8.35,8.37,7.52,7.93,3.948921e+06,2.6767298e+06
2022-08-11,ENVX,2.0,0.2408669,0.2408669,16.15,20.04,21.89,18.42,21.13,1.5823827e+07,8.749727e+07
2022-08-11,VERU,3.0,0.20815635,0.20815635,11.77,14.22,17.99,13.66,16.01,5.9291e+07,6.721337e+07
2022-08-11,GWAV,4.0,0.19166672,0.19166672,3.6,4.29,4.37,3.33,3.57,4.40489e+06,9.275627e+06
2022-08-11,GNLN,5.0,0.13230765,0.13230777,3.25,3.68,3.7,3.28,3.58,356879.0,2.4055428e+06
2022-08-12,LZ,1.0,0.2283895,0.2283895,10.99,13.5,13.94,12.78,12.97,3.588997e+06,1.273697e+07
2022-08-12,AIRS,2.0,0.22650373,0.22635138,8.88,10.89,11.75,10.34,11.2,701122.0,2.1561795e+06
2022-08-12,TOST,3.0,0.19614327,0.19614327,18.15,21.71,21.76,19.47,19.64,2.1422136e+07,1.3914725e+08
2022-08-12,PAYO,4.0,0.17869723,0.17869723,5.68,6.695,7.2599,6.5412,6.7,2.174738e+07,1.9111864e+07
2022-08-12,RANI,5.0,0.15795875,0.15795875,8.23,9.53,12.0,9.375,11.32,906667.0,1.7579526e+06
2022-08-15,VRDN,1.0,0.3584522,0.3584522,14.73,20.01,25.3799,19.25,22.0,1.2860787e+07,6.7375605e+06
2022-08-15,HYFM,2.0,0.2337662,0.23376632,3.85,4.75,4.95,4.01,4.12,3.36876e+06,5.7166495e+06
2022-08-15,VEEE,3.0,0.22816896,0.22816908,7.1,8.72,8.8,7.12,7.94,1.395384e+07,4.9996774e+08
2022-08-15,TAOX,4.0,0.13881397,0.13881397,7.42,8.45,8.67,7.95,8.52,601892.0,1.0940939e+06
2022-08-15,GWAV,5.0,0.12667656,0.12667656,3.355,3.78,3.7899,3.5,3.69,1.124748e+06,3.3823902e+06
2022-08-16,ARTL,1.0,0.33715594,0.33715594,4.36,5.83,7.2,5.13,6.36,1.5934601e+07,2.4131948e+06
2022-08-16,AMTD,2.0,0.25663722,0.2566371,2.26,2.84,3.42,2.6,2.81,8.580723e+07,3.1441778e+07
2022-08-16,TGL,3.0,0.20972228,0.20972228,7.2,8.71,8.96,6.75,6.94,5.00104e+06,2.7804276e+07
2022-08-16,DNA,4.0,0.19484234,0.19484246,3.49,4.17,4.26,3.55,3.74,8.189461e+07,1.5547958e+08
2022-08-16,REBN,5.0,0.1654135,0.1654135,3.99,4.65,5.22,4.01,4.1,2.571508e+06,3.8219652e+06
2022-08-17,ONCO,1.0,0.37254906,0.37254906,2.55,3.5,8.0,3.49,7.64,1.5414109e+08,2.458608e+06
2022-08-17,QNRX,2.0,0.2035929,0.20359278,5.01,6.03,6.09,5.2,5.48,1.0594469e+07,1.4202399e+07
2022-08-17,GNPX,3.0,0.12556052,0.12556052,2.23,2.51,2.64,2.23,2.42,2.711636e+06,8.444049e+06
2022-08-17,SRAD,4.0,0.103333354,0.103333354,12.0,13.24,14.56,12.5801,13.39,878349.0,2.639784e+06
2022-08-18,NEGG,1.0,0.12607098,0.12607098,4.085,4.6,4.75,3.81,3.95,4.61659e+06,3.7313412e+06
2022-08-18,SYM,2.0,0.110616684,0.110616684,15.73,17.47,17.5,15.8,15.87,596540.0,1.7629398e+06
2022-08-19,GCT,1.0,0.6978967,0.6978967,15.69,26.64,60.0,24.81,48.01,3.597386e+07,1.841552e+08
2022-08-19,BULL,2.0,0.26008058,0.26008058,9.92,12.5,12.5,9.92,9.92,12168.0,6.1876695e+06
2022-08-19,GNS,3.0,0.16333723,0.16333723,8.51,9.9,11.7999,7.07,7.75,1.215394e+06,5.17631e+06
2022-08-19,SVRE,4.0,0.111111045,0.111111164,2.61,2.9,3.45,2.4811,2.78,1.781137e+06,2.0815324e+06
2022-08-22,SVRE,1.0,0.6834532,0.6834532,2.78,4.68,4.78,2.9,2.96,3.367637e+07,4.951561e+06
2022-08-22,REBN,2.0,0.1315068,0.1315068,3.65,4.13,4.24,3.45,3.54,781487.0,1.0808636e+06
2022-08-22,ONCO,3.0,0.100263834,0.100263834,3.79,4.17,4.3,3.45,3.48,3.655028e+06,2.8014732e+07
2022-08-23,INDO,1.0,0.13896108,0.13896108,7.7,8.77,12.76,8.6,11.5,6.135044e+07,3.636576e+07
2022-08-24,NERV,1.0,0.19512188,0.19512188,4.51,5.39,8.58,5.13,7.51,8.235051e+07,2.1139562e+07
2022-08-24,SNTG,2.0,0.15438604,0.15438604,2.85,3.29,3.29,2.81,3.03,72505.0,1.3491386e+06
2022-08-24,FLXS,3.0,0.133762,0.13391805,17.1,19.39,20.0,19.1,19.59,111750.0,1.02877025e+06
2022-08-24,GASS,4.0,0.11451614,0.11451614,3.1,3.455,3.6,2.892,3.12,704203.0,1.6523185e+06
2022-08-24,PTON,5.0,0.10267866,0.10267866,11.2,12.35,13.66,12.1601,13.48,8.4284584e+07,1.7085792e+08
2022-08-25,DXLG,1.0,0.18571436,0.18571436,4.2,4.98,5.06,4.66,5.03,3.121989e+06,3.1921258e+06
2022-08-25,TE,2.0,0.16634429,0.16556287,10.57,12.32,12.6,12.03,12.6,5.770501e+06,1.162385e+07
2022-08-26,DRUG,1.0,0.27335644,0.27335644,2.89,3.68,4.16,2.31,2.55,1.0645483e+08,4.2236528e+08
2022-08-26,TIGR,2.0,0.13838124,0.13838124,3.83,4.36,4.36,3.74,3.81,5.703829e+06,7.0506815e+06
2022-08-26,KC,3.0,0.13662791,0.13662791,3.44,3.91,3.97,3.56,3.57,5.570738e+06,1.2476973e+07
2022-08-26,API,4.0,0.10329664,0.10329664,4.55,5.02,5.3,4.31,4.44,1.841312e+06,4.8219945e+06
2022-08-29,DRUG,1.0,0.19607842,0.19607842,2.55,3.05,3.24,2.63,2.95,2.8528826e+07,2.714598e+08
2022-08-30,ONCO,1.0,0.11929822,0.11929834,2.85,3.19,3.6399,2.9,3.34,1.4521468e+07,6.2998195e+06
2022-08-30,SCOR,2.0,0.10648143,0.10648143,2.16,2.39,2.399,2.11,2.15,652569.0,1.2109048e+06
2022-08-31,MOB,1.0,0.2540983,0.2540983,2.44,3.06,3.62,2.87,3.12,4.448424e+07,4.1398578e+06
2022-08-31,NMTC,2.0,0.16666663,0.16666663,2.16,2.52,2.95,2.3,2.55,1.226215e+06,1.4048965e+06
2022-08-31,SNAP,3.0,0.123876095,0.123876095,10.01,11.25,11.6,10.2,10.88,2.042295e+08,6.151e+08
2022-09-01,NTNX,1.0,0.21329486,0.21329486,17.3,20.99,22.94,20.98,22.34,2.1865872e+07,1.2130659e+08
2022-09-02,BIAFW,1.0,0.40476203,0.40476203,2.1,2.95,4.5,1.56,1.8675,746808.0,4.710644e+06
2022-09-02,BIAF,2.0,0.21325302,0.2132529,8.3,10.07,12.82,6.96,7.05,1.6380567e+07,9.147657e+07
2022-09-02,PR,3.0,0.12732458,0.12729657,7.62,8.59,8.6799,7.73,7.95,3.549306e+06,1.4027038e+08
2022-09-06,OUT,1.0,0.12223065,0.12210643,17.28,19.39,19.49,18.1,18.46,9.369992e+06,3.2586608e+07
2022-09-06,ADT,2.0,0.12201178,0.12205267,7.21,8.09,8.42,7.91,8.39,1.5249066e+07,1.0733642e+07
2022-09-07,BIAF,1.0,0.2987013,0.2987013,5.39,7.0,7.78,5.6,5.75,1.2982505e+07,1.1375525e+07
2022-09-07,QNRX,2.0,0.19277108,0.19277108,3.32,3.96,5.2,3.72,3.91,4.210016e+07,2.9495112e+06
2022-09-07,GETY,3.0,0.101396084,0.101396084,13.61,14.99,15.14,12.1433,12.76,726467.0,5.526245e+06
2022-09-08,AMLX,1.0,0.74860334,0.74860334,17.9,31.3,32.8,27.0,27.03,1.3240876e+07,3.6934142e+06
2022-09-08,ASAN,2.0,0.18434858,0.18434858,19.04,22.55,24.8031,21.42,23.76,2.8093936e+07,1.16228616e+08
2022-09-09,INM,1.0,0.22209704,0.22209704,8.87,10.84,13.25,9.09,11.02,3.058626e+06,5.9386425e+06
2022-09-12,INM,1.0,0.3611616,0.36116147,11.02,15.0,19.5,13.78,18.78,3.1983832e+07,3.370606e+07
2022-09-12,QH,2.0,0.18181813,0.18181813,2.75,3.25,3.4799,2.75,3.03,1.995918e+06,4.369395e+06
2022-09-12,ATER,3.0,0.10843372,0.10843372,2.49,2.76,2.77,2.6,2.62,4.473323e+06,3.0638702e+06
2022-09-12,IDYA,4.0,0.10270274,0.10270274,9.25,10.2,12.28,9.78,12.09,2.609251e+06,1.8222038e+06
2022-09-13,VNET,1.0,0.15565038,0.15565038,4.69,5.42,6.2888,5.23,5.66,1.2819203e+07,1.9063538e+06
2022-09-14,BIAF,1.0,0.37681162,0.37681162,4.14,5.7,6.8,4.71,4.86,4.8598132e+07,2.8354155e+06
2022-09-15,MTVA,1.0,0.6239619,0.6239619,16.86,27.38,29.88,22.06,24.82,8.188849e+06,2.5894078e+07
2022-09-16,AMPX,1.0,0.5730157,0.5730157,9.9999,15.73,16.8,7.9,8.3,6.169853e+06,3.6612532e+06
2022-09-16,AAOI,2.0,0.204,0.204,2.5,3.01,3.94,2.87,3.76,7.732323e+07,5.96878e+06
2022-09-16,SJ,3.0,0.20000005,0.20000005,5.0,6.0,6.12,2.88,3.07,3.337002e+06,7.210015e+06
2022-09-19,PRPL,1.0,0.4193548,0.41935492,2.79,3.96,4.13,3.72,3.89,6.650963e+07,1.1466141e+07
2022-09-22,VRAX,1.0,0.14144742,0.14144742,3.04,3.47,3.64,3.18,3.28,8.757599e+06,4.7605125e+06
2022-09-22,MTVA,2.0,0.12954688,0.129547,15.67,17.7,19.5,15.1,16.61,1.02072e+06,8.695816e+06
2022-09-26,ISPC,1.0,0.16019416,0.16019428,2.06,2.39,2.58,1.8304,1.91,1.523666e+07,3.0909928e+06
2022-09-26,MLCO,2.0,0.13018858,0.13018858,5.3,5.99,7.17,5.99,6.65,3.507183e+07,2.178547e+07
2022-09-26,LESL,3.0,0.10557616,0.10557616,13.45,14.87,15.23,14.41,14.57,1.3912151e+07,3.3157638e+07
2022-09-27,SKIN,1.0,0.10192311,0.10192311,10.4,11.46,12.33,11.41,11.58,3.499463e+06,1.2303886e+07
2022-09-28,SILO,1.0,0.21568632,0.2156862,5.1,6.2,6.82,4.49,4.88,1.980002e+06,1.770975e+06
2022-09-28,KPRX,2.0,0.15151513,0.15151513,6.6,7.6,7.62,6.35,7.0,486045.0,1.2770808e+07
2022-09-28,RDNT,3.0,0.11358583,0.11358583,17.96,20.0,21.33,19.78,20.84,598828.0,4.489479e+06
2022-09-30,SAIH,1.0,0.1637168,0.16371691,2.26,2.63,3.5299,2.31,3.24,5.347479e+06,2.376625e+06
2022-09-30,INM,2.0,0.118466854,0.11846697,5.74,6.42,9.32,6.26,6.5937,7.170949e+06,1.2567615e+06
2022-10-03,LVWR,1.0,0.3885795,0.3885795,7.18,9.97,10.5,7.8502,9.3,3.337948e+06,3.1561842e+06
2022-10-03,FNGR,2.0,0.24925816,0.24925816,3.37,4.21,6.5,4.18,6.5,7.3812856e+07,1.0669013e+08
2022-10-03,XPER,3.0,0.23974538,0.23974538,14.14,17.53,19.07,13.3,14.97,1.237042e+06,1.2946287e+07
2022-10-03,SBS,4.0,0.17829454,0.17837536,9.11,10.735,11.36,10.41,11.15,1.2644982e+07,5.922887e+07
2022-10-03,PBR,5.0,0.11264539,0.11264181,12.34,13.73,13.95,13.53,13.9,6.45581e+07,4.609696e+08
2022-10-04,FNGR,1.0,0.19538462,0.19538462,6.5,7.77,7.86,4.94,6.86,2.6075174e+07,4.7978355e+08
2022-10-04,PLTK,2.0,0.1638577,0.16381907,9.95,11.58,11.79,10.21,10.3,9.859279e+06,5.1762276e+07
2022-10-04,VISN,3.0,0.109063506,0.10878658,9.56,10.6,11.2542,10.6,11.2,6.09878e+06,2.3445078e+07
2022-10-05,SHFS,1.0,0.27722776,0.27722764,5.05,6.45,13.6,6.44,7.52,4.864698e+06,1.0796749e+06
2022-10-05,INDO,2.0,0.15760112,0.15760112,7.17,8.3,9.3,7.6001,8.16,7.06392e+06,1.2785358e+07
2022-10-05,TOPS,3.0,0.13812149,0.1381216,5.43,6.18,11.6,5.275,9.88,4.0881332e+07,9.193271e+07
2022-10-05,BNGO,4.0,0.102941155,0.102941155,2.04,2.25,2.335,2.04,2.19,1.9625278e+07,1.3263021e+07
2022-10-06,SUNE,1.0,0.51449275,0.51449275,2.76,4.18,4.91,3.3903,4.55,8.075241e+07,3.7436464e+08
2022-10-06,BEAT,2.0,0.39072847,0.39072847,4.53,6.3,6.74,5.2,5.73,3.1937904e+07,6.946615e+06
2022-10-06,RELL,3.0,0.10063338,0.10039103,15.34,16.88,19.37,16.5,19.12,1.231439e+06,3.775665e+06
2022-10-07,OSG,1.0,0.1739825,0.17343748,12.8,15.02,15.24,13.45,14.8,3.59368e+06,3.6409858e+06
2022-10-10,SOBR,1.0,0.28112447,0.28112447,2.49,3.19,3.74,2.8,2.82,2.8243382e+07,1.5966378e+06
2022-10-10,KITT,2.0,0.13953483,0.13953483,4.73,5.39,5.39,4.2301,4.55,471221.0,3.4514005e+06
2022-10-10,SNTI,3.0,0.111607194,0.111607194,4.48,4.98,5.0,3.86,3.93,4.795138e+06,2.4393098e+07
2022-10-10,MPTI,4.0,0.100000024,0.100000024,15.2,16.72,21.0,13.05,15.6,206829.0,1.0263648e+06
2022-10-11,BSET,1.0,0.15113711,0.15081763,16.51,19.0,19.1,17.51,17.83,260878.0,2.3959972e+06
2022-10-11,JOBY,2.0,0.14025974,0.14025974,3.85,4.39,4.45,3.94,4.14,1.7707688e+07,1.3606469e+07
2022-10-11,LUCY,3.0,0.111111045,0.111111164,2.16,2.4,2.65,2.0701,2.6,566082.0,2.611721e+06
2022-10-12,SUNE,1.0,0.22000003,0.22000003,5.0,6.1,7.54,5.94,6.7,5.781829e+07,9.192401e+07
2022-10-12,LOCO,2.0,0.1407181,0.14065933,9.1,10.38,10.7,10.2,10.53,1.105102e+06,2.677766e+06
2022-10-13,LASE,1.0,0.37542665,0.37542665,2.93,4.03,4.49,3.83,4.13,4.5549556e+07,2.7725328e+07
2022-10-14,ELVN,1.0,0.383721,0.383721,2.58,3.57,3.82,3.2991,3.79,3.752779e+07,1.2096879e+07
2022-10-14,LASE,2.0,0.22033894,0.22033894,4.13,5.04,5.25,4.56,4.91,2.5930412e+07,1.8811966e+08
2022-10-17,XTIA,1.0,0.7384939,0.7384937,4.78,8.31,9.76,7.11,9.11,3.369351e+07,2.5477688e+06
2022-10-17,LPL,2.0,0.15032685,0.15032685,4.59,5.28,5.28,5.03,5.03,1.002166e+06,2.6291935e+06
2022-10-17,GROY,3.0,0.14627147,0.14622653,2.12,2.43,2.4899,2.25,2.39,2.702879e+06,1.3670459e+06
2022-10-18,VTAK,1.0,0.41284406,0.41284406,5.45,7.7,7.75,5.93,6.29,1.7433514e+07,2.2372298e+07
2022-10-18,FUBO,2.0,0.13827169,0.13827157,4.05,4.61,4.73,4.075,4.12,2.481532e+07,4.6359636e+07
2022-10-18,VNET,3.0,0.11524165,0.11524165,5.38,6.0,6.02,5.39,5.42,1.66331e+06,7.979993e+06
2022-10-19,SOBR,1.0,0.18045115,0.18045115,2.66,3.14,3.39,2.81,3.03,2.8497842e+07,1.920028e+06
2022-10-20,DBD,1.0,0.13656712,0.13656712,2.68,3.046,3.1,2.3,2.32,5.621198e+06,1.5144708e+06
2022-10-20,INDO,2.0,0.10015178,0.10015178,6.59,7.25,7.5,6.48,6.67,3.745417e+06,9.261613e+06
2022-10-21,PHVS,1.0,0.108527064,0.108527064,5.16,5.72,5.925,5.08,5.5,31400.0,1.553098e+06
2022-10-25,CLS,1.0,0.14842105,0.14842105,9.5,10.91,11.68,10.86,11.06,1.682734e+06,4.9456335e+06
2022-10-26,GRNT,1.0,0.17361653,0.17359412,10.225,12.0,14.0,9.46,9.5,614121.0,1.6904175e+06
2022-10-28,JAKK,1.0,0.1460259,0.14642453,17.62,20.2,21.7399,16.79,17.0,501444.0,4.226545e+06
2022-10-31,PERF,1.0,0.4363637,0.4363637,11.0,15.8,21.03,9.16,10.99,770931.0,4.429282e+06
2022-10-31,SXC,2.0,0.15359938,0.15373361,6.83,7.88,7.91,7.06,7.26,2.136454e+06,7.346628e+06
2022-10-31,JELD,3.0,0.10521233,0.10521233,10.36,11.45,11.45,9.88,10.61,2.722055e+06,1.7537574e+07
2022-11-01,SOFI,1.0,0.1875,0.1875,5.44,6.46,6.47,5.67,5.73,1.6089934e+08,3.4098102e+08
2022-11-01,GDS,2.0,0.15874851,0.15874851,8.63,10.0,10.24,9.05,9.08,4.452091e+06,4.9045716e+07
2022-11-01,CVNA,3.0,0.127864,0.127864,13.53,15.26,16.07,14.941,15.28,1.9713156e+07,1.7703998e+08
2022-11-01,KNSA,4.0,0.11821365,0.11821365,11.42,12.77,13.37,12.0,12.8,1.327665e+06,5.0572445e+06
2022-11-01,API,5.0,0.10394263,0.10394263,2.79,3.08,3.22,2.93,2.94,906134.0,2.8699112e+06
2022-11-02,BAND,1.0,0.32357728,0.32357728,12.3,16.28,18.9,16.28,17.42,1.1249155e+07,7.137973e+06
2022-11-02,ARCT,2.0,0.2653172,0.2653172,18.28,23.13,24.65,21.15,21.69,3.699918e+06,1.2032792e+07
2022-11-02,SNOA,3.0,0.13413656,0.13405621,2.49,2.8238,3.34,2.625,2.69,4.277478e+07,2.42218e+06
2022-11-03,NRDS,1.0,0.20262098,0.20262098,9.92,11.93,14.05,11.5211,13.63,3.041386e+06,3.1962042e+06
2022-11-03,VCYT,2.0,0.17846155,0.17846155,19.5,22.98,24.69,21.85,24.23,2.960094e+06,2.2922894e+07
2022-11-03,TGLS,3.0,0.13579607,0.13567841,19.9,22.6,24.42,22.11,23.63,498506.0,1.5208376e+06
2022-11-03,FLWS,4.0,0.10872674,0.10872674,6.99,7.75,8.64,7.53,8.15,1.897279e+06,6.6000625e+06
2022-11-03,SUIG,5.0,0.10486889,0.10486889,2.67,2.95,2.95,2.1,2.15,232433.0,1.3550384e+06
2022-11-04,SNTG,1.0,0.5424013,0.5424013,3.04,4.6889,5.96,3.9,4.09,3.5331544e+07,1.8701806e+06
2022-11-04,DMRC,2.0,0.25597274,0.25597274,14.65,18.4,19.99,17.73,18.95,512603.0,1.6387636e+06
2022-11-04,XPEV,3.0,0.17055392,0.17055392,6.86,8.03,8.24,7.65,7.88,6.1469004e+07,1.6556026e+08
2022-11-04,BILI,4.0,0.16159499,0.16159499,9.53,11.07,11.74,10.455,11.71,2.2267092e+07,7.83964e+07
2022-11-04,OEC,5.0,0.14046824,0.14071655,15.35,17.51,17.98,16.6,16.71,1.66339e+06,1.1466067e+07
2022-11-07,DJT,1.0,0.28546906,0.28546906,17.48,22.47,29.8,20.6,29.1,3.3402602e+07,2.0793474e+07
2022-11-07,VERU,2.0,0.15942025,0.15942025,10.35,12.0,15.9,11.8,14.44,5.533493e+07,4.143227e+07
2022-11-07,PERF,3.0,0.15594327,0.15594327,9.17,10.6,10.6,8.51,8.56,237215.0,3.703488e+06
2022-11-07,CERT,4.0,0.12863863,0.12863863,10.65,12.02,13.33,11.98,12.735,2.255803e+06,1.5363881e+07
2022-11-07,TIGO,5.0,0.12856424,0.1288135,11.8,13.32,13.32,12.79,12.91,293483.0,1.40184e+06
2022-11-08,HIMS,1.0,0.27056277,0.27056277,4.62,5.87,5.91,5.3,5.53,8.843122e+06,1.8125188e+07
2022-11-08,FULC,2.0,0.15329766,0.15329766,5.61,6.47,6.67,5.691,6.45,585299.0,1.6340584e+06
2022-11-08,TASK,3.0,0.15311015,0.1527431,16.04,18.49,22.54,18.49,22.01,3.512722e+06,1.3461218e+07
2022-11-08,OPRT,4.0,0.14698803,0.14698803,4.15,4.76,6.2295,4.61,5.26,2.479691e+06,1.3042412e+06
2022-11-08,GRWG,5.0,0.12688828,0.12688828,3.31,3.73,4.67,3.65,4.47,1.930862e+07,4.343299e+06
2022-11-09,HCAT,1.0,0.31993818,0.31993818,6.47,8.54,8.59,7.81,7.98,3.769856e+06,1.2595705e+07
2022-11-09,RNA,2.0,0.23897064,0.23897064,13.6,16.85,16.85,13.74,14.0,918168.0,5.204557e+06
2022-11-09,ARRY,3.0,0.20730269,0.20730269,16.98,20.5,20.62,18.36,19.27,1.3900877e+07,8.639846e+07
2022-11-09,RAMP,4.0,0.1792574,0.1792574,15.62,18.42,19.155,17.82,18.29,2.883901e+06,2.3429454e+07
2022-11-09,OSUR,5.0,0.16901398,0.16901398,4.26,4.98,5.16,4.38,4.41,1.106168e+06,2.9301005e+06
2022-11-10,RPAY,1.0,0.33561635,0.33561635,4.38,5.85,7.04,5.77,6.6,7.288809e+06,1.0029578e+07
2022-11-10,APPS,2.0,0.28876507,0.28876507,10.77,13.88,17.46,13.75,17.33,2.0774204e+07,3.9458212e+07
2022-11-10,MGNI,3.0,0.24567461,0.24567461,5.78,7.2,9.7,7.19,9.57,1.2376123e+07,2.238297e+07
2022-11-10,WRBY,4.0,0.20408165,0.20408165,13.23,15.93,17.5,15.1,15.2,4.961642e+06,3.2715738e+07
2022-11-10,PRTS,5.0,0.19602978,0.19602978,4.03,4.82,5.4,4.55,4.75,4.387295e+06,1.2189272e+07
2022-11-11,SNAL,1.0,0.8666667,0.86666656,2.25,4.2,4.36,2.92,3.0,2.0099392e+07,9.343012e+06
2022-11-11,VS,2.0,0.19999993,0.19999993,3.0,3.6,4.2,2.44,2.92,7.682052e+06,2.030355e+06
2022-11-11,BEKE,3.0,0.18045115,0.17989421,11.34,13.38,13.9,12.91,13.53,2.2383228e+07,9.932061e+07
2022-11-11,PSNY,4.0,0.17763162,0.17763162,4.56,5.37,5.838,5.11,5.51,1.6202938e+07,7.7182285e+06
2022-11-11,LZ,5.0,0.16807616,0.16807616,9.46,11.05,11.44,9.89,10.44,2.560077e+06,2.1226026e+07
2022-11-14,ASTS,1.0,0.15515292,0.15515292,8.83,10.2,10.21,7.91,7.99,9.13232e+06,3.717725e+07
2022-11-14,ATAT,2.0,0.13978493,0.13975155,12.88,14.68,14.95,12.6,13.35,1.504725e+06,2.4506544e+07
2022-11-14,GSUN,3.0,0.119089365,0.119089246,5.71,6.39,6.6,5.51,6.1,1.336269e+06,3.391049e+06
2022-11-14,HCM,4.0,0.116161704,0.116161704,9.9,11.05,11.67,10.81,10.98,777216.0,5.237694e+06
2022-11-14,BEKE,5.0,0.11574805,0.11603844,13.53,15.1,15.31,13.96,14.0,1.9865434e+07,3.0284506e+08
2022-11-15,SUNE,1.0,0.293617,0.293617,2.35,3.04,3.67,3.0,3.11,4.665068e+07,3.4371685e+06
2022-11-15,BILI,2.0,0.16071427,0.16071427,12.88,14.95,16.88,14.74,16.28,2.5321694e+07,9.60047e+07
2022-11-15,FDMT,3.0,0.16011858,0.16011858,13.49,15.65,19.2999,15.37,18.69,2.917193e+06,1.6179609e+07
2022-11-15,NU,4.0,0.121839166,0.121839166,4.35,4.88,5.25,4.84,4.91,7.0236616e+07,2.3297211e+08
2022-11-15,GDS,5.0,0.11439121,0.11439121,13.55,15.1,17.38,15.01,16.62,4.464471e+06,2.937865e+07
2022-11-16,AIRS,1.0,0.13268614,0.13268614,3.09,3.5,3.98,3.39,3.52,2.558072e+06,3.0819412e+06
2022-11-16,INM,2.0,0.12949646,0.12949646,2.78,3.14,4.75,3.0,3.79,2.847332e+07,1.8971581e+06
2022-11-16,SRAD,3.0,0.1123153,0.1123153,10.15,11.29,12.77,11.01,11.71,1.264513e+06,2.0245595e+06
2022-11-17,ALTI,1.0,0.27177703,0.27177703,8.61,10.95,11.05,9.1,10.41,953674.0,1.0194782e+07
2022-11-18,GRND,1.0,0.45313835,0.45313835,11.63,16.9,71.51,16.0,36.5,2.705858e+06,1.5202852e+06
2022-11-18,STNE,2.0,0.14790285,0.147923,9.87,11.33,11.7599,10.96,11.53,1.7510584e+07,9.9848376e+07
2022-11-18,GSUN,3.0,0.14285707,0.1428572,2.31,2.64,3.2,2.35,2.55,3.14501e+06,4.949898e+06
2022-11-21,SHC,1.0,0.27574754,0.27574754,6.02,7.68,9.6,7.65,8.0,3.2319112e+07,1.1385114e+07
2022-11-21,AIIO,2.0,0.13188982,0.13188982,5.08,5.75,8.32,5.7,7.05,7.733621e+06,4.618817e+06
2022-11-22,ANF,1.0,0.18840587,0.18840587,18.63,22.14,22.76,21.12,22.62,9.299658e+06,4.2462332e+07
2022-11-23,GSUN,1.0,0.21674883,0.21674883,2.03,2.47,2.55,1.98,2.15,8.126479e+06,3.2303268e+06
2022-11-23,MANU,2.0,0.10040164,0.10040164,14.94,16.44,18.91,16.29,18.8,1.6705353e+07,8.572143e+07
2022-11-25,NAMS,1.0,0.14299512,0.14299512,10.35,11.83,12.9999,8.3505,9.9598,168579.0,4.0418098e+06
2022-11-25,XGN,2.0,0.11176467,0.11176467,3.4,3.78,3.8487,3.0048,3.04,987027.0,1.4116155e+06
2022-11-29,DRS,1.0,0.1704756,0.17021275,9.87,11.55,12.49,10.05,10.99,923393.0,4.1801028e+06
2022-11-29,BILI,2.0,0.13502777,0.13502777,12.59,14.29,15.73,14.27,15.4,3.4928064e+07,1.2774411e+08
2022-11-29,BZ,3.0,0.10983825,0.11007953,15.08,16.74,17.99,16.34,16.47,3.940441e+06,5.208184e+07
2022-11-30,XPEV,1.0,0.16348767,0.16348767,7.34,8.54,10.955,8.53,10.81,1.735096e+08,2.562685e+08
2022-11-30,BBW,2.0,0.14377177,0.14344692,19.38,22.16,23.75,20.89,23.75,1.572597e+06,7.80231e+06
2022-11-30,WOOF,3.0,0.12223387,0.12223387,9.49,10.65,11.18,10.18,11.04,1.2975631e+07,5.180704e+07
2022-12-01,TOPS,1.0,0.40397346,0.40397346,3.02,4.24,5.81,3.4901,3.63,4.4355084e+07,7.120167e+07
2022-12-01,VTAK,2.0,0.2571429,0.25714278,2.45,3.08,3.2999,2.78,3.17,2.4020236e+07,2.112782e+06
2022-12-01,HTCO,3.0,0.22920513,0.22920525,5.41,6.65,8.3499,5.61,6.54,1.364215e+06,2.1503668e+06
2022-12-01,HCM,4.0,0.104699016,0.104699016,12.13,13.4,13.9288,12.56,12.95,1.277923e+06,2.2230558e+08
2022-12-01,EHTH,5.0,0.10393262,0.10393262,3.56,3.93,4.762,3.92,4.42,4.956446e+06,1.7467211e+06
2022-12-02,TOPS,1.0,0.630854,0.630854,3.63,5.92,5.94,4.25,4.44,3.1266682e+07,1.6100896e+08
2022-12-02,AVXL,2.0,0.41713643,0.41713643,8.87,12.57,13.23,10.66,12.05,4.607993e+07,2.0978498e+07
2022-12-02,VTAK,3.0,0.27760255,0.27760255,3.17,4.05,4.97,3.48,4.63,2.356087e+07,7.614415e+07
2022-12-02,IOT,4.0,0.19191921,0.19191921,9.9,11.8,12.62,11.64,11.9,4.974029e+06,1.8177716e+07
2022-12-05,IOVA,1.0,0.2046783,0.2046783,6.84,8.24,8.42,7.7936,8.03,2.0649984e+07,9.946994e+07
2022-12-05,DBGI,2.0,0.14666665,0.14666677,3.75,4.3,5.28,4.05,5.15,2.6437532e+07,1.1053594e+07
2022-12-05,XPEV,3.0,0.13187778,0.13187778,11.45,12.96,13.1,10.88,11.34,6.735747e+07,1.084537e+09
2022-12-05,ENSC,4.0,0.13023257,0.13023257,2.15,2.43,2.46,2.02,2.27,5.997501e+06,1.0796548e+06
2022-12-05,EH,5.0,0.12762237,0.12762237,5.72,6.45,7.84,6.12,7.68,1.3497307e+07,1.2207126e+07
2022-12-07,MSC,1.0,0.16550112,0.16550112,4.29,5.0,5.69,3.58,3.93,206281.0,2.6297785e+06
2022-12-07,REPL,2.0,0.16304922,0.16304922,18.89,21.97,23.61,21.41,23.09,2.282555e+06,9.193498e+06
2022-12-08,MOMO,1.0,0.13533843,0.13523805,5.25,5.96,7.22,5.96,6.79,2.0690212e+07,1.5945184e+07
2022-12-12,RDGT,1.0,0.20845926,0.20845926,3.31,4.0,7.9099,3.99,7.11,1.4617828e+07,8.421805e+06
2022-12-12,COGT,2.0,0.17387378,0.17387378,11.1,13.03,13.2,11.73,12.1,2.099098e+06,8.20088e+06
2022-12-12,DFSC,3.0,0.15384614,0.15384614,2.86,3.3,3.5799,2.85,3.0,2.455753e+06,2.066327e+06
2022-12-12,BIVI,4.0,0.13544309,0.13544309,7.9,8.97,10.24,8.5401,9.51,5.112932e+06,2.060493e+07
2022-12-13,ACMR,1.0,0.27064216,0.27064216,8.72,11.08,11.16,9.92,10.01,2.934532e+06,5.4769975e+06
2022-12-13,WVE,2.0,0.19113576,0.19113576,3.61,4.3,5.09,4.06,4.79,7.250892e+06,5.059018e+06
2022-12-13,SDGR,3.0,0.18790364,0.18790364,17.03,20.23,21.3,19.375,20.54,3.066778e+06,1.6538242e+07
2022-12-13,NUWE,4.0,0.17155552,0.17155564,11.25,13.18,16.5399,11.01,11.53,2.441858e+06,4.1923238e+06
2022-12-13,CVNA,5.0,0.12929296,0.12929296,4.95,5.59,5.65,4.61,4.83,2.687706e+07,9.093472e+07
2022-12-14,RNA,1.0,0.3770492,0.3770492,10.98,15.12,21.23,13.88,17.05,4.399209e+07,7.307618e+06
2022-12-15,OPAL,1.0,0.10363388,0.10363388,7.43,8.2,8.2,6.7,6.97,2.254786e+06,1.1199239e+06
2022-12-15,HURA,2.0,0.10112357,0.10112357,8.01,8.82,11.0,8.8099,9.21,519448.0,1.513842e+06
2022-12-16,LANV,1.0,0.27653992,0.27653992,7.63,9.74,10.0,7.63,10.0,619188.0,3.731833e+06
2022-12-16,PL,2.0,0.115618706,0.115618706,4.93,5.5,5.51,5.09,5.12,6.203684e+06,1.8413944e+07
2022-12-19,VKTX,1.0,0.35572135,0.35572135,4.02,5.45,7.25,5.32,6.99,9.6592264e+07,2.9634192e+06
2022-12-19,ZYME,2.0,0.27863777,0.27863777,6.46,8.26,8.4,6.69,6.79,7.710553e+06,9.930331e+06
2022-12-20,QS,1.0,0.12991452,0.12991452,5.85,6.61,6.72,5.74,5.77,1.8234178e+07,3.3068242e+07
2022-12-20,CGNT,2.0,0.12765968,0.12765968,2.35,2.65,2.8,2.38,2.66,1.858598e+06,3.7287308e+06
2022-12-20,MUFG,3.0,0.11344874,0.11351347,5.55,6.18,6.37,6.18,6.28,1.0169957e+07,5.516692e+07
2022-12-20,EVER,4.0,0.10461831,0.10461831,10.61,11.72,13.56,11.36,13.07,1.205757e+06,1.867413e+06
2022-12-21,ADCT,1.0,0.14150941,0.14150941,3.18,3.63,3.7,2.98,3.04,1.4032343e+07,1.6196154e+06
2022-12-21,FRMM,2.0,0.13452911,0.13452911,2.23,2.53,2.65,2.07,2.11,4.576918e+06,6.3497428e+07
2022-12-21,SINT,3.0,0.13386881,0.13386893,7.47,8.47,15.1,8.12,11.74,2.099598e+07,8.151398e+06
2022-12-21,HTCO,4.0,0.12077296,0.12077296,2.07,2.32,2.32,1.65,1.74,3.694416e+06,2.7592705e+06
2022-12-21,DSGN,5.0,0.11662531,0.11662531,8.06,9.0,9.215,8.43,8.49,813137.0,5.7542115e+06
2022-12-22,ORIC,1.0,0.46333325,0.46333325,3.0,4.39,5.25,4.09,4.79,2.9442504e+07,3.282342e+06
2022-12-28,KALA,1.0,0.5969387,0.59693885,3.92,6.26,17.48,6.0001,12.48,5.1970492e+07,5.606968e+06
2022-12-29,RKTO,1.0,1.0204546,1.0204546,4.4,8.89,12.5,8.57,10.72,3.0787416e+07,5.952769e+06
2022-12-29,NUWE,2.0,0.34242094,0.34242094,9.17,12.31,16.3,10.7576,12.12,4.708451e+06,8.030857e+06
2022-12-29,KALA,3.0,0.29246795,0.29246795,12.48,16.13,30.49,13.5,24.84,2.9050246e+07,6.4859174e+08
2022-12-30,PALI,1.0,0.3167702,0.31677008,3.22,4.24,8.54,4.225,5.2,9.030069e+07,4.3287252e+07
2022-12-30,DBGI,2.0,0.27499998,0.27499998,4.4,5.61,5.9999,4.01,4.22,7.537555e+06,3.4094545e+06
2023-01-03,GRRR,1.0,0.4451295,0.4451295,8.11,11.72,12.45,7.84,9.63,2.509957e+06,3.5508012e+06
2023-01-03,HIND,2.0,0.43323445,0.43323445,6.74,9.66,20.63,9.45,15.66,1.2388747e+07,1.1316392e+06
2023-01-03,AUPH,3.0,0.30555546,0.30555546,4.32,5.64,6.21,5.31,5.94,1.8746396e+07,4.6655615e+06
2023-01-03,ACMR,4.0,0.26977944,0.26977944,7.71,9.79,10.5,9.35,9.6,3.732568e+06,3.5907705e+06
2023-01-03,FRMM,5.0,0.1592921,0.15929198,3.39,3.93,5.98,3.65,5.3,4.7473056e+07,1.3713144e+08
2023-01-04,GERN,1.0,0.42083335,0.42083335,2.4,3.41,3.84,3.085,3.19,1.2369445e+08,2.2602894e+07
2023-01-04,INM,2.0,0.26696825,0.26696825,2.21,2.8,3.03,1.9601,2.18,1.0838112e+07,7.026611e+06
2023-01-04,KC,3.0,0.13705587,0.13705587,3.94,4.48,4.89,4.395,4.8,6.502581e+06,9.147151e+06
2023-01-04,GEG,4.0,0.118483424,0.118483424,2.11,2.36,2.4398,2.11,2.25,511838.0,1.6535816e+06
2023-01-04,SCLX,5.0,0.117875576,0.117886186,5.3136,5.94,5.94,4.6,4.86,82550.0,2.1720138e+06
2023-01-05,HKD,1.0,0.69598997,0.69598997,10.0,16.9599,37.72,16.65,29.95,4.0151604e+07,3.66322e+06
2023-01-05,TWAV,2.0,0.5429863,0.5429864,2.21,3.41,3.45,2.07,2.73,5.408676e+06,9.098751e+06
2023-01-05,XHG,3.0,0.39682305,0.39682317,2.77,3.8692,4.06,2.41,2.775,3.311653e+06,3.2792285e+06
2023-01-06,IMNM,1.0,0.21656048,0.21656048,4.71,5.73,6.0,4.1001,4.72,1.845472e+06,1.01756256e+06
2023-01-06,AEHR,2.0,0.21598148,0.21598148,17.27,21.0,24.99,21.0,22.81,9.327364e+06,2.9291872e+07
2023-01-06,SRTS,3.0,0.14013612,0.14013612,7.35,8.38,8.79,8.1,8.34,848819.0,1.7112931e+06
2023-01-06,TKC,4.0,0.11018908,0.11015117,4.63,5.14,5.299,5.0,5.08,869880.0,3.6669508e+06
2023-01-09,VYGR,1.0,0.23994255,0.23994255,6.96,8.63,8.88,6.95,7.0,3.496821e+06,2.6518228e+06
2023-01-09,SPRB,2.0,0.14049578,0.14049578,2.42,2.76,2.87,2.16,2.53,1.3270565e+07,1.5398149e+08
2023-01-09,ARHS,3.0,0.1283139,0.12792969,10.24,11.55,12.2299,10.94,11.64,2.44251e+06,4.4663705e+06
2023-01-09,ALVO,4.0,0.118359804,0.118359804,10.73,12.0,12.53,11.8,11.95,595732.0,3.1054335e+06
2023-01-10,SHC,1.0,0.7476852,0.7476852,8.64,15.1,17.79,14.46,17.25,4.980833e+07,1.0648213e+07
2023-01-10,FRO,2.0,0.24008298,0.24007058,11.33,14.05,14.6,13.15,14.24,3.3598708e+07,7.955369e+07
2023-01-10,NUWE,3.0,0.16309011,0.16309023,9.32,10.84,10.84,7.51,7.51,1.436675e+06,1.7930226e+07
2023-01-10,CMND,4.0,0.15363133,0.15363133,3.58,4.13,4.6,3.67,4.34,206633.0,1.5939842e+06
2023-01-11,BWEN,1.0,0.5973451,0.5973451,2.26,3.61,5.0,3.59,4.45,6.6570724e+07,1.3832194e+06
2023-01-11,LASE,2.0,0.1699605,0.1699605,2.53,2.96,4.12,2.85,3.5,1.872852e+07,1.8626112e+06
2023-01-11,INM,3.0,0.13043475,0.13043475,2.3,2.6,2.77,2.03,2.3,4.24565e+06,1.0815646e+07
2023-01-11,ERAS,4.0,0.12800002,0.12800002,3.75,4.23,4.29,3.935,4.05,1.747489e+06,4.901839e+06
2023-01-11,HKD,5.0,0.112843275,0.112843275,13.47,14.99,15.45,12.99,13.2,6.202953e+06,1.21642344e+08
2023-01-12,VTAK,1.0,0.17142856,0.17142856,3.15,3.69,4.48,3.43,3.75,1.768585e+06,2.793839e+06
2023-01-12,BAER,2.0,0.11823201,0.11823201,9.05,10.12,10.47,10.11,10.16,373136.0,1.04034275e+06
2023-01-12,VISN,3.0,0.11180413,0.112149596,7.49,8.33,8.61,8.11,8.48,7.510415e+06,1.372153e+07
2023-01-12,MARA,4.0,0.10986972,0.10986972,5.37,5.96,7.085,5.39,7.03,6.792518e+07,2.340322e+08
2023-01-12,HIVE,5.0,0.10389614,0.10389614,2.31,2.55,3.21,2.335,3.18,5.061968e+06,2.869863e+06
2023-01-13,SPCE,1.0,0.13203454,0.13203466,4.62,5.23,5.59,4.905,5.19,4.6155644e+07,6.981724e+07
2023-01-17,SI,1.0,0.219697,0.219697,13.2,16.1,16.97,13.22,13.33,2.5369942e+07,1.30855384e+08
2023-01-17,TKC,2.0,0.12883437,0.12873566,4.35,4.91,4.95,4.6815,4.7,750242.0,1.4223369e+06
2023-01-17,SCLX,3.0,0.1197319,0.11973691,7.6,8.51,8.63,7.8,8.08,443571.0,1.7855668e+06
2023-01-17,CAN,4.0,0.115254164,0.115254164,2.95,3.29,3.43,3.08,3.1,5.980129e+06,1.556307e+07
2023-01-17,GP,5.0,0.10897434,0.10897446,3.12,3.46,4.2,3.42,3.94,1.583875e+06,1.0911825e+06
2023-01-18,NRGV,1.0,0.1404494,0.1404494,3.56,4.06,5.51,4.0,4.8,2.3305448e+07,1.9406165e+06
2023-01-18,ACHR,2.0,0.108527064,0.108527064,2.58,2.86,3.21,2.835,2.92,5.267653e+06,4.560694e+06
2023-01-18,ATLX,3.0,0.10613215,0.10613215,8.48,9.38,12.9399,8.75,10.2,4.88692e+06,3.0614918e+06
2023-01-19,RNXT,1.0,0.1808219,0.1808219,3.65,4.31,4.7,3.66,3.84,134522.0,1.3460762e+06
2023-01-20,GNS,1.0,1.4258375,1.4258375,2.09,5.07,5.19,2.77,3.24,2.2975827e+08,5.6358854e+08
2023-01-20,COSM,2.0,0.10355985,0.10355997,3.09,3.41,6.42,3.27,5.33,7.2107224e+07,4.6277165e+06
2023-01-23,CVKD,1.0,0.3131069,0.31310678,4.12,5.41,6.1,3.64,3.92,7.076642e+06,8.3819545e+06
2023-01-23,XHG,2.0,0.2896825,0.2896825,2.52,3.25,3.4,2.57,2.66,3.916328e+06,1.2408102e+06
2023-01-23,VUZI,3.0,0.117886186,0.117886186,4.92,5.5,5.65,5.15,5.48,6.367644e+06,4.935124e+06
2023-01-23,HCM,4.0,0.1027714,0.1027714,17.32,19.1,19.29,17.42,18.35,560739.0,2.0037854e+06
2023-01-24,PBR,1.0,0.23273468,0.23273659,11.73,14.46,14.46,9.63,11.78,1.6408678e+07,3.417608e+08
2023-01-24,NCLH,2.0,0.19458771,0.19458771,15.52,18.54,18.54,13.81,15.43,1.1908553e+07,1.6118638e+08
2023-01-24,NIO,3.0,0.19071305,0.19071305,12.06,14.36,14.36,11.06,11.68,3.747855e+07,7.722514e+08
2023-01-24,PLTR,4.0,0.18699193,0.18699193,7.38,8.76,8.76,5.84,7.02,2.2649458e+07,2.334537e+08
2023-01-25,TIGO,1.0,0.18312097,0.18273771,14.83,17.54,18.31,16.69,18.25,2.243156e+06,1.208645e+06
2023-01-25,EHTH,2.0,0.15313649,0.15313649,5.42,6.25,7.53,5.95,7.17,9.882824e+06,3.348102e+06
2023-01-27,CRGO,1.0,0.40896094,0.40896094,10.49,14.78,15.08,7.1,8.2,397473.0,2.5717598e+06
2023-01-27,BZFD,2.0,0.26315796,0.26315796,2.09,2.64,4.25,2.42,3.87,2.3330149e+08,4.2717462e+08
2023-01-27,CETX,3.0,0.11016953,0.11016953,5.9,6.55,7.22,5.9669,6.28,254621.0,1.407622e+06
2023-01-30,GNS,1.0,0.42025316,0.42025316,3.95,5.61,7.27,4.8,4.91,1.1449412e+08,1.0594951e+08
2023-01-30,BBAI,2.0,0.24793386,0.24793386,2.42,3.02,4.14,2.5501,3.98,6.0434108e+07,1.7889278e+07
2023-01-30,DVLT,3.0,0.13260865,0.13260877,9.2,10.42,14.7,9.43,13.15,4.574758e+06,8.201634e+06
2023-01-30,SCLX,4.0,0.112401724,0.11237228,8.81,9.8,9.99,8.17,8.69,378223.0,4.0387685e+06
2023-01-30,SOFI,5.0,0.10942757,0.10942757,5.94,6.59,7.005,6.37,6.68,1.6482442e+08,2.881034e+08
2023-01-31,ATCX,1.0,1.1937845,1.1937845,5.47,12.0,12.15,12.0,12.13,1.2340111e+07,1.1990404e+06
2023-01-31,CVNA,2.0,0.10800004,0.10800004,10.0,11.08,11.18,9.135,10.17,6.6572036e+07,1.0839117e+09
2023-02-01,EDBL,1.0,0.2175926,0.21759248,10.8,13.15,15.55,10.01,11.7,790617.0,1.0391447e+07
2023-02-01,SMX,2.0,0.1181103,0.11811018,10.16,11.36,13.6,9.73,10.445,134990.0,1.1681054e+06
2023-02-01,LION,3.0,0.11811018,0.11811018,10.16,11.36,13.6,9.73,10.445,134990.0,1.1681054e+06
2023-02-01,BZFD,4.0,0.11304343,0.11304343,2.3,2.56,2.63,2.14,2.18,2.5979328e+07,7.351778e+07
2023-02-02,GNS,1.0,0.3339622,0.3339622,5.3,7.07,7.99,6.2,7.09,5.2143624e+07,5.0198612e+07
2023-02-02,CVNA,2.0,0.28539824,0.28539824,13.56,17.43,19.874,13.41,14.25,1.4829267e+08,1.1719288e+09
2023-02-02,SI,3.0,0.19458127,0.19458127,16.24,19.4,24.71,18.6,20.97,4.1237196e+07,2.2322931e+08
2023-02-02,FLWS,4.0,0.19080234,0.19080234,10.22,12.17,13.22,11.46,13.12,2.126954e+06,7.58556e+06
2023-02-02,OPEN,5.0,0.116666675,0.116666675,2.4,2.68,3.05,2.57,2.79,6.4173924e+07,9.560653e+07
2023-02-03,HIND,1.0,1.0857143,1.0857143,6.3,13.14,22.4,11.56,17.04,1.1627717e+07,4.4655155e+06
2023-02-06,SOUN,1.0,0.2765957,0.2765957,2.82,3.6,4.48,3.24,4.03,9.699117e+07,1.2750054e+08
2023-02-06,QUBT,2.0,0.20731711,0.20731711,2.46,2.97,3.49,1.9701,2.11,9.002422e+06,4.5920475e+06
2023-02-06,BZFD,3.0,0.16822422,0.16822422,2.14,2.5,2.51,2.11,2.2,2.8000698e+07,3.944521e+07
2023-02-06,ARQQ,4.0,0.15600002,0.15600002,2.5,2.89,4.13,2.81,3.05,2.9740972e+07,5.306e+06
2023-02-06,BBAI,5.0,0.11337185,0.11337185,5.19,5.7784,6.77,5.33,6.11,3.4829424e+07,2.84623e+08
2023-02-07,LUCY,1.0,0.19215679,0.19215691,2.55,3.04,4.0,2.86,3.12,2.2738912e+07,6.360271e+06
2023-02-08,TIGO,1.0,0.116701484,0.11663711,16.89,18.86,19.06,18.12,18.69,767273.0,2.0262088e+06
2023-02-09,APP,1.0,0.36198735,0.36198735,12.68,17.27,17.38,16.05,16.11,1.5209069e+07,9.240819e+07
2023-02-09,BLBD,2.0,0.17971015,0.17971015,13.8,16.28,19.55,16.28,17.93,1.374008e+06,1.8612612e+06
2023-02-09,QNST,3.0,0.16369855,0.16369855,14.6,16.99,17.938,15.98,17.29,1.310462e+06,9.984896e+06
2023-02-09,SONO,4.0,0.15285552,0.15285552,17.86,20.59,21.3885,19.914,20.8,9.83514e+06,7.681156e+07
2023-02-09,PWP,5.0,0.12635088,0.12596905,10.32,11.62,12.0,10.86,10.89,704030.0,2.3816185e+06
2023-02-10,EDBL,1.0,0.13947988,0.13948,4.23,4.82,5.14,4.2,4.47,3.504637e+06,6.202119e+06
2023-02-10,CRSR,2.0,0.1078043,0.1078043,15.12,16.75,17.63,15.7,16.91,1.857175e+06,1.3181903e+07
2023-02-13,DDL,1.0,0.17479682,0.17479682,4.92,5.78,6.16,4.87,4.89,5.913121e+06,3.9129498e+06
2023-02-13,OCUL,2.0,0.14987075,0.14987075,3.87,4.45,6.12,4.4,5.23,2.7272606e+07,1.6177064e+06
2023-02-13,TIGO,3.0,0.1266625,0.12660944,18.64,21.0,21.15,19.48,20.57,922998.0,4.541897e+06
2023-02-13,FSLY,4.0,0.12462008,0.12462008,9.87,11.1,13.08,10.75,12.6,3.485565e+07,2.4455728e+07
2023-02-13,XPON,5.0,0.12337661,0.12337661,3.08,3.46,4.07,3.21,3.72,1.7537484e+07,1.8626928e+08
2023-02-14,PLTR,1.0,0.12877798,0.12877798,7.61,8.59,9.295,8.23,9.22,2.1605523e+08,6.6509165e+08
2023-02-14,LICN,2.0,0.11814344,0.11814356,4.74,5.3,5.82,2.28,2.72,1.3160613e+07,1.7691642e+07
2023-02-15,OSUR,1.0,0.1825558,0.1825558,4.93,5.83,5.85,5.16,5.53,2.652702e+06,3.2410015e+06
2023-02-15,ADPT,2.0,0.14516115,0.14516115,8.68,9.94,10.23,9.02,10.03,4.36365e+06,8.3782055e+06
2023-02-16,LUNR,1.0,0.20251179,0.20251179,12.74,15.32,50.9999,13.7,44.77,3.599872e+06,1.4356834e+06
2023-02-16,CYH,2.0,0.15944886,0.15944886,5.08,5.89,8.0099,5.84,7.74,1.9606978e+07,7.649464e+06
2023-02-17,AORT,1.0,0.1500001,0.1500001,13.2,15.18,15.18,13.67,13.96,269983.0,1.4526468e+06
2023-02-17,DKNG,2.0,0.1235261,0.1235261,17.81,20.01,21.2,19.28,20.54,8.322665e+07,5.1692563e+08
2023-02-21,MTW,1.0,0.10306406,0.10306406,14.36,15.84,18.0,15.82,16.22,1.195572e+06,3.3681952e+06
2023-02-22,VRT,1.0,0.11439848,0.11467886,15.26,17.01,17.88,15.235,15.52,1.1976677e+07,7.4520376e+07
2023-02-23,LUNG,1.0,0.3972602,0.3972602,8.76,12.24,12.38,10.07,10.53,1.773662e+06,4.8454015e+06
2023-02-23,RELY,2.0,0.19828331,0.19828331,11.65,13.96,14.32,12.77,14.24,5.764173e+06,9.364549e+06
2023-02-23,GSM,3.0,0.19145334,0.19158876,4.28,5.1,5.45,4.89,5.03,6.855368e+06,8.027487e+06
2023-02-23,MRVI,4.0,0.17932034,0.17932034,13.83,16.31,16.9,14.43,14.96,3.553595e+06,2.3646258e+07
2023-02-23,ENVX,5.0,0.15942037,0.15942037,8.28,9.6,10.27,8.87,9.27,1.2823198e+07,3.2662222e+07
2023-02-24,BAER,1.0,1.2669005,1.2669005,4.42,10.0197,12.45,7.15,7.9,4.0931228e+07,1.6713479e+06
2023-02-24,MAX,2.0,0.15931034,0.15931034,14.5,16.81,17.01,15.89,16.23,1.078272e+06,3.9618785e+06
2023-02-24,BYND,3.0,0.14060676,0.14060676,17.14,19.55,22.87,18.42,18.88,2.5982182e+07,6.923665e+07
2023-02-24,RLAY,4.0,0.12105572,0.12105572,17.43,19.54,19.54,16.94,17.06,1.226937e+06,1.3429536e+07
2023-02-24,GDYN,5.0,0.11478126,0.11478126,12.11,13.5,13.5,12.2,12.34,642142.0,6.5335385e+06
2023-02-27,OPRA,1.0,0.1612798,0.16142273,7.31,8.49,8.97,8.25,8.93,1.479521e+06,1.3334025e+06
2023-02-27,PSHG,2.0,0.1569506,0.1569506,2.23,2.58,2.9,2.35,2.7,1.14192e+06,1.0777411e+06
2023-02-27,DYN,3.0,0.13706887,0.13706887,11.6,13.19,13.33,12.17,13.08,678149.0,3.7854165e+06
2023-02-28,SIBN,1.0,0.16765058,0.16765058,16.94,19.78,21.1,18.62,19.775,1.089929e+06,3.0327175e+06
2023-02-28,SKIN,2.0,0.14840996,0.14840996,11.32,13.0,13.0699,12.22,12.61,6.473904e+06,3.8435372e+07
2023-02-28,SINT,3.0,0.12288141,0.12288141,2.36,2.65,3.0,2.4501,2.8,6.12178e+06,1.5749318e+06
2023-02-28,GNLX,4.0,0.10720003,0.10720003,12.5,13.84,14.87,10.5158,14.87,344982.0,3.105975e+06
2023-02-28,HIMS,5.0,0.10466325,0.10466325,9.65,10.66,11.77,10.48,11.27,1.6196186e+07,6.4197656e+07
2023-03-01,OKYO,1.0,0.23318386,0.23318386,2.23,2.75,3.0299,2.15,2.23,6.858603e+06,2.4002248e+06
2023-03-01,GDRX,2.0,0.18714559,0.18714559,5.29,6.28,6.46,5.395,5.5,4.032978e+06,1.6868694e+07
2023-03-01,LION,3.0,0.17602742,0.17602742,14.6,17.17,18.89,8.47,11.74,1.442698e+06,1.0910157e+07
2023-03-01,SMX,4.0,0.1760273,0.17602742,14.6,17.17,18.89,8.47,11.74,1.442698e+06,1.0910157e+07
2023-03-01,BGS,5.0,0.15079832,0.1507498,12.67,14.58,16.57,14.5,16.28,7.469844e+06,2.8589184e+07
2023-03-02,EYPT,1.0,0.10410094,0.10410094,3.17,3.5,3.5,2.8,2.89,420388.0,1.00968625e+06
2023-03-02,RNXT,2.0,0.100000024,0.100000024,5.1,5.61,5.7,4.9,4.92,157963.0,1.3233122e+06
2023-03-03,ARDX,1.0,0.17647064,0.17647064,2.89,3.4,3.98,3.39,3.82,5.341286e+07,1.9928184e+07
2023-03-03,IOT,2.0,0.14099538,0.14099538,16.88,19.26,20.73,17.82,19.48,2.5110148e+07,5.5081748e+07
2023-03-03,OKYO,3.0,0.101769924,0.101769924,2.26,2.49,2.66,2.25,2.36,354587.0,2.1064918e+06
2023-03-06,BBIO,1.0,0.6550138,0.6550138,10.87,17.99,19.3896,16.28,16.52,3.1105554e+07,2.4808634e+07
2023-03-06,KALA,2.0,0.2656716,0.26567173,16.75,21.2,23.45,19.0,22.34,1.0927934e+07,1.20443e+08
2023-03-06,AZUL,3.0,0.24278855,0.24278855,4.16,5.17,7.06,5.1,5.85,4.636541e+07,1.0743108e+07
2023-03-07,WW,1.0,0.24547815,0.24547815,3.87,4.82,7.07,4.78,6.93,8.1196136e+07,2.5129462e+07
2023-03-07,SLND,2.0,0.13586962,0.13586962,9.2,10.45,10.45,8.8473,8.99,359457.0,5.016024e+06
2023-03-07,PTGX,3.0,0.11644733,0.11644733,15.2,16.97,23.69,16.7115,23.09,2.325224e+07,1.0472511e+07
2023-03-08,LFST,1.0,0.17088616,0.17088616,4.74,5.55,6.31,5.47,5.6,4.704461e+06,3.3316225e+06
2023-03-08,ARLO,2.0,0.16246498,0.16246498,3.57,4.15,5.42,4.15,5.36,1.5255559e+07,5.960597e+06
2023-03-09,SMX,1.0,0.18131864,0.18131864,3.64,4.3,4.76,3.8,4.05,1.078313e+06,4.534694e+06
2023-03-09,TORO,2.0,0.16602325,0.16623378,3.85,4.49,6.58,4.33,4.94,1.0623336e+07,2.6485112e+06
2023-03-09,ASAN,3.0,0.12921357,0.12921357,17.8,20.1,22.96,20.09,21.17,2.7436108e+07,1.6639288e+08
2023-03-09,KLXE,4.0,0.12306559,0.12306559,13.57,15.24,16.9989,14.79,15.21,551452.0,1.5240195e+06
2023-03-09,MGNX,5.0,0.109090924,0.109090924,5.5,6.1,6.4664,5.7978,6.17,1.742757e+06,1.982343e+06
2023-03-10,MYPS,1.0,0.2103746,0.2103746,3.47,4.2,4.34,3.91,3.97,1.325359e+06,1.0121817e+06
2023-03-10,NEUP,2.0,0.19533527,0.19533527,3.43,4.1,4.1,3.43,3.43,150493.0,1.4700089e+06
2023-03-10,JYNT,3.0,0.1938461,0.1938461,16.25,19.4,19.4,16.2,16.5,251133.0,2.771795e+06
2023-03-10,SI,4.0,0.17605639,0.17605639,2.84,3.34,3.43,2.3,2.52,4.2520264e+07,2.0255088e+08
2023-03-10,RAIN,5.0,0.13981044,0.13981044,8.44,9.62,9.62,8.24,8.99,478329.0,1.6233074e+06
2023-03-13,ZIM,1.0,0.13986671,0.13949919,19.57,22.3,24.39,20.75,20.86,1.8562428e+07,9.778536e+07
2023-03-13,HMY,2.0,0.11371899,0.11392403,3.16,3.52,3.67,3.39,3.46,1.3310317e+07,1.8214752e+07
2023-03-14,KEY,1.0,0.19437683,0.1942004,11.38,13.59,13.74,11.94,12.17,7.3411896e+07,1.2630534e+09
2023-03-14,LX,2.0,0.18262815,0.18303573,2.24,2.65,2.67,2.12,2.36,2.771507e+06,1.9837598e+06
2023-03-14,WAFDP,3.0,0.1753732,0.17500007,14.0,16.45,16.45,15.29,16.0,727474.0,4.43443e+06
2023-03-14,HBAN,4.0,0.17115223,0.17086339,11.12,13.02,13.28,10.7,11.05,7.034826e+07,9.173435e+08
2023-03-14,CUBI,5.0,0.16245699,0.16245699,17.42,20.25,21.36,17.23,18.08,2.996817e+06,1.4625312e+08
2023-03-15,CTOS,1.0,0.107765436,0.107765436,6.31,6.99,6.99,6.41,6.84,709469.0,3.025197e+06
2023-03-16,EVCM,1.0,0.2734375,0.2734375,8.96,11.41,11.55,9.8444,10.75,1.127899e+06,2.4560078e+06
2023-03-16,PATH,2.0,0.17213106,0.17213106,14.64,17.16,18.08,16.63,17.22,3.3926148e+07,1.6969587e+08
2023-03-16,PCT,3.0,0.13626838,0.13626838,4.77,5.42,7.1,5.37,6.65,1.8832362e+07,1.9898102e+07
2023-03-17,HUBC,1.0,0.17991626,0.17991626,2.39,2.82,3.1,2.48,2.5,4.667501e+07,4.9140132e+07
2023-03-17,MARA,2.0,0.10091734,0.10091734,7.63,8.4,8.51,7.66,8.17,6.1904044e+07,2.7831542e+08
2023-03-20,FLG,1.0,0.39410484,0.39449537,6.54,9.12,9.29,8.48,8.61,1.0472565e+08,3.444933e+08
2023-03-20,NSLR,2.0,0.18099713,0.18088734,2.93,3.46,3.64,3.37,3.47,1.914852e+06,2.1707462e+06
2023-03-21,EDBL,1.0,0.11653113,0.11653113,3.69,4.12,4.26,3.62,4.09,1.310918e+06,2.9574208e+06
2023-03-21,WTTR,2.0,0.10731709,0.107142806,5.6,6.2,6.57,6.13,6.33,1.893936e+06,5.795255e+06
2023-03-21,HLIT,3.0,0.10007632,0.10007632,13.09,14.4,14.75,14.02,14.37,3.877658e+06,2.2900498e+07
2023-03-22,GME,1.0,0.5070822,0.5070822,17.65,26.6,27.0,23.05,23.87,6.676465e+07,2.8033235e+08
2023-03-22,CVNA,2.0,0.27994955,0.27994955,7.93,10.15,10.25,8.4,8.43,4.863659e+07,7.845407e+07
2023-03-22,APLM,3.0,0.23728812,0.23728812,8.85,10.95,18.0,10.21,13.88,1.015281e+06,1.5745479e+06
2023-03-23,SCYX,1.0,0.100000024,0.100000024,2.0,2.2,2.2,1.51,1.805,2.99154e+06,2.9239132e+07
2023-03-24,PEPG,1.0,0.18483412,0.18483412,16.88,20.0,20.0,14.27,15.23,54146.0,1.1896855e+06
2023-03-24,AFYA,2.0,0.12361932,0.12349391,9.96,11.19,11.19,10.13,10.61,641468.0,4.575156e+06
2023-03-24,RNW,3.0,0.11161733,0.11161733,4.39,4.88,5.41,4.51,5.36,3.988131e+06,5.989255e+06
2023-03-27,PYXS,1.0,0.42533934,0.42533934,2.21,3.15,3.49,2.5,2.7,3.4806244e+07,2.1740788e+06
2023-03-27,GHRS,2.0,0.13366961,0.13366961,7.93,8.99,8.99,7.55,7.6,114928.0,2.8217795e+06
2023-03-28,BMEA,1.0,0.49060273,0.49060273,15.43,23.0,31.54,21.73,30.71,1.836346e+07,5.3693005e+06
2023-03-28,OSCR,2.0,0.36490262,0.36490262,3.59,4.9,6.89,4.9,5.61,7.1274504e+07,4.423429e+06
2023-03-28,VKTX,3.0,0.3497808,0.3497808,9.12,12.31,15.49,12.22,15.44,6.313856e+07,1.9072756e+07
2023-03-28,PYXS,4.0,0.12962961,0.12962961,2.7,3.05,4.19,2.86,3.85,4.6374264e+07,9.397686e+07
2023-03-29,ARCT,1.0,0.2451613,0.2451613,15.5,19.3,20.74,17.8,20.17,5.059107e+06,4.8411925e+06
2023-03-29,EBS,2.0,0.19775283,0.19775283,8.9,10.66,10.7,8.78,9.35,1.65389e+07,1.3705483e+07
2023-03-29,NABL,3.0,0.1358025,0.1358025,12.15,13.8,13.92,12.995,13.35,4.056009e+06,3.0895382e+06
2023-03-30,APLM,1.0,0.7206291,0.720629,10.81,18.6,49.0,18.6,29.4,1.831656e+06,1.2884548e+06
2023-03-30,CXM,2.0,0.18382359,0.18382359,10.88,12.88,13.05,12.3,12.79,5.53526e+06,1.5772551e+07
2023-03-30,RNXT,3.0,0.15128195,0.15128195,3.9,4.49,4.6,2.55,3.37,606195.0,1.2415768e+06
2023-03-30,EVGO,4.0,0.13913047,0.13913047,5.75,6.55,7.48,6.5,7.02,1.9614188e+07,8.475885e+06
2023-03-30,FLNC,5.0,0.10461545,0.10461545,16.25,17.95,19.6,17.7,18.64,3.381218e+06,1.8006756e+07
2023-03-31,PALI,1.0,0.20754719,0.20754719,2.65,3.2,3.65,3.05,3.52,4.065885e+07,8.238094e+07
2023-03-31,OABI,2.0,0.17378914,0.17378914,3.51,4.12,4.16,3.59,3.68,1.182106e+06,2.3419738e+06
2023-04-03,GFAI,1.0,0.15960455,0.15960455,7.08,8.21,21.19,8.05,19.22,3.809819e+07,1.7220706e+07
2023-04-03,VNET,2.0,0.15432096,0.15432096,3.24,3.74,4.19,3.635,4.14,1.5857417e+07,2.5768958e+07
2023-04-03,PYXS,3.0,0.12219441,0.12219441,4.01,4.5,4.73,4.01,4.07,9.066694e+06,1.2448401e+08
2023-04-03,NINE,4.0,0.120503664,0.120503664,5.56,6.23,6.73,6.16,6.2,3.45956e+06,7.2774395e+06
2023-04-04,BFRG,1.0,0.45842218,0.45842218,4.69,6.84,9.5,5.55,6.0,3.9775744e+07,7.425072e+06
2023-04-04,CDLX,2.0,0.39130437,0.39130437,3.45,4.8,6.77,4.33,6.24,7.167809e+07,3.5841465e+06
2023-04-04,PHAT,3.0,0.13881397,0.13881397,7.42,8.45,8.54,7.67,8.045,1.84726e+06,3.0749222e+06
2023-04-05,IFRX,1.0,0.3289125,0.3289125,3.77,5.01,7.25,4.85,6.1,9.532724e+07,6.7280824e+07
2023-04-05,GRRR,2.0,0.10204089,0.10204077,2.94,3.24,3.59,2.95,3.0,2.319067e+06,5.101973e+06
2023-04-06,GRRR,1.0,0.14666677,0.14666665,3.0,3.44,3.63,2.85,2.93,7.771043e+06,6.957201e+06
2023-04-10,GFAI,1.0,0.292549,0.292549,12.75,16.48,18.86,15.03,16.0,1.4835729e+07,3.088482e+08
2023-04-10,ELOX,2.0,0.13297868,0.13297868,5.64,6.39,9.8,5.88,8.44,6.903112e+06,6.743765e+06
2023-04-11,WW,1.0,0.41747582,0.41747582,4.12,5.84,6.89,5.51,6.55,7.721452e+07,5.9887865e+06
2023-04-11,CGNT,2.0,0.11436951,0.11436951,3.41,3.8,4.29,3.7512,4.05,1.828009e+06,1.4594902e+06
2023-04-12,MDAI,1.0,0.26190472,0.26190472,10.5,13.25,14.85,12.27,13.6,657557.0,2.105187e+06
2023-04-12,SPNT,2.0,0.12081349,0.12081349,8.36,9.37,9.68,9.075,9.2,2.760382e+06,3.3409652e+06
2023-04-13,FRGT,1.0,0.118466854,0.11846697,2.87,3.21,3.41,2.56,2.61,2.029251e+06,1.8069322e+07
2023-04-14,CXAI,1.0,1.6297336,1.6297336,7.13,18.75,21.0,11.5,13.85,3.7787172e+07,1.1677331e+09
2023-04-14,BFRG,2.0,0.15892851,0.15892851,5.6,6.49,8.21,6.24,6.82,1.2850769e+07,3.892898e+07
2023-04-14,PRPL,3.0,0.12946427,0.12946427,2.24,2.53,2.75,2.49,2.54,2.364381e+06,1.6630521e+06
2023-04-17,CNSP,1.0,0.54042554,0.54042554,2.35,3.62,4.4,2.6,2.75,4.2031704e+07,1.1344497e+08
2023-04-17,XPEV,2.0,0.11290324,0.11290324,9.92,11.04,11.43,10.93,11.43,1.857541e+07,6.2240896e+07
2023-04-17,ROIV,3.0,0.10267234,0.10267234,7.11,7.84,8.58,7.6,8.52,1.358258e+07,1.4812981e+07
2023-04-18,LZ,1.0,0.10113585,0.10113585,9.245,10.18,10.515,9.98,10.11,1.481955e+06,3.7409522e+06
2023-04-19,LUNR,1.0,0.24038458,0.24038458,10.4,12.9,13.21,11.07,11.15,1.1213901e+07,1.1410817e+07
2023-04-20,DRMA,1.0,0.203125,0.203125,2.56,3.08,3.5,2.67,2.86,9.779547e+06,1.0366082e+07
2023-04-20,MDXH,2.0,0.20059896,0.20059896,3.34,4.01,4.14,3.81,3.84,3.562972e+06,2.5601632e+06
2023-04-20,KC,3.0,0.1010102,0.1010102,6.93,7.63,8.03,7.25,7.4,4.071202e+06,9.313663e+06
2023-04-21,BWEN,1.0,0.12554109,0.12554109,4.62,5.2,5.64,5.05,5.2,774537.0,1.03251456e+06
2023-04-24,GETY,1.0,0.55731225,0.55731225,5.06,7.88,8.18,6.5004,6.63,2.6731396e+07,2.3555818e+06
2023-04-24,IDYA,2.0,0.19691896,0.19691896,14.93,17.87,20.5417,17.7,20.26,7.134124e+06,5.0479825e+06
2023-04-24,NXPL,3.0,0.16538453,0.16538465,2.6,3.03,4.26,2.7,2.75,3.549779e+06,2.0758738e+06
2023-04-24,PHG,4.0,0.1400491,0.1403048,19.03,21.7,21.99,21.55,21.72,4.205166e+06,3.5585776e+07
2023-04-24,ARBB,5.0,0.13333333,0.13333333,4.65,5.27,5.4,4.3,4.62,888409.0,5.463662e+06
2023-04-25,CXAI,1.0,0.37360895,0.37360895,6.29,8.64,13.6599,8.05,12.5,5.3832544e+07,8.924849e+06
2023-04-25,ASTS,2.0,0.17660546,0.17660546,4.36,5.13,5.17,4.28,4.44,1.2957107e+07,7.9721035e+06
2023-04-26,SAIH,1.0,0.39626694,0.39641738,2.7857,3.89,4.7,3.61,3.74,5.70247e+07,2.7681222e+06
2023-04-26,VRT,2.0,0.17145205,0.17170894,12.23,14.33,15.15,13.06,13.59,1.6760465e+07,8.352995e+07
2023-04-26,CLSK,3.0,0.14986372,0.14986372,3.67,4.22,4.285,3.8099,3.82,1.4970809e+07,2.7567484e+07
2023-04-26,MARA,4.0,0.123470545,0.123470545,8.99,10.1,10.65,9.4,9.46,6.641446e+07,3.1927136e+08
2023-04-26,CIFR,5.0,0.122727275,0.122727275,2.2,2.47,2.55,2.26,2.29,1.946028e+06,3.2217878e+06
2023-04-27,ATOM,1.0,0.30268204,0.30268204,5.22,6.8,7.3,6.28,6.93,9.109049e+06,1.0196544e+07
2023-04-27,TROX,2.0,0.11764705,0.11731851,12.53,14.0,14.17,12.31,12.59,2.639268e+06,2.130397e+07
2023-04-28,DPU,1.0,0.65899587,0.65899575,4.78,7.93,9.12,6.0,8.0,7.615739e+06,5.248918e+06
2023-04-28,CUBI,2.0,0.18766761,0.18766761,18.65,22.15,22.27,20.55,21.84,937230.0,7.095318e+06
2023-04-28,HKD,3.0,0.16224182,0.16224182,6.78,7.88,9.2,7.3,8.4,1.0996702e+07,2.1545228e+07
2023-04-28,KALA,4.0,0.112191916,0.112191916,15.42,17.15,17.4999,15.15,15.77,394980.0,1.3858262e+06
2023-05-01,NNOX,1.0,0.44189858,0.44189858,6.11,8.81,11.68,8.56,10.29,3.2562632e+07,1.8640571e+06
2023-05-01,JXG,2.0,0.2504201,0.2504202,5.95,7.44,12.0,4.95,11.9,1.000254e+06,1.9179468e+06
2023-05-01,CDLX,3.0,0.1325115,0.13251162,6.49,7.35,8.855,7.17,8.26,4.400138e+06,3.858811e+06
2023-05-01,CXAI,4.0,0.10325658,0.10325658,12.59,13.89,16.0,12.61,13.14,4.498502e+06,2.0098282e+08
2023-05-01,PLSE,5.0,0.100931644,0.100931644,6.44,7.09,7.4584,6.7,6.81,233984.0,1.6905194e+06
2023-05-02,WAFU,1.0,0.47970486,0.47970486,2.71,4.01,4.88,2.25,2.65,7.045241e+06,1.3380143e+07
2023-05-02,IMTX,2.0,0.35450816,0.35450816,7.32,9.915,9.98,7.77,9.33,4.944844e+06,1.99104e+06
2023-05-02,QH,3.0,0.11570251,0.11570251,2.42,2.7,3.79,2.41,2.41,1.2888077e+07,1.4824013e+08
2023-05-03,NIKI,1.0,1.2768168,1.2770531,2.8897,6.58,9.0,4.4,5.73,1.4238433e+07,9.726773e+06
2023-05-03,SNTG,2.0,0.528517,0.528517,2.63,4.02,6.41,3.35,4.09,2.3874664e+07,3.5452032e+06
2023-05-03,INBS,3.0,0.17543864,0.17543852,3.42,4.02,4.1,2.4038,2.45,1.286899e+06,7.258721e+06
2023-05-03,MDXG,4.0,0.17454064,0.17454064,3.81,4.475,5.34,4.475,5.31,3.57108e+06,3.3370532e+06
2023-05-03,EYPT,5.0,0.13713408,0.13713408,6.49,7.38,8.3399,7.022,7.9,1.202577e+06,3.6793625e+06
2023-05-04,VITL,1.0,0.16846156,0.16846156,13.0,15.19,15.81,13.735,14.93,768150.0,6.137287e+06
2023-05-04,LMND,2.0,0.16501355,0.16501355,11.09,12.92,14.5,12.7469,14.17,8.235132e+06,1.8877122e+07
2023-05-04,METC,3.0,0.12438309,0.12432432,7.4,8.32,8.69,7.79,8.29,1.478188e+06,2.5654395e+06
2023-05-04,FROG,4.0,0.11016941,0.11016941,17.7,19.65,21.65,19.56,20.42,3.057298e+06,4.202904e+07
2023-05-05,CVNA,1.0,0.39305556,0.39305556,7.2,10.03,11.19,8.76,8.96,7.928433e+07,1.24460696e+08
2023-05-05,ACH,2.0,0.3505534,0.3505534,13.55,18.3,19.24,16.89,18.63,2.960749e+06,2.1518702e+07
2023-05-05,WAL,3.0,0.2835821,0.2835164,18.2,23.36,28.99,22.551,27.16,4.2780956e+07,1.1006172e+09
2023-05-05,LASR,4.0,0.24268699,0.24268699,9.23,11.47,12.98,10.985,12.75,1.067365e+06,2.0657662e+06
2023-05-05,MCB,5.0,0.19693875,0.19687808,19.86,23.77,25.5,22.6101,23.08,945678.0,4.3395692e+07
2023-05-08,IMPP,1.0,0.2541666,0.2541666,2.4,3.01,3.38,2.83,3.12,1.0681041e+07,1.7181432e+06
2023-05-08,BAK,2.0,0.23446012,0.23446012,9.17,11.32,11.35,9.33,10.07,1.0571241e+07,1.0004619e+08
2023-05-09,EVER,1.0,0.22706759,0.22706759,6.65,8.16,8.17,6.54,6.81,1.617317e+06,5.0581695e+06
2023-05-09,SHLS,2.0,0.21196759,0.21196759,19.72,23.9,24.61,21.81,24.11,1.0670402e+07,9.819163e+07
2023-05-09,NVAX,3.0,0.20402694,0.20402694,7.45,8.97,11.36,8.91,9.52,4.3081036e+07,2.9585096e+07
2023-05-09,PLTR,4.0,0.19121456,0.19121456,7.74,9.22,9.69,8.655,9.55,2.2357328e+08,8.15053e+08
2023-05-09,OPRT,5.0,0.16898143,0.16898143,4.32,5.05,5.6,4.81,5.53,851000.0,1.4059959e+06
2023-05-10,UPST,1.0,0.39389634,0.39389634,14.09,19.64,19.78,17.48,18.97,3.0232456e+07,2.1501733e+08
2023-05-10,COMP,2.0,0.26428568,0.26428568,2.8,3.54,3.95,3.41,3.78,1.1578089e+07,1.0373107e+07
2023-05-10,TCRX,3.0,0.25294125,0.25294125,3.4,4.26,5.41,3.83,4.85,2.1493008e+07,1.7053555e+08
2023-05-10,MBC,4.0,0.20949066,0.20949066,8.64,10.45,10.64,9.87,9.94,2.763147e+06,1.2021066e+07
2023-05-10,CARG,5.0,0.1918143,0.1918143,16.37,19.51,20.12,18.06,18.81,4.778555e+06,2.0548608e+07
2023-05-11,DMRC,1.0,0.25,0.25,19.92,24.9,26.49,22.01,26.33,883502.0,1.6052532e+06
2023-05-11,GT,2.0,0.22781575,0.22781575,11.72,14.39,15.14,13.47,14.23,3.666093e+07,5.4094764e+07
2023-05-11,APP,3.0,0.22150481,0.22150481,17.81,21.755,22.995,20.9,22.0,1.550198e+07,8.5094504e+07
2023-05-11,PRPL,4.0,0.19599998,0.19599998,2.5,2.99,3.37,2.93,2.98,6.552227e+06,5.149165e+06
2023-05-11,KLXE,5.0,0.18946183,0.18946183,8.92,10.61,11.5,10.13,10.75,811949.0,3.4550728e+06
2023-05-12,BLBD,1.0,0.27225673,0.27225673,19.32,24.58,27.7499,24.15,26.33,2.99046e+06,7.1873875e+06
2023-05-12,LUNR,2.0,0.16121209,0.16121209,8.25,9.58,10.1399,8.11,8.15,2.496279e+06,6.938324e+06
2023-05-12,SURG,3.0,0.111111164,0.111111164,4.41,4.9,5.45,4.8,5.1,982729.0,2.623262e+06
2023-05-12,SFWL,4.0,0.10014737,0.10014725,6.79,7.47,8.55,7.1,7.95,1.644346e+06,2.8128838e+07
2023-05-15,TLS,1.0,0.1569506,0.1569506,2.23,2.58,2.84,2.43,2.81,2.370711e+06,5.2326795e+06
2023-05-16,APLD,1.0,0.42313325,0.42313325,3.415,4.86,6.25,4.35,6.11,7.948763e+07,4.1913352e+06
2023-05-16,BEEM,2.0,0.21834505,0.21834505,10.03,12.22,12.25,10.461,10.55,1.164838e+06,1.6313895e+06
2023-05-16,DPU,3.0,0.17398119,0.17398119,6.38,7.49,8.1999,6.5101,6.95,1.003386e+06,1.3037339e+06
2023-05-16,ACIC,4.0,0.14686835,0.14669919,4.09,4.69,5.46,4.6001,5.3,1.334901e+06,1.00651225e+06
2023-05-18,CWD,1.0,0.72333336,0.72333336,6.0,10.34,13.0,7.05,7.7,1.0254643e+07,1.2368268e+07
2023-05-18,DLO,2.0,0.124237776,0.123571396,14.0,15.73,15.84,13.79,14.2,3.919509e+06,3.4429556e+07
2023-05-19,SDA,1.0,0.7414634,0.7414634,4.1,7.14,8.27,5.83,7.8,1.2098028e+07,1.697773e+06
2023-05-19,GSIT,2.0,0.11317563,0.11317563,5.92,6.59,7.3,5.55,6.0,2.5975592e+07,1.1010918e+08
2023-05-22,AVIR,1.0,0.26756752,0.26756752,3.7,4.69,5.19,4.57,5.06,6.785926e+06,1.2151725e+06
2023-05-22,ADSE,2.0,0.10648918,0.10648918,6.01,6.65,7.44,6.0,6.17,154882.0,1.0779776e+06
2023-05-23,AMST,1.0,0.19130433,0.19130433,4.6,5.48,5.77,4.7,5.25,998154.0,2.131042e+06
2023-05-23,LFCR,2.0,0.119403005,0.119403005,5.36,6.0,9.5,5.9106,8.05,1.543505e+07,2.0673789e+06
2023-05-24,ENVB,1.0,0.29206347,0.29206347,3.15,4.07,6.98,3.97,4.81,7.9668104e+07,2.5745265e+06
2023-05-24,KSS,2.0,0.15882349,0.15827703,19.27,22.32,22.94,20.15,20.72,3.2061514e+07,9.3415256e+07
2023-05-24,ORGO,3.0,0.15116274,0.15116274,3.44,3.96,4.17,3.8,3.99,2.906788e+06,5.229223e+06
2023-05-25,DCX,1.0,0.32096064,0.32096076,4.58,6.05,7.1999,5.5,6.21,1.137225e+06,7.6081035e+06
2023-05-25,MOD,2.0,0.18727827,0.18727827,19.73,23.425,24.499,22.28,24.42,1.037701e+06,7.3892795e+06
2023-05-25,LWLG,3.0,0.14643538,0.14643538,5.19,5.95,6.7,5.3,5.5,3.893101e+06,2.6874962e+06
2023-05-25,RRGB,4.0,0.13633215,0.13633215,14.45,16.42,16.5,14.57,14.64,1.492718e+06,9.839698e+06
2023-05-25,VRT,5.0,0.12669957,0.12684727,16.24,18.3,19.19,17.945,18.51,2.9409888e+07,6.575303e+07
2023-05-26,PDSB,1.0,0.21428573,0.21428573,6.72,8.16,8.92,7.32,8.56,4.208092e+06,4.8967565e+06
2023-05-26,MAX,2.0,0.1921053,0.1921053,7.6,9.06,10.23,9.01,9.28,1.190389e+06,2.0182864e+06
2023-05-26,RCUS,3.0,0.18571424,0.18571424,17.5,20.75,22.5099,20.75,22.03,4.555853e+06,1.7743442e+07
2023-05-30,ALAR,1.0,0.25079358,0.25079358,3.15,3.94,3.95,2.94,3.28,1.808123e+06,2.539635e+07
2023-05-30,IOVA,2.0,0.20397353,0.20397353,7.55,9.09,9.2,8.15,8.85,2.0994066e+07,4.4495852e+07
2023-05-30,NXGL,3.0,0.15283847,0.15283847,2.29,2.64,2.64,2.3,2.35,192472.0,1.6968328e+06
2023-05-30,GOTU,4.0,0.12449801,0.12449801,2.49,2.8,2.9398,2.41,2.48,7.995369e+06,7.355846e+06
2023-05-30,TIGR,5.0,0.1235522,0.1235522,2.59,2.91,3.15,2.61,2.79,6.715445e+06,1.660967e+06
2023-06-01,LE,1.0,0.17862833,0.17862833,6.27,7.39,8.78,7.075,8.3,1.221429e+06,2.8443918e+06
2023-06-01,RMTI,2.0,0.12650609,0.12650609,3.32,3.74,4.03,3.6,3.71,1.461252e+06,1.1269806e+06
2023-06-01,ATTO,3.0,0.12075472,0.12075472,2.65,2.97,3.3,2.63,2.73,3.477447e+06,4.7191015e+06
2023-06-01,KC,4.0,0.11659193,0.11659193,4.46,4.98,5.42,4.97,5.33,4.893874e+06,1.0662063e+07
2023-06-01,PEBK,5.0,0.10129869,0.08943093,17.22,18.76,18.76,16.8001,17.41,8036.0,1.02932544e+06
2023-06-02,APLM,1.0,0.2164948,0.21649492,4.85,5.9,6.45,4.7166,5.09,1.191082e+06,4.355945e+06
2023-06-02,IOT,2.0,0.20725942,0.20725942,19.01,22.95,25.0599,22.2,24.31,2.1409282e+07,1.0313735e+08
2023-06-02,UUU,3.0,0.13453603,0.13469386,2.45,2.78,3.33,2.75,3.0,3.235663e+06,1.8620906e+06
2023-06-02,RMTI,4.0,0.105121374,0.105121255,3.71,4.1,4.55,4.0,4.22,1.831882e+06,5.421245e+06
2023-06-05,DCX,1.0,0.4684211,0.4684211,3.8,5.58,8.36,5.55,5.9,2.8814824e+07,8.217937e+06
2023-06-05,ELTX,2.0,0.1986773,0.1986773,18.145,21.75,22.65,15.05,15.14,470066.0,1.4789573e+07
2023-06-05,RMTI,3.0,0.13981032,0.13981044,4.22,4.81,4.93,4.4,4.56,1.814369e+06,7.7305415e+06
2023-06-06,ZURA,1.0,0.16640997,0.16640997,6.49,7.57,8.5,6.75,7.58,5.694751e+06,2.2421522e+06
2023-06-06,PDSB,2.0,0.11332309,0.11332309,6.53,7.27,7.27,5.78,6.24,4.535325e+06,6.0823e+07
2023-06-07,DCX,1.0,0.30952382,0.30952382,4.2,5.5,5.8493,5.04,5.36,9.6004e+06,7.918377e+06
2023-06-07,YEXT,2.0,0.18333328,0.18333328,9.6,11.36,14.35,11.3,13.29,2.723684e+07,2.2799464e+07
2023-06-07,ELTX,3.0,0.16461205,0.16461205,13.79,16.06,16.99,14.5,15.02,111272.0,1.3082986e+06
2023-06-07,AFRM,4.0,0.16434896,0.16434896,15.82,18.42,19.5,16.13,16.2,6.506081e+07,2.0319482e+08
2023-06-07,SFIX,5.0,0.15489125,0.15489125,3.68,4.25,5.12,4.13,4.71,2.4423224e+07,2.2348784e+07
2023-06-08,BAOS,1.0,0.92580104,0.92580104,5.93,11.42,14.51,9.23,14.04,1.6681055e+07,1.2037366e+06
2023-06-08,CVNA,2.0,0.21184802,0.21184802,15.53,18.82,26.09,17.63,24.23,1.7578101e+08,3.4462605e+08
2023-06-08,LAKE,3.0,0.17232811,0.17263842,12.28,14.4,14.4275,12.55,13.03,93424.0,1.0082862e+06
2023-06-08,FDMT,4.0,0.14121509,0.14121509,18.27,20.85,21.17,19.1401,19.52,1.775044e+06,7.9643315e+06
2023-06-08,BBLG,5.0,0.12037027,0.12037039,5.4,6.05,6.777,5.4101,5.78,432188.0,2.1049255e+06
2023-06-09,WLDS,1.0,0.20673072,0.20673084,2.08,2.51,2.56,2.0,2.1,9.666482e+06,2.9765692e+06
2023-06-09,KC,2.0,0.14405012,0.14405012,4.79,5.48,5.9,5.095,5.16,8.070603e+06,3.8617315e+06
2023-06-12,VERA,1.0,0.10682118,0.10682118,7.77,8.6,9.705,8.48,9.0,3.88845e+06,1.6550022e+06
2023-06-13,MGIH,1.0,0.47000003,0.47000003,2.0,2.94,3.42,2.01,2.19,1.7878626e+07,2.783412e+06
2023-06-13,MPAA,2.0,0.14990509,0.14990509,5.27,6.06,6.77,5.6015,6.16,1.111927e+06,2.5801392e+06
2023-06-14,IVA,1.0,0.30790198,0.30790198,3.67,4.8,4.86,3.91,3.91,5.22793e+06,1.5632842e+06
2023-06-14,NEXT,2.0,0.2709551,0.2709551,5.13,6.52,7.9062,6.19,7.75,3.777432e+07,7.970825e+06
2023-06-14,CYH,3.0,0.13414633,0.13414633,4.1,4.65,4.73,4.14,4.15,2.949095e+06,5.097284e+06
2023-06-15,MVIS,1.0,0.1673913,0.1673913,4.6,5.37,5.37,4.81,5.05,1.965538e+07,9.5733864e+07
2023-06-15,DFLI,2.0,0.1015625,0.1015625,2.56,2.82,3.2,2.69,2.8,1.3556407e+07,3.6979812e+06
2023-06-16,SPCE,1.0,0.40886712,0.408867,4.06,5.72,5.97,4.51,4.73,1.5266299e+08,1.6925317e+08
2023-06-16,LAES,2.0,0.12446618,0.12446618,16.39,18.43,18.7434,16.1,17.75,95309.0,2.617319e+06
2023-06-16,BTDR,3.0,0.11904764,0.11904764,7.56,8.46,11.6,7.56,11.41,712297.0,1.621174e+06
2023-06-16,ENVX,4.0,0.11885548,0.11885548,13.63,15.25,15.25,13.83,15.12,1.9345798e+07,4.3776452e+07
2023-06-20,VCIG,1.0,0.34275627,0.34275615,2.83,3.8,11.32,3.57,7.25,1.18180056e+08,2.714009e+07
2023-06-20,BOF,2.0,0.31602716,0.31602716,4.43,5.83,6.2,4.3,4.48,7.634251e+06,4.2492335e+06
2023-06-20,VERA,3.0,0.13442123,0.13442123,12.87,14.6,15.9,13.88,15.05,3.667783e+06,1.3675134e+07
2023-06-20,DCX,4.0,0.1232394,0.12323952,2.84,3.19,3.2,2.704,2.71,373946.0,2.636352e+06
2023-06-21,PCT,1.0,0.14735508,0.14735508,7.94,9.11,9.992,9.1,9.85,9.319795e+06,1.8164648e+07
2023-06-22,ROOT,1.0,0.49688148,0.49688148,9.62,14.4,14.8,12.1,12.9,9.747724e+06,2.7640742e+07
2023-06-22,AAOI,2.0,0.12725091,0.12725091,4.165,4.695,4.7,3.591,3.77,6.429623e+06,2.5547144e+07
2023-06-26,SCNX,1.0,1.1795361,1.180095,8.44,18.4,19.7001,14.2,16.36,1.4962418e+07,2.5857196e+07
2023-06-26,ORIC,2.0,0.12326658,0.12326658,6.49,7.29,8.55,7.0924,8.29,2.022047e+06,3.7535868e+07
2023-06-28,XPOF,1.0,0.17811704,0.17811704,15.72,18.52,19.18,16.94,17.13,7.852182e+06,1.9718522e+08
2023-06-29,JOBY,1.0,0.19977677,0.19977677,8.96,10.75,11.98,9.57,9.98,9.418069e+07,4.3301085e+08
2023-06-29,TE,2.0,0.17748344,0.17748344,7.55,8.89,9.91,8.7084,9.08,1.3043079e+07,1.737067e+07
2023-06-29,HURA,3.0,0.13043475,0.13039708,2.9901,3.38,5.0,3.07,4.21,7.662911e+06,1.6458496e+06
2023-06-29,ACHR,4.0,0.12987018,0.12987018,3.85,4.35,4.77,3.95,4.02,1.4762005e+07,3.059057e+07
2023-06-29,KLRS,5.0,0.10975611,0.10975611,3.28,3.64,3.68,3.21,3.44,2.345591e+06,3.3064598e+06
2023-06-30,AUPH,1.0,0.13209605,0.13209605,9.16,10.37,10.37,9.655,9.68,9.677201e+06,1.5997647e+07
2023-06-30,MVIS,2.0,0.10512829,0.10512817,3.9,4.31,4.665,4.22,4.58,1.0710597e+07,2.7886526e+07
2023-07-03,ALVO,1.0,0.14728689,0.14728689,7.74,8.88,9.2,8.19,8.43,500746.0,4.838568e+06
2023-07-03,OKUR,2.0,0.12042689,0.120426774,6.56,7.35,7.35,6.0,6.41,206797.0,1.3436651e+06
2023-07-03,ACMR,3.0,0.11697245,0.11697245,13.08,14.61,15.59,14.33,14.83,1.979785e+06,9.603938e+06
2023-07-06,CRBU,1.0,0.37254906,0.37254906,4.08,5.6,6.88,5.44,5.94,8.343717e+07,2.4266778e+06
2023-07-06,SG,2.0,0.13957047,0.13957047,13.04,14.86,15.44,14.11,15.06,8.234324e+06,2.0834112e+07
2023-07-06,GENI,3.0,0.104991436,0.104991436,5.81,6.42,7.71,6.35,7.3,2.0229016e+07,9.224293e+06
2023-07-07,AURE,1.0,0.9351852,0.9351851,5.4,10.45,22.45,7.52,19.09,3.0211492e+07,1.9658766e+07
2023-07-07,GRRR,2.0,0.67464113,0.67464125,2.09,3.5,5.79,3.36,4.7,1.6024309e+08,3.607133e+06
2023-07-07,CSTL,3.0,0.5060241,0.5060241,13.28,20.0,20.96,18.08,20.3,1.2789121e+07,6.044498e+06
2023-07-10,TMC,1.0,0.17391312,0.17391312,2.53,2.97,3.2,2.7,2.77,1.9940756e+07,2.3350936e+07
2023-07-10,WBX,2.0,0.11083746,0.11083746,4.06,4.51,5.0,4.09,4.92,3.246034e+06,2.9464312e+06
2023-07-11,GDTC,1.0,1.1260746,1.1260746,3.49,7.42,9.25,5.5,5.64,2.1912662e+07,9.344953e+06
2023-07-11,ABOS,2.0,0.15891123,0.15891123,4.96,5.7482,6.39,5.32,6.0,4.937117e+06,1.5524056e+06
2023-07-12,RXRX,1.0,1.1637168,1.1637168,6.78,14.67,14.99,10.13,12.08,8.0177496e+07,1.0127869e+07
2023-07-12,GPUS,2.0,0.62727284,0.6272727,3.3,5.37,6.4,4.46,5.31,2.0696032e+07,2.502248e+06
2023-07-12,HLLY,3.0,0.1795454,0.1795454,4.4,5.19,5.81,5.17,5.33,3.622702e+06,1.9672005e+06
2023-07-12,DAKT,4.0,0.15548277,0.15548277,6.11,7.06,8.65,7.06,7.33,2.190745e+06,1.3420492e+06
2023-07-12,ELOX,5.0,0.14379954,0.14379954,7.58,8.67,10.5,8.0,9.68,8.90842e+06,3.5299952e+08
2023-07-13,SXTP,1.0,0.47435904,0.47435904,4.68,6.9,8.65,4.4,4.53,2.2015836e+07,2.3721042e+07
2023-07-14,PRFX,1.0,0.39478266,0.39478266,5.75,8.02,16.81,7.8021,8.1,3.39178e+07,3.8454102e+06
2023-07-14,DFNS,2.0,0.17030573,0.17030561,11.45,13.4,15.38,11.48,11.62,372428.0,1.1519845e+06
2023-07-14,LUNR,3.0,0.16276348,0.16276348,8.54,9.93,10.69,9.02,9.63,3.65191e+06,7.8006155e+06
2023-07-17,ABOS,1.0,0.7531847,0.7531847,6.28,11.01,11.3099,9.26,9.72,2.9235172e+07,4.511973e+06
2023-07-17,HCTI,2.0,0.50136995,0.50136983,3.65,5.48,6.65,4.2201,4.64,1.7417048e+07,1.5077019e+06
2023-07-17,BBIO,3.0,0.4687158,0.4687158,18.22,26.76,34.28,26.29,32.04,4.729114e+07,5.276889e+07
2023-07-17,PRFX,4.0,0.25432098,0.25432086,8.1,10.16,11.5499,8.5,8.99,3.803697e+06,2.747342e+08
2023-07-17,NMAD,5.0,0.1602211,0.1602211,5.43,6.3,9.5,5.3201,7.53,4.454603e+06,1.0346919e+06
2023-07-19,SXTP,1.0,0.3264463,0.3264463,2.42,3.21,3.53,2.83,3.3,1.742356e+07,2.0176e+06
2023-07-19,VRM,2.0,0.11830354,0.11830366,2.24,2.505,2.82,2.33,2.67,3.940451e+07,2.4226382e+07
2023-07-19,TRUG,3.0,0.112167,0.112167,11.6799,12.99,14.4,12.0,12.55,849046.0,1.9154802e+06
2023-07-19,RBBN,4.0,0.104026794,0.104026794,2.98,3.29,3.5395,3.25,3.39,2.034515e+06,1.0603585e+06
2023-07-20,PSQH,1.0,0.40388763,0.40388763,13.89,19.5,35.5748,17.3201,29.8,1.5948585e+07,2.3064981e+08
2023-07-20,GRRR,2.0,0.32894742,0.32894742,2.28,3.03,3.05,2.45,2.54,4.978415e+07,1.6202254e+07
2023-07-20,PRFX,3.0,0.2672292,0.26722932,7.11,9.01,11.37,8.65,9.72,2.1475462e+07,4.2891075e+06
2023-07-21,BGLC,1.0,0.40041065,0.40041077,4.87,6.82,9.49,5.16,5.95,1.6558756e+07,1.2860968e+07
2023-07-21,DJT,2.0,0.25000012,0.25000012,13.36,16.7,25.85,16.24,20.08,3.1306648e+07,3.3264836e+07
2023-07-21,GFAI,3.0,0.15217388,0.15217388,6.44,7.42,9.9,6.9001,8.4,7.579194e+07,4.421702e+08
2023-07-21,QNRX,4.0,0.11981559,0.11981559,6.51,7.29,12.0,7.15,9.09,6.239786e+06,2.491579e+06
2023-07-24,AMC,1.0,0.32733214,0.32727277,4.4,5.84,6.23,4.87,5.85,2.569188e+08,3.7492506e+08
2023-07-25,KNSA,1.0,0.12717545,0.12717545,14.94,16.84,20.0,16.01,19.48,4.567455e+06,4.1152975e+06
2023-07-26,XPEV,1.0,0.1484375,0.1484375,15.36,17.64,21.83,17.55,19.46,1.3891803e+08,3.3412877e+08
2023-07-26,GPUS,2.0,0.14655173,0.14655173,3.48,3.99,4.0285,3.3,3.4,7.406824e+06,1.3468191e+06
2023-07-26,WW,3.0,0.10775423,0.10775423,9.93,11.0,11.9799,10.81,11.54,1.3252344e+07,6.711655e+07
2023-07-27,CLS,1.0,0.24605107,0.24605107,16.46,20.51,20.66,17.73,18.01,5.220248e+06,1.2885793e+07
2023-07-27,NMAD,2.0,0.16279078,0.16279078,3.87,4.5,4.73,3.61,3.68,530789.0,1.0378101e+06
2023-07-27,SPOK,3.0,0.14506567,0.145105,11.44,13.1,14.9,12.93,13.35,1.069671e+06,2.5168685e+06
2023-07-27,IMAX,4.0,0.13693905,0.13693905,17.38,19.76,20.7,18.55,18.85,2.329027e+06,9.854964e+06
2023-07-27,NOA,5.0,0.13333333,0.13294494,18.88,21.39,26.3,21.39,24.85,551508.0,1.1698614e+06
2023-07-28,BJDX,1.0,0.37196267,0.37196267,5.35,7.34,9.7099,6.96,7.83,9.060805e+06,1.1071076e+06
2023-07-28,SIGA,2.0,0.24960494,0.24950886,5.09,6.36,6.7,5.47,5.53,1.9339904e+07,5.612789e+06
2023-07-28,COUR,3.0,0.16333592,0.16333592,13.01,15.135,15.31,13.82,15.31,4.101972e+06,1.1425942e+07
2023-07-31,EOSE,1.0,0.20353985,0.20353985,2.26,2.72,2.89,2.44,2.46,1.4895568e+07,3.7235908e+07
2023-07-31,GDRX,2.0,0.12740743,0.12740743,6.75,7.61,9.37,7.6,9.24,2.3464006e+07,5.9388255e+06
2023-07-31,INVZ,3.0,0.105571866,0.105571866,3.41,3.77,4.19,3.62,4.1,2.2711106e+07,1.590704e+07
2023-07-31,ACHR,4.0,0.104602456,0.104602456,4.78,5.28,6.87,5.23,6.73,4.1685464e+07,2.2342926e+07
2023-08-01,AMSC,1.0,0.5873016,0.5873016,10.08,16.0,17.37,13.31,16.13,4.8804468e+07,2.7991212e+07
2023-08-01,TTI,2.0,0.20044541,0.20044541,4.49,5.39,5.42,4.781,5.01,5.648291e+06,1.1827733e+07
2023-08-01,RGTI,3.0,0.15261042,0.15261042,2.49,2.87,3.43,2.42,3.25,2.7548432e+07,2.912005e+07
2023-08-01,AUDC,4.0,0.105980754,0.10557771,10.04,11.1,12.1,10.97,11.62,1.122438e+06,1.7507451e+06
2023-08-02,CDLX,1.0,0.22094059,0.22094047,11.27,13.76,15.2,12.69,13.5,2.919277e+06,1.2132223e+07
2023-08-02,FRSH,2.0,0.18201756,0.18201756,18.24,21.56,23.09,20.85,21.61,1.368409e+07,4.279385e+07
2023-08-03,BJDX,1.0,0.92307687,0.92307687,5.46,10.5,11.14,8.1,8.31,1.1715937e+07,1.4710169e+06
2023-08-03,COOK,2.0,0.37257278,0.3725729,4.12,5.655,6.7,5.47,5.85,1.5030592e+07,1.6466569e+06
2023-08-03,UPWK,3.0,0.3039117,0.3039117,9.97,13.0,14.5,12.5,14.38,2.1950132e+07,2.6525346e+07
2023-08-03,AURE,4.0,0.18386495,0.18386495,10.66,12.62,14.5,11.75,12.44,753013.0,4.8491805e+06
2023-08-03,SABR,5.0,0.14905143,0.14905143,3.69,4.24,4.9,4.1,4.89,2.4126264e+07,1.8917306e+07
2023-08-04,AD,1.0,0.46624994,0.46571422,17.5,25.65,35.0,25.0,33.76,7.528456e+06,4.06315e+06
2023-08-04,TDS,2.0,0.36718237,0.36708856,7.9,10.8,15.0,10.43,14.84,1.8591614e+07,8.2119475e+06
2023-08-04,CMRC,3.0,0.27387202,0.27387202,9.53,12.14,12.75,11.16,12.08,4.168234e+06,1.47725e+07
2023-08-04,AAOI,4.0,0.2701062,0.2701062,6.59,8.37,11.29,8.05,11.01,3.1770768e+07,2.9467008e+07
2023-08-04,FUBO,5.0,0.20249224,0.20249212,3.21,3.86,3.87,3.13,3.16,6.2073144e+07,7.721785e+07
2023-08-07,GENI,1.0,0.13513505,0.13513505,7.4,8.4,8.45,7.14,7.19,4.243117e+06,2.2747422e+07
2023-08-08,CHGG,1.0,0.30608177,0.30608177,10.03,13.1,13.11,10.38,10.46,2.1253842e+07,7.197431e+07
2023-08-08,HIMS,2.0,0.17215192,0.17215192,7.9,9.26,9.275,7.22,7.44,2.0229694e+07,6.290538e+07
2023-08-08,KD,3.0,0.16465867,0.16465867,12.45,14.5,15.5,14.2,14.76,1.0565412e+07,2.9408394e+07
2023-08-08,SGMT,4.0,0.12923467,0.12923467,15.94,18.0,18.33,15.75,15.93,470696.0,1.3994682e+06
2023-08-08,BEEP,5.0,0.11346161,0.11346161,10.4,11.58,11.58,10.02,10.23,28454.0,1.0721568e+06
2023-08-09,TNGX,1.0,0.3054831,0.3054831,3.83,5.0,9.39,5.0,7.81,7.489997e+07,5.939518e+06
2023-08-09,ARRY,2.0,0.20805383,0.20805383,17.88,21.6,23.51,21.2,22.18,2.2729308e+07,1.490618e+08
2023-08-09,MQ,3.0,0.20262098,0.20262098,4.96,5.965,6.24,5.3807,5.54,2.2086712e+07,3.4495576e+07
2023-08-09,BOOM,4.0,0.17891741,0.17891741,17.55,20.69,22.47,20.1,22.26,637858.0,3.4080695e+06
2023-08-09,VERX,5.0,0.17332578,0.17332578,17.77,20.85,20.85,18.41,19.59,476161.0,2.435048e+07
2023-08-10,MGIH,1.0,0.111111045,0.111111045,2.43,2.7,3.25,2.3221,2.5,4.390836e+06,2.834077e+07
2023-08-10,PRMB,2.0,0.110762,0.11127162,13.84,15.38,15.51,14.99,15.17,3.00788e+06,1.1102642e+07
2023-08-10,NABL,3.0,0.10007465,0.10007465,13.39,14.73,14.738,13.32,13.43,1.011613e+06,6.8286725e+06
2023-08-11,TLSI,1.0,0.21693122,0.21693122,11.34,13.8,16.24,9.07,12.0,193257.0,2.0814004e+06
2023-08-11,INOD,2.0,0.19514477,0.19514477,10.71,12.8,13.8833,12.01,13.34,2.088029e+06,6.121879e+06
2023-08-11,ACHR,3.0,0.17667246,0.17667246,5.83,6.86,6.95,5.4101,5.77,3.729776e+07,6.1929636e+07
2023-08-11,AIXI,4.0,0.13557208,0.1355722,8.04,9.13,9.13,6.03,7.11,3.422169e+06,4.1176298e+06
2023-08-11,PLSE,5.0,0.12573099,0.12573099,6.84,7.7,7.7,7.09,7.22,238847.0,1.2033544e+06
2023-08-15,VFS,1.0,1.1052632,1.1052632,10.45,22.0,38.7775,16.0,37.06,6.896475e+06,5.039753e+06
2023-08-15,DCTH,2.0,0.87179494,0.87179494,3.12,5.84,7.27,5.34,5.67,1.0518892e+08,2.6222475e+06
2023-08-15,NVTS,3.0,0.13937294,0.13937294,8.61,9.81,10.1,8.46,9.01,8.676098e+06,2.4861624e+07
2023-08-15,GSM,4.0,0.11810017,0.11801243,4.83,5.4,5.58,5.005,5.14,4.731446e+06,7.122632e+06
2023-08-16,DLO,1.0,0.2684102,0.26838708,15.5,19.66,24.2168,19.51,20.45,3.8811444e+07,1.3484722e+08
2023-08-16,HKD,2.0,0.1169492,0.1169492,5.9,6.59,6.6,5.61,5.71,2.511257e+06,9.280553e+06
2023-08-16,IDAI,3.0,0.111111164,0.111111164,2.34,2.6,2.97,2.4,2.49,1.284035e+06,2.356188e+06
2023-08-18,HE,1.0,0.10806322,0.10806322,12.03,13.33,14.2,12.41,13.77,3.416134e+07,5.452618e+08
2023-08-21,EOSE,1.0,0.10702336,0.10702336,2.99,3.31,3.35,2.95,3.18,1.3828592e+07,3.0802484e+07
2023-08-22,HKD,1.0,0.14999998,0.14999998,5.0,5.75,8.42,5.21,6.37,4.006655e+07,2.47181e+06
2023-08-22,APLD,2.0,0.13389826,0.13389826,5.9,6.69,6.94,5.99,6.14,5.326272e+06,1.4516195e+07
2023-08-22,ASLE,3.0,0.125,0.125,12.64,14.22,14.53,13.471,13.86,1.047379e+06,5.894361e+06
2023-08-23,RCUS,1.0,0.23444974,0.23444974,18.81,23.22,25.47,22.57,23.03,4.637934e+06,8.400376e+06
2023-08-23,MYSZ,2.0,0.11739135,0.11739135,2.3,2.57,2.69,2.2701,2.5,1.242359e+06,1.6978324e+06
2023-08-24,TSHA,1.0,0.18018007,0.18018007,2.22,2.62,2.71,2.1401,2.34,1.8611234e+07,5.468e+06
2023-08-24,GRPN,2.0,0.13715506,0.13715506,11.775,13.39,13.7799,12.115,12.18,2.675585e+06,1.7229662e+07
2023-08-28,VFSWW,1.0,0.6993618,0.6993618,2.5539,4.34,4.55,3.5,3.66,4.629237e+06,1.2662001e+07
2023-08-28,HE,2.0,0.39751554,0.39751554,9.66,13.5,14.74,12.86,13.97,5.870816e+07,1.9631216e+08
2023-08-28,RDZN,3.0,0.23834205,0.23834205,9.65,11.95,14.1,10.03,11.65,733150.0,2.7491392e+07
2023-08-29,TIGR,1.0,0.119113564,0.119113564,3.61,4.04,4.795,3.88,4.64,1.4104146e+07,6.4416585e+06
2023-08-30,DBGI,1.0,0.6431925,0.6431924,8.52,14.0,15.91,9.5,11.38,6.098352e+06,3.7886142e+06
2023-08-30,VFSWW,2.0,0.14999998,0.14999998,4.0,4.6,5.87,4.53,5.7,3.420118e+06,1.874448e+07
2023-08-31,VFSWW,1.0,0.21052635,0.21052635,5.7,6.9,10.0,6.15,7.89,4.479136e+06,1.9494672e+07
2023-08-31,BEKE,2.0,0.107556224,0.10727966,15.66,17.34,19.95,16.86,17.2,4.0318636e+07,2.303972e+08
2023-09-01,SCNX,1.0,0.76717806,0.7670157,7.64,13.5,14.37,10.06,11.62,1.3213856e+07,1.0563216e+06
2023-09-01,EOSE,2.0,0.4738462,0.4738462,3.25,4.79,4.81,3.62,3.85,5.6183724e+07,4.59426e+07
2023-09-05,HSDT,1.0,0.4498645,0.4498645,7.38,10.7,13.43,8.87,10.0,1.9998372e+07,6.2903355e+06
2023-09-06,MITK,1.0,0.19734514,0.19734514,11.3,13.53,13.98,12.61,12.9,3.281354e+06,3.4386352e+06
2023-09-06,DAKT,2.0,0.11694503,0.11694503,8.38,9.36,9.97,8.59,8.89,2.312839e+06,4.06549e+06
2023-09-07,DBI,1.0,0.28566837,0.28516376,10.38,13.34,13.44,11.77,12.66,7.063647e+06,1.9010222e+07
2023-09-07,GIII,2.0,0.20146513,0.20155454,19.3,23.19,24.47,21.08,23.98,1.777702e+06,7.89204e+06
2023-09-08,SWBI,1.0,0.15888655,0.15889633,10.51,12.18,13.18,11.41,11.65,3.420812e+06,1.1160737e+07
2023-09-08,EOSE,2.0,0.120996475,0.120996475,2.81,3.15,3.1623,2.64,2.76,1.592149e+07,3.352925e+07
2023-09-11,BLRX,1.0,0.11004794,0.11004782,2.09,2.32,2.33,2.01,2.03,1.410199e+07,6.3475285e+06
2023-09-12,MTRX,1.0,0.15056467,0.15056467,7.97,9.17,9.25,8.26,9.07,610637.0,1.0731445e+06
2023-09-12,CGNT,2.0,0.14069271,0.14069271,4.62,5.27,5.86,5.18,5.73,2.289223e+06,1.5508185e+06
2023-09-12,GERN,3.0,0.10683763,0.10683763,2.34,2.59,2.655,2.25,2.3,1.8501816e+07,1.0972444e+07
2023-09-13,RCKT,1.0,0.4022237,0.4022237,15.29,21.44,22.32,19.6701,21.23,2.3717138e+07,1.7351948e+07
2023-09-15,IOVA,1.0,0.23789024,0.23789024,4.645,5.75,5.98,5.13,5.27,5.3494976e+07,9.580517e+07
2023-09-18,ESLA,1.0,0.11353207,0.11353207,8.72,9.71,14.39,9.23,11.71,1.356584e+06,6.7770535e+06
2023-09-19,SEZL,1.0,0.5786543,0.57849956,12.93,20.41,24.7,16.32,17.4,1.738321e+06,1.5445661e+06
2023-09-20,CETX,1.0,0.1394496,0.1394496,5.45,6.21,7.2899,5.75,6.6,779875.0,1.4885748e+06
2023-09-20,BHC,2.0,0.124352455,0.124352455,7.72,8.68,8.72,8.14,8.34,1.0282746e+07,7.788302e+07
2023-09-21,CDT,1.0,0.55685353,0.55685353,12.84,19.99,22.0,16.09,16.99,1.102678e+06,3.0458278e+06
2023-09-21,ESLA,2.0,0.2628572,0.2628572,12.25,15.47,20.8,14.3,15.28,5.959552e+06,1.0749302e+07
2023-09-21,RDZN,3.0,0.124100685,0.124100685,11.12,12.5,12.5,5.84,6.57,786978.0,8.980834e+06
2023-09-22,CCG,1.0,0.2397306,0.2397306,14.85,18.41,24.1874,17.11,19.52,7.0372e+06,1.5826106e+07
2023-09-26,ADPT,1.0,0.16141737,0.16141737,5.08,5.9,6.34,5.495,5.56,5.617572e+06,5.474457e+06
2023-09-26,ROIV,2.0,0.15572965,0.15572965,10.21,11.8,12.83,11.75,12.41,2.206662e+07,2.2578548e+07
2023-09-27,MLKN,1.0,0.2385639,0.23864233,19.15,23.72,25.3,23.6,24.51,7.600258e+06,1.772074e+07
2023-09-27,BHVN,2.0,0.17847025,0.17847025,17.65,20.8,25.48,20.8,23.53,6.454708e+06,1.6638849e+07
2023-09-28,ORGO,1.0,0.16603768,0.16603768,2.65,3.09,3.44,2.9103,3.39,3.610164e+06,1.8359015e+06
2023-09-29,VSME,1.0,0.26246715,0.26246715,3.81,4.81,6.35,4.06,4.3,4.872445e+06,2.389417e+07
2023-09-29,EDIT,2.0,0.13150287,0.13150287,6.92,7.83,8.58,7.45,7.8,6.862496e+06,8.489781e+06
2023-10-02,FEMY,1.0,0.3657719,0.3657719,2.98,4.07,4.75,3.3,3.89,8.933213e+07,4.7764166e+08
2023-10-02,NEUP,2.0,0.16296303,0.16296303,2.7,3.14,4.49,2.84,3.94,3.880764e+07,2.0245796e+07
2023-10-02,CIFR,3.0,0.111588,0.111588,2.33,2.59,2.75,2.45,2.54,1.740989e+06,1.6374051e+06
2023-10-02,PBI,4.0,0.109363556,0.10927153,3.02,3.35,3.52,3.27,3.49,3.900611e+06,3.0361388e+06
2023-10-02,MNTS,5.0,0.105002046,0.10500002,2.0,2.21,3.66,1.76,1.78,5.8872064e+07,2.4103992e+07
2023-10-03,ALXO,1.0,0.6819128,0.6819128,4.81,8.09,8.3199,6.91,7.51,4.2682444e+07,1.5662081e+06
2023-10-05,VSME,1.0,0.21290314,0.21290314,4.65,5.64,8.64,2.12,2.27,3.7717652e+07,3.0469028e+07
2023-10-05,FEMY,2.0,0.20524025,0.20524025,2.29,2.76,2.7999,2.06,2.08,1.6717291e+07,4.5857092e+07
2023-10-05,CMBT,3.0,0.19804871,0.197698,14.77,17.69,17.7,16.88,17.29,1.1492362e+07,2.4956884e+07
2023-10-05,VFS,4.0,0.105589986,0.105589986,8.05,8.9,9.3,8.06,8.5,8.882432e+06,4.578791e+07
2023-10-09,VEON,1.0,0.10324323,0.10324323,18.5,20.41,20.5,18.9,19.17,114468.0,2.558957e+06
2023-10-10,ERAS,1.0,0.104545474,0.104545474,2.2,2.43,2.79,2.43,2.49,1.624481e+06,1.1165484e+06
2023-10-11,ABAT,1.0,0.15674889,0.15674889,6.89,7.97,8.0,6.8,6.88,621768.0,1.3155146e+06
2023-10-12,VSAT,1.0,0.16890597,0.16890597,15.63,18.27,18.35,16.45,16.8,3.638791e+06,1.4311782e+07
2023-10-12,ACXP,2.0,0.15775394,0.15775394,3.74,4.33,8.82,3.84,4.08,8.202547e+06,2.1570862e+06
2023-10-12,SRRK,3.0,0.1284672,0.1284672,6.85,7.73,9.24,7.45,8.06,4.499917e+06,1.6894086e+06
2023-10-12,EVLV,4.0,0.10344839,0.10344839,4.35,4.8,4.8,3.6421,3.77,4.949889e+06,9.303166e+06
2023-10-13,CMTL,1.0,0.22604406,0.22604406,8.14,9.98,10.9,9.65,10.37,1.504096e+06,3.875568e+06
2023-10-16,MNTS,1.0,0.20579267,0.20578778,3.11,3.75,5.5,3.31,4.85,4.9855704e+07,5.175705e+07
2023-10-16,ALHC,2.0,0.14954686,0.14954686,6.62,7.61,8.1482,7.4,7.76,2.505554e+06,3.4504565e+06
2023-10-16,MARA,3.0,0.107652426,0.107652426,7.71,8.54,8.94,7.87,8.1,5.24449e+07,1.421454e+08
2023-10-18,ARDX,1.0,0.1362319,0.1362319,3.45,3.92,4.12,3.63,3.91,5.8539004e+07,2.4099188e+07
2023-10-24,HUT,1.0,0.1327014,0.13270152,2.11,2.39,2.4,2.19,2.29,2.3995656e+07,3.9325892e+07
2023-10-24,CLSK,2.0,0.13043475,0.13043475,4.255,4.81,5.11,4.59,4.7,3.1815312e+07,1.0158038e+08
2023-10-24,MARA,3.0,0.13028574,0.13028574,8.75,9.89,10.72,9.35,9.76,9.55068e+07,5.610544e+08
2023-10-24,IREN,4.0,0.12812495,0.12812495,3.2,3.61,4.035,3.38,3.5,5.057545e+06,9.248515e+06
2023-10-24,RIOT,5.0,0.11789036,0.11789036,9.67,10.81,11.37,10.3,10.67,5.1082696e+07,3.7242906e+08
2023-10-25,SRRK,1.0,0.10443866,0.10443866,7.66,8.46,9.31,8.35,9.02,2.065588e+06,5.7723845e+06
2023-10-26,ALT,1.0,0.11814356,0.11814356,2.37,2.65,2.73,2.305,2.32,6.36965e+06,2.1227022e+06
2023-10-27,NRDS,1.0,0.20481932,0.20481932,6.64,8.0,9.82,7.5,9.34,7.682681e+06,4.7704215e+06
2023-10-27,CVRX,2.0,0.15654206,0.15654206,12.84,14.85,15.7,12.865,13.15,345960.0,2.0594076e+06
2023-10-27,COUR,3.0,0.11466813,0.11466813,17.18,19.15,19.15,16.58,17.2,3.411765e+06,4.003112e+07
2023-10-30,CHRS,1.0,0.14393938,0.14393938,2.64,3.02,3.28,2.83,3.01,2.4485168e+07,3.0689798e+07
2023-10-30,SOFI,2.0,0.10625911,0.10625911,6.87,7.6,7.88,6.68,6.94,1.2594711e+08,3.1143142e+08
2023-10-31,HRMY,1.0,0.13292754,0.13292754,19.71,22.33,23.95,22.0,23.54,1.633748e+06,1.9695868e+07
2023-10-31,LUNG,2.0,0.108998775,0.108998775,7.89,8.75,9.17,8.5032,8.79,366671.0,2.2091448e+06
2023-11-01,TGTX,1.0,0.31824052,0.31824052,7.73,10.19,11.44,9.34,10.12,5.0843292e+07,4.9761e+07
2023-11-01,TTMI,2.0,0.12706697,0.12706697,11.49,12.95,13.0,12.245,12.92,1.380464e+06,1.3330824e+07
2023-11-02,LMND,1.0,0.26,0.26,11.0,13.86,16.205,13.16,16.17,1.0708184e+07,1.92731e+07
2023-11-02,ENGN,2.0,0.25699997,0.25699997,20.0,25.14,27.99,18.5,19.0,91950.0,1.1356e+06
2023-11-02,LIND,3.0,0.24143827,0.24143827,5.84,7.25,7.25,5.47,6.0,844461.0,2.3218615e+06
2023-11-02,FSLY,4.0,0.22807014,0.22807014,14.25,17.5,17.9494,16.34,16.47,6.935602e+06,7.382583e+07
2023-11-02,CWH,5.0,0.2221539,0.22222221,17.28,21.12,23.0,18.425,18.61,2.794934e+06,3.6986476e+07
2023-11-03,ANIK,1.0,0.27488148,0.27488148,18.99,24.21,24.25,20.29,21.12,264543.0,1.6962818e+06
2023-11-03,CPS,2.0,0.23605657,0.23605657,12.73,15.735,18.58,15.49,18.31,975251.0,2.2244528e+06
2023-11-03,FIGS,3.0,0.20106769,0.20106769,5.62,6.75,7.21,6.6,6.81,8.142327e+06,1.8430576e+07
2023-11-03,FNKO,4.0,0.15845537,0.15845537,7.51,8.7,10.03,8.65,8.75,2.287523e+06,9.591892e+06
2023-11-03,ATMU,5.0,0.14430892,0.14422119,19.9,22.77,23.41,19.71,20.31,935336.0,2.0296586e+07
2023-11-06,AIRE,1.0,0.2947719,0.29477203,8.99,11.64,12.5,8.57,9.15,1.349005e+06,2.0269212e+06
2023-11-06,OPRX,2.0,0.29210842,0.29210842,8.49,10.97,10.97,9.51,9.79,581490.0,2.9720688e+06
2023-11-06,NSSC,3.0,0.17323709,0.17318428,18.795,22.05,23.63,21.31,22.85,1.562686e+06,8.1647735e+06
2023-11-07,UIS,1.0,0.1799308,0.1799308,2.89,3.41,3.585,3.15,3.48,1.999405e+06,1.9050216e+06
2023-11-07,TASK,2.0,0.14520717,0.1452241,10.26,11.75,12.22,11.21,12.1,1.542125e+06,6.3032415e+06
2023-11-08,AERT,1.0,0.35849047,0.35849047,2.65,3.6,3.74,2.0,2.15,3.813874e+06,3.5676448e+06
2023-11-08,TH,2.0,0.27186012,0.27186012,12.58,16.0,16.02,13.94,14.59,3.415845e+06,1.236024e+07
2023-11-08,UPWK,3.0,0.22245324,0.22245324,12.025,14.7,15.0,12.29,13.29,1.1885165e+07,4.8506384e+07
2023-11-08,SRTA,4.0,0.22026432,0.22026432,2.27,2.77,3.0887,2.64,2.94,5.388634e+06,1.0139477e+06
2023-11-08,EVGO,5.0,0.20869565,0.20869565,2.3,2.78,2.91,2.55,2.71,1.1238957e+07,6.7560155e+06
2023-11-09,CDNA,1.0,0.26382303,0.26382303,6.33,8.0,8.0,7.12,7.21,3.341682e+06,7.973325e+06
2023-11-09,TPST,2.0,0.22340417,0.22340429,2.82,3.45,4.34,3.16,3.28,5.618081e+07,4.3418325e+06
2023-11-09,CLMT,3.0,0.22307694,0.22307694,13.0,15.9,16.18,14.14,14.25,557373.0,2.396472e+06
2023-11-09,XMTR,4.0,0.17812312,0.17812312,16.73,19.71,19.78,15.741,16.18,685458.0,8.0564315e+06
2023-11-09,BAK,5.0,0.16927457,0.16927457,7.03,8.22,8.36,7.95,8.08,3.095965e+06,4.972734e+06
2023-11-10,RCEL,1.0,0.21457493,0.21457493,9.88,12.0,12.51,10.78,11.29,625409.0,1.3150181e+06
2023-11-10,BLNK,2.0,0.16666663,0.16666663,2.46,2.87,3.4,2.73,3.07,2.0624054e+07,6.0113765e+06
2023-11-10,INDI,3.0,0.1659919,0.1659919,4.94,5.76,6.1,5.42,5.64,8.610535e+06,1.915773e+07
2023-11-10,VERA,4.0,0.12945259,0.12945259,11.51,13.0,13.88,11.73,12.14,1.113091e+06,9.626216e+06
2023-11-10,FIGS,5.0,0.12286687,0.12286687,5.86,6.58,6.61,6.05,6.15,6.914934e+06,2.3162734e+07
2023-11-13,MNTK,1.0,0.12983,0.12983,6.47,7.31,8.78,7.26,8.695,1.350526e+06,6.0200115e+06
2023-11-14,AIRE,1.0,0.901528,0.901528,5.89,11.2,14.88,6.9205,12.0,2.830684e+07,2.1630706e+07
2023-11-14,PSFE,2.0,0.12710285,0.12710285,10.7,12.06,13.59,11.1301,13.59,2.385478e+06,6.30597e+06
2023-11-14,PCT,3.0,0.120915055,0.120915055,3.06,3.43,4.1,3.365,3.89,8.591896e+06,1.2488334e+07
2023-11-14,OPEN,4.0,0.10837436,0.10837436,2.03,2.25,2.37,2.22,2.29,2.6993864e+07,2.4263488e+07
2023-11-14,LWAY,5.0,0.10660982,0.10660982,9.38,10.38,13.1,9.67,13.0,653923.0,7.977512e+06
2023-11-15,ARCT,1.0,0.1845361,0.1845361,19.4,22.98,26.5,22.46,22.52,1.653921e+06,1.2761999e+07
2023-11-15,CRMD,2.0,0.17252398,0.17252398,3.13,3.67,4.34,2.57,3.33,1.3846581e+07,5.029137e+06
2023-11-15,SLDB,3.0,0.16901398,0.16901398,2.13,2.49,3.06,2.45,2.725,1.2943761e+07,1.5733501e+06
2023-11-15,SIRI,4.0,0.122710586,0.12269938,4.89,5.49,5.62,5.15,5.19,2.0913668e+07,5.2251076e+07
2023-11-16,M,1.0,0.12633455,0.1260904,12.61,14.2,14.43,13.095,13.33,5.344605e+07,3.623424e+08
2023-11-16,METCB,2.0,0.10631311,0.10627675,14.02,15.51,15.79,13.21,13.47,223567.0,1.5645479e+06
2023-11-17,RENX,1.0,1.4455445,1.4455445,3.03,7.41,8.42,4.06,4.21,3.59202e+07,4.5806564e+07
2023-11-17,GAP,2.0,0.1990484,0.1989758,13.67,16.39,18.1381,16.06,17.85,6.9084584e+07,1.9261427e+08
2023-11-20,YPF,1.0,0.26281464,0.26281464,10.73,13.55,15.38,13.34,15.01,2.4596282e+07,2.360734e+07
2023-11-20,SUPV,2.0,0.23876834,0.2390244,2.05,2.54,2.61,2.305,2.54,2.576027e+06,1.5994612e+06
2023-11-20,CNTB,3.0,0.21463418,0.21463418,2.05,2.49,2.59,2.06,2.06,140018.0,1.0562194e+06
2023-11-20,BBAR,4.0,0.18369591,0.1836735,4.41,5.22,5.47,4.96,5.23,3.449587e+06,3.4881468e+06
2023-11-20,GGAL,5.0,0.182971,0.1832,12.5,14.79,15.81,14.5,14.65,4.654089e+06,1.33975e+07
2023-11-21,AIFF,1.0,0.16842103,0.16842103,2.85,3.33,4.9498,2.91,3.5,630812.0,1.0669316e+06
2023-11-22,BNKK,1.0,0.18371606,0.18371606,4.79,5.67,6.05,2.72,3.57,6.6329024e+07,3.69204e+08
2023-11-22,SHOT,2.0,0.18371606,0.18371606,4.79,5.67,6.05,2.72,3.57,6.6329024e+07,3.69204e+08
2023-11-27,IRS,1.0,0.15770316,0.15763545,8.12,9.4,9.43,8.9388,9.01,772740.0,1.603367e+06
2023-11-28,RNA,1.0,0.25324678,0.25324678,6.16,7.72,8.0,6.6,7.08,1.8875812e+07,4.0050655e+06
2023-11-28,ARIS,2.0,0.103412986,0.10355997,3.09,3.41,3.41,3.09,3.22,309157.0,1.166271e+06
2023-11-29,RDHL,1.0,0.3201754,0.3201754,2.28,3.01,3.28,2.45,2.88,9.638416e+07,3.5376067e+08
2023-11-29,BMEA,2.0,0.21931589,0.21931589,9.94,12.12,15.295,11.68,12.75,5.443719e+06,2.60758e+06
2023-11-29,GME,3.0,0.14825797,0.14825797,13.49,15.49,17.56,14.7,16.25,6.1172836e+07,1.9146282e+08
2023-11-30,CMND,1.0,0.48148143,0.48148143,4.05,6.0,6.48,3.15,3.5,6.396464e+06,8.664007e+06
2023-11-30,STRO,2.0,0.19480515,0.19480526,2.31,2.76,2.97,2.58,2.61,2.533498e+06,1.357908e+06
2023-11-30,VFS,3.0,0.14814818,0.14814818,7.56,8.68,9.3,8.27,8.45,1.9409108e+07,4.9495304e+07
2023-11-30,VBIO,4.0,0.11637926,0.11637926,2.32,2.59,3.2099,2.0318,2.17,1.411287e+06,1.131283e+06
2023-11-30,ADIL,5.0,0.107981205,0.107981086,2.13,2.36,2.69,2.0,2.19,486093.0,1.1530628e+06
2023-12-01,ALT,1.0,0.8164556,0.8164556,3.16,5.74,5.87,3.52,3.57,1.01190424e+08,1.9107724e+07
2023-12-01,SPRC,2.0,0.22919333,0.22919345,7.81,9.6,9.8,7.96,7.96,530904.0,3.9295155e+06
2023-12-01,CMND,3.0,0.20857143,0.20857143,3.5,4.23,5.15,3.8,4.14,1.0843399e+07,2.2387624e+07
2023-12-01,PATH,4.0,0.14423084,0.14423084,19.76,22.61,25.47,22.13,25.04,5.3677044e+07,4.3281997e+08
2023-12-01,FEBO,5.0,0.13963962,0.13963962,4.44,5.06,5.45,4.44,5.01,1.67597e+06,4.5942945e+06
2023-12-04,EYPT,1.0,2.3282905,2.3282905,6.61,22.0,22.44,17.31,18.34,2.0831338e+07,7.837279e+06
2023-12-04,CLSK,2.0,0.15575922,0.15575922,7.64,8.83,9.37,8.12,8.87,4.482748e+07,4.3836755e+08
2023-12-04,ALT,3.0,0.14845943,0.14845943,3.57,4.1,5.37,4.06,4.63,5.298507e+07,3.612498e+08
2023-12-04,BNKK,4.0,0.1216495,0.1216495,4.85,5.44,6.43,5.03,5.6,1.8611132e+07,4.9323656e+07
2023-12-04,SHOT,5.0,0.1216495,0.1216495,4.85,5.44,6.43,5.03,5.6,1.8611132e+07,4.9323656e+07
2023-12-05,CMND,1.0,0.5300261,0.5300262,3.83,5.86,6.8,4.33,4.37,4.035883e+07,4.5251795e+06
2023-12-05,TVTX,2.0,0.1685214,0.1685214,6.29,7.35,8.27,7.31,7.4,6.106987e+06,6.4524265e+06
2023-12-05,GYRE,3.0,0.12079704,0.12079704,16.06,18.0,19.4332,17.4,17.68,162370.0,6.2865905e+06
2023-12-06,WBUY,1.0,0.25210083,0.25210083,5.95,7.45,14.3,2.1,2.33,1.1325462e+07,2.5489145e+06
2023-12-06,PHR,2.0,0.23118639,0.23118639,14.75,18.16,19.035,17.38,17.88,2.875386e+06,2.7950984e+07
2023-12-06,S,3.0,0.14399993,0.14399993,20.0,22.88,24.39,22.3,23.32,2.5909036e+07,2.5475293e+08
2023-12-06,ALT,4.0,0.104448676,0.104448676,5.17,5.71,7.615,5.53,6.88,5.5072704e+07,1.0098767e+08
2023-12-07,WBUY,1.0,0.2832619,0.2832619,2.33,2.99,3.18,1.22,1.46,1.316261e+07,2.6388326e+07
2023-12-07,ASLE,2.0,0.15649116,0.15649116,14.25,16.48,16.6899,14.92,14.95,1.310106e+06,3.857988e+06
2023-12-07,JBLU,3.0,0.12050748,0.12050748,4.73,5.3,5.5,5.15,5.45,3.986916e+07,6.7403384e+07
2023-12-07,SMTC,4.0,0.10778439,0.10778439,16.7,18.5,20.48,18.03,19.42,9.463077e+06,6.13873e+07
2023-12-08,MBI,1.0,0.6952468,0.695122,7.38,12.51,13.5081,11.77,13.42,1.1521081e+07,9.512997e+06
2023-12-08,SOAR,2.0,0.33097184,0.3309734,5.65,7.52,8.0,6.08,6.98,3.298029e+06,1.326959e+06
2023-12-08,CURV,3.0,0.2650602,0.2650602,4.15,5.25,5.9319,4.5,4.84,1.759405e+06,1.01059556e+06
2023-12-08,MOMO,4.0,0.110948086,0.111111164,6.57,7.3,7.6799,6.8603,7.2,4.684646e+06,8.492284e+06
2023-12-08,ALXO,5.0,0.104864836,0.104864836,9.25,10.22,13.5,10.15,12.26,3.850931e+06,4.0419448e+06
2023-12-11,M,1.0,0.14635718,0.14663601,17.39,19.94,21.24,19.52,20.77,6.758464e+07,2.0760651e+08
2023-12-11,QXO,2.0,0.13664067,0.1365689,8.86,10.07,11.4821,9.12,10.88,2.99177e+06,3.0648955e+06
2023-12-11,CDT,3.0,0.12427187,0.12427187,5.15,5.79,6.26,5.2,5.9,547143.0,8.0286595e+06
2023-12-13,CCCC,1.0,0.35897446,0.35897446,2.34,3.18,6.03,3.16,5.51,2.2585189e+08,4.2129008e+08
2023-12-13,QXO,2.0,0.14732361,0.14736843,9.5,10.9,10.9,9.61,9.91,371577.0,6.69123e+06
2023-12-13,LFMD,3.0,0.11728394,0.11728394,8.1,9.05,9.11,7.2101,7.58,2.566166e+06,4.163943e+06
2023-12-14,GOTU,1.0,0.17344165,0.17344165,3.69,4.33,4.77,4.05,4.77,2.7865808e+07,7.795805e+07
2023-12-14,ALEC,2.0,0.14144921,0.14144921,6.9,7.876,8.3999,7.56,8.0,2.096691e+06,6.041012e+06
2023-12-14,GFI,3.0,0.1076808,0.10772359,14.76,16.35,16.73,15.98,16.32,1.0634513e+07,7.966958e+07
2023-12-14,CDXS,4.0,0.10047853,0.10047853,2.09,2.3,3.02,2.3,2.95,5.95757e+06,2.697935e+06
2023-12-15,CCCC,1.0,0.11377239,0.11377239,5.01,5.58,6.42,4.89,4.95,8.539391e+07,8.158941e+08
2023-12-18,ARQT,1.0,0.2540983,0.2540983,2.44,3.06,3.4295,2.46,2.54,4.5228e+07,3.1309846e+07
2023-12-19,ALDX,1.0,0.16216218,0.16216218,2.96,3.44,3.58,3.055,3.51,1.0765573e+07,3.3413398e+06
2023-12-20,NEON,1.0,0.1622808,0.1622808,2.28,2.65,2.65,1.97,2.035,249037.0,1.1294208e+06
2023-12-20,YHC,2.0,0.14503813,0.14503813,3.93,4.5,5.14,3.69,4.36,6.727216e+06,5.96541e+06
2023-12-20,VRCA,3.0,0.10251796,0.10251796,5.56,6.13,6.2199,5.56,5.63,967377.0,6.5859755e+06
2023-12-21,MSAI,1.0,0.94274807,0.9427482,2.62,5.09,14.0,4.59,4.94,1.5254438e+07,4.339794e+06
2023-12-21,SFWL,2.0,0.23966944,0.23966932,3.63,4.5,5.1,2.45,3.32,1.0521396e+07,9.176027e+06
2023-12-21,MGTX,3.0,0.18533611,0.18533611,4.91,5.82,6.59,5.71,6.51,2.42127e+06,1.5952934e+06
2023-12-21,ABAT,4.0,0.15819216,0.15819216,5.31,6.15,6.15,5.5,5.62,953912.0,5.196759e+06
2023-12-21,TRON,5.0,0.1401869,0.1401869,2.14,2.44,2.51,2.08,2.12,93375.0,1.1394538e+06
2023-12-22,AISP,1.0,0.15562403,0.15562403,6.49,7.5,7.71,3.89,4.25,1.372062e+06,2.1880255e+06
2023-12-22,RKLB,2.0,0.14898431,0.14898431,4.43,5.09,5.76,4.94,5.44,5.1904988e+07,3.9570708e+07
2023-12-27,CHRS,1.0,0.3761468,0.3761468,2.18,3.0,3.05,2.56,2.69,5.447663e+07,3.1988206e+07
2023-12-27,CIFR,2.0,0.12449801,0.12449801,4.98,5.6,5.6,5.06,5.27,2.75155e+07,1.5183739e+08
2023-12-27,WULF,3.0,0.11711717,0.11711717,2.22,2.48,2.9,2.43,2.88,5.2540636e+07,5.415738e+07
2023-12-27,PMVP,4.0,0.11038971,0.11038971,3.08,3.42,3.437,3.13,3.26,505705.0,1.1584341e+06
2023-12-27,EWTX,5.0,0.102941155,0.102941155,9.52,10.5,12.3999,10.2,12.1,2.113084e+06,3.6262348e+06
2023-12-28,CING,1.0,1.5062656,1.5062656,3.99,10.0,12.7,8.11,9.82,2.6709908e+07,2.301412e+08
2023-12-28,BBLG,2.0,0.2688173,0.2688172,4.65,5.9,10.56,5.03,6.0,7.708381e+06,8.153947e+06
2023-12-29,GRFS,1.0,0.1082927,0.10836494,10.52,11.66,12.1499,11.44,11.56,2.654998e+06,5.5741695e+06
2024-01-02,WULF,1.0,0.2208333,0.2208333,2.4,2.93,2.94,2.23,2.3,3.7024036e+07,1.3288756e+08
2024-01-02,ARBK,2.0,0.18181813,0.18181825,3.74,4.42,4.45,3.28,3.35,2.87383e+06,1.3269198e+07
2024-01-02,ANY,3.0,0.1536144,0.1536144,3.32,3.83,3.91,3.2302,3.34,2.625338e+06,1.3365297e+07
2024-01-02,CLSK,4.0,0.14233005,0.14233005,11.03,12.5999,12.5999,10.75,10.88,2.4954602e+07,3.9652483e+08
2024-01-02,BTBT,5.0,0.14184391,0.14184391,4.23,4.83,4.8492,3.76,3.81,1.7879388e+07,1.0631558e+08
2024-01-03,NTRP,1.0,0.6172414,0.6172414,2.9,4.69,5.7,3.75,4.0,1.4056817e+07,5.3160455e+06
2024-01-03,DYN,2.0,0.37825418,0.37825418,13.06,18.0,18.7272,12.33,14.77,2.0947772e+07,1.5276583e+07
2024-01-03,UK,3.0,0.1358025,0.13580239,4.05,4.6,6.46,4.16,4.54,827936.0,1.1842808e+06
2024-01-03,HLP,4.0,0.13133633,0.13133633,2.17,2.455,3.42,2.431,3.37,2.851692e+06,2.7726155e+06
2024-01-03,SIDU,5.0,0.11764705,0.11764705,6.97,7.79,13.48,7.2201,11.64,1.5115847e+07,5.1831705e+06
2024-01-04,NEXR,1.0,0.352381,0.352381,3.15,4.26,5.29,3.33,3.84,8.616265e+06,2.5238272e+06
2024-01-04,PAAI,2.0,0.19138765,0.19138765,2.09,2.49,2.81,2.37,2.59,1.855461e+06,2.9602382e+06
2024-01-04,QS,3.0,0.100000024,0.100000024,6.5,7.15,10.03,7.045,9.3,1.1002443e+08,4.0588956e+07
2024-01-05,AXGN,1.0,0.10074067,0.10074067,6.75,7.43,8.74,7.3388,8.55,1.417173e+06,1.3932742e+06
2024-01-08,ACON,1.0,1.1470587,1.147059,3.06,6.57,6.75,3.22,3.6,2.584286e+07,1.2110513e+07
2024-01-08,DOGZ,2.0,0.2990867,0.2990867,4.38,5.69,5.78,4.44,5.19,203533.0,6.450238e+06
2024-01-08,CLRB,3.0,0.15129149,0.15129149,2.71,3.12,3.59,2.92,3.2,3.1007734e+07,5.9707235e+06
2024-01-08,YHC,4.0,0.12698448,0.12698412,4.41,4.97,5.2,3.9531,4.08,892081.0,2.5183745e+06
2024-01-08,BLNK,5.0,0.12056744,0.12056744,2.82,3.16,3.24,2.98,3.03,1.8333496e+07,1.736644e+07
2024-01-09,OPRX,1.0,0.17290425,0.17290425,13.36,15.67,15.83,14.71,15.21,325045.0,1.0824405e+06
2024-01-10,XERS,1.0,0.1535269,0.1535269,2.41,2.78,2.81,2.62,2.8,1.1397637e+07,3.4430395e+06
2024-01-10,PENG,2.0,0.13535464,0.13535464,18.47,20.97,21.76,20.27,20.38,4.541933e+06,1.6642319e+07
2024-01-10,GDRX,3.0,0.124343276,0.124343276,5.71,6.42,6.68,6.16,6.47,7.810919e+06,8.581062e+06
2024-01-11,WULF,1.0,0.15094352,0.15094352,2.12,2.44,2.46,1.84,1.92,4.192449e+07,5.021749e+07
2024-01-11,CAN,2.0,0.1401869,0.1401869,2.14,2.44,2.63,2.0602,2.13,5.0691348e+07,3.024341e+07
2024-01-11,BTDR,3.0,0.12434554,0.12434554,7.64,8.59,8.8,6.82,7.19,2.713427e+06,1.4114273e+07
2024-01-11,BTBT,4.0,0.12138736,0.12138736,3.46,3.88,3.9,3.13,3.16,1.7455416e+07,3.318587e+07
2024-01-11,MPU,5.0,0.11415529,0.11415529,2.19,2.44,2.97,2.3,2.83,1.767185e+06,1.203451e+06
2024-01-12,ROMA,1.0,0.16336632,0.16336632,4.04,4.7,4.9,3.76,4.03,4.884115e+06,1.6329957e+08
2024-01-12,MDAI,2.0,0.16078436,0.16078436,2.55,2.96,3.7,2.47,2.62,2.4211156e+07,2.4916635e+06
2024-01-16,MCHB,1.0,0.2681719,0.26815224,10.77,13.658,15.82,13.65,14.87,5.538021e+06,2.107786e+06
2024-01-16,PCT,2.0,0.13333333,0.13333333,2.4,2.72,3.19,2.56,2.92,9.79763e+06,1.1045427e+07
2024-01-16,LAES,3.0,0.13274336,0.13274336,2.26,2.56,3.27,2.45,2.6,5.2926492e+07,3.4178124e+07
2024-01-16,WKEY,4.0,0.120622635,0.120622635,2.57,2.88,3.0,2.7,2.83,498620.0,1.1380525e+06
2024-01-17,HERE,1.0,0.14803505,0.14801443,2.77,3.18,3.2899,2.89,3.04,415101.0,2.6325138e+06
2024-01-18,RNAZ,1.0,0.1574074,0.1574074,2.16,2.5,2.52,0.9711,1.09,3.60175e+06,1.6549812e+06
2024-01-18,LXEO,2.0,0.12925565,0.12925565,17.33,19.57,22.33,14.01,15.07,429760.0,1.5561994e+06
2024-01-19,EWTX,1.0,0.27038193,0.27038193,9.69,12.31,13.75,11.91,13.04,8.022421e+06,9.738353e+06
2024-01-22,DJTWW,1.0,0.26181817,0.26181817,11.0,13.88,18.7,12.96,18.5,1.5192e+06,4.199063e+06
2024-01-22,BFRG,2.0,0.1758691,0.1758691,4.89,5.75,7.67,5.58,6.71,2.7913548e+07,1.886938e+08
2024-01-22,RUM,3.0,0.1197772,0.1197772,3.59,4.02,4.97,3.8,4.89,2.3671712e+07,6.5233745e+06
2024-01-22,CHRS,4.0,0.118852496,0.118852496,2.44,2.73,2.97,2.46,2.58,2.2507776e+07,1.6957298e+07
2024-01-23,RVSN,1.0,0.3777778,0.3777777,2.25,3.1,9.235,3.0,6.65,1.07394e+08,8.07787e+07
2024-01-23,RUM,2.0,0.22290397,0.22290397,4.89,5.98,7.0199,5.13,6.5,8.995792e+07,1.1575467e+08
2024-01-23,PLUG,3.0,0.18309855,0.18309855,2.84,3.36,3.82,3.12,3.72,1.587758e+08,1.8613507e+08
2024-01-23,GDS,4.0,0.10769236,0.10769236,5.85,6.48,6.88,6.12,6.36,4.015865e+06,1.6444543e+07
2024-01-24,EVAX,1.0,0.86973953,0.86973953,4.99,9.33,13.61,8.3501,10.65,3.2953944e+07,6.292295e+06
2024-01-24,KURA,2.0,0.3710879,0.3710879,13.42,18.4,21.4,17.81,19.61,1.6113821e+07,1.0709844e+07
2024-01-24,TAL,3.0,0.11937547,0.11937547,10.89,12.19,12.655,11.21,11.3,1.012868e+07,7.080877e+07
2024-01-25,VERA,1.0,0.307873,0.307873,17.02,22.26,26.6657,20.48,25.31,1.1509158e+07,1.6290847e+07
2024-01-25,AMSC,2.0,0.2892307,0.2892307,9.75,12.57,13.8,11.0,13.25,1.3227916e+07,5.2976235e+06
2024-01-25,IKT,3.0,0.11824322,0.11824322,2.96,3.31,3.82,2.2651,2.46,1.068435e+06,1.6799244e+06
2024-01-25,BFRG,4.0,0.10270262,0.10270262,7.4,8.16,8.35,6.5,6.63,1.678887e+06,2.2941636e+07
2024-01-26,CRBP,1.0,0.99170625,0.99170625,8.44,16.81,39.9597,16.25,29.49,3.3290728e+07,1.01395625e+06
2024-01-26,EHTH,2.0,0.141577,0.141577,5.58,6.37,7.18,6.23,6.74,1.994575e+06,2.275948e+06
2024-01-26,AXG,3.0,0.12578619,0.12578619,4.77,5.37,5.99,4.86,5.92,280283.0,4.4344925e+06
2024-01-26,PRCH,4.0,0.12554109,0.12554109,2.31,2.6,2.93,2.33,2.35,4.603588e+06,1.3942281e+06
2024-01-26,IKT,5.0,0.117886186,0.117886186,2.46,2.75,3.48,2.67,2.96,755178.0,2.6283502e+06
2024-01-29,MDAI,1.0,0.36531365,0.36531365,2.71,3.7,3.7205,2.61,2.65,1.3446829e+07,1.6639975e+07
2024-01-29,JL,2.0,0.29352808,0.29353237,10.05,13.0,16.0,7.77,11.36,569914.0,4.826151e+06
2024-01-29,CDLX,3.0,0.22703648,0.22703636,5.77,7.08,7.87,6.7,7.19,6.261423e+06,2.1115142e+06
2024-01-29,SOFI,4.0,0.15748024,0.15748024,7.62,8.82,9.45,8.62,9.16,2.8638093e+08,5.529526e+08
2024-01-29,ZIM,5.0,0.115151525,0.11532736,13.44,14.99,15.0397,13.8,14.45,1.766689e+07,1.0872838e+08
2024-01-30,RVSN,1.0,0.22532332,0.22532344,14.69,18.0,23.37,13.3,14.98,2.342599e+07,4.6731197e+08
2024-01-30,CRBP,2.0,0.12835658,0.12835658,18.62,21.01,26.27,19.34,25.16,2.064027e+06,6.404191e+07
2024-01-31,REVB,1.0,0.14716983,0.14716983,7.95,9.12,11.9,7.6041,8.8,2.024879e+06,3.4807405e+06
2024-01-31,NYXH,2.0,0.10442257,0.10442257,8.14,8.99,11.32,8.5601,10.82,182638.0,1.7324689e+06
2024-02-01,PLUG,1.0,0.11910117,0.11910117,4.45,4.98,5.14,4.42,4.7,1.1111218e+08,5.796098e+08
2024-02-02,CCTG,1.0,0.48205125,0.48205125,3.9,5.78,5.9,4.2,5.17,7.85122e+06,2.404843e+07
2024-02-05,WRAP,1.0,0.7181374,0.7181374,4.08,7.01,7.01,3.68,3.97,2.083137e+06,3.1594908e+06
2024-02-05,FDMT,2.0,0.7181246,0.7181246,17.49,30.05,35.6134,28.7501,32.29,1.963765e+07,1.6282875e+07
2024-02-05,GHM,3.0,0.14711833,0.14711833,19.78,22.69,23.5,20.71,21.96,181514.0,1.1737056e+06
2024-02-05,BRTX,4.0,0.14642847,0.14642859,2.8,3.21,3.6699,2.6301,3.45,1.8867352e+07,3.0198195e+06
2024-02-05,LUCK,5.0,0.11889398,0.11896539,11.6,12.98,13.85,12.05,13.43,5.12151e+06,6.198488e+07
2024-02-06,PLTR,1.0,0.21411479,0.21411479,16.72,20.3,22.18,19.76,21.87,4.212715e+08,2.8039163e+09
2024-02-06,AUDC,2.0,0.1092211,0.109285116,12.17,13.5,14.29,13.04,13.9,512275.0,2.4504295e+06
2024-02-07,JSPR,1.0,0.1416049,0.1416049,14.83,16.93,17.99,15.5,17.5,474138.0,6.058589e+06
2024-02-07,SONO,2.0,0.11239374,0.11239374,16.46,18.31,19.45,17.98,19.28,1.03138e+07,4.5823388e+07
2024-02-08,CCTG,1.0,1.2432432,1.2432432,2.59,5.81,6.94,4.3,4.75,1.781772e+07,1.7903659e+06
2024-02-08,OSCR,2.0,0.29977632,0.29977632,13.41,17.43,17.55,15.91,16.68,1.2698308e+07,5.5244948e+07
2024-02-08,MLYS,3.0,0.16279066,0.16279066,12.47,14.5,15.3,13.96,14.03,1.40124e+06,2.1790702e+06
2024-02-08,REPL,4.0,0.14555252,0.14555252,7.42,8.5,8.5,7.515,7.72,1.469315e+06,8.488703e+06
2024-02-08,TNYA,5.0,0.13348424,0.13348424,4.42,5.01,5.74,4.63,5.13,1.938023e+06,1.5233354e+06
2024-02-09,CLSK,1.0,0.24000001,0.24000001,10.5,13.02,14.59,11.95,13.95,8.922802e+07,3.8191734e+08
2024-02-09,CIFR,2.0,0.13793099,0.13793099,2.9,3.3,3.44,3.0701,3.35,1.2150699e+07,1.9216442e+07
2024-02-09,IREN,3.0,0.13529408,0.13529408,5.1,5.79,6.045,5.5,5.94,1.4629793e+07,5.298756e+07
2024-02-09,VIP,4.0,0.12471664,0.12471664,4.41,4.96,5.0557,4.45,4.76,790950.0,3.6333858e+06
2024-02-09,BGDE,5.0,0.1090225,0.1090225,2.66,2.95,2.96,2.625,2.73,1.292203e+06,2.5582498e+06
2024-02-12,LUNR,1.0,0.230461,0.230461,4.99,6.14,6.82,5.02,5.3,1.8753828e+07,4.4858784e+07
2024-02-12,ASYS,2.0,0.10465109,0.10465109,3.44,3.8,4.48,3.78,4.32,448314.0,2.2093675e+06
2024-02-13,BMR,1.0,0.82010055,0.82010055,9.95,18.11,21.7,13.0,14.06,4.796585e+07,1.5416329e+09
2024-02-13,JBLU,2.0,0.12026358,0.12026358,6.07,6.8,7.4,6.65,7.38,6.361005e+07,1.1343789e+08
2024-02-13,GTM,3.0,0.109862685,0.109862685,16.02,17.78,18.475,16.4902,18.32,3.506427e+07,2.8175104e+08
2024-02-13,MGIH,4.0,0.10610938,0.10610938,3.11,3.44,3.9,2.42,2.67,3.930864e+06,2.7189066e+08
2024-02-14,COGT,1.0,0.5659889,0.5659889,5.46,8.5503,9.4148,7.95,8.7,1.0747799e+07,5.6133005e+06
2024-02-14,HCSG,2.0,0.257928,0.257928,9.46,11.9,12.115,10.6596,12.03,1.77601e+06,8.1514265e+06
2024-02-14,SNTG,3.0,0.25110126,0.25110126,2.27,2.84,3.74,2.3,2.67,3.610398e+06,4.1836758e+06
2024-02-14,LRMR,4.0,0.24027467,0.24027467,8.74,10.84,12.9191,10.33,11.96,6.092399e+06,1.0744895e+07
2024-02-14,LYFT,5.0,0.2349546,0.2349546,12.13,14.98,16.77,14.9,16.39,1.0931055e+08,8.1328934e+08
2024-02-15,NNOX,1.0,0.9559747,0.9559747,6.36,12.44,12.7,9.19,9.5,4.7077344e+07,2.2816132e+07
2024-02-15,SOUN,2.0,0.7782705,0.7782705,2.255,4.01,4.06,3.11,3.76,2.9828944e+08,8.649921e+07
2024-02-15,DJTWW,3.0,0.36768448,0.36768448,15.72,21.5,21.5,18.0,19.85,750570.0,1.4208994e+06
2024-02-15,ENGNW,4.0,0.3241378,0.3241378,2.9,3.84,3.84,2.8,2.95,119152.0,2.529702e+06
2024-02-15,PLCE,5.0,0.28005505,0.28005505,14.515,18.58,38.03,18.39,26.29,1.703155e+07,5.151674e+07
2024-02-16,WAFU,1.0,0.17040348,0.17040348,2.23,2.61,2.8498,1.94,2.17,3.523061e+06,6.553785e+06
2024-02-16,LUNR,2.0,0.1686567,0.1686567,6.7,7.83,8.73,7.1701,7.32,1.5558157e+07,1.5408038e+08
2024-02-16,BMR,3.0,0.16499996,0.16499996,10.0,11.65,15.7,10.0,13.57,2.340536e+07,9.448305e+07
2024-02-16,BLZE,4.0,0.12883437,0.12883437,8.15,9.2,11.83,9.0,11.83,3.695824e+06,2.8974062e+06
2024-02-16,SXTC,5.0,0.12844038,0.12844038,2.18,2.46,2.55,2.08,2.215,2.566981e+06,1.1500656e+06
2024-02-20,SCNX,1.0,1.3270373,1.3267975,4.59,10.68,13.9,7.6,9.09,1.2436449e+07,2.720057e+06
2024-02-20,MNY,2.0,0.54285717,0.54285717,2.1,3.24,3.46,2.58,3.06,1.5003748e+07,1.7619346e+07
2024-02-20,LUNR,3.0,0.296448,0.296448,7.32,9.49,12.05,8.77,10.99,6.4341116e+07,1.1388571e+08
2024-02-20,IOVA,4.0,0.273224,0.273224,9.15,11.65,13.41,11.31,12.03,5.8801e+07,1.6166011e+08
2024-02-20,CPOP,5.0,0.13962269,0.13962257,2.65,3.02,9.4,2.61,7.19,7.069454e+07,1.140721e+08
2024-02-21,LUNR,1.0,0.17288446,0.17288446,10.99,12.89,13.25,8.0,9.32,3.6044416e+07,7.0710886e+08
2024-02-21,NEO,2.0,0.11564624,0.11564624,14.7,16.4,16.5,15.09,16.48,4.09529e+06,1.8659592e+07
2024-02-22,SOUNW,1.0,0.3129102,0.3129102,2.285,3.0,3.1,2.3,2.65,1.478671e+06,3.6014412e+06
2024-02-22,RELY,2.0,0.24646688,0.24646688,17.69,22.05,22.08,20.1503,20.87,5.912362e+06,3.3227836e+07
2024-02-22,RILY,3.0,0.22693098,0.22697365,15.2,18.65,19.8899,16.3,16.55,4.350256e+06,2.3677192e+07
2024-02-22,OCUL,4.0,0.20744681,0.20744681,7.52,9.08,9.91,8.83,9.7,1.1046587e+07,1.2546767e+07
2024-02-22,WETH,5.0,0.17372167,0.17377043,3.05,3.58,4.75,3.41,4.0,645053.0,1.7546161e+06
2024-02-23,LUNR,1.0,0.4009663,0.4009663,8.28,11.6,11.85,9.34,9.59,9.881287e+07,3.2987578e+08
2024-02-23,AXTI,2.0,0.385965,0.385965,2.28,3.16,4.85,3.15,3.86,1.0310562e+08,1.2577369e+06
2024-02-23,MRVI,3.0,0.36007822,0.36007822,5.11,6.95,8.62,6.77,8.36,2.5865152e+07,1.4438188e+07
2024-02-23,LOT,4.0,0.33160615,0.33160615,13.51,17.99,17.99,10.12,13.8,192934.0,1.4527844e+06
2024-02-23,FLNC,5.0,0.12801361,0.12801361,14.725,16.61,16.66,14.205,14.41,5.794918e+06,2.7127142e+08
2024-02-26,IBRX,1.0,0.15999997,0.15999997,3.5,4.06,4.49,3.75,4.19,1.0418948e+07,5.4405856e+07
2024-02-26,ALT,2.0,0.13586962,0.13586962,9.2,10.45,11.97,10.09,11.32,1.76593e+07,2.6998632e+07
2024-02-26,ALVO,3.0,0.11353707,0.11353707,16.03,17.85,18.0,17.02,17.27,1.819147e+06,1.1483107e+07
2024-02-26,WEAV,4.0,0.105263114,0.105263114,10.64,11.76,12.884,11.47,12.74,1.165287e+06,7.6071215e+06
2024-02-27,JANX,1.0,1.3701987,1.3701987,15.1,35.79,52.0,34.25,49.75,1.5491597e+07,1.1501746e+07
2024-02-27,IFBD,2.0,1.134058,1.134058,2.76,5.89,6.83,1.04,1.28,5.5512932e+07,2.2621622e+06
2024-02-27,SOUN,3.0,0.23826087,0.23826087,5.75,7.12,7.9094,6.5,6.86,3.0133014e+08,1.2241972e+09
2024-02-27,PUBM,4.0,0.23657215,0.23657215,16.57,20.49,21.8299,19.1,20.48,3.941153e+06,1.5257904e+07
2024-02-27,PYXS,5.0,0.23012555,0.23012555,4.78,5.88,6.85,5.0568,6.37,5.352048e+06,3.0306252e+06
2024-02-28,BYND,1.0,0.50265956,0.50265956,7.52,11.3,12.1199,9.62,9.83,4.476819e+07,1.18140216e+08
2024-02-28,BAND,2.0,0.4576131,0.4576131,12.15,17.71,18.89,16.47,18.44,2.994468e+06,8.873716e+06
2024-02-28,LTH,3.0,0.27053142,0.27053142,12.42,15.78,15.788,13.29,13.71,4.242021e+06,2.0430378e+07
2024-02-28,LFST,4.0,0.20298517,0.20298517,6.7,8.06,9.2,7.81,8.71,1.1525238e+07,8.342076e+06
2024-02-28,RVLV,5.0,0.20182967,0.20182967,17.49,21.02,21.51,19.69,21.35,5.855761e+06,5.185832e+07
2024-02-29,JL,1.0,1.0547523,1.0546875,12.8,26.3,27.01,1.72,2.0,1.7690382e+07,6.4240385e+06
2024-02-29,PLCE,2.0,0.28958333,0.28958333,19.2,24.76,25.5,19.2,19.24,1.518444e+06,8.809556e+06
2024-02-29,RVSN,3.0,0.2827586,0.2827586,2.9,3.72,3.94,2.77,2.86,1.6405101e+07,2.116249e+06
2024-02-29,SIDU,4.0,0.2280072,0.2280072,5.57,6.84,10.1485,6.35,8.98,3.596087e+07,3.870298e+06
2024-02-29,RNA,5.0,0.19986892,0.19986892,15.26,18.31,19.46,17.71,18.3,3.963878e+06,1.2900133e+07
2024-03-01,ADIL,1.0,0.5337255,0.5338235,2.04,3.129,4.1699,2.7,3.26,7.8280136e+07,5.882553e+07
2024-03-01,SG,2.0,0.24843013,0.24843013,12.74,15.905,17.2,15.38,16.36,1.0039353e+07,6.298996e+07
2024-03-01,PLGO,3.0,0.2435714,0.24398398,14.96,18.61,18.61,16.51,16.91,1.562837e+06,8.2696935e+06
2024-03-01,NVTS,4.0,0.19218242,0.19218242,6.14,7.32,7.4,5.555,5.66,1.3591932e+07,4.1992572e+07
2024-03-01,OPRA,5.0,0.15285456,0.15353036,12.18,14.05,15.0,13.52,14.1,3.927942e+06,2.9797006e+07
2024-03-04,FUFU,1.0,0.92633224,0.92633224,6.38,12.29,18.32,11.9,13.13,7.585689e+06,1.3229951e+06
2024-03-04,PHUN,2.0,0.20338988,0.20338988,7.08,8.52,16.8899,8.515,12.41,6.9315096e+07,9.190081e+06
2024-03-04,SMR,3.0,0.18840575,0.18840575,3.45,4.1,4.24,3.55,3.9,5.962329e+06,7.6582655e+06
2024-03-04,BBAI,4.0,0.1849711,0.1849711,3.46,4.1,4.795,4.02,4.33,6.750414e+07,1.612128e+08
2024-03-04,AQST,5.0,0.16037738,0.16037738,4.24,4.92,4.96,4.0,4.18,5.36396e+06,1.5708338e+07
2024-03-05,PHUN,1.0,0.28847706,0.28847706,12.41,15.99,17.99,13.06,14.72,2.6248072e+07,8.602003e+08
2024-03-05,PAY,2.0,0.19021404,0.19021404,16.35,19.46,21.02,18.8,19.65,2.500467e+06,1.7860708e+07
2024-03-05,DSP,3.0,0.14379084,0.14379084,9.18,10.5,10.9,9.26,9.78,553664.0,2.5546105e+06
2024-03-05,COCH,4.0,0.100000024,0.100000024,8.7,9.57,9.92,8.0,9.24,740109.0,2.2197432e+07
2024-03-05,PPTA,5.0,0.100000024,0.100000024,3.5,3.85,3.94,3.6781,3.7,239168.0,1.6152955e+06
2024-03-06,AISP,1.0,0.80404055,0.80404055,4.95,8.93,9.3158,6.28,6.92,6.797906e+07,1.0771378e+09
2024-03-06,IFBD,2.0,0.25430214,0.25430214,5.23,6.56,8.4,5.75,7.63,9.686586e+06,3.5454222e+06
2024-03-06,HIPO,3.0,0.24343014,0.24343014,14.46,17.98,19.72,14.22,19.39,1.246384e+06,3.7897925e+06
2024-03-06,STRC,4.0,0.16468596,0.16417909,2.01,2.34,3.25,1.78,1.96,4.584054e+06,2.5290685e+06
2024-03-06,PDYN,5.0,0.16417909,0.16417909,2.01,2.34,3.25,1.78,1.96,4.584054e+06,2.5290685e+06
2024-03-07,CELZ,1.0,0.6743696,0.6743696,4.76,7.97,10.2812,5.68,6.3,7.930407e+06,1.6996894e+07
2024-03-07,HNST,2.0,0.33650792,0.33650792,3.15,4.21,4.89,3.2355,3.93,8.207482e+06,8.907192e+06
2024-03-07,RSI,3.0,0.32838595,0.32838595,5.39,7.16,7.31,5.97,6.26,8.025259e+06,7.7541075e+06
2024-03-07,YEXT,4.0,0.25671136,0.25671136,5.96,7.49,7.53,5.99,6.45,3.757627e+06,8.44088e+06
2024-03-07,OSPN,5.0,0.2526399,0.2526096,9.58,12.0,12.4,11.04,11.79,2.988044e+06,3.817994e+06
2024-03-08,PRCH,1.0,0.25401938,0.25401938,3.11,3.9,3.98,3.135,3.66,1.3463258e+07,7.827708e+06
2024-03-08,GRFS,2.0,0.17812729,0.17825317,5.61,6.61,7.02,6.51,7.0,5.078165e+06,2.6882318e+07
2024-03-08,FNKO,3.0,0.16304338,0.16304338,6.44,7.49,7.49,6.75,6.86,1.392534e+06,5.274708e+06
2024-03-08,SOUNW,4.0,0.1401869,0.1401869,2.675,3.05,3.15,2.68,3.0,524967.0,1.0848569e+06
2024-03-08,SWBI,5.0,0.1204319,0.12053573,13.44,15.06,17.46,14.94,17.39,4.411561e+06,6.7214515e+06
2024-03-11,RVSN,1.0,0.26855123,0.26855123,2.83,3.59,4.2299,2.94,3.02,3.3372264e+07,1.407231e+07
2024-03-11,AUUD,2.0,0.20196092,0.20195448,3.07,3.69,3.7499,2.96,3.17,4.462888e+06,2.8694615e+06
2024-03-11,GDS,3.0,0.1840874,0.1840874,6.41,7.59,8.55,7.545,7.82,5.049885e+06,5.4875945e+06
2024-03-11,LENZ,4.0,0.121130586,0.121019006,3.14,3.52,4.26,3.41,3.73,4.923541e+06,1.3488185e+06
2024-03-11,KC,5.0,0.11895907,0.11895907,2.69,3.01,3.63,3.01,3.46,6.546142e+06,3.089613e+06
2024-03-12,SGLY,1.0,0.29354835,0.29354846,3.1,4.01,6.38,3.76,4.16,2.3729174e+07,2.6382115e+06
2024-03-12,PACK,2.0,0.28146458,0.28146458,4.37,5.6,7.23,5.52,6.63,8.729159e+06,2.5217958e+06
2024-03-12,HRTG,3.0,0.23776233,0.23776233,7.15,8.85,9.12,8.0,8.95,1.858263e+06,3.189186e+06
2024-03-12,GUTS,4.0,0.13619173,0.13619173,7.93,9.01,9.04,6.585,7.11,1.863397e+06,2.519361e+06
2024-03-12,RYDE,5.0,0.12135172,0.12135172,6.51,7.3,8.12,6.1854,6.45,515883.0,3.0486395e+06
2024-03-13,SKIN,1.0,0.27298057,0.27298057,3.59,4.57,5.17,4.245,4.25,1.9634716e+07,1.273592e+07
2024-03-13,HRTX,2.0,0.1864407,0.1864407,2.36,2.8,3.22,2.59,3.01,1.7854784e+07,7.971518e+06
2024-03-13,TH,3.0,0.17330217,0.17330217,8.54,10.02,10.24,8.54,8.67,1.540667e+06,4.7536285e+06
2024-03-13,ANNX,4.0,0.14814806,0.14814806,4.59,5.27,6.05,5.04,5.77,4.729476e+06,2.902528e+06
2024-03-13,HCM,5.0,0.13288426,0.13288426,16.33,18.5,19.4,18.25,18.56,633707.0,3.3849802e+06
2024-03-14,TBCH,1.0,0.27833188,0.27833188,11.03,14.1,14.99,13.57,13.95,3.608769e+06,5.310658e+06
2024-03-14,SOUNW,2.0,0.24336278,0.24336278,4.52,5.62,5.98,4.32,5.12,1.124164e+06,4.7384515e+06
2024-03-14,CCTG,3.0,0.23283577,0.23283589,3.35,4.13,4.72,3.13,3.3,1.6165606e+07,2.646252e+06
2024-03-14,LAC,4.0,0.19197202,0.19197202,5.73,6.83,7.65,5.9,5.99,2.1496564e+07,1.940139e+07
2024-03-14,BBAI,5.0,0.17479682,0.17479682,2.46,2.89,2.89,2.36,2.44,5.3874404e+07,1.01141384e+08
2024-03-15,CDLX,1.0,0.5271839,0.5271838,8.185,12.5,14.75,11.8,14.5,1.8923016e+07,9.54484e+06
2024-03-15,MDAI,2.0,0.15289247,0.15289247,2.42,2.79,3.15,2.55,2.83,2.1259708e+07,8.200722e+06
2024-03-18,BNAI,1.0,0.36837125,0.36837113,10.56,14.45,19.75,12.51,13.75,565961.0,3.7355368e+06
2024-03-18,EH,2.0,0.14964223,0.14964223,15.37,17.67,19.925,15.05,15.5,7.552786e+06,5.020246e+07
2024-03-18,RVSN,3.0,0.1428572,0.14285707,2.45,2.8,2.95,2.46,2.495,2.637192e+06,4.685635e+06
2024-03-18,HERE,4.0,0.109550595,0.10963452,3.01,3.34,3.425,3.05,3.4,472964.0,1.3361661e+06
2024-03-18,EONR,5.0,0.10897446,0.10897446,3.12,3.46,3.7,2.85,3.4,457394.0,2.0643324e+06
2024-03-19,NCMI,1.0,0.22734022,0.22748816,4.22,5.18,5.5,4.81,5.06,8.346954e+06,3.7922818e+06
2024-03-19,SPIR,2.0,0.16327357,0.16327357,12.28,14.285,19.4,14.16,16.01,7.627828e+06,2.1925695e+06
2024-03-19,ATNM,3.0,0.16207945,0.16207945,6.54,7.6,8.5,7.3,8.21,2.036255e+06,1.7000795e+06
2024-03-20,TSHA,1.0,0.3111111,0.3111111,2.25,2.95,3.1762,2.53,2.96,2.4538272e+07,9.073098e+06
2024-03-20,SRAD,2.0,0.13676906,0.13676906,10.09,11.47,12.51,10.78,11.23,2.120983e+06,7.397413e+06
2024-03-20,CGC,3.0,0.1253264,0.1253264,3.83,4.31,4.57,3.95,4.54,1.7817532e+07,3.9585068e+07
2024-03-20,ANVS,4.0,0.10426009,0.10426009,8.92,9.85,13.26,9.6,11.1,2.14134e+06,1.3775424e+06
2024-03-20,BAK,5.0,0.10233593,0.10233593,8.99,9.91,10.56,9.67,10.56,3.961902e+06,2.137875e+07
2024-03-21,LU,1.0,0.4447316,0.44510388,3.37,4.87,4.92,4.5,4.91,5.4715024e+07,2.7172888e+07
2024-03-21,AMTX,2.0,0.18356168,0.18356168,3.65,4.32,5.23,4.08,5.1,2.4627214e+07,3.167576e+06
2024-03-21,GRSD,3.0,0.12157714,0.12157714,9.13,10.24,10.27,8.6051,8.8,736118.0,2.775383e+06
2024-03-22,OTLK,1.0,0.5298296,0.5298296,7.04,10.77,11.72,8.3,8.63,2.103328e+07,1.950967e+06
2024-03-22,COOT,2.0,0.122807026,0.122807026,2.85,3.2,3.52,2.05,2.48,473291.0,1.6809612e+06
2024-03-25,NKTX,1.0,0.17320633,0.17320633,8.92,10.465,11.3429,10.16,10.49,4.832727e+06,3.0194182e+07
2024-03-25,TH,2.0,0.1591928,0.1591928,8.92,10.34,11.19,10.26,11.12,4.853869e+06,4.7163875e+06
2024-03-25,GDRX,3.0,0.15501523,0.15501523,6.58,7.6,7.9271,7.05,7.07,2.627578e+06,3.029715e+06
2024-03-25,LCID,4.0,0.13718414,0.13714802,2.77,3.1499,3.35,2.9,2.92,1.04485784e+08,6.033144e+07
2024-03-25,XTLB,5.0,0.12213743,0.12213743,2.62,2.94,4.9897,2.81,2.81,2.4889578e+07,2.1872938e+06
2024-03-26,STOK,1.0,0.70307684,0.70307684,6.5,11.07,13.0,10.16,10.29,1.9469012e+07,1.6683238e+07
2024-03-26,IVVD,2.0,0.19814241,0.19814241,3.23,3.87,4.06,3.63,3.66,3.005487e+06,7.211718e+06
2024-03-26,DNUT,3.0,0.19196069,0.19196784,12.45,14.84,17.84,14.3409,17.35,4.3605684e+07,1.7063572e+07
2024-03-26,STRO,4.0,0.174312,0.17431188,3.27,3.84,4.225,3.42,4.18,3.337512e+06,1.742583e+06
2024-03-26,XTLB,5.0,0.15658367,0.15658367,2.81,3.25,3.25,2.85,3.07,1.28497e+06,6.993971e+07
2024-03-27,DXYZ,1.0,0.22222221,0.22222221,9.0,11.0,17.6,10.12,17.6,1.467568e+06,5.552874e+06
2024-03-27,NUVB,2.0,0.13368058,0.13368058,2.88,3.265,4.06,3.02,3.97,1.1420481e+07,1.5402883e+07
2024-03-27,NVCR,3.0,0.13083398,0.13083398,13.07,14.78,15.54,12.92,14.64,1.193919e+07,1.4293103e+07
2024-03-27,PAYS,4.0,0.12721884,0.12721884,3.38,3.81,4.53,3.77,4.0,1.3259551e+07,1.0400835e+06
2024-03-27,STKS,5.0,0.12219441,0.12219441,4.01,4.5,5.09,4.5,5.07,2.167277e+06,1.960028e+06
2024-03-28,AVTX,1.0,2.9368422,2.9368422,4.75,18.7,34.46,16.65,21.75,3.1910412e+07,1.4956325e+07
2024-03-28,MESO,2.0,0.27793694,0.27793694,3.49,4.46,5.37,3.91,5.01,1.4096467e+07,1.7539254e+07
2024-03-28,IBIO,3.0,0.25,0.25,3.36,4.2,4.98,3.66,4.06,5.066456e+07,5.7261504e+08
2024-03-28,ATLX,4.0,0.13404822,0.13404822,14.92,16.92,17.6341,14.99,17.02,513241.0,6.150591e+06
2024-03-28,SMMT,5.0,0.12266672,0.12266672,3.75,4.21,4.64,4.1,4.14,4.67974e+06,9.852428e+06
2024-04-01,CXAI,1.0,0.54285717,0.54285705,2.45,3.78,7.07,3.53,6.15,2.3976208e+08,2.1901825e+06
2024-04-01,MESO,2.0,0.23153687,0.23153687,5.01,6.17,7.36,5.74,6.08,1.6446935e+07,7.0623304e+07
2024-04-01,CURV,3.0,0.20901644,0.20901644,4.88,5.9,6.05,4.4209,4.68,250865.0,1.1624795e+06
2024-04-01,BLDP,4.0,0.12589931,0.12589931,2.78,3.13,3.31,3.005,3.27,1.692962e+07,6.257416e+06
2024-04-02,XTIA,1.0,0.4660194,0.4660194,2.06,3.02,4.2799,2.91,3.5,6.074179e+07,1.5055098e+06
2024-04-02,VTSI,2.0,0.24213839,0.24213839,9.54,11.85,13.8,11.1301,13.14,2.947891e+06,3.6243318e+06
2024-04-03,VIVO,1.0,0.53728807,0.53728807,5.9,9.07,9.9,6.18,6.41,4.799882e+07,7.1373523e+08
2024-04-03,XTIA,2.0,0.22857141,0.22857153,3.5,4.3,5.08,4.06,4.59,2.13216e+07,2.1259627e+08
2024-04-03,RVSN,3.0,0.19402981,0.19402993,2.01,2.4,2.48,1.88,1.89,6.377843e+06,2.1043515e+06
2024-04-03,VNDA,4.0,0.18925834,0.18925834,3.91,4.65,6.03,4.37,5.05,5.071062e+07,8.300668e+06
2024-04-03,MNY,5.0,0.18468475,0.18468475,2.22,2.63,2.65,2.11,2.2,1.384081e+06,1.6635548e+06
2024-04-04,LEVI,1.0,0.15261042,0.15273309,18.66,21.51,22.39,20.95,20.97,2.798802e+07,1.7263835e+08
2024-04-04,ZETA,2.0,0.110636234,0.110636234,10.53,11.695,12.445,11.4,11.93,6.177461e+06,1.2513357e+07
2024-04-04,MGNX,3.0,0.10241401,0.10241401,13.67,15.07,18.9,15.07,17.78,6.81757e+06,2.393714e+07
2024-04-04,SWVL,4.0,0.10018098,0.10018098,16.57,18.23,21.94,14.6,15.32,231373.0,6.2278345e+06
2024-04-05,GCTS,1.0,0.9249563,0.9249563,5.73,11.03,11.9,7.5,8.16,2.8609088e+07,4.9812495e+06
2024-04-05,NXL,2.0,0.18604648,0.18604648,2.15,2.55,2.58,2.2,2.49,531130.0,2.165336e+06
2024-04-05,AXTI,3.0,0.102484465,0.102484465,3.22,3.55,3.76,3.03,3.11,3.429747e+06,2.0476016e+07
2024-04-08,LGVN,1.0,0.70000005,0.6999999,2.2,3.74,5.47,2.03,2.15,5.0509416e+07,5.8515975e+06
2024-04-08,AXTI,2.0,0.1286174,0.1286174,3.11,3.51,3.99,3.43,3.57,2.605427e+06,1.0666513e+07
2024-04-08,VIVO,3.0,0.10193324,0.10193324,5.69,6.27,6.45,5.07,5.6,2.788899e+06,6.691457e+06
2024-04-09,TSHA,1.0,0.100746274,0.100746274,2.68,2.95,3.3,2.91,2.96,4.672076e+06,2.1340652e+06
2024-04-10,ARQ,1.0,0.105341196,0.105341196,6.74,7.45,7.6916,6.62,6.74,665715.0,1.8182768e+06
2024-04-11,RENT,1.0,0.32162154,0.32162154,7.4,9.78,24.13,9.78,19.38,4.5747764e+07,3.2895798e+07
2024-04-11,CADL,2.0,0.254902,0.254902,5.1,6.4,7.92,5.83,7.28,6.418532e+07,1.4079753e+07
2024-04-11,ELVN,3.0,0.2116549,0.2116549,19.82,24.015,26.0,22.62,23.82,3.347739e+06,1.6495036e+07
2024-04-11,CYPH,4.0,0.15131581,0.15131581,3.04,3.5,4.39,3.03,3.115,5.675632e+06,1.3245522e+06
2024-04-11,GYRE,5.0,0.13472617,0.13472617,13.88,15.75,17.0,14.2482,16.45,120538.0,3.0813322e+06
2024-04-12,ALLR,1.0,0.25816274,0.25816286,2.297,2.89,4.0,2.01,2.1,1.8345938e+07,2.5534645e+06
2024-04-12,HKD,2.0,0.20189273,0.20189273,3.17,3.81,3.92,3.35,3.36,3.906817e+06,1.0304285e+07
2024-04-12,SRXH,3.0,0.17068946,0.17069483,6.62,7.75,7.75,5.82,6.02,66603.0,1.2659095e+06
2024-04-12,MNDR,4.0,0.1343137,0.1343137,10.2,11.57,16.0,10.17,15.0,1.0623153e+07,1.0690388e+08
2024-04-12,LYEL,5.0,0.116541386,0.116541386,2.66,2.97,3.145,2.82,3.01,2.589704e+06,2.4034565e+06
2024-04-15,RENT,1.0,0.14352572,0.14352572,19.23,21.99,22.39,13.88,14.72,3.607893e+06,4.432593e+08
2024-04-15,ALLR,2.0,0.11428571,0.11428571,2.1,2.34,2.5,1.93,2.0,4.613353e+06,3.8526468e+07
2024-04-16,CGEM,1.0,0.20060432,0.20060432,16.55,19.87,20.62,16.871,17.32,3.354405e+06,3.3506632e+06
2024-04-16,MNDR,2.0,0.1255256,0.1255256,16.65,18.74,19.1,16.01,18.0,4.435312e+06,1.8182994e+08
2024-04-16,AVTX,3.0,0.10892391,0.10892391,15.24,16.9,18.79,15.94,15.94,222087.0,1.399855e+06
2024-04-17,DVLT,1.0,0.7885246,0.7885246,6.1,10.91,10.95,6.7059,9.25,6.830971e+07,1.2179224e+09
2024-04-17,VNDA,2.0,0.33827162,0.33827162,4.05,5.42,5.67,4.99,5.24,2.4035652e+07,3.201193e+06
2024-04-17,CXAI,3.0,0.32736576,0.32736576,3.91,5.19,5.43,4.08,4.2,2.3233816e+07,1.3359723e+07
2024-04-17,EDBL,4.0,0.32307696,0.32307684,4.55,6.02,12.47,5.39,6.66,1.2901184e+07,1.2536115e+06
2024-04-17,PLCE,5.0,0.31786215,0.31786215,7.11,9.37,11.4,8.01,8.28,1.4075181e+07,3.525387e+06
2024-04-18,RYDE,1.0,0.16533327,0.16533327,3.75,4.37,4.55,3.66,3.9,418535.0,4.4880375e+06
2024-04-18,VTSI,2.0,0.103907585,0.103907585,11.26,12.43,13.72,11.7,13.25,522911.0,2.6842602e+06
2024-04-19,DJTWW,1.0,0.17087376,0.17087376,15.45,18.09,18.4,15.7,17.01,646043.0,1.1792027e+07
2024-04-19,YYAI,2.0,0.105263114,0.10526323,2.09,2.31,2.34,0.832,0.8945,1.3395139e+07,4.4635e+06
2024-04-22,TRSG,1.0,0.15798318,0.15798318,5.95,6.89,8.4,6.6,7.4,4.639314e+06,1.5851085e+07
2024-04-23,IBRX,1.0,0.24493933,0.24493933,4.94,6.15,6.19,4.84,5.49,3.0697e+07,2.7014434e+07
2024-04-23,RNAC,2.0,0.10952902,0.10952902,18.26,20.26,21.72,19.28,20.59,124359.0,1.7129159e+06
2024-04-24,AEYE,1.0,0.20029676,0.20029676,13.48,16.18,16.22,14.28,14.43,487383.0,3.4182718e+06
2024-04-24,MTC,2.0,0.14732134,0.14732134,2.24,2.57,3.7,2.32,3.6,9.435026e+06,1.3605155e+07
2024-04-24,PROP,3.0,0.14213204,0.14213204,11.82,13.5,15.08,13.2,14.33,381817.0,3.619875e+06
2024-04-26,SNAP,1.0,0.27017546,0.27017546,11.4,14.48,14.94,13.78,14.55,1.598119e+08,8.659692e+08
2024-04-26,TPC,2.0,0.13800573,0.13750899,13.89,15.8,17.95,15.8,17.78,1.54959e+06,4.929422e+06
2024-04-29,IBRX,1.0,0.14421773,0.14421773,7.35,8.41,10.53,8.12,8.99,6.6104816e+07,2.9605962e+08
2024-04-29,ZONE,2.0,0.1371429,0.1371429,3.5,3.98,3.98,3.01,3.2,118354.0,4.62308e+06
2024-04-29,XPER,3.0,0.12964821,0.12964821,9.95,11.24,11.24,10.56,10.73,534499.0,2.1987908e+06
2024-04-29,MESO,4.0,0.12179494,0.12179494,6.24,7.0,7.6,6.82,7.1,695190.0,2.0265585e+06
2024-04-29,AXG,5.0,0.11119938,0.11119938,12.59,13.99,16.49,12.09,13.52,813060.0,4.4935975e+06
2024-04-30,WGS,1.0,0.29818177,0.29818177,11.0,14.28,18.24,13.9,17.07,7.285998e+06,2.652001e+06
2024-04-30,HLIT,2.0,0.26063836,0.26063836,9.4,11.85,12.11,10.5,10.74,7.374787e+06,2.2023222e+07
2024-04-30,BOF,3.0,0.15294123,0.15294123,2.55,2.94,3.2399,2.15,2.38,1.952215e+06,4.66307e+06
2024-04-30,BLND,4.0,0.1377778,0.1377778,2.25,2.56,2.8901,2.43,2.45,6.152584e+06,4.0344502e+06
2024-04-30,LTRX,5.0,0.101156,0.101156,3.46,3.81,4.05,3.68,3.76,709041.0,1.6756192e+06
2024-05-01,TGTX,1.0,0.25549042,0.25549042,13.66,17.15,18.0,14.87,15.88,1.8588084e+07,7.112325e+07
2024-05-01,FLG,2.0,0.20376253,0.20377362,2.65,3.19,3.63,3.0,3.4,9.471761e+07,6.474632e+07
2024-05-01,HAPN,3.0,0.1170212,0.1170212,7.52,8.4,9.27,8.4,9.0,4.477358e+06,2.1551922e+07
2024-05-02,ENVX,1.0,0.359447,0.359447,6.51,8.85,9.615,8.13,9.47,2.5825204e+07,5.2073172e+07
2024-05-02,ASPN,2.0,0.3002628,0.3002628,15.22,19.79,24.41,19.33,23.85,1.1894542e+07,1.6502696e+07
2024-05-02,LUNG,3.0,0.29274607,0.29274607,7.72,9.98,9.98,8.85,9.38,1.503335e+06,5.5650855e+06
2024-05-02,RSI,4.0,0.22429907,0.22429907,6.42,7.86,8.38,7.07,7.55,5.5882e+06,1.3803822e+07
2024-05-02,STI,5.0,0.14814818,0.14814806,2.16,2.48,2.49,2.24,2.44,417060.0,3.6253528e+06
2024-05-03,OLOX,1.0,0.3242321,0.3242321,2.93,3.88,9.3,3.72,5.54,9.217625e+07,4.8188476e+07
2024-05-03,OSPN,2.0,0.26848257,0.2675799,10.95,13.88,14.24,11.77,12.39,1.797452e+06,2.4842375e+06
2024-05-03,LOCO,3.0,0.26395345,0.26395345,8.6,10.87,11.99,9.64,10.01,3.281652e+06,2.9686772e+06
2024-05-03,ARDX,4.0,0.23122239,0.23122239,6.79,8.36,9.13,7.98,8.72,2.497122e+07,4.733399e+07
2024-05-03,RLAY,5.0,0.23022604,0.23022604,7.08,8.71,8.71,6.79,7.04,1.167807e+06,5.3944005e+06
2024-05-06,XBP,1.0,1.0377357,1.0377359,2.12,4.32,4.33,3.1,3.5,5.5728296e+07,4.4135495e+06
2024-05-06,BENF,2.0,0.17302048,0.17302048,6.82,8.0,8.96,5.22,6.0,9.50004e+06,2.1147446e+08
2024-05-06,BCRX,3.0,0.123595595,0.123595595,4.45,5.0,5.47,4.75,5.27,8.898733e+06,1.2180415e+07
2024-05-06,CTMX,4.0,0.10383749,0.10383749,4.43,4.89,4.94,4.27,4.37,5.076011e+06,4.911921e+07
2024-05-07,ZETA,1.0,0.19615388,0.19615388,13.0,15.55,15.9,14.9,15.38,9.171205e+06,3.540195e+07
2024-05-07,HIMS,2.0,0.17038631,0.17038631,11.65,13.635,13.635,12.07,12.35,2.5707768e+07,2.1757507e+08
2024-05-07,PTON,3.0,0.16666675,0.16666675,3.54,4.13,4.19,3.85,4.09,5.936432e+07,8.138886e+07
2024-05-07,TVTX,4.0,0.129771,0.129771,6.55,7.4,7.69,6.74,6.75,1.938139e+06,9.059004e+06
2024-05-07,JMIA,5.0,0.12065816,0.12065816,5.47,6.13,7.0,5.97,6.45,1.478856e+07,2.2921138e+07
2024-05-08,INOD,1.0,0.28338277,0.28338277,6.74,8.65,10.54,8.2102,10.47,1.916218e+07,2.3665285e+06
2024-05-08,MYGN,2.0,0.18543983,0.18543983,19.78,23.448,24.2,22.13,23.95,2.587966e+06,1.7491494e+07
2024-05-08,ELAN,3.0,0.16420114,0.16420114,13.52,15.74,17.23,15.24,16.89,1.9729086e+07,8.742839e+07
2024-05-08,CRCT,4.0,0.16271842,0.16274858,5.53,6.43,8.34,6.23,8.14,7.855717e+06,7.561457e+06
2024-05-08,DSY,5.0,0.14890504,0.14890516,6.85,7.87,8.75,7.05,7.3,47858.0,7.3512895e+06
2024-05-09,EMBC,1.0,0.29319596,0.29308653,10.27,13.28,15.2801,13.11,14.16,2.585102e+06,4.2732755e+06
2024-05-09,MGNI,2.0,0.21348321,0.21348321,8.9,10.8,10.9,9.185,9.23,3.776866e+06,1.6856048e+07
2024-05-09,ZLAB,3.0,0.21001804,0.21001804,16.57,20.05,21.49,19.76,21.01,4.13439e+06,8.0733345e+06
2024-05-09,WRBY,4.0,0.18327975,0.18327975,12.44,14.72,15.09,14.08,14.68,4.549464e+06,1.6666688e+07
2024-05-09,SLQT,5.0,0.16400003,0.16400003,2.5,2.91,3.06,2.58,2.59,2.182172e+06,3.0269125e+06
2024-05-10,NVAX,1.0,1.241611,1.241611,4.47,10.02,11.0,8.61,8.88,1.70872e+08,2.0263398e+07
2024-05-10,SRTS,2.0,0.2650919,0.2650919,3.81,4.82,5.45,4.37,5.29,1.9744916e+07,3.7361775e+06
2024-05-10,ARRY,3.0,0.18705034,0.18705034,12.51,14.85,14.85,12.52,12.76,1.5078251e+07,1.3028931e+08
2024-05-10,ADMA,4.0,0.18326116,0.18326116,6.93,8.2,9.02,7.96,8.81,1.1700342e+07,2.09474e+07
2024-05-10,SOUN,5.0,0.16842115,0.16842115,4.75,5.55,5.97,5.05,5.09,8.8336424e+07,1.9919154e+08
2024-05-13,GME,1.0,0.5085912,0.5085912,17.46,26.34,38.2,24.77,30.45,1.8724173e+08,6.4308576e+08
2024-05-13,AMC,2.0,0.2096219,0.2096219,2.91,3.52,5.88,3.16,5.19,5.2263958e+08,7.00432e+07
2024-05-13,KOSS,3.0,0.20707989,0.20707989,3.1978,3.86,5.53,3.62,4.37,1.9537376e+07,1.1527941e+06
2024-05-13,FULC,4.0,0.11780465,0.11780465,7.47,8.35,8.5,6.9214,7.35,2.034525e+06,2.33873e+06
2024-05-14,AMC,1.0,1.2890174,1.2890174,5.19,11.88,11.88,5.85,6.85,6.342466e+08,2.7124995e+09
2024-05-14,PLUG,2.0,0.6920414,0.6920414,2.89,4.89,4.9,3.42,3.44,2.0341843e+08,1.4749024e+08
2024-05-14,KOSS,3.0,0.35926783,0.35926783,4.37,5.94,6.9499,5.31,6.15,1.9694164e+07,8.537833e+07
2024-05-14,BB,4.0,0.23225808,0.23225808,3.1,3.82,3.85,3.32,3.47,9.393219e+07,6.725992e+07
2024-05-14,HROW,5.0,0.20546818,0.20546818,12.07,14.55,17.49,14.348,16.24,2.820478e+06,1.0044364e+07
2024-05-15,OPRX,1.0,0.3311069,0.3311069,10.48,13.95,14.13,12.5,13.17,663062.0,1.0417958e+06
2024-05-15,ARQT,2.0,0.15867162,0.15867162,8.13,9.42,10.13,8.9,9.24,1.3896318e+07,3.7869932e+07
2024-05-15,TMCI,3.0,0.15400004,0.15400004,5.0,5.77,6.01,5.18,5.95,3.37196e+06,2.05169e+07
2024-05-15,SRAD,4.0,0.13157892,0.13157892,9.5,10.75,10.75,9.53,10.48,1.612534e+06,7.0642285e+06
2024-05-15,BCRX,5.0,0.10634327,0.10634327,5.36,5.93,6.56,5.9,6.36,1.0487304e+07,1.4636172e+07
2024-05-16,JDZG,1.0,0.47420144,0.47420144,4.07,6.0,11.52,4.3201,8.32,1.1826631e+07,9.630601e+06
2024-05-16,ASTS,2.0,0.3138075,0.3138075,2.39,3.14,4.16,3.07,4.03,7.6045576e+07,2.632919e+07
2024-05-16,GRRR,3.0,0.14367819,0.14367819,5.22,5.97,6.2896,5.45,5.54,1.037951e+06,1.0398083e+06
2024-05-16,SOWG,4.0,0.14213204,0.14213192,15.76,18.0,18.0,16.51,17.55,173236.0,6.080618e+06
2024-05-16,GOOS,5.0,0.1366024,0.1366024,11.42,12.98,14.31,12.95,13.19,8.447805e+06,1.5620173e+07
2024-05-17,OUST,1.0,0.111492276,0.111492276,11.66,12.96,14.15,12.87,12.97,3.377935e+06,8.1714095e+06
2024-05-17,AUTL,2.0,0.10565102,0.10565102,4.07,4.5,4.84,4.39,4.39,2.033189e+06,1.0484093e+07
2024-05-20,MTC,1.0,0.32524955,0.32524955,7.01,9.29,11.98,0.97,1.05,7.047596e+07,2.281005e+06
2024-05-20,STRO,2.0,0.1496259,0.1496259,4.01,4.61,5.0895,4.3705,4.68,4.000574e+06,1.5575242e+06
2024-05-20,ASPI,3.0,0.14823008,0.14823008,4.52,5.19,5.55,4.89,5.23,1.684134e+06,7.8666215e+06
2024-05-20,JDZG,4.0,0.10873282,0.10873282,11.68,12.95,14.87,9.74,11.96,2.262392e+06,6.724675e+07
2024-05-21,EDBL,1.0,0.5,0.5,3.8,5.7,5.86,4.1,4.33,5.933297e+06,5.0542125e+06
2024-05-21,CMCM,2.0,0.11711705,0.11711705,5.55,6.2,6.49,5.67,6.09,425591.0,4.0657915e+06
2024-05-21,ALLO,3.0,0.11583018,0.11583018,2.59,2.89,2.92,2.63,2.69,4.974453e+06,8.314964e+06
2024-05-21,LRMR,4.0,0.10729027,0.10729027,7.27,8.05,8.678,7.45,7.89,3.012463e+06,5.6227635e+06
2024-05-22,CHAI,1.0,0.625,0.625,2.4,3.9,4.9199,2.12,2.27,4.5197612e+07,2.2629072e+06
2024-05-22,RZLT,2.0,0.20666659,0.20666659,3.0,3.62,3.72,2.58,2.81,9.339151e+06,1.1567265e+07
2024-05-22,WOOF,3.0,0.12653053,0.12653053,2.45,2.76,3.3,2.7,2.88,2.6198328e+07,1.6686541e+07
2024-05-22,DVLT,4.0,0.10162604,0.10162604,2.46,2.71,2.71,2.3,2.52,954202.0,4.0184222e+06
2024-05-23,BORR,1.0,0.102941155,0.10291588,5.83,6.43,6.78,6.37,6.46,7.016461e+06,1.1275686e+07
2024-05-24,SRXH,1.0,0.6390313,0.6390244,4.1,6.72,7.15,3.52,4.5,7.458688e+06,1.9944778e+06
2024-05-24,PAGS,2.0,0.11267614,0.112469316,12.27,13.65,13.66,12.25,12.27,7.680005e+06,3.6913708e+07
2024-05-28,GME,1.0,0.21578944,0.21578944,19.0,23.1,26.66,21.15,23.78,1.0507757e+08,8.173247e+08
2024-05-28,IPW,2.0,0.14778328,0.14778328,2.03,2.33,2.67,2.05,2.09,1.779536e+06,2.855396e+06
2024-05-28,OKLO,3.0,0.1428572,0.1428572,10.15,11.6,12.4199,10.39,10.79,1.3093315e+07,1.3056769e+08
2024-05-28,SMR,4.0,0.13239074,0.13239074,7.78,8.81,9.5899,8.11,9.48,1.8035684e+07,4.1751108e+07
2024-05-28,NNE,5.0,0.13181818,0.13181818,4.4,4.98,5.96,4.58,5.49,4.410254e+06,1.7126209e+06
2024-05-29,OOMA,1.0,0.1784811,0.1784811,7.9,9.31,9.72,8.47,8.55,550775.0,2.2935912e+06
2024-05-29,ASTS,2.0,0.1575985,0.1575985,5.33,6.17,9.35,5.68,9.02,1.0989928e+08,5.4182876e+07
2024-05-29,CHWY,3.0,0.14311063,0.14311063,16.91,19.33,22.05,19.16,21.5,6.662307e+07,1.899195e+08
2024-05-30,RRGB,1.0,0.18870723,0.18870723,6.73,8.0,8.6,7.34,7.73,2.172276e+06,5.6808065e+06
2024-05-30,WOOF,2.0,0.14696479,0.14696479,3.13,3.59,4.055,3.4,3.93,1.6800232e+07,2.288679e+07
2024-05-30,AMSC,3.0,0.13679552,0.13679552,15.79,17.95,20.6866,16.59,17.44,3.973262e+06,1.4009788e+07
2024-05-30,ALHC,4.0,0.11747849,0.11747849,6.98,7.8,8.03,7.64,7.88,1.631219e+06,3.6155632e+06
2024-05-30,BWLP,5.0,0.11395347,0.114457846,18.26,20.35,21.989,19.9103,21.65,1.063738e+06,1.5092255e+06
2024-05-31,PD,1.0,0.17827296,0.17827296,17.95,21.15,21.26,18.52,18.97,3.639592e+06,4.5643332e+07
2024-05-31,ASAN,2.0,0.13404417,0.13404417,13.13,14.89,15.43,12.85,13.05,6.903392e+06,7.168347e+07
2024-05-31,BTDR,3.0,0.106529236,0.106529236,5.82,6.44,6.75,6.06,6.13,1.294432e+06,1.8132618e+06
2024-06-03,AMC,1.0,0.2563511,0.2563511,4.33,5.44,5.7,4.64,4.81,1.3969067e+08,1.2862595e+08
2024-06-03,KYTX,2.0,0.20271349,0.20271349,12.53,15.07,15.24,12.95,13.07,787983.0,5.224183e+06
2024-06-03,PDC,3.0,0.14553988,0.14553988,2.13,2.44,2.4738,1.68,1.7,1.155495e+06,2.4581542e+06
2024-06-03,SMMT,4.0,0.13298786,0.13298786,8.685,9.84,9.94,8.72,8.84,2.2654986e+07,2.9818352e+08
2024-06-03,LQDA,5.0,0.1305362,0.1305362,12.87,14.55,15.19,14.25,14.5,1.809717e+06,1.7841886e+07
2024-06-04,ANNX,1.0,0.316594,0.316594,4.58,6.03,7.14,5.52,5.99,4.825494e+07,1.694915e+07
2024-06-04,CORZ,2.0,0.28336763,0.28336763,4.87,6.25,7.0599,6.04,6.83,6.879058e+07,1.2346638e+07
2024-06-05,CCM,1.0,0.26666665,0.26666677,2.1,2.66,2.67,1.08,1.13,8.89351e+06,1.2190487e+07
2024-06-05,BNAI,2.0,0.21917808,0.21917796,3.65,4.45,4.45,2.93,3.5,884631.0,3.927411e+06
2024-06-05,SFIX,3.0,0.17602992,0.17602992,2.67,3.14,3.87,3.14,3.455,2.1089596e+07,1.2013505e+07
2024-06-05,HPE,4.0,0.15675676,0.15625,17.6,20.35,20.43,19.44,19.48,8.8492056e+07,5.410826e+08
2024-06-05,VIR,5.0,0.15122879,0.15122879,10.58,12.18,13.09,12.0,12.66,3.486411e+06,7.902879e+06
2024-06-06,VNDA,1.0,0.281188,0.281188,5.05,6.47,6.5587,6.1285,6.27,9.808951e+06,2.562249e+06
2024-06-06,FBLG,2.0,0.15671647,0.15671647,6.7,7.75,11.75,7.05,10.31,2.927563e+06,3.5868315e+06
2024-06-07,GERN,1.0,0.14652956,0.14652956,3.89,4.46,5.15,4.45,4.59,9.893792e+07,2.2668458e+07
2024-06-10,AIOS,1.0,0.16023731,0.16023743,3.37,3.91,4.04,3.21,3.64,262303.0,1.3013289e+06
2024-06-10,OPRA,2.0,0.14518762,0.14462209,13.76,15.75,17.25,14.73,15.17,1.0950704e+07,1.0720127e+07
2024-06-11,TOYO,1.0,0.3284458,0.3284458,6.82,9.06,11.9,8.5,9.49,1.720865e+06,1.2731849e+06
2024-06-11,AISP,2.0,0.17197454,0.17197454,3.14,3.68,5.38,3.64,4.62,9.658226e+07,1.04543475e+06
2024-06-11,SHLS,3.0,0.10132158,0.10132158,6.81,7.5,7.765,7.11,7.45,9.186855e+06,2.4934584e+07
2024-06-12,BMR,1.0,0.37954545,0.37954545,4.4,6.07,6.7099,5.13,5.23,5.646997e+07,6.816238e+06
2024-06-12,DSY,2.0,0.12949646,0.12949646,2.78,3.14,3.7,2.83,3.11,2.783526e+06,4.1234182e+06
2024-06-12,MREO,3.0,0.11931825,0.11931825,3.52,3.94,4.18,3.65,3.83,4.311168e+06,2.2948392e+06
2024-06-12,WULF,4.0,0.10215831,0.10215831,3.475,3.83,4.2,3.75,3.84,3.9501732e+07,1.034589e+08
2024-06-13,GRAL,1.0,0.12225473,0.12225473,13.66,15.33,15.72,14.02,14.3,738159.0,1.5810357e+07
2024-06-14,LGVN,1.0,0.28624535,0.28624535,2.69,3.46,4.1,2.83,3.19,9.803369e+07,5.1833894e+08
2024-06-14,MOLN,2.0,0.1428572,0.1428572,5.95,6.8,6.87,6.35,6.77,129661.0,2.370837e+06
2024-06-14,BOOM,3.0,0.10438728,0.10438728,13.22,14.6,14.98,13.83,14.43,1.176716e+06,8.289482e+06
2024-06-17,SCNI,1.0,0.7478509,0.747851,3.49,6.1,6.97,5.11,5.6,3.015565e+07,4.959768e+06
2024-06-17,CNSP,2.0,0.111111164,0.111111045,2.79,3.1,3.5875,2.71,2.9,789324.0,2.7696004e+07
2024-06-18,CHGG,1.0,0.15708816,0.15708816,2.61,3.02,3.255,2.69,2.7,2.0178314e+07,1.4938314e+07
2024-06-18,ARQ,2.0,0.100519896,0.100519896,5.77,6.35,6.38,5.865,5.88,361659.0,1.7828839e+06
2024-06-20,HROW,1.0,0.14107645,0.14107645,17.65,20.14,20.45,19.305,19.93,1.207732e+06,3.1498365e+06
2024-06-20,NNE,2.0,0.1310345,0.1310345,11.6,13.12,16.5,11.55,15.22,4.240154e+06,1.9776888e+07
2024-06-21,SLDB,1.0,0.1349206,0.1349206,6.3,7.15,7.398,6.11,6.46,2.992703e+06,3.199663e+06
2024-06-21,DOGZ,2.0,0.10568595,0.10568595,16.18,17.89,17.99,15.81,17.92,255495.0,3.5370938e+06
2024-06-24,ALT,1.0,0.16536665,0.16536665,6.41,7.47,8.49,7.08,7.14,2.2610164e+07,7.1391736e+07
2024-06-24,DJTWW,2.0,0.116322756,0.116322756,15.99,17.85,24.48,17.25,21.77,1.326309e+06,1.1955259e+07
2024-06-25,EMPD,1.0,0.47938132,0.47938132,3.88,5.74,12.67,5.5304,5.56,2.8496428e+07,1.554266e+06
2024-06-25,ENVX,2.0,0.16694355,0.16694355,12.04,14.05,17.1199,13.75,16.26,3.3481956e+07,4.070931e+07
2024-06-25,BTBT,3.0,0.111111045,0.111111045,2.43,2.7,3.4699,2.6401,3.395,4.026831e+07,2.524485e+07
2024-06-25,CORZZ,4.0,0.100000024,0.100000024,7.5,8.25,8.64,7.98,8.29,2.10748e+06,8.11545e+06
2024-06-26,EMPD,1.0,0.45683467,0.45683467,5.56,8.1,9.6,5.72,6.6,9.999451e+06,1.5844014e+08
2024-06-26,RIVN,2.0,0.36538458,0.36538458,11.96,16.33,16.35,14.17,14.74,2.6198043e+08,1.2329467e+09
2024-06-26,DAKT,3.0,0.18315017,0.18315017,10.92,12.92,14.15,11.9,13.3,3.56807e+06,4.63554e+06
2024-06-26,SVRA,4.0,0.16315794,0.16315794,3.8,4.42,4.51,3.375,3.84,2.758852e+07,4.3483475e+06
2024-06-26,MTVA,5.0,0.13849759,0.13849759,4.26,4.85,5.3,4.26,4.83,462827.0,1.8846369e+06
2024-06-27,SCNX,1.0,0.23598552,0.23628688,11.85,14.65,15.45,12.0,13.16,329628.0,4.546762e+06
2024-06-27,GOVX,2.0,0.20583558,0.20595527,2.015,2.43,4.9,2.34,3.55,8.0342936e+07,4.0535778e+06
2024-06-27,IIIV,3.0,0.18936706,0.18936706,19.75,23.49,23.49,21.69,22.14,841984.0,2.4935362e+06
2024-06-27,SUZ,4.0,0.14055037,0.1400652,9.21,10.5,10.62,10.23,10.41,1.0072076e+07,1.4157225e+07
2024-06-27,PHUN,5.0,0.11726391,0.11726391,6.14,6.86,6.95,5.93,6.3,2.660097e+06,1.645655e+06
2024-06-28,DXYZ,1.0,0.12880886,0.12880886,14.44,16.3,18.29,14.9,15.22,2.785507e+06,3.8377388e+07
2024-06-28,FBLG,2.0,0.11373401,0.11373401,4.66,5.19,6.06,4.56,4.99,3.809458e+06,1.5370031e+06
2024-07-01,HUMA,1.0,0.116666675,0.116666675,4.8,5.36,6.3,5.05,5.37,9.067415e+06,3.939153e+07
2024-07-02,EMPD,1.0,0.27897,0.27897,4.66,5.96,6.33,4.61,5.05,8.464526e+06,4.8269764e+07
2024-07-03,DOYU,1.0,0.31688643,0.31691813,12.59,16.58,18.33,15.9,17.94,5.246446e+06,5.5883735e+06
2024-07-03,KOSS,2.0,0.20412838,0.20412838,4.36,5.25,18.73,5.22,10.63,7.0055496e+07,1.0976431e+06
2024-07-03,ABSI,3.0,0.14141417,0.14141417,2.97,3.39,3.5499,3.13,3.18,1.334721e+06,2.4998342e+06
2024-07-05,MDWD,1.0,0.41350794,0.41350794,14.51,20.51,24.0,18.27,19.6,3.787767e+06,1.29213e+06
2024-07-05,KOSS,2.0,0.30761993,0.30761993,10.63,13.9,18.5,12.65,13.35,5.788239e+07,7.446899e+08
2024-07-05,ACHR,3.0,0.13064134,0.13064134,4.21,4.76,4.79,4.22,4.4,1.8777032e+07,6.851888e+07
2024-07-08,GRFS,1.0,0.2046349,0.20454538,7.04,8.48,8.63,8.06,8.41,7.58081e+06,6.880051e+06
2024-07-08,POET,2.0,0.1107955,0.1107955,3.52,3.91,3.95,3.061,3.21,2.961995e+06,1.3459582e+07
2024-07-08,PLSE,3.0,0.105394125,0.105394125,12.05,13.32,17.0499,13.05,15.51,1.813943e+06,1.9674638e+06
2024-07-09,QURE,1.0,0.6375662,0.6375662,3.78,6.19,6.78,5.2,6.67,5.149547e+07,1.1787779e+06
2024-07-09,WETH,2.0,0.11846554,0.118367314,2.45,2.74,2.74,1.96,2.07,208581.0,1.2707244e+06
2024-07-09,BYRN,3.0,0.111542106,0.111542106,10.31,11.46,12.0,9.91,9.98,1.317311e+06,4.8835585e+06
2024-07-10,LGVN,1.0,1.0418117,1.041812,2.87,5.86,6.4,4.17,4.55,1.10520056e+08,1.04066744e+08
2024-07-10,VIVO,2.0,0.6941178,0.6941178,2.55,4.32,4.62,2.9,3.05,4.4737184e+07,1.1576186e+07
2024-07-10,NAAS,3.0,0.4030769,0.4030769,3.25,4.56,6.44,3.62,4.68,4.29596e+07,1.7602012e+07
2024-07-10,AEHR,4.0,0.19016922,0.19016922,12.41,14.77,16.43,13.82,15.39,7.180773e+06,1.8469518e+07
2024-07-10,SNGX,5.0,0.18733156,0.18733156,7.42,8.81,9.78,6.7,7.73,1.6382885e+07,9.9591885e+08
2024-07-11,EMPD,1.0,0.6690496,0.66904104,3.65,6.092,7.0,3.35,3.74,2.9100912e+07,9.599004e+06
2024-07-11,QS,2.0,0.3197782,0.3197782,5.41,7.14,7.28,6.5701,7.06,8.601126e+07,2.811181e+07
2024-07-11,LXEO,3.0,0.18613136,0.18613136,16.44,19.5,19.5,16.48,17.44,936963.0,2.9441905e+06
2024-07-11,MEI,4.0,0.16503727,0.16525424,9.44,11.0,13.95,10.93,13.76,3.883804e+06,7.992064e+06
2024-07-11,BNED,5.0,0.13060069,0.13061798,7.12,8.05,8.89,7.75,8.25,723984.0,2.6349838e+06
2024-07-12,SNTG,1.0,0.23478258,0.23478258,2.3,2.84,3.97,2.55,2.57,1.8384922e+07,6.382208e+06
2024-07-12,IMMP,2.0,0.17412925,0.17412925,2.01,2.36,2.6,2.13,2.31,6.009681e+06,2.0185002e+06
2024-07-15,DJTWW,1.0,0.7633529,0.7633529,19.565,34.5,34.5,26.48,29.05,2.340618e+06,2.7339545e+06
2024-07-15,SCNI,2.0,0.6354681,0.635468,4.06,6.64,8.92,5.21,5.89,2.9492744e+07,1.8581524e+06
2024-07-15,PHUN,3.0,0.28473413,0.28473413,5.83,7.49,7.49,5.84,5.885,1.3037804e+07,1.9603725e+06
2024-07-15,RUM,4.0,0.12962961,0.12962961,5.94,6.71,7.6,6.06,7.17,1.7628478e+07,8.613356e+06
2024-07-15,CTRN,5.0,0.11474538,0.11474538,18.65,20.79,21.05,19.32,19.94,408627.0,4.310649e+06
2024-07-16,ANGO,1.0,0.17200673,0.17200673,5.93,6.95,7.6,6.5805,7.51,3.48795e+06,4.038668e+06
2024-07-16,AEON,2.0,0.10964906,0.10964918,2.28,2.53,3.33,2.5,2.86,3.824512e+07,1.2945673e+08
2024-07-16,KYTX,3.0,0.10494447,0.10494447,9.91,10.95,11.4,10.15,11.07,926839.0,3.3578548e+06
2024-07-17,SHIM,1.0,0.37681162,0.37681162,2.07,2.85,3.34,2.69,3.15,4.1052576e+07,7.5379855e+06
2024-07-17,LCFY,2.0,0.32293582,0.32293582,5.45,7.21,8.45,5.95,6.58,2.3291754e+07,3.5399036e+07
2024-07-17,LGVN,3.0,0.19034088,0.19034088,3.52,4.19,4.88,3.88,3.9,3.2522314e+07,8.330129e+06
2024-07-17,AEHR,4.0,0.14370549,0.14370549,16.84,19.26,21.44,18.44,20.61,1.2180096e+07,6.706845e+07
2024-07-19,SERV,1.0,0.623574,0.623574,2.63,4.27,8.97,3.92,7.55,2.6627131e+08,1.7483968e+07
2024-07-19,HE,2.0,0.38196087,0.38196087,12.75,17.62,18.19,16.54,17.51,2.345041e+07,1.1152433e+08
2024-07-19,NAAS,3.0,0.13102591,0.13102591,8.09,9.15,10.45,5.75,6.22,2.0868598e+07,3.1169955e+08
2024-07-19,MYSZ,4.0,0.101726055,0.10164511,3.404,3.75,3.75,2.81,3.21,386272.0,1.7436208e+06
2024-07-22,SERV,1.0,0.4953642,0.4953642,7.55,11.29,13.89,7.84,8.77,1.5155683e+08,2.0103484e+09
2024-07-22,MDBH,2.0,0.124121785,0.124121785,10.675,12.0,12.0,9.51,10.3,66376.0,1.3498965e+06
2024-07-22,AEHL,3.0,0.12064338,0.12064338,3.73,4.18,4.46,3.5,3.83,611459.0,2.1724005e+06
2024-07-22,EMBC,4.0,0.10504544,0.104783654,13.17,14.55,15.6,14.44,15.18,804664.0,3.895212e+06
2024-07-22,DQ,5.0,0.10006213,0.10006213,16.08,17.689,18.27,16.97,17.15,1.624495e+06,9.962042e+06
2024-07-23,FEIM,1.0,0.30201626,0.30198014,10.1,13.15,14.0,12.55,13.73,1.980985e+06,2.465794e+06
2024-07-23,MESO,2.0,0.11523175,0.11523175,7.55,8.42,8.47,8.02,8.27,881476.0,1.7461791e+06
2024-07-23,ARTV,3.0,0.10450292,0.10450292,11.77,13.0,13.2499,11.8,12.01,110863.0,4.032108e+06
2024-07-24,TKNO,1.0,0.16733074,0.16733074,2.51,2.93,3.75,2.9,3.27,7.928538e+06,1.6736555e+06
2024-07-25,MIRA,1.0,0.3898306,0.3898306,2.36,3.28,3.73,2.6201,3.04,4.928914e+07,2.5334228e+07
2024-07-25,BALY,2.0,0.23520708,0.23520708,13.52,16.7,16.99,16.66,16.91,9.453191e+06,2.0667754e+06
2024-07-25,INDV,3.0,0.16452205,0.16452205,10.88,12.67,13.16,12.25,13.09,1.700611e+06,1.051577e+07
2024-07-25,NTCT,4.0,0.10191786,0.10191786,18.25,20.11,21.21,19.7387,20.37,1.40523e+06,1.2058852e+07
2024-07-25,IMAX,5.0,0.10095346,0.10095346,17.83,19.63,20.3,18.86,19.4,2.653862e+06,1.9232258e+07
2024-07-26,COUR,1.0,0.39406204,0.39406204,7.41,10.33,11.74,9.995,10.72,2.4935554e+07,3.085126e+07
2024-07-26,NWL,2.0,0.14039457,0.14037848,6.34,7.23,8.96,7.14,8.91,2.6323588e+07,5.396226e+07
2024-07-26,AEYE,3.0,0.12525463,0.12525463,19.64,22.1,27.3099,21.5601,27.15,1.365703e+06,3.128593e+06
2024-07-26,RILY,4.0,0.108721614,0.108721614,16.74,18.56,18.58,17.32,18.52,1.282017e+06,1.4093473e+07
2024-07-26,NOV,5.0,0.10818553,0.10819495,18.67,20.69,20.98,19.19,19.85,1.099519e+07,1.3119762e+08
2024-07-29,LGVN,1.0,0.18313956,0.18313956,3.44,4.07,4.29,3.22,3.47,2.75235e+07,1.0419657e+07
2024-07-29,NIPG,2.0,0.11862528,0.11862528,9.02,10.09,16.75,10.0,16.5,7.038493e+06,9.675881e+06
2024-07-29,OIS,3.0,0.10970473,0.10970473,4.74,5.26,5.75,5.22,5.39,2.449227e+06,3.0650308e+06
2024-07-29,SDA,4.0,0.10531926,0.10531926,9.4,10.39,10.39,9.0,9.17,252949.0,2.6617885e+06
2024-07-30,HLIT,1.0,0.26042557,0.26042557,11.75,14.81,15.31,13.64,14.24,6.780707e+06,2.3039e+07
2024-07-30,MIRA,2.0,0.13100433,0.13100433,2.29,2.59,2.78,2.29,2.295,4.055779e+06,4.2204815e+06
2024-07-30,NXH,3.0,0.12288451,0.12288451,13.59,15.26,15.44,12.21,12.26,6.272444e+06,4.057399e+07
2024-07-30,SERV,4.0,0.11500776,0.11500776,19.39,21.62,24.09,14.59,15.0,7.123648e+07,1.7330406e+09
2024-07-31,PCRX,1.0,0.13561916,0.13561916,19.54,22.19,22.8818,20.32,20.65,1.534925e+06,1.9126612e+07
2024-08-01,BBLG,1.0,0.6944444,0.6944444,2.16,3.66,3.7,2.67,2.72,6.781801e+07,1.0083194e+07
2024-08-01,CDNA,2.0,0.30065036,0.30065036,19.99,26.0,26.5,21.5,23.58,4.586177e+06,2.6733506e+07
2024-08-01,MAX,3.0,0.24335372,0.24335372,14.67,18.24,19.25,15.47,16.59,2.779235e+06,2.1436156e+07
2024-08-01,PRM,4.0,0.16924667,0.16924667,9.69,11.33,11.378,10.05,10.73,2.005993e+06,1.7105398e+07
2024-08-01,RSI,5.0,0.14885116,0.14885116,10.01,11.5,11.59,10.38,10.77,3.76981e+06,2.0183894e+07
2024-08-02,MKDW,1.0,0.9567307,0.95673096,2.08,4.07,4.5,2.72,3.22,1.7708284e+07,1.0788086e+06
2024-08-02,OSTX,2.0,0.183267,0.183267,2.51,2.97,4.9,2.79,4.0,5.138054e+06,1.045661e+06
2024-08-02,LASR,3.0,0.11942959,0.11942959,11.22,12.56,12.71,10.8416,10.89,524370.0,3.183361e+06
2024-08-02,GDYN,4.0,0.10204077,0.10204077,12.25,13.5,14.66,13.1301,13.84,1.338287e+06,4.722816e+06
2024-08-05,INDO,1.0,0.10043669,0.10043669,2.29,2.52,3.93,2.24,3.67,4.9846148e+07,1.637808e+06
2024-08-06,LUMN,1.0,0.5366796,0.5366796,2.59,3.98,5.3,3.65,5.0,3.1186294e+08,1.16265736e+08
2024-08-06,SMX,2.0,0.36923075,0.36923075,3.25,4.45,5.88,2.88,3.58,2.248774e+06,1.2109078e+06
2024-08-06,CORZW,3.0,0.24105,0.24105,4.19,5.2,5.22,4.42,5.09,541657.0,2.2983072e+06
2024-08-06,NPKI,4.0,0.17765045,0.17765045,6.98,8.22,8.22,7.8,8.01,1.953589e+06,5.4379505e+06
2024-08-06,CRVO,5.0,0.156039,0.156039,13.33,15.41,16.32,11.55,12.19,295667.0,4.8180085e+06
2024-08-07,LUMN,1.0,0.444,0.444,5.0,7.22,7.83,6.1,6.63,2.6463861e+08,1.5593147e+09
2024-08-07,CEVA,2.0,0.30192196,0.30192196,16.13,21.0,21.0,18.93,19.44,261303.0,2.8122652e+06
2024-08-07,RYAM,3.0,0.21746874,0.21746874,5.61,6.83,7.88,6.77,7.3,1.690939e+06,3.822194e+06
2024-08-07,INGN,4.0,0.21472394,0.21472394,8.15,9.9,11.3999,9.9,11.08,1.1555e+06,1.7776861e+06
2024-08-07,VTEX,5.0,0.21179402,0.21179402,6.02,7.295,7.295,6.68,6.85,764071.0,2.0852859e+06
2024-08-08,XMTR,1.0,0.36347663,0.36347663,11.39,15.53,16.4389,14.075,16.0,2.825024e+06,1.2220388e+07
2024-08-08,AXGN,2.0,0.3257575,0.3257575,7.92,10.5,10.8649,10.055,10.7,2.630405e+06,4.9824485e+06
2024-08-08,ASPN,3.0,0.31945944,0.31945944,18.5,24.41,24.41,20.76,21.46,5.432865e+06,4.426219e+07
2024-08-08,GPGI,4.0,0.21171749,0.21171772,7.51,9.1,9.79,8.58,9.7,5.77239e+06,3.436824e+06
2024-08-08,PSNL,5.0,0.19791663,0.19791663,2.88,3.45,3.67,3.15,3.43,1.305876e+06,2.4388648e+06
2024-08-09,INOD,1.0,0.25190842,0.25190842,16.375,20.5,21.1,17.11,18.55,1.720059e+06,9.273392e+06
2024-08-09,PBI,2.0,0.2517364,0.2517606,5.68,7.11,7.6968,6.19,6.29,8.719634e+06,2.194969e+07
2024-08-09,ADMA,3.0,0.2387203,0.2387203,12.19,15.1,16.64,14.95,15.96,1.4567792e+07,5.309287e+07
2024-08-09,BLND,4.0,0.23048317,0.23048317,2.69,3.31,4.1398,3.18,3.3,1.7895492e+07,5.842107e+06
2024-08-09,HNST,5.0,0.21604943,0.21604943,3.24,3.94,4.09,3.625,3.68,4.289711e+06,7.813626e+06
2024-08-12,KEY,1.0,0.16628885,0.1663245,14.61,17.04,17.09,15.745,15.94,4.5932624e+07,2.2661536e+08
2024-08-12,BEKE,2.0,0.11929309,0.119030714,14.03,15.7,15.83,14.5,14.8,1.1037158e+07,8.6215944e+07
2024-08-12,ZNTL,3.0,0.110000014,0.110000014,3.0,3.33,3.69,3.0,3.02,1.859009e+06,2.158539e+06
2024-08-13,LWAY,1.0,0.22836757,0.22836757,11.21,13.77,16.9639,13.67,16.66,1.262709e+06,1.2615622e+06
2024-08-13,HSAI,2.0,0.21629214,0.21629214,3.56,4.33,4.59,4.03,4.14,2.261027e+06,1.7518084e+06
2024-08-13,TRDA,3.0,0.12104154,0.12104154,14.21,15.93,15.93,14.6835,15.81,117932.0,1.9321195e+06
2024-08-13,BZFD,4.0,0.12053573,0.12053573,2.24,2.51,2.83,2.42,2.82,1.559184e+06,3.031354e+06
2024-08-13,SPRY,5.0,0.10599077,0.10599077,10.85,12.0,13.1,11.28,13.06,4.358301e+06,2.8085692e+07
2024-08-14,SERV,1.0,0.340405,0.340405,10.37,13.9,14.44,10.9,11.37,4.4246764e+07,1.2284179e+08
2024-08-14,VSXY,2.0,0.16675413,0.16675413,19.07,22.25,23.17,21.41,22.2,1.1211432e+07,2.6527018e+07
2024-08-14,GRAL,3.0,0.12815666,0.12815666,15.84,17.87,17.9,15.09,15.39,1.503357e+06,1.3656789e+07
2024-08-14,STRO,4.0,0.102484465,0.102484465,3.22,3.55,3.69,3.31,3.59,747623.0,1.4301566e+06
2024-08-15,AISP,1.0,0.25595236,0.25595236,2.52,3.165,3.23,2.7,2.86,1.0848467e+07,1.8183841e+06
2024-08-15,GRSD,2.0,0.18799543,0.18799543,8.83,10.49,11.2999,10.44,10.9,2.067414e+06,3.559585e+06
2024-08-15,MF,3.0,0.17216122,0.17216122,13.65,16.0,20.58,13.93,19.79,232565.0,4.0490268e+06
2024-08-15,GOVX,4.0,0.13538456,0.13538468,3.25,3.69,4.12,3.0401,3.35,2.1957584e+07,2.947959e+07
2024-08-15,CLBT,5.0,0.119081855,0.119081855,13.94,15.6,16.42,14.43,14.96,6.443868e+06,2.3213738e+07
2024-08-16,CING,1.0,1.1916666,1.1916666,4.8,10.52,20.83,8.71,17.69,1.0064648e+08,5.055317e+08
2024-08-16,RILYG,2.0,0.38878906,0.38888896,7.2,10.0,10.0001,8.665,8.83,209310.0,2.334456e+06
2024-08-16,RILYN,3.0,0.32782984,0.32777786,7.2,9.56,10.45,8.7501,9.61,641772.0,4.1186375e+06
2024-08-16,RILYP,4.0,0.32167494,0.32159615,4.26,5.63,7.7,5.624,7.21,473298.0,1.549345e+06
2024-08-16,RILY,5.0,0.2400794,0.2400794,5.04,6.25,6.8,5.29,5.85,2.1311312e+07,5.8455744e+07
2024-08-19,VRAX,1.0,1.3568075,1.3568075,2.13,5.02,8.9999,4.31,5.15,9.412063e+07,1.7667282e+07
2024-08-19,GOVX,2.0,0.48017,0.48017,7.06,10.45,11.18,7.06,7.15,4.0726228e+07,7.7106746e+08
2024-08-19,XPER,3.0,0.18278146,0.18278146,7.55,8.93,8.93,8.44,8.78,1.868082e+06,3.661584e+06
2024-08-19,AIFC,4.0,0.16740096,0.16740096,2.27,2.65,3.05,2.6001,2.92,2.98318e+06,4.5395325e+06
2024-08-19,ZIM,5.0,0.156515,0.15634847,19.06,22.04,23.761,21.3201,22.25,2.7212046e+07,8.1662776e+07
2024-08-20,BTTC,1.0,0.77091646,0.77091646,5.02,8.89,14.8,8.3401,10.0,2.4949142e+07,4.542799e+06
2024-08-20,TLS,2.0,0.17647064,0.17647064,2.89,3.4,3.72,3.15,3.62,5.165126e+06,2.498801e+06
2024-08-20,LUNR,3.0,0.17411757,0.17411757,4.25,4.99,6.12,4.51,5.67,9.9635864e+07,1.7892312e+07
2024-08-20,BTBT,4.0,0.13344479,0.13344479,2.99,3.389,3.74,3.32,3.61,2.7215746e+07,3.135511e+07
2024-08-20,TELO,5.0,0.113114715,0.113114715,6.1,6.79,6.79,5.11,5.27,442874.0,5.0782375e+06
2024-08-21,IMMR,1.0,0.14602792,0.14602208,9.93,11.38,11.38,9.8,9.9,3.527253e+06,1.3878228e+07
2024-08-21,ALZN,2.0,0.104783654,0.104783654,4.39,4.85,5.3,4.25,4.35,4.780099e+06,2.0918384e+07
2024-08-22,RZLV,1.0,0.24547517,0.24547517,8.84,11.01,11.9573,10.0001,10.31,238567.0,1.9199861e+06
2024-08-22,PTON,2.0,0.13988101,0.13988101,3.36,3.83,4.75,3.72,4.55,1.3547384e+08,5.1536916e+07
2024-08-22,GOVX,3.0,0.10179639,0.10179639,8.35,9.2,9.5599,7.03,7.32,1.6407872e+07,1.8011082e+08
2024-08-23,FFAI,1.0,0.3059702,0.3059702,8.04,10.5,11.4,6.66,7.23,7.7861896e+07,1.2333414e+09
2024-08-23,VRAX,2.0,0.11969113,0.11969125,5.18,5.8,6.22,5.2003,5.45,7.562517e+06,5.737897e+07
2024-08-26,MF,1.0,0.3191489,0.3191489,2.35,3.1,3.28,2.0601,2.35,3.3787336e+07,8.413044e+07
2024-08-26,CMPS,2.0,0.15438116,0.15438116,7.19,8.3,8.5367,7.52,8.0,2.98943e+06,3.857205e+06
2024-08-26,INDO,3.0,0.13782048,0.13782048,3.12,3.55,3.7,3.22,3.59,3.501832e+06,2.0393536e+06
2024-08-26,DOGZ,4.0,0.12797165,0.12797165,19.77,22.3,23.5,19.04,22.65,338666.0,6.4772255e+06
2024-08-27,TRIB,1.0,0.3990147,0.3990147,2.03,2.84,3.39,2.425,2.5,6.9703256e+07,7.5181985e+06
2024-08-28,VRAX,1.0,0.2781186,0.2781186,4.89,6.25,7.63,4.8,4.87,6.772729e+07,7.497563e+06
2024-08-28,AIXI,2.0,0.11546397,0.11546385,4.85,5.41,6.22,5.2,5.59,813318.0,3.418178e+06
2024-08-28,WEST,3.0,0.10810816,0.10810816,8.51,9.43,9.7,8.62,8.67,1.023981e+06,1.4508444e+06
2024-08-29,BCDA,1.0,0.9545455,0.9545455,2.2,4.3,4.66,2.93,4.02,3.577876e+07,6.0109875e+06
2024-08-29,AZI,2.0,0.29007638,0.2900765,2.62,3.38,3.95,2.7,2.9,5.248754e+06,4.7432555e+06
2024-08-29,IREN,3.0,0.1159029,0.1159029,7.42,8.28,9.2,8.24,8.52,2.7835292e+07,8.909556e+07
2024-08-30,TOVX,1.0,0.3148936,0.3148936,4.7,6.18,7.15,4.95,5.9,2.6144064e+07,2.711177e+07
2024-08-30,LUNR,2.0,0.23443973,0.23443973,4.82,5.95,6.0,4.94,4.97,4.843374e+07,5.2333228e+07
2024-08-30,EBS,3.0,0.17845118,0.17845118,8.91,10.5,10.5,8.0501,8.31,9.930933e+06,1.4733763e+07
2024-08-30,LESL,4.0,0.11199999,0.11199999,2.5,2.78,3.12,2.75,3.02,1.1012884e+07,1.8296424e+07
2024-09-03,SHLS,1.0,0.28756964,0.28756964,5.39,6.94,7.0,6.095,6.23,2.5120868e+07,2.8046734e+07
2024-09-03,SOC,2.0,0.19328976,0.19328976,16.84,20.095,24.36,20.09,23.43,9.168774e+06,6.06112e+06
2024-09-03,BOF,3.0,0.19000006,0.19000006,2.0,2.38,4.11,2.35,3.38,1.4340853e+08,1.760679e+07
2024-09-04,ATRA,1.0,0.20117486,0.20117486,6.81,8.18,9.36,7.77,9.05,1.912811e+06,2.477621e+06
2024-09-04,ASST,2.0,0.12195122,0.12195122,2.05,2.3,3.5,2.3,2.66,8.148985e+07,7.3669096e+07
2024-09-05,APLD,1.0,0.54012334,0.54012334,3.24,4.99,5.71,4.25,5.37,1.498899e+08,1.6507502e+07
2024-09-05,FFAI,2.0,0.15267181,0.15267181,5.24,6.04,6.46,4.81,5.21,2.0096328e+07,3.645434e+08
2024-09-05,PPTA,3.0,0.100123525,0.100123525,8.09,8.9,9.7,8.7,9.02,1.472237e+06,1.5596145e+06
2024-09-06,SGLY,1.0,0.18548381,0.18548393,2.48,2.94,3.41,1.92,2.3,1.092017e+06,6.324486e+06
2024-09-06,FFAI,2.0,0.1477927,0.1477927,5.21,5.98,6.52,4.5,4.8,2.0462118e+07,1.0470187e+08
2024-09-06,LUCK,3.0,0.13391995,0.13345683,10.79,12.23,12.69,11.21,11.5,2.084218e+06,1.7859176e+07
2024-09-06,ITOC,4.0,0.111111045,0.111111045,3.78,4.2,4.2,3.5205,3.9,596406.0,8.477807e+06
2024-09-09,SMMT,1.0,0.3088833,0.3088833,12.27,16.06,21.5,15.9525,19.14,4.7841468e+07,2.5649294e+07
2024-09-09,RLAY,2.0,0.29006422,0.29006422,6.24,8.05,10.72,7.81,9.51,1.906854e+07,5.1696715e+06
2024-09-09,GLSI,3.0,0.13793099,0.13793099,14.5,16.5,16.5,14.2,14.42,112183.0,2.0699185e+06
2024-09-09,RZLT,4.0,0.12643683,0.12643683,4.35,4.9,5.34,4.71,5.31,1.66088e+06,2.576457e+06
2024-09-10,AVO,1.0,0.21608984,0.21608984,10.69,13.0,13.14,12.05,12.99,2.517888e+06,2.9027198e+06
2024-09-10,MTRX,2.0,0.20240688,0.20240688,9.14,10.99,11.2,10.3444,10.54,1.137957e+06,1.612095e+06
2024-09-10,NNE,3.0,0.17567563,0.17567563,7.4,8.7,9.35,7.87,8.79,3.190752e+06,8.559299e+06
2024-09-10,LASE,4.0,0.15828395,0.15828395,6.76,7.83,9.36,7.26,9.15,2.820026e+06,1.2707678e+07
2024-09-10,VRDN,5.0,0.13460195,0.13460195,14.19,16.1,18.98,15.1201,18.75,1.6590334e+07,2.3050888e+07
2024-09-11,PLCE,1.0,0.3897959,0.3897959,4.9,6.81,10.2,6.6,9.1,7.338128e+07,1.2995829e+06
2024-09-11,BKYI,2.0,0.25,0.25,2.0,2.5,2.5,2.09,2.31,1.5274964e+07,2.931188e+08
2024-09-11,SGML,3.0,0.13177466,0.13177466,9.41,10.65,11.64,10.21,10.61,2.199509e+06,5.3207715e+06
2024-09-11,LAR,4.0,0.116279006,0.116279006,2.15,2.4,2.6195,2.37,2.49,3.226799e+06,1.9753449e+06
2024-09-11,PCT,5.0,0.104477525,0.104477525,4.69,5.18,6.99,5.0688,6.76,1.022677e+07,6.113565e+06
2024-09-12,NTGR,1.0,0.2347771,0.2347771,15.93,19.67,21.9399,19.64,20.84,3.260929e+06,5.1701135e+06
2024-09-12,BKYI,2.0,0.13419914,0.13419914,2.31,2.62,3.2199,1.69,1.7,1.9468728e+07,3.5285164e+07
2024-09-12,AURA,3.0,0.105843425,0.105843425,9.07,10.03,10.79,9.4366,9.79,442112.0,1.100064e+06
2024-09-13,TNON,1.0,1.909091,1.909091,4.4,12.8,15.7884,7.2,7.55,2.4784586e+07,1.6367186e+08
2024-09-16,ZNTL,1.0,0.53086424,0.53086424,3.24,4.96,5.44,3.65,3.68,4.4623716e+07,2.1223652e+06
2024-09-16,VRAX,2.0,0.35521233,0.35521245,2.59,3.51,3.5494,2.675,2.84,1.4829639e+07,1.2600324e+06
2024-09-16,BLCO,3.0,0.16720259,0.16720259,15.55,18.15,18.3,17.47,17.8,6.126591e+06,2.3443335e+06
2024-09-16,PDSB,4.0,0.116666675,0.116666675,3.0,3.35,3.35,3.015,3.06,462187.0,1.542816e+06
2024-09-17,EOCN,1.0,0.38501298,0.38501298,3.87,5.36,23.8,5.3401,15.1,9.853116e+07,1.6047806e+06
2024-09-17,BOOM,2.0,0.15490377,0.15490377,10.91,12.6,13.6206,12.4,13.0,1.355202e+06,1.74656e+06
2024-09-17,TDAY,3.0,0.11062896,0.11062896,4.61,5.12,5.57,4.96,5.47,4.208859e+06,7.6688e+06
2024-09-17,CMP,4.0,0.1031487,0.1031487,9.21,10.16,12.8,9.9,11.15,4.490605e+06,1.0561954e+07
2024-09-17,UEIC,5.0,0.100776196,0.100702524,8.54,9.4,9.4,8.57,8.8,316262.0,4.4684185e+06
2024-09-18,LUNR,1.0,0.55185187,0.55185187,5.4,8.38,8.95,7.44,7.47,1.4186456e+08,1.4018072e+08
2024-09-18,SWVL,2.0,0.19016397,0.19016397,3.05,3.63,4.65,2.85,3.19,786071.0,1.5109272e+06
2024-09-19,XCUR,1.0,1.462882,1.462882,2.29,5.64,6.0,3.4601,3.93,1.793572e+07,2.0813494e+07
2024-09-19,EWTX,2.0,0.3502884,0.3502884,19.07,25.75,30.0,24.84,29.5,1.1932326e+07,4.4156548e+07
2024-09-19,EOCN,3.0,0.31884062,0.31884062,6.9,9.1,13.58,7.9,8.4,3.6198704e+07,4.3085256e+07
2024-09-19,ALP,4.0,0.17457116,0.17457116,9.91,11.64,12.93,8.27,10.21,2.478448e+06,5.1104704e+08
2024-09-19,AUTL,5.0,0.14987075,0.14987075,3.87,4.45,4.45,3.81,3.85,764063.0,3.948855e+06
2024-09-20,BATL,1.0,1.2176871,1.2176871,2.94,6.52,6.57,6.45,6.57,1.461623e+06,1.4576961e+06
2024-09-20,PARA,2.0,0.77083254,0.77083325,2.88,5.1,7.5,4.71,5.69,6.1385736e+07,1.7524742e+06
2024-09-20,TNON,3.0,0.34990048,0.34990048,5.03,6.79,7.51,4.97,5.47,1.3179238e+07,2.1792782e+07
2024-09-20,GDHG,4.0,0.25649345,0.25649345,3.08,3.87,4.07,2.5,3.01,9.378286e+06,1.8285836e+06
2024-09-20,EOCN,5.0,0.1726191,0.1726191,8.4,9.85,12.6,8.3601,9.35,1.504762e+07,3.040691e+08
2024-09-23,BDTX,1.0,0.18487382,0.18487382,4.76,5.64,5.69,4.46,4.5,2.9597302e+07,5.78846e+06
2024-09-23,POET,2.0,0.10828018,0.10828018,3.14,3.48,4.56,3.3801,4.4,1.3717173e+07,2.4590282e+06
2024-09-24,PARA,1.0,0.5976145,0.5976192,4.2,6.71,11.2,6.15,8.24,6.2372656e+07,6.4774245e+06
2024-09-24,CAPR,2.0,0.41206038,0.41206038,5.97,8.43,9.2449,7.4239,9.1,3.0528284e+07,8.71091e+06
2024-09-24,HSCS,3.0,0.3945577,0.3945577,2.94,4.1,4.6,3.69,4.25,1.730732e+07,2.408504e+06
2024-09-24,WVE,4.0,0.20037448,0.20037448,5.34,6.41,8.35,6.37,8.19,1.5727975e+07,2.6645908e+06
2024-09-24,TME,5.0,0.13038158,0.13064837,10.18,11.51,12.0084,11.095,11.85,3.0514576e+07,8.39783e+07
2024-09-25,ORBS,1.0,0.6626506,0.6626506,2.49,4.14,4.8601,3.35,3.63,1.0060065e+08,3.5576748e+06
2024-09-25,CLYM,2.0,0.22103667,0.22103667,6.56,8.01,8.15,5.33,5.5,5.350219e+06,1.5287214e+07
2024-09-25,TNON,3.0,0.20398009,0.20398009,4.02,4.84,5.95,4.55,5.39,2.3751696e+07,3.056197e+06
2024-09-26,SBC,1.0,0.23125005,0.23125005,8.0,9.85,10.108,8.85,9.28,235457.0,1.2490336e+07
2024-09-26,NCNA,2.0,0.18688524,0.18688524,3.05,3.62,3.66,2.64,2.75,4.197346e+06,8.289772e+06
2024-09-26,GOTU,3.0,0.17525768,0.17525768,2.91,3.42,3.8,3.41,3.71,1.2564829e+07,2.9627525e+06
2024-09-26,TAL,4.0,0.17067313,0.17067313,8.32,9.74,11.95,9.705,10.28,3.3116896e+07,4.0603028e+07
2024-09-26,BEKE,5.0,0.1560328,0.1559633,16.35,18.9,20.48,18.81,19.69,5.064563e+07,1.9568798e+08
2024-09-27,ONCO,1.0,0.8686297,0.8686296,3.3554,6.27,6.49,5.01,5.96,3.490671e+07,8.594448e+06
2024-09-27,BMEA,2.0,0.19958198,0.19958198,9.57,11.48,12.0091,9.7,9.9,4.092766e+06,4.106132e+07
2024-09-27,LGCY,3.0,0.12935328,0.12935328,4.02,4.54,4.79,4.12,4.39,278948.0,3.537391e+06
2024-09-27,DTSS,4.0,0.106796145,0.106796145,2.06,2.28,2.4994,2.15,2.41,1.096256e+06,2.2913818e+07
2024-09-27,IONQ,5.0,0.104218245,0.104218245,8.06,8.9,10.0,8.58,9.71,4.5245544e+07,3.6050156e+07
2024-09-30,TTEC,1.0,0.38024688,0.38024688,4.05,5.59,5.95,5.03,5.87,1.9719176e+07,1.2838581e+06
2024-09-30,PRME,2.0,0.22254336,0.22254336,3.46,4.23,5.02,3.815,3.87,3.3263476e+07,2.0452614e+06
2024-09-30,TIGR,3.0,0.18777299,0.18777299,4.58,5.44,6.09,5.22,5.34,2.091665e+07,6.3262508e+07
2024-09-30,NIO,4.0,0.18098152,0.18098152,6.52,7.7,7.71,6.66,6.68,2.1440699e+08,1.180003e+09
2024-09-30,MNSO,5.0,0.14743996,0.14711034,17.13,19.65,19.77,17.2,17.54,8.916033e+06,1.1353443e+08
2024-10-01,ARCO,1.0,0.15253818,0.15252292,8.72,10.05,10.268,9.595,9.99,4.594472e+06,1.1400241e+07
2024-10-01,UNFI,2.0,0.15041625,0.15041625,16.82,19.35,22.33,19.06,21.96,7.287706e+06,1.701168e+07
2024-10-02,DUO,1.0,0.25368726,0.25368726,3.39,4.25,4.67,3.63,4.38,8.4795096e+07,5.1018323e+08
2024-10-02,TIGR,2.0,0.2520064,0.2520064,6.23,7.8,8.63,7.21,8.06,7.367341e+07,1.20613e+08
2024-10-02,JOBY,3.0,0.18541658,0.18541658,4.8,5.69,6.32,5.19,6.14,7.082315e+07,4.305218e+07
2024-10-02,HTT,4.0,0.18224287,0.18224287,2.14,2.53,2.53,2.155,2.28,2.42047e+06,2.2082382e+06
2024-10-02,KC,5.0,0.1786834,0.1786834,3.19,3.76,4.04,3.59,3.92,1.0633761e+07,1.1089538e+07
2024-10-03,EVGO,1.0,0.29007638,0.29007638,3.93,5.07,6.49,4.86,6.32,1.2186523e+08,6.6963585e+06
2024-10-03,HKD,2.0,0.28644502,0.28644502,3.91,5.03,5.8,4.58,5.22,4.795594e+07,3.7757604e+07
2024-10-04,ACMR,1.0,0.14814818,0.14814818,18.9,21.7,22.225,20.71,22.04,6.07835e+06,1.4463074e+07
2024-10-04,SND,2.0,0.12470865,0.125,2.0,2.25,2.29,2.14,2.21,669685.0,1.889454e+06
2024-10-04,ULCC,3.0,0.10220444,0.10220444,4.99,5.5,6.19,5.45,5.81,7.166257e+06,1.2195769e+07
2024-10-07,SRRK,1.0,2.5498652,2.5498652,7.42,26.34,34.38,25.15,34.28,4.2667736e+07,4.812731e+06
2024-10-07,AVNW,2.0,0.16219008,0.16219008,19.36,22.5,25.74,22.5,22.74,624208.0,3.2791582e+06
2024-10-07,TIGR,3.0,0.120661855,0.120661855,12.39,13.885,14.48,11.2815,11.46,1.2156748e+08,9.72778e+08
2024-10-07,HERE,4.0,0.118181825,0.11827958,3.72,4.16,6.22,4.06,4.66,9.920409e+06,1.4927728e+06
2024-10-07,NIU,5.0,0.11428571,0.11428571,2.8,3.12,3.5,3.1,3.37,4.286852e+06,2.8232875e+06
2024-10-08,RZLV,1.0,0.15160346,0.15160346,6.86,7.9,8.0799,6.81,6.91,1.136447e+06,1.8991499e+06
2024-10-08,AZUL,2.0,0.14106584,0.14106584,3.19,3.64,3.85,3.37,3.39,3.93031e+06,4.6387675e+06
2024-10-09,LASE,1.0,0.184111,0.184111,7.93,9.39,10.15,7.9601,8.75,2.6263298e+07,5.469228e+08
2024-10-09,AIOS,2.0,0.1319083,0.13190818,19.18,21.71,21.9799,11.39,14.23,1.09254e+06,3.6654708e+06
2024-10-10,UVE,1.0,0.13013697,0.13030672,16.96,19.17,19.51,18.39,18.96,489949.0,1.2276716e+07
2024-10-11,TURB,1.0,0.33003306,0.33003306,3.03,4.03,4.15,1.82,2.16,3.198592e+06,1.0048831e+07
2024-10-11,DJTWW,2.0,0.1367575,0.1367575,16.16,18.37,18.8,17.3,17.7749,647649.0,1.0021155e+07
2024-10-11,AEHR,3.0,0.1343844,0.1343844,13.32,15.11,16.65,13.55,16.02,9.397202e+06,4.4158224e+07
2024-10-14,TONX,1.0,0.7699115,0.7699115,7.91,14.0,16.13,12.2,12.53,3.7895244e+07,1.2303321e+08
2024-10-14,XPON,2.0,0.67364013,0.67364013,2.39,4.0,4.25,3.18,3.52,2.9723104e+07,5.90602e+06
2024-10-14,RILY,3.0,0.1867882,0.1867882,4.39,5.21,5.82,5.11,5.42,1.6890892e+07,7.8441745e+06
2024-10-14,DXYZ,4.0,0.1482966,0.1482966,9.98,11.46,13.43,10.8,12.08,2.396324e+06,1.5472991e+06
2024-10-14,VNDA,5.0,0.14189196,0.14189196,4.44,5.07,5.3,4.77,4.81,5.604169e+06,1.0920225e+06
2024-10-15,RENX,1.0,0.5552764,0.5552764,3.98,6.19,6.61,2.92,3.35,1.2691852e+07,4.8254155e+06
2024-10-15,PARA,2.0,0.4026997,0.4027027,3.7,5.19,5.19,3.4108,3.66,1.1533461e+07,1.3038245e+06
2024-10-15,WOLF,3.0,0.3216169,0.3216169,11.38,15.04,16.25,13.25,13.8,6.667285e+07,8.635547e+07
2024-10-15,MGTX,4.0,0.26077592,0.26077592,4.64,5.85,5.87,4.835,5.33,2.040966e+06,1.5218458e+06
2024-10-15,IMRX,5.0,0.22500002,0.22500002,2.0,2.45,2.51,2.15,2.31,2.5792664e+07,1.885346e+06
2024-10-16,BDRX,1.0,0.6926148,0.69261456,5.01,8.48,10.89,6.7607,8.4,7.326281e+06,3.0667915e+06
2024-10-16,WVE,2.0,0.40712607,0.40712607,8.56,12.045,15.54,11.98,14.9,1.73261e+07,7.5604065e+06
2024-10-16,NVCR,3.0,0.20697403,0.20697403,17.78,21.46,21.8165,17.69,17.87,6.732625e+06,4.928344e+07
2024-10-16,LAC,4.0,0.16853929,0.16853929,2.67,3.12,3.418,2.81,3.29,4.1821136e+07,1.1931491e+07
2024-10-16,PHUN,5.0,0.15213358,0.15213358,5.39,6.21,6.62,5.8,6.34,9.049393e+06,2.358886e+08
2024-10-17,VSME,1.0,0.5405406,0.5405406,2.22,3.42,3.69,1.75,2.25,2.5711544e+07,5.9234884e+07
2024-10-17,GEVO,2.0,0.36888885,0.36888885,2.25,3.08,3.1,2.42,2.65,5.122676e+07,3.2260314e+07
2024-10-17,RENX,3.0,0.22614849,0.22614849,2.83,3.47,4.25,3.0,3.19,5.187627e+06,1.2892092e+06
2024-10-17,SLQT,4.0,0.17777777,0.17777777,2.25,2.65,2.78,1.95,2.1,6.718219e+06,1.891053e+06
2024-10-17,ALAR,5.0,0.17668271,0.17668271,16.64,19.58,21.47,17.76,18.13,1.612785e+06,1.9464056e+07
2024-10-18,SOBR,1.0,0.899371,0.89937115,7.95,15.1,19.35,9.45,10.26,6.405283e+06,8.744753e+06
2024-10-18,HEPS,2.0,0.60454535,0.60454535,2.2,3.53,4.05,2.9,3.51,4.3863348e+07,1.4422189e+06
2024-10-18,SUNE,3.0,0.49546278,0.49546266,5.51,8.24,12.18,7.2,8.15,3.1693972e+07,1.8217196e+07
2024-10-18,TNON,4.0,0.3119533,0.3119533,3.43,4.5,4.57,3.71,4.14,9.19888e+06,1.3577714e+07
2024-10-18,AIFF,5.0,0.1690141,0.1690141,2.84,3.32,4.26,3.0438,4.05,3.433936e+06,1.02706325e+06
2024-10-21,BIVI,1.0,0.7446809,0.7446809,2.35,4.1,7.5,2.41,2.63,1.4723891e+08,1.2290654e+08
2024-10-21,ISPC,2.0,0.59649134,0.59649134,4.56,7.28,8.3,5.57,6.3,9.451572e+06,3.8134368e+06
2024-10-21,XPON,3.0,0.3892858,0.3892858,2.8,3.89,4.29,3.35,3.63,9.351202e+06,4.6346525e+06
2024-10-21,LTBR,4.0,0.32738948,0.32738948,7.01,9.305,9.78,7.87,8.83,1.2326852e+07,5.4098176e+07
2024-10-21,AUST,5.0,0.24279833,0.24279833,2.43,3.02,3.1145,2.25,2.56,1.488718e+06,3.1179232e+06
2024-10-22,SOBR,1.0,0.14999998,0.1500001,9.0,10.35,10.8,9.12,9.99,1.424862e+06,2.840967e+06
2024-10-22,BIVI,2.0,0.14068449,0.14068437,2.63,3.0,3.65,2.9,3.36,3.5266564e+07,3.8723837e+08
2024-10-22,ARQQ,3.0,0.13559318,0.13559318,7.08,8.04,9.7592,7.0,7.34,768306.0,1.877878e+06
2024-10-22,PHUN,4.0,0.1058265,0.1058265,8.41,9.3,13.37,9.03,11.64,6.4735424e+07,5.606998e+07
2024-10-23,BIVI,1.0,0.21726203,0.21726203,3.36,4.09,4.48,2.57,2.57,3.5786104e+07,1.1849565e+08
2024-10-23,PHUN,2.0,0.21134019,0.21134019,11.64,14.1,14.6,12.65,14.14,4.392127e+07,7.535204e+08
2024-10-23,UPWK,3.0,0.16417909,0.16417909,10.05,11.7,12.85,11.6,12.73,1.4743299e+07,1.1194293e+07
2024-10-23,HOWL,4.0,0.1432507,0.1432507,3.63,4.15,4.18,3.26,3.4,3.859965e+06,3.0601492e+07
2024-10-23,ORIC,5.0,0.141217,0.141217,8.71,9.94,10.42,8.725,8.82,878817.0,1.8556655e+06
2024-10-24,TVGN,1.0,0.21370971,0.21370971,2.48,3.01,3.03,2.2,2.56,4.645694e+07,3.3569942e+08
2024-10-24,QS,2.0,0.18339777,0.18339777,5.18,6.13,7.03,6.05,6.5,6.917525e+07,5.1843908e+07
2024-10-24,HAPN,3.0,0.18138039,0.18138039,12.46,14.72,15.515,13.54,13.82,8.594855e+06,3.1919778e+07
2024-10-24,SUNE,4.0,0.14593303,0.14593303,4.18,4.79,5.11,4.22,4.5,3.330572e+06,4.3878965e+06
2024-10-24,MXL,5.0,0.1432414,0.1432414,14.87,17.0,17.095,14.93,15.09,4.863221e+06,2.968455e+07
2024-10-25,UPXI,1.0,2.0266666,2.0266666,3.0,9.08,15.91,7.13,8.1,3.2377512e+07,7.14462e+06
2024-10-25,FRMM,2.0,0.3917526,0.3917526,3.88,5.4,5.9,4.14,4.26,9.098129e+06,1.1703555e+06
2024-10-25,XPON,3.0,0.36931813,0.36931825,3.52,4.82,5.48,4.03,4.29,3.0268028e+07,1.0936907e+07
2024-10-25,NWL,4.0,0.20901322,0.20891368,7.18,8.68,9.125,8.2,8.73,2.1253426e+07,5.228133e+07
2024-10-25,FFAI,5.0,0.20000005,0.20000005,2.0,2.4,2.51,2.07,2.16,3.5789484e+07,6.630978e+06
2024-10-28,AMIX,1.0,1.4928663,1.4928663,7.71,19.22,21.49,11.81,12.38,1.8364936e+07,1.0602252e+06
2024-10-28,EYPT,2.0,0.124210596,0.124210596,9.5,10.68,13.985,10.35,12.12,4.565927e+06,3.5629655e+06
2024-10-28,PHUN,3.0,0.12074518,0.12074518,10.6,11.8799,12.2,10.08,10.56,3.005396e+07,3.2522106e+08
2024-10-28,AVTX,4.0,0.1080333,0.1080333,14.44,16.0,16.0,13.1,14.1,56122.0,3.8363325e+06
2024-10-28,IONR,5.0,0.10306752,0.10306752,8.15,8.99,9.35,8.5001,8.79,164258.0,2.2698565e+06
2024-10-29,VFC,1.0,0.1927563,0.19230771,17.03,20.305,21.93,19.7,21.63,2.9999612e+07,2.2881085e+08
2024-10-29,PRQR,2.0,0.11782479,0.11782479,3.31,3.7,3.85,3.45,3.45,1.385561e+06,1.1389644e+06
2024-10-30,ASPI,1.0,0.484375,0.484375,5.76,8.55,9.23,6.8373,6.9,5.1265692e+07,2.5429808e+07
2024-10-30,NRDS,2.0,0.28091872,0.28091872,11.32,14.5,15.624,13.45,15.06,5.561133e+06,1.2853712e+07
2024-10-30,EXTR,3.0,0.16033757,0.16033757,14.22,16.5,17.0,15.865,15.92,4.613202e+06,2.0922952e+07
2024-10-30,UIS,4.0,0.1486988,0.1486988,5.38,6.18,7.28,6.07,7.2,3.175957e+06,2.8385365e+06
2024-10-30,BIVI,5.0,0.1484375,0.1484375,2.56,2.94,2.98,2.56,2.84,6.227229e+06,9.887588e+06
2024-10-31,AMIX,1.0,0.51269543,0.5126953,10.24,15.49,17.1499,11.81,14.31,8.525206e+06,1.9053465e+06
2024-10-31,ORN,2.0,0.2785977,0.2785977,5.42,6.93,7.46,6.01,6.11,1.40722e+06,2.2474138e+06
2024-10-31,RELY,3.0,0.24442983,0.24442983,15.26,18.99,19.9,17.14,17.98,7.50923e+06,4.1402364e+07
2024-10-31,ATEC,4.0,0.24110317,0.24110317,5.62,6.975,8.42,6.97,7.85,1.6686336e+07,1.8513032e+07
2024-10-31,BAND,5.0,0.214172,0.214172,18.84,22.875,23.0,19.4926,19.5,900274.0,4.940903e+06
2024-11-01,NAGE,1.0,0.18051577,0.18051577,3.49,4.12,5.98,3.83,5.86,3.7879776e+07,2.2273285e+06
2024-11-01,TILE,2.0,0.1686815,0.16886091,17.47,20.42,23.4594,20.18,23.24,2.159813e+06,7.780107e+06
2024-11-01,PESI,3.0,0.12891209,0.12891209,13.42,15.15,16.25,14.5,14.84,350717.0,1.5782725e+06
2024-11-01,ADMA,4.0,0.12139797,0.12139797,16.31,18.29,20.18,18.24,19.37,1.1737821e+07,4.753897e+07
2024-11-01,MD,5.0,0.12012994,0.12012994,12.32,13.8,15.42,12.96,15.21,3.254426e+06,7.7127635e+06
2024-11-04,CC,1.0,0.14431131,0.14422,17.82,20.39,21.25,19.9,20.58,5.52981e+06,2.8896698e+07
2024-11-04,IART,2.0,0.14107883,0.14107883,19.28,22.0,24.9,21.4785,24.12,3.689107e+06,4.161305e+07
2024-11-04,EVO,3.0,0.13144326,0.13144326,3.88,4.39,4.47,4.36,4.4,386599.0,1.3403499e+06
2024-11-04,CVRX,4.0,0.120895624,0.120895624,13.4,15.02,15.77,14.5,15.05,1.247757e+06,4.511713e+06
2024-11-05,LUCK,1.0,0.18549371,0.18593454,10.38,12.31,12.64,11.3,11.62,1.873539e+06,1.7298676e+07
2024-11-05,GOGO,2.0,0.18015265,0.18015265,6.55,7.73,9.02,7.68,8.53,9.432054e+06,7.502272e+06
2024-11-05,LIND,3.0,0.1368984,0.1368984,9.35,10.63,11.97,10.33,11.71,1.751658e+06,1.7945175e+06
2024-11-05,AVO,4.0,0.12201154,0.12201154,12.13,13.61,13.77,13.085,13.35,681235.0,2.2492902e+06
2024-11-05,KC,5.0,0.11913359,0.11913359,2.77,3.1,3.32,3.08,3.31,5.706151e+06,6.959711e+06
2024-11-06,GEO,1.0,0.2782551,0.2782551,15.13,19.34,21.54,19.06,21.5,2.0190734e+07,8.733691e+07
2024-11-06,TMCI,2.0,0.24999988,0.24999988,5.76,7.2,7.885,6.89,7.78,3.207911e+06,7.696979e+06
2024-11-06,CXW,3.0,0.24431396,0.24431396,13.63,16.96,18.235,16.5,17.58,6.542257e+06,1.6105821e+07
2024-11-06,MGNX,4.0,0.21750665,0.21750665,3.77,4.59,5.1,4.09,4.19,3.089887e+06,2.1208965e+06
2024-11-06,PHUN,5.0,0.20486665,0.20486665,6.37,7.675,7.88,6.52,7.43,2.0287016e+07,7.893322e+07
2024-11-07,DXYZ,1.0,0.36375082,0.36375082,15.89,21.67,27.88,20.01,22.1,1.2205806e+07,8.522964e+07
2024-11-07,EBS,2.0,0.24239135,0.24239135,9.2,11.43,12.73,10.9801,11.0,5.624293e+06,1.4892969e+07
2024-11-07,LYFT,3.0,0.23472226,0.23472226,14.4,17.78,18.82,17.4,17.69,7.396142e+07,4.8719616e+08
2024-11-07,UPWK,4.0,0.20644724,0.20644724,14.58,17.59,17.79,15.77,16.25,9.731375e+06,6.3182284e+07
2024-11-07,UAA,5.0,0.18971431,0.18971431,8.75,10.41,11.89,10.16,11.13,3.7175204e+07,1.2474573e+08
2024-11-08,INDI,1.0,0.3527696,0.3527696,3.43,4.64,5.52,4.6,5.48,3.622056e+07,1.0025269e+07
2024-11-08,VMAR,2.0,0.34113717,0.34113717,2.99,4.01,4.07,3.2146,3.37,2.4075522e+07,1.0027832e+06
2024-11-08,FTRE,3.0,0.29362893,0.29362893,18.05,23.35,25.18,22.58,23.5,7.122369e+06,3.542803e+07
2024-11-08,PRCH,4.0,0.23605156,0.23605156,2.33,2.88,3.819,2.85,3.62,1.6770971e+07,4.9427035e+06
2024-11-08,TNYA,5.0,0.20000005,0.20000005,2.5,3.0,3.13,2.64,2.76,7.138627e+06,1.6960842e+07
2024-11-11,CANG,1.0,0.1735295,0.17352939,3.4,3.99,4.2,3.76,4.16,1.197829e+06,3.1708605e+06
2024-11-11,BTBT,2.0,0.17249417,0.17249417,4.29,5.03,5.51,4.93,5.42,6.0414496e+07,7.881921e+07
2024-11-11,MARA,3.0,0.15844154,0.15844154,19.25,22.3,25.465,21.8,25.01,1.255407e+08,9.079153e+08
2024-11-11,AISP,4.0,0.12727273,0.12727273,2.75,3.1,3.35,2.9503,3.18,2.643579e+06,3.5426572e+06
2024-11-11,AZI,5.0,0.12648225,0.12648213,2.53,2.85,3.2,2.6,2.92,5.464369e+06,3.3919536e+07
2024-11-12,BTCT,1.0,0.87301576,0.87301576,2.52,4.72,17.0,4.08,10.5,1.2843691e+08,5.3778665e+06
2024-11-12,EVGO,2.0,0.17777777,0.17777777,5.4,6.36,6.63,4.7501,4.89,2.5222572e+07,4.7717524e+07
2024-11-12,SDGR,3.0,0.17707264,0.17707264,19.54,23.0,23.65,21.35,22.25,2.961433e+06,2.5000864e+07
2024-11-12,GOVX,4.0,0.16242039,0.16242039,3.14,3.65,3.88,2.8,3.25,2.1156776e+07,1.0428851e+08
2024-11-12,ALIT,5.0,0.1528635,0.1528151,7.46,8.6,8.925,8.0,8.46,1.9454474e+07,3.54716e+07
2024-11-13,BTCT,1.0,1.1457143,1.1457143,10.5,22.53,26.58,15.36,17.65,4.5367584e+07,1.3485875e+09
2024-11-13,RKLB,2.0,0.31241477,0.31241477,14.66,19.24,22.55,18.65,18.83,1.2100125e+08,3.6875123e+08
2024-11-13,BTCS,3.0,0.24613762,0.24618053,2.88,3.589,5.41,3.38,4.17,6.927197e+07,1.1903839e+08
2024-11-13,KAPA,4.0,0.24130738,0.24129868,2.0543,2.55,2.75,1.69,2.21,1.1059273e+07,3.1138382e+06
2024-11-13,SSYS,5.0,0.22765195,0.22765195,8.39,10.3,10.6,9.66,10.11,3.189949e+06,5.376153e+06
2024-11-14,QUBT,1.0,0.37969923,0.37969923,2.66,3.67,4.69,3.23,4.4,2.3261941e+08,2.717772e+08
2024-11-14,BTCT,2.0,0.37110484,0.37110484,17.65,24.2,24.8,16.89,19.75,2.0498598e+07,8.0073786e+08
2024-11-14,GRSD,3.0,0.2609117,0.2609117,10.31,13.0,13.0,11.13,12.43,1.205431e+06,2.8042582e+06
2024-11-14,BTCS,4.0,0.22308445,0.2230215,4.17,5.1,5.3599,4.08,4.88,3.9731304e+07,2.888641e+08
2024-11-14,LUNR,5.0,0.20833325,0.20833325,11.76,14.21,14.9,10.11,10.23,6.295187e+07,4.7694563e+08
2024-11-15,BE,1.0,0.5775603,0.5775603,13.28,20.95,22.5,17.8,21.14,6.4764264e+07,5.79823e+07
2024-11-15,VIP,2.0,0.54251003,0.54251003,2.47,3.81,3.839,2.58,2.67,4.020514e+07,4.997015e+06
2024-11-15,FCEL,3.0,0.17831671,0.17831671,7.01,8.26,9.45,5.87,6.16,1.3371592e+07,2.6299628e+07
2024-11-15,ZETA,4.0,0.1525619,0.1525619,17.37,20.02,20.02,16.66,17.58,2.5433628e+07,5.981365e+08
2024-11-15,RCAT,5.0,0.14427865,0.14427865,4.02,4.6,5.01,4.425,4.7,7.470718e+06,6.7812415e+06
2024-11-18,UAVS,1.0,0.6172414,0.6172414,2.9,4.69,5.22,3.62,3.89,6.9671384e+07,1.3494437e+07
2024-11-18,ACRS,2.0,0.18536592,0.18536592,2.05,2.43,3.54,2.29,3.14,3.0677094e+07,1.5088635e+06
2024-11-18,MI,3.0,0.17878795,0.17878795,3.3,3.89,4.46,2.05,2.5,356403.0,2.8321852e+06
2024-11-18,ALDX,4.0,0.16389549,0.16389549,4.21,4.9,5.12,4.32,4.7,2.084824e+06,2.6322688e+06
2024-11-18,RGNX,5.0,0.1536864,0.1536864,9.63,11.11,11.38,9.93,10.15,3.073762e+06,1.2372422e+07
2024-11-19,ACRS,1.0,0.18152869,0.18152869,3.14,3.71,5.17,3.69,4.59,5.6385764e+07,9.632608e+07
2024-11-20,SPAI,1.0,0.25217402,0.25217402,2.3,2.88,3.6099,2.71,3.2,3.8023064e+07,3.007445e+07
2024-11-20,KC,2.0,0.23747265,0.23747265,4.59,5.68,6.5387,5.56,6.53,1.1646868e+07,1.3171533e+07
2024-11-20,RCAT,3.0,0.18987346,0.18987346,4.74,5.64,6.9,5.6199,6.37,1.9335108e+07,3.832288e+07
2024-11-20,BTCT,4.0,0.18811274,0.18811274,16.32,19.39,20.56,17.53,18.1,6.439226e+06,1.0227187e+08
2024-11-20,XCUR,5.0,0.17525768,0.17525768,5.82,6.84,14.8,6.83,11.19,2.2917374e+07,2.1564806e+07
2024-11-21,SPAI,1.0,0.9302188,0.9302188,3.2,6.1767,6.4999,4.1,4.47,4.3341916e+07,1.2167381e+08
2024-11-21,SKK,2.0,0.5372807,0.5372808,4.56,7.01,11.45,0.77,1.1,4.0473244e+07,3.7215618e+06
2024-11-21,CRNC,3.0,0.20567381,0.20567381,2.82,3.4,6.41,3.3914,5.83,7.755594e+07,2.6590908e+06
2024-11-21,RMSG,4.0,0.19946814,0.19946814,3.76,4.51,4.75,3.26,4.19,4.946539e+06,4.2330455e+06
2024-11-21,QUBT,5.0,0.15217388,0.15217388,3.68,4.24,5.31,4.03,4.76,1.3416859e+08,3.894246e+08
2024-11-22,XCUR,1.0,0.38581955,0.38581955,10.86,15.05,19.62,12.6401,18.38,4.594995e+06,1.107392e+07
2024-11-22,REPL,2.0,0.2380091,0.2380091,11.05,13.68,17.0,13.13,14.93,6.068539e+06,9.749117e+06
2024-11-22,ARQQ,3.0,0.1574508,0.1574508,10.67,12.35,14.45,11.5,12.92,1.943977e+06,9.607033e+06
2024-11-22,PDYN,4.0,0.110000014,0.110000014,2.0,2.22,5.05,2.15,4.6,8.3072264e+07,1.2723522e+07
2024-11-22,QMCO,5.0,0.106965184,0.106965184,4.02,4.45,10.5,4.2001,9.13,3.9483936e+07,5.8198425e+06
2024-11-25,QMCO,1.0,0.49616647,0.49616647,9.13,13.66,27.7799,13.5,21.77,3.1526062e+07,3.6048835e+08
2024-11-25,QUBT,2.0,0.22459018,0.22459018,6.1,7.47,9.2,6.52,7.7,1.3490176e+08,6.027247e+08
2024-11-25,UMAC,3.0,0.2136364,0.2136364,4.4,5.34,6.5,4.5,5.91,983181.0,2.0322456e+06
2024-11-25,XCUR,4.0,0.20783472,0.20783472,18.38,22.2,32.49,18.55,26.74,2.459414e+06,8.445601e+07
2024-11-25,PDYN,5.0,0.19565225,0.19565225,4.6,5.5,5.85,4.26,4.41,1.7543814e+07,3.821324e+08
2024-11-26,ZENA,1.0,0.89875376,0.89875376,6.42,12.19,12.43,8.0,10.3,8.0371384e+07,7.472909e+08
2024-11-26,ZDAI,2.0,0.8975332,0.8975332,10.54,20.0,107.36,17.99,107.36,2.932177e+06,6.5624465e+06
2024-11-26,SMTK,3.0,0.41068137,0.41068137,5.43,7.66,7.8,5.66,7.3,5.843428e+06,1.7432846e+07
2024-11-26,CRBU,4.0,0.24257421,0.24257421,2.02,2.51,2.515,1.99,2.02,2.793321e+06,2.6841962e+06
2024-11-26,ARWR,5.0,0.2213943,0.2213943,18.79,22.95,24.23,20.847,21.05,8.052165e+06,2.8299206e+07
2024-11-27,UMAC,1.0,0.8953358,0.8953358,5.36,10.159,11.67,7.19,9.89,5.683897e+07,3.705813e+06
2024-11-27,QMCO,2.0,0.33197916,0.33197916,17.23,22.95,25.1,17.0,17.86,6.038209e+06,2.1981232e+08
2024-11-27,IREN,3.0,0.11924684,0.11924684,9.56,10.7,12.7,10.61,12.4,4.4547468e+07,1.6905541e+08
2024-11-27,RGTI,4.0,0.113636374,0.113636374,2.2,2.45,2.52,2.3,2.4,6.2233556e+07,2.7878224e+08
2024-11-27,HSAI,5.0,0.10932946,0.10932946,6.86,7.61,7.99,7.05,7.35,8.948064e+06,2.5040109e+08
2024-11-29,UMAC,1.0,0.4408493,0.4408493,9.89,14.25,19.5,12.8,18.73,6.2631516e+07,5.621374e+08
2024-11-29,SOS,2.0,0.28398788,0.28398788,9.93,12.75,13.89,11.5,12.4,1.44617e+06,4.0780416e+07
2024-11-29,CABA,3.0,0.26245844,0.26245844,3.01,3.8,4.6,3.61,3.82,1.7976614e+07,1.376898e+07
2024-11-29,VCIG,4.0,0.21951222,0.21951222,4.1,5.0,5.49,4.17,4.39,2.9910616e+07,1.0560625e+09
2024-11-29,AMBR,5.0,0.1169014,0.1169014,7.1,7.93,7.94,5.8003,7.02,170660.0,1.7231984e+06
2024-12-02,CABA,1.0,0.3272252,0.3272252,3.82,5.07,5.46,3.91,4.13,2.02949e+07,6.8670664e+07
2024-12-02,UMAC,2.0,0.18366265,0.18366265,18.73,22.17,23.62,14.0,15.07,3.1673992e+07,1.1730883e+09
2024-12-02,AISP,3.0,0.17948723,0.17948723,3.12,3.68,3.94,3.17,3.23,3.947699e+06,9.129928e+06
2024-12-02,CRVO,4.0,0.17777777,0.17777777,10.8,12.72,12.83,9.77,10.49,280540.0,3.7174898e+06
2024-12-02,PDYN,5.0,0.16099072,0.16099072,6.46,7.5,7.93,5.63,5.92,7.761659e+06,3.2195846e+07
2024-12-03,SHIM,1.0,0.2571429,0.2571429,2.8,3.52,3.78,2.535,3.01,2.0777084e+07,5.7897585e+06
2024-12-03,VIR,2.0,0.22699392,0.22699392,8.15,10.0,10.0,8.95,9.2,4.080799e+06,1.5497836e+07
2024-12-03,PRCH,3.0,0.16710877,0.16710877,3.77,4.4,5.7,4.39,5.61,1.6865606e+07,4.392966e+06
2024-12-03,EOSE,4.0,0.14186847,0.14186847,2.89,3.3,3.445,2.9,2.93,1.5926911e+07,1.2245563e+07
2024-12-03,PPTA,5.0,0.10797346,0.10797346,9.03,10.005,10.89,9.5701,10.59,2.122307e+06,5.493283e+06
2024-12-04,XCUR,1.0,0.245,0.245,14.0,17.43,22.3642,17.43,21.52,928655.0,6.070722e+06
2024-12-04,VCIG,2.0,0.17999995,0.18000007,2.5,2.95,3.67,2.51,2.54,2.218169e+07,7.99969e+06
2024-12-04,CHR,3.0,0.1328671,0.13286722,2.86,3.24,3.45,2.98,3.0,2.475865e+06,3.3419612e+06
2024-12-04,NA,4.0,0.101252675,0.101252675,9.58,10.55,13.86,9.4,12.02,401662.0,1.2358488e+06
2024-12-05,TARA,1.0,1.6694915,1.6694915,3.54,9.45,10.48,5.95,6.02,1.1126782e+08,4.121452e+06
2024-12-05,PRFX,2.0,0.82089555,0.82089555,2.68,4.88,5.8399,4.07,4.5,3.3216124e+07,1.2935781e+07
2024-12-05,BJDX,3.0,0.6812339,0.6812339,3.89,6.54,7.19,4.8,6.2,1.7038528e+07,1.5666702e+06
2024-12-05,MEI,4.0,0.30897307,0.30921626,11.61,15.2,17.45,13.62,14.02,1.876921e+06,5.01069e+06
2024-12-05,CAPR,5.0,0.163522,0.163522,12.72,14.8,15.8,13.54,14.53,3.272571e+06,6.7459656e+07
2024-12-06,ZBAO,1.0,0.56470597,0.56470597,2.55,3.99,4.27,2.55,2.79,1.0743342e+07,5.892596e+06
2024-12-06,NEXR,2.0,0.39130425,0.39130437,2.3,3.2,3.96,2.41,2.9,2.0285352e+07,4.1346225e+06
2024-12-06,ASAN,3.0,0.293661,0.293661,15.46,20.0,22.54,19.01,22.19,2.3918112e+07,6.953223e+07
2024-12-06,WOOF,4.0,0.21836734,0.21836734,4.9,5.97,6.29,5.0201,5.29,1.8198332e+07,3.2749772e+07
2024-12-06,ZNB,5.0,0.20569205,0.20569205,3.865,4.66,4.83,3.2101,3.41,8.294702e+06,1.6626766e+06
2024-12-09,GXAI,1.0,0.4000001,0.4000001,2.6,3.64,5.55,3.49,4.08,1.0783994e+08,3.8015654e+08
2024-12-09,QMCO,2.0,0.23636365,0.23636365,13.75,17.0,18.0,14.78,15.89,2.496482e+06,3.3203156e+07
2024-12-09,BBAI,3.0,0.22781062,0.22781062,3.38,4.15,4.49,3.55,3.66,1.0500648e+08,2.419708e+08
2024-12-09,NUAI,4.0,0.21457493,0.21457493,9.88,12.0,12.29,7.65,8.5,116167.0,1.1158078e+06
2024-12-09,SATL,5.0,0.21173465,0.21173465,3.92,4.75,5.49,4.62,4.74,8.181903e+06,2.1559996e+07
2024-12-10,QURE,1.0,0.8807403,0.8807403,7.295,13.72,17.39,12.8,15.3,6.192811e+07,5.0361835e+06
2024-12-10,CRDF,2.0,0.47540975,0.47540975,2.44,3.6,4.15,3.21,3.78,4.8663936e+07,1.1178616e+06
2024-12-10,PBM,3.0,0.3574823,0.35748792,2.07,2.81,2.84,2.03,2.07,1.7382376e+07,1.0047283e+06
2024-12-10,NAMS,4.0,0.34989202,0.34989202,18.52,25.0,26.36,22.23,26.19,9.602543e+06,1.1346056e+07
2024-12-10,GELS,5.0,0.264045,0.264045,3.56,4.5,5.5,3.6217,4.41,6.455302e+06,3.4099944e+07
2024-12-11,CADL,1.0,1.7219088,1.7219088,4.61,12.548,14.6,6.13,7.75,1.0077278e+08,3.36867e+06
2024-12-11,RGTIW,2.0,0.4079423,0.4079423,2.77,3.9,3.94,2.47,3.35,3.077288e+06,9.06513e+06
2024-12-11,FEIM,3.0,0.27990627,0.27990627,12.79,16.37,17.8563,15.69,16.7,909643.0,2.9476602e+06
2024-12-11,SFIX,4.0,0.24956524,0.24956524,4.6,5.748,6.985,5.33,6.64,2.7711592e+07,4.0563984e+07
2024-12-11,RGTI,5.0,0.22496152,0.22496152,6.49,7.95,7.96,5.78,7.38,3.1325325e+08,1.6141203e+09
2024-12-12,TRVI,1.0,0.57028115,0.57028115,2.49,3.91,4.6,3.43,3.6,6.3852972e+07,1.6778566e+06
2024-12-12,ZENA,2.0,0.20562387,0.20562387,5.69,6.86,7.76,6.0302,7.29,1.937704e+07,3.642169e+06
2024-12-12,SRFM,3.0,0.16519177,0.16519177,3.39,3.95,4.5,3.61,3.82,1.929359e+06,1.4876304e+06
2024-12-12,APVO,4.0,0.14685309,0.14685309,10.01,11.48,14.9,5.3,5.63,6.494019e+06,3.908795e+06
2024-12-12,JUNS,5.0,0.12956524,0.12956524,11.5,12.99,19.0,12.5,15.37,1.006574e+06,5.2410905e+06
2024-12-13,AMPG,1.0,0.18636358,0.18636358,2.2,2.61,2.87,2.23,2.31,3.984465e+07,1.7618294e+08
2024-12-13,GRRR,2.0,0.17945373,0.17945373,7.69,9.07,9.57,8.31,8.875,5.809169e+06,1.5957565e+07
2024-12-13,ISPC,3.0,0.13913035,0.13913047,3.45,3.93,4.66,2.76,2.92,2.635251e+06,1.3199251e+06
2024-12-13,TASK,4.0,0.12680113,0.12711334,15.97,18.0,18.5962,16.6401,18.46,929658.0,3.153053e+06
2024-12-13,MESO,5.0,0.12192774,0.12192774,10.375,11.64,11.9755,11.53,11.76,392231.0,2.0892552e+06
2024-12-16,AEHR,1.0,0.21856034,0.21856034,11.53,14.05,15.05,12.62,14.49,7.045167e+06,6.010393e+06
2024-12-16,RCAT,2.0,0.19805586,0.19805586,8.23,9.86,11.33,8.9,10.45,4.964603e+07,6.0387804e+07
2024-12-16,SGMT,3.0,0.17995441,0.17995441,4.39,5.18,6.22,4.93,5.73,4.915988e+06,1.7435675e+06
2024-12-16,VRDN,4.0,0.1770308,0.1770308,17.85,21.01,23.65,20.9517,21.54,8.844376e+06,2.78221e+07
2024-12-16,WKEY,5.0,0.14795911,0.14795911,7.84,9.0,14.0,9.0,12.0,5.202976e+07,5.9211974e+08
2024-12-17,QUBT,1.0,0.2806859,0.2806859,11.08,14.19,18.0599,12.6,16.79,1.9397987e+08,1.2695469e+09
2024-12-17,MNTS,2.0,0.270473,0.27040815,7.84,9.96,11.7,7.08,8.09,4.019493e+06,1.0500034e+07
2024-12-17,SIDU,3.0,0.21834064,0.21834064,4.58,5.58,7.65,4.61,5.6,7.4332376e+07,1.3597999e+09
2024-12-17,MITK,4.0,0.203372,0.203372,9.49,11.42,11.56,10.3101,10.93,4.059578e+06,1.9677316e+07
2024-12-17,TEVA,5.0,0.20109022,0.20109022,16.51,19.83,21.05,19.03,20.88,5.781889e+07,1.1436076e+08
2024-12-18,DFNS,1.0,0.53956234,0.53956234,11.88,18.29,67.77,16.9,50.79,5.4523416e+07,2.0718762e+09
2024-12-18,VISN,2.0,0.21909034,0.2192514,5.61,6.84,6.9,5.965,6.13,1.0281556e+07,3.023831e+07
2024-12-18,RZLV,3.0,0.18844986,0.18844986,3.29,3.91,4.3191,3.495,3.75,4.4897264e+07,2.3862198e+08
2024-12-18,BIOA,4.0,0.17073178,0.17073178,4.1,4.8,5.12,3.97,4.3,4.714861e+06,3.8394325e+06
2024-12-18,SOUNW,5.0,0.15799093,0.15799093,10.95,12.68,16.23,12.4901,15.05,1.104054e+06,5.4739595e+06
2024-12-19,CURR,1.0,1.19,1.19,2.0,4.38,4.38,2.22,2.39,1.8924612e+07,7.497716e+06
2024-12-19,MESO,2.0,0.52489793,0.52489793,12.25,18.68,19.1489,14.35,16.76,3.986857e+06,1.0576417e+07
2024-12-19,ELAB,3.0,0.4837209,0.4837209,2.15,3.19,3.56,2.1601,2.35,1.9975294e+07,4.8287175e+06
2024-12-19,KULR,4.0,0.39423084,0.39423084,2.08,2.9,3.0677,2.06,2.24,1.1720719e+08,2.8401286e+08
2024-12-19,BTLN,5.0,0.30624998,0.30624998,3.2,4.18,7.0,3.01,3.2,3.0308372e+07,1.7611858e+08
2024-12-20,NVNI,1.0,1.1722846,1.1722846,2.67,5.8,12.19,3.156,8.58,7.805634e+07,5.5099456e+07
2024-12-20,HUMA,2.0,0.6705203,0.6705203,3.46,5.78,6.77,4.45,4.64,7.549117e+07,9.801609e+06
2024-12-20,PBM,3.0,0.60159945,0.60162604,2.46,3.94,4.25,2.78,3.18,2.4094964e+07,1.8517384e+08
2024-12-20,ISPC,4.0,0.22297299,0.22297287,2.96,3.62,3.97,2.98,3.0,2.425154e+06,1.2993394e+06
2024-12-20,QNTM,5.0,0.16184974,0.16184974,3.46,4.02,4.02,2.7,3.0,1.031831e+06,2.14119e+06
2024-12-23,RGTIW,1.0,0.5705129,0.5705129,3.12,4.9,4.9,4.0,4.39,1.828021e+06,4.473197e+06
2024-12-23,RUM,2.0,0.39082062,0.39082062,7.19,10.0,14.6284,9.66,13.03,8.639371e+07,6.942604e+07
2024-12-23,LAES,3.0,0.3054545,0.3054545,2.75,3.59,5.0,3.44,4.9,1.4997485e+08,1.9524331e+08
2024-12-23,RGTI,4.0,0.29562438,0.29562438,9.37,12.14,12.3,10.44,10.96,2.2935418e+08,2.0251388e+09
2024-12-23,WKEY,5.0,0.248927,0.248927,6.99,8.73,10.33,7.88,9.38,4.696903e+06,6.5481604e+07
2024-12-24,LAES,1.0,0.25102043,0.25102043,4.9,6.13,6.27,4.82,5.47,9.041575e+07,7.348768e+08
2024-12-24,AMPG,2.0,0.21457493,0.21457493,2.47,3.0,4.35,2.95,4.04,2.501132e+07,1.2841152e+07
2024-12-24,DRCT,3.0,0.17545462,0.17545462,5.5,6.465,6.59,3.42,3.71,2.3819428e+07,3.7698195e+08
2024-12-24,VNCE,4.0,0.16000009,0.16000009,5.0,5.8,6.0,3.9,4.0,409690.0,6.903835e+06
2024-12-24,RZLV,5.0,0.13003099,0.13003099,3.23,3.65,3.81,3.28,3.56,2.6417586e+07,3.580834e+07
2024-12-26,ZNB,1.0,0.88888884,0.88888884,2.16,4.08,4.35,2.55,2.6,2.7924284e+07,1.4759034e+07
2024-12-26,PDYN,2.0,0.37348175,0.37348175,4.94,6.785,8.86,6.3,7.29,7.182139e+07,5.058781e+07
2024-12-26,CYD,3.0,0.307963,0.3074566,9.79,12.8,12.9,10.27,11.41,577950.0,2.2572118e+06
2024-12-26,KC,4.0,0.13228703,0.13228703,8.92,10.1,10.49,9.5512,10.2,7.577729e+06,8.569417e+06
2024-12-26,AIXI,5.0,0.120518446,0.12051225,5.2476,5.88,6.65,5.62,6.24,466458.0,1.1194075e+06
2024-12-27,MYSZ,1.0,1.1232228,1.1232228,4.22,8.96,9.4,5.75,6.51,3.317283e+07,1.8791828e+06
2024-12-27,QSI,2.0,0.58604646,0.58604646,2.15,3.41,4.14,2.83,3.6,2.560055e+08,1.9061766e+08
2024-12-27,ZEO,3.0,0.20384622,0.20384622,2.6,3.13,3.1311,2.36,2.88,630818.0,1.577537e+06
2024-12-27,RGTIW,4.0,0.18879998,0.18879998,6.25,7.43,8.6,6.51,7.82,2.429725e+06,1.0433812e+07
2024-12-27,PDYN,5.0,0.17146778,0.17146778,7.29,8.54,14.05,8.25,11.77,7.311349e+07,5.2357795e+08
2024-12-30,INTZ,1.0,1.0462964,1.0462964,2.16,4.42,7.34,4.2,5.68,1.32967e+08,4.0951834e+08
2024-12-30,ARTW,2.0,0.35245895,0.35245895,2.44,3.3,4.1495,2.9,3.6,4.446933e+06,2.5492975e+06
2024-12-30,VNCE,3.0,0.28855717,0.28855717,4.02,5.18,5.99,3.7,3.88,926211.0,2.304863e+06
2024-12-30,IVDA,4.0,0.20253158,0.20253158,5.53,6.65,8.05,6.15,7.42,1.485475e+06,6.1063865e+06
2024-12-30,PDYN,5.0,0.1401869,0.1401869,11.77,13.42,14.95,10.29,13.31,3.1463576e+07,8.605458e+08
2025-01-02,VSTM,1.0,0.39782012,0.39782012,3.67,5.13,6.78,4.95,6.49,8.276687e+06,1.2408377e+07
2025-01-02,NUAI,2.0,0.3244897,0.3244897,4.9,6.49,6.7745,3.91,4.89,1.247315e+06,2.7712882e+06
2025-01-02,XPON,3.0,0.31071436,0.31071436,2.8,3.67,4.4,1.97,2.0,2.8942032e+07,5.1179855e+06
2025-01-02,BYAH,4.0,0.21237111,0.21237123,4.85,5.88,6.02,4.3,4.6,212451.0,2.0251611e+06
2025-01-02,CISO,5.0,0.18730152,0.18730152,3.15,3.74,3.84,2.81,3.03,383028.0,1.6497464e+06
2025-01-03,CRNC,1.0,0.36065578,0.36065578,7.93,10.79,19.89,10.3901,19.33,1.6179958e+08,1.3067966e+07
2025-01-03,ONDS,2.0,0.22813678,0.22813678,2.63,3.23,3.4,2.76,2.8,3.7322536e+07,2.7341688e+07
2025-01-03,SPCB,3.0,0.21223962,0.21223962,7.68,9.31,10.5797,8.1001,9.0,8.129784e+06,2.9946733e+08
2025-01-03,NUS,4.0,0.16919112,0.16920733,6.56,7.67,8.215,7.41,7.53,3.450063e+06,3.1903445e+06
2025-01-03,SATL,5.0,0.14098358,0.14098358,3.05,3.48,3.491,3.05,3.17,1.127913e+06,1.5088746e+06
2025-01-06,ARBE,1.0,0.71102655,0.71102655,2.63,4.5,4.9,3.48,4.0,1.2986153e+08,2.14127e+07
2025-01-06,KITT,2.0,0.58684206,0.5868422,3.8,6.03,6.04,4.18,4.86,5.021583e+07,3.982368e+08
2025-01-06,PTLE,3.0,0.31935048,0.31935048,7.39,9.75,10.79,8.5,10.17,875739.0,7.695776e+06
2025-01-06,MBOT,4.0,0.29439247,0.29439247,2.14,2.77,3.38,2.37,2.84,6.3481176e+07,5.4891324e+07
2025-01-06,KSCP,5.0,0.22714889,0.22714889,14.17,17.3887,17.7877,14.81,15.31,759709.0,3.6531678e+06
2025-01-07,IMRX,1.0,0.5847459,0.5847459,2.36,3.74,3.8,2.31,2.36,8.092035e+07,1.6799659e+06
2025-01-07,MSAI,2.0,0.57500005,0.57500005,2.0,3.15,3.33,2.4,2.48,5.6942348e+07,5.644666e+06
2025-01-07,GETY,3.0,0.4396888,0.4396888,2.57,3.7,3.865,3.08,3.19,6.577144e+07,4.3223775e+06
2025-01-07,AUR,4.0,0.39230776,0.39230776,6.5,9.05,9.83,8.1505,8.39,9.8923736e+07,7.854818e+07
2025-01-07,CRMD,5.0,0.27742755,0.27742755,7.93,10.13,10.89,9.36,10.3,5.658283e+06,3.935984e+06
2025-01-08,VIR,1.0,0.5906211,0.5906211,7.89,12.55,14.45,11.4701,12.48,3.9488344e+07,1.4022897e+07
2025-01-08,LFVN,2.0,0.33734167,0.337386,16.45,22.0,23.9999,19.21,19.97,741860.0,1.5032011e+06
2025-01-08,ABSI,3.0,0.3322476,0.3322476,3.07,4.09,4.22,3.1,3.22,5.935751e+07,6.4366875e+06
2025-01-08,ANGO,4.0,0.25106394,0.25106394,9.4,11.76,13.129,11.5,12.94,4.4282e+06,8.540229e+06
2025-01-08,SLDB,5.0,0.14540803,0.14540803,3.92,4.49,4.59,3.94,4.03,2.482914e+06,3.2328122e+06
2025-01-10,BAER,1.0,0.36917567,0.36917567,2.79,3.82,4.435,2.91,3.28,5.1728044e+07,1.2459607e+07
2025-01-10,SANA,2.0,0.16976738,0.16976738,4.3,5.03,5.16,3.55,3.66,2.9628904e+07,6.931431e+08
2025-01-10,ARHS,3.0,0.14795923,0.14799154,9.46,10.86,11.285,10.5,10.88,4.981063e+06,1.2131835e+07
2025-01-10,OPFI,4.0,0.14118981,0.14111924,8.22,9.38,9.48,8.65,9.29,4.959331e+06,2.5859118e+07
2025-01-10,SSL,5.0,0.1346153,0.1346153,4.42,5.015,5.1493,4.93,5.07,2.453897e+06,6.814301e+06
2025-01-13,VRME,1.0,0.26078427,0.26078427,2.55,3.215,4.96,3.07,4.13,5.760191e+07,1.4746891e+08
2025-01-13,XXII,2.0,0.22740293,0.22740293,4.89,6.002,12.49,5.18,6.0,2.3350758e+07,1.6039101e+06
2025-01-13,INTZ,3.0,0.19310343,0.19310343,2.9,3.46,3.55,2.15,2.27,1.3734451e+07,1.1788238e+08
2025-01-13,GRRR,4.0,0.15536487,0.15536487,11.65,13.46,14.0,10.85,12.07,6.324746e+06,7.110607e+07
2025-01-13,TRAW,5.0,0.15384614,0.15384614,8.06,9.3,9.31,6.81,7.33,492574.0,2.7760172e+06
2025-01-14,RILY,1.0,0.24810123,0.24810123,3.95,4.93,4.97,4.34,4.5,2.713372e+06,6.735528e+06
2025-01-14,KULR,2.0,0.23981893,0.23981893,2.21,2.74,2.76,2.27,2.32,3.3196684e+07,6.934072e+07
2025-01-14,APLD,3.0,0.22730196,0.22730196,7.765,9.53,9.715,8.25,8.54,6.956328e+07,1.1448691e+08
2025-01-14,SOUNW,4.0,0.19833338,0.19833338,6.0,7.19,7.48,6.1,6.87,216872.0,1.032228e+06
2025-01-14,KITT,5.0,0.16908216,0.16908216,2.07,2.42,2.9,1.91,1.98,1.7663634e+07,1.0743213e+07
2025-01-15,RGTIW,1.0,0.48979592,0.48979592,3.43,5.11,5.55,4.5,4.96,2.982058e+06,1.1471254e+07
2025-01-15,ARQQ,2.0,0.3767314,0.3767314,18.05,24.85,25.41,20.08,20.59,1.335901e+06,1.3073651e+07
2025-01-15,LAES,3.0,0.31284142,0.31284142,3.66,4.805,5.25,4.44,4.56,8.222875e+07,3.8785558e+08
2025-01-15,QBTS,4.0,0.2600423,0.2600423,4.73,5.96,6.35,5.3,5.79,2.0355307e+08,6.694394e+08
2025-01-15,XXII,5.0,0.21574807,0.21574807,6.35,7.72,9.42,6.75,7.72,7.89972e+06,8.984657e+07
2025-01-16,DOYU,1.0,0.30510986,0.3051262,12.29,16.04,16.15,15.05,15.69,1.972367e+06,2.2097788e+06
2025-01-16,BOWN,2.0,0.17878795,0.17878795,6.6,7.78,7.78,6.1535,6.4,29830.0,2.6561302e+06
2025-01-16,RZLV,3.0,0.17012441,0.17012441,2.41,2.82,3.14,2.62,3.01,1.8915196e+07,1.6136907e+07
2025-01-16,HUYA,4.0,0.15560782,0.15511549,3.03,3.5,3.5,3.06,3.22,6.641538e+06,2.5839598e+06
2025-01-16,INTZ,5.0,0.1273408,0.1273408,2.67,3.01,3.4095,2.41,2.52,7.594074e+06,1.1020521e+07
2025-01-17,BZAI,1.0,0.18307698,0.18307698,6.5,7.69,11.5,7.5,8.29,2.19449e+06,3.7667825e+06
2025-01-17,ISPC,2.0,0.11578941,0.11578953,2.85,3.18,3.3795,2.3,2.37,1.4790519e+07,1.031857e+07
2025-01-17,KITT,3.0,0.112612605,0.112612605,2.22,2.47,2.56,2.18,2.26,8.159246e+06,4.0890692e+07
2025-01-17,LAES,4.0,0.108046055,0.108046055,4.35,4.82,5.16,4.17,4.24,6.0024096e+07,2.0786162e+08
2025-01-17,SSL,5.0,0.10441768,0.10441768,4.98,5.5,5.55,5.39,5.4,2.374799e+06,3.9388265e+06
2025-01-21,VATE,1.0,0.45375407,0.45401168,5.11,7.43,10.9499,6.5501,9.52,3.1089908e+07,2.8934098e+06
2025-01-21,REPL,2.0,0.24260354,0.24260354,10.14,12.6,13.13,11.48,11.85,2.219113e+06,6.3971135e+06
2025-01-21,EOLS,3.0,0.2350142,0.2350142,10.51,12.98,14.49,12.74,13.48,2.935318e+06,5.918013e+06
2025-01-21,CAN,4.0,0.18656719,0.18656719,2.01,2.385,2.39,1.95,2.14,5.436132e+07,5.465773e+07
2025-01-21,BTCT,5.0,0.16101694,0.16101694,8.26,9.59,9.7999,7.37,7.79,1.6906722e+07,5.0760474e+08
2025-01-22,NUAI,1.0,0.5255474,0.5255474,2.74,4.18,4.32,2.78,3.02,3.052462e+07,9.828931e+06
2025-01-22,MGX,2.0,0.22794116,0.22794116,2.72,3.34,4.0,2.94,3.03,1.69727e+07,1.7325486e+07
2025-01-22,MDAI,3.0,0.16267955,0.16267955,2.09,2.43,2.59,2.02,2.06,5.914136e+06,1.2481082e+06
2025-01-22,PDYN,4.0,0.15402842,0.15402842,8.44,9.74,11.86,9.42,9.51,3.0814112e+07,3.382865e+07
2025-01-22,RZLV,5.0,0.12937069,0.12937069,2.86,3.23,3.4,3.038,3.16,2.3957388e+07,2.2520864e+07
2025-01-23,DGNX,1.0,1.0479999,1.0479999,7.5,15.36,22.95,10.11,12.75,9.759843e+06,2.6015264e+07
2025-01-23,VNCE,2.0,0.86383,0.86383,2.35,4.38,5.5699,3.82,3.9,1.3497966e+08,8.709786e+06
2025-01-23,XCUR,3.0,0.4705882,0.4705882,10.37,15.25,15.25,12.21,13.66,570785.0,5.5366365e+06
2025-01-23,DXST,4.0,0.29310346,0.29310346,4.06,5.25,5.74,2.22,2.5,1.1609807e+07,3.3964052e+06
2025-01-23,SPCB,5.0,0.28398788,0.28398788,13.24,17.0,18.95,14.75,14.76,5.941227e+06,5.9956145e+06
2025-01-24,EVAX,1.0,0.9148351,0.9148351,3.64,6.97,9.8,4.81,6.03,5.5785416e+07,1.5052616e+07
2025-01-24,DWTX,2.0,0.31011236,0.31011236,13.35,17.49,19.33,10.1,11.4,8.162763e+06,1.381181e+09
2025-01-24,RNAZ,3.0,0.18545449,0.18545449,5.5,6.52,9.72,6.2,7.04,1.2685305e+07,6.0208884e+07
2025-01-24,DAN,4.0,0.15661705,0.15646267,13.23,15.3,16.1059,15.125,15.2,5.889193e+06,2.3438162e+07
2025-01-24,WKEY,5.0,0.15479112,0.15479112,8.14,9.4,10.09,8.25,8.37,1.787737e+06,4.7065645e+06
2025-01-28,DXF,1.0,2.2658064,2.2658064,7.75,25.31,29.77,17.0491,20.79,2.949423e+06,3.2961525e+06
2025-01-28,YIBO,2.0,0.8116883,0.8116883,3.08,5.58,6.12,4.26,5.14,5.560259e+07,1.08541416e+08
2025-01-28,RNAZ,3.0,0.20790625,0.20790637,6.83,8.25,16.73,7.7999,9.94,3.729489e+07,4.439937e+06
2025-01-28,BKSY,4.0,0.20136786,0.20136786,13.16,15.81,17.39,13.76,14.02,7.991883e+06,2.4954084e+07
2025-01-28,MOB,5.0,0.16479397,0.16479397,2.67,3.11,3.18,2.75,2.92,1.128848e+06,1.2663676e+06
2025-01-29,PACK,1.0,0.22125447,0.22125447,5.74,7.01,8.6207,6.81,8.43,1.474531e+07,1.2958739e+06
2025-01-29,NVNI,2.0,0.16666663,0.16666675,5.22,6.09,7.45,5.49,5.73,2.4893062e+07,5.160775e+07
2025-01-29,DJTWW,3.0,0.16156983,0.16156983,19.62,22.79,23.3912,21.06,22.01,393800.0,2.1631248e+06
2025-01-29,PL,4.0,0.1446886,0.1446886,5.46,6.25,6.25,5.18,5.55,2.4549196e+07,4.1166868e+07
2025-01-30,ONEW,1.0,0.17263842,0.17263842,15.35,18.0,20.15,16.71,17.46,476677.0,3.0079552e+06
2025-01-30,ACMR,2.0,0.11727691,0.11727691,17.48,19.53,21.1394,19.0,20.54,4.648708e+06,9.783818e+06
2025-01-30,CORZW,3.0,0.10655737,0.10655737,6.1,6.75,7.14,6.55,6.84,325489.0,2.1522202e+06
2025-01-30,FLG,4.0,0.10086942,0.101041555,9.6,10.57,11.36,10.42,11.06,1.718892e+07,5.056439e+07
2025-01-31,KRSA,1.0,0.31496048,0.3149606,2.54,3.34,4.47,3.04,3.92,8.257408e+07,1.5387446e+06
2025-01-31,VIAV,2.0,0.2132132,0.2132132,9.99,12.12,12.907,11.88,12.04,1.7601288e+07,2.4059306e+07
2025-01-31,CIFR,3.0,0.19148934,0.19148934,4.7,5.6,6.29,5.5,5.73,4.324388e+07,6.1054556e+07
2025-01-31,REBN,4.0,0.1871922,0.1871922,2.03,2.41,5.4,2.3,3.3,5.5537744e+07,1.0589251e+06
2025-01-31,VALN,5.0,0.10095239,0.10095239,5.25,5.78,5.82,5.6,5.78,64274.0,1.2628192e+06
2025-02-03,GHRS,1.0,0.8867924,0.8867924,10.6,20.0,20.5,17.51,17.99,1.0306762e+07,1.9433511e+06
2025-02-03,REBN,2.0,0.5151515,0.5151515,3.3,5.0,6.75,4.701,5.09,6.6976264e+07,1.8327456e+08
2025-02-03,KC,3.0,0.18695307,0.18695307,12.57,14.92,16.34,14.57,15.14,1.132073e+07,3.774761e+07
2025-02-03,SSYS,4.0,0.16433942,0.16433942,9.31,10.84,11.41,10.48,11.31,4.668467e+06,2.729115e+06
2025-02-04,EVAX,1.0,0.6374999,0.6374999,2.4,3.93,4.05,2.93,3.27,6.2816944e+07,1.0049873e+07
2025-02-04,AMOD,2.0,0.22222221,0.22222233,2.61,3.19,3.2,2.12,2.32,8.275227e+06,1.1192959e+06
2025-02-04,ACON,3.0,0.19398499,0.19398499,6.65,7.94,8.77,6.75,6.82,6.900773e+06,1.8661895e+06
2025-02-05,ACB,1.0,0.26899457,0.26899457,3.68,4.6699,5.6899,4.57,5.37,6.987309e+07,3.9296108e+06
2025-02-05,MAT,2.0,0.1770891,0.1770891,18.07,21.27,21.35,20.18,20.84,1.841658e+07,8.8843016e+07
2025-02-05,QUCY,3.0,0.17142856,0.17142856,7.0,8.2,8.2,6.69,7.3,556654.0,3.378592e+06
2025-02-05,BBAI,4.0,0.120162964,0.120162964,4.91,5.5,7.5388,5.36,7.11,2.696354e+08,3.3610077e+08
2025-02-05,REBN,5.0,0.1185683,0.1185683,4.47,5.0,5.46,4.658,5.21,6.214864e+06,1.6033903e+07
2025-02-06,CJMB,1.0,0.44878054,0.44878054,4.1,5.94,7.7599,4.17,6.32,7.650085e+06,1.2439891e+06
2025-02-06,QNTM,2.0,0.34149194,0.34149194,8.58,11.51,18.0,10.665,14.5,3.5675744e+07,1.5014152e+08
2025-02-06,RNAZ,3.0,0.26733768,0.2673378,8.94,11.33,14.2499,10.68,11.37,1.2493232e+07,1.5405704e+08
2025-02-06,APPS,4.0,0.25984251,0.25984251,2.54,3.2,5.13,3.12,4.99,1.2152807e+08,1.9623412e+07
2025-02-06,IVVD,5.0,0.19431281,0.19431281,2.11,2.52,2.74,1.88,1.98,7.4698856e+07,1.6706363e+08
2025-02-07,TNXP,1.0,0.21975088,0.21975088,11.24,13.71,18.3999,12.018,12.39,1.0610628e+07,2.338492e+07
2025-02-07,ULCC,2.0,0.14956737,0.14956737,8.09,9.3,9.67,9.002,9.34,5.864688e+06,1.9745442e+07
2025-02-07,FBYD,3.0,0.12684357,0.12684357,6.78,7.64,8.0259,6.5425,7.95,63883.0,2.5894582e+06
2025-02-07,CLSK,4.0,0.112716794,0.112716794,10.38,11.55,12.47,11.2,11.33,5.7545896e+07,2.445923e+08
2025-02-07,NTRB,5.0,0.10944533,0.10944533,6.67,7.4,8.86,7.4,7.81,898949.0,1.3990592e+06
2025-02-10,SLDB,1.0,0.26041663,0.26041663,2.88,3.63,3.97,3.27,3.44,4.602522e+06,2.2070132e+06
2025-02-10,MNTS,2.0,0.23426211,0.23421061,3.8,4.69,6.35,4.15,4.465,4.7961332e+07,1.4410968e+06
2025-02-10,DOMH,3.0,0.2114538,0.21118009,3.22,3.9,6.5,3.736,6.16,2.3714848e+07,2.9687852e+06
2025-02-10,MBLY,4.0,0.15059114,0.15059114,16.07,18.49,19.1944,17.88,17.97,1.3664131e+07,4.4843656e+07
2025-02-10,FHTX,5.0,0.14736843,0.14736843,4.75,5.45,6.1868,5.08,5.29,575748.0,1.1554518e+06
2025-02-11,DOMH,1.0,0.6931771,0.6931819,6.16,10.43,11.33,7.33,7.46,3.3245308e+07,1.4608346e+08
2025-02-11,SLQT,2.0,0.2876712,0.2876712,4.38,5.64,6.86,5.25,5.73,2.97148e+07,2.0205318e+07
2025-02-11,SATL,3.0,0.12084246,0.12084246,4.51,5.055,5.12,4.03,4.09,3.522827e+06,1.4277227e+07
2025-02-11,USGO,4.0,0.10915816,0.10915816,10.81,11.99,13.2495,11.12,12.59,225295.0,1.4159262e+06
2025-02-12,AIFF,1.0,0.27738094,0.27738094,8.4,10.73,14.4499,10.57,12.97,9.455458e+07,1.6414422e+09
2025-02-12,CLMT,2.0,0.1964736,0.1964736,15.88,19.0,19.14,17.21,17.41,3.627569e+06,2.0584084e+07
2025-02-12,BZAI,3.0,0.16510904,0.16510904,3.21,3.74,3.74,2.85,3.05,2.090193e+06,2.467296e+06
2025-02-12,NEUP,4.0,0.12977636,0.12977636,4.47,5.0501,5.1199,4.25,4.63,2.9706e+06,1.842677e+06
2025-02-13,AIFF,1.0,0.2914418,0.2914418,12.97,16.75,17.2,14.05,15.46,4.0641844e+07,1.2263729e+09
2025-02-13,DNOW,2.0,0.2729844,0.2729844,14.14,18.0,18.4494,16.22,16.98,2.22876e+06,1.5149243e+07
2025-02-13,DOMH,3.0,0.20683181,0.2066958,6.87,8.29,13.5799,7.68,13.0,1.1109916e+07,1.552135e+07
2025-02-13,OPRT,4.0,0.1624366,0.1624366,5.91,6.87,7.75,6.2,6.4,3.988252e+06,7.6321915e+06
2025-02-13,PGY,5.0,0.15449917,0.15449917,11.78,13.6,15.2799,13.11,14.64,1.4886503e+07,5.088325e+07
2025-02-14,WRD,1.0,1.080955,1.080955,17.17,35.73,42.24,27.53,31.5,2.1075358e+07,1.8181656e+06
2025-02-14,NUS,2.0,0.38234818,0.38239872,6.42,8.875,10.04,7.44,7.56,3.586154e+06,8.817125e+06
2025-02-14,PONY,3.0,0.19784653,0.19784653,14.86,17.8,17.9,16.02,16.54,3.480653e+06,1.4999119e+07
2025-02-14,ZH,4.0,0.17826092,0.17826092,4.6,5.42,5.49,5.0,5.32,4.057325e+06,7.451526e+06
2025-02-14,KC,5.0,0.16714692,0.16714692,17.35,20.25,21.69,20.25,20.81,7.645031e+06,9.841514e+07
2025-02-18,SLDB,1.0,0.6575681,0.6575681,4.03,6.68,7.2,5.04,5.3,7.120758e+07,4.0693895e+06
2025-02-18,GCL,2.0,0.42004454,0.42004454,3.0492,4.33,9.89,4.1,7.5,5.8161836e+07,3.9716622e+06
2025-02-18,AIFF,3.0,0.1587125,0.1587125,9.01,10.44,10.6,8.02,8.37,6.64817e+06,1.09503864e+08
2025-02-18,PCT,4.0,0.15145004,0.15145004,9.31,10.72,11.525,10.02,10.9,7.287347e+06,2.1158634e+07
2025-02-18,CSAI,5.0,0.14435697,0.14435697,19.05,21.8,25.73,10.03,10.5,2.088929e+06,1.9693412e+07
2025-02-19,JTAI,1.0,0.43354547,0.43349755,4.06,5.82,11.77,5.05,10.15,1.4933762e+08,1.0479733e+07
2025-02-19,CYCU,2.0,0.4089508,0.40895522,3.35,4.72,4.9,2.82,2.97,1.8452672e+07,3.0242058e+06
2025-02-19,SEDG,3.0,0.34465444,0.34465444,16.93,22.765,23.7697,19.5,19.63,3.0846788e+07,1.2815695e+08
2025-02-19,NIVF,4.0,0.21917808,0.21917808,2.19,2.67,2.8865,2.2,2.27,1.2064239e+07,6.671693e+06
2025-02-19,CVI,5.0,0.119695425,0.120064855,18.49,20.71,22.2,19.49,19.86,3.447623e+06,2.6375392e+07
2025-02-20,XOS,1.0,0.4153353,0.4153353,3.13,4.43,9.1499,4.24,6.25,9.659089e+07,6.245023e+06
2025-02-20,CYD,2.0,0.29152775,0.29156017,15.64,20.2,23.22,17.7,18.98,1.535126e+06,5.9057735e+06
2025-02-20,HLF,3.0,0.2855872,0.2855872,5.62,7.225,8.4,6.7849,8.02,2.3903768e+07,2.06186e+07
2025-02-20,AMPL,4.0,0.23206747,0.23206747,11.85,14.6,14.88,13.1059,14.44,4.087662e+06,1.3927851e+07
2025-02-20,VNET,5.0,0.15490806,0.15490806,13.04,15.06,16.13,13.0,14.68,2.7837372e+07,3.143695e+08
2025-02-21,CYD,1.0,0.18526661,0.18545842,18.98,22.5,23.0,19.6,20.0,2.031718e+06,2.913669e+07
2025-02-21,EDIT,2.0,0.1650486,0.1650486,2.06,2.4,2.4,1.89,1.92,9.469267e+06,3.4072224e+07
2025-02-21,TUYA,3.0,0.10178316,0.10180414,3.88,4.275,4.6295,3.9201,4.06,1.6658853e+07,5.5732028e+07
2025-02-24,ATCH,1.0,0.7106384,0.7106384,2.35,4.02,13.19,4.0,5.56,1.4644838e+08,2.438327e+06
2025-02-24,DOMH,2.0,0.15738988,0.112195134,8.2,9.12,9.33,7.11,7.58,2.016839e+06,7.1907275e+06
2025-02-24,LINC,3.0,0.14916098,0.14916098,16.09,18.49,19.79,16.28,18.55,832741.0,3.694457e+06
2025-02-24,GSUN,4.0,0.12830186,0.12830186,2.65,2.99,5.25,2.91,3.11,2.959057e+06,1.8211066e+06
2025-02-24,CRML,5.0,0.123595476,0.123595476,2.67,3.0,3.33,2.45,2.6,1.307793e+06,2.1844552e+06
2025-02-25,DOMH,1.0,0.17015362,0.17018473,7.58,8.87,10.0,7.4301,9.9,3.816362e+06,1.5287639e+07
2025-02-25,AHCO,2.0,0.13450289,0.13450289,8.55,9.7,11.02,9.55,10.64,9.301272e+06,1.2185178e+07
2025-02-25,BOOM,3.0,0.123947024,0.123947024,8.31,9.34,9.92,8.77,9.06,746668.0,2.320576e+06
2025-02-25,UMAC,4.0,0.10673833,0.10673833,8.37,9.2634,9.32,7.98,9.0,1.325024e+06,1.3613696e+07
2025-02-26,CHAI,1.0,0.9971428,0.9971428,3.5,6.99,6.99,3.73,4.17,2.334016e+07,1.2177742e+07
2025-02-26,PRCH,2.0,0.27968335,0.27968335,3.79,4.85,6.92,4.82,6.6,3.203408e+07,9.017994e+06
2025-02-26,INGN,3.0,0.25420153,0.25420153,9.52,11.94,11.94,7.78,8.11,1.604197e+06,3.3816375e+06
2025-02-26,VISN,4.0,0.19632351,0.19631898,4.89,5.85,6.25,5.45,6.17,2.105938e+07,2.1198434e+07
2025-02-26,EYE,5.0,0.18006992,0.18006992,11.44,13.5,13.84,12.58,12.77,3.728479e+06,2.9058572e+07
2025-02-27,ATCH,1.0,0.4113475,0.4113475,2.82,3.98,4.14,3.1001,3.48,9.459975e+06,5.3222852e+07
2025-02-27,CORZW,2.0,0.26,0.26,5.0,6.3,6.6,5.3,5.41,799628.0,3.449725e+06
2025-02-27,RILY,3.0,0.23226953,0.23226953,5.64,6.95,7.21,5.76,6.13,2.1371948e+07,8.664595e+07
2025-02-27,RRGB,4.0,0.19247782,0.19247782,4.52,5.39,6.24,5.25,6.08,3.921954e+06,2.515181e+06
2025-02-27,CORZ,5.0,0.18413162,0.18413162,10.02,11.865,11.865,10.45,10.71,2.5805348e+07,1.3897592e+08
2025-02-28,ORGO,1.0,0.32247555,0.32247555,3.07,4.06,6.4,3.98,6.21,5.899724e+07,4.6407195e+06
2025-02-28,ANAB,2.0,0.18572736,0.18597567,16.4,19.45,19.45,15.73,16.82,911221.0,8.0000345e+06
2025-02-28,ENVB,3.0,0.16981125,0.16981137,2.12,2.48,3.1,2.3407,2.8,1.219735e+07,5.023554e+06
2025-02-28,EXFY,4.0,0.12422359,0.12422359,3.22,3.62,3.99,3.58,3.875,2.474939e+06,2.6657995e+06
2025-02-28,ACH,5.0,0.12336719,0.12336719,6.89,7.74,9.83,7.57,9.58,1.2108619e+07,1.2176828e+07
2025-03-03,ACON,1.0,1.1522388,1.1522388,3.35,7.21,8.5,4.94,7.6,9.051524e+07,4.1677868e+07
2025-03-03,TRNR,2.0,0.23346305,0.23346305,2.57,3.17,3.96,2.02,2.31,9.65992e+07,4.9747773e+08
2025-03-03,BFRG,3.0,0.14301443,0.14301443,2.09,2.3889,2.3889,1.87,1.89,687204.0,3.1810028e+06
2025-03-03,HUT,4.0,0.11932206,0.11932206,14.75,16.51,17.45,14.01,14.08,6.257065e+06,9.813796e+07
2025-03-03,BKKT,5.0,0.10887778,0.10887778,11.94,13.24,14.849,13.185,13.5,649139.0,1.4504831e+06
2025-03-04,JFIN,1.0,0.25455093,0.25459683,7.07,8.87,9.79,8.3101,8.92,758115.0,2.673662e+06
2025-03-04,TRNR,2.0,0.14935064,0.14935064,2.31,2.655,2.9,2.23,2.55,4.008624e+07,2.2314414e+08
2025-03-04,CAPR,3.0,0.10534012,0.10534012,13.67,15.11,16.17,13.61,13.7,4.578438e+06,2.1052552e+07
2025-03-05,CTOS,1.0,0.3308457,0.3308457,4.02,5.35,5.48,4.46,4.83,2.555987e+06,3.3539582e+06
2025-03-05,OPFI,2.0,0.20366275,0.20320857,9.35,11.25,11.28,9.57,10.36,3.788907e+06,2.0888958e+07
2025-03-05,NAGE,3.0,0.19821429,0.19821429,5.6,6.71,9.18,6.67,8.55,1.8709492e+07,6.3648645e+06
2025-03-05,NEXN,4.0,0.14420485,0.14420485,7.42,8.49,9.65,7.79,9.5,911238.0,3.9347295e+06
2025-03-05,LZMH,5.0,0.12261152,0.1226114,6.28,7.05,7.74,6.8,7.33,362390.0,4.1273668e+06
2025-03-06,ECX,1.0,0.19074678,0.19074678,2.41,2.8697,2.9799,2.56,2.73,5.828822e+06,7.318093e+06
2025-03-06,TRNR,2.0,0.15420556,0.15420556,2.14,2.47,2.65,2.15,2.38,1.6583686e+07,1.555225e+07
2025-03-06,MYE,3.0,0.1420883,0.14168382,9.74,11.12,12.69,11.12,12.48,1.376197e+06,5.0056975e+06
2025-03-06,TH,4.0,0.12635374,0.12635374,5.54,6.24,6.32,5.76,5.89,2.013092e+06,4.3533875e+06
2025-03-06,ACDC,5.0,0.10856271,0.10856271,6.54,7.25,7.25,6.35,6.58,774717.0,5.3904315e+06
2025-03-07,APEI,1.0,0.23636365,0.23636365,19.25,23.8,25.6,21.1268,23.5,393362.0,2.1033128e+06
2025-03-07,GAP,2.0,0.15277028,0.15297735,19.48,22.46,23.315,21.46,23.15,3.0489856e+07,3.171429e+08
2025-03-10,TRVI,1.0,0.5325581,0.5325581,4.3,6.59,7.39,5.7,6.07,5.7705812e+07,4.590646e+06
2025-03-10,MLYS,2.0,0.34315586,0.34315586,10.52,14.13,18.29,13.5,14.96,1.5229716e+07,7.5523715e+06
2025-03-10,XNET,3.0,0.106666684,0.106666684,4.5,4.98,4.98,4.34,4.54,2.22842e+06,4.454145e+06
2025-03-10,DWTX,4.0,0.106060624,0.106060624,6.6,7.3,9.45,6.72,8.44,1.103749e+07,1.7105149e+08
2025-03-10,KAZR,5.0,0.10265291,0.10265291,8.67,9.56,10.93,9.252,10.85,399035.0,6.0548505e+06
2025-03-11,SNOA,1.0,0.5448029,0.5448029,2.79,4.31,4.46,3.1,3.4,5.1902476e+07,1.0557035e+08
2025-03-11,MYO,2.0,0.3357314,0.3357314,4.17,5.57,6.2996,5.41,5.87,5.393e+06,2.9381445e+06
2025-03-11,LFMD,3.0,0.2716627,0.2716627,4.27,5.43,5.81,4.9377,5.575,7.202742e+06,1.3564317e+07
2025-03-11,BVS,4.0,0.24885833,0.24885833,8.76,10.94,11.25,10.082,10.8,1.726807e+06,6.196894e+06
2025-03-11,HLLY,5.0,0.17499995,0.17499995,2.4,2.82,3.0,2.572,2.98,1.437185e+06,1.0556256e+06
2025-03-12,GRPN,1.0,0.25383818,0.25383818,9.77,12.25,14.1399,12.09,13.98,1.1165043e+07,2.7570414e+07
2025-03-12,SPHL,2.0,0.20333326,0.20333326,6.0,7.22,7.8,0.93,1.24,1.1082682e+07,9.778362e+06
2025-03-12,DWTX,3.0,0.16711593,0.16711593,11.13,12.99,14.69,10.14,10.7,7.301194e+06,1.4244682e+08
2025-03-12,SFIX,4.0,0.15130019,0.15130019,4.23,4.87,4.87,3.72,4.0,8.493605e+06,2.9567404e+07
2025-03-12,TBCH,5.0,0.10921991,0.10921991,14.1,15.64,15.64,14.09,14.41,477090.0,3.5170478e+06
2025-03-13,CRVO,1.0,0.26256073,0.26256073,6.17,7.79,7.97,5.62,5.79,5.8367184e+07,9.803434e+08
2025-03-13,MGTX,2.0,0.20592833,0.20592833,6.41,7.73,8.49,7.4001,8.25,6.307093e+06,1.751244e+06
2025-03-13,RAIL,3.0,0.19582665,0.19582665,6.23,7.45,8.3,7.22,7.32,1.199017e+06,2.3757792e+06
2025-03-13,SRTA,4.0,0.15547705,0.15547705,2.83,3.27,3.77,3.0,3.03,2.396056e+06,2.891691e+06
2025-03-13,HMR,5.0,0.11764705,0.11764705,2.55,2.85,4.8,2.6,4.08,8.465081e+07,2.163592e+07
2025-03-14,AAOI,1.0,0.49023318,0.49023318,15.87,23.65,23.69,19.8,22.11,1.7009464e+07,1.0648492e+08
2025-03-14,GDOT,2.0,0.17319274,0.17319274,6.64,7.79,8.18,7.43,7.74,2.260728e+06,8.3471905e+06
2025-03-14,QBTS,3.0,0.11432707,0.11432707,6.91,7.7,10.2,7.62,10.15,2.6124234e+08,9.044552e+08
2025-03-14,QMCO,4.0,0.113360405,0.113360405,14.82,16.5,18.66,14.98,15.34,6.363626e+06,6.1304056e+07
2025-03-14,GOGO,5.0,0.1033479,0.1033479,6.87,7.58,7.73,6.27,6.86,4.955773e+06,9.080264e+06
2025-03-17,FEED,1.0,0.7543727,0.75438595,2.2059,3.87,4.15,2.7808,3.43,4.2177896e+07,1.742597e+06
2025-03-17,ANNX,2.0,0.21153855,0.21153855,2.6,3.15,3.51,2.72,2.75,4.257385e+06,2.1339968e+06
2025-03-17,QUBT,3.0,0.20169258,0.20169258,7.09,8.52,8.58,7.74,8.02,7.938349e+07,3.112202e+08
2025-03-17,ARQQ,4.0,0.13933337,0.13933337,15.0,17.09,23.8899,16.03,23.54,2.85887e+06,9.139035e+06
2025-03-17,QNTM,5.0,0.13905942,0.13905942,4.89,5.57,8.6,5.28,7.18,8.502512e+06,1.2030965e+06
2025-03-18,SCNX,1.0,0.22177422,0.22177422,2.48,3.03,3.1699,1.5298,1.59,6.2793468e+07,6.6449284e+07
2025-03-18,AIFF,2.0,0.108986616,0.108986616,5.23,5.8,6.0,4.5601,4.62,3.587692e+06,1.5473504e+07
2025-03-19,LSE,1.0,0.47232938,0.47232938,7.77,11.44,14.9899,11.13,12.5,1.5044913e+07,4.4707105e+06
2025-03-19,ATER,2.0,0.12796223,0.12796223,2.11,2.38,3.5,2.36,2.7,5.0974652e+07,3.2622835e+06
2025-03-19,OLMA,3.0,0.10386479,0.10386479,4.14,4.57,4.75,4.1,4.11,1.103384e+06,2.0182375e+06
2025-03-19,STNE,4.0,0.10261762,0.10253799,9.85,10.86,11.7,10.845,11.38,2.1666914e+07,6.2232068e+07
2025-03-20,ELAB,1.0,0.17730498,0.17730498,5.64,6.64,8.17,5.81,6.4,1.420019e+06,1.0826036e+06
2025-03-20,DBI,2.0,0.10005641,0.100000024,3.8,4.18,4.32,3.895,4.04,2.467668e+06,8.2728775e+06
2025-03-21,IBO,1.0,0.51923084,0.51923084,2.08,3.16,6.17,2.89,4.96,1.4223314e+08,6.381351e+07
2025-03-21,CURV,2.0,0.25497282,0.25497282,5.53,6.94,6.95,5.69,5.75,688349.0,1.6089535e+06
2025-03-21,ELAB,3.0,0.15625,0.15625,6.4,7.4,7.98,4.67,4.93,5.245339e+06,9.088122e+06
2025-03-24,HUHU,1.0,0.18624163,0.18624163,5.96,7.07,8.49,4.849,5.44,847979.0,4.5787165e+06
2025-03-24,OSUR,2.0,0.10465109,0.10465109,3.44,3.8,4.22,3.66,3.66,1.502872e+06,3.3319565e+06
2025-03-24,LXEO,3.0,0.103321075,0.103321075,2.71,2.99,4.27,2.97,4.09,6.952133e+06,1.3937395e+06
2025-03-24,DMRA,4.0,0.100000024,0.100000024,6.1,6.71,7.1,6.18,6.7,2.406628e+06,6.5336244e+07
2025-03-25,MBLY,1.0,0.13368273,0.13368273,15.26,17.3,17.3275,15.8,16.58,8.867045e+06,4.80531e+07
2025-03-26,VIVO,1.0,0.46460176,0.46460176,2.26,3.31,5.5,3.11,4.18,1.430232e+08,2.0511322e+07
2025-03-26,WVE,2.0,0.13665259,0.13665259,9.44,10.73,10.91,9.55,10.02,3.351713e+06,8.805273e+06
2025-03-26,PLTK,3.0,0.13171446,0.13181818,4.4,4.98,5.4599,4.93,5.3,6.897141e+06,1.1469969e+07
2025-03-26,MYSE,4.0,0.117724895,0.117724895,3.78,4.225,4.42,3.56,3.78,9.501515e+06,5.428716e+08
2025-03-26,PRM,5.0,0.106476426,0.106476426,9.11,10.08,10.57,9.89,10.02,2.366405e+06,1.0409259e+07
2025-03-27,WOOF,1.0,0.20081973,0.20081973,2.44,2.93,3.42,2.75,3.21,2.7829738e+07,2.5871576e+07
2025-03-27,NTHI,2.0,0.1560694,0.1560694,12.11,14.0,14.0,10.88,12.0,9742.0,1.0276061e+06
2025-03-27,MREO,3.0,0.13924062,0.13924062,2.37,2.7,2.73,2.4,2.41,2.738087e+06,3.976144e+06
2025-03-27,IBO,4.0,0.13636363,0.13636363,2.2,2.5,2.61,2.2305,2.28,2.504962e+06,4.1738115e+06
2025-03-27,ZGN,5.0,0.1228044,0.12288129,7.08,7.95,8.1,7.55,7.76,1.937369e+06,7.808185e+06
2025-03-28,ALP,1.0,1.5371549,1.5371549,4.71,11.95,13.2,8.7214,9.6,2.9921312e+07,1.1146413e+07
2025-03-28,QNTM,2.0,0.17780423,0.17780423,8.38,9.87,12.4525,8.0039,8.56,1.412646e+07,8.732589e+06
2025-03-28,SMTK,3.0,0.10529387,0.10529375,3.438,3.8,3.9,2.85,3.01,287583.0,1.4450155e+06
2025-03-31,HERE,1.0,0.24345028,0.24345028,3.42,4.2526,4.59,3.63,4.02,1.6989972e+07,2.1328625e+06
2025-03-31,MCHB,2.0,0.11988056,0.11989248,9.3,10.415,11.88,10.3,11.74,2.51006e+06,1.0516905e+06
2025-04-01,CSAI,1.0,0.35135138,0.35135138,4.44,6.0,11.4599,5.5,5.7,4.7561016e+07,1.1361902e+07
2025-04-01,OMER,2.0,0.11435521,0.11435521,8.22,9.16,9.16,7.715,7.91,1.877015e+06,6.3240985e+06
2025-04-01,LXEH,3.0,0.10067117,0.10067105,19.37,21.32,39.33,19.8222,24.525,182483.0,2.1572562e+06
2025-04-02,SBFM,1.0,0.58173084,0.58173084,2.08,3.29,3.9,2.02,2.25,6.7962504e+07,2.815465e+06
2025-04-02,TTEC,2.0,0.24464834,0.24464834,3.27,4.07,5.43,4.07,4.99,1.7189136e+07,2.1398912e+06
2025-04-02,HERE,3.0,0.13373864,0.13373864,6.58,7.46,7.96,4.63,6.17,9.190442e+06,6.760641e+07
2025-04-02,ANGO,4.0,0.12939954,0.12939954,9.66,10.91,11.72,10.21,10.86,2.523339e+06,8.531287e+06
2025-04-02,CGNT,5.0,0.11922133,0.11922133,8.22,9.2,10.315,9.1376,9.95,1.979719e+06,6.2608865e+06
2025-04-03,VBIO,1.0,0.48923075,0.48923087,3.25,4.84,5.8,3.7801,4.87,3.4887064e+07,3.1859295e+06
2025-04-04,USAR,1.0,0.3076923,0.3076923,6.5,8.5,10.5,7.27,7.55,7.426456e+06,1.0102365e+06
2025-04-07,BJDX,1.0,1.3371105,1.3371105,3.53,8.25,10.2,6.94,7.5,5.9504296e+07,5.3486665e+06
2025-04-08,AGL,1.0,0.27294123,0.2729411,4.25,5.41,6.08,5.18,5.36,2.119824e+07,1.5572765e+07
2025-04-08,SPIR,2.0,0.25,0.25,7.48,9.35,9.96,8.55,8.75,2.088374e+06,5.818991e+06
2025-04-08,CRMD,3.0,0.23723233,0.23723233,6.07,7.51,7.71,6.6949,6.79,4.176608e+06,9.533281e+06
2025-04-08,BTU,4.0,0.17821777,0.17798257,10.31,12.145,12.17,11.0,11.26,1.243925e+07,7.155588e+07
2025-04-08,LEVI,5.0,0.16358018,0.16370368,13.5,15.71,15.71,12.33,12.42,1.507109e+07,8.672121e+07
2025-04-09,DXF,1.0,0.19937694,0.19937694,6.42,7.7,13.0,6.3,7.8,2.951243e+06,1.7607749e+06
2025-04-09,HMY,2.0,0.11946201,0.11873555,12.97,14.51,14.955,14.0,14.69,1.1548755e+07,8.322725e+07
2025-04-09,BTU,3.0,0.117753625,0.11811721,11.26,12.59,13.66,11.06,12.26,2.444785e+07,1.4006595e+08
2025-04-10,LOVE,1.0,0.15003133,0.15003133,15.93,18.32,19.3,16.42,18.49,2.601715e+06,3.0291804e+07
2025-04-10,KROS,2.0,0.12971926,0.12971926,10.33,11.67,12.5,11.6,12.24,3.967741e+06,2.7905462e+07
2025-04-11,BGLC,1.0,0.35023046,0.35023046,2.17,2.93,3.3499,2.34,2.63,2.9847308e+07,6.1016365e+06
2025-04-11,BULL,2.0,0.33111477,0.33111477,12.02,16.0,16.69,9.54,13.25,3.931772e+06,2.3589732e+06
2025-04-11,CBLL,3.0,0.16412556,0.16412556,11.15,12.98,15.84,12.61,15.0,2.300316e+06,1.541386e+07
2025-04-11,ABSI,4.0,0.13238287,0.13238287,2.455,2.78,3.02,2.6203,3.02,7.175332e+06,7.8305635e+06
2025-04-11,CERT,5.0,0.12654614,0.12654614,10.51,11.84,13.1799,11.44,12.91,9.673359e+06,3.8962976e+07
2025-04-14,BULL,1.0,1.0860376,1.0860376,13.25,27.64,79.56,26.02,62.9,3.6885308e+07,5.209598e+07
2025-04-14,USAR,2.0,0.16967511,0.16967511,8.31,9.72,13.4,9.0,11.75,1.1478981e+07,6.2996285e+06
2025-04-14,MB,3.0,0.16562498,0.16562498,3.2,3.73,5.37,3.4,4.52,3.759067e+06,7.8720575e+06
2025-04-14,GPCR,4.0,0.13207555,0.13207555,15.9,18.0,19.225,16.8,18.95,1.314026e+06,8.1154075e+06
2025-04-14,CEPU,5.0,0.12075472,0.120560765,10.7,11.99,12.22,11.27,11.41,882733.0,4.3238055e+06
2025-04-15,TMC,1.0,0.25971735,0.25971735,2.83,3.565,3.57,2.63,2.87,4.097715e+07,8.459346e+07
2025-04-15,USAR,2.0,0.21787238,0.21787238,11.75,14.31,15.0,12.5,13.52,9.305796e+06,1.3487803e+08
2025-04-15,BULLW,3.0,0.18720317,0.18720317,2.4006,2.85,3.16,1.715,1.96,3.175988e+06,1.6669538e+07
2025-04-15,IE,4.0,0.13861382,0.13861382,5.05,5.75,6.5826,5.65,6.48,3.858466e+06,5.3099845e+06
2025-04-15,IPX,5.0,0.119253755,0.119253755,15.01,16.8,18.48,16.8,17.21,180444.0,1.445448e+06
2025-04-16,TGL,1.0,0.77884626,0.77884626,2.08,3.7,4.4,3.16,3.81,1.00712904e+08,4.24217e+06
2025-04-16,EDVA,2.0,0.41489363,0.41489363,2.82,3.99,4.78,3.13,4.3,4.3975668e+07,1.414402e+08
2025-04-16,NB,3.0,0.2352941,0.2352941,2.89,3.57,4.1487,3.3,3.79,1.5736212e+07,1.1767979e+07
2025-04-16,HTZ,4.0,0.19315064,0.19315064,3.65,4.355,5.77,4.055,5.71,9.139389e+07,2.3849448e+07
2025-04-17,QURE,1.0,0.38498402,0.38498402,9.39,13.005,14.16,12.54,13.0,1.4456116e+07,7.993848e+06
2025-04-17,DXF,2.0,0.31243253,0.31243253,9.25,12.14,14.5,8.6,8.7,6.851287e+06,7.1026936e+07
2025-04-17,HTZ,3.0,0.3012259,0.3012259,5.71,7.43,8.74,6.68,8.24,2.6690595e+08,5.218591e+08
2025-04-17,HTZWW,4.0,0.27666664,0.27666664,3.0,3.83,4.55,3.49,4.34,4.935786e+06,5.533248e+06
2025-04-17,GPCR,5.0,0.16028059,0.16028059,18.53,21.5,24.17,19.74,21.76,5.81217e+06,1.2291357e+07
2025-04-21,SHFS,1.0,0.73094165,0.73094165,2.23,3.86,4.3299,3.53,4.19,4.349713e+07,4.8234345e+06
2025-04-21,DWTX,2.0,0.26697886,0.26697886,4.27,5.41,7.73,5.21,5.37,2.1182484e+07,8.527749e+06
2025-04-22,EDVA,1.0,0.22255635,0.22255635,6.65,8.13,9.79,5.492,6.77,4.187341e+06,3.253071e+07
2025-04-22,MTEN,2.0,0.16721308,0.16721308,6.1,7.12,7.24,6.5,6.9,131614.0,1.9377321e+06
2025-04-22,BHC,3.0,0.105932236,0.105932236,4.72,5.22,5.31,5.0,5.19,3.642295e+06,1.4520773e+07
2025-04-22,BIYA,4.0,0.105121255,0.105121255,3.71,4.1,4.16,3.68,3.89,137981.0,1.5086085e+06
2025-04-23,SNOA,1.0,0.75965667,0.75965667,2.33,4.1,4.2,3.52,3.95,5.890325e+07,1.6912158e+07
2025-04-23,UPXI,2.0,0.26944447,0.26944447,9.0,11.425,12.6,10.19,11.01,1.1332027e+07,2.7276084e+07
2025-04-23,RZLT,3.0,0.2427653,0.2427653,3.11,3.865,4.29,3.81,3.97,1.6931658e+07,2.0379208e+06
2025-04-23,MIND,4.0,0.21323526,0.21323526,5.44,6.6,7.45,6.5,6.88,1.449386e+06,1.9429341e+06
2025-04-23,NDRA,5.0,0.20247626,0.20247626,3.0853,3.71,3.98,3.45,3.78,1.421929e+06,2.862785e+06
2025-04-24,BCTX,1.0,0.72191536,0.72191536,5.43,9.35,9.82,6.03,6.03,4.071365e+07,2.7651622e+06
2025-04-24,CYH,2.0,0.20164609,0.20164609,2.43,2.92,3.175,2.8,2.88,1.0510207e+07,9.473649e+06
2025-04-24,EPSM,3.0,0.18773234,0.18773234,5.38,6.39,7.2,6.38,6.94,2.16226e+06,2.1357138e+07
2025-04-24,XXI,4.0,0.16363645,0.16363645,16.5,19.2,39.29,19.2,24.8,5.370561e+07,2.9747555e+08
2025-04-24,PONY,5.0,0.12523031,0.12523031,5.43,6.11,7.7,5.91,7.57,2.0989864e+07,5.384961e+07
2025-04-25,PONY,1.0,0.2338177,0.2338177,7.57,9.34,9.8,6.81,7.01,3.9833676e+07,1.5889328e+08
2025-04-25,MBOT,2.0,0.100823045,0.100823045,2.43,2.675,2.78,2.37,2.61,5.041091e+06,8.490381e+06
2025-04-28,WOLF,1.0,0.16360855,0.16360855,3.27,3.805,4.22,3.62,4.13,6.7634536e+07,7.5870264e+07
2025-04-28,SABR,2.0,0.13242006,0.13242006,2.19,2.48,2.815,2.45,2.53,1.3892339e+07,7.3518085e+06
2025-04-28,SXTC,3.0,0.11790395,0.11790395,2.29,2.56,2.7,2.0609,2.43,1.634006e+06,8.7111944e+07
2025-04-28,UPC,4.0,0.11428571,0.11428571,4.2,4.68,6.9299,4.3,5.95,6.983438e+06,1.1120928e+06
2025-04-28,SSII,5.0,0.1004405,0.1004405,11.35,12.49,14.29,10.0,10.87,108980.0,4.1121845e+06
2025-04-29,LFMD,1.0,0.31639338,0.31639338,6.1,8.03,8.69,7.02,8.62,2.1255232e+07,3.3029488e+06
2025-04-29,CLVT,2.0,0.19220066,0.19220066,3.59,4.28,4.61,4.025,4.21,1.3603587e+07,2.2192996e+07
2025-04-29,WOLF,3.0,0.13801444,0.13801444,4.13,4.7,4.7,3.42,3.47,6.667149e+07,2.7933066e+08
2025-04-29,LZMH,4.0,0.13483155,0.13483143,8.01,9.09,9.32,8.9501,9.1,522280.0,8.0431295e+06
2025-04-29,PUMP,5.0,0.13472486,0.13472486,5.27,5.98,6.14,5.37,5.6,4.677827e+06,7.603809e+06
2025-04-30,RCKY,1.0,0.28171086,0.2824372,13.95,17.89,21.39,17.47,21.39,595815.0,2.5083075e+06
2025-04-30,SKYA,2.0,0.22099996,0.22099996,5.0,6.105,7.39,5.3,5.61,1.9435332e+07,1.02001e+06
2025-04-30,JAKK,3.0,0.15257049,0.15262079,19.46,22.43,22.43,17.92,19.29,323636.0,3.5627172e+06
2025-04-30,ORN,4.0,0.11374414,0.11374414,6.33,7.05,7.08,6.39,6.39,856660.0,2.4167688e+06
2025-05-01,FEED,1.0,0.46503484,0.46503508,2.86,4.19,4.49,3.25,3.875,2.2233376e+07,3.4734328e+06
2025-05-01,VISN,2.0,0.20384622,0.20320857,3.74,4.5,4.73,4.21,4.55,1.1803935e+07,3.0468946e+07
2025-05-01,MAX,3.0,0.17976189,0.17976189,8.4,9.91,10.79,9.14,9.59,1.643145e+06,4.6253085e+06
2025-05-01,TZOO,4.0,0.16510451,0.16510451,13.87,16.16,16.175,13.975,14.14,301347.0,4.0090265e+06
2025-05-01,UPBD,5.0,0.1251384,0.12512565,19.9,22.39,23.85,21.6672,23.7,1.613427e+06,1.6449399e+07
2025-05-02,KIDZ,1.0,0.52145517,0.52145517,5.36,8.155,10.65,6.07,7.18,1.1286355e+08,1.4090007e+09
2025-05-02,NPKI,2.0,0.27814567,0.27814567,6.04,7.72,7.8,7.17,7.59,2.220406e+06,5.8638975e+06
2025-05-02,ADPT,3.0,0.19701087,0.19701087,7.36,8.81,10.28,8.57,9.84,1.5572026e+07,1.4843501e+07
2025-05-02,BTSG,4.0,0.13743019,0.13743019,17.9,20.36,20.95,19.4,20.87,4.015675e+06,4.192339e+07
2025-05-02,CPS,5.0,0.113009214,0.113009214,15.22,16.94,22.2,16.79,21.88,2.351652e+06,3.9129555e+06
2025-05-05,FNGR,1.0,0.19485295,0.19485295,2.72,3.25,3.515,2.98,3.33,3.547318e+06,2.7641565e+06
2025-05-05,DFSC,2.0,0.11551714,0.11551714,5.8,6.47,6.79,5.6581,6.37,5.557432e+06,5.4206395e+06
2025-05-06,TALO,1.0,0.21640742,0.21640742,7.07,8.6,8.6,7.345,7.38,4.537285e+06,1.0983069e+07
2025-05-06,TDUP,2.0,0.21396387,0.21396387,4.44,5.39,6.56,5.28,6.56,2.1094968e+07,1.7005538e+07
2025-05-06,AMRC,3.0,0.20378327,0.20378327,11.63,14.0,15.5944,12.92,13.0,2.133843e+06,6.8952875e+06
2025-05-06,SEDG,4.0,0.1493808,0.1493808,12.92,14.85,15.54,14.23,14.37,1.4247503e+07,4.9040988e+07
2025-05-06,HRTX,5.0,0.14553988,0.14553988,2.13,2.44,2.61,2.27,2.42,7.422889e+06,1.710157e+07
2025-05-07,ANGI,1.0,0.33244443,0.33244443,11.25,14.99,15.5875,13.95,15.15,4.678838e+06,1.6277524e+07
2025-05-07,CURI,2.0,0.31205165,0.31212115,3.3,4.33,5.3,4.2,4.63,1.0838977e+07,1.4027342e+06
2025-05-07,EHTH,3.0,0.26923084,0.26923084,4.68,5.94,7.09,5.35,5.75,1.588091e+06,3.054589e+06
2025-05-07,PRCH,4.0,0.263407,0.263407,6.34,8.01,10.87,7.5,10.65,2.4033104e+07,1.7383964e+07
2025-05-07,NRDS,5.0,0.25295508,0.25295508,8.46,10.6,11.4,10.2,10.91,1.899089e+06,5.266494e+06
2025-05-08,ASST,1.0,0.63716805,0.63716817,3.39,5.55,8.8,5.0,7.69,2.4194126e+08,1.0706957e+09
2025-05-08,ONT,2.0,0.2936877,0.2936877,15.05,19.47,22.61,16.99,17.7,1.171279e+06,4.652527e+06
2025-05-08,AVAH,3.0,0.2614107,0.2614107,4.82,6.08,6.11,5.4001,5.5,1.483588e+06,1.5098748e+06
2025-05-08,QBTS,4.0,0.25834548,0.25834548,6.89,8.67,10.89,7.71,10.42,2.2891347e+08,1.421445e+08
2025-05-08,ZVIA,5.0,0.25123155,0.25123155,2.03,2.54,3.2,2.17,3.08,5.555139e+06,1.1592944e+06
2025-05-09,WBUY,1.0,1.233474,1.233474,7.11,15.88,28.849,9.77,11.32,2.3019096e+07,1.1313062e+07
2025-05-09,ZKIN,2.0,0.6428571,0.6428571,2.52,4.14,4.47,3.04,3.99,4.7048544e+07,2.2821878e+08
2025-05-09,LASR,3.0,0.329849,0.329849,8.61,11.45,11.75,10.55,11.67,1.456231e+06,2.8595445e+06
2025-05-09,MITK,4.0,0.29284906,0.29284906,8.81,11.39,11.39,9.675,9.74,1.478641e+06,3.74477e+06
2025-05-09,GDOT,5.0,0.28390813,0.28390813,8.7,11.17,11.83,10.24,10.94,3.920653e+06,8.25215e+06
2025-05-12,NAKA,1.0,6.311538,6.311538,3.9,28.515,31.45,13.24,13.69,6.5933972e+07,1.3144288e+06
2025-05-12,FTRE,2.0,0.2829268,0.2829268,6.15,7.89,7.99,4.99,5.19,8.560874e+06,2.5416604e+07
2025-05-12,RGTIW,3.0,0.21352816,0.21352816,3.7906,4.6,4.69,4.05,4.43,583659.0,1.6133666e+06
2025-05-12,ZIM,4.0,0.1701808,0.17028737,14.27,16.7,17.515,16.01,16.26,1.5962887e+07,3.5103572e+07
2025-05-12,GCT,5.0,0.15758622,0.15758622,14.5,16.785,16.98,15.37,15.9,2.380135e+06,9.138756e+06
2025-05-13,LICN,1.0,0.5258621,0.5258621,3.48,5.31,8.28,4.14,6.41,2.5598474e+07,2.5511268e+07
2025-05-13,INHD,2.0,0.40254235,0.40254235,2.36,3.31,3.51,2.945,3.34,1.3473619e+07,6.730534e+07
2025-05-13,XHG,3.0,0.28125,0.28125,2.24,2.87,3.23,2.29,2.52,1.8020092e+07,1.1213462e+06
2025-05-13,BKKT,4.0,0.2617383,0.2617383,10.01,12.63,15.49,11.5801,14.75,3.667554e+06,4.32402e+06
2025-05-13,OPRX,5.0,0.25,0.25,9.2,11.5,12.7752,10.445,11.01,1.416631e+06,4.4151445e+06
2025-05-14,SEPN,1.0,0.6077266,0.6077266,6.73,10.82,11.36,8.51,10.16,3.781576e+07,1.5340631e+06
2025-05-14,ABSI,2.0,0.2195946,0.2195946,2.96,3.61,3.65,2.83,2.91,1.0466315e+07,1.4279804e+07
2025-05-14,WBUY,3.0,0.19172418,0.19172418,7.25,8.64,8.65,7.3001,7.76,463940.0,3.1616018e+06
2025-05-14,FNGR,4.0,0.18719172,0.18719172,4.38,5.1999,5.1999,4.38,4.57,2.680526e+06,1.0183535e+07
2025-05-14,LUXE,5.0,0.13258433,0.13258433,8.9,10.08,10.89,10.0,10.12,903126.0,1.2599996e+06
2025-05-15,IA,1.0,0.23537421,0.23537421,7.35,9.08,10.5,9.08,9.79,1.646136e+06,1.3109534e+06
2025-05-15,DLO,2.0,0.21963978,0.21982348,10.19,12.43,12.58,11.095,11.24,4.437444e+06,1.9264786e+07
2025-05-15,AARD,3.0,0.20709383,0.20709383,8.74,10.55,10.55,8.74,9.09,43653.0,1.2845002e+06
2025-05-15,STLN,4.0,0.19409287,0.19409287,2.37,2.83,3.33,2.72,3.04,7.09545e+06,3.4860375e+06
2025-05-15,HCWB,5.0,0.19182742,0.19182742,8.81,10.5,10.5,8.03,8.2,315321.0,8.0643395e+06
2025-05-16,TSSI,1.0,0.46561444,0.46561444,8.87,13.0,16.4,12.4401,15.44,2.9157872e+07,4.0831324e+07
2025-05-16,SORA,2.0,0.43066657,0.43066657,7.5,10.73,10.9,4.43,7.77,1.5052304e+07,2.12124e+06
2025-05-16,BULLW,3.0,0.29149795,0.29149795,2.47,3.19,3.44,2.35,2.56,849374.0,1.6808598e+06
2025-05-16,QUBT,4.0,0.13961041,0.13961041,9.24,10.53,12.96,10.26,12.87,9.211747e+07,2.1570952e+08
2025-05-16,EVLV,5.0,0.13095248,0.13095248,4.2,4.75,5.51,4.69,5.46,1.987945e+07,1.3129271e+07
2025-05-19,NVAX,1.0,0.2035662,0.2035662,6.73,8.1,8.78,7.12,7.74,8.405423e+07,5.918789e+07
2025-05-19,CHAI,2.0,0.12554109,0.12554109,2.31,2.6,4.2,2.56,4.07,8.190398e+07,1.0222818e+08
2025-05-20,CHAI,1.0,0.5356264,0.5356264,4.07,6.25,8.44,5.62,8.19,1.2866779e+08,3.3334922e+08
2025-05-20,TIL,2.0,0.20236683,0.20236683,16.9,20.32,20.32,15.75,16.44,598674.0,4.579849e+06
2025-05-20,QBTS,3.0,0.16654003,0.16654003,13.15,15.34,17.59,14.6,16.56,3.088202e+08,1.4922124e+09
2025-05-20,XYF,4.0,0.15270162,0.1533333,15.0,17.3,18.4,15.4106,15.84,1.577993e+06,6.02946e+06
2025-05-20,ARMP,5.0,0.13924062,0.13924062,2.37,2.7,2.7196,2.1,2.25,745756.0,3.124354e+07
2025-05-21,ASST,1.0,0.29198968,0.29198968,7.74,10.0,10.8999,7.88,8.04,3.907619e+07,7.080169e+07
2025-05-21,EDBL,2.0,0.26944447,0.26944458,3.6,4.57,6.29,4.55,4.99,1.0940411e+08,3.272612e+08
2025-05-21,NAKA,3.0,0.25164258,0.25164247,15.22,19.05,23.4099,17.27,22.83,1.1230834e+07,3.060109e+07
2025-05-21,GOOS,4.0,0.1569506,0.1569506,8.92,10.32,11.56,10.19,10.67,1.3713475e+07,8.553789e+06
2025-05-21,GPUS,5.0,0.14099789,0.14099789,4.61,5.26,9.98,5.02,7.07,5.3098348e+07,1.329796e+06
2025-05-22,ASST,1.0,0.15796018,0.1579603,8.04,9.31,13.42,9.1,13.01,3.7600932e+07,3.1417258e+08
2025-05-22,LUMN,2.0,0.14435697,0.14435697,3.81,4.36,4.46,3.71,3.84,3.0254016e+07,5.772855e+07
2025-05-22,TIL,3.0,0.13440204,0.13440204,16.22,18.4,26.4,18.4,24.61,1.349135e+06,2.4584005e+06
2025-05-23,FNUC,1.0,0.18475068,0.18475068,3.41,4.04,4.09,3.62,3.9,1.6693004e+07,1.3057129e+06
2025-05-23,UEC,2.0,0.16279078,0.16279078,5.16,6.0,6.53,5.76,6.45,6.7071044e+07,6.3159124e+07
2025-05-23,LTBR,3.0,0.1322701,0.1322701,10.66,12.07,16.14,11.6,15.2,1.9607208e+07,1.2089538e+07
2025-05-23,FULC,4.0,0.11437917,0.11437917,6.12,6.82,7.0395,6.25,6.44,898658.0,2.631961e+06
2025-05-23,UUUU,5.0,0.111111164,0.111111164,4.5,5.0,5.44,4.74,5.4,3.3177758e+07,3.585869e+07
2025-05-27,SBET,1.0,4.0491076,4.0491076,6.72,33.93,53.45,28.5,35.83,5.449281e+07,4.07669e+07
2025-05-27,MTAL,2.0,0.18522167,0.18522167,10.15,12.03,12.795,11.97,12.29,2.93762e+06,2.3338705e+06
2025-05-27,GYRE,3.0,0.17511511,0.17511511,8.68,10.2,11.61,9.8,10.18,1.976658e+06,1.8283458e+07
2025-05-27,FLD,4.0,0.14596272,0.14596272,4.83,5.535,5.535,4.53,4.69,711230.0,4.1332435e+06
2025-05-27,RGTIW,5.0,0.124282956,0.124282956,5.23,5.88,5.94,5.19,5.28,686437.0,3.943854e+06
2025-05-28,LVWR,1.0,0.4453125,0.4453125,2.56,3.7,4.67,3.05,3.97,7.0492056e+07,2.1000544e+08
2025-05-28,MNRO,2.0,0.30675912,0.3077526,12.77,16.7,17.9499,16.14,16.75,3.952128e+06,1.4513438e+07
2025-05-28,JOBY,3.0,0.1656977,0.1656977,6.88,8.02,9.06,7.99,8.86,9.858766e+07,7.911652e+07
2025-05-28,BULLW,4.0,0.10787165,0.10787165,3.43,3.8,4.46,3.46,3.645,514186.0,1.1920279e+06
2025-05-28,VLOSU,5.0,0.100000024,0.100000024,12.0,13.2,13.2,12.03,12.3,84113.0,1.39296e+06
2025-05-29,LZMH,1.0,0.26447976,0.26447976,19.51,24.67,32.1,23.49,28.68,676911.0,6.4491085e+06
2025-05-29,ORIC,2.0,0.22110558,0.22110558,5.97,7.29,8.439,6.89,7.97,1.4471373e+07,1.293893e+07
2025-05-29,TSHA,3.0,0.16803277,0.16803277,2.44,2.85,2.95,2.66,2.75,2.2180068e+07,5.8677685e+06
2025-05-29,YSXT,4.0,0.13786364,0.13786364,6.6,7.5099,8.17,6.04,6.09,43632.0,1.7264214e+06
2025-05-29,KSS,5.0,0.12352252,0.123456836,8.1,9.1,9.9599,7.84,8.04,2.8220582e+07,1.0480296e+08
2025-05-30,RRGB,1.0,0.3961661,0.3961661,3.13,4.37,5.71,4.21,5.1,3.2523496e+07,6.2702605e+06
2025-05-30,VIVO,2.0,0.2959906,0.2959906,4.24,5.495,5.5,4.53,4.64,8.449234e+06,2.921998e+07
2025-05-30,SPRO,3.0,0.17370892,0.17370892,2.13,2.5,2.8,2.35,2.5,2.4382012e+07,1.583735e+07
2025-05-30,LVWR,4.0,0.15156806,0.15156806,2.87,3.305,5.15,3.26,4.5,6.3367236e+07,1.2586146e+07
2025-05-30,PATH,5.0,0.14837718,0.14837718,12.94,14.86,14.985,12.91,13.31,4.739465e+07,3.5502064e+08
2025-06-02,VERA,1.0,0.6749339,0.6749339,18.95,31.74,32.83,28.9,31.74,1.3253867e+07,4.1965004e+07
2025-06-02,BMGL,2.0,0.36759865,0.36759865,6.08,8.315,9.4,3.05,3.92,6.7392536e+07,1.078582e+09
2025-06-02,CENX,3.0,0.23757267,0.23757267,15.49,19.17,20.43,18.13,18.79,7.006633e+06,1.9900684e+07
2025-06-02,CLF,4.0,0.23327613,0.23327613,5.83,7.19,7.52,6.96,7.18,1.19579784e+08,2.7894394e+08
2025-06-02,APLD,5.0,0.21083462,0.21083462,6.83,8.27,10.54,8.03,10.14,2.3974646e+08,1.6024206e+08
2025-06-03,AGEN,1.0,0.16828084,0.16828084,4.13,4.825,5.15,4.16,5.0,9.933528e+06,6.9233135e+06
2025-06-03,JOBY,2.0,0.13199997,0.13199997,7.5,8.49,8.735,7.96,8.03,5.2603104e+07,1.3283717e+08
2025-06-03,BMGL,3.0,0.117347,0.117347,3.92,4.38,5.2999,4.12,5.09,2.3089602e+07,2.6417875e+08
2025-06-03,LTBR,4.0,0.10661507,0.10661507,14.21,15.725,16.4434,14.07,14.82,2.963057e+06,3.3315188e+07
2025-06-03,SRFM,5.0,0.10648143,0.10648143,2.16,2.39,2.55,2.25,2.52,1.305517e+06,1.1226341e+06
2025-06-04,BAOS,1.0,0.8312237,0.8312237,2.37,4.34,4.39,3.24,3.66,3.619495e+07,4.764584e+06
2025-06-04,VCIG,2.0,0.23051953,0.23051953,3.08,3.79,3.85,3.09,3.26,1.6629206e+07,5.923108e+06
2025-06-04,YEXT,3.0,0.15249264,0.15249264,6.82,7.86,9.15,7.825,8.97,7.66792e+06,1.6155319e+07
2025-06-04,WETO,4.0,0.13821137,0.13821137,2.46,2.8,2.91,2.66,2.82,459491.0,1.8188625e+06
2025-06-04,SGMT,5.0,0.11432505,0.11432505,3.63,4.045,4.6379,3.83,4.08,2.0359048e+07,7.34524e+06
2025-06-05,TGE,1.0,0.69269276,0.69269276,9.99,16.91,37.0191,9.8,10.04,1.325954e+06,2.0217062e+06
2025-06-05,LIMN,2.0,0.67505896,0.6750591,12.71,21.29,24.88,15.2974,24.6,4.341261e+06,1.8250556e+07
2025-06-05,ZENA,3.0,0.4874214,0.4874214,3.18,4.73,6.92,4.15,4.45,1.36897e+08,2.9527065e+06
2025-06-05,TJGC,4.0,0.36168826,0.36168826,15.4,20.97,21.59,6.26,7.4,1.6434989e+07,2.7360854e+08
2025-06-05,PL,5.0,0.30827057,0.30827057,3.99,5.22,6.45,5.01,5.96,6.83905e+07,3.4141516e+07
2025-06-06,HYPD,1.0,0.36624193,0.36624193,3.14,4.29,5.88,3.53,4.88,3.9079324e+07,4.6499188e+07
2025-06-06,RENT,2.0,0.36201787,0.36201787,6.74,9.18,10.11,7.75,8.62,2.26079e+06,1.7195155e+06
2025-06-06,NX,3.0,0.2168963,0.21708596,17.09,20.8,21.815,18.825,18.9,1.87261e+06,6.5462735e+06
2025-06-06,TGE,4.0,0.20517933,0.20517933,10.04,12.1,15.0,10.75,12.0,2.84064e+06,1.3312578e+07
2025-06-06,MANU,5.0,0.111513376,0.111513376,13.81,15.35,16.48,14.16,16.41,1.152831e+06,2.1043265e+06
2025-06-09,TPST,1.0,0.33160305,0.33160305,8.2457,10.98,11.95,8.7305,8.95,2.238848e+06,1.8480262e+06
2025-06-09,UMAC,2.0,0.19946086,0.19946086,7.42,8.9,9.47,8.1,9.18,1.143767e+07,7.558157e+07
2025-06-09,EVTL,3.0,0.15241635,0.15241635,5.38,6.2,6.22,5.71,6.2,3.004956e+06,7.562876e+06
2025-06-09,NXAT,4.0,0.14705884,0.14705884,3.4,3.9,5.738,3.81,5.51,7.535911e+06,3.4557465e+06
2025-06-09,MB,5.0,0.14580643,0.14580643,7.75,8.88,9.5,6.82,7.34,286636.0,2.446396e+06
2025-06-10,ZENA,1.0,0.15859032,0.15859032,4.54,5.26,5.4,4.7,4.9,9.175792e+06,5.381532e+07
2025-06-10,MFI,2.0,0.14339614,0.14339614,2.65,3.03,3.33,2.65,2.72,1.395452e+06,4.4528325e+06
2025-06-10,SKIL,3.0,0.13391876,0.13391876,18.22,20.66,21.2489,16.01,17.59,178996.0,1.9878019e+06
2025-06-10,ARAI,4.0,0.13264501,0.13264501,6.295,7.13,15.73,6.89,10.25,4.122097e+07,1.2308299e+06
2025-06-10,QTRX,5.0,0.11067188,0.11067188,5.06,5.62,6.61,5.54,6.58,2.935137e+06,4.113623e+06
2025-06-11,ABCL,1.0,0.15894043,0.15894043,3.02,3.5,3.57,3.14,3.23,2.0131996e+07,5.6712604e+07
2025-06-11,SAIL,2.0,0.14860046,0.14860046,19.65,22.57,23.83,22.0101,22.53,9.691734e+06,5.1266084e+07
2025-06-11,RGTIW,3.0,0.14213192,0.14213192,3.94,4.5,5.3,4.28,4.68,1.459618e+06,2.2955898e+06
2025-06-11,USBC,4.0,0.1390729,0.1390729,3.02,3.44,4.1,3.03,3.61,1.2928082e+07,3.2781692e+07
2025-06-11,OUST,5.0,0.13661873,0.13661873,16.03,18.22,20.8998,17.75,20.36,1.7407528e+07,7.284175e+07
2025-06-12,HIND,1.0,0.30131006,0.30131006,2.29,2.98,4.13,2.79,3.11,7.9717736e+07,1.0440705e+06
2025-06-12,AGIG,2.0,0.23260069,0.23260069,5.46,6.73,9.2,5.8901,7.14,6.393261e+06,4.323823e+06
2025-06-12,PL,3.0,0.1510129,0.1510129,5.43,6.25,6.28,5.26,5.46,2.734532e+07,3.7267692e+07
2025-06-12,INDO,4.0,0.13622296,0.13622296,3.23,3.67,4.2,3.11,3.54,9.05836e+06,8.616355e+06
2025-06-12,HPP,5.0,0.12730408,0.12701619,2.48,2.795,2.8,2.6,2.68,6.0654716e+07,9.146662e+06
2025-06-13,AGIG,1.0,0.8011204,0.8011204,7.14,12.86,19.74,12.74,15.65,2.8872956e+07,4.5647884e+07
2025-06-13,INDO,2.0,0.33615816,0.33615816,3.54,4.73,5.78,4.32,5.18,3.854948e+07,3.2066594e+07
2025-06-13,DFNS,3.0,0.26897693,0.26897693,12.12,15.38,17.28,13.13,13.99,5.871468e+06,3.076965e+06
2025-06-13,IMPP,4.0,0.13931894,0.13931894,3.23,3.68,3.7899,3.09,3.37,2.165681e+06,1.6096091e+06
2025-06-13,SSL,5.0,0.12577319,0.12577319,4.85,5.46,5.515,5.3,5.45,3.377352e+06,3.3170702e+06
2025-06-16,ECHO,1.0,0.44121146,0.44121146,16.84,24.27,25.2899,23.87,25.11,1.5844856e+07,9.9266056e+07
2025-06-16,NXAT,2.0,0.4068966,0.40689647,2.9,4.08,4.27,3.53,4.12,7.134869e+06,7.498736e+06
2025-06-16,BRRWW,3.0,0.22222221,0.22222221,2.16,2.64,2.6876,2.1,2.5,544077.0,3.179114e+06
2025-06-16,NEON,4.0,0.18976808,0.18976808,16.81,20.0,22.62,18.2367,18.65,1.837336e+06,8.04222e+07
2025-06-16,SBET,5.0,0.1813246,0.1813246,9.21,10.88,14.25,10.55,13.41,4.697525e+07,3.8604723e+08
2025-06-17,SAFX,1.0,0.45248866,0.45248866,2.21,3.21,3.2299,1.7,1.7,2.313492e+07,2.585227e+06
2025-06-17,BGSF,2.0,0.3930055,0.39303482,4.02,5.6,6.02,5.1,5.37,1.788264e+06,6.259321e+06
2025-06-17,RBNE,3.0,0.26268113,0.26268113,5.52,6.97,14.49,6.7,10.59,4.5440016e+07,3.2094688e+07
2025-06-17,TJGC,4.0,0.17808223,0.17808223,3.65,4.3,4.79,3.83,3.85,1.171776e+06,1.6480189e+06
2025-06-17,XTIA,5.0,0.17689526,0.17689526,2.77,3.26,4.22,3.17,4.1,1.6469441e+07,2.026038e+07
2025-06-18,LSE,1.0,0.71171165,0.71171165,5.55,9.5,9.7799,6.5812,7.47,1.6859568e+07,3.0818652e+06
2025-06-18,EZRA,2.0,0.4422804,0.44239628,2.17,3.13,3.55,2.67,2.92,4.992852e+07,4.1869612e+07
2025-06-18,TMC,3.0,0.11488974,0.11488974,5.44,6.065,7.3,5.91,6.75,4.717722e+07,7.381527e+07
2025-06-18,BATL,4.0,0.1095407,0.1095407,2.83,3.14,3.21,2.38,2.62,2.057713e+06,9.600016e+06
2025-06-18,GOGO,5.0,0.10853958,0.10853958,12.53,13.89,15.1,12.8801,14.4,7.33064e+06,1.8322668e+07
2025-06-20,AIFF,1.0,0.22666669,0.22666669,3.0,3.68,3.77,2.7,2.74,2.396827e+07,1.030653e+06
2025-06-20,DFSC,2.0,0.19982159,0.19982159,11.21,13.45,13.48,10.6001,12.25,4.123328e+06,4.188049e+08
2025-06-20,NEXR,3.0,0.18244803,0.18244803,6.495,7.68,7.8699,7.05,7.49,4.049023e+06,1.9328535e+06
2025-06-20,GALT,4.0,0.1793313,0.1793313,3.29,3.88,3.9035,1.85,2.42,4.327057e+06,1.7787672e+07
2025-06-20,GRRR,5.0,0.17490697,0.17490697,18.81,22.1,27.8999,22.0,25.23,1.2300891e+07,4.595674e+07
2025-06-23,AGIG,1.0,0.43716216,0.43716216,14.8,21.27,25.5599,17.29,18.54,1.2760731e+07,3.2047372e+07
2025-06-23,INDO,2.0,0.30434787,0.30434787,5.06,6.6,7.95,4.7,4.87,5.350735e+07,1.7455988e+07
2025-06-23,RBNE,3.0,0.30392158,0.30392158,6.12,7.98,8.43,6.25,6.7,1.5844439e+07,3.0774388e+07
2025-06-23,CRMD,4.0,0.22997797,0.22997797,13.61,16.74,17.43,15.75,16.56,7.091502e+06,2.2842928e+07
2025-06-23,GEOS,5.0,0.21671021,0.21671021,11.49,13.98,18.5,13.3,18.4,3.323255e+06,6.1536185e+06
2025-06-24,NA,1.0,1.6556473,1.6556473,10.89,28.92,31.48,14.5,14.85,1.7859312e+07,2.3172722e+06
2025-06-24,NKTR,2.0,1.0880504,1.0880504,9.54,19.92,27.68,16.56,24.45,3.7172732e+07,1.4567618e+07
2025-06-24,WFF,3.0,0.220891,0.22089088,6.51,7.948,16.84,4.56,6.05,8.549456e+06,4.2316045e+06
2025-06-24,KEP,4.0,0.20414197,0.20423889,10.38,12.5,12.68,12.44,12.61,1.389256e+06,9.668576e+06
2025-06-24,CTOR,5.0,0.13,0.13,2.5,2.825,3.26,2.37,2.66,1.74742e+06,4.804345e+06
2025-06-25,QS,1.0,0.38799083,0.38799083,4.33,6.01,6.35,5.31,5.67,1.7880926e+08,9.700644e+07
2025-06-25,SRFM,2.0,0.22222233,0.22222233,3.6,4.4,5.57,2.33,2.54,9.3826584e+07,2.8760224e+08
2025-06-25,INDI,3.0,0.16413379,0.16413379,3.29,3.83,4.15,3.58,3.83,1.2235902e+07,1.0347155e+07
2025-06-25,BMBL,4.0,0.15547025,0.15547025,5.21,6.02,6.6291,5.96,6.52,1.2167019e+07,1.1882843e+07
2025-06-25,TIGR,5.0,0.12546122,0.12546122,8.13,9.15,10.21,9.1219,9.95,3.650481e+07,2.8289246e+07
2025-06-26,LIVE,1.0,0.1715976,0.1715976,8.45,9.9,24.35,9.63,15.7,2.60213e+06,2.6135005e+06
2025-06-26,VVOS,2.0,0.16721308,0.16721308,3.05,3.56,3.91,3.225,3.37,1.445468e+06,1.0953495e+06
2025-06-26,SRFM,3.0,0.11023617,0.11023617,2.54,2.82,3.5699,2.82,3.41,4.6418096e+07,2.3831952e+08
2025-06-26,YAAS,4.0,0.10602915,0.10602915,4.81,5.32,6.11,3.6,3.72,821311.0,3.8876728e+06
2025-06-26,TLS,5.0,0.10035837,0.10035837,2.79,3.07,3.07,2.87,2.98,2.779552e+06,8.927428e+06
2025-06-27,CYN,1.0,0.6095587,0.6095587,13.6,21.89,24.68,15.1,16.33,6.5975664e+07,1.9154143e+09
2025-06-27,INMB,2.0,0.4808917,0.4808917,6.28,9.3,11.64,5.01,5.33,5.989091e+07,3.494564e+07
2025-06-27,BBLG,3.0,0.4639424,0.4639424,4.16,6.09,6.19,4.51,4.58,2.6624008e+07,1.1127085e+06
2025-06-27,GCTK,4.0,0.2739463,0.2739464,5.22,6.65,7.2499,6.13,6.56,5.375003e+06,4.341719e+06
2025-06-27,SKYE,5.0,0.14117646,0.14117646,4.25,4.85,5.75,4.1,4.11,7.490584e+06,9.420295e+06
2025-06-30,CIGL,1.0,1.5467775,1.5467775,9.62,24.5,26.95,8.8401,14.71,322308.0,8.446889e+06
2025-06-30,NFE,2.0,0.20000005,0.20000005,2.5,3.0,3.51,3.0,3.32,3.9325492e+07,7.398629e+07
2025-06-30,DFSC,3.0,0.17511511,0.17511511,10.85,12.75,13.75,10.0101,11.7765,463710.0,4.2764085e+06
2025-06-30,LIMN,4.0,0.16033757,0.16033757,9.48,11.0,12.9,10.6674,11.15,506438.0,6.486889e+06
2025-06-30,BDMD,5.0,0.15384614,0.15384614,3.9,4.5,4.72,3.64,3.665,987887.0,1.746346e+06
2025-07-01,CLRO,1.0,1.173913,1.173913,5.75,12.5,15.42,9.31,10.48,3.880005e+07,3.4086632e+06
2025-07-01,ATAI,2.0,0.2054795,0.2054795,2.19,2.64,2.895,2.36,2.71,5.1484508e+07,2.9315735e+06
2025-07-01,DDC,3.0,0.193578,0.193578,10.9,13.01,14.31,9.71,11.1,252283.0,1.4110921e+06
2025-07-01,PL,4.0,0.16885245,0.16885245,6.1,7.13,7.7191,6.1,6.16,4.3956028e+07,7.917383e+07
2025-07-01,TRNR,5.0,0.14726031,0.14726019,5.84,6.7,6.8,4.84,5.57,1.2491891e+07,1.3687559e+06
2025-07-02,DAIC,1.0,0.86984813,0.86984813,4.61,8.62,14.3,7.81,8.19,4.4685676e+07,1.2438158e+07
2025-07-02,SCAG,2.0,0.5738498,0.5738498,4.13,6.5,6.6085,4.41,5.55,2.384769e+06,2.4166282e+06
2025-07-02,NAMM,3.0,0.35901165,0.35901165,6.88,9.35,11.6299,8.7701,10.96,8.137564e+06,2.64772e+06
2025-07-02,CYN,4.0,0.2335937,0.2335937,12.8,15.79,17.2,13.6952,14.32,2.4559214e+07,4.5595956e+07
2025-07-02,DQ,5.0,0.1163398,0.1163398,15.3,17.08,18.42,17.02,17.71,4.331348e+06,8.861974e+06
2025-07-03,NMAD,1.0,0.49504948,0.49504948,2.02,3.02,4.25,2.4401,2.83,6.412045e+07,7.692604e+07
2025-07-03,CV,2.0,0.41714287,0.41714287,3.5,4.96,4.96,4.0503,4.4,6.7342e+06,1.3245488e+07
2025-07-03,FIEE,3.0,0.37827718,0.37827718,2.67,3.68,3.69,2.96,3.28,2.8983018e+07,1.0466974e+07
2025-07-03,AEBI,4.0,0.26063347,0.26118064,11.18,14.1,15.01,11.81,13.61,5.216186e+06,4.386092e+07
2025-07-03,BULLW,5.0,0.2156862,0.2156862,5.1,6.2,6.2,5.15,5.45,274760.0,1.8113771e+06
2025-07-07,COGT,1.0,0.18337739,0.18337739,7.58,8.97,10.23,8.8,9.35,3.1658896e+07,1.4121373e+07
2025-07-07,PRME,2.0,0.1575563,0.1575563,3.11,3.6,4.21,3.57,3.8,1.5740783e+07,1.1520503e+07
2025-07-07,BTBT,3.0,0.14625847,0.14625847,2.94,3.37,3.86,3.24,3.48,1.7320443e+08,2.2736434e+08
2025-07-07,SY,4.0,0.10769224,0.10769224,3.25,3.6,4.39,3.6,4.3,7.174185e+06,2.0792196e+07
2025-07-08,NDRA,1.0,2.0665975,2.0665975,3.4566,10.6,11.96,7.0,8.3,9.080958e+07,1.6703591e+07
2025-07-08,WOLF,2.0,0.4285282,0.4285282,2.31,3.2999,3.33,2.38,2.52,2.9345443e+08,1.0662207e+09
2025-07-08,OCC,3.0,0.2596686,0.2596686,3.62,4.56,5.28,4.36,4.66,7.174854e+06,1.2532132e+07
2025-07-08,ZEPP,4.0,0.23563218,0.23563218,3.48,4.3,7.22,3.99,5.12,1.5141962e+07,1.0255212e+06
2025-07-08,VIOT,5.0,0.2313677,0.2310605,2.64,3.25,3.55,2.56,2.73,8.314274e+06,3.8820588e+07
2025-07-09,PROK,1.0,0.55761385,0.55761385,3.73,5.8099,7.13,4.18,4.34,2.105431e+08,1.280976e+09
2025-07-09,SOBR,2.0,0.43620193,0.43620193,3.37,4.84,5.29,4.1023,4.74,2.5941068e+07,2.8871302e+07
2025-07-09,KZIA,3.0,0.43589747,0.43589747,6.825,9.8,10.79,7.8,9.53,1.0698233e+07,2.2022432e+06
2025-07-09,BTCT,4.0,0.28486645,0.28486645,3.37,4.33,4.34,3.18,3.46,3.375824e+06,1.9551155e+06
2025-07-09,WKHS,5.0,0.24723256,0.24723256,2.71,3.38,3.89,2.8,2.9,1.6224976e+07,1.3898194e+08
2025-07-10,USAR,1.0,0.18896842,0.18896842,9.79,11.64,11.71,10.81,11.0,8.116348e+06,6.528148e+06
2025-07-10,LIMN,2.0,0.15134096,0.15134108,5.22,6.01,7.45,5.82,7.2,826146.0,2.0002151e+06
2025-07-10,CRML,3.0,0.14840996,0.14840996,2.83,3.25,3.3399,2.85,3.04,6.210188e+06,7.0203385e+06
2025-07-10,METC,4.0,0.14409447,0.14409447,12.7,14.53,17.3294,14.4,16.63,7.73165e+06,1.4078864e+07
2025-07-10,POET,5.0,0.1147542,0.1147542,6.1,6.8,7.28,6.56,7.01,8.57541e+06,2.687103e+07
2025-07-11,CVM,1.0,0.6387435,0.6387435,3.82,6.26,7.09,3.4,3.53,2.7062032e+07,2.3428212e+06
2025-07-11,GAUZ,2.0,0.20336127,0.20336139,5.95,7.16,7.3,6.43,6.51,8.091478e+06,1.283528e+06
2025-07-11,RCAT,3.0,0.19469023,0.19469023,6.78,8.1,9.06,7.71,8.57,4.275023e+07,5.351364e+07
2025-07-11,BTCS,4.0,0.14895117,0.14918411,4.29,4.93,5.05,4.42,4.53,1.3205332e+07,5.452766e+07
2025-07-11,BTCT,5.0,0.14133334,0.14133334,3.75,4.28,4.79,4.03,4.25,8.690964e+06,1.8869358e+07
2025-07-14,DARE,1.0,2.145129,2.145129,2.515,7.91,9.19,3.02,3.09,7.144695e+07,2.0709832e+07
2025-07-14,YHC,2.0,0.34615386,0.34615386,2.6,3.5,4.94,3.06,4.6,4.2931996e+07,1.865731e+07
2025-07-14,HUBC,3.0,0.24603176,0.24603176,2.52,3.14,3.435,2.68,2.8,6.938664e+06,4.1401055e+06
2025-07-14,SQNS,4.0,0.17999995,0.17999995,4.5,5.31,5.83,4.7,5.39,1.153229e+07,9.121022e+07
2025-07-14,HYPD,5.0,0.13378692,0.13378692,13.23,15.0,15.9799,11.5,12.03,1.821071e+06,1.216812e+07
2025-07-15,KC,1.0,0.1605035,0.1605035,12.71,14.75,15.17,14.4495,15.09,6.992091e+06,3.8179316e+07
2025-07-15,PROK,2.0,0.15040648,0.15040648,3.69,4.245,4.3,3.31,3.37,3.4603412e+07,9.025418e+07
2025-07-15,QXL,3.0,0.1394422,0.1394422,5.02,5.72,6.0898,5.34,5.42,195417.0,5.1250635e+06
2025-07-15,VNET,4.0,0.1373738,0.1373738,7.92,9.008,9.12,8.37,9.04,2.399411e+07,7.650618e+07
2025-07-15,PMA,5.0,0.12103748,0.12103748,3.47,3.89,3.9,2.3,3.19,910289.0,9.615655e+06
2025-07-16,NUWE,1.0,1.74106,1.7411168,6.895,18.9,25.95,14.52,15.95,4.0080556e+07,1.846643e+07
2025-07-16,DTST,2.0,0.3431952,0.3431952,3.38,4.54,5.4395,4.23,5.3,1.4954319e+07,7.176247e+06
2025-07-16,PEW,3.0,0.24129927,0.24129927,17.24,21.4,21.4,12.3,13.12,1.2290614e+07,8.653516e+07
2025-07-16,BTCS,4.0,0.2086438,0.20842099,4.75,5.74,6.485,5.33,5.76,4.3384736e+07,6.568916e+07
2025-07-16,DPRO,5.0,0.19529092,0.19529092,3.61,4.315,5.3,4.045,5.18,3.697275e+07,3.6362808e+06
2025-07-17,EMPD,1.0,3.415186,3.415186,9.2243,40.727,44.09,20.83,21.61,3.0489266e+07,1.0935131e+06
2025-07-17,XXII,2.0,0.67248905,0.67248905,4.58,7.66,9.47,4.51,4.9,2.5667376e+07,6.820678e+06
2025-07-17,LCID,3.0,0.3100437,0.3100437,2.29,3.0,3.37,2.83,3.12,9.406834e+08,1.8296632e+08
2025-07-17,SRPT,4.0,0.22633302,0.22633302,18.38,22.54,22.86,20.94,21.97,1.973052e+07,2.3919688e+08
2025-07-17,BTCS,5.0,0.15028083,0.15017354,5.76,6.625,7.24,6.08,6.47,3.7983252e+07,2.498961e+08
2025-07-18,LITS,1.0,0.9955554,0.9955554,4.5,8.98,9.0,5.22,5.92,4.1286932e+07,2.070783e+06
2025-07-18,BZAI,2.0,0.75247526,0.75247526,3.03,5.31,5.44,4.13,4.81,7.351968e+07,2.9866224e+07
2025-07-18,MESO,3.0,0.24797404,0.24797404,12.34,15.4,16.07,14.88,15.62,2.032747e+06,6.1679025e+06
2025-07-18,LAWR,4.0,0.247159,0.247159,3.52,4.39,4.41,3.18,3.72,2.2755316e+07,6.7271845e+06
2025-07-18,IH,5.0,0.18445599,0.18421054,3.04,3.6,3.6,3.0,3.17,155702.0,1.03106156e+06
2025-07-21,GCTK,1.0,0.6655232,0.6655232,5.83,9.71,9.75,7.73,7.97,1.8636584e+07,1.3559991e+07
2025-07-21,OPEN,2.0,0.23555553,0.23555553,2.25,2.78,4.97,2.615,3.21,1.8952495e+09,1.3268416e+09
2025-07-21,PWCM,3.0,0.20433438,0.20433438,3.23,3.89,4.9799,3.588,4.74,2.5514078e+07,5.5195776e+07
2025-07-21,UAVS,4.0,0.17821789,0.17821789,2.02,2.38,2.67,1.86,1.94,3.2660818e+07,2.9460938e+08
2025-07-21,CD,5.0,0.16085267,0.16085267,5.16,5.99,6.1,1.38,2.2,5.911845e+06,2.2690222e+06
2025-07-22,KSS,1.0,0.8954184,0.8953935,10.42,19.75,21.39,12.3744,14.34,2.0934403e+08,9.798533e+07
2025-07-22,LCFY,2.0,0.2759924,0.2759924,5.29,6.75,6.79,5.5,6.34,7.04101e+06,2.4590248e+06
2025-07-22,GVH,3.0,0.257123,0.257123,7.16,9.001,10.74,6.81,7.79,6.446294e+06,1.2017036e+07
2025-07-22,OPEN,4.0,0.211838,0.211838,3.21,3.89,3.99,2.67,2.88,1.0798769e+09,6.083751e+09
2025-07-22,NXDR,5.0,0.18048787,0.18048787,2.05,2.42,2.5,2.04,2.04,8.873729e+06,7.810223e+06
2025-07-23,PAPL,1.0,1.4200001,1.4200001,3.5,8.47,9.5299,4.91,5.95,2.5704476e+07,3.47389e+06
2025-07-23,DNUT,2.0,0.38498783,0.38498783,4.13,5.72,5.73,4.13,4.32,1.5267526e+08,1.8262189e+08
2025-07-23,IOVA,3.0,0.19808304,0.19808304,3.13,3.75,4.33,3.58,3.97,1.10321144e+08,1.5458947e+08
2025-07-23,FLWS,4.0,0.1548872,0.1548872,6.65,7.68,8.44,6.82,6.94,4.011793e+06,2.6664718e+07
2025-07-23,ATYR,5.0,0.13167942,0.13167942,5.24,5.93,7.1,5.8,6.61,1.9355088e+07,2.855135e+07
2025-07-24,BGMS,1.0,0.31999993,0.31999993,14.0,18.48,19.8663,15.2,17.15,6.224467e+06,2.416183e+07
2025-07-24,MXL,2.0,0.29242814,0.29242814,15.32,19.8,20.0,16.71,17.25,1.112459e+07,3.1658488e+07
2025-07-24,UAVS,3.0,0.21380472,0.21380472,2.97,3.605,3.605,2.82,2.98,3.617167e+07,1.0719951e+08
2025-07-24,LIMN,4.0,0.19783616,0.19783616,6.47,7.75,8.7,7.13,8.47,1.1474277e+07,4.987865e+06
2025-07-24,ATHR,5.0,0.153481,0.153481,6.32,7.29,10.15,7.0015,8.9,1.701442e+06,2.461324e+06
2025-07-25,LHAI,1.0,1.0905862,1.0905862,5.63,11.77,13.0,8.6,10.31,3.349488e+07,7.3040776e+07
2025-07-25,HTOO,2.0,0.42706132,0.42706132,4.73,6.75,8.55,6.01,6.99,1.9399308e+07,3.100846e+06
2025-07-25,FRMM,3.0,0.3145541,0.31455386,2.13,2.8,3.4094,2.325,3.0,1.6546143e+07,1.0501668e+06
2025-07-25,COUR,4.0,0.27202642,0.27202642,9.08,11.55,12.49,11.0,12.37,2.6712544e+07,4.5542764e+07
2025-07-25,LIDR,5.0,0.18493152,0.18493152,2.92,3.46,5.36,3.33,4.435,3.3158576e+08,1.0593806e+09
2025-07-28,CELC,1.0,2.3376904,2.3376904,13.77,45.96,46.42,35.0,36.79,2.7636772e+07,1.958547e+07
2025-07-28,SMX,2.0,0.3443395,0.3443396,2.12,2.85,3.32,2.115,2.17,7.974599e+07,1.71674e+08
2025-07-28,CRVO,3.0,0.34075725,0.34075725,8.98,12.04,13.13,8.59,8.67,1.2196426e+07,4.19859e+06
2025-07-28,SUIG,4.0,0.31186438,0.31186438,5.9,7.74,8.01,5.53,5.94,2.7670192e+07,6.865278e+08
2025-07-28,LIDR,5.0,0.20405865,0.20405865,4.435,5.34,6.44,3.8,4.05,1.5716574e+08,1.4705828e+09
2025-07-29,FRMM,1.0,0.5463917,0.5463917,2.91,4.5,4.75,2.55,3.22,7.837838e+06,1.4809273e+07
2025-07-29,SRPT,2.0,0.31529582,0.31529582,13.86,18.23,18.35,15.7701,15.83,6.757043e+07,3.5432758e+08
2025-07-29,SCNI,3.0,0.29024398,0.29024386,2.05,2.645,3.48,1.86,2.0,5.6799204e+07,1.3473891e+06
2025-07-29,XPRO,4.0,0.22222221,0.22222221,9.0,11.0,12.1,10.51,11.89,6.398947e+06,1.3475736e+07
2025-07-29,UAVS,5.0,0.14644349,0.14644349,2.39,2.74,2.74,2.37,2.37,1.2137041e+07,2.093128e+07
2025-07-30,REPL,1.0,0.71066666,0.71066666,3.75,6.415,8.07,5.71,7.55,2.0208312e+08,8.7656664e+07
2025-07-30,HAPN,2.0,0.27383685,0.27383685,13.11,16.7,17.24,14.9,15.89,1.0107895e+07,6.2893664e+07
2025-07-30,VFC,3.0,0.20995843,0.20967746,12.4,15.0,15.4,12.7,12.72,2.8631972e+07,1.7686162e+08
2025-07-30,SUPX,4.0,0.18486345,0.18486345,16.12,19.1,29.64,16.4,23.21,5.351223e+06,1.2318776e+07
2025-07-30,RCON,5.0,0.18141592,0.18141592,2.26,2.67,3.44,2.2701,2.72,6.673622e+06,9.0176456e+07
2025-07-31,APLD,1.0,0.25324023,0.25324023,10.03,12.57,14.06,12.2,13.14,1.3816842e+08,2.8968493e+08
2025-07-31,INDV,2.0,0.19913793,0.19913793,17.4,20.865,21.01,19.31,20.2,2.4098628e+07,1.5361318e+08
2025-07-31,MDXG,3.0,0.16564417,0.16564417,6.52,7.6,7.99,7.11,7.19,2.778937e+06,9.060942e+06
2025-07-31,RSI,4.0,0.1550436,0.1550436,16.06,18.55,20.32,17.46,20.16,1.119949e+07,4.761032e+07
2025-07-31,ALHC,5.0,0.15384614,0.15384614,13.0,15.0,16.24,13.49,13.78,1.4901966e+07,1.1735092e+08
2025-08-01,NAMM,1.0,0.43939388,0.43939388,3.96,5.7,5.8,3.98,4.26,1.9990678e+07,4.8609675e+06
2025-08-01,FDMT,2.0,0.1733334,0.1733334,4.5,5.28,6.69,4.99,6.42,3.1675318e+07,1.0358284e+07
2025-08-01,ATEC,3.0,0.13185263,0.13185263,10.58,11.975,13.89,11.66,13.77,1.300789e+07,3.7002228e+07
2025-08-01,FLGT,4.0,0.12048888,0.12048888,17.18,19.25,19.51,18.32,18.53,1.07976e+06,7.5976835e+06
2025-08-01,SUIG,5.0,0.11191332,0.11191332,5.54,6.16,6.1999,4.65,4.91,2.567995e+06,6.3637205e+06
2025-08-04,PBM,1.0,0.92813563,0.92796624,2.36,4.55,5.8,3.81,4.54,5.581123e+07,5.849923e+06
2025-08-04,VISN,2.0,0.7752652,0.7753531,7.79,13.83,15.15,12.89,14.51,7.5863944e+07,5.7082776e+07
2025-08-04,UNIT,3.0,0.5417516,0.5417516,4.91,7.57,8.35,7.53,8.09,2.173944e+06,1.801835e+07
2025-08-04,SNGX,4.0,0.5255474,0.5255474,2.74,4.18,4.325,3.01,3.11,4.9145204e+07,2.1459368e+07
2025-08-04,SRTA,5.0,0.30158734,0.30158734,3.78,4.92,4.97,4.38,4.43,1.6356944e+07,2.4733258e+06
2025-08-05,AIP,1.0,0.51111114,0.51111114,9.45,14.28,14.29,12.3,13.0,2.1920224e+07,3.2064578e+07
2025-08-05,STAA,2.0,0.4478097,0.4478097,18.49,26.77,27.17,26.71,27.02,4.032009e+07,2.2708272e+07
2025-08-05,TCMD,3.0,0.3538928,0.3538928,9.89,13.39,13.825,11.02,12.54,1.044848e+06,2.0190634e+06
2025-08-05,AMRC,4.0,0.2964071,0.2964071,16.7,21.65,25.07,20.79,24.88,3.224588e+06,1.1192541e+07
2025-08-05,CSTL,5.0,0.29569197,0.29569197,15.32,19.85,21.3325,18.68,20.35,2.024883e+06,1.3545316e+07
2025-08-06,MYGN,1.0,0.33979332,0.33979332,3.87,5.185,5.75,4.99,5.67,1.5654797e+07,1.1181978e+07
2025-08-06,CYRX,2.0,0.2759645,0.2759645,6.74,8.6,9.35,8.24,8.75,9.690858e+06,4.391359e+06
2025-08-06,FLYW,3.0,0.26156068,0.26156068,10.38,13.095,13.23,11.85,12.12,7.243113e+06,4.1680724e+07
2025-08-06,GO,4.0,0.22503829,0.22503829,13.02,15.95,18.9,15.65,18.58,2.25677e+07,5.0524816e+07
2025-08-06,EHTH,5.0,0.22324157,0.22324157,3.27,4.0,4.91,3.81,4.76,5.656158e+06,1.3505689e+06
2025-08-07,AVAH,1.0,0.36760926,0.36760926,3.89,5.32,6.2,5.22,5.81,1.4408713e+07,1.9017238e+06
2025-08-07,ARHS,2.0,0.2566446,0.25633228,9.87,12.4,12.98,11.48,11.99,4.578336e+06,2.9264136e+07
2025-08-07,MATV,3.0,0.24132752,0.24124205,6.28,7.795,8.6,7.78,8.46,1.515102e+06,2.2622445e+06
2025-08-07,RUN,4.0,0.23484015,0.23484015,9.07,11.2,12.33,10.81,12.0,4.825634e+07,1.18445224e+08
2025-08-07,XERS,5.0,0.22495449,0.22495449,5.49,6.725,7.085,6.1,6.6,1.0175494e+07,1.662277e+07
2025-08-08,LZ,1.0,0.28434885,0.28434885,8.37,10.75,11.93,10.68,10.98,1.2939762e+07,2.9374288e+07
2025-08-08,REAL,2.0,0.27949178,0.27949178,5.51,7.05,7.37,6.32,6.4,1.5810302e+07,4.1660524e+07
2025-08-08,OPRX,3.0,0.26557636,0.26557636,12.84,16.25,18.22,14.31,17.3,2.337969e+06,5.962678e+06
2025-08-08,TKNO,4.0,0.26267278,0.26267278,4.34,5.48,5.48,4.175,4.23,607020.0,1.9849295e+06
2025-08-08,EMBC,5.0,0.24521458,0.2451737,10.36,12.9,12.96,11.6,12.28,2.062599e+06,7.6917715e+06
2025-08-11,IMXI,1.0,0.63954747,0.63954747,9.28,15.215,15.27,14.89,14.9,1.0209578e+07,2.9725045e+06
2025-08-11,AUUD,2.0,0.32435083,0.32452822,2.65,3.51,3.78,2.92,3.04,2.8280134e+07,1.0819253e+07
2025-08-11,BNC,3.0,0.21637416,0.21637416,17.1,20.8,28.0,19.275,27.34,1.357168e+06,5.952664e+06
2025-08-11,TLS,4.0,0.20588219,0.20588219,2.38,2.87,3.93,2.82,3.87,2.0135784e+07,1.5719996e+06
2025-08-11,SGML,5.0,0.19209564,0.19209564,5.44,6.485,6.88,6.16,6.68,7.312868e+06,2.392536e+07
2025-08-12,FRMM,1.0,0.7904191,0.7904192,3.34,5.98,12.74,4.88,10.24,2.2546605e+08,2.1341484e+07
2025-08-12,YSXT,2.0,0.20704842,0.20704842,2.27,2.74,2.9381,2.1,2.2,647005.0,1.0956609e+06
2025-08-12,GDOT,3.0,0.20644498,0.20644498,9.93,11.98,13.665,11.75,13.43,4.025497e+06,1.4885825e+07
2025-08-12,SBGI,4.0,0.18560278,0.18630564,12.56,14.9,15.43,14.0,14.97,2.411797e+06,1.2824665e+07
2025-08-12,ONDS,5.0,0.14868808,0.14868808,3.43,3.94,4.39,3.86,4.29,7.295533e+07,9.050717e+07
2025-08-13,FRMM,1.0,0.40185547,0.40185547,10.24,14.355,17.46,9.71,10.7,8.811645e+07,2.3087724e+09
2025-08-13,WBTN,2.0,0.36217952,0.36217952,9.36,12.75,18.45,12.725,16.96,1.514381e+07,1.2330985e+07
2025-08-13,TGEN,3.0,0.24036276,0.24036276,8.82,10.94,11.55,8.42,8.61,2.544992e+06,9.970163e+06
2025-08-13,XFOR,4.0,0.23643422,0.23643422,2.58,3.19,3.45,2.72,2.93,7.737021e+07,2.5222814e+08
2025-08-13,SMWB,5.0,0.19295776,0.19295776,7.1,8.47,8.5,7.63,8.43,1.081864e+06,4.6643875e+06
2025-08-14,SNOA,1.0,0.844692,0.844692,3.052,5.63,6.9199,4.8301,5.27,6.990106e+07,1.4587739e+07
2025-08-14,WULF,2.0,0.31868124,0.31868124,5.46,7.2,8.76,6.74,8.71,2.8927744e+08,2.1226349e+08
2025-08-14,JEM,3.0,0.2698413,0.2698413,5.04,6.4,6.4,3.51,4.11,770326.0,1.2476414e+07
2025-08-14,DLO,4.0,0.16536129,0.16509843,11.69,13.62,15.74,13.22,15.35,2.0049404e+07,9.952107e+07
2025-08-14,CINT,5.0,0.16460896,0.16460896,4.86,5.66,5.7,5.0,5.39,487503.0,1.2259545e+06
2025-08-15,PPSI,1.0,0.55627024,0.55627024,3.11,4.84,5.6999,4.1,4.35,9.712681e+07,3.7301182e+06
2025-08-15,VBIO,2.0,0.45428574,0.45428574,3.5,5.09,5.6,3.51,3.79,4.1387868e+07,1.1593785e+07
2025-08-15,KULR,3.0,0.18026567,0.18026567,5.27,6.22,6.3,5.16,5.25,9.017006e+06,2.3232942e+07
2025-08-15,VIOT,4.0,0.15299773,0.1528151,3.73,4.3,4.33,3.65,3.79,3.258899e+06,1.8692746e+06
2025-08-15,AMBO,5.0,0.14905143,0.14905143,3.69,4.24,4.24,3.03,3.03,77069.0,1.5927996e+06
2025-08-18,PPCB,1.0,1.020906,1.020906,2.87,5.8,9.36,5.57,5.85,6.811679e+07,1.4567602e+06
2025-08-18,GDRX,2.0,0.24664879,0.24664879,3.73,4.65,5.41,4.48,5.12,5.495317e+07,6.1080725e+06
2025-08-18,XNET,3.0,0.21126759,0.21126759,6.39,7.74,8.8,7.3,8.79,8.57558e+06,4.2590264e+07
2025-08-18,WULF,4.0,0.115942,0.115942,8.97,10.01,10.7099,9.3,9.38,1.619758e+08,9.701956e+08
2025-08-18,OTLK,5.0,0.111111164,0.111111164,2.34,2.6,3.0189,2.595,2.77,6.117436e+06,6.3055745e+06
2025-08-19,LASE,1.0,0.8699186,0.8699186,2.46,4.6,5.34,3.8701,3.92,1.3166232e+08,2.457063e+07
2025-08-19,LIDR,2.0,0.1500001,0.1500001,2.6,2.99,2.99,2.485,2.49,1.6381206e+07,2.9148178e+07
2025-08-19,IOVA,3.0,0.12199998,0.12199998,2.5,2.805,2.845,2.5523,2.6,3.4629536e+07,2.281801e+07
2025-08-19,KYIV,4.0,0.116666675,0.116666675,13.5,15.075,16.48,14.04,15.17,4.480916e+06,6.837857e+07
2025-08-19,TH,5.0,0.101863265,0.101863265,8.05,8.87,8.88,8.43,8.6,1.180122e+06,2.6707002e+06
2025-08-20,PPCB,1.0,0.3365667,0.33651233,3.67,4.905,5.69,4.24,4.4,2.6040948e+07,8.96083e+06
2025-08-20,RCKT,2.0,0.31615114,0.31615114,2.91,3.83,4.1,3.1408,3.75,5.9933136e+07,5.9723765e+06
2025-08-20,HTZ,3.0,0.123077035,0.123077035,5.2,5.84,6.1,5.32,5.51,4.2259532e+07,5.485735e+07
2025-08-21,CNTN,1.0,0.38300848,0.38300848,3.59,4.965,6.09,4.13,4.97,1.1356653e+08,1.3178632e+09
2025-08-21,VELO,2.0,0.2056961,0.2056961,3.16,3.81,4.25,3.25,3.34,6.927677e+06,8.493369e+06
2025-08-21,LYTS,3.0,0.15888834,0.15854931,19.3,22.36,23.15,20.06,20.4,618814.0,3.4665115e+06
2025-08-22,LIMN,1.0,0.37769783,0.37769783,2.78,3.83,4.06,3.09,3.41,3.5648868e+07,3.5756582e+06
2025-08-22,FMFC,2.0,0.17891812,0.17891812,7.21,8.5,9.4,8.3,9.4,6.311707e+06,7.265005e+06
2025-08-25,SKYA,1.0,0.549966,0.549966,7.355,11.4,13.2799,10.0,10.35,2.4815952e+07,1.5112024e+06
2025-08-25,VELO,2.0,0.28534698,0.28534698,3.89,5.0,5.0899,3.58,3.68,1.0139784e+07,7.590997e+06
2025-08-25,ASST,3.0,0.22624433,0.22624433,4.42,5.42,5.65,4.37,4.8,1.9038824e+07,6.2938725e+06
2025-08-25,AEHR,4.0,0.16408837,0.16408837,18.1,21.07,25.77,21.0,24.59,1.0612031e+07,2.7342494e+07
2025-08-25,CGTX,5.0,0.12633455,0.12633455,2.81,3.165,3.83,3.05,3.18,2.6177184e+07,5.9091572e+07
2025-08-26,PACK,1.0,0.2795031,0.2795031,4.83,6.18,6.31,5.3,5.57,9.697834e+06,4.8686835e+06
2025-08-26,SER,2.0,0.24113476,0.24113476,5.64,7.0,7.92,4.82,5.49,3.825426e+06,1.0551081e+07
2025-08-26,OPAD,3.0,0.14560437,0.14560437,3.64,4.17,4.599,3.261,3.73,4.8385056e+07,5.885038e+08
2025-08-26,OTLK,4.0,0.13973057,0.13973057,2.97,3.385,3.39,2.68,2.7,7.771798e+06,1.7654762e+07
2025-08-26,DOMO,5.0,0.10621393,0.10621393,13.84,15.31,17.1,15.28,16.11,1.769323e+06,5.009748e+06
2025-08-27,KSS,1.0,0.26194263,0.26188648,13.04,16.455,16.83,15.17,16.17,4.7362856e+07,1.9582918e+08
2025-08-27,SKYA,2.0,0.17677295,0.17677295,9.73,11.45,18.23,11.0,14.84,2.5688804e+07,1.2982349e+07
2025-08-27,VIR,3.0,0.12162161,0.12162161,4.44,4.98,5.82,4.85,5.23,7.406156e+06,5.055646e+06
2025-08-27,GOOS,4.0,0.109285116,0.109285116,12.17,13.5,14.32,13.38,14.14,1.0583748e+07,2.591879e+07
2025-08-28,GPRE,1.0,0.16683412,0.16683412,9.95,11.61,11.75,10.6628,11.1,3.9463e+06,2.179646e+07
2025-08-28,VELO,2.0,0.1222707,0.1222707,4.58,5.14,5.2299,4.36,4.57,728949.0,4.436811e+06
2025-08-28,SPRC,3.0,0.11971831,0.119718194,4.26,4.77,4.93,2.92,3.03,1.5790452e+07,1.2677761e+06
2025-08-28,OPAD,4.0,0.11904764,0.11904764,3.36,3.76,6.35,3.56,6.23,1.1209348e+08,2.8420738e+07
2025-08-28,TVTX,5.0,0.106651306,0.106651306,17.44,19.3,19.565,17.52,17.7,3.209548e+06,1.6577662e+07
2025-08-29,DFNS,1.0,0.47425473,0.47425473,3.69,5.44,5.85,4.36,4.87,8.453359e+07,1.1297983e+07
2025-08-29,WOOF,2.0,0.23219812,0.23219812,3.23,3.98,4.19,3.7,3.99,2.3301292e+07,2.8876106e+07
2025-08-29,NEO,3.0,0.21775305,0.21775305,7.21,8.78,9.06,8.1,8.78,9.449111e+06,1.835152e+07
2025-08-29,SOGP,4.0,0.17636359,0.176,12.5,14.7,15.36,11.4601,11.99,1.3071973e+07,1.5639662e+09
2025-08-29,YDKG,5.0,0.17102134,0.17102134,4.21,4.93,6.69,3.92,4.31,2.715401e+06,3.3992592e+06
2025-09-02,MLYS,1.0,0.46253228,0.46253228,15.48,22.64,30.14,22.0,28.86,1.5718579e+07,1.2987797e+07
2025-09-02,MNKD,2.0,0.32026136,0.32026136,4.59,6.06,6.199,5.62,5.74,2.7717744e+07,1.9331066e+07
2025-09-02,ULCC,3.0,0.14897954,0.14897954,4.9,5.63,6.0493,5.49,5.61,8.84621e+06,2.2632234e+07
2025-09-03,STI,1.0,1.2835364,1.2835364,3.28,7.49,7.8,5.5097,7.01,8.7037144e+07,1.4060583e+07
2025-09-03,JEM,2.0,0.51351357,0.51351345,2.22,3.36,3.69,0.701,0.759,2.2104332e+07,1.0892119e+06
2025-09-03,GEG,3.0,0.28125,0.28125,2.56,3.28,3.5099,2.83,3.09,1.3503232e+07,6.725806e+06
2025-09-03,IPDN,4.0,0.24460435,0.24460435,6.95,8.65,12.39,6.9,9.01,2.2112344e+07,7.321722e+07
2025-09-03,LPTH,5.0,0.22606933,0.22606933,4.91,6.02,6.4399,5.5,5.58,6.634214e+06,5.3401795e+06
2025-09-04,BRIA,1.0,0.8870568,0.8867924,2.5599,4.83,4.95,3.5901,4.15,2.6753962e+07,1.6760275e+07
2025-09-04,HWH,2.0,0.40406322,0.40406322,4.43,6.22,7.1599,4.93,6.2,4.2310948e+07,3.7436856e+07
2025-09-04,AEO,3.0,0.30339622,0.30323052,13.62,17.75,18.85,17.21,18.79,1.0560839e+08,3.482484e+08
2025-09-05,DLTH,1.0,0.15041792,0.15041792,3.59,4.13,4.15,3.5,3.79,3.618037e+06,2.4806029e+08
2025-09-05,FBIO,2.0,0.14788735,0.14788735,2.84,3.26,3.72,3.25,3.7,6.385243e+06,3.8898995e+06
2025-09-05,CIGL,3.0,0.116838455,0.116838455,2.91,3.25,4.54,2.85,4.24,1.873822e+07,3.8855686e+08
2025-09-05,ASST,4.0,0.107078075,0.107077956,5.51,6.1,6.1933,4.46,4.54,4.61001e+06,2.7554432e+07
2025-09-05,LAWR,5.0,0.101382494,0.101382494,2.17,2.39,2.8199,2.27,2.33,1.51344e+06,4.2178705e+06
2025-09-08,RAPP,1.0,1.6754875,1.6754875,14.36,38.42,42.2685,27.052,31.47,1.3877633e+07,5.5911665e+06
2025-09-08,FWDI,2.0,0.8648732,0.8648732,16.355,30.5,31.97,20.6,25.96,2.790225e+06,2.9382902e+06
2025-09-08,HOUR,3.0,0.4642856,0.4642856,3.64,5.33,6.84,4.68,5.7,6.554167e+07,7.668171e+08
2025-09-08,QS,4.0,0.2831633,0.2831633,7.84,10.06,10.68,9.26,9.49,1.0250268e+08,7.583967e+07
2025-09-08,MCRB,5.0,0.23192143,0.23192143,19.36,23.85,24.6651,21.0,22.85,1.006553e+06,1.7648382e+06
2025-09-09,ZONE,1.0,0.48433053,0.48433053,3.51,5.21,5.36,3.88,4.43,1.9251892e+07,2.022792e+07
2025-09-09,MGIH,2.0,0.28318584,0.28318584,2.26,2.9,4.5,1.75,2.01,9.624044e+06,9.173999e+07
2025-09-09,DC,3.0,0.11764705,0.11764705,4.59,5.13,5.15,4.475,4.53,1.29644e+06,4.6028065e+06
2025-09-09,WYFI,4.0,0.100000024,0.100000024,16.0,17.6,18.96,17.1,18.39,2.054049e+06,1.4931504e+07
2025-09-10,ASST,1.0,0.8210987,0.82109857,6.28,11.4365,12.6,7.53,8.09,4.619096e+07,8.3842344e+07
2025-09-10,DUO,2.0,0.1898017,0.1898017,3.53,4.2,4.45,3.26,3.39,2.337076e+06,1.1903591e+07
2025-09-10,REVB,3.0,0.16309023,0.16309023,2.33,2.71,2.9,2.32,2.47,1.2954312e+07,2.7283788e+06
2025-09-10,MEI,4.0,0.14936328,0.1493243,7.4,8.505,8.73,7.88,8.3,1.234557e+06,4.5006355e+06
2025-09-10,DAKT,5.0,0.14228344,0.14228344,17.43,19.91,22.25,19.72,20.98,2.217942e+06,8.575264e+06
2025-09-11,MOGU,1.0,1.8440001,1.8440001,2.5,7.11,8.1,4.21,4.61,7.090212e+07,1.4353875e+06
2025-09-11,MAZE,2.0,0.31710362,0.31710362,16.02,21.1,25.5,20.0,24.8,5.085355e+06,4.831616e+06
2025-09-11,OPEN,3.0,0.29863477,0.29863477,5.86,7.61,10.7,7.42,10.52,1.05127917e+09,2.1873743e+09
2025-09-11,WLDS,4.0,0.2771343,0.277027,5.18,6.615,10.0,6.52,8.11,9.1014936e+07,1.5032512e+09
2025-09-11,MIMI,5.0,0.15999997,0.15999997,9.0,10.44,10.44,7.32,9.04,2.662886e+06,7.980552e+07
2025-09-12,HCWB,1.0,0.6536144,0.6536144,3.32,5.49,6.1078,4.74,5.59,2.011392e+07,1.1218051e+07
2025-09-12,ANGX,2.0,0.30384624,0.30384624,13.0,16.95,17.9801,10.35,13.26,1.069127e+06,7.50763e+06
2025-09-12,ADXN,3.0,0.2551254,0.2551254,8.78,11.02,12.0499,10.0999,10.7,779953.0,3.3458385e+06
2025-09-12,MGIH,4.0,0.23744285,0.23744285,2.19,2.71,2.855,2.31,2.8,1.6768635e+07,2.12594e+07
2025-09-12,HUIZ,5.0,0.23674917,0.23674917,2.83,3.5,4.53,3.3,4.21,1.1460484e+07,3.7709862e+06
2025-09-15,HSDT,1.0,2.2142856,2.2142856,7.56,24.3,24.49,16.75,18.27,2.0034258e+07,1.4176285e+06
2025-09-15,GLUE,2.0,0.5010395,0.5010395,4.81,7.22,7.4,6.06,6.93,3.1708488e+07,1.4878869e+06
2025-09-15,AZIO,3.0,0.24264717,0.24264717,4.08,5.07,5.07,2.56,2.74,1.4802901e+07,3.469375e+06
2025-09-15,RCEL,4.0,0.20833337,0.20833337,4.56,5.51,7.12,5.51,6.76,1.9595584e+07,1.337603e+06
2025-09-15,KEEL,5.0,0.13452911,0.13452911,2.23,2.53,2.68,2.36,2.48,1.7193486e+08,3.1446422e+08
2025-09-16,WBTN,1.0,0.32085562,0.32085562,14.96,19.76,21.32,18.5101,20.8,8.823566e+06,6.5178732e+07
2025-09-16,DFNS,2.0,0.22718441,0.22718453,5.15,6.32,6.66,5.58,5.63,1.863238e+07,3.6638708e+07
2025-09-16,MBAI,3.0,0.22439349,0.22405672,2.12,2.595,2.88,2.22,2.52,1.7814372e+07,2.7476973e+08
2025-09-16,JMIA,4.0,0.13483143,0.13483143,9.79,11.11,12.37,10.9725,11.91,1.3829519e+07,2.7811814e+07
2025-09-16,ZONE,5.0,0.104477644,0.104477644,2.68,2.96,3.0,2.645,2.74,3.346594e+06,9.339784e+06
2025-09-17,NFE,1.0,0.385,0.385,2.0,2.77,2.85,2.03,2.16,1.4580554e+08,1.8102643e+08
2025-09-17,CWD,2.0,0.36063004,0.36063004,6.35,8.64,9.43,6.96,7.66,3.2268054e+07,6.0686125e+06
2025-09-17,FGNX,3.0,0.24229074,0.24229074,6.81,8.46,9.16,7.8521,8.65,6.851496e+06,1.231568e+06
2025-09-17,ORKA,4.0,0.18926167,0.18926167,14.9,17.72,18.5,15.66,16.21,1.799522e+06,2.0078345e+06
2025-09-17,QNRX,5.0,0.16498697,0.16498697,8.2061,9.56,10.0,7.6267,8.59,1.76745e+06,3.6130475e+06
2025-09-18,LASE,1.0,0.42142856,0.42142856,2.8,3.98,5.88,3.45,4.71,1.26679784e+08,3.8895192e+06
2025-09-18,NBTX,2.0,0.2300787,0.2300787,10.2026,12.55,13.2,11.6178,12.31,344089.0,4.4148075e+06
2025-09-18,PESI,3.0,0.15628827,0.15628827,8.19,9.47,10.27,9.36,9.56,798606.0,1.9257474e+06
2025-09-18,KEEL,4.0,0.1098361,0.1098361,3.05,3.385,3.6,3.15,3.2,1.8234166e+08,4.764304e+08
2025-09-18,TURB,5.0,0.105589986,0.105589986,11.27,12.46,13.47,10.24,10.24,2.639035e+06,4.906414e+07
2025-09-19,AGMH,1.0,2.134529,2.134529,2.23,6.99,18.1,6.23,10.34,2.0756946e+08,2.8127182e+07
2025-09-19,ZOOZ,2.0,0.948498,0.9484979,2.33,4.54,5.06,2.38,2.5,4.359442e+07,1.1220698e+06
2025-09-19,YDKG,3.0,0.31896555,0.31896555,3.48,4.59,4.72,3.08,3.36,4.51146e+06,1.068715e+06
2025-09-19,MGIH,4.0,0.20491803,0.20491803,2.44,2.94,3.12,2.5,2.59,1.3144026e+07,1.2969161e+06
2025-09-19,WLDS,5.0,0.19491518,0.1949153,4.72,5.64,6.75,5.34,5.37,1.0544977e+07,1.0133684e+07
2025-09-22,AVX,1.0,2.0082986,2.0082986,2.41,7.25,8.99,5.1,5.73,1.21935976e+08,1.6098391e+06
2025-09-22,AIXC,2.0,1.9225354,1.9225354,2.84,8.3,8.81,4.715,5.53,6.0410864e+07,1.88807e+07
2025-09-22,MBX,3.0,1.24,1.24,10.0,22.4,26.47,17.76,20.0,2.830351e+07,1.649364e+07
2025-09-22,PLTS,4.0,0.77699864,0.77699864,7.13,12.67,16.42,8.5,11.12,6.097326e+06,3.7334736e+07
2025-09-22,BKKT,5.0,0.3697319,0.3697319,10.44,14.3,15.88,12.25,14.7,1.952178e+07,2.8301138e+07
2025-09-23,SLE,1.0,1.3536584,1.3536584,3.28,7.72,11.43,7.5,8.51,6.74845e+07,3.357668e+07
2025-09-23,IPDN,2.0,0.4685315,0.4685315,2.86,4.2,5.07,3.84,4.76,4.3724696e+07,1.5287986e+07
2025-09-23,SLNH,3.0,0.40714288,0.40714288,2.1,2.955,2.97,2.21,2.37,9.8153096e+07,2.588961e+08
2025-09-23,FLD,4.0,0.20876288,0.20876288,3.88,4.69,4.695,3.22,3.26,1.9220914e+07,1.4929107e+07
2025-09-23,FLNA,5.0,0.1637932,0.1637932,2.32,2.7,3.66,2.535,3.41,4.572072e+07,3.1361456e+07
2025-09-24,QURE,1.0,1.8814056,1.8814056,13.66,39.36,51.21,37.12,47.5,7.007969e+07,1.371494e+07
2025-09-24,SHFS,2.0,1.6349695,1.6349695,3.26,8.59,9.19,6.4101,7.27,3.2563636e+07,4.5043e+07
2025-09-24,LAC,3.0,0.64657974,0.64657974,3.07,5.055,6.3,4.98,6.01,2.894964e+08,1.903264e+08
2025-09-24,CLPT,4.0,0.3388158,0.3388158,12.16,16.28,20.94,16.2,19.28,1.2431042e+07,4.3658045e+06
2025-09-24,AQMS,5.0,0.33333325,0.33333325,4.05,5.4,6.04,4.6,5.87,1.926235e+07,2.7420405e+06
2025-09-25,PEPG,1.0,1.218045,1.218045,2.66,5.9,6.34,4.9,5.88,1.2510456e+08,9.100859e+07
2025-09-25,LUXE,2.0,0.15789473,0.15789473,8.17,9.46,9.46,7.81,8.42,4.063026e+06,3.378867e+06
2025-09-25,LAC,3.0,0.12811983,0.12811983,6.01,6.78,7.53,6.37,7.37,2.1285547e+08,1.7398733e+09
2025-09-25,CAPR,4.0,0.10016155,0.10016155,6.19,6.81,7.33,6.4,6.52,5.977312e+06,5.366761e+06
2025-09-26,BIAF,1.0,0.81231666,0.81231666,3.41,6.18,7.29,4.65,5.29,9.991206e+07,1.4334788e+06
2025-09-26,DPU,2.0,0.5822785,0.5822785,3.16,5.0,5.03,4.05,4.67,2.2636364e+07,5.6592915e+06
2025-09-26,AQST,3.0,0.11977184,0.11977184,5.26,5.89,6.43,5.815,5.99,1.2135272e+07,1.8978848e+07
2025-09-26,IONR,4.0,0.10239649,0.10239649,4.59,5.06,5.3999,4.6,4.9,775298.0,3.2073498e+06
2025-09-29,XTND,1.0,0.6291971,0.6291971,6.85,11.16,13.06,9.7,12.7,2.5641328e+07,6.752835e+07
2025-09-29,ZURA,2.0,0.48962653,0.48962653,2.41,3.59,3.74,2.76,2.99,2.5449218e+07,3.2985865e+06
2025-09-29,STKH,3.0,0.4307692,0.43028522,4.3348,6.2,6.97,5.31,6.33,1.6861752e+07,1.1293974e+07
2025-09-29,IBG,4.0,0.30962336,0.30962348,2.39,3.13,3.46,2.645,3.15,4.942364e+06,1.2214574e+06
2025-09-29,AVTX,5.0,0.23148143,0.23148143,10.8,13.3,14.07,12.5,13.02,3.057673e+06,3.2900472e+06
2025-09-30,SPRC,1.0,0.3183856,0.31838572,4.46,5.88,7.1,5.73,6.04,3.605752e+07,2.2760388e+07
2025-09-30,IBG,2.0,0.27301586,0.27301586,3.15,4.01,5.38,3.79,4.39,6.634383e+07,1.5568447e+07
2025-09-30,PATH,3.0,0.20859873,0.20859873,12.56,15.18,15.18,13.34,13.38,8.0835384e+07,1.715648e+08
2025-09-30,DPRO,4.0,0.18848932,0.18848932,6.95,8.26,9.55,7.85,8.14,6.0249896e+07,3.542905e+07
2025-09-30,EFTY,5.0,0.16856945,0.16856945,14.89,17.4,18.2,15.0,16.98,1.252218e+06,1.3102947e+07
2025-10-01,LAC,1.0,0.30823112,0.30823112,5.71,7.47,7.55,6.58,7.04,2.1596464e+08,4.4510125e+08
2025-10-01,UCFI,2.0,0.29584348,0.29584348,4.09,5.3,7.3099,5.0901,5.51,5.441353e+06,2.8111758e+06
2025-10-01,NVA,3.0,0.27256095,0.27256107,16.4,20.87,20.87,17.81,19.3,451778.0,2.5266168e+06
2025-10-01,TWG,4.0,0.21688497,0.21688497,6.87,8.36,8.369,6.56,6.73,708658.0,1.7104348e+07
2025-10-01,RZLV,5.0,0.21485949,0.21485949,4.98,6.05,6.23,4.94,5.06,9.427124e+07,1.5951197e+08
2025-10-02,CIGL,1.0,0.4941634,0.4941634,2.57,3.84,5.4499,3.53,4.5,5.0163388e+07,1.997816e+07
2025-10-02,BTTC,2.0,0.30151844,0.30151844,4.61,6.0,39.0,5.48,23.98,3.836667e+06,1.5481395e+07
2025-10-02,TSHA,3.0,0.26886785,0.26886785,3.18,4.035,4.92,3.98,4.88,1.2366937e+08,3.1816464e+07
2025-10-02,ANGX,4.0,0.2577319,0.2577319,7.76,9.76,9.85,8.63,9.32,6.874252e+06,2.4051476e+07
2025-10-02,ANGO,5.0,0.1499548,0.1499548,11.07,12.73,12.7599,11.3537,11.74,3.254329e+06,1.4281141e+07
2025-10-03,QCLS,1.0,0.20588243,0.20588243,5.1,6.15,6.95,5.15,5.75,8.140602e+06,1.2121863e+07
2025-10-03,PLUG,2.0,0.13780928,0.13780928,2.83,3.22,3.95,3.2,3.81,4.995021e+08,3.4571245e+08
2025-10-03,KDK,3.0,0.121522665,0.121522665,6.83,7.66,7.7,7.05,7.43,3.487834e+06,1.8475142e+07
2025-10-03,RUM,4.0,0.112313986,0.112313986,7.39,8.22,8.95,8.05,8.56,2.1349312e+07,5.505001e+07
2025-10-03,DBVT,5.0,0.10040808,0.10040808,12.25,13.48,14.44,12.48,12.9,288789.0,1.2793165e+06
2025-10-06,CRML,1.0,0.44047618,0.44047618,7.98,11.495,16.68,9.15,11.59,1.5929744e+08,1.0219566e+08
2025-10-06,IONR,2.0,0.25789475,0.25789475,4.75,5.975,8.15,5.5,6.53,5.887013e+06,1.5006485e+06
2025-10-06,NIOBW,3.0,0.22448981,0.22448981,2.45,3.0,3.32,2.68,2.79,334800.0,1.1333626e+06
2025-10-06,BTTC,4.0,0.1891892,0.1891892,9.25,11.0,11.3,9.83,10.05,2.815997e+06,2.6454168e+07
2025-10-06,PLUG,5.0,0.1811024,0.1811024,3.81,4.5,4.58,3.84,4.13,4.0303725e+08,1.903103e+09
2025-10-07,TMQ,1.0,2.4593303,2.4593303,2.09,7.23,7.98,5.96,6.5,2.12412e+08,8.866679e+07
2025-10-07,SMTK,2.0,0.31768954,0.31768954,2.77,3.65,3.8,1.8,1.9,1.010484e+06,1.4135338e+06
2025-10-07,DVLT,3.0,0.30274045,0.30274045,2.08,2.7097,3.1,2.39,2.53,1.732665e+08,3.4424806e+08
2025-10-07,LXEO,4.0,0.27511597,0.27511597,6.47,8.25,8.88,7.88,8.34,9.569048e+06,1.6888059e+06
2025-10-07,BTQ,5.0,0.20549452,0.20549452,9.1,10.97,14.3813,9.35,13.79,2.7783156e+07,8.906918e+07
2025-10-08,XBIO,1.0,1.7272727,1.7272727,4.29,11.7,13.93,9.34,10.36,4.743305e+07,1.2461549e+06
2025-10-08,ALP,2.0,1.374552,1.374552,5.58,13.25,13.8,9.77,10.91,2.964022e+07,7.1624264e+07
2025-10-08,ACXP,3.0,0.67132866,0.67132866,4.29,7.17,8.34,6.34,8.1,2.4964474e+07,2.1750716e+07
2025-10-08,UPC,4.0,0.4332688,0.4332688,5.17,7.41,11.0,7.03,9.46,2.2904948e+07,5.4632685e+06
2025-10-08,CRMLW,5.0,0.4112426,0.4112426,3.38,4.77,4.99,4.2,4.62,565738.0,3.5240288e+06
2025-10-09,TTRX,1.0,2.5307143,2.5307143,7.0,24.715,26.5,8.18,9.2,1.9144618e+07,2.816478e+06
2025-10-09,AMBO,2.0,0.45938385,0.45938385,3.57,5.21,5.75,4.6069,5.75,3.769694e+06,2.402434e+07
2025-10-09,BAOS,3.0,0.44410884,0.44410884,3.31,4.78,5.22,4.37,4.86,2.6671822e+07,1.5339278e+07
2025-10-09,DMRA,4.0,0.43755877,0.43755877,10.65,15.31,18.45,13.4,14.75,1.2818526e+07,2.106193e+07
2025-10-09,SUGP,5.0,0.21764708,0.2177366,6.7995,8.28,11.0,7.8,10.49,2.520941e+06,1.0410007e+07
2025-10-10,OLOX,1.0,0.71296287,0.712963,3.24,5.55,7.38,5.28,6.24,7.480107e+07,8.614347e+06
2025-10-10,YDDL,2.0,0.50369,0.50369,5.42,8.15,8.89,6.4068,6.56,9.4962e+06,4.535077e+07
2025-10-10,LFS,3.0,0.47909975,0.47909975,3.11,4.6,5.73,3.1,4.2,9.291323e+06,1.3494613e+07
2025-10-10,FMFC,4.0,0.41962183,0.41962183,8.46,12.01,12.51,9.0,9.91,605313.0,9.348706e+06
2025-10-10,YHGJ,5.0,0.33333337,0.33333337,6.0,8.0,10.29,6.53,9.32,6.246709e+06,7.670316e+06
2025-10-13,PMAX,1.0,0.93822396,0.93822396,2.59,5.02,5.2,3.34,3.75,2.5680736e+07,5.769064e+06
2025-10-13,GWH,2.0,0.39423084,0.39423084,4.16,5.8,13.87,5.63,9.05,1.6264965e+08,1.1676671e+09
2025-10-13,ACON,3.0,0.2579676,0.2579676,8.5972,10.815,12.03,9.46,9.69,3.838107e+06,2.9522168e+07
2025-10-13,IMSRW,4.0,0.22699392,0.22699392,8.15,10.0,10.33,8.5,9.2,364355.0,5.6508675e+06
2025-10-13,UAMY,5.0,0.20311213,0.20311213,12.21,14.69,17.265,13.36,16.71,4.585481e+07,4.3838925e+08
2025-10-14,GWAV,1.0,1.0164511,1.0164511,8.51,17.16,24.0,15.05,17.55,2.597382e+07,1.5590908e+07
2025-10-14,ELAB,2.0,0.85988486,0.85988474,5.21,9.69,11.13,8.19,9.03,2.0410162e+07,2.2499432e+07
2025-10-14,AQMS,3.0,0.70534813,0.70534813,9.91,16.9,39.4,15.48,29.62,3.4583496e+07,2.5879155e+08
2025-10-14,CRMLW,4.0,0.5468497,0.5468497,12.38,19.15,20.84,13.51,18.69,1.574932e+06,1.3610981e+07
2025-10-14,AKA,5.0,0.38990068,0.38990068,10.4324,14.5,14.9645,13.5,14.46,335160.0,5.3038635e+06
2025-10-15,OMER,1.0,1.8268294,1.8268294,4.1,11.59,12.1,9.19,10.42,1.2522096e+08,3.0011015e+06
2025-10-15,SDOT,2.0,1.1194603,1.1194606,5.19,11.0,13.02,7.08,7.72,2.031962e+07,2.8798538e+07
2025-10-15,VERI,3.0,0.45146525,0.45146525,5.46,7.925,9.42,7.47,8.39,4.6724972e+07,7.502745e+07
2025-10-15,IBG,4.0,0.43167698,0.4316771,3.22,4.61,4.94,3.83,4.03,2.3538716e+07,1.0981618e+06
2025-10-15,RKDA,5.0,0.39837396,0.39837396,3.69,5.16,5.72,4.71,5.45,2.1145452e+07,1.4942836e+07
2025-10-16,RYOJ,1.0,1.0714285,1.0714285,2.17,4.495,5.35,3.53,4.76,2.879036e+07,3.3289598e+07
2025-10-16,CRMLW,2.0,0.28406286,0.28406286,12.11,15.55,15.55,10.0,10.08,1.217328e+06,1.4658622e+07
2025-10-16,AQMS,3.0,0.23744619,0.23744619,13.94,17.25,19.48,13.75,15.7,8.984968e+06,1.0189654e+08
2025-10-16,IMSRW,4.0,0.1965065,0.1965065,11.45,13.7,13.7,9.725,10.05,798203.0,1.241054e+07
2025-10-16,QNRX,5.0,0.17878187,0.17878187,15.27,18.0,18.44,13.41,13.54,240835.0,8.882162e+06
2025-10-17,ARTV,1.0,1.0180507,1.0180507,2.77,5.59,7.36,5.1401,6.01,1.0033298e+08,6.1522852e+07
2025-10-17,ACHV,2.0,0.28896105,0.28896105,3.08,3.97,4.4399,3.71,4.2,1.59688e+07,1.576737e+07
2025-10-17,OLOX,3.0,0.23701298,0.23701298,3.08,3.81,4.25,2.95,3.02,2.2221712e+07,9.924998e+06
2025-10-20,REPL,1.0,1.042222,1.042222,4.5,9.19,10.29,8.61,8.945,1.1071156e+08,7.4359035e+06
2025-10-20,GSIT,2.0,0.47637796,0.47637796,5.08,7.5,18.15,7.34,12.97,1.1584066e+08,2.1402598e+06
2025-10-20,FGI,3.0,0.27100837,0.27100837,4.76,6.05,6.86,5.6156,6.41,1.1345522e+07,2.0260636e+07
2025-10-20,ABAT,4.0,0.24020624,0.24020624,4.85,6.015,6.87,5.57,6.72,5.1048972e+07,1.141962e+08
2025-10-20,DGNX,5.0,0.19391894,0.19391894,14.8,17.67,17.7,13.8,14.68,1.325323e+06,1.3501803e+07
2025-10-21,AMCI,1.0,0.5625,0.5625,8.32,13.0,15.97,11.6629,13.5,3.535956e+06,6.191777e+06
2025-10-21,RYOJ,2.0,0.28152633,0.28152633,3.8,4.8698,11.43,4.55,9.12,2.3605816e+07,1.3366804e+06
2025-10-21,GSIT,3.0,0.20894372,0.20894372,12.97,15.68,17.14,10.59,10.86,6.1713456e+07,1.5024534e+09
2025-10-21,VELO,4.0,0.14418209,0.14418209,5.93,6.785,7.65,6.2,7.0,1.809047e+06,4.9777545e+06
2025-10-21,EOSE,5.0,0.13424385,0.13424385,15.01,17.025,17.33,15.64,16.3,5.0357404e+07,2.191474e+08
2025-10-22,BYND,1.0,0.70442,0.70442,3.62,6.17,7.69,2.62,3.58,2.2278152e+09,7.498145e+09
2025-10-22,FLWS,2.0,0.32233012,0.32233012,5.15,6.81,7.1,4.21,4.39,3.5749004e+07,1.6214142e+07
2025-10-22,DNUT,3.0,0.254717,0.254717,3.71,4.655,5.11,3.88,4.03,1.5282933e+08,8.415948e+07
2025-10-22,WOK,4.0,0.25,0.25,3.92,4.9,5.19,4.25,4.9,1.972009e+06,1.1240686e+07
2025-10-22,RANI,5.0,0.24912286,0.24912286,2.85,3.56,3.87,2.26,2.415,6.329505e+07,3.5570995e+08
2025-10-23,SLMT,1.0,0.47305393,0.4730538,8.35,12.3,13.0,10.42,11.41,1.0582119e+07,2.0646662e+07
2025-10-23,OLOX,2.0,0.34210527,0.34210527,2.28,3.06,3.7399,2.73,2.96,3.99433e+07,2.860151e+07
2025-10-23,BIOA,3.0,0.32231402,0.32231402,6.05,8.0,8.6,7.75,7.95,5.153965e+06,1.3780237e+07
2025-10-23,GTX,4.0,0.18734801,0.18705034,12.51,14.85,15.7487,13.99,14.93,7.92045e+06,3.481353e+07
2025-10-23,CLB,5.0,0.17989016,0.17971802,12.77,15.065,16.95,14.45,16.45,1.663363e+06,6.9678485e+06
2025-10-24,AIXC,1.0,0.6402266,0.6402266,3.53,5.79,5.97,3.5101,3.64,5.1508996e+07,3.9613876e+07
2025-10-24,NEUP,2.0,0.5555556,0.5555556,4.05,6.3,8.44,5.66,6.24,8.3666216e+07,1.9448951e+06
2025-10-24,BYND,3.0,0.1672535,0.16725361,2.84,3.315,3.35,2.08,2.185,8.033514e+08,2.277923e+09
2025-10-24,ARTV,4.0,0.15702474,0.15702474,4.84,5.6,5.618,4.84,5.41,996532.0,3.0935732e+06
2025-10-24,GRND,5.0,0.14838207,0.14838207,12.67,14.55,16.2193,14.45,15.06,1.1484293e+07,1.6919138e+07
2025-10-27,CLIK,1.0,0.72141695,0.72141695,6.21,10.69,11.8,9.11,10.46,1.571388e+07,1.7087536e+07
2025-10-27,BBAR,2.0,0.43852913,0.4381801,10.11,14.54,14.98,13.7625,14.23,6.618809e+06,1.4704267e+07
2025-10-27,DYN,3.0,0.36682236,0.36682236,17.12,23.4,24.95,23.0,24.17,1.267182e+07,3.0406422e+07
2025-10-27,SUPV,4.0,0.36255574,0.36255574,6.73,9.17,10.5,9.17,9.96,1.6572128e+07,2.639757e+07
2025-10-27,CEPU,5.0,0.31693125,0.31693125,9.45,12.445,13.7,11.86,13.16,1.844401e+06,3.3573392e+06
2025-10-28,NBTX,1.0,0.20026529,0.20026529,15.08,18.1,18.29,17.38,17.63,232490.0,2.6566285e+06
2025-10-28,HELP,2.0,0.16743469,0.16743469,6.51,7.6,8.0,6.96,7.15,6.91139e+06,6.2875015e+06
2025-10-28,IMSRW,3.0,0.1457144,0.1457144,7.0,8.02,8.23,6.46,7.03,205746.0,1.562841e+06
2025-10-28,ARQT,4.0,0.14562118,0.14562118,19.64,22.5,25.75,22.0,24.95,1.2063173e+07,3.587197e+07
2025-10-28,SEV,5.0,0.10911429,0.10911429,7.79,8.64,8.64,6.63,7.18,479479.0,4.0582472e+06
2025-10-29,PUMP,1.0,0.23287666,0.23287666,7.3,9.0,11.28,8.55,11.1,2.5627018e+07,3.437067e+07
2025-10-29,FUBO,2.0,0.18131864,0.18131864,3.64,4.3,4.39,3.66,3.69,7.648669e+07,6.4969132e+07
2025-10-29,GNTA,3.0,0.14999998,0.14999998,2.4,2.76,3.2494,2.71,3.01,1.29731e+07,1.9551432e+06
2025-10-29,NPWR,4.0,0.13043475,0.13043475,3.45,3.9,4.32,3.72,4.14,5.577535e+06,4.1304988e+06
2025-10-29,WKEY,5.0,0.10946274,0.10946274,12.47,13.835,16.25,12.55,15.92,4.581075e+06,2.0028907e+08
2025-10-30,TECX,1.0,0.25886142,0.25886142,18.62,23.44,26.0,17.32,17.6,3.345559e+06,1.6932694e+07
2025-10-30,GPRK,2.0,0.2226994,0.2227273,6.6,8.07,8.27,7.84,8.21,5.362781e+06,8.07046e+06
2025-10-30,MAX,3.0,0.19064748,0.19064748,11.12,13.24,13.25,12.16,12.23,1.812601e+06,8.2605365e+06
2025-10-30,ARBB,4.0,0.18333328,0.18333328,6.0,7.1,8.0999,6.7,7.18,2.400821e+06,7.330068e+06
2025-10-30,EBS,5.0,0.15531921,0.15531921,9.4,10.86,13.4099,10.84,12.84,8.917211e+06,1.0634398e+07
2025-10-31,GETY,1.0,0.522388,0.522388,2.01,3.06,3.21,1.875,1.88,1.3023494e+08,1.445397e+06
2025-10-31,ARDX,2.0,0.28343308,0.28343308,5.01,6.43,6.73,5.86,6.06,1.8733328e+07,3.03971e+07
2025-10-31,ATEC,3.0,0.22627068,0.22627068,16.33,20.025,20.15,18.69,18.99,1.1584801e+07,6.72068e+07
2025-10-31,DPU,4.0,0.20401335,0.20401335,2.99,3.6,3.81,3.3,3.57,4.839708e+06,2.598032e+06
2025-10-31,FIP,5.0,0.1860044,0.18590999,5.11,6.06,6.06,5.12,5.34,3.189582e+06,7.866641e+06
2025-11-03,CRBU,1.0,0.40495872,0.40495872,2.42,3.4,3.535,2.38,2.43,6.8354936e+07,1.3658844e+06
2025-11-03,AREC,2.0,0.28303874,0.28311694,3.85,4.94,4.94,3.89,4.0,4.961002e+07,1.8743824e+07
2025-11-03,CIFR,3.0,0.23002684,0.23002684,18.65,22.94,25.11,21.02,22.76,1.3584989e+08,8.227956e+08
2025-11-03,LGCL,4.0,0.20072997,0.20072997,2.74,3.29,3.57,2.9801,3.06,1.014209e+07,8.3736565e+06
2025-11-03,KVUE,5.0,0.18745446,0.18754351,14.37,17.065,17.18,16.135,16.14,2.03526e+08,6.69601e+08
2025-11-04,TCMD,1.0,0.3506657,0.3506657,15.77,21.3,23.84,20.7596,22.18,3.549857e+06,1.8475518e+07
2025-11-04,IHRT,2.0,0.23024046,0.23024046,2.91,3.58,4.12,3.29,3.99,2.480062e+07,1.6555794e+07
2025-11-04,UPWK,3.0,0.20473444,0.20473444,15.63,18.83,18.835,16.1,17.7,1.0802257e+07,6.2785492e+07
2025-11-04,HTZ,4.0,0.16194332,0.16194332,4.94,5.74,7.15,5.6,6.73,1.2977577e+08,7.1620856e+07
2025-11-04,SGHC,5.0,0.12211895,0.12215912,10.56,11.85,12.36,11.25,12.21,6.904493e+06,5.312374e+07
2025-11-05,APPS,1.0,0.3471284,0.3471284,5.92,7.975,8.2799,6.98,7.29,3.2089912e+07,2.5574252e+07
2025-11-05,BW,2.0,0.28208554,0.28208554,3.74,4.795,5.55,4.74,4.8,2.9216984e+07,1.9297432e+07
2025-11-05,NPCE,3.0,0.23723412,0.23723412,9.4,11.63,13.8099,10.7701,12.98,1.302817e+06,2.786705e+06
2025-11-05,RVLV,4.0,0.1831832,0.1831832,19.98,23.64,23.75,21.1275,22.18,3.017955e+06,4.3698356e+07
2025-11-05,OSS,5.0,0.18008482,0.18008482,4.72,5.57,5.78,5.075,5.76,1.335372e+06,2.5536095e+06
2025-11-06,STGW,1.0,0.38981295,0.38981295,4.81,6.685,6.89,5.57,5.62,7.247617e+07,6.7490455e+06
2025-11-06,FWRD,2.0,0.24024868,0.24024868,17.69,21.94,22.88,20.7325,20.9,1.427745e+06,1.4931121e+07
2025-11-06,MQ,3.0,0.2321428,0.2321428,4.48,5.52,5.57,4.82,4.88,1.3191117e+07,2.6922026e+07
2025-11-06,FSLY,4.0,0.20198262,0.20198262,8.07,9.7,11.22,9.665,10.97,2.197355e+07,4.307937e+07
2025-11-06,LZ,5.0,0.1921376,0.1921376,10.175,12.13,12.4,10.475,10.93,6.803636e+06,2.8267086e+07
2025-11-07,MSGM,1.0,1.0799086,1.0799086,2.19,4.555,4.8699,3.1601,3.74,1.0584526e+08,3.193387e+07
2025-11-07,ORGO,2.0,0.31362462,0.31362462,3.89,5.11,6.2,4.99,5.63,3.3040226e+07,2.386196e+06
2025-11-07,HLLY,3.0,0.23076916,0.23076916,2.73,3.36,4.07,3.2,3.62,2.0819348e+07,2.5501778e+06
2025-11-07,TNDM,4.0,0.2003001,0.2003001,13.33,16.0,16.705,15.2,16.26,6.035292e+06,3.7523496e+07
2025-11-07,NATR,5.0,0.19227982,0.19227982,13.73,16.37,17.94,16.005,17.92,319189.0,1.7502729e+06
2025-11-10,COGT,1.0,1.2105262,1.2105262,14.82,32.76,36.15,31.0,32.46,2.3291228e+07,4.736441e+07
2025-11-10,SOC,2.0,0.29775274,0.29775274,5.34,6.93,7.18,5.85,6.0,1.9468196e+07,4.3052164e+07
2025-11-10,VFF,3.0,0.15202701,0.15202701,2.96,3.41,3.69,3.24,3.46,7.874503e+06,7.404902e+06
2025-11-10,PRTH,4.0,0.14989734,0.14989734,4.87,5.6,6.2,5.52,5.57,4.065148e+06,7.1139545e+06
2025-11-10,NVA,5.0,0.14092445,0.14092445,8.87,10.12,10.75,9.5022,9.87,2.951934e+06,3.459659e+07
2025-11-11,BBAI,1.0,0.21891415,0.21891415,5.71,6.96,6.99,6.01,6.06,1.5769582e+08,4.93212e+08
2025-11-11,REAL,2.0,0.21231043,0.21231043,11.21,13.59,15.56,12.8,15.48,2.2409954e+07,8.655561e+07
2025-11-11,CYCU,3.0,0.21200001,0.21212113,2.64,3.2,3.6,3.03,3.37,2.3751952e+07,1.896877e+06
2025-11-11,PUBM,4.0,0.2026143,0.2026143,7.65,9.2,11.08,9.13,10.97,7.449325e+06,7.974796e+06
2025-11-11,BODI,5.0,0.20119524,0.20119524,5.02,6.03,6.35,5.12,5.92,9.947501e+06,2.3391745e+06
2025-11-12,MH,1.0,0.1715039,0.1715039,11.37,13.32,14.135,12.6,14.09,1.969684e+06,4.7302155e+06
2025-11-12,AFJK,2.0,0.145082,0.145082,12.2,13.97,14.4,12.02,12.609,38414.0,1.616317e+06
2025-11-12,PAL,3.0,0.12765956,0.12765956,6.58,7.42,8.75,7.39,8.55,1.251034e+06,1.7962412e+06
2025-11-12,KOPN,4.0,0.125,0.125,2.8,3.15,3.28,2.7,2.79,7.36388e+06,1.0814303e+07
2025-11-12,IHS,5.0,0.12481427,0.12481427,6.73,7.57,8.0,6.78,6.88,2.127772e+06,3.4597315e+06
2025-11-13,OLOX,1.0,0.36401665,0.36401665,2.39,3.26,3.9799,2.74,3.16,7.115829e+07,9.165801e+06
2025-11-13,FLY,2.0,0.23812127,0.23812127,18.31,22.67,24.22,20.41,21.42,8.164845e+06,4.4132812e+07
2025-11-13,LVLU,3.0,0.22290397,0.22290397,4.89,5.98,6.16,5.0,5.71,3.704133e+06,3.8264885e+06
2025-11-13,CURI,4.0,0.18880093,0.18882978,3.76,4.47,5.1,4.44,4.66,5.092182e+06,5.042096e+06
2025-11-13,CLBT,5.0,0.17720723,0.17720723,15.97,18.8,19.98,18.204,19.28,5.000967e+06,2.5770614e+07
2025-11-14,OWLT,1.0,0.11220479,0.11220479,10.16,11.3,11.609,10.17,10.48,583422.0,3.4702902e+06
2025-11-17,SGML,1.0,0.35478544,0.35478544,6.06,8.21,8.52,6.86,8.02,4.4749624e+07,5.029042e+07
2025-11-17,ZYME,2.0,0.2960043,0.2960043,18.52,24.002,26.19,22.5535,23.9,1.1163627e+07,1.5275426e+07
2025-11-17,PACS,3.0,0.21455586,0.21455586,10.58,12.85,16.82,12.71,15.7,1.186042e+07,9.185006e+06
2025-11-17,SSP,4.0,0.20588243,0.20588243,3.06,3.69,4.44,3.43,4.28,1.2442097e+07,1.7781506e+06
2025-11-17,TNXP,5.0,0.13836479,0.13836479,15.9,18.1,18.3,16.27,16.805,1.651841e+06,7.0711115e+06
2025-11-18,OLMA,1.0,2.1050467,2.1050467,8.52,26.455,27.17,18.11,20.14,8.732804e+07,5.337959e+06
2025-11-18,DGNX,2.0,0.19205308,0.19205308,13.59,16.2,18.06,14.15,16.2,2.953162e+06,2.0400248e+07
2025-11-18,ARVN,3.0,0.16847825,0.16847825,11.04,12.9,14.22,11.63,12.99,1.630431e+07,3.2344704e+07
2025-11-18,GRRR,4.0,0.1434232,0.1434232,12.62,14.43,15.15,12.85,13.81,3.47709e+06,2.280338e+07
2025-11-18,CLIK,5.0,0.12850809,0.12850809,6.77,7.64,8.65,7.1307,7.99,4.087907e+06,6.5692155e+06
2025-11-19,KZIA,1.0,0.34027767,0.34027767,5.76,7.72,8.7499,7.6,7.74,2.7121076e+07,3.8797132e+07
2025-11-19,OLOX,2.0,0.21700883,0.21700883,3.41,4.15,7.17,3.9,6.07,1.17159e+08,4.873936e+07
2025-11-19,SGML,3.0,0.14543104,0.14543104,7.77,8.9,10.92,8.87,10.36,3.9690236e+07,6.3954612e+07
2025-11-19,ANNX,4.0,0.118749976,0.118749976,3.2,3.58,4.2,3.5,4.06,1.0650536e+07,9.44624e+06
2025-11-19,CORZW,5.0,0.11339092,0.11339092,9.26,10.31,10.31,8.89,9.34,532109.0,2.113382e+06
2025-11-20,PACS,1.0,0.52644086,0.52644086,16.83,25.69,27.78,24.56,26.14,1.3362506e+07,1.01702024e+08
2025-11-20,MAGN,2.0,0.3819095,0.3819095,7.96,11.0,12.5,10.0,10.18,9.41785e+06,1.121732e+07
2025-11-20,CRNC,3.0,0.3232323,0.3232323,7.92,10.48,12.02,10.01,10.1,1.1532203e+07,3.7951564e+07
2025-11-20,NNOX,4.0,0.1815182,0.1815182,3.03,3.58,3.98,3.36,3.45,6.499324e+06,5.5913105e+06
2025-11-20,ALLT,5.0,0.17096019,0.17096019,8.54,10.0,10.23,8.6001,8.67,1.347107e+06,4.883317e+06
2025-11-21,NVRI,1.0,0.36698592,0.36698592,13.57,18.55,18.59,17.13,17.4,1.2711031e+07,1.5595974e+07
2025-11-21,MNDR,2.0,0.27796054,0.27796054,3.04,3.885,5.42,3.64,4.75,7.180512e+07,2.3726568e+08
2025-11-21,MFI,3.0,0.24412298,0.24412298,11.06,13.76,26.86,10.509,11.4,1.756586e+06,3.7112052e+06
2025-11-24,MFI,1.0,0.20701766,0.20701766,11.4,13.76,16.25,12.39,13.78,710564.0,2.002508e+07
2025-11-24,OSCR,2.0,0.20548964,0.20548964,13.48,16.25,16.95,15.53,16.49,5.8670764e+07,1.5306194e+08
2025-11-24,EPSM,3.0,0.15598893,0.15598893,3.59,4.15,4.73,3.75,4.2,4.375174e+06,2.7470916e+07
2025-11-24,BGDE,4.0,0.123595595,0.123595595,4.45,5.0,5.35,4.4018,5.1,628212.0,1.6568595e+06
2025-11-25,BNED,1.0,0.28850782,0.2884903,6.69,8.62,9.6,8.5,9.12,5.706865e+06,3.26947e+06
2025-11-25,KSS,2.0,0.23903072,0.2390337,15.73,19.49,22.455,19.37,22.42,3.5526948e+07,1.3704602e+08
2025-11-25,FLNC,3.0,0.14841771,0.14841771,15.8,18.145,19.23,15.1,16.77,1.1842135e+07,1.5475557e+08
2025-11-25,FLNA,4.0,0.113793015,0.113793015,2.9,3.23,3.25,3.025,3.04,2.009879e+06,4.0511465e+06
2025-11-25,BGDE,5.0,0.109803915,0.109803915,5.1,5.66,5.8,4.64,5.05,881850.0,3.2038812e+06
2025-11-26,WOOF,1.0,0.19865322,0.19865322,2.97,3.56,3.59,3.27,3.4,1.5801286e+07,2.8803672e+07
2025-11-26,ALP,2.0,0.17199993,0.17204654,2.15,2.5199,2.53,1.75,1.88,8.686473e+06,2.1720528e+06
2025-11-26,AEHL,3.0,0.14687502,0.14687502,3.2,3.67,3.95,3.11,3.47,2.758585e+07,2.0761826e+08
2025-11-28,SMX,1.0,0.9252893,0.92528737,17.4,33.5,63.88,29.8906,61.04,2.2543652e+07,3.9718394e+08
2025-11-28,TMC,2.0,0.12521446,0.12521446,5.83,6.56,7.07,6.2786,6.96,1.7733538e+07,9.479744e+07
2025-12-01,APUS,1.0,0.1448276,0.14482749,2.9,3.32,3.32,2.05,2.29,416656.0,1.1219752e+06
2025-12-01,GEOS,2.0,0.10782087,0.10782087,13.17,14.59,15.2299,12.95,13.04,510330.0,3.917074e+06
2025-12-02,TAOP,1.0,0.4532709,0.4532709,2.14,3.11,3.13,2.5,2.84,1.9766404e+07,1.2972961e+07
2025-12-02,XXI,2.0,0.15611064,0.15611064,11.21,12.96,13.9149,12.43,12.49,723101.0,4.5381105e+06
2025-12-02,FRMM,3.0,0.12460399,0.12460399,9.47,10.65,11.29,10.26,10.64,1.721131e+06,1.3433157e+07
2025-12-02,CDLR,4.0,0.11531842,0.11531842,17.43,19.44,20.645,17.1,17.39,1.938187e+06,3.9992265e+06
2025-12-03,CAPR,1.0,3.716981,3.716981,6.36,30.0,40.37,21.5,29.96,5.6959104e+07,1.7445334e+07
2025-12-03,KXIN,2.0,0.28709674,0.28709686,3.1,3.99,4.22,3.84,4.15,1.3894268e+07,2.3712798e+06
2025-12-03,PMAX,3.0,0.28634357,0.2863437,2.27,2.92,3.04,2.5401,2.85,2.219429e+07,2.2016148e+07
2025-12-03,AHMA,4.0,0.18285716,0.18285716,12.25,14.49,18.2,14.35,15.04,6.100438e+06,1.7091396e+07
2025-12-03,POET,5.0,0.15170944,0.15170944,4.68,5.39,6.08,5.1901,6.01,2.2837176e+07,2.1174776e+07
2025-12-04,PLRZ,1.0,1.3004229,1.3004229,7.09,16.31,18.2,12.46,14.5,2.6546008e+07,6.714453e+07
2025-12-04,QCLS,2.0,0.17344749,0.17344749,4.67,5.48,7.9499,5.4,6.92,9.60208e+07,2.5550717e+08
2025-12-04,FLYE,3.0,0.14318705,0.14318705,8.66,9.9,10.5,9.2,9.99,1.495683e+06,2.0334805e+06
2025-12-05,NEXR,1.0,0.34000003,0.3399999,2.5,3.35,3.7,1.5,1.6,3.877124e+07,1.8430025e+06
2025-12-05,FTH,2.0,0.19034088,0.19034088,10.56,12.57,13.26,7.45,9.72,1.109137e+06,7.506397e+06
2025-12-05,BGL,3.0,0.1347518,0.1347518,4.23,4.8,4.8,4.0,4.08,304485.0,1.1868026e+06
2025-12-05,LGHL,4.0,0.10958898,0.1095891,4.38,4.86,5.03,3.99,3.99,3.459922e+06,4.1518635e+06
2025-12-08,CETX,1.0,1.6482086,1.6482086,3.07,8.13,9.7,4.84,7.05,1.3254637e+08,1.2133634e+07
2025-12-08,WVE,2.0,0.712283,0.712283,7.49,12.825,19.6,12.72,18.52,1.4725136e+08,1.9103986e+07
2025-12-08,TWG,3.0,0.58236265,0.58236265,6.01,9.51,26.36,8.62,22.01,2.4251498e+07,4.5457972e+07
2025-12-08,FULC,4.0,0.45617986,0.45617986,8.9,12.96,15.7399,12.74,12.99,2.471811e+07,1.4973279e+07
2025-12-08,BDRX,5.0,0.43849206,0.43849206,5.04,7.25,8.94,6.36,8.8,1.3900918e+07,5.6292515e+06
2025-12-09,XCUR,1.0,0.7223265,0.7223265,5.33,9.18,9.4799,6.91,7.29,3.0426932e+07,4.0123388e+07
2025-12-09,AMCI,2.0,0.32697678,0.32697678,7.8449,10.41,15.0,9.14,10.3,1.2640854e+07,9.093863e+06
2025-12-09,VOR,3.0,0.2625599,0.2625599,8.36,10.555,12.82,8.9477,10.72,4.189504e+07,2.0540938e+06
2025-12-09,MAMA,4.0,0.24686933,0.24686933,11.18,13.94,14.5,12.3175,14.32,3.197482e+06,1.2281085e+07
2025-12-09,TROX,5.0,0.24013066,0.24000001,3.75,4.65,5.25,4.295,4.71,3.0114426e+07,8.314316e+06
2025-12-10,ASPC,1.0,1.480916,1.480916,10.48,26.0,63.98,16.81,16.81,3.186957e+06,2.9338655e+06
2025-12-10,ENVB,2.0,0.9695946,0.9695946,5.92,11.66,13.25,8.6,10.33,3.50347e+07,1.7714404e+07
2025-12-10,NXDR,3.0,0.34328365,0.34328365,2.01,2.7,2.99,2.21,2.53,6.015153e+07,6.737323e+06
2025-12-10,BDRX,4.0,0.2285012,0.2285012,4.07,5.0,8.94,4.76,6.72,1.6774622e+07,3.6920762e+06
2025-12-10,VELO,5.0,0.21547806,0.21547806,6.59,8.01,9.25,6.8,8.6,4.221568e+06,7.115678e+06
2025-12-11,BGDE,1.0,0.26865673,0.26865673,6.7,8.5,15.8,6.05,6.1,5.79602e+07,1.1480999e+08
2025-12-11,PL,2.0,0.22024739,0.22024739,12.94,15.79,17.975,15.01,17.47,5.897467e+07,2.2903898e+08
2025-12-11,BQ,3.0,0.19000006,0.19000006,2.0,2.38,2.6996,2.2,2.4,4.185382e+06,3.901364e+06
2025-12-11,NXDR,4.0,0.166008,0.166008,2.53,2.95,3.72,2.7501,2.77,7.1476424e+07,1.5218336e+08
2025-12-11,OCG,5.0,0.14942586,0.14942527,8.7,10.0,10.0,0.9062,0.911,2.496598e+07,1.0367087e+08
2025-12-12,TLRY,1.0,0.38078296,0.38078296,8.43,11.64,12.41,10.28,12.15,8.419845e+07,5.5012624e+07
2025-12-12,NX,2.0,0.32616007,0.32625997,15.08,20.0,20.42,16.25,16.52,3.440055e+06,2.4090872e+07
2025-12-12,JZXN,3.0,0.28596795,0.28596795,5.63,7.24,7.96,2.5,2.7,1.0798147e+07,3.9516745e+06
2025-12-12,VIVO,4.0,0.20472443,0.20472443,2.54,3.06,3.2,2.77,2.88,3.724026e+06,1.2600025e+06
2025-12-12,RENT,5.0,0.19182944,0.19182944,5.63,6.71,7.2999,5.81,6.65,1.085129e+06,2.1171502e+06
2025-12-15,KYTX,1.0,0.38952172,0.38952172,8.78,12.2,13.67,10.4,10.82,1.9449404e+07,9.708827e+06
2025-12-15,AMCI,2.0,0.33579326,0.33579326,2.71,3.62,9.1499,3.602,7.27,1.0378736e+08,5.430759e+06
2025-12-15,MIST,3.0,0.20746887,0.20746887,2.41,2.91,2.92,2.1,2.345,7.230488e+07,6.781686e+07
2025-12-15,GLSI,4.0,0.2050327,0.2050327,10.73,12.93,14.1934,10.113,10.31,3.998707e+06,1.663225e+06
2025-12-15,IMNM,5.0,0.17118037,0.17118037,19.57,22.92,25.3,21.22,22.64,1.2946788e+07,2.7878952e+07
2025-12-16,AMCI,1.0,0.6478679,0.6478679,7.27,11.98,15.09,11.05,14.65,7.770968e+07,7.545341e+08
2025-12-16,RZLV,2.0,0.29094827,0.29094827,2.32,2.995,3.24,2.72,2.97,7.586255e+07,2.7368204e+07
2025-12-16,RILY,3.0,0.27150536,0.27150536,3.72,4.73,6.05,4.36,5.72,2.5221316e+07,1.4722756e+07
2025-12-16,BDRX,4.0,0.22384942,0.2238493,4.78,5.85,7.22,5.44,6.5,1.089673e+07,2.4077974e+07
2025-12-17,DBVT,1.0,0.40711904,0.40711904,17.98,25.3,26.185,20.91,22.55,3.95114e+06,1.5596049e+07
2025-12-17,ZSTK,2.0,0.18665159,0.18665159,8.84,10.49,10.49,7.8,8.01,200676.0,1.03925694e+06
2025-12-17,BEAT,3.0,0.15116274,0.15116274,3.44,3.96,4.0,2.9,3.07,3.622327e+07,1.4739043e+08
2025-12-17,COUR,4.0,0.11335015,0.11335015,7.94,8.84,8.89,7.705,7.84,1.5587765e+07,1.9013092e+07
2025-12-17,ATLX,5.0,0.1017369,0.1017369,4.03,4.44,4.44,3.84,3.9,946301.0,1.8339805e+06
2025-12-18,SOC,1.0,0.5246211,0.5246211,5.28,8.05,9.47,7.85,8.25,5.010537e+07,5.5838644e+07
2025-12-18,DJT,2.0,0.28319013,0.28319013,10.47,13.435,15.2,12.71,14.86,1.0054335e+08,3.0675184e+07
2025-12-18,IA,3.0,0.25295734,0.25295734,10.99,13.77,15.4,13.0,14.37,3.265099e+06,5.6590915e+06
2025-12-18,SPAI,4.0,0.2198143,0.2198143,3.23,3.94,3.96,3.4,3.4,3.208064e+06,3.5423312e+06
2025-12-18,FCEL,5.0,0.17594934,0.17594934,7.9,9.29,10.9,9.25,9.64,1.2938966e+07,2.6998638e+07
2025-12-19,RDAC,1.0,0.25120306,0.25120306,10.39,13.0,14.1,9.001,10.41,1.014326e+06,2.9878525e+06
2025-12-19,WYFI,2.0,0.18881118,0.18881118,14.3,17.0,17.5,15.35,16.74,5.442143e+06,2.6905322e+07
2025-12-19,OLOX,3.0,0.12448132,0.12448132,2.41,2.71,2.74,2.36,2.39,6.958041e+06,2.2446812e+06
2025-12-19,DJTWW,4.0,0.1010499,0.1010499,7.62,8.39,11.45,8.16,9.9399,789959.0,5.031509e+06
2025-12-22,AZI,1.0,0.66999996,0.6700001,2.5,4.175,4.39,3.28,3.32,4.098828e+07,2.1550826e+08
2025-12-22,HYMC,2.0,0.27496946,0.27496946,16.42,20.935,26.25,20.15,24.52,2.0310236e+07,7.919941e+07
2025-12-22,ADEA,3.0,0.26871562,0.26859832,12.77,16.2,17.24,15.6,16.67,3.601697e+06,3.0938276e+07
2025-12-22,FJET,4.0,0.15545595,0.15545595,6.69,7.73,31.5,7.57,31.5,4.98608e+07,1.5579746e+07
2025-12-22,VELO,5.0,0.15420127,0.15420127,10.83,12.5,16.29,12.38,15.59,7.091929e+06,1.7395806e+07
2025-12-23,XTND,1.0,0.1975398,0.1975398,13.82,16.55,18.68,13.5,15.05,419458.0,2.3518875e+06
2025-12-23,SOC,2.0,0.16184211,0.16184211,7.6,8.83,10.77,7.9,10.36,4.493995e+07,4.5560532e+07
2025-12-23,PXLW,3.0,0.1348685,0.1348685,6.08,6.9,6.92,6.45,6.565,254194.0,1.1162211e+06
2025-12-24,OMER,1.0,0.87885725,0.87885725,8.75,16.44,17.65,13.92,15.36,2.4509176e+07,2.2053018e+07
2025-12-26,ASPC,1.0,0.6512667,0.6512667,13.42,22.16,56.0,17.5,24.01,7.435835e+06,3.8485205e+06
2025-12-26,SIDU,2.0,0.36363637,0.36363637,2.2,3.0,3.38,1.765,1.93,2.0069571e+08,1.8422434e+08
2025-12-26,PBK,3.0,0.125,0.125,2.0,2.25,2.25,1.86,1.91,6.666935e+06,3.134392e+06
2025-12-26,AMCI,4.0,0.10160422,0.10160422,9.35,10.3,11.93,8.147,8.73,2.0705532e+07,2.4782618e+08
2025-12-29,TII,1.0,0.16718268,0.16718268,3.23,3.77,3.8,3.0,3.04,1.609432e+06,1.016149e+07
2025-12-30,CHRN,1.0,0.6025641,0.6025641,5.46,8.75,12.7,7.8001,10.58,1.11143e+08,1.5589638e+07
2025-12-30,CETX,2.0,0.36492884,0.36492908,2.11,2.88,3.38,2.44,2.98,9.4323704e+07,1.997482e+07
2025-12-30,FLYE,3.0,0.28098392,0.28098392,5.285,6.77,7.94,6.2526,7.12,3.803745e+06,3.4071708e+06
2025-12-30,SIDU,4.0,0.14591444,0.14591444,2.57,2.945,3.08,2.51,2.67,8.4914536e+07,2.9168656e+08
2026-01-02,ANGH,1.0,0.58189666,0.58189666,2.32,3.67,4.2,3.53,4.0,1.56265e+06,4.3749745e+06
2026-01-02,IRWD,2.0,0.37987983,0.37987983,3.33,4.595,5.78,4.2,4.27,8.504434e+07,4.060775e+06
2026-01-02,SIDU,3.0,0.36891377,0.36891377,2.67,3.655,4.44,3.5,4.33,1.4705312e+08,2.2672182e+08
2026-01-02,SLS,4.0,0.3444109,0.3444109,3.31,4.45,4.66,3.96,4.35,3.0414024e+07,7.6444776e+07
2026-01-02,NUAI,5.0,0.24472582,0.24472582,2.37,2.95,3.46,2.63,3.44,9.833997e+06,3.814176e+07
2026-01-05,MNTS,1.0,0.7247387,0.7247387,5.74,9.9,11.6999,7.15,8.82,6.877652e+07,9.98074e+06
2026-01-05,GHRS,2.0,0.42114055,0.42114055,13.24,18.8159,19.0,15.0,15.46,5.554418e+06,1.18006e+07
2026-01-05,KZIA,3.0,0.18000007,0.18000007,5.0,5.9,6.24,5.4546,5.72,554778.0,1.80072e+06
2026-01-05,ASTI,4.0,0.17487681,0.17487681,4.06,4.77,6.65,4.33,4.99,8.497434e+06,3.4112972e+06
2026-01-05,ALT,5.0,0.16666663,0.16666663,3.51,4.095,4.53,3.96,4.09,2.691564e+07,1.2521535e+07
2026-01-06,ALMS,1.0,1.6714802,1.6714802,8.31,22.2,22.3,15.27,16.23,6.513956e+07,1.5991889e+07
2026-01-06,AZI,2.0,0.537037,0.5370369,2.16,3.32,4.53,2.92,3.69,5.5092748e+07,1.00698775e+06
2026-01-06,WVE,3.0,0.26999998,0.26999998,15.0,19.05,19.5,15.12,15.15,1.5042438e+07,7.421441e+07
2026-01-06,AEVA,4.0,0.25744832,0.25744832,13.09,16.46,18.43,15.18,17.59,2.1602394e+07,6.1158024e+07
2026-01-06,IMSR,5.0,0.2353363,0.2353363,6.99,8.635,9.2599,8.16,9.11,2.188776e+07,1.3791346e+07
2026-01-07,GLUE,1.0,0.36851966,0.36851966,16.01,21.91,25.15,21.11,23.28,2.3208664e+07,2.68838e+07
2026-01-07,AZI,2.0,0.20867205,0.20867205,3.69,4.46,4.6,3.44,3.59,8.397883e+06,2.0329224e+08
2026-01-07,MNTS,3.0,0.19023395,0.19023395,9.83,11.7,15.9799,10.86,13.9,2.5697184e+07,8.480397e+07
2026-01-07,MBLY,4.0,0.15681446,0.15681446,12.18,14.09,14.33,12.1,12.24,5.1469704e+07,1.8098254e+08
2026-01-08,MLTX,1.0,0.4340124,0.4340124,11.29,16.19,16.39,13.7101,14.34,2.4534578e+07,2.263706e+07
2026-01-08,ASPC,2.0,0.3616891,0.3616891,16.34,22.25,23.5,19.208,21.37,1.141509e+06,1.2373139e+06
2026-01-08,NEOG,3.0,0.25203252,0.25203252,7.38,9.24,10.24,9.115,9.71,2.299692e+07,2.4497232e+07
2026-01-08,SER,4.0,0.23553717,0.23553717,2.42,2.99,2.99,2.41,2.62,403438.0,2.1881882e+06
2026-01-08,SMPL,5.0,0.112287045,0.112287045,19.37,21.545,22.0,20.02,20.65,4.205496e+06,4.1697916e+07
2026-01-09,CETX,1.0,0.31034482,0.31034482,2.9,3.8,4.09,2.94,2.97,3.641078e+07,4.3136604e+07
2026-01-09,LDI,2.0,0.15163934,0.15163934,2.44,2.81,3.135,2.795,2.91,1.6312241e+07,1.2653826e+07
2026-01-09,KUST,3.0,0.15140843,0.15140843,2.84,3.27,3.3,2.42,2.59,5.70871e+06,1.6861478e+06
2026-01-09,ICON,4.0,0.13975155,0.13975155,3.22,3.67,3.7,2.85,3.12,7.599998e+06,1.2999559e+07
2026-01-09,ASPI,5.0,0.12732923,0.12732923,6.44,7.26,8.08,7.26,7.51,1.9154904e+07,2.3443082e+07
2026-01-12,OM,1.0,0.42324555,0.42324555,4.56,6.49,6.49,5.22,5.57,2.5305912e+07,3.0825052e+06
2026-01-12,INBS,2.0,0.2834822,0.2834822,17.92,23.0,24.9,13.61,15.26,4.774178e+06,3.0801506e+07
2026-01-12,RXST,3.0,0.16515839,0.16515839,8.84,10.3,10.9555,9.74,10.09,1.560853e+06,3.0321934e+07
2026-01-12,KC,4.0,0.15698719,0.15698719,11.02,12.75,13.66,12.65,13.4,4.991767e+06,7.1537765e+06
2026-01-12,OSS,5.0,0.13135076,0.13135076,8.07,9.13,10.7199,8.8158,10.45,8.437917e+06,2.7912532e+07
2026-01-13,AZIO,1.0,0.32669318,0.32669318,2.51,3.33,4.91,2.62,3.52,2.8708768e+08,1.9100892e+09
2026-01-13,OSS,2.0,0.14545465,0.14545465,10.45,11.97,12.75,10.75,11.3,8.273379e+06,8.817623e+07
2026-01-13,PDYN,3.0,0.13875592,0.13875592,6.27,7.14,7.65,6.62,7.13,9.365478e+06,1.2030425e+07
2026-01-13,KELYA,4.0,0.13495624,0.13493729,9.56,10.85,10.86,9.705,10.09,1.441689e+06,7.0605765e+06
2026-01-14,AZI,1.0,0.16225159,0.16225171,3.02,3.51,4.2,3.41,3.62,2.658895e+07,2.1496722e+06
2026-01-14,KULR,2.0,0.15942025,0.15942025,3.45,4.0,4.31,3.68,4.05,1.8724208e+07,4.7394585e+06
2026-01-14,GSIT,3.0,0.15364587,0.15364587,7.68,8.86,8.898,6.9,7.41,7.213991e+06,8.560996e+06
2026-01-14,GCDT,4.0,0.12826598,0.12826598,4.21,4.75,5.85,4.4,5.56,495514.0,1.0247073e+07
2026-01-14,AGIG,5.0,0.12111795,0.12111795,3.22,3.61,4.1299,3.25,3.45,4.342053e+06,7.3546475e+06
2026-01-15,RILY,1.0,0.33183026,0.33183026,7.54,10.042,10.97,9.14,9.5,1.7933886e+07,4.6063548e+07
2026-01-15,RFIL,2.0,0.25797498,0.25797498,7.21,9.07,9.29,8.54,8.84,1.401114e+06,1.1484066e+07
2026-01-15,ROLR,3.0,0.20963478,0.20963478,18.89,22.85,29.5,20.5,23.75,2.339088e+07,1.5582524e+09
2026-01-15,OCUL,4.0,0.13188803,0.13188803,11.07,12.53,13.03,10.9,11.28,2.7765796e+07,7.862998e+07
2026-01-16,ACCL,1.0,0.44816053,0.44816053,2.99,4.33,4.63,2.46,2.5,2.4515428e+07,4.310112e+06
2026-01-16,BNAI,2.0,0.21015763,0.21015763,5.71,6.91,7.43,5.69,6.35,4.451791e+06,1.5339778e+07
2026-01-16,IBRX,3.0,0.18987334,0.18987334,3.95,4.7,5.58,4.38,5.52,1.823537e+08,3.004753e+08
2026-01-16,CGTL,4.0,0.17060363,0.17060375,3.81,4.46,6.4,3.99,4.84,2.68106e+06,6.0729708e+07
2026-01-16,KOPN,5.0,0.114864826,0.114864826,2.96,3.3,3.555,3.241,3.3,1.3986455e+07,6.7031005e+06
2026-01-20,CRVS,1.0,0.6782608,0.6782608,8.05,13.51,22.1,12.6901,21.41,8.396988e+07,2.5333398e+07
2026-01-20,TII,2.0,0.21130216,0.21130216,4.07,4.93,5.3,4.57,4.86,3.592788e+06,2.7807384e+07
2026-01-20,MASS,3.0,0.19561243,0.19561243,5.47,6.54,6.89,6.192,6.52,848500.0,1.23529e+06
2026-01-20,IBRX,4.0,0.18478262,0.18478262,5.52,6.54,7.98,6.08,6.48,2.1104514e+08,1.0065924e+09
2026-01-20,NUAI,5.0,0.15935338,0.15935338,4.33,5.02,6.32,5.0,5.49,2.2304344e+07,1.3077206e+07
2026-01-21,BNAI,1.0,0.47317076,0.47317076,6.15,9.06,11.38,7.81,8.7,4.8526164e+07,7.908371e+06
2026-01-21,IMSRW,2.0,0.14078677,0.14078677,4.83,5.51,5.78,4.71,5.08,77211.0,2.6879385e+06
2026-01-21,TII,3.0,0.10905349,0.10905349,4.86,5.39,5.65,5.05,5.14,3.157158e+06,1.746095e+07
2026-01-22,SXTP,1.0,1.9949999,1.9949999,2.0,5.99,8.62,4.4,5.04,1.9563373e+08,1.05872e+06
2026-01-22,IOTR,2.0,1.2457337,1.2457337,2.93,6.58,7.47,4.51,5.1,5.3553412e+07,1.4353191e+06
2026-01-22,ROLR,3.0,0.24619281,0.24619281,7.88,9.82,11.75,9.03,10.06,7.638441e+06,4.3917068e+07
2026-01-22,CABA,4.0,0.16452992,0.16452992,2.34,2.725,3.25,2.63,2.94,2.9900112e+07,5.4303255e+06
2026-01-22,SPHL,5.0,0.13089001,0.13089001,5.73,6.48,10.5,5.83,6.94,3.836849e+06,5.424041e+06
2026-01-23,MOVE,1.0,1.8891487,1.8895266,6.97,20.14,23.9,15.01,16.74,4.259208e+07,4.7566316e+07
2026-01-23,DRCT,2.0,1.3549783,1.3549783,2.31,5.44,6.0399,3.58,4.11,1.1370183e+08,4.2344044e+07
2026-01-23,KUST,3.0,0.71078444,0.7107843,2.04,3.49,4.48,2.57,2.62,1.1420424e+08,1.5271602e+06
2026-01-23,RTB,4.0,0.4026718,0.4026718,5.24,7.35,8.5499,6.06,6.31,1.2840973e+07,1.4299592e+06
2026-01-23,BGL,5.0,0.25352108,0.25352108,4.26,5.34,5.8694,3.74,4.13,2.41507e+07,1.23793576e+08
2026-01-26,BNAI,1.0,2.346784,2.346784,16.48,55.155,67.63,26.33,62.08,3.3526084e+07,7.195831e+08
2026-01-26,NAMM,2.0,0.4967742,0.4967742,3.1,4.64,5.59,3.89,4.07,6.681337e+07,1.17318056e+08
2026-01-26,LE,3.0,0.19822061,0.19822061,14.05,16.835,20.04,16.64,18.76,2.53794e+06,2.582348e+06
2026-01-26,SWAG,4.0,0.17431188,0.17431188,2.18,2.56,2.7,1.95,2.08,1.074772e+06,2.8169548e+06
2026-01-26,PLG,5.0,0.15561962,0.15561962,3.47,4.01,4.04,3.31,3.37,1.6161529e+07,5.6763868e+07
2026-01-27,NUWE,1.0,1.055814,1.0558138,2.15,4.42,4.9399,3.51,3.83,1.13389e+08,1.3533745e+07
2026-01-27,NAMM,2.0,0.2800982,0.2800982,4.07,5.21,5.21,4.07,4.71,2.210249e+07,2.7193043e+08
2026-01-27,NTLA,3.0,0.18351257,0.18351257,13.95,16.51,17.09,14.2,14.83,1.5000384e+07,8.957266e+07
2026-01-27,RDW,4.0,0.115419745,0.115419745,10.96,12.225,14.55,11.73,14.2,9.6120616e+07,4.1853987e+08
2026-01-27,UMC,5.0,0.10554552,0.105030894,11.33,12.52,12.68,12.22,12.48,2.69126e+07,2.1970822e+08
2026-01-28,PDYN,1.0,0.46165645,0.46165645,6.52,9.53,9.57,7.36,7.43,7.036646e+07,7.7543075e+06
2026-01-28,AZI,2.0,0.26406932,0.26406932,2.31,2.92,3.4,2.12,2.5,2.8674844e+07,1.0016506e+06
2026-01-28,KUST,3.0,0.1990521,0.19905221,2.11,2.53,2.53,2.1,2.1,1.15342e+07,1.4730095e+07
2026-01-28,SUPX,4.0,0.1850512,0.1850512,16.59,19.66,21.99,16.825,17.52,1.33227e+06,1.9099952e+07
2026-01-28,LTRX,5.0,0.17997098,0.17997098,6.89,8.13,8.24,6.909,7.16,8.071891e+06,9.907021e+06
2026-01-29,XHLD,1.0,0.6745099,0.6745099,2.55,4.27,4.54,2.65,3.17,4.1199652e+07,6.124248e+06
2026-01-29,ZSTK,2.0,0.41899443,0.41899443,8.95,12.7,15.041,9.02,11.8,1.706458e+06,2.7118678e+06
2026-01-29,SER,3.0,0.41176462,0.41176462,2.72,3.84,4.08,3.41,3.54,6.637348e+07,2.0413236e+07
2026-01-29,VTIX,4.0,0.2886598,0.2886598,10.67,13.75,14.7,7.8,8.59,3.891914e+06,1.3704676e+07
2026-01-29,KRRO,5.0,0.26603937,0.26603937,11.69,14.8,14.944,13.0054,13.31,1.208598e+06,5.8760365e+06
2026-01-30,LRHC,1.0,0.5050168,0.5050167,2.99,4.5,4.74,2.63,2.89,3.008416e+07,5.9627595e+06
2026-01-30,ANL,2.0,0.39663088,0.39663088,6.53,9.12,11.05,6.58,10.63,7.668e+06,6.72299e+07
2026-01-30,SPHL,3.0,0.17499995,0.17499995,4.0,4.7,5.4,4.01,4.48,1.969247e+06,1.43796e+06
2026-01-30,ATCX,4.0,0.16538465,0.16538465,7.8,9.09,9.09,7.05,7.1,282153.0,1.7127552e+06
2026-01-30,GITS,5.0,0.15820897,0.15820897,3.35,3.88,6.7499,3.45,3.77,1.636252e+07,2.6506672e+06
2026-02-02,VHUB,1.0,1.0249221,1.0249221,6.42,13.0,15.34,7.03,8.08,9.852659e+06,2.3961822e+07
2026-02-02,AQST,2.0,0.35593224,0.35593224,2.95,4.0,4.39,3.79,4.1,6.108386e+07,1.6631085e+07
2026-02-02,ATTT,3.0,0.25348186,0.25348186,3.59,4.5,4.52,4.0,4.1,136403.0,1.0150617e+06
2026-02-02,SLGB,4.0,0.2136364,0.2136364,2.2,2.67,2.86,2.1,2.18,509927.0,1.858252e+06
2026-02-02,NAMM,5.0,0.160326,0.160326,3.68,4.27,4.76,3.86,3.9,6.930671e+06,3.093039e+07
2026-02-03,FIEE,1.0,0.20155036,0.20155036,5.16,6.2,6.38,4.26,4.48,2.646666e+06,1.717216e+07
2026-02-03,SCZM,2.0,0.12948382,0.12948382,11.43,12.91,13.5,11.99,12.7,610767.0,9.894151e+06
2026-02-03,WULF,3.0,0.12127972,0.12127972,13.44,15.07,15.6,13.65,14.8,6.367675e+07,3.5048445e+08
2026-02-03,FEED,4.0,0.11983466,0.11983466,2.42,2.71,2.95,2.325,2.46,2.787804e+06,1.4580164e+07
2026-02-03,THM,5.0,0.117886186,0.117886186,2.46,2.75,2.7573,2.492,2.68,3.379461e+06,8.718966e+06
2026-02-04,CIGL,1.0,0.3796296,0.3796296,2.7,3.725,3.7606,2.5,2.62,1.5901185e+07,1.1382782e+07
2026-02-04,FEED,2.0,0.34756088,0.347561,2.46,3.315,3.69,2.64,3.12,4.327231e+07,6.857998e+06
2026-02-04,APPS,3.0,0.194332,0.194332,4.94,5.9,6.19,4.61,4.69,1.4993409e+07,4.3820936e+07
2026-02-04,INNV,4.0,0.14840996,0.14840996,5.66,6.5,8.09,6.2,7.78,2.07991e+06,1.0459397e+06
2026-02-04,TLF,5.0,0.13391614,0.13391304,2.875,3.26,3.36,3.18,3.2,327205.0,1.4523666e+06
2026-02-05,BYRN,1.0,0.13666117,0.13666117,12.22,13.89,13.948,11.13,13.16,1.913916e+06,1.4327425e+07
2026-02-05,EMBC,2.0,0.11141062,0.111013174,11.35,12.61,13.445,9.91,10.47,1.649586e+06,9.825525e+06
2026-02-06,QNST,1.0,0.26401436,0.26401436,11.06,13.98,14.4,12.0,12.24,2.528318e+06,1.9000628e+07
2026-02-06,GLXY,2.0,0.16538,0.16538,16.84,19.625,20.21,18.9,19.76,1.2671565e+07,2.5737291e+08
2026-02-06,BATL,3.0,0.1291666,0.1291666,2.4,2.71,2.97,2.54,2.81,2.683258e+07,2.0961121e+06
2026-02-06,MITK,4.0,0.120162964,0.120162964,9.82,11.0,12.0,10.87,11.83,2.825777e+06,7.389442e+06
2026-02-06,GWAV,5.0,0.11428571,0.11428571,4.55,5.07,5.2,4.32,4.48,160588.0,5.306251e+06
2026-02-09,MNTS,1.0,0.24666667,0.24666667,6.0,7.48,8.0,6.4,6.44,3.274868e+07,8.261826e+06
2026-02-09,PHOE,2.0,0.2035011,0.2035011,13.71,16.5,18.0,13.3451,13.98,111085.0,2.6834035e+06
2026-02-09,NEXN,3.0,0.1576271,0.1576271,5.9,6.83,6.85,6.0,6.07,601856.0,1.4156991e+06
2026-02-09,DFNS,4.0,0.11650491,0.11650491,2.06,2.3,2.48,2.13,2.39,1.18993e+06,2.1113742e+06
2026-02-09,QS,5.0,0.110979915,0.110979915,8.47,9.41,9.47,8.9,9.17,2.7684386e+07,1.5268816e+08
2026-02-10,EVMN,1.0,0.7374927,0.7374927,16.99,29.52,33.2,21.8,29.03,1.5984311e+07,3.545728e+06
2026-02-10,VSTS,2.0,0.22814202,0.22814202,7.32,8.99,9.7999,8.49,8.5,7.983931e+06,1.637383e+07
2026-02-10,LUXE,3.0,0.16429496,0.16429496,7.73,9.0,9.44,8.69,9.36,1.253753e+06,3.7669835e+06
2026-02-10,DDL,4.0,0.15867162,0.15867162,2.71,3.14,3.19,2.85,2.92,1.3598649e+07,1.0045225e+07
2026-02-10,YEXT,5.0,0.14663959,0.14663959,4.91,5.63,5.66,5.46,5.61,7.710051e+06,8.926478e+06
2026-02-11,MNTN,1.0,0.41451418,0.41451418,8.13,11.5,11.75,10.27,11.15,9.320238e+06,1.5263091e+07
2026-02-11,BETA,2.0,0.19141316,0.19141316,16.77,19.98,20.8999,18.13,19.39,4.346047e+06,3.0043876e+07
2026-02-11,JAGU,3.0,0.12703586,0.12703586,3.07,3.46,3.65,3.08,3.26,1.337002e+06,7.771892e+06
2026-02-11,KELYB,4.0,0.11586046,0.11549139,18.01,20.09,20.1499,17.14,18.1,56669.0,1.09861e+06
2026-02-12,FSLY,1.0,0.4489795,0.4489795,9.31,13.49,17.8599,13.38,16.04,1.1649167e+08,1.5725176e+08
2026-02-12,NVCR,2.0,0.3714285,0.3714285,10.5,14.4,14.97,12.0128,12.53,1.669112e+07,2.9564482e+07
2026-02-12,PRCH,3.0,0.23386025,0.23386025,7.59,9.365,9.75,8.21,8.54,5.243697e+06,3.05621e+07
2026-02-12,MH,4.0,0.21150732,0.21150732,12.34,14.95,15.9,14.24,14.31,4.079182e+06,1.3665156e+07
2026-02-12,IA,5.0,0.2065332,0.2065332,18.98,22.9,23.8,20.645,20.77,880450.0,6.332658e+06
2026-02-13,CRSR,1.0,0.41484714,0.41484714,4.58,6.48,7.68,6.43,6.79,4.6841748e+07,3.6542548e+07
2026-02-13,RIVN,2.0,0.2692858,0.2692858,14.0,17.77,18.48,16.4,17.73,1.2792732e+08,5.3234054e+08
2026-02-13,ATOM,3.0,0.16317987,0.16317987,2.39,2.78,4.02,2.6682,3.92,2.8260518e+07,1.0848162e+06
2026-02-13,MITK,4.0,0.12945259,0.12945259,11.51,13.0,13.7,12.86,13.4,1.724048e+06,9.960593e+06
2026-02-13,NCI,5.0,0.12844038,0.12844038,2.18,2.46,3.6799,2.2952,2.39,2.5436754e+07,2.0623848e+07
2026-02-17,OBAI,1.0,0.85942495,0.85942495,3.13,5.82,5.82,3.08,3.39,3.3244886e+07,1.4924279e+06
2026-02-17,CMPS,2.0,0.3476764,0.3476764,5.81,7.83,8.7951,7.31,7.63,3.5093188e+07,5.3019735e+06
2026-02-17,RIME,3.0,0.29885054,0.29885054,3.48,4.52,4.58,2.52,2.58,8.093271e+07,5.825823e+08
2026-02-17,LFS,4.0,0.2314049,0.2314049,2.42,2.98,3.7299,2.98,3.3,2.217358e+07,5.85467e+06
2026-02-17,SUNE,5.0,0.19268298,0.19268298,2.05,2.445,2.73,1.97,2.0,1.3964422e+07,7.33638e+06
2026-02-18,BENF,1.0,0.22513092,0.22513092,3.82,4.68,5.29,4.06,4.15,1.8792256e+07,2.4597198e+07
2026-02-18,RSI,2.0,0.20011806,0.20011806,16.94,20.33,20.4,17.8,18.18,5.821578e+06,8.322212e+07
2026-02-18,QMCO,3.0,0.14438498,0.14438498,5.61,6.42,6.45,5.43,5.47,1.576574e+06,9.19511e+06
2026-02-18,CNVS,4.0,0.13284123,0.13284123,2.71,3.07,3.4399,2.86,2.97,1.864092e+06,4.512844e+06
2026-02-18,VIVO,5.0,0.118852496,0.118852496,2.44,2.73,3.35,2.54,2.83,3.956598e+06,9.701111e+06
2026-02-19,CDIO,1.0,0.23943663,0.23943663,2.13,2.64,2.69,2.0701,2.24,2.2411792e+07,1.20914136e+08
2026-02-19,RELY,2.0,0.20132267,0.20132267,13.61,16.35,17.8786,16.03,17.14,2.2866104e+07,1.2806068e+08
2026-02-19,NP,3.0,0.19415343,0.19415343,18.13,21.65,22.73,20.2,20.44,757842.0,8.531162e+06
2026-02-19,BAND,4.0,0.17321014,0.17321014,12.99,15.24,16.58,14.46,14.54,1.518519e+06,9.367362e+06
2026-02-19,HLF,5.0,0.14752102,0.14752102,16.54,18.98,20.34,18.1,19.57,7.529589e+06,5.8721584e+07
2026-02-20,CDIO,1.0,0.3571428,0.3571428,2.24,3.04,3.48,2.49,2.88,7.656197e+07,5.0202416e+07
2026-02-20,TNDM,2.0,0.22829366,0.22829366,18.52,22.748,26.21,22.0,24.57,1.2698964e+07,3.6893804e+07
2026-02-20,OPEN,3.0,0.18279564,0.18279564,4.65,5.5,5.59,4.74,5.0,1.32316824e+08,3.502313e+08
2026-02-20,ANPA,4.0,0.16085792,0.16085792,11.19,12.99,14.0,9.1,9.32,2.970248e+06,1.0400657e+06
2026-02-20,CMRC,5.0,0.14965987,0.14965987,2.94,3.38,3.45,3.005,3.02,2.000168e+06,4.3334895e+06
2026-02-23,VNDA,1.0,0.39670134,0.39670134,5.76,8.045,9.09,7.8,8.15,4.8056296e+07,3.5772296e+07
2026-02-23,LEGN,2.0,0.16280341,0.16280341,18.12,21.07,21.58,18.94,19.75,6.195648e+06,2.467723e+07
2026-02-23,IBRX,3.0,0.14367819,0.14367819,8.7,9.95,11.0,9.55,9.83,8.645038e+07,3.9523446e+08
2026-02-23,SSTK,4.0,0.12156856,0.121495366,16.05,18.0,18.05,15.53,15.53,1.091733e+06,1.1366722e+07
2026-02-24,VIR,1.0,0.3236878,0.3236878,7.43,9.835,10.29,8.95,9.49,3.8366396e+07,9.155746e+07
2026-02-24,LRMR,2.0,0.27758002,0.27758002,2.81,3.59,4.01,3.55,3.69,7.042502e+07,2.5524522e+06
2026-02-24,MYGN,3.0,0.27168953,0.27168953,4.38,5.57,5.71,4.38,4.43,5.267831e+06,1.1743735e+07
2026-02-24,SGHC,4.0,0.15248954,0.15226328,9.72,11.2,11.25,10.089,10.59,6.783564e+06,6.454559e+07
2026-02-24,CDIO,5.0,0.14617944,0.14617944,3.01,3.45,3.79,2.88,3.31,1.2196144e+07,1.0034007e+07
2026-02-25,UIS,1.0,0.21830976,0.21830976,2.13,2.595,2.645,2.35,2.46,3.889595e+06,5.5244175e+06
2026-02-25,SGML,2.0,0.18333328,0.18333328,12.6,14.91,16.88,14.4,16.37,1.8056318e+07,5.370415e+07
2026-02-25,ACHC,3.0,0.18258595,0.18258595,17.17,20.305,21.98,20.305,20.84,1.1697381e+07,5.8508732e+07
2026-02-25,RYAM,4.0,0.1743375,0.1743375,7.17,8.42,10.45,8.21,10.23,6.53249e+06,3.0565065e+06
2026-02-25,LFST,5.0,0.11834741,0.11834741,7.14,7.985,8.09,7.33,7.41,6.150032e+06,1.8067842e+07
2026-02-26,HCTI,1.0,0.4079175,0.4079175,5.81,8.18,8.85,4.78,5.02,1.4435193e+07,3.0413618e+07
2026-02-26,BFLY,2.0,0.29193556,0.29193556,3.1,4.005,4.96,3.93,4.67,6.4630224e+07,1.0219438e+07
2026-02-26,ARHS,3.0,0.2584523,0.25894988,8.38,10.55,10.6,8.795,9.26,3.841104e+06,1.0059788e+07
2026-02-26,DNUT,4.0,0.22575247,0.22575247,2.99,3.665,4.13,3.64,3.82,1.9101302e+07,5.445083e+06
2026-02-26,FA,5.0,0.21638644,0.21638644,9.52,11.58,11.97,10.36,11.69,4.516723e+06,1.3223052e+07
2026-02-27,BATL,1.0,0.23132527,0.23132527,4.15,5.11,6.0,4.41,5.52,5.6085236e+07,1.3177167e+07
2026-02-27,CDIO,2.0,0.21168578,0.21168578,5.22,6.325,7.91,5.745,6.55,1.901538e+07,2.5432862e+07
2026-02-27,PRAA,3.0,0.20560372,0.20560372,12.67,15.275,16.51,14.5,15.75,2.627548e+06,1.0700208e+07
2026-02-27,ARLO,4.0,0.18152344,0.18152344,12.34,14.58,16.37,14.5,15.69,6.232188e+06,2.1351124e+07
2026-02-27,FIGS,5.0,0.1684041,0.1684041,12.47,14.57,15.8999,14.3,15.45,2.6069014e+07,1.22102264e+08
2026-03-02,BATL,1.0,0.93840575,0.93840575,5.52,10.7,13.61,8.2001,11.8,9.076724e+07,3.095905e+08
2026-03-02,INDO,2.0,0.44557822,0.44557822,5.88,8.5,8.5,5.86,6.74,2.8376902e+07,2.7152242e+07
2026-03-02,AGIG,3.0,0.26794267,0.26794267,4.18,5.3,5.31,3.1,3.4,7.518514e+06,9.091475e+06
2026-03-02,WTI,4.0,0.19254184,0.19245279,2.65,3.16,3.19,2.845,3.0,1.0631795e+07,1.010582e+07
2026-03-02,ANNA,5.0,0.16842103,0.16842103,2.85,3.33,3.69,3.12,3.64,344839.0,2.5260632e+06
2026-03-03,BATL,1.0,1.098305,1.098305,11.8,24.76,29.7,21.89,27.68,6.8197496e+07,1.07105344e+09
2026-03-03,MASS,2.0,0.17246592,0.17246592,6.61,7.75,7.9,6.075,6.32,657241.0,2.5622342e+06
2026-03-03,ANNA,3.0,0.17032969,0.17032969,3.64,4.26,4.3499,2.8769,3.55,745452.0,1.255214e+06
2026-03-03,VG,4.0,0.16828191,0.16871703,11.38,13.3,13.43,11.23,11.46,5.0794144e+07,5.2697398e+08
2026-03-03,TMDE,5.0,0.12745106,0.12745106,3.06,3.45,4.77,3.2,4.04,5.8425252e+07,4.2781914e+08
2026-03-04,EOLS,1.0,0.30024207,0.30024207,4.13,5.37,6.13,5.065,5.59,1.0539688e+07,5.5157145e+06
2026-03-04,SHMD,2.0,0.25351012,0.25351012,6.41,8.035,9.6,7.57,8.38,4.195555e+06,2.265499e+06
2026-03-04,SWIM,3.0,0.23291922,0.23291922,6.44,7.94,8.9662,7.17,7.2,4.109347e+06,8.705045e+06
2026-03-04,BW,4.0,0.20123446,0.20123446,8.1,9.73,12.03,9.28,11.8,1.904308e+07,2.4661124e+07
2026-03-04,ACEL,5.0,0.17434514,0.17434514,11.07,13.0,13.31,12.34,13.06,1.460825e+06,4.4810805e+06
2026-03-05,ALTO,1.0,0.3653847,0.3653847,2.6,3.55,4.2,3.12,4.02,2.7238864e+07,8.542497e+06
2026-03-05,STEM,2.0,0.21134329,0.21134329,10.05,12.174,13.7166,11.62,12.18,1.001825e+06,3.783423e+06
2026-03-05,NAGE,3.0,0.15182185,0.15182185,4.94,5.69,5.78,4.98,5.1,4.4926e+06,3.6400396e+07
2026-03-05,PDYN,4.0,0.14266491,0.14266491,7.43,8.49,10.0,8.16,9.96,4.1371884e+07,1.0759769e+07
2026-03-05,TMDE,5.0,0.1357466,0.1357466,2.21,2.51,3.85,2.48,3.04,2.4412508e+07,1.5066905e+07
2026-03-06,BATL,1.0,0.32921052,0.32921052,19.0,25.255,29.22,20.52,22.36,3.4896184e+07,9.863253e+08
2026-03-06,TURB,2.0,0.3245033,0.3245033,3.02,4.0,4.77,3.08,3.78,2.4818064e+07,1.4887867e+08
2026-03-06,INDO,3.0,0.24752474,0.24752474,5.05,6.3,6.3,5.3,5.65,1.5667312e+07,4.4386244e+07
2026-03-06,IBG,4.0,0.22558129,0.22558129,4.3,5.27,5.855,4.21,5.53,1.5764067e+07,1.1510971e+06
2026-03-06,MXC,5.0,0.18209875,0.18140244,13.12,15.5,16.0,13.0001,15.2,245348.0,3.3946032e+06
2026-03-09,HIMS,1.0,0.47490478,0.47490478,15.74,23.215,23.51,20.97,22.16,1.7497192e+08,3.0326976e+08
2026-03-09,RLMD,2.0,0.44044948,0.44044948,4.45,6.41,7.41,5.8,7.17,4.300614e+07,2.0026111e+06
2026-03-09,QURE,3.0,0.26243865,0.26243865,14.27,18.015,18.2,16.03,17.99,1.5401484e+07,2.5114693e+08
2026-03-09,BHVN,4.0,0.19858873,0.19858873,9.92,11.89,12.1,9.25,10.21,5.988087e+06,2.2036844e+07
2026-03-09,TURB,5.0,0.1574074,0.1574074,3.78,4.375,6.5,4.17,5.05,2.3663378e+07,9.381228e+07
2026-03-10,STGW,1.0,0.2318703,0.2318703,5.24,6.455,6.56,5.75,6.16,6.505268e+06,9.996631e+06
2026-03-10,ZVRA,2.0,0.20065784,0.20065784,9.12,10.95,11.4,10.51,11.06,9.387229e+06,1.7928944e+07
2026-03-10,AGCC,3.0,0.17032957,0.17032957,18.2,21.3,23.66,17.0,18.59,311022.0,3.358064e+06
2026-03-10,TDOC,4.0,0.13396227,0.13396227,5.3,6.01,6.09,5.48,5.57,1.5205567e+07,3.1734132e+07
2026-03-10,LFMD,5.0,0.12179494,0.12179494,3.12,3.5,4.06,3.455,3.91,6.11916e+06,7.4806675e+06
2026-03-11,DOMO,1.0,0.41552508,0.41552508,4.38,6.2,6.24,4.9514,4.97,2.44399e+07,2.5933398e+07
2026-03-11,ACXP,2.0,0.19999993,0.19999993,2.9,3.48,6.2999,3.3,6.03,1.0712418e+08,9.9616184e+07
2026-03-11,TMDE,3.0,0.19402993,0.19402993,2.01,2.4,2.55,2.25,2.29,7.756958e+06,7.248637e+06
2026-03-11,ATPC,4.0,0.16666663,0.16666663,3.78,4.41,4.74,3.7,4.17,7.491283e+06,2.353988e+08
2026-03-11,TSSI,5.0,0.16515839,0.16515839,11.05,12.875,14.39,11.4,11.94,1.3513739e+07,2.6956122e+07
2026-03-12,BMBL,1.0,0.2922536,0.2922536,2.84,3.67,4.25,3.67,3.81,3.427373e+07,2.5459054e+07
2026-03-12,ROMA,2.0,0.28985512,0.28985512,4.83,6.23,8.57,3.6,5.91,8.257549e+06,3.580759e+06
2026-03-12,HIMX,3.0,0.28584123,0.28633893,9.15,11.77,12.0,10.05,10.13,3.5904016e+07,2.5357916e+07
2026-03-12,ATPC,4.0,0.24700236,0.24700236,4.17,5.2,6.3,5.01,5.65,4.2296924e+07,3.123865e+07
2026-03-12,WOOF,5.0,0.2208333,0.2208333,2.4,2.93,3.34,2.91,3.23,2.248123e+07,2.4652414e+07
2026-03-13,ELPW,1.0,0.43726397,0.43727028,3.59,5.1598,5.5,4.58,5.16,1.4860579e+07,1.9823042e+07
2026-03-13,KRRO,2.0,0.19913042,0.19913042,11.5,13.79,14.79,12.595,12.8,1.097378e+06,1.061956e+06
2026-03-13,STLN,3.0,0.19847333,0.19847333,2.62,3.14,3.39,2.76,2.84,9.779637e+06,6.0441195e+06
2026-03-13,PAYP,4.0,0.15638769,0.15638769,18.16,21.0,21.98,19.81,21.14,1.4117253e+07,2.2407365e+08
2026-03-13,LOCO,5.0,0.14705873,0.14705873,10.88,12.48,13.07,12.24,12.72,2.152153e+06,3.436361e+06
2026-03-16,CTMX,1.0,0.47863257,0.47863257,4.68,6.92,8.21,6.04,6.75,1.2117751e+08,1.3407984e+07
2026-03-16,DSGR,2.0,0.34593475,0.34593475,19.31,25.99,26.14,24.53,26.07,1.273586e+06,3.9286388e+06
2026-03-16,CLIK,3.0,0.34124815,0.34124815,3.1165,4.18,4.25,3.1601,3.21,4.074742e+06,5.8875575e+06
2026-03-16,TLS,4.0,0.2102803,0.2102803,4.28,5.18,5.3899,3.91,4.12,3.949004e+06,5.9861965e+06
2026-03-16,CING,5.0,0.15074801,0.15074801,8.69,10.0,10.9,9.252,10.72,2.110591e+06,4.695007e+06
2026-03-17,JVA,1.0,0.22397482,0.22397482,3.17,3.88,4.28,3.7,4.12,2.744028e+06,1.614817e+06
2026-03-17,GRO,2.0,0.16822433,0.16822433,3.21,3.75,3.75,3.37,3.74,1.104052e+06,2.9463178e+06
2026-03-17,CDIO,3.0,0.14522815,0.14522815,2.41,2.76,2.76,2.23,2.25,332142.0,1.1419255e+06
2026-03-17,NUAI,4.0,0.10701442,0.10701442,5.56,6.155,6.34,5.64,5.98,7.316599e+06,3.021399e+07
2026-03-18,ARTL,1.0,0.26185572,0.26185572,4.85,6.12,8.34,6.08,7.31,5.8784864e+07,2.2591978e+06
2026-03-18,OVID,2.0,0.19900501,0.19900501,2.01,2.41,2.5,2.22,2.3,4.077501e+07,1.7124195e+06
2026-03-18,AIB,3.0,0.18275857,0.18275857,2.9,3.43,3.43,2.8,3.32,7.164705e+06,4.47702e+06
2026-03-18,KC,4.0,0.15701222,0.15701222,13.12,15.18,15.41,14.58,14.78,4.752441e+06,7.551898e+06
2026-03-18,BATL,5.0,0.14563107,0.14563107,11.33,12.98,14.47,11.52,11.93,2.0589156e+07,8.295022e+07
2026-03-19,CAL,1.0,0.23578739,0.23532736,8.86,10.945,11.0156,9.51,10.55,1.639214e+06,7.731661e+06
2026-03-19,FDMT,2.0,0.16121483,0.16121483,8.56,9.94,9.94,8.56,8.98,731925.0,4.5766985e+06
2026-03-19,BATL,3.0,0.1295054,0.1295054,11.93,13.475,13.54,11.81,13.01,8.982451e+06,2.4562864e+08
2026-03-20,IDN,1.0,0.1895833,0.1895833,4.8,5.71,6.2382,5.33,5.54,2.214577e+06,3.628997e+06
2026-03-20,BIAF,2.0,0.17508411,0.17508411,2.97,3.49,3.59,2.61,2.73,1.456098e+07,2.1960388e+07
2026-03-20,ARTL,3.0,0.17318428,0.17318428,7.16,8.4,9.8,7.62,7.97,1.2021435e+07,6.500829e+06
2026-03-20,SER,4.0,0.12903225,0.12903225,2.48,2.8,3.0,2.4,2.54,1.3348653e+07,3.9109002e+08
2026-03-20,YSS,5.0,0.125,0.125,17.68,19.89,23.75,18.275,21.07,8.693699e+06,2.7109964e+07
2026-03-23,REED,1.0,0.111111164,0.111111164,4.5,5.0,5.335,4.55,4.96,78798.0,1.3024035e+06
2026-03-23,AISP,2.0,0.100877166,0.100877166,2.28,2.51,2.59,2.365,2.38,639350.0,1.269064e+06
2026-03-24,ANNA,1.0,0.2667278,0.2667278,5.455,6.91,8.62,6.85,7.68,6.1121576e+07,4.3377536e+07
2026-03-24,NPT,2.0,0.10246432,0.10246432,7.71,8.5,8.5,7.19,7.4,33201.0,1.0669329e+06
2026-03-25,BRZE,1.0,0.25083244,0.25083244,18.02,22.54,22.68,20.2833,21.6,1.1777779e+07,1.0269245e+08
2026-03-25,FEED,2.0,0.18141592,0.18141592,2.26,2.67,2.8999,2.4201,2.64,2.2086888e+07,2.964436e+08
2026-03-25,PAYS,3.0,0.16710877,0.16710877,3.77,4.4,5.235,4.26,5.15,9.453625e+06,1.3406482e+07
2026-03-25,BIAF,4.0,0.1604377,0.16035342,3.96,4.595,4.9699,3.795,3.97,1.3159272e+07,1.8498012e+07
2026-03-25,TGEN,5.0,0.14545453,0.14545453,2.75,3.15,3.15,2.6027,2.89,620774.0,2.142294e+06
2026-03-26,GLND,1.0,0.7982991,0.7982991,8.23,14.8,23.0,10.78,13.0,8.342203e+06,1.2695926e+06
2026-03-26,PGEN,2.0,0.31129038,0.31129038,3.1,4.065,4.275,3.73,3.89,2.3541668e+07,2.0860176e+07
2026-03-26,BATL,3.0,0.26959848,0.26959848,5.23,6.64,7.3,5.4,5.56,4.4157984e+07,1.3785144e+08
2026-03-26,NAVN,4.0,0.23060119,0.23060119,9.15,11.26,13.78,10.5,13.11,2.1265758e+07,4.023843e+07
2026-03-26,LOVE,5.0,0.21346319,0.21346319,11.29,13.7,14.413,13.23,13.76,1.233049e+06,6.444908e+06
2026-03-27,ARTL,1.0,1.5047023,1.5047021,3.19,7.99,19.9099,7.45,10.54,8.25115e+07,6.972737e+06
2026-03-27,ONCO,2.0,0.81366456,0.8136647,3.22,5.84,6.73,1.78,1.94,6.966947e+07,1.4256646e+06
2026-03-27,RBNE,3.0,0.23584902,0.23584902,2.12,2.62,2.73,2.41,2.47,1.6970522e+07,4.7308508e+07
2026-03-27,U,4.0,0.1806773,0.1806773,17.13,20.225,20.33,18.15,19.45,5.4031052e+07,2.349449e+08
2026-03-27,NMAX,5.0,0.15384614,0.15384614,5.98,6.9,6.9125,5.65,5.88,2.459495e+06,6.0722175e+06
2026-03-30,EEIQ,1.0,0.5057306,0.5057306,6.98,10.51,11.21,7.15,8.19,2.3857588e+07,2.0437106e+07
2026-03-30,SGML,2.0,0.23900568,0.23900568,10.46,12.96,14.78,11.51,11.92,2.037554e+07,5.3446564e+07
2026-03-30,RZLV,3.0,0.19665265,0.19665265,2.39,2.86,2.89,2.4101,2.52,6.88708e+07,3.35932e+07
2026-03-30,MKDW,4.0,0.14345121,0.14345121,4.81,5.5,9.0,5.5,6.35,983926.0,1.7300464e+06
2026-03-30,GLND,5.0,0.12180269,0.12180269,8.21,9.21,12.8,8.61,11.26,9.68156e+06,4.7397036e+07
2026-03-31,SST,1.0,0.2866242,0.2866242,3.14,4.04,4.17,2.79,3.02,5.809629e+06,4.5011536e+07
2026-03-31,ARTL,2.0,0.15922105,0.15922117,8.73,10.12,10.56,7.11,7.58,5.038579e+06,2.598322e+07
2026-03-31,ANNX,3.0,0.13709676,0.13709676,4.96,5.64,6.1,5.235,5.54,4.932612e+06,1.137947e+07
2026-03-31,SPCE,4.0,0.11516118,0.11516118,2.17,2.4199,2.77,2.3,2.43,2.2609092e+07,1.3579112e+07
2026-03-31,RGTIW,5.0,0.11447084,0.11447084,4.63,5.16,5.63,4.93,5.49,160635.0,1.0729932e+06
2026-04-01,BCG,1.0,0.55472636,0.55472636,2.01,3.125,3.14,2.235,2.38,3.1137742e+07,3.0074062e+06
2026-04-01,TH,2.0,0.3383621,0.3383621,9.28,12.42,13.29,11.89,12.66,9.71621e+06,4.6521195e+06
2026-04-01,NCNO,3.0,0.22630179,0.22630179,14.98,18.37,18.44,16.094,16.57,1.2854412e+07,8.143207e+07
2026-04-01,ASTC,4.0,0.18546844,0.18546844,5.23,6.2,6.45,3.6,4.45,4.076391e+06,2.5079812e+07
2026-04-01,ELAB,5.0,0.16861427,0.16861439,5.99,7.0,14.0,6.5589,14.0,4.3718024e+07,3.417373e+08
2026-04-02,TURB,1.0,0.3787235,0.3787235,2.35,3.24,3.8,2.78,3.18,3.631009e+07,1.2033269e+06
2026-04-02,BATL,2.0,0.35064936,0.35064936,3.85,5.2,5.4,4.12,4.21,4.433515e+07,3.1667358e+07
2026-04-02,ANNA,3.0,0.19008267,0.19008267,7.26,8.64,9.7,7.715,7.89,7.427746e+06,2.7620316e+07
2026-04-02,WTI,4.0,0.12320542,0.12292361,3.01,3.38,3.44,3.08,3.15,1.2055089e+07,3.2661092e+07
2026-04-02,RBNE,5.0,0.119617105,0.119617224,2.09,2.34,2.45,2.09,2.15,3.928656e+06,4.0247232e+06
2026-04-06,RENX,1.0,0.16831684,0.16831684,2.02,2.36,2.62,2.28,2.41,1.3361856e+07,3.1191245e+06
2026-04-06,FUBO,2.0,0.120777845,0.120777845,9.77,10.95,12.57,10.66,12.07,7.207058e+06,1.7760278e+07
2026-04-06,LZM,3.0,0.11653113,0.11653113,3.69,4.12,4.17,3.72,3.82,500495.0,1.1160885e+06
2026-04-06,ANVS,4.0,0.11403513,0.11403513,2.28,2.54,2.77,2.33,2.35,1.349923e+06,2.1948215e+06
2026-04-06,LWLG,5.0,0.1031332,0.1031332,7.66,8.45,9.03,7.86,7.87,7.591432e+06,2.8826578e+07
2026-04-07,ADVB,1.0,0.6142534,0.6142534,4.42,7.135,7.59,6.04,6.52,1.4958344e+07,1.660606e+07
2026-04-07,SKYQ,2.0,0.27399993,0.27399993,5.0,6.37,8.3199,5.92,6.36,7.3096296e+07,1.0695486e+08
2026-04-07,BGDE,3.0,0.18532825,0.18532825,2.59,3.07,3.4499,2.7,2.86,6.691823e+06,1.2502484e+07
2026-04-07,ORGO,4.0,0.111607194,0.111607194,2.24,2.49,2.63,2.23,2.26,1.850132e+07,6.068451e+06
2026-04-08,ELAB,1.0,0.34782612,0.34782612,3.45,4.65,5.49,4.2434,4.5,5.779272e+07,1.8933886e+07
2026-04-08,SKIL,2.0,0.2811792,0.2811792,4.41,5.65,5.8,3.725,3.88,1.403906e+06,6.632556e+06
2026-04-08,LEVI,3.0,0.14953756,0.14916289,19.71,22.65,22.96,21.4,21.81,1.1543462e+07,1.6134475e+08
2026-04-08,CRML,4.0,0.13367605,0.13367605,7.78,8.82,9.0,8.33,8.61,8.527934e+06,5.556997e+07
2026-04-08,JBLU,5.0,0.12417567,0.12417567,4.55,5.115,5.215,4.94,5.04,4.2533144e+07,1.0138548e+08
2026-04-09,ELAB,1.0,0.44222224,0.44222212,4.5,6.49,7.0,5.25,5.26,5.804041e+07,2.6006723e+08
2026-04-09,CLIK,2.0,0.23809528,0.23809528,2.1,2.6,3.7,2.33,3.45,3.1971532e+07,1.5888633e+07
2026-04-09,TURB,3.0,0.14847171,0.14847171,2.29,2.63,2.7,2.26,2.26,4.624689e+06,4.224663e+06
2026-04-09,RELL,4.0,0.14811635,0.14795911,11.76,13.5,14.75,12.46,14.43,719535.0,3.242338e+06
2026-04-09,WW,5.0,0.100000024,0.100000024,11.3,12.43,12.43,10.7245,11.4,740992.0,3.0380955e+06
2026-04-10,SLP,1.0,0.19745958,0.19745958,12.99,15.555,15.555,12.62,13.04,1.378722e+06,9.942806e+06
2026-04-10,OGN,2.0,0.1590712,0.15918958,6.91,8.01,8.93,7.94,8.83,3.9485136e+07,6.9232936e+07
2026-04-13,ALLO,1.0,0.50367653,0.50367653,2.72,4.09,4.46,3.01,3.06,8.782195e+07,2.284904e+07
2026-04-13,SKYQ,2.0,0.49324858,0.49324858,12.59,18.8,19.4499,11.02,11.62,2.2126164e+07,5.738093e+08
2026-04-13,ALMU,3.0,0.30390334,0.30390334,10.76,14.03,16.56,13.95,15.35,1.3464502e+07,1.0286754e+07
2026-04-13,BATL,4.0,0.28125,0.28125,3.2,4.1,4.13,3.47,3.69,1.9617044e+07,2.1590422e+07
2026-04-13,TURB,5.0,0.1767441,0.1767441,2.15,2.53,2.53,2.125,2.15,2.513659e+06,1.8065591e+06
2026-04-14,ROLR,1.0,1.0648329,1.0648329,5.09,10.51,11.74,7.2,7.41,9.120802e+07,3.7704888e+06
2026-04-14,SANA,2.0,0.24299061,0.24299061,3.21,3.99,4.08,3.41,3.48,1.6419271e+07,1.5052932e+07
2026-04-14,CNSY,3.0,0.112754226,0.112754226,5.41,6.02,6.03,5.2,5.43,575966.0,3.6499808e+06
2026-04-14,RVMDW,4.0,0.10204089,0.10204089,4.41,4.86,5.5,4.32,5.42,1.79739e+06,7.1826815e+06
2026-04-15,RGTIW,1.0,0.18428576,0.18428576,7.0,8.29,9.07,7.55,8.81,446591.0,3.074575e+06
2026-04-15,KZIA,2.0,0.16279066,0.16279066,9.46,11.0,11.0,8.8,10.0,530078.0,3.4222212e+06
2026-04-15,WATT,3.0,0.15853655,0.15853655,16.4,19.0,23.65,18.9,22.13,1.975877e+06,5.393222e+06
2026-04-15,XNDU,4.0,0.1544168,0.1544168,14.83,17.12,28.25,16.15,25.18,9.177226e+06,5.044055e+07
2026-04-15,GLOO,5.0,0.13961041,0.13961041,6.16,7.02,7.14,5.8718,6.3,409075.0,5.284553e+06
2026-04-16,WSHP,1.0,1.9336982,1.9336982,8.22,24.115,40.87,14.01,14.265,3.3692664e+07,2.251713e+06
2026-04-16,CDNA,2.0,0.2379055,0.2379055,17.57,21.75,22.81,20.1001,22.42,2.96482e+06,1.0440972e+07
2026-04-16,MRLN,3.0,0.18964314,0.18964314,14.29,17.0,17.0,15.0,16.09,2.035462e+06,3.7897324e+07
2026-04-16,SLDP,4.0,0.1503067,0.1503067,3.26,3.75,3.78,3.21,3.26,1.8378962e+07,2.359323e+07
2026-04-16,ACHV,5.0,0.14084518,0.14084518,3.55,4.05,5.25,3.98,4.81,1.4059609e+07,7.573009e+06
2026-04-17,PBM,1.0,0.6729131,0.6729131,5.87,9.82,10.53,7.11,7.6,5.0507364e+07,3.15602e+08
2026-04-17,LZM,2.0,0.36246789,0.36246789,3.89,5.3,5.33,4.67,5.18,3.808693e+06,3.7962705e+06
2026-04-17,WSHP,3.0,0.33824039,0.33824039,14.265,19.09,19.14,15.02,15.87,8.8565e+06,4.8062586e+08
2026-04-17,FRMM,4.0,0.26160347,0.26160347,2.37,2.99,5.55,2.76,4.29,4.034951e+07,1.7212692e+06
2026-04-17,RPAY,5.0,0.25,0.25,3.18,3.975,4.2899,3.73,4.11,2.5111756e+07,1.7224566e+06
2026-04-20,PBM,1.0,0.72565794,0.72565794,7.6,13.115,16.9593,11.06,11.3,4.2277372e+07,3.8385597e+08
2026-04-20,CMPS,2.0,0.29804814,0.29804814,6.66,8.645,10.21,8.63,9.46,3.9754732e+07,1.3075378e+07
2026-04-20,ATAI,3.0,0.24689817,0.24689817,4.03,5.025,5.51,4.8,4.9,4.713864e+07,2.3247552e+07
2026-04-20,GHRS,4.0,0.16902947,0.16902947,18.34,21.44,24.6599,19.8,21.5,1.454224e+06,2.5597138e+06
2026-04-20,SKYQ,5.0,0.16479397,0.16479397,8.01,9.33,10.03,8.72,9.13,2.978513e+06,9.896748e+06
2026-04-21,SPRC,1.0,0.43735218,0.43735218,4.23,6.08,6.57,4.68,5.99,1.519438e+07,1.443323e+07
2026-04-21,GRPN,2.0,0.1692307,0.1692307,14.95,17.48,18.69,15.71,16.66,8.797473e+06,2.6475e+07
2026-04-21,JLHL,3.0,0.13347459,0.13347459,9.44,10.7,12.78,7.0,10.0,649854.0,1.3954481e+07
2026-04-22,AGPU,1.0,1.2233608,1.2233608,4.88,10.85,10.86,8.03,8.75,8.3958424e+07,1.0304169e+06
2026-04-22,HCAI,2.0,0.2724595,0.2724595,6.79,8.64,9.95,7.26,9.74,6.213577e+06,1.9011525e+06
2026-04-22,HCSG,3.0,0.24031007,0.24031007,19.35,24.0,24.39,21.87,22.89,2.595031e+06,1.9596114e+07
2026-04-22,KYTX,4.0,0.1410917,0.1410917,9.71,11.08,11.1405,8.65,10.23,6.106948e+06,1.7264166e+07
2026-04-22,POET,5.0,0.124390244,0.124390244,10.25,11.525,12.95,11.31,12.77,8.42322e+07,6.060588e+08
2026-04-23,TRT,1.0,0.33171904,0.33171904,8.26,11.0,16.35,10.76,13.78,3.1454336e+07,4.5409765e+06
2026-04-23,QS,2.0,0.32106698,0.32106698,7.31,9.657,9.657,7.13,7.41,1.1312062e+08,1.8622792e+08
2026-04-23,HELE,3.0,0.2549317,0.2549317,19.77,24.81,25.0,22.35,23.82,2.22515e+06,1.2354293e+07
2026-04-23,MNTS,4.0,0.21441436,0.21441436,5.55,6.74,6.74,5.32,5.64,2.829113e+06,1.0015608e+07
2026-04-23,TLRY,5.0,0.18170273,0.18170273,7.87,9.3,9.34,6.82,6.94,4.282969e+07,2.3143346e+08
2026-04-24,ELPW,1.0,0.46441948,0.46438193,2.67,3.9099,4.37,3.21,3.62,6.4949644e+07,4.4449095e+06
2026-04-24,OGN,2.0,0.24897957,0.2494185,8.6,10.745,11.58,9.955,11.26,3.187675e+07,3.6688684e+07
2026-04-24,SST,3.0,0.22715402,0.22715402,3.83,4.7,4.97,3.78,3.9,8.780296e+06,1.14514776e+08
2026-04-24,POET,4.0,0.1568259,0.1568259,11.72,13.558,15.5,12.4,15.1,7.885405e+07,5.3694957e+08
2026-04-24,HQWWW,5.0,0.1536144,0.1536144,3.32,3.83,3.83,3.25,3.45,9332.0,1.0501525e+06
2026-04-27,GLND,1.0,0.28663445,0.28663445,6.21,7.99,7.99,5.28,5.41,1.2436965e+07,4.3641645e+06
2026-04-27,ELPW,2.0,0.2375691,0.2375691,3.62,4.48,4.89,3.91,4.3,1.1141323e+07,2.351177e+08
2026-04-27,SGMT,3.0,0.23037541,0.23037541,5.86,7.21,9.3699,7.13,8.12,4.9409e+07,1.4775462e+06
2026-04-27,TRAK,4.0,0.19340897,0.19334972,8.12,9.69,9.77,8.7536,8.95,725305.0,3.556089e+06
2026-04-27,OGN,5.0,0.17364216,0.17362344,11.26,13.215,13.24,13.15,13.16,1.3382553e+08,3.5893222e+08
2026-04-28,NXH,1.0,0.33333325,0.33333325,5.34,7.12,7.7,4.64,4.74,4.3075816e+07,7.2744376e+07
2026-04-28,DDI,2.0,0.16974974,0.16974974,9.19,10.75,11.0758,10.71,10.99,1.373974e+06,3.8047058e+06
2026-04-28,SKYQ,3.0,0.1394496,0.1394496,5.45,6.21,6.51,4.95,5.9,1.2818087e+07,2.4343895e+06
2026-04-29,PRCH,1.0,0.17578578,0.17578578,8.59,10.1,10.83,9.9,10.13,6.957225e+06,3.0796388e+07
2026-04-29,FVRR,2.0,0.17277992,0.17277992,10.36,12.15,13.235,11.72,12.12,4.208721e+06,9.363471e+06
2026-04-29,CAST,3.0,0.15416658,0.15416658,2.4,2.77,2.81,2.15,2.2,304242.0,1.1865192e+06
2026-04-29,FCEL,4.0,0.1463784,0.1463784,9.94,11.395,13.66,10.99,13.64,1.8659398e+07,3.5575228e+07
2026-04-29,NEO,5.0,0.13636363,0.13636363,9.02,10.25,10.33,8.18,8.96,1.0801646e+07,2.610362e+07
2026-04-30,FATN,1.0,0.4012096,0.4012096,2.48,3.475,3.67,2.82,3.04,4.991766e+07,2.5264305e+06
2026-04-30,MRAM,2.0,0.36921906,0.36921906,13.19,18.06,19.71,16.5,18.28,1.43183e+07,1.2369437e+07
2026-04-30,PACK,3.0,0.22842646,0.22842646,3.94,4.84,5.28,4.4,5.09,2.871318e+06,1.8655072e+06
2026-04-30,VISN,4.0,0.21745694,0.217574,10.47,12.748,13.22,12.6,12.795,3.0133292e+07,1.7451925e+08
2026-04-30,HTZ,5.0,0.15535712,0.15535712,5.6,6.47,7.04,6.16,6.36,4.337836e+07,5.6158836e+07
2026-05-01,CUE,1.0,1.2896879,1.2896879,14.74,33.75,38.0,25.95,30.42,1.8927238e+07,2.7965258e+07
2026-05-01,CERS,2.0,0.3251232,0.3251232,2.03,2.69,3.15,2.47,2.72,2.4852604e+07,1.9922988e+06
2026-05-01,AIOS,3.0,0.30257523,0.30257523,9.32,12.14,33.8699,10.64,22.0,6.710758e+06,1.2693466e+06
2026-05-01,BOOM,4.0,0.21359229,0.21359229,6.18,7.5,8.56,7.1,8.41,2.010166e+06,1.4209241e+06
2026-05-01,FIVN,5.0,0.1732558,0.1732558,17.2,20.18,23.1899,19.66,22.24,1.5303482e+07,8.2918264e+07
2026-05-04,PN,1.0,1.0104713,1.0104713,2.865,5.76,6.0,4.61,5.42,5.0163948e+07,4.4257748e+07
2026-05-04,GBTG,2.0,0.5691401,0.5691401,5.93,9.305,9.39,9.3,9.34,8.121926e+07,4.3988265e+06
2026-05-04,SSM,3.0,0.22666669,0.22666669,6.0,7.36,10.54,5.4,5.78,1.405716e+06,2.194302e+06
2026-05-04,ADVB,4.0,0.16508532,0.16508532,5.27,6.14,6.76,5.32,5.96,4.631247e+06,5.0625675e+06
2026-05-04,HTCO,5.0,0.16455698,0.16455698,7.9,9.2,14.03,7.11,7.36,3.346581e+06,2.9870452e+06
2026-05-05,BLZE,1.0,0.6012931,0.6012931,4.64,7.43,8.42,7.12,7.59,3.717441e+07,2.4847166e+07
2026-05-05,VRDN,2.0,0.35632992,0.35632992,14.06,19.07,20.0,17.42,18.75,1.6131697e+07,1.7100068e+07
2026-05-05,DGXX,3.0,0.3518988,0.3518988,3.95,5.34,5.68,4.71,5.11,1.1583871e+08,1.9657772e+07
2026-05-05,EVER,4.0,0.3066393,0.3066393,14.61,19.09,23.98,18.15,23.82,6.857057e+06,2.934661e+07
2026-05-05,CHRN,5.0,0.2542373,0.2542373,11.8,14.8,15.33,12.27,13.22,506272.0,1.186785e+06
2026-05-06,EVC,1.0,0.63087416,0.6305778,3.98,6.4897,8.3499,6.37,7.69,4.033181e+07,2.337788e+07
2026-05-06,AVTX,2.0,0.40221393,0.40221393,16.26,22.8,23.71,17.69,21.81,2.2460992e+07,7.5778824e+07
2026-05-06,COMP,3.0,0.27823687,0.27823687,7.26,9.28,9.59,8.945,9.24,3.655851e+07,1.2330902e+08
2026-05-06,MASK,4.0,0.24401915,0.24401915,2.09,2.6,2.74,2.3101,2.42,9.936834e+06,9.763428e+07
2026-05-06,BLMN,5.0,0.22569442,0.22569442,5.76,7.06,8.56,6.99,8.12,1.1203818e+07,1.1896198e+07
2026-05-07,RXT,1.0,0.75110126,0.75110126,2.27,3.975,4.62,3.36,3.52,1.9443704e+08,2.2620172e+07
2026-05-07,FLNC,2.0,0.4162979,0.4162979,13.56,19.205,20.285,16.31,18.97,4.6081544e+07,1.5422573e+08
2026-05-07,OSG,3.0,0.26777256,0.26777256,4.22,5.35,6.18,5.3,6.05,7.747253e+06,6.123498e+06
2026-05-07,HIMX,4.0,0.25061834,0.2514193,12.33,15.43,17.95,14.8901,16.03,2.4839308e+07,4.970217e+07
2026-05-07,JMIA,5.0,0.22449064,0.22449064,7.46,9.1347,9.62,8.53,8.71,1.1242316e+07,2.5237636e+07
2026-05-08,PHOE,1.0,0.93494236,0.93494236,19.06,36.88,49.45,20.02,24.06,1.692987e+06,1.1659764e+06
2026-05-08,FLNC,2.0,0.2532947,0.2532947,18.97,23.775,26.98,23.52,24.16,4.147484e+07,8.7416685e+08
2026-05-08,PGNY,3.0,0.22077239,0.22077239,19.16,23.39,23.76,21.1923,23.72,4.411778e+06,3.506552e+07
2026-05-08,LOCO,4.0,0.17320502,0.17320502,13.51,15.85,15.9,13.67,14.0,1.063459e+06,3.4647882e+06
2026-05-08,ASYS,5.0,0.16858876,0.16858876,18.21,21.28,23.9,20.61,21.49,920087.0,4.4515435e+06
2026-05-11,BZH,1.0,0.3478955,0.3478955,18.77,25.3,25.6,24.1,25.16,5.546704e+06,6.7064835e+06
2026-05-11,HTCO,2.0,0.20205474,0.20205474,5.84,7.02,7.6895,6.01,7.05,1.447376e+06,1.6602945e+06
2026-05-11,GRSD,3.0,0.16186237,0.16186237,4.51,5.24,5.5,4.31,4.36,8.787636e+06,3.2721585e+06
2026-05-11,BW,4.0,0.14855576,0.14855576,14.54,16.7,18.99,15.56,18.91,9.220073e+06,3.7024204e+07
2026-05-11,DRTS,5.0,0.14571095,0.14571095,8.51,9.75,10.8,9.25,10.34,4.924977e+06,4.1947155e+06
2026-05-12,VSTS,1.0,0.26666665,0.26666665,9.3,11.78,12.465,11.0313,12.0,9.378794e+06,1.2643694e+07
2026-05-12,HTCO,2.0,0.248227,0.248227,7.05,8.8,12.12,7.3,11.28,1.0677126e+07,1.0204001e+07
2026-05-12,QUBT,3.0,0.24754417,0.24754417,10.18,12.7,14.45,11.29,11.78,1.4108392e+08,3.213027e+08
2026-05-12,MGNX,4.0,0.16949153,0.16949153,2.95,3.45,3.84,3.36,3.52,9.610125e+06,2.6286448e+06
2026-05-12,AMBO,5.0,0.16587687,0.16587687,2.11,2.46,2.6,1.9901,2.29,3.597898e+06,1.3168792e+07
2026-05-13,AEHL,1.0,0.43364942,0.43364942,2.11,3.025,4.24,2.65,3.62,8.103921e+07,1.0502187e+08
2026-05-13,TDIC,2.0,0.26491523,0.26483047,2.36,2.985,30.0,2.92,23.05,1.0925803e+08,2.866562e+08
2026-05-13,EOSE,3.0,0.23086417,0.23086417,8.1,9.97,9.99,8.19,8.28,1.2909578e+08,2.4071267e+08
2026-05-13,VNET,4.0,0.22505534,0.22505534,9.02,11.05,12.02,10.92,11.28,6.405781e+07,6.849948e+07
2026-05-13,SLS,5.0,0.2097702,0.2097702,5.22,6.315,6.72,5.685,6.53,3.0684742e+07,3.0812568e+07
2026-05-14,AIIO,1.0,0.6800766,0.68007684,2.61,4.385,9.2,3.26,5.64,1.6649266e+08,2.23684e+08
2026-05-14,AEHL,2.0,0.422652,0.422652,3.62,5.15,5.89,2.35,4.53,3.9537924e+07,2.9336192e+08
2026-05-14,POET,3.0,0.21155179,0.21155179,14.37,17.41,20.81,17.386,20.57,1.33113976e+08,7.1654054e+08
2026-05-14,DERM,4.0,0.19267821,0.19267821,5.19,6.19,6.71,5.7,6.35,763874.0,2.5928565e+06
2026-05-14,STUB,5.0,0.18351054,0.18351054,7.52,8.9,9.17,8.3201,8.55,1.802605e+07,7.562872e+07
2026-05-15,PIII,1.0,0.2940446,0.2940446,4.03,5.215,14.35,5.0518,11.29,6.565883e+07,9.621569e+06
2026-05-15,GEMI,2.0,0.2823193,0.2823193,5.26,6.745,6.9599,5.42,5.58,1.7026278e+07,2.3793564e+07
2026-05-15,MICC,3.0,0.13015974,0.13015974,15.02,16.975,17.03,16.305,16.66,7.284433e+06,1.3175574e+07
2026-05-15,WYY,4.0,0.12360811,0.12360811,8.98,10.09,10.77,9.4538,10.3,444461.0,4.03017e+06
2026-05-15,LESL,5.0,0.10857141,0.10857141,3.5,3.88,4.19,2.6101,3.03,5.703943e+06,1.4561606e+08
2026-05-18,HIVE,1.0,0.33828986,0.33828986,2.69,3.6,3.92,3.27,3.46,1.1136689e+08,2.9146162e+07
2026-05-18,QUCY,2.0,0.24855494,0.24855494,3.46,4.32,4.44,3.25,3.3,2.649789e+07,2.8394576e+08
2026-05-18,TE,3.0,0.18165779,0.18165779,5.67,6.7,7.18,6.33,7.0,8.799392e+07,1.0321541e+08
2026-05-18,AIIO,4.0,0.14303482,0.14303482,4.02,4.595,6.36,4.23,5.6,4.7653376e+07,1.0719177e+08
2026-05-18,CPSH,5.0,0.12418294,0.12418294,4.59,5.16,5.71,4.93,5.35,1.499326e+06,1.7377236e+06
2026-05-19,ENHA,1.0,0.16999996,0.16999996,5.0,5.85,6.06,5.0,5.26,2.273214e+06,2.11033e+07
2026-05-19,BKKT,2.0,0.13876152,0.13876152,8.72,9.93,10.99,9.67,9.68,6.971693e+06,2.1181178e+07
2026-05-20,GCTS,1.0,0.15178573,0.15178573,2.8,3.225,3.24,2.64,2.74,1.8612532e+07,4.5002696e+07
2026-05-20,WNW,2.0,0.14315784,0.14315784,4.75,5.43,6.5399,3.749,3.88,5.43627e+06,2.4660214e+08
2026-05-20,AMPG,3.0,0.13283205,0.13283205,3.99,4.52,4.73,4.2,4.43,1.8598564e+07,5.845467e+07
2026-05-20,EGHT,4.0,0.13278008,0.13278008,2.41,2.73,2.7425,2.24,2.26,5.561778e+06,9.348573e+06
2026-05-20,POET,5.0,0.12853861,0.12853861,13.07,14.75,14.9,13.58,14.78,5.336559e+07,1.0025291e+09
2026-05-21,AIAI,1.0,0.4435302,0.4435302,13.37,19.3,19.57,12.6019,14.57,1.17375e+06,1.2095839e+06
2026-05-21,CODX,2.0,0.3179916,0.3179916,2.39,3.15,4.5299,2.94,3.71,9.156192e+07,3.395107e+07
2026-05-21,INFQ,3.0,0.20751333,0.20751333,11.18,13.5,16.09,13.39,14.7,7.864057e+07,7.421772e+07
2026-05-21,QUCY,4.0,0.19452894,0.19452894,3.29,3.93,4.87,3.33,3.56,4.610311e+07,7.933583e+07
2026-05-21,RLAY,5.0,0.15053761,0.15053761,13.02,14.98,15.45,13.525,13.66,1.0420573e+07,8.488417e+07
2026-05-22,PCLA,1.0,1.7244444,1.7244444,2.25,6.13,7.3999,4.54,6.62,3.7043004e+07,1.01930136e+08
2026-05-22,AKTX,2.0,0.9299612,0.9299612,5.14,9.92,18.989,8.58,18.27,3.404376e+07,3.2208648e+07
2026-05-22,GOVX,3.0,0.3890909,0.3890909,2.75,3.82,4.3099,3.53,3.64,4.5856864e+07,3.0631618e+07
2026-05-22,HCWB,4.0,0.24418604,0.24418604,2.58,3.21,3.48,2.7,2.89,2.0210478e+07,5.4795876e+07
2026-05-22,MTVA,5.0,0.2404182,0.2404182,2.87,3.56,4.31,3.35,3.85,4.0338532e+07,1.5499891e+07
2026-05-26,MNTS,1.0,0.75609756,0.75609756,7.38,12.96,16.28,11.86,15.48,8.559399e+07,2.063138e+07
2026-05-26,CODX,2.0,0.35502946,0.35502946,5.07,6.87,10.8,6.3311,9.11,5.093042e+07,5.0791536e+07
2026-05-26,AIIO,3.0,0.24418604,0.24418604,2.58,3.21,3.58,2.95,3.06,1.5988459e+07,1.2820012e+07
2026-05-26,CPSH,4.0,0.1783334,0.1783334,6.0,7.07,11.4,6.62,11.12,2.5052212e+07,2.0442492e+07
2026-05-26,PONY,5.0,0.1547085,0.1547085,8.92,10.3,10.4,8.855,9.34,1.79274e+07,5.6786692e+07
2026-05-27,APPS,1.0,0.34927237,0.34927237,4.81,6.49,7.62,6.17,6.68,5.481447e+07,5.9570084e+07
2026-05-27,QTTB,2.0,0.29337096,0.29337096,7.09,9.17,13.15,9.15,12.85,2.1153852e+07,2.1238168e+06
2026-05-27,IPWR,3.0,0.27890182,0.27890182,6.92,8.85,9.3,7.75,8.99,8.733374e+06,1.9016368e+07
2026-05-27,MNTS,4.0,0.256783,0.256783,15.48,19.455,22.2,17.47,19.5,4.4353576e+07,1.324995e+09
2026-05-27,VCIG,5.0,0.18275869,0.18275857,2.9,3.43,4.98,3.23,4.78,2.2926588e+07,2.310894e+08
2026-05-28,ATPC,1.0,1.0245614,1.0245614,2.85,5.77,8.5,5.52,6.07,5.408391e+07,3.9469604e+07
2026-05-28,ASTC,2.0,0.570601,0.570601,13.81,21.69,35.8,16.68,29.43,4.8838504e+07,2.0210761e+09
2026-05-28,UMAC,3.0,0.32766867,0.32766867,18.83,25.0,32.0,24.7,29.6,4.872743e+07,1.26513176e+08
2026-05-28,QTEX,4.0,0.21904767,0.21904767,2.1,2.56,3.41,2.26,3.0,1.0219022e+08,1.664085e+08
2026-05-28,PUSA,5.0,0.20708442,0.20708442,3.67,4.43,4.85,3.91,4.32,3.887516e+07,2.256239e+06
2026-05-29,OLOX,1.0,1.0711381,1.0711381,4.92,10.19,11.2,7.85,8.77,2.7422704e+07,2.042661e+07
2026-05-29,REPL,2.0,0.6944444,0.6944444,4.68,7.93,9.0664,7.67,8.69,5.137481e+07,8.859825e+06
2026-05-29,IOTR,3.0,0.6250001,0.6250001,2.8,4.55,6.08,3.4001,3.91,2.1866916e+07,4.8721196e+07
2026-05-29,PD,4.0,0.25403225,0.25403225,7.44,9.33,10.015,8.69,9.95,8.869684e+06,2.147446e+07
2026-05-29,PLCE,5.0,0.2091955,0.2091955,4.35,5.26,5.38,3.85,4.18,9.047203e+06,4.4551525e+06
2026-06-01,MASK,1.0,0.5111731,0.5111731,3.58,5.41,7.06,4.73,5.45,2.7265606e+07,7.387412e+07
2026-06-01,CRE,2.0,0.36742413,0.36742413,2.64,3.61,3.74,2.96,3.29,7.155933e+06,5.7582175e+06
2026-06-01,AIIO,3.0,0.28270042,0.28270042,2.37,3.04,3.4,2.88,2.92,3.902008e+07,6.5893605e+06
2026-06-01,ELMT,4.0,0.2467277,0.2467277,15.28,19.05,22.5,18.7541,18.95,5.068805e+06,1.6059784e+07
2026-06-01,FLNC,5.0,0.24046612,0.24046612,18.88,23.42,28.88,23.2442,27.15,4.62374e+07,2.116035e+08
2026-06-02,VSA,1.0,0.79439235,0.79439235,4.28,7.68,7.71,4.0,4.63,1.3246113e+07,8.77136e+06
2026-06-02,ABTS,2.0,0.495327,0.495327,2.14,3.2,3.25,2.12,2.58,1.5241068e+07,2.2130456e+08
2026-06-02,LFVN,3.0,0.24198377,0.24178147,9.43,11.71,11.71,7.5,8.62,2.557882e+06,1.1639091e+07
2026-06-02,QUCY,4.0,0.22421527,0.22421527,2.23,2.73,3.1,2.45,2.45,2.944409e+07,8.160906e+06
2026-06-02,SBFM,5.0,0.20920503,0.20920503,2.39,2.89,3.05,2.455,2.6,1.3312325e+07,1.1197461e+06
2026-06-03,XOS,1.0,1.9058297,1.9058297,2.23,6.48,8.2699,5.4,7.46,1.0764078e+08,4.414762e+07
2026-06-03,LASE,2.0,0.45247936,0.45247936,2.42,3.515,4.49,3.02,3.13,2.2889885e+08,6.9460416e+08
2026-06-03,NCT,3.0,0.21404684,0.21404684,2.99,3.63,4.3901,3.07,3.55,5.924393e+06,1.5910418e+06
2026-06-03,FOFO,4.0,0.21197009,0.21197009,4.01,4.86,7.24,4.76,6.59,3.117558e+06,3.6805468e+06
2026-06-03,HTCO,5.0,0.15068483,0.15068483,2.92,3.36,5.5,2.4998,3.07,2.7455e+06,2.644971e+06
2026-06-04,FOXX,1.0,0.7762238,0.7762238,2.86,5.08,7.9,4.94,5.25,7.397488e+07,4.2273e+07
2026-06-04,SPRC,2.0,0.4323467,0.4323467,9.46,13.55,15.79,10.5,11.54,8.819905e+06,1.611757e+06
2026-06-04,ROLR,3.0,0.3571428,0.3571428,5.6,7.6,7.69,5.95,6.11,1.2890719e+07,1.179136e+06
2026-06-04,MOBX,4.0,0.3542601,0.3542601,2.23,3.02,3.0599,2.155,2.21,4.5863224e+07,1.7883686e+06
2026-06-04,RPGL,5.0,0.2640264,0.2640264,3.03,3.83,5.56,2.54,2.93,3.168761e+06,4.784397e+06
2026-06-05,BBCP,1.0,0.4172933,0.4172933,7.98,11.31,11.98,9.7,10.43,4.419808e+06,1.1987285e+07
2026-06-05,MASK,2.0,0.31578946,0.31578946,3.61,4.75,4.805,3.65,3.825,1.3436581e+07,1.0599826e+06
2026-06-05,MRLN,3.0,0.2799443,0.2799443,7.18,9.19,10.2499,8.31,8.6,2.8535092e+07,3.8143076e+07
2026-06-05,ABTS,4.0,0.13761461,0.13761461,2.18,2.48,2.48,1.95,1.99,385080.0,3.87197e+06
2026-06-05,LASE,5.0,0.111878514,0.111878514,3.62,4.025,4.12,3.0,3.1,4.093285e+07,2.4603363e+08
2026-06-08,OCC,1.0,0.594309,0.594309,12.3,19.61,22.0,17.01,19.0,1.9000946e+07,5.5906575e+06
2026-06-08,ABAT,2.0,0.2861737,0.2861737,3.11,4.0,4.25,3.3603,3.8,6.770443e+07,2.185926e+07
2026-06-08,FOFO,3.0,0.17948711,0.17948711,3.9,4.6,4.88,3.3,3.42,302118.0,1.4894139e+06
2026-06-08,SDOT,4.0,0.17792416,0.17792416,12.14,14.3,23.89,14.3,20.53,4.575081e+06,4.62442e+07
2026-06-08,NRIX,5.0,0.14241803,0.14241803,14.64,16.725,18.2,15.36,15.64,2.1065588e+07,2.3908526e+07
2026-06-09,FAC,1.0,0.44927537,0.44927537,13.8,20.0,25.33,14.5,16.0,4.882465e+06,1.489521e+07
2026-06-09,INDP,2.0,0.26666677,0.26666677,2.1,2.66,2.66,1.93,2.025,1.585697e+06,2.9883168e+06
2026-06-09,BNAI,3.0,0.19102347,0.19102347,18.27,21.76,23.09,18.5,19.18,2.56325e+06,1.367146e+07
2026-06-09,STAK,4.0,0.16959059,0.16959059,5.13,6.0,8.3,4.4,5.65,2.997292e+06,9.256336e+06
2026-06-09,FCEL,5.0,0.16451609,0.16451609,15.5,18.05,19.68,16.6601,17.49,2.1978398e+07,2.8484026e+08
2026-06-10,XOS,1.0,0.18715084,0.18715084,3.58,4.25,4.64,3.65,3.66,4.935216e+06,1.6279187e+07
2026-06-10,STAK,2.0,0.14690268,0.14690268,5.65,6.48,7.89,5.43,7.58,1.278666e+06,1.69347e+07
2026-06-10,LAKE,3.0,0.12893093,0.12893093,9.54,10.77,11.96,10.52,11.35,785572.0,1.0748403e+07
2026-06-10,FAC,4.0,0.120000005,0.120000005,16.0,17.92,23.75,16.75,21.94,1.86595e+06,7.811944e+07
2026-06-10,FACWW,5.0,0.111111164,0.111111164,2.25,2.5,3.05,2.2499,3.05,870198.0,1.6100572e+06
2026-06-11,EDHL,1.0,3.7228575,3.7228575,3.5,16.53,17.49,5.85,5.98,6.5397748e+07,7.281785e+06
2026-06-11,QH,2.0,1.1600001,1.1600001,3.25,7.02,8.15,5.15,7.41,1.5059797e+07,5.6584996e+07
2026-06-11,LASE,3.0,0.2651162,0.2651162,2.15,2.72,2.85,2.38,2.41,4.921964e+07,2.2989274e+07
2026-06-11,FACWW,4.0,0.14754105,0.14754105,3.05,3.5,3.5,2.06,2.45,381858.0,2.6541038e+06
2026-06-12,DSY,1.0,0.77319586,0.77319586,3.88,6.88,7.24,4.42,4.88,2.9305468e+07,4.869509e+06
2026-06-12,GMM,2.0,0.51388884,0.51388884,2.88,4.36,4.7495,3.12,3.36,3.6483188e+07,2.1233982e+06
2026-06-12,EDHL,3.0,0.41471577,0.41471577,5.98,8.46,11.13,7.2193,8.64,1.1418373e+07,3.9107853e+08
2026-06-12,MF,4.0,0.26096034,0.26096034,4.79,6.04,9.92,5.15,7.87,3.5398388e+07,1.1436805e+07
2026-06-12,MASK,5.0,0.18061674,0.18061674,2.27,2.68,3.29,2.2201,2.37,2.4605752e+07,1.6692513e+07
2026-06-15,CUPR,1.0,1.7581863,1.7581863,3.97,10.95,14.8,7.0,8.41,4.855872e+07,3.3103146e+08
2026-06-15,SDOT,2.0,0.37260962,0.37260962,16.21,22.25,26.93,20.0,23.47,1.023267e+06,5.8369125e+06
2026-06-15,GMM,3.0,0.21428573,0.21428573,3.36,4.08,4.6,3.37,3.44,1.2205679e+07,1.225835e+08
2026-06-15,CRMT,4.0,0.12440193,0.12440193,2.09,2.35,2.88,2.1,2.41,2.616163e+06,6.9298355e+06
2026-06-15,QMCO,5.0,0.11208153,0.11208153,13.74,15.28,16.0,13.7,13.97,2.448398e+06,1.761457e+07
2026-06-16,SLBT,1.0,2.3663664,2.3663664,3.33,11.21,14.5,7.55,8.89,3.316912e+07,1.3079987e+07
2026-06-16,TDIC,2.0,0.72191536,0.72191536,5.43,9.35,10.5,7.144,7.6,1.7877604e+07,1.4801528e+06
2026-06-16,CRVO,3.0,0.3467741,0.3467741,2.48,3.34,7.45,2.99,4.52,2.0068146e+08,2.3642954e+07
2026-06-16,CRE,4.0,0.33650792,0.33650792,3.15,4.21,6.17,3.15,3.27,2.2910356e+07,1.7970184e+06
2026-06-16,AIBZ,5.0,0.20000005,0.20000005,6.25,7.5,7.91,7.18,7.6,893464.0,1.6334938e+06
2026-06-17,LNAI,1.0,0.6660807,0.6660807,2.845,4.74,5.02,3.64,4.0,2.6485848e+07,5.500111e+07
2026-06-17,CLPT,2.0,0.36056972,0.36056972,13.34,18.15,18.71,16.67,16.81,6.88496e+06,3.2286402e+06
2026-06-17,CRE,3.0,0.33333337,0.33333337,3.27,4.36,4.41,3.6301,4.2,7.750696e+06,7.491686e+07
2026-06-17,SDOT,4.0,0.2687428,0.2687428,8.67,11.0,20.6,11.0,17.18,3.033401e+06,7.9510575e+06
2026-06-17,MNTS,5.0,0.15145004,0.15145004,9.31,10.72,10.85,9.5,10.06,7.918328e+06,3.405185e+07
2026-06-18,CAST,1.0,1.3126214,1.3126214,5.15,11.91,12.2,7.15,8.07,1.13024776e+08,6.412627e+07
2026-06-18,LPA,2.0,0.3917197,0.3917197,3.14,4.37,4.38,3.5,3.57,1.0511632e+07,3.9096604e+07
2026-06-18,BFLY,3.0,0.26269698,0.26269698,5.71,7.21,8.94,7.1,8.9,6.0481424e+07,3.721269e+07
2026-06-18,CRVO,4.0,0.22834647,0.22834647,3.81,4.68,7.81,3.84,4.24,1.0791242e+08,2.0021672e+07
2026-06-18,ATPC,5.0,0.19780219,0.19780219,2.73,3.27,6.12,2.9801,3.88,7.24512e+07,9.935226e+06
2026-06-22,CRMT,1.0,0.46875,0.46875,2.4,3.525,3.5299,2.87,3.01,4.826125e+07,1.8341112e+06
2026-06-22,ICCM,2.0,0.30740738,0.30740738,5.4,7.06,7.53,5.61,5.93,1.5903258e+07,2.8577984e+07
2026-06-22,SSTK,3.0,0.18759453,0.18759453,13.22,15.7,16.47,15.0,15.71,1.482018e+06,7.397476e+06
2026-06-22,QTEX,4.0,0.12935328,0.12935328,2.01,2.27,2.28,1.96,2.01,1.343064e+07,9.172023e+07
2026-06-22,FTH,5.0,0.10886645,0.10886645,17.82,19.76,24.04,17.5,23.19,102498.0,1.1769219e+06
2026-06-23,BLZE,1.0,0.26970446,0.26970446,8.12,10.31,11.845,9.62,11.66,3.546509e+07,7.5604995e+06
2026-06-23,ICCM,2.0,0.10623944,0.10623944,5.93,6.56,7.2499,5.7,6.12,9.032219e+06,9.430632e+07
2026-06-23,WYHG,3.0,0.10015178,0.10015178,6.59,7.25,8.81,5.58,6.59,397008.0,2.8475325e+06
2026-06-24,QNRX,1.0,0.3138461,0.3138461,3.25,4.27,4.98,3.63,3.83,8.583278e+06,1.2188407e+07
2026-06-24,ABSI,2.0,0.2834009,0.2834009,7.41,9.51,11.0,8.67,10.075,3.8228056e+07,4.445994e+07
2026-06-24,WEN,3.0,0.24862945,0.24860108,6.255,7.81,8.8871,7.5,7.86,2.104879e+08,4.7372076e+07
2026-06-24,RUN,4.0,0.20921147,0.20921147,12.81,15.49,16.79,14.345,14.42,5.348004e+07,8.311828e+07
2026-06-24,EHGO,5.0,0.17250001,0.17250001,4.0,4.69,6.33,3.3701,3.7,2.5129744e+07,2.3353292e+07
2026-06-25,FCUV,1.0,0.3642534,0.3642534,4.42,6.03,7.13,4.75,4.76,2.835818e+07,4.6814475e+06
2026-06-25,WYY,2.0,0.36208844,0.36208844,17.62,24.0,24.3,18.77,20.2,5.901766e+06,1.5142646e+07
2026-06-25,EHGO,3.0,0.24054062,0.24054062,3.7,4.59,4.85,4.19,4.57,1.0120809e+07,9.2980056e+07
2026-06-25,MEI,4.0,0.16934872,0.16921318,13.09,15.305,18.47,15.01,18.0,3.568525e+06,1.1334526e+07
2026-06-25,JLHL,5.0,0.14037728,0.14037728,13.25,15.11,16.355,13.7339,14.12,67240.0,1.9199382e+06
2026-06-26,SDOT,1.0,0.8608415,0.8608415,6.18,11.5,22.75,9.81,21.45,4.53482e+07,1.3635305e+06
2026-06-26,ILLR,2.0,0.6819345,0.6819345,3.05,5.1299,5.48,3.79,4.46,8.4630936e+07,6.8383866e+08
2026-06-26,TII,3.0,0.26457393,0.26457393,2.23,2.82,2.845,2.02,2.1,2.49821e+07,3.5416616e+07
2026-06-26,SKYQ,4.0,0.155303,0.155303,2.64,3.05,3.5,2.72,2.88,2.9654736e+07,2.6700106e+07
2026-06-29,UPC,1.0,4.8006754,4.8006754,2.96,17.17,17.96,10.51,12.18,5.5191508e+07,5.483162e+07
2026-06-29,QDEL,2.0,0.23277736,0.23277736,13.79,17.0,19.8,16.73,18.23,6.604782e+06,4.836987e+07
2026-06-29,RPAY,3.0,0.19273746,0.19273746,3.58,4.27,4.545,4.195,4.26,5.549554e+06,6.1077665e+06
2026-06-29,CCXIU,4.0,0.16942143,0.16942143,14.52,16.98,18.5,15.75,17.02,202331.0,2.1924765e+06
2026-06-29,CCXIW,5.0,0.14217246,0.14217246,6.26,7.15,7.42,6.6205,7.01,405423.0,1.7496012e+06
2026-06-30,PAVS,1.0,0.2276423,0.2276423,6.15,7.55,9.92,7.18,7.43,6.2216e+06,7.550847e+06
2026-06-30,SKYQ,2.0,0.12643683,0.12643683,3.48,3.92,4.18,3.41,3.67,1.2775688e+07,6.960955e+07
2026-06-30,CAST,3.0,0.10892856,0.10892856,5.6,6.21,7.1399,6.0,6.72,7.495105e+06,7.3066165e+06
2026-07-01,JEM,1.0,1.1649873,1.1649876,3.97,8.595,11.27,2.82,3.21,7.758909e+07,4.8530925e+08
2026-07-01,SOC,2.0,0.25974035,0.25974035,3.08,3.88,4.45,3.86,4.4,9.092999e+07,2.9898198e+08
2026-07-01,CCXIW,3.0,0.14709854,0.14709854,7.41,8.5,9.42,7.5,7.9225,227425.0,1.71603e+06
2026-07-02,USDE,1.0,0.8653847,0.8653847,2.08,3.88,4.4,2.52,2.78,5.085518e+07,2.808971e+07
2026-07-02,DSY,2.0,0.45486104,0.45486104,2.88,4.19,4.9,3.92,4.47,2.2719528e+07,1.127069e+07
2026-07-02,NEXA,3.0,0.11996651,0.1204319,12.04,13.49,14.39,12.66,13.04,1.633019e+06,1.1242723e+07
2026-07-02,IQMXW,4.0,0.105862856,0.105862856,5.1,5.6399,5.99,4.26,4.9,136251.0,2.6667592e+06
2026-07-02,TENX,5.0,0.10308504,0.10308504,13.29,14.66,15.49,14.002,15.46,3.895021e+06,1.0994777e+07
2026-07-06,FXHO,1.0,0.8145833,0.8145833,7.2,13.065,25.0,11.07,19.55,8.140602e+06,1.0432663e+07
2026-07-06,JLHL,2.0,0.24965894,0.24965894,7.33,9.16,9.4399,3.3,3.69,5.002398e+06,1.0995732e+06
2026-07-06,BGDE,3.0,0.22953022,0.22953022,7.45,9.16,9.34,8.11,8.15,205168.0,1.2131804e+06
2026-07-06,CRE,4.0,0.14859438,0.14859438,2.49,2.86,3.22,2.52,2.75,3.692371e+06,2.9108572e+06
2026-07-06,GMEX,5.0,0.13110542,0.13110542,3.89,4.4,4.57,3.125,3.19,1.186679e+07,2.4050002e+06
2026-07-07,CLRO,1.0,0.37,0.37,7.0,9.59,16.5,8.13,13.84,8.375773e+07,5.1568224e+07
2026-07-07,TDIC,2.0,0.20334268,0.20334268,3.59,4.32,4.54,3.45,4.07,9.476522e+06,2.9664984e+07
2026-07-07,EDHL,3.0,0.16414142,0.16414142,3.96,4.61,5.46,4.43,4.94,3.377818e+06,7.8395525e+06
2026-07-07,SKYQ,4.0,0.15566051,0.15566051,2.12,2.45,3.3,2.39,3.0,3.2801884e+07,5.255842e+06
2026-07-07,AMPG,5.0,0.11824322,0.11824322,5.92,6.62,7.16,6.02,6.25,1.1108204e+07,1.3640864e+07
2026-07-08,IOTR,1.0,0.40674603,0.40674603,2.52,3.545,3.8,3.09,3.54,2.5800694e+07,1.4150654e+07
2026-07-08,TC,2.0,0.27804875,0.27804875,2.05,2.62,2.92,2.21,2.48,5.405863e+06,1.1009459e+07
2026-07-08,SKYQ,3.0,0.15666664,0.15666664,3.0,3.47,4.39,3.14,3.82,5.944893e+07,9.840565e+07
2026-07-08,KC,4.0,0.102754235,0.102754235,9.44,10.41,10.675,10.21,10.52,4.721194e+06,1.9505626e+07
2026-07-09,JLHL,1.0,0.21895432,0.21895432,3.06,3.73,14.8999,3.72,12.79,8.085202e+07,2.5358432e+06
2026-07-09,IOTR,2.0,0.19209039,0.19209039,3.54,4.22,4.22,3.6,3.77,1.373256e+06,9.1334456e+07
2026-07-09,SMPL,3.0,0.17056072,0.17056072,12.84,15.03,15.088,12.2805,13.01,6.953805e+06,3.3726804e+07
2026-07-09,SUNE,4.0,0.1516589,0.1516589,2.11,2.43,2.83,2.28,2.56,2.197137e+07,2.343822e+07
2026-07-09,AP,5.0,0.14086473,0.14086473,7.17,8.18,9.02,7.6362,7.64,604358.0,1.2173871e+06
2026-07-10,WNW,1.0,0.18674707,0.18674707,3.32,3.94,3.9544,3.51,3.89,697886.0,2.401253e+06
2026-07-10,WOK,2.0,0.17326725,0.17326725,2.02,2.37,2.6299,2.06,2.3,1.3929484e+07,7.312715e+06
2026-07-10,EQPT,3.0,0.125,0.125,16.0,18.0,19.2,17.26,18.65,7.224362e+06,4.3861136e+07
2026-07-10,VOD,4.0,0.12446487,0.12446487,13.08,14.708,14.8486,14.53,14.72,1.7053134e+07,2.6607584e+07
2026-07-10,CCC,5.0,0.10594785,0.10594785,5.38,5.95,5.975,5.65,5.92,1.7312472e+07,4.120746e+07
2026-07-13,QTTB,1.0,0.633363,0.633363,11.21,18.31,22.5,17.281,21.38,2.7869504e+07,3.9295892e+07
2026-07-13,AGEN,2.0,0.6179105,0.6179105,3.35,5.42,8.7,4.91,6.12,1.7428184e+08,2.7921445e+06
2026-07-13,MIMI,3.0,0.4465115,0.4465115,2.15,3.11,3.46,2.67,2.96,4.539412e+07,1.4740267e+07
2026-07-13,GFUZ,4.0,0.40350878,0.40350878,9.12,12.8,14.85,9.12,11.0,6.212159e+06,1.3663584e+06
2026-07-13,SKYQ,5.0,0.168239,0.168239,3.18,3.715,4.34,3.57,3.99,1.9357948e+07,9.816441e+06
2026-07-14,MF,1.0,0.43492055,0.43492055,6.3,9.04,11.95,4.08,4.61,9.962127e+06,2.792664e+06
2026-07-14,CLSK,2.0,0.1881069,0.1881069,12.36,14.685,15.1,12.8,13.45,7.6379384e+07,1.4685984e+08
2026-07-14,LVLU,3.0,0.17427897,0.17427897,8.32,9.77,9.77,7.2,9.29,188468.0,4.13489e+06
2026-07-14,SNWV,4.0,0.15452933,0.15452933,11.26,13.0,13.0,11.28,11.96,124037.0,1.0862298e+06
2026-07-14,GFUZ,5.0,0.1431818,0.1431818,11.0,12.575,14.4196,12.4205,13.76,1.608433e+06,6.833375e+07
2026-07-15,ELVA,1.0,0.5462611,0.5462611,7.89,12.2,12.3,10.2,11.76,3.0032168e+07,3.8830082e+06
2026-07-15,TRT,2.0,0.17543864,0.17543864,10.26,12.06,12.94,10.57,11.0,1.730961e+06,7.2652705e+06
2026-07-15,KOPN,3.0,0.1170212,0.1170212,3.76,4.2,4.43,4.1,4.23,7.577652e+06,1.4406718e+07
2026-07-15,SHMD,4.0,0.10398221,0.10398221,4.52,4.99,5.05,4.33,4.34,812280.0,2.5400365e+06
2026-07-16,RUBI,1.0,0.70967746,0.70967746,3.72,6.36,6.69,3.04,3.49,2.6067312e+07,4.047959e+06
2026-07-16,ATPC,2.0,0.3531747,0.3531747,2.52,3.41,4.84,3.24,4.2,4.1204696e+07,4.402047e+06
2026-07-16,ATAI,3.0,0.318097,0.318097,5.36,7.065,7.22,7.02,7.15,1.6602654e+08,5.825097e+07
2026-07-16,ERNA,4.0,0.1218425,0.1218425,6.73,7.55,7.59,6.731,7.12,457984.0,1.7565858e+08
2026-07-17,SDOT,1.0,0.5396491,0.5396491,14.25,21.94,30.97,19.4,25.3,2.3999088e+07,9.937423e+06
2026-07-17,BIYA,2.0,0.38157892,0.38157892,3.04,4.2,4.79,3.92,4.14,2.5917598e+07,2.466836e+07
2026-07-17,JLHL,3.0,0.14928913,0.14928913,8.44,9.7,10.69,8.7001,9.35,3.174255e+06,6.6433855e+06
2026-07-20,BIYA,1.0,0.87922716,0.87922716,4.14,7.78,9.89,2.91,3.51,7.562353e+07,1.07298856e+08
2026-07-20,BXBL,2.0,0.3878554,0.3878554,8.3,11.5192,11.9899,9.57,9.82,2.856965e+06,1.8768126e+07
2026-07-20,ADVB,3.0,0.33399594,0.33399594,5.03,6.71,9.42,6.21,8.9,5.286509e+07,1.3762045e+07
2026-07-20,SKYQ,4.0,0.1144737,0.1144737,3.8,4.235,5.08,4.1001,4.74,2.233886e+07,1.46848e+07
2026-07-20,NNBR,5.0,0.103773594,0.103773594,3.18,3.51,3.64,3.3561,3.48,3.200763e+06,4.6478565e+06
2026-07-21,UTZ,1.0,0.8899329,0.8899329,7.45,14.08,14.14,14.05,14.06,6.182849e+07,1.288058e+07
2026-07-21,FWRD,2.0,0.14772725,0.14772725,13.2,15.15,16.23,14.6657,16.21,2.640291e+06,6.1564005e+06
2026-07-21,PWCM,3.0,0.118367314,0.118367314,2.45,2.74,3.02,2.54,2.6,950389.0,2.9467278e+06
2026-07-22,INLF,1.0,0.45739913,0.45739913,2.23,3.25,4.8599,2.97,3.76,5.103042e+07,1.5563326e+06
2026-07-22,ADVB,2.0,0.17514122,0.17514122,7.08,8.32,18.73,8.0801,12.25,2.9589646e+07,1.2947812e+07
2026-07-22,AIRJ,3.0,0.16657817,0.16657817,3.77,4.398,4.7699,4.31,4.6,6.15768e+06,2.3068668e+06
2026-07-22,SNTG,4.0,0.12440193,0.12440193,2.09,2.35,2.86,2.01,2.13,4.453742e+06,8.539451e+06
2026-07-23,DOMO,1.0,0.36031735,0.36031735,3.15,4.285,4.44,3.73,3.95,3.0837048e+07,8.987801e+06
2026-07-23,ADVB,2.0,0.23673463,0.23673463,12.25,15.15,20.87,12.73,16.78,1.1980745e+07,3.6247315e+08
2026-07-23,RELL,3.0,0.17594671,0.17601335,18.01,21.18,23.15,20.61,21.82,1.066267e+06,9.171935e+06
2026-07-23,NVCR,4.0,0.1560694,0.1560694,15.57,18.0,20.55,18.0,19.99,8.949518e+06,1.6579029e+07
2026-07-23,CLF,5.0,0.12910056,0.12910056,9.45,10.67,11.465,10.6,10.96,6.741765e+07,1.9092078e+08
2026-07-24,VIVK,1.0,0.7028302,0.7028302,2.12,3.61,3.92,2.53,2.91,1.0697455e+08,5.0173884e+07
2026-07-24,ADVB,2.0,0.37604284,0.37604284,16.78,23.09,24.229,16.2,18.98,4.727308e+06,2.0103691e+08
2026-07-24,JEM,3.0,0.29746842,0.29746842,4.74,6.15,7.12,5.11,6.35,1.5752255e+07,1.2919091e+08
2026-07-24,CJMB,4.0,0.17446816,0.17446816,2.35,2.76,3.92,2.22,2.55,1.6314511e+07,7.667272e+07
2026-07-24,PN,5.0,0.16207635,0.16207635,9.44,10.97,12.78,7.86,7.98,1.757292e+06,7.276361e+06
2026-07-27,DFNS,1.0,0.6,0.6,4.35,6.96,15.99,6.11,13.1,7.886979e+07,1.5870253e+07
2026-07-27,VEEE,2.0,0.17347729,0.17347729,12.97,15.22,23.316,14.3,15.77,3.72614e+06,3.0485985e+06
2026-07-27,PN,3.0,0.1654135,0.1654135,7.98,9.3,11.0,8.69,10.14,233241.0,1.402319e+07
2026-07-27,OMER,4.0,0.14913177,0.14913177,9.79,11.25,11.65,10.5,11.34,3.360672e+06,7.822729e+06
2026-07-27,AGPU,5.0,0.14890516,0.14890516,6.85,7.87,8.24,6.63,7.21,3.415841e+06,1.9880824e+06
2026-07-28,FIRY,1.0,0.6704546,0.6704546,8.36,13.965,14.12,9.2,9.84,2.167713e+07,1.03729206e+06
2026-07-28,DFNS,2.0,0.56259537,0.56259537,13.1,20.47,36.69,20.0,24.0,2.8620796e+07,1.0331943e+09
2026-07-28,INLF,3.0,0.44237804,0.44237804,3.28,4.731,8.18,4.14,5.3,3.3021528e+07,1.3694138e+07
2026-07-28,BIYA,4.0,0.3189448,0.3189448,4.17,5.5,6.82,4.03,6.44,3.4370456e+07,3.7716787e+08
2026-07-28,LVWR,5.0,0.22222221,0.22222221,2.43,2.97,3.15,1.8301,1.95,2.9695288e+07,1.8360742e+08
2026-07-29,AMIX,1.0,0.56909096,0.56909096,2.75,4.315,7.25,3.93,4.57,7.006049e+07,2.9137448e+07
2026-07-29,GMM,2.0,0.3927126,0.3927126,2.47,3.44,4.3,2.62,2.93,2.3049608e+07,4.0644442e+06
2026-07-29,VRRM,3.0,0.3755982,0.3755982,4.18,5.75,6.0,5.03,5.1,2.6116934e+07,3.2515144e+07
2026-07-29,STFS,4.0,0.35261703,0.35261703,3.63,4.91,6.14,3.94,4.78,1.5870399e+07,1.5978393e+07
2026-07-29,SKYQ,5.0,0.22343314,0.22343314,3.67,4.49,4.65,4.05,4.51,1.0133803e+07,9.903708e+06
2026-07-30,PN,1.0,0.90018654,0.90018654,10.72,20.37,24.0,13.6668,23.67,8.509151e+06,2.8033872e+06
2026-07-30,STKH,2.0,0.5848708,0.5848708,2.71,4.295,5.1,2.8,2.83,2.0261664e+07,1.7137238e+07
2026-07-30,CMCO,3.0,0.36582017,0.365937,14.62,19.97,21.305,18.8,20.68,2.398114e+06,1.3083906e+07
2026-07-30,XRX,4.0,0.2954545,0.2954545,2.64,3.42,3.78,3.23,3.49,2.9514976e+07,8.08094e+06
2026-07-30,BOOM,5.0,0.29151285,0.29151285,5.42,7.0,7.3699,6.06,6.26,842562.0,2.9705395e+06
2026-07-31,PWP,1.0,0.32188547,0.3219316,14.91,19.71,19.71,16.27,17.65,3.475033e+06,2.9529076e+07
2026-07-31,NWL,2.0,0.2839434,0.28404665,5.14,6.6,7.1299,5.495,5.6,4.432618e+07,4.0110124e+07
2026-07-31,DUOT,3.0,0.14742017,0.14742017,8.14,9.34,9.34,8.5,8.61,1.656939e+06,7.9487915e+06
2026-07-31,FLNC,4.0,0.12286556,0.12286556,13.47,15.125,15.125,13.42,13.93,7.627606e+06,7.404458e+07
2026-07-31,BSBR,5.0,0.114851475,0.114851475,5.05,5.63,5.805,5.62,5.67,1.2592925e+07,1.904495e+07
2026-08-03,UPC,1.0,1.221519,1.221519,3.16,7.02,8.44,5.51,6.48,2.8032766e+07,3.738974e+07
2026-08-03,FCUV,2.0,0.33706892,0.33706892,11.6,15.51,17.9,9.2798,11.5,1.2667611e+07,1.1965641e+09
2026-08-03,CNH,3.0,0.11317074,0.11317074,10.25,11.41,12.02,10.7001,10.8,3.8091372e+07,1.4921422e+08
2026-08-03,RUBI,4.0,0.112107635,0.112107635,2.23,2.48,2.71,2.14,2.34,5.525956e+06,5.5695635e+06
2026-08-04,DXST,1.0,0.3230089,0.3230089,2.26,2.99,3.23,2.66,2.71,1.1934163e+07,9.811494e+06
2026-08-04,BLZE,2.0,0.2931366,0.2931366,15.59,20.16,23.99,19.65,19.79,1.1823025e+07,6.9308056e+07
2026-08-04,MED,3.0,0.2351129,0.2351129,9.74,12.03,13.45,11.95,13.08,908509.0,2.4427335e+06
2026-08-04,MRAM,4.0,0.17475724,0.17475724,15.45,18.15,18.3,16.7001,17.42,2.365391e+06,1.4329921e+07
2026-08-04,DDD,5.0,0.16961133,0.16961133,2.83,3.31,3.895,3.24,3.56,1.8286548e+07,1.239892e+07
2026-08-05,INLF,1.0,1.4544024,1.4544024,3.18,7.805,9.48,5.4,6.27,6.095841e+07,1.2186177e+07
2026-08-05,GTE,2.0,0.5124451,0.5124451,6.83,10.33,11.5239,9.01,9.44,2.0370288e+07,1.7640114e+06
2026-08-05,BLMN,3.0,0.35874438,0.35874438,8.92,12.12,12.63,11.4,11.85,1.0743164e+07,1.7425086e+07
2026-08-05,APPS,4.0,0.256572,0.256572,9.51,11.95,14.1,11.9,13.17,2.0727368e+07,7.297596e+07
2026-08-05,SWIM,5.0,0.22280705,0.22280705,5.7,6.97,7.42,6.41,7.3,3.705556e+06,5.767659e+06
2026-08-06,CLRO,1.0,2.1752717,2.1752717,3.68,11.685,12.49,8.22,9.8,6.9449e+07,3.14565e+07
2026-08-06,PAVS,2.0,0.89409375,0.89409375,4.91,9.3,9.7,6.0285,6.88,3.136242e+07,1.9586496e+07
2026-08-06,ASPN,3.0,0.45708585,0.45708585,5.01,7.3,8.1,6.41,6.89,1.440165e+07,6.2534875e+06
2026-08-06,IOVA,4.0,0.37096763,0.37096763,4.34,5.95,6.39,5.63,6.21,7.3427e+07,6.741467e+07
2026-08-06,EVH,5.0,0.32467532,0.32467532,3.08,4.08,4.15,3.535,3.59,7.27594e+06,9.521804e+06
2026-08-07,NAMI,1.0,2.130584,2.130584,2.91,9.11,9.47,3.92,4.41,4.9902908e+07,3.0812914e+07
2026-08-07,DSY,2.0,0.7478261,0.7478261,3.45,6.03,6.23,4.34,4.6,2.6618078e+07,2.9200662e+07
2026-08-07,VATE,3.0,0.48987854,0.48987854,7.41,11.04,14.0,10.0208,12.11,1.4277009e+07,1.2127131e+06
2026-08-07,FIGS,4.0,0.35231316,0.35231316,11.24,15.2,16.38,14.11,14.26,1.1242596e+07,5.2845028e+07
2026-08-07,STLN,5.0,0.30861735,0.30861735,4.99,6.53,7.05,6.02,6.41,6.618806e+06,1.0083073e+07
2026-08-10,VREX,1.0,0.48186946,0.48186946,12.41,18.39,18.49,18.365,18.46,1.3225701e+07,2.8656302e+06
2026-08-10,XHLD,2.0,0.46039605,0.46039605,2.02,2.95,4.69,2.64,3.11,5.419377e+07,3.5606176e+07
2026-08-10,SLN,3.0,0.39748967,0.39748967,11.95,16.7,17.5758,14.62,15.43,1.6202853e+07,3.7868952e+06
2026-08-10,ABCL,4.0,0.26406932,0.26406932,6.93,8.76,10.01,8.4,9.34,4.6034304e+07,4.7262516e+07
2026-08-10,INHD,5.0,0.22060263,0.22060263,5.145,6.28,7.3,6.0,6.63,2.166347e+06,9.854316e+06
2026-08-11,WYHG,1.0,0.40384614,0.40384614,5.72,8.03,9.42,6.15,7.39,1.1779381e+07,6.2521668e+07
2026-08-11,BW,2.0,0.33558547,0.33558547,8.88,11.86,12.08,9.0,9.19,2.02243e+07,6.5053956e+07
2026-08-11,ELPW,3.0,0.28678298,0.28678298,4.01,5.16,5.59,4.2,4.83,9.762437e+06,1.3224379e+06
2026-08-11,FF,4.0,0.27728152,0.2771318,5.16,6.59,6.99,6.11,6.37,3.716083e+06,7.6427955e+06
2026-08-11,STIM,5.0,0.2603686,0.2603686,2.17,2.735,3.44,2.71,3.19,2.9108196e+07,7.338606e+06
2026-08-12,BOXL,1.0,0.5580205,0.5580205,2.93,4.565,9.89,4.2768,7.87,6.617208e+07,1.5850503e+07
2026-08-12,HYLN,2.0,0.29846942,0.29846942,3.92,5.09,5.45,3.82,3.89,1.1950695e+07,1.8502306e+07
2026-08-12,VELO,3.0,0.24543464,0.24543464,13.69,17.05,17.61,14.35,15.1,4.772603e+06,3.188305e+07
2026-08-12,OWLT,4.0,0.17830873,0.17830873,5.44,6.41,6.42,5.595,5.81,599547.0,2.5135575e+06
2026-08-12,NRGV,5.0,0.16759777,0.16759777,3.58,4.18,4.19,3.835,3.92,1.0817755e+07,3.2370908e+07
2026-08-13,FGI,1.0,0.7906977,0.7906977,4.73,8.47,19.93,7.07,11.72,1.02318024e+08,5.6343335e+06
2026-08-13,ARX,2.0,0.4408524,0.4408524,13.61,19.61,19.62,19.45,19.51,7.007092e+07,2.989039e+07
2026-08-13,CURI,3.0,0.27851355,0.27857137,2.8,3.58,4.31,3.57,3.99,2.03995e+07,9.638877e+06
2026-08-13,OMER,4.0,0.21444201,0.21444201,13.71,16.65,18.14,16.27,17.35,1.3331074e+07,4.89461e+07
2026-08-13,HLIT,5.0,0.20666659,0.20666659,12.0,14.48,15.06,12.76,13.08,6.873703e+06,3.615055e+07
2026-08-14,CAPR,1.0,0.81947744,0.81947744,4.21,7.66,8.15,6.04,6.65,6.6324908e+07,7.048892e+07
2026-08-14,SXTC,2.0,0.39393938,0.39393938,3.3,4.6,4.86,3.68,4.33,1.6110279e+07,1.0798326e+06
2026-08-14,BOXL,3.0,0.30441177,0.30441177,6.8,8.87,9.5,6.94,6.95,4.081985e+06,1.388099e+07
2026-08-14,MF,4.0,0.30400002,0.30400002,10.0,13.04,19.63,11.25,13.0,3.854602e+06,3.26731e+06
2026-08-14,IMXI,5.0,0.21709406,0.21709406,11.7,14.24,14.61,13.71,14.59,5.159349e+06,1.3918168e+07
2026-08-17,IPST,1.0,2.5998366,2.5998366,2.2001,7.92,9.66,6.47,7.39,1.039174e+08,2.0664659e+06
2026-08-17,XPON,2.0,0.23901105,0.23901105,3.64,4.51,4.9,4.3001,4.43,7.372839e+06,2.272748e+07
2026-08-17,OABI,3.0,0.23816562,0.23816562,3.38,4.185,4.2899,3.715,3.82,1.8333012e+07,1.8623598e+06
2026-08-17,WETO,4.0,0.23600972,0.23600972,8.22,10.16,29.4991,9.6,24.59,3.4440764e+07,5.182112e+08
2026-08-17,JLHL,5.0,0.23226702,0.23226702,7.19,8.86,9.0,7.24,7.5,829636.0,1.2654256e+06
2026-08-18,XOS,1.0,1.1674643,1.1674643,2.09,4.53,4.95,4.01,4.44,1.1013488e+08,5.8591748e+07
2026-08-18,SLE,2.0,1.0596025,1.0596025,3.02,6.22,7.37,3.95,5.5,4.968997e+07,6.4512876e+07
2026-08-18,PFSA,3.0,0.9470197,0.9470197,4.53,8.82,28.32,8.58,27.48,5.354593e+07,1.5871816e+07
2026-08-18,SGLY,4.0,0.50334084,0.50334084,4.49,6.75,6.75,3.28,3.49,1.3335162e+07,9.780481e+06
2026-08-18,WEAV,5.0,0.318264,0.318264,5.53,7.29,7.315,7.28,7.28,4.9019784e+07,7.9482305e+06
2026-08-19,TNON,1.0,1.1412845,1.1412845,5.45,11.67,17.84,9.8901,11.41,4.949682e+07,6.2283724e+07
2026-08-19,RCON,2.0,0.18263483,0.18263483,3.34,3.95,4.38,3.3837,3.67,2.138378e+06,1.5530766e+07
2026-08-19,MRVI,3.0,0.17020905,0.17020905,5.74,6.717,7.7,6.717,7.22,1.5088071e+07,9.847067e+06
2026-08-19,ARCT,4.0,0.14555418,0.14555418,8.21,9.405,11.1,9.33,10.28,5.600594e+06,3.30065e+06
2026-08-19,KC,5.0,0.13191879,0.13191879,10.84,12.27,12.53,11.66,12.37,3.369254e+06,1.7894618e+07
2026-08-20,SGLY,1.0,0.5469799,0.5469799,2.98,4.61,5.1999,3.27,3.43,4.50464e+07,1.2400258e+06
2026-08-20,CDTG,2.0,0.18604648,0.18604648,3.01,3.57,4.68,1.82,1.83,2.1778528e+07,1.1283062e+08
2026-08-20,BULL,3.0,0.15046287,0.15046287,8.64,9.94,9.95,8.82,8.85,5.08124e+07,3.3828842e+08
2026-08-20,MODD,4.0,0.12048197,0.12048197,3.32,3.72,3.75,3.1614,3.43,299188.0,2.166124e+06
2026-08-20,RCON,5.0,0.10081744,0.10081744,3.67,4.04,4.15,2.46,3.63,1.075339e+06,7.8478475e+06
2026-08-21,RFAI,1.0,2.142184,2.142184,12.73,40.0,73.0,35.22,58.0,3.154306e+06,3.521436e+06
2026-08-21,SUGP,2.0,0.37769783,0.37769783,2.78,3.83,4.25,1.12,1.6,4.0248732e+07,2.2875728e+07
2026-08-21,ADXN,3.0,0.28446376,0.28446376,4.57,5.87,6.05,4.6,4.94,7.270713e+06,1.1340364e+06
2026-08-21,USDE,4.0,0.26,0.26,4.0,5.04,8.79,4.46,7.41,9.896543e+07,2.7917924e+07
2026-08-21,BRNX,5.0,0.16562498,0.16562498,3.2,3.73,4.0,3.47,3.73,1.478083e+06,7.957648e+06
2026-08-24,SDOT,1.0,0.632777,0.632777,13.18,21.52,31.5999,21.26,23.16,3.0259394e+07,2.5853957e+08
2026-08-24,PMI,2.0,0.41121495,0.41121495,3.21,4.53,5.35,3.965,5.13,2.5202352e+07,3.4894144e+07
2026-08-24,CAPR,3.0,0.27662957,0.27662957,6.29,8.03,8.03,6.34,6.8,2.0030508e+07,5.25709e+07
2026-08-24,DXST,4.0,0.19444442,0.19444442,2.52,3.01,3.35,2.75,2.95,1.0377986e+07,7.750502e+06
2026-08-24,SUPX,5.0,0.13849759,0.13849759,8.52,9.7,10.5999,8.2601,10.54,1.441224e+06,4.925966e+06
2026-08-25,DFNS,1.0,0.4809264,0.4809264,11.01,16.305,16.83,12.5,13.04,1.3035095e+07,1.8340942e+07
2026-08-25,AMIX,2.0,0.41713226,0.41713226,5.37,7.61,9.99,7.145,7.19,2.8617412e+07,8.373506e+07
2026-08-25,JEM,3.0,0.3534032,0.3534032,3.82,5.17,8.68,4.56,6.795,1.8376234e+07,1.3095212e+07
2026-08-25,GRML,4.0,0.20467842,0.20467842,8.55,10.3,11.6599,8.76,9.71,2.842176e+06,2.0564119e+06
2026-08-25,BRNX,5.0,0.18181825,0.18181825,4.18,4.94,5.75,4.63,5.56,1.710597e+06,2.0326169e+06
2026-08-26,DAIC,1.0,0.6005155,0.6005155,3.88,6.21,6.69,4.26,5.15,5.223173e+07,5.604255e+08
2026-08-26,PSNYW,2.0,0.51742625,0.51742625,3.73,5.66,7.0,5.19,5.38,3.161406e+06,2.1108446e+07
2026-08-26,VCIG,3.0,0.3838029,0.3838029,2.84,3.93,4.13,2.42,2.8,2.2286592e+07,1.3641712e+06
2026-08-26,WVVIP,4.0,0.34826732,0.34826732,3.3302,4.49,4.71,3.61,4.1498,3.666593e+06,2.744916e+07
2026-08-26,SDOT,5.0,0.22446477,0.22446477,16.35,20.02,21.18,16.53,16.99,1.971444e+06,3.4870544e+07
2026-08-27,WNW,1.0,0.3104838,0.3104838,2.48,3.25,3.69,3.06,3.31,1.6073298e+07,3.1333932e+07
2026-08-27,LTRX,2.0,0.17932868,0.17932868,5.66,6.675,7.07,5.8,6.03,3.200502e+06,1.2933705e+07
2026-08-27,YJ,3.0,0.152174,0.152174,2.76,3.18,3.3999,3.02,3.19,8.105483e+06,1.6583322e+06
2026-08-27,PSNYW,4.0,0.14126384,0.14126384,5.38,6.14,6.43,5.69,6.23,1.13537e+06,1.7008364e+07
2026-08-27,DAIC,5.0,0.13786411,0.13786411,5.15,5.86,6.12,4.55,5.76,1.5530765e+07,2.689934e+08
2026-08-28,PSQL,1.0,0.7344228,0.7344228,9.79,16.98,20.1,13.08,19.11,3.665762e+06,2.1562378e+06
2026-08-28,AEMD,2.0,0.34562206,0.34562206,2.17,2.92,3.29,2.44,2.49,4.5124804e+07,3.5912908e+07
2026-08-28,XLAB,3.0,0.3135593,0.3135593,4.72,6.2,7.39,4.8,5.14,5.788942e+06,2.4774665e+06
2026-08-31,AEHL,1.0,0.90960455,0.90960455,3.54,6.76,8.4799,5.83,6.49,4.7279584e+07,1.7571024e+07
2026-08-31,WETO,2.0,0.26048958,0.26048958,5.72,7.21,14.0,5.43,5.48,4.2210864e+07,1.3351052e+07
2026-08-31,BRNX,3.0,0.15681231,0.15681231,3.89,4.5,4.87,3.88,4.28,2.093626e+06,2.3684488e+07
2026-08-31,NEOV,4.0,0.15269458,0.15269458,3.34,3.85,4.3498,3.82,4.24,1.0221467e+07,1.5111061e+06
2026-08-31,DPRO,5.0,0.11198211,0.11198211,4.465,4.965,5.48,4.95,5.42,9.054321e+06,4.929543e+06
2026-09-01,WETO,1.0,0.40237224,0.40237224,5.48,7.685,8.44,5.66,5.94,1.4565648e+07,2.3131554e+08
2026-09-01,SSM,2.0,0.39925373,0.39925373,2.68,3.75,4.99,3.67,4.755,3.441441e+07,2.0107686e+07
2026-09-01,YEXT,3.0,0.13146234,0.13146234,6.77,7.66,7.88,6.315,6.53,2.884261e+06,8.898705e+06
2026-09-01,SST,4.0,0.11607146,0.11607146,2.24,2.5,2.85,2.28,2.84,2.199114e+06,2.055027e+07
2026-09-01,PXS,5.0,0.10634327,0.10634327,5.36,5.93,6.44,5.7761,6.23,1.093444e+06,3.893831e+06
