date,symbol,gap,prev_close,rank,open_px,close1555,pnl_pct,hi_pct,lo_pct
2021-01-05,ATOM,0.2188679,15.9,1.0,19.38,21.7116,12.030959752322001,27.399380804953566,-6.553147574819396
2021-01-06,TATT,0.4901961,5.1,1.0,7.6,6.57,-13.552631578947361,9.736842105263154,-17.763157894736835
2021-01-06,TLRY,0.15878022,9.51,2.0,11.02,10.685,-3.0399274047186897,9.255898366606164,-4.537205081669693
2021-01-06,ACB,0.14329898,9.7,3.0,11.09,10.19,-8.115419296663662,1.8935978358882055,-8.746618575293063
2021-01-06,CRON,0.12898934,7.52,4.0,8.47,8.655,2.1841794569067208,7.08382526564344,-4.250295159386086
2021-01-06,NCTY,0.12850463,8.56,5.0,9.66,14.38,48.86128364389235,64.18219461697723,-1.0351966873705987
2021-01-07,NCTY,0.45668232,14.89,1.0,21.69,17.3,-20.23974181650531,28.26187183033655,-25.77224527431996
2021-01-07,CBAT,0.37031257,6.4,2.0,8.76,7.69,-12.214611872146108,0.4566210045662267,-16.552511415525117
2021-01-07,XNET,0.27133536,3.37,3.0,4.2844,5.015,17.052562785921022,35.841658108486605,-7.805060218466986
2021-01-07,DDD,0.2055161,11.24,4.0,13.55,22.415,65.42435424354242,86.9372693726937,-8.782287822878242
2021-01-07,MARA,0.18985856,16.96,5.0,20.18,22.33,10.65411298315162,20.664023785926666,-8.07730426164519
2021-01-08,LGHL,1.1652174,2.3,1.0,5.01,3.6352,-27.441117764471045,7.584830339321358,-37.92415169660679
2021-01-08,FTFT,0.6452174,5.75,2.0,9.46,7.565,-20.031712473572938,19.344608879492586,-35.09513742071883
2021-01-08,GRNQ,0.35585582,2.22,3.0,3.01,2.6435,-12.17607973421927,23.920265780730897,-20.26578073089701
2021-01-08,SCOR,0.2570423,2.84,4.0,3.57,3.4,-4.761904761904756,0.8403361344537785,-18.20728291316527
2021-01-08,JAGX,0.21641803,2.68,5.0,3.26,4.0293,23.598159509202453,37.11656441717792,-1.8404907975460016
2021-01-11,GOVX,1.148485,3.3,1.0,7.09,5.57,-21.438645980253867,4.372355430183372,-27.644569816643163
2021-01-11,PWCM,0.56338024,2.13,2.0,3.33,2.485,-25.375375375375377,11.111111111111116,-31.831831831831835
2021-01-11,MESO,0.4907621,8.66,3.0,12.9,11.48,-11.0077519379845,6.201550387596888,-12.015503875969003
2021-01-11,BNGO,0.26709402,4.68,4.0,5.93,5.705,-3.794266441821237,2.5295109612141653,-11.804384485666098
2021-01-11,DOGZ,0.111607194,2.24,5.0,2.49,2.28,-8.433734939759052,2.409638554216853,-14.457831325301218
2021-01-12,IRIX,0.37328672,2.86,1.0,3.9276,4.12,4.898665851919759,25.521947245136968,-10.123230471534782
2021-01-12,CAPR,0.17312074,4.39,2.0,5.18,4.86,-6.177606177606165,15.057915057915071,-9.459459459459453
2021-01-12,PAVS,0.16981137,2.12,3.0,2.48,2.3539,-5.084677419354843,3.629032258064502,-13.306451612903224
2021-01-12,UAVS,0.1636107,7.09,4.0,8.27,7.6701,-7.253929866989117,0.0,-11.003627569528406
2021-01-12,APXTW,0.1618799,3.83,5.0,4.45,4.45,0.0,7.004494382022464,-7.191011235955058
2021-01-13,BGM,0.42003298,10.0,1.0,14.2,11.8399,-16.620422535211265,22.887323943661976,-21.126760563380287
2021-01-13,SMC,0.4052478,13.72,2.0,19.28,17.35,-10.0103734439834,0.3112033195020736,-20.85062240663901
2021-01-13,GLNG,0.23287678,12.24,3.0,15.1,12.6601,-16.15827814569536,0.1629139072847563,-16.55629139072847
2021-01-13,MTRX,0.222404,12.23,4.0,14.95,15.25,2.006688963210701,3.678929765886285,-5.367892976588617
2021-01-13,STIM,0.21079695,11.67,5.0,14.13,14.36,1.6277423920735945,4.104741684359525,-8.846426043878274
2021-01-14,IBRX,0.35318005,14.78,1.0,20.0,17.73,-11.349999999999994,0.24999999999999467,-13.00000000000001
2021-01-14,CNET,0.35267854,2.24,2.0,3.03,2.62,-13.531353135313518,8.580858085808597,-17.49174917491748
2021-01-14,ORGO,0.32697546,7.34,3.0,9.74,9.4975,-2.489733059548249,7.904517453798765,-6.981519507186851
2021-01-14,MNTS,0.29349732,17.07,4.0,22.0,21.5399,-2.091363636363641,3.3636363636363464,-9.045454545454534
2021-01-14,ASTS,0.18373036,13.35,5.0,15.84,14.49,-8.52272727272727,0.2525252525252597,-10.669191919191912
2021-01-15,DBVT,0.42272723,3.74,1.0,5.3211,5.6689,6.536242506248691,10.879329461953358,-6.410328691435985
2021-01-15,AMTX,0.19999993,3.5,2.0,4.2,3.6289,-13.597619047619059,5.000000000000004,-15.238095238095239
2021-01-15,BB,0.17233813,9.11,3.0,10.68,9.79,-8.333333333333337,8.239700374531832,-11.985018726591756
2021-01-15,TLRY,0.16271555,18.56,4.0,21.58,19.76,-8.433734939759018,4.772937905468022,-13.948100092678395
2021-01-15,NCNA,0.14615381,6.5,5.0,7.45,7.0,-6.040268456375841,4.295302013422808,-12.751677852348998
2021-01-19,ACRS,1.3894558,5.88,1.0,14.05,18.705,33.13167259786476,41.99288256227758,-5.409252669039155
2021-01-19,GEVO,0.38437498,6.4,2.0,8.86,10.705,20.823927765237027,31.828442437923265,-4.063205417607218
2021-01-19,NERV,0.3468635,2.71,3.0,3.65,3.45,-5.479452054794509,2.7397260273972712,-10.684931506849315
2021-01-19,DBVT,0.3021201,5.66,4.0,7.37,6.58,-10.719131614653998,0.13568521031206426,-16.960651289009498
2021-01-19,CRNT,0.28041244,4.85,5.0,6.21,6.45,3.864734299516903,11.111111111111116,-6.602254428341392
2021-01-20,DARE,0.45762706,2.36,1.0,3.44,3.02,-12.209302325581394,11.91860465116279,-18.023255813953487
2021-01-20,NIKI,0.4433962,3.18,2.0,4.59,4.0,-12.85403050108932,7.625272331154687,-23.747276688453155
2021-01-20,LCTX,0.22177422,2.48,3.0,3.03,2.97,-1.9801980198019709,0.0,-13.201320132013194
2021-01-20,UAVS,0.16856682,12.28,4.0,14.35,14.91,3.9024390243902474,5.226480836236935,-11.567944250871076
2021-01-20,SENS,0.16842103,2.85,5.0,3.33,2.675,-19.669669669669677,17.117117117117118,-22.222222222222232
2021-01-21,IPWR,0.37650943,9.11,1.0,12.54,13.12,4.6251993620414655,35.566188197767154,-3.8277511961722355
2021-01-21,JAGX,0.16095889,2.92,2.0,3.39,3.11,-8.259587020648972,0.5899705014749346,-9.734513274336287
2021-01-21,ECOR,0.15322578,2.48,3.0,2.86,2.5501,-10.83566433566433,0.34965034965035446,-24.825174825174823
2021-01-21,DTIL,0.12636614,14.64,4.0,16.47,13.6499,-17.122647237401324,0.789313904068023,-18.45780206435944
2021-01-21,CRDF,0.12387788,11.14,5.0,12.52,11.4043,-8.911341853035148,0.0,-12.140575079872207
2021-01-22,EVGO,0.55547225,13.34,1.0,20.75,21.7,4.578313253012034,15.662650602409634,-3.6144578313253017
2021-01-22,HIND,0.2489872,5.0601,2.0,6.32,6.02,-4.746835443037989,19.778481012658222,-7.594936708860766
2021-01-22,SCYX,0.21203828,7.31,3.0,8.88,8.17,-7.995495495495508,3.040540540540526,-14.1891891891892
2021-01-22,LAB,0.14772737,6.16,4.0,7.05,6.795,-3.6170212765957444,6.382978723404253,-4.964539007092195
2021-01-25,AMTX,0.6181817,4.4,1.0,7.12,8.67,21.76966292134832,54.494382022471896,-3.6516853932584192
2021-01-25,BB,0.3924501,14.04,2.0,19.55,17.852,-8.685421994884912,6.547314578005103,-19.48849104859335
2021-01-25,RCON,0.3881278,2.19,3.0,3.04,2.555,-15.953947368421051,18.421052631578938,-22.697368421052634
2021-01-25,AUPH,0.37954247,14.86,4.0,20.5,18.75,-8.536585365853655,0.0,-13.073170731707318
2021-01-25,AMC,0.3414024,3.51,5.0,4.71,4.385,-6.900212314225051,3.6093418259023347,-18.259023354564754
2021-01-26,KOSS,0.94833326,6.0,1.0,11.69,9.69,-17.108639863130882,18.905047048759638,-25.406330196749348
2021-01-26,EDSA,0.61301994,5.53,2.0,9.0,7.44,-17.333333333333336,1.1099999999999888,-22.22222222222222
2021-01-26,VANI,0.23923445,2.09,3.0,2.6,2.49,-4.230769230769226,11.923076923076925,-10.769230769230775
2021-01-26,MYO,0.2343173,10.84,4.0,13.38,12.385,-7.43647234678626,3.811659192825112,-15.321375186846042
2021-01-26,PRTS,0.19456685,13.62,5.0,16.29,20.7,27.0718232044199,28.054020871700438,-5.647636586863102
2021-01-27,AMC,3.1004133,4.96,1.0,20.32,19.06,-6.200787401574814,0.19685039370078705,-45.81692913385827
2021-01-27,KOSS,0.7520001,10.0,2.0,17.52,57.41,227.68264840182647,298.34474885844753,-19.006849315068497
2021-01-27,CANG,0.41087627,8.5,3.0,11.99,12.0373,0.39449541284404255,3.753127606338613,-14.095079232693909
2021-01-27,KODK,0.3488865,9.43,4.0,12.72,12.2257,-3.886006289308186,9.984276729559749,-15.801886792452823
2021-01-27,OXBR,0.29933107,3.14,5.0,4.08,4.09,0.2450980392156854,32.59803921568627,-18.38235294117647
2021-01-28,AIFC,1.3424368,9.52,2.0,22.3,13.4,-39.9103139013453,42.7354260089686,-47.08520179372198
2021-01-28,MPU,0.85025644,9.75,3.0,18.04,12.76,-29.268292682926823,19.733370288248352,-44.12416851441241
2021-01-28,XWEL,0.39330542,2.39,4.0,3.33,2.2711,-31.7987987987988,0.0,-41.14114114114115
2021-01-28,AG,0.33698034,13.89,5.0,18.57,16.915,-8.912224017232095,3.8772213247172838,-17.12439418416801
2021-01-29,AMC,0.658404,8.63,1.0,14.31,13.2175,-7.634521313766607,11.809923130677834,-18.93780573025856
2021-01-29,FFAI,0.316267,15.43,2.0,20.34,18.4,-9.537856440511316,1.5240904621435458,-16.07669616519174
2021-01-29,CD,0.2743436,3.29,3.0,4.22,3.86,-8.530805687203792,6.635071090047395,-14.218009478672977
2021-01-29,TRVG,0.24209261,2.48,4.0,3.08,2.515,-18.34415584415584,2.2727272727272707,-20.12987012987013
2021-01-29,RIOT,0.22930253,19.93,5.0,24.5,20.5509,-16.118775510204088,0.9595918367346856,-19.75510204081633
2021-02-01,PHUN,0.47115386,2.08,1.0,3.04,2.701,-11.151315789473681,4.2763157894736725,-20.065789473684205
2021-02-01,MVST,0.42975736,15.66,2.0,22.39,24.52,9.513175524787854,12.55024564537739,-11.523001339883887
2021-02-01,CDE,0.3816371,9.05,3.0,12.5,11.145,-10.840000000000005,0.6399999999999961,-16.000000000000004
2021-02-01,IMTE,0.33855188,5.11,4.0,6.84,5.93,-13.304093567251464,30.116959064327496,-17.982456140350866
2021-02-01,AG,0.3165549,18.12,5.0,23.85,22.02,-7.672955974842777,0.6708595387840743,-12.578616352201255
2021-02-02,MBRX,0.5765958,4.7,1.0,7.41,6.3901,-13.763832658569497,18.48852901484479,-18.623481781376515
2021-02-02,AREC,0.35436904,2.51,2.0,3.4,3.265,-3.9705882352941146,26.17647058823529,-8.529411764705886
2021-02-02,PRTA,0.30999994,11.0,3.0,14.41,14.345,-0.4510756419153328,3.9555863983344874,-9.784871616932689
2021-02-02,TLSA,0.30366492,3.82,4.0,4.98,4.451,-10.622489959839376,0.20080321285140812,-15.461847389558237
2021-02-02,GSM,0.24634969,2.76,5.0,3.44,3.32,-3.488372093023262,30.523255813953497,-12.790697674418606
2021-02-03,SGLY,1.1729958,4.74,1.0,10.3,7.51,-27.087378640776706,9.708737864077666,-30.970873786407772
2021-02-03,SLS,0.43643022,8.18,2.0,11.76,9.3704,-20.319727891156457,11.819727891156461,-26.870748299319725
2021-02-03,KOSS,0.33749998,20.0,3.0,26.75,25.3339,-5.29383177570093,12.149532710280365,-10.990654205607486
2021-02-03,CPSH,0.28242064,6.94,4.0,8.9,16.34,83.59550561797752,96.62921348314606,-6.741573033707859
2021-02-03,SOGP,0.26199913,5.16,5.0,6.53,8.4138,28.848392036753445,58.49923430321591,-4.594180704441042
2021-02-04,AVXL,0.9210019,10.38,1.0,19.99,14.9112,-25.40670335167584,43.57178589294648,-30.964982491245618
2021-02-04,ATOS,0.36728394,3.24,2.0,4.43,4.3193,-2.498871331828434,10.609480812641102,-9.015801354401809
2021-02-04,SOGP,0.28365195,8.5,3.0,10.91,14.47,32.630614115490374,46.74610449129239,-3.7580201649862532
2021-02-04,ANVS,0.25206387,18.17,4.0,22.75,19.72,-13.318681318681325,53.846153846153854,-17.230769230769237
2021-02-04,GNPX,0.21314383,5.63,5.0,6.8,6.13,-9.852941176470587,0.8823529411764675,-15.88235294117647
2021-02-05,JG,1.7562814,3.98,1.0,10.97,5.001,-54.412032816773014,0.27347310847765094,-55.42388331814039
2021-02-05,KRKR,0.46888888,4.5,2.0,6.67,4.4,-34.03298350824587,27.436281859070476,-35.982008995502255
2021-02-05,AREC,0.41037333,4.68,3.0,6.6,5.955,-9.772727272727266,9.848484848484862,-14.696969696969697
2021-02-05,BTCT,0.38321173,2.74,4.0,3.79,3.07,-18.99736147757256,12.662269129287584,-22.42744063324539
2021-02-05,MYND,0.34857774,2.7,5.0,3.6399,3.08,-15.382290722272584,11.816258688425506,-17.305420478584576
2021-02-08,OCGN,0.767619,5.25,1.0,9.29,15.5499,67.38320775026911,102.04520990312167,-1.7222820236813652
2021-02-08,WPRT,0.43930638,8.65,2.0,12.45,12.1686,-2.26024096385542,4.016064257028118,-8.755020080321286
2021-02-08,CLNE,0.2995373,12.97,3.0,16.855,17.74,5.250667457727665,9.285078611687926,-5.07267873034708
2021-02-08,PPBT,0.25703776,4.76,4.0,6.03,6.8497,13.593698175787727,19.237147595356554,-7.131011608623561
2021-02-08,PHUN,0.21818185,2.2,5.0,2.68,2.7405,2.2574626865671465,8.955223880596996,-5.97014925373135
2021-02-09,CHCI,2.1848342,4.22,1.0,13.44,8.4961,-36.78497023809524,16.964285714285722,-41.74107142857143
2021-02-09,OTLK,0.19637465,3.31,2.0,3.96,3.09,-21.969696969696972,7.575757575757569,-34.34343434343434
2021-02-09,DSX,0.17657351,2.6,3.0,3.06,2.9981,-2.0228758169934635,0.9803921568627416,-7.552287581699346
2021-02-09,RMCF,0.16271186,5.9,4.0,6.86,6.7288,-1.9125364431486935,13.702623906705536,-11.807580174927123
2021-02-09,PRSO,0.13742697,3.42,5.0,3.89,4.3001,10.542416452442138,30.59125964010283,-6.683804627249367
2021-02-10,OLB,0.7127516,7.45,1.0,12.76,9.7502,-23.58777429467085,28.526645768025062,-27.507836990595614
2021-02-10,WGS,0.48195887,15.52,2.0,23.0,22.393,-2.6391304347826106,11.913043478260853,-17.478260869565222
2021-02-10,GSAT,0.4477613,2.01,3.0,2.91,2.3495,-19.261168384879735,2.405498281786933,-22.33676975945018
2021-02-10,ACHR,0.3727759,11.24,4.0,15.43,13.57,-12.05443940375891,2.0738820479585307,-13.156189241736872
2021-02-10,OGI,0.35788274,4.345,5.0,5.9,5.9261,0.44237288135593467,6.949152542372872,-19.661016949152543
2021-02-11,RCMT,1.681572,3.69,1.0,9.86,6.17,-37.42393509127788,26.673427991886413,-41.48073022312373
2021-02-11,ACIU,0.5896033,7.31,2.0,11.58,8.3588,-27.816925734024178,7.9447322970638945,-31.2607944732297
2021-02-11,MVIS,0.4057144,14.0,3.0,19.68,18.16,-7.72357723577236,10.518292682926834,-13.617886178861783
2021-02-11,SNDL,0.34237278,2.95,4.0,3.96,2.3602,-40.3989898989899,0.0,-74.74747474747474
2021-02-11,GRNQ,0.19898784,2.47,5.0,2.9615,2.71,-8.492318082053018,9.741684956947495,-12.206652034442001
2021-02-12,ASYS,0.18644059,8.85,1.0,10.5,10.8499,3.3323809523809533,4.761904761904767,-9.047619047619037
2021-02-12,INO,0.18615377,13.0,2.0,15.42,14.25,-7.587548638132291,4.280155642023331,-8.04150453955902
2021-02-12,ALAR,0.18222225,2.25,3.0,2.66,2.29,-13.909774436090228,12.030075187969924,-15.037593984962417
2021-02-12,AHG,0.17985606,2.78,4.0,3.28,2.845,-13.262195121951203,0.6097560975609762,-17.07317073170731
2021-02-12,AMBO,0.15894032,3.02,5.0,3.5,3.2094,-8.302857142857146,8.285714285714295,-12.571428571428566
2021-02-16,SCKT,2.1450615,3.24,1.0,10.19,20.92,105.29931305201181,243.47399411187442,-10.009813542688907
2021-02-16,FWDI,0.36833334,4.2,2.0,5.7465,4.8395,-15.783520403724005,0.0,-20.125293657008612
2021-02-16,SOS,0.3024193,7.44,3.0,9.69,11.97,23.529411764705888,41.2796697626419,-0.8255933952528438
2021-02-16,MYO,0.22770917,14.58,4.0,17.9,17.76,-0.7821229050279155,5.4748603351955305,-17.430167597765355
2021-02-16,SGLY,0.22476375,7.71,5.0,9.4429,8.61,-8.820383568607104,0.604687119423053,-15.280263478380585
2021-02-17,LODE,3.3688889,2.25,1.0,9.83,5.79,-41.09867751780264,0.20345879959307034,-46.08341810783316
2021-02-17,PETZ,1.8019168,3.13,2.0,8.77,4.6,-47.548460661345494,65.56442417331813,-49.71493728620297
2021-02-17,CLPS,1.7176383,4.9,3.0,13.32,11.115,-16.554054054054056,48.4984984984985,-21.171171171171178
2021-02-17,DOGZ,0.6681615,2.23,4.0,3.7,2.8759,-22.272972972972973,31.081081081081074,-25.67567567567568
2021-02-17,ONCY,0.5481727,3.01,5.0,4.69,3.74,-20.255863539445627,0.2132196162046851,-26.439232409381663
2021-02-18,QUIK,0.3723849,7.17,1.0,9.92,7.59,-23.48790322580645,25.907258064516125,-23.588709677419352
2021-02-18,BKSY,0.26210046,10.95,2.0,13.82,13.97,1.085383502170778,6.729377713458762,-3.54558610709117
2021-02-18,BTTC,0.18309855,3.55,3.0,4.18,4.05,-3.1100478468899517,10.287081339712945,-5.980861244019131
2021-02-18,RIGL,0.17439294,4.53,4.0,5.32,4.785,-10.056390977443607,3.383458646616533,-10.526315789473696
2021-02-18,INBS,0.15320337,7.18,5.0,8.28,7.4706,-9.775362318840575,16.304347826086985,-10.62801932367149
2021-02-19,WATT,0.57795703,3.72,1.0,5.87,7.155,21.890971039182293,31.005110732538334,-17.71720613287905
2021-02-19,JFU,0.27376425,2.63,3.0,3.35,2.73,-18.507462686567166,4.477611940298498,-22.089552238805975
2021-02-19,MTC,0.25575447,3.91,4.0,4.91,4.5457,-7.419551934826885,12.423625254582472,-11.81262729124236
2021-02-19,TAOP,0.25173616,5.76,5.0,7.33,6.86,-6.4120054570259155,32.195088676671205,-15.3055934515689
2021-02-22,ENVX,0.2698413,15.75,1.0,20.15,20.7716,3.0848635235732003,41.43920595533499,-5.707196029776673
2021-02-22,CTXR,0.20873785,2.06,2.0,2.48,2.2485,-9.334677419354842,16.93548387096775,-13.709677419354838
2021-02-22,VIOT,0.18447924,15.88,3.0,18.81,14.326,-23.838383838383827,0.9569377990430672,-26.04997341839447
2021-02-22,VUZI,0.15002823,17.73,4.0,20.37,20.4,0.14727540500734104,19.980363279332348,-3.97643593519883
2021-02-22,BODI,0.13879001,14.05,5.0,16.0,15.42,-3.6250000000000004,13.749999999999996,-5.249999999999999
2021-02-23,YHGJ,0.74261594,2.37,1.0,4.13,2.99,-27.602905569007252,21.065375302663437,-30.266343825665864
2021-02-23,RETO,0.11965811,2.34,2.0,2.62,2.53,-3.435114503816805,6.870229007633566,-19.083969465648853
2021-02-24,SYPR,1.5864661,2.66,1.0,6.88,5.325,-22.601744186046513,14.680232558139528,-31.3953488372093
2021-02-24,ARLO,0.2447604,6.68,2.0,8.315,7.58,-8.839446782922423,4.028863499699353,-12.678292242934452
2021-02-24,RCMT,0.16049373,4.05,3.0,4.7,4.26,-9.361702127659587,14.68085106382977,-9.89361702127659
2021-02-24,IONQ,0.15733111,12.14,4.0,14.05,14.24,1.3523131672597888,9.537366548042714,-3.1316725978647764
2021-02-24,AIM,0.15060353,2.26,5.0,2.6,2.36,-9.230769230769242,3.8461538461538547,-10.384615384615381
2021-02-25,KOSS,0.7684381,18.44,1.0,32.7,20.3827,-37.66758409785933,7.186544342507628,-42.11009174311927
2021-02-25,AIFC,0.41636586,8.31,2.0,11.77,9.44,-19.796091758708577,10.195412064570952,-27.017841971113
2021-02-25,SCKT,0.38613856,10.1,4.0,14.0,11.685,-16.53571428571429,33.00000000000001,-17.499999999999993
2021-02-25,AMC,0.19825912,9.09,5.0,10.89,8.18,-24.885215794306713,1.0101010101009944,-27.91551882460974
2021-02-26,BTCT,0.21917808,2.19,1.0,2.66,2.4011,-9.733082706766927,4.5112781954887105,-13.533834586466176
2021-02-26,RKT,0.1725663,19.9,2.0,23.33,21.8322,-6.420060008572648,0.9858551221603173,-7.501071581654529
2021-02-26,SRTS,0.1649214,3.82,3.0,4.45,4.56,2.4719101123595433,36.85393258426966,-4.269662921348328
2021-03-01,ECOR,0.3225807,2.17,1.0,2.87,2.61,-9.059233449477356,26.48083623693378,-9.40766550522648
2021-03-01,RKLB,0.31219506,10.25,2.0,13.36,14.1,5.53892215568863,13.397455089820376,-4.865269461077837
2021-03-01,SOS,0.27044022,4.77,3.0,6.06,6.57,8.415841584158423,20.79207920792081,-2.970297029702962
2021-03-01,SCKT,0.26546144,10.51,4.0,13.36,11.395,-14.708083832335328,0.0,-15.793413173652693
2021-03-01,SOGP,0.22948968,8.06,5.0,9.91,9.935,0.25227043390514403,4.843592330978819,-7.62361251261352
2021-03-02,KOPN,0.2097826,9.2,1.0,11.11,9.91,-10.801080108010797,6.750675067506751,-13.951395139513945
2021-03-02,SOS,0.18684602,6.69,2.0,7.94,6.75,-14.987405541561715,7.052896725440805,-18.136020151133504
2021-03-02,FBIO,0.14948452,3.88,3.0,4.42,4.96,12.217194570135748,14.932126696832594,-5.65610859728507
2021-03-02,KXIN,0.14857137,3.5,4.0,4.02,3.7901,-5.7189054726368145,3.4825870646766344,-9.203980099502484
2021-03-02,AVTX,0.10991955,3.73,5.0,4.14,3.65,-11.835748792270529,0.24154589371983004,-12.56038647342994
2021-03-03,ZVRA,0.6723224,9.43,1.0,15.77,13.305,-15.630944831959415,15.091946734305628,-20.101458465440714
2021-03-03,OVID,0.5844594,2.96,2.0,4.69,4.005,-14.60554371002133,1.2793176972281328,-18.336886993603418
2021-03-03,SLE,0.47630918,4.01,3.0,5.92,5.26,-11.148648648648651,8.070945945945951,-18.918918918918926
2021-03-03,UWMC,0.33305144,9.13,4.0,12.17,9.64,-20.788824979457676,2.300739523418227,-23.418241577649958
2021-03-03,OCGN,0.2541666,9.6,5.0,12.01,10.4701,-12.821815154038296,16.98584512905912,-13.405495420482927
2021-03-04,AIFA,0.2240001,2.5,1.0,3.06,3.27,6.8627450980392135,16.013071895424822,-13.0718954248366
2021-03-04,SLE,0.1823417,5.21,2.0,6.16,8.3792,36.02597402597403,47.727272727272705,-3.2467532467532534
2021-03-04,SKT,0.16090333,17.74,3.0,20.6,17.155,-16.72330097087379,8.737864077669899,-19.563106796116514
2021-03-05,AEI,0.3849765,10.65,1.0,14.75,10.52,-28.677966101694917,11.457627118644087,-32.00000000000001
2021-03-05,SIFY,0.29629624,2.7,2.0,3.5,3.97,13.428571428571434,50.0,-11.428571428571422
2021-03-05,CLPS,0.25627232,4.14,3.0,5.2,4.25,-18.26923076923077,5.000000000000004,-20.192307692307686
2021-03-05,BTCT,0.20192313,2.08,4.0,2.5,2.365,-5.399999999999993,9.600000000000009,-14.399999999999991
2021-03-05,LFMD,0.16712713,14.48,5.0,16.9,15.88,-6.035502958579864,0.0,-21.597041420118334
2021-03-08,CMMB,0.5793414,3.34,1.0,5.28,4.59,-13.068181818181824,31.439393939393945,-22.159090909090907
2021-03-08,VANI,0.5543859,5.7,2.0,8.86,11.64,31.37697516930025,67.38148984198646,-1.241534988713311
2021-03-08,IMVT,0.44047368,13.51,3.0,19.47,15.5,-20.390344119157678,0.10272213662043672,-24.088341037493578
2021-03-08,CUE,0.11494255,13.05,5.0,14.55,13.34,-8.316151202749145,0.6865979381443399,-10.240549828178692
2021-03-09,VANI,0.5921835,11.77,1.0,18.74,15.6999,-16.22251867662753,6.723585912486674,-28.868729989327633
2021-03-09,GTBP,0.3017621,4.54,2.0,5.91,5.79,-2.0304568527918843,4.399323181049075,-12.690355329949243
2021-03-09,ASYS,0.14613819,8.83,3.0,10.1204,10.635,5.084779257736849,6.122287656614356,-6.229002806213191
2021-03-09,YDKG,0.1449275,2.76,4.0,3.16,3.43,8.544303797468356,11.708860759493668,-4.430379746835444
2021-03-09,SCKT,0.1428572,7.63,5.0,8.72,9.21,5.6192660550458795,34.74770642201834,-4.128440366972486
2021-03-10,MNOV,0.73415506,5.68,1.0,9.85,8.585,-12.842639593908622,9.746192893401018,-20.812182741116747
2021-03-10,ENVB,0.7064847,2.93,2.0,5.0,4.9829,-0.34199999999999786,39.99999999999999,-9.999999999999998
2021-03-10,KOSS,0.40949726,17.9,3.0,25.23,30.87,22.35434007134365,60.44391597304794,-8.045977011494255
2021-03-10,HIND,0.35310733,3.54,4.0,4.79,3.79,-20.876826722338205,0.20876826722338038,-25.469728601252616
2021-03-10,NAGE,0.24432814,11.46,5.0,14.26,10.84,-23.98316970546984,3.436185133239844,-25.245441795231415
2021-03-11,XMAX,1.8875,2.4,1.0,6.93,4.43,-36.075036075036074,8.080808080808088,-39.39393939393939
2021-03-11,SIEB,0.45813942,4.3,2.0,6.27,5.88,-6.2200956937799035,11.483253588516762,-15.470494417862835
2021-03-11,LGVN,0.4506259,7.19,3.0,10.38,8.42,-18.88246628131022,20.231213872832356,-22.928709055876695
2021-03-11,OGI,0.37716258,2.89,4.0,3.98,3.98,0.0,1.5075376884422065,-10.552763819095478
2021-03-11,SLE,0.2162162,5.55,5.0,6.75,6.8811,1.942222222222223,24.444444444444446,-8.444444444444443
2021-03-12,ENTX,0.5420792,4.04,1.0,6.2,6.88,10.967741935483865,63.87096774193548,-9.838709677419356
2021-03-12,ANIX,0.30503893,5.14,2.0,6.71,5.775,-13.93442622950819,2.086438152011927,-19.22503725782414
2021-03-12,GRABW,0.11650479,5.15,3.0,5.75,5.12,-10.956521739130432,0.0,-13.043478260869568
2021-03-12,BTCT,0.113360286,2.47,4.0,2.75,2.6681,-2.9781818181818243,6.909090909090909,-6.000000000000005
2021-03-12,FRSX,0.10041261,7.27,5.0,8.0,7.739,-3.2625000000000015,7.499999999999996,-6.6250000000000036
2021-03-15,ZKIN,0.1627543,6.39,1.0,7.43,8.53,14.804845222072682,17.765814266487222,-8.344549125168243
2021-03-15,TOON,0.1327014,2.11,2.0,2.39,2.3289,-2.556485355648541,2.092050209205021,-6.2761506276150625
2021-03-15,AREC,0.12657928,4.34,3.0,4.89,4.585,-6.237218813905921,0.0,-10.020449897750494
2021-03-15,CBAT,0.11213243,5.44,4.0,6.05,5.98,-1.157024793388417,3.966942148760344,-5.454545454545457
2021-03-15,SLE,0.110429406,6.52,5.0,7.24,6.0199,-16.852209944751383,0.0,-18.232044198895025
2021-03-16,ZDGE,0.3178928,11.27,1.0,14.85,12.54,-15.555555555555555,0.0,-16.228956228956225
2021-03-16,SYPR,0.22666669,3.75,2.0,4.6,4.26,-7.391304347826089,9.565217391304358,-10.65217391304346
2021-03-16,ERNA,0.1591512,3.77,3.0,4.37,4.11,-5.949656750572075,17.620137299771166,-12.585812356979408
2021-03-16,CMMB,0.1409396,4.47,4.0,5.03,4.71,-6.3618290258449335,63.02186878727631,-8.548707753479135
2021-03-16,ZVRA,0.13411558,11.93,5.0,13.53,11.03,-18.47745750184775,1.9955654101995624,-22.985957132298594
2021-03-17,QNTM,0.38164246,2.07,1.0,2.86,2.39,-16.433566433566426,8.041958041958042,-20.629370629370626
2021-03-17,IMTX,0.3327601,11.63,2.0,15.5,14.28,-7.870967741935486,18.838709677419363,-9.483870967741936
2021-03-17,AREC,0.21835518,4.26,3.0,5.19,4.555,-12.235067437379588,9.441233140655104,-13.294797687861282
2021-03-18,SGLY,0.30455065,8.57,1.0,11.16,8.51,-23.745519713261654,2.6881720430107503,-25.448028673835122
2021-03-18,OCG,0.29528332,10.6,2.0,13.73,10.235,-25.455207574654047,23.81646030589948,-31.099781500364166
2021-03-18,AYTU,0.12244892,9.8,4.0,11.01,9.9355,-9.759309718437791,6.851044504995474,-11.353315168029066
2021-03-18,UONE,0.11831939,5.95,5.0,6.6542,6.02,-9.530822638333692,9.705148627934236,-10.733070842475422
2021-03-19,AAME,0.20945787,4.54,1.0,5.49,5.57,1.4571948998178597,22.768670309653906,-6.739526411657559
2021-03-19,ZKIN,0.19612312,8.77,2.0,10.49,11.16,6.3870352716873136,39.18017159199236,-4.194470924690174
2021-03-19,ALEC,0.14214039,17.94,3.0,20.49,20.935,2.17179111761836,5.856515373352877,-3.4163006344558267
2021-03-22,DYAI,0.53658533,5.33,1.0,8.13,6.76,-16.85116851168513,7.9950799507994885,-21.648216482164827
2021-03-22,MRKR,0.21487594,2.42,2.0,2.94,2.865,-2.5510204081632515,12.244897959183664,-6.4625850340136015
2021-03-22,CETX,0.20302892,2.08,3.0,2.5,2.29,-8.399999999999997,0.46800000000000175,-12.79999999999999
2021-03-22,LODE,0.12318838,5.52,4.0,6.2,5.94,-4.193548387096769,1.6129032258064502,-7.903225806451619
2021-03-22,EDSA,0.1165756,5.49,5.0,6.13,5.46,-10.929853181076677,3.39804241435564,-11.582381729200652
2021-03-23,BNTC,1.1630094,3.19,1.0,6.9,9.48,37.39130434782609,52.028985507246375,-23.33333333333334
2021-03-23,RKTO,0.40366971,2.18,2.0,3.05,2.525,-17.213114754098356,3.2786885245901676,-23.606557377049175
2021-03-23,ORMP,0.17908442,10.38,3.0,12.24,10.875,-11.15196078431373,4.003267973856217,-14.62418300653595
2021-03-24,DLPN,0.583197,18.33,1.0,29.02,19.11,-34.14886285320469,11.991729841488642,-36.14748449345279
2021-03-24,ZKIN,0.32275605,11.03,2.0,14.59,11.31,-22.48115147361206,0.06854009595613775,-25.565455791638115
2021-03-24,SLNH,0.19230771,13.0,3.0,15.5,10.3387,-33.29870967741936,0.0,-33.87096774193549
2021-03-24,PLBY,0.14863396,18.3,4.0,21.02,18.599,-11.517602283539485,1.7126546146527089,-15.984776403425304
2021-03-24,SOS,0.1466049,6.48,5.0,7.43,6.055,-18.506056527590854,0.1345895020188559,-20.05383580080753
2021-03-25,QNRX,0.6275072,3.49,1.0,5.68,4.8821,-14.047535211267592,25.880281690140848,-16.901408450704224
2021-03-25,QXO,0.11933935,6.21,2.0,6.95,6.21,-10.647482014388487,0.0,-17.841726618705035
2021-03-25,JXG,0.105263114,3.61,3.0,3.99,4.75,19.047619047619047,20.30075187969924,-7.017543859649134
2021-03-25,TWAV,0.10277772,3.6,4.0,3.97,4.14,4.282115869017611,9.571788413098226,-0.5037783375314908
2021-03-26,EEIQ,3.4650002,4.0,1.0,17.85,16.62,-6.890756302521006,97.19887955182074,-24.369747899159666
2021-03-26,FRMM,0.68143106,5.87,2.0,9.87,6.98,-29.280648429584588,7.396149949341435,-31.914893617021278
2021-03-26,FTFT,0.117533684,5.19,3.0,5.82,5.915,1.632302405498276,10.996563573883144,-3.7800687285223455
2021-03-29,EEIQ,0.44516122,15.5,1.0,22.4,18.9,-15.625,25.0,-22.76785714285714
2021-03-29,FLY,0.26188672,13.25,2.0,16.72,16.95,1.3755980861243966,1.7942583732057482,-1.285885167464118
2021-03-29,DLPN,0.18566036,13.25,3.0,15.71,14.2005,-9.60852959898154,13.30362826225333,-10.884786760025467
2021-03-29,TDUP,0.16732001,20.0,4.0,23.3464,28.475,21.967412534694873,35.35234554363844,-18.40283726827262
2021-03-29,WKEY,0.13320208,15.24,5.0,17.22,16.21,-5.865272938443655,10.046457607433211,-9.233449477351908
2021-03-30,MBRX,0.21891892,3.7,1.0,4.51,4.23,-6.208425720620825,5.764966740576494,-9.756097560975597
2021-03-31,RKDA,0.43776834,2.33,1.0,3.34,2.76,-17.365269461077848,3.8922155688622784,-18.562874251496996
2021-03-31,TAOP,0.25248504,10.06,2.0,12.6,9.36,-25.71428571428571,4.761904761904767,-27.61904761904762
2021-03-31,CLRO,0.1816647,3.08,3.0,3.64,3.502,-3.7912087912088,12.91208791208791,-9.8901098901099
2021-03-31,OCGN,0.14814818,6.75,4.0,7.75,6.8,-12.25806451612903,0.0,-13.290322580645164
2021-03-31,OPENW,0.11945033,9.46,5.0,10.59,10.16,-4.060434372049104,0.0,-10.292728989612844
2021-04-01,UPC,0.33167088,4.01,1.0,5.34,5.29,-0.9363295880149725,35.20599250936329,-5.056179775280889
2021-04-01,FTFT,0.29193544,6.2,2.0,8.01,5.54,-30.836454431960046,5.493133583021215,-33.70786516853933
2021-04-01,SNOA,0.26379538,7.43,3.0,9.39,8.812,-6.155484558040481,5.324813631522907,-12.67305644302451
2021-04-01,MPU,0.18309855,3.55,4.0,4.2,9.9899,137.85476190476192,276.42857142857144,-1.904761904761909
2021-04-01,UAVS,0.17891371,6.26,5.0,7.38,7.2269,-2.0745257452574606,4.20054200542006,-8.130081300813007
2021-04-05,GENI,0.22392833,15.63,1.0,19.13,22.34,16.779926816518564,22.791427077888127,-1.463669628855191
2021-04-05,VVOS,0.15238094,7.35,2.0,8.47,9.17,8.264462809917351,19.244391971664676,-3.541912632821731
2021-04-05,IRD,0.12068963,6.38,3.0,7.15,6.52,-8.811188811188819,1.8181818181818077,-11.748251748251759
2021-04-06,ERNA,0.7880086,4.67,1.0,8.35,5.8099,-30.420359281437126,2.1556886227544814,-30.53892215568862
2021-04-06,MPU,0.17698348,11.47,2.0,13.5,12.7,-5.9259259259259345,18.518518518518512,-16.000000000000004
2021-04-06,AEHL,0.1555556,3.15,3.0,3.64,3.3654,-7.543956043956046,0.27472527472527375,-10.711538461538462
2021-04-06,EVAX,0.14999998,5.2,4.0,5.98,5.23,-12.541806020066893,0.0,-13.127090301003342
2021-04-06,INVZ,0.14974356,9.75,5.0,11.21,10.7,-4.549509366636951,0.5352363960749118,-9.277430865298852
2021-04-07,ASTC,0.30733943,2.18,1.0,2.85,2.2,-22.807017543859644,4.561403508771922,-26.315789473684216
2021-04-07,SOS,0.2955556,4.5,2.0,5.83,5.8248,-0.08919382504288809,5.831903945111483,-10.291595197255566
2021-04-07,CBAT,0.15338647,5.02,3.0,5.79,5.15,-11.053540587219334,0.17271157167528806,-12.95336787564767
2021-04-07,TULP,0.10866141,6.35,4.0,7.04,7.145,1.4914772727272707,30.965909090909104,-7.3863636363636465
2021-04-07,GRAB,0.101621985,12.7,5.0,13.9906,13.072,-6.565837062027368,1.0678598487555924,-9.153288636656043
2021-04-08,IMMP,0.13836467,3.18,1.0,3.62,3.505,-3.176795580110503,0.8287292817679592,-8.287292817679571
2021-04-08,HYFT,0.114548445,11.96,2.0,13.33,12.74,-4.426106526631656,0.0,-10.727681920480114
2021-04-08,APRE,0.113223076,4.84,3.0,5.388,5.5,2.078693392724573,6.71863400148478,-6.458797327394206
2021-04-09,CELC,0.54297686,14.31,1.0,22.08,20.8624,-5.514492753623179,9.827898550724656,-13.768115942028981
2021-04-09,GURE,0.20322585,4.65,2.0,5.595,5.02,-10.277033065236818,0.6255585344057124,-13.315460232350318
2021-04-09,SOHU,0.16201925,16.64,3.0,19.336,18.9685,-1.9005999172527877,4.36491518411255,-3.8580885395117837
2021-04-12,ZDGE,0.12670708,13.49,1.0,15.2,14.1799,-6.71118421052631,0.5914473684210497,-10.26315789473683
2021-04-13,RIGL,0.13268614,3.09,1.0,3.49,3.6,3.151862464183375,5.4441260744985565,-6.017191977077374
2021-04-13,VTVT,0.10894942,2.57,2.0,2.85,3.45,21.052631578947366,32.98245614035087,-2.8070175438596467
2021-04-13,EVGN,0.10569477,4.39,3.0,4.88,4.545,-6.86475409836066,1.434426229508201,-9.426229508196727
2021-04-13,CAN,0.10197866,13.14,4.0,14.48,14.59,0.7596685082872812,9.599447513812143,-4.972375690607745
2021-04-14,TV,0.14831042,10.12,1.0,11.62,12.515,7.702237521514643,19.191049913941495,-0.344234079173833
2021-04-15,TAOP,0.20611918,6.21,1.0,7.49,6.32,-15.62082777036048,0.4005340453938411,-20.560747663551403
2021-04-15,KXIN,0.13502109,2.37,2.0,2.69,2.52,-6.319702602230482,1.115241635687747,-10.03717472118959
2021-04-15,INO,0.11085963,8.84,3.0,9.82,8.98,-8.553971486761714,5.600814663951104,-9.877800407331982
2021-04-16,SBET,0.9094076,2.87,1.0,5.48,3.9,-28.832116788321173,3.649635036496335,-31.569343065693435
2021-04-16,YI,0.10459876,11.09,2.0,12.25,12.24,-0.08163265306122547,3.1020408163265456,-8.163265306122447
2021-04-19,CLNE,0.26481152,11.14,1.0,14.09,11.775,-16.430092264017027,0.07097232079489313,-17.10432931156849
2021-04-19,LFMD,0.12036109,9.97,2.0,11.17,8.2501,-26.140555058191584,1.07430617726052,-27.484333034914954
2021-04-19,CHAI,0.118967414,8.91,3.0,9.97,10.15,1.8054162487462388,10.330992978936804,-3.610832497492489
2021-04-19,IDYA,0.103170395,18.61,4.0,20.53,18.37,-10.521188504627377,0.0,-13.541159279103754
2021-04-20,QCLS,0.42217243,4.465,1.0,6.35,4.84,-23.779527559055115,24.251968503937004,-27.559055118110244
2021-04-20,XXII,0.11549294,3.55,2.0,3.96,3.74,-5.5555555555555465,0.0,-12.04040404040404
2021-04-20,HIND,0.100806475,2.48,3.0,2.73,2.6,-4.761904761904756,15.018315018315032,-7.326007326007334
2021-04-21,OCGN,0.20471013,5.52,1.0,6.65,6.4511,-2.990977443609022,1.6541353383458635,-12.330827067669182
2021-04-21,INTT,0.1624738,9.54,2.0,11.09,11.6983,5.485121731289455,9.558160504959435,-2.1641118124436476
2021-04-22,FIRY,0.15966582,16.76,1.0,19.43,16.54,-14.873906330416887,0.6176016469377377,-17.653113741636638
2021-04-22,OPENW,0.15689147,6.82,2.0,7.89,7.2,-8.745247148288971,0.0,-13.688212927756659
2021-04-22,MVIS,0.12441981,12.495,3.0,14.05,13.14,-6.476868327402141,6.2633451957295305,-8.807829181494665
2021-04-22,BNGO,0.10998309,5.91,4.0,6.56,5.9379,-9.483231707317064,5.945121951219523,-11.737804878048774
2021-04-23,SYPR,0.28825617,2.81,1.0,3.62,4.41,21.823204419889496,60.773480662983424,-5.8011049723756924
2021-04-23,NTRP,0.105919,3.21,2.0,3.55,3.35,-5.633802816901401,0.0,-9.577464788732392
2021-04-26,OCGN,0.14849436,9.63,1.0,11.06,11.6382,5.22784810126582,13.924050632911378,-2.5316455696202667
2021-04-26,VYGR,0.12740898,4.67,2.0,5.265,5.392,2.4121557454890974,13.390313390313402,-2.1842355175688333
2021-04-26,MVIS,0.11240959,17.97,3.0,19.96,26.61,33.316633266533046,39.27855711422845,-1.0521042084168375
2021-04-27,ALDX,0.1602161,11.11,1.0,12.89,14.95,15.981380915438304,23.73933281613654,-0.7757951900698279
2021-04-27,SLNH,0.12774193,7.75,2.0,8.73,8.37,-4.123711340206205,20.96219931271477,-5.983963344788101
2021-04-27,NNDM,0.11178613,8.23,3.0,9.15,8.1107,-11.358469945355198,1.967213114754096,-14.098360655737707
2021-04-28,DFTX,0.114427805,4.02,1.0,4.48,4.55,1.5624999999999778,7.366071428571419,-9.15178571428572
2021-04-28,BOXL,0.10245907,2.44,2.0,2.69,2.82,4.832713754646845,12.639405204460964,-2.0446096654275103
2021-04-28,ABTC,0.10114944,4.35,3.0,4.79,4.4699,-6.682672233820464,2.2964509394572064,-9.812108559498956
2021-04-29,WVVI,0.3444022,10.245,1.0,13.55,12.325,-9.04059040590407,22.066420664206632,-10.996309963099637
2021-04-29,NOK,0.15719068,4.2,2.0,4.86,4.6663,-3.985596707818939,0.411522633744843,-6.378600823045277
2021-04-29,REI,0.112612605,2.22,3.0,2.47,2.225,-9.91902834008097,0.0,-12.955465587044547
2021-04-29,EZPW,0.11132431,5.21,4.0,5.79,5.635,-2.677029360967187,2.590673575129543,-3.4542314335060498
2021-05-03,PALI,0.13666224,7.61,1.0,8.65,6.58,-23.930635838150295,0.11560693641619046,-24.624277456647402
2021-05-03,AIOS,0.11459029,15.01,2.0,16.73,16.72,-0.059772863120155506,9.145248057381949,-1.374775851763299
2021-05-04,BLRX,0.5329155,3.19,1.0,4.9,5.0179,2.406122448979575,29.387755102040813,-10.612244897959188
2021-05-04,PRPO,0.2929293,4.95,2.0,6.4,5.33,-16.718750000000004,43.43749999999999,-21.09375000000001
2021-05-04,CNSY,0.15769231,2.6,3.0,3.01,2.38,-20.93023255813953,17.607973421926925,-24.252491694352162
2021-05-04,STIM,0.13300502,10.15,4.0,11.5,14.1407,22.962608695652186,32.00000000000001,-1.7391304347825987
2021-05-05,VERU,0.20229888,8.7,1.0,10.46,8.7999,-15.870936902485678,6.883365200764802,-17.590822179732324
2021-05-05,HAYW,0.1784426,19.39,2.0,23.0,24.17,5.086956521739139,9.913043478260875,-2.9565217391304355
2021-05-05,CVGI,0.10962558,11.22,4.0,12.45,12.24,-1.6867469879518038,0.0,-11.807228915662638
2021-05-06,ALF,0.45810056,3.58,1.0,5.22,3.6064,-30.91187739463601,7.279693486590033,-34.865900383141756
2021-05-06,AMS,0.32957745,3.55,2.0,4.72,4.04,-14.406779661016945,3.8135593220339103,-34.32203389830508
2021-05-06,BRN,0.18642116,2.68,3.0,3.18,3.01,-5.3459119496855445,32.0754716981132,-16.981132075471695
2021-05-06,AIFC,0.12608695,6.9,4.0,7.77,7.69,-1.0296010296010238,3.603603603603611,-5.920205920205923
2021-05-07,CMMB,0.17380345,19.85,1.0,23.3,20.04,-13.991416309012884,0.0,-16.995278969957084
2021-05-07,GPRO,0.11015332,10.44,3.0,11.59,10.795,-6.859361518550477,5.6945642795513285,-7.7221742881794615
2021-05-10,ALF,0.31891894,3.7,1.0,4.9,4.55,-7.142857142857151,0.20408163265306367,-21.224489795918377
2021-05-10,LEDS,0.26030183,7.95,2.0,10.0194,8.84,-11.771163941952612,23.360680280256307,-13.567678703315556
2021-05-10,SRTA,0.1183908,8.7,3.0,9.73,7.69,-20.966084275436792,0.0,-21.377183967112025
2021-05-10,GTX,0.102778316,5.68,4.0,6.2642,5.96,-4.85616678905526,0.35918393410172555,-5.813990613326514
2021-05-11,DDD,0.1412493,17.77,1.0,20.28,23.88,17.751479289940807,19.773175542406296,-2.859960552268248
2021-05-11,AVTX,0.13842535,2.54,2.0,2.89,2.59,-10.380622837370247,14.18685121107266,-16.608996539792386
2021-05-11,ARQ,0.101511836,4.63,3.0,5.09,5.295,4.027504911591362,7.269155206286837,-3.5363457760314243
2021-05-12,VTAK,0.23493981,3.32,1.0,4.1,3.89,-5.121951219512189,55.365853658536615,-13.414634146341465
2021-05-12,FUBO,0.19864178,17.67,2.0,21.18,19.205,-9.324834749763934,0.9442870632672351,-11.000944287063263
2021-05-12,VANI,0.18400002,5.0,3.0,5.92,6.381,7.787162162162176,23.648648648648663,-6.587837837837829
2021-05-12,NERV,0.17488778,2.23,4.0,2.62,2.587,-1.259541984732826,14.50381679389312,-3.8167938931297773
2021-05-12,BMRA,0.16129029,3.41,5.0,3.9601,3.72,-6.062978207621017,5.3003712027474,-7.578091462336811
2021-05-13,PALI,0.2514286,5.25,1.0,6.57,4.62,-29.680365296803657,3.348554033485529,-32.420091324200904
2021-05-13,NEGG,0.20364225,6.04,2.0,7.27,7.28,0.13755158184320937,19.669876203576344,-16.36863823933975
2021-05-13,COMP,0.11626291,14.45,4.0,16.13,13.765,-14.66212027278363,0.43397396156230617,-16.243025418474886
2021-05-14,BNGO,0.19478452,4.41,1.0,5.26,5.3626,1.9505703422053156,6.083650190114076,-5.133079847908739
2021-05-14,AEVA,0.18696892,7.06,2.0,8.38,7.9399,-5.251789976133658,5.608591885441516,-6.682577565632464
2021-05-14,FTFT,0.15953302,2.57,3.0,2.98,2.8001,-6.036912751677848,1.6778523489932917,-8.053691275167774
2021-05-14,CRCT,0.1219331,20.0,4.0,22.44,24.72,10.160427807486627,12.923351158645268,-7.174688057041012
2021-05-14,LFMD,0.12135172,6.51,5.0,7.3,8.81,20.684931506849335,25.479452054794514,0.0
2021-05-17,DBGI,0.2588235,3.4,1.0,4.28,3.93,-8.177570093457941,19.158878504672884,-14.719626168224309
2021-05-17,DFTX,0.120743036,3.23,2.0,3.61,3.31,-8.310249307479223,0.8310249307479367,-11.911357340720219
2021-05-17,SMMT,0.115249634,5.41,3.0,6.03,6.8734,13.98673300165838,23.217247097844094,-4.809286898839138
2021-05-18,ULBI,0.3384254,8.51,1.0,11.39,10.7499,-5.619841966637407,3.4240561896400346,-11.764705882352944
2021-05-18,AGEN,0.29446697,3.26,2.0,4.22,3.955,-6.279620853080559,6.635071090047395,-8.767772511848337
2021-05-19,LPTH,0.13675225,2.34,1.0,2.65,2.475,-6.6037735849056585,9.056603773584904,-12.075471698113205
2021-05-20,NEGG,0.47505426,9.22,1.0,13.6,12.93,-4.926470588235299,9.558823529411775,-14.999999999999991
2021-05-20,CPSH,0.21775544,5.97,2.0,7.27,6.61,-9.078404401650609,2.8885832187070193,-13.617606602475918
2021-05-20,SPCE,0.19397795,17.27,3.0,20.58,19.8989,-3.3095238095237955,5.101554907677364,-9.135082604470357
2021-05-20,VTGN,0.14347827,2.3,4.0,2.64,2.6001,-1.5113636363636496,1.8939393939393812,-6.818181818181824
2021-05-20,SLE,0.14174318,4.36,5.0,4.92,4.66,-5.284552845528456,10.569105691056912,-10.97560975609756
2021-05-21,JZXN,0.3274932,7.42,1.0,9.85,8.58,-12.893401015228424,47.20812182741116,-18.781725888324875
2021-05-21,ENVB,0.14403296,2.43,2.0,2.78,2.7399,-1.4424460431654573,13.309352517985618,-8.992805755395683
2021-05-21,YALA,0.100877166,15.96,3.0,17.57,16.9,-3.8133181559476426,10.984632896983504,-5.9191804211724435
2021-05-24,ZSTK,0.10153842,3.25,1.0,3.58,3.48,-2.7932960893854775,0.0,-8.100558659217882
2021-05-25,EDU,0.12566876,9.07,1.0,10.21,10.985,7.590597453476966,8.472086190009787,-2.693437806072485
2021-05-26,PVLA,0.3324468,3.76,1.0,5.01,3.39,-32.33532934131736,1.5968063872255467,-33.331337325349295
2021-05-26,INSE,0.13015878,9.45,2.0,10.74,11.32,5.400372439478596,6.983240223463683,-1.582867783985098
2021-05-26,RNAC,0.12605047,3.57,3.0,4.02,4.12,2.4875621890547484,5.7213930348258835,-5.472636815920396
2021-05-27,ABTS,0.22580647,16.43,1.0,20.14,17.0879,-15.154419066534253,20.953326713008934,-17.775571002979152
2021-05-27,ORGO,0.1828022,16.63,2.0,19.67,17.93,-8.845958312150493,0.40620233858668087,-11.48957803762075
2021-05-27,SOS,0.17484665,3.26,3.0,3.83,3.7499,-2.09138381201045,0.0,-12.010443864229758
2021-05-27,LNTH,0.16145563,19.51,4.0,22.66,22.83,0.75022065313326,6.779346866725522,-2.9126213592232997
2021-05-27,BTBT,0.10497236,9.05,5.0,9.99,9.36,-6.3063063063063085,1.9019019019018923,-12.285285285285285
2021-05-28,YEXT,0.21039796,12.31,1.0,14.83,14.51,-2.157788267026295,1.5509103169251581,-3.5064059339177334
2021-05-28,ATNM,0.107569695,7.53,2.0,8.34,8.115,-2.6978417266186994,2.278177458033559,-3.9568345323740983
2021-06-01,RZLT,0.3118974,10.33,1.0,13.5519,13.17,-2.818055032873623,10.685586522922996,-14.772098377349296
2021-06-01,BB,0.115193605,10.07,2.0,11.23,11.5579,2.9198575244879788,3.383793410507563,-6.322350845948355
2021-06-02,BB,0.11678195,11.56,1.0,12.91,15.2393,18.042602633617342,29.04725019364833,-4.492641363284278
2021-06-03,JZXN,0.42265296,9.31,1.0,13.2449,11.3,-14.684142575632874,3.436039532197288,-19.86726966606014
2021-06-03,WKHS,0.24913192,11.52,2.0,14.36,14.56,1.392757660167132,27.646239554317532,-8.774373259052926
2021-06-03,BB,0.2419672,15.25,3.0,18.95,15.75,-16.886543535620046,6.437994722955165,-28.443271767810018
2021-06-03,CLOV,0.14530897,8.74,4.0,10.01,8.935,-10.739260739260736,4.49550449550451,-14.58541458541458
2021-06-03,VTAK,0.12634408,3.72,5.0,4.19,4.33,3.341288782816232,30.5489260143198,-6.443914081145596
2021-06-04,SENS,0.31219506,2.05,1.0,2.69,2.9179,8.4721189591078,18.959107806691456,-6.319702602230482
2021-06-04,LEDS,0.24966896,15.1,2.0,18.87,20.64,9.3799682034976,52.62321144674085,-4.080551139374666
2021-06-04,NCTY,0.19744062,10.94,3.0,13.1,13.06,-0.3053435114503733,24.045801526717558,-5.343511450381677
2021-06-04,XERS,0.13974035,3.85,4.0,4.38,4.035,-7.8767123287671215,0.4566210045662267,-10.502283105022837
2021-06-04,CLNE,0.11074567,9.12,5.0,10.13,9.2614,-8.574531095755189,10.955577492596259,-9.081934846989137
2021-06-07,VTAK,0.42008197,4.88,1.0,6.93,9.06,30.73593073593075,41.702741702741704,-7.215007215007219
2021-06-07,AREC,0.25446153,3.3,2.0,4.15,2.8988,-30.14939759036145,1.6867469879517927,-32.04819277108435
2021-06-07,EOCN,0.17058825,3.4,3.0,3.98,3.8788,-2.5427135678391943,2.5125628140703515,-8.793969849246231
2021-06-07,BNGO,0.1222707,6.87,4.0,7.71,8.3651,8.496757457846948,14.915693904020744,-1.6861219195849486
2021-06-07,CLNE,0.12030077,9.31,5.0,10.44,10.285,-1.4846743295019116,4.885057471264376,-6.704980842911867
2021-06-08,CLOV,0.3955537,11.92,1.0,16.63,21.9599,32.04990980156346,49.90980156343958,-1.864101022248943
2021-06-08,NEXT,0.23850572,3.48,2.0,4.31,5.67,31.554524361948964,42.22737819025524,0.0
2021-06-08,PDSB,0.18723404,9.4,3.0,11.16,11.179,0.17025089605735566,3.942652329749108,-8.602150537634412
2021-06-08,KRSA,0.14603174,3.15,4.0,3.61,4.0901,13.299168975069243,21.883656509695303,-5.263157894736836
2021-06-08,AYTU,0.14506519,5.37,5.0,6.1488,5.5697,-9.418097840228977,0.5074160811865847,-12.82851938589642
2021-06-09,AEMD,3.79638,2.21,1.0,10.6,10.655,0.5188679245283101,17.830188679245285,-17.830188679245275
2021-06-09,AEHL,0.5689223,3.99,2.0,6.26,4.6,-26.517571884984026,23.003194888178925,-32.907348242811494
2021-06-09,SLDPW,0.39999998,2.0,3.0,2.8,2.34,-16.428571428571427,5.714285714285716,-25.010714285714286
2021-06-09,CLNE,0.39444458,9.9,4.0,13.805,12.975,-6.012314378848249,5.03440782325244,-19.2321622600507
2021-06-09,GEO,0.28616357,6.36,5.0,8.18,8.81,7.701711491442542,34.47432762836187,-3.17848410757946
2021-06-10,SCNX,0.54628897,4.08,1.0,6.31,6.7299,6.6545166402535605,71.47385103011095,-7.131537242472252
2021-06-10,NXPL,0.29423463,5.03,2.0,6.51,6.185,-4.9923195084485394,17.818740399385558,-18.586789554531492
2021-06-10,ANY,0.20000005,2.0,3.0,2.4,3.07,27.916666666666657,56.25,-5.000000000000004
2021-06-10,AEI,0.14522827,4.82,4.0,5.52,5.5347,0.26630434782608514,11.775362318840576,-6.521739130434778
2021-06-10,EDU,0.11193776,9.02,5.0,10.03,9.75,-2.791625124626118,2.5922233300099684,-4.087736789631114
2021-06-11,AMST,0.5090252,2.77,1.0,4.17,3.16,-24.220623501199036,7.913669064748197,-29.016786570743403
2021-06-11,INBS,0.27548206,3.63,2.0,4.62,4.2084,-8.90909090909091,6.060606060606055,-15.15151515151516
2021-06-11,CMMB,0.25,20.0,3.0,25.0,23.48,-6.0799999999999965,11.680000000000001,-13.680000000000003
2021-06-11,RCON,0.2376374,12.74,4.0,15.66,6.1027,-61.03001277139208,11.749680715197952,-70.49808429118774
2021-06-11,PGEN,0.2331903,6.99,5.0,8.62,7.33,-14.965197215777248,1.1600928074246175,-16.241299303944313
2021-06-14,MDIA,0.48177087,3.84,1.0,5.69,5.34,-6.1511423550087985,3.690685413005279,-14.938488576449915
2021-06-14,SLDPW,0.24831891,2.8999,2.0,3.62,3.51,-3.03867403314918,10.497237569060779,-9.116022099447518
2021-06-14,MREO,0.103773594,3.18,3.0,3.51,3.37,-3.988603988603978,1.9943019943019946,-7.122507122507127
2021-06-15,OCGN,0.15497553,6.13,1.0,7.07,6.315,-10.678925035360676,3.9603960396039417,-11.31541725601133
2021-06-15,UXIN,0.123552084,5.18,2.0,5.82,4.495,-22.76632302405498,0.0,-30.41237113402062
2021-06-15,NRXP,0.10266662,18.0,3.0,19.8483,17.655,-11.050316651803914,0.0,-12.838882927001293
2021-06-16,APRE,0.50721645,4.85,1.0,7.31,5.39,-26.265389876880985,6.703146374829005,-27.086183310533507
2021-06-16,GTEC,0.20572054,9.09,2.0,10.96,9.095,-17.016423357664234,2.5547445255474477,-22.35401459854015
2021-06-16,XYF,0.16698503,8.27,3.0,9.65,9.48,-1.761658031088087,2.797927461139893,-15.025906735751304
2021-06-16,FWDI,0.1428572,2.73,4.0,3.12,3.1398,0.6346153846153779,17.948717948717952,-7.692307692307699
2021-06-16,BCTX,0.102819204,6.03,5.0,6.65,6.54,-1.6541353383458746,13.984962406015033,-4.8120300751879785
2021-06-17,QNRX,0.7675841,3.27,1.0,5.78,4.09,-29.23875432525952,9.688581314878885,-32.35294117647059
2021-06-17,TAOX,0.235955,8.9,2.0,11.0,11.21,1.909090909090927,16.999999999999993,-10.45454545454546
2021-06-17,HIND,0.15873015,6.3,3.0,7.3,5.8901,-19.313698630136976,1.3698630136986356,-20.410958904109588
2021-06-18,FXHO,0.17501545,16.17,1.0,19.0,16.9411,-10.836315789473694,4.73684210526315,-12.104210526315795
2021-06-18,GEO,0.10138893,7.2,2.0,7.93,7.635,-3.7200504413619107,1.513240857503173,-4.791929382093318
2021-06-21,AEI,0.5050918,4.91,1.0,7.39,6.11,-17.320703653585923,3.382949932341006,-18.809201623815962
2021-06-21,MNOV,0.3324468,3.76,2.0,5.01,4.2,-16.167664670658677,1.5968063872255467,-19.960079840319366
2021-06-21,LNAI,0.12068963,5.8,3.0,6.5,5.82,-10.461538461538456,0.11692307692308113,-14.15384615384615
2021-06-21,OKUR,0.100811124,8.63,4.0,9.5,8.61,-9.368421052631582,0.0,-9.999999999999998
2021-06-22,ADIL,0.22648084,2.87,1.0,3.52,3.0798,-12.505681818181813,7.386363636363624,-15.625
2021-06-22,ALF,0.21538448,7.8,2.0,9.48,15.815,66.82489451476792,73.52320675105484,-4.746835443037989
2021-06-22,GROY,0.1614219,4.52,3.0,5.25,5.5,4.761904761904767,11.99999999999999,-1.904761904761898
2021-06-22,VTVT,0.13559318,2.36,4.0,2.68,2.515,-6.156716417910446,5.597014925373123,-10.820895522388064
2021-06-22,XAIR,0.12156868,5.1,5.0,5.72,6.19,8.21678321678323,9.790209790209792,-1.2237762237762184
2021-06-23,ENTX,0.60579073,4.49,1.0,7.21,6.51,-9.708737864077676,20.388349514563096,-14.67683772538142
2021-06-23,VIVO,0.10821915,7.3,2.0,8.09,7.9551,-1.6674907292954289,4.202719406674915,-8.652657601977754
2021-06-23,CLOV,0.10451305,12.63,3.0,13.94,13.85,-0.6456241032998578,4.304160688665704,-5.954088952654235
2021-06-24,DHX,0.16845882,2.79,1.0,3.26,3.295,1.0736196319018454,3.9877300613497146,-7.36196319018404
2021-06-24,IFBD,0.1465323,3.72,2.0,4.2651,3.795,-11.02201589646199,10.431173946683536,-11.373707533234867
2021-06-24,CXM,0.10170448,17.6,3.0,19.39,19.78,2.011346054667351,8.303249097472932,-2.784940691077875
2021-06-25,UPXI,0.28571427,5.6,1.0,7.2,7.8112,8.488888888888901,30.13888888888887,-0.694444444444442
2021-06-25,FFAI,0.15482569,14.92,2.0,17.23,15.95,-7.428903076030191,1.4509576320371531,-11.491584445734182
2021-06-25,PVLA,0.121281385,4.37,3.0,4.9,4.035,-17.653061224489797,0.20408163265306367,-20.10204081632654
2021-06-25,PSFE,0.10441041,11.11,4.0,12.27,12.165,-0.8557457212713948,7.497962510187439,-2.8524857375713086
2021-06-28,HIND,0.265,6.0,1.0,7.59,7.67,1.0540184453228019,6.060606060606077,-11.594202898550721
2021-06-28,ALF,0.15905261,17.1,2.0,19.8,18.7375,-5.366161616161613,13.636363636363624,-10.35353535353536
2021-06-28,MXC,0.13757527,9.01,3.0,10.25,10.29,0.39024390243902474,3.4146341463414664,-7.1219512195122014
2021-06-28,LENZ,0.1351074,18.5,4.0,21.0,22.2,5.714285714285716,16.190476190476176,-4.390476190476189
2021-06-28,ABUS,0.13056386,3.37,5.0,3.81,3.38,-11.286089238845154,0.2624671916010346,-12.598425196850393
2021-06-29,AUUD,0.29202032,5.89,1.0,7.61,7.1,-6.701708278580821,22.207621550591327,-11.300919842312751
2021-06-29,DBGI,0.18032789,5.49,2.0,6.48,5.78,-10.802469135802472,15.740740740740744,-18.981481481481488
2021-06-29,UPC,0.10580206,2.93,3.0,3.24,3.551,9.598765432098766,16.66666666666665,-2.77777777777779
2021-06-30,BLIN,0.43657804,3.39,1.0,4.87,4.4812,-7.983572895277202,75.35934291581106,-13.141683778234082
2021-06-30,IRD,0.40421057,4.75,2.0,6.66,5.35,-19.669669669669677,5.105105105105112,-22.672672672672668
2021-06-30,ASTS,0.27326155,10.21,3.0,13.0,12.98,-0.15384615384614886,19.07692307692308,-3.769230769230769
2021-06-30,SLS,0.144606,13.07,4.0,14.96,11.0,-26.470588235294123,0.7947860962566944,-31.75133689839572
2021-07-01,SCNX,1.0227604,4.42,1.0,8.95,6.9741,-22.077094972067034,6.03351955307263,-26.592178770949715
2021-07-01,BLIN,0.42790687,4.3,2.0,6.14,5.58,-9.12052117263843,10.423452768729646,-22.96416938110748
2021-07-01,WNW,0.3015151,6.6,3.0,8.59,8.125,-5.413271245634455,14.086146682188595,-12.339930151338763
2021-07-01,SPRO,0.19269335,13.96,4.0,16.65,16.35,-1.8018018018017834,2.94294294294295,-6.906906906906896
2021-07-01,HURA,0.11013222,2.27,5.0,2.52,2.29,-9.126984126984128,13.095238095238093,-20.238095238095244
2021-07-02,WAVE,1.1898618,10.85,1.0,23.76,18.7912,-20.912457912457917,26.262626262626256,-22.138047138047146
2021-07-02,TATT,0.6540084,5.925,2.0,9.8,8.55,-12.755102040816324,6.529591836734694,-17.653061224489797
2021-07-02,AIFA,0.10267854,2.24,3.0,2.47,2.515,1.8218623481781382,9.311740890688247,-3.6437246963562875
2021-07-06,NXPL,0.6452205,5.44,1.0,8.94,8.58,-4.026845637583887,20.805369127516805,-10.5145413870246
2021-07-06,BLIN,0.5551839,8.97,2.0,13.95,12.17,-12.759856630824373,3.082437275985672,-17.419354838709676
2021-07-06,LRMR,0.13663292,9.89,3.0,11.2413,11.49,2.2123775719889993,10.574399758035092,-3.036125714997384
2021-07-06,OCGN,0.13580239,7.29,4.0,8.28,7.5427,-8.904589371980665,0.12077294685990392,-9.903381642512066
2021-07-07,DTST,0.7283951,7.29,1.0,12.6,9.65,-23.412698412698408,3.9682539682539764,-27.222222222222225
2021-07-08,DBGI,0.45161295,5.27,1.0,7.65,6.0499,-20.916339869281053,15.032679738562106,-24.836601307189543
2021-07-08,UONE,0.13642383,7.55,2.0,8.57,8.93,4.200700116686118,29.754959159859972,-4.3173862310385225
2021-07-08,GAME,0.13513517,11.1,3.0,12.44,10.99,-11.655948553054662,2.384244372990363,-15.192122186495173
2021-07-09,AVX,0.5588937,4.61,1.0,7.09,5.6,-21.015514809590975,19.18194640338504,-30.888575458392097
2021-07-09,GALT,0.43478262,2.76,2.0,3.96,3.4999,-11.61868686868688,11.111111111111116,-14.646464646464652
2021-07-09,HIND,0.16306484,5.09,3.0,5.92,4.76,-19.594594594594593,5.57432432432432,-21.452702702702698
2021-07-09,RCON,0.12244892,3.43,4.0,3.85,3.76,-2.3376623376623495,1.0389610389610393,-6.233766233766236
2021-07-09,XYF,0.12141657,12.49,5.0,14.01,12.98,-7.351891506067087,0.35688793718773315,-10.206995003568874
2021-07-12,TPST,1.3477981,15.67,1.0,36.79,23.98,-34.8192443598804,11.443326991030167,-41.09812449035063
2021-07-12,TROO,0.7374873,9.79,2.0,17.01,18.8,10.523221634332746,70.48794826572602,-0.058788947677845815
2021-07-12,SBET,0.7257384,4.74,3.0,8.18,5.71,-30.19559902200489,9.290953545232261,-33.74083129584352
2021-07-12,AEHL,0.26426423,3.33,4.0,4.21,4.01,-4.750593824228034,17.57719714964372,-12.589073634204272
2021-07-12,ATEC,0.13851595,14.15,5.0,16.11,15.74,-2.2967101179391602,2.2346368715083775,-3.972687771570449
2021-07-13,NXPL,0.84257877,6.67,1.0,12.29,9.32,-24.16598860862489,20.829943043124487,-27.7461350691619
2021-07-13,BLIN,0.4242928,6.01,2.0,8.56,7.229,-15.549065420560748,16.70560747663552,-22.47780373831776
2021-07-13,CLNN,0.30548322,13.04,3.0,17.0235,13.5,-20.697858842188733,4.67882632831087,-26.572091520545126
2021-07-13,BAOS,0.26916146,4.05,4.0,5.14,3.55,-30.93385214007782,14.202334630350212,-37.53891050583656
2021-07-13,TONX,0.116279125,2.15,5.0,2.4,2.2301,-7.079166666666659,14.166666666666682,-7.499999999999984
2021-07-14,DTSS,1.1399317,2.93,1.0,6.28,3.93,-37.42038216560509,8.917197452229297,-41.87898089171975
2021-07-14,OXBR,0.30447757,3.35,2.0,4.37,3.52,-19.45080091533181,10.98398169336383,-24.942791762013737
2021-07-14,JZXN,0.29511678,4.71,3.0,6.1,5.0897,-16.562295081967214,3.4426229508196737,-19.34426229508196
2021-07-14,TROO,0.24811268,9.59,4.0,11.9694,13.1,9.445753337677743,58.821661904523204,-7.848346617207214
2021-07-14,YHGJ,0.14559388,2.61,5.0,2.99,2.8501,-4.678929765886297,7.0234113712374535,-15.719063545150503
2021-07-15,DTSS,0.3994975,3.98,1.0,5.57,3.96,-28.904847396768407,4.129263913824044,-31.77737881508079
2021-07-15,TONX,0.22891569,2.49,2.0,3.05,3.1513,3.3213114754098383,30.16393442622953,-8.852459016393443
2021-07-15,ARLO,0.17085433,5.97,3.0,6.99,6.3859,-8.64234620886981,0.14306151645206988,-10.443490701001434
2021-07-15,BLIN,0.11707318,6.15,4.0,6.87,6.09,-11.353711790393017,9.606986899563319,-12.66375545851528
2021-07-16,TROO,0.24865341,11.14,1.0,13.91,12.35,-11.214953271028039,3.666427030913,-25.593098490294754
2021-07-16,SOGP,0.15312183,5.55,2.0,6.4,5.5801,-12.810937500000009,0.6250000000000089,-18.125000000000004
2021-07-16,AEHR,0.12811399,2.81,3.0,3.17,3.3799,6.6214511041009505,19.873817034700302,-2.8391167192428957
2021-07-19,NRXP,0.46713614,8.52,1.0,12.5,12.152,-2.7840000000000087,19.43999999999999,-11.840000000000007
2021-07-19,CYTK,0.4513781,19.23,2.0,27.95,27.23,-2.5760286225402496,12.379248658318431,-4.508050089445437
2021-07-19,AEHR,0.44999993,3.4,3.0,4.93,6.49,31.643002028397582,36.916835699797176,-14.198782961460433
2021-07-19,OXBR,0.11764705,3.57,4.0,3.99,3.48,-12.781954887218049,0.0,-15.789473684210531
2021-07-20,IMNM,0.45733178,16.64,1.0,24.25,18.15,-25.154639175257742,2.9278350515463902,-26.185567010309285
2021-07-20,MTVA,0.44680858,2.82,2.0,4.06,3.95,-2.709359605911321,38.669950738916256,-6.896551724137923
2021-07-20,SLI,0.14947367,4.75,3.0,5.46,5.615,2.838827838827851,5.311355311355315,-3.4798534798534897
2021-07-20,AEHR,0.114241004,6.39,4.0,7.12,5.815,-18.32865168539325,0.4213483146067398,-24.157303370786508
2021-07-20,TAL,0.10962558,18.7,5.0,20.75,19.24,-7.277108433734947,1.4457831325301207,-9.590361445783124
2021-07-21,PRFX,0.27301586,3.15,1.0,4.01,3.15,-21.446384039900245,15.710723192019937,-32.16957605985037
2021-07-21,NUWE,0.114427805,4.02,2.0,4.48,4.38,-2.2321428571428714,9.375,-3.7946428571428714
2021-07-22,PRFX,0.5159236,3.14,1.0,4.76,4.08,-14.28571428571428,64.70588235294119,-25.630252100840334
2021-07-22,FFAI,0.22206092,13.78,2.0,16.84,13.81,-17.992874109263656,0.9501187648456089,-23.337292161520185
2021-07-22,DVLT,0.21867323,4.07,3.0,4.92,4.5799,-6.912601626016257,43.49593495934958,-9.756097560975597
2021-07-22,NRXP,0.15430272,10.11,4.0,11.67,16.4854,41.2630676949443,56.64095972579264,-5.227077977720651
2021-07-22,SOS,0.15384614,2.73,5.0,3.15,2.65,-15.873015873015872,0.0,-16.825396825396822
2021-07-23,SCKT,1.4655173,5.8,1.0,14.3,7.9818,-44.183216783216785,2.7972027972027913,-44.8951048951049
2021-07-23,ALZN,0.41811848,5.74,2.0,8.15,5.72,-29.815950920245406,1.595092024539868,-30.920245398773005
2021-07-23,NRXP,0.22796357,16.45,3.0,20.21,26.24,29.836714497773364,29.836714497773364,-18.10984661058882
2021-07-23,UPC,0.17493474,3.83,4.0,4.5,3.03,-32.666666666666664,11.111111111111116,-37.77777777777778
2021-07-23,KRSA,0.111111164,3.6,5.0,4.1,4.0889,-0.2707317073170734,3.170731707317098,-12.195121951219502
2021-07-26,XBIO,0.30555558,2.52,1.0,3.29,3.055,-7.14285714285714,23.404255319148916,-16.413373860182368
2021-07-26,FEED,0.27969348,2.61,2.0,3.34,1.8594,-44.32934131736527,12.27544910179641,-44.610778443113766
2021-07-26,BTBT,0.15404248,4.23,3.0,4.8816,9.0911,86.23197312356608,92.76466732218947,0.0
2021-07-26,KEEL,0.14893615,3.29,4.0,3.78,4.2858,13.380952380952383,15.873015873015884,-3.4391534391534417
2021-07-26,SOS,0.14516127,2.48,5.0,2.84,3.05,7.3943661971831,10.2112676056338,-10.915492957746487
2021-07-27,KPRX,1.0480769,3.12,1.0,6.39,3.83,-40.062597809076685,0.6259780907668322,-44.20970266040688
2021-07-27,NXPL,0.20173907,5.75,2.0,6.91,6.5752,-4.845151953690308,10.709117221418229,-10.564399421128801
2021-07-27,ZSTK,0.18141592,4.52,3.0,5.34,5.04,-5.617977528089879,4.868913857677892,-19.475655430711612
2021-07-28,UPXI,0.3161291,4.65,1.0,6.12,5.6,-8.496732026143794,20.915032679738577,-13.725490196078427
2021-07-28,BTBT,0.27334464,5.89,2.0,7.5,7.9999,6.665333333333345,26.13333333333334,-7.333333333333336
2021-07-28,TAL,0.13430119,5.51,3.0,6.25,6.355,1.6800000000000148,6.56000000000001,-5.599999999999994
2021-07-28,TLRY,0.120974064,12.73,4.0,14.26,16.022,12.356241234221589,15.63814866760167,-1.6830294530154277
2021-07-28,YMM,0.1148926,8.7,5.0,9.7,9.89,1.9587628865979534,5.876288659793816,-4.123711340206171
2021-07-29,HAPN,0.3753847,16.25,1.0,22.35,24.18,8.187919463087233,14.98881431767336,-3.400447427293074
2021-07-29,BON,0.14796746,12.3,2.0,14.12,14.38,1.8413597733711207,6.940509915014159,-4.74504249291785
2021-07-29,DAO,0.13665259,9.44,3.0,10.73,9.2925,-13.397017707362535,1.2115563839701693,-18.54613233923579
2021-07-29,ZSTK,0.11850059,8.27,4.0,9.25,6.92,-25.189189189189186,0.972972972972963,-30.810810810810807
2021-07-30,TAOP,0.26397514,3.22,1.0,4.07,3.4098,-16.22113022113022,3.1941031941031817,-22.35872235872236
2021-07-30,BELFB,0.1555556,12.14,2.0,14.03,13.53,-3.5637918745545227,8.695652173913038,-6.094084105488228
2021-07-30,RLYB,0.15390074,14.1,3.0,16.2696,17.89,9.959679402075029,58.45503269902148,-3.839061808526334
2021-08-02,AUTL,0.22744358,5.32,1.0,6.57,5.86,-10.806697108066965,2.739726027397249,-12.024353120243536
2021-08-02,DLPN,0.22704077,7.84,2.0,9.62,12.5499,30.456340956340956,33.05613305613306,-10.498960498960496
2021-08-02,AVX,0.2012012,3.33,3.0,4.0,3.605,-9.875,2.499999999999991,-14.500000000000002
2021-08-02,RANI,0.113636374,11.0,4.0,12.25,10.51,-14.204081632653065,0.0,-24.571428571428566
2021-08-02,KEEL,0.10023868,4.19,5.0,4.61,4.3121,-6.462039045553148,4.989154013015185,-7.375271149674633
2021-08-03,OTLK,0.3340708,2.26,1.0,3.015,2.4,-20.398009950248763,8.457711442786064,-21.06135986733002
2021-08-03,HLIT,0.11226845,8.64,2.0,9.34,10.65,14.025695931477511,15.096359743040688,0.0
2021-08-04,BYSI,1.9179647,9.63,1.0,28.1,26.54,-5.551601423487551,6.761565836298922,-26.797153024911037
2021-08-04,CERS,0.14035082,5.13,2.0,5.85,6.1999,5.981196581196602,9.401709401709413,-0.5128205128204999
2021-08-04,RNA,0.122727156,19.03,3.0,21.3655,19.9806,-6.4819451920151705,0.6295195525496622,-8.730897942945404
2021-08-05,ENSC,0.37163818,4.09,1.0,5.61,4.445,-20.766488413547236,4.278074866310155,-24.777183600713027
2021-08-05,SSYS,0.18121827,19.7,2.0,23.27,21.905,-5.865921787709494,0.0,-8.293940696175328
2021-08-05,MVIS,0.14648116,12.22,3.0,14.01,13.79,-1.570306923625986,8.065667380442543,-4.483940042826551
2021-08-05,QNST,0.14253402,17.68,4.0,20.2,19.0,-5.940594059405935,3.9356435643564502,-6.311881188118806
2021-08-05,CTRM,0.123780966,2.02,5.0,2.28,2.5,9.649122807017552,17.543859649122815,-4.3859649122806825
2021-08-06,ANY,0.5552325,3.44,1.0,5.38,4.8025,-10.734200743494416,4.275092936802971,-18.959107806691446
2021-08-06,MVST,0.15568292,10.47,2.0,12.12,11.67,-3.712871287128705,10.140264026402646,-8.828382838283822
2021-08-06,PRTS,0.1456368,16.96,3.0,19.43,19.965,2.753474009264023,6.381883685023171,-8.026248069994857
2021-08-06,WPRT,0.12787724,3.91,4.0,4.41,4.98,12.925170068027224,17.46031746031744,-0.9070294784580546
2021-08-06,AUPH,0.1255337,11.71,5.0,13.18,14.365,8.99089529590289,10.849013657056151,-2.8831562974203306
2021-08-09,ANY,0.17489707,4.86,1.0,5.72,5.465,-4.458041958041958,15.034965034965042,-7.8671328671328755
2021-08-09,FTFT,0.17182136,2.91,2.0,3.41,3.27,-4.105571847507338,5.8651026392961825,-5.865102639296193
2021-08-09,RSI,0.14440441,11.08,3.0,12.68,12.645,-0.2760252365930582,1.4984227129337446,-4.96845425867507
2021-08-09,KEEL,0.14117646,5.95,4.0,6.79,6.51,-4.123711340206193,5.891016200294552,-4.418262150220908
2021-08-09,HUT,0.13175678,5.92,5.0,6.68,6.399,-4.206586826347303,0.29940119760478723,-7.485029940119759
2021-08-10,FULC,0.5858344,8.33,1.0,13.25,18.13,36.83018867924528,66.71622641509434,-8.905660377358494
2021-08-10,LU,0.15323305,7.48,2.0,8.63,7.985,-7.473928157589804,4.055619930475074,-10.196987253765943
2021-08-10,MYO,0.1503185,7.85,3.0,9.03,9.3,2.9900332225913706,14.95016611295683,-3.6544850498338888
2021-08-10,ORGO,0.13292861,14.82,4.0,16.79,14.91,-11.197141155449664,1.2507444907683185,-11.494937462775457
2021-08-10,KXIN,0.10996568,2.91,5.0,3.23,2.995,-7.27554179566563,6.811145510835925,-10.216718266253878
2021-08-11,FULC,0.25998926,18.77,1.0,23.65,19.95,-15.644820295983086,6.765327695560264,-20.042283298097242
2021-08-11,GTIM,0.22666669,4.5,2.0,5.52,4.76,-13.768115942028981,4.891304347826098,-15.217391304347828
2021-08-11,CURI,0.18118584,10.37,3.0,12.25,12.275,0.20408163265306367,5.387755102040814,-2.857142857142858
2021-08-11,ORIO,0.15151525,5.94,4.0,6.83,6.8518,0.3191800878477258,9.077598828696921,-3.0746705710102518
2021-08-11,PDFS,0.14331901,18.56,5.0,21.22,21.46,1.1310084825636224,2.2148916116871087,-5.230914231856731
2021-08-12,PRHI,0.21126771,2.84,1.0,3.44,3.15,-8.430232558139538,15.697674418604656,-10.75581395348838
2021-08-12,XBIO,0.1790123,3.24,2.0,3.82,3.685,-3.5340314136125595,16.23036649214662,-4.973821989528792
2021-08-12,OPEN,0.17172408,14.5,3.0,16.98,17.94,5.653710247349819,8.775029446407533,-6.478209658421674
2021-08-12,CLOV,0.17097175,8.13,4.0,9.53,9.0475,-5.062959076600205,1.2591815320042166,-9.968520461699892
2021-08-12,HIMS,0.14663148,7.57,5.0,8.68,8.365,-3.629032258064513,4.608294930875578,-7.3732718894009235
2021-08-16,TVTX,0.33139157,15.45,1.0,20.57,17.94,-12.785610111813316,3.743315508021383,-17.112299465240643
2021-08-16,FEED,0.26190472,2.52,2.0,3.17,3.415,7.728706624605675,28.706624605678233,-0.9463722397476282
2021-08-16,ENLV,0.1716814,10.17,3.0,11.98,11.525,-3.7979966611018323,10.016694490818034,-7.178631051752927
2021-08-17,BON,0.2840352,10.21,1.0,13.11,11.65,-11.136536994660561,2.9748283752860427,-19.90846681922196
2021-08-17,PWCM,0.19978261,4.6,2.0,5.51,5.04,-8.52994555353902,1.9963702359346636,-10.344827586206884
2021-08-17,JOBY,0.15230465,9.98,3.0,11.5,9.25,-19.565217391304344,0.0,-22.608695652173903
2021-08-18,PMCB,0.84210527,3.42,1.0,6.3,9.67,53.4920634920635,58.412698412698425,-3.4920634920634908
2021-08-18,KULR,0.112745166,2.04,2.0,2.27,2.16,-4.8458149779735615,0.0,-5.286343612334809
2021-08-20,GOVX,0.72790694,4.3,1.0,7.43,5.69,-23.418573351278592,0.9421265141319024,-28.398384925975773
2021-08-20,EDVA,0.122807026,2.85,2.0,3.2,2.63,-17.812500000000007,0.0,-20.13125
2021-08-20,QFIN,0.10610938,16.9,3.0,18.7,19.375,3.609625668449201,6.2000000000000055,-1.2299465240641738
2021-08-23,VVOS,0.6979166,3.84,1.0,6.52,5.955,-8.66564417177913,8.742331288343564,-17.944785276073617
2021-08-23,XERS,0.27272725,2.2,2.0,2.8,2.65,-5.357142857142849,6.428571428571428,-11.428571428571422
2021-08-23,XOS,0.11125827,7.55,3.0,8.39,7.82,-6.79380214541121,1.3110846245530272,-10.250297973778311
2021-08-23,STTK,0.10275686,19.95,4.0,22.01,21.435,-2.6124488868696227,2.3171285779191253,-3.9073148568832483
2021-08-23,FINV,0.10206783,5.78,5.0,6.37,6.075,-4.6310832025117765,1.883830455259039,-8.163265306122458
2021-08-24,TVRD,0.21078432,14.28,1.0,17.29,14.89,-13.880855986119133,5.552342394447662,-15.962984384037016
2021-08-25,CPOP,0.13842487,4.19,1.0,4.76,4.46,-6.302521008403361,0.21008403361344463,-10.504201680672265
2021-08-25,SNTG,0.12295079,6.1,2.0,6.85,6.42,-6.277372262773717,7.445255474452561,-12.116788321167881
2021-08-26,NRXP,0.16111529,12.91,1.0,14.99,13.33,-11.074049366244164,0.06671114076051143,-12.474983322214817
2021-08-26,UUU,0.1357956,6.77,2.0,7.69,6.79,-11.703511053315996,5.5851755526658,-18.595578673602088
2021-08-26,BBW,0.104477644,16.85,3.0,18.61,17.44,-6.28694250403008,5.910800644814618,-8.543256313809778
2021-08-27,PRFX,0.21908128,2.83,1.0,3.45,2.94,-14.782608695652177,0.5797101449275477,-18.840579710144933
2021-08-27,MI,0.16972482,10.9,2.0,12.75,10.85,-14.901960784313728,3.7647058823529367,-21.333333333333336
2021-08-27,RNXT,0.13820934,7.26,3.0,8.2634,7.55,-8.633250235980361,18.595251349323515,-9.23832804898711
2021-08-27,SBET,0.12704241,5.59,4.0,6.3002,6.71,6.504555410939328,9.015586806768038,-7.461667883559253
2021-08-30,ATER,0.46052635,6.08,1.0,8.88,6.6,-25.67567567567569,1.3513513513513375,-27.027027027027028
2021-08-30,ROOT,0.23749995,6.4,2.0,7.92,6.4068,-19.106060606060616,6.060606060606055,-20.707070707070706
2021-08-30,KPLT,0.19613254,3.62,3.0,4.33,5.1716,19.436489607390286,33.71824480369514,-5.542725173210162
2021-08-30,BLIN,0.1954732,4.86,4.0,5.81,5.44,-6.368330464715999,4.647160068846823,-11.876075731497416
2021-08-30,RANI,0.12879002,20.0,5.0,22.5758,17.66,-21.774643644964964,0.0,-23.989404583669238
2021-08-31,ACIU,0.71816885,6.99,1.0,12.01,8.08,-32.72273105745212,4.995836802664444,-33.97169025811824
2021-08-31,CHAI,0.29629636,3.78,2.0,4.9,4.34,-11.428571428571432,1.2244897959183598,-17.75510204081633
2021-08-31,SPOK,0.1911422,7.85,3.0,9.35,9.9,5.882352941176472,7.165775401069507,-3.6363636363636376
2021-08-31,PALI,0.13186812,2.73,4.0,3.09,2.795,-9.546925566343045,3.5598705501618255,-15.533980582524276
2021-09-01,ABVC,0.39999998,2.9,1.0,4.06,3.56,-12.315270935960577,16.995073891625623,-21.42857142857142
2021-09-01,FCUV,0.21961033,5.1,2.0,6.22,17.934,188.32797427652736,293.56913183279744,-8.360128617363339
2021-09-01,FIRY,0.15972817,11.77,3.0,13.65,12.2475,-10.274725274725272,2.417582417582409,-11.538461538461542
2021-09-01,SLI,0.11434114,5.16,4.0,5.75,6.58,14.434782608695663,14.956521739130446,-0.8695652173912993
2021-09-02,INCR,0.11851847,6.75,1.0,7.55,7.05,-6.622516556291391,2.6490066225165476,-8.596026490066222
2021-09-02,GSM,0.11448741,9.08,2.0,10.14,9.5229,-6.085798816568055,10.946745562130179,-7.692307692307699
2021-09-02,FCUV,0.110996604,19.28,3.0,21.41,17.887,-16.454927603923398,17.935544138253157,-22.746380196170023
2021-09-03,QNRX,0.6127273,5.5,1.0,8.87,6.69,-24.577226606538883,0.11273957158963732,-29.537767756482513
2021-09-03,FTFT,0.13565886,2.58,2.0,2.93,2.82,-3.754266211604107,8.19112627986347,-10.23890784982936
2021-09-03,ENVB,0.11764705,2.21,3.0,2.47,2.61,5.668016194331971,17.80971659919026,-6.477732793522273
2021-09-03,OLB,0.10020447,4.89,4.0,5.38,5.3531,-0.49999999999998934,23.698884758364326,-8.364312267657992
2021-09-07,RNXT,0.41191387,7.89,1.0,11.11,9.77,-12.061206120612056,0.36003600360037247,-17.55175517551755
2021-09-07,OPAD,0.16859794,8.63,2.0,10.085,10.965,8.725830441249371,16.807139315815544,-3.619236489836397
2021-09-07,PLRX,0.13871634,19.32,3.0,22.0,19.14,-13.0,9.863636363636363,-13.454545454545464
2021-09-07,RKLB,0.110946774,13.52,4.0,15.02,14.44,-3.8615179760319585,9.58721704394141,-6.324900133155786
2021-09-07,ARQQ,0.10778439,8.35,5.0,9.25,11.9,28.648648648648646,181.0810810810811,-3.9999999999999925
2021-09-08,ARQQ,0.23982298,11.3,1.0,14.01,13.78,-1.6416845110635236,35.61741613133476,-7.137758743754463
2021-09-08,AEI,0.11250007,2.4,2.0,2.67,2.5406,-4.8464419475655385,5.243445692883908,-9.737827715355795
2021-09-09,GROY,0.23298562,4.12,1.0,5.08,5.105,0.49212598425196763,5.905511811023612,-3.543307086614167
2021-09-09,CURV,0.1879741,18.46,2.0,21.93,24.49,11.673506611947104,14.090287277701785,-4.240766073871405
2021-09-09,CRDF,0.13724816,7.05,3.0,8.0,7.0,-12.5,7.250000000000001,-13.0
2021-09-10,ABUS,0.16279078,3.87,1.0,4.5,4.385,-2.5555555555555554,3.777777777777769,-7.333333333333336
2021-09-10,SOS,0.13953483,2.58,2.0,2.94,2.785,-5.272108843537405,6.802721088435382,-6.1224489795918435
2021-09-10,SY,0.1137774,5.19,3.0,5.84,5.305,-9.160958904109595,0.6044520547945353,-9.931506849315074
2021-09-10,KPLT,0.10317457,6.3,4.0,6.95,6.44,-7.338129496402878,3.021582733812944,-8.920863309352523
2021-09-13,MEC,0.24353445,13.92,1.0,17.31,17.19,-0.6932409012131546,6.816868861929515,-7.452339688041587
2021-09-13,ATER,0.21186435,11.8,2.0,14.3,17.67,23.566433566433574,33.56643356643356,-0.7692307692307776
2021-09-13,GGAL,0.1568842,10.56,3.0,12.2166,11.53,-5.620221665602543,4.36619026570404,-7.2573383756528
2021-09-13,SUPV,0.117351174,2.47,4.0,2.76,2.615,-5.253623188405787,4.710144927536253,-6.521739130434778
2021-09-13,BMA,0.11723602,18.29,5.0,20.43,19.69,-3.622124326970133,3.7689672050905454,-4.5521292217327485
2021-09-14,ATYR,0.34535527,9.15,1.0,12.31,9.0789,-26.247766043866772,5.361494719740056,-28.513403736799347
2021-09-14,SUNE,0.2150222,6.79,3.0,8.25,9.05,9.696969696969715,17.454545454545457,-5.575757575757578
2021-09-14,KPLT,0.10650885,6.76,4.0,7.48,6.61,-11.63101604278075,1.4705882352941124,-15.240641711229951
2021-09-14,FCEL,0.10320282,5.62,5.0,6.2,6.4174,3.5064516129032164,21.612903225806445,-1.2903225806451646
2021-09-15,INDP,0.6760961,7.07,1.0,11.85,10.87,-8.27004219409283,143.29029535864976,-13.924050632911399
2021-09-15,IPHA,0.11151743,5.47,2.0,6.08,5.55,-8.717105263157897,0.4786184210526345,-12.006578947368428
2021-09-16,OPAD,0.35135138,12.58,1.0,17.0,19.9862,17.565882352941188,23.352941176470576,-19.176470588235293
2021-09-16,TMC,0.29900002,10.0,2.0,12.99,12.5476,-3.4056966897613616,5.311778290993074,-14.241724403387213
2021-09-16,SPIR,0.24282789,9.76,3.0,12.13,11.23,-7.419620774938174,8.82110469909314,-10.469909315746095
2021-09-16,INDP,0.22325587,10.75,4.0,13.2,11.67,-11.590909090909085,13.636363636363647,-15.833333333333332
2021-09-16,PMCB,0.14371264,3.34,5.0,3.82,3.4982,-8.424083769633494,2.8795811518324665,-12.041884816753923
2021-09-17,CRVS,0.6769911,2.26,1.0,3.79,5.47,44.32717678100262,53.03430079155673,-5.804749340369398
2021-09-17,IPHA,0.32173908,5.75,2.0,7.6,8.04,5.789473684210522,57.236842105263165,-1.3157894736842035
2021-09-17,ABCL,0.14292932,19.8,3.0,22.63,20.35,-10.075121520106045,0.016349977905449897,-12.46133451171012
2021-09-20,VSTM,0.20289862,2.76,1.0,3.32,2.82,-15.06024096385542,7.831325301204828,-18.072289156626496
2021-09-21,SPIR,0.10965252,12.95,2.0,14.37,15.3,6.471816283924858,27.766179540709814,-5.845511482254695
2021-09-22,AEMD,0.28421056,3.8,1.0,4.88,5.06,3.688524590163933,22.743852459016377,-4.098360655737709
2021-09-22,ATER,0.12923074,13.0,2.0,14.68,16.4001,11.717302452316058,15.326975476839234,-4.564032697547682
2021-09-22,XPOF,0.104448676,10.34,3.0,11.42,11.1101,-2.713660245183891,4.903677758318747,-2.8021015761821366
2021-09-23,MRM,1.0834744,7.3891,1.0,15.395,12.5564,-18.438454043520625,19.84410522897044,-28.15849301721337
2021-09-23,JSPR,0.33333325,10.23,2.0,13.64,13.96,2.346041055718473,9.457478005865095,-22.140762463343123
2021-09-23,DBGI,0.19341564,2.43,3.0,2.9,2.75,-5.1724137931034475,6.5517241379310365,-10.344827586206895
2021-09-24,AEHR,0.18845499,11.78,1.0,14.0,15.71,12.214285714285712,19.64285714285714,-3.285714285714292
2021-09-24,CAPR,0.16135454,5.02,2.0,5.83,5.12,-12.178387650085764,0.34305317324183626,-14.57975986277873
2021-09-24,IMRN,0.13012052,4.15,3.0,4.69,4.57,-2.558635394456288,10.874200426439229,-12.366737739872068
2021-09-27,RCAT,0.5708332,2.4,1.0,3.76,3.59,-4.521276595744683,12.765957446808528,-9.308510638297863
2021-09-27,QNRX,0.40611815,18.96,2.0,26.66,21.305,-20.086271567891977,11.777944486121527,-21.192798199549877
2021-09-27,IPM,0.25187027,4.01,3.0,5.02,5.475,9.063745019920312,14.54183266932272,-8.764940239043817
2021-09-28,DBGI,0.62033904,2.95,1.0,4.78,3.53,-26.15062761506277,1.882845188284521,-28.661087866108794
2021-09-28,GOGO,0.1382978,12.22,2.0,13.89,16.825,21.130309575233962,27.789776817854573,-0.28797696184306165
2021-09-28,FEIM,0.13715649,9.55,3.0,10.8602,10.73,-1.1988729489328054,4.325887184398081,-7.736505773374347
2021-09-29,GOVX,0.16507173,4.18,1.0,4.87,4.54,-6.776180698151957,3.490759753593431,-13.347022587268997
2021-09-29,FBIO,0.1205883,3.4,2.0,3.81,3.59,-5.774278215223106,0.0,-8.398950131233596
2021-09-29,PRQR,0.10455561,8.1,3.0,8.8,8.11,-7.8409090909091095,3.295454545454546,-10.909090909090914
2021-09-30,IPM,0.351609,8.39,1.0,11.34,10.5,-7.4074074074074066,25.661375661375672,-15.255731922398596
2021-09-30,BLIN,0.15885413,3.84,2.0,4.45,4.1,-7.86516853932585,1.1235955056179803,-13.033707865168543
2021-09-30,AMTX,0.13480401,16.32,3.0,18.52,18.3999,-0.6484881209503301,6.587473002159827,-7.0194384449244085
2021-09-30,MYSE,0.108275294,12.93,4.0,14.33,13.677,-4.556873691556174,3.2100488485694356,-9.83949755757153
2021-10-01,IPM,0.17880797,10.57,1.0,12.47,10.115,-18.885324779470736,8.821170809943869,-20.609462710505213
2021-10-01,KEEL,0.11058819,4.25,2.0,4.72,4.97,5.296610169491522,6.991525423728806,-2.5423728813559365
2021-10-04,XENE,0.69935894,15.6,1.0,26.51,31.35,18.257261410788384,22.029422859298386,-4.866088268577906
2021-10-04,JSPR,0.24465811,9.36,2.0,11.65,9.44,-18.969957081545076,3.2618025751072866,-20.42918454935623
2021-10-04,RDHL,0.22535467,4.37,3.0,5.3548,4.88,-8.866811085381343,0.6573541495480617,-13.535519533876151
2021-10-04,WBX,0.12639415,8.07,4.0,9.09,8.65,-4.840484048404836,10.011001100110018,-8.69086908690868
2021-10-05,BSIN,0.1546483,4.72,1.0,5.45,4.86,-10.82568807339449,2.2018348623853212,-16.330275229357806
2021-10-05,RYM,0.13156474,18.47,2.0,20.92,18.58,-11.18546845124284,4.3499043977055285,-13.671128107074582
2021-10-05,TISI,0.11728394,3.24,3.0,3.62,3.46,-4.41988950276243,1.3812154696132506,-8.563535911602216
2021-10-05,TAOX,0.10604334,8.77,4.0,9.7,9.99,2.989690721649496,14.742268041237129,-0.9793814432989545
2021-10-05,WBX,0.103488445,8.6,5.0,9.49,9.3,-2.002107481559534,6.427818756585868,-4.214963119072712
2021-10-06,BTBT,0.1458937,10.35,1.0,11.86,11.105,-6.365935919055643,4.721753794266448,-8.09443507588532
2021-10-06,MTVA,0.12727273,2.2,2.0,2.48,2.09,-15.725806451612911,0.0,-16.129032258064512
2021-10-06,PWCM,0.10112357,4.45,3.0,4.9,4.68,-4.489795918367356,4.693877551020398,-12.44897959183674
2021-10-08,CCXI,0.8867346,19.6,1.0,36.98,39.0,5.46241211465659,10.600324499729584,-21.3899405083829
2021-10-11,PTGX,0.8681359,18.24,1.0,34.11,35.14,3.0196423336265044,8.765757842275,-5.892700087950741
2021-10-11,NXXT,0.12492764,3.4579,2.0,3.89,3.68,-5.398457583547556,13.110539845758362,-8.22365038560412
2021-10-11,EMPD,0.10015333,9.13,3.0,10.0444,9.1892,-8.514196965473298,6.22834614312453,-9.004022141690882
2021-10-12,GWH,0.51919377,10.42,1.0,15.83,23.4799,48.325331648768156,82.69109286165511,-3.6007580543272244
2021-10-12,NTRB,0.4513638,7.4,2.0,10.74,9.515,-11.405959031657353,14.711359404096825,-12.011173184357549
2021-10-12,TIPT,0.21163487,10.75,3.0,13.03,14.24,9.286262471220263,10.38910207214121,-1.6876438986953124
2021-10-12,TARA,0.15096295,6.75,4.0,7.74,7.57,-2.1963824289405687,2.7131782945736482,-8.139534883720934
2021-10-12,WWR,0.1031518,3.49,5.0,3.85,3.81,-1.0389610389610393,8.831168831168835,-6.233766233766236
2021-10-13,JSPR,0.20804441,7.21,1.0,8.71,15.12,73.59357060849597,109.41446613088401,-0.3444316877152853
2021-10-13,AHG,0.1806283,3.82,2.0,4.51,4.37,-3.104212860310418,4.656319290465638,-12.638580931263855
2021-10-13,KOSS,0.1803962,19.18,3.0,22.64,18.55,-18.06537102473498,1.2367491166077826,-21.113074204947
2021-10-13,SNTG,0.12741315,2.59,4.0,2.92,2.7872,-4.547945205479453,11.301369863013711,-15.410958904109584
2021-10-13,MYSE,0.12125242,15.01,5.0,16.83,10.9999,-34.641117052881754,2.7332144979203887,-35.0564468211527
2021-10-14,NRXP,0.27436447,9.44,1.0,12.03,11.91,-0.9975062344139585,12.136325852036588,-6.47547797173732
2021-10-14,DRIO,0.11624622,13.48,2.0,15.047,16.105,7.031301920648625,9.922243636605298,-2.5054828204957857
2021-10-14,OPAD,0.11124849,8.09,3.0,8.99,8.2,-8.787541713014468,2.3348164627363666,-10.566184649610676
2021-10-14,SLE,0.10537994,3.29,4.0,3.6367,3.32,-8.708444468886622,0.8689196249346942,-8.98341903373937
2021-10-15,PWCM,0.42441857,3.44,1.0,4.91,4.72,-3.86965376782078,17.10794297352343,-10.997963340122197
2021-10-15,JSPR,0.3926282,12.48,2.0,17.38,16.4601,-5.29286536248561,8.630609896432674,-18.58457997698504
2021-10-15,SNOA,0.19191921,5.94,3.0,7.08,6.23,-12.005649717514121,1.6949152542372836,-14.830508474576265
2021-10-15,ABVC,0.15040648,2.46,4.0,2.83,2.69,-4.946996466431097,13.07420494699647,-11.660777385159015
2021-10-18,MGTX,0.24089634,14.28,1.0,17.72,18.35,3.5553047404063287,8.182279909706548,-6.659142212189617
2021-10-18,AGRO,0.10081518,8.93,2.0,9.83,9.63,-2.0345879959308144,3.4587995930823956,-2.8484231943031513
2021-10-19,WATT,0.27499998,2.0,1.0,2.55,2.195,-13.921568627450975,3.9215686274509887,-16.8627450980392
2021-10-19,OLB,0.19111967,5.18,2.0,6.17,5.57,-9.724473257698541,2.593192868719618,-14.10048622366289
2021-10-19,EDSA,0.13824284,7.74,3.0,8.81,8.21,-6.81044267877412,0.4540295119182636,-9.761634506242912
2021-10-20,BON,0.11230314,6.86,1.0,7.6304,7.3001,-4.328737680855532,28.040469700146776,-11.538058293143216
2021-10-21,DJT,0.2781124,9.96,1.0,12.73,42.87,236.76355066771401,308.483896307934,-0.8641005498821741
2021-10-21,AHG,0.16481185,18.87,2.0,21.98,9.5592,-56.50955414012739,1.8653321201091977,-59.09918107370336
2021-10-22,DJTWW,3.0194864,11.29,1.0,45.38,28.72,-36.7122080211547,74.57029528426618,-42.50771264874395
2021-10-22,DIBS,0.19572473,14.97,2.0,17.83,15.308,-14.144699943914741,6.561974200785214,-15.759955131800329
2021-10-22,LTRYW,0.15555549,2.7,3.0,3.12,3.115,-0.1602564102564097,15.384615384615374,-13.461538461538458
2021-10-22,YHGJ,0.12019229,2.08,5.0,2.33,2.52,8.154506437768227,46.351931330472105,-7.725321888412029
2021-10-25,PHUN,0.3638444,8.74,2.0,11.92,7.15,-40.016778523489926,0.6711409395973256,-44.211409395973156
2021-10-25,JSPR,0.19060051,11.49,3.0,13.68,11.7,-14.473684210526317,7.090643274853803,-15.935672514619881
2021-10-25,DIBS,0.15151513,15.51,4.0,17.86,17.73,-0.7278835386338112,0.7816349384098586,-11.982082866741317
2021-10-26,ROIV,0.28928983,7.04,1.0,9.0766,8.3401,-8.11427186391379,3.563008174867255,-14.615604962210515
2021-10-26,GRABW,0.28717947,3.9,2.0,5.02,3.665,-26.99203187250996,1.5776892430279021,-37.05179282868525
2021-10-26,LIDR,0.20898867,4.45,3.0,5.38,5.5,2.230483271375472,70.817843866171,-2.4163568773234223
2021-10-26,OCGN,0.1905781,9.34,4.0,11.12,9.175,-17.491007194244588,18.974820143884898,-25.225719424460426
2021-10-26,TIGR,0.18510163,8.86,5.0,10.5,8.665,-17.47619047619049,2.857142857142869,-18.85714285714286
2021-10-27,PHUN,0.15862072,4.35,1.0,5.03,4.66,-7.3558648111332054,12.326043737574555,-10.337972166998021
2021-10-28,DBGI,0.7590759,3.03,1.0,5.33,3.79,-28.893058161350847,24.577861163227,-32.457786116322694
2021-10-28,IFRX,0.48251748,2.86,2.0,4.24,4.03,-4.952830188679247,23.584905660377366,-14.150943396226412
2021-10-28,MYSE,0.19015968,7.52,3.0,8.95,7.9399,-11.286033519553074,5.586592178770955,-12.737430167597763
2021-10-28,CYH,0.15331352,10.11,4.0,11.66,12.0,2.9159519725557415,6.603773584905648,-5.488850771869647
2021-10-29,UAVS,0.14339626,2.65,2.0,3.03,2.885,-4.785478547854782,11.221122112211223,-10.231023102310221
2021-10-29,WBX,0.116915464,16.08,3.0,17.96,15.6,-13.14031180400892,2.8953229398663627,-15.089086859688205
2021-10-29,METC,0.10821259,15.89,4.0,17.61,18.6202,5.736513344690519,7.609312890403186,-2.3282226007950046
2021-11-01,SLDPW,0.19529414,4.25,1.0,5.08,4.85,-4.527559055118113,7.874015748031504,-10.433070866141737
2021-11-01,DBVT,0.118811965,3.03,2.0,3.39,3.25,-4.129793510324486,0.0,-7.079646017699126
2021-11-02,BRCC,0.4704684,9.82,1.0,14.44,11.2,-22.437673130193904,9.072022160664828,-23.822714681440438
2021-11-02,BBLG,0.28649628,5.48,2.0,7.05,5.345,-24.184397163120575,1.0198581560283637,-26.524822695035468
2021-11-02,SABS,0.24531436,8.43,3.0,10.49,9.22,-12.106768350810293,9.15157292659674,-20.39942802669209
2021-11-02,UA,0.1534419,19.03,4.0,21.95,21.735,-0.9794988610478339,2.414578587699312,-1.7767653758542168
2021-11-02,HLIT,0.10396576,9.33,5.0,10.3,10.55,2.4271844660194164,7.766019417475722,0.0
2021-11-03,INVE,0.15490091,19.69,1.0,22.74,22.415,-1.4291996481970104,5.54089709762533,-4.089709762532978
2021-11-03,GFAI,0.14798212,2.23,2.0,2.56,2.47,-3.515624999999989,3.125,-7.812500000000011
2021-11-03,OCGN,0.111040235,15.67,3.0,17.41,12.805,-26.450315910396327,1.378518093049963,-29.35094773118897
2021-11-03,CTEV,0.110360265,4.44,4.0,4.93,4.75,-3.6511156186612492,7.7079107505070965,-4.259634888438136
2021-11-04,EVAX,2.583077,6.5,1.0,23.31,12.66,-45.68854568854569,7.421707421707424,-48.51994851994852
2021-11-04,PETZ,0.70464134,2.37,2.0,4.04,4.0899,1.2351485148514918,15.594059405940586,-28.712871287128717
2021-11-04,QNST,0.32366085,13.44,3.0,17.79,15.5,-12.872400224845414,2.473299606520518,-15.233277121978638
2021-11-04,XRTX,0.26873386,3.87,4.0,4.91,3.8,-22.606924643584524,19.959266802443977,-36.456211812627295
2021-11-04,WBX,0.1405406,18.5,5.0,21.1,17.86,-15.355450236966828,0.0,-15.971563981042658
2021-11-05,IHRT,0.13052416,19.46,1.0,22.0,20.17,-8.318181818181813,1.8181818181818077,-13.840909090909104
2021-11-05,GPRO,0.12049544,8.88,2.0,9.93,9.575,-3.575025176233637,1.7119838872104776,-6.495468277945616
2021-11-05,FNKO,0.11595869,17.42,3.0,19.44,19.02,-2.1604938271605034,2.8806584362139898,-5.504115226337447
2021-11-05,MNR,0.11563516,18.86,4.0,21.03,21.08,0.2377555872562942,0.5230622919638606,-0.19020446980505534
2021-11-05,CNTY,0.11236322,13.71,5.0,15.2505,15.785,3.5048031212091324,4.193305137536463,-4.9211501262253705
2021-11-08,AUTL,0.30035973,5.56,1.0,7.23,7.0401,-2.6265560165975144,9.266943291839546,-6.5006915629322375
2021-11-08,EVGO,0.21292591,9.98,2.0,12.105,13.36,10.36761668731927,18.959107806691456,-8.13713341594383
2021-11-08,BGDE,0.19477439,12.63,3.0,15.09,13.3,-11.86216037110669,0.0,-13.850231941683234
2021-11-08,GOTU,0.1608392,2.86,4.0,3.32,3.145,-5.2710843373493965,3.0120481927710774,-10.24096385542168
2021-11-08,INTT,0.14710367,13.12,5.0,15.05,15.14,0.5980066445182786,2.857142857142847,-4.451827242524919
2021-11-09,EVGO,0.3123604,13.43,1.0,17.625,14.795,-16.05673758865248,0.7659574468085184,-19.546099290780138
2021-11-09,ATER,0.3001604,6.23,2.0,8.1,6.99,-13.703703703703695,2.592592592592613,-16.79012345679012
2021-11-09,TDUP,0.23309064,19.22,3.0,23.7,19.9,-16.03375527426161,0.0,-21.26582278481013
2021-11-09,INVZ,0.19198322,4.74,4.0,5.65,5.38,-4.778761061946913,0.3539823008849474,-9.557522123893802
2021-11-09,REAL,0.16618073,13.72,5.0,16.0,16.28,1.750000000000007,6.812499999999999,-4.437500000000005
2021-11-10,BEKE,0.10446966,19.79,1.0,21.86,22.335,2.172918572735605,5.215004574565429,-1.967063129002744
2021-11-11,FOSL,0.31430638,13.84,1.0,18.19,16.93,-6.926882902693798,9.950522264980744,-8.466190214403536
2021-11-11,PPSI,0.21515381,6.79,2.0,8.25,7.74,-6.181818181818177,22.18181818181819,-8.121212121212118
2021-11-11,OPEN,0.20645487,19.52,3.0,23.54,22.55,-4.2056074766355085,3.6533559898045853,-6.202209005947323
2021-11-11,SBH,0.1571114,18.14,4.0,20.99,19.965,-4.883277751310144,1.7151024297284545,-9.480705097665554
2021-11-11,KRMD,0.13120568,2.82,5.0,3.19,3.515,10.188087774294674,12.539184952978054,-4.702194357366773
2021-11-12,MITQ,0.2185185,2.7,1.0,3.29,3.25,-1.2158054711246202,6.382978723404253,-5.775075987841949
2021-11-12,MRAM,0.20972645,6.58,2.0,7.96,10.7,34.422110552763804,40.326633165829136,-0.5025125628140725
2021-11-12,RLX,0.18942416,4.49,3.0,5.34,4.95,-7.303370786516849,5.805243445692887,-8.988764044943808
2021-11-12,XPOF,0.17255497,19.53,4.0,22.9,23.535,2.7729257641921468,7.991266375545858,-5.065502183406112
2021-11-12,SWAG,0.14609051,4.86,5.0,5.57,5.71,2.5134649910233398,9.156193895870723,-4.847396768402168
2021-11-15,EYPT,0.37401855,14.01,1.0,19.25,14.1,-26.75324675324675,11.688311688311682,-27.10337662337662
2021-11-15,ABTC,0.20415223,2.89,2.0,3.48,3.27,-6.034482758620685,11.494252873563227,-11.494252873563216
2021-11-15,UAVS,0.13261652,2.79,3.0,3.16,2.685,-15.031645569620256,0.31645569620253333,-15.506329113924055
2021-11-15,OXBR,0.10644257,3.57,4.0,3.95,3.96,0.25316455696202667,5.822784810126569,-8.10126582278482
2021-11-15,JSPR,0.103773475,8.48,5.0,9.36,8.8,-5.982905982905972,0.8547008547008517,-8.86752136752137
2021-11-16,RXT,0.13142085,14.99,1.0,16.96,16.65,-1.827830188679258,9.080188679245271,-3.472877358490578
2021-11-16,LTRYW,0.12179494,3.12,2.0,3.5,2.91,-16.857142857142847,2.857142857142869,-31.14285714285714
2021-11-17,BTLN,0.18949223,16.94,1.0,20.15,17.0657,-15.306699751861041,4.218362282878418,-22.332506203473933
2021-11-17,APWC,0.15298498,2.68,2.0,3.09,3.04,-1.6181229773462702,3.23948220064727,-9.385113268608414
2021-11-17,BRTX,0.1406492,6.47,3.0,7.38,6.875,-6.842818428184283,0.0,-7.046070460704601
2021-11-18,KTTA,0.21848738,2.38,1.0,2.9,2.3906,-17.565517241379304,0.0,-19.6551724137931
2021-11-18,CRDF,0.15296376,5.23,2.0,6.03,6.19,2.6533996683250516,4.311774461028195,-7.131011608623561
2021-11-19,LGVN,0.7190684,6.87,1.0,11.81,9.92,-16.003386960203226,24.89415749364945,-24.21676545300594
2021-11-19,UWMC,0.21185982,5.52,2.0,6.69,6.455,-3.512705530642757,5.082212257100149,-5.08221225710016
2021-11-19,TUSK,0.15384614,2.21,3.0,2.55,2.48,-2.7450980392156765,8.62745098039217,-9.4078431372549
2021-11-19,CNTX,0.12134826,4.45,4.0,4.99,4.881,-2.184368737474951,18.23647294589179,-4.208416833667339
2021-11-19,PHUN,0.10764873,3.53,5.0,3.91,3.685,-5.754475703324813,5.3708439897698135,-9.462915601023026
2021-11-22,VG,0.24799514,16.37,1.0,20.42,20.65,1.1263467189030152,1.9588638589618013,-0.2203721841332107
2021-11-22,PRFX,0.14410484,2.29,2.0,2.62,2.28,-12.977099236641232,7.6335877862595325,-19.465648854961838
2021-11-22,SY,0.13643134,4.32,3.0,4.91,4.8,-2.2403258655804503,0.0,-7.128309572301439
2021-11-22,BSAC,0.10508466,17.98,4.0,19.87,19.65,-1.1071967790639237,1.4594866633115267,-4.3281328636134875
2021-11-23,ISPC,0.8967905,8.88,1.0,16.99,12.9394,-23.84108298999411,8.887580929958805,-34.0788699234844
2021-11-23,APVO,0.4675926,6.48,2.0,9.51,16.4495,72.97055730809674,132.17560462670872,-12.092534174553105
2021-11-23,SPRU,0.15301728,4.64,3.0,5.35,4.95,-7.476635514018682,19.25233644859814,-9.887850467289717
2021-11-23,RLX,0.12637019,4.91,4.0,5.53,4.945,-10.578661844484627,6.690777576853524,-13.200723327305608
2021-11-24,GAME,0.19182384,3.18,1.0,3.79,3.77,-0.527704485488123,13.453825857519796,-8.970976253298147
2021-11-24,QTEX,0.13636363,2.86,2.0,3.25,3.15,-3.076923076923077,8.307692307692305,-8.923076923076923
2021-11-24,ORMP,0.114840984,18.21,4.0,20.31,18.96,-6.6469719350073735,8.911866075824726,-11.373707533234857
2021-11-24,SLI,0.11264372,8.7,5.0,9.68,10.52,8.677685950413228,10.950413223140497,-5.165289256198347
2021-11-26,ISPC,0.79509807,10.2,1.0,18.31,19.1001,4.315128345166586,34.73457127252868,-10.322228290551594
2021-11-26,BFRI,0.37931037,5.22,2.0,7.2,7.85,9.027777777777768,31.805555555555554,-8.611111111111114
2021-11-26,GOVX,0.23195875,3.88,3.0,4.78,4.75,-0.6276150627615107,4.602510460251041,-12.550209205020913
2021-11-26,IVVD,0.1745863,18.73,4.0,22.01,24.99,13.53930031803725,26.578827805542925,-3.6347114947751002
2021-11-26,SABS,0.103370786,8.9,5.0,9.82,10.99,11.914460285132389,12.016293279022406,-5.498981670061109
2021-11-29,NRXP,0.4962963,6.75,1.0,10.1,8.05,-20.29702970297028,2.871287128712874,-23.66336633663366
2021-11-29,CMPX,0.16149068,3.22,2.0,3.74,3.0,-19.786096256684495,0.2406417112299497,-20.588235294117652
2021-11-29,QTEX,0.13333333,3.3,3.0,3.76,3.409,-9.335106382978719,0.7978723404255428,-16.223404255319153
2021-11-29,FRMM,0.10905731,5.41,4.0,6.0,5.63,-6.166666666666664,7.000000000000006,-8.166666666666666
2021-11-29,ATEC,0.106906295,10.57,5.0,11.07,10.87,-1.806684733514008,7.949412827461599,-4.9683830171635135
2021-11-30,CPIX,0.8773042,2.2,1.0,4.13,4.86,17.67554479418887,32.68523002421306,-2.4213075060532607
2021-11-30,PPSI,0.416705,7.63,2.0,10.81,10.03,-7.215541165587425,10.63829787234043,-23.311748381128595
2021-11-30,LITS,0.15107727,2.45,3.0,2.82,3.43,21.63120567375887,25.886524822695044,-2.127659574468088
2021-11-30,MDXH,0.10509217,9.23,4.0,10.2,9.08,-10.98039215686274,0.0,-12.843137254901949
2021-11-30,CNTX,0.10215056,5.58,5.0,6.15,6.81,10.731707317073159,13.008130081300816,-3.577235772357734
2021-12-01,SVRN,0.9501916,5.22,1.0,10.23,6.4012,-37.427174975562075,5.0830889540566915,-39.985337243401766
2021-12-01,ABUS,0.59375,3.2,2.0,5.15,4.675,-9.223300970873794,26.2135922330097,-19.805825242718456
2021-12-01,CNTX,0.17296505,6.88,3.0,8.07,7.22,-10.532837670384144,34.69640644361833,-12.391573729863692
2021-12-01,BBW,0.13834262,17.06,4.0,19.41,21.53,10.922205048943855,20.24678001030398,-4.585265327150956
2021-12-01,ROIV,0.13423824,6.63,5.0,7.52,8.96,19.14893617021278,29.920212765957444,-5.585106382978722
2021-12-02,OMER,0.22287393,6.82,1.0,8.34,7.34,-11.990407673860915,1.3177458033573064,-18.705035971223015
2021-12-02,GRAB,0.18574023,11.01,2.0,13.055,8.7999,-32.59364228265033,1.8000765990042078,-37.72500957487552
2021-12-02,PHUN,0.1415385,3.25,3.0,3.7,3.475,-6.081081081081086,9.189189189189184,-9.189189189189195
2021-12-02,RLX,0.109371066,4.11,4.0,4.555,4.375,-3.9517014270032846,2.9637760702524885,-14.379802414928644
2021-12-03,LGVN,0.36833334,18.0,1.0,24.63,20.3507,-17.374340235485175,5.5623223710921765,-18.757612667478675
2021-12-03,BZFD,0.12714434,9.91,2.0,11.17,9.56,-14.413607878245294,0.5452103849597156,-23.903312444046556
2021-12-03,ISPC,0.11163151,12.81,3.0,14.24,13.1666,-7.537921348314603,19.10112359550562,-13.9747191011236
2021-12-03,PRCH,0.1051805,19.11,4.0,21.12,17.64,-16.47727272727273,0.0,-18.844696969696972
2021-12-06,TACO,0.6466826,7.53,1.0,12.41,12.52,0.8863819500402936,1.047542304593052,-0.16116035455278066
2021-12-06,ACET,0.39285707,9.8,2.0,13.65,13.57,-0.586080586080584,14.79853479853479,-9.157509157509159
2021-12-06,RUMBW,0.37023532,3.4,3.0,4.6588,3.7951,-18.5391087833777,6.250536618871805,-32.171374602902034
2021-12-06,RUM,0.22352946,11.9,4.0,14.56,12.85,-11.744505494505496,6.318681318681318,-17.582417582417587
2021-12-06,DJTWW,0.18963432,15.1307,5.0,18.0,13.62,-24.33333333333334,1.4999999999999902,-24.72222222222222
2021-12-07,GEVO,0.21359217,5.15,1.0,6.25,5.525,-11.6,0.8000000000000007,-13.280000000000003
2021-12-07,DJTWW,0.13469982,13.66,2.0,15.5,16.15,4.193548387096757,8.064516129032251,-6.451612903225811
2021-12-07,BJDX,0.12840462,2.57,3.0,2.9,2.66,-8.275862068965512,2.0689655172413834,-11.03448275862069
2021-12-07,JMIA,0.12466121,11.07,4.0,12.45,13.255,6.465863453815279,12.931726907630537,-0.48192771084336616
2021-12-07,ACAD,0.12391758,19.4,5.0,21.804,21.27,-2.44909190974133,0.25683360851220804,-9.14511098880939
2021-12-08,TULP,0.2331407,10.38,1.0,12.8,19.4319,51.81171874999999,94.140625,-5.000000000000004
2021-12-08,DARE,0.14532602,2.122,2.0,2.435,2.125,-12.73100616016427,3.0800821355235986,-17.453798767967154
2021-12-08,RLX,0.10742247,3.91,3.0,4.33,4.755,9.815242494226318,13.856812933025386,-4.157043879907619
2021-12-09,QTEX,1.2527881,2.69,1.0,6.06,4.7402,-21.778877887788784,2.970297029702973,-25.412541254125422
2021-12-09,ENSC,0.81543624,2.98,2.0,5.41,5.02,-7.208872458410365,15.896487985212548,-17.375231053604445
2021-12-09,CHAI,0.21495318,4.28,3.0,5.195,4.07,-21.655437921077958,5.414821944177084,-23.195380173243507
2021-12-09,APRE,0.13616502,4.12,4.0,4.64,4.22,-9.05172413793104,1.2931034482758674,-12.5
2021-12-09,EVGO,0.12366474,12.17,5.0,13.675,12.8002,-6.397074954296167,0.6215722120658018,-7.861060329067648
2021-12-10,CNTX,0.18210864,6.26,1.0,7.4,5.4453,-26.414864864864875,3.378378378378377,-31.081081081081084
2021-12-10,EFOI,0.16430604,3.53,2.0,4.11,3.37,-18.004866180048662,0.48661800486617945,-21.89781021897811
2021-12-10,WEAV,0.13367808,13.54,3.0,15.35,14.565,-5.1140065146579765,0.0,-6.38436482084691
2021-12-10,CXM,0.10954845,13.51,4.0,14.99,14.95,-0.26684456304203463,9.339559706470979,-2.3348899266177447
2021-12-10,NU,0.10842204,10.33,5.0,11.45,11.5,0.4366812227074357,3.318777292576436,-14.410480349344967
2021-12-13,FHTX,0.51042545,11.99,1.0,18.11,18.59,2.650469353948104,4.914411927112106,-15.73716178906681
2021-12-13,BFRI,0.23836124,5.37,2.0,6.63,6.7299,1.50678733031675,24.434389140271495,-12.217194570135737
2021-12-13,JWEL,0.102391005,14.9,4.0,16.4255,16.6714,1.4970624942924005,2.584396213205098,-12.14879303521963
2021-12-15,RUMBW,0.37837732,2.65,1.0,3.6527,3.25,-11.02472143893558,1.2949325156733416,-18.933939277794497
2021-12-15,BFRI,0.2763636,5.5,2.0,7.02,6.8479,-2.4515669515669414,12.393162393162394,-7.264957264957261
2021-12-15,PRM,0.21592772,12.18,3.0,14.81,12.3,-16.94800810263335,0.0,-19.311276164753554
2021-12-15,RUM,0.13232684,11.26,4.0,12.75,12.57,-1.4117647058823457,0.39215686274509665,-9.176470588235297
2021-12-15,CABA,0.11607146,3.36,5.0,3.75,3.945,5.200000000000005,6.666666666666665,-10.666666666666668
2021-12-16,AMZE,0.116573095,7.12,2.0,7.95,7.1,-10.691823899371078,0.0,-12.578616352201255
2021-12-16,PRLD,0.1161654,13.3,3.0,14.845,13.74,-7.443583698214895,4.883799259009769,-8.858201414617728
2021-12-16,TE,0.105691075,11.31,4.0,12.51,11.49,-8.153477218225413,2.31814548361311,-9.512390087929656
2021-12-16,STLN,0.10080004,6.25,5.0,6.88,6.34,-7.848837209302328,31.104651162790688,-15.261627906976738
2021-12-17,SPRB,0.15725803,2.48,1.0,2.86,5.3894,88.44055944055947,102.79720279720279,-4.195804195804187
2021-12-17,ALZN,0.14541352,2.53,2.0,2.8979,2.44,-15.801097346354254,4.903550847165183,-17.8715621657062
2021-12-17,IVVD,0.1269393,14.18,3.0,15.98,11.305,-29.255319148936177,7.008760951188986,-32.35294117647059
2021-12-20,LCTX,0.13207555,2.12,1.0,2.4,2.595,8.125000000000004,8.54166666666667,-2.500000000000002
2021-12-20,FSM,0.13043475,3.22,2.0,3.64,3.7701,3.574175824175807,6.043956043956045,-1.0961538461538578
2021-12-20,OCGN,0.10305357,5.24,3.0,5.77,5.14,-10.918544194107449,0.17331022530331364,-12.651646447140374
2021-12-21,EZRA,1.462295,3.05,1.0,7.51,5.47,-27.163781624500672,9.853528628495333,-32.090545938748335
2021-12-21,BFRI,0.30971134,7.62,2.0,9.98,10.9,9.218436873747503,46.5931863727455,-4.007014028056122
2021-12-21,PPSI,0.3066002,7.05,3.0,9.21,8.345,-9.39196525515744,4.234527687296397,-12.812160694896868
2021-12-21,QSI,0.1374408,6.33,4.0,7.2,7.765,7.8472222222222054,16.666666666666675,-0.2777777777777879
2021-12-21,EMBJ,0.12281978,13.9,5.0,15.6,16.05,2.8846153846153966,4.807692307692313,-1.3461538461538414
2021-12-22,BRTX,0.2954048,4.57,1.0,5.88,5.39,-8.333333333333337,6.292517006802734,-20.238095238095234
2021-12-22,TYRA,0.122606635,12.43,2.0,13.954,14.24,2.049591514977789,3.0528880607711084,-8.413358176866858
2021-12-23,ENSC,0.19318187,4.84,1.0,5.76,5.105,-11.371527777777768,21.52777777777779,-15.598958333333323
2021-12-23,XXII,0.118181825,2.2,2.0,2.46,3.05,23.983739837398367,43.08943089430895,-9.349593495934961
2021-12-23,TKC,0.110717416,3.7,3.0,4.11,3.892,-5.304136253041369,0.24330900243307862,-5.596107055961086
2021-12-28,TULP,0.38648176,11.54,1.0,16.0,19.24,20.24999999999999,46.24937499999999,-1.4368750000000041
2021-12-28,EZRA,0.34839916,5.31,2.0,7.16,5.9603,-16.755586592178773,2.6522346368714977,-20.67039106145252
2021-12-28,SCNI,0.31330466,2.33,3.0,3.06,2.46,-19.60784313725491,0.0,-21.895424836601308
2021-12-28,KNDI,0.12874258,3.34,4.0,3.77,3.5001,-7.15915119363395,1.8567639257294433,-7.427055702917762
2021-12-28,LGVN,0.10986364,12.47,5.0,13.84,12.33,-10.910404624277458,9.465317919075144,-12.644508670520228
2021-12-29,TULP,0.26445842,19.02,1.0,24.05,22.905,-4.760914760914758,24.365904365904356,-9.355509355509351
2021-12-29,CPOP,0.1731602,2.31,2.0,2.72,3.2117,18.07720588235293,27.205882352941167,-5.5147058823529544
2021-12-29,NRXP,0.102222204,4.5,3.0,4.96,4.99,0.6048387096774244,4.8387096774193505,-7.661290322580639
2021-12-30,EZRA,0.2032001,6.25,1.0,7.51,6.6,-12.117177097203735,2.929427430093212,-15.179760319573898
2022-01-03,CELZ,0.595122,2.05,1.0,3.27,3.18,-2.752293577981646,18.654434250764517,-9.480122324159023
2022-01-03,UCL,0.29215693,5.1,2.0,6.59,3.8,-42.33687405159332,0.0,-46.889226100151745
2022-01-03,CHAI,0.2337662,3.08,3.0,3.8,3.7009,-2.607894736842109,12.89473684210527,-8.42105263157894
2022-01-03,XERS,0.21810699,2.43,4.0,2.96,2.795,-5.57432432432432,4.729729729729737,-7.432432432432423
2022-01-03,BDSX,0.1859411,4.41,5.0,5.23,5.79,10.707456978967489,11.854684512428282,-1.5296367112810683
2022-01-04,IMMX,0.2923875,5.78,1.0,7.45,6.4217,-13.802684563758383,4.026845637583887,-21.342281879194623
2022-01-04,ISPC,0.20099258,8.06,2.0,9.68,8.6584,-10.553719008264462,1.2396694214876103,-13.429752066115697
2022-01-05,LGVN,0.23879313,11.6,1.0,14.37,11.935,-16.945024356297832,2.9227557411273475,-17.814892136395255
2022-01-05,EWTX,0.16333127,15.49,2.0,18.02,18.96,5.216426193118773,14.927857935627099,-10.044395116537174
2022-01-05,SENS,0.14925373,2.68,3.0,3.08,2.805,-8.92857142857143,0.32467532467532756,-9.740259740259749
2022-01-05,STTK,0.11688304,8.47,4.0,9.46,7.95,-15.961945031712476,0.0,-16.490486257928126
2022-01-05,BDSX,0.10188687,5.3,5.0,5.84,5.35,-8.390410958904116,2.6934931506849447,-9.246575342465757
2022-01-06,RUMBW,0.113333344,3.0,1.0,3.34,3.12,-6.586826347305386,0.0,-17.664670658682635
2022-01-06,CHAI,0.105919,3.21,2.0,3.55,3.2299,-9.016901408450694,0.0,-9.695774647887323
2022-01-07,ABSI,0.4837134,6.14,1.0,9.11,7.2081,-20.87705817782656,1.6465422612513825,-22.283205268935234
2022-01-10,TLRY,0.11526477,6.42,1.0,7.16,7.285,1.745810055865915,9.49720670391061,-2.9329608938547524
2022-01-11,BDTX,0.1326667,4.5,1.0,5.097,5.09,-0.1373356876594234,2.216990386501849,-6.611732391602921
2022-01-11,DSGN,0.10469723,17.67,2.0,19.52,17.865,-8.478483606557386,0.0,-12.397540983606547
2022-01-12,IMMX,0.3020259,5.43,1.0,7.07,6.43,-9.052333804809065,7.4950495049504795,-12.022630834512027
2022-01-12,BJDX,0.15693426,2.74,2.0,3.17,2.75,-13.249211356466873,0.9463722397476504,-14.195583596214501
2022-01-12,OCGN,0.10576928,4.16,3.0,4.61,4.15,-9.97830802603037,0.6507592190889255,-9.97830802603037
2022-01-12,INTT,0.10041845,11.95,4.0,13.15,12.82,-2.5095057034220547,0.684410646387823,-4.790874524714839
2022-01-13,IVVD,0.15951979,5.83,1.0,6.76,5.185,-23.298816568047343,0.14792899408284654,-23.372781065088756
2022-01-13,BTCS,0.14624202,6.7,2.0,7.68,6.8,-11.458333333333337,15.625000000000021,-16.276041666666664
2022-01-13,ISPC,0.13030744,6.83,3.0,7.72,6.93,-10.23316062176166,0.5181347150259086,-11.269430051813478
2022-01-14,REVB,0.23317754,7.49,1.0,9.2365,6.8997,-25.29962648189249,0.14615925945975494,-28.97742651437233
2022-01-18,BMEA,0.10575855,9.03,1.0,9.985,7.355,-26.339509263895835,0.0,-28.492739108662988
2022-01-19,EDVA,0.5323076,3.25,1.0,4.98,4.1001,-17.668674698795183,2.8092369477911605,-21.084337349397597
2022-01-19,AMZE,0.20357144,5.6,2.0,6.74,7.0317,4.327893175074182,10.682492581602364,-9.198813056379828
2022-01-19,SOFI,0.19154227,12.06,3.0,14.37,13.785,-4.07098121085594,0.13917884481560172,-6.958942240779398
2022-01-19,RUMBW,0.11140227,3.815,4.0,4.24,3.84,-9.433962264150953,0.0,-10.377358490566046
2022-01-20,MYSE,0.14715719,2.99,1.0,3.43,3.3099,-3.501457725947532,20.699708454810484,-4.373177842565612
2022-01-24,BTBD,0.53970826,2.468,1.0,3.8,3.07,-19.21052631578948,3.157894736842115,-36.8421052631579
2022-01-26,SLI,0.104545474,6.6,1.0,7.29,7.05,-3.292181069958855,1.7832647462276974,-9.053497942386834
2022-01-26,ONDS,0.10375273,4.53,2.0,5.01,4.42,-11.776447105788424,6.387225548902209,-12.774451097804384
2022-01-27,SATL,0.1296295,8.1,1.0,9.15,5.82,-36.39344262295082,0.0,-38.25136612021858
2022-01-28,KSCP,0.1962775,5.91,1.0,7.07,16.07,127.2984441301273,127.2984441301273,-10.466760961810472
2022-01-28,EMPD,0.14021158,3.78,2.0,4.31,2.9799,-30.860788863109036,2.5522041763341052,-36.42691415313224
2022-01-28,MRAM,0.10651624,7.98,3.0,8.83,9.25,4.756511891279724,5.662514156285381,-6.568516421291049
2022-01-28,AVAH,0.105555534,5.4,4.0,5.97,5.345,-10.469011725293132,0.0,-12.981574539363471
2022-01-31,QTEX,0.43913043,2.3,1.0,3.31,3.0501,-7.851963746223567,6.9486404833836835,-19.63746223564954
2022-01-31,FGI,0.34748006,3.77,2.0,5.08,4.7699,-6.10433070866142,23.03149606299213,-11.41732283464567
2022-01-31,KSCP,0.17588711,16.29,3.0,19.1551,21.575,12.633189072361928,43.56489916523536,-4.203058193379306
2022-01-31,TKLF,0.103003025,3.4,4.0,3.75,4.2,12.00000000000001,21.599999999999998,-7.9999999999999964
2022-02-01,AMC,0.1300857,16.06,1.0,18.15,16.89,-6.942148760330569,3.0853994490358305,-8.980716253443521
2022-02-02,ATI,0.12812328,18.81,1.0,21.22,21.93,3.345900094250709,6.880301602262029,-2.639019792648434
2022-02-03,BON,0.19465077,3.365,1.0,4.03,4.11,1.985111662531014,7.44168734491315,-5.459057071960305
2022-02-04,ANY,0.13419914,2.31,1.0,2.62,3.095,18.12977099236641,30.15267175572518,-4.580152671755733
2022-02-04,EGAN,0.110447764,10.05,2.0,11.16,12.75,14.247311827956999,16.30824372759856,-1.4336917562724039
2022-02-07,ANGH,0.41685307,12.0688,1.0,16.9,18.99,12.366863905325442,36.68639053254439,-2.5443786982248473
2022-02-07,PHUN,0.1889764,2.54,2.0,3.02,2.89,-4.304635761589404,13.576158940397365,-5.96026490066226
2022-02-07,IMMX,0.106659055,4.37,3.0,4.8361,4.81,-0.5396910733855842,4.216207274456685,-5.915923988337712
2022-02-07,RUMBW,0.105263114,3.8,4.0,4.2,4.6301,10.240476190476189,71.9047619047619,-6.904761904761902
2022-02-10,BRCC,0.2256453,12.01,1.0,14.72,15.4,4.619565217391308,25.67934782608694,-7.540760869565222
2022-02-10,LUCK,0.19161022,7.72,2.0,9.2,8.78,-4.565217391304344,1.9565217391304568,-6.0869565217391175
2022-02-10,INVA,0.11307645,15.83,3.0,17.62,17.9651,1.958569807037458,4.704880817253132,-1.8161180476730987
2022-02-11,MODD,0.56334233,3.71,1.0,5.8,4.17,-28.103448275862064,4.31034482758621,-30.6896551724138
2022-02-11,BRCC,0.20524299,15.64,2.0,18.85,16.05,-14.854111405835546,2.1220159151193574,-16.39257294429709
2022-02-11,SRTS,0.106870174,7.86,3.0,8.7,8.1295,-6.557471264367809,5.747126436781613,-9.655172413793089
2022-02-14,BNC,0.1428572,2.31,1.0,2.64,2.62,-0.7575757575757569,2.2727272727272707,-14.772727272727282
2022-02-14,KSCP,0.13708866,6.32,2.0,7.1863,8.4498,17.582065875346142,30.24644114495636,-7.741118517178524
2022-02-14,KELYA,0.11386764,17.25,3.0,19.21,20.83,8.433107756376867,9.630400832899522,0.0
2022-02-14,DRCT,0.100000024,3.0,4.0,3.3,2.72,-17.575757575757567,10.303030303030303,-19.393939393939384
2022-02-15,GCMG,0.14517844,9.3,1.0,10.05,10.005,-0.4477611940298498,5.970149253731338,-2.189054726368167
2022-02-15,RLGT,0.12576687,6.52,2.0,7.34,7.06,-3.8147138964577665,4.223433242506824,-4.495912806539515
2022-02-15,AKTS,0.100746274,5.36,3.0,5.9,6.09,3.22033898305083,8.296610169491526,-1.4898305084745767
2022-02-15,HIVE,0.100000024,2.0,4.0,2.2,2.205,0.2272727272727204,2.2727272727272707,-4.090909090909101
2022-02-17,ACVA,0.1061151,11.12,1.0,12.32,12.575,2.0698051948051965,11.120129870129869,-3.490259740259738
2022-02-18,NRGV,0.6522522,11.1,1.0,18.34,12.28,-33.04252998909488,1.2540894220283594,-36.095965103598694
2022-02-22,NVCT,0.23549485,5.86,1.0,7.24,6.43,-11.187845303867405,6.352209944751386,-13.674033149171272
2022-02-22,PHUN,0.1289308,3.18,2.0,3.59,3.265,-9.052924791086348,0.8356545961002881,-12.534818941504167
2022-02-22,OCGN,0.112716675,3.46,3.0,3.85,4.27,10.90909090909089,17.66233766233767,-3.3766233766233777
2022-02-23,INDO,0.2318393,6.47,1.0,7.98,7.4,-7.2681704260651685,5.764411027568905,-14.411027568922307
2022-02-23,SKIN,0.16043603,12.84,2.0,14.9,16.645,11.71140939597315,22.013422818791952,-0.3355704697986628
2022-02-23,PANL,0.12983072,5.08,3.0,5.74,5.02,-12.543554006968648,1.895470383275244,-13.588850174216027
2022-02-23,QUCY,0.1271249,13.53,4.0,15.25,14.64,-3.9999999999999925,0.06557377049181135,-6.196721311475417
2022-02-23,RLMD,0.122058034,18.27,5.0,20.5,19.665,-4.073170731707321,0.24390243902439046,-5.902439024390249
2022-02-24,INDO,0.87624764,7.515,1.0,14.1,11.0011,-21.978014184397164,2.624113475177303,-33.47517730496453
2022-02-24,GBR,0.130597,2.68,2.0,3.03,2.86,-5.610561056105611,11.221122112211223,-16.171617161716167
2022-02-24,NEXT,0.100000024,2.6,3.0,2.86,2.805,-1.9230769230769162,4.895104895104896,-8.391608391608385
2022-02-25,OPLN,0.6106647,13.69,1.0,22.05,18.975,-13.94557823129251,0.22675736961450532,-16.597732426303857
2022-02-25,UUU,0.3487289,2.98,2.0,4.02,3.88,-3.482587064676612,9.266169154228866,-16.915422885572127
2022-02-25,CISO,0.15430272,3.37,3.0,3.89,3.75,-3.598971722365041,14.910025706940866,-11.568123393316199
2022-02-25,PLTK,0.11118293,18.01,5.0,20.02,21.225,6.018981018981018,6.393606393606399,-2.9970029970029843
2022-02-28,FHN,0.32347262,18.25,1.0,24.15,23.48,-2.7743271221531973,0.3726708074534235,-3.39544513457557
2022-02-28,INDO,0.20283806,11.98,2.0,14.41,13.12,-8.952116585704372,5.135322692574595,-12.8383067314365
2022-02-28,ALF,0.16019428,2.06,3.0,2.39,2.3191,-2.966527196652713,8.786610878661083,-13.389121338912148
2022-02-28,SRG,0.12798262,9.22,4.0,10.4,10.21,-1.8269230769230704,1.538461538461533,-3.076923076923077
2022-02-28,IMPP,0.11428571,2.1,5.0,2.34,2.4,2.564102564102577,20.512820512820507,-8.119658119658112
2022-03-01,RCEL,0.16956532,9.2,1.0,10.76,10.535,-2.091078066914498,2.230483271375472,-4.739776951672859
2022-03-01,RVMD,0.15010571,18.92,2.0,21.76,18.54,-14.797794117647067,1.0569852941176405,-16.314338235294123
2022-03-01,DDD,0.14927053,17.82,3.0,20.48,17.23,-15.869140625,0.146484375,-16.30859375
2022-03-01,EDIT,0.11214948,17.12,4.0,19.06,17.4601,-8.394018887722975,1.2591815320042166,-10.703043022035674
2022-03-01,AVIR,0.10410094,6.34,5.0,7.0,6.469,-7.5857142857142845,4.571428571428582,-13.285714285714278
2022-03-02,BORR,0.20179367,2.13,1.0,2.56,2.695,5.2734375,7.03125,-7.421875
2022-03-02,INDO,0.1790353,10.78,2.0,12.71,14.44,13.611329661683701,19.689221085759236,-7.159716758457913
2022-03-02,PSFE,0.16262972,2.89,3.0,3.3599,3.045,-9.372302747105577,2.6816274293877784,-11.003303669752073
2022-03-02,SOFI,0.15625,11.2,4.0,12.95,11.57,-10.656370656370651,0.38610038610038533,-11.119691119691122
2022-03-02,ARLO,0.15092158,8.68,5.0,9.99,11.2175,12.287287287287274,15.115115115115119,-1.5515515515515443
2022-03-03,INDO,0.5344827,14.5,1.0,22.25,19.675,-11.573033707865166,13.483146067415742,-21.25842696629213
2022-03-03,RMNI,0.2538631,4.53,2.0,5.68,5.74,1.0563380281690238,6.866197183098599,-4.401408450704225
2022-03-03,IMPP,0.16990292,2.06,3.0,2.41,2.195,-8.921161825726154,7.883817427385886,-18.672199170124493
2022-03-03,CAN,0.15711653,5.41,4.0,6.26,6.245,-0.23961661341852514,4.472843450479247,-5.4313099041533475
2022-03-03,EOSE,0.13358784,2.62,5.0,2.97,3.1,4.377104377104368,28.95622895622896,-3.703703703703709
2022-03-04,FNKO,0.14719105,17.8,1.0,20.4,19.58,-4.019607843137251,2.205882352941191,-6.764705882352939
2022-03-07,IMPP,0.3846153,3.38,1.0,4.68,7.0799,51.279914529914535,79.48717948717952,-7.051282051282048
2022-03-07,CLOV,0.16363633,2.2,2.0,2.56,2.605,1.7578125,9.765625,-3.125
2022-03-08,BSIN,0.58690965,6.32,2.0,10.03,7.34,-26.81954137587238,38.78364905284148,-36.88933200398803
2022-03-08,AGIG,0.4079647,11.3,3.0,15.91,6.853,-56.926461345066,4.399748585795082,-62.853551225644246
2022-03-08,BRN,0.30735195,4.88,4.0,6.38,3.85,-39.6551724137931,0.0,-51.09717868338558
2022-03-08,VYGR,0.22137403,3.93,5.0,4.8,5.24,9.166666666666679,19.583333333333353,-1.041666666666663
2022-03-09,BMBL,0.32052827,16.66,1.0,22.0,23.53,6.954545454545458,12.5,-0.09090909090908594
2022-03-09,ASTS,0.29037035,6.75,2.0,8.71,9.9,13.662456946039025,31.80252583237657,-9.873708381171076
2022-03-09,EOSE,0.2662722,3.38,3.0,4.28,3.41,-20.327102803738317,2.5700934579439227,-23.130841121495326
2022-03-09,DRTS,0.17212427,11.91,4.0,13.96,9.25,-33.73925501432665,0.0,-40.79154727793697
2022-03-09,HTOO,0.16261196,7.81,5.0,9.08,8.77,-3.4140969162995694,1.1002202643171755,-8.480176211453738
2022-03-10,AGIG,0.15844154,7.7,1.0,8.92,8.46,-5.156950672645733,10.762331838565032,-13.00448430493274
2022-03-10,LGVN,0.15417254,7.07,2.0,8.16,6.8625,-15.900735294117652,7.843137254901977,-21.200980392156865
2022-03-10,IMPP,0.13636363,5.06,3.0,5.75,5.0,-13.043478260869568,7.652173913043492,-17.739130434782602
2022-03-11,SHLS,0.20268536,15.64,1.0,18.62,17.955,-3.571428571428581,1.7185821697099923,-10.150375939849631
2022-03-11,PSO,0.18998182,8.69,2.0,10.34,10.195,-1.4023210831721422,0.9671179883945724,-5.222437137330749
2022-03-11,CUE,0.12903225,4.96,3.0,5.6,4.795,-14.374999999999993,0.0,-16.607142857142854
2022-03-11,CLLS,0.123809576,4.2,4.0,4.72,4.37,-7.415254237288127,1.0593220338982912,-8.05084745762712
2022-03-11,ALTO,0.11455476,5.84,5.0,6.44,6.13,-4.813664596273304,1.1024844720496807,-11.956521739130444
2022-03-14,AVX,0.21904767,3.15,1.0,3.84,4.02,4.6875,27.083333333333325,-8.072916666666663
2022-03-14,MGLD,0.18004858,4.11,2.0,4.85,3.4,-29.89690721649484,6.185567010309301,-39.793814432989684
2022-03-14,KSCP,0.1163708,5.07,3.0,5.66,5.44,-3.886925795052998,19.257950530035338,-5.989399293286224
2022-03-15,ASLE,0.10452962,14.35,1.0,15.85,15.2,-4.100946372239756,4.858044164037856,-5.55205047318611
2022-03-16,YMM,0.48593032,5.0,1.0,7.43,6.835,-8.008075370121126,0.1345895020188559,-15.208613728129205
2022-03-16,BEKE,0.43495643,9.06,2.0,13.0,14.8399,14.153076923076924,17.692307692307697,-3.538461538461546
2022-03-16,BILI,0.32926822,18.86,3.0,25.07,27.98,11.607499002792188,12.046270442760276,-9.413641802951734
2022-03-16,DDL,0.30980396,2.55,4.0,3.34,4.295,28.59281437125749,28.742514970059887,-7.778443113772449
2022-03-16,KC,0.30218065,3.21,5.0,4.18,5.5977,33.91626794258373,45.933014354066984,-6.2200956937799035
2022-03-17,IMPP,0.19117653,2.04,1.0,2.43,2.325,-4.320987654320985,15.226337448559658,-7.407407407407418
2022-03-17,NINE,0.15537858,2.51,2.0,2.91,2.985,2.577319587628857,11.340206185567014,-3.436426116838487
2022-03-17,AGIG,0.12727273,5.5,3.0,6.2,6.66,7.41935483870968,19.030645161290316,0.0
2022-03-18,STNE,0.2835369,9.61,1.0,12.34,13.705,11.061588330632087,12.641815235008114,-2.025931928687197
2022-03-18,IMPP,0.17402518,2.325,2.0,2.73,2.338,-14.358974358974352,3.663003663003672,-17.582417582417587
2022-03-18,SBFM,0.14191425,3.03,3.0,3.46,3.2135,-7.124277456647398,0.5780346820809301,-10.404624277456643
2022-03-18,IXHL,0.13772953,11.98,4.0,13.63,12.35,-9.391049156272935,13.206162876008797,-10.858400586940576
2022-03-18,DAVE,0.10615575,7.96,5.0,8.805,10.11,14.821124361158432,18.2282793867121,-11.030096536059053
2022-03-21,COCO,0.10113633,8.8,1.0,9.69,9.16,-5.469556243550045,0.9287925696594312,-7.946336429308564
2022-03-21,CMPS,0.10036898,13.55,2.0,14.91,13.84,-7.176391683433936,2.6887994634473555,-8.651911468812878
2022-03-22,BGDE,0.17026377,4.17,1.0,4.88,4.4,-9.83606557377048,0.0,-12.090163934426224
2022-03-22,ZH,0.1576922,2.6,2.0,3.01,2.845,-5.481727574750817,5.980066445182719,-6.312292358803983
2022-03-22,GEVO,0.13071895,4.59,3.0,5.19,4.685,-9.73025048169558,5.780346820809235,-11.368015414258203
2022-03-23,SIDU,0.11421323,3.94,1.0,4.39,4.059,-7.539863325740304,0.0,-10.022779043280172
2022-03-24,CD,0.42391777,2.1,1.0,2.99,2.7,-9.6989966555184,2.341137123745818,-21.4046822742475
2022-03-24,JXG,0.2751479,3.38,2.0,4.31,4.3099,-0.0023201856148458155,30.626450116009284,-11.600928074245932
2022-03-24,ESOA,0.2546445,3.3,3.0,4.14,3.7301,-9.900966183574866,12.995169082125614,-19.082125603864732
2022-03-25,SPRC,0.3191011,4.45,1.0,5.87,4.72,-19.591141396933565,19.080068143100505,-26.06473594548553
2022-03-25,TLRY,0.15925407,6.97,2.0,8.08,8.545,5.7549504950495045,7.178217821782185,-10.272277227722771
2022-03-25,AVX,0.13441956,4.91,3.0,5.57,4.4,-21.00538599640933,9.515260323159769,-21.903052064631968
2022-03-25,ACB,0.12747514,4.04,4.0,4.555,4.47,-1.866081229418226,0.1097694840834329,-12.623490669593851
2022-03-25,ZSTK,0.11330056,2.03,5.0,2.26,2.28,0.8849557522123908,5.3097345132743445,-10.619469026548668
2022-03-28,CELZ,0.16666663,3.48,1.0,4.06,4.4725,10.160098522167505,26.724137931034477,-6.4039408866995
2022-03-28,ORIC,0.15638769,4.54,2.0,5.25,5.225,-0.4761904761904856,5.523809523809531,-4.571428571428571
2022-03-28,DLNG,0.10317457,3.49,3.0,3.85,4.1,6.493506493506485,14.285714285714302,-3.116883116883118
2022-03-29,HYMC,0.27155173,2.32,1.0,2.94,2.6199,-10.887755102040819,5.442176870748305,-25.510204081632647
2022-03-29,SCNX,0.17512572,2.34,2.0,2.75,2.78,1.0909090909090757,26.181818181818194,-6.872727272727275
2022-03-29,GDYN,0.15807271,11.83,3.0,13.7,14.08,2.7737226277372296,19.48905109489052,-2.0437956204379493
2022-03-29,XOS,0.113636374,3.08,4.0,3.43,3.165,-7.725947521865894,0.5830903790087438,-11.078717201166189
2022-03-30,DRCT,0.82558143,2.58,1.0,4.71,4.1901,-11.03821656050955,16.560509554140125,-12.9511677282378
2022-03-30,IVVD,0.48831177,3.85,2.0,5.73,5.0524,-11.825479930191985,7.155322862129121,-12.73996509598605
2022-03-30,ARHS,0.20554972,7.2,3.0,8.68,8.7,0.23041474654377225,5.760368663594462,-5.801843317972355
2022-03-30,TULP,0.13242006,8.76,4.0,9.92,11.06,11.491935483870975,45.36290322580645,-1.1088709677419262
2022-03-31,LGVN,0.39732146,6.72,1.0,9.39,13.6401,45.26198083067092,51.6506922257721,-5.857294994675188
2022-03-31,ACTG,0.13053882,4.175,2.0,4.72,4.51,-4.449152542372881,2.330508474576276,-6.567796610169485
2022-03-31,CELZ,0.1120944,3.39,3.0,3.77,3.92,3.9787798408488007,19.363395225464195,-1.5915119363395291
2022-04-01,ALOY,0.2723881,2.68,1.0,3.41,3.2,-6.158357771260992,12.903225806451601,-11.730205278592386
2022-04-01,LVLU,0.20059001,6.78,2.0,8.14,7.715,-5.221130221130233,0.0,-13.390663390663404
2022-04-01,BEKE,0.13608956,12.37,3.0,14.06,14.0225,-0.26671408250354967,4.480796586059732,-5.405405405405405
2022-04-01,ZH,0.13429749,2.42,4.0,2.745,2.535,-7.650273224043714,2.1857923497267784,-9.289617486338797
2022-04-01,DAO,0.13380289,7.1,5.0,8.01,7.85,-1.9975031210986316,2.9962546816479474,-4.369538077403245
2022-04-04,DRTS,0.1252371,10.54,1.0,11.86,11.94,0.6745362563237878,1.0118043844856706,-2.360876897133213
2022-04-04,BEKE,0.114828944,14.01,2.0,15.67,16.402,4.671346522016595,5.58391831525209,-3.254626675175498
2022-04-04,JMIA,0.106540084,9.48,3.0,10.49,11.77,12.202097235462329,19.447092469018102,-1.0486177311725409
2022-04-04,TMC,0.106122494,2.45,4.0,2.71,2.6454,-2.383763837638375,6.6420664206642055,-5.298892988929893
2022-04-05,GGR,0.25510192,12.74,1.0,15.99,14.0,-12.445278298936834,10.00625390869294,-18.073796122576613
2022-04-05,SST,0.15081763,16.51,2.0,19.0,20.13,5.9473684210526345,95.26315789473685,-2.0526315789473726
2022-04-05,ATER,0.116959095,3.42,3.0,3.82,3.65,-4.450261780104714,10.732984293193738,-12.303664921465963
2022-04-06,BBAI,0.42069626,10.34,1.0,14.69,10.4925,-28.573859768550037,9.734513274336297,-30.020422055820283
2022-04-06,IVDA,0.21241832,3.06,2.0,3.71,3.01,-18.867924528301895,2.96495956873315,-25.336927223719673
2022-04-06,ARRY,0.18070006,10.57,3.0,12.48,10.985,-11.979166666666675,1.4423076923076872,-15.424679487179493
2022-04-06,DC,0.13188398,6.9,4.0,7.81,5.15,-34.058898847631234,2.432778489116516,-34.955185659411
2022-04-06,TLRY,0.102418184,7.03,5.0,7.75,7.199,-7.109677419354843,5.161290322580658,-7.612903225806445
2022-04-07,SBFMW,0.20293391,4.09,1.0,4.92,7.35,49.390243902439025,54.47154471544715,-1.0162601626016232
2022-04-07,SBFM,0.15262318,6.29,2.0,7.25,9.54,31.586206896551715,36.13793103448275,-3.4468965517241434
2022-04-07,SST,0.14879763,19.96,3.0,22.93,26.89,17.26995202791104,24.073266463148713,-4.0558220671609195
2022-04-07,CNDT,0.11934149,4.86,4.0,5.44,5.37,-1.2867647058823595,5.330882352941169,-3.676470588235292
2022-04-07,CMBT,0.108463764,11.24,5.0,12.47,12.0,-3.7690457097032892,0.4811547714514752,-5.3327987169206175
2022-04-08,ONCO,0.24680436,10.17,1.0,12.68,10.85,-14.43217665615142,11.514195583596232,-15.983438485804413
2022-04-08,ATER,0.19480515,3.85,2.0,4.6,4.6709,1.541304347826089,7.173913043478253,-9.347826086956513
2022-04-08,BFRI,0.18811882,4.04,3.0,4.8,4.6012,-4.141666666666655,12.916666666666664,-10.416666666666663
2022-04-11,VERU,0.37701154,4.35,1.0,5.99,12.29,105.1752921535893,143.23873121869784,-5.175292153589329
2022-04-11,VNET,0.19259262,5.4,2.0,6.44,6.97,8.229813664596254,13.043478260869556,-6.36645962732919
2022-04-11,SWVL,0.16923082,6.5,3.0,7.6,6.63,-12.763157894736842,0.0,-27.631578947368418
2022-04-12,VERU,0.10830617,12.28,1.0,13.61,10.05,-26.157237325495952,1.9103600293901568,-29.463629684055835
2022-04-12,RERE,0.10075867,3.37,2.0,3.71,3.11,-16.172506738544477,0.2614555256064799,-16.71159029649596
2022-04-13,IMA,0.1205883,6.8,1.0,7.62,7.26,-4.7244094488189,3.811023622047238,-7.41469816272966
2022-04-13,BCTX,0.10998988,9.91,2.0,11.0,8.98,-18.36363636363636,2.2727272727272707,-22.9090909090909
2022-04-14,IMTE,0.13203883,5.15,1.0,5.83,4.57,-21.612349914236706,0.6861063464836947,-23.327615780445974
2022-04-14,DLPN,0.12321663,3.855,2.0,4.32,4.1063,-4.9467592592592595,6.712962962962954,-8.333333333333337
2022-04-14,ATOM,0.119205356,10.57,3.0,11.83,11.37,-3.88841927303466,2.6204564666103103,-7.354184277261188
2022-04-18,TRMD,0.12505281,9.68,1.0,10.89,10.25,-5.876951331496794,0.36730945821854544,-6.427915518824623
2022-04-20,KLRS,0.2754159,5.41,1.0,6.9,6.298,-8.72463768115942,23.333333333333318,-10.579710144927546
2022-04-20,NBP,0.17133951,12.84,2.0,15.1,14.48,-4.105960264900654,1.2582781456953684,-9.80132450331126
2022-04-20,AVX,0.10330582,2.42,3.0,2.67,2.3119,-13.411985018726591,0.0,-14.04494382022472
2022-04-21,SWVL,0.16197181,4.26,1.0,4.95,6.49,31.11111111111111,97.979797979798,-8.484848484848484
2022-04-21,LBRT,0.1493268,17.45,2.0,20.05,17.54,-12.518703241895269,0.0,-13.366583541147126
2022-04-22,ATEN,0.1114701,13.2,1.0,14.67,14.415,-1.7382413087934645,2.249488752556239,-2.249488752556239
2022-04-25,SBFM,0.28228223,3.33,1.0,4.27,4.15,-2.810304449648693,12.412177985948492,-6.323185011709597
2022-04-25,BBAI,0.116959095,8.55,2.0,9.55,10.05,5.235602094240832,8.272251308900525,-12.041884816753933
2022-04-26,MX,0.19627416,15.03,1.0,17.98,17.6027,-2.0984427141268136,1.2235817575083408,-3.4482758620689724
2022-04-26,OI,0.12150943,13.25,2.0,14.86,12.72,-14.401076716016147,0.20188425302827273,-15.07402422611036
2022-04-27,NUTX,0.19401038,7.68,1.0,9.17,8.573,-6.510359869138494,14.612868047982541,-12.8680479825518
2022-04-27,CSTM,0.1130991,15.65,2.0,17.42,16.595,-4.7359357060849705,0.0,-7.921928817451218
2022-04-27,VRT,0.10530901,11.54,3.0,12.755,12.95,1.5288122304978335,3.645629165033326,-2.86162289298314
2022-04-28,RCMT,0.27334464,11.78,1.0,15.0,16.89,12.600000000000012,15.333333333333332,-9.999999999999998
2022-04-28,HAPN,0.23272729,13.75,2.0,16.95,16.345,-3.5693215339233086,3.1268436578171244,-10.560471976401175
2022-04-28,ATOM,0.14578831,9.26,4.0,10.61,11.27,6.220546654099901,13.10084825636193,-8.859566446748346
2022-04-28,UPWK,0.13011909,19.29,5.0,21.8,21.595,-0.9403669724770691,4.311926605504568,-7.981651376146804
2022-04-29,ZYME,0.44959676,4.96,1.0,7.19,6.16,-14.325452016689855,9.596662030598036,-15.438108484005564
2022-04-29,IQ,0.14970064,3.34,2.0,3.84,3.58,-6.770833333333326,3.125,-7.5520833333333375
2022-04-29,YMM,0.13607728,5.0,3.0,5.68,6.035,6.25,7.482394366197198,-1.4084507042253502
2022-04-29,KC,0.13387096,3.72,4.0,4.218,3.6,-14.65149359886202,0.7586533902323334,-14.65149359886202
2022-04-29,SOUN,0.13199997,7.5,5.0,8.49,6.49,-23.557126030624264,0.0,-32.273262661955236
2022-05-02,INVZ,0.12128723,4.04,1.0,4.53,4.38,-3.311258278145701,3.31125827814569,-9.050772626931568
2022-05-03,SOUN,0.45388126,10.95,1.0,15.92,12.7,-20.22613065326634,13.94472361809045,-21.796482412060303
2022-05-03,BLTE,0.19503951,8.87,2.0,10.6,12.02,13.396226415094347,47.641509433962284,-9.377358490566035
2022-05-03,HLIT,0.1325581,8.6,3.0,9.74,9.71,-0.30800821355235763,2.566735112936347,-4.722792607802884
2022-05-04,AGIG,0.106666684,3.75,1.0,4.15,4.1301,-0.47951807228917565,2.409638554216853,-5.5421686746988
2022-05-05,AUST,0.18764305,4.37,1.0,5.19,3.68,-29.09441233140655,11.94605009633909,-32.75529865125241
2022-05-05,HDSN,0.1344539,7.14,2.0,8.1,9.03,11.48148148148147,13.827160493827172,-0.49382716049382047
2022-05-05,VISN,0.12699282,6.54,3.0,7.37,7.27,-1.3568521031207648,11.126187245590224,-4.341926729986434
2022-05-05,AGIG,0.10218978,4.11,4.0,4.53,3.9199,-13.467991169977921,1.7660044150110465,-17.218543046357617
2022-05-06,FNKO,0.20095694,16.72,1.0,20.08,21.221,5.682270916334664,6.972111553784877,-6.8725099601593564
2022-05-06,CCXI,0.16751921,15.64,2.0,18.27,17.375,-4.898741105637661,6.622879036672136,-5.9113300492610765
2022-05-06,ATEC,0.12882304,10.79,3.0,12.18,9.415,-22.70114942528736,0.9852216748768461,-24.05582922824302
2022-05-06,OPEN,0.11328673,7.15,4.0,7.96,6.735,-15.389447236180898,0.0,-21.482412060301503
2022-05-06,GDYN,0.108377695,15.04,5.0,16.67,17.425,4.529094181163762,7.606478704259123,-4.805638872225559
2022-05-10,CLOV,0.14522815,2.41,3.0,2.76,2.35,-14.855072463768105,4.710144927536253,-16.666666666666664
2022-05-10,KYNB,0.1284635,7.94,4.0,8.96,9.97,11.27232142857142,16.40624999999998,-3.530133928571433
2022-05-10,QURE,0.12722552,13.48,5.0,15.195,13.86,-8.785784797630802,0.0,-11.80980585718987
2022-05-11,PRCH,0.31940305,3.35,1.0,4.42,3.665,-17.0814479638009,0.0,-22.110859728506792
2022-05-11,VERU,0.24005127,7.79,2.0,9.66,8.115,-15.993788819875776,0.41407867494822614,-19.047619047619047
2022-05-11,GSM,0.17920387,6.36,3.0,7.5,6.79,-9.466666666666669,4.719999999999991,-12.606666666666666
2022-05-11,PRPL,0.16025639,3.12,4.0,3.65,3.265,-10.547945205479447,12.05479452054794,-11.232876712328753
2022-05-12,CGEM,0.2421341,7.31,1.0,9.08,8.99,-0.9911894273127775,6.497797356828183,-4.900881057268725
2022-05-12,SMRT,0.1401099,3.64,2.0,4.15,4.095,-1.3253012048192958,1.2048192771084265,-12.771084337349404
2022-05-12,CPNG,0.13650465,9.67,3.0,10.99,11.44,4.094631483166511,21.019108280254773,-10.28207461328481
2022-05-12,CLPT,0.11988711,7.09,4.0,7.94,7.75,-2.3929471032745675,7.052896725440805,-10.831234256926958
2022-05-12,SKYX,0.101876736,3.73,5.0,4.11,4.91,19.4647201946472,20.924574209245716,-8.759124087591253
2022-05-13,AFRM,0.3763857,18.04,1.0,24.83,23.7601,-4.308900523560199,1.973419250906172,-14.579138139347558
2022-05-13,VERU,0.2480619,9.03,2.0,11.27,12.86,14.108251996450761,34.42679680567879,-7.630878438331845
2022-05-13,HOOD,0.23130834,8.56,3.0,10.52,10.67,1.425855513307983,3.1844106463878363,-6.4638783269961975
2022-05-13,PAYO,0.22222233,3.6,4.0,4.27,4.7499,11.238875878220167,14.98829039812648,0.0
2022-05-13,CELU,0.17331016,5.77,5.0,6.77,7.42,9.601181683899561,32.644017725258514,-4.72673559822746
2022-05-16,DJTWW,0.15503252,12.32,1.0,14.23,14.5,1.8973998594518537,2.798313422347154,-9.978917779339424
2022-05-16,FFAI,0.12195122,2.46,2.0,2.76,2.55,-7.608695652173914,19.202898550724655,-10.32608695652173
2022-05-17,PPSI,0.26063251,3.22,1.0,4.06,3.7001,-8.86453201970443,2.4605911330049413,-13.054187192118228
2022-05-17,MVST,0.17559528,3.36,2.0,3.95,4.0,1.2658227848101111,9.113924050632892,-4.303797468354443
2022-05-17,TRAK,0.15779376,4.82,3.0,5.58,5.279,-5.394265232974915,0.35842293906809264,-10.39426523297491
2022-05-17,SOUN,0.15081966,6.1,4.0,7.02,6.21,-11.538461538461531,1.8504273504273527,-14.387464387464387
2022-05-17,NNDM,0.11811018,2.54,5.0,2.83,2.9,2.473498233215543,7.420494699646651,-2.29681978798586
2022-05-18,DLO,0.11640787,19.25,1.0,21.49,22.2399,3.489530013959974,19.31130758492323,-1.9543973941367976
2022-05-18,AVX,0.115671635,2.68,2.0,2.99,2.9199,-2.3444816053511675,4.682274247491636,-13.712374581939802
2022-05-18,MX,0.10559726,17.33,3.0,19.16,19.6299,2.45250521920668,4.331941544885165,-0.2609603340292366
2022-05-19,SIGA,0.18551242,7.39,1.0,8.76,8.705,-0.6278538812785395,11.301369863013711,-8.675799086757985
2022-05-19,CAN,0.102547646,3.14,2.0,3.45,3.37,-2.3188405797101463,10.43478260869566,-2.898550724637683
2022-05-20,EVEX,0.1952095,8.35,1.0,9.98,9.0,-9.819639278557112,18.63727454909818,-18.436873747494985
2022-05-23,SIGA,0.1827327,12.4,1.0,14.67,10.9501,-25.357191547375592,0.8861622358554921,-29.243353783231075
2022-05-23,EVEX,0.15558064,8.87,2.0,10.25,9.14,-10.829268292682926,0.0,-18.439024390243908
2022-05-24,GOVX,0.19396555,2.32,1.0,2.77,2.37,-14.440433212996384,22.021660649819495,-19.494584837545126
2022-05-25,RIME,0.2763636,2.75,1.0,3.51,3.325,-5.270655270655256,8.820512820512816,-11.396011396011396
2022-05-25,PLAB,0.12167561,15.04,2.0,16.87,17.825,5.660936573799624,7.883817427385886,-8.235921754593956
2022-05-26,SPRC,0.29661012,2.36,1.0,3.06,3.1806,3.9411764705882257,22.549019607843146,-6.532679738562086
2022-05-26,M,0.1478045,19.21,3.0,22.05,22.82,3.4920634920634797,4.263038548752829,-4.217687074829934
2022-05-26,BBW,0.12778902,16.68,4.0,18.81,19.07,1.3822434875066625,5.5289739500266055,-4.944178628389151
2022-05-26,DXLG,0.10476196,4.2,5.0,4.64,4.3988,-5.198275862068968,1.2931034482758674,-8.836206896551712
2022-05-27,RRGB,0.19047618,8.61,1.0,10.25,10.7631,5.005853658536585,7.60975609756096,-1.9512195121951126
2022-05-27,PMVP,0.16502655,13.21,2.0,15.33,15.23,-0.6523157208088715,18.191128506196996,-3.9138943248532287
2022-05-31,TXMD,3.457944,2.14,1.0,9.54,9.9455,4.250524109014675,4.716981132075482,-4.402515723270439
2022-05-31,AGIG,0.32978725,3.76,2.0,5.0,4.7703,-4.594000000000009,23.0,-5.999999999999995
2022-05-31,INDO,0.14503813,15.72,3.0,18.0,16.83,-6.500000000000005,6.555555555555559,-7.000000000000006
2022-05-31,HIVE,0.13819098,3.98,4.0,4.53,4.395,-2.980132450331141,2.207505518763786,-5.1876379690949275
2022-05-31,AVAL,0.13499272,4.23,5.0,4.8,4.89,1.8750000000000044,2.708333333333335,-4.166666666666674
2022-06-01,TNXP,0.45901644,2.44,1.0,3.57,3.11,-12.885154061624648,34.17366946778713,-14.28571428571428
2022-06-02,PDSB,0.16172504,3.71,1.0,4.31,4.195,-2.6682134570765514,2.78422273781902,-7.88863109048723
2022-06-02,CRDO,0.12195122,10.25,2.0,11.5,12.79,11.217391304347824,16.521739130434774,0.0
2022-06-03,AMLX,0.36131012,9.77,1.0,13.3,12.4986,-6.025563909774445,4.812030075187956,-14.135338345864668
2022-06-06,FTCI,0.2518891,3.97,1.0,4.97,5.245,5.533199195171035,6.841046277665996,-4.635814889336009
2022-06-06,YMM,0.22169816,6.9,2.0,8.43,7.155,-15.12455516014234,3.4400948991696323,-15.771055753262154
2022-06-06,SHLS,0.20898438,15.36,3.0,18.51,18.675,0.8914100486223653,5.240410588870881,-2.485143165856296
2022-06-06,ARRY,0.18782604,11.5,4.0,13.68,13.56,-0.877192982456132,5.774122807017545,-4.166666666666674
2022-06-06,KC,0.101098895,4.55,5.0,5.01,4.675,-6.686626746506985,4.966067864271451,-8.383233532934131
2022-06-07,BZFD,0.17040348,2.23,1.0,2.61,2.285,-12.45210727969348,0.766283524904221,-12.643678160919547
2022-06-08,EFOI,0.30701756,2.28,1.0,2.98,2.63,-11.74496644295302,4.697986577181212,-22.47986577181209
2022-06-08,SYM,0.15824175,9.1,2.0,10.54,20.77,97.05882352941177,97.05882352941177,-3.7001897533206707
2022-06-08,YMM,0.105526924,7.96,3.0,8.8,8.165,-7.215909090909111,2.4431818181818166,-7.727272727272738
2022-06-09,AIFC,0.16137564,3.78,1.0,4.39,3.8006,-13.425968109339392,13.89521640091116,-16.4009111617312
2022-06-09,SOUN,0.14354074,4.18,3.0,4.79,4.175,-12.839248434238005,9.394572025052206,-13.778705636743215
2022-06-09,OLMA,0.100000024,4.0,5.0,4.4,4.36,-0.909090909090915,7.727272727272716,-8.863636363636374
2022-06-10,COGT,0.33064508,4.96,1.0,6.6,7.925,20.07575757575757,64.99848484848488,-1.5151515151515138
2022-06-10,EDU,0.114305735,14.72,2.0,16.41,16.245,-1.0054844606946944,5.057891529555136,-4.020719073735535
2022-06-13,SNTI,0.16041672,4.8,1.0,5.57,2.6595,-52.25314183123878,2.078994614003582,-53.14183123877918
2022-06-13,EDU,0.105095625,16.21,2.0,17.91,17.055,-4.773869346733672,3.1267448352875427,-8.933556672250143
2022-06-14,INDO,0.23803353,7.73,1.0,9.57,7.97,-16.718913270637415,7.419017763845348,-17.45036572622779
2022-06-14,DRTS,0.23522592,8.63,2.0,10.66,8.67,-18.66791744840526,0.0,-22.12945590994372
2022-06-14,AGIG,0.14126992,6.3,3.0,7.19,6.065,-15.64673157162726,13.351877607788598,-16.41168289290682
2022-06-15,ASTL,0.18995333,7.9,1.0,9.4,9.495,1.010638297872335,3.5638297872340408,-3.936170212765966
2022-06-15,DJTWW,0.11482561,6.88,2.0,7.67,8.44,10.039113428943924,11.473272490221653,-1.9556714471968717
2022-06-16,SIDU,0.62393165,4.68,1.0,7.6,7.415,-2.434210526315783,21.31578947368422,-10.789473684210515
2022-06-21,VALN,0.889132,13.71,1.0,25.9,26.4,1.9305019305019266,2.2393822393822482,-5.057528957528956
2022-06-21,SYM,0.56071436,16.8,2.0,26.22,15.5206,-40.80625476735317,8.619374523264689,-42.06712433257056
2022-06-21,BKSY,0.3251232,2.03,3.0,2.69,2.405,-10.594795539033463,8.550185873605942,-13.568773234200737
2022-06-21,GROV,0.15100002,10.0,4.0,11.51,6.9,-40.05212858384013,8.629887054735018,-41.18158123370982
2022-06-21,ARBK,0.13031924,3.76,5.0,4.25,4.455,4.823529411764715,14.117647058823524,0.0
2022-06-23,PGY,0.18443322,5.91,1.0,7.0,6.0497,-13.575714285714291,0.0,-27.285714285714292
2022-06-23,GSUN,0.17914104,16.3,2.0,19.22,20.6,7.180020811654542,54.21436004162332,-11.13423517169615
2022-06-23,QURE,0.109161735,15.39,3.0,17.07,19.5,14.23550087873462,14.760984182776804,-0.35149384885764245
2022-06-24,LNAI,0.13846159,3.25,1.0,3.7,3.37,-8.918918918918916,0.0,-14.59459459459459
2022-06-24,BCYC,0.13801754,15.94,2.0,18.14,16.865,-7.028665931642786,0.11025358324145973,-12.899669239250278
2022-06-28,CRNT,0.15311015,2.09,1.0,2.41,2.49,3.319502074688807,11.203319502074693,0.0
2022-06-28,STRO,0.15011549,4.33,2.0,4.98,5.21,4.61847389558232,14.859437751004002,-2.6104417670682833
2022-06-28,LNAI,0.13461542,2.6,3.0,2.95,2.485,-15.762711864406786,0.0,-17.96610169491526
2022-06-28,MLCO,0.103918195,5.87,4.0,6.48,6.155,-5.015432098765437,2.854938271604923,-5.169753086419771
2022-06-29,NRSN,0.18823528,2.55,1.0,3.03,2.7,-10.89108910891088,4.290429042904309,-21.94719471947193
2022-06-29,XAIR,0.15916955,5.78,2.0,6.7,6.24,-6.8656716417910495,2.1149253731343354,-12.45223880597015
2022-06-30,NRSN,0.4525547,2.74,1.0,3.98,3.36,-15.577889447236181,12.311557788944727,-16.331658291457284
2022-06-30,ASPN,0.30486357,8.43,2.0,11.0,9.9,-9.999999999999998,0.09090909090909705,-15.454545454545443
2022-07-05,AMLX,0.16230094,19.47,1.0,22.63,19.39,-14.317277949624385,2.3862129916040864,-15.598762704374714
2022-07-06,PROK,0.15814507,8.41,1.0,9.74,8.84,-9.24024640657084,0.0,-12.73100616016427
2022-07-07,IE,0.18038332,8.87,1.0,10.47,9.1,-13.08500477554919,0.0,-15.377268385864385
2022-07-07,QTEX,0.17351592,2.19,2.0,2.57,2.03,-21.011673151750976,1.1673151750972943,-21.400778210116723
2022-07-07,FFAI,0.14317179,4.54,3.0,5.19,5.485,5.684007707129091,23.506743737957603,-0.43352601156069204
2022-07-08,SRG,0.49835527,6.08,1.0,9.11,10.96,20.307354555433598,24.038419319429206,-1.207464324917662
2022-07-08,USEA,0.25552416,7.08,2.0,8.91,7.6,-14.702581369248048,0.44893378226711356,-25.364758698092025
2022-07-08,TULP,0.22839499,8.1,3.0,9.95,9.2526,-7.009045226130651,8.542713567839222,-11.457286432160796
2022-07-08,TH,0.18677676,6.05,4.0,7.18,7.68,6.9637883008356605,11.002785515320346,-5.710306406685239
2022-07-08,ALVO,0.16061461,7.16,5.0,8.31,7.76,-6.618531889290025,1.8050541516245522,-6.73886883273166
2022-07-11,DJTWW,0.45462894,5.2247,1.0,7.6,7.84,3.157894736842115,10.128947368421048,-6.447368421052624
2022-07-12,INDO,0.33333337,5.82,1.0,7.76,6.7,-13.659793814432986,0.0,-15.592783505154639
2022-07-12,QCLS,0.1428572,4.27,2.0,4.88,5.0,2.4590163934426146,2.4590163934426146,-12.50000000000001
2022-07-12,ANNX,0.12531972,3.91,3.0,4.4,4.265,-3.0681818181818366,4.545454545454519,-5.454545454545457
2022-07-12,VRCA,0.10204089,2.94,4.0,3.24,3.4,4.938271604938271,6.1728395061728225,-7.716049382716051
2022-07-13,PETZ,0.11650491,2.06,1.0,2.3,3.0397,32.160869565217396,58.26086956521741,0.0
2022-07-15,USEA,0.95442116,2.2,1.0,4.3,6.1163,42.23953488372094,71.85813953488373,0.0
2022-07-15,PINS,0.1349659,17.56,2.0,19.93,20.41,2.408429503261411,4.264927245358763,-1.5052684395383875
2022-07-15,ALLO,0.119730234,11.86,3.0,13.28,12.86,-3.1626506024096335,5.873493975903621,-8.05722891566264
2022-07-19,STIM,0.20604384,3.64,1.0,4.39,3.85,-12.300683371298394,3.870159453302957,-13.665148063781318
2022-07-19,USEA,0.18385279,2.51,2.0,2.97,2.605,-12.289562289562294,0.33670033670032407,-14.47811447811448
2022-07-20,VITL,0.10143328,9.07,1.0,9.99,10.53,5.405405405405395,7.607607607607614,-2.6026026026025995
2022-07-21,SIDU,0.12469435,4.09,1.0,4.59,4.6285,0.8387799564270049,9.80392156862746,-6.971677559912859
2022-07-22,APLD,0.16888893,2.25,2.0,2.62,2.0608,-21.34351145038168,1.1450381679389166,-22.90076335877863
2022-07-22,GEVO,0.102941155,2.72,3.0,2.99,2.445,-18.22742474916389,1.0033444816053505,-18.394648829431446
2022-07-22,SLI,0.102941155,5.44,4.0,6.0,4.99,-16.833333333333332,1.4999999999999902,-18.333333333333325
2022-07-25,SIGA,0.18837988,12.16,1.0,14.45,15.61,8.027681660899667,13.079584775086506,-4.290657439446366
2022-07-25,EVEX,0.16125143,8.31,2.0,9.65,8.4293,-12.649740932642494,8.60103626943005,-14.507772020725396
2022-07-26,PGY,0.17580152,9.67,1.0,11.38,16.9,48.506151142354994,89.45518453427061,-7.029876977152904
2022-07-26,LBRT,0.120532036,12.85,2.0,14.4,13.84,-3.8888888888888973,0.1388888888888884,-6.388888888888888
2022-07-27,ONCO,0.7073171,2.05,1.0,3.5,3.05,-12.857142857142867,15.428571428571436,-13.714285714285712
2022-07-27,TEVA,0.20786524,7.12,2.0,8.6,9.1386,6.262790697674436,6.7441860465116354,-4.534883720930216
2022-07-27,PGY,0.18578255,16.74,4.0,19.85,22.5,13.350125944584379,25.64231738035265,-9.319899244332497
2022-07-27,EVEX,0.14896214,8.19,5.0,9.41,8.815,-6.3230605738576084,2.2316684378320906,-8.395324123273118
2022-07-28,JAKK,0.40495872,17.08,1.0,24.0,22.5,-6.25,9.375,-10.291666666666666
2022-07-28,PLUG,0.16472638,17.18,2.0,20.01,21.63,8.095952023987984,9.245377311344317,0.0
2022-07-28,SHLS,0.1424067,19.03,3.0,21.74,22.59,3.9098436062557473,5.841766329346831,-6.209751609935599
2022-07-28,STEM,0.13516605,8.73,4.0,9.91,10.645,7.416750756811297,13.622603430877888,-1.311806256306769
2022-07-28,ARRY,0.13496935,13.04,5.0,14.8,16.055,8.479729729729723,16.013513513513523,-2.0270270270270285
2022-07-29,GETY,1.5219047,10.5,1.0,26.48,23.2828,-12.074018126888209,11.518126888217516,-32.401812688821764
2022-07-29,MITK,0.1529932,9.02,2.0,10.4,10.875,4.567307692307687,6.153846153846132,-5.865384615384627
2022-07-29,AXTI,0.13960111,7.02,3.0,8.0,8.715,8.937499999999998,10.624999999999996,-1.749999999999996
2022-07-29,PGY,0.10684466,17.97,4.0,19.89,25.125,26.319758672699844,38.511814982403216,-17.49622926093515
2022-08-01,GOVX,0.5604396,2.73,1.0,4.26,3.94,-7.511737089201875,0.9389671361502261,-16.424882629107984
2022-08-01,VRAX,0.38518524,5.4,2.0,7.48,11.41,52.54010695187166,83.8235294117647,-6.68449197860963
2022-08-01,MAIA,0.20689654,5.8,3.0,7.0,7.74,10.571428571428566,37.71428571428572,-10.571428571428577
2022-08-01,OM,0.11650491,15.45,4.0,17.25,19.91,15.420289855072467,18.202898550724633,-1.5942028985507117
2022-08-01,PSO,0.1112175,9.26,5.0,10.29,10.51,2.137998056365409,2.9640427599611385,0.0
2022-08-02,AMTD,4.1634617,2.08,1.0,10.74,7.21,-32.86778398510243,20.11173184357542,-40.4096834264432
2022-08-02,INVZ,0.21500003,4.0,2.0,4.85,4.75,-2.0618556701030855,1.4432989690721598,-8.453608247422661
2022-08-02,PINS,0.1815908,19.99,3.0,23.62,22.255,-5.779000846740057,0.6350550381033049,-7.281964436917876
2022-08-02,FFAI,0.15999997,2.0,4.0,2.32,2.41,3.8793103448276023,24.56896551724139,-6.465517241379304
2022-08-02,RIG,0.15527952,3.22,5.0,3.72,3.745,0.6720430107526765,7.258064516129026,-3.2258064516129115
2022-08-03,MDIA,0.6886544,3.79,1.0,6.4,5.04,-21.250000000000004,3.5937499999999956,-31.874999999999996
2022-08-03,AMTD,0.22000003,7.0,2.0,8.54,6.23,-27.04918032786884,8.899297423887598,-34.42622950819671
2022-08-03,LEDS,0.1692307,3.25,3.0,3.8,3.67,-3.421052631578947,12.631578947368439,-9.210526315789469
2022-08-03,SOFI,0.1357255,6.41,4.0,7.28,8.25,13.324175824175821,15.659340659340648,-3.1593406593406703
2022-08-03,ARQT,0.12051284,19.5,5.0,22.1,22.17,0.3167420814479627,7.511312217194566,-1.9457013574660564
2022-08-04,NNVC,0.46341455,2.46,1.0,3.6,3.505,-2.6388888888888906,7.777777777777772,-22.222222222222232
2022-08-04,ZETA,0.14951777,6.22,2.0,7.15,6.73,-5.874125874125868,3.4965034965035002,-8.251748251748259
2022-08-04,RELY,0.14176977,10.51,3.0,12.0,11.75,-2.083333333333337,12.916666666666664,-3.9166666666666683
2022-08-04,BCRX,0.13991034,11.15,4.0,12.7,13.645,7.440944881889777,11.73228346456694,-2.7559055118110187
2022-08-05,CPS,0.42147112,5.03,1.0,7.15,8.625,20.629370629370626,39.86013986013985,0.0
2022-08-05,PGY,0.18993783,17.69,2.0,21.05,22.97,9.121140142517813,23.752969121140133,-4.418052256532068
2022-08-05,AMTD,0.17441857,4.3,3.0,5.05,4.72,-6.5346534653465405,12.871287128712883,-11.88118811881187
2022-08-05,CLMT,0.15881455,13.16,4.0,15.25,15.71,3.0163934426229666,12.983606557377048,-4.910819672131151
2022-08-05,SRTS,0.13027847,11.13,5.0,12.58,14.5128,15.36406995230526,17.806041335453095,-4.410174880763118
2022-08-08,KOD,0.17864478,9.74,1.0,11.5,11.05,-3.913043478260858,2.5208695652173763,-12.852173913043474
2022-08-08,QNRX,0.13988662,5.29,2.0,6.03,5.58,-7.462686567164178,7.794361525704807,-9.121061359867323
2022-08-08,VRM,0.11637926,2.32,3.0,2.59,2.475,-4.440154440154432,6.563706563706551,-8.494208494208488
2022-08-08,BBAI,0.11481476,2.7,4.0,3.01,2.725,-9.46843853820597,9.966777408637872,-13.25581395348836
2022-08-08,LVLU,0.10157609,5.71,5.0,6.29,7.29,15.898251192368829,21.939586645469,-0.6359300476947549
2022-08-09,GDRX,0.2789948,7.76,1.0,9.88,7.855,-20.495951417004054,4.95951417004048,-21.457489878542525
2022-08-10,QXO,0.27210307,3.68,1.0,4.68,3.7928,-18.957264957264954,1.4957264957265126,-24.786324786324776
2022-08-10,JMIA,0.15751445,6.92,3.0,8.01,8.175,2.059925093632975,4.74406991260925,-6.367041198501866
2022-08-10,OSUR,0.15360498,3.19,4.0,3.48,4.215,21.12068965517242,29.022988505747136,-2.011494252873558
2022-08-10,PRCH,0.15062761,2.39,5.0,2.75,2.875,4.545454545454541,10.545454545454547,-4.723636363636363
2022-08-11,ARHS,0.3047167,6.4,1.0,8.29,7.975,-3.799758745476467,0.965018094089265,-9.28829915560916
2022-08-11,ENVX,0.2408669,16.15,2.0,20.04,21.215,5.863273453093809,9.23153692614771,-8.083832335329333
2022-08-11,VERU,0.20815635,11.77,3.0,14.2,15.9175,12.095070422535215,26.69014084507042,-3.8028169014084456
2022-08-11,GWAV,0.19166672,3.6,4.0,4.29,3.44,-19.813519813519818,1.8648018648018683,-22.377622377622373
2022-08-11,GNLN,0.13230765,3.25,5.0,3.68,3.48,-5.434782608695654,0.5434782608695565,-10.869565217391308
2022-08-12,LZ,0.2283895,10.99,1.0,13.5,12.94,-4.148148148148156,3.2592592592592506,-5.333333333333334
2022-08-12,AIRS,0.22650373,8.88,2.0,10.89,11.66,7.070707070707072,7.897153351698805,-5.050505050505061
2022-08-12,TOST,0.19614327,18.15,3.0,21.71,19.53,-10.041455550437583,0.2303086135421406,-10.133578995854442
2022-08-12,PAYO,0.17869723,5.68,4.0,6.65,6.715,0.9774436090225436,9.171428571428564,-1.6360902255639131
2022-08-12,RANI,0.15795875,8.23,5.0,9.53,11.4,19.62224554039875,25.918153200419724,-1.6264428121720798
2022-08-15,VRDN,0.3584522,14.73,1.0,19.96,22.0,10.220440881763526,27.153807615230452,-3.5571142284569146
2022-08-15,HYFM,0.2337662,3.85,2.0,4.75,4.105,-13.578947368421046,4.210526315789487,-15.578947368421058
2022-08-15,VEEE,0.22816896,7.1,3.0,8.72,7.6,-12.844036697247718,0.917431192660545,-18.34862385321101
2022-08-15,TAOX,0.13881397,7.42,4.0,8.45,8.46,0.11834319526629056,2.6035502958579926,-5.917159763313595
2022-08-15,GWAV,0.12667656,3.355,5.0,3.78,3.69,-2.3809523809523725,0.2619047619047521,-7.4074074074074066
2022-08-16,ARTL,0.33715594,4.36,1.0,5.83,6.38,9.433962264150942,23.499142367066895,-12.006861063464836
2022-08-16,AMTD,0.25663722,2.26,2.0,2.84,2.83,-0.35211267605632646,20.4225352112676,-8.450704225352101
2022-08-16,TGL,0.20972228,7.2,3.0,8.71,6.93,-20.436280137772687,2.870264064293915,-22.5028702640643
2022-08-16,DNA,0.19484234,3.49,4.0,4.17,3.755,-9.95203836930456,2.1582733812949506,-14.868105515587537
2022-08-16,REBN,0.1654135,3.99,5.0,4.65,4.1126,-11.556989247311844,12.258064516129007,-13.76344086021507
2022-08-17,ONCO,0.37254906,2.55,1.0,3.5,7.8705,124.87142857142857,128.57142857142856,-0.28571428571427804
2022-08-17,QNRX,0.2035929,5.01,2.0,6.04,5.45,-9.7682119205298,0.8278145695364225,-13.907284768211914
2022-08-17,GNPX,0.12556052,2.23,3.0,2.51,2.4173,-3.6932270916334553,5.179282868525914,-11.155378486055767
2022-08-17,SRAD,0.103333354,12.0,4.0,13.24,13.39,1.1329305135951762,9.969788519637458,-4.984138972809671
2022-08-18,NEGG,0.12607098,4.085,1.0,4.6,3.945,-14.23913043478261,3.260869565217406,-17.17391304347825
2022-08-18,SYM,0.110616684,15.73,2.0,17.47,15.955,-8.672009158557525,0.17172295363481194,-9.559244419004
2022-08-19,GCT,0.6978967,15.69,1.0,26.64,56.165,110.82957957957956,125.22522522522523,-6.869369369369371
2022-08-19,GNS,0.16333723,8.51,3.0,9.9,7.62,-23.030303030303035,19.19090909090908,-28.58585858585858
2022-08-19,SVRE,0.111111045,2.61,4.0,2.9,2.79,-3.7931034482758585,18.965517241379317,-14.444827586206888
2022-08-22,SVRE,0.6834532,2.78,1.0,4.68,2.93,-37.393162393162385,2.1367521367521514,-38.034188034188034
2022-08-22,REBN,0.1315068,3.65,2.0,4.13,3.49,-15.496368038740915,2.6634382566586012,-16.464891041162222
2022-08-22,ONCO,0.100263834,3.79,3.0,4.17,3.5204,-15.577937649880091,3.1175059952038398,-17.266187050359704
2022-08-23,INDO,0.13896108,7.7,1.0,8.77,11.2277,28.023945267958972,45.49600912200684,-1.9384264538198415
2022-08-24,NERV,0.19512188,4.51,1.0,5.39,7.66,42.115027829313554,59.18367346938778,-4.823747680890533
2022-08-24,FLXS,0.133762,17.1,3.0,19.39,19.595,1.0572460030943587,3.145951521402779,-1.4956162970603315
2022-08-24,GASS,0.11451614,3.1,4.0,3.5,3.1,-11.428571428571422,2.857142857142869,-17.37142857142857
2022-08-24,PTON,0.10267866,11.2,5.0,12.35,13.535,9.595141700404852,10.607287449392722,-1.5376518218623514
2022-08-25,DXLG,0.18571436,4.2,1.0,4.91,5.025,2.3421588594704668,3.054989816700604,-5.0916496945010215
2022-08-25,TE,0.16634429,10.57,2.0,12.32,12.585,2.1509740259740395,2.2727272727272707,-2.3538961038961137
2022-08-26,DRUG,0.27335644,2.89,1.0,3.67,2.565,-30.108991825613074,13.351498637602187,-37.057220708446856
2022-08-26,TIGR,0.13838124,3.83,2.0,4.36,3.8301,-12.153669724770655,0.0,-14.220183486238536
2022-08-26,KC,0.13662791,3.44,3.0,3.91,3.6,-7.928388746803073,1.534526854219953,-8.951406649616366
2022-08-26,API,0.10329664,4.55,4.0,5.02,4.425,-11.852589641434264,5.5776892430278835,-14.143426294820715
2022-08-29,DRUG,0.19607842,2.55,1.0,3.05,2.865,-6.0655737704917945,6.229508196721323,-13.770491803278684
2022-08-30,ONCO,0.11929822,2.85,1.0,3.19,3.3301,4.391849529780556,14.103448275862075,-9.090909090909093
2022-08-30,SCOR,0.10648143,2.16,2.0,2.39,2.155,-9.832635983263616,0.3765690376569042,-11.715481171548126
2022-08-31,MOB,0.2540983,2.44,1.0,3.06,3.13,2.287581699346397,18.300653594771244,-6.209150326797386
2022-08-31,NMTC,0.16666663,2.16,2.0,2.36,2.5462,7.889830508474582,25.00000000000002,-2.5423728813559365
2022-08-31,SNAP,0.123876095,10.01,3.0,11.25,10.915,-2.9777777777777903,3.111111111111109,-9.333333333333337
2022-09-01,NTNX,0.21329486,17.3,1.0,20.99,22.325,6.3601715102429734,9.290138161029082,-0.0952834683182413
2022-09-02,BIAFW,0.40476203,2.1,1.0,2.95,1.8899,-35.93559322033899,52.542372881355924,-47.11864406779661
2022-09-02,BIAF,0.21325302,8.3,2.0,10.07,7.09,-29.59285004965244,27.308838133068527,-30.883813306852037
2022-09-02,PR,0.12732458,7.62,3.0,8.2,7.88,-3.9024390243902363,5.852439024390255,-5.731707317073154
2022-09-06,OUT,0.12223065,17.28,1.0,19.39,18.43,-4.951005673027343,0.5157297576070086,-6.652913873130473
2022-09-06,ADT,0.12201178,7.21,2.0,8.09,8.41,3.95550061804697,4.0791100123609425,-2.224969097651419
2022-09-07,BIAF,0.2987013,5.39,1.0,7.0,5.8,-17.14285714285715,11.142857142857142,-20.000000000000007
2022-09-07,QNRX,0.19277108,3.32,2.0,3.97,3.9,-1.7632241813602123,30.982367758186392,-6.297229219143574
2022-09-07,GETY,0.101396084,13.61,3.0,14.99,12.985,-13.375583722481654,1.000667111407605,-18.990660440293528
2022-09-08,AMLX,0.74860334,17.9,1.0,31.3,27.12,-13.354632587859427,4.792332268370592,-13.738019169329075
2022-09-08,ASAN,0.18434858,19.04,2.0,22.55,23.69,5.055432372505542,9.991574279379156,-5.011086474501103
2022-09-09,INM,0.22209704,8.87,1.0,10.84,10.8901,0.4621771217712123,22.23247232472325,-16.14391143911439
2022-09-12,INM,0.3611616,11.02,1.0,15.0,17.84,18.933333333333337,30.000000000000004,-8.133333333333336
2022-09-12,QH,0.18181813,2.75,2.0,3.25,2.88,-11.384615384615394,7.073846153846164,-15.384615384615385
2022-09-12,ATER,0.10843372,2.49,3.0,2.76,2.63,-4.710144927536231,0.36231884057971175,-5.797101449275354
2022-09-12,IDYA,0.10270274,9.25,4.0,10.2,12.08,18.43137254901961,20.392156862745093,-4.117647058823525
2022-09-13,VNET,0.15565038,4.69,1.0,5.42,5.685,4.889298892988925,16.02952029520295,-3.5055350553505393
2022-09-14,BIAF,0.37681162,4.14,1.0,5.7,4.8932,-14.154385964912276,19.298245614035082,-17.36842105263158
2022-09-15,MTVA,0.6239619,16.86,1.0,27.38,24.75,-9.605551497443388,9.130752373995609,-19.430241051862673
2022-09-16,AMPX,0.5730157,9.9999,1.0,15.73,8.14,-48.25174825174825,6.802288620470431,-49.77749523204068
2022-09-16,AAOI,0.204,2.5,2.0,3.01,3.7301,23.923588039867116,30.89700996677742,-4.6511627906976605
2022-09-16,SJ,0.20000005,5.0,3.0,6.0,3.0274,-49.54333333333333,2.0000000000000018,-52.0
2022-09-19,PRPL,0.4193548,2.79,1.0,3.96,3.94,-0.5050505050505083,4.292929292929282,-6.060606060606055
2022-09-22,VRAX,0.14144742,3.04,1.0,3.47,3.31,-4.610951008645536,4.899135446685876,-8.35734870317003
2022-09-22,MTVA,0.12954688,15.67,2.0,17.7,16.195,-8.502824858757052,10.169491525423723,-14.689265536723163
2022-09-26,ISPC,0.16019416,2.06,1.0,2.39,1.93,-19.246861924686197,7.949790794979084,-23.414225941422593
2022-09-26,MLCO,0.13018858,5.3,2.0,6.02,6.655,10.548172757475104,19.1029900332226,-0.4983388704318803
2022-09-26,LESL,0.10557616,13.45,3.0,14.82,14.545,-1.8556005398110642,2.7665317139001333,-2.7665317139001333
2022-09-27,SKIN,0.10192311,10.4,1.0,11.46,11.635,1.5270506108202353,7.591623036649198,-0.43630017452007674
2022-09-28,SILO,0.21568632,5.1,1.0,6.2,4.68,-24.51612903225807,10.000000000000009,-27.580645161290317
2022-09-28,KPRX,0.15151513,6.6,2.0,7.6,6.9,-9.210526315789469,0.263157894736854,-16.447368421052634
2022-09-28,RDNT,0.11358583,17.96,3.0,20.0,20.87,4.350000000000009,6.65,-1.0999999999999899
2022-09-30,SAIH,0.1637168,2.26,1.0,2.63,3.2,21.673003802281386,34.21673003802282,-12.16730038022813
2022-09-30,INM,0.118466854,5.74,2.0,6.42,6.6739,3.954828660436127,45.171339563862944,-2.492211838006231
2022-10-03,LVWR,0.3885795,7.18,1.0,9.97,9.4799,-4.915747241725176,5.315947843530577,-21.26178535606821
2022-10-03,FNGR,0.24925816,3.37,2.0,4.21,6.21,47.50593824228029,47.50593824228029,-0.7125890736342066
2022-10-03,XPER,0.23974538,14.14,3.0,17.53,15.12,-13.747860810039947,8.784940102681116,-24.13006274957217
2022-10-03,SBS,0.17829454,9.11,4.0,10.735,11.14,3.772706101537038,5.82207731718678,-3.0274802049371163
2022-10-03,PBR,0.11264539,12.34,5.0,13.73,13.915,1.3474144209759453,1.6023306627822143,-1.4566642388929463
2022-10-04,FNGR,0.19538462,6.5,1.0,7.77,6.69,-13.899613899613893,1.1583011583011782,-36.42213642213641
2022-10-04,PLTK,0.1638577,9.95,2.0,11.58,10.255,-11.442141623488766,1.8134715025906578,-11.830742659758197
2022-10-04,VISN,0.109063506,9.56,3.0,10.6,11.1411,5.104716981132085,6.171698113207569,0.0
2022-10-05,SHFS,0.27722776,5.05,1.0,6.45,7.9,22.480620155038757,110.85271317829455,-0.15503875968991832
2022-10-05,INDO,0.15760112,7.17,2.0,8.3,8.071,-2.7590361445783196,12.04819277108433,-8.432530120481928
2022-10-05,TOPS,0.13812149,5.43,3.0,6.2,9.9212,60.01935483870968,87.09677419354837,-14.919354838709676
2022-10-05,BNGO,0.102941155,2.04,4.0,2.25,2.185,-2.8888888888888853,3.777777777777769,-9.333333333333327
2022-10-06,SUNE,0.51449275,2.76,1.0,4.18,4.425,5.861244019138767,17.46411483253589,-18.89234449760765
2022-10-06,BEAT,0.39072847,4.53,2.0,6.3,5.88,-6.666666666666665,6.9841269841269815,-17.460317460317455
2022-10-06,RELL,0.10063338,15.34,3.0,16.82,19.0,12.960760998810938,15.160523186682529,-1.9024970273483932
2022-10-07,OSG,0.1739825,12.8,1.0,15.02,14.769,-1.6711051930758947,1.4647137150466172,-10.45272969374168
2022-10-10,SOBR,0.28112447,2.49,1.0,3.19,2.918,-8.526645768025077,17.24137931034484,-12.222570532915356
2022-10-10,KITT,0.13953483,4.73,2.0,5.39,4.55,-15.584415584415579,0.0,-21.519480519480517
2022-10-10,SNTI,0.111607194,4.48,3.0,4.98,3.96,-20.481927710843383,0.40160642570279403,-22.489959839357443
2022-10-10,MPTI,0.100000024,15.2,4.0,16.72,15.46,-7.535885167464107,25.59808612440193,-21.94976076555023
2022-10-11,BSET,0.15113711,16.51,1.0,19.0,17.755,-6.552631578947377,0.5263157894736858,-7.842105263157883
2022-10-11,JOBY,0.14025974,3.85,2.0,4.39,4.13,-5.9225512528473745,1.3667425968109548,-10.250569476081994
2022-10-11,LUCY,0.111111045,2.16,3.0,2.4,2.57,7.08333333333333,10.416666666666675,-13.745833333333323
2022-10-12,SUNE,0.22000003,5.0,1.0,6.1,6.68,9.508196721311467,23.6065573770492,-2.6229508196721207
2022-10-12,LOCO,0.1407181,9.1,2.0,10.38,10.53,1.445086705202292,3.082851637764916,-1.7341040462427904
2022-10-13,LASE,0.37542665,2.93,1.0,4.03,4.1208,2.253101736972707,11.414392059553347,-4.962779156327546
2022-10-14,ELVN,0.383721,2.58,1.0,3.57,3.615,1.26050420168069,7.002801120448177,-7.58823529411764
2022-10-14,LASE,0.22033894,4.13,2.0,5.04,4.7122,-6.503968253968251,4.166666666666674,-9.523809523809534
2022-10-17,XTIA,0.7384939,4.78,1.0,8.31,9.0599,9.024067388688328,17.448856799037294,-14.440433212996396
2022-10-17,LPL,0.15032685,4.59,2.0,5.28,5.045,-4.45075757575758,0.0,-4.734848484848486
2022-10-17,GROY,0.14627147,2.12,3.0,2.43,2.378,-2.139917695473248,2.4650205761316712,-7.407407407407418
2022-10-18,VTAK,0.41284406,5.45,1.0,7.7,6.2999,-18.183116883116877,0.6493506493506551,-22.98701298701299
2022-10-18,FUBO,0.13827169,4.05,2.0,4.61,4.1203,-10.62255965292842,2.6030368763557465,-11.605206073752717
2022-10-18,VNET,0.11524165,5.38,3.0,6.0,5.44,-9.333333333333327,0.3333333333333188,-10.166666666666668
2022-10-19,SOBR,0.18045115,2.66,1.0,3.14,3.01,-4.140127388535042,7.961783439490455,-10.509554140127387
2022-10-20,DBD,0.13656712,2.68,1.0,3.046,2.315,-23.998686802363757,1.7728168089297558,-24.491135915955354
2022-10-20,INDO,0.10015178,6.59,2.0,7.25,6.6743,-7.940689655172417,3.4482758620689724,-10.620689655172411
2022-10-21,PHVS,0.108527064,5.16,1.0,5.72,5.5806,-2.4370629370629393,3.5839160839160833,-11.188811188811187
2022-10-25,CLS,0.14842105,9.5,1.0,10.91,11.11,1.8331805682859637,7.05774518790101,-0.45829514207149646
2022-10-28,JAKK,0.1460259,17.62,1.0,20.2,17.07,-15.495049504950487,7.623267326732663,-16.881188118811885
2022-10-31,PERF,0.4363637,11.0,1.0,15.8,10.255,-35.09493670886076,33.10126582278481,-42.025316455696206
2022-10-31,SXC,0.15359938,6.83,2.0,7.88,7.27,-7.74111675126904,0.3807106598984866,-10.406091370558379
2022-10-31,JELD,0.10521233,10.36,3.0,11.45,10.645,-7.030567685589517,0.0,-13.71179039301309
2022-11-01,SOFI,0.1875,5.44,1.0,6.46,5.73,-11.300309597523217,0.1547987616099089,-12.22910216718266
2022-11-01,GDS,0.15874851,8.63,2.0,10.0,9.06,-9.399999999999997,2.400000000000002,-9.499999999999996
2022-11-01,CVNA,0.127864,13.53,3.0,15.26,15.245,-0.0982961992136322,5.30799475753605,-2.090432503276529
2022-11-01,KNSA,0.11821365,11.42,4.0,12.77,12.8,0.2349256068911565,4.698512137823019,-6.029757243539546
2022-11-01,API,0.10394263,2.79,5.0,3.08,2.955,-4.058441558441562,4.545454545454541,-4.870129870129869
2022-11-02,BAND,0.32357728,12.3,1.0,16.29,17.475,7.274401473296521,16.022099447513803,-0.18416206261508972
2022-11-02,ARCT,0.2653172,18.28,2.0,23.13,21.87,-5.447470817120614,6.5715520968439245,-8.560311284046696
2022-11-02,SNOA,0.13413656,2.49,3.0,2.84,2.74,-3.5211267605633645,17.6056338028169,-7.570422535211263
2022-11-03,NRDS,0.20262098,9.92,1.0,11.93,13.75,15.25565800502935,17.77032690695726,-3.427493713327734
2022-11-03,VCYT,0.17846155,19.5,2.0,22.98,24.18,5.22193211488251,7.44125326370757,-4.9173194081810205
2022-11-03,FLWS,0.10872674,6.99,4.0,7.75,8.105,4.580645161290331,11.48387096774195,-2.8387096774193488
2022-11-03,SUIG,0.10486889,2.67,5.0,2.95,2.1544,-26.969491525423738,0.0,-28.8135593220339
2022-11-04,SNTG,0.5424013,3.04,1.0,4.6889,4.0318,-14.013947834246853,27.108703533877865,-16.824841647294686
2022-11-04,XPEV,0.17055392,6.86,3.0,8.03,7.885,-1.8057285180572813,2.6151930261519407,-4.732254047322526
2022-11-04,BILI,0.16159499,9.53,4.0,11.07,11.73,5.962059620596216,6.052393857271898,-5.555555555555558
2022-11-07,DJT,0.28546906,17.48,1.0,22.31,29.2001,30.883460331689825,33.57238906320037,-7.664724338861484
2022-11-07,VERU,0.15942025,10.35,2.0,12.0,14.41,20.083333333333343,32.49999999999999,-1.6666666666666607
2022-11-07,PERF,0.15594327,9.17,3.0,10.6,8.57,-19.150943396226406,0.0,-19.716981132075475
2022-11-07,CERT,0.12863863,10.65,4.0,12.02,12.795,6.447587354409312,10.89850249584028,-0.33277870216305017
2022-11-07,TIGO,0.12856424,11.8,5.0,13.32,12.885,-3.2657657657657713,0.0,-3.9789789789789864
2022-11-08,HIMS,0.27056277,4.62,1.0,5.87,5.535,-5.706984667802384,0.6814310051107331,-9.710391822827946
2022-11-08,FULC,0.15329766,5.61,2.0,6.47,6.67,3.091190108191655,3.091190108191655,-12.040185471406495
2022-11-08,TASK,0.15311015,16.04,3.0,18.55,21.99,18.544474393530976,21.509433962264147,-0.32345013477089735
2022-11-08,OPRT,0.14698803,4.15,4.0,4.76,5.26,10.504201680672276,30.8718487394958,-3.1512605042016695
2022-11-08,GRWG,0.12688828,3.31,5.0,3.73,4.48,20.107238605898136,25.201072386058975,-2.144772117962468
2022-11-09,HCAT,0.31993818,6.47,1.0,8.54,7.99,-6.44028103044495,0.5854800936768267,-8.548009367681498
2022-11-09,RNA,0.23897064,13.6,2.0,16.04,14.02,-12.593516209476308,5.04987531172072,-14.339152119700739
2022-11-09,ARRY,0.20730269,16.98,3.0,20.47,19.18,-6.301905227161697,0.7327796775769446,-10.307767464582318
2022-11-09,RAMP,0.1792574,15.62,4.0,18.42,18.37,-0.2714440825190012,3.9902280130293066,-3.2573289902280256
2022-11-09,OSUR,0.16901398,4.26,5.0,4.88,4.405,-9.733606557377039,5.737704918032782,-10.245901639344257
2022-11-10,RPAY,0.33561635,4.38,1.0,5.85,6.715,14.786324786324801,20.34188034188036,-1.3675213675213738
2022-11-10,APPS,0.28876507,10.77,2.0,13.84,17.305,25.036127167630063,26.15606936416186,-0.6502890173410436
2022-11-10,MGNI,0.24567461,5.78,3.0,7.2,9.51,32.08333333333333,34.72222222222221,-0.1388888888888884
2022-11-10,PRTS,0.19602978,4.03,5.0,4.81,4.765,-0.9355509355509328,12.266112266112273,-5.405405405405405
2022-11-11,SNAL,0.8666667,2.25,1.0,4.2,3.05,-27.380952380952383,3.809523809523818,-30.476190476190478
2022-11-11,VS,0.19999993,3.0,2.0,3.6,2.805,-22.083333333333332,16.666666666666675,-32.22222222222223
2022-11-11,BEKE,0.18045115,11.34,3.0,13.38,13.57,1.4200298953662038,3.8863976083707064,-3.512705530642757
2022-11-11,PSNY,0.17763162,4.56,4.0,5.37,5.5522,3.392923649906887,8.715083798882684,-4.841713221601484
2022-11-11,LZ,0.16807616,9.46,5.0,11.05,10.42,-5.70135746606335,3.52941176470587,-10.497737556561082
2022-11-14,ASTS,0.15515292,8.83,1.0,10.18,8.06,-20.825147347740657,0.29469548133596035,-22.298624754420427
2022-11-14,ATAT,0.13978493,12.88,2.0,14.68,13.24,-9.809264305177113,1.8392370572207106,-14.16893732970027
2022-11-14,GSUN,0.119089365,5.71,3.0,6.39,6.0,-6.103286384976525,3.2863849765258246,-13.77151799687011
2022-11-14,HCM,0.116161704,9.9,4.0,11.05,10.94,-0.9954751131221795,5.61085972850679,-2.1719457013574694
2022-11-14,BEKE,0.11574805,13.53,5.0,15.1,14.025,-7.1192052980132425,1.3907284768212014,-7.549668874172177
2022-11-15,SUNE,0.293617,2.35,1.0,3.04,3.09,1.6447368421052655,20.723684210526304,-1.3157894736842146
2022-11-15,BILI,0.16071427,12.88,2.0,14.95,16.335,9.264214046822762,12.909698996655528,-1.4046822742474818
2022-11-15,FDMT,0.16011858,13.49,3.0,15.65,18.74,19.7444089456869,23.32204472843451,-1.7891373801916965
2022-11-15,NU,0.121839166,4.35,4.0,4.88,4.92,0.8196721311475308,7.581967213114749,-0.8196721311475419
2022-11-15,GDS,0.11439121,13.55,5.0,15.1,16.61,10.000000000000009,15.099337748344377,-0.596026490066226
2022-11-16,AIRS,0.13268614,3.09,1.0,3.5,3.55,1.4285714285714235,13.714285714285722,-3.142857142857136
2022-11-16,INM,0.12949646,2.78,2.0,3.14,3.9991,27.35987261146495,51.27388535031847,-4.458598726114649
2022-11-16,SRAD,0.1123153,10.15,3.0,11.29,11.685,3.4986713906111744,13.108945969884855,-2.4800708591674048
2022-11-17,ALTI,0.27177703,8.61,1.0,10.95,10.51,-4.018264840182639,0.9132420091324311,-16.894977168949765
2022-11-18,GRND,0.45313835,11.63,1.0,16.9,35.05,107.39644970414201,323.13609467455626,-5.325443786982243
2022-11-18,STNE,0.14790285,9.87,2.0,11.26,11.465,1.8206039076376523,4.439609236234454,-2.6642984014209503
2022-11-18,GSUN,0.14285707,2.31,3.0,2.64,2.49,-5.681818181818176,21.212121212121215,-10.984848484848486
2022-11-21,SHC,0.27574754,6.02,1.0,7.68,7.97,3.776041666666674,25.0,-0.3906249999999889
2022-11-21,AIIO,0.13188982,5.08,2.0,5.75,7.0727,23.00347826086957,44.69565217391305,-0.8695652173912993
2022-11-22,ANF,0.18840587,18.63,1.0,22.14,22.69,2.4841915085817456,2.8003613369466995,-4.607046070460708
2022-11-23,GSUN,0.21674883,2.03,1.0,2.47,2.1101,-14.570850202429153,3.2388663967611198,-19.83805668016195
2022-11-23,MANU,0.10040164,14.94,2.0,16.44,18.455,12.2566909975669,15.02433090024331,-0.9124087591241059
2022-11-25,NAMS,0.14299512,10.35,1.0,11.83,9.5,-19.695688926458153,9.889264581572267,-29.41251056635672
2022-11-25,XGN,0.11176467,3.4,2.0,3.78,3.01,-20.370370370370374,1.8174603174603288,-20.63492063492063
2022-11-29,DRS,0.1704756,9.87,1.0,11.55,10.95,-5.194805194805207,8.138528138528134,-12.987012987012992
2022-11-29,BILI,0.13502777,12.59,2.0,14.29,15.405,7.802659202239326,10.076976906927925,-0.13995801259621965
2022-11-29,BZ,0.10983825,15.08,3.0,16.74,16.38,-2.1505376344086002,7.467144563918748,-2.389486260453999
2022-11-30,XPEV,0.16348767,7.34,1.0,8.54,10.76,25.995316159250592,28.278688524590166,-0.11709601873536313
2022-11-30,BBW,0.14377177,19.38,2.0,22.16,23.5401,6.227888086642586,7.175090252707572,-5.731046931407935
2022-11-30,WOOF,0.12223387,9.49,3.0,10.65,11.03,3.5680751173708725,4.976525821596245,-4.413145539906105
2022-12-01,TOPS,0.40397346,3.02,1.0,4.24,3.64,-14.150943396226412,37.02830188679245,-17.686320754716988
2022-12-01,VTAK,0.2571429,2.45,2.0,3.08,3.1,0.6493506493506551,7.139610389610396,-9.740259740259749
2022-12-01,HTCO,0.22920513,5.41,3.0,6.65,6.39,-3.909774436090241,25.56240601503759,-15.639097744360896
2022-12-01,HCM,0.104699016,12.13,4.0,13.4,12.96,-3.2835820895522394,3.946268656716412,-6.268656716417908
2022-12-01,EHTH,0.10393262,3.56,5.0,3.93,4.48,13.994910941475824,21.170483460559787,-0.2544529262086592
2022-12-02,TOPS,0.630854,3.63,1.0,5.92,4.4481,-24.863175675675674,0.33783783783785104,-28.209459459459463
2022-12-02,AVXL,0.41713643,8.87,2.0,12.57,12.22,-2.7844073190135266,5.250596658711215,-15.19490851233095
2022-12-02,VTAK,0.27760255,3.17,3.0,4.05,4.57,12.83950617283951,22.71604938271605,-14.074074074074073
2022-12-02,IOT,0.19191921,9.9,4.0,11.8,11.83,0.25423728813558366,6.949152542372872,-1.3559322033898313
2022-12-05,IOVA,0.2046783,6.84,1.0,8.24,8.06,-2.1844660194174748,2.1844660194174637,-5.4174757281553525
2022-12-05,DBGI,0.14666665,3.75,2.0,4.3,4.89,13.720930232558137,22.790697674418613,-5.813953488372093
2022-12-05,XPEV,0.13187778,11.45,3.0,12.96,11.33,-12.577160493827167,1.0802469135802406,-16.049382716049386
2022-12-05,ENSC,0.13023257,2.15,4.0,2.43,2.2508,-7.374485596707824,1.2345679012345512,-16.872427983539097
2022-12-05,EH,0.12762237,5.72,5.0,6.43,7.55,17.418351477449455,21.928460342146195,-4.821150855365463
2022-12-07,MSC,0.16550112,4.29,1.0,5.0,3.715,-25.7,13.800000000000011,-28.400000000000002
2022-12-07,REPL,0.16304922,18.89,2.0,21.86,23.19,6.084172003659671,8.00548947849955,-2.0585544373284526
2022-12-08,MOMO,0.13533843,5.25,1.0,5.96,6.755,13.338926174496635,21.140939597315423,0.0
2022-12-12,RDGT,0.20845926,3.31,1.0,4.0,7.18,79.5,97.7475,-0.24999999999999467
2022-12-12,COGT,0.17387378,11.1,2.0,13.03,12.1,-7.137375287797387,1.304681504221028,-9.976976208749033
2022-12-12,DFSC,0.15384614,2.86,3.0,3.3,2.955,-10.45454545454545,8.481818181818191,-13.636363636363624
2022-12-12,BIVI,0.13544309,7.9,4.0,8.97,9.5765,6.761426978818275,14.158305462653287,-4.792642140468228
2022-12-13,ACMR,0.27064216,8.72,1.0,11.08,10.015,-9.611913357400715,0.7220216606498298,-10.469314079422388
2022-12-13,WVE,0.19113576,3.61,2.0,4.3,4.745,10.348837209302332,18.37209302325582,-5.581395348837215
2022-12-13,SDGR,0.18790364,17.03,3.0,20.21,20.54,1.6328550222661997,5.393369619000499,-4.131618010885707
2022-12-13,NUWE,0.17155552,11.25,4.0,13.18,11.55,-12.367223065250377,25.492412746585735,-16.46433990895296
2022-12-13,CVNA,0.12929296,4.95,5.0,5.59,4.82,-13.774597495527718,1.073345259391778,-17.53130590339892
2022-12-14,RNA,0.3770492,10.98,1.0,15.12,17.02,12.56613756613756,40.410052910052926,-8.201058201058187
2022-12-15,OPAL,0.10363388,7.43,1.0,8.2,7.0,-14.634146341463406,0.0,-18.29268292682926
2022-12-15,HURA,0.10112357,8.01,2.0,8.82,9.07,2.8344671201814053,24.716553287981856,-0.11451247165532585
2022-12-16,PL,0.115618706,4.93,2.0,5.5,5.115,-6.999999999999995,0.1818181818181719,-7.454545454545459
2022-12-19,VKTX,0.35572135,4.02,1.0,5.45,6.945,27.43119266055045,33.02752293577982,-2.3853211009174258
2022-12-19,ZYME,0.27863777,6.46,2.0,8.26,6.775,-17.978208232445514,1.6949152542373058,-19.00726392251816
2022-12-20,QS,0.12991452,5.85,1.0,6.61,5.775,-12.632375189107414,1.6641452344931862,-13.161875945537071
2022-12-20,CGNT,0.12765968,2.35,2.0,2.65,2.6912,1.554716981132076,5.660377358490565,-10.188679245283016
2022-12-20,MUFG,0.11344874,5.55,3.0,6.18,6.2753,1.5420711974110102,3.0744336569579422,0.0
2022-12-20,EVER,0.10461831,10.61,4.0,11.72,13.13,12.030716723549496,15.699658703071663,-3.071672354948818
2022-12-21,ADCT,0.14150941,3.18,1.0,3.63,2.995,-17.493112947658396,1.9283746556473913,-17.906336088154273
2022-12-21,FRMM,0.13452911,2.23,2.0,2.53,2.1,-16.996047430830032,4.743083003952564,-18.181818181818176
2022-12-21,SINT,0.13386881,7.47,3.0,8.47,12.29,45.10035419126326,78.27626918536008,-4.132231404958697
2022-12-21,HTCO,0.12077296,2.07,4.0,2.32,1.725,-25.64655172413792,0.0,-28.87931034482758
2022-12-21,DSGN,0.11662531,8.06,5.0,9.0,8.48,-5.777777777777771,2.388888888888885,-6.333333333333336
2022-12-22,ORIC,0.46333325,3.0,1.0,4.39,4.84,10.250569476082006,19.589977220956722,-6.833712984054663
2022-12-28,KALA,0.5969387,3.92,1.0,6.26,12.6516,102.10223642172527,179.2332268370607,-4.151757188498406
2022-12-29,RKTO,1.0204546,4.4,1.0,8.89,10.97,23.397075365579312,40.607424071990984,-3.5995500562429728
2022-12-29,NUWE,0.34242094,9.17,2.0,12.31,12.26,-0.4061738424045558,32.41267262388303,-12.61088545897644
2022-12-29,KALA,0.29246795,12.48,3.0,16.16,26.5813,64.48824257425743,88.67574257425741,-16.460396039603964
2022-12-30,PALI,0.3167702,3.22,1.0,4.24,5.12,20.75471698113207,101.41509433962258,-0.35377358490567
2022-12-30,DBGI,0.27499998,4.4,2.0,5.61,4.25,-24.242424242424242,6.950089126559722,-28.52049910873441
2023-01-03,GRRR,0.4451295,8.11,1.0,11.72,9.63,-17.832764505119446,6.228668941979509,-33.10580204778157
2023-01-03,HIND,0.43323445,6.74,2.0,9.66,15.19,57.24637681159419,113.56107660455486,-2.1739130434782705
2023-01-03,AUPH,0.30555546,4.32,3.0,5.64,5.9582,5.641843971631211,10.106382978723417,-5.85106382978724
2023-01-03,ACMR,0.26977944,7.71,4.0,9.79,9.73,-0.6128702757916105,7.252298263534218,-4.49438202247191
2023-01-03,FRMM,0.1592921,3.39,5.0,3.93,5.1688,31.52162849872773,52.162849872773535,-7.124681933842247
2023-01-04,GERN,0.42083335,2.4,1.0,3.41,3.181,-6.715542521994133,12.609970674486792,-9.530791788856307
2023-01-04,INM,0.26696825,2.21,2.0,2.8,2.21,-21.071428571428562,8.214285714285708,-29.996428571428567
2023-01-04,KC,0.13705587,3.94,3.0,4.48,4.775,6.584821428571419,9.151785714285698,-1.8973214285714524
2023-01-04,GEG,0.118483424,2.11,4.0,2.36,2.22,-5.932203389830493,3.3813559322033893,-10.593220338983055
2023-01-04,SCLX,0.117875576,5.3136,5.0,5.94,4.8979,-17.543771043771052,0.0,-22.558922558922568
2023-01-05,HKD,0.69598997,10.0,1.0,16.9599,31.1,83.37372272242172,122.40697173922013,-1.8272513399253731
2023-01-05,TWAV,0.5429863,2.21,2.0,3.45,2.5709,-25.481159420289856,0.0,-40.0
2023-01-05,XHG,0.39682305,2.77,3.0,3.8692,2.68,-30.7350356662876,4.931251938385173,-37.71322237154967
2023-01-06,IMNM,0.21656048,4.71,1.0,5.73,4.7601,-16.926701570680624,4.712041884816753,-28.44502617801047
2023-01-06,AEHR,0.21598148,17.27,2.0,21.02,22.7,7.9923882017126635,18.886774500475735,-0.09514747859181716
2023-01-06,SRTS,0.14013612,7.35,3.0,8.38,8.32,-0.7159904534606243,4.892601431980892,-3.341288782816243
2023-01-09,VYGR,0.23994255,6.96,1.0,8.63,7.01,-18.771726535341838,2.8968713789107703,-19.46697566628042
2023-01-09,SPRB,0.14049578,2.42,2.0,2.76,2.37,-14.130434782608681,3.9855072463768293,-21.739130434782595
2023-01-09,ARHS,0.1283139,10.24,3.0,11.55,11.6114,0.5316017316017163,5.8865800865800955,-5.281385281385287
2023-01-09,ALVO,0.118359804,10.73,4.0,12.0,11.95,-0.4166666666666763,4.416666666666669,-1.6666666666666607
2023-01-10,SHC,0.7476852,8.64,1.0,15.1,17.28,14.437086092715234,17.81456953642384,-4.238410596026487
2023-01-10,FRO,0.24008298,11.33,2.0,14.05,14.23,1.2811387900355742,3.9145907473309594,-6.4056939501779375
2023-01-10,NUWE,0.16309011,9.32,3.0,10.84,7.9,-27.121771217712176,0.0,-28.911439114391136
2023-01-10,CMND,0.15363133,3.58,4.0,4.13,4.37,5.811138014527861,11.38014527845035,-11.13801452784503
2023-01-11,BWEN,0.5973451,2.26,1.0,3.61,4.4981,24.601108033241005,38.50415512465375,-0.5540166204986208
2023-01-11,LASE,0.1699605,2.53,2.0,2.96,3.5099,18.577702702702716,39.189189189189186,-3.716216216216217
2023-01-11,INM,0.13043475,2.3,3.0,2.6,2.22,-14.615384615384608,6.538461538461537,-21.923076923076934
2023-01-11,ERAS,0.12800002,3.75,4.0,4.23,4.05,-4.255319148936188,1.4184397163120366,-6.973995271867617
2023-01-11,HKD,0.112843275,13.47,5.0,14.99,13.325,-11.107404936624421,3.068712474983326,-13.342228152101399
2023-01-12,VTAK,0.17142856,3.15,1.0,3.69,3.78,2.4390243902439046,21.40921409214094,-7.046070460704601
2023-01-12,VISN,0.11180413,7.49,3.0,8.33,8.465,1.6206482593037252,3.361344537815114,-2.6410564225690325
2023-01-12,MARA,0.10986972,5.37,4.0,5.96,7.035,18.036912751677846,18.875838926174502,-9.563758389261745
2023-01-12,HIVE,0.10389614,2.31,5.0,2.55,3.18,24.7058823529412,25.882352941176467,-8.4313725490196
2023-01-13,SPCE,0.13203454,4.62,1.0,5.23,5.165,-1.2428298279158811,6.883365200764802,-6.21414913957935
2023-01-17,SI,0.219697,13.2,1.0,16.21,13.38,-17.458359037631087,4.68846391116593,-18.445404071560766
2023-01-17,TKC,0.12883437,4.35,2.0,4.91,4.71,-4.073319755600813,0.8146639511201537,-4.653767820773935
2023-01-17,SCLX,0.1197319,7.6,3.0,8.51,8.0,-5.99294947121034,1.4101057579318566,-8.343125734430078
2023-01-17,CAN,0.115254164,2.95,4.0,3.3,3.11,-5.757575757575761,3.9393939393939537,-6.666666666666654
2023-01-17,GP,0.10897434,3.12,5.0,3.46,3.93,13.583815028901736,21.387283236994236,-1.1560693641618491
2023-01-18,NRGV,0.1404494,3.56,1.0,4.06,4.835,19.088669950738925,35.71428571428572,-1.477832512315258
2023-01-18,ACHR,0.108527064,2.58,2.0,2.86,2.935,2.622377622377625,12.23776223776225,-0.8741258741258751
2023-01-18,ATLX,0.10613215,8.48,3.0,9.38,10.3,9.808102345415781,37.95202558635393,-6.7164179104477695
2023-01-19,RNXT,0.1808219,3.65,1.0,4.31,3.72,-13.689095127610196,9.048723897911849,-15.081206496519705
2023-01-20,GNS,1.4258375,2.09,1.0,5.07,3.195,-36.98224852071007,2.366863905325456,-45.36489151873767
2023-01-20,COSM,0.10355985,3.09,2.0,3.4,5.1533,51.56764705882353,88.8235294117647,-3.8235294117647034
2023-01-23,CVKD,0.3131069,4.12,1.0,5.41,3.937,-27.227356746765253,12.754158964879835,-32.71719038817006
2023-01-23,XHG,0.2896825,2.52,2.0,3.25,2.64,-18.76923076923076,4.615384615384621,-20.923076923076934
2023-01-23,VUZI,0.117886186,4.92,3.0,5.5,5.4,-1.8181818181818077,2.7272727272727337,-6.36363636363636
2023-01-23,HCM,0.1027714,17.32,4.0,19.1,18.28,-4.293193717277488,0.9947643979057563,-8.795811518324603
2023-01-24,PBR,0.23273468,11.73,1.0,14.46,11.745,-18.775933609958518,0.0,-26.763485477178428
2023-01-24,NCLH,0.19458771,15.52,2.0,18.54,15.435,-16.747572815533974,0.0,-25.512405609492983
2023-01-24,NIO,0.19071305,12.06,3.0,14.36,11.715,-18.419220055710305,0.0,-22.980501392757656
2023-01-24,PLTR,0.18699193,7.38,4.0,8.76,7.015,-19.920091324200918,0.0,-30.022831050228305
2023-01-25,TIGO,0.18312097,14.83,1.0,17.54,18.2,3.7628278221208733,4.3899657924743485,-4.846066134549587
2023-01-25,EHTH,0.15313649,5.42,2.0,6.26,7.135,13.9776357827476,20.287539936102238,-4.9520766773162865
2023-01-27,CRGO,0.40896094,10.49,1.0,14.78,8.1,-45.19621109607578,2.0297699594046037,-51.96211096075778
2023-01-27,BZFD,0.26315796,2.09,2.0,2.64,3.81,44.31818181818181,60.984848484848484,-8.333333333333337
2023-01-27,CETX,0.11016953,5.9,3.0,6.55,6.4999,-0.7648854961831986,10.229007633587784,-8.902290076335873
2023-01-30,GNS,0.42025316,3.95,1.0,5.61,4.99,-11.051693404634577,29.59001782531192,-14.438502673796805
2023-01-30,BBAI,0.24793386,2.42,2.0,3.05,4.09,34.0983606557377,35.73770491803279,-16.390163934426226
2023-01-30,DVLT,0.13260865,9.2,3.0,10.42,13.205,26.7274472168906,41.07485604606524,-9.50095969289827
2023-01-30,SCLX,0.112401724,8.81,4.0,9.8,8.61,-12.142857142857155,1.9387755102040716,-16.632653061224502
2023-01-30,SOFI,0.10942757,5.94,5.0,6.59,6.6817,1.3915022761760376,6.297420333839154,-3.3383915022761723
2023-01-31,CVNA,0.10800004,10.0,2.0,11.08,10.1281,-8.591155234657045,0.902527075812265,-17.55415162454874
2023-02-01,EDBL,0.2175926,10.8,1.0,13.15,11.8405,-9.958174904942963,18.250950570342205,-23.878326996197718
2023-02-01,SMX,0.1181103,10.16,2.0,11.36,10.455,-7.966549295774639,19.718309859154925,-14.348591549295763
2023-02-01,BZFD,0.11304343,2.3,4.0,2.56,2.18,-14.84375,2.734375,-16.40625
2023-02-02,GNS,0.3339622,5.3,1.0,7.07,7.165,1.343705799151329,13.012729844413018,-12.305516265912308
2023-02-02,CVNA,0.28539824,13.56,2.0,17.43,14.0817,-19.209982788296042,13.99885255306943,-23.063683304647153
2023-02-02,SI,0.19458127,16.24,3.0,19.4,20.97,8.092783505154632,27.37113402061857,-4.123711340206171
2023-02-02,FLWS,0.19080234,10.22,4.0,12.15,13.09,7.736625514403284,8.806584362139924,-5.679012345679013
2023-02-02,OPEN,0.116666675,2.4,5.0,2.68,2.79,4.104477611940283,13.80597014925371,-4.104477611940305
2023-02-03,HIND,1.0857143,6.3,1.0,13.14,16.3501,24.42998477929985,70.4718417047184,-12.024353120243536
2023-02-06,SOUN,0.2765957,2.82,1.0,3.6,4.01,11.388888888888872,24.444444444444446,-9.999999999999998
2023-02-06,QUBT,0.20731711,2.46,2.0,2.97,2.11,-28.95622895622897,17.508417508417516,-33.666666666666664
2023-02-06,BZFD,0.16822422,2.14,3.0,2.5,2.185,-12.6,0.40000000000000036,-15.600000000000003
2023-02-06,ARQQ,0.15600002,2.5,4.0,2.89,3.06,5.882352941176472,42.90657439446366,-2.768166089965396
2023-02-06,BBAI,0.11337185,5.19,5.0,5.7784,6.1605,6.612557109234385,17.16045964280768,-7.7599335456181695
2023-02-07,LUCY,0.19215679,2.55,1.0,3.04,3.2,5.263157894736836,31.578947368421062,-5.921052631578949
2023-02-08,TIGO,0.116701484,16.89,1.0,18.86,18.65,-1.113467656415701,1.0604453870625585,-3.923647932131491
2023-02-09,APP,0.36198735,12.68,1.0,17.27,16.14,-6.543138390272141,0.6369426751592355,-7.064273306311519
2023-02-09,BLBD,0.17971015,13.8,2.0,16.28,17.9893,10.499385749385738,20.08599508599509,0.0
2023-02-09,QNST,0.16369855,14.6,3.0,16.99,17.23,1.4125956444967835,5.579752795762216,-5.9446733372572
2023-02-09,SONO,0.15285552,17.86,4.0,20.55,20.775,1.0948905109488871,4.0802919708029295,-3.0948905109489
2023-02-09,PWP,0.12635088,10.32,5.0,11.62,10.87,-6.454388984509462,3.2702237521514688,-6.540447504302927
2023-02-10,EDBL,0.13947988,4.23,1.0,4.82,4.3787,-9.155601659751033,6.63900414937757,-12.863070539419086
2023-02-10,CRSR,0.1078043,15.12,2.0,16.75,16.845,0.5671641791044735,5.253731343283574,-6.26865671641792
2023-02-13,DDL,0.17479682,4.92,1.0,5.78,4.9112,-15.03114186851211,6.57439446366781,-15.743944636678197
2023-02-13,OCUL,0.14987075,3.87,2.0,4.45,5.306,19.235955056179765,37.52808988764045,-1.1235955056179692
2023-02-13,TIGO,0.1266625,18.64,3.0,21.04,20.62,-1.9961977186311652,0.5228136882129197,-7.414448669201512
2023-02-13,FSLY,0.12462008,9.87,4.0,11.1,12.62,13.693693693693687,17.83783783783783,-3.1531531531531543
2023-02-13,XPON,0.12337661,3.08,5.0,3.46,3.7,6.936416184971095,17.630057803468226,-7.22543352601156
2023-02-14,PLTR,0.12877798,7.61,1.0,8.59,9.275,7.974388824214218,8.207217694994174,-4.190919674039573
2023-02-14,LICN,0.11814344,4.74,2.0,5.3,2.69,-49.24528301886792,9.811320754717002,-56.981132075471706
2023-02-15,OSUR,0.1825558,4.93,1.0,5.83,5.545,-4.8885077186964,0.34305317324183626,-11.49228130360206
2023-02-15,ADPT,0.14516115,8.68,2.0,9.94,9.99,0.5030181086519203,2.917505030181089,-9.255533199195176
2023-02-16,LUNR,0.20251179,12.74,1.0,15.32,43.71,185.31331592689293,232.8975195822454,-10.574412532637078
2023-02-16,CYH,0.15944886,5.08,2.0,5.89,7.8,32.427843803056035,35.99151103565366,-0.8488964346349714
2023-02-17,DKNG,0.1235261,17.81,2.0,20.01,20.57,2.7986006996501667,5.947026486756601,-3.6481759120439827
2023-02-21,MTW,0.10306406,14.36,1.0,15.84,16.215,2.367424242424243,13.636363636363647,-0.12626262626261875
2023-02-22,VRT,0.11439848,15.26,1.0,17.01,15.485,-8.965314520870093,5.1146384479717755,-10.435038212816005
2023-02-23,LUNG,0.3972602,8.76,1.0,12.3,10.525,-14.430894308943088,0.6504065040650486,-18.130081300813007
2023-02-23,RELY,0.19828331,11.65,2.0,13.96,14.23,1.934097421203429,2.5787965616045794,-8.52435530085961
2023-02-23,GSM,0.19145334,4.28,3.0,5.1,5.065,-0.686274509803908,6.862745098039236,-4.117647058823525
2023-02-23,MRVI,0.17932034,13.83,4.0,16.31,15.0,-8.03188228080931,3.6174126302881637,-11.526670754138557
2023-02-23,ENVX,0.15942037,8.28,5.0,9.6,9.335,-2.760416666666654,6.97916666666667,-7.604166666666668
2023-02-24,BAER,1.2669005,4.42,1.0,10.0197,8.0797,-19.361857141431372,24.25521722207251,-28.6405780612194
2023-02-24,BYND,0.14060676,17.14,3.0,19.55,18.845,-3.6061381074168897,16.982097186700763,-5.780051150895138
2023-02-24,RLAY,0.12105572,17.43,4.0,19.54,17.0199,-12.897134083930395,0.0,-13.306038894575224
2023-02-24,GDYN,0.11478126,12.11,5.0,13.5,12.37,-8.370370370370372,0.0,-9.629629629629633
2023-02-27,OPRA,0.1612798,7.31,1.0,8.25,8.8101,6.789090909090922,8.727272727272739,0.0
2023-02-27,PSHG,0.1569506,2.23,2.0,2.58,2.7,4.651162790697683,12.4031007751938,-8.914728682170537
2023-02-27,DYN,0.13706887,11.6,3.0,13.21,13.04,-1.2869038607115968,0.9084027252081794,-7.872823618470859
2023-02-28,SIBN,0.16765058,16.94,1.0,19.78,19.855,0.37917087967642704,6.67340748230536,-5.864509605662283
2023-02-28,SKIN,0.14840996,11.32,2.0,13.0,12.61,-3.0000000000000027,0.5376923076923168,-5.999999999999995
2023-02-28,SINT,0.12288141,2.36,3.0,2.65,2.7496,3.758490566037742,13.207547169811317,-7.543396226415089
2023-02-28,GNLX,0.10720003,12.5,4.0,13.84,13.73,-0.7947976878612706,3.251445086705207,-24.018786127167623
2023-02-28,HIMS,0.10466325,9.65,5.0,10.66,11.265,5.675422138836783,10.412757973733576,-1.6885553470919246
2023-03-01,OKYO,0.23318386,2.23,1.0,2.75,2.27,-17.454545454545457,10.17818181818182,-21.818181818181827
2023-03-01,GDRX,0.18714559,5.29,2.0,6.28,5.5061,-12.323248407643316,2.8662420382165488,-14.0923566878981
2023-03-01,SMX,0.1760273,14.6,4.0,17.17,11.03,-35.76004659289459,10.017472335468835,-50.669772859638904
2023-03-01,BGS,0.15079832,12.67,5.0,14.58,16.23,11.316872427983537,13.648834019204381,-0.5486968449931462
2023-03-02,EYPT,0.10410094,3.17,1.0,3.5,2.87,-17.999999999999993,0.0,-20.000000000000007
2023-03-02,RNXT,0.100000024,5.1,2.0,5.61,4.91,-12.4777183600713,1.6042780748663166,-12.655971479500893
2023-03-03,ARDX,0.17647064,2.89,1.0,3.4,3.82,12.352941176470589,17.05882352941177,-0.2941176470588225
2023-03-03,IOT,0.14099538,16.88,2.0,19.26,19.58,1.6614745586708057,7.632398753894076,-7.476635514018692
2023-03-03,OKYO,0.101769924,2.26,3.0,2.49,2.37,-4.81927710843374,6.827309236947787,-9.63855421686748
2023-03-06,BBIO,0.6550138,10.87,1.0,17.99,16.61,-7.670928293496382,7.779877709838812,-9.50528071150638
2023-03-06,KALA,0.2656716,16.75,2.0,21.2,22.13,4.386792452830179,10.61320754716981,-10.377358490566035
2023-03-06,AZUL,0.24278855,4.16,3.0,5.17,5.855,13.249516441005804,36.55705996131529,-1.3539651837524258
2023-03-07,WW,0.24547815,3.87,1.0,4.82,6.78,40.66390041493775,46.680497925311194,-0.8298755186721962
2023-03-07,SLND,0.13586962,9.2,2.0,10.45,8.975,-14.114832535885169,0.0,-15.336842105263148
2023-03-07,PTGX,0.11644733,15.2,3.0,17.03,23.145,35.90722254844392,39.107457428068116,-1.8702290076335837
2023-03-08,LFST,0.17088616,4.74,1.0,5.55,5.635,1.531531531531538,13.693693693693687,-1.4414414414414378
2023-03-09,SMX,0.18131864,3.64,1.0,4.3,4.05,-5.813953488372093,10.697674418604652,-11.627906976744185
2023-03-09,TORO,0.16602325,3.85,2.0,4.49,5.0,11.358574610244986,46.5478841870824,-3.563474387527843
2023-03-09,ASAN,0.12921357,17.8,3.0,20.1,21.215,5.547263681592041,14.22885572139303,-0.04975124378110429
2023-03-09,KLXE,0.12306559,13.57,4.0,15.24,15.055,-1.2139107611548572,11.541338582677163,-2.952755905511817
2023-03-09,MGNX,0.109090924,5.5,5.0,6.05,6.2,2.4793388429752206,6.882644628099177,-4.1685950413223205
2023-03-10,MYPS,0.2103746,3.47,1.0,4.2,3.9601,-5.711904761904762,3.3333333333333215,-6.904761904761902
2023-03-10,NEUP,0.19533527,3.43,2.0,4.1,3.59,-12.439024390243903,0.0,-14.634146341463406
2023-03-10,JYNT,0.1938461,16.25,3.0,19.4,16.47,-15.103092783505156,0.0,-16.49484536082474
2023-03-10,SI,0.17605639,2.84,4.0,3.34,2.5201,-24.547904191616766,2.6946107784431295,-31.137724550898206
2023-03-10,RAIN,0.13981044,8.44,5.0,9.62,8.97,-6.756756756756744,0.0,-14.34511434511434
2023-03-13,ZIM,0.13986671,19.57,1.0,22.3,20.861,-6.452914798206278,9.372197309417029,-6.950672645739909
2023-03-13,HMY,0.11371899,3.16,2.0,3.52,3.485,-0.9943181818181879,4.261363636363624,-3.693181818181812
2023-03-14,KEY,0.19437683,11.38,1.0,13.59,12.095,-11.000735835172915,1.103752759381904,-12.141280353200889
2023-03-14,LX,0.18262815,2.24,2.0,2.65,2.37,-10.566037735849054,0.7547169811320753,-19.999999999999996
2023-03-14,WAFDP,0.1753732,14.0,3.0,16.45,16.0,-2.7355623100303927,0.0,-7.051671732522802
2023-03-14,HBAN,0.17115223,11.12,4.0,13.02,11.005,-15.476190476190466,1.9969278033794113,-17.818740399385568
2023-03-14,CUBI,0.16245699,17.42,5.0,20.25,17.9,-11.604938271604947,5.481481481481487,-14.913580246913583
2023-03-15,CTOS,0.107765436,6.31,1.0,6.99,6.8,-2.7181688125894166,0.0,-8.29756795422032
2023-03-16,EVCM,0.2734375,8.96,1.0,11.41,10.76,-5.696757230499561,1.22699386503069,-13.72129710780018
2023-03-16,PATH,0.17213106,14.64,2.0,17.16,17.215,0.3205128205128194,5.361305361305346,-3.088578088578098
2023-03-16,PCT,0.13626838,4.77,3.0,5.42,6.63,22.32472324723247,30.996309963099634,-0.9225092250922495
2023-03-17,HUBC,0.17991626,2.39,1.0,2.82,2.7493,-2.507092198581562,9.929078014184412,-12.056737588652478
2023-03-17,MARA,0.10091734,7.63,2.0,8.4,8.2913,-1.2940476190476224,1.3095238095238049,-8.809523809523812
2023-03-20,FLG,0.39410484,6.54,1.0,9.12,8.605,-5.646929824561386,1.8640350877193068,-7.017543859649111
2023-03-20,NSLR,0.18099713,2.93,2.0,3.46,3.45,-0.28901734104045396,5.202312138728327,-2.6011560693641522
2023-03-21,EDBL,0.11653113,3.69,1.0,4.12,4.08,-0.9708737864077666,3.398058252427183,-12.135922330097081
2023-03-21,WTTR,0.10731709,5.6,2.0,6.2,6.335,2.1774193548387055,5.967741935483883,-1.1290322580645218
2023-03-21,HLIT,0.10007632,13.09,3.0,14.33,14.41,0.5582693649685888,2.93091416608513,-2.1632937892533177
2023-03-22,GME,0.5070822,17.65,1.0,26.55,23.86,-10.131826741996242,1.6949152542372836,-13.182674199623357
2023-03-22,CVNA,0.27994955,7.93,2.0,10.15,8.46,-16.650246305418715,0.9852216748768461,-17.24137931034483
2023-03-22,APLM,0.23728812,8.85,3.0,10.95,14.18,29.497716894977177,64.38356164383563,-6.757990867579899
2023-03-23,SCYX,0.100000024,2.0,1.0,2.2,1.8,-18.181818181818187,0.0,-31.36363636363637
2023-03-24,PEPG,0.18483412,16.88,1.0,20.0,15.15,-24.249999999999993,0.0,-28.65
2023-03-24,AFYA,0.12361932,9.96,2.0,11.19,10.58,-5.451295799821265,0.0,-9.472743521000881
2023-03-24,RNW,0.11161733,4.39,3.0,4.88,5.365,9.938524590163933,10.860655737704917,-7.58196721311476
2023-03-27,PYXS,0.42533934,2.21,1.0,3.15,2.715,-13.809523809523816,10.7936507936508,-20.63492063492063
2023-03-27,GHRS,0.13366961,7.93,2.0,8.99,7.595,-15.517241379310354,0.0,-16.017797552836488
2023-03-28,BMEA,0.49060273,15.43,1.0,23.0,30.67,33.34782608695652,37.13043478260869,-5.521739130434778
2023-03-28,OSCR,0.36490262,3.59,2.0,4.9,5.62,14.693877551020407,40.61224489795916,0.0
2023-03-28,VKTX,0.3497808,9.12,3.0,12.31,15.44,25.426482534524773,25.83265637692933,-0.7311129163281915
2023-03-28,PYXS,0.12962961,2.7,4.0,3.05,3.83,25.573770491803295,37.377049180327894,-6.229508196721312
2023-03-29,ARCT,0.2451613,15.5,1.0,19.3,20.35,5.440414507772018,7.461139896373048,-7.772020725388595
2023-03-29,EBS,0.19775283,8.9,2.0,10.66,9.395,-11.866791744840533,0.37523452157597337,-17.636022514071303
2023-03-29,NABL,0.1358025,12.15,3.0,13.8,13.375,-3.079710144927539,0.8695652173912993,-5.833333333333346
2023-03-30,APLM,0.7206291,10.81,1.0,18.6,31.01,66.72043010752688,163.44086021505376,0.0
2023-03-30,CXM,0.18382359,10.88,2.0,12.88,12.73,-1.164596273291929,1.3198757763975166,-4.503105590062118
2023-03-30,RNXT,0.15128195,3.9,3.0,4.49,3.255,-27.505567928730525,2.4498886414253684,-43.20712694877506
2023-03-30,EVGO,0.13913047,5.75,4.0,6.54,7.08,8.25688073394495,14.3730886850153,-0.6116207951070374
2023-03-30,FLNC,0.10461545,16.25,5.0,17.95,18.66,3.95543175487465,9.192200557103082,-1.392757660167132
2023-03-31,PALI,0.20754719,2.65,1.0,3.2,3.5217,10.053124999999996,14.0625,-4.687500000000011
2023-03-31,OABI,0.17378914,3.51,2.0,4.12,3.68,-10.679611650485432,0.9708737864077666,-12.864077669902919
2023-04-03,GFAI,0.15960455,7.08,1.0,8.21,19.36,135.809987819732,158.09987819732032,-1.948842874543244
2023-04-03,VNET,0.15432096,3.24,2.0,3.74,4.135,10.561497326203195,12.032085561497329,-2.807486631016054
2023-04-03,PYXS,0.12219441,4.01,3.0,4.5,4.0601,-9.775555555555549,5.111111111111111,-10.888888888888893
2023-04-03,NINE,0.120503664,5.56,4.0,6.23,6.265,0.561797752808979,8.02568218298556,-1.1235955056179803
2023-04-04,BFRG,0.45842218,4.69,1.0,6.84,6.1535,-10.036549707602338,38.888888888888886,-18.85964912280702
2023-04-04,CDLX,0.39130437,3.45,2.0,4.8,6.26,30.41666666666667,41.041666666666664,-9.791666666666664
2023-04-04,PHAT,0.13881397,7.42,3.0,8.41,8.08,-3.923900118906065,1.545778834720557,-8.799048751486326
2023-04-05,IFRX,0.3289125,3.77,1.0,5.01,6.1323,22.401197604790426,44.71057884231537,-3.1936127744511045
2023-04-05,GRRR,0.10204089,2.94,2.0,3.24,2.96,-8.64197530864198,10.80246913580245,-8.950617283950614
2023-04-06,GRRR,0.14666677,3.0,1.0,3.44,2.9197,-15.12499999999999,5.523255813953476,-17.151162790697672
2023-04-10,GFAI,0.292549,12.75,1.0,16.48,16.17,-1.8810679611650394,14.441747572815533,-8.798543689320393
2023-04-10,ELOX,0.13297868,5.64,2.0,6.39,9.08,42.097026604068866,53.36463223787169,-7.981220657276989
2023-04-11,WW,0.41747582,4.12,1.0,5.84,6.545,12.07191780821919,17.97945205479452,-5.650684931506856
2023-04-11,CGNT,0.11436951,3.41,2.0,3.74,4.085,9.224598930481287,14.705882352941169,0.0
2023-04-12,MDAI,0.26190472,10.5,1.0,13.25,13.7,3.396226415094339,12.075471698113205,-7.396226415094342
2023-04-13,FRGT,0.118466854,2.87,1.0,3.21,2.61,-18.691588785046733,6.230529595015577,-20.249221183800625
2023-04-14,CXAI,1.6297336,7.13,1.0,18.75,14.43,-23.040000000000006,10.240000000000006,-38.66666666666667
2023-04-14,BFRG,0.15892851,5.6,2.0,6.49,7.0353,8.402157164869028,26.502311248073962,-3.852080123266566
2023-04-14,PRPL,0.12946427,2.24,3.0,2.53,2.535,0.19762845849804478,8.69565217391306,-1.5810276679841695
2023-04-17,CNSP,0.54042554,2.35,1.0,3.62,2.75,-24.03314917127072,21.54696132596685,-28.176795580110493
2023-04-17,XPEV,0.11290324,9.92,2.0,11.04,11.38,3.079710144927561,3.532608695652173,-0.9963768115942018
2023-04-17,ROIV,0.10267234,7.11,3.0,7.82,8.495,8.631713554987197,9.718670076726333,-2.813299232736577
2023-04-18,LZ,0.10113585,9.245,1.0,10.18,10.095,-0.8349705304518618,3.2907662082514832,-1.9646365422396839
2023-04-19,LUNR,0.24038458,10.4,1.0,12.9,11.1621,-13.472093023255816,2.4031007751938116,-14.186046511627904
2023-04-20,DRMA,0.203125,2.56,1.0,3.08,2.86,-7.142857142857151,13.636363636363624,-13.311688311688318
2023-04-20,MDXH,0.20059896,3.34,2.0,4.01,3.895,-2.867830423940143,3.2418952618453734,-4.987531172069815
2023-04-20,KC,0.1010102,6.93,3.0,7.63,7.42,-2.752293577981646,5.242463958060273,-4.980340760157276
2023-04-21,BWEN,0.12554109,4.62,1.0,5.2,5.175,-0.48076923076924016,8.461538461538453,-2.8846153846153966
2023-04-24,GETY,0.55731225,5.06,1.0,7.88,6.65,-15.609137055837563,3.8071065989847774,-17.507614213197964
2023-04-24,IDYA,0.19691896,14.93,2.0,17.87,20.3784,14.036933407946272,14.950755456071608,-0.9513150531617276
2023-04-24,NXPL,0.16538453,2.6,3.0,3.03,2.78,-8.25082508250825,40.594059405940584,-10.89108910891088
2023-04-24,PHG,0.1400491,19.03,4.0,21.7,21.685,-0.06912442396314056,1.3364055299539102,-0.6912442396313279
2023-04-24,ARBB,0.13333333,4.65,5.0,5.27,4.53,-14.04174573055027,2.4667931688804767,-18.40607210626186
2023-04-25,CXAI,0.37360895,6.29,1.0,8.64,12.6345,46.232638888888864,58.100694444444436,-6.828703703703698
2023-04-25,ASTS,0.17660546,4.36,2.0,5.13,4.455,-13.157894736842103,0.7797270955165692,-16.56920077972709
2023-04-26,SAIH,0.39626694,2.7857,1.0,3.89,3.74,-3.856041131105392,20.822622107969146,-7.197943444730082
2023-04-26,VRT,0.17145205,12.23,2.0,14.33,13.63,-4.884856943475224,5.722260990928119,-8.862526168876483
2023-04-26,CLSK,0.14986372,3.67,3.0,4.22,3.815,-9.597156398104257,1.540284360189581,-9.718009478672984
2023-04-26,MARA,0.123470545,8.99,4.0,10.09,9.51,-5.74826560951437,5.550049554013881,-6.838453914767095
2023-04-26,CIFR,0.122727275,2.2,5.0,2.5,2.285,-8.599999999999996,2.0000000000000018,-9.600000000000009
2023-04-27,ATOM,0.30268204,5.22,1.0,6.8,6.95,2.205882352941191,7.352941176470584,-7.647058823529407
2023-04-28,DPU,0.65899587,4.78,1.0,7.93,7.9,-0.3783102143757766,15.006305170239598,-24.33795712484237
2023-04-28,CUBI,0.18766761,18.65,2.0,22.15,21.8,-1.5801354401805745,0.5417607223476395,-7.223476297968389
2023-04-28,HKD,0.16224182,6.78,3.0,7.88,8.081,2.5507614213198027,16.75126903553299,-7.360406091370564
2023-04-28,KALA,0.112191916,15.42,4.0,17.15,15.69,-8.513119533527691,2.040233236151612,-11.661807580174921
2023-05-01,NNOX,0.44189858,6.11,1.0,8.81,10.3353,17.313280363223615,32.57661748013621,-2.8376844494892195
2023-05-01,JXG,0.2504201,5.95,2.0,7.44,10.78,44.892473118279554,61.29032258064515,-33.46774193548387
2023-05-01,CDLX,0.1325115,6.49,3.0,7.35,8.25,12.244897959183687,20.476190476190492,-2.4489795918367308
2023-05-01,CXAI,0.10325658,12.59,4.0,13.89,13.57,-2.3038156947444266,15.19078473722102,-9.215262778977685
2023-05-01,PLSE,0.100931644,6.44,5.0,7.09,6.875,-3.0324400564174847,5.1960507757404795,-5.500705218617763
2023-05-02,WAFU,0.47970486,2.71,1.0,4.01,2.56,-36.159600997506224,21.695760598503753,-43.89027431421446
2023-05-02,IMTX,0.35450816,7.32,2.0,9.915,9.3,-6.202723146747335,0.6555723651033851,-21.6338880484115
2023-05-02,QH,0.11570251,2.42,3.0,2.7,2.5178,-6.748148148148159,40.37037037037037,-9.999999999999998
2023-05-03,NIKI,1.2768168,2.8897,1.0,6.55,5.28,-19.389312977099227,37.40458015267176,-32.82442748091602
2023-05-03,SNTG,0.528517,2.63,2.0,4.02,4.2634,6.054726368159202,59.45273631840797,-16.66666666666665
2023-05-03,INBS,0.17543864,3.42,3.0,4.02,2.45,-39.0547263681592,1.990049751243772,-40.20398009950248
2023-05-03,MDXG,0.17454064,3.81,4.0,4.475,5.3,18.43575418994414,19.329608938547494,0.0
2023-05-03,EYPT,0.13713408,6.49,5.0,7.38,7.92,7.317073170731714,13.006775067750675,-4.850948509485087
2023-05-04,VITL,0.16846156,13.0,1.0,15.19,14.91,-1.8433179723502224,4.081632653061229,-9.578670177748517
2023-05-04,LMND,0.16501355,11.09,2.0,12.92,14.205,9.945820433436525,12.22910216718267,-1.3397832817337418
2023-05-04,METC,0.12438309,7.4,3.0,8.32,8.305,-0.18028846153846922,4.447115384615374,-6.370192307692313
2023-05-04,FROG,0.11016941,17.7,4.0,19.65,20.52,4.427480916030535,10.178117048346058,-0.45801526717557106
2023-05-05,CVNA,0.39305556,7.2,1.0,10.03,8.985,-10.418743768693917,11.565304087736795,-12.662013958125618
2023-05-05,ACH,0.3505534,13.55,2.0,18.3,18.58,1.5300546448087315,5.136612021857911,-7.704918032786889
2023-05-05,WAL,0.2835821,18.2,3.0,23.36,26.7496,14.51027397260274,24.101027397260278,-3.4631849315068575
2023-05-05,LASR,0.24268699,9.23,4.0,11.47,12.71,10.81081081081081,13.164777680906713,-4.2284219703574655
2023-05-05,MCB,0.19693875,19.86,5.0,23.77,23.23,-2.271771140092549,7.278081615481691,-4.879680269246956
2023-05-08,IMPP,0.2541666,2.4,1.0,3.01,3.09,2.657807308970095,12.292358803986714,-5.980066445182719
2023-05-08,BAK,0.23446012,9.17,2.0,11.32,10.045,-11.263250883392228,0.26501766784452485,-17.57950530035336
2023-05-09,EVER,0.22706759,6.65,1.0,8.16,6.805,-16.605392156862752,0.1225490196078427,-19.852941176470583
2023-05-09,SHLS,0.21196759,19.72,2.0,23.7,24.19,2.0675105485232104,3.839662447257375,-7.974683544303796
2023-05-09,NVAX,0.20402694,7.45,3.0,8.97,9.535,6.29877369007803,26.644370122630967,-0.6688963210702448
2023-05-09,PLTR,0.19121456,7.74,4.0,9.22,9.58,3.90455531453362,5.097613882863339,-6.127982646420838
2023-05-09,OPRT,0.16898143,4.32,5.0,5.05,5.54,9.702970297029712,10.89108910891088,-4.752475247524757
2023-05-10,UPST,0.39389634,14.09,1.0,19.64,18.96,-3.462321792260692,0.7128309572301372,-10.997963340122197
2023-05-10,COMP,0.26428568,2.8,2.0,3.54,3.8,7.34463276836157,11.581920903954801,-3.672316384180785
2023-05-10,TCRX,0.25294125,3.4,3.0,4.26,5.19,21.830985915492974,26.995305164319248,-10.093896713615013
2023-05-10,MBC,0.20949066,8.64,4.0,10.45,9.9,-5.263157894736836,1.81818181818183,-5.55023923444976
2023-05-10,CARG,0.1918143,16.37,5.0,19.51,18.82,-3.536647872885701,3.1266017426960557,-7.4320861096873525
2023-05-11,DMRC,0.25,19.92,1.0,24.9,26.41,6.064257028112463,6.385542168674707,-11.60642570281123
2023-05-11,GT,0.22781575,11.72,2.0,14.41,14.21,-1.3879250520471897,5.065926439972235,-6.523247744621785
2023-05-11,APP,0.22150481,17.81,3.0,21.755,21.955,0.9193288899103536,5.699839117444272,-3.9301310043668103
2023-05-11,PRPL,0.19599998,2.5,4.0,2.99,2.96,-1.0033444816053616,12.70903010033444,-2.006688963210701
2023-05-11,KLXE,0.18946183,8.92,5.0,10.61,10.74,1.225259189443939,8.388312912346851,-4.524033930254467
2023-05-12,BLBD,0.27225673,19.32,1.0,24.58,26.25,6.7941415785191195,12.896257119609444,-1.7493897477624087
2023-05-12,LUNR,0.16121209,8.25,2.0,9.58,8.27,-13.674321503131527,5.844467640918594,-15.344467640918591
2023-05-12,SURG,0.111111164,4.41,3.0,4.9,4.9564,1.1510204081632613,11.22448979591837,-2.0408163265306256
2023-05-12,SFWL,0.10014737,6.79,4.0,7.47,7.98,6.8273092369478094,14.457831325301228,-4.953145917001345
2023-05-15,TLS,0.1569506,2.23,1.0,2.58,2.81,8.914728682170537,10.077519379844958,-5.813953488372093
2023-05-16,APLD,0.42313325,3.415,1.0,4.86,6.1501,26.545267489711932,28.600823045267475,-10.49382716049384
2023-05-16,BEEM,0.21834505,10.03,2.0,12.1,10.5699,-12.645454545454538,1.2396694214876103,-13.545454545454538
2023-05-16,DPU,0.17398119,6.38,3.0,7.73,6.82,-11.772315653298836,6.078913324708912,-15.781371280724453
2023-05-16,ACIC,0.14686835,4.09,4.0,4.69,5.2699,12.364605543710017,16.417910447761173,-1.916844349680169
2023-05-18,CWD,0.72333336,6.0,1.0,10.34,7.74,-25.145067698259183,25.725338491295947,-31.818181818181824
2023-05-18,DLO,0.124237776,14.0,2.0,15.73,14.25,-9.408773045136687,0.6993006993006867,-12.333121424030525
2023-05-19,SDA,0.7414634,4.1,1.0,7.14,7.5,5.042016806722693,15.826330532212873,-18.34733893557422
2023-05-19,GSIT,0.11317563,5.92,2.0,6.58,6.06,-7.902735562310037,10.942249240121571,-15.653495440729493
2023-05-22,AVIR,0.26756752,3.7,1.0,4.7,5.05,7.446808510638281,10.425531914893615,-2.765957446808509
2023-05-22,ADSE,0.10648918,6.01,2.0,6.65,6.3,-5.263157894736848,11.87969924812029,-9.774436090225569
2023-05-23,AMST,0.19130433,4.6,1.0,5.48,5.26,-4.014598540145997,5.291970802919699,-14.233576642335766
2023-05-23,LFCR,0.119403005,5.36,2.0,5.97,8.1346,36.25795644891123,59.12897822445562,-0.9949748743718567
2023-05-24,ENVB,0.29206347,3.15,1.0,4.07,5.0014,22.88452088452089,71.4987714987715,-2.457002457002455
2023-05-24,KSS,0.15882349,19.27,2.0,22.32,20.685,-7.325268817204311,2.77777777777779,-9.722222222222232
2023-05-24,ORGO,0.15116274,3.44,3.0,3.96,4.01,1.262626262626254,5.303030303030298,-4.040404040404044
2023-05-25,DCX,0.32096064,4.58,1.0,6.05,6.36,5.123966942148761,19.006611570247944,-9.090909090909083
2023-05-25,LWLG,0.14643538,5.19,3.0,5.95,5.475,-7.98319327731093,12.605042016806722,-10.924369747899165
2023-05-25,RRGB,0.13633215,14.45,4.0,16.42,14.575,-11.23629719853838,0.4872107186357999,-11.266747868453109
2023-05-25,VRT,0.12669957,16.24,5.0,18.3,18.385,0.4644808743169415,4.863387978142075,-1.9398907103825191
2023-05-26,PDSB,0.21428573,6.72,1.0,8.16,8.5001,4.167892156862751,9.313725490196067,-10.29411764705882
2023-05-26,MAX,0.1921053,7.6,2.0,9.06,9.31,2.759381898454749,12.9139072847682,-0.551876379690952
2023-05-26,RCUS,0.18571424,17.5,3.0,20.75,22.005,6.048192771084326,8.481445783132525,0.0
2023-05-30,ALAR,0.25079358,3.15,1.0,3.94,3.16,-19.796954314720804,0.2538071065989911,-25.380710659898476
2023-05-30,IOVA,0.20397353,7.55,2.0,9.08,8.85,-2.5330396475770955,1.3215859030836885,-10.242290748898675
2023-05-30,NXGL,0.15283847,2.29,3.0,2.64,2.38,-9.848484848484862,0.0,-12.87878787878789
2023-05-30,GOTU,0.12449801,2.49,4.0,2.8,2.48,-11.428571428571422,4.992857142857154,-13.928571428571423
2023-05-30,TIGR,0.1235522,2.59,5.0,2.91,2.795,-3.9518900343642693,8.247422680412363,-10.309278350515472
2023-06-01,LE,0.17862833,6.27,1.0,7.39,8.385,13.464140730717178,18.809201623815962,-4.262516914749659
2023-06-01,RMTI,0.12650609,3.32,2.0,3.74,3.7,-1.0695187165775444,7.754010695187175,-3.7433155080213942
2023-06-01,ATTO,0.12075472,2.65,3.0,2.97,2.75,-7.407407407407418,11.111111111111093,-11.447811447811462
2023-06-01,KC,0.11659193,4.46,4.0,4.98,5.325,6.927710843373491,8.835341365461847,-0.20080321285141922
2023-06-02,APLM,0.2164948,4.85,1.0,5.9,5.05,-14.406779661016955,9.322033898305083,-20.057627118644085
2023-06-02,IOT,0.20725942,19.01,2.0,22.95,24.395,6.296296296296289,9.193464052287581,-3.26797385620915
2023-06-02,UUU,0.13453603,2.45,3.0,2.78,2.9601,6.478417266187053,19.784172661870514,-1.0791366906474753
2023-06-02,RMTI,0.105121374,3.71,4.0,4.1,4.2831,4.4658536585366,10.97560975609757,-2.4390243902438935
2023-06-05,DCX,0.4684211,3.8,1.0,5.58,5.83,4.480286738351258,49.82078853046594,-0.5376344086021501
2023-06-05,ELTX,0.1986773,18.145,2.0,21.75,15.08,-30.666666666666664,4.137931034482745,-30.804597701149415
2023-06-05,RMTI,0.13981032,4.22,3.0,4.81,4.52,-6.029106029106035,2.494802494802495,-8.523908523908508
2023-06-06,ZURA,0.16640997,6.49,1.0,7.57,7.68,1.4531043593130732,12.285336856010565,-10.832232496697491
2023-06-06,PDSB,0.11332309,6.53,2.0,7.27,6.2592,-13.903713892709767,0.0,-20.495185694635477
2023-06-07,DCX,0.30952382,4.2,1.0,5.5,5.4,-1.8181818181818077,6.350909090909096,-8.363636363636362
2023-06-07,YEXT,0.18333328,9.6,2.0,11.36,13.245,16.593309859154925,26.320422535211275,-0.5281690140845008
2023-06-07,ELTX,0.16461205,13.79,3.0,16.06,15.01,-6.537982565379819,5.7907845579078465,-9.713574097135735
2023-06-07,AFRM,0.16434896,15.82,4.0,18.42,16.22,-11.943539630836064,5.863192182410404,-12.432138979370267
2023-06-07,SFIX,0.15489125,3.68,5.0,4.21,4.715,11.995249406175779,21.615201900237537,-1.9002375296912177
2023-06-08,BAOS,0.92580104,5.93,1.0,11.42,13.71,20.05253940455343,27.05779334500875,-19.176882661996498
2023-06-08,CVNA,0.21184802,15.53,2.0,18.82,24.5301,30.340595111583426,38.62911795961743,-6.3230605738576084
2023-06-08,LAKE,0.17232811,12.28,3.0,14.4,12.91,-10.347222222222218,0.19097222222221877,-12.847222222222221
2023-06-08,FDMT,0.14121509,18.27,4.0,20.85,19.46,-6.666666666666665,1.534772182254196,-8.200959232613913
2023-06-08,BBLG,0.12037027,5.4,5.0,6.05,5.6611,-6.428099173553714,12.016528925619841,-10.57685950413223
2023-06-09,WLDS,0.20673072,2.08,1.0,2.51,2.095,-16.533864541832656,1.9920318725099806,-20.318725099601586
2023-06-09,KC,0.14405012,4.79,2.0,5.48,5.17,-5.65693430656935,7.664233576642343,-7.025547445255487
2023-06-12,VERA,0.10682118,7.77,1.0,8.6,9.01,4.767441860465116,12.84883720930232,-1.3953488372092981
2023-06-13,MGIH,0.47000003,2.0,1.0,2.94,2.1807,-25.826530612244902,16.326530612244895,-31.63265306122449
2023-06-13,MPAA,0.14990509,5.27,2.0,6.06,6.15,1.4851485148514865,11.71617161716172,-7.566006600660069
2023-06-14,IVA,0.30790198,3.67,1.0,4.8,4.25,-11.458333333333325,1.2500000000000178,-15.747916666666661
2023-06-14,NEXT,0.2709551,5.13,2.0,6.52,7.745,18.78834355828223,21.26073619631903,-5.061349693251527
2023-06-14,CYH,0.13414633,4.1,3.0,4.65,4.17,-10.322580645161295,1.7204301075268935,-10.967741935483888
2023-06-15,MVIS,0.1673913,4.6,1.0,5.37,5.02,-6.517690875232784,0.0,-10.428305400372452
2023-06-15,DFLI,0.1015625,2.56,2.0,2.82,2.8182,-0.06382978723403765,13.475177304964546,-4.6099290780141855
2023-06-16,SPCE,0.40886712,4.06,1.0,5.72,4.71,-17.657342657342657,4.370629370629375,-21.153846153846157
2023-06-16,LAES,0.12446618,16.39,2.0,18.43,17.45,-5.317417254476398,1.7004883342376598,-12.642430819316319
2023-06-16,BTDR,0.11904764,7.56,3.0,8.46,10.99,29.905437352245844,37.1158392434988,-10.638297872340441
2023-06-16,ENVX,0.11885548,13.63,4.0,15.25,15.15,-0.6557377049180357,0.0,-9.311475409836067
2023-06-20,VCIG,0.34275627,2.83,1.0,3.8,7.4598,96.31052631578949,197.8947368421053,-6.052631578947365
2023-06-20,BOF,0.31602716,4.43,2.0,5.88,4.44,-24.489795918367342,5.442176870748305,-26.870748299319725
2023-06-20,VERA,0.13442123,12.87,3.0,14.6,15.0,2.7397260273972712,8.90410958904111,-4.93150684931506
2023-06-20,DCX,0.1232394,2.84,4.0,3.19,2.72,-14.733542319749205,0.31347962382446415,-15.235109717868333
2023-06-21,PCT,0.14735508,7.94,1.0,9.11,9.825,7.848518111964875,9.68166849615808,-0.1097694840834218
2023-06-22,ROOT,0.49688148,9.62,1.0,14.49,13.095,-9.627329192546586,2.139406487232587,-16.494133885438234
2023-06-22,AAOI,0.12725091,4.165,2.0,4.695,3.785,-19.382321618743347,0.5324813631522707,-23.514376996805108
2023-06-26,SCNX,1.1795361,8.44,1.0,18.4,15.9999,-13.044021739130429,7.06576086956523,-22.826086956521742
2023-06-26,ORIC,0.12326658,6.49,2.0,7.29,8.41,15.36351165980796,17.28395061728396,-2.7105624142661267
2023-06-28,XPOF,0.17811704,15.72,1.0,18.52,17.095,-7.694384449244063,3.5637149028077797,-8.53131749460042
2023-06-29,JOBY,0.19977677,8.96,1.0,10.75,9.98,-7.162790697674415,11.441860465116282,-10.976744186046506
2023-06-29,TE,0.17748344,7.55,2.0,8.89,9.075,2.08098987626546,11.473565804274454,-2.0427446569179053
2023-06-29,HURA,0.13043475,2.9901,3.0,3.38,4.26,26.035502958579883,47.928994082840234,-9.171597633136097
2023-06-29,ACHR,0.12987018,3.85,4.0,4.35,4.015,-7.7011494252873565,9.6551724137931,-9.195402298850563
2023-06-29,KLRS,0.10975611,3.28,5.0,3.64,3.42,-6.043956043956045,1.098901098901095,-11.813186813186816
2023-06-30,AUPH,0.13209605,9.16,1.0,10.37,9.665,-6.798457087753141,0.0,-6.894889103182256
2023-06-30,MVIS,0.10512829,3.9,2.0,4.31,4.565,5.916473317865445,8.236658932714636,-2.088167053364265
2023-07-03,ALVO,0.14728689,7.74,1.0,8.88,8.4,-5.405405405405405,3.603603603603589,-7.770270270270285
2023-07-03,OKUR,0.12042689,6.56,2.0,7.35,6.4694,-11.98095238095237,0.0,-18.36734693877551
2023-07-03,ACMR,0.11697245,13.08,3.0,14.61,14.95,2.32717316906228,6.707734428473655,-1.9164955509924697
2023-07-06,CRBU,0.37254906,4.08,1.0,5.6,5.92,5.714285714285716,22.857142857142865,-2.857142857142847
2023-07-06,SG,0.13957047,13.04,2.0,14.86,15.06,1.3458950201884257,3.9030955585464433,-5.047106325706596
2023-07-06,GENI,0.104991436,5.81,3.0,6.42,7.3499,14.484423676012458,20.09345794392523,-1.0903426791277315
2023-07-07,AURE,0.9351852,5.4,1.0,10.45,19.84,89.85645933014355,114.83253588516749,-28.038277511961716
2023-07-07,GRRR,0.67464113,2.09,2.0,3.5,4.75,35.71428571428572,65.42857142857143,-4.0000000000000036
2023-07-07,CSTL,0.5060241,13.28,3.0,20.0,20.09,0.44999999999999485,4.800000000000004,-9.600000000000009
2023-07-10,TMC,0.17391312,2.53,1.0,2.97,2.7805,-6.380471380471386,7.744107744107742,-9.090909090909093
2023-07-10,WBX,0.11083746,4.06,2.0,4.51,4.91,8.869179600886934,10.864745011086473,-9.312638580931266
2023-07-11,GDTC,1.1260746,3.49,1.0,7.42,5.575,-24.86522911051212,24.663072776280327,-25.876010781671155
2023-07-11,ABOS,0.15891123,4.96,2.0,5.7482,5.91,2.8147941964441037,11.165234334226358,-7.449288472913251
2023-07-12,RXRX,1.1637168,6.78,1.0,14.67,11.995,-18.234492160872527,2.1813224267211995,-30.94751192910702
2023-07-12,GPUS,0.62727284,3.3,2.0,5.37,5.18,-3.5381750465549366,19.180633147113603,-16.945996275605214
2023-07-12,HLLY,0.1795454,4.4,3.0,5.19,5.28,1.7341040462427681,11.94605009633909,-0.3853564547206201
2023-07-12,DAKT,0.15548277,6.11,4.0,7.06,7.31,3.541076487252126,22.521246458923528,0.0
2023-07-12,ELOX,0.14379954,7.58,5.0,8.67,9.6,10.726643598615905,21.107266435986148,-7.7277970011534025
2023-07-13,SXTP,0.47435904,4.68,1.0,6.9,4.53,-34.34782608695652,25.36231884057971,-36.23188405797101
2023-07-14,PRFX,0.39478266,5.75,1.0,8.08,8.025,-0.6806930693069257,108.04455445544554,-3.439356435643559
2023-07-14,DFNS,0.17030573,11.45,2.0,13.4,11.66,-12.985074626865678,14.776119402985088,-14.328358208955228
2023-07-14,LUNR,0.16276348,8.54,3.0,9.93,9.601,-3.3131923464249646,7.653575025176229,-9.164149043303127
2023-07-17,ABOS,0.7531847,6.28,1.0,11.01,9.75,-11.4441416893733,2.7238873751135317,-15.894641235240691
2023-07-17,HCTI,0.50136995,3.65,2.0,5.5,4.62,-16.000000000000004,20.90909090909092,-23.270909090909086
2023-07-17,BBIO,0.4687158,18.22,3.0,26.84,32.0,19.22503725782414,27.719821162444113,-2.0491803278688603
2023-07-17,PRFX,0.25432098,8.1,4.0,10.16,9.13,-10.137795275590545,13.680118110236217,-16.33858267716536
2023-07-17,NMAD,0.1602211,5.43,5.0,6.3,7.6816,21.930158730158734,50.79365079365079,-15.553968253968254
2023-07-19,SXTP,0.3264463,2.42,1.0,3.21,3.3208,3.4517133956386337,9.968847352024923,-11.838006230529597
2023-07-19,VRM,0.11830354,2.24,2.0,2.505,2.67,6.586826347305386,12.574850299401197,-6.986027944111772
2023-07-19,TRUG,0.112167,11.6799,3.0,12.99,12.6416,-2.682063125481138,10.854503464203225,-7.621247113163976
2023-07-19,RBBN,0.104026794,2.98,4.0,3.29,3.395,3.1914893617021267,7.583586626139804,-1.2158054711246202
2023-07-20,PSQH,0.40388763,13.89,1.0,19.5,29.6183,51.88871794871797,82.43487179487181,-11.178974358974358
2023-07-20,GRRR,0.32894742,2.28,2.0,3.03,2.54,-16.171617161716167,0.660066006600668,-19.14191419141913
2023-07-20,PRFX,0.2672292,7.11,3.0,9.01,9.63,6.881243063263054,26.193118756936727,-3.9955604883462725
2023-07-21,BGLC,0.40041065,4.87,1.0,6.82,6.115,-10.337243401759533,39.14956011730204,-24.34017595307918
2023-07-21,DJT,0.25000012,13.36,2.0,16.7,20.24,21.197604790419167,54.79041916167666,-2.754491017964078
2023-07-21,GFAI,0.15217388,6.44,3.0,7.42,8.465,14.083557951482483,33.42318059299192,-7.0067385444743895
2023-07-21,QNRX,0.11981559,6.51,4.0,7.29,9.09,24.691358024691358,64.6090534979424,-1.9204389574759895
2023-07-24,AMC,0.32733214,4.4,1.0,5.84,5.875,0.5993150684931559,6.678082191780832,-16.609589041095884
2023-07-25,KNSA,0.12717545,14.94,1.0,16.84,19.48,15.676959619952502,18.764845605700707,-4.928741092636568
2023-07-26,XPEV,0.1484375,15.36,1.0,17.64,19.495,10.515873015873023,23.752834467120177,-0.5102040816326481
2023-07-26,GPUS,0.14655173,3.48,2.0,3.99,3.38,-15.288220551378451,0.9649122807017463,-17.29323308270677
2023-07-26,WW,0.10775423,9.93,3.0,11.0,11.465,4.227272727272724,8.908181818181827,-1.7272727272727217
2023-07-27,CLS,0.24605107,16.46,1.0,20.5,17.945,-12.463414634146341,0.7804878048780495,-13.51219512195122
2023-07-27,NMAD,0.16279078,3.87,2.0,4.5,3.65,-18.88888888888889,5.111111111111111,-19.777777777777782
2023-07-27,SPOK,0.14506567,11.44,3.0,13.1,13.3,1.526717557251911,13.740458015267176,-1.2977099236641254
2023-07-27,IMAX,0.13693905,17.38,4.0,19.76,18.875,-4.478744939271262,4.757085020242902,-6.123481781376528
2023-07-28,BJDX,0.37196267,5.35,1.0,7.34,7.9199,7.900544959128064,32.287465940054496,-5.177111716621252
2023-07-28,SIGA,0.24960494,5.09,2.0,6.39,5.5399,-13.303599374021902,4.851330203442883,-14.39749608763693
2023-07-28,COUR,0.16333592,13.01,3.0,15.135,15.2581,0.8133465477370372,1.156260323752889,-8.688470432771723
2023-07-31,EOSE,0.20353985,2.26,1.0,2.72,2.4966,-8.21323529411766,6.25,-10.294117647058831
2023-07-31,GDRX,0.12740743,6.75,2.0,7.61,9.23,21.28777923784495,23.127463863337706,-0.13140604467806183
2023-07-31,INVZ,0.105571866,3.41,3.0,3.77,4.155,10.212201591511949,11.14058355437666,-3.9787798408488007
2023-07-31,ACHR,0.104602456,4.78,4.0,5.28,6.69,26.70454545454546,30.113636363636353,-0.9469696969696906
2023-08-01,AMSC,0.5873016,10.08,1.0,16.0,16.2601,1.6256250000000083,8.562500000000007,-16.812499999999996
2023-08-01,TTI,0.20044541,4.49,2.0,5.39,4.98,-7.606679035250452,0.5565862708719838,-11.298701298701296
2023-08-01,RGTI,0.15261042,2.49,3.0,2.87,3.195,11.324041811846675,19.512195121951216,-15.679442508710807
2023-08-01,AUDC,0.105980754,10.04,4.0,11.09,11.55,4.147880973850326,9.107303877367002,-1.0820559062218127
2023-08-02,CDLX,0.22094059,11.27,1.0,13.76,13.45,-2.2529069767441845,10.465116279069765,-7.776162790697672
2023-08-02,FRSH,0.18201756,18.24,2.0,21.56,21.595,0.16233766233766378,7.096474953617826,-3.293135435992567
2023-08-03,BJDX,0.92307687,5.46,1.0,10.5,8.4594,-19.434285714285714,6.095238095238109,-22.857142857142865
2023-08-03,COOK,0.37257278,4.12,2.0,5.655,5.895,4.244031830238715,18.47922192749778,-3.271441202475689
2023-08-03,UPWK,0.3039117,9.97,3.0,13.0,14.385,10.653846153846146,11.538461538461542,-3.8461538461538436
2023-08-03,AURE,0.18386495,10.66,4.0,12.62,12.0464,-4.545166402535649,14.896988906497622,-6.89381933438985
2023-08-03,SABR,0.14905143,3.69,5.0,4.24,4.875,14.976415094339623,15.566037735849058,-3.301886792452846
2023-08-04,AD,0.46624994,17.5,1.0,25.65,33.73,31.500974658869385,36.45224171539962,-2.534113060428844
2023-08-04,TDS,0.36718237,7.9,2.0,10.8,14.85,37.49999999999998,38.888888888888886,-3.4259259259259323
2023-08-04,CMRC,0.27387202,9.53,3.0,12.14,12.055,-0.7001647446458037,5.0247116968698435,-8.072487644151572
2023-08-04,AAOI,0.2701062,6.59,4.0,8.37,10.87,29.86857825567504,34.886499402628445,-3.823178016726392
2023-08-04,FUBO,0.20249224,3.21,5.0,3.86,3.165,-18.005181347150256,0.2590673575129543,-18.911917098445596
2023-08-07,GENI,0.13513505,7.4,1.0,8.4,7.185,-14.464285714285719,0.5952380952380931,-15.000000000000002
2023-08-08,CHGG,0.30608177,10.03,1.0,13.1,10.485,-19.96183206106871,0.07633587786259888,-20.76335877862595
2023-08-08,HIMS,0.17215192,7.9,2.0,9.26,7.475,-19.276457883369336,0.16198704103671524,-22.030237580993518
2023-08-08,KD,0.16465867,12.45,3.0,14.5,14.775,1.8965517241379404,6.896551724137923,-2.0689655172413834
2023-08-08,SGMT,0.12923467,15.94,4.0,18.0,15.97,-11.277777777777775,1.8333333333333313,-12.5
2023-08-09,TNGX,0.3054831,3.83,1.0,5.0,7.8,56.00000000000001,87.80000000000001,0.0
2023-08-09,ARRY,0.20805383,17.88,2.0,21.6,22.1,2.314814814814814,8.842592592592592,-1.85185185185186
2023-08-09,MQ,0.20262098,4.96,3.0,5.965,5.55,-6.9572506286672215,4.610226320201183,-9.795473595976523
2023-08-09,BOOM,0.17891741,17.55,4.0,20.69,22.2,7.2982116964717125,8.603189946834199,-2.8516191396810053
2023-08-09,VERX,0.17332578,17.77,5.0,20.85,19.47,-6.61870503597124,0.0,-11.70263788968825
2023-08-10,MGIH,0.111111045,2.43,1.0,2.7,2.48,-8.14814814814816,20.370370370370374,-13.996296296296308
2023-08-10,PRMB,0.110762,13.84,2.0,15.38,15.135,-1.5929778933680194,0.845253576072813,-2.5357607282184724
2023-08-10,NABL,0.10007465,13.39,3.0,14.73,13.42,-8.89341479972845,0.05431093007466359,-9.57230142566191
2023-08-11,TLSI,0.21693122,11.34,1.0,13.8,12.155,-11.920289855072475,17.681159420289827,-34.275362318840585
2023-08-11,INOD,0.19514477,10.71,2.0,12.8,13.36,4.374999999999996,8.463281249999998,-6.171875000000004
2023-08-11,ACHR,0.17667246,5.83,3.0,6.86,5.785,-15.670553935860065,1.3119533527696792,-21.13556851311954
2023-08-11,AIXI,0.13557208,8.04,4.0,9.13,7.05,-22.78203723986857,0.0,-33.9539978094195
2023-08-11,PLSE,0.12573099,6.84,5.0,7.7,7.16,-7.012987012987015,0.0,-7.92207792207793
2023-08-15,VFS,1.1052632,10.45,1.0,22.0,37.3001,69.54590909090909,76.26136363636364,-27.27272727272727
2023-08-15,DCTH,0.87179494,3.12,2.0,5.84,5.68,-2.73972602739726,24.486301369863007,-8.56164383561644
2023-08-15,NVTS,0.13937294,8.61,3.0,9.81,9.0,-8.25688073394496,2.9561671763506547,-13.761467889908252
2023-08-15,GSM,0.11810017,4.83,4.0,5.4,5.14,-4.814814814814827,3.3333333333333215,-7.314814814814818
2023-08-16,DLO,0.2684102,15.5,1.0,19.66,20.615,4.857578840284837,23.17802644964395,-0.7629704984740471
2023-08-16,HKD,0.1169492,5.9,2.0,6.59,5.6599,-14.113808801213956,0.15174506828528056,-14.871016691957506
2023-08-16,IDAI,0.111111164,2.34,3.0,2.6,2.53,-2.692307692307705,14.230769230769225,-7.692307692307699
2023-08-18,HE,0.10806322,12.03,1.0,13.33,13.77,3.300825206301572,6.526631657914472,-6.901725431357841
2023-08-21,EOSE,0.10702336,2.99,1.0,3.31,3.225,-2.5679758308157052,1.2084592145015227,-10.876132930513593
2023-08-22,HKD,0.14999998,5.0,1.0,5.75,6.4094,11.467826086956512,46.43478260869565,-9.39130434782609
2023-08-22,APLD,0.13389826,5.9,2.0,6.67,6.13,-8.095952023988007,4.047976011994003,-10.194902548725636
2023-08-22,ASLE,0.125,12.64,3.0,14.22,13.74,-3.3755274261603407,2.1800281293952173,-5.267229254571026
2023-08-23,RCUS,0.23444974,18.81,1.0,23.03,22.99,-0.17368649587495844,10.594876248371676,-1.9973947025618832
2023-08-23,MYSZ,0.11739135,2.3,2.0,2.57,2.47,-3.8910505836575737,4.669260700389111,-11.669260700389106
2023-08-24,TSHA,0.18018007,2.22,1.0,2.62,2.36,-9.92366412213741,3.435114503816794,-18.31679389312978
2023-08-24,GRPN,0.13715506,11.775,2.0,13.39,12.21,-8.812546676624343,2.911874533233738,-9.522031366691564
2023-08-28,VFSWW,0.6993618,2.5539,1.0,4.34,3.83,-11.751152073732719,4.8387096774193505,-19.354838709677413
2023-08-28,HE,0.39751554,9.66,2.0,13.5,13.965,3.44444444444445,9.185185185185185,-4.740740740740746
2023-08-28,RDZN,0.23834205,9.65,3.0,11.95,11.685,-2.2175732217573074,17.991631799163187,-16.06694560669456
2023-08-29,TIGR,0.119113564,3.61,1.0,4.04,4.61,14.10891089108912,18.688118811881193,-3.960396039603964
2023-08-30,DBGI,0.6431925,8.52,1.0,14.0,10.93,-21.92857142857143,13.642857142857135,-32.14285714285714
2023-08-30,VFSWW,0.14999998,4.0,2.0,4.6,5.5887,21.49347826086958,27.60869565217392,-1.5217391304347738
2023-08-31,VFSWW,0.21052635,5.7,1.0,6.9,7.76,12.463768115942031,44.927536231884055,-10.869565217391308
2023-08-31,BEKE,0.107556224,15.66,2.0,17.44,17.16,-1.6055045871559703,14.392201834862384,-3.325688073394506
2023-09-01,SCNX,0.76717806,7.64,1.0,13.5,11.6071,-14.02148148148148,6.44444444444443,-25.48148148148148
2023-09-01,EOSE,0.4738462,3.25,2.0,4.79,3.849,-19.645093945720248,0.41753653444676075,-24.425887265135692
2023-09-05,HSDT,0.4498645,7.38,1.0,10.7,9.99,-6.6355140186915795,25.51401869158878,-17.10280373831776
2023-09-06,MITK,0.19734514,11.3,1.0,13.53,12.9,-4.6563192904656265,3.3259423503326113,-6.79970436067997
2023-09-06,DAKT,0.11694503,8.38,2.0,9.36,8.88,-5.12820512820511,6.517094017094038,-8.22649572649572
2023-09-07,DBI,0.28566837,10.38,1.0,13.34,12.65,-5.1724137931034475,0.7496251874062887,-11.769115442278865
2023-09-07,GIII,0.20146513,19.3,2.0,23.19,23.95,3.277274687365228,5.519620526088831,-9.098749460974576
2023-09-08,SWBI,0.15888655,10.51,1.0,12.18,11.6,-4.761904761904767,8.210180623973717,-6.3218390804597675
2023-09-08,EOSE,0.120996475,2.81,2.0,3.15,2.75,-12.698412698412698,0.39047619047620774,-16.19047619047619
2023-09-11,BLRX,0.11004794,2.09,1.0,2.32,2.0401,-12.064655172413797,0.4310344827586299,-13.362068965517249
2023-09-12,MTRX,0.15056467,7.97,1.0,9.21,9.06,-1.6286644951140072,0.43431053203040193,-10.314875135722056
2023-09-12,CGNT,0.14069271,4.62,2.0,5.27,5.76,9.297912713472488,11.195445920303616,-1.7077798861480087
2023-09-12,GERN,0.10683763,2.34,3.0,2.59,2.305,-11.003861003860994,2.5096525096525157,-13.127413127413124
2023-09-13,RCKT,0.4022237,15.29,1.0,21.44,21.25,-0.8861940298507509,4.104477611940283,-8.255130597014926
2023-09-15,IOVA,0.23789024,4.645,1.0,5.75,5.255,-8.608695652173914,4.0000000000000036,-10.782608695652174
2023-09-18,ESLA,0.11353207,8.72,1.0,9.71,12.34,27.085478887744575,48.1977342945417,-4.943357363542744
2023-09-19,SEZL,0.5786543,12.93,1.0,20.41,17.12,-16.119549240568343,21.019108280254773,-20.03919647231749
2023-09-20,CETX,0.1394496,5.45,1.0,6.21,6.7,7.890499194847034,17.389694041867966,-7.4074074074074066
2023-09-20,BHC,0.124352455,7.72,2.0,8.68,8.3101,-4.261520737327185,0.4608294930875667,-6.221198156682018
2023-09-21,CDT,0.55685353,12.84,1.0,19.99,17.0,-14.957478739369678,10.055027513756887,-19.509754877438713
2023-09-21,ESLA,0.2628572,12.25,2.0,15.47,16.05,3.749191984486111,34.45378151260503,-7.563025210084029
2023-09-21,RDZN,0.124100685,11.12,3.0,12.5,6.6,-47.199999999999996,0.0,-53.279999999999994
2023-09-22,CCG,0.2397306,14.85,1.0,18.41,19.295,4.807170016295492,31.381857686040206,-7.0613796849538275
2023-09-26,ADPT,0.16141737,5.08,1.0,5.9,5.515,-6.525423728813573,7.457627118644061,-6.864406779661025
2023-09-26,ROIV,0.15572965,10.21,2.0,11.8,12.405,5.127118644067785,8.728813559322024,-0.423728813559332
2023-09-27,MLKN,0.2385639,19.15,1.0,23.72,24.435,3.0143338954468746,6.661045531197307,-0.5059021922428242
2023-09-27,BHVN,0.17847025,17.65,2.0,20.8,23.525,13.100961538461519,22.500000000000007,0.0
2023-09-28,ORGO,0.16603768,2.65,1.0,3.09,3.375,9.223300970873783,11.326860841423958,-5.815533980582521
2023-09-29,VSME,0.26246715,3.81,1.0,4.81,4.4,-8.523908523908508,32.01663201663203,-15.5925155925156
2023-09-29,EDIT,0.13150287,6.92,2.0,7.79,7.795,0.06418485237484894,10.141206675224645,-4.364569961489084
2023-10-02,FEMY,0.3657719,2.98,1.0,4.06,3.805,-6.2807881773398915,16.995073891625623,-18.7192118226601
2023-10-02,NEUP,0.16296303,2.7,2.0,3.14,3.935,25.318471337579606,42.99363057324841,-9.554140127388544
2023-10-02,CIFR,0.111588,2.33,3.0,2.59,2.52,-2.7027027027026973,6.1776061776061875,-5.405405405405395
2023-10-02,PBI,0.109363556,3.02,4.0,3.35,3.475,3.731343283582089,5.074626865671639,-2.3880597014925398
2023-10-02,MNTS,0.105002046,2.0,5.0,2.21,1.935,-12.44343891402715,65.6108597285068,-20.36199095022624
2023-10-03,ALXO,0.6819128,4.81,1.0,8.09,7.55,-6.674907292954268,2.8417799752781248,-14.585908529048208
2023-10-05,VSME,0.21290314,4.65,1.0,5.64,2.3193,-58.87765957446809,53.191489361702146,-62.4113475177305
2023-10-05,FEMY,0.20524025,2.29,2.0,2.76,2.0602,-25.355072463768114,1.445652173913059,-25.3623188405797
2023-10-05,CMBT,0.19804871,14.77,3.0,17.69,17.285,-2.289429055963832,0.05652911249292014,-4.578858111927653
2023-10-05,VFS,0.105589986,8.05,4.0,8.9,8.435,-5.224719101123599,4.494382022471921,-9.438202247191008
2023-10-09,VEON,0.10324323,18.5,1.0,20.41,19.25,-5.683488486036259,0.4409603135717699,-7.3983341499265105
2023-10-10,ERAS,0.104545474,2.2,1.0,2.43,2.5,2.8806584362139898,14.814814814814813,0.0
2023-10-11,ABAT,0.15674889,6.89,1.0,7.97,6.89,-13.550815558343787,0.37641154328733606,-14.680050188205772
2023-10-12,VSAT,0.16890597,15.63,1.0,18.27,16.775,-8.18281335522716,0.43787629994527233,-9.961685823754795
2023-10-12,ACXP,0.15775394,3.74,2.0,4.33,4.08,-5.773672055427248,103.69515011547344,-11.31639722863742
2023-10-12,SRRK,0.1284672,6.85,3.0,7.73,8.04,4.010349288486403,19.53428201811125,-3.6222509702457995
2023-10-12,EVLV,0.10344839,4.35,4.0,4.8,3.775,-21.354166666666664,0.0,-24.12291666666666
2023-10-13,CMTL,0.22604406,8.14,1.0,9.98,10.31,3.3066132264529147,9.218436873747503,-3.3066132264529036
2023-10-16,MNTS,0.20579267,3.11,1.0,3.75,4.8901,30.40266666666667,46.66666666666666,-11.733333333333329
2023-10-16,ALHC,0.14954686,6.62,2.0,7.61,7.77,2.1024967148488782,7.07227332457292,-2.759526938239154
2023-10-16,MARA,0.107652426,7.71,3.0,8.54,8.095,-5.210772833723631,4.683840749414525,-7.845433255269308
2023-10-18,ARDX,0.1362319,3.45,1.0,3.92,3.895,-0.6377551020408156,5.102040816326525,-7.397959183673475
2023-10-24,HUT,0.1327014,2.11,1.0,2.39,2.29,-4.184100418410042,0.4184100418409997,-8.368200836820094
2023-10-24,CLSK,0.13043475,4.255,2.0,4.81,4.6977,-2.3347193347193262,6.2370062370062485,-4.5738045738045745
2023-10-24,MARA,0.13028574,8.75,3.0,9.89,9.751,-1.4054600606673517,8.392315470171896,-5.460060667340761
2023-10-24,IREN,0.12812495,3.2,4.0,3.61,3.515,-2.631578947368418,11.772853185595578,-6.371191135734067
2023-10-24,RIOT,0.11789036,9.67,5.0,10.81,10.6699,-1.2960222016651257,5.180388529139668,-4.717853839037922
2023-10-25,SRRK,0.10443866,7.66,1.0,8.46,9.07,7.210401891252949,10.047281323877066,-1.3002364066194039
2023-10-26,ALT,0.11814356,2.37,1.0,2.65,2.305,-13.018867924528287,3.018867924528301,-13.018867924528287
2023-10-27,NRDS,0.20481932,6.64,1.0,8.0,9.266,15.825,22.750000000000004,-6.25
2023-10-27,CVRX,0.15654206,12.84,2.0,14.85,13.255,-10.740740740740728,5.723905723905731,-13.36700336700336
2023-10-27,COUR,0.11466813,17.18,3.0,19.15,17.195,-10.208877284595296,0.0,-13.420365535248047
2023-10-30,CHRS,0.14393938,2.64,1.0,3.02,3.005,-0.4966887417218624,8.609271523178808,-6.29139072847682
2023-10-30,SOFI,0.10625911,6.87,2.0,7.6,6.93,-8.81578947368421,3.684210526315801,-12.105263157894742
2023-10-31,HRMY,0.13292754,19.71,1.0,22.33,23.48,5.150022391401721,7.254814151365885,-1.477832512315258
2023-10-31,LUNG,0.108998775,7.89,2.0,8.75,8.8,0.5714285714285783,4.800000000000004,-2.820571428571428
2023-11-01,TGTX,0.31824052,7.73,1.0,10.15,10.165,0.1477832512315258,12.709359605911331,-7.9802955665024715
2023-11-01,TTMI,0.12706697,11.49,2.0,12.95,12.9713,0.1644787644787593,0.38610038610038533,-5.444015444015449
2023-11-02,LMND,0.26,11.0,1.0,13.86,16.17,16.666666666666675,16.91919191919191,-5.05050505050505
2023-11-02,FSLY,0.22807014,14.25,4.0,17.5,16.525,-5.571428571428583,2.5680000000000147,-6.628571428571428
2023-11-02,CWH,0.2221539,17.28,5.0,21.12,18.595,-11.955492424242431,8.901515151515138,-12.760416666666663
2023-11-03,ANIK,0.27488148,18.99,1.0,24.21,21.13,-12.722015695993393,0.1652209830648399,-16.19165634035523
2023-11-03,CPS,0.23605657,12.73,2.0,15.735,18.11,15.093740069907845,18.080711789005388,-1.5570384493168055
2023-11-03,FIGS,0.20106769,5.62,3.0,6.75,6.795,0.6666666666666599,6.814814814814807,-2.2222222222222254
2023-11-03,FNKO,0.15845537,7.51,4.0,8.7,8.7425,0.48850574712644423,15.287356321839084,-0.5747126436781436
2023-11-03,ATMU,0.14430892,19.9,5.0,22.77,20.42,-10.320597277119003,2.8107158541941235,-13.438735177865613
2023-11-06,AIRE,0.2947719,8.99,1.0,11.64,9.08,-21.993127147766323,7.388316151202745,-26.3745704467354
2023-11-06,OPRX,0.29210842,8.49,2.0,10.97,9.8,-10.665451230628985,0.0,-13.309024612579767
2023-11-06,NSSC,0.17323709,18.795,3.0,22.05,22.855,3.65079365079366,7.165532879818581,-3.3560090702947964
2023-11-07,TASK,0.14520717,10.26,2.0,11.75,12.1,2.9787234042553123,4.0000000000000036,-4.595744680851055
2023-11-08,AERT,0.35849047,2.65,1.0,3.6,2.06,-42.77777777777778,3.8888888888888973,-44.44444444444444
2023-11-08,TH,0.27186012,12.58,2.0,16.0,14.55,-9.062499999999996,0.12499999999999734,-12.875000000000004
2023-11-08,UPWK,0.22245324,12.025,3.0,14.7,13.235,-9.965986394557824,2.0408163265306145,-16.39455782312925
2023-11-08,SRTA,0.22026432,2.27,4.0,2.77,2.9584,6.801444043321303,11.505415162454868,-4.693140794223827
2023-11-08,EVGO,0.20869565,2.3,5.0,2.78,2.705,-2.6978417266186994,4.676258992805771,-8.273381294964032
2023-11-09,CDNA,0.26382303,6.33,1.0,8.0,7.225,-9.687500000000004,0.0,-10.999999999999998
2023-11-09,TPST,0.22340417,2.82,2.0,3.45,3.3,-4.34782608695653,25.79710144927536,-8.405797101449275
2023-11-09,CLMT,0.22307694,13.0,3.0,15.9,14.3,-10.062893081761004,1.7610062893081757,-11.069182389937104
2023-11-09,XMTR,0.17812312,16.73,4.0,19.71,16.1,-18.31557584982242,0.3551496702181689,-20.136986301369863
2023-11-09,BAK,0.16927457,7.03,5.0,8.22,8.115,-1.2773722627737238,1.703163017031617,-3.284671532846717
2023-11-10,RCEL,0.21457493,9.88,1.0,12.0,11.25,-6.25,4.249999999999998,-10.166666666666668
2023-11-10,BLNK,0.16666663,2.46,2.0,2.87,3.05,6.271777003484313,18.466898954703815,-4.878048780487809
2023-11-10,INDI,0.1659919,4.94,3.0,5.76,5.655,-1.822916666666663,5.902777777777768,-5.902777777777779
2023-11-10,VERA,0.12945259,11.51,4.0,13.0,12.13,-6.692307692307686,6.769230769230772,-9.769230769230763
2023-11-10,FIGS,0.12286687,5.86,5.0,6.58,6.145,-6.610942249240126,0.4559270516717451,-8.054711246200608
2023-11-13,MNTK,0.12983,6.47,1.0,7.31,8.7,19.015047879616965,20.109439124486993,-0.6839945280437743
2023-11-14,AIRE,0.901528,5.89,1.0,11.2,11.6404,3.9321428571428507,32.857142857142875,-38.20982142857143
2023-11-14,PSFE,0.12710285,10.7,2.0,12.06,13.53,12.189054726368154,12.686567164179108,-7.7106135986733
2023-11-14,PCT,0.120915055,3.06,3.0,3.39,3.9099,15.336283185840704,20.943952802359878,-0.7374631268436516
2023-11-14,OPEN,0.10837436,2.03,4.0,2.25,2.28,1.3333333333333197,5.3333333333333455,-1.3333333333333197
2023-11-14,LWAY,0.10660982,9.38,5.0,10.38,13.04,25.62620423892099,26.20423892100192,-6.840077071290951
2023-11-15,ARCT,0.1845361,19.4,1.0,22.98,22.57,-1.7841601392515227,15.317667536988688,-2.2628372497824123
2023-11-15,CRMD,0.17252398,3.13,2.0,3.67,3.325,-9.400544959128055,18.256130790190728,-29.972752043596728
2023-11-15,SLDB,0.16901398,2.13,3.0,2.49,2.741,10.08032128514056,22.891566265060238,-1.6064257028112428
2023-11-15,SIRI,0.122710586,4.89,4.0,5.49,5.17,-5.828779599271405,2.3679417122040025,-6.193078324225865
2023-11-16,M,0.12633455,12.61,1.0,14.2,13.305,-6.302816901408448,1.6197183098591639,-7.781690140845066
2023-11-16,METCB,0.10631311,14.02,2.0,15.51,13.5,-12.959381044487428,1.8052869116698789,-14.82914248871695
2023-11-17,RENX,1.4455445,3.03,1.0,7.41,4.55,-38.596491228070185,13.63022941970311,-45.20917678812416
2023-11-17,GAP,0.1990484,13.67,2.0,16.39,17.775,8.4502745576571,10.665649786455166,-2.0134228187919545
2023-11-20,YPF,0.26281464,10.73,1.0,13.55,14.99,10.62730627306272,13.505535055350549,-1.5498154981549828
2023-11-20,SUPV,0.23876834,2.05,2.0,2.54,2.535,-0.19685039370078705,2.7559055118110187,-9.251968503937002
2023-11-20,CNTB,0.21463418,2.05,3.0,2.49,2.08,-16.465863453815267,4.016064257028096,-17.26907630522089
2023-11-20,BBAR,0.18369591,4.41,4.0,5.22,5.25,0.5747126436781658,4.789272030651337,-4.980842911877392
2023-11-20,GGAL,0.182971,12.5,5.0,14.79,14.585,-1.3860716700473175,6.896551724137945,-1.9607843137254832
2023-11-21,AIFF,0.16842103,2.85,1.0,3.33,3.51,5.405405405405395,48.64264264264264,-12.612612612612606
2023-11-22,BNKK,0.18371606,4.79,1.0,5.67,3.77,-33.50970017636684,6.701940035273357,-52.02821869488537
2023-11-27,IRS,0.15770316,8.12,1.0,9.4,9.125,-2.92553191489362,0.31914893617019935,-4.9063829787234
2023-11-28,RNA,0.25324678,6.16,1.0,7.71,7.055,-8.495460440985736,3.761348897535677,-14.396887159533078
2023-11-28,ARIS,0.103412986,3.09,2.0,3.41,3.23,-5.278592375366575,0.0,-9.384164222873903
2023-11-29,RDHL,0.3201754,2.28,1.0,3.01,2.86,-4.983388704318936,8.97009966777409,-18.604651162790688
2023-11-29,BMEA,0.21931589,9.94,2.0,12.27,12.95,5.541972290138553,24.653626731866353,-4.808475957620207
2023-11-29,GME,0.14825797,13.49,3.0,15.49,16.285,5.132343447385401,13.36346029696578,-5.100064557779216
2023-11-30,CMND,0.48148143,4.05,1.0,6.0,3.69,-38.5,8.000000000000007,-47.5
2023-11-30,STRO,0.19480515,2.31,2.0,2.76,2.61,-5.434782608695654,7.608695652173925,-6.521739130434778
2023-11-30,VFS,0.14814818,7.56,3.0,8.67,8.38,-3.344867358708181,7.26643598615917,-4.613610149942337
2023-11-30,VBIO,0.11637926,2.32,4.0,2.59,2.144,-17.22007722007721,23.93436293436295,-21.552123552123547
2023-11-30,ADIL,0.107981205,2.13,5.0,2.36,2.29,-2.9661016949152463,13.983050847457633,-15.254237288135586
2023-12-01,ALT,0.8164556,3.16,1.0,5.74,3.765,-34.40766550522648,2.2648083623693305,-38.67595818815332
2023-12-01,SPRC,0.22919333,7.81,2.0,9.6,8.11,-15.52083333333334,2.083333333333348,-17.079166666666666
2023-12-01,CMND,0.20857143,3.5,3.0,4.23,4.15,-1.891252955082745,21.749408983451524,-10.165484633569754
2023-12-01,PATH,0.14423084,19.76,4.0,22.61,25.0,10.57054400707651,12.64927023440956,-2.122954444935876
2023-12-01,FEBO,0.13963962,4.44,5.0,5.06,4.9,-3.162055335968361,7.707509881422947,-12.252964426877455
2023-12-04,EYPT,2.3282905,6.61,1.0,22.0,18.6366,-15.288181818181812,2.0000000000000018,-21.318181818181824
2023-12-04,CLSK,0.15575922,7.64,2.0,8.83,8.8748,0.5073612684031836,6.11551528878822,-8.040770101925265
2023-12-04,ALT,0.14845943,3.57,3.0,4.1,4.65,13.414634146341475,30.975609756097565,-0.9756097560975618
2023-12-04,BNKK,0.1216495,4.85,4.0,5.44,5.61,3.125,18.198529411764696,-7.5367647058823595
2023-12-05,CMND,0.5300261,3.83,1.0,5.86,4.6477,-20.687713310580204,16.040955631399314,-26.109215017064848
2023-12-05,TVTX,0.1685214,6.29,2.0,7.32,7.45,1.775956284153013,12.978142076502719,-0.1366120218579292
2023-12-05,GYRE,0.12079704,16.06,3.0,18.0,17.68,-1.7777777777777781,7.962222222222226,-3.3333333333333437
2023-12-06,WBUY,0.25210083,5.95,1.0,7.45,2.205,-70.40268456375838,91.94630872483222,-71.81208053691275
2023-12-06,PHR,0.23118639,14.75,2.0,18.16,17.77,-2.1475770925110216,4.818281938325986,-4.295154185022032
2023-12-06,S,0.14399993,20.0,3.0,22.88,23.1856,1.3356643356643438,6.5996503496503545,-2.534965034965031
2023-12-06,ALT,0.104448676,5.17,4.0,5.7,6.865,20.43859649122808,33.59649122807018,-2.9824561403508754
2023-12-07,WBUY,0.2832619,2.33,1.0,2.99,1.425,-52.34113712374582,6.35451505016722,-59.19732441471572
2023-12-07,ASLE,0.15649116,14.25,2.0,16.48,14.96,-9.223300970873783,1.273665048543693,-9.466019417475735
2023-12-07,JBLU,0.12050748,4.73,3.0,5.31,5.445,2.5423728813559476,3.578154425612068,-3.0131826741996104
2023-12-07,SMTC,0.10778439,16.7,4.0,18.5,19.4,4.86486486486486,10.702702702702705,-2.540540540540537
2023-12-08,MBI,0.6952468,7.38,1.0,12.51,13.365,6.834532374100721,7.978417266187066,-5.915267785771383
2023-12-08,SOAR,0.33097184,5.65,2.0,7.52,7.19,-4.388297872340418,6.382978723404253,-19.14893617021276
2023-12-08,CURV,0.2650602,4.15,3.0,5.25,4.895,-6.761904761904769,12.988571428571415,-14.28571428571429
2023-12-08,MOMO,0.110948086,6.57,4.0,7.3,7.21,-1.2328767123287676,5.204109589041095,-6.02328767123288
2023-12-08,ALXO,0.104864836,9.25,5.0,10.22,12.21,19.471624266144815,32.093933463796475,-0.6849315068493178
2023-12-11,M,0.14635718,17.39,1.0,19.94,20.78,4.212637913741224,6.51955867602807,-2.106318956870623
2023-12-11,QXO,0.13664067,8.86,2.0,10.07,11.06,9.83118172790467,14.022840119165835,-9.433962264150953
2023-12-11,CDT,0.12427187,5.15,3.0,5.79,5.8066,0.2867012089809995,8.117443868739205,-10.189982728842828
2023-12-13,CCCC,0.35897446,2.34,1.0,3.18,5.595,75.94339622641509,89.62264150943395,-0.6289308176100628
2023-12-13,QXO,0.14732361,9.5,2.0,10.9,9.89,-9.266055045871557,0.0,-11.83486238532111
2023-12-13,LFMD,0.11728394,8.1,3.0,9.05,7.65,-15.469613259668513,0.6629834254143541,-20.330386740331498
2023-12-14,GOTU,0.17344165,3.69,1.0,4.33,4.755,9.815242494226318,10.161662817551953,-6.46651270207853
2023-12-14,ALEC,0.14144921,6.9,2.0,7.74,8.005,3.42377260981912,8.525839793281653,-2.3255813953488413
2023-12-14,GFI,0.1076808,14.76,3.0,16.35,16.365,0.09174311926603007,2.3241590214067243,-2.262996941896034
2023-12-14,CDXS,0.10047853,2.09,4.0,2.3,2.965,28.913043478260867,31.304347826086975,0.0
2023-12-15,CCCC,0.11377239,5.01,1.0,5.58,5.05,-9.498207885304666,15.053763440860202,-12.365591397849474
2023-12-18,ARQT,0.2540983,2.44,1.0,3.06,2.51,-17.97385620915034,12.075163398692812,-19.60784313725491
2023-12-19,ALDX,0.16216218,2.96,1.0,3.44,3.495,1.5988372093023395,4.069767441860472,-11.191860465116276
2023-12-20,NEON,0.1622808,2.28,1.0,2.65,2.03,-23.396226415094347,0.0,-25.66037735849056
2023-12-20,YHC,0.14503813,3.93,2.0,4.5,4.44,-1.3333333333333197,14.222222222222225,-18.000000000000004
2023-12-20,VRCA,0.10251796,5.56,3.0,6.13,5.7,-7.014681892332786,1.4665579119086392,-9.29853181076673
2023-12-21,MSAI,0.94274807,2.62,1.0,5.09,4.98,-2.161100196463639,175.04911591355602,-9.823182711198431
2023-12-21,SFWL,0.23966944,3.63,2.0,4.5,3.28,-27.111111111111118,13.33333333333333,-45.55555555555555
2023-12-21,MGTX,0.18533611,4.91,3.0,5.82,6.52,12.027491408934686,13.230240549828176,-1.8900343642611728
2023-12-21,ABAT,0.15819216,5.31,4.0,6.15,5.585,-9.186991869918703,0.0,-10.569105691056912
2023-12-21,TRON,0.1401869,2.14,5.0,2.44,2.12,-13.114754098360649,2.86885245901638,-14.754098360655732
2023-12-22,AISP,0.15562403,6.49,1.0,7.5,4.18,-44.266666666666666,2.8000000000000025,-48.133333333333326
2023-12-22,RKLB,0.14898431,4.43,2.0,5.09,5.445,6.974459724950899,13.163064833005889,-2.9469548133595147
2023-12-27,CHRS,0.3761468,2.18,1.0,3.0,2.705,-9.833333333333327,1.6666666666666607,-14.66666666666666
2023-12-27,CIFR,0.12449801,4.98,2.0,5.6,5.29,-5.535714285714278,0.0,-9.642857142857142
2023-12-27,WULF,0.11711717,2.22,3.0,2.48,2.865,15.5241935483871,16.93548387096775,-2.0161290322580627
2023-12-27,PMVP,0.11038971,3.08,4.0,3.42,3.27,-4.385964912280704,0.4970760233918181,-8.479532163742686
2023-12-27,EWTX,0.102941155,9.52,5.0,10.5,12.1,15.238095238095228,18.09428571428573,-2.857142857142869
2023-12-28,CING,1.5062656,3.99,1.0,10.0,9.65,-3.499999999999992,27.0,-18.900000000000006
2023-12-28,BBLG,0.2688173,4.65,2.0,5.9,5.9,0.0,78.98305084745762,-14.745762711864408
2023-12-29,GRFS,0.1082927,10.52,1.0,11.66,11.56,-0.857632933104624,4.20154373927959,-1.8867924528301994
2024-01-02,WULF,0.2208333,2.4,1.0,2.93,2.285,-22.0136518771331,0.3412969283276279,-23.890784982935152
2024-01-02,ARBK,0.18181813,3.74,2.0,4.42,3.4286,-22.42986425339367,0.6787330316742057,-25.791855203619917
2024-01-02,ANY,0.1536144,3.32,3.0,3.83,3.32,-13.315926892950403,2.088772845953013,-15.660574412532636
2024-01-02,CLSK,0.14233005,11.03,4.0,12.5999,10.84,-13.967571171199767,0.0,-14.68186255446472
2024-01-02,BTBT,0.14184391,4.23,5.0,4.83,3.8,-21.325051759834366,0.39751552795030953,-22.153209109730852
2024-01-03,NTRP,0.6172414,2.9,1.0,4.69,4.0201,-14.283582089552239,21.535181236673772,-20.042643923240945
2024-01-03,DYN,0.37825418,13.06,2.0,18.02,14.79,-17.9245283018868,3.924528301886787,-31.57602663706992
2024-01-03,UK,0.1358025,4.05,3.0,4.6,4.45,-3.2608695652173836,40.43478260869566,-9.565217391304337
2024-01-03,HLP,0.13133633,2.17,4.0,2.45,3.3845,38.142857142857146,39.591836734693864,-0.775510204081642
2024-01-03,SIDU,0.11764705,6.97,5.0,7.79,11.75,50.8344030808729,73.0423620025674,-7.315789473684209
2024-01-04,NEXR,0.352381,3.15,1.0,4.26,3.91,-8.21596244131455,24.17840375586855,-21.830985915492953
2024-01-04,PAAI,0.19138765,2.09,2.0,2.49,2.6899,8.028112449799195,12.851405622489942,-4.81927710843374
2024-01-04,QS,0.100000024,6.5,3.0,7.18,9.32,29.805013927576617,39.693593314763234,-1.8802228412256206
2024-01-05,AXGN,0.10074067,6.75,1.0,7.43,8.55,15.074024226110371,17.63122476446839,-1.227456258411841
2024-01-08,ACON,1.1470587,3.06,1.0,6.57,3.5,-46.727549467275495,2.739726027397249,-50.98934550989345
2024-01-08,DOGZ,0.2990867,4.38,2.0,5.69,5.1,-10.36906854130054,1.5817223198594021,-21.96836555360281
2024-01-08,CLRB,0.15129149,2.71,3.0,3.12,3.23,3.525641025641013,15.064102564102555,-6.410256410256421
2024-01-08,YHC,0.12698448,4.41,4.0,4.97,4.085,-17.806841046277665,4.627766599597605,-20.460764587525148
2024-01-08,BLNK,0.12056744,2.82,5.0,3.16,3.025,-4.272151898734188,2.5316455696202445,-5.696202531645578
2024-01-09,OPRX,0.17290425,13.36,1.0,15.67,15.155,-3.2865347798340827,1.02105934907466,-6.126356094447982
2024-01-10,XERS,0.1535269,2.41,1.0,2.78,2.8,0.7194244604316502,1.0791366906474975,-5.755395683453224
2024-01-10,PENG,0.13535464,18.47,2.0,20.97,20.4,-2.7181688125894166,3.76728659990464,-3.338102050548397
2024-01-10,GDRX,0.124343276,5.71,3.0,6.42,6.455,0.5451713395638658,4.049844236760114,-4.049844236760125
2024-01-11,WULF,0.15094352,2.12,1.0,2.44,1.9155,-21.49590163934426,0.8196721311475308,-24.590163934426222
2024-01-11,CAN,0.1401869,2.14,2.0,2.44,2.12,-13.114754098360649,7.786885245901631,-15.565573770491802
2024-01-11,BTDR,0.12434554,7.64,3.0,8.59,7.14,-16.880093131548314,2.4447031431897637,-20.60535506402793
2024-01-11,BTBT,0.12138736,3.46,4.0,3.88,3.16,-18.556701030927826,0.5154639175257714,-19.329896907216494
2024-01-11,MPU,0.11415529,2.19,5.0,2.44,2.7909,14.381147540983608,21.721311475409856,-5.737704918032794
2024-01-12,ROMA,0.16336632,4.04,1.0,4.7,4.02,-14.468085106382988,4.255319148936176,-20.000000000000007
2024-01-12,MDAI,0.16078436,2.55,2.0,2.96,3.27,10.472972972972983,25.0,-16.554054054054046
2024-01-16,MCHB,0.2681719,10.77,1.0,13.65,14.86,8.864468864468854,15.897435897435908,0.0
2024-01-16,PCT,0.13333333,2.4,2.0,2.72,2.9199,7.349264705882352,17.279411764705866,-5.882352941176472
2024-01-16,LAES,0.13274336,2.26,3.0,2.56,2.6001,1.5664062499999964,27.734375,-4.296875
2024-01-16,WKEY,0.120622635,2.57,4.0,2.88,2.795,-2.951388888888884,4.166666666666674,-6.249999999999989
2024-01-17,HERE,0.14803505,2.77,1.0,3.18,3.02,-5.031446540880502,3.4559748427672954,-9.11949685534591
2024-01-18,RNAZ,0.1574074,2.16,1.0,2.5,1.08,-56.8,0.8000000000000007,-61.156
2024-01-18,LXEO,0.12925565,17.33,2.0,19.57,15.25,-22.074603985692388,14.103219213081243,-28.410832907511498
2024-01-19,EWTX,0.27038193,9.69,1.0,12.31,13.17,6.986190089358235,11.69780666125102,-3.2493907392363908
2024-01-22,DJTWW,0.26181817,11.0,1.0,13.88,18.38,32.42074927953888,34.726224783861646,-6.6282420749279485
2024-01-22,BFRG,0.1758691,4.89,2.0,5.75,6.775,17.82608695652175,33.39130434782609,-2.9565217391304355
2024-01-22,RUM,0.1197772,3.59,3.0,4.02,4.8499,20.644278606965184,23.631840796019898,-5.472636815920396
2024-01-22,CHRS,0.118852496,2.44,4.0,2.73,2.575,-5.677655677655668,8.791208791208804,-9.890109890109889
2024-01-23,RVSN,0.3777778,2.25,1.0,3.1,6.9094,122.88387096774191,197.90322580645156,-3.2258064516129115
2024-01-23,RUM,0.22290397,4.89,2.0,5.98,6.55,9.53177257525082,17.389632107023402,-14.214046822742487
2024-01-23,PLUG,0.18309855,2.84,3.0,3.36,3.725,10.863095238095255,13.690476190476186,-7.14285714285714
2024-01-23,GDS,0.10769236,5.85,4.0,6.48,6.345,-2.083333333333348,6.1728395061728225,-5.555555555555558
2024-01-24,EVAX,0.86973953,4.99,1.0,9.33,10.48,12.325830653804925,45.87352625937835,-10.502679528403004
2024-01-24,KURA,0.3710879,13.42,2.0,18.4,19.6408,6.743478260869562,16.30434782608696,-3.20652173913043
2024-01-24,TAL,0.11937547,10.89,3.0,12.19,11.295,-7.342083675143563,3.814602132895817,-8.039376538146016
2024-01-25,VERA,0.307873,17.02,1.0,22.26,25.37,13.971248876909259,19.79200359389037,-7.9964061096136625
2024-01-25,AMSC,0.2892307,9.75,2.0,12.59,13.21,4.924543288324079,9.610802223987292,-12.629070691024625
2024-01-25,IKT,0.11824322,2.96,3.0,3.31,2.46,-25.679758308157098,15.407854984894254,-31.56797583081572
2024-01-25,BFRG,0.10270262,7.4,4.0,8.16,6.6139,-18.947303921568626,2.3284313725490113,-20.343137254901965
2024-01-26,CRBP,0.99170625,8.44,1.0,16.81,29.81,77.33491969066033,137.71386079714455,-3.331350386674592
2024-01-26,EHTH,0.141577,5.58,2.0,6.37,6.75,5.965463108320246,12.715855572998414,-2.19780219780219
2024-01-26,AXG,0.12578619,4.77,3.0,5.37,5.845,8.845437616387319,11.545623836126628,-9.49720670391061
2024-01-26,PRCH,0.12554109,2.31,4.0,2.6,2.355,-9.423076923076923,12.692307692307692,-10.384615384615381
2024-01-26,IKT,0.117886186,2.46,5.0,2.75,3.06,11.272727272727279,26.54545454545454,-2.9090909090909167
2024-01-29,MDAI,0.36531365,2.71,1.0,3.7,2.62,-29.18918918918919,0.5540540540540428,-29.45945945945947
2024-01-29,JL,0.29352808,10.05,2.0,13.0,11.12,-14.46153846153847,23.076923076923084,-40.23076923076923
2024-01-29,CDLX,0.22703648,5.77,3.0,7.08,7.169,1.2570621468926513,11.158192090395481,-5.36723163841808
2024-01-29,SOFI,0.15748024,7.62,4.0,8.82,9.14,3.628117913832196,7.14285714285714,-2.267573696145142
2024-01-29,ZIM,0.115151525,13.44,5.0,14.99,14.465,-3.502334889926617,0.33155436957972295,-7.938625750500328
2024-01-30,RVSN,0.22532332,14.69,1.0,18.29,15.6,-14.707490431930015,27.774740295243316,-27.282668124658272
2024-01-30,CRBP,0.12835658,18.62,2.0,21.01,25.24,20.133269871489755,25.035697287006187,-7.948595906711098
2024-01-31,REVB,0.14716983,7.95,1.0,9.12,8.56,-6.140350877192969,30.482456140350898,-16.62171052631578
2024-01-31,NYXH,0.10442257,8.14,2.0,8.99,10.705,19.076751946607338,25.91768631813125,-4.781979977753059
2024-02-01,PLUG,0.11910117,4.45,1.0,4.98,4.7053,-5.51606425702812,3.2128514056224855,-11.244979919678721
2024-02-02,CCTG,0.48205125,3.9,1.0,5.78,5.2,-10.034602076124566,2.076124567474058,-27.3356401384083
2024-02-05,FDMT,0.7181246,17.49,2.0,30.05,32.32,7.554076539101495,18.513810316139768,-4.325790349417636
2024-02-05,BRTX,0.14642847,2.8,4.0,3.21,3.5389,10.246105919003124,14.327102803738324,-18.065420560747658
2024-02-05,LUCK,0.11889398,11.6,5.0,12.98,13.45,3.6209553158705665,6.702619414483824,-7.1648690292758115
2024-02-06,PLTR,0.21411479,16.72,1.0,20.3,21.875,7.75862068965516,9.261083743842358,-2.6600985221674867
2024-02-06,AUDC,0.1092211,12.17,2.0,13.45,13.87,3.122676579925643,6.245353159851308,-3.0483271375464693
2024-02-07,JSPR,0.1416049,14.83,1.0,16.93,17.2301,1.7725930301240478,6.2610750147666705,-8.44654459539279
2024-02-07,SONO,0.11239374,16.46,2.0,18.31,19.195,4.833424358274185,6.226105953031125,-1.802293828509005
2024-02-08,CCTG,1.2432432,2.59,1.0,5.81,4.9,-15.662650602409622,19.449225473321864,-25.989672977624778
2024-02-08,OSCR,0.29977632,13.41,2.0,17.43,16.565,-4.962707974756153,0.6884681583476882,-8.720596672403902
2024-02-08,MLYS,0.16279066,12.47,3.0,14.5,14.0,-3.4482758620689613,5.517241379310356,-3.724137931034477
2024-02-08,REPL,0.14555252,7.42,4.0,8.5,7.79,-8.352941176470585,0.0,-11.588235294117656
2024-02-08,TNYA,0.13348424,4.42,5.0,5.01,5.185,3.4930139720558806,14.570858283433141,-7.584830339321358
2024-02-09,CLSK,0.24000001,10.5,1.0,13.02,13.9799,7.372503840245792,12.058371735791095,-8.218125960061451
2024-02-09,CIFR,0.13793099,2.9,2.0,3.3,3.35,1.5151515151515138,4.2424242424242475,-6.966666666666665
2024-02-09,IREN,0.13529408,5.1,3.0,5.79,5.965,3.0224525043177852,4.404145077720201,-5.008635578583764
2024-02-09,VIP,0.12471664,4.41,4.0,4.96,4.73,-4.637096774193539,1.929435483870967,-10.282258064516125
2024-02-09,BGDE,0.1090225,2.66,5.0,2.95,2.7009,-8.444067796610177,0.3389830508474523,-11.016949152542377
2024-02-12,LUNR,0.230461,4.99,1.0,6.14,5.23,-14.820846905537444,11.07491856677525,-18.24104234527688
2024-02-12,ASYS,0.10465109,3.44,2.0,3.8,4.34,14.210526315789473,17.894736842105274,-0.5263157894736858
2024-02-13,BMR,0.82010055,9.95,1.0,18.11,14.09,-22.197680839315293,19.82330204307012,-28.216454997239094
2024-02-13,JBLU,0.12026358,6.07,2.0,6.8,7.385,8.60294117647058,8.823529411764719,-2.2058823529411686
2024-02-13,GTM,0.109862685,16.02,3.0,17.8,18.34,3.0337078651685445,3.7921348314606806,-7.3584269662921304
2024-02-13,MGIH,0.10610938,3.11,4.0,3.44,2.6,-24.418604651162788,13.372093023255815,-29.651162790697672
2024-02-14,COGT,0.5659889,5.46,1.0,8.56,8.725,1.927570093457942,9.985981308411196,-7.126168224299068
2024-02-14,HCSG,0.257928,9.46,2.0,11.9,11.975,0.6302521008403339,1.8067226890756238,-10.42352941176471
2024-02-14,SNTG,0.25110126,2.27,3.0,2.84,2.84,0.0,31.690140845070445,-19.01408450704225
2024-02-14,LRMR,0.24027467,8.74,4.0,10.84,11.83,9.132841328413278,19.17988929889298,-4.704797047970477
2024-02-14,LYFT,0.2349546,12.13,5.0,14.98,16.32,8.945260347129501,11.949265687583432,-0.5340453938584733
2024-02-15,NNOX,0.9559747,6.36,1.0,12.44,9.4799,-23.795016077170406,2.0900321543408262,-26.12540192926045
2024-02-15,SOUN,0.7782705,2.255,2.0,4.02,3.75,-6.716417910447747,0.995024875621886,-22.636815920398
2024-02-15,DJTWW,0.36768448,15.72,3.0,21.5,20.0,-6.976744186046513,0.0,-15.581395348837212
2024-02-15,PLCE,0.28005505,14.515,5.0,18.54,26.12,40.88457389428264,105.1240560949299,-0.8090614886731351
2024-02-16,WAFU,0.17040348,2.23,1.0,2.61,2.05,-21.45593869731801,9.187739463601542,-25.670498084291182
2024-02-16,LUNR,0.1686567,6.7,2.0,7.83,7.3619,-5.978288633461048,11.494252873563227,-8.427841634738186
2024-02-16,BMR,0.16499996,10.0,3.0,11.73,13.53,15.345268542199486,33.84484228473996,-14.748508098891733
2024-02-16,BLZE,0.12883437,8.15,4.0,9.2,11.755,27.771739130434803,28.586956521739147,-2.1739130434782483
2024-02-16,SXTC,0.12844038,2.18,5.0,2.46,2.21,-10.162601626016265,3.658536585365857,-15.44715447154471
2024-02-20,SCNX,1.3270373,4.59,1.0,10.68,9.31,-12.827715355805235,30.149812734082392,-28.838951310861425
2024-02-20,MNY,0.54285717,2.1,2.0,3.24,3.0208,-6.765432098765444,6.790123456790109,-20.370370370370374
2024-02-20,LUNR,0.296448,7.32,3.0,9.49,10.97,15.595363540569029,26.975763962065336,-7.586933614330881
2024-02-20,IOVA,0.273224,9.15,4.0,11.66,12.005,2.9588336192109876,15.008576329331035,-3.0017152658662116
2024-02-20,CPOP,0.13962269,2.65,5.0,3.02,7.1199,135.75827814569536,211.25827814569536,-13.576158940397354
2024-02-21,LUNR,0.17288446,10.99,1.0,12.89,9.2199,-28.472459270752516,2.7928626842513626,-37.93638479441428
2024-02-21,NEO,0.11564624,14.7,2.0,16.4,16.465,0.39634146341465115,0.6097560975609762,-7.9878048780487765
2024-02-22,SOUNW,0.3129102,2.285,1.0,3.0,2.65,-11.66666666666667,3.3333333333333437,-23.33333333333334
2024-02-22,RELY,0.24646688,17.69,2.0,21.98,20.865,-5.072793448589641,0.45495905368515555,-8.324385805277522
2024-02-22,RILY,0.22693098,15.2,3.0,18.87,16.62,-11.923688394276633,5.404875463698988,-13.619501854795967
2024-02-22,OCUL,0.20744681,7.52,4.0,9.08,9.785,7.764317180616742,9.140969162995605,-2.753303964757714
2024-02-22,WETH,0.17372167,3.05,5.0,3.58,3.9615,10.656424581005574,32.68156424581006,-4.748603351955305
2024-02-23,LUNR,0.4009663,8.28,1.0,11.6,9.7401,-16.03362068965517,2.155172413793105,-19.482758620689655
2024-02-23,AXTI,0.385965,2.28,2.0,3.16,3.8417,21.572784810126567,53.481012658227826,-0.31645569620254443
2024-02-23,MRVI,0.36007822,5.11,3.0,6.95,8.38,20.575539568345324,24.028776978417255,-2.5899280575539696
2024-02-23,LOT,0.33160615,13.51,4.0,17.99,12.57,-30.1278488048916,0.0,-43.746525847693164
2024-02-23,FLNC,0.12801361,14.725,5.0,16.61,14.41,-13.245033112582782,0.3010234798314304,-14.479229379891622
2024-02-26,IBRX,0.15999997,3.5,1.0,4.06,4.165,2.586206896551735,10.591133004926135,-7.635467980295562
2024-02-26,ALT,0.13586962,9.2,2.0,10.44,11.33,8.524904214559403,14.655172413793105,-3.3524904214559337
2024-02-26,ALVO,0.11353707,16.03,3.0,17.85,17.3,-3.081232492997199,0.8403361344537785,-4.649859943977597
2024-02-27,JANX,1.3701987,15.1,1.0,35.79,49.2,37.46856663872591,45.2919810002794,-4.30287789885443
2024-02-27,IFBD,1.134058,2.76,2.0,5.91,1.26,-78.68020304568529,15.566835871404393,-82.40270727580372
2024-02-27,SOUN,0.23826087,5.75,3.0,7.12,6.93,-2.6685393258427004,11.087078651685388,-8.70786516853933
2024-02-27,PUBM,0.23657215,16.57,4.0,20.49,20.34,-0.7320644216690986,6.539287457296239,-6.783796974133704
2024-02-27,PYXS,0.23012555,4.78,5.0,5.88,6.35,7.993197278911568,16.496598639455783,-14.000000000000002
2024-02-28,BYND,0.50265956,7.52,1.0,11.3,9.645,-14.646017699115054,7.255752212389366,-14.867256637168158
2024-02-28,BAND,0.4576131,12.15,2.0,17.71,18.36,3.670242800677581,6.6629023150762245,-7.0016939582157045
2024-02-28,LFST,0.20298517,6.7,4.0,8.06,8.76,8.684863523573183,14.143920595533487,-3.1017369727047273
2024-02-28,RVLV,0.20182967,17.49,5.0,21.02,21.48,2.1883920076118057,2.331113225499526,-6.327307326355847
2024-02-29,JL,1.0547523,12.8,1.0,26.3,1.82,-93.07984790874525,2.6996197718631265,-93.46007604562739
2024-02-29,PLCE,0.28958333,19.2,2.0,24.76,19.342,-21.882067851373186,2.988691437802893,-22.455573505654293
2024-02-29,RVSN,0.2827586,2.9,3.0,3.72,2.85,-23.38709677419355,5.913978494623651,-25.537634408602152
2024-02-29,SIDU,0.2280072,5.57,4.0,6.84,8.95,30.847953216374258,48.369883040935676,-7.163742690058483
2024-02-29,RNA,0.19986892,15.26,5.0,18.31,18.25,-0.3276897870016282,6.280720917531424,-3.276897870016371
2024-03-01,ADIL,0.5337255,2.04,1.0,3.13,3.1704,1.2907348242811478,33.22364217252398,-13.738019169329064
2024-03-01,SG,0.24843013,12.74,2.0,15.905,16.335,2.7035523420308127,8.14209368123231,-3.3008487896887706
2024-03-01,PLGO,0.2435714,14.96,3.0,18.61,16.94,-8.973670069854911,0.0,-11.284255776464258
2024-03-01,NVTS,0.19218242,6.14,4.0,7.32,5.635,-23.019125683060114,1.0928961748633892,-24.112021857923505
2024-03-01,OPRA,0.15285456,12.18,5.0,14.05,14.115,0.462633451957295,6.761565836298922,-3.7722419928825746
2024-03-04,FUFU,0.92633224,6.38,1.0,12.29,12.67,3.0919446704638087,49.064279902359665,-3.173311635475984
2024-03-04,PHUN,0.20338988,7.08,2.0,8.52,12.715,49.23708920187795,98.23826291079814,-0.05868544600937664
2024-03-04,SMR,0.18840575,3.45,3.0,4.1,3.9,-4.8780487804877986,3.4146341463414887,-13.414634146341465
2024-03-04,BBAI,0.1849711,3.46,4.0,4.1,4.3031,4.953658536585359,16.951219512195138,-1.9512195121951237
2024-03-04,AQST,0.16037738,4.24,5.0,4.92,4.175,-15.142276422764233,0.8130081300812941,-18.699186991869922
2024-03-05,PHUN,0.28847706,12.41,1.0,15.99,15.14,-5.315822388993119,12.507817385866149,-18.323952470293936
2024-03-05,PAY,0.19021404,16.35,2.0,19.46,19.44,-0.10277492291880241,8.01644398766701,-3.3915724563206573
2024-03-05,DSP,0.14379084,9.18,3.0,10.5,9.92,-5.52380952380952,3.809523809523818,-11.809523809523814
2024-03-05,COCH,0.100000024,8.7,4.0,9.57,8.81,-7.941483803552762,3.6572622779519337,-16.405433646812963
2024-03-05,PPTA,0.100000024,3.5,5.0,3.85,3.6926,-4.088311688311686,2.3376623376623273,-4.4649350649350605
2024-03-06,AISP,0.80404055,4.95,1.0,8.93,6.86,-23.180291153415446,4.3202687569988685,-29.675251959686445
2024-03-06,IFBD,0.25430214,5.23,2.0,6.55,7.8344,19.609160305343497,28.24427480916032,-12.213740458015266
2024-03-06,HIPO,0.24343014,14.46,3.0,17.98,19.56,8.787541713014457,9.677419354838701,-20.91212458286985
2024-03-06,PDYN,0.16417909,2.01,5.0,2.34,1.88,-19.658119658119656,38.88888888888891,-23.931623931623925
2024-03-07,CELZ,0.6743696,4.76,1.0,7.97,6.35,-20.326223337515682,28.99874529485571,-28.732747804266
2024-03-07,HNST,0.33650792,3.15,2.0,4.21,3.905,-7.244655581947745,16.152019002375283,-14.61995249406176
2024-03-07,RSI,0.32838595,5.39,3.0,7.16,6.245,-12.77932960893855,2.0949720670391025,-16.62011173184358
2024-03-07,YEXT,0.25671136,5.96,4.0,7.49,6.455,-13.818424566088117,0.5340453938584844,-20.02670226969292
2024-03-07,OSPN,0.2526399,9.58,5.0,12.0,11.791,-1.7416666666666636,3.3333333333333437,-8.000000000000007
2024-03-08,PRCH,0.25401938,3.11,1.0,3.9,3.65,-6.41025641025641,2.051282051282044,-19.615384615384624
2024-03-08,GRFS,0.17812729,5.61,2.0,6.61,7.005,5.975794251134636,6.2027231467473465,-1.5128593040847238
2024-03-08,FNKO,0.16304338,6.44,3.0,7.39,6.865,-7.104194857916091,1.3531799729364025,-8.660351826792956
2024-03-08,SOUNW,0.1401869,2.675,4.0,3.05,3.0,-1.6393442622950727,3.2786885245901676,-12.1311475409836
2024-03-08,SWBI,0.1204319,13.44,5.0,15.06,17.38,15.405046480743678,15.936254980079688,-0.7968127490039945
2024-03-11,RVSN,0.26855123,2.83,1.0,3.59,2.9801,-16.98885793871865,17.824512534818936,-18.105849582172695
2024-03-11,AUUD,0.20196092,3.07,2.0,3.69,3.235,-12.330623306233068,1.6233062330623271,-19.783197831978317
2024-03-11,GDS,0.1840874,6.41,3.0,7.59,7.785,2.5691699604743157,12.648221343873534,-0.5928853754940677
2024-03-11,LENZ,0.121130586,3.14,4.0,3.52,3.755,6.6761363636363535,21.02272727272727,-3.125
2024-03-11,KC,0.11895907,2.69,5.0,3.01,3.44,14.285714285714302,20.598006644518275,0.0
2024-03-12,SGLY,0.29354835,3.1,1.0,4.01,4.27,6.483790523690769,59.10224438902745,-6.234413965087282
2024-03-12,PACK,0.28146458,4.37,2.0,5.6,6.665,19.017857142857153,29.107142857142865,-1.4285714285714346
2024-03-12,GUTS,0.13619173,7.93,4.0,9.1,7.0492,-22.53626373626374,1.6483516483516425,-27.63736263736264
2024-03-12,RYDE,0.12135172,6.51,5.0,7.3,6.23,-14.657534246575333,11.232876712328753,-15.268493150684936
2024-03-13,SKIN,0.27298057,3.59,1.0,4.57,4.27,-6.564551422319487,13.12910284463895,-7.111597374179435
2024-03-13,HRTX,0.1864407,2.36,2.0,2.8,2.995,6.964285714285734,15.000000000000014,-7.499999999999996
2024-03-13,TH,0.17330217,8.54,3.0,10.02,8.59,-14.271457085828343,2.1956087824351433,-14.770459081836329
2024-03-13,ANNX,0.14814806,4.59,4.0,5.27,5.68,7.779886148007598,14.80075901328275,-4.364326375711569
2024-03-13,HCM,0.13288426,16.33,5.0,18.5,18.565,0.35135135135135886,4.86486486486486,-1.3513513513513487
2024-03-14,TBCH,0.27833188,11.03,1.0,14.1,13.91,-1.3475177304964503,6.312056737588656,-3.7588652482269502
2024-03-14,SOUNW,0.24336278,4.52,2.0,5.62,5.045,-10.231316725978646,6.4056939501779375,-23.13167259786476
2024-03-14,CCTG,0.23283577,3.35,3.0,4.13,3.61,-12.590799031476996,14.28571428571428,-24.213075060532685
2024-03-14,LAC,0.19197202,5.73,4.0,6.83,6.015,-11.932650073206453,12.00585651537336,-13.61639824304538
2024-03-14,BBAI,0.17479682,2.46,5.0,2.89,2.425,-16.08996539792389,0.0,-18.339100346020764
2024-03-15,CDLX,0.5271839,8.185,1.0,12.5,14.67,17.36,17.999999999999993,-5.599999999999994
2024-03-15,MDAI,0.15289247,2.42,2.0,2.79,2.9,3.942652329749108,12.903225806451601,-8.602150537634412
2024-03-18,BNAI,0.36837125,10.56,1.0,14.45,13.8999,-3.8069204152249014,36.67820069204153,-13.425605536332174
2024-03-18,EH,0.14964223,15.37,2.0,17.67,15.43,-12.676853423882296,12.761743067345787,-14.827391058290896
2024-03-18,RVSN,0.1428572,2.45,3.0,2.8,2.51,-10.357142857142854,5.35714285714286,-12.142857142857133
2024-03-18,HERE,0.109550595,3.01,4.0,3.34,3.37,0.8982035928143839,2.5449101796407136,-8.682634730538918
2024-03-18,EONR,0.10897446,3.12,5.0,3.46,3.39,-2.023121387283233,6.936416184971095,-17.6300578034682
2024-03-19,NCMI,0.22734022,4.22,1.0,5.18,5.045,-2.6061776061776065,6.1776061776061875,-7.142857142857151
2024-03-19,SPIR,0.16327357,12.28,2.0,14.285,16.0957,12.675533776688841,35.80679033951697,-0.8750437521876098
2024-03-19,ATNM,0.16207945,6.54,3.0,7.6,8.215,8.09210526315789,11.842105263157897,-3.9473684210526327
2024-03-20,TSHA,0.3111111,2.25,1.0,2.95,2.96,0.3389830508474523,7.667796610169497,-14.237288135593229
2024-03-20,SRAD,0.13676906,10.09,2.0,11.47,11.22,-2.1795989537925053,9.067131647776794,-6.0156931124673125
2024-03-20,CGC,0.1253264,3.83,3.0,4.31,4.5175,4.814385150812073,6.032482598607913,-8.35266821345706
2024-03-20,ANVS,0.10426009,8.92,4.0,9.85,11.17,13.401015228426406,34.619289340101524,-2.538071065989844
2024-03-20,BAK,0.10233593,8.99,5.0,9.91,10.55,6.458123107971758,6.559031281533811,-2.4217961654894093
2024-03-21,LU,0.4447316,3.37,1.0,4.87,4.825,-0.924024640657084,1.0266940451745254,-7.597535934291589
2024-03-21,AMTX,0.18356168,3.65,2.0,4.32,5.0892,17.805555555555543,21.064814814814813,-5.555555555555558
2024-03-21,GRSD,0.12157714,9.13,3.0,10.24,8.78,-14.25781250000001,0.29296875,-15.9658203125
2024-03-22,OTLK,0.5298296,7.04,1.0,10.77,8.56,-20.519962859795726,8.820798514391836,-22.934076137418746
2024-03-25,NKTX,0.17320633,8.92,1.0,10.465,10.455,-0.0955566172957445,8.388915432393706,-2.914476827520307
2024-03-25,TH,0.1591928,8.92,2.0,10.36,11.11,7.2393822393822305,8.011583011583024,-0.9652509652509633
2024-03-25,GDRX,0.15501523,6.58,3.0,7.6,7.105,-6.513157894736832,4.303947368421057,-7.236842105263152
2024-03-25,LCID,0.13718414,2.77,4.0,3.1499,2.925,-7.139909203466788,6.352582621670533,-7.933585193180748
2024-03-25,XTLB,0.12213743,2.62,5.0,2.94,3.14,6.802721088435382,69.71768707482993,-1.3605442176870763
2024-03-26,STOK,0.70307684,6.5,1.0,11.07,10.2,-7.859078590785917,17.434507678410107,-8.220415537488712
2024-03-26,IVVD,0.19814241,3.23,2.0,3.87,3.67,-5.167958656330751,4.909560723514206,-6.2015503875969
2024-03-26,DNUT,0.19196069,12.45,3.0,14.84,17.425,17.419137466307276,20.215633423180602,-3.363207547169811
2024-03-26,STRO,0.174312,3.27,4.0,3.84,4.185,8.984375,10.026041666666652,-10.9375
2024-03-26,XTLB,0.15658367,2.81,5.0,3.25,2.95,-9.23076923076922,0.0,-12.307692307692308
2024-03-27,DXYZ,0.22222221,9.0,1.0,11.0,16.32,48.36363636363637,59.09090909090908,-8.000000000000007
2024-03-27,NUVB,0.13368058,2.88,2.0,3.265,3.94,20.67381316998469,24.349157733537496,-7.503828483920372
2024-03-27,NVCR,0.13083398,13.07,3.0,14.78,14.545,-1.5899864682002662,5.142083897158312,-12.584573748308525
2024-03-27,PAYS,0.12721884,3.38,4.0,3.81,3.99,4.7244094488189115,18.8976377952756,-1.049868766404205
2024-03-27,STKS,0.12219441,4.01,5.0,4.5,4.975,10.55555555555554,13.111111111111118,0.0
2024-03-28,AVTX,2.9368422,4.75,1.0,18.69,25.54,36.65061530230067,84.37667201712145,-10.914927768860371
2024-03-28,MESO,0.27793694,3.49,2.0,4.46,5.03,12.780269058295968,20.403587443946194,-12.331838565022412
2024-03-28,IBIO,0.25,3.36,3.0,4.2,4.065,-3.214285714285714,18.571428571428573,-12.857142857142856
2024-03-28,ATLX,0.13404822,14.92,4.0,16.92,17.04,0.7092198581560183,4.220449172576823,-11.406619385342797
2024-03-28,SMMT,0.12266672,3.75,5.0,4.21,4.135,-1.7814726840855166,10.213776722090252,-2.6128266033254244
2024-04-01,CXAI,0.54285717,2.45,1.0,3.78,6.07,60.582010582010604,87.03703703703705,-6.613756613756616
2024-04-01,MESO,0.23153687,5.01,2.0,6.17,6.1,-1.1345218800648316,19.286871961102104,-6.969205834683945
2024-04-01,CURV,0.20901644,4.88,3.0,5.9,4.75,-19.491525423728817,2.5423728813559254,-25.069491525423736
2024-04-01,BLDP,0.12589931,2.78,4.0,3.13,3.2643,4.2907348242811505,5.7507987220447365,-3.9936102236421744
2024-04-02,XTIA,0.4660194,2.06,1.0,3.02,3.49,15.56291390728477,41.7185430463576,-3.6423841059602613
2024-04-02,VTSI,0.24213839,9.54,2.0,11.85,13.18,11.223628691983123,16.455696202531644,-6.075105485232058
2024-04-03,VIVO,0.53728807,5.9,1.0,9.07,6.3701,-29.76736493936053,9.151047409040803,-31.863285556780596
2024-04-03,XTIA,0.22857141,3.5,2.0,4.3,4.6001,6.97906976744187,18.13953488372093,-5.581395348837215
2024-04-03,RVSN,0.19402981,2.01,3.0,2.4,1.8998,-20.84166666666667,3.3333333333333437,-21.666666666666668
2024-04-03,VNDA,0.18925834,3.91,4.0,4.65,5.0686,9.002150537634401,29.677419354838698,-6.021505376344094
2024-04-03,MNY,0.18468475,2.22,5.0,2.63,2.175,-17.30038022813688,0.7604562737642651,-19.771863117870726
2024-04-04,LEVI,0.15261042,18.66,1.0,21.51,21.035,-2.208275220827527,4.091120409112037,-2.6034402603440365
2024-04-04,ZETA,0.110636234,10.53,2.0,11.695,11.895,1.7101325352714802,6.412997007268073,-2.522445489525438
2024-04-04,MGNX,0.10241401,13.67,3.0,15.07,17.97,19.243530192435298,25.414731254147306,0.0
2024-04-04,SWVL,0.10018098,16.57,4.0,18.23,15.195,-16.648381788261112,20.351069665386735,-19.91223258365332
2024-04-05,GCTS,0.9249563,5.73,1.0,11.03,8.09,-26.654578422484132,7.887579329102468,-32.003626473254755
2024-04-05,NXL,0.18604648,2.15,2.0,2.55,2.41,-5.490196078431364,1.1764705882353121,-13.725490196078416
2024-04-05,AXTI,0.102484465,3.22,3.0,3.55,3.105,-12.535211267605629,5.915492957746471,-14.647887323943664
2024-04-08,LGVN,0.70000005,2.2,1.0,3.73,2.27,-39.14209115281502,46.64879356568363,-45.576407506702424
2024-04-08,AXTI,0.1286174,3.11,2.0,3.51,3.57,1.7094017094017033,13.675213675213694,-2.2792022792022637
2024-04-08,VIVO,0.10193324,5.69,3.0,6.27,5.54,-11.642743221690587,2.8708133971292016,-19.138755980861234
2024-04-09,TSHA,0.100746274,2.68,1.0,2.95,2.965,0.5084745762711673,11.864406779661007,-1.3559322033898313
2024-04-10,ARQ,0.105341196,6.74,1.0,7.45,6.76,-9.261744966442953,3.2429530201342205,-11.140939597315436
2024-04-11,RENT,0.32162154,7.4,1.0,9.78,19.72,101.6359918200409,146.7280163599182,0.0
2024-04-11,CADL,0.254902,5.1,2.0,6.41,7.27,13.416536661466449,23.556942277691096,-9.048361934477377
2024-04-11,ELVN,0.2116549,19.82,3.0,23.94,24.08,0.5847953216374213,8.604845446950705,-5.513784461152882
2024-04-11,CYPH,0.15131581,3.04,4.0,3.5,3.11,-11.142857142857142,25.428571428571423,-13.428571428571434
2024-04-11,GYRE,0.13472617,13.88,5.0,15.75,16.42,4.2539682539682655,7.9365079365079305,-9.535238095238096
2024-04-12,ALLR,0.25816274,2.297,1.0,2.89,2.145,-25.778546712802775,38.408304498269885,-30.44982698961939
2024-04-12,HKD,0.20189273,3.17,2.0,3.81,3.38,-11.286089238845154,2.887139107611536,-12.073490813648291
2024-04-12,MNDR,0.1343137,10.2,4.0,11.57,14.82,28.08988764044944,38.2886776145203,-12.100259291270532
2024-04-12,LYEL,0.116541386,2.66,5.0,2.97,3.01,1.3468013468013407,5.892255892255882,-5.050505050505061
2024-04-15,RENT,0.14352572,19.23,1.0,21.99,14.4631,-34.228740336516594,1.8190086402910532,-36.88040018190085
2024-04-15,ALLR,0.11428571,2.1,2.0,2.34,2.01,-14.102564102564108,6.8376068376068355,-17.521367521367516
2024-04-16,CGEM,0.20060432,16.55,1.0,19.87,17.22,-13.336688475088089,3.7745344740815368,-15.093105183694021
2024-04-16,MNDR,0.1255256,16.65,2.0,18.74,17.7001,-5.549092849519743,2.4012806830309597,-14.567769477054416
2024-04-16,AVTX,0.10892391,15.24,3.0,16.9,16.105,-4.704142011834311,11.183431952662737,-5.266272189349097
2024-04-17,DVLT,0.7885246,6.1,1.0,10.91,9.1381,-16.241063244729613,0.36663611365719273,-38.53437213565537
2024-04-17,VNDA,0.33827162,4.05,2.0,5.42,5.23,-3.5055350553505393,4.612546125461248,-7.93357933579335
2024-04-17,CXAI,0.32736576,3.91,3.0,5.19,4.145,-20.134874759152233,4.6242774566473965,-21.387283236994225
2024-04-17,EDBL,0.32307696,4.55,4.0,6.02,6.48,7.641196013289053,107.14285714285717,-10.465116279069765
2024-04-17,PLCE,0.31786215,7.11,5.0,9.27,8.19,-11.65048543689321,22.977346278317157,-13.592233009708732
2024-04-18,RYDE,0.16533327,3.75,1.0,4.37,3.9,-10.755148741418763,4.118993135011428,-16.24713958810069
2024-04-18,VTSI,0.103907585,11.26,2.0,12.43,13.22,6.355591311343534,10.37811745776349,-5.872888173773127
2024-04-19,DJTWW,0.17087376,15.45,1.0,18.09,17.2,-4.91984521835268,1.713653952459926,-13.211719181868443
2024-04-19,YYAI,0.105263114,2.09,2.0,2.31,0.9407,-59.27705627705628,1.298701298701288,-63.98268398268399
2024-04-22,TRSG,0.15798318,5.95,1.0,6.89,7.2,4.499274310595069,21.91582002902759,-4.2089985486211905
2024-04-23,IBRX,0.24493933,4.94,1.0,6.13,5.48,-10.603588907014672,0.978792822185981,-21.04404567699837
2024-04-23,RNAC,0.10952902,18.26,2.0,20.26,20.8,2.6653504442250675,7.206317867719636,-4.837117472852914
2024-04-24,AEYE,0.20029676,13.48,1.0,16.18,14.37,-11.186650185414093,0.24721878862792313,-11.742892459826948
2024-04-24,MTC,0.14732134,2.24,2.0,2.57,3.33,29.57198443579767,43.96887159533076,-9.727626459143968
2024-04-24,PROP,0.14213204,11.82,3.0,13.5,14.3999,6.66592592592592,11.703703703703706,-2.2222222222222254
2024-04-26,SNAP,0.27017546,11.4,1.0,14.48,14.545,0.44889502762430755,3.176795580110481,-4.8342541436464215
2024-04-26,TPC,0.13800573,13.89,2.0,15.8,17.72,12.151898734177212,13.607594936708844,0.0
2024-04-29,IBRX,0.14421773,7.35,1.0,8.41,8.9862,6.851367419738397,25.208085612366226,-3.4482758620689724
2024-04-29,ZONE,0.1371429,3.5,2.0,3.98,3.3,-17.0854271356784,0.0,-24.371859296482413
2024-04-29,XPER,0.12964821,9.95,3.0,11.24,10.745,-4.403914590747338,0.0,-6.049822064056942
2024-04-29,MESO,0.12179494,6.24,4.0,7.0,7.15,2.1428571428571574,8.571428571428562,-2.571428571428569
2024-04-29,AXG,0.11119938,12.59,5.0,13.99,13.2,-5.6468906361687,17.869907076483194,-13.581129378127233
2024-04-30,WGS,0.29818177,11.0,1.0,14.28,17.32,21.288515406162478,27.73109243697478,-2.6610644257702987
2024-04-30,HLIT,0.26063836,9.4,2.0,11.85,10.785,-8.987341772151892,2.1940928270042237,-11.392405063291132
2024-04-30,BOF,0.15294123,2.55,3.0,2.94,2.32,-21.08843537414966,10.200680272108853,-26.870748299319725
2024-04-30,BLND,0.1377778,2.25,4.0,2.56,2.45,-4.296875,12.894531249999996,-5.078125
2024-04-30,LTRX,0.101156,3.46,5.0,3.81,3.745,-1.7060367454068248,6.299212598425186,-3.4120734908136496
2024-05-01,TGTX,0.25549042,13.66,1.0,17.15,15.91,-7.230320699708448,4.956268221574356,-13.29446064139942
2024-05-01,FLG,0.20376253,2.65,2.0,3.2,3.4027,6.334374999999981,13.437499999999991,-6.25
2024-05-01,HAPN,0.1170212,7.52,3.0,8.4,9.005,7.202380952380949,10.357142857142843,0.0
2024-05-02,ENVX,0.359447,6.51,1.0,8.85,9.454,6.824858757062158,8.644067796610177,-8.135593220338965
2024-05-02,ASPN,0.3002628,15.22,2.0,19.79,23.61,19.30267812026276,23.34512379989895,-2.3244062657908127
2024-05-02,LUNG,0.29274607,7.72,3.0,9.98,9.38,-6.012024048096187,0.0,-11.322645290581168
2024-05-02,RSI,0.22429907,6.42,4.0,7.86,7.5356,-4.127226463104339,6.61577608142494,-10.050890585241735
2024-05-02,STI,0.14814818,2.16,5.0,2.48,2.425,-2.2177419354838745,0.40322580645162365,-9.677419354838701
2024-05-03,OLOX,0.3242321,2.93,1.0,3.88,5.4938,41.59278350515465,139.69072164948457,-4.123711340206182
2024-05-03,OSPN,0.26848257,10.95,2.0,13.88,12.465,-10.194524495677237,2.5936599423631135,-15.201729106628248
2024-05-03,LOCO,0.26395345,8.6,3.0,10.84,9.88,-8.856088560885599,10.60885608856088,-11.070110701107005
2024-05-03,ARDX,0.23122239,6.79,4.0,8.36,8.765,4.844497607655507,9.21052631578949,-4.545454545454531
2024-05-03,RLAY,0.23022604,7.08,5.0,8.71,7.045,-19.115958668197486,0.0,-22.043628013777273
2024-05-06,XBP,1.0377357,2.12,1.0,4.32,3.38,-21.759259259259267,0.23148148148146586,-28.240740740740744
2024-05-06,BENF,0.17302048,6.82,2.0,8.0,6.02,-24.750000000000007,12.00000000000001,-34.75
2024-05-06,BCRX,0.123595595,4.45,3.0,5.0,5.235,4.700000000000015,9.399999999999986,-5.000000000000004
2024-05-06,CTMX,0.10383749,4.43,4.0,4.88,4.425,-9.323770491803284,1.2295081967213184,-12.50000000000001
2024-05-07,ZETA,0.19615388,13.0,1.0,15.55,15.325,-1.4469453376205865,2.2508038585209,-4.180064308681675
2024-05-07,HIMS,0.17038631,11.65,2.0,13.635,12.3776,-9.221855518885224,0.0,-11.477814448111479
2024-05-07,PTON,0.16666675,3.54,3.0,4.13,4.111,-0.4600484261501281,1.4527845036319764,-6.779661016949145
2024-05-07,TVTX,0.129771,6.55,4.0,7.4,6.755,-8.716216216216221,3.918918918918912,-8.918918918918916
2024-05-07,JMIA,0.12065816,5.47,5.0,6.13,6.45,5.220228384991854,14.19249592169658,-2.610114192495927
2024-05-08,INOD,0.28338277,6.74,1.0,8.63,10.4529,21.1228273464658,22.13209733487831,-4.864426419466983
2024-05-08,MYGN,0.18543983,19.78,2.0,23.44,23.8,1.5358361774743923,3.2423208191126207,-5.588737201365202
2024-05-08,ELAN,0.16420114,13.52,3.0,15.74,16.785,6.639135959339271,9.46632782719188,-3.1766200762388785
2024-05-08,CRCT,0.16271842,5.53,4.0,6.43,8.12,26.283048211508554,29.704510108864703,-3.1104199066873894
2024-05-09,EMBC,0.29319596,10.27,1.0,13.28,14.04,5.722891566265065,15.060993975903614,-1.2801204819277157
2024-05-09,MGNI,0.21348321,8.9,2.0,10.8,9.28,-14.074074074074083,0.92592592592593,-14.953703703703702
2024-05-09,ZLAB,0.21001804,16.57,3.0,20.05,21.09,5.18703241895262,7.1820448877805365,-1.4463840399002503
2024-05-09,WRBY,0.18327975,12.44,4.0,14.72,14.685,-0.23777173913043237,2.5135869565217295,-4.34782608695653
2024-05-09,SLQT,0.16400003,2.5,5.0,2.91,2.595,-10.824742268041232,5.154639175257736,-11.340206185567014
2024-05-10,NVAX,1.241611,4.47,1.0,10.02,8.9,-11.177644710578837,9.780439121756501,-14.071856287425156
2024-05-10,SRTS,0.2650919,3.81,2.0,4.82,5.29,9.751037344398327,13.070539419087135,-9.336099585062241
2024-05-10,ARRY,0.18705034,12.51,3.0,14.85,12.81,-13.737373737373737,0.0,-15.690235690235689
2024-05-10,ADMA,0.18326116,6.93,4.0,8.19,8.795,7.387057387057383,10.134310134310143,-2.8083028083027983
2024-05-10,SOUN,0.16842115,4.75,5.0,5.55,5.11,-7.927927927927925,7.567567567567557,-9.009009009009006
2024-05-13,GME,0.5085912,17.46,1.0,26.34,30.08,14.198936977980248,45.02657555049356,-5.960516324981013
2024-05-13,AMC,0.2096219,2.91,2.0,3.52,5.185,47.30113636363635,67.04545454545455,-10.227272727272718
2024-05-13,KOSS,0.20707989,3.1978,3.0,3.86,4.2978,11.3419689119171,43.26424870466323,-6.217616580310869
2024-05-13,FULC,0.11780465,7.47,4.0,8.35,7.43,-11.01796407185629,1.7964071856287456,-17.108982035928133
2024-05-14,AMC,1.2890174,5.19,1.0,11.88,6.85,-42.34006734006734,0.0,-50.75757575757576
2024-05-14,PLUG,0.6920414,2.89,2.0,4.89,3.47,-29.03885480572597,0.2044989775051187,-30.061349693251525
2024-05-14,KOSS,0.35926783,4.37,3.0,5.94,6.0,1.0101010101009944,17.001683501683495,-10.60606060606062
2024-05-14,BB,0.23225808,3.1,4.0,3.82,3.465,-9.293193717277482,0.7853403141361293,-13.089005235602091
2024-05-14,HROW,0.20546818,12.07,5.0,14.55,16.05,10.309278350515472,20.20618556701028,-1.3883161512027509
2024-05-15,OPRX,0.3311069,10.48,1.0,13.95,13.09,-6.164874551971322,1.2903225806451646,-10.39426523297491
2024-05-15,ARQT,0.15867162,8.13,2.0,9.4,9.205,-2.0744680851063846,7.765957446808525,-5.319148936170215
2024-05-15,TMCI,0.15400004,5.0,3.0,5.77,5.885,1.9930675909878737,4.159445407279039,-10.225303292894283
2024-05-15,SRAD,0.13157892,9.5,4.0,10.75,10.44,-2.8837209302325584,0.0,-11.348837209302332
2024-05-15,BCRX,0.10634327,5.36,5.0,5.93,6.385,7.672849915682978,10.623946037099486,-0.5059021922428242
2024-05-16,JDZG,0.47420144,4.07,1.0,6.0,8.23,37.16666666666668,92.0,-27.998333333333335
2024-05-16,ASTS,0.3138075,2.39,2.0,3.14,4.04,28.6624203821656,32.48407643312101,-2.2292993630573354
2024-05-16,GRRR,0.14367819,5.22,3.0,5.97,5.62,-5.862646566164154,5.3534338358459,-8.710217755443884
2024-05-16,SOWG,0.14213204,15.76,4.0,18.0,17.34,-3.6666666666666625,0.0,-8.277777777777773
2024-05-16,GOOS,0.1366024,11.42,5.0,12.98,13.14,1.2326656394453073,10.246533127889057,-0.23112480739599928
2024-05-17,OUST,0.111492276,11.66,1.0,12.96,12.96,0.0,9.182098765432102,-0.6944444444444531
2024-05-17,AUTL,0.10565102,4.07,2.0,4.5,4.42,-1.7777777777777781,7.55555555555556,-2.444444444444449
2024-05-20,MTC,0.32524955,7.01,1.0,9.29,1.075,-88.42841765339074,28.955866523143193,-89.55866523143165
2024-05-20,STRO,0.1496259,4.01,2.0,4.61,4.6943,1.8286334056399012,10.401301518438167,-5.195227765726695
2024-05-20,ASPI,0.14823008,4.52,3.0,5.19,5.145,-0.8670520231214063,6.936416184971095,-5.780346820809257
2024-05-20,JDZG,0.10873282,11.68,4.0,12.95,11.94,-7.7992277992277925,14.826254826254836,-24.78764478764478
2024-05-21,EDBL,0.5,3.8,1.0,5.7,4.315,-24.298245614035086,2.807017543859658,-28.0701754385965
2024-05-21,CMCM,0.11711705,5.55,2.0,6.2,6.1,-1.6129032258064613,4.677419354838719,-8.548387096774201
2024-05-21,ALLO,0.11583018,2.59,3.0,2.9,2.675,-7.758620689655171,0.6896551724137945,-9.310344827586203
2024-05-21,LRMR,0.10729027,7.27,4.0,8.05,7.91,-1.7391304347826209,7.801242236024852,-7.453416149068326
2024-05-22,CHAI,0.625,2.4,1.0,3.9,2.2509,-42.28461538461538,26.151282051282053,-45.641025641025635
2024-05-22,RZLT,0.20666659,3.0,2.0,3.62,2.82,-22.099447513812166,4.143646408839774,-28.729281767955804
2024-05-22,WOOF,0.12653053,2.45,3.0,2.76,2.859,3.5869565217391486,19.565217391304344,-2.1739130434782483
2024-05-22,DVLT,0.10162604,2.46,4.0,2.71,2.52,-7.011070110701101,0.0,-15.12915129151292
2024-05-23,BORR,0.102941155,5.83,1.0,6.43,6.465,0.5443234836703059,5.44323483670297,-0.9331259720062102
2024-05-24,SRXH,0.6390313,4.1,1.0,6.72,3.85,-42.70833333333333,6.398809523809534,-47.61904761904761
2024-05-28,GME,0.21578944,19.0,1.0,23.1,23.6132,2.2216450216450134,15.411255411255409,-8.441558441558449
2024-05-28,IPW,0.14778328,2.03,2.0,2.33,2.06,-11.587982832618026,14.592274678111572,-12.017167381974259
2024-05-28,OKLO,0.1428572,10.15,3.0,11.6,10.7697,-7.157758620689647,7.068103448275864,-10.431034482758616
2024-05-28,SMR,0.13239074,7.78,4.0,8.81,9.51,7.945516458569801,8.85244040862656,-7.9455164585698235
2024-05-28,NNE,0.13181818,4.4,5.0,4.98,5.42,8.835341365461847,19.67871485943773,-8.032128514056236
2024-05-29,OOMA,0.1784811,7.9,1.0,9.31,8.57,-7.948442534908706,4.403866809881851,-9.022556390977442
2024-05-29,ASTS,0.1575985,5.33,2.0,6.17,9.1586,48.43760129659644,51.539708265802275,-7.94165316045381
2024-05-29,CHWY,0.14311063,16.91,3.0,19.33,21.56,11.536471805483718,14.07139161924471,-0.8794619762027889
2024-05-30,RRGB,0.18870723,6.73,1.0,8.0,7.74,-3.2499999999999973,7.499999999999996,-8.250000000000002
2024-05-30,WOOF,0.14696479,3.13,2.0,3.59,3.94,9.749303621169926,12.952646239554323,-5.292479108635096
2024-05-30,AMSC,0.13679552,15.79,3.0,17.95,17.39,-3.1197771587743617,15.245682451253483,-7.5766016713091915
2024-05-30,ALHC,0.11747849,6.98,4.0,7.8,7.84,0.512820512820511,2.9487179487179382,-2.051282051282055
2024-05-30,BWLP,0.11395347,18.26,5.0,20.35,21.69,6.584766584766588,8.05405405405406,-2.160687960687968
2024-05-31,PD,0.17827296,17.95,1.0,21.15,18.96,-10.354609929078007,0.520094562647766,-12.434988179669027
2024-05-31,ASAN,0.13404417,13.13,2.0,14.89,13.085,-12.122229684351915,3.6265950302216243,-13.700470114170592
2024-05-31,BTDR,0.106529236,5.82,3.0,6.44,6.13,-4.813664596273304,4.813664596273282,-5.900621118012439
2024-06-03,AMC,0.2563511,4.33,1.0,5.44,4.7495,-12.693014705882355,4.779411764705888,-14.705882352941192
2024-06-03,KYTX,0.20271349,12.53,2.0,15.07,13.135,-12.840079628400803,1.1280690112806857,-14.06768414067685
2024-06-03,PDC,0.14553988,2.13,3.0,2.44,1.87,-23.360655737704917,1.3852459016393537,-31.147540983606557
2024-06-03,SMMT,0.13298786,8.685,4.0,9.84,8.84,-10.162601626016265,1.0162601626016121,-11.382113821138207
2024-06-03,LQDA,0.1305362,12.87,5.0,14.55,14.485,-0.44673539518901295,4.398625429553249,-2.0618556701030966
2024-06-04,ANNX,0.316594,4.58,1.0,6.03,6.0,-0.4975124378109541,18.407960199004968,-8.457711442786076
2024-06-04,CORZ,0.28336763,4.87,2.0,6.25,6.82,9.119999999999994,12.958399999999992,-3.3599999999999963
2024-06-05,CCM,0.26666665,2.1,1.0,2.66,1.21,-54.511278195488735,0.3759398496240518,-59.3984962406015
2024-06-05,BNAI,0.21917808,3.65,2.0,4.45,3.52,-20.89887640449438,0.0,-34.157303370786515
2024-06-05,SFIX,0.17602992,2.67,3.0,3.14,3.43,9.235668789808926,23.248407643312106,0.0
2024-06-05,HPE,0.15675676,17.6,4.0,20.35,19.495,-4.201474201474198,0.39312039312038305,-4.4717444717444765
2024-06-05,VIR,0.15122879,10.58,5.0,12.18,12.67,4.022988505747138,7.471264367816088,-1.4778325123152691
2024-06-06,VNDA,0.281188,5.05,1.0,6.47,6.2748,-3.017001545595055,1.3709428129830004,-5.278207109737243
2024-06-06,FBLG,0.15671647,6.7,2.0,7.75,9.65,24.51612903225806,51.61290322580645,-9.03225806451613
2024-06-07,GERN,0.14652956,3.89,1.0,4.46,4.58,2.6905829596412634,15.470852017937231,-0.22421524663677195
2024-06-10,AIOS,0.16023731,3.37,1.0,3.91,3.38,-13.554987212276226,3.324808184143224,-17.902813299232744
2024-06-10,OPRA,0.14518762,13.76,2.0,15.75,15.115,-4.031746031746031,9.523809523809534,-6.476190476190469
2024-06-11,TOYO,0.3284458,6.82,1.0,9.06,8.97,-0.9933774834437026,31.34657836644592,-6.181015452538641
2024-06-11,AISP,0.17197454,3.14,2.0,3.68,4.5499,23.638586956521745,46.19565217391304,-1.0869565217391353
2024-06-11,SHLS,0.10132158,6.81,3.0,7.5,7.465,-0.4666666666666708,3.5333333333333217,-5.199999999999994
2024-06-12,BMR,0.37954545,4.4,1.0,6.07,5.29,-12.850082372322902,10.542009884678748,-15.485996705107086
2024-06-12,DSY,0.12949646,2.78,2.0,3.14,3.2,1.9108280254777066,17.834394904458595,-9.87261146496815
2024-06-12,MREO,0.11931825,3.52,3.0,3.94,3.835,-2.6649746192893398,6.091370558375631,-7.360406091370564
2024-06-12,WULF,0.10215831,3.475,4.0,3.83,3.815,-0.3916449086161955,9.660574412532629,-2.088772845953002
2024-06-13,GRAL,0.12225473,13.66,1.0,15.33,14.37,-6.262230919765177,2.544031311154593,-8.545335942596221
2024-06-14,LGVN,0.28624535,2.69,1.0,3.46,3.255,-5.924855491329484,18.497109826589586,-18.20809248554913
2024-06-14,MOLN,0.1428572,5.95,2.0,6.8,6.69,-1.6176470588235237,1.0294117647058787,-6.617647058823528
2024-06-14,BOOM,0.10438728,13.22,3.0,14.62,14.41,-1.4363885088919282,2.4623803009576006,-5.4035567715458255
2024-06-17,SCNI,0.7478509,3.49,1.0,6.1,5.55,-9.016393442622949,14.262295081967213,-16.229508196721298
2024-06-17,CNSP,0.111111164,2.79,2.0,3.1,2.9193,-5.829032258064526,15.7258064516129,-12.580645161290327
2024-06-18,CHGG,0.15708816,2.61,1.0,3.02,2.7101,-10.261589403973502,7.781456953642385,-10.927152317880795
2024-06-18,ARQ,0.100519896,5.77,2.0,6.35,5.9,-7.086614173228334,0.47244094488190225,-7.637795275590542
2024-06-20,HROW,0.14107645,17.65,1.0,20.14,19.97,-0.8440913604766731,1.5392254220456758,-4.145978152929497
2024-06-20,NNE,0.1310345,11.6,2.0,13.12,15.35,16.99695121951219,25.762195121951237,-11.966463414634132
2024-06-21,SLDB,0.1349206,6.3,1.0,7.15,6.475,-9.440559440559449,3.468531468531455,-14.54545454545455
2024-06-21,DOGZ,0.10568595,16.18,2.0,17.89,17.79,-0.5589714924538969,0.5589714924538747,-11.626607043040805
2024-06-24,ALT,0.16536665,6.41,1.0,7.47,7.175,-3.9491298527443153,13.654618473895596,-5.2208835341365445
2024-06-24,DJTWW,0.116322756,15.99,2.0,17.85,21.97,23.081232492997184,37.142857142857146,-3.3613445378151363
2024-06-25,EMPD,0.47938132,3.88,1.0,5.74,5.645,-1.6550522648083765,120.73170731707314,-3.6515679442508664
2024-06-25,ENVX,0.16694355,12.04,2.0,14.06,16.245,15.540540540540547,21.76315789473684,-2.204836415362732
2024-06-25,BTBT,0.111111045,2.43,3.0,2.7,3.395,25.74074074074073,28.514814814814816,-2.2185185185185308
2024-06-25,CORZZ,0.100000024,7.5,4.0,8.25,8.2901,0.4860606060606232,4.7272727272727355,-3.2727272727272716
2024-06-26,EMPD,0.45683467,5.56,1.0,8.1,6.6,-18.518518518518523,18.518518518518512,-29.38271604938272
2024-06-26,RIVN,0.36538458,11.96,2.0,16.33,14.7399,-9.737293325168395,0.12247397428049034,-13.227189222290258
2024-06-26,DAKT,0.18315017,10.92,3.0,12.92,13.28,2.786377708978316,9.520123839009287,-7.894736842105255
2024-06-26,SVRA,0.16315794,3.8,4.0,4.42,3.725,-15.723981900452488,2.036199095022617,-23.642533936651578
2024-06-26,MTVA,0.13849759,4.26,5.0,4.85,4.8288,-0.43711340206183946,9.278350515463929,-12.164948453608249
2024-06-27,SCNX,0.23598552,11.85,1.0,14.5,13.1242,-9.488275862068962,6.5517241379310365,-17.24137931034483
2024-06-27,GOVX,0.20583558,2.015,2.0,2.43,3.7375,53.8065843621399,101.64609053497942,-3.70370370370372
2024-06-27,IIIV,0.18936706,19.75,3.0,23.49,22.14,-5.747126436781603,0.0,-7.662835249042132
2024-06-27,SUZ,0.14055037,9.21,4.0,10.5,10.455,-0.4285714285714226,1.1428571428571344,-2.571428571428569
2024-06-27,PHUN,0.11726391,6.14,5.0,6.86,6.29,-8.309037900874639,1.3119533527696792,-13.556851311953366
2024-06-28,DXYZ,0.12880886,14.44,1.0,16.3,15.195,-6.779141104294483,12.20858895705521,-8.58895705521473
2024-06-28,FBLG,0.11373401,4.66,2.0,5.19,4.86,-6.358381502890175,16.763005780346795,-12.138728323699432
2024-07-01,HUMA,0.116666675,4.8,1.0,5.36,5.365,0.0932835820895539,17.537313432835823,-5.783582089552253
2024-07-02,EMPD,0.27897,4.66,1.0,5.96,4.92,-17.4496644295302,6.208053691275173,-22.651006711409394
2024-07-03,DOYU,0.31688643,12.59,1.0,16.58,17.8,7.358262967430651,10.554885404101322,-4.101326899879365
2024-07-03,KOSS,0.20412838,4.36,2.0,5.25,11.17,112.76190476190476,256.7619047619048,-0.5714285714285783
2024-07-03,ABSI,0.14141417,2.97,3.0,3.39,3.1898,-5.905604719764012,4.716814159292038,-7.669616519174049
2024-07-05,MDWD,0.41350794,14.51,1.0,20.51,19.725,-3.827401267674302,17.016089712335436,-10.921501706484648
2024-07-05,KOSS,0.30761993,10.63,2.0,13.9,13.848,-0.3741007194244528,33.09352517985611,-8.992805755395683
2024-07-05,ACHR,0.13064134,4.21,3.0,4.76,4.425,-7.037815126050417,0.6302521008403339,-11.344537815126055
2024-07-08,GRFS,0.2046349,7.04,1.0,8.48,8.505,0.2948113207547287,1.7688679245283057,-4.952830188679247
2024-07-08,POET,0.1107955,3.52,2.0,3.91,3.192,-18.36317135549872,1.0230179028132946,-21.71355498721228
2024-07-08,PLSE,0.105394125,12.05,3.0,13.32,15.55,16.741741741741745,28.00225225225226,-2.0270270270270285
2024-07-09,QURE,0.6375662,3.78,1.0,6.19,6.72,8.56219709208399,9.531502423263326,-15.993537964458804
2024-07-09,WETH,0.11846554,2.45,2.0,2.74,2.065,-24.63503649635037,0.0,-28.467153284671543
2024-07-09,BYRN,0.111542106,10.31,3.0,11.46,10.05,-12.303664921465973,4.712041884816753,-13.525305410122169
2024-07-10,LGVN,1.0418117,2.87,1.0,5.86,4.6,-21.501706484641648,9.215017064846421,-28.839590443686014
2024-07-10,VIVO,0.6941178,2.55,2.0,4.32,3.15,-27.083333333333336,6.944444444444442,-32.870370370370374
2024-07-10,NAAS,0.4030769,3.25,3.0,4.56,4.361,-4.364035087719298,41.22807017543862,-20.614035087719284
2024-07-10,AEHR,0.19016922,12.41,4.0,14.77,15.39,4.197698036560604,11.238997968855791,-6.431956668923489
2024-07-10,SNGX,0.18733156,7.42,5.0,8.81,7.75,-12.031782065834285,11.01021566401814,-23.950056753688997
2024-07-11,EMPD,0.6690496,3.65,1.0,6.14,3.7352,-39.16612377850163,14.006514657980462,-45.43973941368078
2024-07-11,QS,0.3197782,5.41,2.0,7.14,7.035,-1.4705882352941124,1.9607843137255054,-7.981792717086833
2024-07-11,LXEO,0.18613136,16.44,3.0,19.5,17.53,-10.102564102564093,0.0,-15.487179487179482
2024-07-11,MEI,0.16503727,9.44,4.0,11.0,13.75,25.0,26.818181818181806,-0.6363636363636349
2024-07-12,SNTG,0.23478258,2.3,1.0,2.84,2.695,-5.1056338028169,39.78873239436622,-10.2112676056338
2024-07-12,IMMP,0.17412925,2.01,2.0,2.37,2.3,-2.9535864978903037,9.704641350210963,-10.126582278481022
2024-07-15,DJTWW,0.7633529,19.565,1.0,34.55,29.085,-15.817655571635303,0.0,-23.3574529667149
2024-07-15,SCNI,0.6354681,4.06,2.0,6.64,5.6801,-14.456325301204808,34.337349397590366,-21.536144578313255
2024-07-15,PHUN,0.28473413,5.83,3.0,7.51,5.925,-21.105193075898796,0.0,-22.237017310252995
2024-07-15,RUM,0.12962961,5.94,4.0,6.71,6.935,3.3532041728763007,13.263785394932937,-9.687034277198215
2024-07-15,CTRN,0.11474538,18.65,5.0,20.79,19.84,-4.569504569504568,1.2506012506012576,-7.07070707070706
2024-07-16,ANGO,0.17200673,5.93,1.0,6.95,7.45,7.194244604316546,9.352517985611497,-5.316546762589935
2024-07-16,AEON,0.10964906,2.28,2.0,2.53,2.92,15.41501976284585,31.62055335968381,-1.1857707509881354
2024-07-16,KYTX,0.10494447,9.91,3.0,10.95,11.05,0.9132420091324311,4.109589041095907,-7.30593607305935
2024-07-17,SHIM,0.37681162,2.07,1.0,2.85,3.09,8.42105263157893,17.19298245614034,-5.614035087719305
2024-07-17,LCFY,0.32293582,5.45,2.0,7.21,6.85,-4.993065187239953,17.19833564493758,-17.475728155339798
2024-07-17,LGVN,0.19034088,3.52,3.0,4.19,3.955,-5.608591885441538,16.46778042959425,-7.398568019093088
2024-07-17,AEHR,0.14370549,16.84,4.0,19.26,20.618,7.05088265835927,11.318795430944961,-4.257528556593981
2024-07-19,SERV,0.623574,2.63,1.0,4.27,7.4992,75.62529274004686,110.07025761124125,-8.196721311475407
2024-07-19,HE,0.38196087,12.75,2.0,17.62,17.485,-0.7661748013620961,3.2349602724177196,-6.129398410896714
2024-07-19,NAAS,0.13102591,8.09,3.0,9.15,6.29,-31.2568306010929,14.207650273224036,-37.1584699453552
2024-07-19,MYSZ,0.101726055,3.404,4.0,3.75,3.05,-18.666666666666675,0.0,-25.06666666666667
2024-07-22,SERV,0.4953642,7.55,1.0,11.27,8.65,-23.247559893522617,23.247559893522627,-30.434782608695656
2024-07-22,MDBH,0.124121785,10.675,2.0,12.0,10.3,-14.16666666666666,0.0,-20.75
2024-07-22,AEHL,0.12064338,3.73,3.0,4.18,3.79,-9.330143540669845,6.698564593301448,-16.267942583732054
2024-07-22,EMBC,0.10504544,13.17,4.0,14.56,15.155,4.086538461538458,7.14285714285714,-0.8241758241758323
2024-07-23,FEIM,0.30201626,10.1,1.0,13.1,13.627,4.022900763358783,6.870229007633588,-4.198473282442738
2024-07-23,MESO,0.11523175,7.55,2.0,8.42,8.26,-1.9002375296912177,0.5938242280285166,-4.750593824228034
2024-07-23,ARTV,0.10450292,11.77,3.0,13.0,11.99,-7.769230769230773,1.922307692307701,-9.23076923076922
2024-07-24,TKNO,0.16733074,2.51,1.0,2.93,3.1468,7.399317406143324,27.98634812286689,-1.0238907849829393
2024-07-25,MIRA,0.3898306,2.36,1.0,3.28,3.05,-7.012195121951215,13.719512195121952,-20.11890243902439
2024-07-25,BALY,0.23520708,13.52,2.0,16.7,16.92,1.3173652694610904,1.7365269461077748,-0.23952095808382756
2024-07-25,INDV,0.16452205,10.88,3.0,12.67,13.04,2.920284135753737,3.8674033149171283,-3.314917127071826
2024-07-25,NTCT,0.10191786,18.25,4.0,20.11,20.35,1.1934361014420691,5.4699154649428205,-1.8463451019393284
2024-07-25,IMAX,0.10095346,17.83,5.0,19.63,19.3,-1.6811003565970317,3.4131431482425034,-3.922567498726437
2024-07-26,COUR,0.39406204,7.41,1.0,10.33,10.62,2.8073572120038692,13.649564375605028,-3.242981606969997
2024-07-26,NWL,0.14039457,6.34,2.0,7.23,8.915,23.305670816044245,23.928077455048413,-1.2448132780083054
2024-07-26,AEYE,0.12525463,19.64,3.0,22.1,26.8,21.266968325791847,23.57420814479636,-2.4429864253393774
2024-07-26,RILY,0.108721614,16.74,4.0,18.56,18.4309,-0.6955818965517113,0.10775862068965747,-6.681034482758608
2024-07-26,NOV,0.10818553,18.67,5.0,20.69,19.8,-4.301594973417111,1.4016433059448996,-7.2498791686805175
2024-07-29,LGVN,0.18313956,3.44,1.0,4.07,3.5101,-13.756756756756761,5.405405405405395,-20.884520884520885
2024-07-29,NIPG,0.11862528,9.02,2.0,10.09,16.5,63.52824578790883,66.00594648166502,-0.8919722497522264
2024-07-29,SDA,0.10531926,9.4,4.0,10.39,9.335,-10.153994225216556,0.0,-13.378248315688168
2024-07-30,HLIT,0.26042557,11.75,1.0,14.81,14.22,-3.983794733288315,3.3760972316002613,-7.9000675219446315
2024-07-30,MIRA,0.13100433,2.29,2.0,2.59,2.3,-11.196911196911197,7.3359073359073435,-11.583011583011583
2024-07-30,NXH,0.12288451,13.59,3.0,15.26,12.27,-19.59370904325033,1.1795543905635641,-19.986893840104848
2024-07-30,SERV,0.11500776,19.39,4.0,21.62,15.0,-30.619796484736362,11.424606845513408,-32.51618871415356
2024-07-31,PCRX,0.13561916,19.54,1.0,22.19,20.615,-7.0977917981072665,3.1176205497971843,-8.427219468228941
2024-08-01,BBLG,0.6944444,2.16,1.0,3.66,2.73,-25.409836065573778,1.0928961748633892,-27.04918032786886
2024-08-01,CDNA,0.30065036,19.99,2.0,26.0,23.47,-9.730769230769232,1.9230769230769162,-17.307692307692314
2024-08-01,MAX,0.24335372,14.67,3.0,18.24,16.5,-9.53947368421052,5.537280701754388,-15.186403508771917
2024-08-01,PRM,0.16924667,9.69,4.0,11.33,10.635,-6.134157105030891,0.42365401588702056,-11.297440423654015
2024-08-01,RSI,0.14885116,10.01,5.0,11.5,10.72,-6.78260869565217,0.782608695652165,-9.739130434782606
2024-08-02,MKDW,0.9567307,2.08,1.0,4.07,3.42,-15.970515970515976,10.565110565110558,-33.169533169533175
2024-08-02,OSTX,0.183267,2.51,2.0,2.97,3.9907,34.367003367003356,64.98316498316498,-6.060606060606066
2024-08-02,LASR,0.11942959,11.22,3.0,12.56,10.86,-13.53503184713376,1.194267515923575,-13.681528662420384
2024-08-02,GDYN,0.10204077,12.25,4.0,13.5,13.87,2.7407407407407325,8.592592592592595,-2.739999999999998
2024-08-05,INDO,0.10043669,2.29,1.0,2.52,3.7101,47.226190476190474,55.952380952380956,-11.111111111111105
2024-08-06,LUMN,0.5366796,2.59,1.0,3.98,5.145,29.27135678391959,33.16582914572863,-8.291457286432157
2024-08-06,SMX,0.36923075,3.25,2.0,4.45,3.8202,-14.152808988764054,32.13483146067415,-35.2808988764045
2024-08-06,CORZW,0.24105,4.19,3.0,5.2,5.1,-1.9230769230769384,0.38461538461538325,-15.000000000000002
2024-08-06,CRVO,0.156039,13.33,5.0,15.41,12.2099,-20.766385463984427,5.90525632706036,-25.048669695003245
2024-08-07,LUMN,0.444,5.0,1.0,7.23,6.81,-5.809128630705407,8.298755186721984,-15.62932226832643
2024-08-07,CEVA,0.30192196,16.13,2.0,21.0,19.28,-8.190476190476181,0.0,-9.857142857142854
2024-08-07,RYAM,0.21746874,5.61,3.0,6.83,7.29,6.734992679355778,15.373352855051237,-0.8784773060029338
2024-08-07,INGN,0.21472394,8.15,4.0,9.9,11.09,12.02020202020202,15.150505050505059,0.0
2024-08-07,VTEX,0.21179402,6.02,5.0,7.295,6.93,-5.003427004797811,0.0,-8.430431802604533
2024-08-08,XMTR,0.36347663,11.39,1.0,15.53,15.86,2.12491951062459,5.852543464262716,-9.368963296844813
2024-08-08,AXGN,0.3257575,7.92,2.0,10.5,10.735,2.238095238095239,3.475238095238109,-4.238095238095241
2024-08-08,ASPN,0.31945944,18.5,3.0,24.41,21.305,-12.720196640721015,0.0,-14.952888160589916
2024-08-08,GPGI,0.21171749,7.51,4.0,9.1,9.64,5.934065934065935,7.582417582417578,-5.714285714285705
2024-08-08,PSNL,0.19791663,2.88,5.0,3.45,3.43,-0.5797101449275366,6.376811594202891,-8.695652173913048
2024-08-09,INOD,0.25190842,16.375,1.0,20.5,18.75,-8.536585365853655,2.9268292682926855,-16.53658536585366
2024-08-09,PBI,0.2517364,5.68,2.0,7.11,6.23,-12.376933895921239,8.253164556962012,-12.939521800281295
2024-08-09,ADMA,0.2387203,12.19,3.0,15.0,15.92,6.133333333333324,10.933333333333328,-0.33333333333334103
2024-08-09,BLND,0.23048317,2.69,4.0,3.31,3.275,-1.0574018126888296,25.06948640483384,-3.92749244712991
2024-08-09,HNST,0.21604943,3.24,5.0,3.94,3.67,-6.852791878172592,3.8071065989847774,-7.994923857868019
2024-08-12,KEY,0.16628885,14.61,1.0,17.04,15.89,-6.748826291079801,0.2934272300469498,-7.599765258215962
2024-08-12,BEKE,0.11929309,14.03,2.0,15.7,14.78,-5.859872611464967,0.8280254777070173,-7.643312101910826
2024-08-12,ZNTL,0.110000014,3.0,3.0,3.33,3.035,-8.858858858858854,10.81081081081081,-9.909909909909908
2024-08-13,LWAY,0.22836757,11.21,1.0,13.77,16.63,20.769789397240366,23.194625998547558,-0.726216412490921
2024-08-13,HSAI,0.21629214,3.56,2.0,4.33,4.1701,-3.692840646651274,6.004618937644346,-6.928406466512693
2024-08-13,TRDA,0.12104154,14.21,3.0,15.93,15.81,-0.7532956685499026,0.0,-7.824858757062147
2024-08-13,BZFD,0.12053573,2.24,4.0,2.51,2.7754,10.573705179282866,12.749003984063755,-3.585657370517925
2024-08-13,SPRY,0.10599077,10.85,5.0,12.02,13.005,8.194675540765406,8.985024958402654,-6.156405990016644
2024-08-14,SERV,0.340405,10.37,1.0,13.9,11.235,-19.172661870503603,3.8848920863309377,-21.58273381294964
2024-08-14,VSXY,0.16675413,19.07,2.0,22.25,22.15,-0.44943820224719877,4.134831460674171,-3.7752808988763986
2024-08-14,GRAL,0.12815666,15.84,3.0,17.87,15.38,-13.933967543368775,0.16787912702853625,-15.556799104644659
2024-08-14,STRO,0.102484465,3.22,4.0,3.55,3.57,0.5633802816901401,3.9436619718309807,-6.760563380281681
2024-08-15,AISP,0.25595236,2.52,1.0,3.165,2.84,-10.268562401263825,2.0537124802527673,-14.691943127962082
2024-08-15,GRSD,0.18799543,8.83,2.0,10.49,10.89,3.813155386081979,7.720686367969476,-0.4766444232602529
2024-08-15,MF,0.17216122,13.65,3.0,16.0,19.32,20.75,28.62499999999999,-12.937500000000002
2024-08-15,GOVX,0.13538456,3.25,4.0,3.69,3.38,-8.40108401084011,11.65311653116532,-17.612466124661253
2024-08-15,CLBT,0.119081855,13.94,5.0,15.6,14.965,-4.070512820512818,5.25641025641026,-7.499999999999996
2024-08-16,CING,1.1916666,4.8,1.0,10.52,17.71,68.34600760456276,98.00380228136882,-17.205323193916332
2024-08-16,RILYG,0.38878906,7.2,2.0,10.0,8.8,-11.99999999999999,0.0010000000000065512,-13.350000000000007
2024-08-16,RILYN,0.32782984,7.2,3.0,9.56,9.448,-1.171548117154808,9.309623430962333,-8.471757322175744
2024-08-16,RILYP,0.32167494,4.26,4.0,5.63,7.2099,28.06216696269983,36.767317939609235,-0.1065719360568429
2024-08-16,RILY,0.2400794,5.04,5.0,6.25,5.67,-9.28,8.800000000000008,-15.359999999999996
2024-08-19,VRAX,1.3568075,2.13,1.0,5.02,5.045,0.4980079681274896,79.28087649402393,-14.143426294820715
2024-08-19,GOVX,0.48017,7.06,2.0,10.45,7.1922,-31.17511961722488,6.985645933014362,-32.4401913875598
2024-08-19,XPER,0.18278146,7.55,3.0,8.93,8.6809,-2.7894736842105305,0.0,-5.487122060470329
2024-08-19,AIFC,0.16740096,2.27,4.0,2.69,2.875,6.877323420074344,13.382899628252787,-3.3420074349442386
2024-08-19,ZIM,0.156515,19.06,5.0,22.04,22.145,0.47640653357532425,7.808529945553544,-3.266333938294008
2024-08-20,BTTC,0.77091646,5.02,1.0,8.89,10.15,14.173228346456689,66.47919010123735,-6.185601799775043
2024-08-20,TLS,0.17647064,2.89,2.0,3.4,3.635,6.911764705882351,9.411764705882364,-7.352941176470584
2024-08-20,LUNR,0.17411757,4.25,3.0,4.99,5.64,13.026052104208397,22.645290581162314,-9.619238476953917
2024-08-20,BTBT,0.13344479,2.99,4.0,3.389,3.572,5.399822956624378,10.357037474181197,-2.035998819710827
2024-08-20,TELO,0.113114715,6.1,5.0,6.79,5.29,-22.091310751104565,0.0,-24.742268041237114
2024-08-21,IMMR,0.14602792,9.93,1.0,11.38,9.887,-13.119507908611606,0.0,-13.884007029876976
2024-08-21,ALZN,0.104783654,4.39,2.0,4.85,4.25,-12.371134020618547,9.278350515463929,-12.371134020618547
2024-08-22,RZLV,0.24547517,8.84,1.0,11.01,10.41,-5.449591280653943,8.60399636693916,-9.172570390554046
2024-08-22,PTON,0.13988101,3.36,2.0,3.83,4.535,18.407310704960842,24.020887728459517,-2.8720626631853707
2024-08-22,GOVX,0.10179639,8.35,3.0,9.2,7.34,-20.21739130434782,3.911956521739146,-23.586956521739122
2024-08-23,FFAI,0.3059702,8.04,1.0,10.5,7.3699,-29.810476190476187,8.571428571428585,-36.57142857142857
2024-08-23,VRAX,0.11969113,5.18,2.0,5.8,5.2501,-9.481034482758622,7.241379310344831,-10.339655172413787
2024-08-26,MF,0.3191489,2.35,1.0,3.1,2.32,-25.161290322580655,5.806451612903207,-33.54516129032259
2024-08-26,CMPS,0.15438116,7.19,2.0,8.21,7.985,-2.7405602923264327,3.9792935444579625,-8.404384896467732
2024-08-26,INDO,0.13782048,3.12,3.0,3.55,3.63,2.2535211267605604,4.225352112676073,-9.295774647887312
2024-08-26,DOGZ,0.12797165,19.77,4.0,22.3,23.11,3.632286995515699,5.3811659192825045,-14.618834080717491
2024-08-27,TRIB,0.3990147,2.03,1.0,2.84,2.5,-11.971830985915489,19.3661971830986,-14.612676056338024
2024-08-28,VRAX,0.2781186,4.89,1.0,6.27,5.29,-15.629984051036672,21.69059011164276,-23.444976076555022
2024-08-28,AIXI,0.11546397,4.85,2.0,5.41,5.39,-0.3696857670979714,14.972273567467642,-3.8817005545286554
2024-08-28,WEST,0.10810816,8.51,3.0,9.43,8.715,-7.582184517497348,2.8632025450689325,-8.589607635206796
2024-08-29,BCDA,0.9545455,2.2,1.0,4.31,3.9901,-7.422273781902544,8.120649651972167,-32.018561484918784
2024-08-29,AZI,0.29007638,2.62,2.0,3.38,2.91,-13.905325443786975,16.863905325443795,-20.118343195266263
2024-08-29,IREN,0.1159029,7.42,3.0,8.28,8.465,2.2342995169082114,11.111111111111116,-0.48309178743960457
2024-08-30,TOVX,0.3148936,4.7,1.0,6.18,6.017,-2.6375404530744273,15.695792880258907,-19.902912621359214
2024-08-30,LUNR,0.23443973,4.82,2.0,5.95,4.957,-16.689075630252105,0.8403361344537785,-16.974789915966383
2024-08-30,EBS,0.17845118,8.91,3.0,10.5,8.3213,-20.749523809523808,0.0,-23.332380952380948
2024-08-30,LESL,0.11199999,2.5,4.0,2.8,3.015,7.678571428571446,11.428571428571432,-1.7857142857142794
2024-09-03,SHLS,0.28756964,5.39,1.0,6.93,6.265,-9.595959595959602,1.0101010101010166,-12.049062049062053
2024-09-03,SOC,0.19328976,16.84,2.0,20.095,23.21,15.501368499626778,21.224185120676786,-0.02488181139586043
2024-09-03,BOF,0.19000006,2.0,3.0,2.38,3.4199,43.69327731092439,72.68907563025213,-1.2605042016806678
2024-09-04,ATRA,0.20117486,6.81,1.0,8.18,9.05,10.635696821515905,14.42542787286063,-5.01222493887531
2024-09-04,ASST,0.12195122,2.05,2.0,2.3,2.69,16.956521739130448,52.17391304347827,0.0
2024-09-05,APLD,0.54012334,3.24,1.0,4.99,5.305,6.312625250501003,14.428857715430855,-14.829659318637278
2024-09-05,FFAI,0.15267181,5.24,2.0,6.04,5.1204,-15.225165562913912,6.9536423841059625,-20.364238410596037
2024-09-05,PPTA,0.100123525,8.09,3.0,8.9,9.0104,1.2404494382022513,8.988764044943798,-2.2471910112359716
2024-09-06,SGLY,0.18548381,2.48,1.0,2.84,2.37,-16.549295774647877,20.070422535211275,-32.3943661971831
2024-09-06,FFAI,0.1477927,5.21,2.0,5.98,4.63,-22.575250836120407,1.8394648829431315,-24.74916387959867
2024-09-06,LUCK,0.13391995,10.79,3.0,12.23,11.68,-4.497138184791504,3.761242845461976,-8.34014717906786
2024-09-06,ITOC,0.111111045,3.78,4.0,4.2,3.97,-5.476190476190479,0.0,-16.17857142857143
2024-09-09,SMMT,0.3088833,12.27,1.0,16.04,19.26,20.074812967581067,34.03990024937657,-0.5455112219451275
2024-09-09,RLAY,0.29006422,6.24,2.0,8.05,9.645,19.813664596273274,33.167701863354026,-2.9813664596273437
2024-09-09,GLSI,0.13793099,14.5,3.0,16.5,14.48,-12.242424242424244,0.0,-13.939393939393941
2024-09-09,RZLT,0.12643683,4.35,4.0,4.9,5.33,8.775510204081627,8.979591836734691,-3.8775510204081765
2024-09-10,AVO,0.21608984,10.69,1.0,13.0,12.99,-0.07692307692307443,1.0769230769230864,-7.307692307692304
2024-09-10,MTRX,0.20240688,9.14,2.0,10.99,10.5405,-4.090081892629671,1.9108280254777066,-5.8744313011828915
2024-09-10,NNE,0.17567563,7.4,3.0,8.7,8.66,-0.45977011494251485,7.471264367816088,-9.54022988505746
2024-09-10,LASE,0.15828395,6.76,4.0,7.83,9.1,16.21966794380587,19.540229885057457,-7.279693486590045
2024-09-10,VRDN,0.13460195,14.19,5.0,16.1,18.8742,17.231055900621108,17.888198757763973,-6.086335403726717
2024-09-11,PLCE,0.3897959,4.9,1.0,6.81,8.97,31.718061674008837,49.77973568281937,-3.083700440528636
2024-09-11,BKYI,0.25,2.0,2.0,2.5,2.3543,-5.828000000000011,0.0,-16.400000000000002
2024-09-11,SGML,0.13177466,9.41,3.0,10.65,10.64,-0.09389671361501595,9.295774647887335,-4.131455399061023
2024-09-11,LAR,0.116279006,2.15,4.0,2.4,2.47,2.9166666666666785,9.145833333333343,-1.2499999999999956
2024-09-11,PCT,0.104477525,4.69,5.0,5.18,6.765,30.598455598455597,34.942084942084946,-2.1467181467181295
2024-09-12,NTGR,0.2347771,15.93,1.0,19.67,20.55,4.473817996949658,11.539908490086415,-0.15251652262329163
2024-09-12,BKYI,0.13419914,2.31,2.0,2.62,2.0103,-23.270992366412212,22.8969465648855,-35.49618320610688
2024-09-12,AURA,0.105843425,9.07,3.0,10.03,9.8228,-2.0658025922233203,7.5772681954137555,-5.916251246261206
2024-09-13,TNON,1.909091,4.4,1.0,12.8,8.0406,-37.182812500000004,23.34687499999999,-43.75
2024-09-16,ZNTL,0.53086424,3.24,1.0,4.96,3.74,-24.596774193548388,9.677419354838722,-26.411290322580648
2024-09-16,VRAX,0.35521233,2.59,2.0,3.51,2.86,-18.518518518518512,1.1225071225071215,-23.78917378917379
2024-09-16,BLCO,0.16720259,15.55,3.0,18.15,17.87,-1.542699724517893,0.826446280991755,-3.746556473829199
2024-09-16,PDSB,0.116666675,3.0,4.0,3.35,3.04,-9.253731343283588,0.0,-9.999999999999998
2024-09-17,EOCN,0.38501298,3.87,1.0,5.36,15.35,186.38059701492534,344.02985074626866,-0.37126865671642806
2024-09-17,BOOM,0.15490377,10.91,2.0,12.6,12.92,2.539682539682553,8.099999999999996,-1.5873015873015817
2024-09-17,TDAY,0.11062896,4.61,3.0,5.12,5.45,6.4453125,8.7890625,-3.125
2024-09-17,CMP,0.1031487,9.21,4.0,10.16,11.07,8.956692913385833,25.984251968503933,-2.5590551181102317
2024-09-17,UEIC,0.100776196,8.54,5.0,9.4,8.805,-6.329787234042561,0.0,-8.829787234042552
2024-09-18,LUNR,0.55185187,5.4,1.0,8.38,7.4817,-10.719570405727929,6.801909307875875,-11.217183770883054
2024-09-18,SWVL,0.19016397,3.05,2.0,3.63,2.94,-19.00826446280992,28.099173553719027,-21.487603305785118
2024-09-19,XCUR,1.462882,2.29,1.0,5.64,3.93,-30.319148936170205,6.382978723404253,-38.65070921985815
2024-09-19,EWTX,0.3502884,19.07,2.0,25.75,29.1969,13.386019417475726,16.50485436893203,-3.5339805825242765
2024-09-19,EOCN,0.31884062,6.9,3.0,9.1,8.08,-11.208791208791203,49.23076923076923,-13.186813186813184
2024-09-19,ALP,0.17457116,9.91,4.0,11.64,10.29,-11.59793814432991,11.082474226804106,-28.95189003436427
2024-09-19,AUTL,0.14987075,3.87,5.0,4.45,3.84,-13.707865168539335,0.0,-14.382022471910116
2024-09-20,BATL,1.2176871,2.94,1.0,6.52,6.54,0.30674846625766694,0.6134969325153339,-1.0736196319018343
2024-09-20,PARA,0.77083254,2.88,2.0,5.1,5.5104,8.047058823529408,47.058823529411775,-7.647058823529407
2024-09-20,TNON,0.34990048,5.03,3.0,6.79,5.47,-19.440353460972027,10.603829160530198,-26.80412371134021
2024-09-20,GDHG,0.25649345,3.08,4.0,3.87,3.1005,-19.883720930232563,5.167958656330751,-35.400516795865634
2024-09-20,EOCN,0.1726191,8.4,5.0,9.85,9.3,-5.58375634517766,27.91878172588833,-15.125888324873104
2024-09-23,BDTX,0.18487382,4.76,1.0,5.64,4.55,-19.326241134751776,0.8865248226950451,-20.921985815602827
2024-09-23,POET,0.10828018,3.14,2.0,3.48,4.345,24.856321839080465,31.034482758620683,-2.8706896551724093
2024-09-24,PARA,0.5976145,4.2,1.0,6.71,8.09,20.56631892697467,66.91505216095379,-8.345752608047686
2024-09-24,CAPR,0.41206038,5.97,2.0,8.43,9.0579,7.448398576512449,9.666666666666668,-11.934756820877823
2024-09-24,HSCS,0.3945577,2.94,3.0,4.1,4.16,1.4634146341463428,12.195121951219523,-9.999999999999998
2024-09-24,WVE,0.20037448,5.34,4.0,6.41,8.235,28.47113884555381,30.265210608424333,-0.6240249609984372
2024-09-24,TME,0.13038158,10.18,5.0,11.51,11.855,2.9973935708079935,4.3301476976542075,-3.605560382276274
2024-09-25,ORBS,0.6626506,2.49,1.0,4.14,3.66,-11.594202898550709,17.391304347826097,-19.082125603864732
2024-09-25,CLYM,0.22103667,6.56,2.0,8.01,5.4589,-31.84893882646692,1.7478152309613026,-33.45817727840199
2024-09-25,TNON,0.20398009,4.02,3.0,4.84,5.2414,8.293388429752069,22.933884297520677,-5.991735537190079
2024-09-26,SBC,0.23125005,8.0,1.0,9.85,9.61,-2.4365482233502544,2.6192893401015382,-10.152284263959388
2024-09-26,NCNA,0.18688524,3.05,2.0,3.62,2.715,-25.00000000000001,1.104972375690605,-27.071823204419886
2024-09-26,GOTU,0.17525768,2.91,3.0,3.42,3.675,7.456140350877183,11.111111111111116,-0.29239766081871066
2024-09-26,TAL,0.17067313,8.32,4.0,9.74,10.265,5.390143737166331,22.68993839835729,-0.35934291581108946
2024-09-26,BEKE,0.1560328,16.35,5.0,18.9,19.725,4.365079365079372,8.359788359788368,-0.4761904761904745
2024-09-27,ONCO,0.8686297,3.3554,1.0,6.27,5.56,-11.323763955342903,3.5087719298245723,-20.095693779904302
2024-09-27,BMEA,0.19958198,9.57,2.0,11.48,9.92,-13.588850174216027,4.6088850174216045,-15.505226480836242
2024-09-27,LGCY,0.12935328,4.02,3.0,4.54,4.35,-4.185022026431728,5.506607929515428,-9.251101321585898
2024-09-27,DTSS,0.106796145,2.06,4.0,2.28,2.38,4.385964912280715,9.622807017543877,-5.701754385964907
2024-09-27,IONQ,0.104218245,8.06,5.0,8.9,9.675,8.70786516853932,12.35955056179774,-3.5955056179775347
2024-09-30,TTEC,0.38024688,4.05,1.0,5.59,5.905,5.635062611806796,6.440071556350624,-10.017889087656517
2024-09-30,PRME,0.22254336,3.46,2.0,4.23,3.905,-7.683215130023657,18.676122931442052,-9.810874704491734
2024-09-30,TIGR,0.18777299,4.58,3.0,5.44,5.305,-2.4816176470588314,11.948529411764696,-4.044117647058831
2024-09-30,NIO,0.18098152,6.52,4.0,7.7,6.68,-13.24675324675325,0.12987012987013546,-13.506493506493511
2024-09-30,MNSO,0.14743996,17.13,5.0,19.65,17.45,-11.195928753180661,0.6106870229007688,-12.468193384223913
2024-10-01,ARCO,0.15253818,8.72,1.0,10.05,9.95,-0.9950248756219082,2.1691542288557297,-4.5273631840796025
2024-10-01,UNFI,0.15041625,16.82,2.0,19.35,21.885,13.100775193798441,15.400516795865627,-1.4987080103359363
2024-10-02,DUO,0.25368726,3.39,1.0,4.25,4.28,0.7058823529411784,9.882352941176475,-14.588235294117647
2024-10-02,TIGR,0.2520064,6.23,2.0,7.78,8.019,3.071979434447303,10.92544987146531,-7.326478149100257
2024-10-02,JOBY,0.18541658,4.8,3.0,5.69,6.11,7.381370826010536,11.072056239015815,-8.787346221441128
2024-10-02,HTT,0.18224287,2.14,4.0,2.53,2.245,-11.264822134387343,0.0,-14.822134387351781
2024-10-02,KC,0.1786834,3.19,5.0,3.76,3.93,4.521276595744683,7.446808510638303,-4.521276595744683
2024-10-03,EVGO,0.29007638,3.93,1.0,5.06,6.325,25.00000000000002,28.260869565217405,-3.9525691699604626
2024-10-03,HKD,0.28644502,3.91,2.0,5.03,5.13,1.988071570576544,15.30815109343935,-8.946322067594437
2024-10-04,ACMR,0.14814818,18.9,1.0,21.7,22.12,1.935483870967758,2.4193548387096975,-4.5622119815668105
2024-10-04,SND,0.12470865,2.0,2.0,2.25,2.22,-1.3333333333333197,1.7777777777777892,-4.8888888888888875
2024-10-04,ULCC,0.10220444,4.99,3.0,5.5,5.835,6.09090909090908,12.545454545454549,-0.9090909090909038
2024-10-07,SRRK,2.5498652,7.42,1.0,26.34,33.74,28.094153378891427,30.523917995444204,-4.517843583902814
2024-10-07,AVNW,0.16219008,19.36,2.0,22.5,22.88,1.6888888888888953,14.399999999999991,0.0
2024-10-07,TIGR,0.120661855,12.39,3.0,13.89,11.51,-17.134629229661634,4.247660187185032,-18.77969762419007
2024-10-07,HERE,0.118181825,3.72,4.0,4.16,4.66,12.01923076923077,49.519230769230745,-2.4038461538461675
2024-10-07,NIU,0.11428571,2.8,5.0,3.12,3.385,8.493589743589736,12.17948717948718,-0.6410256410256387
2024-10-08,RZLV,0.15160346,6.86,1.0,7.96,6.98,-12.311557788944716,1.5062814070351704,-14.447236180904532
2024-10-08,AZUL,0.14106584,3.19,2.0,3.64,3.385,-7.005494505494514,5.769230769230771,-7.417582417582413
2024-10-09,LASE,0.184111,7.93,1.0,9.39,8.7269,-7.061767838125665,8.09371671991479,-15.227902023429184
2024-10-09,AIOS,0.1319083,19.18,2.0,21.71,14.1541,-34.803777061262096,1.243205895900501,-47.535697835099036
2024-10-11,TURB,0.33003306,3.03,1.0,4.03,2.2104,-45.151364764267996,2.977667493796532,-54.83870967741935
2024-10-11,DJTWW,0.1367575,16.16,2.0,18.37,17.77,-3.2661948829613596,2.3407729994556314,-5.824714207947745
2024-10-11,AEHR,0.1343844,13.32,3.0,15.11,16.0801,6.420251489080098,10.191925876902719,-10.324288550628713
2024-10-14,TONX,0.7699115,7.91,1.0,14.02,13.04,-6.990014265335242,15.04992867332382,-12.981455064194014
2024-10-14,XPON,0.67364013,2.39,2.0,4.0,3.54,-11.5,6.25,-20.499999999999996
2024-10-14,RILY,0.1867882,4.39,3.0,5.23,5.451,4.225621414913938,11.281070745697885,-2.294455066921608
2024-10-14,DXYZ,0.1482966,9.98,4.0,11.46,11.77,2.705061082024418,17.19022687609073,-5.759162303664922
2024-10-14,VNDA,0.14189196,4.44,5.0,5.07,4.82,-4.930966469428011,4.536489151873768,-5.917159763313629
2024-10-15,RENX,0.5552764,3.98,1.0,6.19,3.4,-45.07269789983845,6.785137318255252,-52.827140549273025
2024-10-15,PARA,0.4026997,3.7,2.0,5.19,3.68,-29.09441233140655,0.0,-34.28131021194606
2024-10-15,WOLF,0.3216169,11.38,3.0,15.05,13.72,-8.837209302325578,7.973421926910285,-11.960132890365449
2024-10-15,MGTX,0.26077592,4.64,4.0,5.85,5.34,-8.71794871794872,0.34188034188034067,-17.350427350427346
2024-10-15,IMRX,0.22500002,2.0,5.0,2.45,2.3,-6.122448979591855,2.4489795918367196,-12.244897959183687
2024-10-16,BDRX,0.6926148,5.01,1.0,8.48,7.875,-7.134433962264152,28.419811320754707,-20.274764150943405
2024-10-16,WVE,0.40712607,8.56,2.0,12.03,14.902,23.87364921030757,29.177057356608472,-0.41562759767247437
2024-10-16,NVCR,0.20697403,17.78,3.0,21.46,17.995,-16.146318732525632,1.6612301957129594,-17.567567567567565
2024-10-16,LAC,0.16853929,2.67,4.0,3.12,3.255,4.3269230769230616,9.551282051282062,-9.935897435897434
2024-10-16,PHUN,0.15213358,5.39,5.0,6.21,6.3541,2.3204508856682793,6.602254428341392,-6.602254428341392
2024-10-17,VSME,0.5405406,2.22,1.0,3.42,2.04,-40.35087719298245,7.8947368421052655,-48.83040935672515
2024-10-17,GEVO,0.36888885,2.25,2.0,3.08,2.64,-14.28571428571428,0.6493506493506551,-21.42857142857143
2024-10-17,RENX,0.22614849,2.83,3.0,3.47,3.2,-7.78097982708934,22.47838616714697,-13.544668587896258
2024-10-17,SLQT,0.17777777,2.25,4.0,2.65,2.095,-20.94339622641509,4.9056603773584895,-26.415094339622634
2024-10-17,ALAR,0.17668271,16.64,5.0,19.58,18.65,-4.749744637385089,9.652706843718084,-9.29519918283962
2024-10-18,SOBR,0.899371,7.95,1.0,15.1,10.28,-31.920529801324506,28.14569536423843,-37.41721854304636
2024-10-18,HEPS,0.60454535,2.2,2.0,3.53,3.5,-0.8498583569405027,14.730878186968832,-17.8470254957507
2024-10-18,SUNE,0.49546278,5.51,3.0,8.19,8.1299,-0.7338217338217379,48.71794871794872,-12.087912087912079
2024-10-18,TNON,0.3119533,3.43,4.0,4.5,4.1516,-7.7422222222222175,1.5555555555555545,-17.555555555555557
2024-10-18,AIFF,0.1690141,2.84,5.0,3.32,4.0184,21.03614457831324,28.31325301204819,-8.319277108433731
2024-10-21,BIVI,0.7446809,2.35,1.0,4.1,2.61,-36.34146341463415,82.92682926829269,-41.21951219512194
2024-10-21,ISPC,0.59649134,4.56,2.0,7.28,6.4302,-11.67307692307692,14.010989010989029,-23.489010989010982
2024-10-21,XPON,0.3892858,2.8,3.0,3.89,3.55,-8.740359897172246,10.282776349614387,-13.881748071979437
2024-10-21,LTBR,0.32738948,7.01,4.0,9.305,8.825,-5.158516926383672,5.104782375067174,-15.421816227834494
2024-10-21,AUST,0.24279833,2.43,5.0,3.02,2.48,-17.88079470198676,3.1291390728476864,-25.49668874172185
2024-10-22,SOBR,0.14999998,9.0,1.0,10.35,10.02,-3.1884057971014457,4.347826086956541,-11.884057971014494
2024-10-22,BIVI,0.14068449,2.63,2.0,3.0,3.42,13.99999999999999,21.666666666666657,-3.3333333333333326
2024-10-22,ARQQ,0.13559318,7.08,3.0,8.04,7.12,-11.442786069651733,21.38308457711444,-12.935323383084562
2024-10-22,PHUN,0.1058265,8.41,4.0,9.3,11.59,24.62365591397848,43.76344086021504,-2.903225806451626
2024-10-23,BIVI,0.21726203,3.36,1.0,4.09,2.855,-30.19559902200489,9.535452322738402,-37.1638141809291
2024-10-23,PHUN,0.21134019,11.64,2.0,14.08,14.03,-0.35511363636364646,3.693181818181812,-10.15625
2024-10-23,UPWK,0.16417909,10.05,3.0,11.65,12.675,8.798283261802586,10.300429184549342,-0.42918454935623185
2024-10-23,HOWL,0.1432507,3.63,4.0,4.15,3.405,-17.951807228915673,0.7228915662650381,-21.445783132530128
2024-10-23,ORIC,0.141217,8.71,5.0,9.94,8.845,-11.016096579476853,4.8289738430583595,-12.223340040241448
2024-10-24,TVGN,0.21370971,2.48,1.0,3.02,2.4802,-17.87417218543047,0.3311258278145601,-27.152317880794698
2024-10-24,QS,0.18339777,5.18,2.0,6.13,6.465,5.464926590538344,14.681892332789559,-1.3050570962479635
2024-10-24,HAPN,0.18138039,12.46,3.0,14.72,13.715,-6.827445652173914,5.400815217391308,-8.016304347826097
2024-10-24,SUNE,0.14593303,4.18,4.0,4.79,4.56,-4.801670146137793,6.680584551148239,-11.899791231732781
2024-10-24,MXL,0.1432414,14.87,5.0,17.0,15.06,-11.411764705882355,0.5588235294117672,-12.1764705882353
2024-10-25,UPXI,2.0266666,3.0,1.0,9.08,8.21,-9.58149779735682,75.22026431718061,-21.475770925110137
2024-10-25,FRMM,0.3917526,3.88,2.0,5.4,4.32,-19.999999999999996,9.259259259259256,-23.33333333333334
2024-10-25,XPON,0.36931813,3.52,3.0,4.82,4.3899,-8.923236514522825,13.692946058091282,-16.390041493775932
2024-10-25,NWL,0.20901322,7.18,4.0,8.68,8.71,0.3456221198156806,5.126728110599088,-5.529953917050701
2024-10-25,FFAI,0.20000005,2.0,5.0,2.39,2.1999,-7.953974895397497,5.020920502092041,-13.389121338912148
2024-10-28,AMIX,1.4928663,7.71,1.0,19.22,12.65,-34.1831425598335,11.810613943808534,-38.55359001040583
2024-10-28,EYPT,0.124210596,9.5,2.0,10.68,12.12,13.483146067415719,30.945692883895127,-3.08988764044944
2024-10-28,PHUN,0.12074518,10.6,3.0,11.8799,10.63,-10.521132332763727,2.694467125144162,-15.150800932667774
2024-10-28,AVTX,0.1080333,14.44,4.0,16.0,14.35,-10.312500000000002,0.0,-18.125000000000004
2024-10-28,IONR,0.10306752,8.15,5.0,8.99,8.8199,-1.8921023359288025,4.004449388209119,-5.449388209121253
2024-10-29,VFC,0.1927563,17.03,1.0,20.305,21.485,5.811376508249189,8.002954937207573,-2.9795616843142136
2024-10-29,PRQR,0.11782479,3.31,2.0,3.7,3.475,-6.081081081081086,4.054054054054057,-6.756756756756754
2024-10-30,ASPI,0.484375,5.76,1.0,8.55,6.93,-18.947368421052644,7.953216374269001,-20.031578947368434
2024-10-30,NRDS,0.28091872,11.32,2.0,14.5,15.15,4.482758620689653,7.7517241379310375,-7.241379310344831
2024-10-30,EXTR,0.16033757,14.22,3.0,16.5,15.91,-3.5757575757575766,3.0303030303030276,-3.8484848484848455
2024-10-30,UIS,0.1486988,5.38,4.0,6.18,7.195,16.423948220064744,17.79935275080906,-1.7799352750809017
2024-10-30,BIVI,0.1484375,2.56,5.0,2.94,2.8409,-3.3707482993197257,1.3605442176870763,-12.925170068027203
2024-10-31,AMIX,0.51269543,10.24,1.0,15.49,14.05,-9.296320206584884,10.715945771465464,-23.757262750161388
2024-10-31,ORN,0.2785977,5.42,2.0,6.94,6.09,-12.247838616714702,7.49279538904899,-13.400576368876093
2024-10-31,RELY,0.24442983,15.26,3.0,18.99,17.99,-5.265929436545546,4.791995787256442,-9.741969457609256
2024-10-31,ATEC,0.24110317,5.62,4.0,6.975,7.855,12.616487455197145,20.716845878136205,-0.07168458781361409
2024-10-31,BAND,0.214172,18.84,5.0,22.875,19.6,-14.316939890710378,0.5464480874316946,-14.786448087431692
2024-11-01,NAGE,0.18051577,3.49,1.0,4.11,5.8642,42.681265206812654,45.49878345498784,-6.812652068126523
2024-11-01,TILE,0.1686815,17.47,2.0,20.42,23.23,13.761018609206644,14.884427032321245,-1.175318315377094
2024-11-01,PESI,0.12891209,13.42,3.0,15.15,14.72,-2.838283828382837,7.26072607260726,-4.290429042904298
2024-11-01,ADMA,0.12139797,16.31,4.0,18.25,19.345,5.999999999999983,10.575342465753423,-0.05479452054795164
2024-11-01,MD,0.12012994,12.32,5.0,13.8,15.35,11.231884057970998,11.739130434782608,-6.086956521739129
2024-11-04,CC,0.14431131,17.82,1.0,20.39,20.635,1.2015693967631247,4.217753800882784,-2.4031387935262494
2024-11-04,IART,0.14107883,19.28,2.0,22.0,24.35,10.681818181818192,13.181818181818183,-2.370454545454548
2024-11-04,EVO,0.13144326,3.88,3.0,4.39,4.405,0.3416856492027387,1.8223234624145768,-0.6833712984054552
2024-11-04,CVRX,0.120895624,13.4,4.0,15.02,15.03,0.06657789613848664,4.9933422103861425,-3.462050599201061
2024-11-05,LUCK,0.18549371,10.38,1.0,12.31,11.56,-6.092607636068237,2.680747359870028,-8.204711616571892
2024-11-05,GOGO,0.18015265,6.55,2.0,7.73,8.545,10.543337645536855,16.68822768434668,-0.6468305304010435
2024-11-05,LIND,0.1368984,9.35,3.0,10.63,11.64,9.501411100658519,12.605832549388518,-2.822201317027284
2024-11-05,AVO,0.12201154,12.13,4.0,13.61,13.3,-2.2777369581190254,1.1756061719323974,-3.8574577516531816
2024-11-05,KC,0.11913359,2.77,5.0,3.1,3.31,6.774193548387086,7.096774193548372,-0.6451612903225823
2024-11-06,GEO,0.2782551,15.13,1.0,19.34,21.335,10.315408479834542,11.375387797311266,-1.4477766287487093
2024-11-06,TMCI,0.24999988,5.76,2.0,7.2,7.73,7.361111111111107,9.51388888888889,-4.3055555555555625
2024-11-06,CXW,0.24431396,13.63,3.0,16.83,17.685,5.080213903743314,8.348187759952474,-1.9607843137254832
2024-11-06,MGNX,0.21750665,3.77,4.0,4.59,4.125,-10.130718954248364,11.111111111111116,-10.893246187363836
2024-11-06,PHUN,0.20486665,6.37,5.0,7.66,7.475,-2.415143603133163,2.872062663185382,-14.882506527415151
2024-11-07,DXYZ,0.36375082,15.89,1.0,21.67,22.25,2.676511305952922,28.657129672358096,-7.660359944623907
2024-11-07,EBS,0.24239135,9.2,2.0,11.43,11.085,-3.0183727034120644,11.373578302712172,-3.936132983377072
2024-11-07,LYFT,0.23472226,14.4,3.0,17.78,17.675,-0.5905511811023612,5.849268841394828,-2.137232845894277
2024-11-07,UPWK,0.20644724,14.58,4.0,17.59,16.215,-7.816941444002278,1.1370096645821448,-10.346787947697555
2024-11-07,UAA,0.18971431,8.75,5.0,10.41,11.115,6.7723342939481235,14.217098943323725,-2.40153698366955
2024-11-08,INDI,0.3527696,3.43,1.0,4.64,5.48,18.10344827586208,18.965517241379317,-0.8620689655172376
2024-11-08,VMAR,0.34113717,2.99,2.0,4.01,3.43,-14.463840399002482,1.4962593516209655,-19.835411471321695
2024-11-08,FTRE,0.29362893,18.05,3.0,23.35,23.895,2.334047109207704,7.837259100642391,-3.297644539614575
2024-11-08,PRCH,0.23605156,2.33,4.0,2.88,3.755,30.381944444444443,32.60416666666668,-1.041666666666663
2024-11-08,TNYA,0.20000005,2.5,5.0,3.0,2.765,-7.833333333333325,4.333333333333322,-12.0
2024-11-11,CANG,0.1735295,3.4,1.0,3.99,4.18,4.761904761904745,5.263157894736836,-5.7644110275689275
2024-11-11,BTBT,0.17249417,4.29,2.0,5.03,5.415,7.654075546719685,9.542743538767384,-1.988071570576555
2024-11-11,MARA,0.15844154,19.25,3.0,22.26,24.9834,12.234501347708893,14.398023360287503,-2.066486972147352
2024-11-11,AISP,0.12727273,2.75,4.0,3.1,3.18,2.580645161290329,8.064516129032251,-4.829032258064525
2024-11-11,AZI,0.12648225,2.53,5.0,2.85,2.9477,3.4280701754386023,12.280701754385959,-8.771929824561408
2024-11-12,BTCT,0.87301576,2.52,1.0,4.72,10.48,122.03389830508478,260.1694915254237,-13.559322033898303
2024-11-12,EVGO,0.17777777,5.4,2.0,6.36,4.885,-23.191823899371077,4.245283018867907,-25.31289308176101
2024-11-12,SDGR,0.17707264,19.54,3.0,23.0,22.2,-3.4782608695652195,2.826086956521734,-7.173913043478253
2024-11-12,GOVX,0.16242039,3.14,4.0,3.65,3.195,-12.465753424657533,1.3698630136986356,-23.28767123287672
2024-11-12,ALIT,0.1528635,7.46,5.0,8.6,8.445,-1.8023255813953365,3.779069767441867,-6.976744186046513
2024-11-13,BTCT,1.1457143,10.5,1.0,22.45,17.86,-20.44543429844098,18.39643652561247,-31.58129175946548
2024-11-13,RKLB,0.31241477,14.66,2.0,19.24,18.875,-1.897089397089391,17.203742203742213,-3.0665280665280625
2024-11-13,BTCS,0.24613762,2.88,3.0,3.589,4.1606,15.92644190582333,50.738367233212585,-5.8233491223182
2024-11-13,KAPA,0.24130738,2.0543,4.0,2.55,2.25,-11.764705882352933,7.843137254901977,-33.72549019607843
2024-11-13,SSYS,0.22765195,8.39,5.0,10.3,10.13,-1.650485436893201,2.9126213592232997,-6.213592233009713
2024-11-14,QUBT,0.37969923,2.66,1.0,3.67,4.37,19.073569482288843,27.79291553133516,-11.989100817438691
2024-11-14,BTCT,0.37110484,17.65,2.0,24.2,19.96,-17.520661157024787,2.4793388429752206,-30.206611570247933
2024-11-14,GRSD,0.2609117,10.31,3.0,13.0,12.44,-4.307692307692312,0.0,-14.384615384615373
2024-11-14,BTCS,0.22308445,4.17,4.0,5.1,4.875,-4.411764705882348,5.096078431372542,-19.999999999999996
2024-11-14,LUNR,0.20833325,11.76,5.0,14.25,10.3682,-27.240701754385967,4.561403508771922,-29.052631578947373
2024-11-15,VIP,0.54251003,2.47,2.0,3.81,2.7101,-28.868766404199476,0.7611548556430314,-32.28346456692913
2024-11-15,FCEL,0.17831671,7.01,3.0,8.3,6.12,-26.265060240963855,13.855421686746961,-29.277108433734945
2024-11-15,ZETA,0.1525619,17.37,4.0,20.02,17.64,-11.888111888111885,0.0,-16.78321678321678
2024-11-15,RCAT,0.14427865,4.02,5.0,4.6,4.71,2.3913043478260843,8.913043478260875,-3.804347826086951
2024-11-18,UAVS,0.6172414,2.9,1.0,4.69,3.845,-18.01705756929638,11.300639658848599,-22.814498933901927
2024-11-18,ACRS,0.18536592,2.05,2.0,2.43,3.185,31.069958847736622,45.67901234567899,-5.76131687242799
2024-11-18,MI,0.17878795,3.3,3.0,3.89,2.2,-43.444730077120816,14.652956298200515,-47.30077120822622
2024-11-18,ALDX,0.16389549,4.21,4.0,4.9,4.7,-4.081632653061229,4.489795918367334,-11.836734693877549
2024-11-18,RGNX,0.1536864,9.63,5.0,11.11,10.06,-9.450945094509445,2.4302430243024364,-10.621062106210621
2024-11-19,ACRS,0.18152869,3.14,1.0,3.71,4.755,28.167115902964966,39.35309973045822,-0.5390835579514808
2024-11-20,SPAI,0.25217402,2.3,1.0,2.88,3.1238,8.465277777777791,25.34375,-5.902777777777779
2024-11-20,KC,0.23747265,4.59,2.0,5.68,6.505,14.52464788732395,15.117957746478883,-2.1126760563380254
2024-11-20,RCAT,0.18987346,4.74,3.0,5.64,6.32,12.056737588652489,22.34042553191491,-0.35638297872339075
2024-11-20,BTCT,0.18811274,16.32,4.0,19.39,17.96,-7.374935533780302,6.0340381640020535,-9.592573491490452
2024-11-20,XCUR,0.17525768,5.82,5.0,6.84,10.74,57.01754385964912,116.37426900584798,-0.14619883040934978
2024-11-21,SPAI,0.9302188,3.2,1.0,6.1767,4.31,-30.22163938672755,5.232567552252809,-33.621513105703706
2024-11-21,SKK,0.5372807,4.56,2.0,7.01,1.01,-85.59201141226819,63.33808844507844,-89.01569186875892
2024-11-21,CRNC,0.20567381,2.82,3.0,3.4,5.84,71.76470588235293,88.5294117647059,-0.2529411764705891
2024-11-21,RMSG,0.19946814,3.76,4.0,4.51,4.1,-9.090909090909093,5.3215077605321515,-27.716186252771625
2024-11-21,QUBT,0.15217388,3.68,5.0,4.24,4.83,13.915094339622636,25.235849056603765,-4.952830188679247
2024-11-22,XCUR,0.38581955,10.86,1.0,15.05,18.03,19.800664451827245,30.365448504983394,-16.012624584717607
2024-11-22,REPL,0.2380091,11.05,2.0,13.66,15.0,9.809663250366029,24.45095168374818,-3.879941434846257
2024-11-22,ARQQ,0.1574508,10.67,3.0,12.35,12.7,2.8340080971659853,17.004048582995956,-6.882591093117407
2024-11-22,PDYN,0.110000014,2.0,4.0,2.22,4.46,100.9009009009009,127.47747747747744,-3.1531531531531654
2024-11-22,QMCO,0.106965184,4.02,5.0,4.45,8.9201,100.4516853932584,135.95505617977528,-5.615730337078661
2024-11-25,QMCO,0.49616647,9.13,1.0,13.65,21.46,57.21611721611721,103.51575091575094,-1.098901098901106
2024-11-25,QUBT,0.22459018,6.1,2.0,7.47,7.645,2.3427041499330725,23.15930388219545,-12.717536813922358
2024-11-25,UMAC,0.2136364,4.4,3.0,5.34,5.95,11.423220973782788,21.722846441947574,-15.73033707865168
2024-11-25,XCUR,0.20783472,18.38,4.0,22.2,26.8601,20.99144144144145,46.351351351351354,-16.44144144144144
2024-11-25,PDYN,0.19565225,4.6,5.0,5.5,4.35,-20.90909090909091,6.363636363636349,-22.545454545454547
2024-11-26,ZENA,0.89875376,6.42,1.0,12.19,10.4,-14.684167350287114,1.968826907301069,-34.37243642329778
2024-11-26,SMTK,0.41068137,5.43,3.0,7.62,7.165,-5.971128608923881,2.3622047244094446,-25.72178477690289
2024-11-26,CRBU,0.24257421,2.02,4.0,2.51,2.015,-19.7211155378486,0.19920318725101804,-20.717131474103578
2024-11-26,ARWR,0.2213943,18.79,5.0,22.95,21.22,-7.538126361655772,5.577342047930278,-9.163398692810453
2024-11-27,UMAC,0.8953358,5.36,1.0,10.159,9.8101,-3.43439314893198,14.873511172359466,-29.225317452505173
2024-11-27,QMCO,0.33197916,17.23,2.0,22.95,17.7501,-22.657516339869275,9.368191721132902,-25.92592592592592
2024-11-27,IREN,0.11924684,9.56,3.0,10.7,12.3601,15.51495327102803,18.691588785046733,-0.8411214953271018
2024-11-27,RGTI,0.113636374,2.2,4.0,2.45,2.405,-1.836734693877562,2.857142857142847,-6.122448979591855
2024-11-27,HSAI,0.10932946,6.86,5.0,7.69,7.355,-4.356306892067618,3.901170351105332,-8.32249674902471
2024-11-29,UMAC,0.4408493,9.89,1.0,14.25,18.03,26.526315789473685,39.57894736842105,-10.175438596491226
2024-11-29,SOS,0.28398788,9.93,2.0,12.75,12.2,-4.313725490196085,8.94117647058823,-9.80392156862745
2024-11-29,CABA,0.26245844,3.01,3.0,3.8,3.86,1.5789473684210575,21.052631578947366,-4.999999999999993
2024-11-29,VCIG,0.21951222,4.1,4.0,5.0,4.6,-8.000000000000007,9.800000000000008,-16.600000000000005
2024-11-29,AMBR,0.1169014,7.1,5.0,7.93,7.4001,-6.682219419924329,0.12610340479193294,-26.8562421185372
2024-12-02,CABA,0.3272252,3.82,1.0,5.07,4.16,-17.948717948717952,7.692307692307687,-22.879684418145963
2024-12-02,UMAC,0.18366265,18.73,2.0,22.17,15.3246,-30.876860622462786,6.540369869192597,-36.85160126296798
2024-12-02,AISP,0.17948723,3.12,3.0,3.68,3.25,-11.684782608695654,7.065217391304346,-13.858695652173914
2024-12-02,CRVO,0.17777777,10.8,4.0,12.72,10.34,-18.710691823899374,0.864779874213828,-23.191823899371077
2024-12-02,PDYN,0.16099072,6.46,5.0,7.5,5.905,-21.266666666666666,5.733333333333324,-24.93333333333333
2024-12-03,SHIM,0.2571429,2.8,1.0,3.6,3.11,-13.611111111111118,4.999999999999982,-29.58333333333333
2024-12-03,VIR,0.22699392,8.15,2.0,10.0,9.215,-7.850000000000001,0.0,-10.500000000000009
2024-12-03,PRCH,0.16710877,3.77,3.0,4.46,5.545,24.327354260089695,27.802690582959656,-1.5695067264574036
2024-12-03,EOSE,0.14186847,2.89,4.0,3.3,2.9344,-11.078787878787866,4.3939393939393945,-12.121212121212121
2024-12-03,PPTA,0.10797346,9.03,5.0,10.0,10.55,5.500000000000016,8.899999999999997,-4.298999999999998
2024-12-04,XCUR,0.245,14.0,1.0,17.42,21.37,22.675086107921928,28.382319173363936,0.0
2024-12-04,VCIG,0.17999995,2.5,2.0,2.95,2.5794,-12.562711864406783,24.40677966101694,-14.915254237288146
2024-12-04,CHR,0.1328671,2.86,3.0,3.24,3.0,-7.407407407407418,6.481481481481488,-8.024691358024693
2024-12-04,NA,0.101252675,9.58,4.0,10.55,11.96,13.3649289099526,31.374407582938368,-10.900473933649291
2024-12-05,TARA,1.6694915,3.54,1.0,9.45,6.3,-33.33333333333333,10.89947089947092,-37.03703703703704
2024-12-05,PRFX,0.82089555,2.68,2.0,4.88,4.76,-2.4590163934426257,19.670081967213115,-16.5983606557377
2024-12-05,BJDX,0.6812339,3.89,3.0,6.54,5.95,-9.02140672782874,9.938837920489307,-26.60550458715597
2024-12-05,CAPR,0.163522,12.72,5.0,14.75,14.505,-1.6610169491525384,7.118644067796609,-8.203389830508478
2024-12-06,ZBAO,0.56470597,2.55,1.0,4.01,2.674,-33.316708229426425,6.483790523690769,-36.408977556109726
2024-12-06,NEXR,0.39130425,2.3,2.0,3.2,2.85,-10.9375,23.749999999999982,-24.687499999999996
2024-12-06,ASAN,0.293661,15.46,3.0,20.0,22.135,10.675000000000011,12.7,-4.949999999999988
2024-12-06,WOOF,0.21836734,4.9,4.0,5.97,5.275,-11.641541038525949,5.360134003350092,-15.911222780569512
2024-12-06,ZNB,0.20569205,3.865,5.0,4.66,3.38,-27.467811158798284,3.648068669527893,-31.113733905579398
2024-12-09,GXAI,0.4000001,2.6,1.0,3.64,4.1901,15.112637362637372,52.47252747252746,-4.120879120879117
2024-12-09,QMCO,0.23636365,13.75,2.0,16.53,15.81,-4.355716878402904,8.892921960072586,-10.586811857229295
2024-12-09,BBAI,0.22781062,3.38,3.0,4.15,3.72,-10.361445783132528,8.192771084337336,-14.457831325301218
2024-12-09,SATL,0.21173465,3.92,5.0,4.82,4.72,-2.0746887966805128,13.900414937759331,-4.149377593361003
2024-12-10,QURE,0.8807403,7.295,1.0,13.72,15.095,10.021865889212833,26.74927113702623,-6.705539358600587
2024-12-10,CRDF,0.47540975,2.44,2.0,3.6,3.76,4.444444444444429,15.27777777777779,-10.83333333333334
2024-12-10,PBM,0.3574823,2.07,3.0,2.81,2.06,-26.690391459074736,1.0676156583629748,-27.75800711743773
2024-12-10,NAMS,0.34989202,18.52,4.0,25.0,26.0575,4.23,5.44,-11.080000000000002
2024-12-10,GELS,0.264045,3.56,5.0,4.46,4.56,2.2421524663676973,23.318385650224215,-18.795964125560538
2024-12-11,CADL,1.7219088,4.61,1.0,12.548,7.74,-38.31686324513866,16.353203697800446,-51.14759324195091
2024-12-11,RGTIW,0.4079423,2.77,2.0,3.9,3.35,-14.102564102564097,1.025641025641022,-36.66666666666666
2024-12-11,FEIM,0.27990627,12.79,3.0,16.37,16.895,3.2070861331704226,9.07941356139279,-4.153940134392187
2024-12-11,SFIX,0.24956524,4.6,4.0,5.748,6.635,15.431454418928325,21.52052887961029,-7.27209464161448
2024-12-11,RGTI,0.22496152,6.49,5.0,7.95,7.425,-6.60377358490567,0.12578616352201255,-27.295597484276723
2024-12-12,TRVI,0.57028115,2.49,1.0,3.91,3.49,-10.741687979539638,17.64705882352939,-12.27621483375959
2024-12-12,ZENA,0.20562387,5.69,2.0,6.86,7.2974,6.3760932944606274,13.119533527696792,-12.096209912536448
2024-12-12,SRFM,0.16519177,3.39,3.0,4.0,3.8581,-3.5475000000000034,12.5,-9.750000000000004
2024-12-12,APVO,0.14685309,10.01,4.0,11.48,5.7052,-50.30313588850175,29.790940766550513,-53.83275261324042
2024-12-12,JUNS,0.12956524,11.5,5.0,12.99,15.29,17.70592763664356,46.266358737490364,-3.772132409545803
2024-12-13,AMPG,0.18636358,2.2,1.0,2.61,2.269,-13.065134099616849,9.961685823754806,-14.559386973180077
2024-12-13,GRRR,0.17945373,7.69,2.0,9.07,8.857,-2.3484013230430145,5.512679162072764,-8.379272326350605
2024-12-13,ISPC,0.13913035,3.45,3.0,3.93,2.85,-27.480916030534353,6.870229007633588,-29.77099236641222
2024-12-13,TASK,0.12680113,15.97,4.0,18.0,18.45,2.499999999999991,3.3122222222222275,-7.555000000000001
2024-12-13,MESO,0.12192774,10.375,5.0,11.64,11.765,1.0738831615120237,2.8823024054982715,-0.9450171821305919
2024-12-16,AEHR,0.21856034,11.53,1.0,13.99,14.4586,3.3495353824160246,7.576840600428891,-9.792709077912798
2024-12-16,RCAT,0.19805586,8.23,2.0,9.86,10.345,4.918864097363085,14.908722109533468,-9.736308316430009
2024-12-16,SGMT,0.17995441,4.39,3.0,5.18,5.695,9.94208494208495,20.077220077220083,-4.826254826254828
2024-12-16,VRDN,0.1770308,17.85,4.0,21.01,21.595,2.784388386482606,12.565445026178,-0.2774869109947731
2024-12-16,WKEY,0.14795911,7.84,5.0,9.0,11.91,32.33333333333333,55.55555555555556,0.0
2024-12-17,QUBT,0.2806859,11.08,1.0,14.19,17.3391,22.192389006342484,27.272022551092313,-11.205073995771675
2024-12-17,MNTS,0.270473,7.84,2.0,9.96,8.04,-19.27710843373496,17.46987951807226,-28.915662650602414
2024-12-17,SIDU,0.21834064,4.58,3.0,5.58,5.5596,-0.36559139784947403,37.0967741935484,-17.38351254480286
2024-12-17,MITK,0.203372,9.49,4.0,11.42,10.92,-4.378283712784592,1.2259194395796813,-9.718914185639226
2024-12-17,TEVA,0.20109022,16.51,5.0,19.83,20.785,4.815935451336362,6.1522945032778775,-4.034291477559238
2024-12-18,DFNS,0.53956234,11.88,1.0,18.29,50.68,177.09130672498637,270.5303444505194,-7.599781301257524
2024-12-18,VISN,0.21909034,5.61,2.0,6.83,6.17,-9.663250366032216,1.024890190336758,-12.66471449487555
2024-12-18,RZLV,0.18844986,3.29,3.0,3.91,3.84,-1.7902813299232823,10.462915601023015,-10.61381074168798
2024-12-18,BIOA,0.17073178,4.1,4.0,4.8,4.21,-12.291666666666668,6.666666666666665,-17.29166666666666
2024-12-18,SOUNW,0.15799093,10.95,5.0,12.68,14.7388,16.2365930599369,27.996845425867512,-1.497634069400633
2024-12-19,CURR,1.19,2.0,1.0,4.38,2.5599,-41.554794520547944,0.0,-49.31506849315068
2024-12-19,MESO,0.52489793,12.25,2.0,18.57,16.855,-9.235325794291871,3.1173936456650564,-22.724824986537428
2024-12-19,ELAB,0.4837209,2.15,3.0,3.19,2.38,-25.391849529780565,11.598746081504707,-32.28526645768025
2024-12-19,KULR,0.39423084,2.08,4.0,2.9,2.24,-22.758620689655164,5.782758620689643,-28.965517241379303
2024-12-19,BTLN,0.30624998,3.2,5.0,4.18,3.26,-22.009569377990434,67.4641148325359,-27.990430622009566
2024-12-20,NVNI,1.1722846,2.67,1.0,5.8,8.6101,48.449999999999996,110.17241379310346,-45.586206896551715
2024-12-20,HUMA,0.6705203,3.46,2.0,5.78,4.635,-19.809688581314887,17.128027681660885,-23.010380622837367
2024-12-20,PBM,0.60159945,2.46,3.0,3.95,3.213,-18.658227848101273,7.594936708860756,-29.620253164556974
2024-12-20,ISPC,0.22297299,2.96,4.0,3.62,3.04,-16.022099447513817,9.66850828729282,-17.67955801104972
2024-12-20,QNTM,0.16184974,3.46,5.0,4.02,3.0,-25.373134328358205,0.0,-32.835820895522374
2024-12-23,RGTIW,0.5705129,3.12,1.0,4.9,4.33,-11.632653061224495,0.0,-18.36734693877552
2024-12-23,RUM,0.39082062,7.19,2.0,10.0,13.2119,32.11900000000001,46.28399999999999,-3.400000000000003
2024-12-23,LAES,0.3054545,2.75,3.0,3.59,4.85,35.0974930362117,39.2757660167131,-4.178272980501385
2024-12-23,RGTI,0.29562438,9.37,4.0,12.14,11.02,-9.225700164744655,1.317957166392092,-14.003294892915985
2024-12-23,WKEY,0.248927,6.99,5.0,8.73,9.52,9.049255441008007,18.32760595647194,-9.736540664375726
2024-12-24,LAES,0.25102043,4.9,1.0,6.13,5.36,-12.56117455138661,2.2838499184339334,-21.37030995106035
2024-12-24,AMPG,0.21457493,2.47,2.0,3.0,4.05,34.999999999999986,44.99999999999999,-1.6666666666666607
2024-12-24,DRCT,0.17545462,5.5,3.0,6.465,3.51,-45.707656612529,1.933488012374318,-47.409126063418405
2024-12-24,VNCE,0.16000009,5.0,4.0,5.8,4.1,-29.31034482758621,3.4482758620689724,-32.758620689655174
2024-12-24,RZLV,0.13003099,3.23,5.0,3.65,3.6,-1.3698630136986245,4.383561643835621,-10.136986301369866
2024-12-26,ZNB,0.88888884,2.16,1.0,4.08,2.65,-35.04901960784315,6.617647058823528,-37.5
2024-12-26,PDYN,0.37348175,4.94,2.0,6.785,7.345,8.253500368459843,30.58216654384671,-7.148120854826834
2024-12-26,CYD,0.307963,9.79,3.0,12.8,11.5,-10.15625,0.78125,-19.765625000000007
2024-12-26,KC,0.13228703,8.92,4.0,10.1,10.16,0.5940594059405946,3.861386138613865,-5.4336633663366385
2024-12-26,AIXI,0.120518446,5.2476,5.0,5.88,6.35,7.993197278911568,13.095238095238093,-4.421768707482987
2024-12-27,MYSZ,1.1232228,4.22,1.0,8.96,6.3605,-29.0122767857143,4.910714285714279,-35.82589285714286
2024-12-27,QSI,0.58604646,2.15,2.0,3.41,3.63,6.451612903225801,21.407624633431066,-17.00879765395894
2024-12-27,ZEO,0.20384622,2.6,3.0,3.13,2.822,-9.840255591054303,0.03514376996804902,-24.600638977635782
2024-12-27,RGTIW,0.18879998,6.25,4.0,7.43,7.6355,2.765814266487232,15.746971736204586,-12.382234185733509
2024-12-27,PDYN,0.17146778,7.29,5.0,8.54,11.855,38.81733021077285,64.51990632318503,-3.3957845433255196
2024-12-30,INTZ,1.0462964,2.16,1.0,4.42,5.5452,25.457013574660635,66.0633484162896,-4.977375565610853
2024-12-30,ARTW,0.35245895,2.44,2.0,3.3,3.5364,7.163636363636372,25.742424242424235,-12.121212121212121
2024-12-30,VNCE,0.28855717,4.02,3.0,5.18,3.9,-24.710424710424704,15.63706563706564,-28.57142857142856
2024-12-30,IVDA,0.20253158,5.53,4.0,6.65,7.36,10.676691729323306,21.052631578947366,-7.518796992481203
2024-12-30,PDYN,0.1401869,11.77,5.0,13.44,13.27,-1.2648809523809534,11.235119047619047,-23.4375
2025-01-02,VSTM,0.39782012,3.67,1.0,5.13,6.455,25.828460038986357,32.163742690058484,-3.508771929824561
2025-01-02,NUAI,0.3244897,4.9,2.0,6.49,4.9,-24.499229583975346,4.38366718027734,-39.75346687211094
2025-01-02,XPON,0.31071436,2.8,3.0,3.66,2.06,-43.715846994535525,20.21857923497268,-46.17486338797815
2025-01-02,BYAH,0.21237111,4.85,4.0,5.88,4.6315,-21.232993197278915,2.3809523809523725,-26.870748299319725
2025-01-02,CISO,0.18730152,3.15,5.0,3.74,3.17,-15.240641711229951,2.6737967914438387,-24.86631016042781
2025-01-03,CRNC,0.36065578,7.93,1.0,10.79,19.6501,82.11399443929564,84.33734939759039,-3.7062094531973955
2025-01-03,ONDS,0.22813678,2.63,2.0,3.23,2.795,-13.46749226006192,5.263157894736836,-14.55108359133127
2025-01-03,SPCB,0.21223962,7.68,3.0,9.3,9.04,-2.7956989247312047,13.760215053763435,-12.902150537634427
2025-01-03,NUS,0.16919112,6.56,4.0,7.67,7.545,-1.629726205997395,7.105606258148622,-3.3898305084745783
2025-01-03,SATL,0.14098358,3.05,5.0,3.48,3.16,-9.195402298850574,0.31609195402300116,-12.356321839080465
2025-01-06,ARBE,0.71102655,2.63,1.0,4.5,4.025,-10.555555555555552,8.888888888888902,-22.666666666666668
2025-01-06,KITT,0.58684206,3.8,2.0,6.02,4.8574,-19.312292358803973,0.33222591362127574,-30.564784053156146
2025-01-06,PTLE,0.31935048,7.39,3.0,9.75,9.935,1.8974358974358951,10.666666666666668,-12.82051282051282
2025-01-06,MBOT,0.29439247,2.14,4.0,2.77,2.785,0.5415162454873723,22.021660649819495,-14.440433212996384
2025-01-06,KSCP,0.22714889,14.17,5.0,17.3887,15.02,-13.62206490421941,2.294593615393903,-14.829745754426726
2025-01-07,IMRX,0.5847459,2.36,1.0,3.74,2.36,-36.898395721925134,1.6042780748662944,-38.23529411764706
2025-01-07,MSAI,0.57500005,2.0,2.0,3.15,2.46,-21.904761904761905,5.714285714285716,-23.809523809523814
2025-01-07,GETY,0.4396888,2.57,3.0,3.7,3.17,-14.324324324324333,4.459459459459469,-16.756756756756765
2025-01-07,AUR,0.39230776,6.5,4.0,9.07,8.3101,-8.378169790518196,8.379272326350605,-10.137816979051827
2025-01-07,CRMD,0.27742755,7.93,5.0,10.08,10.355,2.7281746031746046,8.035714285714302,-7.142857142857151
2025-01-08,VIR,0.5906211,7.89,1.0,12.57,12.21,-2.863961813842475,14.956245027844073,-8.75019888623707
2025-01-08,LFVN,0.33734167,16.45,2.0,22.49,19.98,-11.160515784793235,6.713650511338387,-14.584259670964862
2025-01-08,ABSI,0.3322476,3.07,3.0,4.09,3.225,-21.149144254278728,3.17848410757946,-24.20537897310513
2025-01-08,ANGO,0.25106394,9.4,4.0,11.76,12.895,9.651360544217692,11.641156462585034,-2.2108843537414935
2025-01-08,SLDB,0.14540803,3.92,5.0,4.49,4.025,-10.356347438752778,2.2271714922048824,-12.249443207126953
2025-01-10,BAER,0.36917567,2.79,1.0,3.82,3.1301,-18.060209424083762,16.09947643979057,-23.821989528795807
2025-01-10,SANA,0.16976738,4.3,2.0,5.03,3.64,-27.634194831013914,2.5844930417495027,-29.42345924453281
2025-01-10,ARHS,0.14795923,9.46,3.0,10.86,10.9,0.36832412523020164,3.9134438305709063,-3.3149171270718147
2025-01-10,OPFI,0.14118981,8.22,4.0,9.38,9.2034,-1.8827292110874305,1.0660980810234477,-7.782515991471217
2025-01-10,SSL,0.1346153,4.42,5.0,5.015,5.055,0.7976071784645988,2.6779661016949285,-1.6949152542372836
2025-01-13,VRME,0.26078427,2.55,1.0,3.215,4.11,27.83825816485228,54.27682737169519,-4.510108864696738
2025-01-13,XXII,0.22740293,4.89,2.0,6.06,6.19,2.1452145214521545,106.10561056105614,-14.52145214521452
2025-01-13,INTZ,0.19310343,2.9,3.0,3.46,2.285,-33.95953757225433,2.6011560693641522,-37.861271676300575
2025-01-13,GRRR,0.15536487,11.65,4.0,13.46,12.1024,-10.08618127786034,4.011887072808307,-19.39078751857356
2025-01-13,TRAW,0.15384614,8.06,5.0,9.3,7.34,-21.075268817204307,0.10752688172042113,-26.774193548387103
2025-01-14,RILY,0.24810123,3.95,1.0,4.93,4.5181,-8.35496957403652,0.8113590263691739,-11.967545638945232
2025-01-14,KULR,0.23981893,2.21,2.0,2.74,2.31,-15.693430656934314,0.7299270072992581,-17.15328467153285
2025-01-14,APLD,0.22730196,7.765,3.0,9.53,8.535,-10.440713536201462,1.941238195173134,-13.431269674711432
2025-01-14,SOUNW,0.19833338,6.0,4.0,7.19,6.55,-8.90125173852574,4.033379694019468,-15.159944367176648
2025-01-14,KITT,0.16908216,2.07,5.0,2.42,1.9974,-17.462809917355372,19.834710743801654,-21.074380165289252
2025-01-15,RGTIW,0.48979592,3.43,1.0,5.11,4.9999,-2.1545988258316995,8.610567514677104,-11.937377690802354
2025-01-15,ARQQ,0.3767314,18.05,2.0,24.49,20.59,-15.92486729277256,3.756635361371985,-18.007349938750515
2025-01-15,LAES,0.31284142,3.66,3.0,4.805,4.535,-5.619146722164404,9.26118626430803,-7.596253902185213
2025-01-15,QBTS,0.2600423,4.73,4.0,5.96,5.815,-2.432885906040261,6.543624161073813,-11.073825503355705
2025-01-15,XXII,0.21574807,6.35,5.0,7.72,7.69,-0.38860103626942033,22.020725388601047,-12.564766839378239
2025-01-16,DOYU,0.30510986,12.29,1.0,16.04,15.79,-1.558603491271826,0.6857855361595888,-6.172069825436399
2025-01-16,RZLV,0.17012441,2.41,3.0,2.82,3.0341,7.592198581560283,11.34751773049647,-7.092198581560272
2025-01-16,HUYA,0.15560782,3.03,4.0,3.5,3.19,-8.857142857142863,0.0,-12.571428571428566
2025-01-16,INTZ,0.1273408,2.67,5.0,3.01,2.5318,-15.887043189368766,13.272425249169451,-19.933554817275734
2025-01-17,BZAI,0.18307698,6.5,1.0,7.69,8.2825,7.704811443433024,49.5448634590377,-2.4707412223667125
2025-01-17,ISPC,0.11578941,2.85,2.0,3.18,2.405,-24.37106918238995,6.273584905660368,-27.672955974842772
2025-01-17,KITT,0.112612605,2.22,3.0,2.47,2.275,-7.894736842105276,3.6437246963562764,-11.740890688259109
2025-01-17,LAES,0.108046055,4.35,4.0,4.82,4.175,-13.38174273858922,7.05394190871369,-13.485477178423244
2025-01-17,SSL,0.10441768,4.98,5.0,5.5,5.43,-1.272727272727281,0.9090909090909038,-2.0000000000000018
2025-01-21,VATE,0.45375407,5.11,1.0,7.43,9.5524,28.565275908479148,47.374158815612375,-11.842530282637952
2025-01-21,REPL,0.24260354,10.14,2.0,12.6,11.995,-4.801587301587307,4.206349206349214,-8.888888888888879
2025-01-21,EOLS,0.2350142,10.51,3.0,12.98,13.5096,4.080123266563951,11.633281972265031,-1.8489984591679498
2025-01-21,CAN,0.18656719,2.01,4.0,2.385,2.155,-9.643605870020966,0.20964360587003572,-18.23899371069182
2025-01-21,BTCT,0.16101694,8.26,5.0,9.59,7.8201,-18.455683003128254,2.1887382690302326,-23.14911366006256
2025-01-22,NUAI,0.5255474,2.74,1.0,4.18,2.87,-31.33971291866028,3.349282296650724,-33.49282296650718
2025-01-22,MGX,0.22794116,2.72,2.0,3.33,3.0,-9.909909909909908,20.12012012012012,-11.711711711711715
2025-01-22,MDAI,0.16267955,2.09,3.0,2.43,2.0745,-14.629629629629637,6.584362139917688,-16.872427983539097
2025-01-22,PDYN,0.15402842,8.44,4.0,9.74,9.65,-0.924024640657084,21.765913757700204,-3.285420944558526
2025-01-22,RZLV,0.12937069,2.86,5.0,3.23,3.19,-1.2383900928792602,5.263157894736836,-5.944272445820442
2025-01-23,DGNX,1.0479999,7.5,1.0,15.36,12.2,-20.572916666666664,49.4140625,-34.1796875
2025-01-23,VNCE,0.86383,2.35,2.0,4.38,3.9309,-10.25342465753425,27.16666666666667,-12.785388127853881
2025-01-23,XCUR,0.4705882,10.37,3.0,15.25,13.26,-13.049180327868859,0.0,-19.934426229508194
2025-01-23,DXST,0.29310346,4.06,4.0,5.33,2.46,-53.846153846153854,7.692307692307687,-58.348968105065666
2025-01-23,SPCB,0.28398788,13.24,5.0,17.0,14.866,-12.55294117647059,11.470588235294121,-13.235294117647056
2025-01-24,EVAX,0.9148351,3.64,1.0,6.96,6.09,-12.5,40.80459770114943,-30.89080459770115
2025-01-24,DWTX,0.31011236,13.35,2.0,17.49,11.69,-33.16180674671241,10.520297312750149,-42.252715837621494
2025-01-24,RNAZ,0.18545449,5.5,3.0,6.52,7.15,9.662576687116587,49.07975460122702,-4.907975460122693
2025-01-24,DAN,0.15661705,13.23,4.0,15.3,15.165,-0.8823529411764786,5.267320261437902,-1.1437908496732097
2025-01-24,WKEY,0.15479112,8.14,5.0,9.4,8.3,-11.702127659574469,7.340425531914896,-12.234042553191493
2025-01-28,DXF,2.2658064,7.75,1.0,25.31,19.83,-21.65152113789016,17.621493480837614,-32.638877913868036
2025-01-28,YIBO,0.8116883,3.08,2.0,5.58,4.9476,-11.333333333333329,9.677419354838701,-23.655913978494624
2025-01-28,RNAZ,0.20790625,6.83,3.0,8.25,9.6505,16.975757575757555,102.78787878787878,-5.4557575757575805
2025-01-28,BKSY,0.20136786,13.16,4.0,15.81,13.9,-12.080961416824799,9.993674889310554,-12.966476913345993
2025-01-28,MOB,0.16479397,2.67,5.0,3.11,2.94,-5.466237942122188,2.2508038585209,-11.575562700964625
2025-01-29,PACK,0.22125447,5.74,1.0,7.01,8.46,20.68473609129815,22.97717546362339,-2.853067047075608
2025-01-29,NVNI,0.16666663,5.22,2.0,6.09,5.8285,-4.293924466338261,22.331691297208533,-9.852216748768472
2025-01-29,DJTWW,0.16156983,19.62,3.0,22.79,22.0,-3.4664326458973216,2.63799912242213,-7.591048705572623
2025-01-29,PL,0.1446886,5.46,4.0,6.25,5.535,-11.439999999999994,0.0,-17.12
2025-01-30,ONEW,0.17263842,15.35,1.0,18.0,17.29,-3.9444444444444504,11.944444444444446,-7.166666666666666
2025-01-30,ACMR,0.11727691,17.48,2.0,19.55,20.51,4.91048593350385,8.129923273657269,-2.813299232736577
2025-01-30,CORZW,0.10655737,6.1,3.0,6.75,6.84,1.333333333333342,5.777777777777771,-2.9629629629629672
2025-01-30,FLG,0.10086942,9.6,4.0,10.57,10.985,3.926206244087038,7.4739829706717,-1.4191106906338735
2025-01-31,KRSA,0.31496048,2.54,1.0,3.34,3.885,16.31736526946108,33.83233532934131,-8.982035928143706
2025-01-31,VIAV,0.2132132,9.99,2.0,12.01,12.0,-0.08326394671107629,7.4687760199833475,-1.0824313072439584
2025-01-31,CIFR,0.19148934,4.7,3.0,5.58,5.7147,2.4139784946236587,12.724014336917566,-1.4336917562724039
2025-01-31,REBN,0.1871922,2.03,4.0,2.41,3.3299,38.1701244813278,124.06639004149378,-4.564315352697113
2025-01-31,VALN,0.10095239,5.25,5.0,5.78,5.78,0.0,0.6920415224913601,-3.114186851211087
2025-02-03,GHRS,0.8867924,10.6,1.0,20.0,17.99,-10.050000000000004,2.499999999999991,-12.449999999999994
2025-02-03,REBN,0.5151515,3.3,2.0,5.0,5.0,0.0,35.00000000000001,-5.9800000000000075
2025-02-03,KC,0.18695307,12.57,3.0,14.92,15.165,1.6420911528150173,9.51742627345844,-2.3458445040214437
2025-02-03,SSYS,0.16433942,9.31,4.0,10.84,11.31,4.335793357933593,5.258302583025842,-3.3210332103321027
2025-02-04,EVAX,0.6374999,2.4,1.0,3.93,3.2,-18.575063613231546,3.0534351145037997,-25.445292620865136
2025-02-04,AMOD,0.22222221,2.61,2.0,3.19,2.34,-26.645768025078375,0.6269592476489061,-33.5423197492163
2025-02-04,ACON,0.19398499,6.65,3.0,7.94,7.0,-11.838790931989928,10.45340050377832,-14.987405541561715
2025-02-05,ACB,0.26899457,3.68,1.0,4.67,5.385,15.310492505353324,21.83940042826553,-2.1413276231263323
2025-02-05,MAT,0.1770891,18.07,2.0,21.27,20.76,-2.3977433004231163,0.3761165961448043,-5.12458862247297
2025-02-05,QUCY,0.17142856,7.0,3.0,8.2,7.14,-12.926829268292684,0.0,-18.414634146341445
2025-02-05,BBAI,0.120162964,4.91,4.0,5.5,7.13,29.63636363636364,37.06909090909092,-2.5454545454545396
2025-02-05,REBN,0.1185683,4.47,5.0,5.0,5.34,6.800000000000006,9.200000000000008,-6.839999999999991
2025-02-06,CJMB,0.44878054,4.1,1.0,5.94,6.28,5.723905723905731,30.63804713804712,-29.7979797979798
2025-02-06,QNTM,0.34149194,8.58,2.0,11.51,14.75,28.14943527367506,56.385751520417024,-7.3414422241529165
2025-02-06,RNAZ,0.26733768,8.94,3.0,11.45,11.2,-2.183406113537123,24.453275109170324,-6.724890829694319
2025-02-06,APPS,0.25984251,2.54,4.0,3.2,5.1055,59.546875,60.31249999999999,-2.500000000000002
2025-02-06,IVVD,0.19431281,2.11,5.0,2.52,1.9699,-21.829365079365083,8.730158730158744,-25.396825396825406
2025-02-07,TNXP,0.21975088,11.24,1.0,13.58,12.3136,-9.325478645066276,35.49263622974963,-11.502209131075103
2025-02-07,ULCC,0.14956737,8.09,2.0,9.3,9.32,0.21505376344086446,3.978494623655915,-3.204301075268823
2025-02-07,FBYD,0.12684357,6.78,3.0,7.64,7.84,2.617801047120416,5.051047120418861,-14.365183246073288
2025-02-07,CLSK,0.112716794,10.38,4.0,11.55,11.3,-2.164502164502169,7.965367965367953,-3.0303030303030387
2025-02-07,NTRB,0.10944533,6.67,5.0,7.4,7.825,5.743243243243246,19.729729729729705,0.0
2025-02-10,SLDB,0.26041663,2.88,1.0,3.63,3.4106,-6.0440771349862255,9.366391184573008,-9.917355371900827
2025-02-10,MNTS,0.23426211,3.8,2.0,4.69,4.5401,-3.196162046908324,35.39445628997866,-11.513859275053306
2025-02-10,DOMH,0.2114538,3.22,3.0,3.9,6.09,56.15384615384615,66.66666666666667,-4.205128205128195
2025-02-10,MBLY,0.15059114,16.07,4.0,18.49,17.955,-2.8934559221200695,3.8096268253110077,-3.299080584099512
2025-02-10,FHTX,0.14736843,4.75,5.0,5.45,5.26,-3.4862385321100975,13.519266055045875,-6.78899082568808
2025-02-11,DOMH,0.6931771,6.16,1.0,10.43,7.5799,-27.325982742090115,8.628954937679767,-29.721955896452535
2025-02-11,SLQT,0.2876712,4.38,2.0,5.64,5.715,1.3297872340425565,21.63120567375887,-6.914893617021267
2025-02-11,SATL,0.12084246,4.51,3.0,5.055,4.07,-19.485657764589504,1.2858555885262302,-20.276953511374863
2025-02-11,USGO,0.10915816,10.81,4.0,11.99,12.55,4.67055879899918,10.504587155963296,-7.256046705587993
2025-02-12,AIFF,0.27738094,8.4,1.0,10.73,12.91,20.316868592730653,34.668219944082004,-1.491146318732528
2025-02-12,CLMT,0.1964736,15.88,2.0,19.0,17.5,-7.8947368421052655,0.7368421052631691,-9.421052631578942
2025-02-12,BZAI,0.16510904,3.21,3.0,3.74,3.05,-18.449197860962574,0.0,-23.796791443850275
2025-02-12,NEUP,0.12977636,4.47,4.0,5.06,4.615,-8.79446640316205,1.1837944664031763,-16.00790513833992
2025-02-13,AIFF,0.2914418,12.97,1.0,16.75,15.54,-7.223880597014931,2.686567164179099,-16.119402985074625
2025-02-13,DNOW,0.2729844,14.14,2.0,18.0,16.96,-5.777777777777771,2.4966666666666804,-9.888888888888891
2025-02-13,DOMH,0.20683181,6.87,3.0,8.29,12.87,55.247285886610385,63.81061519903499,-7.358262967430629
2025-02-13,OPRT,0.1624366,5.91,4.0,6.87,6.5,-5.385735080058229,12.809315866084425,-9.752547307132463
2025-02-13,PGY,0.15449917,11.78,5.0,13.6,14.4999,6.616911764705891,12.352205882352951,-3.6029411764705865
2025-02-14,WRD,1.080955,17.17,1.0,35.73,31.77,-11.083123425692687,18.219983207388758,-22.949902043101023
2025-02-14,NUS,0.38234818,6.42,2.0,8.875,7.53,-15.154929577464781,13.12676056338027,-16.16901408450704
2025-02-14,PONY,0.19784653,14.86,3.0,17.8,16.43,-7.696629213483153,0.561797752808979,-10.000000000000009
2025-02-14,ZH,0.17826092,4.6,4.0,5.42,5.3108,-2.0147601476014687,1.291512915129167,-7.749077490774903
2025-02-14,KC,0.16714692,17.35,5.0,20.25,20.77,2.567901234567893,7.1111111111111125,0.0
2025-02-18,SLDB,0.6575681,4.03,1.0,6.68,5.37,-19.610778443113762,7.784431137724557,-24.55089820359281
2025-02-18,GCL,0.42004454,3.0492,2.0,4.33,7.45,72.05542725173211,128.40646651270208,-5.311778290993086
2025-02-18,AIFF,0.1587125,9.01,3.0,10.44,8.2989,-20.508620689655167,1.5325670498084198,-23.180076628352488
2025-02-18,PCT,0.15145004,9.31,4.0,10.72,10.92,1.8656716417910335,7.509328358208944,-6.529850746268662
2025-02-18,CSAI,0.14435697,19.05,5.0,21.8,10.61,-51.3302752293578,18.027522935779807,-53.99082568807341
2025-02-19,JTAI,0.43354547,4.06,1.0,5.82,9.565,64.34707903780068,102.233676975945,-13.230240549828187
2025-02-19,CYCU,0.4089508,3.35,2.0,4.72,2.9195,-38.14618644067795,3.8135593220339103,-40.2542372881356
2025-02-19,SEDG,0.34465444,16.93,3.0,22.765,19.57,-14.034702394025922,4.413353832637812,-14.342191961344176
2025-02-19,NIVF,0.21917808,2.19,4.0,2.67,2.3,-13.857677902621724,8.108614232209742,-17.602996254681635
2025-02-20,XOS,0.4153353,3.13,1.0,4.43,6.09,37.471783295711056,106.54401805869078,-4.288939051918728
2025-02-20,CYD,0.29152775,15.64,2.0,20.2,19.0,-5.940594059405935,14.95049504950494,-12.376237623762377
2025-02-20,HLF,0.2855872,5.62,3.0,7.225,8.02,11.003460207612449,16.262975778546718,-6.091349480968844
2025-02-20,AMPL,0.23206747,11.85,4.0,14.6,14.45,-1.0273972602739767,1.9178082191780854,-10.233561643835609
2025-02-20,VNET,0.15490806,13.04,5.0,15.06,14.715,-2.2908366533864633,7.104913678618852,-13.678618857901725
2025-02-21,CYD,0.18526661,18.98,1.0,22.5,19.96,-11.28888888888888,2.2222222222222143,-12.888888888888882
2025-02-21,EDIT,0.1650486,2.06,2.0,2.4,1.915,-20.20833333333333,0.0,-21.250000000000004
2025-02-21,TUYA,0.10178316,3.88,3.0,4.275,4.1,-4.093567251462005,8.292397660818708,-8.301754385964921
2025-02-24,ATCH,0.7106384,2.35,1.0,4.02,5.68,41.29353233830846,228.10945273631842,-0.4975124378109319
2025-02-24,DOMH,0.15738988,8.2,2.0,9.12,7.36,-19.298245614035082,2.3026315789473673,-22.03947368421052
2025-02-24,LINC,0.14916098,16.09,3.0,18.49,18.505,0.08112493239589291,7.030827474310453,-11.952406706327734
2025-02-24,GSUN,0.12830186,2.65,4.0,2.99,3.2,7.0234113712374535,75.58528428093645,-2.6755852842809347
2025-02-24,CRML,0.123595476,2.67,5.0,3.0,2.6,-13.33333333333333,11.00000000000001,-18.333333333333325
2025-02-25,DOMH,0.17015362,7.58,1.0,8.87,9.63,8.568207440811747,12.739571589627975,-16.233370913190516
2025-02-25,AHCO,0.13450289,8.55,2.0,9.7,10.735,10.670103092783512,13.608247422680408,-1.9587628865979312
2025-02-25,BOOM,0.123947024,8.31,3.0,9.34,8.88,-4.925053533190571,6.209850107066384,-6.102783725910066
2025-02-25,UMAC,0.10673833,8.37,4.0,9.2634,9.0,-2.843448409871119,0.611006757777921,-13.854524256752388
2025-02-26,CHAI,0.9971428,3.5,1.0,6.99,4.2,-39.91416309012875,0.0,-46.638054363376256
2025-02-26,PRCH,0.27968335,3.79,2.0,4.85,6.615,36.39175257731959,42.680412371134025,-0.6185567010309145
2025-02-26,INGN,0.25420153,9.52,3.0,11.94,8.08,-32.32830820770519,0.0,-34.84087102177554
2025-02-26,VISN,0.19632351,4.89,4.0,5.85,6.16,5.2991452991453025,6.8376068376068355,-6.837606837606824
2025-02-26,EYE,0.18006992,11.44,5.0,13.5,12.77,-5.407407407407405,2.51851851851852,-6.814814814814818
2025-02-27,ATCH,0.4113475,2.82,1.0,3.98,3.54,-11.05527638190955,4.020100502512558,-22.108040201005032
2025-02-27,CORZW,0.26,5.0,2.0,6.29,5.55,-11.764705882352944,4.9284578696343395,-15.73926868044515
2025-02-27,RILY,0.23226953,5.64,3.0,6.95,6.21,-10.647482014388487,3.7410071942445944,-17.122302158273385
2025-02-27,RRGB,0.19247782,4.52,4.0,5.39,6.025,11.781076066790375,15.769944341372932,-2.597402597402587
2025-02-27,CORZ,0.18413162,10.02,5.0,11.84,10.755,-9.163851351351349,0.4222972972973027,-11.739864864864868
2025-02-28,ORGO,0.32247555,3.07,1.0,4.07,6.28,54.29975429975429,57.24815724815724,-2.211302211302224
2025-02-28,ANAB,0.18572736,16.4,2.0,19.45,16.71,-14.087403598971715,0.0,-19.12596401028277
2025-02-28,ENVB,0.16981125,2.12,3.0,2.48,2.82,13.709677419354826,25.0,-5.616935483870966
2025-02-28,EXFY,0.12422359,3.22,4.0,3.62,3.86,6.6298342541436295,10.220994475138134,-1.104972375690605
2025-02-28,ACH,0.12336719,6.89,5.0,7.74,9.57,23.643410852713174,27.002583979328154,-2.1963824289405687
2025-03-03,ACON,1.1522388,3.35,1.0,7.21,7.05,-2.219140083217752,17.89181692094313,-31.48404993065187
2025-03-03,TRNR,0.23346305,2.57,2.0,3.17,2.28,-28.075709779179814,24.9211356466877,-36.277602523659304
2025-03-03,BFRG,0.14301443,2.09,3.0,2.3889,1.9,-20.465486207040907,0.0,-21.721294319561302
2025-03-03,HUT,0.11932206,14.75,4.0,16.51,14.09,-14.657783161720184,5.693519079345832,-15.142337976983654
2025-03-03,BKKT,0.10887778,11.94,5.0,13.24,13.4607,1.666918429003017,12.15256797583082,-0.41540785498489496
2025-03-04,JFIN,0.25455093,7.07,1.0,8.87,8.89,0.22547914317927464,10.372040586245767,-6.312288613303263
2025-03-04,TRNR,0.14935064,2.31,2.0,2.655,2.4299,-8.478342749529189,9.227871939736353,-16.007532956685488
2025-03-04,CAPR,0.10534012,13.67,3.0,15.16,13.79,-9.03693931398417,6.662269129287601,-10.224274406332457
2025-03-05,CTOS,0.3308457,4.02,1.0,5.35,4.79,-10.46728971962616,2.4299065420560817,-16.635514018691588
2025-03-05,OPFI,0.20366275,9.35,2.0,11.25,10.295,-8.48888888888889,0.2666666666666595,-14.933333333333332
2025-03-05,NAGE,0.19821429,5.6,3.0,6.71,8.485,26.453055141579718,36.8107302533532,-0.5961251862891204
2025-03-05,NEXN,0.14420485,7.42,4.0,8.49,9.56,12.603062426383982,13.663133097762081,-8.244994110718496
2025-03-05,LZMH,0.12261152,6.28,5.0,7.05,7.35,4.255319148936176,9.787234042553195,-3.546099290780147
2025-03-06,ECX,0.19074678,2.41,1.0,2.8697,2.735,-4.693870439418757,3.8401226609053207,-10.79206885737185
2025-03-06,TRNR,0.15420556,2.14,2.0,2.47,2.3801,-3.639676113360324,7.287449392712531,-12.955465587044547
2025-03-06,MYE,0.1420883,9.74,3.0,11.12,12.45,11.960431654676263,14.118705035971235,0.0
2025-03-06,TH,0.12635374,5.54,4.0,6.24,5.895,-5.5288461538461675,1.2820512820512775,-7.692307692307699
2025-03-06,ACDC,0.10856271,6.54,5.0,7.25,6.565,-9.448275862068956,0.0,-12.413793103448278
2025-03-07,APEI,0.23636365,19.25,1.0,23.8,23.57,-0.9663865546218453,7.563025210084029,-11.231932773109254
2025-03-07,GAP,0.15277028,19.48,2.0,22.46,23.1,2.849510240427433,3.806767586821014,-4.452359750667856
2025-03-10,TRVI,0.5325581,4.3,1.0,6.6,6.075,-7.954545454545448,11.969696969696964,-13.636363636363624
2025-03-10,MLYS,0.34315586,10.52,2.0,14.13,15.02,6.298655343241322,29.44090587402688,-4.45859872611466
2025-03-10,XNET,0.106666684,4.5,3.0,4.98,4.47,-10.240963855421704,0.0,-12.851405622489976
2025-03-10,DWTX,0.106060624,6.6,4.0,7.3,8.5605,17.267123287671215,29.45205479452053,-7.9452054794520555
2025-03-10,KAZR,0.10265291,8.67,5.0,9.56,10.78,12.761506276150625,14.330543933054374,-3.2217573221757334
2025-03-11,SNOA,0.5448029,2.79,1.0,4.31,3.4,-21.113689095127608,3.480278422273786,-28.07424593967517
2025-03-11,MYO,0.3357314,4.17,2.0,5.57,5.961,7.019748653500901,13.098743267504487,-2.872531418312385
2025-03-11,LFMD,0.2716627,4.27,3.0,5.43,5.615,3.406998158379393,6.998158379373853,-9.066298342541423
2025-03-11,BVS,0.24885833,8.76,4.0,10.94,10.88,-0.5484460694698212,2.833638025594154,-7.842778793418637
2025-03-11,HLLY,0.17499995,2.4,5.0,2.82,2.985,5.85106382978724,6.382978723404253,-8.794326241134742
2025-03-12,GRPN,0.25383818,9.77,1.0,12.25,13.88,13.306122448979597,15.42775510204082,-1.3061224489795964
2025-03-12,SPHL,0.20333326,6.0,2.0,7.22,1.26,-82.54847645429363,8.033240997229928,-87.1191135734072
2025-03-12,DWTX,0.16711593,11.13,3.0,12.99,10.71,-17.55196304849884,13.086989992301756,-21.939953810623557
2025-03-12,SFIX,0.15130019,4.23,4.0,4.87,4.005,-17.761806981519513,0.0,-23.613963039014372
2025-03-12,TBCH,0.10921991,14.1,5.0,15.64,14.3,-8.56777493606138,0.0,-9.910485933503843
2025-03-13,CRVO,0.26256073,6.17,1.0,7.79,5.815,-25.353016688061615,2.310654685494229,-27.856225930680356
2025-03-13,MGTX,0.20592833,6.41,2.0,7.73,8.175,5.756791720569221,9.831824062095729,-4.267787839586035
2025-03-13,RAIL,0.19582665,6.23,3.0,7.45,7.31,-1.8791946308724938,11.409395973154378,-3.087248322147662
2025-03-13,SRTA,0.15547705,2.83,4.0,3.27,3.035,-7.18654434250764,15.290519877675845,-8.25688073394496
2025-03-13,HMR,0.11764705,2.55,5.0,2.85,4.156,45.824561403508746,68.42105263157893,-8.771929824561408
2025-03-14,AAOI,0.49023318,15.87,1.0,23.66,22.065,-6.741335587489427,0.1267962806424494,-16.314454775993237
2025-03-14,GDOT,0.17319274,6.64,2.0,7.79,7.7309,-0.7586649550705982,5.006418485237485,-4.621309370988447
2025-03-14,QBTS,0.11432707,6.91,3.0,7.7,10.1199,31.427272727272726,32.46753246753244,-1.0389610389610393
2025-03-14,QMCO,0.113360405,14.82,4.0,16.5,15.43,-6.484848484848483,13.090909090909086,-9.212121212121204
2025-03-14,GOGO,0.1033479,6.87,5.0,7.58,6.8495,-9.637203166226914,1.9788918205804862,-17.282321899736154
2025-03-17,FEED,0.7543727,2.2059,1.0,3.87,3.312,-14.418604651162791,7.235142118863047,-28.144702842377257
2025-03-17,ANNX,0.21153855,2.6,2.0,3.15,2.76,-12.380952380952381,11.428571428571432,-13.650793650793647
2025-03-17,QUBT,0.20169258,7.09,3.0,8.52,8.025,-5.809859154929564,0.7042253521126751,-9.154929577464777
2025-03-17,ARQQ,0.13933337,15.0,4.0,17.09,23.448,37.20304271503805,39.78876535985958,-6.202457577530717
2025-03-17,QNTM,0.13905942,4.89,5.0,5.57,7.07,26.929982046678624,54.39856373429084,-5.206463195691202
2025-03-18,SCNX,0.22177422,2.48,1.0,3.03,1.62,-46.53465346534653,4.617161716171636,-49.511551155115505
2025-03-18,AIFF,0.108986616,5.23,2.0,5.8,4.5899,-20.86379310344827,3.4482758620689724,-21.37758620689655
2025-03-19,LSE,0.47232938,7.77,1.0,11.42,12.46,9.106830122591948,31.26007005253941,-2.539404553415059
2025-03-19,ATER,0.12796223,2.11,2.0,2.34,2.775,18.58974358974359,49.572649572649574,0.0
2025-03-19,OLMA,0.10386479,4.14,3.0,4.57,4.13,-9.62800875273524,3.93873085339167,-10.284463894967189
2025-03-19,STNE,0.10261762,9.85,4.0,10.84,11.36,4.797047970479706,7.93357933579335,0.0
2025-03-20,ELAB,0.17730498,5.64,1.0,6.64,6.44,-3.0120481927710774,23.042168674698793,-12.5
2025-03-20,DBI,0.10005641,3.8,2.0,4.18,4.035,-3.468899521531088,3.349282296650724,-6.818181818181812
2025-03-21,IBO,0.51923084,2.08,1.0,3.16,4.37,38.29113924050633,95.25316455696202,-8.544303797468356
2025-03-21,CURV,0.25497282,5.53,2.0,6.94,5.76,-17.00288184438041,0.14409221902016434,-18.01152737752161
2025-03-21,ELAB,0.15625,6.4,3.0,7.4,4.935,-33.31081081081082,7.837837837837847,-36.891891891891895
2025-03-24,HUHU,0.18624163,5.96,1.0,7.07,5.35,-24.328147100424335,20.08486562942009,-31.414427157001413
2025-03-24,OSUR,0.10465109,3.44,2.0,3.8,3.69,-2.894736842105261,11.05263157894736,-3.6842105263157787
2025-03-24,LXEO,0.103321075,2.71,3.0,2.99,4.0399,35.11371237458194,42.809364548494955,-0.6688963210702337
2025-03-24,DMRA,0.100000024,6.1,4.0,6.71,6.72,0.14903129657226621,5.812220566318915,-7.898658718330854
2025-03-25,MBLY,0.13368273,15.26,1.0,17.3,16.575,-4.190751445086716,0.15895953757225634,-8.670520231213874
2025-03-26,VIVO,0.46460176,2.26,1.0,3.31,4.0093,21.126888217522644,66.1631419939577,-6.042296072507558
2025-03-26,WVE,0.13665259,9.44,2.0,10.73,9.945,-7.31593662628145,1.6775396085740857,-10.997204100652368
2025-03-26,PLTK,0.13171446,4.4,3.0,4.98,5.305,6.526104417670675,9.636546184738947,-1.0040160642570406
2025-03-26,MYSE,0.117724895,3.78,4.0,4.225,3.77,-10.769230769230765,4.615384615384621,-15.73964497041419
2025-03-26,PRM,0.106476426,9.11,5.0,10.08,10.015,-0.6448412698412676,4.861111111111116,-1.8849206349206282
2025-03-27,WOOF,0.20081973,2.44,1.0,2.93,3.1701,8.194539249146748,16.72354948805459,-6.1433447098976135
2025-03-27,MREO,0.13924062,2.37,3.0,2.7,2.415,-10.555555555555562,1.1111111111111072,-11.111111111111116
2025-03-27,IBO,0.13636363,2.2,4.0,2.5,2.3299,-6.80400000000001,4.400000000000004,-10.77999999999999
2025-03-27,ZGN,0.1228044,7.08,5.0,7.95,7.755,-2.4528301886792447,1.8867924528301883,-5.031446540880502
2025-03-28,ALP,1.5371549,4.71,1.0,11.95,9.72,-18.661087866108772,10.460251046025103,-27.01757322175733
2025-03-28,QNTM,0.17780423,8.38,2.0,9.87,8.1456,-17.471124620060785,26.165146909827786,-18.90678824721378
2025-03-28,SMTK,0.10529387,3.438,3.0,3.8,2.9972,-21.126315789473683,2.6315789473684292,-24.99999999999999
2025-03-31,HERE,0.24345028,3.42,1.0,4.2526,4.05,-4.764144288200168,7.933969806706487,-14.640455250905337
2025-03-31,MCHB,0.11988056,9.3,2.0,10.415,11.75,12.818050888142118,14.06625060009603,-1.1041766682669096
2025-04-01,CSAI,0.35135138,4.44,1.0,6.0,5.7999,-3.334999999999999,90.99833333333332,-8.333333333333337
2025-04-01,OMER,0.11435521,8.22,2.0,9.16,7.77,-15.174672489082974,0.0,-15.77510917030568
2025-04-02,SBFM,0.58173084,2.08,1.0,3.29,2.21,-32.82674772036474,18.541033434650455,-38.60182370820668
2025-04-02,TTEC,0.24464834,3.27,2.0,4.07,4.9602,21.87223587223588,33.4152334152334,0.0
2025-04-02,HERE,0.13373864,6.58,3.0,7.46,6.25,-16.219839142091153,6.702412868632712,-37.93565683646113
2025-04-02,ANGO,0.12939954,9.66,4.0,10.91,10.92,0.09165902841430373,7.424381301558203,-6.416131989000906
2025-04-02,CGNT,0.11922133,8.22,5.0,9.2,9.94,8.043478260869573,12.119565217391305,-0.6782608695652059
2025-04-03,VBIO,0.48923075,3.25,1.0,4.84,4.79,-1.0330578512396604,19.834710743801654,-21.898760330578515
2025-04-04,USAR,0.3076923,6.5,1.0,8.5,7.69,-9.529411764705875,23.529411764705888,-14.470588235294123
2025-04-07,BJDX,1.3371105,3.53,1.0,8.25,7.3501,-10.907878787878788,23.636363636363633,-15.87878787878787
2025-04-08,AGL,0.27294123,4.25,1.0,5.41,5.33,-1.4787430683918634,12.384473197781887,-4.251386321626627
2025-04-08,SPIR,0.25,7.48,2.0,9.35,8.76,-6.310160427807487,6.524064171123012,-8.55614973262031
2025-04-08,CRMD,0.23723233,6.07,3.0,7.51,6.785,-9.653794940079885,2.663115845539288,-10.853528628495345
2025-04-08,BTU,0.17821777,10.31,4.0,12.145,11.205,-7.739810621654996,0.20584602717168554,-9.427748044462735
2025-04-08,LEVI,0.16358018,13.5,5.0,15.71,12.58,-19.9236155315086,0.0,-21.514958625079572
2025-04-09,DXF,0.19937694,6.42,1.0,7.7,7.98,3.6363636363636376,68.83116883116882,-18.181818181818187
2025-04-09,HMY,0.11946201,12.97,2.0,14.51,14.71,1.3783597518952417,3.066850447966929,-3.5148173673328675
2025-04-09,BTU,0.117753625,11.26,3.0,12.59,12.375,-1.707704527402698,8.498808578236705,-12.152501985702935
2025-04-10,LOVE,0.15003133,15.93,1.0,18.32,18.375,0.3002183406113579,5.349344978165949,-10.371179039301303
2025-04-10,KROS,0.12971926,10.33,2.0,11.67,12.21,4.6272493573264795,7.112253641816624,-0.5998286203941716
2025-04-11,BGLC,0.35023046,2.17,1.0,2.93,2.57,-12.286689419795227,14.331058020477805,-20.13651877133107
2025-04-11,CBLL,0.16412556,11.15,3.0,12.98,15.295,17.83513097072418,22.033898305084733,-2.850539291217269
2025-04-11,ABSI,0.13238287,2.455,4.0,2.78,2.995,7.733812949640306,8.63309352517987,-5.744604316546765
2025-04-11,CERT,0.12654614,10.51,5.0,11.84,12.735,7.559121621621623,11.31672297297297,-3.378378378378377
2025-04-14,BULL,1.0860376,13.25,1.0,27.64,67.325,143.5781476121563,187.8437047756874,-5.861070911722144
2025-04-14,USAR,0.16967511,8.31,2.0,9.72,11.686,20.22633744855966,37.860082304526756,-7.407407407407418
2025-04-14,MB,0.16562498,3.2,3.0,3.73,4.33,16.08579088471851,43.96782841823057,-8.847184986595181
2025-04-14,GPCR,0.13207555,15.9,4.0,18.185,19.05,4.756667583172947,5.718999175144357,-7.616167170745114
2025-04-15,TMC,0.25971735,2.83,1.0,3.565,2.9,-18.65357643758766,0.14025245441795509,-26.22720897615708
2025-04-15,USAR,0.21787238,11.75,2.0,14.31,13.85,-3.2145352900069923,4.8218029350104885,-12.648497554157935
2025-04-15,BULLW,0.18720317,2.4006,3.0,2.85,1.951,-31.54385964912281,10.877192982456151,-39.824561403508774
2025-04-15,IE,0.13861382,5.05,4.0,5.75,6.465,12.43478260869566,14.480000000000004,-1.7391304347825987
2025-04-15,IPX,0.119253755,15.01,5.0,16.8,17.15,2.083333333333326,10.000000000000009,0.0
2025-04-16,TGL,0.77884626,2.08,1.0,3.7,3.7764,2.064864864864857,18.918918918918926,-14.59459459459459
2025-04-16,EDVA,0.41489363,2.82,2.0,3.99,4.28,7.268170426065157,19.799498746867172,-21.55388471177946
2025-04-16,NB,0.2352941,2.89,3.0,3.57,3.732,4.537815126050426,16.210084033613438,-7.563025210084029
2025-04-16,HTZ,0.19315064,3.65,4.0,4.355,5.565,27.78415614236509,32.491389207807096,-6.888633754305406
2025-04-17,QURE,0.38498402,9.39,1.0,13.005,13.04,0.26912725874661536,8.881199538638974,-3.5755478662053197
2025-04-17,DXF,0.31243253,9.25,2.0,12.14,9.45,-22.158154859967063,19.43986820428336,-29.159802306425043
2025-04-17,HTZ,0.3012259,5.71,3.0,7.43,8.0999,9.016150740242267,17.63122476446839,-10.094212651413192
2025-04-17,HTZWW,0.27666664,3.0,4.0,3.83,4.25,10.966057441253252,18.798955613577007,-8.87728459530026
2025-04-17,GPCR,0.16028059,18.53,5.0,21.54,21.735,0.9052924791086436,12.209842154131856,-8.356545961002793
2025-04-21,SHFS,0.73094165,2.23,1.0,3.86,4.12,6.735751295336789,12.173575129533699,-8.549222797927458
2025-04-21,DWTX,0.26697886,4.27,2.0,5.41,5.51,1.8484288354898348,42.88354898336415,-3.6968576709796697
2025-04-22,EDVA,0.22255635,6.65,1.0,8.13,6.96,-14.39114391143912,20.418204182041787,-32.447724477244776
2025-04-22,MTEN,0.16721308,6.1,2.0,7.12,6.9,-3.08988764044944,1.6853932584269593,-8.70786516853933
2025-04-22,BHC,0.105932236,4.72,3.0,5.22,5.18,-0.7662835249042099,1.724137931034475,-4.214559386973171
2025-04-22,BIYA,0.105121255,3.71,4.0,4.1,3.86,-5.85365853658536,1.4634146341463428,-10.243902439024378
2025-04-23,SNOA,0.75965667,2.33,1.0,4.1,3.915,-4.512195121951212,2.4390243902439046,-14.146341463414625
2025-04-23,UPXI,0.26944447,9.0,2.0,11.425,11.13,-2.5820568927789944,10.284463894967178,-10.809628008752748
2025-04-23,RZLT,0.2427653,3.11,3.0,3.88,4.0,3.0927835051546504,10.567010309278357,-1.8041237113401998
2025-04-23,MIND,0.21323526,5.44,4.0,6.6,6.8925,4.431818181818192,12.87878787878789,-1.5151515151515138
2025-04-23,NDRA,0.20247626,3.0853,5.0,3.71,3.81,2.695417789757415,7.277628032345018,-7.008086253369261
2025-04-24,BCTX,0.72191536,5.43,1.0,9.35,6.1702,-34.00855614973261,5.026737967914441,-35.347593582887704
2025-04-24,CYH,0.20164609,2.43,2.0,2.92,2.895,-0.8561643835616417,8.732876712328764,-4.109589041095896
2025-04-24,EPSM,0.18773234,5.38,3.0,6.28,6.9339,10.41242038216561,14.649681528662416,0.0
2025-04-24,XXI,0.16363645,16.5,4.0,19.0,24.71,30.052631578947377,106.7894736842105,0.0
2025-04-24,PONY,0.12523031,5.43,5.0,6.11,7.5299,23.238952536824865,26.022913256955803,-3.2733224222585955
2025-04-25,PONY,0.2338177,7.57,1.0,9.34,6.9694,-25.38115631691649,4.925053533190593,-27.087794432548186
2025-04-25,MBOT,0.100823045,2.43,2.0,2.675,2.595,-2.990654205607468,3.9252336448598157,-11.401869158878498
2025-04-28,WOLF,0.16360855,3.27,1.0,3.805,4.149,9.040735873850192,10.906701708278565,-4.862023653088043
2025-04-28,SABR,0.13242006,2.19,2.0,2.48,2.54,2.4193548387096753,13.508064516129025,-1.2096774193548265
2025-04-28,SXTC,0.11790395,2.29,3.0,2.56,2.4838,-2.9765625000000018,5.46875,-19.49609375
2025-04-28,UPC,0.11428571,4.2,4.0,4.68,5.8201,24.36111111111112,48.074786324786324,-8.119658119658112
2025-04-28,SSII,0.1004405,11.35,5.0,12.49,11.0,-11.929543634907924,14.411529223378693,-19.935948759007204
2025-04-29,LFMD,0.31639338,6.1,1.0,8.03,8.608,7.198007471980095,8.219178082191792,-12.577833125778326
2025-04-29,CLVT,0.19220066,3.59,2.0,4.14,4.195,1.328502415458943,11.352657004830924,-2.777777777777757
2025-04-29,WOLF,0.13801444,4.13,3.0,4.7,3.475,-26.063829787234038,0.0,-27.234042553191497
2025-04-29,LZMH,0.13483155,8.01,4.0,9.09,9.2,1.2101210121012063,2.5302530253025424,-1.5390539053905306
2025-04-29,PUMP,0.13472486,5.27,5.0,5.98,5.615,-6.103678929765888,2.6755852842809347,-10.200668896321075
2025-04-30,RCKY,0.28171086,13.95,1.0,17.89,21.01,17.439910564561224,19.56400223588597,-2.347680268306329
2025-04-30,SKYA,0.22099996,5.0,2.0,6.105,5.56,-8.92710892710894,21.04832104832104,-13.18591318591319
2025-04-30,JAKK,0.15257049,19.46,3.0,22.43,19.45,-13.285777975925106,0.0,-20.106999554168514
2025-04-30,ORN,0.11374414,6.33,4.0,7.05,6.415,-9.007092198581557,0.42553191489362874,-9.361702127659576
2025-05-01,FEED,0.46503484,2.86,1.0,4.19,3.92,-6.443914081145596,7.1599045346061985,-22.43436754176612
2025-05-01,VISN,0.20384622,3.74,2.0,4.5,4.54,0.8888888888888946,5.111111111111111,-6.444444444444441
2025-05-01,MAX,0.17976189,8.4,3.0,9.91,9.58,-3.3299697275479323,8.879919273461145,-7.7699293642785054
2025-05-01,TZOO,0.16510451,13.87,4.0,16.16,14.105,-12.716584158415845,0.09282178217822068,-13.521039603960395
2025-05-01,UPBD,0.1251384,19.9,5.0,22.39,23.73,5.984814649397041,6.520768200089333,-3.228226887003127
2025-05-02,KIDZ,0.52145517,5.36,1.0,8.155,6.95,-14.776210913549958,30.59472716125078,-25.567136725935
2025-05-02,NPKI,0.27814567,6.04,2.0,7.72,7.53,-2.4611398963730546,1.0362694300518172,-7.124352331606221
2025-05-02,ADPT,0.19701087,7.36,3.0,8.81,9.865,11.975028376844499,16.68558456299658,-2.724177071509648
2025-05-02,BTSG,0.13743019,17.9,4.0,20.36,20.87,2.5049115913555964,2.8978388998035287,-4.715127701375255
2025-05-02,CPS,0.113009214,15.22,5.0,16.94,21.71,28.158205430932703,31.050767414403758,-0.8854781582054438
2025-05-05,FNGR,0.19485295,2.72,1.0,3.25,3.265,0.4615384615384688,8.153846153846157,-8.307692307692305
2025-05-05,DFSC,0.11551714,5.8,2.0,6.47,6.38,-1.391035548686237,4.945904173106652,-12.54868624420401
2025-05-06,TALO,0.21640742,7.07,1.0,8.6,7.35,-14.534883720930235,0.0,-14.593023255813954
2025-05-06,TDUP,0.21396387,4.44,2.0,5.39,6.465,19.94434137291281,21.70686456400741,-2.0408163265306034
2025-05-06,AMRC,0.20378327,11.63,3.0,14.2,13.27,-6.54929577464789,9.819718309859171,-9.014084507042252
2025-05-06,SEDG,0.1493808,12.92,4.0,14.85,14.3607,-3.294949494949495,4.646464646464654,-4.175084175084165
2025-05-06,HRTX,0.14553988,2.13,5.0,2.44,2.415,-1.0245901639344246,6.9672131147541005,-6.9672131147541005
2025-05-07,ANGI,0.33244443,11.25,1.0,14.99,15.2189,1.527018012008008,3.9859906604402973,-6.937958639092734
2025-05-07,CURI,0.31205165,3.3,2.0,4.33,4.595,6.120092378752884,22.401847575057722,-3.002309468822173
2025-05-07,EHTH,0.26923084,4.68,3.0,5.94,5.745,-3.2828282828282873,19.360269360269356,-9.932659932659949
2025-05-07,PRCH,0.263407,6.34,4.0,8.01,10.59,32.209737827715365,35.70536828963795,-6.367041198501866
2025-05-07,NRDS,0.25295508,8.46,5.0,10.6,10.84,2.264150943396226,7.547169811320753,-3.7735849056603765
2025-05-08,ASST,0.63716805,3.39,1.0,5.55,7.685,38.46846846846847,58.55855855855858,-9.909909909909908
2025-05-08,ONT,0.2936877,15.05,2.0,19.47,17.61,-9.553158705701081,16.127375449409342,-12.737544940934775
2025-05-08,AVAH,0.2614107,4.82,3.0,6.08,5.565,-8.470394736842103,0.49342105263159297,-11.182565789473687
2025-05-08,QBTS,0.25834548,6.89,4.0,8.68,10.475,20.679723502304135,25.460829493087566,-11.175115207373265
2025-05-08,ZVIA,0.25123155,2.03,5.0,2.54,3.095,21.850393700787407,25.984251968503933,-14.566929133858276
2025-05-09,WBUY,1.233474,7.11,1.0,15.88,11.1983,-29.48173803526449,81.66876574307305,-38.47607052896726
2025-05-09,ZKIN,0.6428571,2.52,2.0,4.14,3.9699,-4.10869565217391,7.971014492753636,-26.57004830917874
2025-05-09,LASR,0.329849,8.61,3.0,11.45,11.58,1.1353711790393017,2.6200873362445476,-7.86026200873361
2025-05-09,MITK,0.29284906,8.81,4.0,11.39,9.695,-14.881474978050925,0.0,-15.057067603160668
2025-05-09,GDOT,0.28390813,8.7,5.0,11.17,10.75,-3.76007162041182,5.908683974932849,-8.325872873769026
2025-05-12,NAKA,6.311538,3.9,1.0,28.515,13.76,-51.744695774153946,10.292828335963522,-53.56829738733999
2025-05-12,FTRE,0.2829268,6.15,2.0,7.89,5.25,-33.460076045627375,1.2674271229404344,-36.755386565272495
2025-05-12,RGTIW,0.21352816,3.7906,3.0,4.6,4.39,-4.565217391304344,1.9565217391304568,-11.956521739130432
2025-05-12,ZIM,0.1701808,14.27,4.0,16.7,16.135,-3.3832335329341157,4.880239520958085,-4.131736526946095
2025-05-12,GCT,0.15758622,14.5,5.0,16.99,15.91,-6.356680400235426,0.11771630370809305,-9.53502060035315
2025-05-13,LICN,0.5258621,3.48,1.0,5.31,6.65,25.235404896421866,55.93220338983051,-22.033898305084744
2025-05-13,INHD,0.40254235,2.36,2.0,3.31,3.25,-1.812688821752273,6.042296072507547,-11.027190332326287
2025-05-13,XHG,0.28125,2.24,3.0,2.87,2.71,-5.574912891986072,12.543554006968627,-20.209059233449477
2025-05-13,BKKT,0.2617383,10.01,4.0,12.63,14.9,17.973079968329376,22.64449722882027,-8.31274742676169
2025-05-13,OPRX,0.25,9.2,5.0,11.5,10.9753,-4.5626086956521705,11.088695652173918,-9.173913043478255
2025-05-14,SEPN,0.6077266,6.73,1.0,10.82,10.16,-6.099815157116451,4.990757855822547,-21.34935304990758
2025-05-14,ABSI,0.2195946,2.96,2.0,3.61,2.93,-18.836565096952906,1.1080332409972415,-21.606648199445978
2025-05-14,WBUY,0.19172418,7.25,3.0,8.64,7.8303,-9.371527777777777,0.11574074074074403,-15.508101851851864
2025-05-14,FNGR,0.18719172,4.38,4.0,5.1999,4.55,-12.498317275332226,0.0,-15.767610915594544
2025-05-15,IA,0.23537421,7.35,1.0,9.08,9.74,7.268722466960353,15.638766519823788,0.0
2025-05-15,DLO,0.21963978,10.19,2.0,12.43,11.18,-10.056315366049883,1.2067578439259874,-10.740144810941265
2025-05-15,STLN,0.19409287,2.37,4.0,2.83,3.07,8.480565371024728,17.66784452296819,-3.886925795052998
2025-05-15,HCWB,0.19182742,8.81,5.0,10.5,8.14,-22.47619047619047,0.0,-23.523809523809526
2025-05-16,TSSI,0.46561444,8.87,1.0,13.0,15.505,19.269230769230774,26.15384615384615,-4.306923076923086
2025-05-16,SORA,0.43066657,7.5,2.0,10.73,7.8657,-26.69431500465983,1.5843429636533068,-58.7138863000932
2025-05-16,BULLW,0.29149795,2.47,3.0,3.19,2.5,-21.630094043887148,7.836990595611293,-26.332288401253912
2025-05-16,QUBT,0.13961041,9.24,4.0,10.53,12.7408,20.995251661918335,23.076923076923084,-2.564102564102555
2025-05-16,EVLV,0.13095248,4.2,5.0,4.75,5.46,14.94736842105262,15.999999999999993,-1.2631578947368327
2025-05-19,NVAX,0.2035662,6.73,1.0,8.11,7.735,-4.62392108508014,8.261405672009857,-12.207151664611581
2025-05-19,CHAI,0.12554109,2.31,2.0,2.6,4.0599,56.14999999999999,61.53846153846154,-1.538461538461544
2025-05-20,CHAI,0.5356264,4.07,1.0,6.27,8.16,30.14354066985647,34.609250398724086,-10.366826156299835
2025-05-20,TIL,0.20236683,16.9,2.0,20.32,16.55,-18.553149606299215,0.0,-22.490157480314966
2025-05-20,QBTS,0.16654003,13.15,3.0,15.34,16.595,8.181225554106897,14.667535853976531,-4.823989569752285
2025-05-20,XYF,0.15270162,15.0,4.0,17.3,15.75,-8.959537572254339,6.358381502890165,-10.921387283236994
2025-05-20,ARMP,0.13924062,2.37,5.0,2.7,2.39,-11.481481481481481,0.7259259259259077,-22.22222222222222
2025-05-21,ASST,0.29198968,7.74,1.0,10.0,8.12,-18.800000000000004,8.999000000000002,-21.199999999999996
2025-05-21,EDBL,0.26944447,3.6,2.0,4.54,5.1,12.334801762114523,38.54625550660793,0.0
2025-05-21,NAKA,0.25164258,15.22,3.0,19.05,22.35,17.322834645669303,22.88661417322835,-9.343832020997379
2025-05-21,GOOS,0.1569506,8.92,4.0,10.32,10.625,2.9554263565891414,12.015503875968992,-1.2596899224806224
2025-05-21,GPUS,0.14099789,4.61,5.0,5.26,7.03,33.650190114068444,89.73384030418252,-4.562737642585557
2025-05-22,ASST,0.15796018,8.04,1.0,9.31,12.89,38.45327604726101,44.14607948442535,-2.2556390977443663
2025-05-22,LUMN,0.14435697,3.81,2.0,4.36,3.86,-11.46788990825689,2.2935779816513735,-14.90825688073395
2025-05-22,TIL,0.13440204,16.22,3.0,18.4,24.9999,35.869021739130446,43.47826086956521,0.0
2025-05-23,FNUC,0.18475068,3.41,1.0,4.04,3.83,-5.198019801980203,1.2376237623762387,-10.396039603960395
2025-05-23,UEC,0.16279078,5.16,2.0,6.0,6.435,7.250000000000001,8.833333333333337,-4.0000000000000036
2025-05-23,LTBR,0.1322701,10.66,3.0,12.07,15.21,26.014913007456506,33.719966859983444,-3.893951946975982
2025-05-23,FULC,0.11437917,6.12,4.0,6.82,6.42,-5.865102639296193,3.218475073313787,-8.35777126099707
2025-05-23,UUUU,0.111111164,4.5,5.0,5.0,5.4,8.000000000000007,8.800000000000008,-5.199999999999994
2025-05-27,SBET,4.0491076,6.72,1.0,33.93,37.265,9.829059829059839,57.5302092543472,-16.003536693191865
2025-05-27,MTAL,0.18522167,10.15,2.0,12.03,12.26,1.9118869492934287,6.3591022443890255,-0.4987531172069737
2025-05-27,GYRE,0.17511511,8.68,3.0,10.2,10.1,-0.9803921568627416,13.823529411764701,-3.9215686274509665
2025-05-27,FLD,0.14596272,4.83,4.0,5.535,4.74,-14.363143631436316,0.0,-18.157181571815716
2025-05-27,RGTIW,0.124282956,5.23,5.0,5.88,5.2901,-10.032312925170073,1.0204081632653184,-11.734693877551017
2025-05-28,LVWR,0.4453125,2.56,1.0,3.7,3.915,5.810810810810807,21.62162162162162,-17.567567567567576
2025-05-28,MNRO,0.30675912,12.77,2.0,16.7,16.76,0.359281437125758,7.484431137724545,-3.3532934131736414
2025-05-28,JOBY,0.1656977,6.88,3.0,8.02,8.815,9.91271820448878,12.967581047381561,-0.37406483790523026
2025-05-28,BULLW,0.10787165,3.43,4.0,3.8,3.75,-1.3157894736842035,17.36842105263159,-8.947368421052627
2025-05-29,LZMH,0.26447976,19.51,1.0,24.67,28.35,14.916903121199843,30.11755168220511,-4.783137413863003
2025-05-29,ORIC,0.22110558,5.97,2.0,7.29,7.985,9.53360768175584,15.761316872427988,-5.4869684499314175
2025-05-29,TSHA,0.16803277,2.44,3.0,2.85,2.76,-3.157894736842115,3.5087719298245723,-6.666666666666665
2025-05-29,KSS,0.12352252,8.1,5.0,9.1,7.975,-12.362637362637363,9.449450549450544,-13.846153846153841
2025-05-30,RRGB,0.3961661,3.13,1.0,4.37,5.195,18.87871853546912,30.66361556064072,-3.661327231121281
2025-05-30,VIVO,0.2959906,4.24,2.0,5.495,4.6899,-14.651501364877173,0.09099181073703999,-17.561419472247497
2025-05-30,SPRO,0.17370892,2.13,3.0,2.5,2.5201,0.8039999999999825,11.99999999999999,-5.999999999999995
2025-05-30,LVWR,0.15156806,2.87,4.0,3.305,4.365,32.07261724659607,55.82450832072618,-1.3615733736762614
2025-05-30,PATH,0.14837718,12.94,5.0,14.86,13.2767,-10.654777927321668,0.8411843876177549,-13.122476446837139
2025-06-02,VERA,0.6749339,18.95,1.0,31.74,31.58,-0.504095778197855,3.434152488972897,-8.947700063011975
2025-06-02,BMGL,0.36759865,6.08,2.0,8.32,4.06,-51.20192307692308,12.98076923076923,-63.34134615384615
2025-06-02,CENX,0.23757267,15.49,3.0,19.035,18.74,-1.5497767270816976,7.328605200945626,-4.754399789860786
2025-06-02,CLF,0.23327613,5.83,4.0,7.19,7.215,0.347705146036148,4.589707927677322,-3.198887343532686
2025-06-02,APLD,0.21083462,6.83,5.0,8.27,10.18,23.095525997581625,27.448609431680772,-2.9020556227327687
2025-06-03,AGEN,0.16828084,4.13,1.0,4.825,5.005,3.730569948186524,6.735751295336789,-13.782383419689115
2025-06-03,JOBY,0.13199997,7.5,2.0,8.49,8.008,-5.677267373380457,2.8857479387514706,-6.24263839811543
2025-06-03,BMGL,0.117347,3.92,3.0,4.37,5.085,16.361556064073213,21.279176201373005,-5.720823798627006
2025-06-03,LTBR,0.10661507,14.21,4.0,15.725,14.765,-6.1049284578696295,4.568521462639108,-10.524642289348163
2025-06-03,SRFM,0.10648143,2.16,5.0,2.39,2.51,5.020920502092041,6.694560669456062,-5.857740585774063
2025-06-04,BAOS,0.8312237,2.37,1.0,4.34,3.68,-15.207373271889391,1.1520737327188835,-25.34562211981566
2025-06-04,VCIG,0.23051953,3.08,2.0,3.79,3.18,-16.094986807387855,1.58311345646438,-18.46965699208444
2025-06-04,YEXT,0.15249264,6.82,3.0,7.86,8.9093,13.349872773536898,16.412213740458025,-0.4452926208651453
2025-06-04,WETO,0.13821137,2.46,4.0,2.8,2.8393,1.4035714285714374,3.928571428571437,-4.999999999999993
2025-06-04,SGMT,0.11432505,3.63,5.0,4.045,4.06,0.3708281829418958,14.657601977750323,-5.315203955500614
2025-06-05,TGE,0.69269276,9.99,1.0,16.91,9.8,-42.04612655233589,118.91839148432881,-42.04612655233589
2025-06-05,LIMN,0.67505896,12.71,2.0,21.29,21.855,2.6538280883043663,16.862376702677317,-28.147487083137623
2025-06-05,ZENA,0.4874214,3.18,3.0,4.73,4.43,-6.342494714587755,46.30021141649048,-12.262156448202965
2025-06-05,TJGC,0.36168826,15.4,4.0,20.97,7.33,-65.04530281354315,2.9566046733428664,-70.14783023366714
2025-06-05,PL,0.30827057,3.99,5.0,5.22,5.985,14.655172413793105,23.563218390804597,-4.0229885057471275
2025-06-06,HYPD,0.36624193,3.14,1.0,4.29,4.9875,16.25874125874125,37.06293706293706,-17.715617715617725
2025-06-06,RENT,0.36201787,6.74,2.0,9.18,8.6599,-5.665577342047923,10.130718954248351,-15.577342047930276
2025-06-06,NX,0.2168963,17.09,3.0,20.8,18.99,-8.70192307692309,4.879807692307692,-9.495192307692314
2025-06-06,TGE,0.20517933,10.04,4.0,12.1,11.9,-1.6528925619834656,23.96694214876034,-11.157024793388427
2025-06-06,MANU,0.111513376,13.81,5.0,15.35,16.425,7.003257328990231,7.361563517915304,-7.75244299674267
2025-06-09,TPST,0.33160305,8.2457,1.0,10.98,8.8676,-19.23861566484518,8.834244080145703,-20.487249544626607
2025-06-09,UMAC,0.19946086,7.42,2.0,8.9,9.125,2.528089887640439,6.404494382022485,-8.988764044943832
2025-06-09,EVTL,0.15241635,5.38,3.0,6.2,6.15,-0.8064516129032251,0.3225806451612856,-7.903225806451619
2025-06-09,NXAT,0.14705884,3.4,4.0,3.9,5.5405,42.064102564102555,47.128205128205146,-2.3076923076922995
2025-06-09,MB,0.14580643,7.75,5.0,8.88,7.1,-20.04504504504505,6.981981981981966,-23.198198198198206
2025-06-10,ZENA,0.15859032,4.54,1.0,5.26,4.885,-7.129277566539926,2.6615969581749166,-10.646387832699611
2025-06-10,MFI,0.14339614,2.65,2.0,3.03,2.68,-11.551155115511536,9.90099009900991,-12.541254125412538
2025-06-10,ARAI,0.13264501,6.295,4.0,7.13,10.1,41.654978962131835,120.61711079943902,-3.3660589060308554
2025-06-10,QTRX,0.11067188,5.06,5.0,5.62,6.545,16.45907473309609,17.61565836298933,-1.4234875444839923
2025-06-11,ABCL,0.15894043,3.02,1.0,3.5,3.205,-8.42857142857143,2.0000000000000018,-10.285714285714286
2025-06-11,SAIL,0.14860046,19.65,2.0,22.57,22.49,-0.3544528134692193,5.582631812140004,-2.4807266282676044
2025-06-11,RGTIW,0.14213192,3.94,3.0,4.5,4.6908,4.239999999999999,17.777777777777782,-4.8888888888888875
2025-06-11,USBC,0.1390729,3.02,4.0,3.44,3.4999,1.741279069767443,19.186046511627897,-11.91860465116279
2025-06-11,OUST,0.13661873,16.03,5.0,18.21,20.33,11.641954969796808,14.77100494233936,-2.5260845689181854
2025-06-12,HIND,0.30131006,2.29,1.0,2.98,3.1006,4.046979865771805,38.59060402684564,-6.375838926174493
2025-06-12,AGIG,0.23260069,5.46,2.0,6.73,7.195,6.90936106983655,36.70133729569092,-12.47994056463596
2025-06-12,PL,0.1510129,5.43,3.0,6.25,5.435,-13.040000000000006,0.48000000000001375,-15.839999999999998
2025-06-12,INDO,0.13622296,3.23,4.0,3.67,3.5,-4.63215258855586,14.441416893732972,-15.258855585831066
2025-06-12,HPP,0.12730408,2.48,5.0,2.795,2.67,-4.472271914132375,0.17889087656528524,-6.976744186046502
2025-06-13,AGIG,0.8011204,7.14,1.0,12.86,15.381,19.60342146189735,53.49922239502332,-0.9331259720062102
2025-06-13,INDO,0.33615816,3.54,2.0,4.73,5.12,8.245243128964042,22.19873150105707,-8.668076109936573
2025-06-13,DFNS,0.26897693,12.12,3.0,15.38,14.1,-8.32249674902471,12.353706111833551,-14.629388816644994
2025-06-13,IMPP,0.13931894,3.23,4.0,3.68,3.37,-8.42391304347826,2.986413043478242,-16.032608695652183
2025-06-13,SSL,0.12577319,4.85,5.0,5.46,5.455,-0.09157509157509125,1.0073260073260037,-2.930402930402931
2025-06-16,ECHO,0.44121146,16.84,1.0,24.31,25.2,3.661044837515437,4.030851501439736,-1.8099547511312153
2025-06-16,NXAT,0.4068966,2.9,2.0,4.08,4.1,0.4901960784313708,4.656862745098023,-13.480392156862752
2025-06-16,BRRWW,0.22222221,2.16,3.0,2.64,2.35,-10.984848484848486,1.8030303030303063,-20.45454545454546
2025-06-16,NEON,0.18976808,16.81,4.0,20.0,18.74,-6.300000000000006,13.100000000000001,-8.816500000000005
2025-06-16,SBET,0.1813246,9.21,5.0,10.88,13.26,21.875,30.974264705882337,-3.0330882352941235
2025-06-17,SAFX,0.45248866,2.21,1.0,3.21,2.06,-35.825545171339556,0.6199376947040536,-46.10591900311527
2025-06-17,BGSF,0.3930055,4.02,2.0,5.6,5.37,-4.107142857142854,7.499999999999996,-8.92857142857143
2025-06-17,RBNE,0.26268113,5.52,3.0,6.97,10.6,52.08034433285509,107.89096126255382,-3.8737446197991354
2025-06-17,TJGC,0.17808223,3.65,4.0,4.3,4.05,-5.813953488372093,11.395348837209319,-10.93023255813953
2025-06-17,XTIA,0.17689526,2.77,5.0,3.26,4.09,25.46012269938651,29.447852760736204,-2.7607361963190136
2025-06-18,LSE,0.71171165,5.55,1.0,9.5,7.225,-23.94736842105264,2.9463157894736858,-30.724210526315787
2025-06-18,EZRA,0.4422804,2.17,2.0,3.13,2.9799,-4.795527156549506,13.418530351437695,-14.696485623003197
2025-06-18,TMC,0.11488974,5.44,3.0,6.065,6.7146,10.710634789777407,20.362737015663622,-2.5556471558120353
2025-06-18,BATL,0.1095407,2.83,4.0,3.14,2.725,-13.216560509554142,2.2292993630573132,-24.203821656050962
2025-06-18,GOGO,0.10853958,12.53,5.0,13.89,14.49,4.3196544276457916,8.711303095752342,-7.270698344132464
2025-06-20,AIFF,0.22666669,3.0,1.0,3.68,2.751,-25.24456521739131,2.4456521739130377,-26.630434782608692
2025-06-20,DFSC,0.19982159,11.21,2.0,13.45,12.24,-8.99628252788104,0.22304832713755385,-21.188847583643124
2025-06-20,NEXR,0.18244803,6.495,3.0,7.68,7.47,-2.734375,2.472656250000016,-8.203125
2025-06-20,GALT,0.1793313,3.29,4.0,3.88,2.46,-36.5979381443299,0.6056701030927814,-52.319587628865975
2025-06-20,GRRR,0.17490697,18.81,5.0,22.1,25.045,13.325791855203617,26.243891402714926,-0.4524886877828149
2025-06-23,AGIG,0.43716216,14.8,1.0,21.27,18.26,-14.151386929948274,20.168782322519974,-18.711800658204048
2025-06-23,INDO,0.30434787,5.06,2.0,6.6,4.95,-24.99999999999999,20.45454545454546,-28.787878787878785
2025-06-23,RBNE,0.30392158,6.12,3.0,7.98,6.69,-16.16541353383458,5.639097744360888,-21.679197994987476
2025-06-23,CRMD,0.22997797,13.61,4.0,16.74,16.64,-0.5973715651134914,4.121863799283165,-5.913978494623651
2025-06-23,GEOS,0.21671021,11.49,5.0,13.98,18.23,30.400572246065806,32.33190271816881,-4.864091559370531
2025-06-24,NA,1.6556473,10.89,1.0,28.92,14.71,-49.135546334716466,8.852005532503448,-49.861687413554634
2025-06-24,NKTR,1.0880504,9.54,2.0,19.92,25.48,27.911646586345373,38.955823293172685,-16.867469879518083
2025-06-24,WFF,0.220891,6.51,3.0,7.948,5.82,-26.774031202818314,111.87720181177654,-42.62707599396075
2025-06-24,KEP,0.20414197,10.38,4.0,12.5,12.625,1.0000000000000009,1.4399999999999968,-0.48000000000000265
2025-06-24,CTOR,0.13,2.5,5.0,2.825,2.67,-5.486725663716818,15.398230088495568,-16.106194690265486
2025-06-25,QS,0.38799083,4.33,1.0,6.01,5.6776,-5.5307820299500765,5.657237936772042,-11.647254575707155
2025-06-25,SRFM,0.22222233,3.6,2.0,4.4,2.4763,-43.720454545454544,26.590909090909086,-47.04545454545455
2025-06-25,INDI,0.16413379,3.29,3.0,3.83,3.815,-0.3916449086161955,8.355091383812008,-6.5274151436031325
2025-06-25,BMBL,0.15547025,5.21,4.0,6.03,6.475,7.379767827529005,9.935323383084583,-1.1608623548922115
2025-06-25,TIGR,0.12546122,8.13,5.0,9.15,9.875,7.9234972677595605,11.584699453551917,-0.30710382513661205
2025-06-26,LIVE,0.1715976,8.45,1.0,9.9,16.7799,69.4939393939394,145.959595959596,-2.7272727272727226
2025-06-26,VVOS,0.16721308,3.05,2.0,3.56,3.37,-5.33707865168539,9.831460674157299,-9.41011235955056
2025-06-26,SRFM,0.11023617,2.54,3.0,2.82,3.38,19.8581560283688,26.5921985815603,0.0
2025-06-26,YAAS,0.10602915,4.81,4.0,5.32,3.7,-30.451127819548873,14.84962406015038,-32.330827067669176
2025-06-26,TLS,0.10035837,2.79,5.0,3.07,2.975,-3.0944625407166026,0.0,-6.514657980456018
2025-06-27,CYN,0.6095587,13.6,1.0,21.96,16.22,-26.138433515482706,12.38615664845173,-31.23861566484518
2025-06-27,INMB,0.4808917,6.28,2.0,9.32,5.36,-42.4892703862661,24.892703862660937,-46.24463519313306
2025-06-27,BBLG,0.4639424,4.16,3.0,6.09,4.58,-24.79474548440065,1.6420361247947435,-25.94417077175698
2025-06-27,GCTK,0.2739463,5.22,4.0,6.65,6.9,3.759398496240607,9.021052631578952,-7.81954887218046
2025-06-27,SKYE,0.14117646,4.25,5.0,4.85,4.225,-12.886597938144329,18.556701030927837,-15.463917525773196
2025-06-30,NFE,0.20000005,2.5,2.0,3.0,3.345,11.5,16.999999999999993,0.0
2025-06-30,DFSC,0.17511511,10.85,3.0,12.75,11.535,-9.529411764705886,7.843137254901955,-21.489411764705892
2025-06-30,LIMN,0.16033757,9.48,4.0,11.0,11.16,1.454545454545464,17.272727272727284,-3.0236363636363617
2025-06-30,BDMD,0.15384614,3.9,5.0,4.5,3.735,-17.000000000000004,4.888888888888876,-19.11111111111111
2025-07-01,CLRO,1.173913,5.75,1.0,12.5,10.4079,-16.736800000000006,23.360000000000003,-25.52
2025-07-01,ATAI,0.2054795,2.19,2.0,2.64,2.675,1.325757575757569,9.659090909090896,-10.60606060606062
2025-07-01,DDC,0.193578,10.9,3.0,13.01,10.77,-17.217524980784017,9.9923136049193,-25.365103766333586
2025-07-01,PL,0.16885245,6.1,4.0,7.13,6.275,-11.991584852734915,8.26227208976158,-14.446002805049096
2025-07-01,TRNR,0.14726031,5.84,5.0,6.7,5.34,-20.298507462686576,1.4925373134328401,-27.761194029850756
2025-07-02,DAIC,0.86984813,4.61,1.0,8.61,8.29,-3.716608594657378,66.08594657375147,-9.29152148664344
2025-07-02,SCAG,0.5738498,4.13,2.0,6.5,5.4999,-15.386153846153839,1.6692307692307784,-32.15384615384615
2025-07-02,NAMM,0.35901165,6.88,3.0,9.35,10.935,16.951871657754026,24.38395721925133,-6.202139037433163
2025-07-02,CYN,0.2335937,12.8,4.0,15.79,14.19,-10.13299556681444,8.92970234325523,-13.266624445851804
2025-07-02,DQ,0.1163398,15.3,5.0,17.08,17.72,3.74707259953162,7.845433255269341,-0.3512880562060783
2025-07-03,NMAD,0.49504948,2.02,1.0,3.02,2.8,-7.284768211920534,40.72847682119205,-19.20198675496688
2025-07-03,CV,0.41714287,3.5,2.0,4.96,4.4312,-10.661290322580651,0.0,-18.34072580645161
2025-07-03,FIEE,0.37827718,2.67,3.0,3.68,3.44,-6.521739130434789,0.27173913043476716,-19.56521739130436
2025-07-03,AEBI,0.26063347,11.18,4.0,14.1,13.18,-6.524822695035459,10.63829787234043,-16.241134751773046
2025-07-03,BULLW,0.2156862,5.1,5.0,6.2,5.23,-15.645161290322573,0.0,-19.354838709677423
2025-07-07,COGT,0.18337739,7.58,1.0,8.93,9.32,4.367301231802911,14.557670772676378,-1.4557670772676223
2025-07-07,PRME,0.1575563,3.11,2.0,3.6,3.85,6.944444444444442,16.94444444444445,-0.8333333333333415
2025-07-07,BTBT,0.14625847,2.94,3.0,3.37,3.455,2.522255192878342,14.54005934718101,-3.857566765578635
2025-07-07,SY,0.10769224,3.25,4.0,3.6,4.2585,18.29166666666666,21.944444444444432,0.0
2025-07-08,NDRA,2.0665975,3.4566,1.0,10.6,8.06,-23.96226415094339,12.830188679245303,-33.96226415094339
2025-07-08,WOLF,0.4285282,2.31,2.0,3.2999,2.58,-21.815812600381832,0.9121488529955535,-27.876602321282462
2025-07-08,OCC,0.2596686,3.62,3.0,4.56,4.65,1.9736842105263275,15.789473684210531,-4.3859649122806825
2025-07-08,ZEPP,0.23563218,3.48,4.0,4.3,5.055,17.558139534883722,67.90697674418604,-7.20930232558139
2025-07-08,VIOT,0.2313677,2.64,5.0,3.25,2.74,-15.692307692307683,9.23076923076922,-21.23076923076923
2025-07-09,PROK,0.55761385,3.73,1.0,5.8099,4.37,-24.78355909740271,22.721561472658735,-28.053839136646076
2025-07-09,SOBR,0.43620193,3.37,2.0,4.84,4.7,-2.8925619834710647,9.297520661157034,-15.241735537190094
2025-07-09,KZIA,0.43589747,6.825,3.0,9.8,9.55,-2.5510204081632626,10.102040816326507,-20.408163265306133
2025-07-09,BTCT,0.28486645,3.37,4.0,4.33,3.4491,-20.344110854503462,0.2309468822170757,-26.558891454965362
2025-07-09,WKHS,0.24723256,2.71,5.0,3.38,2.89,-14.49704142011834,15.088757396449704,-17.159763313609467
2025-07-10,USAR,0.18896842,9.79,1.0,11.64,11.0635,-4.952749140893475,0.6013745704467333,-7.130584192439859
2025-07-10,LIMN,0.15134096,5.22,2.0,6.05,7.22,19.338842975206603,23.140495867768607,-3.8016528925619797
2025-07-10,CRML,0.14840996,2.83,3.0,3.25,3.0348,-6.6215384615384565,2.7661538461538404,-12.307692307692308
2025-07-10,METC,0.14409447,12.7,4.0,14.53,16.64,14.521679284239507,19.266345492085346,-0.8947006194081175
2025-07-10,POET,0.1147542,6.1,5.0,6.8,6.93,1.9117647058823461,7.058823529411762,-3.529411764705881
2025-07-11,CVM,0.6387435,3.82,1.0,6.26,3.63,-42.01277955271565,13.258785942492013,-45.68690095846646
2025-07-11,GAUZ,0.20336127,5.95,2.0,7.16,6.43,-10.195530726256985,1.9553072625698276,-10.195530726256985
2025-07-11,RCAT,0.19469023,6.78,3.0,8.1,8.53,5.308641975308648,11.851851851851869,-4.814814814814817
2025-07-11,BTCS,0.14895117,4.29,4.0,4.93,4.5401,-7.908722109533473,2.4340770791074995,-10.344827586206895
2025-07-11,BTCT,0.14133334,3.75,5.0,4.28,4.27,-0.23364485981309802,11.91588785046729,-5.841121495327107
2025-07-14,DARE,2.145129,2.515,1.0,7.91,3.1116,-60.66245259165613,16.18204804045511,-61.820480404551205
2025-07-14,YHC,0.34615386,2.6,2.0,3.47,4.61,32.85302593659942,42.36311239193085,-11.815561959654186
2025-07-14,HUBC,0.24603176,2.52,3.0,3.14,2.815,-10.350318471337584,9.394904458598718,-14.649681528662416
2025-07-14,SQNS,0.17999995,4.5,4.0,5.31,5.43,2.259887005649719,9.79284369114879,-11.487758945386052
2025-07-14,HYPD,0.13378692,13.23,5.0,15.0,11.95,-20.333333333333336,6.5326666666666755,-23.33333333333333
2025-07-15,KC,0.1605035,12.71,1.0,14.75,15.075,2.203389830508473,2.8474576271186436,-2.037288135593218
2025-07-15,PROK,0.15040648,3.69,2.0,4.245,3.3992,-19.924617196702,1.2956419316843215,-22.025912838633687
2025-07-15,QXL,0.1394422,5.02,3.0,5.72,5.4985,-3.8723776223776207,6.465034965034966,-6.643356643356646
2025-07-15,VNET,0.1373738,7.92,4.0,9.01,9.01,0.0,1.220865704772467,-7.1032186459489495
2025-07-15,PMA,0.12103748,3.47,5.0,3.89,3.192,-17.94344473007712,0.25706940874035134,-40.87403598971723
2025-07-16,NUWE,1.74106,6.895,1.0,18.9,15.755,-16.640211640211632,37.301587301587304,-23.17460317460317
2025-07-16,DTST,0.3431952,3.38,2.0,4.54,5.32,17.180616740088105,19.81277533039647,-6.828193832599105
2025-07-16,PEW,0.24129927,17.24,3.0,21.4,13.16,-38.50467289719626,0.0,-42.5233644859813
2025-07-16,BTCS,0.2086438,4.75,4.0,5.74,5.775,0.6097560975609762,12.979094076655052,-7.14285714285714
2025-07-16,DPRO,0.19529092,3.61,5.0,4.31,5.13,19.025522041763352,22.96983758700697,-6.148491879350337
2025-07-17,EMPD,3.415186,9.2243,1.0,40.727,22.0,-45.98178112799862,8.257421366660944,-48.85456822255506
2025-07-17,XXII,0.67248905,4.58,2.0,7.66,4.595,-40.01305483028721,23.629242819843356,-41.12271540469974
2025-07-17,LCID,0.3100437,2.29,3.0,3.01,3.095,2.823920265780755,11.960132890365461,-5.980066445182719
2025-07-17,SRPT,0.22633302,18.38,4.0,22.54,21.87,-2.97249334516414,1.4196983141082642,-7.098491570541254
2025-07-17,BTCS,0.15028083,5.76,5.0,6.625,6.51,-1.7358490566037776,9.28301886792453,-8.226415094339623
2025-07-18,LITS,0.9955554,4.5,1.0,8.98,5.97,-33.51893095768374,0.22271714922048602,-41.87082405345212
2025-07-18,BZAI,0.75247526,3.03,2.0,5.31,4.8765,-8.1638418079096,2.4482109227872195,-22.22222222222222
2025-07-18,MESO,0.24797404,12.34,3.0,15.4,15.57,1.103896103896096,4.350649350649349,-3.3766233766233777
2025-07-18,LAWR,0.247159,3.52,4.0,4.39,3.6,-17.995444191343957,0.4555808656036442,-27.562642369020494
2025-07-18,IH,0.18445599,3.04,5.0,3.6,3.12,-13.33333333333333,0.0,-16.666666666666675
2025-07-21,GCTK,0.6655232,5.83,1.0,9.71,8.0,-17.610710607621016,0.4119464469618972,-20.3913491246138
2025-07-21,OPEN,0.23555553,2.25,2.0,2.78,3.305,18.88489208633095,78.77697841726618,-5.935251798561136
2025-07-21,PWCM,0.20433438,3.23,3.0,3.89,4.9357,26.881748071979427,28.017994858611807,-7.76349614395887
2025-07-21,UAVS,0.17821789,2.02,4.0,2.38,1.985,-16.596638655462183,12.184873949579833,-21.84873949579831
2025-07-21,CD,0.16085267,5.16,5.0,5.99,2.16,-63.939899833055094,1.8363939899832982,-76.96160267111853
2025-07-22,KSS,0.8954184,10.42,1.0,19.75,14.34,-27.392405063291136,8.303797468354436,-37.34481012658228
2025-07-22,LCFY,0.2759924,5.29,2.0,6.75,6.35,-5.9259259259259345,0.592592592592589,-18.518518518518523
2025-07-22,GVH,0.257123,7.16,3.0,9.001,7.849,-12.798577935784905,19.32007554716144,-24.341739806688146
2025-07-22,OPEN,0.211838,3.21,4.0,3.89,2.92,-24.935732647814913,2.570694087403602,-31.362467866323907
2025-07-23,PAPL,1.4200001,3.5,1.0,8.47,5.585,-34.061393152302244,12.51357733175913,-42.03069657615113
2025-07-23,DNUT,0.38498783,4.13,2.0,5.72,4.32,-24.47552447552447,0.17482517482518833,-27.797202797202793
2025-07-23,IOVA,0.19808304,3.13,3.0,3.75,3.985,6.266666666666665,15.466666666666672,-4.533333333333333
2025-07-23,FLWS,0.1548872,6.65,4.0,7.68,6.86,-10.677083333333325,9.895833333333325,-11.197916666666663
2025-07-23,ATYR,0.13167942,5.24,5.0,5.93,6.6355,11.89713322091064,19.730185497470497,-2.1922428330522714
2025-07-24,BGMS,0.31999993,14.0,1.0,18.48,16.89,-8.603896103896103,7.5016233766233675,-17.74891774891776
2025-07-24,MXL,0.29242814,15.32,2.0,19.8,17.13,-13.484848484848488,1.0101010101010166,-15.606060606060602
2025-07-24,UAVS,0.21380472,2.97,3.0,3.605,2.945,-18.307905686546466,0.0,-21.775312066574205
2025-07-24,LIMN,0.19783616,6.47,4.0,7.75,8.36,7.870967741935475,12.25806451612903,-7.9999999999999964
2025-07-24,ATHR,0.153481,6.32,5.0,7.29,8.82,20.98765432098766,39.231824417009605,-3.9574759945130267
2025-07-25,LHAI,1.0905862,5.63,1.0,11.77,10.1433,-13.820730671197957,10.450297366185213,-26.932880203908237
2025-07-25,HTOO,0.42706132,4.73,2.0,6.75,6.87,1.7777777777777892,26.666666666666682,-10.962962962962964
2025-07-25,FRMM,0.3145541,2.13,3.0,2.8,2.97,6.071428571428594,21.764285714285727,-16.964285714285698
2025-07-25,COUR,0.27202642,9.08,4.0,11.55,12.365,7.056277056277049,8.138528138528134,-4.761904761904767
2025-07-25,LIDR,0.18493152,2.92,5.0,3.465,4.455,28.57142857142858,54.6897546897547,-3.8961038961038863
2025-07-28,CELC,2.3376904,13.77,1.0,45.98,36.975,-19.584602000869932,0.9569377990430672,-23.879947803392774
2025-07-28,SMX,0.3443395,2.12,2.0,2.85,2.215,-22.280701754385966,16.491228070175424,-25.789473684210517
2025-07-28,CRVO,0.34075725,8.98,3.0,12.04,8.62,-28.405315614617944,9.053156146179408,-28.654485049833877
2025-07-28,SUIG,0.31186438,5.9,4.0,7.74,5.82,-24.8062015503876,3.48837209302324,-28.552971576227392
2025-07-28,LIDR,0.20405865,4.435,5.0,5.34,4.1401,-22.47003745318351,20.599250936329593,-28.838951310861425
2025-07-29,SRPT,0.31529582,13.86,2.0,18.21,15.945,-12.43822075782537,0.7688083470620555,-13.39868204283362
2025-07-29,SCNI,0.29024398,2.05,3.0,2.645,2.035,-23.062381852551983,31.568998109640823,-29.67863894139886
2025-07-29,XPRO,0.22222221,9.0,4.0,11.0,12.055,9.590909090909093,9.999999999999986,-4.454545454545455
2025-07-29,UAVS,0.14644349,2.39,5.0,2.74,2.42,-11.678832116788328,0.0,-13.503649635036496
2025-07-30,REPL,0.71066666,3.75,1.0,6.415,7.305,13.87373343725642,25.798908807482455,-10.989867498051442
2025-07-30,HAPN,0.27383685,13.11,2.0,16.7,15.78,-5.508982035928145,3.233532934131733,-10.77844311377245
2025-07-30,VFC,0.20995843,12.4,3.0,15.0,12.82,-14.533333333333331,2.6666666666666616,-15.333333333333343
2025-07-30,SUPX,0.18486345,16.12,4.0,19.1,23.275,21.858638743455483,55.183246073298434,-14.136125654450272
2025-07-30,RCON,0.18141592,2.26,5.0,2.67,2.75,2.9962546816479474,28.838951310861425,-14.977528089887649
2025-07-31,APLD,0.25324023,10.03,1.0,12.57,13.03,3.6595067621320476,11.853619729514708,-2.9435163086714455
2025-07-31,INDV,0.19913793,17.4,2.0,20.99,20.2,-3.7636969985707425,0.09528346831826351,-8.003811338732724
2025-07-31,MDXG,0.16564417,6.52,3.0,7.59,7.1756,-5.459815546772062,5.270092226613965,-6.324110671936756
2025-07-31,RSI,0.1550436,16.06,4.0,18.55,20.13,8.51752021563341,9.541778975741245,-5.876010781671159
2025-07-31,ALHC,0.15384614,13.0,5.0,15.0,13.7509,-8.327333333333332,8.266666666666666,-10.066666666666668
2025-08-01,NAMM,0.43939388,3.96,1.0,5.7,4.24,-25.6140350877193,1.754385964912264,-30.175438596491233
2025-08-01,FDMT,0.1733334,4.5,2.0,5.28,6.46,22.34848484848484,26.70454545454546,-5.492424242424243
2025-08-01,ATEC,0.13185263,10.58,3.0,11.975,13.665,14.112734864300624,15.99164926931107,-2.630480167014615
2025-08-01,FLGT,0.12048888,17.18,4.0,19.25,18.51,-3.8441558441558388,1.3506493506493689,-4.831168831168831
2025-08-01,SUIG,0.11191332,5.54,5.0,6.16,4.905,-20.373376623376625,0.6477272727272831,-24.512987012987008
2025-08-04,PBM,0.92813563,2.36,1.0,4.55,4.545,-0.1098901098901095,27.472527472527464,-16.263736263736263
2025-08-04,VISN,0.7752652,7.79,2.0,13.83,14.515,4.953000723065792,9.544468546637752,-6.796818510484448
2025-08-04,UNIT,0.5417516,4.91,3.0,7.57,8.205,8.388375165125495,10.303830911492717,-0.5284015852047519
2025-08-04,SNGX,0.5255474,2.74,4.0,4.18,3.1699,-24.165071770334922,3.4688995215311103,-27.990430622009566
2025-08-04,SRTA,0.30158734,3.78,5.0,4.92,4.415,-10.264227642276424,1.0162601626016121,-10.97560975609756
2025-08-05,AIP,0.51111114,9.45,1.0,14.24,13.0751,-8.180477528089881,0.3511235955056202,-13.623595505617969
2025-08-05,STAA,0.4478097,18.49,2.0,26.77,27.04,1.0085917071348538,1.4942099364960937,-0.22413149047441072
2025-08-05,TCMD,0.3538928,9.89,3.0,13.39,12.42,-7.244212098581038,3.2486930545182924,-17.699775952203144
2025-08-05,AMRC,0.2964071,16.7,4.0,21.65,24.785,14.48036951501155,15.79676674364896,-3.9722863741339487
2025-08-05,CSTL,0.29569197,15.32,5.0,19.85,20.26,2.065491183879087,7.4685138539042795,-5.8942065491183975
2025-08-06,MYGN,0.33979332,3.87,1.0,5.22,5.625,7.758620689655182,10.15325670498084,-4.4061302681992265
2025-08-06,CYRX,0.2759645,6.74,2.0,8.6,8.7004,1.1674418604651127,8.720930232558132,-4.1860465116279055
2025-08-06,FLYW,0.26156068,10.38,3.0,13.095,12.105,-7.56013745704468,1.0309278350515427,-9.507445589919827
2025-08-06,GO,0.22503829,13.02,4.0,15.95,18.4325,15.564263322884031,18.49529780564263,-1.8808777429467072
2025-08-06,EHTH,0.22324157,3.27,5.0,4.0,4.82,20.500000000000007,22.750000000000004,-4.749999999999998
2025-08-07,AVAH,0.36760926,3.89,1.0,5.32,5.75,8.08270676691729,16.541353383458635,-1.8796992481203145
2025-08-07,ARHS,0.2566446,9.87,2.0,12.4,11.935,-3.749999999999998,4.677419354838719,-7.41935483870968
2025-08-07,MATV,0.24132752,6.28,3.0,7.795,8.42,8.017960230917254,10.327132777421411,-0.19243104554200752
2025-08-07,RUN,0.23484015,9.07,4.0,11.21,11.975,6.824264049955375,9.991079393398739,-3.5682426404995526
2025-08-07,XERS,0.22495449,5.49,5.0,6.725,6.61,-1.7100371747211796,5.353159851301115,-9.293680297397767
2025-08-08,LZ,0.28434885,8.37,1.0,10.75,10.99,2.2325581395348904,10.976744186046506,-0.6511627906976791
2025-08-08,REAL,0.27949178,5.51,2.0,7.03,6.425,-8.60597439544809,4.836415362731139,-10.099573257467998
2025-08-08,OPRX,0.26557636,12.84,3.0,16.25,17.51,7.753846153846156,12.123076923076926,-11.938461538461532
2025-08-08,TKNO,0.26267278,4.34,4.0,5.48,4.23,-22.810218978102192,0.0,-23.813868613138702
2025-08-08,EMBC,0.24521458,10.36,5.0,12.9,12.1,-6.2015503875969,0.46511627906977715,-10.077519379844968
2025-08-11,IMXI,0.63954747,9.28,1.0,15.21,14.93,-1.8408941485864583,0.39447731755424265,-2.103879026955957
2025-08-11,AUUD,0.32435083,2.65,2.0,3.51,3.17,-9.686609686609682,7.692307692307687,-16.80911680911681
2025-08-11,BNC,0.21637416,17.1,3.0,20.8,27.27,31.10576923076922,34.615384615384606,-7.3317307692307825
2025-08-11,TLS,0.20588219,2.38,4.0,2.84,3.9,37.323943661971825,38.38028169014085,-0.7042253521126751
2025-08-11,SGML,0.19209564,5.44,5.0,6.485,6.61,1.9275250578257408,6.090979182729361,-5.011565150346953
2025-08-12,FRMM,0.7904191,3.34,1.0,5.9512,10.58,77.77927140744725,114.07447237531927,-17.999731146659503
2025-08-12,YSXT,0.20704842,2.27,2.0,2.74,2.11,-22.99270072992702,7.229927007299253,-23.357664233576646
2025-08-12,GDOT,0.20644498,9.93,3.0,11.98,13.25,10.601001669449083,14.065108514190317,-1.9198664440734592
2025-08-12,SBGI,0.18560278,12.56,4.0,14.9,14.99,0.6040268456375841,3.5570469798657633,-6.040268456375841
2025-08-12,ONDS,0.14868808,3.43,5.0,3.95,4.26,7.848101265822782,11.139240506329106,-2.27848101265824
2025-08-13,FRMM,0.40185547,10.24,1.0,14.36,10.66,-25.766016713091922,21.587743732590535,-32.38161559888578
2025-08-13,WBTN,0.36217952,9.36,2.0,12.68,16.96,33.75394321766563,45.50473186119874,0.0
2025-08-13,TGEN,0.24036276,8.82,3.0,10.94,8.55,-21.846435100548433,5.575868372943349,-23.03473491773309
2025-08-13,XFOR,0.23643422,2.58,4.0,3.19,2.965,-7.053291536050155,8.150470219435736,-14.733542319749205
2025-08-13,SMWB,0.19295776,7.1,5.0,8.47,8.455,-0.17709563164108877,0.35419126328215533,-9.917355371900838
2025-08-14,SNOA,0.844692,3.052,1.0,5.63,5.2499,-6.751332149200707,22.911190053285967,-14.207815275310832
2025-08-14,WULF,0.31868124,5.46,2.0,7.2,8.725,21.180555555555557,21.666666666666657,-6.388888888888888
2025-08-14,JEM,0.2698413,5.04,3.0,6.4,4.05,-36.718750000000014,0.0,-45.15625000000001
2025-08-14,DLO,0.16536129,11.69,4.0,13.64,15.2901,12.09750733137831,15.395894428152479,-3.079178885630496
2025-08-14,CINT,0.16460896,4.86,5.0,5.66,5.391,-4.752650176678452,0.7067137809187329,-11.660777385159015
2025-08-15,PPSI,0.55627024,3.11,1.0,4.83,4.36,-9.730848861283636,18.010351966873706,-15.113871635610776
2025-08-15,VBIO,0.45428574,3.5,2.0,5.09,3.6432,-28.42436149312376,10.019646365422386,-31.041257367387033
2025-08-15,KULR,0.18026567,5.27,3.0,6.22,5.28,-15.112540192926039,1.2861736334405238,-17.041800643086813
2025-08-15,VIOT,0.15299773,3.73,4.0,4.3,3.7601,-12.555813953488371,0.6976744186046657,-15.116279069767435
2025-08-15,AMBO,0.14905143,3.69,5.0,4.24,3.03,-28.53773584905661,0.0,-28.53773584905661
2025-08-18,PPCB,1.020906,2.87,1.0,5.8,5.6,-3.4482758620689724,61.37931034482757,-3.9655172413793016
2025-08-18,GDRX,0.24664879,3.73,2.0,4.65,5.1088,9.866666666666646,16.344086021505365,-3.655913978494618
2025-08-18,XNET,0.21126759,6.39,3.0,7.74,8.6316,11.519379844961254,13.695090439276502,-5.68475452196383
2025-08-18,WULF,0.115942,8.97,4.0,10.01,9.385,-6.243756243756248,6.992007992007987,-7.092907092907086
2025-08-18,OTLK,0.111111164,2.34,5.0,2.6,2.745,5.576923076923079,16.111538461538455,-0.19230769230769162
2025-08-19,LASE,0.8699186,2.46,1.0,4.6,4.055,-11.847826086956525,16.086956521739125,-15.867391304347823
2025-08-19,LIDR,0.1500001,2.6,2.0,2.99,2.515,-15.88628762541806,0.0,-16.889632107023424
2025-08-19,IOVA,0.12199998,2.5,3.0,2.805,2.59,-7.6648841354723825,1.426024955436711,-9.008912655971491
2025-08-19,KYIV,0.116666675,13.5,4.0,14.99,15.13,0.9339559706470935,9.939959973315538,-6.337558372248175
2025-08-19,TH,0.101863265,8.05,5.0,8.85,8.58,-3.050847457627115,0.3389830508474745,-4.74576271186441
2025-08-20,PPCB,0.3365667,3.67,1.0,4.905,4.415,-9.989806320081552,16.004077471967392,-13.557594291539242
2025-08-20,RCKT,0.31615114,2.91,2.0,3.83,3.75,-2.088772845953002,7.0496083550913635,-17.99477806788512
2025-08-20,HTZ,0.123077035,5.2,3.0,5.83,5.505,-5.574614065180105,4.631217838765012,-8.747855917667236
2025-08-21,CNTN,0.38300848,3.59,1.0,4.96,4.935,-0.504032258064524,22.782258064516125,-16.733870967741936
2025-08-21,VELO,0.2056961,3.16,2.0,3.81,3.365,-11.679790026246717,11.548556430446189,-14.698162729658792
2025-08-21,LYTS,0.15888834,19.3,3.0,22.36,20.38,-8.855098389982107,3.533094812164572,-10.286225402504478
2025-08-22,LIMN,0.37769783,2.78,1.0,3.82,3.43,-10.209424083769624,6.28272251308899,-19.10994764397905
2025-08-22,FMFC,0.17891812,7.21,2.0,8.5,9.3,9.411764705882364,10.588235294117654,-2.35294117647058
2025-08-25,SKYA,0.549966,7.355,1.0,11.4,10.35,-9.21052631578948,16.490350877192974,-12.192982456140356
2025-08-25,VELO,0.28534698,3.89,2.0,5.0,3.68,-26.400000000000002,1.7980000000000107,-28.400000000000002
2025-08-25,ASST,0.22624433,4.42,3.0,5.42,4.825,-10.977859778597775,4.243542435424352,-19.372693726937264
2025-08-25,AEHR,0.16408837,18.1,4.0,21.04,24.7,17.395437262357415,22.480988593155903,-0.1901140684410607
2025-08-25,CGTX,0.12633455,2.81,5.0,3.165,3.18,0.4739336492890933,21.011058451816744,-3.6334913112164413
2025-08-26,PACK,0.2795031,4.83,1.0,6.18,5.55,-10.194174757281548,2.1035598705501535,-14.239482200647247
2025-08-26,SER,0.24113476,5.64,2.0,7.0,5.47,-21.857142857142865,13.142857142857146,-31.14285714285714
2025-08-26,OPAD,0.14560437,3.64,3.0,4.17,3.66,-12.230215827338121,10.287769784172674,-21.79856115107913
2025-08-26,OTLK,0.13973057,2.97,4.0,3.38,2.71,-19.82248520710059,0.2958579881656931,-20.710059171597628
2025-08-26,DOMO,0.10621393,13.84,5.0,15.31,16.08,5.029392553886325,11.691704768125422,-0.19595035924233617
2025-08-27,KSS,0.26194263,13.04,1.0,16.455,16.115,-2.066241264053481,2.2789425706472244,-7.809176542084462
2025-08-27,SKYA,0.17677295,9.73,2.0,11.45,15.67,36.85589519650656,59.21397379912665,-3.9301310043668103
2025-08-27,VIR,0.12162161,4.44,3.0,4.98,5.205,4.518072289156616,16.86746987951806,-2.6104417670682833
2025-08-27,GOOS,0.109285116,12.17,4.0,13.5,14.085,4.333333333333345,6.074074074074076,-0.8888888888888835
2025-08-28,GPRE,0.16683412,9.95,1.0,11.61,11.125,-4.177433247200679,1.2058570198105079,-8.158484065460803
2025-08-28,VELO,0.1222707,4.58,2.0,5.14,4.5,-12.45136186770427,1.7490272373540838,-15.175097276264582
2025-08-28,SPRC,0.11971831,4.26,3.0,4.83,3.0716,-36.40579710144928,2.0703933747411973,-39.54451345755694
2025-08-28,OPAD,0.11904764,3.36,4.0,3.76,6.085,61.835106382978736,68.88297872340425,-5.319148936170204
2025-08-28,TVTX,0.106651306,17.44,5.0,19.3,17.71,-8.23834196891191,1.3730569948186666,-9.222797927461146
2025-08-29,DFNS,0.47425473,3.69,1.0,5.44,4.8704,-10.47058823529412,7.536764705882337,-19.852941176470583
2025-08-29,WOOF,0.23219812,3.23,2.0,3.96,3.95,-0.2525252525252486,5.808080808080818,-6.565656565656564
2025-08-29,NEO,0.21775305,7.21,3.0,8.78,8.82,0.4555808656036442,3.1890660592255315,-7.744874715261951
2025-08-29,SOGP,0.17636359,12.5,4.0,14.57,12.058,-17.240905971173646,5.422100205902525,-21.34454358270418
2025-08-29,YDKG,0.17102134,4.21,5.0,4.93,4.33,-12.170385395537519,35.69979716024343,-20.486815415821503
2025-09-02,MLYS,0.46253228,15.48,1.0,22.63,28.97,28.015908086610697,33.18603623508618,-2.7839151568714082
2025-09-02,MNKD,0.32026136,4.59,2.0,6.06,5.745,-5.198019801980191,2.293729372937303,-7.260726072607248
2025-09-02,ULCC,0.14897954,4.9,3.0,5.63,5.605,-0.444049733570151,7.447602131438713,-2.48667850799289
2025-09-03,STI,1.2835364,3.28,1.0,7.48,6.9803,-6.680481283422468,4.278074866310155,-26.340909090909104
2025-09-03,JEM,0.51351357,2.22,2.0,3.36,0.75,-77.67857142857143,9.82142857142858,-79.13690476190476
2025-09-03,GEG,0.28125,2.56,3.0,3.27,3.0701,-6.113149847094801,7.336391437308865,-13.455657492354733
2025-09-03,IPDN,0.24460435,6.95,4.0,8.65,8.58,-0.8092485549133,43.23699421965319,-20.231213872832367
2025-09-03,LPTH,0.22606933,4.91,5.0,6.02,5.545,-7.890365448504976,6.975083056478404,-8.637873754152814
2025-09-04,BRIA,0.8870568,2.5599,1.0,4.83,4.165,-13.768115942028992,2.4844720496894457,-25.670807453416145
2025-09-04,HWH,0.40406322,4.43,2.0,6.22,6.2559,0.577170418006423,15.110932475884265,-20.7395498392283
2025-09-04,AEO,0.30339622,13.62,3.0,17.75,18.765,5.718309859154935,6.197183098591563,-3.0422535211267587
2025-09-05,DLTH,0.15041792,3.59,1.0,4.13,3.8028,-7.922518159806291,0.4842615012106588,-15.254237288135586
2025-09-05,FBIO,0.14788735,2.84,2.0,3.26,3.67,12.576687116564433,14.110429447852768,-0.30674846625766694
2025-09-05,CIGL,0.116838455,2.91,3.0,3.25,4.2389,30.42769230769231,39.69230769230769,-12.307692307692308
2025-09-05,ASST,0.107078075,5.51,4.0,6.1,4.635,-24.016393442622952,1.5295081967213076,-26.885245901639344
2025-09-05,LAWR,0.101382494,2.17,5.0,2.39,2.395,0.20920502092049986,17.987447698744763,-5.020920502092052
2025-09-08,RAPP,1.6754875,14.36,1.0,38.42,31.63,-17.673086933888605,10.016918271733477,-29.588755856324834
2025-09-08,FWDI,0.8648732,16.355,2.0,30.5,25.39,-16.754098360655732,4.819672131147534,-32.45901639344262
2025-09-08,HOUR,0.4642856,3.64,3.0,5.33,5.79,8.630393996247655,28.330206378986865,-12.195121951219523
2025-09-08,QS,0.2831633,7.84,4.0,10.06,9.505,-5.516898608349896,6.163021868787277,-7.952286282306165
2025-09-08,MCRB,0.23192143,19.36,5.0,23.85,23.435,-1.740041928721181,3.417610062893073,-11.949685534591204
2025-09-09,ZONE,0.48433053,3.51,1.0,5.21,4.53,-13.051823416506714,2.8790786948176716,-25.5278310940499
2025-09-09,MGIH,0.28318584,2.26,2.0,2.9,2.085,-28.103448275862064,55.172413793103445,-39.6551724137931
2025-09-09,DC,0.11764705,4.59,3.0,5.13,4.505,-12.183235867446395,0.3898635477582957,-12.768031189083828
2025-09-09,WYFI,0.100000024,16.0,4.0,17.6,18.3579,4.30625,7.727272727272716,-2.840909090909094
2025-09-10,ASST,0.8210987,6.28,1.0,11.32,8.1343,-28.1422261484099,11.307420494699638,-33.48056537102474
2025-09-10,DUO,0.1898017,3.53,2.0,4.2,3.37,-19.76190476190476,5.952380952380953,-22.38095238095239
2025-09-10,REVB,0.16309023,2.33,3.0,2.71,2.46,-9.225092250922506,7.011070110701101,-14.39114391143912
2025-09-10,MEI,0.14936328,7.4,4.0,8.505,8.42,-0.9994121105232345,2.645502645502651,-7.348618459729583
2025-09-10,DAKT,0.14228344,17.43,5.0,19.91,20.99,5.424409844299349,11.752887995981908,-0.954294324460081
2025-09-11,MOGU,1.8440001,2.5,1.0,7.11,4.87,-31.50492264416315,13.924050632911378,-40.78762306610408
2025-09-11,MAZE,0.31710362,16.02,2.0,21.1,24.89,17.962085308056874,20.853080568720372,-5.213270142180104
2025-09-11,OPEN,0.29863477,5.86,3.0,7.61,10.33,35.742444152431,40.60446780551903,-2.4967148488830526
2025-09-11,WLDS,0.2771343,5.18,4.0,6.615,8.1362,22.99622071050642,51.1715797430083,-1.4361300075585892
2025-09-11,MIMI,0.15999997,9.0,5.0,10.44,8.75,-16.187739463601524,0.0,-29.885057471264364
2025-09-12,HCWB,0.6536144,3.32,1.0,5.48,5.63,2.737226277372251,11.45620437956203,-13.503649635036496
2025-09-12,ANGX,0.30384624,13.0,2.0,16.95,13.48,-20.471976401179937,6.077286135693227,-38.93805309734514
2025-09-12,ADXN,0.2551254,8.78,3.0,11.02,10.69,-2.9945553539019953,9.345735027223224,-8.349364791288561
2025-09-12,MGIH,0.23744285,2.19,4.0,2.71,2.8,3.3210332103321027,5.350553505535061,-14.760147601476014
2025-09-12,HUIZ,0.23674917,2.83,5.0,3.5,4.28,22.285714285714285,29.428571428571427,-5.714285714285716
2025-09-15,HSDT,2.2142856,7.56,1.0,24.3,18.22,-25.020576131687243,0.7818930041152194,-31.069958847736622
2025-09-15,GLUE,0.5010395,4.81,2.0,7.22,7.025,-2.700831024930739,2.4930747922437657,-16.066481994459835
2025-09-15,AZIO,0.24264717,4.08,3.0,5.07,2.76,-45.5621301775148,0.0,-49.5069033530572
2025-09-15,RCEL,0.20833337,4.56,4.0,5.51,6.72,21.9600725952813,29.219600725952823,0.0
2025-09-15,KEEL,0.13452911,2.23,5.0,2.53,2.465,-2.5691699604743046,5.928853754940722,-6.719367588932801
2025-09-16,WBTN,0.32085562,14.96,1.0,19.76,20.93,5.921052631578938,7.8947368421052655,-6.325404858299599
2025-09-16,DFNS,0.22718441,5.15,2.0,6.32,5.6901,-9.96677215189874,5.379746835443044,-11.708860759493678
2025-09-16,MBAI,0.22439349,2.12,3.0,2.595,2.5623,-1.2601156069364183,10.982658959537561,-14.45086705202312
2025-09-16,JMIA,0.13483143,9.79,4.0,11.11,11.96,7.65076507650766,11.341134113411332,-1.2376237623762276
2025-09-16,ZONE,0.104477644,2.68,5.0,2.96,2.7499,-7.097972972972977,1.3513513513513598,-10.641891891891886
2025-09-17,NFE,0.385,2.0,1.0,2.77,2.165,-21.841155234657037,2.8880866425992746,-26.714801444043324
2025-09-17,CWD,0.36063004,6.35,2.0,8.61,7.72,-10.336817653890817,9.523809523809534,-19.163763066202087
2025-09-17,FGNX,0.24229074,6.81,3.0,8.46,8.68,2.6004728132387633,8.274231678486998,-7.185579196217507
2025-09-17,ORKA,0.18926167,14.9,4.0,17.72,16.205,-8.549661399548537,4.401805869074504,-11.625282167042883
2025-09-17,QNRX,0.16498697,8.2061,5.0,9.56,8.56,-10.460251046025103,4.602510460251041,-20.222803347280337
2025-09-18,LASE,0.42142856,2.8,1.0,3.98,4.68,17.587939698492463,47.73869346733668,-13.31658291457286
2025-09-18,NBTX,0.2300787,10.2026,2.0,12.55,12.41,-1.1155378486055856,5.179282868525892,-7.427888446215136
2025-09-18,PESI,0.15628827,8.19,3.0,9.47,9.49,0.21119324181626542,8.44772967265046,-1.1615628299894487
2025-09-18,KEEL,0.1098361,3.05,4.0,3.385,3.1903,-5.751846381093051,6.3515509601181686,-6.9423929098966
2025-09-18,TURB,0.105589986,11.27,5.0,12.46,10.62,-14.767255216693432,8.105939004815399,-17.81701444622793
2025-09-19,AGMH,2.134529,2.23,1.0,6.99,10.69,52.93276108726752,158.94134477825466,-10.872675250357656
2025-09-19,ZOOZ,0.948498,2.33,2.0,4.57,2.56,-43.98249452954048,10.722100656455137,-47.92122538293218
2025-09-19,YDKG,0.31896555,3.48,3.0,4.59,3.44,-25.05446623093682,2.8322440087146017,-32.89760348583878
2025-09-19,MGIH,0.20491803,2.44,4.0,2.94,2.58,-12.244897959183664,6.1224489795918435,-14.965986394557817
2025-09-19,WLDS,0.19491518,4.72,5.0,5.64,5.44,-3.5460992907801248,19.680851063829795,-5.319148936170215
2025-09-22,AVX,2.0082986,2.41,1.0,7.25,5.6524,-22.035862068965518,24.0,-29.655172413793107
2025-09-22,AIXC,1.9225354,2.84,2.0,8.3,5.42,-34.6987951807229,6.144578313253013,-43.19277108433736
2025-09-22,MBX,1.24,10.0,3.0,22.4,20.0,-10.71428571428571,18.169642857142865,-20.714285714285708
2025-09-22,PLTS,0.77699864,7.13,4.0,12.67,11.5,-9.23441199684294,29.597474348855577,-32.912391475927386
2025-09-22,BKKT,0.3697319,10.44,5.0,14.3,14.96,4.615384615384621,11.04895104895105,-14.335664335664344
2025-09-23,SLE,1.3536584,3.28,1.0,7.72,8.635,11.852331606217614,48.05699481865284,-2.849740932642486
2025-09-23,IPDN,0.4685315,2.86,2.0,4.2,4.699,11.880952380952369,20.714285714285708,-8.571428571428575
2025-09-23,SLNH,0.40714288,2.1,3.0,2.955,2.37,-19.796954314720814,0.5076142131979822,-25.211505922165824
2025-09-23,FLD,0.20876288,3.88,4.0,4.69,3.3,-29.63752665245204,0.10660980810235365,-31.343283582089555
2025-09-23,FLNA,0.1637932,2.32,5.0,2.7,3.44,27.40740740740739,35.555555555555564,-6.111111111111112
2025-09-24,QURE,1.8814056,13.66,1.0,39.49,47.56,20.43555330463409,29.678399594834136,-6.001519371992925
2025-09-24,SHFS,1.6349695,3.26,2.0,8.59,7.4039,-13.807916181606517,6.984866123399303,-25.377182770663566
2025-09-24,LAC,0.64657974,3.07,3.0,5.055,6.015,18.991097922848653,24.629080118694358,-1.4836795252225365
2025-09-24,CLPT,0.3388158,12.16,4.0,16.28,19.33,18.734643734643708,28.62407862407863,-0.49140049140050657
2025-09-24,AQMS,0.33333325,4.05,5.0,5.4,5.93,9.81481481481481,11.851851851851848,-14.814814814814826
2025-09-25,PEPG,1.218045,2.66,1.0,5.9,5.72,-3.050847457627126,7.457627118644061,-16.94915254237288
2025-09-25,LUXE,0.15789473,8.17,2.0,9.46,8.45,-10.676532769556047,0.0,-17.44186046511629
2025-09-25,LAC,0.12811983,6.01,3.0,6.77,7.36,8.714918759231916,11.225997045790258,-5.908419497784334
2025-09-25,CAPR,0.10016155,6.19,4.0,6.81,6.54,-3.964757709251099,7.635829662261395,-6.020558002936848
2025-09-26,BIAF,0.81231666,3.41,1.0,6.18,5.62,-9.06148867313915,17.961165048543705,-24.757281553398048
2025-09-26,DPU,0.5822785,3.16,2.0,5.0,4.72,-5.600000000000005,0.6000000000000005,-19.000000000000007
2025-09-26,AQST,0.11977184,5.26,3.0,5.89,5.935,0.7640067911714787,9.168081494057724,-1.273344651952446
2025-09-26,IONR,0.10239649,4.59,4.0,5.06,4.8396,-4.355731225296433,6.717391304347831,-9.090909090909093
2025-09-29,XTND,0.6291971,6.85,1.0,11.16,12.9304,15.863799283154133,17.025089605734767,-13.08243727598567
2025-09-29,ZURA,0.48962653,2.41,2.0,3.59,3.029,-15.626740947075213,4.178272980501396,-23.11977715877438
2025-09-29,STKH,0.4307692,4.3348,3.0,6.2,6.55,5.645161290322576,12.419354838709662,-14.35483870967743
2025-09-29,IBG,0.30962336,2.39,4.0,3.13,3.24,3.514376996805124,10.543130990415328,-15.495207667731625
2025-09-29,AVTX,0.23148143,10.8,5.0,13.3,12.965,-2.5187969924812093,5.789473684210522,-6.015037593984962
2025-09-30,SPRC,0.3183856,4.46,1.0,5.88,6.03,2.5510204081632626,20.74829931972788,-2.5510204081632515
2025-09-30,IBG,0.27301586,3.15,2.0,4.01,4.45,10.97256857855362,34.16458852867832,-5.486284289276799
2025-09-30,PATH,0.20859873,12.56,3.0,15.18,13.455,-11.363636363636365,0.0,-12.121212121212121
2025-09-30,DPRO,0.18848932,6.95,4.0,8.26,8.17,-1.0895883777239712,15.617433414043603,-4.963680387409209
2025-09-30,EFTY,0.16856945,14.89,5.0,17.16,16.81,-2.0396270396270455,6.060606060606055,-12.587412587412583
2025-10-01,LAC,0.30823112,5.71,1.0,7.47,7.095,-5.020080321285136,1.070950468540821,-11.914323962516725
2025-10-01,UCFI,0.29584348,4.09,2.0,5.3,5.51,3.9622641509434064,37.922641509433966,-3.9603773584905744
2025-10-01,NVA,0.27256095,16.4,3.0,20.87,19.29,-7.570675610924782,0.0,-14.662194537613814
2025-10-01,TWG,0.21688497,6.87,4.0,8.36,6.9099,-17.34569377990429,0.10765550239235644,-21.5311004784689
2025-10-01,RZLV,0.21485949,4.98,5.0,6.05,5.1072,-15.583471074380162,2.975206611570247,-18.34710743801652
2025-10-02,CIGL,0.4941634,2.57,1.0,3.84,4.53,17.96875,41.924479166666686,-8.072916666666663
2025-10-02,TSHA,0.26886785,3.18,3.0,4.035,4.805,19.083023543990073,21.933085501858727,-1.3630731102850069
2025-10-02,ANGX,0.2577319,7.76,4.0,9.76,9.01,-7.684426229508201,0.9221311475409832,-11.577868852459005
2025-10-02,ANGO,0.1499548,11.07,5.0,12.73,11.94,-6.205813040062846,0.23487824037706773,-10.8114689709348
2025-10-03,QCLS,0.20588243,5.1,1.0,6.1,5.88,-3.60655737704918,13.934426229508201,-15.573770491803263
2025-10-03,PLUG,0.13780928,2.83,2.0,3.22,3.815,18.47826086956521,22.670807453416142,-0.6211180124223614
2025-10-03,KDK,0.121522665,6.83,3.0,7.66,7.45,-2.741514360313313,0.5221932114882533,-7.963446475195823
2025-10-03,RUM,0.112313986,7.39,4.0,8.22,8.51,3.5279805352797844,8.880778588807758,-2.0681265206812682
2025-10-03,DBVT,0.10040808,12.25,5.0,13.48,12.94,-4.005934718100901,7.121661721068251,-7.41839762611276
2025-10-06,CRML,0.44047618,7.98,1.0,11.48,11.71,2.0034843205575026,45.29616724738674,-20.296167247386766
2025-10-06,IONR,0.25789475,4.75,2.0,5.975,6.63,10.962343096234317,36.401673640167374,-7.949790794979073
2025-10-06,NIOBW,0.22448981,2.45,3.0,3.0,2.775,-7.500000000000007,10.666666666666668,-10.666666666666657
2025-10-06,BTTC,0.1891892,9.25,4.0,11.0,10.0,-9.090909090909093,2.7272727272727337,-10.636363636363633
2025-10-06,PLUG,0.1811024,3.81,5.0,4.5,4.195,-6.7777777777777715,1.7777777777777892,-14.666666666666671
2025-10-07,TMQ,2.4593303,2.09,1.0,7.23,6.48,-10.373443983402487,10.373443983402497,-17.565698478561554
2025-10-07,DVLT,0.30274045,2.08,3.0,2.709,2.565,-5.3156146179402,14.43337024732374,-11.775562938353634
2025-10-07,LXEO,0.27511597,6.47,4.0,8.25,8.355,1.2727272727272698,7.636363636363641,-4.4848484848484915
2025-10-07,BTQ,0.20549452,9.1,5.0,10.97,13.92,26.891522333637184,31.09662716499544,-14.767547857793994
2025-10-08,XBIO,1.7272727,4.29,1.0,11.68,10.442,-10.599315068493143,19.263698630136993,-20.03424657534246
2025-10-08,ALP,1.374552,5.58,2.0,13.25,11.0,-16.981132075471695,4.150943396226414,-26.264150943396224
2025-10-08,ACXP,0.67132866,4.29,3.0,7.17,8.09,12.831241283124118,16.317991631799167,-11.576011157601119
2025-10-08,UPC,0.4332688,5.17,4.0,7.41,9.54,28.744939271255056,48.44804318488529,-5.128205128205132
2025-10-08,CRMLW,0.4112426,3.38,5.0,4.77,4.61,-3.354297693920316,4.612159329140475,-11.94968553459118
2025-10-09,TTRX,2.5307143,7.0,1.0,24.715,8.98,-63.66579000606919,7.222334614606507,-66.90269067367996
2025-10-09,AMBO,0.45938385,3.57,2.0,5.21,5.42,4.0307101727447225,5.566218809980805,-11.575815738963524
2025-10-09,BAOS,0.44410884,3.31,3.0,4.78,4.86,1.673640167364021,9.205020920502083,-8.577405857740583
2025-10-09,DMRA,0.43755877,10.65,4.0,15.32,14.68,-4.177545691906004,20.430809399477788,-12.53263707571801
2025-10-09,SUGP,0.21764708,6.7995,5.0,8.28,11.0,32.85024154589373,32.85024154589373,-5.797101449275354
2025-10-10,OLOX,0.71296287,3.24,1.0,5.55,6.2108,11.906306306306313,32.97297297297297,-4.86486486486486
2025-10-10,YDDL,0.50369,5.42,2.0,8.15,6.9,-15.337423312883436,9.079754601226986,-21.388957055214732
2025-10-10,LFS,0.47909975,3.11,3.0,4.6,4.36,-5.217391304347807,24.565217391304373,-32.6086956521739
2025-10-10,FMFC,0.41962183,8.46,4.0,12.01,9.76,-18.734388009991676,4.163197335553703,-25.062447960033307
2025-10-10,YHGJ,0.33333337,6.0,5.0,8.0,8.82,10.250000000000004,28.62499999999999,-18.374999999999996
2025-10-13,PMAX,0.93822396,2.59,1.0,5.02,3.5301,-29.679282868525892,3.5856573705179473,-33.46613545816732
2025-10-13,GWH,0.39423084,4.16,2.0,5.8,9.39,61.89655172413795,139.13793103448273,-2.931034482758621
2025-10-13,ACON,0.2579676,8.5972,3.0,10.815,9.62,-11.049468331021728,11.23439667128987,-12.528895053166888
2025-10-13,IMSRW,0.22699392,8.15,4.0,10.0,9.18,-8.200000000000006,3.299999999999992,-15.000000000000002
2025-10-13,UAMY,0.20311213,12.21,5.0,14.69,16.665,13.444520081688216,17.528931245745415,-9.053778080326758
2025-10-14,GWAV,1.0164511,8.51,1.0,17.16,17.0809,-0.46095571095571275,39.86013986013985,-12.296037296037287
2025-10-14,ELAB,0.85988486,5.21,2.0,9.69,9.15,-5.5727554179566425,14.860681114551099,-15.479876160990713
2025-10-14,AQMS,0.70534813,9.91,3.0,16.9,30.56,80.82840236686391,133.1360946745562,-8.40236686390532
2025-10-14,CRMLW,0.5468497,12.38,4.0,19.12,18.52,-3.1380753138075423,8.995815899581583,-29.341004184100427
2025-10-14,AKA,0.38990068,10.4324,5.0,14.5,14.33,-1.172413793103444,3.203448275862053,-6.896551724137934
2025-10-15,OMER,1.8268294,4.1,1.0,11.59,10.4399,-9.92320966350302,4.400345125107852,-20.707506471095773
2025-10-15,SDOT,1.1194603,5.19,2.0,11.0,7.86,-28.54545454545454,18.36363636363636,-35.63636363636363
2025-10-15,VERI,0.45146525,5.46,3.0,7.925,8.38,5.74132492113566,18.86435331230285,-5.741324921135648
2025-10-15,IBG,0.43167698,3.22,4.0,4.59,4.24,-7.625272331154676,7.625272331154687,-16.55773420479303
2025-10-15,RKDA,0.39837396,3.69,5.0,5.16,5.57,7.945736434108519,10.852713178294572,-8.720930232558144
2025-10-16,RYOJ,1.0714285,2.17,1.0,4.49,4.82,7.349665924276172,19.153674832962132,-21.380846325167045
2025-10-16,CRMLW,0.28406286,12.11,2.0,15.55,10.08,-35.17684887459808,0.0,-35.69131832797427
2025-10-16,AQMS,0.23744619,13.94,3.0,17.25,15.45,-10.43478260869566,12.927536231884051,-20.28985507246377
2025-10-16,IMSRW,0.1965065,11.45,4.0,13.7,10.0496,-26.645255474452554,0.0,-29.014598540145986
2025-10-16,QNRX,0.17878187,15.27,5.0,18.0,14.4,-19.999999999999996,2.444444444444449,-25.5
2025-10-17,ARTV,1.0180507,2.77,1.0,5.59,6.05,8.228980322003586,31.663685152057262,-8.048300536672626
2025-10-17,ACHV,0.28896105,3.08,2.0,3.97,4.185,5.415617128463457,11.836272040302266,-6.549118387909325
2025-10-17,OLOX,0.23701298,3.08,3.0,3.81,3.15,-17.322834645669293,11.548556430446189,-22.572178477690287
2025-10-20,REPL,1.042222,4.5,1.0,9.18,8.9499,-2.5065359477124183,12.091503267973858,-6.209150326797386
2025-10-20,GSIT,0.47637796,5.08,2.0,7.5,12.9,72.0,142.0,-2.1333333333333315
2025-10-20,FGI,0.27100837,4.76,3.0,6.05,6.44,6.446280991735542,13.388429752066134,-7.180165289256202
2025-10-20,ABAT,0.24020624,4.85,4.0,6.015,6.7646,12.462177888611814,14.214463840399016,-7.398171238570228
2025-10-20,DGNX,0.19391894,14.8,5.0,17.67,14.56,-17.60045274476515,0.1697792869269854,-21.90152801358235
2025-10-21,AMCI,0.5625,8.32,1.0,12.97,13.75,6.013878180416343,23.13030069390902,-10.077872012336165
2025-10-21,RYOJ,0.28152633,3.8,2.0,4.8698,9.45,94.05314386627788,134.71189781921228,-6.567004805125465
2025-10-21,GSIT,0.20894372,12.97,3.0,15.68,11.05,-29.52806122448979,9.311224489795933,-32.46173469387755
2025-10-21,VELO,0.14418209,5.93,4.0,6.785,6.86,1.1053795136330091,12.748710390567442,-8.621960206337508
2025-10-21,EOSE,0.13424385,15.01,5.0,17.05,16.265,-4.604105571847505,1.6422287390029267,-8.269794721407631
2025-10-22,BYND,0.70442,3.62,1.0,6.17,3.48,-43.59805510534846,24.635332252836317,-57.53646677471637
2025-10-22,FLWS,0.32233012,5.15,2.0,6.81,4.3535,-36.07195301027899,4.2584434654919345,-38.179148311306896
2025-10-22,DNUT,0.254717,3.71,3.0,4.65,3.985,-14.30107526881721,9.892473118279565,-16.559139784946243
2025-10-22,WOK,0.25,3.92,4.0,4.88,4.73,-3.0737704918032627,6.3524590163934525,-12.909836065573765
2025-10-22,RANI,0.24912286,2.85,5.0,3.56,2.515,-29.35393258426966,8.70786516853932,-36.51685393258428
2025-10-23,SLMT,0.47305393,8.35,1.0,12.3,11.36,-7.642276422764239,5.691056910569103,-15.284552845528465
2025-10-23,OLOX,0.34210527,2.28,2.0,3.06,2.99,-2.287581699346397,22.218954248366018,-10.784313725490202
2025-10-23,BIOA,0.32231402,6.05,3.0,8.0,8.0,0.0,7.499999999999996,-3.125
2025-10-23,GTX,0.18734801,12.51,4.0,14.81,14.89,0.5401755570560329,6.3382849426063315,-5.536799459824449
2025-10-23,CLB,0.17989016,12.77,5.0,15.065,16.44,9.127115831397292,12.512446067042804,-4.082309990043143
2025-10-24,AIXC,0.6402266,3.53,1.0,5.8,3.69,-36.37931034482759,2.931034482758621,-39.481034482758616
2025-10-24,NEUP,0.5555556,4.05,2.0,6.3,6.3465,0.7380952380952488,33.96825396825396,-10.158730158730156
2025-10-24,BYND,0.1672535,2.84,3.0,3.32,2.105,-36.596385542168676,0.9036144578313365,-37.34939759036144
2025-10-24,ARTV,0.15702474,4.84,4.0,5.6,5.49,-1.9642857142857073,0.3214285714285836,-13.571428571428568
2025-10-24,GRND,0.14838207,12.67,5.0,14.55,15.065,3.53951890034363,11.472852233676978,-0.6872852233677063
2025-10-27,CLIK,0.72141695,6.21,1.0,10.69,10.9191,2.1431244153414575,10.383536014967266,-14.780168381665105
2025-10-27,BBAR,0.43852913,10.11,2.0,14.54,14.24,-2.063273727647863,3.0261348005502064,-5.347317744154056
2025-10-27,DYN,0.36682236,17.12,3.0,23.4,24.17,3.290598290598301,6.623931623931623,-1.7094017094017033
2025-10-27,SUPV,0.36255574,6.73,4.0,9.17,10.0107,9.167938931297703,14.50381679389312,0.0
2025-10-27,CEPU,0.31693125,9.45,5.0,12.445,13.2,6.066693451185201,10.08437123342707,-4.700683005222983
2025-10-28,NBTX,0.20026529,15.08,1.0,18.1,17.9499,-0.829281767955814,1.0497237569060625,-3.977900552486202
2025-10-28,HELP,0.16743469,6.51,2.0,7.6,7.18,-5.52631578947368,5.263157894736836,-8.42105263157894
2025-10-28,IMSRW,0.1457144,7.0,3.0,8.02,7.1175,-11.253117206982544,2.6184538653366785,-19.45137157107232
2025-10-28,ARQT,0.14562118,19.64,4.0,22.5,24.97,10.977777777777774,14.444444444444438,-2.2222222222222254
2025-10-28,SEV,0.10911429,7.79,5.0,8.64,7.17,-17.013888888888896,0.0,-23.263888888888896
2025-10-29,PUMP,0.23287666,7.3,1.0,9.0,11.1622,24.02444444444445,25.333333333333318,-4.999999999999993
2025-10-29,FUBO,0.18131864,3.64,2.0,4.3,3.72,-13.488372093023248,2.0930232558139528,-14.883720930232547
2025-10-29,GNTA,0.14999998,2.4,3.0,2.76,3.0597,10.858695652173921,17.731884057971037,-1.8115942028985477
2025-10-29,WKEY,0.10946274,12.47,5.0,13.79,16.15,17.11385061638868,17.83901377810009,-8.992023205221166
2025-10-30,TECX,0.25886142,18.62,1.0,23.44,17.585,-24.97866894197952,10.921501706484626,-25.426621160409557
2025-10-30,GPRK,0.2226994,6.6,2.0,8.07,8.18,1.3630731102850069,2.4783147459727317,-2.850061957868655
2025-10-30,MAX,0.19064748,11.12,3.0,13.24,12.3,-7.099697885196365,0.07552870090634656,-8.157099697885196
2025-10-30,ARBB,0.18333328,6.0,4.0,7.1,7.5,5.633802816901423,14.083098591549303,-5.633802816901401
2025-10-30,EBS,0.15531921,9.4,5.0,10.86,12.79,17.77163904235728,23.47974217311235,-0.18416206261510082
2025-10-31,GETY,0.522388,2.01,1.0,3.06,1.9078,-37.65359477124184,4.90196078431373,-38.725490196078425
2025-10-31,ARDX,0.28343308,5.01,2.0,6.42,6.045,-5.841121495327107,4.828660436137078,-8.722741433021797
2025-10-31,ATEC,0.22627068,16.33,3.0,20.015,18.9529,-5.306520109917567,0.6744941294029472,-6.620034973769673
2025-10-31,DPU,0.20401335,2.99,4.0,3.6,3.7,2.77777777777779,5.833333333333335,-8.333333333333337
2025-10-31,FIP,0.1860044,5.11,5.0,6.06,5.36,-11.551155115511536,0.0,-15.5115511551155
2025-11-03,CRBU,0.40495872,2.42,1.0,3.4,2.425,-28.676470588235293,3.9705882352941257,-30.000000000000004
2025-11-03,AREC,0.28303874,3.85,2.0,4.94,3.99,-19.23076923076923,0.0,-21.255060728744944
2025-11-03,CIFR,0.23002684,18.65,3.0,22.935,22.9,-0.1526051885764157,9.483322432962726,-8.349683889252235
2025-11-03,LGCL,0.20072997,2.74,4.0,3.29,3.2494,-1.2340425531914834,8.51063829787233,-9.419452887537993
2025-11-03,KVUE,0.18745446,14.37,5.0,17.07,16.215,-5.008787346221444,0.6444053895723556,-5.477445811364956
2025-11-04,TCMD,0.3506657,15.77,1.0,21.3,22.26,4.507042253521121,11.92488262910798,-2.53708920187794
2025-11-04,IHRT,0.23024046,2.91,2.0,3.58,3.965,10.754189944134062,15.083798882681565,-8.100558659217882
2025-11-04,UPWK,0.20473444,15.63,3.0,18.74,17.665,-5.736392742796159,0.5069370330843315,-14.087513340448222
2025-11-04,HTZ,0.16194332,4.94,4.0,5.74,6.755,17.682926829268286,24.564459930313596,-2.4390243902439157
2025-11-04,SGHC,0.12211895,10.56,5.0,11.85,12.25,3.3755274261603407,4.303797468354431,-5.0632911392405
2025-11-05,APPS,0.3471284,5.92,1.0,7.975,7.325,-8.150470219435736,3.8231974921629996,-12.476489028213155
2025-11-05,BW,0.28208554,3.74,2.0,4.795,4.875,1.6684045881126153,15.745568300312819,-1.147028154327423
2025-11-05,NPCE,0.23723412,9.4,3.0,11.63,13.0,11.779879621668087,18.743766122098027,-7.393809114359429
2025-11-05,RVLV,0.1831832,19.98,4.0,23.64,22.385,-5.3087986463620895,0.4653130287648022,-10.628172588832484
2025-11-05,OSS,0.18008482,4.72,5.0,5.57,5.765,3.5008976660682034,3.7701974865349985,-8.886894075403951
2025-11-06,STGW,0.38981295,4.81,1.0,6.685,5.6101,-16.079281974569927,3.0665669409124963,-16.679132385938654
2025-11-06,FWRD,0.24024868,17.69,2.0,21.94,20.93,-4.603463992707391,4.284412032816753,-5.50364630811303
2025-11-06,MQ,0.2321428,4.48,3.0,5.52,4.965,-10.054347826086952,0.9057971014492905,-12.681159420289845
2025-11-06,FSLY,0.20198262,8.07,4.0,9.7,11.075,14.175257731958757,15.670103092783517,-0.36082474226803996
2025-11-06,LZ,0.1921376,10.175,5.0,12.13,10.93,-9.892827699917571,2.2258862324814555,-13.643858202802972
2025-11-07,MSGM,1.0799086,2.19,1.0,4.555,3.73,-18.111964873765086,6.913282107574115,-30.623490669593856
2025-11-07,ORGO,0.31362462,3.89,2.0,5.11,5.565,8.904109589041088,21.330724070450092,-2.3483365949119372
2025-11-07,HLLY,0.23076916,2.73,3.0,3.36,3.56,5.952380952380953,21.130952380952394,-4.761904761904756
2025-11-07,TNDM,0.2003001,13.33,4.0,16.0,16.47,2.937499999999993,4.406249999999989,-5.000000000000004
2025-11-07,NATR,0.19227982,13.73,5.0,16.37,17.865,9.132559560171028,9.590714722052528,-2.229688454489931
2025-11-10,COGT,1.2105262,14.82,1.0,32.76,32.19,-1.7399267399267448,10.347985347985356,-5.372405372405364
2025-11-10,SOC,0.29775274,5.34,2.0,6.93,6.04,-12.842712842712833,3.607503607503615,-15.58441558441559
2025-11-10,VFF,0.15202701,2.96,3.0,3.41,3.46,1.4662756598240456,8.211143695014655,-4.985337243401755
2025-11-10,PRTH,0.14989734,4.87,4.0,5.62,5.565,-0.9786476868327343,10.320284697508896,-1.7793594306049876
2025-11-10,NVA,0.14092445,8.87,5.0,10.12,9.845,-2.717391304347816,6.225296442687744,-6.104743083003939
2025-11-11,BBAI,0.21891415,5.71,1.0,6.96,6.09,-12.5,0.4310344827586299,-13.64942528735632
2025-11-11,REAL,0.21231043,11.21,2.0,13.58,15.405,13.43888070692194,14.580265095729006,-5.743740795287177
2025-11-11,CYCU,0.21200001,2.64,3.0,3.2,3.36,4.999999999999982,12.5,-5.312500000000009
2025-11-11,PUBM,0.2026143,7.65,4.0,9.2,10.965,19.18478260869565,20.434782608695667,-0.7608695652173703
2025-11-11,BODI,0.20119524,5.02,5.0,6.03,6.0915,1.0199004975124382,5.306799336650081,-15.09121061359867
2025-11-12,MH,0.1715039,11.37,1.0,13.32,13.96,4.8048048048048075,6.118618618618621,-5.405405405405405
2025-11-12,PAL,0.12765956,6.58,3.0,7.42,8.525,14.892183288409711,17.9245283018868,-0.40431266846361336
2025-11-12,KOPN,0.125,2.8,4.0,3.15,2.825,-10.317460317460315,4.1269841269841345,-14.28571428571428
2025-11-12,IHS,0.12481427,6.73,5.0,7.57,6.84,-9.643328929986794,5.680317040951111,-10.435931307793922
2025-11-13,OLOX,0.36401665,2.39,1.0,3.26,3.18,-2.4539877300613355,22.082822085889585,-15.950920245398759
2025-11-13,FLY,0.23812127,18.31,2.0,22.66,21.495,-5.141218005295666,6.884377758164151,-9.929390997352161
2025-11-13,LVLU,0.22290397,4.89,3.0,5.98,5.9381,-0.7006688963210661,3.0100334448160515,-16.387959866220747
2025-11-13,CURI,0.18880093,3.76,4.0,4.47,4.685,4.809843400447433,14.093959731543615,-0.6711409395973034
2025-11-13,CLBT,0.17720723,15.97,5.0,18.8,19.14,1.8085106382978777,6.276595744680846,-3.1702127659574475
2025-11-14,OWLT,0.11220479,10.16,1.0,11.3,10.355,-8.362831858407082,2.73451327433627,-10.000000000000009
2025-11-17,SGML,0.35478544,6.06,1.0,8.21,8.05,-1.948842874543244,3.7758830694275103,-16.443361753958598
2025-11-17,ZYME,0.2960043,18.52,2.0,24.05,24.04,-0.04158004158004713,8.89812889812891,-6.222453222453228
2025-11-17,PACS,0.21455586,10.58,3.0,12.85,15.7601,22.646692607003892,30.894941634241246,-1.0894941634241206
2025-11-17,SSP,0.20588243,3.06,4.0,3.7,4.285,15.810810810810816,19.999999999999996,-7.2972972972973
2025-11-17,TNXP,0.13836479,15.9,5.0,18.1,16.9,-6.629834254143663,1.104972375690605,-10.11049723756907
2025-11-18,OLMA,2.1050467,8.52,1.0,26.39,20.0951,-23.853353543008726,2.9556650246305383,-31.37552103069344
2025-11-18,DGNX,0.19205308,13.59,2.0,16.2,16.06,-0.8641975308641969,11.48148148148147,-12.65432098765431
2025-11-18,ARVN,0.16847825,11.04,3.0,12.9,13.09,1.4728682170542573,10.232558139534875,-9.844961240310079
2025-11-18,GRRR,0.1434232,12.62,4.0,14.43,13.91,-3.6036036036036,4.98960498960499,-10.949410949410954
2025-11-18,CLIK,0.12850809,6.77,5.0,7.64,8.16,6.806282722513091,13.219895287958128,-6.666230366492143
2025-11-19,KZIA,0.34027767,5.76,1.0,7.72,7.87,1.9430051813471572,13.340673575129536,-1.5544041450777257
2025-11-19,OLOX,0.21700883,3.41,2.0,4.15,6.24,50.36144578313253,72.77108433734938,-6.024096385542177
2025-11-19,SGML,0.14543104,7.77,3.0,8.9,10.43,17.191011235955056,22.696629213483142,-0.3370786516854074
2025-11-19,ANNX,0.118749976,3.2,4.0,3.58,4.09,14.245810055865915,17.31843575418994,-2.2346368715083775
2025-11-19,CORZW,0.11339092,9.26,5.0,10.31,9.24,-10.378273520853543,0.0,-13.773035887487872
2025-11-20,PACS,0.52644086,16.83,1.0,25.69,25.9648,1.069676917088347,8.135461268976263,-4.398598676527843
2025-11-20,MAGN,0.3819095,7.96,2.0,11.0,10.215,-7.13636363636364,13.636363636363647,-9.090909090909093
2025-11-20,CRNC,0.3232323,7.92,3.0,10.48,10.2,-2.6717557251908497,14.694656488549619,-4.484732824427484
2025-11-20,NNOX,0.1815182,3.03,4.0,3.58,3.423,-4.385474860335192,11.173184357541889,-6.145251396648055
2025-11-20,ALLT,0.17096019,8.54,5.0,10.0,8.715,-12.850000000000005,2.300000000000013,-13.999000000000006
2025-11-21,NVRI,0.36698592,13.57,1.0,18.55,17.345,-6.495956873315379,0.21563342318058343,-7.654986522911056
2025-11-21,MNDR,0.27796054,3.04,2.0,3.885,4.81,23.809523809523814,39.510939510939515,-6.306306306306297
2025-11-21,MFI,0.24412298,11.06,3.0,13.76,11.5,-16.42441860465116,95.20348837209302,-23.62645348837209
2025-11-24,MFI,0.20701766,11.4,1.0,13.76,13.41,-2.5436046511627897,18.095930232558132,-9.9563953488372
2025-11-24,OSCR,0.20548964,13.48,2.0,16.25,16.62,2.2769230769230875,4.307692307692301,-4.430769230769238
2025-11-24,EPSM,0.15598893,3.59,3.0,4.15,4.1401,-0.23855421686747036,13.975903614457842,-9.63855421686748
2025-11-24,BGDE,0.123595595,4.45,4.0,5.0,5.1988,3.9760000000000018,6.999999999999984,-11.964000000000008
2025-11-25,BNED,0.28850782,6.69,1.0,8.62,9.23,7.07656612529004,11.368909512761016,-1.3921113689094988
2025-11-25,KSS,0.23903072,15.73,2.0,19.49,22.33,14.571575166752183,15.212929707542333,-0.615700359158533
2025-11-25,FLNC,0.14841771,15.8,3.0,18.14,16.7197,-7.829658213891955,6.008820286659322,-16.75854465270121
2025-11-25,FLNA,0.113793015,2.9,4.0,3.22,3.065,-4.813664596273304,0.9316770186335255,-6.055900621118015
2025-11-25,BGDE,0.109803915,5.1,5.0,5.66,5.05,-10.77738515901061,2.473498233215543,-18.02120141342757
2025-11-26,WOOF,0.19865322,2.97,1.0,3.56,3.4122,-4.151685393258431,0.8426966292134797,-8.14606741573034
2025-11-26,ALP,0.17199993,2.15,2.0,2.5199,1.94,-23.012817968967013,0.40080955593475576,-30.55279971427437
2025-11-26,AEHL,0.14687502,3.2,3.0,3.67,3.5,-4.63215258855586,7.629427792915533,-15.258855585831066
2025-11-28,SMX,0.9252893,17.4,1.0,33.5,53.05,58.35820895522388,128.4665671641791,-10.774328358208962
2025-11-28,TMC,0.12521446,5.83,2.0,6.56,7.0,6.707317073170738,7.92682926829269,-4.289634146341459
2025-12-01,GEOS,0.10782087,13.17,2.0,14.59,13.115,-10.109664153529806,4.38588074023305,-11.240575736806036
2025-12-02,TAOP,0.4532709,2.14,1.0,3.11,2.86,-8.038585209003212,0.6430868167202508,-19.614147909967837
2025-12-02,XXI,0.15611064,11.21,2.0,12.96,12.5,-3.5493827160493874,7.368055555555553,-4.089506172839519
2025-12-02,FRMM,0.12460399,9.47,3.0,10.65,10.695,0.42253521126760507,6.009389671361487,-3.6619718309859217
2025-12-02,CDLR,0.11531842,17.43,4.0,19.44,17.42,-10.390946502057608,6.198559670781889,-12.037037037037035
2025-12-03,CAPR,3.716981,6.36,1.0,30.0,29.59,-1.3666666666666716,34.566666666666656,-28.333333333333332
2025-12-03,KXIN,0.28709674,3.1,2.0,3.99,4.08,2.2556390977443552,5.764411027568905,-3.759398496240607
2025-12-03,PMAX,0.28634357,2.27,3.0,2.93,2.94,0.3412969283276279,3.754266211604085,-13.307167235494887
2025-12-03,AHMA,0.18285716,12.25,4.0,14.49,15.35,5.9351276742581005,25.60386473429952,-0.9661835748792313
2025-12-03,POET,0.15170944,4.68,5.0,5.39,6.065,12.52319109461968,12.80148423005567,-3.7087198515769804
2025-12-04,PLRZ,1.3004229,7.09,1.0,16.31,14.67,-10.055180870631508,11.587982832618039,-23.605150214592264
2025-12-04,QCLS,0.17344749,4.67,2.0,5.48,7.06,28.83211678832116,45.071167883211686,-1.4598540145985384
2025-12-04,FLYE,0.14318705,8.66,3.0,9.9,10.47,5.757575757575761,6.060606060606055,-7.070707070707083
2025-12-05,NEXR,0.34000003,2.5,1.0,3.36,1.57,-53.27380952380951,10.119047619047628,-55.35714285714286
2025-12-05,FTH,0.19034088,10.56,2.0,12.57,9.66,-23.150357995226734,5.4892601431980825,-40.73190135242641
2025-12-05,BGL,0.1347518,4.23,3.0,4.8,4.02,-16.250000000000007,0.0,-16.666666666666664
2025-12-05,LGHL,0.10958898,4.38,4.0,4.86,4.22,-13.168724279835399,3.4979423868312765,-17.695473251028815
2025-12-08,CETX,1.6482086,3.07,1.0,8.13,6.79,-16.482164821648226,19.311193111931104,-40.46740467404675
2025-12-08,WVE,0.712283,7.49,2.0,12.825,18.3243,42.879532163742695,52.82651072124758,-0.8187134502923854
2025-12-08,TWG,0.58236265,6.01,3.0,9.51,19.35,103.47003154574135,177.1819137749737,-9.35856992639328
2025-12-08,FULC,0.45617986,8.9,4.0,12.96,13.065,0.8101851851851638,21.449845679012334,-1.6975308641975384
2025-12-08,BDRX,0.43849206,5.04,5.0,7.25,8.23,13.517241379310342,23.310344827586206,-12.275862068965516
2025-12-09,XCUR,0.7223265,5.33,1.0,9.18,7.53,-17.97385620915032,3.2668845315904305,-24.727668845315897
2025-12-09,AMCI,0.32697678,7.8449,2.0,10.37,10.64,2.6036644165863265,44.64802314368372,-11.861137897782047
2025-12-09,VOR,0.2625599,8.36,3.0,10.555,10.72,1.5632401705353072,21.459024159166272,-15.227854097584093
2025-12-09,MAMA,0.24686933,11.18,4.0,13.94,14.4325,3.532998565279777,4.017216642754673,-11.639167862266852
2025-12-09,TROX,0.24013066,3.75,5.0,4.65,4.685,0.7526881720429923,12.903225806451601,-7.634408602150544
2025-12-10,ASPC,1.480916,10.48,1.0,26.0,18.16,-30.153846153846153,146.0769230769231,-32.99999999999999
2025-12-10,ENVB,0.9695946,5.92,2.0,11.66,10.0,-14.236706689536883,13.636363636363624,-26.243567753001717
2025-12-10,NXDR,0.34328365,2.01,3.0,2.7,2.57,-4.814814814814827,10.74074074074074,-18.14814814814816
2025-12-10,BDRX,0.2285012,4.07,4.0,5.0,7.46,49.2,78.79999999999998,-4.800000000000004
2025-12-10,VELO,0.21547806,6.59,5.0,8.02,8.805,9.788029925187036,15.336658354114729,-15.211970074812964
2025-12-11,BGDE,0.26865673,6.7,1.0,8.5,6.05,-28.823529411764703,85.88235294117648,-28.823529411764703
2025-12-11,PL,0.22024739,12.94,2.0,15.79,17.395,10.164661177960731,13.83787207093099,-4.939835338822041
2025-12-11,BQ,0.19000006,2.0,3.0,2.38,2.3744,-0.23529411764705577,13.428571428571434,-7.563025210084017
2025-12-11,NXDR,0.166008,2.53,4.0,2.95,2.795,-5.254237288135599,26.101694915254225,-6.776271186440674
2025-12-11,OCG,0.14942586,8.7,5.0,10.0,1.01,-89.9,0.0,-90.938
2025-12-12,TLRY,0.38078296,8.43,1.0,11.64,11.9585,2.7362542955326585,6.615120274914088,-11.683848797250873
2025-12-12,NX,0.32616007,15.08,2.0,20.0,16.5,-17.500000000000004,2.100000000000013,-18.75
2025-12-12,JZXN,0.28596795,5.63,3.0,7.24,2.67,-63.12154696132597,9.944751381215466,-65.4696132596685
2025-12-12,VIVO,0.20472443,2.54,4.0,3.06,2.865,-6.372549019607843,4.575163398692816,-9.477124183006536
2025-12-12,RENT,0.19182944,5.63,5.0,6.71,6.5999,-1.6408345752608078,8.791356184798804,-13.412816691505224
2025-12-15,KYTX,0.38952172,8.78,1.0,12.24,10.87,-11.192810457516345,11.683006535947715,-15.032679738562093
2025-12-15,AMCI,0.33579326,2.71,2.0,3.62,6.985,92.95580110497237,152.7596685082873,-0.4972375690607822
2025-12-15,MIST,0.20746887,2.41,3.0,2.91,2.3433,-19.474226804123706,0.3436426116838476,-27.835051546391753
2025-12-15,GLSI,0.2050327,10.73,4.0,12.93,10.31,-20.262954369682905,9.771075019334896,-21.78654292343387
2025-12-15,IMNM,0.17118037,19.57,5.0,22.92,22.35,-2.486910994764402,10.383944153577662,-7.417102966841194
2025-12-16,AMCI,0.6478679,7.27,1.0,11.98,13.825,15.400667779632716,25.959933222036714,-7.762938230383975
2025-12-16,RZLV,0.29094827,2.32,2.0,2.995,2.9701,-0.8313856427379029,8.180300500834736,-9.181969949916525
2025-12-16,RILY,0.27150536,3.72,3.0,4.73,5.8,22.621564482029587,27.90697674418603,-7.822410147991543
2025-12-16,BDRX,0.22384942,4.78,4.0,5.85,6.61,12.991452991453013,23.418803418803424,-7.008547008546994
2025-12-17,DBVT,0.40711904,17.98,1.0,25.3,22.41,-11.422924901185771,3.4980237154150107,-17.35177865612648
2025-12-17,ZSTK,0.18665159,8.84,2.0,10.44,8.0301,-23.083333333333332,0.47892720306514924,-25.287356321839084
2025-12-17,BEAT,0.15116274,3.44,3.0,3.96,3.075,-22.34848484848484,1.0101010101010166,-26.767676767676775
2025-12-17,COUR,0.11335015,7.94,4.0,8.84,7.825,-11.48190045248868,0.5656108597285048,-12.839366515837103
2025-12-17,ATLX,0.1017369,4.03,5.0,4.44,3.885,-12.50000000000001,0.0,-13.51351351351352
2025-12-18,SOC,0.5246211,5.28,1.0,8.05,8.3471,3.6906832298136516,17.639751552795026,-2.484472049689457
2025-12-18,DJT,0.28319013,10.47,2.0,13.435,14.849,10.52474879047265,13.137327874953474,-5.396352809825078
2025-12-18,IA,0.25295734,10.99,3.0,13.77,14.37,4.357298474945526,11.837327523602049,-5.591866376180099
2025-12-18,SPAI,0.2198143,3.23,4.0,3.94,3.4786,-11.71065989847715,0.50761421319796,-13.197969543147202
2025-12-18,FCEL,0.17594934,7.9,5.0,9.28,9.58,3.2327586206896575,17.456896551724157,-0.3232758620689613
2025-12-19,RDAC,0.25120306,10.39,1.0,13.0,9.5334,-26.66615384615384,8.461538461538453,-30.761538461538464
2025-12-19,WYFI,0.18881118,14.3,2.0,16.97,16.77,-1.1785503830288757,3.123158515026514,-9.546258102533878
2025-12-19,OLOX,0.12448132,2.41,3.0,2.71,2.415,-10.885608856088558,1.1070110701107083,-12.915129151291517
2025-12-19,DJTWW,0.1010499,7.62,4.0,8.39,9.7774,16.536352800953512,36.47199046483907,-2.741358760429091
2025-12-22,AZI,0.66999996,2.5,1.0,4.175,3.3401,-19.997604790419153,5.149700598802398,-21.437125748502993
2025-12-22,HYMC,0.27496946,16.42,2.0,20.935,24.51,17.07666587055172,25.388106042512536,-3.7497014568903753
2025-12-22,ADEA,0.26871562,12.77,3.0,16.2,16.73,3.2716049382716106,6.419753086419755,-3.703703703703698
2025-12-22,FJET,0.15545595,6.69,4.0,7.73,29.2,277.74902975420434,306.9857697283312,-2.069857697283317
2025-12-22,VELO,0.15420127,10.83,5.0,12.5,15.358,22.863999999999997,30.319999999999993,-0.9599999999999942
2025-12-23,XTND,0.1975398,13.82,1.0,16.55,15.33,-7.3716012084592215,12.87009063444109,-18.429003021148038
2025-12-23,SOC,0.16184211,7.6,2.0,8.83,10.555,19.535673839184597,21.970554926387308,-10.532276330690827
2025-12-23,PXLW,0.1348685,6.08,3.0,6.9,6.52,-5.507246376811603,0.28985507246375164,-6.521739130434789
2025-12-26,ASPC,0.6512667,13.42,1.0,22.16,26.7199,20.577166064981945,152.7075812274368,-21.028880866425993
2025-12-26,SIDU,0.36363637,2.2,2.0,3.0,1.869,-37.7,12.666666666666671,-41.16666666666667
2025-12-26,PBK,0.125,2.0,3.0,2.25,1.9,-15.555555555555555,0.0,-17.333333333333336
2025-12-26,AMCI,0.10160422,9.35,4.0,10.3,8.9499,-13.10776699029127,15.825242718446585,-20.902912621359228
2025-12-29,TII,0.16718268,3.23,1.0,3.77,3.0093,-20.177718832891244,0.7957559681697646,-20.424403183023877
2025-12-30,CHRN,0.6025641,5.46,1.0,8.78,11.01,25.39863325740319,44.64692482915717,-11.160592255125279
2025-12-30,CETX,0.36492884,2.11,2.0,2.87,3.065,6.794425087108014,17.77003484320556,-14.982578397212553
2025-12-30,FLYE,0.28098392,5.285,3.0,6.77,7.1939,6.261447562776956,17.28212703101921,-7.642540620384041
2025-12-30,SIDU,0.14591444,2.57,4.0,2.94,2.635,-10.374149659863951,4.761904761904767,-14.62585034013606
2026-01-02,ANGH,0.58189666,2.32,1.0,3.67,4.07,10.899182561307907,14.441416893732972,-3.8147138964577665
2026-01-02,IRWD,0.37987983,3.33,2.0,4.6,4.295,-6.630434782608685,25.652173913043484,-8.695652173913038
2026-01-02,SIDU,0.36891377,2.67,3.0,3.655,4.2625,16.621067031463753,21.477428180574563,-4.240766073871405
2026-01-02,SLS,0.3444109,3.31,4.0,4.45,4.314,-3.0561797752808983,4.719101123595504,-11.011235955056186
2026-01-02,NUAI,0.24472582,2.37,5.0,2.95,3.4206,15.95254237288135,17.288135593220332,-10.84745762711865
2026-01-05,MNTS,0.7247387,5.74,1.0,9.89,8.9372,-9.63397371081901,18.300303336703738,-27.704752275025278
2026-01-05,GHRS,0.42114055,13.24,2.0,18.8159,15.475,-17.755727868451675,0.9784278190253959,-20.280188563927315
2026-01-05,KZIA,0.18000007,5.0,3.0,5.9,5.665,-3.9830508474576365,5.762711864406778,-7.549152542372884
2026-01-05,ASTI,0.17487681,4.06,4.0,4.77,5.01,5.031446540880502,39.41299790356396,-9.224318658280916
2026-01-05,ALT,0.16666663,3.51,5.0,4.095,4.07,-0.6105006105005972,10.62271062271063,-3.296703296703296
2026-01-06,ALMS,1.6714802,8.31,1.0,22.21,16.16,-27.239981990094552,0.4052228725799134,-31.24718595227376
2026-01-06,AZI,0.537037,2.16,2.0,3.32,3.84,15.662650602409634,36.44578313253013,-12.04819277108433
2026-01-06,WVE,0.26999998,15.0,3.0,19.05,15.1985,-20.217847769028875,2.3622047244094446,-20.629921259842533
2026-01-06,AEVA,0.25744832,13.09,4.0,16.39,17.84,8.846857840146427,12.446613788895666,-7.38255033557047
2026-01-06,IMSR,0.2353363,6.99,5.0,8.635,9.128,5.709322524609162,7.236826867400126,-5.500868558193394
2026-01-07,GLUE,0.36851966,16.01,1.0,21.91,23.32,6.43541761752624,14.787768142400726,-3.6513007759014227
2026-01-07,AZI,0.20867205,3.69,2.0,4.46,3.64,-18.385650224215244,3.139013452914785,-22.869955156950674
2026-01-07,MNTS,0.19023395,9.83,3.0,11.7,13.87,18.54700854700855,36.58034188034189,-7.179487179487176
2026-01-07,MBLY,0.15681446,12.18,4.0,14.07,12.255,-12.899786780383792,1.8479033404406486,-14.001421464108033
2026-01-08,MLTX,0.4340124,11.29,1.0,16.18,14.38,-11.124845488257096,1.2978986402966575,-15.265142150803456
2026-01-08,ASPC,0.3616891,16.34,2.0,22.25,21.9999,-1.1240449438202238,5.617977528089879,-13.671910112359553
2026-01-08,NEOG,0.25203252,7.38,3.0,9.24,9.655,4.491341991341979,10.822510822510822,-1.35281385281385
2026-01-08,SER,0.23553717,2.42,4.0,2.99,2.62,-12.374581939799334,0.0,-19.39799331103679
2026-01-08,SMPL,0.112287045,19.37,5.0,21.87,20.6002,-5.8061271147690885,0.5944215820758991,-8.459076360310934
2026-01-09,CETX,0.31034482,2.9,1.0,3.8,3.032,-20.21052631578947,7.6315789473684115,-22.631578947368414
2026-01-09,LDI,0.15163934,2.44,2.0,2.81,2.925,4.09252669039144,11.565836298932375,-0.5338078291814985
2026-01-09,KUST,0.15140843,2.84,3.0,3.27,2.59,-20.795107033639148,0.917431192660545,-25.993883792048933
2026-01-09,ICON,0.13975155,3.22,4.0,3.67,3.084,-15.967302452316067,0.8174386920980936,-22.343324250681196
2026-01-09,ASPI,0.12732923,6.44,5.0,7.26,7.53,3.7190082644628086,11.2947658402204,0.0
2026-01-12,OM,0.42324555,4.56,1.0,6.49,5.61,-13.559322033898303,0.0,-19.56856702619415
2026-01-12,INBS,0.2834822,17.92,2.0,23.0,15.45,-32.826086956521735,8.260869565217387,-40.82608695652175
2026-01-12,RXST,0.16515839,8.84,3.0,10.3,10.05,-2.4271844660194164,6.364077669902901,-5.436893203883497
2026-01-12,KC,0.15698719,11.02,4.0,12.75,13.435,5.372549019607842,7.137254901960777,-0.7843137254901933
2026-01-12,OSS,0.13135076,8.07,5.0,9.13,10.69,17.08652792990142,17.414019715224537,-3.441401971522473
2026-01-13,AZIO,0.32669318,2.51,1.0,3.33,3.59,7.8078078078078095,47.447447447447445,-21.321321321321317
2026-01-13,OSS,0.14545465,10.45,2.0,11.95,11.34,-5.104602510460243,6.694560669456062,-10.041841004184093
2026-01-13,PDYN,0.13875592,6.27,3.0,7.14,7.17,0.42016806722688926,7.142857142857162,-7.282913165266103
2026-01-13,KELYA,0.13495624,9.56,4.0,10.85,10.105,-6.8663594470046,0.09216589861751334,-10.552995391705068
2026-01-14,AZI,0.16225159,3.02,1.0,3.51,3.5301,0.5726495726495751,19.658119658119677,-2.849002849002835
2026-01-14,KULR,0.15942025,3.45,2.0,4.0,4.04,1.0000000000000009,7.74999999999999,-7.9999999999999964
2026-01-14,GSIT,0.15364587,7.68,3.0,8.86,7.47,-15.688487584650112,0.42889390519187387,-22.12189616252821
2026-01-14,GCDT,0.12826598,4.21,4.0,4.75,5.53,16.42105263157896,23.15789473684209,-7.368421052631568
2026-01-14,AGIG,0.12111795,3.22,5.0,3.61,3.38,-6.371191135734067,14.401662049861507,-9.972299168975063
2026-01-15,RILY,0.33183026,7.54,1.0,10.042,9.5899,-4.50209121688906,9.241187014538955,-8.982274447321249
2026-01-15,RFIL,0.25797498,7.21,2.0,9.07,8.98,-0.9922822491730932,2.425578831312003,-5.843439911797144
2026-01-15,ROLR,0.20963478,18.89,3.0,22.85,23.5696,3.149234135667389,29.102844638949655,-10.284463894967178
2026-01-15,OCUL,0.13188803,11.07,4.0,12.53,11.235,-10.33519553072626,3.9904229848363837,-13.008778930566633
2026-01-16,ACCL,0.44816053,2.99,1.0,4.33,2.48,-42.72517321016166,6.928406466512693,-43.187066974595844
2026-01-16,BNAI,0.21015763,5.71,2.0,6.91,6.3,-8.827785817655576,7.525325615050638,-17.65557163531114
2026-01-16,IBRX,0.18987334,3.95,3.0,4.715,5.5255,17.189819724284195,18.345705196182394,-7.104984093319189
2026-01-16,CGTL,0.17060363,3.81,4.0,4.46,4.9402,10.76681614349775,43.49775784753365,-10.538116591928247
2026-01-16,KOPN,0.114864826,2.96,5.0,3.3,3.3467,1.4151515151515248,7.727272727272738,-1.7878787878787827
2026-01-20,CRVS,0.6782608,8.05,1.0,13.55,21.875,61.43911439114391,63.099630996309976,-6.346125461254626
2026-01-20,TII,0.21130216,4.07,2.0,4.93,4.83,-2.0283975659229125,7.50507099391482,-7.302231237322509
2026-01-20,MASS,0.19561243,5.47,3.0,6.54,6.575,0.5351681957186605,5.351681957186538,-5.321100917431187
2026-01-20,IBRX,0.18478262,5.52,4.0,6.54,6.43,-1.6819571865443472,22.018348623853214,-7.033639143730886
2026-01-20,NUAI,0.15935338,4.33,5.0,5.02,5.575,11.055776892430291,25.896414342629505,-0.3984063745019806
2026-01-21,BNAI,0.47317076,6.15,1.0,9.05,8.6901,-3.976795580110515,25.74585635359117,-13.701657458563544
2026-01-21,TII,0.10905349,4.86,3.0,5.39,5.145,-4.545454545454552,4.8237476808905555,-6.307977736549164
2026-01-22,SXTP,1.9949999,2.0,1.0,5.99,5.085,-15.108514190317202,43.906510851419014,-26.544240400667775
2026-01-22,IOTR,1.2457337,2.93,2.0,6.58,5.215,-20.744680851063833,13.525835866261392,-31.458966565349545
2026-01-22,ROLR,0.24619281,7.88,3.0,9.82,10.2,3.8696537678207577,19.653767820773925,-8.04480651731162
2026-01-22,CABA,0.16452992,2.34,4.0,2.725,2.97,8.99082568807339,19.266055045871553,-3.4862385321100975
2026-01-22,SPHL,0.13089001,5.73,5.0,6.48,7.06,8.950617283950614,62.037037037037024,-10.030864197530864
2026-01-23,MOVE,1.8891487,6.97,1.0,20.14,17.13,-14.945382323733869,18.66931479642502,-25.47169811320755
2026-01-23,DRCT,1.3549783,2.31,2.0,5.44,4.075,-25.091911764705888,11.027573529411772,-34.19117647058824
2026-01-23,KUST,0.71078444,2.04,3.0,3.49,2.74,-21.489971346704873,28.36676217765044,-26.361031518624657
2026-01-23,RTB,0.4026718,5.24,4.0,7.35,6.42,-12.653061224489793,16.325170068027205,-17.551020408163264
2026-01-23,BGL,0.25352108,4.26,5.0,5.36,4.14,-22.761194029850763,9.503731343283572,-30.22388059701493
2026-01-26,BNAI,2.346784,16.48,1.0,55.155,61.9474,12.315111957211489,22.618076330341765,-52.26180763303419
2026-01-26,NAMM,0.4967742,3.1,2.0,4.63,4.0606,-12.298056155507552,20.73434125269977,-15.98272138228941
2026-01-26,LE,0.19822061,14.05,3.0,16.835,18.88,12.147312147312128,19.037719037719025,-1.158301158301156
2026-01-26,SWAG,0.17431188,2.18,4.0,2.56,2.07,-19.14062500000001,5.46875,-23.828125
2026-01-26,PLG,0.15561962,3.47,5.0,4.01,3.365,-16.08478802992518,0.7481296758104827,-17.456359102244377
2026-01-27,NUWE,1.055814,2.15,1.0,4.42,3.96,-10.407239819004522,11.762443438914016,-20.588235294117652
2026-01-27,NAMM,0.2800982,4.07,2.0,5.21,4.7346,-9.124760076775429,0.0,-21.8809980806142
2026-01-27,NTLA,0.18351257,13.95,3.0,16.51,14.78,-10.478497880072691,3.513022410660205,-13.991520290732906
2026-01-27,RDW,0.115419745,10.96,4.0,12.225,14.075,15.132924335378316,19.018404907975462,-4.049079754601226
2026-01-27,UMC,0.10554552,11.33,5.0,12.52,12.49,-0.23961661341852514,1.2779552715654896,-2.396166134185296
2026-01-28,PDYN,0.46165645,6.52,1.0,9.53,7.405,-22.29800629590766,0.41972717733473885,-22.770199370409227
2026-01-28,AZI,0.26406932,2.31,2.0,2.92,2.53,-13.356164383561653,16.43835616438356,-27.397260273972602
2026-01-28,KUST,0.1990521,2.11,3.0,2.53,2.16,-14.624505928853749,0.0,-16.600790513833985
2026-01-28,SUPX,0.1850512,16.59,4.0,19.66,17.32,-11.902339776195314,11.851475076297046,-14.42014242115972
2026-01-28,LTRX,0.17997098,6.89,5.0,8.13,7.14,-12.177121771217724,1.3530135301353052,-15.018450184501852
2026-01-29,XHLD,0.6745099,2.55,1.0,4.27,3.1901,-25.290398126463685,6.323185011709609,-37.93911007025761
2026-01-29,ZSTK,0.41899443,8.95,2.0,12.7,11.845,-6.732283464566924,18.433070866141744,-28.976377952755904
2026-01-29,SER,0.41176462,2.72,3.0,3.84,3.58,-6.770833333333326,6.25,-11.197916666666663
2026-01-29,VTIX,0.2886598,10.67,4.0,13.75,8.93,-35.05454545454546,6.909090909090909,-43.27272727272727
2026-01-29,KRRO,0.26603937,11.69,5.0,14.8,13.41,-9.391891891891891,0.972972972972963,-12.125675675675684
2026-01-30,LRHC,0.5050168,2.99,1.0,4.5,2.8399,-36.89111111111111,5.3333333333333455,-41.55555555555556
2026-01-30,ANL,0.39663088,6.53,2.0,9.12,10.96,20.175438596491247,21.162280701754412,-27.85087719298245
2026-01-30,SPHL,0.17499995,4.0,3.0,4.7,4.5475,-3.2446808510638303,14.893617021276606,-14.680851063829792
2026-01-30,ATCX,0.16538465,7.8,4.0,8.96,7.1,-20.75892857142858,1.450892857142838,-21.316964285714292
2026-01-30,GITS,0.15820897,3.35,5.0,3.88,3.81,-1.8041237113401998,73.96649484536084,-11.082474226804118
2026-02-02,VHUB,1.0249221,6.42,1.0,13.0,7.91,-39.15384615384615,17.999999999999993,-45.92307692307692
2026-02-02,AQST,0.35593224,2.95,2.0,4.0,4.085,2.124999999999999,9.749999999999993,-5.249999999999999
2026-02-02,ATTT,0.25348186,3.59,3.0,4.5,4.08,-9.333333333333327,0.4444444444444251,-11.111111111111116
2026-02-02,SLGB,0.2136364,2.2,4.0,2.67,2.2399,-16.10861423220974,7.116104868913853,-21.34831460674157
2026-02-02,NAMM,0.160326,3.68,5.0,4.27,3.96,-7.259953161592502,11.475409836065587,-9.601873536299754
2026-02-03,FIEE,0.20155036,5.16,1.0,6.2,4.51,-27.258064516129032,2.9032258064516148,-31.290322580645167
2026-02-03,SCZM,0.12948382,11.43,2.0,12.91,12.72,-1.4717273431448463,4.570100697133994,-7.12625871417506
2026-02-03,WULF,0.12127972,13.44,3.0,15.07,14.768,-2.003981420039813,3.516921035169207,-9.422694094226935
2026-02-03,FEED,0.11983466,2.42,4.0,2.71,2.485,-8.302583025830257,8.856088560885622,-14.20664206642066
2026-02-03,THM,0.117886186,2.46,5.0,2.75,2.655,-3.4545454545454657,0.2654545454545465,-9.38181818181818
2026-02-04,CIGL,0.3796296,2.7,1.0,3.725,2.61,-29.932885906040273,0.9557046979865813,-32.88590604026845
2026-02-04,FEED,0.34756088,2.46,2.0,3.315,3.19,-3.7707390648567096,11.31221719457014,-20.36199095022624
2026-02-04,APPS,0.194332,4.94,3.0,5.9,4.705,-20.254237288135602,4.915254237288136,-21.864406779661017
2026-02-04,INNV,0.14840996,5.66,4.0,6.5,7.87,21.07692307692308,24.461538461538467,-4.61538461538461
2026-02-04,TLF,0.13391614,2.875,5.0,3.26,3.22,-1.2269938650306678,3.0674846625766916,-2.4539877300613355
2026-02-05,BYRN,0.13666117,12.22,1.0,13.89,13.095,-5.723542116630664,0.41756659467242496,-19.87041036717062
2026-02-05,EMBC,0.11141062,11.35,2.0,12.61,10.49,-16.812053925455984,6.621728786677239,-21.411578112609032
2026-02-06,QNST,0.26401436,11.06,1.0,13.98,12.21,-12.660944206008583,3.0042918454935563,-14.163090128755362
2026-02-06,GLXY,0.16538,16.84,2.0,19.625,19.805,0.9171974522292903,2.9808917197452267,-3.694267515923577
2026-02-06,BATL,0.1291666,2.4,3.0,2.71,2.87,5.904059040590415,9.594095940959413,-6.273062730627299
2026-02-06,MITK,0.120162964,9.82,4.0,11.0,11.7506,6.823636363636365,9.090909090909083,-1.1818181818181839
2026-02-06,GWAV,0.11428571,4.55,5.0,5.07,4.47,-11.834319526627224,2.564102564102555,-14.792899408284022
2026-02-09,MNTS,0.24666667,6.0,1.0,7.48,6.59,-11.898395721925137,6.951871657753994,-14.438502673796794
2026-02-09,PHOE,0.2035011,13.71,2.0,16.5,13.71,-16.909090909090907,9.090909090909083,-19.12060606060606
2026-02-09,NEXN,0.1576271,5.9,3.0,6.83,6.065,-11.200585651537331,0.2928257686676261,-12.152269399707173
2026-02-09,DFNS,0.11650491,2.06,4.0,2.3,2.38,3.4782608695652195,7.826086956521738,-7.391304347826089
2026-02-09,QS,0.110979915,8.47,5.0,9.41,9.165,-2.603613177470787,0.6376195536663243,-5.419766206163656
2026-02-10,EVMN,0.7374927,16.99,1.0,29.52,29.88,1.2195121951219523,12.466124661246614,-26.151761517615167
2026-02-10,VSTS,0.22814202,7.32,2.0,8.99,8.535,-5.061179087875423,9.008898776418238,-5.561735261401557
2026-02-10,LUXE,0.16429496,7.73,3.0,9.0,9.2601,2.8899999999999926,4.888888888888876,-3.44444444444445
2026-02-10,DDL,0.15867162,2.71,4.0,3.14,2.905,-7.484076433121034,1.5923566878980777,-9.235668789808916
2026-02-10,YEXT,0.14663959,4.91,5.0,5.63,5.585,-0.7992895204262829,0.5328596802842034,-3.019538188277082
2026-02-11,MNTN,0.41451418,8.13,1.0,11.5,11.12,-3.304347826086962,2.1739130434782705,-10.69565217391305
2026-02-11,BETA,0.19141316,16.77,2.0,19.98,19.46,-2.6026026026025995,4.604104104104101,-9.259259259259267
2026-02-11,JAGU,0.12703586,3.07,3.0,3.46,3.2819,-5.14739884393064,5.491329479768781,-10.982658959537572
2026-02-12,FSLY,0.4489795,9.31,1.0,13.49,15.93,18.087472201630828,32.39362490733877,-0.8154188287620379
2026-02-12,NVCR,0.3714285,10.5,2.0,14.4,12.4761,-13.360416666666664,3.9583333333333304,-16.57777777777778
2026-02-12,PRCH,0.23386025,7.59,3.0,9.365,8.47,-9.556860651361443,4.111051788574471,-12.333155365723435
2026-02-12,MH,0.21150732,12.34,4.0,14.95,14.32,-4.214046822742468,6.354515050167242,-4.749163879598662
2026-02-12,IA,0.2065332,18.98,5.0,22.9,20.74,-9.432314410480346,3.9301310043668325,-9.847161572052398
2026-02-13,CRSR,0.41484714,4.58,1.0,6.48,6.855,5.787037037037046,18.518518518518512,-0.7716049382716195
2026-02-13,RIVN,0.2692858,14.0,2.0,17.79,17.765,-0.14052838673411783,3.8785834738617186,-7.813378302417096
2026-02-13,ATOM,0.16317987,2.39,3.0,2.78,3.9,40.28776978417268,44.604316546762576,-4.021582733812934
2026-02-13,MITK,0.12945259,11.51,4.0,13.0,13.41,3.1538461538461515,5.384615384615388,-1.0769230769230864
2026-02-13,NCI,0.12844038,2.18,5.0,2.46,2.44,-0.8130081300813052,49.58943089430894,-6.6991869918699205
2026-02-17,OBAI,0.85942495,3.13,1.0,5.82,3.44,-40.893470790378004,0.0,-47.07903780068728
2026-02-17,CMPS,0.3476764,5.81,2.0,7.83,7.6099,-2.810983397190303,12.325670498084285,-6.641123882503197
2026-02-17,RIME,0.29885054,3.48,3.0,4.52,2.645,-41.48230088495575,1.3274336283185972,-44.24778761061946
2026-02-17,LFS,0.2314049,2.42,4.0,2.98,3.44,15.436241610738243,25.16442953020135,0.0
2026-02-17,SUNE,0.19268298,2.05,5.0,2.445,2.055,-15.950920245398759,11.65644171779141,-19.427402862985677
2026-02-18,BENF,0.22513092,3.82,1.0,4.68,4.16,-11.111111111111105,13.034188034188032,-13.247863247863256
2026-02-18,RSI,0.20011806,16.94,2.0,20.33,18.14,-10.772257747171654,0.34431874077718305,-12.444663059517946
2026-02-18,QMCO,0.14438498,5.61,3.0,6.42,5.53,-13.862928348909653,0.4672897196261738,-15.420560747663558
2026-02-18,CNVS,0.13284123,2.71,4.0,3.07,2.975,-3.0944625407166026,12.048859934853429,-6.84039087947883
2026-02-18,VIVO,0.118852496,2.44,5.0,2.73,2.82,3.296703296703285,22.71062271062272,-6.959706959706957
2026-02-19,CDIO,0.23943663,2.13,1.0,2.64,2.2599,-14.397727272727279,1.8939393939393812,-21.587121212121218
2026-02-19,RELY,0.20132267,13.61,2.0,16.35,17.175,5.045871559633031,9.3492354740061,-1.957186544342504
2026-02-19,NP,0.19415343,18.13,3.0,21.65,20.49,-5.357967667436492,4.988452655889164,-6.697459584295606
2026-02-19,BAND,0.17321014,12.99,4.0,15.24,14.595,-4.232283464566922,8.792650918635147,-5.118110236220463
2026-02-20,CDIO,0.3571428,2.24,1.0,3.04,2.95,-2.960526315789469,14.473684210526304,-18.092105263157887
2026-02-20,TNDM,0.22829366,18.52,2.0,22.72,24.54,8.010563380281699,15.36091549295775,-3.169014084507038
2026-02-20,OPEN,0.18279564,4.65,3.0,5.5,5.0299,-8.547272727272738,1.6363636363636358,-13.818181818181818
2026-02-20,ANPA,0.16085792,11.19,4.0,12.95,9.4,-27.413127413127402,8.108108108108114,-29.729729729729726
2026-02-20,CMRC,0.14965987,2.94,5.0,3.38,3.02,-10.650887573964496,2.071005917159763,-11.094674556213013
2026-02-23,VNDA,0.39670134,5.76,1.0,8.045,8.175,1.615910503418272,12.98943443132381,-3.045369794903663
2026-02-23,LEGN,0.16280341,18.12,2.0,21.07,19.735,-6.336022781205508,2.4205030849548947,-10.109159943046986
2026-02-23,IBRX,0.14367819,8.7,3.0,9.95,9.835,-1.155778894472348,10.552763819095489,-4.0201005025125465
2026-02-23,SSTK,0.12156856,16.05,4.0,18.0,15.61,-13.277777777777777,0.2777777777777768,-13.666666666666671
2026-02-24,VIR,0.3236878,7.43,1.0,9.835,9.425,-4.168784951703097,4.626334519572928,-8.998474834773784
2026-02-24,LRMR,0.27758002,2.81,2.0,3.59,3.695,2.924791086350975,11.6991643454039,-1.1142061281337101
2026-02-24,MYGN,0.27168953,4.38,3.0,5.58,4.415,-20.878136200716845,2.3297491039426577,-21.505376344086024
2026-02-24,SGHC,0.15248954,9.72,4.0,11.25,10.58,-5.955555555555558,0.0,-10.319999999999997
2026-02-24,CDIO,0.14617944,3.01,5.0,3.45,3.375,-2.1739130434782705,9.85507246376811,-16.52173913043479
2026-02-25,UIS,0.21830976,2.13,1.0,2.595,2.455,-5.394990366088637,1.9267822736030782,-9.441233140655115
2026-02-25,SGML,0.18333328,12.6,2.0,14.91,16.36,9.72501676727029,13.212608987256868,-3.420523138832998
2026-02-25,ACHC,0.18258595,17.17,3.0,20.305,21.01,3.4720512189116093,8.249199704506282,0.0
2026-02-25,RYAM,0.1743375,7.17,4.0,8.42,10.349,22.90973871733968,24.109263657957246,-2.494061757719701
2026-02-25,LFST,0.11834741,7.14,5.0,7.985,7.445,-6.762680025046963,1.3149655604257848,-8.202880400751411
2026-02-26,HCTI,0.4079175,5.81,1.0,8.18,5.39,-34.10757946210269,8.190709046454758,-41.56479217603911
2026-02-26,BFLY,0.29193556,3.1,2.0,4.005,4.6337,15.697877652933844,23.845193508114846,-1.872659176029956
2026-02-26,ARHS,0.2584523,8.38,3.0,10.57,9.255,-12.440870387890246,0.2838221381267658,-16.792809839167454
2026-02-26,DNUT,0.22575247,2.99,4.0,3.66,3.815,4.234972677595628,12.841530054644812,-0.5464480874316946
2026-02-26,FA,0.21638644,9.52,5.0,11.58,11.675,0.820379965457696,3.3678756476684057,-10.535405872193436
2026-02-27,BATL,0.23132527,4.15,1.0,5.08,5.5995,10.226377952755893,18.11023622047243,-13.188976377952756
2026-02-27,CDIO,0.21168578,5.22,2.0,6.33,6.52,3.001579778830954,24.960505529225905,-9.241706161137442
2026-02-27,PRAA,0.20560372,12.67,3.0,15.275,15.78,3.3060556464811652,8.085106382978724,-5.07364975450082
2026-02-27,ARLO,0.18152344,12.34,4.0,14.58,15.745,7.990397805212623,12.277091906721548,-0.5486968449931462
2026-02-27,FIGS,0.1684041,12.47,5.0,14.57,15.41,5.765271105010283,9.127659574468083,-1.8531228551818768
2026-03-02,BATL,0.93840575,5.52,1.0,10.7,11.93,11.495327102803742,27.196261682242984,-23.36355140186914
2026-03-02,INDO,0.44557822,5.88,2.0,8.5,6.7527,-20.5564705882353,0.0,-31.05882352941176
2026-03-02,AGIG,0.26794267,4.18,3.0,5.3,3.4,-35.84905660377359,0.18867924528300772,-41.509433962264154
2026-03-02,WTI,0.19254184,2.65,4.0,3.16,2.975,-5.854430379746834,0.9493670886075778,-9.968354430379744
2026-03-02,ANNA,0.16842103,2.85,5.0,3.42,3.64,6.432748538011701,7.8947368421052655,-8.771929824561397
2026-03-03,BATL,1.098305,11.8,1.0,24.76,27.2201,9.935783521809348,19.951534733441022,-11.591276252019389
2026-03-03,MASS,0.17246592,6.61,2.0,7.76,6.29,-18.943298969072163,1.804123711340222,-21.713917525773198
2026-03-03,ANNA,0.17032969,3.64,3.0,4.24,3.5112,-17.188679245283023,2.5919811320754604,-32.148584905660385
2026-03-03,VG,0.16828191,11.38,4.0,13.3,11.33,-14.812030075187977,0.9774436090225436,-15.563909774436091
2026-03-03,TMDE,0.12745106,3.06,5.0,3.45,4.1,18.8405797101449,38.26086956521737,-7.246376811594201
2026-03-04,EOLS,0.30024207,4.13,1.0,5.35,5.615,4.953271028037398,14.579439252336446,-5.327102803738304
2026-03-04,SHMD,0.25351012,6.41,2.0,8.01,8.44,5.36828963795255,19.850187265917608,-5.493133583021215
2026-03-04,SWIM,0.23291922,6.44,3.0,7.95,7.26,-8.679245283018878,12.78238993710692,-9.811320754716979
2026-03-04,BW,0.20123446,8.1,4.0,9.73,11.815,21.42857142857142,23.638232271325776,-4.624871531346364
2026-03-05,ALTO,0.3653847,2.6,1.0,3.55,3.99,12.394366197183103,18.309859154929597,-12.112676056338023
2026-03-05,STEM,0.21134329,10.05,2.0,12.174,12.1,-0.6078528010514228,12.671266633809752,-4.550681780844423
2026-03-05,NAGE,0.15182185,4.94,3.0,5.69,5.13,-9.841827768014067,1.5817223198594021,-12.478031634446396
2026-03-05,PDYN,0.14266491,7.43,4.0,8.48,9.905,16.804245283018847,17.924528301886777,-3.7735849056603765
2026-03-05,TMDE,0.1357466,2.21,5.0,2.51,3.04,21.11553784860558,53.38645418326695,-1.195219123505964
2026-03-06,BATL,0.32921052,19.0,1.0,25.255,21.55,-14.670362304494155,15.699861413581463,-18.748762621263115
2026-03-06,TURB,0.3245033,3.02,2.0,4.0,3.6841,-7.897500000000002,19.24999999999999,-23.0
2026-03-06,INDO,0.24752474,5.05,3.0,6.3,5.545,-11.984126984126986,0.0,-15.873015873015872
2026-03-06,IBG,0.22558129,4.3,4.0,5.27,5.371,1.9165085388994418,11.100569259962057,-20.11385199240986
2026-03-06,MXC,0.18209875,13.12,5.0,15.5,14.85,-4.193548387096779,3.2258064516129004,-16.128387096774198
2026-03-09,HIMS,0.47490478,15.74,1.0,23.23,22.12,-4.778303917348259,1.205337925096872,-9.728798966853214
2026-03-09,RLMD,0.44044948,4.45,2.0,6.41,7.305,13.962558502340094,15.600624024961007,-9.51638065522621
2026-03-09,QURE,0.26243865,14.27,3.0,17.76,17.99,1.295045045045029,2.4774774774774633,-9.740990990990994
2026-03-09,BHVN,0.19858873,9.92,4.0,11.89,10.215,-14.087468460891506,1.766190075693852,-22.20353238015139
2026-03-09,TURB,0.1574074,3.78,5.0,4.375,5.025,14.857142857142858,48.57142857142858,-4.6857142857142815
2026-03-10,STGW,0.2318703,5.24,1.0,6.5,6.095,-6.23076923076924,0.9230769230769154,-11.538461538461542
2026-03-10,ZVRA,0.20065784,9.12,2.0,10.97,11.06,0.8204193254329972,3.919781221513219,-4.193254329990892
2026-03-10,AGCC,0.17032957,18.2,3.0,21.3,17.81,-16.384976525821603,11.07981220657277,-20.187793427230048
2026-03-10,TDOC,0.13396227,5.3,4.0,6.01,5.555,-7.5707154742096545,1.331114808652245,-8.818635607321124
2026-03-10,LFMD,0.12179494,3.12,5.0,3.5,3.865,10.42857142857143,15.999999999999993,-1.285714285714279
2026-03-11,DOMO,0.41552508,4.38,1.0,6.19,4.975,-19.62843295638127,0.8077544426494221,-20.009693053311807
2026-03-11,ACXP,0.19999993,2.9,2.0,3.48,6.04,73.5632183908046,81.03160919540231,-5.1724137931034475
2026-03-11,TMDE,0.19402993,2.01,3.0,2.4,2.285,-4.791666666666661,6.25,-6.25
2026-03-11,ATPC,0.16666663,3.78,4.0,4.41,4.3117,-2.2290249433106535,7.48299319727892,-16.099773242630388
2026-03-11,TSSI,0.16515839,11.05,5.0,12.88,11.99,-6.909937888198758,11.723602484472039,-11.49068322981367
2026-03-12,BMBL,0.2922536,2.84,1.0,3.69,3.805,3.1165311653116534,15.176151761517609,-0.5420054200542035
2026-03-12,ROMA,0.28985512,4.83,2.0,6.23,6.02,-3.370786516853941,37.560192616372376,-42.21508828250402
2026-03-12,HIMX,0.28584123,9.15,3.0,11.76,10.135,-13.818027210884354,2.0408163265306145,-14.540816326530603
2026-03-12,ATPC,0.24700236,4.17,4.0,5.2,5.44,4.615384615384621,21.153846153846146,-3.653846153846163
2026-03-12,WOOF,0.2208333,2.4,5.0,2.93,3.195,9.044368600682585,13.993174061433432,-0.6825938566552892
2026-03-13,ELPW,0.43726397,3.59,1.0,5.1598,5.015,-2.8063103221055097,6.593278809256176,-11.236869646110303
2026-03-13,KRRO,0.19913042,11.5,2.0,13.78,12.84,-6.82148040638606,7.329462989840341,-8.599419448476041
2026-03-13,STLN,0.19847333,2.62,3.0,3.14,2.84,-9.554140127388544,7.961783439490455,-12.101910828025487
2026-03-13,PAYP,0.15638769,18.16,4.0,21.0,21.3,1.4285714285714235,4.666666666666663,-5.666666666666675
2026-03-13,LOCO,0.14705873,10.88,5.0,12.48,12.7,1.7628205128205066,4.727564102564097,-1.9230769230769273
2026-03-16,CTMX,0.47863257,4.68,1.0,6.92,6.775,-2.0953757225433467,18.641618497109835,-12.71676300578034
2026-03-16,DSGR,0.34593475,19.31,2.0,25.99,26.08,0.3462870334744128,0.5771450557906954,-5.617545209696029
2026-03-16,CLIK,0.34124815,3.1165,3.0,4.18,3.2,-23.44497607655501,1.674641148325362,-24.399521531100476
2026-03-16,TLS,0.2102803,4.28,4.0,5.18,4.085,-21.138996138996134,4.0521235521235655,-24.517374517374513
2026-03-16,CING,0.15074801,8.69,5.0,10.0,10.67,6.699999999999995,9.000000000000007,-7.479999999999998
2026-03-17,JVA,0.22397482,3.17,1.0,3.88,4.14,6.70103092783505,10.309278350515472,-4.639175257731953
2026-03-17,GRO,0.16822433,3.21,2.0,3.75,3.71,-1.0666666666666713,0.0,-10.133333333333328
2026-03-17,CDIO,0.14522815,2.41,3.0,2.76,2.3,-16.666666666666664,0.0,-19.202898550724633
2026-03-17,NUAI,0.10701442,5.56,4.0,6.155,5.975,-2.924451665312766,3.005686433793664,-8.367181153533721
2026-03-18,ARTL,0.26185572,4.85,1.0,6.12,7.01,14.542483660130712,36.274509803921575,-0.6535947712418277
2026-03-18,OVID,0.19900501,2.01,2.0,2.41,2.305,-4.356846473029041,3.734439834024883,-7.883817427385886
2026-03-18,AIB,0.18275857,2.9,3.0,3.43,3.265,-4.810495626822153,0.0,-18.36734693877552
2026-03-18,KC,0.15701222,13.12,4.0,15.27,14.81,-3.012442698100848,0.916830386378531,-4.518664047151278
2026-03-18,BATL,0.14563107,11.33,5.0,12.98,11.74,-9.553158705701081,11.479198767334363,-11.248073959938376
2026-03-19,CAL,0.23578739,8.86,1.0,10.945,10.48,-4.248515303791689,0.6450433988122395,-13.111009593421663
2026-03-19,FDMT,0.16121483,8.56,2.0,9.94,8.935,-10.110663983903411,0.0,-13.883299798792748
2026-03-19,BATL,0.1295054,11.93,3.0,13.475,12.955,-3.858998144712422,0.48237476808905555,-12.356215213358068
2026-03-20,IDN,0.1895833,4.8,1.0,5.75,5.53,-3.826086956521735,8.490434782608691,-7.304347826086954
2026-03-20,BIAF,0.17508411,2.97,2.0,3.49,2.73,-21.776504297994272,2.865329512893977,-25.214899713467055
2026-03-20,ARTL,0.17318428,7.16,3.0,8.4,8.195,-2.440476190476193,16.666666666666675,-9.285714285714286
2026-03-20,SER,0.12903225,2.48,4.0,2.8,2.54,-9.285714285714274,7.14285714285714,-14.28571428571428
2026-03-20,YSS,0.125,17.68,5.0,19.89,21.04,5.78179989944696,19.406737053795876,-8.119658119658125
2026-03-23,REED,0.111111164,4.5,1.0,5.0,4.91,-1.8000000000000016,6.699999999999995,-9.000000000000007
2026-03-23,AISP,0.100877166,2.28,2.0,2.51,2.39,-4.7808764940238895,3.1872509960159334,-5.776892430278869
2026-03-24,ANNA,0.2667278,5.455,1.0,6.91,7.8302,13.31693198263386,24.74674384949347,-0.868306801736618
2026-03-25,BRZE,0.25083244,18.02,1.0,22.52,21.695,-3.663410301953818,0.7104795737122638,-9.932060390763764
2026-03-25,FEED,0.18141592,2.26,2.0,2.67,2.72,1.8726591760299671,8.610486891385772,-9.359550561797747
2026-03-25,PAYS,0.16710877,3.77,3.0,4.4,5.17,17.499999999999982,18.97727272727272,-3.1818181818181968
2026-03-25,BIAF,0.1604377,3.96,4.0,4.595,3.9407,-14.23939064200217,8.158868335146895,-17.41022850924918
2026-03-25,TGEN,0.14545453,2.75,5.0,3.15,2.88,-8.571428571428575,0.0,-17.374603174603177
2026-03-26,GLND,0.7982991,8.23,1.0,14.8,11.73,-20.74324324324325,55.405405405405396,-27.162162162162172
2026-03-26,PGEN,0.31129038,3.1,2.0,4.065,3.855,-5.166051660516613,5.166051660516602,-8.241082410824118
2026-03-26,BATL,0.26959848,5.23,3.0,6.64,5.555,-16.340361445783135,9.93975903614459,-18.67469879518071
2026-03-26,NAVN,0.23060119,9.15,4.0,11.26,13.3825,18.84991119005328,22.380106571936054,-6.749555950266428
2026-03-26,LOVE,0.21346319,11.29,5.0,13.7,13.815,0.8394160583941712,5.204379562043804,-3.430656934306564
2026-03-27,ARTL,1.5047023,3.19,1.0,7.99,10.9625,37.20275344180226,149.18523153942428,-6.758448060075095
2026-03-27,ONCO,0.81366456,3.22,2.0,5.84,1.96,-66.43835616438356,15.239726027397271,-69.52054794520548
2026-03-27,RBNE,0.23584902,2.12,3.0,2.62,2.475,-5.534351145038164,4.198473282442738,-8.015267175572516
2026-03-27,U,0.1806773,17.13,4.0,20.225,19.34,-4.375772558714475,0.5191594561186452,-10.259579728059343
2026-03-27,NMAX,0.15384614,5.98,5.0,6.9,5.845,-15.289855072463777,0.18115942028984477,-18.11594202898551
2026-03-30,EEIQ,0.5057306,6.98,1.0,10.51,8.24,-21.59847764034253,6.660323501427223,-31.969552806850608
2026-03-30,SGML,0.23900568,10.46,2.0,12.94,11.9,-8.037094281298296,14.219474497681617,-11.051004636785155
2026-03-30,RZLV,0.19665265,2.39,3.0,2.86,2.495,-12.76223776223775,1.0489510489510634,-15.730769230769226
2026-03-30,MKDW,0.14345121,4.81,4.0,5.5,6.12,11.272727272727279,63.63636363636365,0.0
2026-03-30,GLND,0.12180269,8.21,5.0,9.21,10.9012,18.362649294245358,38.979370249728554,-6.51465798045604
2026-03-31,SST,0.2866242,3.14,1.0,4.04,3.0803,-23.75495049504951,3.2178217821782207,-30.940594059405946
2026-03-31,ARTL,0.15922105,8.73,2.0,10.13,7.44,-26.554787759131294,4.244817374136223,-29.81243830207305
2026-03-31,ANNX,0.13709676,4.96,3.0,5.64,5.52,-2.127659574468088,8.15602836879432,-7.180851063829774
2026-03-31,SPCE,0.11516118,2.17,4.0,2.4199,2.405,-0.6157279226414514,14.467539980990951,-4.954750196289115
2026-03-31,RGTIW,0.11447084,4.63,5.0,5.16,5.6,8.52713178294573,9.108527131782939,-4.457364341085279
2026-04-01,BCG,0.55472636,2.01,1.0,3.12,2.4,-23.076923076923084,0.6410256410256387,-28.365384615384627
2026-04-01,TH,0.3383621,9.28,2.0,12.45,12.69,1.9277108433734869,6.746987951807237,-4.497991967871473
2026-04-01,NCNO,0.22630179,14.98,3.0,18.37,16.51,-10.125204137180177,0.3810560696788201,-12.389765922700057
2026-04-01,ASTC,0.18546844,5.23,4.0,6.2,4.42,-28.70967741935484,4.0322580645161255,-41.93548387096774
2026-04-01,ELAB,0.16861427,5.99,5.0,7.0,12.47,78.14285714285715,83.57142857142857,-6.301428571428569
2026-04-02,TURB,0.3787235,2.35,1.0,3.24,3.1401,-3.083333333333338,17.28395061728394,-14.197530864197539
2026-04-02,BATL,0.35064936,3.85,2.0,5.2,4.21,-19.038461538461537,3.8461538461538547,-20.769230769230774
2026-04-02,ANNA,0.19008267,7.26,3.0,8.64,7.8408,-9.250000000000014,12.268518518518512,-10.706018518518523
2026-04-02,WTI,0.12320542,3.01,4.0,3.38,3.145,-6.952662721893487,1.775147928994092,-8.875739644970404
2026-04-02,RBNE,0.119617105,2.09,5.0,2.34,2.14,-8.547008547008538,4.700854700854706,-10.68376068376068
2026-04-06,RENX,0.16831684,2.02,1.0,2.36,2.45,3.8135593220339103,11.016949152542388,-3.3898305084745783
2026-04-06,FUBO,0.120777845,9.77,2.0,10.95,12.12,10.684931506849304,14.794520547945211,-2.648401826484015
2026-04-06,LZM,0.11653113,3.69,3.0,4.12,3.85,-6.553398058252425,1.213592233009697,-9.708737864077666
2026-04-06,ANVS,0.11403513,2.28,4.0,2.54,2.38,-6.299212598425208,9.055118110236226,-8.267716535433067
2026-04-06,LWLG,0.1031332,7.66,5.0,8.35,7.93,-5.029940119760479,8.143712574850293,-5.868263473053881
2026-04-07,ADVB,0.6142534,4.42,1.0,7.135,6.33,-11.28241065171689,6.377014716187812,-15.346881569726701
2026-04-07,SKYQ,0.27399993,5.0,2.0,6.38,6.4494,1.0877742946708402,30.405956112852685,-7.210031347962387
2026-04-07,BGDE,0.18532825,2.59,3.0,3.04,2.8999,-4.608552631578943,13.483552631578943,-11.184210526315786
2026-04-07,ORGO,0.111607194,2.24,4.0,2.49,2.255,-9.437751004016082,5.6224899598393385,-10.4417670682731
2026-04-08,ELAB,0.34782612,3.45,1.0,4.65,4.5699,-1.722580645161309,18.06451612903226,-8.744086021505382
2026-04-08,SKIL,0.2811792,4.41,2.0,5.65,3.83,-32.21238938053098,2.65486725663715,-34.070796460176986
2026-04-08,LEVI,0.14953756,19.71,3.0,22.65,21.755,-3.95143487858719,1.36865342163357,-5.518763796909488
2026-04-08,CRML,0.13367605,7.78,4.0,8.82,8.585,-2.6643990929705152,2.0408163265306145,-5.555555555555558
2026-04-08,JBLU,0.12417567,4.55,5.0,5.11,5.025,-1.6634050880626194,2.054794520547931,-3.326810176125239
2026-04-09,ELAB,0.44222224,4.5,1.0,6.48,5.335,-17.66975308641976,8.024691358024683,-18.981481481481488
2026-04-09,CLIK,0.23809528,2.1,2.0,2.6,3.41,31.153846153846153,42.307692307692314,-10.384615384615381
2026-04-09,TURB,0.14847171,2.29,3.0,2.63,2.315,-11.977186311787069,2.6615969581749166,-13.688212927756648
2026-04-09,RELL,0.14811635,11.76,4.0,13.5,14.435,6.925925925925935,9.259259259259256,-7.7037037037037015
2026-04-09,WW,0.100000024,11.3,5.0,12.44,11.32,-9.0032154340836,0.0,-13.790192926045009
2026-04-10,SLP,0.19745958,12.99,1.0,15.555,13.105,-15.750562520089995,0.0,-18.868531018964962
2026-04-10,OGN,0.1590712,6.91,2.0,8.0,8.915,11.43749999999999,11.624999999999996,-0.7499999999999951
2026-04-13,ALLO,0.50367653,2.72,1.0,4.09,3.08,-24.694376528117356,9.046454767726164,-26.405867970660147
2026-04-13,SKYQ,0.49324858,12.59,2.0,18.8,11.28,-40.0,3.4569148936170135,-41.382978723404264
2026-04-13,ALMU,0.30390334,10.76,3.0,14.02,15.63,11.483594864479318,18.1169757489301,-0.4992867332382356
2026-04-13,BATL,0.28125,3.2,4.0,4.1,3.59,-12.439024390243903,0.7317073170731714,-15.365853658536576
2026-04-13,TURB,0.1767441,2.15,5.0,2.53,2.155,-14.822134387351781,0.0,-16.00790513833992
2026-04-14,ROLR,1.0648329,5.09,1.0,10.51,7.63,-27.402473834443384,11.703139866793544,-31.493815413891525
2026-04-14,SANA,0.24299061,3.21,2.0,3.99,3.52,-11.77944862155389,2.2556390977443552,-14.536340852130325
2026-04-14,CNSY,0.112754226,5.41,3.0,6.02,5.365,-10.880398671096337,0.16611295681063787,-13.621262458471751
2026-04-14,RVMDW,0.10204089,4.41,4.0,4.86,5.42,11.522633744855959,13.168724279835375,-11.111111111111116
2026-04-15,RGTIW,0.18428576,7.0,1.0,8.29,8.81,6.272617611580245,9.408926417370346,-8.92641737032569
2026-04-15,KZIA,0.16279066,9.46,2.0,10.8,10.05,-6.944444444444442,1.8518518518518379,-18.518518518518512
2026-04-15,WATT,0.15853655,16.4,3.0,19.03,22.15,16.395165528113488,24.27745664739882,-0.6831318970047406
2026-04-15,XNDU,0.1544168,14.83,4.0,17.22,25.35,47.21254355400699,64.05342624854822,-6.2137049941928035
2026-04-15,GLOO,0.13961041,6.16,5.0,7.02,6.3005,-10.249287749287738,1.7094017094017033,-16.35612535612535
2026-04-16,WSHP,1.9336982,8.22,1.0,24.06,14.89,-38.11305070656691,69.8669991687448,-41.77057356608479
2026-04-16,CDNA,0.2379055,17.57,2.0,21.75,22.455,3.2413793103448274,4.873563218390808,-7.5857471264367815
2026-04-16,MRLN,0.18964314,14.29,3.0,17.0,16.08,-5.41176470588236,0.0,-11.764705882352944
2026-04-16,SLDP,0.1503067,3.26,4.0,3.75,3.27,-12.8,0.8000000000000007,-14.400000000000002
2026-04-16,ACHV,0.14084518,3.55,5.0,4.05,4.78,18.024691358024715,29.629629629629626,-1.7283950617283939
2026-04-17,PBM,0.6729131,5.87,1.0,9.82,7.47,-23.930753564154795,7.230142566191433,-27.596741344195518
2026-04-17,LZM,0.36246789,3.89,2.0,5.3,5.05,-4.716981132075471,0.5660377358490676,-11.886792452830186
2026-04-17,WSHP,0.33824039,14.265,3.0,19.09,15.75,-17.496071241487687,0.2619172341540077,-21.3200628601362
2026-04-17,FRMM,0.26160347,2.37,4.0,2.99,4.125,37.95986622073577,85.61872909698995,-7.692307692307709
2026-04-17,RPAY,0.25,3.18,5.0,3.97,4.15,4.534005037783384,8.05793450881611,-6.045340050377835
2026-04-20,PBM,0.72565794,7.6,1.0,13.115,12.22,-6.824247045367892,29.31223789553945,-15.669081204727409
2026-04-20,CMPS,0.29804814,6.66,2.0,8.645,9.465,9.485251590514743,18.102949681897073,-0.1735106998264735
2026-04-20,ATAI,0.24689817,4.03,3.0,5.025,4.922,-2.049751243781106,9.651741293532323,-4.47761194029852
2026-04-20,GHRS,0.16902947,18.34,4.0,21.44,21.4,-0.1865671641791189,15.018190298507461,-7.649253731343286
2026-04-20,SKYQ,0.16479397,8.01,5.0,9.33,9.06,-2.893890675241151,7.502679528403,-6.538049303322612
2026-04-21,SPRC,0.43735218,4.23,1.0,6.08,5.881,-3.2730263157894735,8.059210526315796,-23.026315789473696
2026-04-21,GRPN,0.1692307,14.95,2.0,17.48,16.685,-4.548054919908473,6.9221967963386755,-10.125858123569786
2026-04-21,JLHL,0.13347459,9.44,3.0,10.7,10.0,-6.542056074766345,19.43925233644861,-34.57943925233644
2026-04-22,AGPU,1.2233608,4.88,1.0,10.85,8.75,-19.354838709677413,0.09216589861751334,-25.990783410138253
2026-04-22,HCAI,0.2724595,6.79,2.0,8.64,9.55,10.532407407407419,15.162037037037024,-15.972222222222232
2026-04-22,HCSG,0.24031007,19.35,3.0,24.0,22.825,-4.895833333333332,1.6250000000000098,-8.875
2026-04-22,KYTX,0.1410917,9.71,4.0,11.08,10.21,-7.851985559566776,0.5460288808664115,-21.931407942238266
2026-04-22,POET,0.124390244,10.25,5.0,11.53,12.61,9.366869037294023,12.31569817866436,-1.908065915004331
2026-04-23,TRT,0.33171904,8.26,1.0,11.0,13.73,24.818181818181827,48.636363636363654,-2.1818181818181848
2026-04-23,QS,0.32106698,7.31,2.0,9.657,7.435,-23.009216112664387,0.0,-26.16754685720203
2026-04-23,HELE,0.2549317,19.77,3.0,24.81,23.609,-4.840790004030627,0.765820233776715,-9.91535671100362
2026-04-23,MNTS,0.21441436,5.55,4.0,6.74,5.578,-17.24035608308605,0.0,-21.068249258160233
2026-04-23,TLRY,0.18170273,7.87,5.0,9.3,6.8901,-25.91290322580645,0.4301075268817067,-26.66666666666667
2026-04-24,ELPW,0.46441948,2.67,1.0,3.9099,3.66,-6.391467812476015,11.767564387836016,-17.90071357323717
2026-04-24,OGN,0.24897957,8.6,2.0,10.73,11.325,5.545200372786563,7.921714818266534,-7.222739981360671
2026-04-24,SST,0.22715402,3.83,3.0,4.7,4.075,-13.297872340425531,5.74468085106381,-19.57446808510639
2026-04-24,POET,0.1568259,11.72,4.0,13.55,15.095,11.40221402214021,14.39114391143912,-8.487084870848715
2026-04-27,GLND,0.28663445,6.21,1.0,7.99,5.485,-31.351689612015022,0.0,-33.917396745932415
2026-04-27,ELPW,0.2375691,3.62,2.0,4.48,4.36,-2.67857142857143,9.151785714285698,-12.72321428571429
2026-04-27,SGMT,0.23037541,5.86,3.0,7.21,8.12,12.621359223300965,29.957004160887646,-1.109570041608876
2026-04-27,TRAK,0.19340897,8.12,4.0,9.69,9.07,-6.398348813209487,0.8255933952528327,-9.663570691434465
2026-04-27,OGN,0.17364216,11.26,5.0,13.215,13.16,-0.4161937192584175,0.18917896329928574,-0.4918653045781318
2026-04-28,NXH,0.33333325,5.34,1.0,7.12,4.735,-33.49719101123595,8.14606741573034,-34.83146067415731
2026-04-28,DDI,0.16974974,9.19,2.0,10.75,10.9,1.3953488372093092,3.030697674418592,-0.37209302325580396
2026-04-28,SKYQ,0.1394496,5.45,3.0,6.21,6.13,-1.2882447665056418,4.8309178743961345,-20.28985507246377
2026-04-29,PRCH,0.17578578,8.59,1.0,10.1,10.265,1.6336633663366351,7.227722772277234,-1.9801980198019709
2026-04-29,FVRR,0.17277992,10.36,2.0,12.15,12.172,0.18106995884774602,8.930041152263367,-3.539094650205754
2026-04-29,CAST,0.15416658,2.4,3.0,2.77,2.16,-22.021660649819484,1.4440433212996373,-22.38267148014441
2026-04-29,FCEL,0.1463784,9.94,4.0,11.36,13.4201,18.13468309859154,20.246478873239447,-3.257042253521125
2026-04-29,NEO,0.13636363,9.02,5.0,10.25,8.935,-12.829268292682928,0.7804878048780495,-20.19512195121952
2026-04-30,FATN,0.4012096,2.48,1.0,3.47,3.075,-11.38328530259366,5.7636887608069065,-18.731988472622486
2026-04-30,MRAM,0.36921906,13.19,2.0,18.06,18.285,1.2458471760797396,9.136212624584727,-8.637873754152814
2026-04-30,PACK,0.22842646,3.94,3.0,4.84,5.075,4.855371900826455,9.090909090909104,-9.090909090909083
2026-04-30,VISN,0.21745694,10.47,4.0,12.72,12.765,0.35377358490567,3.9308176100628867,-0.9433962264151052
2026-04-30,HTZ,0.15535712,5.6,5.0,6.47,6.295,-2.7047913446676897,8.809891808346215,-4.791344667697062
2026-05-01,CUE,1.2896879,14.74,1.0,33.8,30.715,-9.127218934911241,12.426035502958598,-23.22485207100591
2026-05-01,CERS,0.3251232,2.03,2.0,2.69,2.73,1.486988847583648,17.100371747211884,-8.17843866171003
2026-05-01,AIOS,0.30257523,9.32,3.0,12.14,22.67,86.73805601317959,178.994233937397,-12.355848434925864
2026-05-01,BOOM,0.21359229,6.18,4.0,7.5,8.43,12.399999999999988,14.133333333333331,-5.333333333333334
2026-05-01,FIVN,0.1732558,17.2,5.0,20.18,22.345,10.72844400396431,14.91526263627354,-2.5768087215064406
2026-05-04,PN,1.0104713,2.865,1.0,5.76,5.34,-7.2916666666666625,4.166666666666674,-19.965277777777768
2026-05-04,GBTG,0.5691401,5.93,2.0,9.305,9.335,0.3224073078989864,0.9134873723804393,-0.053734551316486634
2026-05-04,SSM,0.22666669,6.0,3.0,7.36,5.4,-26.630434782608692,43.20652173913042,-26.630434782608692
2026-05-04,ADVB,0.16508532,5.27,4.0,6.14,6.375,3.827361563517928,10.097719869706845,-13.355048859934849
2026-05-04,HTCO,0.16455698,7.9,5.0,9.2,7.3,-20.65217391304347,52.500000000000014,-22.71739130434781
2026-05-05,BLZE,0.6012931,4.64,1.0,7.46,7.555,1.2734584450402098,12.868632707774807,-4.557640750670244
2026-05-05,VRDN,0.35632992,14.06,2.0,19.07,18.67,-2.0975353959097998,4.876769795490299,-8.65233350812794
2026-05-05,DGXX,0.3518988,3.95,3.0,5.34,5.19,-2.8089887640449285,6.367041198501866,-11.79775280898876
2026-05-05,EVER,0.3066393,14.61,4.0,19.09,23.875,25.065479308538507,25.615505500261925,-4.92404400209534
2026-05-05,CHRN,0.2542373,11.8,5.0,14.8,13.01,-12.094594594594598,3.5810810810810834,-17.094594594594604
2026-05-06,EVC,0.63087416,3.98,1.0,6.4897,7.7199,18.95619211982065,28.66388276807865,-1.844461223169025
2026-05-06,AVTX,0.40221393,16.26,2.0,22.8,21.93,-3.815789473684217,3.9912280701754455,-22.412280701754383
2026-05-06,COMP,0.27823687,7.26,3.0,9.28,9.15,-1.4008620689655027,3.340517241379315,-3.6099137931034364
2026-05-06,MASK,0.24401915,2.09,4.0,2.6,2.4401,-6.15,5.384615384615388,-11.150000000000016
2026-05-06,BLMN,0.22569442,5.76,5.0,7.06,8.17,15.722379603399439,21.246458923512755,-0.9915014164305846
2026-05-07,RXT,0.75110126,2.27,1.0,3.98,3.52,-11.557788944723612,16.080402010050253,-15.577889447236181
2026-05-07,FLNC,0.4162979,13.56,2.0,19.19,19.33,0.7295466388743899,5.706096925482007,-15.007816571130805
2026-05-07,OSG,0.26777256,4.22,3.0,5.35,6.1409,14.783177570093464,15.514018691588793,-0.9345794392523366
2026-05-07,HIMX,0.25061834,12.33,4.0,15.41,15.995,3.796236210253068,16.482803374432176,-3.3737832576249183
2026-05-08,PHOE,0.93494236,19.06,1.0,36.88,24.8899,-32.511117136659436,34.08351409978307,-45.71583514099784
2026-05-08,FLNC,0.2532947,18.97,2.0,23.78,24.25,1.9764507989907365,13.45668629100083,-1.0933557611438216
2026-05-08,PGNY,0.22077239,19.16,3.0,23.39,23.62,0.9833262077810989,1.5818725951261214,-9.395895681915356
2026-05-08,LOCO,0.17320502,13.51,4.0,15.62,13.905,-10.97951344430218,1.7925736235595569,-12.48399487836107
2026-05-08,ASYS,0.16858876,18.21,5.0,21.28,21.305,0.11748120300751896,12.312030075187952,-3.148496240601517
2026-05-11,BZH,0.3478955,18.77,1.0,25.3,25.33,0.11857707509881354,1.1857707509881354,-4.743083003952564
2026-05-11,HTCO,0.20205474,5.84,2.0,7.02,6.9401,-1.1381766381766245,9.537037037037033,-14.387464387464387
2026-05-11,GRSD,0.16186237,4.51,3.0,5.24,4.39,-16.22137404580154,4.961832061068705,-17.74809160305345
2026-05-11,BW,0.14855576,14.54,4.0,16.7,18.8,12.574850299401197,13.712574850299397,-6.826347305389213
2026-05-11,DRTS,0.14571095,8.51,5.0,9.79,10.35,5.720122574055164,10.316649642492347,-5.515832482124605
2026-05-12,VSTS,0.26666665,9.3,1.0,11.78,11.955,1.4855687606112111,5.814940577249583,-6.355687606112048
2026-05-12,HTCO,0.248227,7.05,2.0,8.8,11.2,27.27272727272725,37.7272727272727,-17.045454545454554
2026-05-12,QUBT,0.24754417,10.18,3.0,12.72,11.755,-7.586477987421381,13.600628930817592,-11.242138364779885
2026-05-12,MGNX,0.16949153,2.95,4.0,3.46,3.5101,1.4479768786127112,10.982658959537561,-2.8901734104046284
2026-05-12,AMBO,0.16587687,2.11,5.0,2.46,2.375,-3.455284552845528,5.691056910569103,-19.101626016260166
2026-05-13,AEHL,0.43364942,2.11,1.0,3.025,3.57,18.016528925619824,40.165289256198356,-12.396694214876035
2026-05-13,TDIC,0.26491523,2.36,2.0,2.99,25.9,766.2207357859531,903.344481605351,-2.341137123745829
2026-05-13,EOSE,0.23086417,8.1,3.0,9.95,8.2986,-16.596984924623104,0.4020100502512669,-17.68844221105528
2026-05-13,VNET,0.22505534,9.02,4.0,11.05,11.285,2.126696832579178,8.778280542986415,-1.176470588235301
2026-05-13,SLS,0.2097702,5.22,5.0,6.31,6.595,4.5166402535657735,6.497622820919169,-9.904912836767032
2026-05-14,AIIO,0.6800766,2.61,1.0,4.385,5.5901,27.48232611174457,109.80615735461802,-25.655644241733178
2026-05-14,AEHL,0.422652,3.62,2.0,5.15,4.67,-9.320388349514575,14.368932038834936,-54.36893203883495
2026-05-14,POET,0.21155179,14.37,3.0,17.44,20.29,16.341743119266038,19.323394495412828,-0.30963302752294863
2026-05-14,DERM,0.19267821,5.19,4.0,6.19,6.39,3.2310177705977328,8.400646203554118,-7.915993537964461
2026-05-14,STUB,0.18351054,7.52,5.0,8.9,8.515,-4.325842696629212,3.0337078651685445,-6.515730337078651
2026-05-15,PIII,0.2940446,4.03,1.0,5.215,11.43,119.17545541706613,175.1677852348993,-3.1294343240651945
2026-05-15,GEMI,0.2823193,5.26,2.0,6.745,5.615,-16.753150481838397,3.1860637509266043,-19.644180874722018
2026-05-15,MICC,0.13015974,15.02,3.0,16.975,16.665,-1.8262150220913265,0.32400589101619914,-3.9469808541973572
2026-05-15,WYY,0.12360811,8.98,4.0,10.09,10.21,1.189296333002976,6.7393458870168566,-6.305252725470767
2026-05-15,LESL,0.10857141,3.5,5.0,3.88,3.1501,-18.811855670103085,7.989690721649501,-32.72938144329897
2026-05-18,HIVE,0.33828986,2.69,1.0,3.6,3.42,-5.000000000000004,8.888888888888879,-9.166666666666668
2026-05-18,QUCY,0.24855494,3.46,2.0,4.32,3.605,-16.55092592592593,2.77777777777779,-24.768518518518523
2026-05-18,TE,0.18165779,5.67,3.0,6.7,7.075,5.597014925373145,7.164179104477597,-5.5223880597014885
2026-05-18,AIIO,0.14303482,4.02,4.0,4.6,5.6,21.739130434782616,38.26086956521741,-8.043478260869552
2026-05-18,CPSH,0.12418294,4.59,5.0,5.16,5.36,3.875968992248069,10.658914728682166,-4.457364341085279
2026-05-19,ENHA,0.16999996,5.0,1.0,5.85,5.18,-11.452991452991457,3.589743589743599,-14.529914529914523
2026-05-19,BKKT,0.13876152,8.72,2.0,9.93,9.73,-2.0140986908358416,10.674723061430026,-2.618328298086603
2026-05-20,GCTS,0.15178573,2.8,1.0,3.225,2.715,-15.813953488372102,0.46511627906977715,-18.13953488372093
2026-05-20,WNW,0.14315784,4.75,2.0,5.43,3.9999,-26.337016574585636,20.440147329650095,-30.95764272559852
2026-05-20,AMPG,0.13283205,3.99,3.0,4.52,4.43,-1.9911504424778736,4.646017699115057,-7.079646017699104
2026-05-20,EGHT,0.13278008,2.41,4.0,2.73,2.27,-16.849816849816847,0.45787545787545625,-17.948717948717942
2026-05-20,POET,0.12853861,13.07,5.0,14.75,14.755,0.03389830508475633,1.016949152542379,-7.932203389830505
2026-05-21,AIAI,0.4435302,13.37,1.0,19.36,14.59,-24.638429752066116,1.0847107438016534,-34.90754132231404
2026-05-21,CODX,0.3179916,2.39,2.0,3.15,3.74,18.73015873015873,43.8063492063492,-6.666666666666665
2026-05-21,INFQ,0.20751333,11.18,3.0,13.5,14.9,10.370370370370363,19.185185185185194,-0.8148148148148127
2026-05-21,QUCY,0.19452894,3.29,4.0,3.93,3.49,-11.195928753180661,23.918575063613233,-15.267175572519086
2026-05-21,RLAY,0.15053761,13.02,5.0,14.98,13.56,-9.479305740987986,3.1375166889185513,-9.712950600801074
2026-05-22,PCLA,1.7244444,2.25,1.0,6.11,6.7898,11.12602291325695,21.111292962356785,-25.695581014729953
2026-05-22,AKTX,0.9299612,5.14,2.0,9.92,17.15,72.88306451612902,91.42137096774195,-13.508064516129025
2026-05-22,GOVX,0.3890909,2.75,3.0,3.82,3.6802,-3.65968586387434,12.82460732984294,-7.59162303664922
2026-05-22,HCWB,0.24418604,2.58,4.0,3.21,2.9099,-9.34890965732087,8.411214953271017,-15.88785046728971
2026-05-22,MTVA,0.2404182,2.87,5.0,3.56,3.825,7.4438202247191,21.067415730337057,-5.89887640449438
2026-05-26,MNTS,0.75609756,7.38,1.0,12.96,15.8599,22.375771604938265,25.617283950617285,-8.48765432098767
2026-05-26,CODX,0.35502946,5.07,2.0,6.87,8.7901,27.949053857350805,57.2052401746725,-7.8442503639010175
2026-05-26,AIIO,0.24418604,2.58,3.0,3.21,3.105,-3.2710280373831724,11.52647975077883,-8.099688473520239
2026-05-26,CPSH,0.1783334,6.0,4.0,7.07,11.23,58.840169731258825,61.24469589816124,-6.364922206506362
2026-05-26,PONY,0.1547085,8.92,5.0,10.35,9.4,-9.178743961352653,0.7729468599033895,-14.444444444444438
2026-05-27,APPS,0.34927237,4.81,1.0,6.49,6.55,0.9244992295839749,17.411402157164858,-4.930662557781207
2026-05-27,QTTB,0.29337096,7.09,2.0,9.17,12.62,37.62268266085058,43.402399127589966,-0.21810250817884125
2026-05-27,IPWR,0.27890182,6.92,3.0,8.91,8.97,0.6734006734006703,4.3771043771043905,-13.019079685746348
2026-05-27,MNTS,0.256783,15.48,4.0,19.455,19.67,1.1051143664867924,14.109483423284509,-10.203032639424315
2026-05-27,VCIG,0.18275869,2.9,5.0,3.43,4.4017,28.32944606413994,45.189504373177854,-5.830903790087472
2026-05-28,ATPC,1.0245614,2.85,1.0,5.78,5.99,3.633217993079585,47.058823529411754,-4.498269896193785
2026-05-28,ASTC,0.570601,13.81,2.0,21.69,30.585,41.009681881051165,65.05301982480403,-23.098201936376217
2026-05-28,UMAC,0.32766867,18.83,3.0,25.0,29.8,19.199999999999996,28.000000000000004,-1.200000000000001
2026-05-28,QTEX,0.21904767,2.1,4.0,2.56,3.01,17.578125,33.203125,-11.71875000000001
2026-05-28,PUSA,0.20708442,3.67,5.0,4.43,4.405,-0.5643340857787726,9.480812641083514,-11.738148984198638
2026-05-29,OLOX,1.0711381,4.92,1.0,10.19,8.85,-13.150147203140328,9.911678115799806,-22.963689892051033
2026-05-29,REPL,0.6944444,4.68,2.0,7.93,8.74,10.21437578814628,14.330390920554859,-3.2786885245901565
2026-05-29,IOTR,0.6250001,2.8,3.0,4.55,3.765,-17.25274725274725,33.62637362637364,-25.27252747252746
2026-05-29,PD,0.25403225,7.44,4.0,9.33,9.96,6.7524115755627,7.3419078242229485,-6.859592711682749
2026-05-29,PLCE,0.2091955,4.35,5.0,5.26,4.16,-20.912547528517102,2.281368821292773,-26.806083650190104
2026-06-01,MASK,0.5111731,3.58,1.0,5.41,5.505,1.7560073937153309,30.499075785582242,-12.56931608133086
2026-06-01,CRE,0.36742413,2.64,2.0,3.61,3.389,-6.121883656509697,3.6011080332410073,-18.00554016620498
2026-06-01,AIIO,0.28270042,2.37,3.0,3.04,3.0301,-0.3256578947368416,11.842105263157897,-5.263157894736848
2026-06-01,ELMT,0.2467277,15.28,4.0,19.05,19.1,0.2624671916010568,18.11023622047243,-1.5532808398950104
2026-06-01,FLNC,0.24046612,18.88,5.0,23.42,27.015,15.350128095644733,23.313407344150285,-0.7506404782237519
2026-06-02,VSA,0.79439235,4.28,1.0,7.68,4.68,-39.0625,0.390625,-47.916666666666664
2026-06-02,ABTS,0.495327,2.14,2.0,3.2,2.6,-18.75,1.5625,-33.75
2026-06-02,LFVN,0.24198377,9.43,3.0,11.54,8.87,-23.136915077989606,1.4731369150779994,-35.00866551126516
2026-06-02,QUCY,0.22421527,2.23,4.0,2.73,2.505,-8.241758241758246,13.55311355311355,-9.890109890109889
2026-06-02,SBFM,0.20920503,2.39,5.0,2.89,2.6786,-7.314878892733567,5.536332179930792,-15.05190311418685
2026-06-03,XOS,1.9058297,2.23,1.0,6.48,7.49,15.58641975308641,27.621913580246904,-16.666666666666664
2026-06-03,LASE,0.45247936,2.42,2.0,3.515,3.1809,-9.504978662873409,27.738264580369854,-14.082503556187763
2026-06-03,NCT,0.21404684,2.99,3.0,3.63,3.56,-1.9283746556473802,20.939393939393945,-15.426997245179063
2026-06-03,FOFO,0.21197009,4.01,4.0,4.86,6.51,33.95061728395061,48.97119341563785,-2.0576131687242927
2026-06-03,HTCO,0.15068483,2.92,5.0,3.36,3.08,-8.333333333333325,63.69047619047619,-25.60119047619047
2026-06-04,FOXX,0.7762238,2.86,1.0,5.08,5.24,3.149606299212593,55.51181102362206,-2.7559055118110187
2026-06-04,SPRC,0.4323467,9.46,2.0,13.55,11.845,-12.583025830258299,16.531365313653133,-22.50922509225093
2026-06-04,ROLR,0.3571428,5.6,3.0,7.6,6.29,-17.23684210526315,1.1842105263158098,-21.71052631578947
2026-06-04,MOBX,0.3542601,2.23,4.0,3.02,2.165,-28.31125827814569,1.3211920529801358,-28.64238410596027
2026-06-04,RPGL,0.2640264,3.03,5.0,3.83,2.915,-23.89033942558747,45.16971279373367,-33.68146214099217
2026-06-05,BBCP,0.4172933,7.98,1.0,11.42,10.4,-8.931698774080555,4.903677758318747,-15.061295971978995
2026-06-05,MASK,0.31578946,3.61,2.0,4.75,3.88,-18.31578947368421,1.157894736842091,-23.15789473684211
2026-06-05,MRLN,0.2799443,7.18,3.0,9.19,8.6,-6.420021762785632,11.533188248095772,-9.575625680087041
2026-06-05,ABTS,0.13761461,2.18,4.0,2.48,1.9999,-19.358870967741936,0.0,-21.370967741935488
2026-06-05,LASE,0.111878514,3.62,5.0,4.025,3.08,-23.478260869565226,2.360248447204971,-25.465838509316775
2026-06-08,OCC,0.594309,12.3,1.0,19.61,18.8091,-4.084140744518095,12.187659357470682,-13.258541560428338
2026-06-08,ABAT,0.2861737,3.11,2.0,4.0,3.88,-3.0000000000000027,6.25,-15.992499999999998
2026-06-08,FOFO,0.17948711,3.9,3.0,4.6,3.3506,-27.160869565217382,6.08695652173914,-28.260869565217394
2026-06-08,SDOT,0.17792416,12.14,4.0,14.3,19.775,38.28671328671327,67.06293706293707,0.0
2026-06-08,NRIX,0.14241803,14.64,5.0,16.75,15.4501,-7.760597014925363,8.656716417910438,-8.298507462686565
2026-06-09,FAC,0.44927537,13.8,1.0,20.0,16.025,-19.87500000000001,26.649999999999995,-27.500000000000004
2026-06-09,INDP,0.26666677,2.1,2.0,2.66,2.03,-23.684210526315795,0.0,-27.44360902255639
2026-06-09,BNAI,0.19102347,18.27,3.0,21.77,19.5563,-10.168580615525947,6.063389986219581,-15.02067064768029
2026-06-09,STAK,0.16959059,5.13,4.0,6.0,5.75,-4.1666666666666625,38.33333333333335,-26.66666666666666
2026-06-09,FCEL,0.16451609,15.5,5.0,18.05,17.56,-2.714681440443223,9.03047091412741,-7.700277008310252
2026-06-10,XOS,0.18715084,3.58,1.0,4.25,3.76,-11.529411764705888,9.176470588235297,-14.117647058823534
2026-06-10,STAK,0.14690268,5.65,2.0,6.48,7.49,15.58641975308641,21.759259259259256,-16.20370370370371
2026-06-10,LAKE,0.12893093,9.54,3.0,10.77,11.36,5.478180129990706,11.049210770659258,-2.32126276694522
2026-06-10,FAC,0.120000005,16.0,4.0,17.92,22.51,25.613839285714278,32.53348214285714,-6.529017857142872
2026-06-10,FACWW,0.111111164,2.25,5.0,2.5,2.9,15.999999999999993,21.199999999999996,-10.004000000000012
2026-06-11,EDHL,3.7228575,3.5,1.0,16.53,5.945,-64.03508771929825,5.807622504537191,-64.60980036297642
2026-06-11,QH,1.1600001,3.25,2.0,7.02,6.96,-0.8547008547008517,16.096866096866115,-26.638176638176624
2026-06-11,LASE,0.2651162,2.15,3.0,2.72,2.425,-10.845588235294134,4.779411764705888,-12.50000000000001
2026-06-11,FACWW,0.14754105,3.05,4.0,3.5,2.465,-29.57142857142857,0.0,-41.14285714285714
2026-06-12,DSY,0.77319586,3.88,1.0,6.88,4.6801,-31.975290697674406,5.232558139534893,-35.75581395348837
2026-06-12,GMM,0.51388884,2.88,2.0,4.36,3.2999,-24.314220183486245,8.933486238532119,-28.440366972477072
2026-06-12,EDHL,0.41471577,5.98,3.0,8.46,8.76,3.546099290780136,31.560283687943258,-14.665484633569758
2026-06-12,MF,0.26096034,4.79,4.0,6.04,8.61,42.54966887417218,64.23841059602648,-14.735099337748336
2026-06-12,MASK,0.18061674,2.27,5.0,2.68,2.36,-11.9402985074627,22.76119402985075,-17.160447761194032
2026-06-15,CUPR,1.7581863,3.97,1.0,10.95,8.05,-26.48401826484017,35.159817351598186,-36.07305936073059
2026-06-15,SDOT,0.37260962,16.21,2.0,22.49,23.7,5.380168963983989,19.74210760337929,-11.071587372165403
2026-06-15,GMM,0.21428573,3.36,3.0,4.08,3.44,-15.686274509803921,12.745098039215685,-17.40196078431372
2026-06-15,CRMT,0.12440193,2.09,4.0,2.35,2.39,1.7021276595744705,22.5531914893617,-10.63829787234043
2026-06-15,QMCO,0.11208153,13.74,5.0,15.28,14.0411,-8.107984293193715,4.712041884816753,-10.34031413612565
2026-06-16,SLBT,2.3663664,3.33,1.0,11.21,9.23,-17.6628010704728,29.34879571810882,-32.649420160570926
2026-06-16,TDIC,0.72191536,5.43,2.0,9.36,7.4493,-20.41346153846153,12.17948717948718,-23.67521367521367
2026-06-16,CRVO,0.3467741,2.48,3.0,3.34,4.44,32.93413173652697,123.05389221556888,-10.479041916167652
2026-06-16,CRE,0.33650792,3.15,4.0,4.21,3.36,-20.19002375296912,46.55581947743468,-25.17814726840856
2026-06-16,AIBZ,0.20000005,6.25,5.0,7.5,7.68,2.400000000000002,5.466666666666664,-4.266666666666675
2026-06-17,LNAI,0.6660807,2.845,1.0,4.74,3.9999,-15.61392405063292,5.907172995780585,-23.206751054852326
2026-06-17,CLPT,0.36056972,13.34,2.0,18.15,16.96,-6.556473829201092,3.0853994490358305,-8.154269972451777
2026-06-17,CRE,0.33333337,3.27,3.0,4.36,4.11,-5.733944954128445,1.1467889908256756,-16.7408256880734
2026-06-17,SDOT,0.2687428,8.67,4.0,11.0,17.49,58.999999999999986,87.27272727272728,0.0
2026-06-17,MNTS,0.15145004,9.31,5.0,10.72,10.13,-5.5037313432835795,1.2126865671641784,-11.380597014925375
2026-06-18,CAST,1.3126214,5.15,1.0,11.91,8.14,-31.654072208228378,2.434928631402178,-39.966414777497896
2026-06-18,LPA,0.3917197,3.14,2.0,4.37,3.57,-18.306636155606416,0.22883295194506825,-19.90846681922197
2026-06-18,BFLY,0.26269698,5.71,3.0,7.21,8.775,21.70596393897366,23.994452149791947,-1.5256588072122046
2026-06-18,CRVO,0.22834647,3.81,4.0,4.7,4.23,-9.999999999999998,66.17021276595743,-18.297872340425535
2026-06-18,ATPC,0.19780219,2.73,5.0,3.27,3.91,19.571865443425086,87.1559633027523,-8.865443425076446
2026-06-22,CRMT,0.46875,2.4,1.0,3.52,3.085,-12.357954545454541,0.28125000000001066,-18.465909090909083
2026-06-22,ICCM,0.30740738,5.4,2.0,7.06,5.77,-18.271954674220968,6.657223796033995,-20.538243626062314
2026-06-22,SSTK,0.18759453,13.22,3.0,15.7,15.96,1.6560509554140124,4.9044585987261025,-4.458598726114649
2026-06-22,QTEX,0.12935328,2.01,4.0,2.27,2.005,-11.674008810572689,0.4405286343612147,-13.656387665198244
2026-06-22,FTH,0.10886645,17.82,5.0,19.76,24.04,21.659919028340056,21.659919028340056,-11.437246963562764
2026-06-23,BLZE,0.26970446,8.12,1.0,10.32,11.635,12.742248062015493,14.77713178294573,-6.782945736434121
2026-06-23,ICCM,0.10623944,5.93,2.0,6.56,6.07,-7.469512195121942,10.516768292682933,-13.109756097560965
2026-06-23,WYHG,0.10015178,6.59,3.0,7.25,6.8899,-4.966896551724142,21.51724137931035,-23.03448275862069
2026-06-24,QNRX,0.3138461,3.25,1.0,4.27,3.85,-9.83606557377048,16.627634660421563,-14.988290398126459
2026-06-24,ABSI,0.2834009,7.41,2.0,9.51,10.07,5.888538380651953,15.66771819137751,-8.832807570977918
2026-06-24,WEN,0.24862945,6.255,3.0,7.81,7.9,1.1523687580025754,13.791293213828437,-3.969270166453265
2026-06-24,RUN,0.20921147,12.81,4.0,15.49,14.435,-6.810845706907676,8.39251129761136,-7.391865719819235
2026-06-24,EHGO,0.17250001,4.0,5.0,4.69,3.62,-22.814498933901927,34.96801705756929,-28.142857142857146
2026-06-25,FCUV,0.3642534,4.42,1.0,6.03,4.925,-18.325041459369828,18.242122719734645,-21.227197346600335
2026-06-25,WYY,0.36208844,17.62,2.0,24.0,19.87,-17.208333333333325,1.2499999999999956,-21.791666666666664
2026-06-25,EHGO,0.24054062,3.7,3.0,4.59,4.46,-2.8322440087145906,5.664488017429181,-8.714596949891051
2026-06-25,MEI,0.16934872,13.09,4.0,15.305,18.1,18.262005880431254,20.679516497876516,-1.9274746814766375
2026-06-25,JLHL,0.14037728,13.25,5.0,15.11,14.12,-6.551952349437462,8.239576439444086,-9.107213765718058
2026-06-26,SDOT,0.8608415,6.18,1.0,11.5,20.93,82.0,97.82608695652173,-14.695652173913043
2026-06-26,ILLR,0.6819345,3.05,2.0,5.1299,4.525,-11.791652858730185,6.824694438488077,-26.11941753250551
2026-06-26,TII,0.26457393,2.23,3.0,2.82,2.11,-25.177304964539005,0.8865248226950451,-28.36879432624113
2026-06-26,SKYQ,0.155303,2.64,4.0,3.05,2.88,-5.573770491803276,14.754098360655753,-10.819672131147529
2026-06-29,UPC,4.8006754,2.96,1.0,17.17,12.4101,-27.722189866045433,4.601048340128133,-38.78858474082703
2026-06-29,QDEL,0.23277736,13.79,2.0,17.0,18.44,8.47058823529412,16.470588235294127,-1.5882352941176459
2026-06-29,RPAY,0.19273746,3.58,3.0,4.28,4.225,-1.2850467289719725,6.191588785046731,-1.985981308411211
2026-06-29,CCXIU,0.16942143,14.52,4.0,16.98,17.04,0.35335689045936647,8.951707891637216,-7.243816254416968
2026-06-30,PAVS,0.2276423,6.15,1.0,7.55,7.515,-0.46357615894040416,31.390728476821185,-4.90066225165563
2026-06-30,SKYQ,0.12643683,3.48,2.0,3.92,3.63,-7.397959183673475,6.632653061224492,-13.010204081632647
2026-06-30,CAST,0.10892856,5.6,3.0,6.21,6.725,8.293075684380025,14.974235104669887,-3.3816425120772986
2026-07-01,JEM,1.1649873,3.97,1.0,8.595,3.16,-63.23443862710878,31.122745782431636,-67.19022687609075
2026-07-01,SOC,0.25974035,3.08,2.0,3.88,4.365,12.5,14.690721649484551,-0.5154639175257714
2026-07-01,CCXIW,0.14709854,7.41,3.0,8.5,7.84,-7.76470588235294,10.8235294117647,-11.764705882352944
2026-07-02,USDE,0.8653847,2.08,1.0,3.88,2.8301,-27.05927835051547,13.402061855670123,-35.051546391752574
2026-07-02,DSY,0.45486104,2.88,2.0,4.19,4.29,2.386634844868718,16.945107398568027,-6.443914081145596
2026-07-02,NEXA,0.11996651,12.04,3.0,13.49,13.005,-3.595255744996284,6.6716085989621865,-6.152705707931805
2026-07-02,TENX,0.10308504,13.29,5.0,14.71,15.21,3.3990482664853827,5.302515295717192,-4.813052345343305
2026-07-06,FXHO,0.8145833,7.2,1.0,13.065,18.97,45.19709146574817,91.35093761959435,-15.26980482204362
2026-07-06,JLHL,0.24965894,7.33,2.0,9.16,3.77,-58.842794759825324,3.055676855895184,-63.973799126637566
2026-07-06,BGDE,0.22953022,7.45,3.0,9.16,8.2,-10.48034934497818,1.9650655021834051,-11.462882096069881
2026-07-06,CRE,0.14859438,2.49,4.0,2.86,2.81,-1.748251748251739,12.587412587412604,-11.888111888111885
2026-07-06,GMEX,0.13110542,3.89,5.0,4.4,3.2199,-26.820454545454552,3.863636363636358,-28.97727272727273
2026-07-07,CLRO,0.37,7.0,1.0,9.59,13.98,45.776850886339936,72.05422314911367,-15.224191866527626
2026-07-07,TDIC,0.20334268,3.59,2.0,4.32,4.03,-6.7129629629629655,5.092592592592582,-20.138888888888896
2026-07-07,EDHL,0.16414142,3.96,3.0,4.61,4.905,6.399132321041212,18.438177874186536,-3.904555314533631
2026-07-07,SKYQ,0.15566051,2.12,4.0,2.45,2.9801,21.636734693877546,34.69387755102038,-2.448979591836742
2026-07-07,AMPG,0.11824322,5.92,5.0,6.62,6.18,-6.646525679758319,8.157099697885206,-9.063444108761342
2026-07-08,IOTR,0.40674603,2.52,1.0,3.54,3.53,-0.28248587570621764,7.34463276836157,-12.711864406779661
2026-07-08,TC,0.27804875,2.05,2.0,2.62,2.43,-7.25190839694656,11.450381679389299,-15.64885496183207
2026-07-08,SKYQ,0.15666664,3.0,3.0,3.47,3.72,7.204610951008639,26.512968299711794,-9.510086455331413
2026-07-08,KC,0.102754235,9.44,4.0,10.42,10.51,0.8637236084452882,2.4472168905950165,-2.01535508637235
2026-07-09,JLHL,0.21895432,3.06,1.0,3.73,13.02,249.06166219839145,299.46112600536196,-0.2680965147452974
2026-07-09,IOTR,0.19209039,3.54,2.0,4.22,3.7799,-10.428909952606624,0.0,-14.691943127962082
2026-07-09,SMPL,0.17056072,12.84,3.0,15.03,13.005,-13.473053892215558,0.385894876912829,-18.293413173652695
2026-07-09,SUNE,0.1516589,2.11,4.0,2.43,2.525,3.9094650205761194,16.46090534979423,-6.172839506172856
2026-07-09,AP,0.14086473,7.17,5.0,8.18,7.7,-5.8679706601466926,10.268948655256715,-6.6479217603911955
2026-07-10,WNW,0.18674707,3.32,1.0,3.94,3.87,-1.7766497461928932,0.3654822335025454,-10.91370558375635
2026-07-10,WOK,0.17326725,2.02,2.0,2.37,2.3,-2.9535864978903037,10.966244725738395,-13.080168776371314
2026-07-10,EQPT,0.125,16.0,3.0,17.99,18.705,3.974430239021687,6.725958866036685,-4.0578098943857555
2026-07-10,VOD,0.12446487,13.08,4.0,14.7,14.765,0.4421768707483009,1.0108843537415035,-1.1564625850340127
2026-07-10,CCC,0.10594785,5.38,5.0,5.95,5.905,-0.7563025210084007,0.42016806722688926,-5.042016806722682
2026-07-13,QTTB,0.633363,11.21,1.0,18.35,21.52,17.275204359673,22.615803814713885,-5.825613079019087
2026-07-13,AGEN,0.6179105,3.35,2.0,5.42,6.17,13.837638376383765,60.51660516605164,-9.409594095940953
2026-07-13,MIMI,0.4465115,2.15,3.0,3.11,2.9001,-6.749196141479096,11.2540192926045,-14.147909967845662
2026-07-13,GFUZ,0.40350878,9.12,4.0,12.8,12.22,-4.531249999999998,16.015625,-28.750000000000007
2026-07-13,SKYQ,0.168239,3.18,5.0,3.72,4.03,8.333333333333325,16.66666666666665,-4.032258064516137
2026-07-14,MF,0.43492055,6.3,1.0,9.04,4.72,-47.78761061946902,32.19026548672568,-54.86725663716814
2026-07-14,CLSK,0.1881069,12.36,2.0,14.61,13.495,-7.631759069130739,3.3538672142368275,-12.388774811772752
2026-07-14,LVLU,0.17427897,8.32,3.0,9.77,9.21,-5.73183213920162,0.0,-26.305015353121796
2026-07-14,SNWV,0.15452933,11.26,4.0,13.0,12.03,-7.4615384615384635,0.0,-13.230769230769235
2026-07-14,GFUZ,0.1431818,11.0,5.0,12.575,13.88,10.377733598409545,14.668787276341956,-1.228628230616291
2026-07-15,ELVA,0.5462611,7.89,1.0,12.28,11.83,-3.664495114006505,0.16286644951140072,-16.938110749185665
2026-07-15,TRT,0.17543864,10.26,2.0,12.06,10.93,-9.36981757877281,7.296849087893853,-12.354892205638478
2026-07-15,KOPN,0.1170212,3.76,3.0,4.14,4.235,2.2946859903381744,7.004830917874405,-0.9661835748792313
2026-07-15,SHMD,0.10398221,4.52,4.0,4.98,4.37,-12.248995983935751,1.4056224899598346,-13.052208835341371
2026-07-16,RUBI,0.70967746,3.72,1.0,6.36,3.44,-45.911949685534594,5.188679245283012,-52.20125786163522
2026-07-16,ATPC,0.3531747,2.52,2.0,3.41,4.375,28.299120234604104,41.93548387096773,-4.985337243401755
2026-07-16,ATAI,0.318097,5.36,3.0,7.07,7.13,0.8486562942008335,2.121640735502117,-0.7072135785007205
2026-07-16,ERNA,0.1218425,6.73,4.0,7.55,7.18,-4.90066225165563,0.5298013245033095,-10.847682119205293
2026-07-17,SDOT,0.5396491,14.25,1.0,21.94,25.15,14.630811303555147,41.15770282588878,-11.57702825888789
2026-07-17,BIYA,0.38157892,3.04,2.0,4.2,4.1963,-0.08809523809524267,14.047619047619042,-6.666666666666677
2026-07-17,JLHL,0.14928913,8.44,3.0,9.7,9.22,-4.948453608247405,10.206185567010317,-10.308247422680395
2026-07-20,BIYA,0.87922716,4.14,1.0,7.78,4.04,-48.0719794344473,27.120822622107976,-62.59640102827764
2026-07-20,BXBL,0.3878554,8.3,2.0,11.5192,10.15,-11.88624210014584,4.086221265365664,-16.92131398013751
2026-07-20,ADVB,0.33399594,5.03,3.0,6.71,8.79,30.998509687034257,40.387481371087915,-7.451564828614011
2026-07-20,SKYQ,0.1144737,3.8,4.0,4.23,4.63,9.456264775413704,20.09456264775413,-3.0709219858156
2026-07-20,NNBR,0.103773594,3.18,5.0,3.51,3.495,-0.42735042735041473,3.70370370370372,-4.384615384615376
2026-07-21,UTZ,0.8899329,7.45,1.0,14.08,14.1,0.14204545454545858,0.42613636363637575,-0.21306818181817677
2026-07-21,FWRD,0.14772725,13.2,2.0,15.12,16.15,6.812169312169303,7.34126984126986,-3.0046296296296293
2026-07-21,PWCM,0.118367314,2.45,3.0,2.74,2.595,-5.29197080291971,10.21897810218977,-7.299270072992703
2026-07-22,INLF,0.45739913,2.23,1.0,3.25,3.76,15.692307692307693,49.5353846153846,-8.615384615384613
2026-07-22,ADVB,0.17514122,7.08,2.0,8.32,11.9399,43.50841346153847,125.12019230769229,-2.8834134615384643
2026-07-22,AIRJ,0.16657817,3.77,3.0,4.38,4.605,5.136986301369872,8.901826484018272,-1.5981735159817378
2026-07-22,SNTG,0.12440193,2.09,4.0,2.35,2.18,-7.234042553191489,21.702127659574465,-14.468085106382988
2026-07-23,DOMO,0.36031735,3.15,1.0,4.29,3.995,-6.876456876456871,3.4965034965035002,-13.053613053613056
2026-07-23,ADVB,0.23673463,12.25,2.0,15.15,15.7405,3.8976897689769086,37.755775577557756,-15.973597359735969
2026-07-23,RELL,0.17594671,18.01,3.0,21.18,21.51,1.5580736543909346,9.301227573182235,-2.6912181303116123
2026-07-23,NVCR,0.1560694,15.57,4.0,18.0,19.9,10.55555555555554,14.16666666666666,0.0
2026-07-23,CLF,0.12910056,9.45,5.0,10.67,11.155,4.545454545454541,7.450796626054368,-0.6560449859418949
2026-07-24,VIVK,0.7028302,2.12,1.0,3.61,2.835,-21.468144044321324,8.58725761772854,-29.91689750692521
2026-07-24,ADVB,0.37604284,16.78,2.0,23.09,18.705,-18.99090515374622,4.932871372888692,-29.83975747076657
2026-07-24,JEM,0.29746842,4.74,3.0,6.15,6.27,1.9512195121951015,15.772357723577235,-16.910569105691053
2026-07-24,CJMB,0.17446816,2.35,4.0,2.76,2.56,-7.246376811594191,42.02898550724639,-19.565217391304333
2026-07-24,PN,0.16207635,9.44,5.0,10.97,8.155,-25.6608933454877,16.49954421148585,-28.350045578851415
2026-07-27,DFNS,0.6,4.35,1.0,6.96,13.54,94.54022988505746,129.74137931034483,-12.212643678160918
2026-07-27,VEEE,0.17347729,12.97,2.0,15.22,15.9121,4.547306176084098,53.193166885676725,-6.044678055190533
2026-07-27,PN,0.1654135,7.98,3.0,9.3,9.7701,5.054838709677401,18.279569892473102,-6.559139784946244
2026-07-27,OMER,0.14913177,9.79,4.0,11.28,11.3,0.17730496453902678,3.280141843971651,-6.914893617021267
2026-07-27,AGPU,0.14890516,6.85,5.0,7.87,7.2883,-7.391359593392632,4.701397712833555,-15.756035578144855
2026-07-28,FIRY,0.6704546,8.36,1.0,13.965,9.85,-29.46652345148586,1.1099176512710196,-34.12101682778375
2026-07-28,DFNS,0.56259537,13.1,2.0,20.47,24.42,19.296531509526147,79.23790913531998,-2.296042989741076
2026-07-28,INLF,0.44237804,3.28,3.0,4.731,5.165,9.173536250264224,72.9021348552103,-12.492073557387451
2026-07-28,BIYA,0.3189448,4.17,4.0,5.5,6.37,15.81818181818182,24.0,-26.727272727272723
2026-07-28,LVWR,0.22222221,2.43,5.0,2.97,1.94,-34.680134680134685,6.060606060606055,-38.380471380471384
2026-07-29,AMIX,0.56909096,2.75,1.0,4.315,4.42,2.4333719582850355,68.01853997682501,-8.922363847045201
2026-07-29,GMM,0.3927126,2.47,2.0,3.44,2.93,-14.82558139534883,25.0,-23.83720930232558
2026-07-29,VRRM,0.3755982,4.18,3.0,5.75,5.07,-11.826086956521731,4.347826086956519,-12.521739130434783
2026-07-29,STFS,0.35261703,3.63,4.0,4.91,4.78,-2.647657841140527,25.050916496944996,-19.755600814663953
2026-07-29,SKYQ,0.22343314,3.67,5.0,4.49,4.58,2.0044543429843964,3.563474387527843,-9.799554565701563
2026-07-30,PN,0.90018654,10.72,1.0,20.37,22.96,12.714776632302405,17.82032400589102,-32.90721649484536
2026-07-30,STKH,0.5848708,2.71,2.0,4.295,3.0,-30.151338766006987,18.74272409778812,-34.80791618160652
2026-07-30,CMCO,0.36582017,14.62,3.0,19.94,20.73,3.9618856569709093,6.845536609829472,-5.71715145436309
2026-07-30,XRX,0.2954545,2.64,4.0,3.42,3.455,1.023391812865504,10.526315789473673,-5.555555555555558
2026-07-30,BOOM,0.29151285,5.42,5.0,6.99,6.27,-10.300429184549365,5.4349070100143,-13.304721030042932
2026-07-31,PWP,0.32188547,14.91,1.0,19.71,17.69,-10.248604769152713,0.0,-17.45306950786404
2026-07-31,NWL,0.2839434,5.14,2.0,6.6,5.665,-14.16666666666666,8.028787878787892,-16.742424242424235
2026-07-31,DUOT,0.14742017,8.14,3.0,9.34,8.68,-7.066381156316915,0.0,-8.993576017130621
2026-07-31,FLNC,0.12286556,13.47,4.0,15.125,14.005,-7.404958677685947,0.0,-11.272727272727279
2026-07-31,BSBR,0.114851475,5.05,5.0,5.63,5.695,1.1545293072824148,3.1083481349911235,-0.1776198934280604
2026-08-03,UPC,1.221519,3.16,1.0,7.02,6.3,-10.256410256410254,20.227920227920237,-21.509971509971503
2026-08-03,FCUV,0.33706892,11.6,2.0,15.51,10.9595,-29.339136041263703,15.409413281753693,-40.168923275306256
2026-08-03,CNH,0.11317074,10.25,3.0,11.41,10.735,-5.915863277826472,5.346187554776516,-6.221735319894828
2026-08-03,RUBI,0.112107635,2.23,4.0,2.48,2.4,-3.2258064516129115,9.2741935483871,-13.709677419354838
2026-08-04,DXST,0.3230089,2.26,1.0,2.99,2.67,-10.70234113712375,8.026755852842804,-11.036789297658867
2026-08-04,BLZE,0.2931366,15.59,2.0,20.16,19.785,-1.8601190476190466,18.99801587301586,-2.529761904761918
2026-08-04,MRAM,0.17475724,15.45,4.0,18.15,17.42,-4.022038567493091,0.826446280991755,-7.988429752066118
2026-08-04,DDD,0.16961133,2.83,5.0,3.31,3.514,6.163141993957688,17.673716012084583,-2.114803625377637
2026-08-05,INLF,1.4544024,3.18,1.0,7.805,6.17,-20.948110185778347,21.46060217809098,-30.81358103779628
2026-08-05,GTE,0.5124451,6.83,2.0,10.33,9.335,-9.632139399806384,11.557599225556615,-12.778315585672795
2026-08-05,BLMN,0.35874438,8.92,3.0,12.12,11.835,-2.3514851485148425,4.207920792079212,-5.940594059405935
2026-08-05,APPS,0.256572,9.51,4.0,11.95,12.9701,8.536401673640182,17.991631799163187,-0.4184100418409997
2026-08-05,SWIM,0.22280705,5.7,5.0,6.97,7.3,4.734576757532283,6.4562410329985775,-8.034433285509323
2026-08-06,CLRO,2.1752717,3.68,1.0,11.685,9.69,-17.07317073170732,6.889174154899447,-29.65340179717586
2026-08-06,PAVS,0.89409375,4.91,2.0,9.3,6.98,-24.94623655913979,4.301075268817178,-35.17741935483871
2026-08-06,ASPN,0.45708585,5.01,3.0,7.3,6.715,-8.01369863013699,10.95890410958904,-12.191780821917808
2026-08-06,IOVA,0.37096763,4.34,4.0,5.95,6.255,5.126050420168071,7.394957983193273,-5.378151260504205
2026-08-06,EVH,0.32467532,3.08,5.0,4.08,3.545,-13.112745098039213,1.71568627450982,-13.3578431372549
2026-08-07,NAMI,2.130584,2.91,1.0,9.13,4.38,-52.02628696604601,3.723986856516981,-57.06462212486309
2026-08-07,DSY,0.7478261,3.45,2.0,6.03,4.45,-26.202321724709787,3.316749585406309,-28.026533996683256
2026-08-07,VATE,0.48987854,7.41,3.0,11.04,12.0415,9.071557971014489,26.811594202898558,-9.231884057971007
2026-08-07,FIGS,0.35231316,11.24,4.0,15.21,14.25,-6.31163708086786,7.692307692307687,-7.23208415516109
2026-08-07,STLN,0.30861735,4.99,5.0,6.53,6.395,-2.0673813169984734,7.963246554364467,-7.810107197549776
2026-08-10,VREX,0.48186946,12.41,1.0,18.39,18.445,0.29907558455681826,0.543773790103308,-0.13594344752584364
2026-08-10,XHLD,0.46039605,2.02,2.0,2.95,3.135,6.271186440677945,58.98305084745763,-10.508474576271187
2026-08-10,SLN,0.39748967,11.95,3.0,16.66,15.24,-8.523409363745493,5.496998799519814,-12.244897959183676
2026-08-10,ABCL,0.26406932,6.93,4.0,8.76,9.385,7.134703196347036,14.269406392694073,-4.109589041095885
2026-08-10,INHD,0.22060263,5.145,5.0,6.28,6.47,3.025477707006363,16.242038216560495,-4.458598726114649
2026-08-11,WYHG,0.40384614,5.72,1.0,8.03,7.335,-8.655043586550427,17.310087173100875,-23.412204234122036
2026-08-11,BW,0.33558547,8.88,2.0,11.86,9.0988,-23.281618887015163,1.8549747048903997,-24.11467116357504
2026-08-11,ELPW,0.28678298,4.01,3.0,5.13,4.655,-9.259259259259256,8.966861598440534,-18.128654970760227
2026-08-11,FF,0.27728152,5.16,4.0,6.55,6.325,-3.435114503816794,6.717557251908413,-6.71755725190839
2026-08-11,STIM,0.2603686,2.17,5.0,2.73,3.1695,16.09890109890111,26.007326007326004,-0.73260073260073
2026-08-12,BOXL,0.5580205,2.93,1.0,4.565,8.24,80.50383351588171,116.6484118291347,-6.313253012048204
2026-08-12,HYLN,0.29846942,3.92,2.0,5.09,3.8586,-24.192534381139485,7.072691552062871,-24.950884086444013
2026-08-12,VELO,0.24543464,13.69,3.0,17.05,15.12,-11.31964809384165,3.2844574780058533,-15.835777126099714
2026-08-12,OWLT,0.17830873,5.44,4.0,6.41,5.68,-11.388455538221532,0.15600624024960652,-12.714508580343221
2026-08-12,NRGV,0.16759777,3.58,5.0,4.18,3.885,-7.0574162679425845,0.23923444976077235,-8.253588516746401
2026-08-13,FGI,0.7906977,4.73,1.0,8.47,11.6736,37.82290436835891,135.3010625737898,-16.528925619834713
2026-08-13,ARX,0.4408524,13.61,2.0,19.6,19.5,-0.5102040816326592,0.10204081632652073,-0.7653061224489943
2026-08-13,CURI,0.27851355,2.8,3.0,3.58,3.955,10.474860335195535,20.39106145251395,-0.27932960893854997
2026-08-13,OMER,0.21444201,13.71,4.0,16.57,17.31,4.465902232951113,9.47495473747737,-1.8105009052504561
2026-08-13,HLIT,0.20666659,12.0,5.0,14.48,13.08,-9.66850828729282,4.005524861878462,-11.878453038674042
2026-08-14,CAPR,0.81947744,4.21,1.0,7.68,6.625,-13.736979166666663,6.119791666666674,-21.354166666666664
2026-08-14,SXTC,0.39393938,3.3,2.0,4.6,4.27,-7.173913043478263,5.65217391304349,-19.999999999999996
2026-08-14,BOXL,0.30441177,6.8,3.0,8.87,7.34,-17.249154453213066,7.102593010146574,-21.758737316798182
2026-08-14,MF,0.30400002,10.0,4.0,13.04,13.185,1.111963190184051,50.536809815950924,-13.726993865030668
2026-08-14,IMXI,0.21709406,11.7,5.0,14.24,14.52,1.96629213483146,2.5983146067415586,-3.72191011235955
2026-08-17,IPST,2.5998366,2.2001,1.0,7.92,7.335,-7.386363636363635,21.969696969696972,-18.308080808080806
2026-08-17,XPON,0.23901105,3.64,2.0,4.51,4.42,-1.9955654101995512,8.647450110864764,-4.654101995565418
2026-08-17,OABI,0.23816562,3.38,3.0,4.185,3.805,-9.0800477897252,2.5065710872162583,-11.23058542413381
2026-08-17,WETO,0.23600972,8.22,4.0,10.16,25.4,150.0,190.3454724409449,-5.511811023622048
2026-08-17,JLHL,0.23226702,7.19,5.0,8.86,7.41,-16.36568848758464,1.5801354401805856,-18.2844243792325
2026-08-18,XOS,1.1674643,2.09,1.0,4.53,4.42,-2.428256070640189,9.27152317880795,-11.479028697571758
2026-08-18,SLE,1.0596025,3.02,2.0,6.22,5.25,-15.594855305466238,18.4887459807074,-36.495176848874586
2026-08-18,PFSA,0.9470197,4.53,3.0,8.82,26.81,203.96825396825395,221.08843537414967,-2.7210884353741527
2026-08-18,SGLY,0.50334084,4.49,4.0,6.75,3.64,-46.07407407407407,0.0,-51.40740740740741
2026-08-18,WEAV,0.318264,5.53,5.0,7.3,7.29,-0.1369863013698569,0.205479452054802,-0.2739726027397249
2026-08-19,TNON,1.1412845,5.45,1.0,11.67,11.5,-1.4567266495287057,52.87060839760069,-15.251928020565552
2026-08-19,RCON,0.18263483,3.34,2.0,3.95,3.6407,-7.8303797468354475,10.88607594936708,-14.336708860759495
2026-08-19,MRVI,0.17020905,5.74,3.0,6.717,7.115,5.925264254875695,14.634509453625144,0.0
2026-08-19,ARCT,0.14555418,8.21,4.0,9.29,10.08,8.503767491926805,19.483315392895584,0.0
2026-08-19,KC,0.13191879,10.84,5.0,12.23,12.269,0.31888798037611465,2.452984464431718,-4.660670482420281
2026-08-20,SGLY,0.5469799,2.98,1.0,4.61,3.36,-27.114967462039054,12.796095444685474,-29.067245119305863
2026-08-20,CDTG,0.18604648,3.01,2.0,3.57,1.95,-45.3781512605042,31.092436974789916,-49.019607843137244
2026-08-20,BULL,0.15046287,8.64,3.0,9.94,8.995,-9.507042253521124,0.1006036217303885,-11.267605633802813
2026-08-20,MODD,0.12048197,3.32,4.0,3.72,3.295,-11.42473118279571,0.8064516129032251,-15.016129032258075
2026-08-20,RCON,0.10081744,3.67,5.0,4.04,3.61,-10.643564356435641,2.722772277227725,-39.10891089108911
2026-08-21,RFAI,2.142184,12.73,1.0,40.0,62.7,56.750000000000014,82.5,-11.950000000000005
2026-08-21,SUGP,0.37769783,2.78,2.0,3.83,1.541,-59.765013054830284,10.966057441253252,-70.75718015665797
2026-08-21,ADXN,0.28446376,4.57,3.0,5.87,4.98,-15.161839863713789,3.066439522998299,-21.635434412265763
2026-08-21,USDE,0.26,4.0,4.0,5.04,7.6976,52.730158730158735,74.40476190476188,-11.507936507936511
2026-08-21,BRNX,0.16562498,3.2,5.0,3.73,3.645,-2.278820375335122,7.238605898123329,-6.97050938337801
2026-08-24,SDOT,0.632777,13.18,1.0,21.52,23.24,7.992565055762069,46.83968401486991,-1.2081784386617
2026-08-24,PMI,0.41121495,3.21,2.0,4.53,5.1515,13.71964679911699,18.101545253863115,-12.472406181015462
2026-08-24,CAPR,0.27662957,6.29,3.0,8.03,6.6968,-16.602739726027394,0.0,-21.046077210460766
2026-08-24,DXST,0.19444442,2.52,4.0,3.01,2.91,-3.322259136212613,11.295681063122931,-8.637873754152814
2026-08-24,SUPX,0.13849759,8.52,5.0,9.71,10.48,7.9299691040164655,9.164778578784748,-14.932028836251298
2026-08-25,DFNS,0.4809264,11.01,1.0,16.305,13.11,-19.59521619135235,3.219871205151792,-23.336399877338245
2026-08-25,AMIX,0.41713226,5.37,2.0,7.6,7.4,-2.631578947368407,31.447368421052644,-5.9868421052631575
2026-08-25,JEM,0.3534032,3.82,3.0,5.17,6.7,29.59381044487428,67.8916827852998,-11.798839458413934
2026-08-25,GRML,0.20467842,8.55,4.0,10.3,9.65,-6.310679611650494,13.20291262135922,-14.951456310679623
2026-08-25,BRNX,0.18181825,4.18,5.0,4.94,5.43,9.91902834008096,16.39676113360322,-6.275303643724706
2026-08-26,DAIC,0.6005155,3.88,1.0,6.21,5.09,-18.035426731078907,7.7294685990338285,-31.400966183574887
2026-08-26,PSNYW,0.51742625,3.73,2.0,5.66,5.3603,-5.295053003533578,23.674911660777376,-8.303886925795045
2026-08-26,VCIG,0.3838029,2.84,3.0,3.93,2.77,-29.51653944020356,5.089058524173029,-38.42239185750637
2026-08-26,WVVIP,0.34826732,3.3302,4.0,4.49,4.09,-8.908685968819608,4.899777282850781,-19.599109131403125
2026-08-26,SDOT,0.22446477,16.35,5.0,20.02,16.9124,-15.522477522477507,5.794205794205798,-17.432567432567424
2026-08-27,WNW,0.3104838,2.48,1.0,3.25,3.24,-0.3076923076922977,13.538461538461544,-5.846153846153845
2026-08-27,LTRX,0.17932868,5.66,2.0,6.675,5.915,-11.385767790262168,5.917602996254678,-13.108614232209737
2026-08-27,YJ,0.152174,2.76,3.0,3.18,3.185,0.15723270440251014,6.915094339622652,-5.031446540880502
2026-08-27,PSNYW,0.14126384,5.38,4.0,6.14,6.2,0.9771986970684043,4.723127035830621,-7.328990228013021
2026-08-27,DAIC,0.13786411,5.15,5.0,5.89,5.7209,-2.8709677419354707,3.9049235993208864,-22.75042444821732
2026-08-28,PSQL,0.7344228,9.79,1.0,16.98,17.37,2.29681978798586,2.767373380447591,-22.968197879858653
2026-08-28,AEMD,0.34562206,2.17,2.0,2.92,2.4899,-14.729452054794523,12.671232876712324,-16.43835616438356
2026-08-28,XLAB,0.3135593,4.72,3.0,6.2,4.94,-20.32258064516128,19.19354838709677,-22.580645161290324
2026-08-31,AEHL,0.90960455,3.54,1.0,6.76,6.475,-4.215976331360949,25.442307692307708,-13.75739644970414
2026-08-31,WETO,0.26048958,5.72,2.0,7.21,5.685,-21.15117891816921,94.1747572815534,-24.687933425797503
2026-08-31,BRNX,0.15681231,3.89,3.0,4.5,4.21,-6.444444444444441,8.22222222222222,-13.777777777777779
2026-08-31,NEOV,0.15269458,3.34,4.0,3.82,4.265,11.64921465968587,13.869109947643988,0.0
2026-08-31,DPRO,0.11198211,4.465,5.0,4.96,5.38,8.467741935483875,10.483870967741948,-0.20161290322580072
2026-09-01,WETO,0.40237224,5.48,1.0,7.685,5.92,-22.966818477553673,9.824333116460625,-26.350032530904354
2026-09-01,SSM,0.39925373,2.68,2.0,3.75,4.77,27.19999999999998,33.06666666666666,-2.1333333333333315
2026-09-01,YEXT,0.13146234,6.77,3.0,7.66,6.565,-14.295039164490863,2.872062663185382,-17.55874673629243
2026-09-01,SST,0.11607146,2.24,4.0,2.5,2.74,9.600000000000009,14.000000000000012,-8.800000000000008
2026-09-01,PXS,0.10634327,5.36,5.0,5.93,6.2,4.553119730185506,8.600337268128166,-2.5952782462057344
