strategy,symbol,trades,exposure,full_ann_pct,oos_sharpe,oos_hold_sharpe,oos_sharpe_gap,is_excess_ann_pct,is_t,is_p,oos_excess_ann_pct,oos_t,oos_p,bonferroni_alpha,bonferroni_t_bar,beats_bonferroni,beats_fdr
RSI mean reversion,NVDA,14.0,0.11479713603818616,-48.257472678333016,0.2543303999041405,1.3108354985960402,-1.0565050986918996,-38.22140801770061,-3.4493464893693115,0.0005619451402316678,-63.33555070789723,-3.344956009781228,0.0008229562194463913,0.00014367816091954023,3.8017491435230113,False,False
Adaptive channel,NVDA,207.0,0.07589498806682578,-46.430634409132644,0.2658358779223505,1.3108354985960402,-1.0449996206736896,-34.3275326405727,-2.756519957105433,0.005842004755218344,-64.6142072573574,-3.3338429014054336,0.0008565502083284215,0.00014367816091954023,3.8017491435230113,False,False
Sell in May,NVDA,16.5,0.4909307875894988,-26.81874306559101,0.6625868834189642,1.3108354985960402,-0.648248615177076,-16.812681002880915,-1.8918352279849724,0.05851293800971913,-41.85174550747626,-3.197179779990224,0.001387784026316119,0.00014367816091954023,3.8017491435230113,False,False
Turn of month,NVDA,200.0,0.2863961813842482,-36.10016513047491,0.49097963394770266,1.3108354985960402,-0.8198558646483376,-23.479215527053217,-2.135133869546505,0.03275007675756014,-55.06174712127875,-3.1567171486929144,0.001595560361811188,0.00014367816091954023,3.8017491435230113,False,False
Ensemble vote,NVDA,216.5,0.5894988066825776,-27.08816166505377,0.6785445206362715,1.3108354985960402,-0.6322909779597687,-16.66605979129441,-1.7405892644431158,0.08175560078520316,-42.74621794492522,-3.030759393989014,0.0024393955186199356,0.00014367816091954023,3.8017491435230113,False,False
VWAP reversion,NVDA,120.0,0.2821002386634845,-32.884450997881096,0.6233938801966573,1.3108354985960402,-0.6874416183993829,-23.02929362060467,-2.3147745983322,0.02062527077425136,-47.69073582694332,-3.026123390563943,0.0024771119285000864,0.00014367816091954023,3.8017491435230113,False,False
Stochastic reversion,SPY,70.5,0.35536992840095466,-8.715144555389095,0.1573335505142109,0.8195964811093545,-0.6622629305951435,-5.214096382234444,-1.4115840615026303,0.15807246812368625,-13.975082521628012,-2.9545524953361544,0.003131228772276451,0.00014367816091954023,3.8017491435230113,False,False
Volatility-targeted trend,NVDA,38.502752353583965,0.3268072655061566,-32.24388962430772,1.405000995202022,1.3108354985960402,0.09416549660598172,-22.591252036259654,-2.209088169154775,0.02716850886192068,-46.74591085127361,-2.9347423922377334,0.0033382470596952096,0.00014367816091954023,3.8017491435230113,False,False
52-week high,NVDA,176.0,0.15441527446300715,-40.50916971893114,0.7171223313307027,1.3108354985960402,-0.5937131672653375,-30.09059911162592,-2.468492145159956,0.013568362988128246,-56.16192066120868,-2.9330424400891766,0.0033565800574173466,0.00014367816091954023,3.8017491435230113,False,False
Donchian breakout,GLD,70.5,0.4081145584725537,-5.175366978706371,0.27752291168768967,0.9492956056479085,-0.6717726939602189,0.47490503635098674,0.12423885055554602,0.9011261622195139,-13.664276248640213,-2.844565380412941,0.004447205796350495,0.00014367816091954023,3.8017491435230113,False,False
Turtle breakout,GLD,70.5,0.4081145584725537,-5.175366978706371,0.27752291168768967,0.9492956056479085,-0.6717726939602189,0.47490503635098674,0.12423885055554602,0.9011261622195139,-13.664276248640213,-2.844565380412941,0.004447205796350495,0.00014367816091954023,3.8017491435230113,False,False
Buy the dip,QQQ,80.5,0.3467780429594272,-9.35023456772516,0.3488568528461636,0.8819074032771961,-0.5330505504310326,-5.724586333589473,-1.554664282373533,0.1200260454055162,-14.7973703555694,-2.725670616775058,0.006417100113355723,0.00014367816091954023,3.8017491435230113,False,False
Walk-forward logistic,SPY,568.5,0.49140811455847255,-11.167780164199103,0.20350897612598567,0.8195964811093545,-0.6160875049833687,-9.760790043196483,-2.7916129948140247,0.005244604224387217,-13.28162732926576,-2.707088397935411,0.006787618114474148,0.00014367816091954023,3.8017491435230113,False,False
Stochastic reversion,NVDA,78.5,0.4315035799522673,-30.53155942146139,0.8146673724501636,1.3108354985960402,-0.4961681261458766,-25.677510724759422,-2.6538718682991016,0.007957403662104623,-37.82423114918269,-2.6993248184349183,0.006948032485565081,0.00014367816091954023,3.8017491435230113,False,False
Bollinger reversion,QQQ,71.0,0.17899761336515513,-12.646990161412889,0.1627740936379183,0.8819074032771961,-0.7191333096392778,-8.245877721920747,-1.9615523674098059,0.049814622488483895,-19.259175218355978,-2.674217798825342,0.007490378766202621,0.00014367816091954023,3.8017491435230113,False,False
Adaptive channel,GLD,161.0,0.07088305489260144,-9.38785021900227,0.011955244551580245,0.9492956056479085,-0.9373403610963282,-4.027648196148239,-0.8430185108506859,0.3992180912384007,-17.440961382370187,-2.648415007768909,0.008087018111698319,0.00014367816091954023,3.8017491435230113,False,False
Z-score mean reversion,NVDA,72.0,0.1341288782816229,-31.079097486042578,0.9000159728404266,1.3108354985960402,-0.41081952575561365,-21.22436999292797,-1.8300342776822158,0.067244813371649,-45.884736461659806,-2.589530962158448,0.009610677971691572,0.00014367816091954023,3.8017491435230113,False,False
ADX trend,NVDA,77.0,0.2713603818615752,-33.53413357953252,0.8722154236846962,1.3108354985960402,-0.438620074911344,-25.706484819764214,-2.2492944840075086,0.024493766535745864,-45.29431077834811,-2.588189591422123,0.00964818609819007,0.00014367816091954023,3.8017491435230113,False,False
RSI mean reversion,SPY,17.0,0.09021479713603818,-11.62225085865249,0.11335868645426747,0.8195964811093545,-0.706237794655087,-9.39551548050137,-2.3598073515399607,0.018284427571011008,-14.967674679470932,-2.581354091246218,0.009841358274528478,0.00014367816091954023,3.8017491435230113,False,False
Stochastic reversion,QQQ,69.5,0.34343675417661096,-10.889248399579685,0.2938271839872959,0.8819074032771961,-0.5880802192899002,-7.146924571535101,-1.6024368647174614,0.10905903831892294,-16.511676373015845,-2.563197236461466,0.01037131120554946,0.00014367816091954023,3.8017491435230113,False,False
Buy the dip,GLD,81.5,0.2883054892601432,-6.366905058404083,0.3003615966854472,0.9492956056479085,-0.6489340089624613,-1.3260671914917341,-0.3451050672456802,0.7300153841012835,-13.94020687159677,-2.5463776129895876,0.010884737225610674,0.00014367816091954023,3.8017491435230113,False,False
MACD trend,NVDA,173.0,0.5143198090692124,-31.122435710286382,0.870074194809339,1.3108354985960402,-0.4407613037867012,-27.075745915098143,-2.926117851762483,0.00343220890275564,-37.20213991273468,-2.5057662259596376,0.01221863751298602,0.00014367816091954023,3.8017491435230113,False,False
Volatility-targeted trend,JNJ,36.15418047730379,0.6018218887932447,-8.742408393183073,0.05241524047461212,0.6971368036331438,-0.6447215631585317,-5.834030676354931,-1.8402715627364525,0.06572837816816834,-13.111924497019853,-2.505074754794334,0.012242551518382605,0.00014367816091954023,3.8017491435230113,False,False
Walk-forward logistic,JNJ,296.0,0.14439140811455847,-14.924239588255059,-0.24820644689916582,0.6971368036331438,-0.9453432505323096,-13.9474517571407,-3.286352172050845,0.0010149403090866649,-16.39175535602843,-2.491414681803859,0.012723552127685611,0.00014367816091954023,3.8017491435230113,False,False
VWAP reversion,QQQ,62.0,0.15011933174224343,-12.99597832312355,0.2636855812625784,0.8819074032771961,-0.6182218220146176,-9.962616275510019,-2.2491451489609973,0.02450326287303306,-17.5532695714796,-2.48675349137104,0.01289146911058947,0.00014367816091954023,3.8017491435230113,False,False
Sell in May,AAPL,16.5,0.4909307875894988,-17.391603252058875,0.3259896467184829,0.87676848310913,-0.5507788363906472,-15.808841756831992,-2.8596328785801437,0.004241316901878678,-19.769527481745612,-2.4861642635339396,0.01291283472393756,0.00014367816091954023,3.8017491435230113,False,False
Golden cross,JNJ,13.5,0.7269689737470167,-6.433703838096445,0.29582374993899835,0.6971368036331438,-0.40131305369414544,-5.029335082177138,-1.9863639571278309,0.04699292570849911,-8.543612691822284,-2.479518966282806,0.013155973314143976,0.00014367816091954023,3.8017491435230113,False,False
Volatility breakout,NVDA,133.0,0.49761336515513127,-26.100413293607357,0.90182481818325,1.3108354985960402,-0.4090106804127902,-18.982468975566096,-1.9478652862436099,0.051431084430535456,-36.794338000819884,-2.4692594459544592,0.01353930150132543,0.00014367816091954023,3.8017491435230113,False,False
Day of week,GLD,784.0,0.18711217183770884,-10.01817964280707,0.23051151343797374,0.9492956056479085,-0.7187840922099348,-6.162465546008841,-1.3845914303888014,0.1661774333241448,-15.810963963862951,-2.466168163084982,0.013656720229036967,0.00014367816091954023,3.8017491435230113,False,False
Bollinger reversion,NVDA,72.0,0.19689737470167065,-31.382127286782673,0.9709282903641774,1.3108354985960402,-0.3399072082318628,-24.564227245973658,-2.28516191613029,0.0223033353775266,-41.62526862646886,-2.4219118450583283,0.015439095347796528,0.00014367816091954023,3.8017491435230113,False,False
Adaptive channel,SPY,308.0,0.11909307875894988,-15.953858395056747,-0.5674376964310656,0.8195964811093545,-1.38703417754042,-14.267266703923445,-3.114662450422858,0.0018415551910984096,-18.48777601942966,-2.3988050374913974,0.01644866990511007,0.00014367816091954023,3.8017491435230113,False,False
Regime-filtered trend,JNJ,63.5,0.5095465393794749,-9.958463052199013,-0.05623573025362771,0.6971368036331438,-0.7533725338867715,-6.97450406188074,-1.8992404434851582,0.057532869421603294,-14.441531666685545,-2.3752552118161936,0.017536820128195352,0.00014367816091954023,3.8017491435230113,False,False
SMA crossover,NVDA,44.5,0.6508353221957041,-15.882069959127765,0.9255377618654994,1.3108354985960402,-0.3852977367305408,-6.2049859505824685,-0.7308798914813511,0.464852519457311,-30.420819231225394,-2.3687772411658865,0.01784699890058583,0.00014367816091954023,3.8017491435230113,False,False
Adaptive channel,MSFT,208.0,0.07517899761336516,-24.270499547573213,-0.6204497622397448,0.758518520439947,-1.3789682826796918,-22.342489345492623,-3.1687017658152192,0.0015312142719356991,-27.167121804581967,-2.347405261636434,0.01890468009654178,0.00014367816091954023,3.8017491435230113,False,False
Walk-forward logistic,NVDA,279.0,0.0945107398568019,-36.50536898073407,1.0420227062973444,1.3108354985960402,-0.2688127922986958,-33.79875452166962,-2.683620915262434,0.0072829633983211295,-40.571758087393036,-2.3445950950795384,0.0190477524891719,0.00014367816091954023,3.8017491435230113,False,False
Golden cross,KO,13.5,0.7214797136038186,-6.82494117716179,0.15103693487806424,0.5980152216433454,-0.4469782867652812,-5.038738018681016,-2.079966718767481,0.03752858560182215,-9.508514022788518,-2.332856768418254,0.01965566402203711,0.00014367816091954023,3.8017491435230113,False,False
Adaptive channel,QQQ,275.0,0.120763723150358,-19.129652780048076,0.03717343814609531,0.8819074032771961,-0.8447339651311008,-17.36507212367308,-3.2326333777137095,0.0012265486337692533,-21.780740205844438,-2.309517849916068,0.020914862333311746,0.00014367816091954023,3.8017491435230113,False,False
RSI mean reversion,GLD,24.0,0.1727923627684964,-7.815047667841438,0.31709399696592916,0.9492956056479085,-0.6322016086819793,-2.926959748341041,-0.694924000229192,0.48710293108653824,-15.158859566015575,-2.309353010763338,0.020924000253557118,0.00014367816091954023,3.8017491435230113,False,False
52-week high,AAPL,131.0,0.1918854415274463,-22.392619250693638,0.07446338580899332,0.87676848310913,-0.8023050973001367,-19.465211984651035,-2.542142063280489,0.011017538266722582,-26.7907251491985,-2.3070677039541057,0.021051046050529543,0.00014367816091954023,3.8017491435230113,False,False
Sell in May,SPY,16.5,0.4909307875894988,-6.858031101549714,0.37526145736743105,0.8195964811093545,-0.4443350237419234,-4.563856548921684,-1.2936873703203147,0.19577342956058175,-10.304774829064343,-2.3067463487780118,0.02106896476433695,0.00014367816091954023,3.8017491435230113,False,False
Sell in May,QQQ,16.5,0.4909307875894988,-10.379926626072463,0.42120263124192026,0.8819074032771961,-0.4607047720352758,-8.159363257707456,-2.0066430653648593,0.04478768232358177,-13.716077684279151,-2.299720808038862,0.021464042485166424,0.00014367816091954023,3.8017491435230113,False,False
MACD trend,MSFT,175.0,0.5069212410501194,-17.89294640271292,0.16338840052615786,0.758518520439947,-0.5951301199137892,-16.66639917901915,-3.232741731793813,0.0012260835423896221,-19.73569805599239,-2.2638537460965766,0.023583111590727013,0.00014367816091954023,3.8017491435230113,False,False
ADX trend,GLD,60.5,0.2100238663484487,-6.13367215156899,0.4304788502683243,0.9492956056479085,-0.5188167553795842,-1.9198914372636144,-0.443565161122992,0.657356998580727,-12.46441199414845,-2.251500974948328,0.02435382521119145,0.00014367816091954023,3.8017491435230113,False,False
RSI mean reversion,QQQ,21.0,0.10405727923627685,-13.228949455726847,0.29281264059374007,0.8819074032771961,-0.589094762683456,-10.212763308268944,-2.173652367349489,0.029731252420321486,-17.760435812272018,-2.239076757848734,0.0251509222541908,0.00014367816091954023,3.8017491435230113,False,False
Stochastic reversion,JNJ,77.0,0.4331742243436754,-7.175570302043689,0.19560239716971398,0.6971368036331438,-0.5015344064634298,-4.791731660807763,-1.3379116343147317,0.1809252441082876,-10.75702441357795,-2.222468032259478,0.026251692111414204,0.00014367816091954023,3.8017491435230113,False,False
Turn of month,AAPL,200.0,0.2863961813842482,-19.51435083840046,0.3149183105754585,0.87676848310913,-0.5618501725336715,-18.01243235897399,-2.598704345370645,0.009357633063366233,-21.77081737111108,-2.208362862494611,0.027218988450862014,0.00014367816091954023,3.8017491435230113,False,False
Gap fade,SPY,331.0,0.09093078758949881,-17.11919639649474,-0.24690350170433398,0.8195964811093545,-1.0664999828136885,-15.499370856185493,-3.16089632743065,0.001572844686949626,-19.55280525783151,-2.208003357741751,0.027244039100031703,0.00014367816091954023,3.8017491435230113,False,False
VWAP reversion,AAPL,88.0,0.24033412887828162,-19.07937749279112,0.3507467297888444,0.87676848310913,-0.5260217533202856,-18.350783302920842,-2.901981290460114,0.003708106858679061,-20.174009743402667,-2.205193440542209,0.027440523289669283,0.00014367816091954023,3.8017491435230113,False,False
Donchian breakout,NVDA,69.5,0.48711217183770883,-24.49531333380287,1.0045242685274707,1.3108354985960402,-0.30631123006856953,-18.358474015988154,-1.8330821760328948,0.06679035134686195,-33.71523620375748,-2.1999131728195827,0.02781305593314487,0.00014367816091954023,3.8017491435230113,False,False
Turtle breakout,NVDA,69.5,0.48711217183770883,-24.49531333380287,1.0045242685274707,1.3108354985960402,-0.30631123006856953,-18.358474015988154,-1.8330821760328948,0.06679035134686195,-33.71523620375748,-2.1999131728195827,0.02781305593314487,0.00014367816091954023,3.8017491435230113,False,False
Walk-forward logistic,AAPL,280.0,0.20930787589498806,-20.95849535393476,0.25277981268580924,0.87676848310913,-0.6239886704233208,-18.834106710320363,-2.535177281819343,0.01123904316307378,-24.15015451683214,-2.179691772734003,0.029280316828383057,0.00014367816091954023,3.8017491435230113,False,False
Stochastic reversion,MSFT,70.0,0.3494033412887828,-17.839098857525883,0.2564361472792726,0.758518520439947,-0.5020823731606745,-18.12560441831069,-3.0986635791845503,0.0019439562260863408,-17.40865591524762,-2.148145217890169,0.03170222103674325,0.00014367816091954023,3.8017491435230113,False,False
Z-score mean reversion,QQQ,79.0,0.13747016706443915,-12.170270100828711,0.36137378242191665,0.8819074032771961,-0.5205336208552794,-9.371005261330371,-2.118236659728752,0.03415502990680186,-16.375856164949575,-2.1457325975710546,0.03189431888934102,0.00014367816091954023,3.8017491435230113,False,False
Keltner breakout,XOM,58.0,0.23269689737470167,-11.32374483810827,-0.043844626755691986,0.6889250736096219,-0.7327697003653139,-3.5068752445426408,-0.6463274058416911,0.51806734287893,-23.067727530950304,-2.1427924616331366,0.03212976690339375,0.00014367816091954023,3.8017491435230113,False,False
VWAP reversion,GLD,49.0,0.160381861575179,-6.667701032818113,0.4538806214984211,0.9492956056479085,-0.49541498414948737,-1.9096952391504833,-0.44474857007275276,0.6565014649251064,-13.816078912790692,-2.1241705955891668,0.03365588105144024,0.00014367816091954023,3.8017491435230113,False,False
Trend strength gated,GLD,42.5,0.21455847255369928,-5.357514127441436,0.5117137221413915,0.9492956056479085,-0.43758188350651694,-1.6178692582281873,-0.372227318521802,0.7097236078698406,-10.975917261295272,-2.1195345251146285,0.034045319196145396,0.00014367816091954023,3.8017491435230113,False,False
SMA crossover,MSFT,45.5,0.6503579952267303,-11.803989970647851,0.2638886378441827,0.758518520439947,-0.49462988259576435,-8.09453713016441,-1.7887449123570573,0.07365590632431651,-17.377032917969146,-2.119132745527849,0.03407925005152457,0.00014367816091954023,3.8017491435230113,False,False
Trend strength gated,NVDA,56.0,0.31408114558472555,-27.935597328571284,1.0839771578510147,1.3108354985960402,-0.22685834074502553,-24.055089970439745,-2.1762398042889677,0.029537334007934124,-33.765630784784435,-2.118991275890055,0.034091204241802675,0.00014367816091954023,3.8017491435230113,False,False
Walk-forward logistic,JPM,175.0,0.05704057279236277,-17.37427417048301,-0.0018263220073139776,0.7018389436765345,-0.7036652656838486,-14.60617769777317,-1.9359332957107747,0.0528758711766919,-21.533033208036915,-2.1092426316363366,0.034923643821420214,0.00014367816091954023,3.8017491435230113,False,False
Adaptive channel,AAPL,223.0,0.08997613365155131,-23.652909817757255,0.3798141671550853,0.87676848310913,-0.4969543159540447,-22.78311829780329,-2.8681909567111767,0.004128262875277233,-24.95967545257459,-2.1000931543382078,0.035720647401564776,0.00014367816091954023,3.8017491435230113,False,False
Keltner breakout,NVDA,62.0,0.3329355608591885,-28.81742356458037,1.1710864234082825,1.3108354985960402,-0.1397490751877577,-24.221359505015,-2.1372281928267665,0.03257943602568347,-35.722501885850924,-2.100002064779364,0.03572865949318427,0.00014367816091954023,3.8017491435230113,False,False
Adaptive channel,JPM,197.0,0.0711217183770883,-21.492959190998704,-0.5467495055942719,0.7018389436765345,-1.2485884492708066,-19.418621756101707,-2.485103832127931,0.012951365283111471,-24.609421944144426,-2.0924884371163692,0.03639484503824142,0.00014367816091954023,3.8017491435230113,False,False
Trend strength gated,KO,51.5,0.264200477326969,-11.20296927924783,-0.19102381127192491,0.5980152216433454,-0.7890390329152703,-9.266799786019135,-2.3433267884978974,0.019112634499176107,-14.111849969492846,-2.08018072984591,0.037508959054863844,0.00014367816091954023,3.8017491435230113,False,False
Bollinger reversion,AAPL,61.0,0.18687350835322195,-20.787827194797448,0.3905324222210831,0.87676848310913,-0.48623606088804694,-21.44279365386866,-3.17730795628163,0.0014864910106657803,-19.80381247283562,-2.078964218266481,0.03762063939624127,0.00014367816091954023,3.8017491435230113,False,False
Trend strength gated,MSFT,55.5,0.2947494033412888,-17.177501723748982,0.15794370769823876,0.758518520439947,-0.6005748127417083,-15.060039717824091,-2.389079520711389,0.016890645992993836,-20.35875437900651,-2.0741369971637784,0.03806658941934149,0.00014367816091954023,3.8017491435230113,False,False
Keltner breakout,SPY,71.0,0.3620525059665871,-12.064989448109449,0.20120691787322245,0.8195964811093545,-0.618389563236132,-10.15289911679083,-2.3371530059682617,0.019431229704958808,-14.937693858662806,-2.0694179435552007,0.03850688413486303,0.00014367816091954023,3.8017491435230113,False,False
Volatility-targeted trend,AAPL,52.16543943856449,0.4849622756666342,-16.139834485441362,0.6346575557639365,0.87676848310913,-0.24211092734519357,-14.601092342726169,-2.545045940501734,0.010926336210616228,-18.451624502722552,-2.0508072449405192,0.04028572174358569,0.00014367816091954023,3.8017491435230113,False,False
Adaptive channel,KO,172.0,0.06467780429594272,-12.946396201096249,-0.7518884381362146,0.5980152216433454,-1.3499036597795602,-11.051652604672363,-2.4123378041650487,0.015850588168899282,-15.79303905952282,-2.050374561491622,0.04032789361910294,0.00014367816091954023,3.8017491435230113,False,False
Regime-filtered trend,AAPL,60.5,0.5548926014319809,-15.8267418134365,0.41935811227380543,0.87676848310913,-0.4574103708353246,-13.7374180392442,-2.1851966532449567,0.028874430812650065,-18.96571988517702,-2.0477798551711777,0.04058157509792548,0.00014367816091954023,3.8017491435230113,False,False
52-week high,QQQ,177.0,0.40381861575178996,-16.310521410151104,0.3860793468018103,0.8819074032771961,-0.4958280564753858,-15.037203747359875,-3.0642846678064224,0.0021819118456463116,-18.223540479398377,-2.0411955246600413,0.04123139638015183,0.00014367816091954023,3.8017491435230113,False,False
Sell in May,JPM,16.5,0.4909307875894988,-8.200375262064224,0.29894136585479114,0.7018389436765345,-0.4028975778217434,-4.30776995108187,-0.7349296012053147,0.4623823695181306,-14.048584555445723,-2.0329216674937642,0.04206043758080158,0.00014367816091954023,3.8017491435230113,False,False
Adaptive channel,XOM,158.0,0.062291169451073984,-13.154605396576011,-0.29005654636862294,0.6889250736096219,-0.9789816199782448,-5.534691236025005,-0.9605303906623884,0.33678834327662543,-24.602684317594992,-2.0281727254547106,0.04254262253707153,0.00014367816091954023,3.8017491435230113,False,False
Gap fade,NVDA,1150.0,0.36062052505966585,-46.73149561952395,0.4356578832434003,1.3108354985960402,-0.8751776153526398,-43.48372267161789,-2.681780593034036,0.007323147193649682,-51.61091555021915,-2.0272148532756256,0.04264044478732898,0.00014367816091954023,3.8017491435230113,False,False
Trend strength gated,QQQ,58.0,0.2398568019093079,-15.26496712616906,0.4202583429315108,0.8819074032771961,-0.46164906034568526,-14.637982045531048,-2.964358838716297,0.0030331436643467047,-16.206942919361765,-2.015001772716313,0.0439044633325667,0.00014367816091954023,3.8017491435230113,False,False
RSI mean reversion,JNJ,23.0,0.13627684964200476,-9.409674086744827,0.12647790549814766,0.6971368036331438,-0.5706588981349962,-7.505170384163597,-1.7312859789573118,0.08340077093123588,-12.270980426046977,-2.0020085145625353,0.04528381578729945,0.00014367816091954023,3.8017491435230113,False,False
Walk-forward logistic,MSFT,164.0,0.057279236276849645,-20.78528935480793,0.16393907980121558,0.758518520439947,-0.5945794406387315,-20.79511121231033,-2.907112348541931,0.003647821584638944,-20.770533099360772,-2.001516125495494,0.045336797757746794,0.00014367816091954023,3.8017491435230113,False,False
RSI mean reversion,XOM,27.0,0.16945107398568018,-7.902957973538227,0.08163271297099423,0.6889250736096219,-0.6072923606386276,0.7164875334903154,0.14749549276035065,0.8827409370790913,-20.852722280692817,-1.9994007655452553,0.045565009177097604,0.00014367816091954023,3.8017491435230113,False,False
VWAP reversion,SPY,48.0,0.10739856801909307,-9.53860577176409,0.37614872298678614,0.8195964811093545,-0.4434477581225683,-8.445303781788892,-2.2050232471977314,0.027452463268788474,-11.181171186810456,-1.9956771432308826,0.0459690765592673,0.00014367816091954023,3.8017491435230113,False,False
Volatility breakout,GLD,128.5,0.4262529832935561,-4.081362672461062,0.5710163546708947,0.9492956056479085,-0.37827925097701376,-0.20027473884728658,-0.052929845479641496,0.9577878044656087,-9.912268379174712,-1.9927345480025676,0.04629052219886143,0.00014367816091954023,3.8017491435230113,False,False
Trend strength gated,SPY,56.0,0.23937947494033412,-12.449616730699105,0.30324537281486375,0.8195964811093545,-0.5163511082944907,-11.616020430080921,-2.7068764840454453,0.00679195220462625,-13.702003048533468,-1.9927322943736108,0.046290769106039686,0.00014367816091954023,3.8017491435230113,False,False
Turn of month,KO,200.0,0.2863961813842482,-9.262979720301756,-0.10646679478978602,0.5980152216433454,-0.7044820164331315,-6.57339283628384,-1.6400982922668284,0.10098473145193498,-13.303786777234288,-1.9822389604700763,0.04745250205478868,0.00014367816091954023,3.8017491435230113,False,False
Time-series momentum,AAPL,36.5,0.7847255369928401,-10.124387369224838,0.6856900029902516,0.87676848310913,-0.1910784801188784,-12.254057785649916,-2.6186307662087223,0.008828344756244721,-6.924792926387879,-1.9784826683851096,0.04787428190234655,0.00014367816091954023,3.8017491435230113,False,False
Absolute momentum with trend filter,JNJ,83.5,0.649164677804296,-9.10928304149246,0.24816321411024073,0.6971368036331438,-0.44897358952290306,-8.453447234759647,-2.7040056783602098,0.006850911841641771,-10.09460386224098,-1.9687461503170645,0.04898224882043456,0.00014367816091954023,3.8017491435230113,False,False
Keltner breakout,GLD,62.5,0.2744630071599045,-5.253359147147087,0.5582067432233107,0.9492956056479085,-0.39108886242459784,-1.448649490205129,-0.34594741426544906,0.7293822346484968,-10.969514934010302,-1.9654223597714031,0.049365373655512634,0.00014367816091954023,3.8017491435230113,False,False
RSI mean reversion,JPM,23.0,0.13747016706443915,-12.548421308868196,0.19891999348504594,0.7018389436765345,-0.5029189501914886,-9.288663908123416,-1.385275057554501,0.16596837750161852,-17.445846555506858,-1.9611438965083818,0.04986223931032363,0.00014367816091954023,3.8017491435230113,False,False
Adaptive channel,JNJ,189.0,0.07279236276849642,-12.939716646954386,-0.23094116099362058,0.6971368036331438,-0.9280779646267644,-11.757633725583498,-2.5304628833349017,0.011391213645744358,-14.715665599910055,-1.9604695741408038,0.04994093083525608,0.00014367816091954023,3.8017491435230113,False,False
Faber TAA,JNJ,84.5,0.7031026252983293,-7.607992111127358,0.2653954684807053,0.6971368036331438,-0.4317413351524385,-6.183162348504372,-2.105494984441308,0.035248243453585903,-9.748641366203112,-1.9574825284989767,0.05029076394648779,0.00014367816091954023,3.8017491435230113,False,False
Gap fade,JPM,698.0,0.19928400954653938,-22.81905321583376,-0.1962030780347783,0.7018389436765345,-0.8980420217113129,-20.904333722041997,-2.408097451637679,0.016035899898413142,-25.695707652444437,-1.9492410357793795,0.05126664650678303,0.00014367816091954023,3.8017491435230113,False,False
Price vs moving average,JNJ,82.5,0.7016706443914081,-7.67256156553381,0.26791914751621,0.6971368036331438,-0.4292176561169338,-6.31061414368901,-2.126633222242004,0.033450569887075066,-9.718737052952967,-1.9481943823776318,0.051391708747219766,0.00014367816091954023,3.8017491435230113,False,False
Bollinger reversion,SPY,76.0,0.17589498806682577,-8.432395087784531,0.4227804340141781,0.8195964811093545,-0.39681604709517637,-7.241845526308629,-2.047982388042954,0.0405617251315773,-10.22106423181792,-1.9201220502980516,0.05484248465960784,0.00014367816091954023,3.8017491435230113,False,False
Gap fade,AAPL,690.0,0.19713603818615752,-32.53946321994105,-0.013879418563776467,0.87676848310913,-0.8906479016729065,-35.69890369434651,-3.8643623172025428,0.00011137979299635781,-27.79275306872852,-1.9129587812406916,0.0557533294481245,0.00014367816091954023,3.8017491435230113,False,False
Turn of month,QQQ,200.0,0.2863961813842482,-13.837421318036236,0.4792789034352567,0.8819074032771961,-0.4026284998419394,-12.687550583499007,-2.7663055704972304,0.0056695381851974425,-15.564975020163551,-1.9082540855427865,0.05635838422466133,0.00014367816091954023,3.8017491435230113,False,False
Bollinger reversion,JNJ,71.0,0.21933174224343677,-8.821633689171037,0.20586972812456547,0.6971368036331438,-0.4912670755085783,-7.300171315320273,-1.8053688640776302,0.07101698005436363,-11.107462763385296,-1.9038048067683484,0.05693561028944538,0.00014367816091954023,3.8017491435230113,False,False
Z-score mean reversion,KO,77.0,0.1515513126491647,-7.661022370483011,-0.0320735154579042,0.5980152216433454,-0.6300887371012496,-4.450038886084476,-1.052703446154613,0.2924769287436113,-12.485170197999327,-1.8964277670235452,0.05790350308548886,0.00014367816091954023,3.8017491435230113,False,False
Gap fade,KO,234.0,0.062291169451073984,-13.757896597189992,-0.38901044005703894,0.5980152216433454,-0.9870256617003843,-11.335148983016625,-2.3331758875121604,0.019638915827876247,-17.39780714058666,-1.8918319193369073,0.058513378983957365,0.00014367816091954023,3.8017491435230113,False,False
Volatility breakout,JPM,121.0,0.4866348448687351,-12.131947404051315,0.17544196841512857,0.7018389436765345,-0.5263969752614059,-7.89573302074653,-1.2095459140550517,0.2264531827581444,-18.496391355073733,-1.8883498813693362,0.05897899493984804,0.00014367816091954023,3.8017491435230113,False,False
MACD trend,QQQ,164.0,0.5155131264916468,-11.636518483777682,0.4996999842664253,0.8819074032771961,-0.38220741901077077,-9.700108911133341,-2.1739968979326156,0.029705368168112756,-14.545759866812634,-1.8853765021972877,0.059379024158723315,0.00014367816091954023,3.8017491435230113,False,False
VWAP reversion,XOM,80.0,0.22505966587112172,-8.304905875962639,0.1680070623004697,0.6889250736096219,-0.5209180113091522,-1.1515416124973035,-0.24557772990981822,0.8060091303365922,-19.052045136784216,-1.8843373055624748,0.059519364322282,0.00014367816091954023,3.8017491435230113,False,False
Walk-forward logistic,XOM,147.0,0.0711217183770883,-13.064103785887415,0.09705262013877256,0.6889250736096219,-0.5918724534708493,-7.894511555619038,-1.4218468794228654,0.15507070699907732,-20.830844800896347,-1.8792582670312843,0.0602092370870031,0.00014367816091954023,3.8017491435230113,False,False
Stochastic reversion,GLD,81.0,0.4957040572792363,-7.524334793756572,0.6155501155505,0.9492956056479085,-0.3337454900974085,-5.954496648054154,-1.7013093094496408,0.08888492077937737,-9.882843118990493,-1.8609783642417186,0.062747232109571,0.00014367816091954023,3.8017491435230113,False,False
Buy the dip,MSFT,106.5,0.4625298329355609,-9.16668327969046,0.43593736430892666,0.758518520439947,-0.3225811561310204,-7.266096951306642,-1.4831370875068195,0.13803799208605705,-12.022104197184671,-1.8505601379393049,0.0642328588703438,0.00014367816091954023,3.8017491435230113,False,False
52-week high,KO,140.0,0.21503579952267304,-13.58757632057442,-0.21274647129756483,0.5980152216433454,-0.8107616929409103,-13.511743919756686,-3.2548862570279744,0.0011343778767602952,-13.701506122280877,-1.8456670392895451,0.06494056588812858,0.00014367816091954023,3.8017491435230113,False,False
Z-score mean reversion,AAPL,66.0,0.14343675417661098,-19.753881809740392,0.5262566546470615,0.87676848310913,-0.3505118284620685,-20.40641556395976,-2.8570645835079787,0.0042757882829480565,-18.773521957971138,-1.8388925489735026,0.06593099195201413,0.00014367816091954023,3.8017491435230113,False,False
Buy the dip,SPY,63.0,0.24916467780429594,-7.986462770674568,0.49215741610558106,0.8195964811093545,-0.3274390650037734,-7.649302092311267,-2.37969786677272,0.01732683797005996,-8.493009429028037,-1.8375849490043004,0.0661235883156912,0.00014367816091954023,3.8017491435230113,False,False
Price vs moving average,GLD,69.0,0.5909307875894988,-3.457671996949404,0.7015356917809341,0.9492956056479085,-0.24775991386697438,-1.769103615159735,-0.4928309823246038,0.6221320171829472,-5.9945593805820305,-1.836562728707409,0.06627447376095619,0.00014367816091954023,3.8017491435230113,False,False
MACD trend,GLD,170.0,0.5126491646778043,-4.665235848988204,0.6333186128272076,0.9492956056479085,-0.3159769928207009,-1.8774340864651757,-0.5216575679302355,0.6019087733504047,-8.853599906781165,-1.833820259483566,0.06668067936672628,0.00014367816091954023,3.8017491435230113,False,False
Sell in May,MSFT,16.5,0.4909307875894988,-11.448496149627152,0.4022586603942148,0.758518520439947,-0.35625986004573224,-10.041671367845963,-1.9388564150375946,0.05251882439921518,-13.562094910785868,-1.8239761779672956,0.06815567374927523,0.00014367816091954023,3.8017491435230113,False,False
Z-score mean reversion,SPY,82.0,0.1286396181384248,-8.507175350301113,0.4363462681006031,0.8195964811093545,-0.38325021300875134,-7.043235974942092,-1.859450864482564,0.06296325777329881,-10.706582476363206,-1.8129903905570357,0.06983330344863425,0.00014367816091954023,3.8017491435230113,False,False
Z-score mean reversion,XOM,77.0,0.16825775656324582,-9.004060598276364,0.1650044161861051,0.6889250736096219,-0.5239206574235168,-1.963285021142748,-0.39488602827762265,0.6929270016362441,-19.582047800481288,-1.8104273085774891,0.07022954757653488,0.00014367816091954023,3.8017491435230113,False,False
Gap fade,GLD,564.0,0.14892601431980906,-10.071208515212955,0.1455829949971791,0.9492956056479085,-0.8037126106507294,-6.1472655952263855,-1.168030658652909,0.24279439835917982,-15.966499102886925,-1.8065415473956832,0.07083379048579497,0.00014367816091954023,3.8017491435230113,False,False
52-week high,XOM,103.0,0.13866348448687352,-12.136253881820783,0.08124422713169217,0.6889250736096219,-0.6076808464779296,-5.899075835002749,-1.0537978101977594,0.2919754962943464,-21.506924603294713,-1.8021058334574789,0.07152875609873699,0.00014367816091954023,3.8017491435230113,False,False
Absolute momentum with trend filter,GLD,56.0,0.47995226730310264,-4.074047010339033,0.6950021641922733,0.9492956056479085,-0.25429344145563515,-2.5631561890859174,-0.6542881611856939,0.5129261717240747,-6.343993495077137,-1.8001680530777497,0.07183410660484468,0.00014367816091954023,3.8017491435230113,False,False
Keltner breakout,JNJ,54.5,0.2873508353221957,-9.017738011394627,0.16696979037122858,0.6971368036331438,-0.5301670132619152,-6.8345537477674565,-1.5783095553899082,0.11449451178683145,-12.29773109563736,-1.7998045817461858,0.07189150025738789,0.00014367816091954023,3.8017491435230113,False,False
ADX trend,JPM,62.0,0.20477326968973747,-16.93011005267898,0.13722302470581754,0.7018389436765345,-0.564615918970717,-14.82950141591249,-1.97910063902474,0.04780467655201259,-20.086042383304857,-1.7959909858322014,0.07249595065541703,0.00014367816091954023,3.8017491435230113,False,False
Keltner breakout,QQQ,73.0,0.3620525059665871,-15.32923146941269,0.5908650176890712,0.8819074032771961,-0.2910423855881249,-15.050621842875875,-3.009588400744265,0.0026160193821045397,-15.747811643092561,-1.79521778562823,0.07261900783953545,0.00014367816091954023,3.8017491435230113,False,False
ADX trend,AAPL,78.0,0.3031026252983294,-18.38338653584504,0.5536712171858349,0.87676848310913,-0.32309726592329513,-17.865249971403383,-2.4217152231081234,0.015447450689913378,-19.1618294627093,-1.7917310246745421,0.07317606231681806,0.00014367816091954023,3.8017491435230113,False,False
Golden cross,GLD,12.0,0.6033412887828162,-3.5227044604548707,0.7246266409294304,0.9492956056479085,-0.22466896471847808,-2.2889622847797044,-0.6331296464248998,0.5266489837630057,-5.3762657339453375,-1.7835211334003171,0.07450151095182767,0.00014367816091954023,3.8017491435230113,False,False
RSI mean reversion,AAPL,21.0,0.13031026252983294,-21.98761052401831,0.5318278338151496,0.87676848310913,-0.3449406492939804,-24.635726536933202,-3.472275623936584,0.0005160662022429818,-18.00910886781702,-1.7819555285065354,0.07475648414973302,0.00014367816091954023,3.8017491435230113,False,False
Stochastic reversion,AAPL,75.5,0.4002386634844869,-20.720248849427065,0.55206288616091,0.87676848310913,-0.32470559694822,-24.190050990945224,-4.127396648744116,3.6689323756888825e-05,-15.507254592606179,-1.7715780850410832,0.07646462018115874,0.00014367816091954023,3.8017491435230113,False,False
VWAP reversion,JNJ,50.0,0.1594272076372315,-9.274973543342345,0.25391731881975155,0.6971368036331438,-0.44321948481339224,-8.363590373412501,-1.9962090560297705,0.04591117213359808,-10.644226035799669,-1.769450355167874,0.07681874861378457,0.00014367816091954023,3.8017491435230113,False,False
ADX trend,KO,64.5,0.2405727923627685,-11.316361209905086,-0.11713078357236353,0.5980152216433454,-0.7151460052157089,-10.213450509463845,-2.51094518154849,0.012040839333449238,-12.973362650532156,-1.7670713802919582,0.0772162748162879,0.00014367816091954023,3.8017491435230113,False,False
52-week high,JPM,149.0,0.21026252983293556,-17.382976687534224,0.14482457727293183,0.7018389436765345,-0.5570143664036027,-15.461880685606715,-2.037225311601093,0.0416274684528557,-20.26921112292711,-1.7664763093897993,0.07731597268811674,0.00014367816091954023,3.8017491435230113,False,False
Bollinger reversion,XOM,69.0,0.22768496420047732,-9.541999511907884,0.20666545984657606,0.6889250736096219,-0.4822596137630458,-3.48653214969636,-0.7589488116865958,0.4478831781788999,-18.6396700112878,-1.763266072598635,0.07785562462756168,0.00014367816091954023,3.8017491435230113,False,False
ADX trend,MSFT,61.5,0.258472553699284,-19.640948977815835,0.33341957184885285,0.758518520439947,-0.4250989485910942,-20.12746516977707,-3.0617675640452306,0.00220034241354794,-18.910012166117788,-1.7575612420124183,0.07882219290245951,0.00014367816091954023,3.8017491435230113,False,False
Golden cross,AAPL,7.5,0.7386634844868735,-8.14159191897838,0.614730765831805,0.87676848310913,-0.26203771727732506,-6.432798037037831,-1.3021255878160516,0.192873457353393,-10.708865881392049,-1.757244868975504,0.07887608036905869,0.00014367816091954023,3.8017491435230113,False,False
Turn of month,JNJ,200.0,0.2863961813842482,-10.348431598770546,0.23682696469856582,0.6971368036331438,-0.460309838934578,-9.757703288542883,-2.3546679438639426,0.018539264057988003,-11.235935601292988,-1.74482926815385,0.08101459250232357,0.00014367816091954023,3.8017491435230113,False,False
52-week high,JNJ,108.0,0.241527446300716,-10.716124736951853,0.1874066594719217,0.6971368036331438,-0.5097301441612221,-9.481284514035549,-2.2561701094331856,0.02405997973852103,-12.571335705072823,-1.7393335573110984,0.08197610792393872,0.00014367816091954023,3.8017491435230113,False,False
Keltner breakout,KO,64.5,0.27732696897374703,-11.167090593792942,-0.027664652528593594,0.5980152216433454,-0.625679874171939,-10.361643122761192,-2.447367532954039,0.014390401240826911,-12.377186406006112,-1.7297521192449479,0.08367457240043974,0.00014367816091954023,3.8017491435230113,False,False
RSI mean reversion,MSFT,17.0,0.12004773269689738,-17.603205683813762,0.3580972493023265,0.758518520439947,-0.40042127113762055,-16.596700816982054,-2.488632158446348,0.012823556657800772,-19.115368013611697,-1.7292089708761509,0.08377170137360546,0.00014367816091954023,3.8017491435230113,False,False
Turn of month,GLD,200.0,0.2863961813842482,-4.209476123303312,0.6929660723699618,0.9492956056479085,-0.2563295332779467,-0.289155330633186,-0.07092254595291848,0.9434593994808094,-10.09932486497916,-1.7275623924243038,0.08406671014455114,0.00014367816091954023,3.8017491435230113,False,False
Sell in May,IWM,16.5,0.4909307875894988,-6.067254230822392,0.12744015535869915,0.5090921025975671,-0.381651947238868,-3.039833595993442,-0.6503143096367903,0.5154892157028392,-10.615619163077353,-1.7175986002272752,0.08586985583189621,0.00014367816091954023,3.8017491435230113,False,False
Faber TAA,KO,80.5,0.7276849642004773,-7.26757149864085,0.2338346998089067,0.5980152216433454,-0.3641805218344387,-6.453221756490297,-2.489206337082935,0.012802863775949191,-8.491041989386753,-1.7132619297229432,0.08666436286681023,0.00014367816091954023,3.8017491435230113,False,False
Z-score mean reversion,GLD,74.0,0.1785202863961814,-5.795396271141134,0.8388457060544371,0.9492956056479085,-0.1104498995934714,-2.1142730287551763,-0.49545929425078167,0.6202759487443896,-11.32587712813079,-1.7094046197470831,0.08737602578976134,0.00014367816091954023,3.8017491435230113,False,False
VWAP reversion,MSFT,80.0,0.2143198090692124,-12.064940128926512,0.39017255193490463,0.758518520439947,-0.3683459685050424,-9.863244959408282,-1.6119956510693116,0.10696288608807603,-15.372743803561125,-1.7013052774447268,0.08888567750779064,0.00014367816091954023,3.8017491435230113,False,False
RSI mean reversion,KO,20.0,0.1286396181384248,-8.490912713202302,0.08128010722666378,0.5980152216433454,-0.5167351144166816,-6.668760194109321,-1.5455578495887485,0.12221138753948502,-11.228495500250595,-1.6970122584184217,0.08969434299098866,0.00014367816091954023,3.8017491435230113,False,False
Walk-forward logistic,KO,227.5,0.160381861575179,-9.79143598189019,0.07315858530495692,0.5980152216433454,-0.5248566363383885,-8.739913369817492,-2.0332037985639038,0.042031937458737234,-11.371232498833344,-1.6938061506209052,0.09030212496425793,0.00014367816091954023,3.8017491435230113,False,False
Z-score mean reversion,JPM,75.0,0.15513126491646778,-14.1575092146445,0.29050167959505135,0.7018389436765345,-0.4113372640814832,-12.756892876493259,-1.9193525412095225,0.05493973279757247,-16.261780475367544,-1.687069556785374,0.09158997800551294,0.00014367816091954023,3.8017491435230113,False,False
Volatility breakout,KO,133.5,0.4785202863961814,-10.16135512429913,0.10280136273507712,0.5980152216433454,-0.4952138589082683,-9.658313352452955,-2.6587601837133286,0.007842876698065826,-10.917119793470652,-1.6867921200415348,0.09164333119624812,0.00014367816091954023,3.8017491435230113,False,False
Day of week,NVDA,784.0,0.18711217183770884,-33.191513890577546,1.7458610572641011,1.3108354985960402,0.4350255586680609,-34.64567882871638,-2.9084403849572382,0.0036323642403868206,-31.006791776229196,-1.6727583967400845,0.09437486798373174,0.00014367816091954023,3.8017491435230113,False,False
Bollinger reversion,GLD,72.0,0.22219570405727923,-5.940770477729227,0.8379224039269384,0.9492956056479085,-0.1113732017209701,-2.6794571716521745,-0.6563585496866438,0.5115934537231153,-10.840533300180716,-1.6640228359349598,0.09610786595044107,0.00014367816091954023,3.8017491435230113,False,False
Golden cross,IWM,10.5,0.7076372315035799,-7.708460981869629,0.10130792954128748,0.5090921025975671,-0.4077841730562796,-5.337812903384482,-1.2912575240424105,0.19661439416630788,-11.27009773060926,-1.6623782801906382,0.09643695104411387,0.00014367816091954023,3.8017491435230113,False,False
ADX trend,SPY,69.0,0.20477326968973747,-12.646218983017427,0.6820023977611682,0.8195964811093545,-0.13759408334818624,-12.8573928171317,-2.8706491520268496,0.004096298964038514,-12.328953634870835,-1.65818265212532,0.09728060520434112,0.00014367816091954023,3.8017491435230113,False,False
ADX trend,QQQ,66.0,0.20190930787589498,-16.052565372009973,0.772328927692897,0.8819074032771961,-0.10957847558429912,-16.776118576101275,-3.2038112567297925,0.0013562135434719291,-14.965506645433127,-1.6544104488911837,0.0980441448666518,0.00014367816091954023,3.8017491435230113,False,False
Volatility-targeted trend,XOM,42.455797014119554,0.4221434518698923,-8.594767752578385,0.47071173061855065,0.6889250736096219,-0.2182133429910712,-3.534039201251467,-0.7611399477845646,0.446573482231833,-16.197953120910043,-1.6535574775212452,0.09821745855978925,0.00014367816091954023,3.8017491435230113,False,False
Gap fade,JNJ,223.0,0.05656324582338902,-13.052619484655464,0.04673854179224644,0.6971368036331438,-0.6503982618408973,-12.894138559057605,-2.6250518019110807,0.008663578541803663,-13.290719561046515,-1.650852484269837,0.09876870017805883,0.00014367816091954023,3.8017491435230113,False,False
Ensemble vote,GLD,196.5,0.48233890214797137,-4.06706185482356,0.7078798421420485,0.9492956056479085,-0.24141576350586003,-2.0173396111396737,-0.530091006904345,0.5960488339992365,-7.1465430034884205,-1.646086364543275,0.0997459793249309,0.00014367816091954023,3.8017491435230113,False,False
Volatility-targeted trend,KO,40.1235327550622,0.6085034438476117,-6.560524097237272,0.2634561380317696,0.5980152216433454,-0.3345590836115758,-5.03243456659113,-1.848894619090538,0.06447303084182265,-8.856309742144708,-1.6436262878682113,0.10025342045669983,0.00014367816091954023,3.8017491435230113,False,False
Turn of month,SPY,200.0,0.2863961813842482,-10.21067400416449,0.5222914097749378,0.8195964811093545,-0.29730507133441664,-9.677268214493886,-2.5011212077589375,0.012380079962673207,-11.012057254476062,-1.6430678301010064,0.10036889994095777,0.00014367816091954023,3.8017491435230113,False,False
Donchian breakout,JPM,72.0,0.4911694510739857,-13.941477793385124,0.3071049110491475,0.7018389436765345,-0.39473403262738704,-12.050795619888095,-1.8438657132419736,0.0652027130012165,-16.78201881270713,-1.6278638685716265,0.1035537541902305,0.00014367816091954023,3.8017491435230113,False,False
Turtle breakout,JPM,72.0,0.4911694510739857,-13.941477793385124,0.3071049110491475,0.7018389436765345,-0.39473403262738704,-12.050795619888095,-1.8438657132419736,0.0652027130012165,-16.78201881270713,-1.6278638685716265,0.1035537541902305,0.00014367816091954023,3.8017491435230113,False,False
SMA crossover,AAPL,49.0,0.6412887828162291,-11.446322097104236,0.6087806776456242,0.87676848310913,-0.26798780546350587,-9.631731678850267,-1.7525009154800344,0.07968771258480345,-14.172543663357958,-1.623121796573575,0.1045633710198719,0.00014367816091954023,3.8017491435230113,False,False
Faber TAA,GLD,63.0,0.5911694510739857,-3.424373406138782,0.7473326735644913,0.9492956056479085,-0.2019629320834172,-2.2363607571260227,-0.6199627665445034,0.5352823005336114,-5.209231119559982,-1.6103285871654283,0.10732614155842146,0.00014367816091954023,3.8017491435230113,False,False
Time-series momentum,KO,61.5,0.790453460620525,-7.112278475902162,0.2950661618323506,0.5980152216433454,-0.3029490598109948,-7.11843604664528,-3.6394374326718175,0.0002732343139668636,-7.103027406356797,-1.609614460800422,0.10748204930366079,0.00014367816091954023,3.8017491435230113,False,False
52-week high,IWM,157.0,0.241527446300716,-14.684995626419663,-0.29941161150328965,0.5090921025975671,-0.8085037141008568,-14.146566093858281,-2.470493657394112,0.013492671160705072,-15.493926495232015,-1.608349570694367,0.10775863970449295,0.00014367816091954023,3.8017491435230113,False,False
Volatility breakout,XOM,125.0,0.4372315035799523,-7.639306415760787,0.3267929421122112,0.6889250736096219,-0.36213213149741064,-2.4383737119407436,-0.4953958738711807,0.6203207067200689,-15.453133028728178,-1.6030982874413615,0.10891295605979723,0.00014367816091954023,3.8017491435230113,False,False
52-week high,GLD,96.0,0.14653937947494033,-6.397845761981673,0.8113391424318195,0.9492956056479085,-0.137956463216089,-4.183890392519225,-0.9002623577358562,0.36798064812996856,-9.724069032111935,-1.5981263238585643,0.110014866270437,0.00014367816091954023,3.8017491435230113,False,False
Regime-filtered trend,KO,61.5,0.4945107398568019,-7.8617354791027605,0.15874749617644768,0.5980152216433454,-0.43926772546689774,-6.246045951302969,-1.7911006218754397,0.07327714939814589,-10.289130438730282,-1.5930405528621643,0.11115109392311284,0.00014367816091954023,3.8017491435230113,False,False
Keltner breakout,AAPL,67.0,0.36754176610978523,-16.237508441884767,0.6901276343066789,0.87676848310913,-0.18664084880245113,-15.898855435158238,-2.2400205636126467,0.025089587901981236,-16.74629715868119,-1.5810242109026473,0.11387250206846211,0.00014367816091954023,3.8017491435230113,False,False
52-week high,SPY,162.5,0.5033412887828163,-12.003039640980218,0.6354361683892797,0.8195964811093545,-0.18416031272007471,-12.399362576701018,-2.9927757834940962,0.002764527687364904,-11.407608229189412,-1.5800226553346626,0.11410167827922546,0.00014367816091954023,3.8017491435230113,False,False
Day of week,JNJ,784.0,0.18711217183770884,-10.933733787148718,0.3391374763423992,0.6971368036331438,-0.3579993272907446,-10.988202563702398,-2.5401154221608646,0.011081589098749234,-10.851900469924995,-1.5756960853946813,0.11509586005038086,0.00014367816091954023,3.8017491435230113,False,False
Walk-forward logistic,GLD,449.0,0.22887828162291168,-7.35276359019392,0.863386754481025,0.9492956056479085,-0.08590885116688352,-5.6398293040149445,-1.3545157323994703,0.1755718976315257,-9.926258052404267,-1.5755525591883623,0.1151289566414122,0.00014367816091954023,3.8017491435230113,False,False
SMA crossover,QQQ,40.5,0.7066825775656325,-9.95014850424876,0.6347736691344914,0.8819074032771961,-0.24713373414270468,-9.231470699397294,-2.646626664763694,0.008129905205359833,-11.029882482266345,-1.5746765239459852,0.11533112930576905,0.00014367816091954023,3.8017491435230113,False,False
Turn of month,MSFT,200.0,0.2863961813842482,-17.32523071760553,0.4741857872671336,0.758518520439947,-0.28433273317281343,-18.533822813973057,-2.9984139709684334,0.0027138876357282182,-15.509454658845465,-1.568097262917653,0.11685843522498685,0.00014367816091954023,3.8017491435230113,False,False
Trend strength gated,JPM,52.0,0.23269689737470167,-14.434401149305806,0.37552133668680315,0.7018389436765345,-0.3263176069897314,-12.662785428340031,-1.7086171810709256,0.08752188401125527,-17.096057982178518,-1.5543755043617131,0.12009487273318742,0.00014367816091954023,3.8017491435230113,False,False
Volatility breakout,IWM,128.0,0.4840095465393795,-9.812610355032735,0.022281090423628202,0.5090921025975671,-0.4868110121739389,-7.757947368263713,-1.5190646431355068,0.12874622535749802,-12.899514424163014,-1.547869299766005,0.1216537674400282,0.00014367816091954023,3.8017491435230113,False,False
Trend strength gated,JNJ,53.0,0.27852028639618137,-9.275844181925894,0.34549850955208117,0.6971368036331438,-0.3516382940810626,-8.743976503113847,-2.1671360376735556,0.030224482756631144,-10.074916590654864,-1.5446228897849779,0.12243750624576011,0.00014367816091954023,3.8017491435230113,False,False
SMA crossover,KO,50.5,0.6210023866348449,-7.9161012201050385,0.26823199837607625,0.5980152216433454,-0.32978322326726917,-7.862017782931274,-2.778820028460227,0.005455674262691446,-7.997355607495728,-1.5354900235382969,0.124663505799679,0.00014367816091954023,3.8017491435230113,False,False
Gap fade,QQQ,498.0,0.13174224343675417,-20.946678401823764,0.32872179966541254,0.8819074032771961,-0.5531856036117835,-23.414311064002813,-4.050669574458815,5.107128300219088e-05,-17.23933303421306,-1.5353771137676047,0.12469122206776984,0.00014367816091954023,3.8017491435230113,False,False
ADX trend,XOM,50.0,0.18090692124105012,-8.06504025924001,0.34909758639770033,0.6889250736096219,-0.3398274872119215,-2.275149994806781,-0.4119806247293095,0.680353624596316,-16.76371051912626,-1.5314016075772767,0.12567016704112444,0.00014367816091954023,3.8017491435230113,False,False
MACD trend,SPY,176.0,0.5047732696897375,-8.764839082102442,0.5803018794779948,0.8195964811093545,-0.23929460163135963,-8.092418653831087,-2.1180060240258287,0.03417455751106302,-9.775076463884076,-1.5296395429889333,0.1261059758639549,0.00014367816091954023,3.8017491435230113,False,False
Trend strength gated,AAPL,62.0,0.3551312649164678,-15.189545954620872,0.6511590924138904,0.87676848310913,-0.22560939069523966,-15.7346887537095,-2.265326208140527,0.02349266891101731,-14.370529144759534,-1.5291861122591373,0.12621831242474046,0.00014367816091954023,3.8017491435230113,False,False
Z-score mean reversion,MSFT,68.0,0.12028639618138424,-13.450759037021514,0.46898177179722267,0.758518520439947,-0.2895367486427244,-12.270565307040497,-1.8741466120219255,0.06091022025629167,-15.223869688695501,-1.5222072000616775,0.12795717160999764,0.00014367816091954023,3.8017491435230113,False,False
SMA crossover,GLD,41.5,0.5393794749403341,-2.5928105410378115,0.7484339099073167,0.9492956056479085,-0.20086169574059176,-0.2957157910215628,-0.08640303904012064,0.9311460311626161,-6.0439415424063085,-1.5220700712898332,0.12799152415341553,0.00014367816091954023,3.8017491435230113,False,False
Ensemble vote,SPY,217.5,0.6615751789976133,-10.009875147817063,0.5937779084387204,0.8195964811093545,-0.2258185726706341,-9.972665683041836,-2.61914126337245,0.008815143502398204,-10.065778256484744,-1.5164779963288024,0.12939853004698998,0.00014367816091954023,3.8017491435230113,False,False
Ensemble vote,IWM,230.0,0.5622911694510739,-11.697895679468362,0.05708334755306033,0.5090921025975671,-0.45200875504450677,-11.278305701944175,-2.2495991733980953,0.024474400979987765,-12.328283250240961,-1.510837629160196,0.13082982491412198,0.00014367816091954023,3.8017491435230113,False,False
Turtle breakout,JNJ,72.0,0.46968973747016707,-8.893959852469814,0.3784236045618542,0.6971368036331438,-0.3187131990712896,-8.606805622634205,-2.230981885083042,0.0256823289694752,-9.32537734831005,-1.5092985239696564,0.13122251175718058,0.00014367816091954023,3.8017491435230113,False,False
Donchian breakout,JNJ,72.0,0.46968973747016707,-8.893959852469814,0.3784236045618542,0.6971368036331438,-0.3187131990712896,-8.606805622634205,-2.230981885083042,0.0256823289694752,-9.32537734831005,-1.5092985239696564,0.13122251175718058,0.00014367816091954023,3.8017491435230113,False,False
ADX trend,JNJ,61.0,0.24701670644391407,-10.421150507976991,0.3930942476210093,0.6971368036331438,-0.3040425560121345,-10.416944439407901,-2.3976575344884634,0.016500284052873404,-10.427469661173678,-1.5067277796427234,0.13188044792848186,0.00014367816091954023,3.8017491435230113,False,False
Time-series momentum,JNJ,49.5,0.7610978520286397,-5.586253177819823,0.4360711295921406,0.6971368036331438,-0.26106567404100317,-4.836200721916831,-1.9568375676237704,0.05036656867149625,-6.71312410171231,-1.5049646405595967,0.13233316776721704,0.00014367816091954023,3.8017491435230113,False,False
Time-series momentum,GLD,45.5,0.5883054892601431,-2.894537622556668,0.8000351328000461,0.9492956056479085,-0.14926047284786237,-2.4565975342149904,-0.6693395865678446,0.5032788798895491,-3.552494206893181,-1.500715821590762,0.1334290790825272,0.00014367816091954023,3.8017491435230113,False,False
Buy the dip,NVDA,130.5,0.6675417661097852,-9.155250651775413,1.1793429150466257,1.3108354985960402,-0.1314925835494145,-5.036519302148206,-0.7982308943657669,0.4247365122164046,-15.343189328186657,-1.4958690969313733,0.13468777080737615,0.00014367816091954023,3.8017491435230113,False,False
Z-score mean reversion,JNJ,73.0,0.15513126491646778,-9.074227884470611,0.3892288813318469,0.6971368036331438,-0.3079079223012969,-8.850859781993249,-2.117594861672777,0.034209393724792925,-9.409813773198545,-1.4881921207469537,0.1367002345884234,0.00014367816091954023,3.8017491435230113,False,False
Turn of month,XOM,200.0,0.2863961813842482,-8.077155032103157,0.37771202392096437,0.6889250736096219,-0.3112130496886575,-2.9927747158888933,-0.627928081367618,0.5300510541952956,-15.71587456333307,-1.4782035958974653,0.13935329172339017,0.00014367816091954023,3.8017491435230113,False,False
Time-series momentum,MSFT,28.5,0.7976133651551313,-5.556206744926692,0.5329572374927222,0.758518520439947,-0.22556128294722488,-2.915765833768654,-0.9718349517333211,0.33113266471768465,-9.523177408942502,-1.4703912300095574,0.1414558252301883,0.00014367816091954023,3.8017491435230113,False,False
Trend strength gated,XOM,36.0,0.1928400954653938,-7.838722357569029,0.39725133113798594,0.6889250736096219,-0.2916737424716359,-2.1411336728108776,-0.393723011869552,0.6937855498449195,-16.398719694586205,-1.4690276520304135,0.14182528919365112,0.00014367816091954023,3.8017491435230113,False,False
MACD trend,JPM,161.0,0.5085918854415274,-10.418989662943348,0.41109721082117673,0.7018389436765345,-0.2907417328553578,-8.529703210541758,-1.4300343773051485,0.15270715271654667,-13.25743376556581,-1.4570664747080917,0.14509803154594536,0.00014367816091954023,3.8017491435230113,False,False
Bollinger reversion,KO,71.0,0.1954653937947494,-5.9766079813637845,0.24692176680388014,0.5980152216433454,-0.3510934548394653,-3.9120480454273743,-0.955027082994913,0.3395640011601446,-9.078381122869203,-1.45048043473774,0.1469245913037467,0.00014367816091954023,3.8017491435230113,False,False
Keltner breakout,MSFT,51.5,0.2909307875894988,-14.92996951269798,0.5963478773603007,0.758518520439947,-0.16217064307964635,-14.471234700229294,-2.2977315505712137,0.021577072685915466,-15.619167871932582,-1.4471384659654694,0.14785814652116236,0.00014367816091954023,3.8017491435230113,False,False
Ensemble vote,JPM,195.5,0.5704057279236276,-12.681945054101535,0.4169813718149551,0.7018389436765345,-0.28485757186157945,-11.920835403236337,-1.8300621111704813,0.06724065172693505,-13.82542819145277,-1.4462521695157835,0.14810648595616893,0.00014367816091954023,3.8017491435230113,False,False
Z-score mean reversion,IWM,85.5,0.15178997613365156,-7.4611117444483215,0.08631336372766828,0.5090921025975671,-0.4227787388698988,-4.468565382646009,-0.8685466464936608,0.38509514776906206,-11.957081935567093,-1.437807399225212,0.1504887093592906,0.00014367816091954023,3.8017491435230113,False,False
RSI mean reversion,IWM,19.0,0.13365155131264916,-10.922902416294647,0.11843716065108303,0.5090921025975671,-0.3906549419464841,-10.68927138703295,-2.046585255615898,0.04069882375310341,-11.273907218321627,-1.4361786816448692,0.15095150357165732,0.00014367816091954023,3.8017491435230113,False,False
Ensemble vote,MSFT,187.5,0.5804295942720764,-14.326508901990707,0.5237975398422063,0.758518520439947,-0.2347209805977407,-14.716608888533193,-2.9145320632868406,0.0035622221461881765,-13.740426783618934,-1.4265008960940857,0.1537238084329129,0.00014367816091954023,3.8017491435230113,False,False
Volatility-targeted trend,IWM,48.94385032839596,0.5795714014925356,-10.37839811051348,0.16122402530687976,0.5090921025975671,-0.34786807729068736,-9.864280124036961,-2.176772863776565,0.029497518686156354,-11.150803568093197,-1.4226741175756312,0.15483064701177662,0.00014367816091954023,3.8017491435230113,False,False
Adaptive channel,IWM,198.0,0.08042959427207637,-12.780927830110771,-0.14098938667501137,0.5090921025975671,-0.6500814892725785,-11.918086646952696,-1.9880202429495448,0.04680945121076574,-14.077251351999998,-1.4187782017033672,0.15596368971676977,0.00014367816091954023,3.8017491435230113,False,False
Regime-filtered trend,NVDA,69.0,0.5505966587112172,-19.54449594652826,1.3358884290286186,1.3108354985960402,0.02505293043257839,-18.707729161994273,-1.8483550686004562,0.06455099413667842,-20.8016455660641,-1.4161616555268028,0.15672817969002883,0.00014367816091954023,3.8017491435230113,False,False
Regime-filtered trend,IWM,51.5,0.5899761336515513,-12.023964628242444,0.13512308052611804,0.5090921025975671,-0.37396902207144905,-12.679471230968323,-2.659172616160226,0.007833281814834558,-11.039138400132774,-1.398796643016343,0.16187397327560893,0.00014367816091954023,3.8017491435230113,False,False
Gap fade,IWM,516.0,0.14200477326968974,-17.76035743894254,-0.20079761343488173,0.5090921025975671,-0.7098897160324489,-18.745342270284198,-2.861566808563506,0.00421552647152601,-16.2805265842088,-1.3977510631971426,0.16218783441854745,0.00014367816091954023,3.8017491435230113,False,False
Bollinger reversion,IWM,83.5,0.2171837708830549,-7.3039574880589,0.14166672981283843,0.5090921025975671,-0.36742537278472864,-4.9246070283232575,-1.0302862314800467,0.30287566044714964,-10.878668602894706,-1.392729894445517,0.16370148505132853,0.00014367816091954023,3.8017491435230113,False,False
Golden cross,SPY,7.5,0.7992840095465393,-5.083863572034524,0.62738764359372,0.8195964811093545,-0.19220883751563445,-4.557184843891046,-1.6149771211115278,0.10631564953510941,-5.8751401558343135,-1.3907916558118971,0.16428861412652918,0.00014367816091954023,3.8017491435230113,False,False
Ensemble vote,JNJ,197.5,0.537708830548926,-8.089938777899453,0.44595991910989813,0.6971368036331438,-0.25117688452324566,-8.066803534039929,-2.24777768061973,0.024590369762550246,-8.12469692503608,-1.3903494503434186,0.16442278847447112,0.00014367816091954023,3.8017491435230113,False,False
Volatility-targeted trend,MSFT,43.46554510417749,0.5084412665515136,-10.60929565718396,0.7745347978449564,0.758518520439947,0.016016277405009327,-9.19539324702246,-1.9680006748155001,0.04906796006626157,-12.733527772808914,-1.3901829084967725,0.16447334212872144,0.00014367816091954023,3.8017491435230113,False,False
Ensemble vote,KO,210.5,0.5572792362768496,-8.264020661062018,0.28719197154039344,0.5980152216433454,-0.310823250102952,-8.08609707874583,-2.453683346293465,0.01414014350695969,-8.531331180491653,-1.3823558693079612,0.16686245925047016,0.00014367816091954023,3.8017491435230113,False,False
VWAP reversion,JPM,89.0,0.22983293556085918,-11.343168624254508,0.45375261534684935,0.7018389436765345,-0.2480863283296852,-10.886981297864896,-1.7553160364850502,0.07920526494936153,-12.028539667187529,-1.3812337579615497,0.16720709827444624,0.00014367816091954023,3.8017491435230113,False,False
Stochastic reversion,XOM,78.0,0.44009546539379474,-6.590647394959438,0.4356494983239605,0.6889250736096219,-0.25327557528566136,-2.5875845754769258,-0.624519752914652,0.5322863020912003,-12.604806887790096,-1.3810640616333887,0.16725926438326577,0.00014367816091954023,3.8017491435230113,False,False
Time-series momentum,JPM,39.5,0.7195704057279236,-8.834298212479135,0.44996409398030207,0.7018389436765345,-0.2518748496962325,-6.6787752453669995,-1.1317337398356677,0.2577463921283627,-12.072733255661348,-1.3801788884027,0.16753157250210982,0.00014367816091954023,3.8017491435230113,False,False
52-week high,MSFT,154.0,0.2477326968973747,-17.84036270194153,0.7955117076980625,0.758518520439947,0.0369931872581154,-19.41875236146597,-2.979794894576748,0.002884414449225714,-15.469006672249785,-1.3770552393463007,0.16849517000165992,0.00014367816091954023,3.8017491435230113,False,False
Volatility breakout,MSFT,127.5,0.4847255369928401,-15.603164304504505,0.5652515063355363,0.758518520439947,-0.19326701410441072,-17.169380444653836,-3.0899249229798307,0.0020020709571619832,-13.25009764233272,-1.3662255631160065,0.1718681763030545,0.00014367816091954023,3.8017491435230113,False,False
Keltner breakout,JPM,63.0,0.32673031026252985,-12.959785176057842,0.5209430216672225,0.7018389436765345,-0.18089592200931204,-11.8320264773395,-1.644269531351313,0.10012054003592752,-14.654117988051055,-1.3613019583731674,0.17341828437424822,0.00014367816091954023,3.8017491435230113,False,False
MACD trend,XOM,164.0,0.5274463007159904,-6.664377556350642,0.44922761324072313,0.6889250736096219,-0.23969746036889872,-3.2182346189547344,-0.7203782776799494,0.47129212075721827,-11.841826473644977,-1.348576845114236,0.17747292216126098,0.00014367816091954023,3.8017491435230113,False,False
Keltner breakout,IWM,59.0,0.27422434367541765,-11.42690440573514,0.09310311002327598,0.5090921025975671,-0.4159889925742911,-10.923369939482495,-1.9541596477977468,0.050682339800725895,-12.183409293802882,-1.3331600219436666,0.18247929564833854,0.00014367816091954023,3.8017491435230113,False,False
Absolute momentum with trend filter,JPM,57.5,0.6484486873508353,-9.04174346028839,0.48736521787564596,0.7018389436765345,-0.21447372580088858,-6.645942634064267,-1.050027231244539,0.2937055929772061,-12.641169432781624,-1.3325268299185251,0.18268713108459123,0.00014367816091954023,3.8017491435230113,False,False
Volatility breakout,QQQ,134.0,0.5525059665871122,-11.799243708687303,0.8128038102040387,0.8819074032771961,-0.06910359307315739,-12.553018962277163,-2.7045454354523892,0.006839791513592708,-10.66677969269059,-1.327893919409127,0.1842131537802696,0.00014367816091954023,3.8017491435230113,False,False
Regime-filtered trend,XOM,71.5,0.4405727923627685,-8.81600649319654,0.46570219519787304,0.6889250736096219,-0.22322287841174882,-5.872659276368291,-1.2007105050999922,0.22986351770258961,-13.238060406173267,-1.3221380343895826,0.1861221906038999,0.00014367816091954023,3.8017491435230113,False,False
Regime-filtered trend,SPY,39.5,0.6789976133651552,-6.945760411088392,0.6999153712530095,0.8195964811093545,-0.11968110985634495,-6.005562188711204,-1.656578340362091,0.09760475440824745,-8.358304335388649,-1.3094647840461942,0.1903769591601976,0.00014367816091954023,3.8017491435230113,False,False
Price vs moving average,KO,73.5,0.7212410501193317,-6.4274458268058225,0.35022122976121195,0.5980152216433454,-0.24779399188213347,-6.188007638390245,-2.3695178259108163,0.017811296468756233,-6.787175243690638,-1.3076842718665707,0.19098042017328476,0.00014367816091954023,3.8017491435230113,False,False
ADX trend,IWM,50.0,0.13866348448687352,-11.211309322590678,0.08749531477218193,0.5090921025975671,-0.4215967878253852,-10.358251163227322,-1.7568589696855348,0.07894185073460869,-12.492934932386879,-1.3045520574675753,0.19204542234254363,0.00014367816091954023,3.8017491435230113,False,False
Gap fade,XOM,606.5,0.17684964200477327,-12.434403093247216,0.14760476196966965,0.6889250736096219,-0.5413203116399522,-7.863318661848708,-1.2708262028651005,0.2037904847259524,-19.30195228378918,-1.3002294297907144,0.19352234677698377,0.00014367816091954023,3.8017491435230113,False,False
Gap fade,MSFT,600.0,0.16801909307875895,-23.341731042913196,0.28624692797226914,0.758518520439947,-0.4722715924676779,-27.07076946029489,-3.5905672197879306,0.0003299591186036732,-17.73926293077761,-1.2993915519033283,0.1938095894422902,0.00014367816091954023,3.8017491435230113,False,False
Turn of month,JPM,200.0,0.2863961813842482,-10.726969887677749,0.5179095869523421,0.7018389436765345,-0.18392935672419242,-8.87626293402694,-1.3268911691781542,0.18454468597755058,-13.507452556991833,-1.2938101985279036,0.1957309890908423,0.00014367816091954023,3.8017491435230113,False,False
Absolute momentum with trend filter,NVDA,31.5,0.6821002386634845,-9.313430833162286,1.231963680046686,1.3108354985960402,-0.07887181854935421,-6.073098474972558,-0.6691257112256223,0.5034152899922575,-14.18167210009608,-1.2923910099807177,0.19622176845125905,0.00014367816091954023,3.8017491435230113,False,False
Donchian breakout,AAPL,62.0,0.49689737470167067,-10.77186965156193,0.8017835920418316,0.87676848310913,-0.07498489106729844,-9.400167920577363,-1.4117160952666252,0.15803357224285097,-12.832699910478409,-1.2881758163894237,0.1976847682959919,0.00014367816091954023,3.8017491435230113,False,False
Turtle breakout,AAPL,62.0,0.49689737470167067,-10.77186965156193,0.8017835920418316,0.87676848310913,-0.07498489106729844,-9.400167920577363,-1.4117160952666252,0.15803357224285097,-12.832699910478409,-1.2881758163894237,0.1976847682959919,0.00014367816091954023,3.8017491435230113,False,False
Regime-filtered trend,GLD,63.5,0.40310262529832935,-4.690268142237999,0.8769095766520272,0.9492956056479085,-0.07238602899588131,-3.296042510918757,-0.7893827140633288,0.4298883558716675,-6.784938072206871,-1.2710217108307198,0.2037209249881753,0.00014367816091954023,3.8017491435230113,False,False
Volatility-targeted trend,QQQ,34.085599765284904,0.6837729113989599,-8.597841702725967,0.9685036532030271,0.8819074032771961,0.08659624992583104,-8.473391798942687,-2.396835224623283,0.016537358610937858,-8.78481392973609,-1.2635835848248484,0.2063795284751726,0.00014367816091954023,3.8017491435230113,False,False
Turn of month,IWM,200.0,0.2863961813842482,-10.66750626380177,0.17242875540002775,0.5090921025975671,-0.3366633471975393,-10.531237743695202,-2.0935272349269782,0.03630211548094331,-10.872234655718154,-1.2557737343197708,0.20919801711546238,0.00014367816091954023,3.8017491435230113,False,False
Bollinger reversion,JPM,76.0,0.2100238663484487,-10.689704583312956,0.5080437474020449,0.7018389436765345,-0.1937951962744896,-10.262140610671104,-1.6198233957515145,0.10527021907401002,-11.332072200513823,-1.2432932052359926,0.21375980716385445,0.00014367816091954023,3.8017491435230113,False,False
Sell in May,GLD,16.5,0.4909307875894988,-3.46802863505771,0.8367927617142155,0.9492956056479085,-0.11250284393369303,-1.965135463473184,-0.5601193241964043,0.5753980503881597,-5.72595953501893,-1.2361396502808915,0.21640665863935427,0.00014367816091954023,3.8017491435230113,False,False
SMA crossover,XOM,47.5,0.5649164677804296,-7.909280348559247,0.49662897974790826,0.6889250736096219,-0.1922960938617136,-5.983157949230318,-1.3847542394790713,0.16612762772016,-10.803066390561792,-1.2281053541754519,0.21940742137760294,0.00014367816091954023,3.8017491435230113,False,False
SMA crossover,SPY,40.5,0.7164677804295942,-6.84806936420284,0.7205957426295285,0.8195964811093545,-0.09900073847982593,-6.51836628690044,-2.050584602183389,0.040307417143866875,-7.343411801129683,-1.2113601350999652,0.2257574108231577,0.00014367816091954023,3.8017491435230113,False,False
Ensemble vote,XOM,208.5,0.4770883054892601,-8.049856200625257,0.5051377572469115,0.6889250736096219,-0.1837873163627104,-5.752269285344385,-1.1778109348347132,0.238871988322078,-11.501726625912832,-1.2097709856075536,0.22636678253759346,0.00014367816091954023,3.8017491435230113,False,False
Time-series momentum,NVDA,19.5,0.7575178997613365,-7.886755240814071,1.2251030896871726,1.3108354985960402,-0.08573240890886757,-6.9831563259282845,-0.9133028917439417,0.36108326191211293,-9.24431275033483,-1.2041626822426674,0.22852670650362117,0.00014367816091954023,3.8017491435230113,False,False
Ensemble vote,QQQ,221.5,0.6460620525059666,-10.713072887453407,0.8626948472556007,0.8819074032771961,-0.01921255602159533,-11.612389480132371,-2.6369509584973243,0.008365492476272829,-9.361949093792955,-1.1946233665856956,0.232234215588504,0.00014367816091954023,3.8017491435230113,False,False
Bollinger reversion,MSFT,69.0,0.17446300715990454,-11.181450038284376,0.6359118794485257,0.758518520439947,-0.12260664099142138,-11.099387939176019,-1.7666460224841098,0.07728752835924046,-11.304739273205238,-1.1859618973495676,0.2356373471025579,0.00014367816091954023,3.8017491435230113,False,False
SMA crossover,JNJ,52.5,0.594272076372315,-8.719715536142512,0.5235717438739544,0.6971368036331438,-0.17356505975918934,-10.131547349920558,-3.1956927180928743,0.0013949558840613552,-6.598594262754346,-1.185703326952657,0.23573948023087077,0.00014367816091954023,3.8017491435230113,False,False
Faber TAA,NVDA,35.5,0.7286396181384248,-5.419122343333804,1.2467417523901045,1.3108354985960402,-0.06409374620593566,-1.0147661480759773,-0.11858602137457341,0.9056033405254491,-12.036180784835258,-1.1806899997522138,0.2377258956164685,0.00014367816091954023,3.8017491435230113,False,False
Volatility breakout,AAPL,114.5,0.5073985680190931,-11.476775381377378,0.8746318866935884,0.87676848310913,-0.0021365964155416473,-11.381231212428567,-1.7281344581704767,0.08396412096038808,-11.620319936279571,-1.1683768530714196,0.2426547874739058,0.00014367816091954023,3.8017491435230113,False,False
Stochastic reversion,KO,80.0,0.4054892601431981,-4.04436106587758,0.400207325500738,0.5980152216433454,-0.1978078961426074,-2.937711912704436,-0.7818841472363973,0.43428266234389024,-5.706979118583947,-1.1513978539414327,0.24956859632223494,0.00014367816091954023,3.8017491435230113,False,False
Volatility-targeted trend,SPY,26.216928267628766,0.7447638716502204,-6.703859745979628,0.8335607391298211,0.8195964811093545,0.013964258020466636,-6.696808205886382,-2.0729647263589066,0.0381755624311797,-6.7144539056776615,-1.1443146727769629,0.2524931603942666,0.00014367816091954023,3.8017491435230113,False,False
Buy the dip,JPM,104.5,0.45584725536992843,-7.645936843950352,0.5468921547498151,0.7018389436765345,-0.15494678892671943,-7.49932526559903,-1.5980901822853457,0.110022908267704,-7.866204537829426,-1.1418783139721829,0.2535046039345179,0.00014367816091954023,3.8017491435230113,False,False
Ensemble vote,AAPL,187.5,0.5847255369928401,-11.79698365420912,0.8427861101594141,0.87676848310913,-0.033982372949715955,-12.406003045493307,-1.9526663752073776,0.05085914049410878,-10.88199932381502,-1.1338464865824016,0.25685894749422333,0.00014367816091954023,3.8017491435230113,False,False
Absolute momentum with trend filter,AAPL,44.5,0.6749403341288783,-10.663043904176613,0.762723499682213,0.87676848310913,-0.11404498342691705,-12.455732869453968,-2.168786609633831,0.03009888830648033,-7.969726850608781,-1.1280620508593018,0.25929371451337957,0.00014367816091954023,3.8017491435230113,False,False
Walk-forward logistic,QQQ,487.5,0.5014319809069212,-11.628062419552204,0.8611043581393522,0.8819074032771961,-0.020803045137843923,-14.057535339144383,-3.0790747241355967,0.0020764459312678785,-7.9780478480024275,-1.1025710453296675,0.27021349005625783,0.00014367816091954023,3.8017491435230113,False,False
Faber TAA,AAPL,35.5,0.7400954653937948,-7.98304288773065,0.7644828981802104,0.87676848310913,-0.1122855849289196,-8.313083967072812,-1.5628129103015826,0.11809660665537636,-7.487192640092935,-1.1009661482351045,0.27091139057398195,0.00014367816091954023,3.8017491435230113,False,False
Volatility breakout,JNJ,115.5,0.4618138424821002,-7.6301443630118175,0.6008014415308389,0.6971368036331438,-0.09633536210230487,-8.206874727046118,-2.168723457753267,0.03010368536095065,-6.763670727679518,-1.0935948521348986,0.2741327079973934,0.00014367816091954023,3.8017491435230113,False,False
Time-series momentum,SPY,33.5,0.841527446300716,-4.832425655161908,0.718706140626045,0.8195964811093545,-0.10089034048330947,-4.481638574402905,-1.85289993913247,0.06389670184834939,-5.359444477210232,-1.0909167734682021,0.27530950571021107,0.00014367816091954023,3.8017491435230113,False,False
Price vs moving average,AAPL,36.5,0.7384248210023866,-6.981420149343476,0.7708656586217394,0.87676848310913,-0.10590282448739063,-6.5988992134388775,-1.2316493693586146,0.21808009049575916,-7.556115581721053,-1.0887997747490932,0.276242190986681,0.00014367816091954023,3.8017491435230113,False,False
Stochastic reversion,IWM,79.0,0.4326968973747017,-5.905487191502817,0.3019658241897017,0.5090921025975671,-0.2071262784078654,-4.713126923838927,-1.0822921015870994,0.27912275449428203,-7.696876721475747,-1.0845178054151179,0.2781352767013374,0.00014367816091954023,3.8017491435230113,False,False
Sell in May,JNJ,16.5,0.4909307875894988,-5.961062441850295,0.5596492515545802,0.6971368036331438,-0.13748755207856356,-6.5936671340782596,-1.9357955985086228,0.052892740219536716,-5.0106438032879685,-1.0679364775595577,0.28554916667716723,0.00014367816091954023,3.8017491435230113,False,False
Volatility-targeted trend,JPM,47.04810899298583,0.5167246310380111,-9.726883986624932,0.8173140665708634,0.7018389436765345,0.11547512289432882,-9.524287771343614,-1.5499801791778922,0.12114627343130513,-10.031262410419743,-1.0532433571657522,0.2922294718280869,0.00014367816091954023,3.8017491435230113,False,False
Turtle breakout,IWM,77.0,0.47541766109785205,-9.193220367971293,0.3124871306533853,0.5090921025975671,-0.1966049719441818,-9.692955557956335,-1.9011182360931544,0.057286527501370976,-8.442423472623398,-1.0343264172883215,0.3009835909512737,0.00014367816091954023,3.8017491435230113,False,False
Donchian breakout,IWM,77.0,0.47541766109785205,-9.193220367971293,0.3124871306533853,0.5090921025975671,-0.1966049719441818,-9.692955557956335,-1.9011182360931544,0.057286527501370976,-8.442423472623398,-1.0343264172883215,0.3009835909512737,0.00014367816091954023,3.8017491435230113,False,False
MACD trend,AAPL,155.5,0.5090692124105012,-9.410598878366986,0.9209777874841533,0.87676848310913,0.04420930437502324,-9.202994371942964,-1.4808136642706553,0.13865623430395546,-9.722501706118727,-1.0132838906340274,0.31092457990578626,0.00014367816091954023,3.8017491435230113,False,False
Buy the dip,AAPL,111.0,0.5066825775656325,-12.759406133741766,0.7892908372590803,0.87676848310913,-0.08747764585004969,-16.743837502504324,-3.390576479847806,0.0006974579121084012,-6.773238336586545,-1.0040874224619185,0.3153364773129246,0.00014367816091954023,3.8017491435230113,False,False
Turtle breakout,QQQ,76.0,0.5379474940334129,-11.029712852615111,1.029420878676091,0.8819074032771961,0.14751347539889492,-12.960985978635605,-2.8395263996237237,0.004518055645048369,-8.128188412984557,-0.9969969928976654,0.31876596957270165,0.00014367816091954023,3.8017491435230113,False,False
Donchian breakout,QQQ,76.0,0.5379474940334129,-11.029712852615111,1.029420878676091,0.8819074032771961,0.14751347539889492,-12.960985978635605,-2.8395263996237237,0.004518055645048369,-8.128188412984557,-0.9969969928976654,0.31876596957270165,0.00014367816091954023,3.8017491435230113,False,False
Absolute momentum with trend filter,MSFT,59.5,0.7023866348448687,-7.655593087641287,0.7014354353078891,0.758518520439947,-0.057083085132057954,-7.338202372108328,-1.8147955992028781,0.06955532696545341,-8.132437561694681,-0.9889100993176204,0.32270712884413877,0.00014367816091954023,3.8017491435230113,False,False
VWAP reversion,IWM,72.0,0.18090692124105012,-6.432713792656368,0.32563588552521794,0.5090921025975671,-0.18345621707234916,-5.609064003336915,-1.1479536525944367,0.2509876974826115,-7.670156576490552,-0.9859670272945877,0.32414929336112275,0.00014367816091954023,3.8017491435230113,False,False
Volatility breakout,SPY,130.0,0.5732696897374702,-8.456188400818796,0.9642120391910892,0.8195964811093545,0.14461555808173476,-9.69175417362986,-2.4626227676141,0.01379249450750386,-6.599887374164183,-0.981116609448516,0.3265352406132167,0.00014367816091954023,3.8017491435230113,False,False
Turtle breakout,XOM,64.5,0.4503579952267303,-4.8195387313235205,0.6052920340446513,0.6889250736096219,-0.08363303956497059,-1.9839336351273342,-0.40967051272956645,0.682047663644195,-9.079722015035236,-0.9759721763584629,0.32907825263222135,0.00014367816091954023,3.8017491435230113,False,False
Donchian breakout,XOM,64.5,0.4503579952267303,-4.8195387313235205,0.6052920340446513,0.6889250736096219,-0.08363303956497059,-1.9839336351273342,-0.40967051272956645,0.682047663644195,-9.079722015035236,-0.9759721763584629,0.32907825263222135,0.00014367816091954023,3.8017491435230113,False,False
Donchian breakout,MSFT,69.5,0.5073985680190931,-14.058899701848496,0.7602360377977416,0.758518520439947,0.0017175173577945735,-17.20732440065937,-3.192247489303917,0.0014117031711373684,-9.328739536072302,-0.9719518741462227,0.3310744911655079,0.00014367816091954023,3.8017491435230113,False,False
Turtle breakout,MSFT,69.5,0.5073985680190931,-14.058899701848496,0.7602360377977416,0.758518520439947,0.0017175173577945735,-17.20732440065937,-3.192247489303917,0.0014117031711373684,-9.328739536072302,-0.9719518741462227,0.3310744911655079,0.00014367816091954023,3.8017491435230113,False,False
Trend strength gated,IWM,43.0,0.14534606205250597,-11.179823497291409,0.4471758936186121,0.5090921025975671,-0.061916208978955,-12.530410734313534,-2.1521257859393916,0.031387448738390944,-9.150715432111802,-0.9664703360032953,0.3338088835079962,0.00014367816091954023,3.8017491435230113,False,False
Donchian breakout,SPY,72.0,0.5632458233890215,-6.230765674724312,0.9433984607363896,0.8195964811093545,0.1238019796270351,-6.23944681897341,-1.5774991507944771,0.1146807173492701,-6.217723214875756,-0.9467121297293892,0.34378548783747487,0.00014367816091954023,3.8017491435230113,False,False
Turtle breakout,SPY,72.0,0.5632458233890215,-6.230765674724312,0.9433984607363896,0.8195964811093545,0.1238019796270351,-6.23944681897341,-1.5774991507944771,0.1146807173492701,-6.217723214875756,-0.9467121297293892,0.34378548783747487,0.00014367816091954023,3.8017491435230113,False,False
Absolute momentum with trend filter,XOM,73.5,0.5391408114558472,-7.257180541770827,0.6203489744476929,0.6889250736096219,-0.06857609916192897,-6.498136447206027,-1.377548292579821,0.16834279482820635,-8.397560409053074,-0.9279746474485474,0.3534207207504161,0.00014367816091954023,3.8017491435230113,False,False
Buy the dip,JNJ,78.0,0.26539379474940333,-7.998066463810797,0.6195158535421641,0.6971368036331438,-0.07762095009097969,-10.04338668300851,-2.5656165809969567,0.01029926046937879,-4.925198870452224,-0.9273369127897737,0.3537516346843683,0.00014367816091954023,3.8017491435230113,False,False
Absolute momentum with trend filter,KO,82.5,0.6482100238663484,-7.391006764845693,0.48897481915304297,0.5980152216433454,-0.10904040249030245,-8.830427892942518,-3.224273527730429,0.00126292706314457,-5.228435595691865,-0.9251731795694047,0.354875832228406,0.00014367816091954023,3.8017491435230113,False,False
Day of week,SPY,784.0,0.18711217183770884,-12.028770372395291,1.3182361114139305,0.8195964811093545,0.49863963030457603,-15.669597669224306,-3.688861462567288,0.00022525982811449907,-6.558829720349308,-0.9026800674646099,0.3666957182777668,0.00014367816091954023,3.8017491435230113,False,False
SMA crossover,TLT,40.0,0.5348448687350835,0.6830157665684637,0.07856093804938419,-0.18910665191371395,0.26766758996309814,-1.55334763590403,-0.5782725478982413,0.5630801253993465,4.042904629900795,0.8926756406195746,0.37203089896415875,0.00014367816091954023,3.8017491435230113,False,False
Day of week,QQQ,784.0,0.18711217183770884,-13.625528545914056,1.4472112060287239,0.8819074032771961,0.5653038027515278,-17.44620611564015,-3.4596777858863583,0.0005408221235976285,-7.885382734766437,-0.891113268371909,0.3728684074402442,0.00014367816091954023,3.8017491435230113,False,False
MACD trend,JNJ,165.0,0.5069212410501194,-6.91705710964733,0.673724073427251,0.6971368036331438,-0.02341273020589274,-8.00352121440318,-2.2572513373176974,0.02399237420702116,-5.2847648614627625,-0.890847812428194,0.37301082088001447,0.00014367816091954023,3.8017491435230113,False,False
SMA crossover,IWM,45.5,0.662291169451074,-7.794558320002139,0.378189327089099,0.5090921025975671,-0.13090277550846807,-8.613158371167499,-2.068317341327789,0.03861019214756123,-6.56470220967903,-0.8825676699248792,0.37746990284054394,0.00014367816091954023,3.8017491435230113,False,False
Sell in May,XOM,16.5,0.4909307875894988,-3.055634501372583,0.6129428158802909,0.6889250736096219,-0.07598225772933098,-0.3143886956780308,-0.07512683234740129,0.9401137990209445,-7.174053379103645,-0.8779961994226255,0.3799457812232385,0.00014367816091954023,3.8017491435230113,False,False
MACD trend,KO,178.0,0.5221957040572792,-7.246595007925623,0.5153368876007525,0.5980152216433454,-0.08267833404259295,-8.545182280412881,-2.4896440586951467,0.012787108537645864,-5.295611142749124,-0.8741144595874416,0.38205592375425135,0.00014367816091954023,3.8017491435230113,False,False
Walk-forward logistic,TLT,534.0,0.33723150357995224,-3.867488512890655,0.16517016952061464,-0.18910665191371395,0.3542768214343286,-9.497919606681283,-2.586387939280464,0.009698770194221051,4.591611965534331,0.8625769462812859,0.3883701101219468,0.00014367816091954023,3.8017491435230113,False,False
Golden cross,MSFT,10.5,0.7489260143198091,-4.991341672394717,0.7078335947655368,0.758518520439947,-0.0506849256744103,-4.090753366601458,-1.1629486062355168,0.24485035486066797,-6.344376074467625,-0.8518772645016848,0.39428221680222153,0.00014367816091954023,3.8017491435230113,False,False
Price vs moving average,NVDA,33.5,0.7305489260143198,-4.106574631967605,1.324530795428297,1.3108354985960402,0.013695296832256787,-1.0673007815266196,-0.12477575443753719,0.9007010825159556,-8.672747710736466,-0.8418618607593056,0.39986528074481775,0.00014367816091954023,3.8017491435230113,False,False
Sell in May,TLT,16.5,0.4909307875894988,-1.9223224058558526,0.021667524491033242,-0.18910665191371395,0.2107741764047472,-5.465810786053223,-1.645950244157047,0.09977400329468433,3.4013772812387626,0.8396154768924726,0.40112401868488234,0.00014367816091954023,3.8017491435230113,False,False
Buy the dip,KO,75.5,0.2575178997613365,-4.630351216107069,0.5108905256058226,0.5980152216433454,-0.08712469603752282,-4.736467130107821,-1.2109827186024562,0.22590202796988224,-4.47092378258742,-0.8366642924632977,0.40278129569047105,0.00014367816091954023,3.8017491435230113,False,False
Faber TAA,SPY,40.5,0.807398568019093,-4.757144761365019,0.8849033092030173,0.8195964811093545,0.06530682809366284,-4.588618208961648,-1.4377915696889851,0.1504932020533949,-5.010337281851565,-0.8347753954002805,0.403844181709585,0.00014367816091954023,3.8017491435230113,False,False
Walk-forward logistic,IWM,452.5,0.3348448687350835,-8.58826111414645,0.4415285959425435,0.5090921025975671,-0.06756350665502359,-9.72463115877954,-1.9294888495177411,0.05367020302523118,-6.880990706588374,-0.8324675853875044,0.4051450672447525,0.00014367816091954023,3.8017491435230113,False,False
Volatility-targeted trend,TLT,33.351126175743325,0.5067752595279791,0.5927204553518465,0.10454356339538019,-0.18910665191371395,0.29365021530909413,-1.7304861717666713,-0.639758694830276,0.5223294899082185,4.083081666345318,0.8317196919446335,0.4055671828574292,0.00014367816091954023,3.8017491435230113,False,False
Volatility-targeted trend,GLD,36.48547149306984,0.5261848779641163,-2.9514187201717546,1.118966019509557,0.9492956056479085,0.1696704138616485,-2.673518953889574,-0.7565825666298258,0.44929998902480484,-3.36893240726834,-0.8118176497390233,0.416896272972638,0.00014367816091954023,3.8017491435230113,False,False
Day of week,MSFT,784.0,0.18711217183770884,-16.130879715614057,1.2663395269733537,0.758518520439947,0.5078210065334067,-21.027307889600042,-3.185783159057977,0.0014436275496070294,-8.774537506788043,-0.8113753535061776,0.4171501484934872,0.00014367816091954023,3.8017491435230113,False,False
Price vs moving average,SPY,39.5,0.8085918854415275,-4.68906319722609,0.9194017234668442,0.8195964811093545,0.09980524235748978,-4.566394933982665,-1.4315738786668932,0.15226580970532466,-4.87335870622084,-0.7943644676029146,0.4269832834638798,0.00014367816091954023,3.8017491435230113,False,False
Day of week,JPM,784.0,0.18711217183770884,-13.454939671092076,1.0790528098498475,0.7018389436765345,0.377213866173313,-16.56163266552351,-2.2682934083946376,0.023311329418463478,-8.787476779219281,-0.7930227631886055,0.42776456055549494,0.00014367816091954023,3.8017491435230113,False,False
VWAP reversion,KO,53.0,0.13723150357995226,-4.314580882409592,0.5786820174321469,0.5980152216433454,-0.01933320421119855,-3.9479046090121255,-0.9259015045648602,0.35449716934130526,-4.865471460423108,-0.7821686550147653,0.4341154630305719,0.00014367816091954023,3.8017491435230113,False,False
Gap fade,TLT,387.0,0.10405727923627685,-3.056249919239447,0.32201084187816287,-0.18910665191371395,0.5111174937918768,-9.021042768548329,-1.949118119664689,0.051281320257973384,5.905192145283754,0.7810471978559865,0.4347747357617062,0.00014367816091954023,3.8017491435230113,False,False
Golden cross,JPM,8.5,0.7346062052505966,-5.998357007035922,0.6484255070870037,0.7018389436765345,-0.053413436589530794,-6.312868412707223,-1.1296192243442493,0.25863670685781814,-5.525838377846362,-0.7802965041042396,0.4352163700555183,0.00014367816091954023,3.8017491435230113,False,False
Golden cross,TLT,14.0,0.5288782816229117,-0.7799954151854012,0.05015776444354108,-0.18910665191371395,0.23926441635725504,-3.748291988248719,-1.4412257646201794,0.149520911796853,3.6795421482878643,0.7736203877095461,0.4391553119731815,0.00014367816091954023,3.8017491435230113,False,False
Stochastic reversion,JPM,79.5,0.4090692124105012,-6.765804206002686,0.6754498130035159,0.7018389436765345,-0.026389130673018624,-7.156477303068383,-1.2272002258237786,0.21974734458685719,-6.178861052406373,-0.770541627199226,0.4409786721157496,0.00014367816091954023,3.8017491435230113,False,False
SMA crossover,JPM,42.5,0.641527446300716,-7.716466519564421,0.7529770044067989,0.7018389436765345,0.05113806073026439,-8.510957828869914,-1.4488040245821463,0.14739231954835041,-6.522831129538548,-0.7201030061310236,0.4714615767758086,0.00014367816091954023,3.8017491435230113,False,False
Time-series momentum,QQQ,23.5,0.856563245823389,-4.046005541635591,0.8671821326158671,0.8819074032771961,-0.014725270661329004,-4.335015957341884,-1.8121401339340675,0.06996454644178662,-3.6117993316586925,-0.7029967713182199,0.4820577615758024,0.00014367816091954023,3.8017491435230113,False,False
Turtle breakout,KO,64.5,0.48782816229116943,-7.306927952294961,0.6379247213336359,0.5980152216433454,0.03990949969029045,-9.259130351875426,-2.576981326133496,0.009966733488453894,-4.37395959211284,-0.6915541513560585,0.48921736281919714,0.00014367816091954023,3.8017491435230113,False,False
Donchian breakout,KO,64.5,0.48782816229116943,-7.306927952294961,0.6379247213336359,0.5980152216433454,0.03990949969029045,-9.259130351875426,-2.576981326133496,0.009966733488453894,-4.37395959211284,-0.6915541513560585,0.48921736281919714,0.00014367816091954023,3.8017491435230113,False,False
Bollinger reversion,TLT,73.0,0.24033412887828162,-2.0179465826329315,0.05584112638102024,-0.18910665191371395,0.2449477782947342,-5.7761743086587805,-1.4724084982370993,0.1409105996719635,3.628375239920839,0.675052439250207,0.4996424490752416,0.00014367816091954023,3.8017491435230113,False,False
Trend strength gated,TLT,36.0,0.15083532219570406,-2.4011703124348545,0.09043383010508438,-0.18910665191371395,0.27954048201879833,-6.530348838839303,-1.7720031018345195,0.07639404232860514,3.8024640925276243,0.6663027516899757,0.5052176071218362,0.00014367816091954023,3.8017491435230113,False,False
Day of week,AAPL,784.0,0.18711217183770884,-11.723555824336334,1.6432770067141738,0.87676848310913,0.7665085236050437,-14.507133178900897,-1.9385264300915241,0.052559029484182895,-7.541538472645845,-0.6623084621371612,0.5077735547219804,0.00014367816091954023,3.8017491435230113,False,False
Absolute momentum with trend filter,SPY,45.5,0.7718377088305489,-5.152605319036076,1.012753743759816,0.8195964811093545,0.19315726265046151,-5.836603948022291,-1.787969521587922,0.07378092524048396,-4.124972970230621,-0.6595884767299589,0.5095179510455605,0.00014367816091954023,3.8017491435230113,False,False
MACD trend,IWM,165.0,0.49856801909307874,-4.733874028710998,0.480608314510254,0.5090921025975671,-0.02848378808731311,-4.503164627393264,-0.9358257856826594,0.34936289288512334,-5.080489407632205,-0.6564413890898938,0.5115401672761697,0.00014367816091954023,3.8017491435230113,False,False
Price vs moving average,MSFT,64.5,0.7451073985680191,-5.983922713837886,0.8169509081984916,0.758518520439947,0.058432387758544535,-6.5385030781599145,-1.7156656253166864,0.0862232597139676,-5.150727005193983,-0.6464276804384899,0.5180024187673498,0.00014367816091954023,3.8017491435230113,False,False
VWAP reversion,TLT,40.0,0.13961813842482101,-2.5340320621009784,0.03756736256888041,-0.18910665191371395,0.22667401448259436,-6.527010143532021,-1.620361175588817,0.10515471469855742,3.464976226309459,0.6431615378908877,0.5201192874984426,0.00014367816091954023,3.8017491435230113,False,False
Sell in May,KO,16.5,0.4909307875894988,-4.610081688949373,0.5693642229938302,0.5980152216433454,-0.028650998649515258,-5.590577066601245,-1.7036264768935359,0.088450891759567,-3.1369957422382284,-0.6344747291416368,0.5257710538320062,0.00014367816091954023,3.8017491435230113,False,False
Absolute momentum with trend filter,QQQ,45.5,0.7789976133651552,-7.095071685360923,1.0052162944560543,0.8819074032771961,0.12330889117885824,-8.999492614403607,-2.569682288143705,0.01017918221420766,-4.233889704152828,-0.6289982638222236,0.5293501928512723,0.00014367816091954023,3.8017491435230113,False,False
Time-series momentum,IWM,60.5,0.6954653937947494,-7.26781936585631,0.5068941844869049,0.5090921025975671,-0.002197918110662167,-8.901179783716662,-2.2545867652152967,0.024159278947918583,-4.813875846788934,-0.6232924224214328,0.5330923764259394,0.00014367816091954023,3.8017491435230113,False,False
Faber TAA,MSFT,56.5,0.7551312649164678,-5.643701666294461,0.809734060772017,0.758518520439947,0.051215540332069986,-6.185236883771969,-1.6454247782401992,0.09988224322114414,-4.830104849116483,-0.6232210021300505,0.5331393021590101,0.00014367816091954023,3.8017491435230113,False,False
Day of week,IWM,784.0,0.18711217183770884,-11.513056951169698,0.7073172105099526,0.5090921025975671,0.19822510791238546,-15.360522449110354,-2.796419152889798,0.005167233722529696,-5.732665238313822,-0.6170065863986781,0.5372303814034729,0.00014367816091954023,3.8017491435230113,False,False
Regime-filtered trend,MSFT,35.5,0.5622911694510739,-8.806993184123968,0.9865415098751917,0.758518520439947,0.22802298943524468,-10.733776746135389,-2.065426757475956,0.038882638994434116,-5.912213818258537,-0.6111122213749474,0.5411252894993257,0.00014367816091954023,3.8017491435230113,False,False
Faber TAA,QQQ,46.5,0.8097852028639618,-6.659540551015475,0.9998258430424392,0.8819074032771961,0.11791843976524308,-8.529215256910112,-2.4750899709599468,0.013320261510228582,-3.850560930152265,-0.5902735350012756,0.5550072792203826,0.00014367816091954023,3.8017491435230113,False,False
Golden cross,NVDA,6.5,0.7307875894988067,-3.481925087242722,1.3622491134809027,1.3108354985960402,0.05141361488486251,-2.2003062814216205,-0.2629671095272362,0.7925759299458197,-5.407415706502022,-0.5747121514127996,0.5654859879569831,0.00014367816091954023,3.8017491435230113,False,False
Day of week,TLT,784.0,0.18711217183770884,-6.855559460342785,-0.9566248049389676,-0.18910665191371395,-0.7675181530252537,-9.160742274641699,-2.305170272284662,0.02115703908710098,-3.3922770362318095,-0.570941931593864,0.5680390058499944,0.00014367816091954023,3.8017491435230113,False,False
ADX trend,TLT,52.0,0.14844868735083533,-2.76935871151474,0.01890574847986288,-0.18910665191371395,0.20801240039357682,-6.786645688993054,-1.8343568774678713,0.06660103632356518,3.2661710067397163,0.5705516529810051,0.5683035990543479,0.00014367816091954023,3.8017491435230113,False,False
Price vs moving average,IWM,63.5,0.6923627684964201,-5.84785121356572,0.5356084316803641,0.5090921025975671,0.026516329082796997,-6.8391164195216545,-1.4833208849581503,0.13798917604936878,-4.3585847900417205,-0.5651713571965995,0.571957216788805,0.00014367816091954023,3.8017491435230113,False,False
Keltner breakout,TLT,63.0,0.23078758949880668,-1.9098642713998686,0.003455561464900081,-0.18910665191371395,0.19256221337861404,-5.277534054046019,-1.4986633793939528,0.13396098152636315,3.149687403244736,0.556441107661295,0.577909343632121,0.00014367816091954023,3.8017491435230113,False,False
Z-score mean reversion,TLT,80.0,0.1863961813842482,-2.2864367864893542,-0.008726581073859969,-0.18910665191371395,0.180380070839854,-5.841444298358307,-1.4423772542472928,0.14919597697251463,3.0545691229194967,0.5425408792249027,0.5874459541036834,0.00014367816091954023,3.8017491435230113,False,False
Faber TAA,JPM,52.5,0.7272076372315036,-6.764789684090763,0.824867834383627,0.7018389436765345,0.12302889070709244,-8.228070694063348,-1.3937366179770132,0.16339715416774414,-4.566371679263375,-0.5173126851423584,0.6049379003429296,0.00014367816091954023,3.8017491435230113,False,False
Price vs moving average,JPM,60.5,0.7248210023866348,-7.452055222023721,0.8365739801797902,0.7018389436765345,0.1347350365032557,-9.397922589090491,-1.5927185246186073,0.11122334991788208,-4.528604548085293,-0.5117340699021886,0.6088371382347042,0.00014367816091954023,3.8017491435230113,False,False
Price vs moving average,QQQ,43.5,0.8093078758949881,-6.371041190195144,1.0312516582055913,0.8819074032771961,0.1493442549283952,-8.420329425505557,-2.464445191395232,0.013722554897414252,-3.292212091147536,-0.5030213315998365,0.6149492745866079,0.00014367816091954023,3.8017491435230113,False,False
Price vs moving average,TLT,93.0,0.5238663484486874,-3.226173288693953,-0.4968260133773181,-0.18910665191371395,-0.3077193614636041,-3.7825383591920216,-1.4288614698434678,0.1530440536695996,-2.390296256255097,-0.5022707171087144,0.6154771046115801,0.00014367816091954023,3.8017491435230113,False,False
Faber TAA,IWM,49.5,0.6911694510739856,-5.279238898318704,0.5718737599036116,0.5090921025975671,0.06278165730604446,-6.290182239965992,-1.3688742944123784,0.17103857224693075,-3.760408250622812,-0.48681370539151214,0.6263903569432441,0.00014367816091954023,3.8017491435230113,False,False
Day of week,XOM,784.0,0.18711217183770884,-5.125564854603508,1.193151123478257,0.6889250736096219,0.5042260498686352,-4.845928091468202,-0.91398403469709,0.36072523482142316,-5.545688187509896,-0.47984130810128833,0.631340237593726,0.00014367816091954023,3.8017491435230113,False,False
Time-series momentum,XOM,41.5,0.6431980906921241,-3.6713596047698283,0.7789267175277664,0.6889250736096219,0.09000164391814458,-3.3440266439966844,-0.8280465943101669,0.40764411278062185,-4.163141203541905,-0.47748646275282075,0.633015758268368,0.00014367816091954023,3.8017491435230113,False,False
Absolute momentum with trend filter,IWM,57.5,0.6069212410501194,-5.5810994833693,0.6092036165901048,0.5090921025975671,0.1001115139925377,-6.832173453650471,-1.3824329212534572,0.1668388135493699,-3.7014991038847436,-0.4629928320987043,0.6433695049743244,0.00014367816091954023,3.8017491435230113,False,False
Volatility breakout,TLT,130.5,0.4097852028639618,-1.9823445197372898,-0.08304108939176032,-0.18910665191371395,0.10606556252195364,-4.821568436718644,-1.5379903678543538,0.12405096992274478,2.283275642274722,0.4524649296490047,0.6509340805447841,0.00014367816091954023,3.8017491435230113,False,False
Regime-filtered trend,QQQ,45.5,0.6460620525059666,-6.940034398311612,1.2408267924566774,0.8819074032771961,0.3589193891794813,-9.270732691977907,-2.220508853262663,0.026384245382601534,-3.438417786262191,-0.44250943669917014,0.6581206031333129,0.00014367816091954023,3.8017491435230113,False,False
Faber TAA,TLT,93.0,0.5193317422434367,-3.1052014755224424,-0.4717312985042666,-0.18910665191371395,-0.28262464659055264,-3.826872744097281,-1.4418410662102743,0.14934721488256497,-2.0209701490793606,-0.42108759861748485,0.6736911169345117,0.00014367816091954023,3.8017491435230113,False,False
Regime-filtered trend,TLT,58.0,0.4073985680190931,-1.7829856808163975,-0.10449804995353712,-0.18910665191371395,0.08460860196017683,-4.467547760037344,-1.287492769594182,0.19792258814462715,2.2502721622186566,0.4055539746755143,0.6850703523038404,0.00014367816091954023,3.8017491435230113,False,False
Absolute momentum with trend filter,TLT,63.0,0.37517899761336515,-2.305041606593795,-0.10725708409818328,-0.18910665191371395,0.08184956781553067,-5.27040432086502,-1.7905497983711318,0.07336556917349135,2.150088158276056,0.4017705810533095,0.6878528748899919,0.00014367816091954023,3.8017491435230113,False,False
Regime-filtered trend,JPM,45.5,0.5723150357995227,-7.44533492990938,0.9714496882346175,0.7018389436765345,0.269610744558083,-9.887077481519253,-1.5432098211561949,0.12277987516167621,-3.776886592215932,-0.39561513309170815,0.6923889714765676,0.00014367816091954023,3.8017491435230113,False,False
Buy the dip,IWM,105.0,0.4143198090692124,-1.4744667867129433,0.723355278368857,0.5090921025975671,0.21426317577128995,-3.9444631319221295,-1.0299276775619497,0.30304395698449627,2.2364297534310857,0.38519033602906777,0.700096402741893,0.00014367816091954023,3.8017491435230113,False,False
52-week high,TLT,73.0,0.09355608591885442,-3.092665075311995,-0.2753432984353461,-0.18910665191371395,-0.08623664652163215,-6.587231561690943,-1.6522452765459226,0.09848455997825178,2.1575348728618726,0.34223651322535886,0.7321729088525297,0.00014367816091954023,3.8017491435230113,False,False
Golden cross,XOM,12.5,0.5988066825775656,-4.764897963135695,0.8467157761311777,0.6889250736096219,0.1577907025215558,-6.062768237947536,-1.391274200951017,0.16414229400692637,-2.8149913077284183,-0.31796539006171454,0.7505111902442252,0.00014367816091954023,3.8017491435230113,False,False
Golden cross,QQQ,8.5,0.8143198090692124,-3.976045720720208,0.9533890078195836,0.8819074032771961,0.0714816045423875,-5.5773159198887905,-1.9026498975866775,0.05708624361940107,-1.570314208827147,-0.3160084728092268,0.751996077060209,0.00014367816091954023,3.8017491435230113,False,False
Turn of month,TLT,200.0,0.2863961813842482,-4.329440153639269,-0.16399789141606033,-0.18910665191371395,0.02510876049765362,-8.287200325767003,-2.352302580778988,0.01865759083324736,1.6166571181058051,0.30221650677588247,0.7624870216431094,0.00014367816091954023,3.8017491435230113,False,False
Buy the dip,XOM,101.5,0.4422434367541766,-2.6776466602448346,0.7602925229653438,0.6889250736096219,0.07136744935572192,-3.059652627476545,-0.7587624572593411,0.44799466741991845,-2.1037249113871566,-0.2960889505889722,0.767162152024299,0.00014367816091954023,3.8017491435230113,False,False
MACD trend,TLT,170.5,0.5167064439140812,-3.3478965999617736,-0.1555263577462516,-0.18910665191371395,0.03358029416746236,-6.45722156141465,-2.2124168080975823,0.026937878576446028,1.3235205314922203,0.292745412898922,0.7697167552505879,0.00014367816091954023,3.8017491435230113,False,False
Buy the dip,TLT,76.0,0.25441527446300716,-2.44115423636616,-0.17224049031536545,-0.18910665191371395,0.0168661615983485,-4.911084183546623,-1.3279330424767133,0.18420022774134948,1.2696425480776055,0.2647179718539214,0.7912267317188717,0.00014367816091954023,3.8017491435230113,False,False
Price vs moving average,XOM,70.5,0.6047732696897374,-3.6553728919396615,0.8485563840874291,0.6889250736096219,0.1596313104778072,-4.59333018119683,-1.0094779134205012,0.3127454888176415,-2.246195721998336,-0.2621376981178583,0.7932152837863646,0.00014367816091954023,3.8017491435230113,False,False
RSI mean reversion,TLT,17.0,0.14534606205250597,-3.7916620346521803,-0.2463697956472064,-0.18910665191371395,-0.05726314373349245,-7.149974003799016,-1.7714803569179058,0.07648085632937507,1.2538305593766679,0.22073099776386054,0.8253018939757202,0.00014367816091954023,3.8017491435230113,False,False
Faber TAA,XOM,64.5,0.6059665871121719,-4.037783834764834,0.8718018735315395,0.6889250736096219,0.18287679992191763,-5.535079631768355,-1.2213781862745159,0.22194286247866213,-1.788262371524778,-0.20782064158730204,0.8353690148190491,0.00014367816091954023,3.8017491435230113,False,False
Donchian breakout,TLT,67.0,0.39665871121718377,-1.1386423679356887,-0.21370752934579992,-0.18910665191371395,-0.02460087743208597,-2.574945179426281,-0.8248645374050025,0.4094485015917888,1.0192438751341077,0.19925821628916612,0.8420607623056835,0.00014367816091954023,3.8017491435230113,False,False
Turtle breakout,TLT,67.0,0.39665871121718377,-1.1386423679356887,-0.21370752934579992,-0.18910665191371395,-0.02460087743208597,-2.574945179426281,-0.8248645374050025,0.4094485015917888,1.0192438751341077,0.19925821628916612,0.8420607623056835,0.00014367816091954023,3.8017491435230113,False,False
Ensemble vote,TLT,204.0,0.4422434367541766,-2.3170850567465604,-0.21666969138344497,-0.18910665191371395,-0.027563039469731015,-4.453122524036594,-1.5244953164219006,0.12738502594651946,0.8920751763683961,0.17759556568379367,0.8590406072560457,0.00014367816091954023,3.8017491435230113,False,False
Adaptive channel,TLT,126.0,0.051073985680190934,-5.109912456324149,-0.6228884667115996,-0.18910665191371395,-0.43378181479788563,-8.795040762848801,-2.148691659375772,0.031658850296347296,0.4265855669192807,0.06748963114580049,0.9461919163528256,0.00014367816091954023,3.8017491435230113,False,False
Day of week,KO,784.0,0.18711217183770884,-7.235884057035816,1.1672886834927576,0.5980152216433454,0.5692734618494122,-11.774428152393385,-2.808314045651562,0.004980163479398669,-0.41722312524113775,-0.05617488457563933,0.95520248876657,0.00014367816091954023,3.8017491435230113,False,False
Stochastic reversion,TLT,87.0,0.47517899761336513,-3.2944352173106726,-0.2533602653620311,-0.18910665191371395,-0.06425361344831715,-5.578360039889256,-1.6910843001452633,0.09082070327644343,0.13690942354066357,0.03040035368745701,0.9757477627855355,0.00014367816091954023,3.8017491435230113,False,False
Time-series momentum,TLT,55.0,0.5217183770883055,-2.5901037103797573,-0.31076094814339145,-0.18910665191371395,-0.1216542962296775,-4.277888011117324,-1.7583799176130275,0.07868288782369204,-0.05439432187618606,-0.010857530951161907,0.9913371138914304,0.00014367816091954023,3.8017491435230113,False,False
Buy and hold,SPY,0.0,1.0,0.003879842175423546,0.8195911228141542,0.8195964811093545,-5.358295200208474e-06,0.005846527602721722,1.5395269117073487,0.12367571310902692,0.0009251146666691182,1.7991135772791902,0.07200071635765082,,,,
Buy and hold,QQQ,0.0,1.0,0.004139492705054725,0.8819069925747837,0.8819074032771961,-4.10702412412256e-07,0.006400647020581816,1.575733077261503,0.11508733108127234,0.0007423582345943699,2.1006036386624305,0.035675774372671,,,,
Buy and hold,IWM,0.0,1.0,0.009732183525518513,0.5090953529367789,0.5090921025975671,3.2503392117799734e-06,0.015438925885783215,1.1720092015173145,0.24119336189428653,0.0011584338026596524,1.357359049835638,0.17466715312891523,,,,
Buy and hold,AAPL,0.0,1.0,-0.016168133463349783,0.8767695092553361,0.87676848310913,1.0261462061178506e-06,-0.027192772050349236,-0.9030165855163311,0.36651709251805764,0.00039516763957950566,2.204150427311042,0.027513766737524925,,,,
Buy and hold,MSFT,0.0,1.0,0.02004150579960493,0.758521070318224,0.758518520439947,2.5498782769695083e-06,0.03296126395248805,1.0981642426449614,0.2721327770385331,0.000630996985685556,2.065605176861562,0.03886577522627932,,,,
Buy and hold,NVDA,0.0,1.0,0.024920475346076578,1.3108362233042792,1.3108354985960402,7.247082389749693e-07,0.04123290004093658,1.1377867909764954,0.25520952191374313,0.0004128599891035191,2.6739718873505245,0.007495873491859317,,,,
Buy and hold,JPM,0.0,1.0,0.009501268278294875,0.7018334082217181,0.7018389436765345,-5.535454816407714e-06,0.015020363832134724,1.2562461755583438,0.20902672994186866,0.0012094371445390702,1.482873238878006,0.13810809273537972,,,,
Buy and hold,XOM,0.0,1.0,-0.002640230796813314,0.6889114773236638,0.6889250736096219,-1.3596285958095145e-05,-0.006957763584163657,-0.8283346950679242,0.4074809792541012,0.003846385069486633,1.409604815984514,0.15865640417357563,,,,
Buy and hold,JNJ,0.0,1.0,0.009310728510973998,0.6971348795317721,0.6971368036331438,-1.924101371675313e-06,0.014876153430580245,1.1572809446502519,0.2471575961827832,0.000949292625185641,1.6861074976130257,0.09177509615126733,,,,
Buy and hold,TLT,0.0,1.0,-0.016806767582660413,-0.18909696232293918,-0.18910665191371395,9.689590774769608e-06,-0.02781144747630096,-0.94602186498011,0.3441374341409613,-0.00027345221079304213,-0.30207170469380434,0.7625974018657544,,,,
Buy and hold,GLD,0.0,1.0,-0.004315098938672011,0.9493088985577961,0.9492956056479085,1.3292909887607784e-05,-0.008704745135020998,-0.8838828358504278,0.37675946367373747,0.002279859355125902,2.5518550710487036,0.01071510802663056,,,,
Buy and hold,KO,0.0,1.0,0.01994711066174113,0.598014363932891,0.5980152216433454,-8.577104544382763e-07,0.03251764260021912,1.0630072372145924,0.287778669325085,0.0010612756406705537,1.47296470114764,0.14076055412016464,,,,
